ISO-10303-21;
HEADER;
/* Generated by software containing ST-Developer
 * from STEP Tools, Inc. (www.steptools.com) 
 */
/* OPTION: strings as raw bytes, not using required /X/ escapes */

FILE_DESCRIPTION(
/* description */ ('Unknown'),
/* implementation_level */ '2;1');

FILE_NAME(
/* name */ 'Blue_4514553_MCM',
/* time_stamp */ '2025-07-21T23:50:07+02:00',
/* author */ ('Unknown'),
/* organization */ ('Unknown'),
/* preprocessor_version */ 'ST-DEVELOPER v19.4',
/* originating_system */ 'Solid Edge',
/* authorisation */ 'Unknown');

FILE_SCHEMA (('AUTOMOTIVE_DESIGN {1 0 10303 214 3 1 1}'));
ENDSEC;

DATA;
#10=PROPERTY_DEFINITION_REPRESENTATION(#14,#12);
#11=PROPERTY_DEFINITION_REPRESENTATION(#15,#13);
#12=REPRESENTATION('',(#16),#2421);
#13=REPRESENTATION('',(#17),#2421);
#14=PROPERTY_DEFINITION('pmi validation property','',#2426);
#15=PROPERTY_DEFINITION('pmi validation property','',#2426);
#16=VALUE_REPRESENTATION_ITEM('number of annotations',COUNT_MEASURE(0.));
#17=VALUE_REPRESENTATION_ITEM('number of views',COUNT_MEASURE(0.));
#18=SHAPE_REPRESENTATION_RELATIONSHIP('','',#1375,#19);
#19=ADVANCED_BREP_SHAPE_REPRESENTATION('',(#1373),#2421);
#20=B_SPLINE_CURVE_WITH_KNOTS('',3,(#1848,#1849,#1850,#1851),
 .UNSPECIFIED.,.F.,.F.,(4,4),(0.000539731322927418,0.000697053955654463),
 .UNSPECIFIED.);
#21=B_SPLINE_CURVE_WITH_KNOTS('',3,(#1856,#1857,#1858,#1859),
 .UNSPECIFIED.,.F.,.F.,(4,4),(0.000332629154576937,0.000490014803030235),
 .UNSPECIFIED.);
#22=B_SPLINE_CURVE_WITH_KNOTS('',3,(#1869,#1870,#1871,#1872),
 .UNSPECIFIED.,.F.,.F.,(4,4),(0.000603743087234207,0.000761010144736171),
 .UNSPECIFIED.);
#23=B_SPLINE_CURVE_WITH_KNOTS('',3,(#1874,#1875,#1876,#1877),
 .UNSPECIFIED.,.F.,.F.,(4,4),(0.000139799129008802,0.000297299725298666),
 .UNSPECIFIED.);
#24=B_SPLINE_CURVE_WITH_KNOTS('',3,(#1881,#1882,#1883,#1884),
 .UNSPECIFIED.,.F.,.F.,(4,4),(0.000547623800649988,0.000704543493580658),
 .UNSPECIFIED.);
#25=B_SPLINE_CURVE_WITH_KNOTS('',3,(#1885,#1886,#1887,#1888),
 .UNSPECIFIED.,.F.,.F.,(4,4),(0.00037164075177173,0.000528703406278827),
 .UNSPECIFIED.);
#26=B_SPLINE_CURVE_WITH_KNOTS('',3,(#1890,#1891,#1892,#1893),
 .UNSPECIFIED.,.F.,.F.,(4,4),(0.00059711001273853,0.000754004879869339),
 .UNSPECIFIED.);
#27=B_SPLINE_CURVE_WITH_KNOTS('',3,(#1894,#1895,#1896,#1897),
 .UNSPECIFIED.,.F.,.F.,(4,4),(0.000135685838459136,0.000292759806210695),
 .UNSPECIFIED.);
#28=B_SPLINE_CURVE_WITH_KNOTS('',3,(#1902,#1903,#1904,#1905,#1906),
 .UNSPECIFIED.,.F.,.F.,(4,1,4),(5.42101086242752E-20,0.000626703356852402,
0.0012534067137048),.UNSPECIFIED.);
#29=B_SPLINE_CURVE_WITH_KNOTS('',3,(#1910,#1911,#1912,#1913,#1914),
 .UNSPECIFIED.,.F.,.F.,(4,1,4),(0.,0.000626703356852402,0.0012534067137048),
 .UNSPECIFIED.);
#30=B_SPLINE_CURVE_WITH_KNOTS('',3,(#1918,#1919,#1920,#1921,#1922),
 .UNSPECIFIED.,.F.,.F.,(4,1,4),(0.,0.000626703356852402,0.0012534067137048),
 .UNSPECIFIED.);
#31=B_SPLINE_CURVE_WITH_KNOTS('',3,(#1926,#1927,#1928,#1929,#1930),
 .UNSPECIFIED.,.F.,.F.,(4,1,4),(0.,0.000626703356852402,0.0012534067137048),
 .UNSPECIFIED.);
#32=B_SPLINE_CURVE_WITH_KNOTS('',3,(#1934,#1935,#1936,#1937,#1938),
 .UNSPECIFIED.,.F.,.F.,(4,1,4),(4.37055868292169E-19,0.000626703356852405,
0.00125340671370481),.UNSPECIFIED.);
#33=B_SPLINE_CURVE_WITH_KNOTS('',3,(#1942,#1943,#1944,#1945,#1946),
 .UNSPECIFIED.,.F.,.F.,(4,1,4),(0.,0.000626703356852406,0.00125340671370481),
 .UNSPECIFIED.);
#34=B_SPLINE_CURVE_WITH_KNOTS('',3,(#1950,#1951,#1952,#1953,#1954),
 .UNSPECIFIED.,.F.,.F.,(4,1,4),(0.,0.000626703356852406,0.00125340671370481),
 .UNSPECIFIED.);
#35=B_SPLINE_CURVE_WITH_KNOTS('',3,(#1958,#1959,#1960,#1961,#1962),
 .UNSPECIFIED.,.F.,.F.,(4,1,4),(4.37055868292169E-19,0.000626703356852404,
0.00125340671370481),.UNSPECIFIED.);
#36=B_SPLINE_CURVE_WITH_KNOTS('',3,(#1970,#1971,#1972,#1973,#1974),
 .UNSPECIFIED.,.F.,.F.,(4,1,4),(0.,0.000626703356852401,0.0012534067137048),
 .UNSPECIFIED.);
#37=B_SPLINE_CURVE_WITH_KNOTS('',3,(#1982,#1983,#1984,#1985,#1986),
 .UNSPECIFIED.,.F.,.F.,(4,1,4),(0.,0.000626703356852401,0.0012534067137048),
 .UNSPECIFIED.);
#38=B_SPLINE_CURVE_WITH_KNOTS('',3,(#1987,#1988,#1989,#1990,#1991),
 .UNSPECIFIED.,.F.,.F.,(4,1,4),(1.0842021724855E-19,0.000626703356852404,
0.00125340671370481),.UNSPECIFIED.);
#39=B_SPLINE_CURVE_WITH_KNOTS('',3,(#2000,#2001,#2002,#2003,#2004),
 .UNSPECIFIED.,.F.,.F.,(4,1,4),(0.,0.000626703356852404,0.00125340671370481),
 .UNSPECIFIED.);
#40=B_SPLINE_CURVE_WITH_KNOTS('',3,(#2040,#2041,#2042,#2043,#2044),
 .UNSPECIFIED.,.F.,.F.,(4,1,4),(0.,0.000626227329652794,0.00125245465930559),
 .UNSPECIFIED.);
#41=B_SPLINE_CURVE_WITH_KNOTS('',3,(#2052,#2053,#2054,#2055,#2056),
 .UNSPECIFIED.,.F.,.F.,(4,1,4),(0.,0.000626227329652794,0.00125245465930559),
 .UNSPECIFIED.);
#42=B_SPLINE_CURVE_WITH_KNOTS('',3,(#2062,#2063,#2064,#2065,#2066),
 .UNSPECIFIED.,.F.,.F.,(4,1,4),(0.,0.000626227329652796,0.00125245465930559),
 .UNSPECIFIED.);
#43=B_SPLINE_CURVE_WITH_KNOTS('',3,(#2074,#2075,#2076,#2077,#2078),
 .UNSPECIFIED.,.F.,.F.,(4,1,4),(5.42101086242752E-20,0.000626227329652796,
0.00125245465930559),.UNSPECIFIED.);
#44=B_SPLINE_CURVE_WITH_KNOTS('',3,(#2118,#2119,#2120,#2121),
 .UNSPECIFIED.,.F.,.F.,(4,4),(0.000499079393946616,0.000656320271191331),
 .UNSPECIFIED.);
#45=B_SPLINE_CURVE_WITH_KNOTS('',3,(#2122,#2123,#2124,#2125),
 .UNSPECIFIED.,.F.,.F.,(4,4),(0.000349139821445043,0.000506476861848417),
 .UNSPECIFIED.);
#46=B_SPLINE_CURVE_WITH_KNOTS('',3,(#2127,#2128,#2129,#2130),
 .UNSPECIFIED.,.F.,.F.,(4,4),(0.000602602234161988,0.000759788193840929),
 .UNSPECIFIED.);
#47=B_SPLINE_CURVE_WITH_KNOTS('',3,(#2131,#2132,#2133,#2134),
 .UNSPECIFIED.,.F.,.F.,(4,4),(0.000123019373597505,0.000280312595177758),
 .UNSPECIFIED.);
#48=B_SPLINE_CURVE_WITH_KNOTS('',3,(#2136,#2137,#2138,#2139),
 .UNSPECIFIED.,.F.,.F.,(4,4),(0.000522448715333069,0.000679685421790118),
 .UNSPECIFIED.);
#49=B_SPLINE_CURVE_WITH_KNOTS('',3,(#2143,#2144,#2145,#2146),
 .UNSPECIFIED.,.F.,.F.,(4,4),(0.000346292968775054,0.000503661054595663),
 .UNSPECIFIED.);
#50=B_SPLINE_CURVE_WITH_KNOTS('',3,(#2148,#2149,#2150,#2151),
 .UNSPECIFIED.,.F.,.F.,(4,4),(0.000579121936257582,0.00073629526284865),
 .UNSPECIFIED.);
#51=B_SPLINE_CURVE_WITH_KNOTS('',3,(#2152,#2153,#2154,#2155),
 .UNSPECIFIED.,.F.,.F.,(4,4),(0.000125865890804306,0.000283159885245386),
 .UNSPECIFIED.);
#52=B_SPLINE_CURVE_WITH_KNOTS('',3,(#2157,#2158,#2159,#2160),
 .UNSPECIFIED.,.F.,.F.,(4,4),(0.000522448715327664,0.000679685421782289),
 .UNSPECIFIED.);
#53=B_SPLINE_CURVE_WITH_KNOTS('',3,(#2161,#2162,#2163,#2164),
 .UNSPECIFIED.,.F.,.F.,(4,4),(0.000346292968775056,0.000503661054595272),
 .UNSPECIFIED.);
#54=B_SPLINE_CURVE_WITH_KNOTS('',3,(#2191,#2192,#2193,#2194,#2195),
 .UNSPECIFIED.,.F.,.F.,(4,1,4),(4.37055868292169E-19,0.000626227329652796,
0.00125245465930559),.UNSPECIFIED.);
#55=B_SPLINE_CURVE_WITH_KNOTS('',3,(#2203,#2204,#2205,#2206,#2207),
 .UNSPECIFIED.,.F.,.F.,(4,1,4),(4.37055868292169E-19,0.000626227329652796,
0.00125245465930559),.UNSPECIFIED.);
#56=B_SPLINE_CURVE_WITH_KNOTS('',3,(#2210,#2211,#2212,#2213,#2214),
 .UNSPECIFIED.,.F.,.F.,(4,1,4),(0.,0.000626227329652793,0.00125245465930559),
 .UNSPECIFIED.);
#57=B_SPLINE_CURVE_WITH_KNOTS('',3,(#2219,#2220,#2221,#2222,#2223),
 .UNSPECIFIED.,.F.,.F.,(4,1,4),(0.,0.000626227329652793,0.00125245465930559),
 .UNSPECIFIED.);
#58=B_SPLINE_CURVE_WITH_KNOTS('',3,(#2255,#2256,#2257,#2258,#2259),
 .UNSPECIFIED.,.F.,.F.,(4,1,4),(5.42101086242752E-20,0.000626227329652794,
0.00125245465930559),.UNSPECIFIED.);
#59=B_SPLINE_CURVE_WITH_KNOTS('',3,(#2267,#2268,#2269,#2270,#2271),
 .UNSPECIFIED.,.F.,.F.,(4,1,4),(0.,0.000626227329652794,0.00125245465930559),
 .UNSPECIFIED.);
#60=B_SPLINE_CURVE_WITH_KNOTS('',3,(#2276,#2277,#2278,#2279,#2280),
 .UNSPECIFIED.,.F.,.F.,(4,1,4),(0.,0.000626227329652798,0.0012524546593056),
 .UNSPECIFIED.);
#61=B_SPLINE_CURVE_WITH_KNOTS('',3,(#2285,#2286,#2287,#2288,#2289),
 .UNSPECIFIED.,.F.,.F.,(4,1,4),(0.,0.000626227329652797,0.00125245465930559),
 .UNSPECIFIED.);
#62=B_SPLINE_CURVE_WITH_KNOTS('',3,(#2291,#2292,#2293,#2294),
 .UNSPECIFIED.,.F.,.F.,(4,4),(0.000562464184410698,0.000719730631060576),
 .UNSPECIFIED.);
#63=B_SPLINE_CURVE_WITH_KNOTS('',3,(#2298,#2299,#2300,#2301),
 .UNSPECIFIED.,.F.,.F.,(4,4),(0.000139799129008803,0.000297299725298664),
 .UNSPECIFIED.);
#64=B_SPLINE_CURVE_WITH_KNOTS('',3,(#2309,#2310,#2311,#2312),
 .UNSPECIFIED.,.F.,.F.,(4,4),(0.00049857372483842,0.000655901984718423),
 .UNSPECIFIED.);
#65=B_SPLINE_CURVE_WITH_KNOTS('',3,(#2313,#2314,#2315,#2316),
 .UNSPECIFIED.,.F.,.F.,(4,4),(0.000332629154576939,0.000490014803030236),
 .UNSPECIFIED.);
#66=B_SPLINE_CURVE_WITH_KNOTS('',3,(#2324,#2325,#2326,#2327),
 .UNSPECIFIED.,.F.,.F.,(4,4),(0.000602602234161986,0.000759788193840924),
 .UNSPECIFIED.);
#67=B_SPLINE_CURVE_WITH_KNOTS('',3,(#2328,#2329,#2330,#2331),
 .UNSPECIFIED.,.F.,.F.,(4,4),(0.000123019373597165,0.000280312595177759),
 .UNSPECIFIED.);
#68=B_SPLINE_CURVE_WITH_KNOTS('',3,(#2333,#2334,#2335,#2336),
 .UNSPECIFIED.,.F.,.F.,(4,4),(0.000499079393946614,0.00065632027119133),
 .UNSPECIFIED.);
#69=B_SPLINE_CURVE_WITH_KNOTS('',3,(#2337,#2338,#2339,#2340),
 .UNSPECIFIED.,.F.,.F.,(4,4),(0.000349139821445047,0.000506476861848424),
 .UNSPECIFIED.);
#70=B_SPLINE_CURVE_WITH_KNOTS('',3,(#2342,#2343,#2344,#2345),
 .UNSPECIFIED.,.F.,.F.,(4,4),(0.00057912193625758,0.000736295262848691),
 .UNSPECIFIED.);
#71=B_SPLINE_CURVE_WITH_KNOTS('',3,(#2346,#2347,#2348,#2349),
 .UNSPECIFIED.,.F.,.F.,(4,4),(0.000125865890804285,0.000283159885245387),
 .UNSPECIFIED.);
#72=B_SPLINE_CURVE_WITH_KNOTS('',3,(#2351,#2352,#2353,#2354),
 .UNSPECIFIED.,.F.,.F.,(4,4),(0.000551631607129591,0.000708515982304905),
 .UNSPECIFIED.);
#73=B_SPLINE_CURVE_WITH_KNOTS('',3,(#2355,#2356,#2357,#2358),
 .UNSPECIFIED.,.F.,.F.,(4,4),(9.95442976132137E-5,0.000256566547505897),
 .UNSPECIFIED.);
#74=B_SPLINE_CURVE_WITH_KNOTS('',3,(#2360,#2361,#2362,#2363),
 .UNSPECIFIED.,.F.,.F.,(4,4),(0.000502292339964553,0.000659218184140979),
 .UNSPECIFIED.);
#75=B_SPLINE_CURVE_WITH_KNOTS('',3,(#2364,#2365,#2366,#2367),
 .UNSPECIFIED.,.F.,.F.,(4,4),(0.000335490979295521,0.000492520915671038),
 .UNSPECIFIED.);
#76=TOROIDAL_SURFACE('',#1386,2.4,0.1);
#77=TOROIDAL_SURFACE('',#1391,2.4,0.1);
#78=TOROIDAL_SURFACE('',#1393,3.,0.1);
#79=TOROIDAL_SURFACE('',#1394,3.,0.1);
#80=TOROIDAL_SURFACE('',#1424,2.5,0.1);
#81=TOROIDAL_SURFACE('',#1425,2.5,0.1);
#82=TOROIDAL_SURFACE('',#1426,2.5,0.1);
#83=TOROIDAL_SURFACE('',#1428,2.5,0.1);
#84=TOROIDAL_SURFACE('',#1429,2.5,0.1);
#85=TOROIDAL_SURFACE('',#1449,2.4,0.1);
#86=TOROIDAL_SURFACE('',#1453,2.4,0.1);
#87=TOROIDAL_SURFACE('',#1456,2.5,0.1);
#88=TOROIDAL_SURFACE('',#1457,2.5,0.1);
#89=TOROIDAL_SURFACE('',#1458,2.5,0.1);
#90=TOROIDAL_SURFACE('',#1459,3.,0.1);
#91=TOROIDAL_SURFACE('',#1460,3.,0.1);
#92=CYLINDRICAL_SURFACE('',#1380,3.1);
#93=CYLINDRICAL_SURFACE('',#1389,2.5);
#94=CYLINDRICAL_SURFACE('',#1395,2.);
#95=CYLINDRICAL_SURFACE('',#1402,2.6);
#96=CYLINDRICAL_SURFACE('',#1408,2.4);
#97=CYLINDRICAL_SURFACE('',#1416,2.6);
#98=CYLINDRICAL_SURFACE('',#1419,2.6);
#99=CYLINDRICAL_SURFACE('',#1431,2.6);
#100=CYLINDRICAL_SURFACE('',#1437,2.4);
#101=CYLINDRICAL_SURFACE('',#1441,3.1);
#102=CYLINDRICAL_SURFACE('',#1447,2.4);
#103=CYLINDRICAL_SURFACE('',#1451,2.5);
#104=CYLINDRICAL_SURFACE('',#1463,0.399999999999999);
#105=CYLINDRICAL_SURFACE('',#1466,0.399999999999999);
#106=CYLINDRICAL_SURFACE('',#1469,0.399999999999998);
#107=CYLINDRICAL_SURFACE('',#1470,0.399999999999998);
#108=CYLINDRICAL_SURFACE('',#1475,0.400000000000001);
#109=CYLINDRICAL_SURFACE('',#1476,0.4);
#110=CYLINDRICAL_SURFACE('',#1478,0.4);
#111=CYLINDRICAL_SURFACE('',#1480,0.400000000000001);
#112=CYLINDRICAL_SURFACE('',#1483,0.399999999999999);
#113=CYLINDRICAL_SURFACE('',#1484,0.399999999999999);
#114=CYLINDRICAL_SURFACE('',#1486,0.399999999999999);
#115=CYLINDRICAL_SURFACE('',#1488,0.399999999999999);
#116=CIRCLE('',#1378,3.);
#117=CIRCLE('',#1379,2.4);
#118=CIRCLE('',#1381,3.1);
#119=CIRCLE('',#1382,3.1);
#120=CIRCLE('',#1384,3.);
#121=CIRCLE('',#1385,2.4);
#122=CIRCLE('',#1387,2.4);
#123=CIRCLE('',#1388,2.5);
#124=CIRCLE('',#1390,2.5);
#125=CIRCLE('',#1392,2.4);
#126=CIRCLE('',#1396,2.);
#127=CIRCLE('',#1397,2.);
#128=CIRCLE('',#1398,2.);
#129=CIRCLE('',#1399,2.);
#130=CIRCLE('',#1401,2.5);
#131=CIRCLE('',#1403,2.6);
#132=CIRCLE('',#1404,2.6);
#133=CIRCLE('',#1406,2.5);
#134=CIRCLE('',#1407,2.4);
#135=CIRCLE('',#1409,2.4);
#136=CIRCLE('',#1410,2.4);
#137=CIRCLE('',#1411,2.4);
#138=CIRCLE('',#1413,2.5);
#139=CIRCLE('',#1415,2.5);
#140=CIRCLE('',#1417,2.6);
#141=CIRCLE('',#1418,2.6);
#142=CIRCLE('',#1420,2.6);
#143=CIRCLE('',#1421,2.6);
#144=CIRCLE('',#1423,2.5);
#145=CIRCLE('',#1427,2.5);
#146=CIRCLE('',#1432,2.6);
#147=CIRCLE('',#1433,2.6);
#148=CIRCLE('',#1435,2.5);
#149=CIRCLE('',#1436,2.4);
#150=CIRCLE('',#1438,2.4);
#151=CIRCLE('',#1440,3.);
#152=CIRCLE('',#1442,3.1);
#153=CIRCLE('',#1443,3.1);
#154=CIRCLE('',#1445,3.);
#155=CIRCLE('',#1446,2.4);
#156=CIRCLE('',#1448,2.4);
#157=CIRCLE('',#1450,2.5);
#158=CIRCLE('',#1452,2.5);
#159=CIRCLE('',#1455,2.5);
#160=ORIENTED_EDGE('',*,*,#568,.F.);
#161=ORIENTED_EDGE('',*,*,#569,.T.);
#162=ORIENTED_EDGE('',*,*,#570,.F.);
#163=ORIENTED_EDGE('',*,*,#571,.F.);
#164=ORIENTED_EDGE('',*,*,#572,.F.);
#165=ORIENTED_EDGE('',*,*,#573,.T.);
#166=ORIENTED_EDGE('',*,*,#574,.F.);
#167=ORIENTED_EDGE('',*,*,#575,.T.);
#168=ORIENTED_EDGE('',*,*,#576,.F.);
#169=ORIENTED_EDGE('',*,*,#577,.T.);
#170=ORIENTED_EDGE('',*,*,#578,.F.);
#171=ORIENTED_EDGE('',*,*,#579,.T.);
#172=ORIENTED_EDGE('',*,*,#580,.F.);
#173=ORIENTED_EDGE('',*,*,#581,.F.);
#174=ORIENTED_EDGE('',*,*,#582,.F.);
#175=ORIENTED_EDGE('',*,*,#583,.T.);
#176=ORIENTED_EDGE('',*,*,#584,.F.);
#177=ORIENTED_EDGE('',*,*,#583,.F.);
#178=ORIENTED_EDGE('',*,*,#585,.F.);
#179=ORIENTED_EDGE('',*,*,#586,.T.);
#180=ORIENTED_EDGE('',*,*,#587,.F.);
#181=ORIENTED_EDGE('',*,*,#586,.F.);
#182=ORIENTED_EDGE('',*,*,#588,.F.);
#183=ORIENTED_EDGE('',*,*,#589,.T.);
#184=ORIENTED_EDGE('',*,*,#590,.F.);
#185=ORIENTED_EDGE('',*,*,#569,.F.);
#186=ORIENTED_EDGE('',*,*,#591,.F.);
#187=ORIENTED_EDGE('',*,*,#573,.F.);
#188=ORIENTED_EDGE('',*,*,#592,.F.);
#189=ORIENTED_EDGE('',*,*,#575,.F.);
#190=ORIENTED_EDGE('',*,*,#593,.F.);
#191=ORIENTED_EDGE('',*,*,#577,.F.);
#192=ORIENTED_EDGE('',*,*,#594,.F.);
#193=ORIENTED_EDGE('',*,*,#595,.F.);
#194=ORIENTED_EDGE('',*,*,#596,.F.);
#195=ORIENTED_EDGE('',*,*,#597,.F.);
#196=ORIENTED_EDGE('',*,*,#598,.F.);
#197=ORIENTED_EDGE('',*,*,#599,.F.);
#198=ORIENTED_EDGE('',*,*,#600,.F.);
#199=ORIENTED_EDGE('',*,*,#601,.F.);
#200=ORIENTED_EDGE('',*,*,#602,.F.);
#201=ORIENTED_EDGE('',*,*,#603,.F.);
#202=ORIENTED_EDGE('',*,*,#604,.F.);
#203=ORIENTED_EDGE('',*,*,#605,.F.);
#204=ORIENTED_EDGE('',*,*,#606,.F.);
#205=ORIENTED_EDGE('',*,*,#607,.F.);
#206=ORIENTED_EDGE('',*,*,#608,.F.);
#207=ORIENTED_EDGE('',*,*,#609,.F.);
#208=ORIENTED_EDGE('',*,*,#610,.F.);
#209=ORIENTED_EDGE('',*,*,#611,.T.);
#210=ORIENTED_EDGE('',*,*,#612,.F.);
#211=ORIENTED_EDGE('',*,*,#613,.F.);
#212=ORIENTED_EDGE('',*,*,#614,.F.);
#213=ORIENTED_EDGE('',*,*,#615,.T.);
#214=ORIENTED_EDGE('',*,*,#616,.F.);
#215=ORIENTED_EDGE('',*,*,#617,.F.);
#216=ORIENTED_EDGE('',*,*,#618,.T.);
#217=ORIENTED_EDGE('',*,*,#619,.T.);
#218=ORIENTED_EDGE('',*,*,#620,.F.);
#219=ORIENTED_EDGE('',*,*,#621,.T.);
#220=ORIENTED_EDGE('',*,*,#622,.T.);
#221=ORIENTED_EDGE('',*,*,#623,.T.);
#222=ORIENTED_EDGE('',*,*,#624,.F.);
#223=ORIENTED_EDGE('',*,*,#625,.T.);
#224=ORIENTED_EDGE('',*,*,#626,.T.);
#225=ORIENTED_EDGE('',*,*,#627,.T.);
#226=ORIENTED_EDGE('',*,*,#615,.F.);
#227=ORIENTED_EDGE('',*,*,#628,.T.);
#228=ORIENTED_EDGE('',*,*,#629,.F.);
#229=ORIENTED_EDGE('',*,*,#630,.T.);
#230=ORIENTED_EDGE('',*,*,#631,.F.);
#231=ORIENTED_EDGE('',*,*,#632,.T.);
#232=ORIENTED_EDGE('',*,*,#633,.F.);
#233=ORIENTED_EDGE('',*,*,#634,.T.);
#234=ORIENTED_EDGE('',*,*,#635,.F.);
#235=ORIENTED_EDGE('',*,*,#636,.T.);
#236=ORIENTED_EDGE('',*,*,#637,.F.);
#237=ORIENTED_EDGE('',*,*,#589,.F.);
#238=ORIENTED_EDGE('',*,*,#638,.F.);
#239=ORIENTED_EDGE('',*,*,#639,.F.);
#240=ORIENTED_EDGE('',*,*,#640,.F.);
#241=ORIENTED_EDGE('',*,*,#641,.F.);
#242=ORIENTED_EDGE('',*,*,#642,.F.);
#243=ORIENTED_EDGE('',*,*,#643,.F.);
#244=ORIENTED_EDGE('',*,*,#644,.T.);
#245=ORIENTED_EDGE('',*,*,#645,.T.);
#246=ORIENTED_EDGE('',*,*,#646,.T.);
#247=ORIENTED_EDGE('',*,*,#647,.T.);
#248=ORIENTED_EDGE('',*,*,#648,.T.);
#249=ORIENTED_EDGE('',*,*,#649,.T.);
#250=ORIENTED_EDGE('',*,*,#650,.T.);
#251=ORIENTED_EDGE('',*,*,#651,.T.);
#252=ORIENTED_EDGE('',*,*,#652,.T.);
#253=ORIENTED_EDGE('',*,*,#653,.T.);
#254=ORIENTED_EDGE('',*,*,#644,.F.);
#255=ORIENTED_EDGE('',*,*,#654,.T.);
#256=ORIENTED_EDGE('',*,*,#655,.T.);
#257=ORIENTED_EDGE('',*,*,#656,.T.);
#258=ORIENTED_EDGE('',*,*,#648,.F.);
#259=ORIENTED_EDGE('',*,*,#657,.T.);
#260=ORIENTED_EDGE('',*,*,#658,.T.);
#261=ORIENTED_EDGE('',*,*,#659,.T.);
#262=ORIENTED_EDGE('',*,*,#660,.T.);
#263=ORIENTED_EDGE('',*,*,#661,.T.);
#264=ORIENTED_EDGE('',*,*,#662,.T.);
#265=ORIENTED_EDGE('',*,*,#663,.T.);
#266=ORIENTED_EDGE('',*,*,#664,.T.);
#267=ORIENTED_EDGE('',*,*,#665,.T.);
#268=ORIENTED_EDGE('',*,*,#666,.T.);
#269=ORIENTED_EDGE('',*,*,#667,.T.);
#270=ORIENTED_EDGE('',*,*,#620,.T.);
#271=ORIENTED_EDGE('',*,*,#668,.T.);
#272=ORIENTED_EDGE('',*,*,#666,.F.);
#273=ORIENTED_EDGE('',*,*,#669,.T.);
#274=ORIENTED_EDGE('',*,*,#660,.F.);
#275=ORIENTED_EDGE('',*,*,#670,.T.);
#276=ORIENTED_EDGE('',*,*,#671,.F.);
#277=ORIENTED_EDGE('',*,*,#632,.F.);
#278=ORIENTED_EDGE('',*,*,#672,.F.);
#279=ORIENTED_EDGE('',*,*,#634,.F.);
#280=ORIENTED_EDGE('',*,*,#673,.F.);
#281=ORIENTED_EDGE('',*,*,#674,.F.);
#282=ORIENTED_EDGE('',*,*,#675,.F.);
#283=ORIENTED_EDGE('',*,*,#630,.F.);
#284=ORIENTED_EDGE('',*,*,#658,.F.);
#285=ORIENTED_EDGE('',*,*,#676,.T.);
#286=ORIENTED_EDGE('',*,*,#652,.F.);
#287=ORIENTED_EDGE('',*,*,#677,.T.);
#288=ORIENTED_EDGE('',*,*,#655,.F.);
#289=ORIENTED_EDGE('',*,*,#678,.T.);
#290=ORIENTED_EDGE('',*,*,#662,.F.);
#291=ORIENTED_EDGE('',*,*,#679,.T.);
#292=ORIENTED_EDGE('',*,*,#680,.F.);
#293=ORIENTED_EDGE('',*,*,#674,.T.);
#294=ORIENTED_EDGE('',*,*,#681,.F.);
#295=ORIENTED_EDGE('',*,*,#611,.F.);
#296=ORIENTED_EDGE('',*,*,#682,.F.);
#297=ORIENTED_EDGE('',*,*,#683,.T.);
#298=ORIENTED_EDGE('',*,*,#684,.F.);
#299=ORIENTED_EDGE('',*,*,#685,.T.);
#300=ORIENTED_EDGE('',*,*,#686,.F.);
#301=ORIENTED_EDGE('',*,*,#687,.T.);
#302=ORIENTED_EDGE('',*,*,#688,.F.);
#303=ORIENTED_EDGE('',*,*,#689,.T.);
#304=ORIENTED_EDGE('',*,*,#690,.F.);
#305=ORIENTED_EDGE('',*,*,#571,.T.);
#306=ORIENTED_EDGE('',*,*,#691,.F.);
#307=ORIENTED_EDGE('',*,*,#692,.F.);
#308=ORIENTED_EDGE('',*,*,#693,.F.);
#309=ORIENTED_EDGE('',*,*,#694,.T.);
#310=ORIENTED_EDGE('',*,*,#695,.F.);
#311=ORIENTED_EDGE('',*,*,#696,.F.);
#312=ORIENTED_EDGE('',*,*,#697,.F.);
#313=ORIENTED_EDGE('',*,*,#698,.F.);
#314=ORIENTED_EDGE('',*,*,#699,.F.);
#315=ORIENTED_EDGE('',*,*,#689,.F.);
#316=ORIENTED_EDGE('',*,*,#700,.F.);
#317=ORIENTED_EDGE('',*,*,#701,.F.);
#318=ORIENTED_EDGE('',*,*,#702,.F.);
#319=ORIENTED_EDGE('',*,*,#636,.F.);
#320=ORIENTED_EDGE('',*,*,#703,.F.);
#321=ORIENTED_EDGE('',*,*,#704,.T.);
#322=ORIENTED_EDGE('',*,*,#705,.F.);
#323=ORIENTED_EDGE('',*,*,#694,.F.);
#324=ORIENTED_EDGE('',*,*,#706,.F.);
#325=ORIENTED_EDGE('',*,*,#707,.T.);
#326=ORIENTED_EDGE('',*,*,#708,.F.);
#327=ORIENTED_EDGE('',*,*,#709,.T.);
#328=ORIENTED_EDGE('',*,*,#710,.F.);
#329=ORIENTED_EDGE('',*,*,#711,.T.);
#330=ORIENTED_EDGE('',*,*,#712,.F.);
#331=ORIENTED_EDGE('',*,*,#713,.T.);
#332=ORIENTED_EDGE('',*,*,#714,.F.);
#333=ORIENTED_EDGE('',*,*,#581,.T.);
#334=ORIENTED_EDGE('',*,*,#715,.F.);
#335=ORIENTED_EDGE('',*,*,#716,.F.);
#336=ORIENTED_EDGE('',*,*,#717,.F.);
#337=ORIENTED_EDGE('',*,*,#718,.T.);
#338=ORIENTED_EDGE('',*,*,#719,.F.);
#339=ORIENTED_EDGE('',*,*,#720,.F.);
#340=ORIENTED_EDGE('',*,*,#721,.F.);
#341=ORIENTED_EDGE('',*,*,#579,.F.);
#342=ORIENTED_EDGE('',*,*,#722,.F.);
#343=ORIENTED_EDGE('',*,*,#723,.F.);
#344=ORIENTED_EDGE('',*,*,#724,.F.);
#345=ORIENTED_EDGE('',*,*,#713,.F.);
#346=ORIENTED_EDGE('',*,*,#725,.F.);
#347=ORIENTED_EDGE('',*,*,#726,.F.);
#348=ORIENTED_EDGE('',*,*,#727,.F.);
#349=ORIENTED_EDGE('',*,*,#728,.T.);
#350=ORIENTED_EDGE('',*,*,#729,.F.);
#351=ORIENTED_EDGE('',*,*,#718,.F.);
#352=ORIENTED_EDGE('',*,*,#730,.F.);
#353=ORIENTED_EDGE('',*,*,#728,.F.);
#354=ORIENTED_EDGE('',*,*,#731,.F.);
#355=ORIENTED_EDGE('',*,*,#732,.T.);
#356=ORIENTED_EDGE('',*,*,#733,.F.);
#357=ORIENTED_EDGE('',*,*,#641,.T.);
#358=ORIENTED_EDGE('',*,*,#734,.F.);
#359=ORIENTED_EDGE('',*,*,#732,.F.);
#360=ORIENTED_EDGE('',*,*,#735,.F.);
#361=ORIENTED_EDGE('',*,*,#736,.T.);
#362=ORIENTED_EDGE('',*,*,#737,.F.);
#363=ORIENTED_EDGE('',*,*,#624,.T.);
#364=ORIENTED_EDGE('',*,*,#664,.F.);
#365=ORIENTED_EDGE('',*,*,#738,.T.);
#366=ORIENTED_EDGE('',*,*,#736,.F.);
#367=ORIENTED_EDGE('',*,*,#739,.T.);
#368=ORIENTED_EDGE('',*,*,#740,.F.);
#369=ORIENTED_EDGE('',*,*,#687,.F.);
#370=ORIENTED_EDGE('',*,*,#741,.F.);
#371=ORIENTED_EDGE('',*,*,#685,.F.);
#372=ORIENTED_EDGE('',*,*,#742,.F.);
#373=ORIENTED_EDGE('',*,*,#683,.F.);
#374=ORIENTED_EDGE('',*,*,#743,.F.);
#375=ORIENTED_EDGE('',*,*,#626,.F.);
#376=ORIENTED_EDGE('',*,*,#744,.F.);
#377=ORIENTED_EDGE('',*,*,#707,.F.);
#378=ORIENTED_EDGE('',*,*,#745,.F.);
#379=ORIENTED_EDGE('',*,*,#704,.F.);
#380=ORIENTED_EDGE('',*,*,#746,.F.);
#381=ORIENTED_EDGE('',*,*,#711,.F.);
#382=ORIENTED_EDGE('',*,*,#747,.F.);
#383=ORIENTED_EDGE('',*,*,#709,.F.);
#384=ORIENTED_EDGE('',*,*,#748,.F.);
#385=ORIENTED_EDGE('',*,*,#649,.F.);
#386=ORIENTED_EDGE('',*,*,#656,.F.);
#387=ORIENTED_EDGE('',*,*,#679,.F.);
#388=ORIENTED_EDGE('',*,*,#665,.F.);
#389=ORIENTED_EDGE('',*,*,#739,.F.);
#390=ORIENTED_EDGE('',*,*,#735,.T.);
#391=ORIENTED_EDGE('',*,*,#623,.F.);
#392=ORIENTED_EDGE('',*,*,#667,.F.);
#393=ORIENTED_EDGE('',*,*,#670,.F.);
#394=ORIENTED_EDGE('',*,*,#659,.F.);
#395=ORIENTED_EDGE('',*,*,#677,.F.);
#396=ORIENTED_EDGE('',*,*,#654,.F.);
#397=ORIENTED_EDGE('',*,*,#651,.F.);
#398=ORIENTED_EDGE('',*,*,#749,.T.);
#399=ORIENTED_EDGE('',*,*,#621,.F.);
#400=ORIENTED_EDGE('',*,*,#749,.F.);
#401=ORIENTED_EDGE('',*,*,#650,.F.);
#402=ORIENTED_EDGE('',*,*,#748,.T.);
#403=ORIENTED_EDGE('',*,*,#622,.F.);
#404=ORIENTED_EDGE('',*,*,#737,.T.);
#405=ORIENTED_EDGE('',*,*,#738,.F.);
#406=ORIENTED_EDGE('',*,*,#663,.F.);
#407=ORIENTED_EDGE('',*,*,#678,.F.);
#408=ORIENTED_EDGE('',*,*,#657,.F.);
#409=ORIENTED_EDGE('',*,*,#647,.F.);
#410=ORIENTED_EDGE('',*,*,#750,.F.);
#411=ORIENTED_EDGE('',*,*,#625,.F.);
#412=ORIENTED_EDGE('',*,*,#751,.T.);
#413=ORIENTED_EDGE('',*,*,#645,.F.);
#414=ORIENTED_EDGE('',*,*,#653,.F.);
#415=ORIENTED_EDGE('',*,*,#676,.F.);
#416=ORIENTED_EDGE('',*,*,#661,.F.);
#417=ORIENTED_EDGE('',*,*,#669,.F.);
#418=ORIENTED_EDGE('',*,*,#668,.F.);
#419=ORIENTED_EDGE('',*,*,#619,.F.);
#420=ORIENTED_EDGE('',*,*,#750,.T.);
#421=ORIENTED_EDGE('',*,*,#646,.F.);
#422=ORIENTED_EDGE('',*,*,#751,.F.);
#423=ORIENTED_EDGE('',*,*,#618,.F.);
#424=ORIENTED_EDGE('',*,*,#616,.T.);
#425=ORIENTED_EDGE('',*,*,#627,.F.);
#426=ORIENTED_EDGE('',*,*,#743,.T.);
#427=ORIENTED_EDGE('',*,*,#682,.T.);
#428=ORIENTED_EDGE('',*,*,#741,.T.);
#429=ORIENTED_EDGE('',*,*,#686,.T.);
#430=ORIENTED_EDGE('',*,*,#699,.T.);
#431=ORIENTED_EDGE('',*,*,#752,.T.);
#432=ORIENTED_EDGE('',*,*,#610,.T.);
#433=ORIENTED_EDGE('',*,*,#753,.F.);
#434=ORIENTED_EDGE('',*,*,#697,.T.);
#435=ORIENTED_EDGE('',*,*,#635,.T.);
#436=ORIENTED_EDGE('',*,*,#672,.T.);
#437=ORIENTED_EDGE('',*,*,#631,.T.);
#438=ORIENTED_EDGE('',*,*,#675,.T.);
#439=ORIENTED_EDGE('',*,*,#680,.T.);
#440=ORIENTED_EDGE('',*,*,#617,.T.);
#441=ORIENTED_EDGE('',*,*,#752,.F.);
#442=ORIENTED_EDGE('',*,*,#698,.T.);
#443=ORIENTED_EDGE('',*,*,#753,.T.);
#444=ORIENTED_EDGE('',*,*,#613,.T.);
#445=ORIENTED_EDGE('',*,*,#754,.T.);
#446=ORIENTED_EDGE('',*,*,#701,.T.);
#447=ORIENTED_EDGE('',*,*,#755,.F.);
#448=ORIENTED_EDGE('',*,*,#612,.T.);
#449=ORIENTED_EDGE('',*,*,#681,.T.);
#450=ORIENTED_EDGE('',*,*,#673,.T.);
#451=ORIENTED_EDGE('',*,*,#629,.T.);
#452=ORIENTED_EDGE('',*,*,#671,.T.);
#453=ORIENTED_EDGE('',*,*,#633,.T.);
#454=ORIENTED_EDGE('',*,*,#702,.T.);
#455=ORIENTED_EDGE('',*,*,#754,.F.);
#456=ORIENTED_EDGE('',*,*,#614,.T.);
#457=ORIENTED_EDGE('',*,*,#755,.T.);
#458=ORIENTED_EDGE('',*,*,#700,.T.);
#459=ORIENTED_EDGE('',*,*,#688,.T.);
#460=ORIENTED_EDGE('',*,*,#740,.T.);
#461=ORIENTED_EDGE('',*,*,#684,.T.);
#462=ORIENTED_EDGE('',*,*,#742,.T.);
#463=ORIENTED_EDGE('',*,*,#628,.F.);
#464=ORIENTED_EDGE('',*,*,#604,.T.);
#465=ORIENTED_EDGE('',*,*,#756,.T.);
#466=ORIENTED_EDGE('',*,*,#695,.T.);
#467=ORIENTED_EDGE('',*,*,#705,.T.);
#468=ORIENTED_EDGE('',*,*,#745,.T.);
#469=ORIENTED_EDGE('',*,*,#706,.T.);
#470=ORIENTED_EDGE('',*,*,#747,.T.);
#471=ORIENTED_EDGE('',*,*,#710,.T.);
#472=ORIENTED_EDGE('',*,*,#724,.T.);
#473=ORIENTED_EDGE('',*,*,#757,.F.);
#474=ORIENTED_EDGE('',*,*,#602,.T.);
#475=ORIENTED_EDGE('',*,*,#758,.T.);
#476=ORIENTED_EDGE('',*,*,#722,.T.);
#477=ORIENTED_EDGE('',*,*,#578,.T.);
#478=ORIENTED_EDGE('',*,*,#593,.T.);
#479=ORIENTED_EDGE('',*,*,#574,.T.);
#480=ORIENTED_EDGE('',*,*,#591,.T.);
#481=ORIENTED_EDGE('',*,*,#568,.T.);
#482=ORIENTED_EDGE('',*,*,#690,.T.);
#483=ORIENTED_EDGE('',*,*,#759,.F.);
#484=ORIENTED_EDGE('',*,*,#605,.T.);
#485=ORIENTED_EDGE('',*,*,#757,.T.);
#486=ORIENTED_EDGE('',*,*,#723,.T.);
#487=ORIENTED_EDGE('',*,*,#758,.F.);
#488=ORIENTED_EDGE('',*,*,#603,.T.);
#489=ORIENTED_EDGE('',*,*,#759,.T.);
#490=ORIENTED_EDGE('',*,*,#696,.T.);
#491=ORIENTED_EDGE('',*,*,#756,.F.);
#492=ORIENTED_EDGE('',*,*,#606,.T.);
#493=ORIENTED_EDGE('',*,*,#760,.F.);
#494=ORIENTED_EDGE('',*,*,#691,.T.);
#495=ORIENTED_EDGE('',*,*,#570,.T.);
#496=ORIENTED_EDGE('',*,*,#590,.T.);
#497=ORIENTED_EDGE('',*,*,#572,.T.);
#498=ORIENTED_EDGE('',*,*,#592,.T.);
#499=ORIENTED_EDGE('',*,*,#576,.T.);
#500=ORIENTED_EDGE('',*,*,#721,.T.);
#501=ORIENTED_EDGE('',*,*,#761,.T.);
#502=ORIENTED_EDGE('',*,*,#609,.T.);
#503=ORIENTED_EDGE('',*,*,#762,.F.);
#504=ORIENTED_EDGE('',*,*,#692,.T.);
#505=ORIENTED_EDGE('',*,*,#760,.T.);
#506=ORIENTED_EDGE('',*,*,#608,.T.);
#507=ORIENTED_EDGE('',*,*,#763,.F.);
#508=ORIENTED_EDGE('',*,*,#725,.T.);
#509=ORIENTED_EDGE('',*,*,#712,.T.);
#510=ORIENTED_EDGE('',*,*,#746,.T.);
#511=ORIENTED_EDGE('',*,*,#708,.T.);
#512=ORIENTED_EDGE('',*,*,#744,.T.);
#513=ORIENTED_EDGE('',*,*,#703,.T.);
#514=ORIENTED_EDGE('',*,*,#693,.T.);
#515=ORIENTED_EDGE('',*,*,#762,.T.);
#516=ORIENTED_EDGE('',*,*,#607,.T.);
#517=ORIENTED_EDGE('',*,*,#761,.F.);
#518=ORIENTED_EDGE('',*,*,#726,.T.);
#519=ORIENTED_EDGE('',*,*,#763,.T.);
#520=ORIENTED_EDGE('',*,*,#594,.T.);
#521=ORIENTED_EDGE('',*,*,#764,.T.);
#522=ORIENTED_EDGE('',*,*,#638,.T.);
#523=ORIENTED_EDGE('',*,*,#588,.T.);
#524=ORIENTED_EDGE('',*,*,#585,.T.);
#525=ORIENTED_EDGE('',*,*,#582,.T.);
#526=ORIENTED_EDGE('',*,*,#714,.T.);
#527=ORIENTED_EDGE('',*,*,#765,.F.);
#528=ORIENTED_EDGE('',*,*,#596,.T.);
#529=ORIENTED_EDGE('',*,*,#766,.T.);
#530=ORIENTED_EDGE('',*,*,#719,.T.);
#531=ORIENTED_EDGE('',*,*,#729,.T.);
#532=ORIENTED_EDGE('',*,*,#730,.T.);
#533=ORIENTED_EDGE('',*,*,#734,.T.);
#534=ORIENTED_EDGE('',*,*,#640,.T.);
#535=ORIENTED_EDGE('',*,*,#767,.F.);
#536=ORIENTED_EDGE('',*,*,#595,.T.);
#537=ORIENTED_EDGE('',*,*,#765,.T.);
#538=ORIENTED_EDGE('',*,*,#720,.T.);
#539=ORIENTED_EDGE('',*,*,#766,.F.);
#540=ORIENTED_EDGE('',*,*,#597,.T.);
#541=ORIENTED_EDGE('',*,*,#767,.T.);
#542=ORIENTED_EDGE('',*,*,#639,.T.);
#543=ORIENTED_EDGE('',*,*,#764,.F.);
#544=ORIENTED_EDGE('',*,*,#598,.T.);
#545=ORIENTED_EDGE('',*,*,#768,.F.);
#546=ORIENTED_EDGE('',*,*,#715,.T.);
#547=ORIENTED_EDGE('',*,*,#580,.T.);
#548=ORIENTED_EDGE('',*,*,#584,.T.);
#549=ORIENTED_EDGE('',*,*,#587,.T.);
#550=ORIENTED_EDGE('',*,*,#637,.T.);
#551=ORIENTED_EDGE('',*,*,#769,.T.);
#552=ORIENTED_EDGE('',*,*,#601,.T.);
#553=ORIENTED_EDGE('',*,*,#770,.F.);
#554=ORIENTED_EDGE('',*,*,#716,.T.);
#555=ORIENTED_EDGE('',*,*,#768,.T.);
#556=ORIENTED_EDGE('',*,*,#600,.T.);
#557=ORIENTED_EDGE('',*,*,#771,.F.);
#558=ORIENTED_EDGE('',*,*,#642,.T.);
#559=ORIENTED_EDGE('',*,*,#733,.T.);
#560=ORIENTED_EDGE('',*,*,#731,.T.);
#561=ORIENTED_EDGE('',*,*,#727,.T.);
#562=ORIENTED_EDGE('',*,*,#717,.T.);
#563=ORIENTED_EDGE('',*,*,#770,.T.);
#564=ORIENTED_EDGE('',*,*,#599,.T.);
#565=ORIENTED_EDGE('',*,*,#769,.F.);
#566=ORIENTED_EDGE('',*,*,#643,.T.);
#567=ORIENTED_EDGE('',*,*,#771,.T.);
#568=EDGE_CURVE('',#772,#773,#908,.T.);
#569=EDGE_CURVE('',#772,#774,#116,.T.);
#570=EDGE_CURVE('',#775,#774,#909,.T.);
#571=EDGE_CURVE('',#773,#775,#117,.T.);
#572=EDGE_CURVE('',#776,#777,#910,.F.);
#573=EDGE_CURVE('',#776,#778,#118,.F.);
#574=EDGE_CURVE('',#779,#778,#911,.T.);
#575=EDGE_CURVE('',#779,#777,#119,.F.);
#576=EDGE_CURVE('',#780,#781,#912,.T.);
#577=EDGE_CURVE('',#780,#782,#120,.T.);
#578=EDGE_CURVE('',#783,#782,#913,.T.);
#579=EDGE_CURVE('',#783,#781,#121,.T.);
#580=EDGE_CURVE('',#784,#785,#20,.T.);
#581=EDGE_CURVE('',#786,#784,#122,.T.);
#582=EDGE_CURVE('',#787,#786,#21,.T.);
#583=EDGE_CURVE('',#787,#785,#123,.T.);
#584=EDGE_CURVE('',#785,#788,#914,.F.);
#585=EDGE_CURVE('',#789,#787,#915,.T.);
#586=EDGE_CURVE('',#789,#788,#124,.T.);
#587=EDGE_CURVE('',#788,#790,#22,.T.);
#588=EDGE_CURVE('',#791,#789,#23,.T.);
#589=EDGE_CURVE('',#791,#790,#125,.T.);
#590=EDGE_CURVE('',#774,#776,#24,.T.);
#591=EDGE_CURVE('',#778,#772,#25,.T.);
#592=EDGE_CURVE('',#777,#780,#26,.T.);
#593=EDGE_CURVE('',#782,#779,#27,.T.);
#594=EDGE_CURVE('',#792,#793,#916,.F.);
#595=EDGE_CURVE('',#794,#792,#28,.T.);
#596=EDGE_CURVE('',#795,#794,#917,.T.);
#597=EDGE_CURVE('',#793,#795,#29,.T.);
#598=EDGE_CURVE('',#796,#797,#918,.T.);
#599=EDGE_CURVE('',#798,#796,#30,.T.);
#600=EDGE_CURVE('',#799,#798,#919,.F.);
#601=EDGE_CURVE('',#797,#799,#31,.T.);
#602=EDGE_CURVE('',#800,#801,#920,.F.);
#603=EDGE_CURVE('',#802,#800,#32,.T.);
#604=EDGE_CURVE('',#803,#802,#921,.T.);
#605=EDGE_CURVE('',#801,#803,#33,.T.);
#606=EDGE_CURVE('',#804,#805,#922,.T.);
#607=EDGE_CURVE('',#806,#804,#34,.T.);
#608=EDGE_CURVE('',#807,#806,#923,.F.);
#609=EDGE_CURVE('',#805,#807,#35,.T.);
#610=EDGE_CURVE('',#808,#809,#924,.F.);
#611=EDGE_CURVE('',#808,#810,#126,.T.);
#612=EDGE_CURVE('',#811,#810,#925,.T.);
#613=EDGE_CURVE('',#812,#811,#36,.T.);
#614=EDGE_CURVE('',#813,#812,#926,.F.);
#615=EDGE_CURVE('',#813,#814,#127,.T.);
#616=EDGE_CURVE('',#815,#814,#927,.T.);
#617=EDGE_CURVE('',#809,#815,#37,.T.);
#618=EDGE_CURVE('',#816,#817,#38,.T.);
#619=EDGE_CURVE('',#817,#818,#928,.F.);
#620=EDGE_CURVE('',#819,#818,#128,.T.);
#621=EDGE_CURVE('',#819,#820,#929,.T.);
#622=EDGE_CURVE('',#820,#821,#39,.T.);
#623=EDGE_CURVE('',#821,#822,#930,.F.);
#624=EDGE_CURVE('',#823,#822,#129,.T.);
#625=EDGE_CURVE('',#823,#816,#931,.T.);
#626=EDGE_CURVE('',#824,#825,#130,.T.);
#627=EDGE_CURVE('',#825,#814,#932,.T.);
#628=EDGE_CURVE('',#813,#824,#933,.T.);
#629=EDGE_CURVE('',#826,#827,#934,.F.);
#630=EDGE_CURVE('',#826,#828,#131,.F.);
#631=EDGE_CURVE('',#829,#828,#935,.T.);
#632=EDGE_CURVE('',#829,#827,#132,.F.);
#633=EDGE_CURVE('',#830,#831,#936,.T.);
#634=EDGE_CURVE('',#830,#832,#133,.T.);
#635=EDGE_CURVE('',#833,#832,#937,.T.);
#636=EDGE_CURVE('',#833,#831,#134,.T.);
#637=EDGE_CURVE('',#790,#834,#938,.F.);
#638=EDGE_CURVE('',#835,#791,#939,.T.);
#639=EDGE_CURVE('',#836,#835,#40,.T.);
#640=EDGE_CURVE('',#837,#836,#940,.F.);
#641=EDGE_CURVE('',#838,#837,#135,.T.);
#642=EDGE_CURVE('',#839,#838,#941,.T.);
#643=EDGE_CURVE('',#834,#839,#41,.T.);
#644=EDGE_CURVE('',#840,#841,#136,.T.);
#645=EDGE_CURVE('',#841,#842,#942,.T.);
#646=EDGE_CURVE('',#842,#843,#42,.T.);
#647=EDGE_CURVE('',#843,#844,#943,.F.);
#648=EDGE_CURVE('',#844,#845,#137,.T.);
#649=EDGE_CURVE('',#845,#846,#944,.T.);
#650=EDGE_CURVE('',#846,#847,#43,.T.);
#651=EDGE_CURVE('',#847,#840,#945,.F.);
#652=EDGE_CURVE('',#848,#849,#138,.T.);
#653=EDGE_CURVE('',#849,#841,#946,.T.);
#654=EDGE_CURVE('',#840,#848,#947,.T.);
#655=EDGE_CURVE('',#850,#851,#139,.T.);
#656=EDGE_CURVE('',#851,#845,#948,.T.);
#657=EDGE_CURVE('',#844,#850,#949,.T.);
#658=EDGE_CURVE('',#852,#853,#140,.F.);
#659=EDGE_CURVE('',#853,#854,#950,.F.);
#660=EDGE_CURVE('',#854,#855,#141,.F.);
#661=EDGE_CURVE('',#855,#852,#951,.T.);
#662=EDGE_CURVE('',#856,#857,#142,.F.);
#663=EDGE_CURVE('',#857,#858,#952,.F.);
#664=EDGE_CURVE('',#858,#859,#143,.F.);
#665=EDGE_CURVE('',#859,#856,#953,.T.);
#666=EDGE_CURVE('',#860,#861,#144,.T.);
#667=EDGE_CURVE('',#861,#819,#954,.T.);
#668=EDGE_CURVE('',#818,#860,#955,.T.);
#669=EDGE_CURVE('',#860,#855,#44,.T.);
#670=EDGE_CURVE('',#854,#861,#45,.T.);
#671=EDGE_CURVE('',#827,#830,#46,.T.);
#672=EDGE_CURVE('',#832,#829,#47,.T.);
#673=EDGE_CURVE('',#862,#826,#48,.T.);
#674=EDGE_CURVE('',#863,#862,#145,.T.);
#675=EDGE_CURVE('',#828,#863,#49,.T.);
#676=EDGE_CURVE('',#852,#849,#50,.T.);
#677=EDGE_CURVE('',#848,#853,#51,.T.);
#678=EDGE_CURVE('',#850,#857,#52,.T.);
#679=EDGE_CURVE('',#856,#851,#53,.T.);
#680=EDGE_CURVE('',#863,#808,#956,.T.);
#681=EDGE_CURVE('',#810,#862,#957,.T.);
#682=EDGE_CURVE('',#864,#865,#958,.F.);
#683=EDGE_CURVE('',#864,#866,#146,.F.);
#684=EDGE_CURVE('',#867,#866,#959,.T.);
#685=EDGE_CURVE('',#867,#865,#147,.F.);
#686=EDGE_CURVE('',#868,#869,#960,.T.);
#687=EDGE_CURVE('',#868,#870,#148,.T.);
#688=EDGE_CURVE('',#871,#870,#961,.T.);
#689=EDGE_CURVE('',#871,#869,#149,.T.);
#690=EDGE_CURVE('',#773,#872,#962,.T.);
#691=EDGE_CURVE('',#873,#775,#963,.F.);
#692=EDGE_CURVE('',#874,#873,#54,.T.);
#693=EDGE_CURVE('',#875,#874,#964,.T.);
#694=EDGE_CURVE('',#875,#876,#150,.T.);
#695=EDGE_CURVE('',#877,#876,#965,.F.);
#696=EDGE_CURVE('',#872,#877,#55,.T.);
#697=EDGE_CURVE('',#878,#833,#966,.T.);
#698=EDGE_CURVE('',#879,#878,#56,.T.);
#699=EDGE_CURVE('',#869,#879,#967,.F.);
#700=EDGE_CURVE('',#880,#871,#968,.T.);
#701=EDGE_CURVE('',#881,#880,#57,.T.);
#702=EDGE_CURVE('',#831,#881,#969,.F.);
#703=EDGE_CURVE('',#882,#875,#970,.T.);
#704=EDGE_CURVE('',#882,#883,#151,.T.);
#705=EDGE_CURVE('',#876,#883,#971,.T.);
#706=EDGE_CURVE('',#884,#885,#972,.F.);
#707=EDGE_CURVE('',#884,#886,#152,.F.);
#708=EDGE_CURVE('',#887,#886,#973,.T.);
#709=EDGE_CURVE('',#887,#885,#153,.F.);
#710=EDGE_CURVE('',#888,#889,#974,.T.);
#711=EDGE_CURVE('',#888,#890,#154,.T.);
#712=EDGE_CURVE('',#891,#890,#975,.T.);
#713=EDGE_CURVE('',#891,#889,#155,.T.);
#714=EDGE_CURVE('',#786,#892,#976,.T.);
#715=EDGE_CURVE('',#893,#784,#977,.F.);
#716=EDGE_CURVE('',#894,#893,#58,.T.);
#717=EDGE_CURVE('',#895,#894,#978,.T.);
#718=EDGE_CURVE('',#895,#896,#156,.T.);
#719=EDGE_CURVE('',#897,#896,#979,.F.);
#720=EDGE_CURVE('',#892,#897,#59,.T.);
#721=EDGE_CURVE('',#781,#898,#980,.F.);
#722=EDGE_CURVE('',#899,#783,#981,.T.);
#723=EDGE_CURVE('',#900,#899,#60,.T.);
#724=EDGE_CURVE('',#889,#900,#982,.F.);
#725=EDGE_CURVE('',#901,#891,#983,.T.);
#726=EDGE_CURVE('',#898,#901,#61,.T.);
#727=EDGE_CURVE('',#902,#895,#62,.T.);
#728=EDGE_CURVE('',#902,#903,#157,.T.);
#729=EDGE_CURVE('',#896,#903,#63,.T.);
#730=EDGE_CURVE('',#903,#904,#984,.F.);
#731=EDGE_CURVE('',#905,#902,#985,.T.);
#732=EDGE_CURVE('',#905,#904,#158,.T.);
#733=EDGE_CURVE('',#838,#905,#64,.T.);
#734=EDGE_CURVE('',#904,#837,#65,.T.);
#735=EDGE_CURVE('',#906,#822,#986,.T.);
#736=EDGE_CURVE('',#906,#907,#159,.T.);
#737=EDGE_CURVE('',#823,#907,#987,.T.);
#738=EDGE_CURVE('',#858,#907,#66,.T.);
#739=EDGE_CURVE('',#906,#859,#67,.T.);
#740=EDGE_CURVE('',#870,#867,#68,.T.);
#741=EDGE_CURVE('',#865,#868,#69,.T.);
#742=EDGE_CURVE('',#866,#824,#70,.T.);
#743=EDGE_CURVE('',#825,#864,#71,.T.);
#744=EDGE_CURVE('',#886,#882,#72,.T.);
#745=EDGE_CURVE('',#883,#884,#73,.T.);
#746=EDGE_CURVE('',#890,#887,#74,.T.);
#747=EDGE_CURVE('',#885,#888,#75,.T.);
#748=EDGE_CURVE('',#846,#821,#988,.T.);
#749=EDGE_CURVE('',#847,#820,#989,.T.);
#750=EDGE_CURVE('',#816,#843,#990,.T.);
#751=EDGE_CURVE('',#817,#842,#991,.T.);
#752=EDGE_CURVE('',#879,#815,#992,.T.);
#753=EDGE_CURVE('',#878,#809,#993,.T.);
#754=EDGE_CURVE('',#811,#881,#994,.T.);
#755=EDGE_CURVE('',#812,#880,#995,.T.);
#756=EDGE_CURVE('',#802,#877,#996,.T.);
#757=EDGE_CURVE('',#803,#900,#997,.T.);
#758=EDGE_CURVE('',#801,#899,#998,.T.);
#759=EDGE_CURVE('',#800,#872,#999,.T.);
#760=EDGE_CURVE('',#873,#805,#1000,.T.);
#761=EDGE_CURVE('',#898,#804,#1001,.T.);
#762=EDGE_CURVE('',#874,#807,#1002,.T.);
#763=EDGE_CURVE('',#901,#806,#1003,.T.);
#764=EDGE_CURVE('',#793,#835,#1004,.T.);
#765=EDGE_CURVE('',#792,#892,#1005,.T.);
#766=EDGE_CURVE('',#794,#897,#1006,.T.);
#767=EDGE_CURVE('',#795,#836,#1007,.T.);
#768=EDGE_CURVE('',#893,#797,#1008,.T.);
#769=EDGE_CURVE('',#834,#796,#1009,.T.);
#770=EDGE_CURVE('',#894,#799,#1010,.T.);
#771=EDGE_CURVE('',#839,#798,#1011,.T.);
#772=VERTEX_POINT('',#1822);
#773=VERTEX_POINT('',#1823);
#774=VERTEX_POINT('',#1825);
#775=VERTEX_POINT('',#1827);
#776=VERTEX_POINT('',#1831);
#777=VERTEX_POINT('',#1832);
#778=VERTEX_POINT('',#1834);
#779=VERTEX_POINT('',#1836);
#780=VERTEX_POINT('',#1840);
#781=VERTEX_POINT('',#1841);
#782=VERTEX_POINT('',#1843);
#783=VERTEX_POINT('',#1845);
#784=VERTEX_POINT('',#1852);
#785=VERTEX_POINT('',#1853);
#786=VERTEX_POINT('',#1855);
#787=VERTEX_POINT('',#1860);
#788=VERTEX_POINT('',#1864);
#789=VERTEX_POINT('',#1866);
#790=VERTEX_POINT('',#1873);
#791=VERTEX_POINT('',#1878);
#792=VERTEX_POINT('',#1900);
#793=VERTEX_POINT('',#1901);
#794=VERTEX_POINT('',#1907);
#795=VERTEX_POINT('',#1909);
#796=VERTEX_POINT('',#1916);
#797=VERTEX_POINT('',#1917);
#798=VERTEX_POINT('',#1923);
#799=VERTEX_POINT('',#1925);
#800=VERTEX_POINT('',#1932);
#801=VERTEX_POINT('',#1933);
#802=VERTEX_POINT('',#1939);
#803=VERTEX_POINT('',#1941);
#804=VERTEX_POINT('',#1948);
#805=VERTEX_POINT('',#1949);
#806=VERTEX_POINT('',#1955);
#807=VERTEX_POINT('',#1957);
#808=VERTEX_POINT('',#1964);
#809=VERTEX_POINT('',#1965);
#810=VERTEX_POINT('',#1967);
#811=VERTEX_POINT('',#1969);
#812=VERTEX_POINT('',#1975);
#813=VERTEX_POINT('',#1977);
#814=VERTEX_POINT('',#1979);
#815=VERTEX_POINT('',#1981);
#816=VERTEX_POINT('',#1992);
#817=VERTEX_POINT('',#1993);
#818=VERTEX_POINT('',#1995);
#819=VERTEX_POINT('',#1997);
#820=VERTEX_POINT('',#1999);
#821=VERTEX_POINT('',#2005);
#822=VERTEX_POINT('',#2007);
#823=VERTEX_POINT('',#2009);
#824=VERTEX_POINT('',#2013);
#825=VERTEX_POINT('',#2014);
#826=VERTEX_POINT('',#2019);
#827=VERTEX_POINT('',#2020);
#828=VERTEX_POINT('',#2022);
#829=VERTEX_POINT('',#2024);
#830=VERTEX_POINT('',#2028);
#831=VERTEX_POINT('',#2029);
#832=VERTEX_POINT('',#2031);
#833=VERTEX_POINT('',#2033);
#834=VERTEX_POINT('',#2037);
#835=VERTEX_POINT('',#2039);
#836=VERTEX_POINT('',#2045);
#837=VERTEX_POINT('',#2047);
#838=VERTEX_POINT('',#2049);
#839=VERTEX_POINT('',#2051);
#840=VERTEX_POINT('',#2058);
#841=VERTEX_POINT('',#2059);
#842=VERTEX_POINT('',#2061);
#843=VERTEX_POINT('',#2067);
#844=VERTEX_POINT('',#2069);
#845=VERTEX_POINT('',#2071);
#846=VERTEX_POINT('',#2073);
#847=VERTEX_POINT('',#2079);
#848=VERTEX_POINT('',#2083);
#849=VERTEX_POINT('',#2084);
#850=VERTEX_POINT('',#2089);
#851=VERTEX_POINT('',#2090);
#852=VERTEX_POINT('',#2095);
#853=VERTEX_POINT('',#2096);
#854=VERTEX_POINT('',#2098);
#855=VERTEX_POINT('',#2100);
#856=VERTEX_POINT('',#2104);
#857=VERTEX_POINT('',#2105);
#858=VERTEX_POINT('',#2107);
#859=VERTEX_POINT('',#2109);
#860=VERTEX_POINT('',#2113);
#861=VERTEX_POINT('',#2114);
#862=VERTEX_POINT('',#2140);
#863=VERTEX_POINT('',#2142);
#864=VERTEX_POINT('',#2170);
#865=VERTEX_POINT('',#2171);
#866=VERTEX_POINT('',#2173);
#867=VERTEX_POINT('',#2175);
#868=VERTEX_POINT('',#2179);
#869=VERTEX_POINT('',#2180);
#870=VERTEX_POINT('',#2182);
#871=VERTEX_POINT('',#2184);
#872=VERTEX_POINT('',#2188);
#873=VERTEX_POINT('',#2190);
#874=VERTEX_POINT('',#2196);
#875=VERTEX_POINT('',#2198);
#876=VERTEX_POINT('',#2200);
#877=VERTEX_POINT('',#2202);
#878=VERTEX_POINT('',#2209);
#879=VERTEX_POINT('',#2215);
#880=VERTEX_POINT('',#2218);
#881=VERTEX_POINT('',#2224);
#882=VERTEX_POINT('',#2228);
#883=VERTEX_POINT('',#2230);
#884=VERTEX_POINT('',#2234);
#885=VERTEX_POINT('',#2235);
#886=VERTEX_POINT('',#2237);
#887=VERTEX_POINT('',#2239);
#888=VERTEX_POINT('',#2243);
#889=VERTEX_POINT('',#2244);
#890=VERTEX_POINT('',#2246);
#891=VERTEX_POINT('',#2248);
#892=VERTEX_POINT('',#2252);
#893=VERTEX_POINT('',#2254);
#894=VERTEX_POINT('',#2260);
#895=VERTEX_POINT('',#2262);
#896=VERTEX_POINT('',#2264);
#897=VERTEX_POINT('',#2266);
#898=VERTEX_POINT('',#2273);
#899=VERTEX_POINT('',#2275);
#900=VERTEX_POINT('',#2281);
#901=VERTEX_POINT('',#2284);
#902=VERTEX_POINT('',#2295);
#903=VERTEX_POINT('',#2297);
#904=VERTEX_POINT('',#2304);
#905=VERTEX_POINT('',#2306);
#906=VERTEX_POINT('',#2319);
#907=VERTEX_POINT('',#2321);
#908=LINE('',#1821,#1012);
#909=LINE('',#1826,#1013);
#910=LINE('',#1830,#1014);
#911=LINE('',#1835,#1015);
#912=LINE('',#1839,#1016);
#913=LINE('',#1844,#1017);
#914=LINE('',#1863,#1018);
#915=LINE('',#1865,#1019);
#916=LINE('',#1899,#1020);
#917=LINE('',#1908,#1021);
#918=LINE('',#1915,#1022);
#919=LINE('',#1924,#1023);
#920=LINE('',#1931,#1024);
#921=LINE('',#1940,#1025);
#922=LINE('',#1947,#1026);
#923=LINE('',#1956,#1027);
#924=LINE('',#1963,#1028);
#925=LINE('',#1968,#1029);
#926=LINE('',#1976,#1030);
#927=LINE('',#1980,#1031);
#928=LINE('',#1994,#1032);
#929=LINE('',#1998,#1033);
#930=LINE('',#2006,#1034);
#931=LINE('',#2010,#1035);
#932=LINE('',#2015,#1036);
#933=LINE('',#2016,#1037);
#934=LINE('',#2018,#1038);
#935=LINE('',#2023,#1039);
#936=LINE('',#2027,#1040);
#937=LINE('',#2032,#1041);
#938=LINE('',#2036,#1042);
#939=LINE('',#2038,#1043);
#940=LINE('',#2046,#1044);
#941=LINE('',#2050,#1045);
#942=LINE('',#2060,#1046);
#943=LINE('',#2068,#1047);
#944=LINE('',#2072,#1048);
#945=LINE('',#2080,#1049);
#946=LINE('',#2085,#1050);
#947=LINE('',#2086,#1051);
#948=LINE('',#2091,#1052);
#949=LINE('',#2092,#1053);
#950=LINE('',#2097,#1054);
#951=LINE('',#2101,#1055);
#952=LINE('',#2106,#1056);
#953=LINE('',#2110,#1057);
#954=LINE('',#2115,#1058);
#955=LINE('',#2116,#1059);
#956=LINE('',#2166,#1060);
#957=LINE('',#2167,#1061);
#958=LINE('',#2169,#1062);
#959=LINE('',#2174,#1063);
#960=LINE('',#2178,#1064);
#961=LINE('',#2183,#1065);
#962=LINE('',#2187,#1066);
#963=LINE('',#2189,#1067);
#964=LINE('',#2197,#1068);
#965=LINE('',#2201,#1069);
#966=LINE('',#2208,#1070);
#967=LINE('',#2216,#1071);
#968=LINE('',#2217,#1072);
#969=LINE('',#2225,#1073);
#970=LINE('',#2227,#1074);
#971=LINE('',#2231,#1075);
#972=LINE('',#2233,#1076);
#973=LINE('',#2238,#1077);
#974=LINE('',#2242,#1078);
#975=LINE('',#2247,#1079);
#976=LINE('',#2251,#1080);
#977=LINE('',#2253,#1081);
#978=LINE('',#2261,#1082);
#979=LINE('',#2265,#1083);
#980=LINE('',#2272,#1084);
#981=LINE('',#2274,#1085);
#982=LINE('',#2282,#1086);
#983=LINE('',#2283,#1087);
#984=LINE('',#2303,#1088);
#985=LINE('',#2305,#1089);
#986=LINE('',#2318,#1090);
#987=LINE('',#2322,#1091);
#988=LINE('',#2369,#1092);
#989=LINE('',#2371,#1093);
#990=LINE('',#2374,#1094);
#991=LINE('',#2376,#1095);
#992=LINE('',#2379,#1096);
#993=LINE('',#2381,#1097);
#994=LINE('',#2384,#1098);
#995=LINE('',#2385,#1099);
#996=LINE('',#2389,#1100);
#997=LINE('',#2390,#1101);
#998=LINE('',#2392,#1102);
#999=LINE('',#2393,#1103);
#1000=LINE('',#2397,#1104);
#1001=LINE('',#2398,#1105);
#1002=LINE('',#2400,#1106);
#1003=LINE('',#2402,#1107);
#1004=LINE('',#2405,#1108);
#1005=LINE('',#2406,#1109);
#1006=LINE('',#2408,#1110);
#1007=LINE('',#2409,#1111);
#1008=LINE('',#2413,#1112);
#1009=LINE('',#2414,#1113);
#1010=LINE('',#2416,#1114);
#1011=LINE('',#2418,#1115);
#1012=VECTOR('',#1493,1000.);
#1013=VECTOR('',#1496,1000.);
#1014=VECTOR('',#1501,1000.);
#1015=VECTOR('',#1504,1000.);
#1016=VECTOR('',#1509,1000.);
#1017=VECTOR('',#1512,1000.);
#1018=VECTOR('',#1523,1000.);
#1019=VECTOR('',#1524,1000.);
#1020=VECTOR('',#1537,1000.);
#1021=VECTOR('',#1538,1000.);
#1022=VECTOR('',#1539,1000.);
#1023=VECTOR('',#1540,1000.);
#1024=VECTOR('',#1541,1000.);
#1025=VECTOR('',#1542,1000.);
#1026=VECTOR('',#1543,1000.);
#1027=VECTOR('',#1544,1000.);
#1028=VECTOR('',#1545,1000.);
#1029=VECTOR('',#1548,1000.);
#1030=VECTOR('',#1549,1000.);
#1031=VECTOR('',#1552,1000.);
#1032=VECTOR('',#1553,1000.);
#1033=VECTOR('',#1556,1000.);
#1034=VECTOR('',#1557,1000.);
#1035=VECTOR('',#1560,1000.);
#1036=VECTOR('',#1565,1000.);
#1037=VECTOR('',#1566,1000.);
#1038=VECTOR('',#1569,1000.);
#1039=VECTOR('',#1572,1000.);
#1040=VECTOR('',#1577,1000.);
#1041=VECTOR('',#1580,1000.);
#1042=VECTOR('',#1585,1000.);
#1043=VECTOR('',#1586,1000.);
#1044=VECTOR('',#1587,1000.);
#1045=VECTOR('',#1590,1000.);
#1046=VECTOR('',#1593,1000.);
#1047=VECTOR('',#1594,1000.);
#1048=VECTOR('',#1597,1000.);
#1049=VECTOR('',#1598,1000.);
#1050=VECTOR('',#1603,1000.);
#1051=VECTOR('',#1604,1000.);
#1052=VECTOR('',#1609,1000.);
#1053=VECTOR('',#1610,1000.);
#1054=VECTOR('',#1615,1000.);
#1055=VECTOR('',#1618,1000.);
#1056=VECTOR('',#1623,1000.);
#1057=VECTOR('',#1626,1000.);
#1058=VECTOR('',#1631,1000.);
#1059=VECTOR('',#1632,1000.);
#1060=VECTOR('',#1647,1000.);
#1061=VECTOR('',#1648,1000.);
#1062=VECTOR('',#1651,1000.);
#1063=VECTOR('',#1654,1000.);
#1064=VECTOR('',#1659,1000.);
#1065=VECTOR('',#1662,1000.);
#1066=VECTOR('',#1667,1000.);
#1067=VECTOR('',#1668,1000.);
#1068=VECTOR('',#1669,1000.);
#1069=VECTOR('',#1672,1000.);
#1070=VECTOR('',#1673,1000.);
#1071=VECTOR('',#1674,1000.);
#1072=VECTOR('',#1675,1000.);
#1073=VECTOR('',#1676,1000.);
#1074=VECTOR('',#1679,1000.);
#1075=VECTOR('',#1682,1000.);
#1076=VECTOR('',#1685,1000.);
#1077=VECTOR('',#1688,1000.);
#1078=VECTOR('',#1693,1000.);
#1079=VECTOR('',#1696,1000.);
#1080=VECTOR('',#1701,1000.);
#1081=VECTOR('',#1702,1000.);
#1082=VECTOR('',#1703,1000.);
#1083=VECTOR('',#1706,1000.);
#1084=VECTOR('',#1707,1000.);
#1085=VECTOR('',#1708,1000.);
#1086=VECTOR('',#1709,1000.);
#1087=VECTOR('',#1710,1000.);
#1088=VECTOR('',#1717,1000.);
#1089=VECTOR('',#1718,1000.);
#1090=VECTOR('',#1725,1000.);
#1091=VECTOR('',#1728,1000.);
#1092=VECTOR('',#1741,1000.);
#1093=VECTOR('',#1744,1000.);
#1094=VECTOR('',#1749,1000.);
#1095=VECTOR('',#1752,1000.);
#1096=VECTOR('',#1757,1000.);
#1097=VECTOR('',#1760,1000.);
#1098=VECTOR('',#1765,1000.);
#1099=VECTOR('',#1766,1000.);
#1100=VECTOR('',#1773,1000.);
#1101=VECTOR('',#1774,1000.);
#1102=VECTOR('',#1777,1000.);
#1103=VECTOR('',#1778,1000.);
#1104=VECTOR('',#1785,1000.);
#1105=VECTOR('',#1786,1000.);
#1106=VECTOR('',#1789,1000.);
#1107=VECTOR('',#1792,1000.);
#1108=VECTOR('',#1797,1000.);
#1109=VECTOR('',#1798,1000.);
#1110=VECTOR('',#1801,1000.);
#1111=VECTOR('',#1802,1000.);
#1112=VECTOR('',#1809,1000.);
#1113=VECTOR('',#1810,1000.);
#1114=VECTOR('',#1813,1000.);
#1115=VECTOR('',#1816,1000.);
#1116=EDGE_LOOP('',(#160,#161,#162,#163));
#1117=EDGE_LOOP('',(#164,#165,#166,#167));
#1118=EDGE_LOOP('',(#168,#169,#170,#171));
#1119=EDGE_LOOP('',(#172,#173,#174,#175));
#1120=EDGE_LOOP('',(#176,#177,#178,#179));
#1121=EDGE_LOOP('',(#180,#181,#182,#183));
#1122=EDGE_LOOP('',(#184,#185,#186,#187));
#1123=EDGE_LOOP('',(#188,#189,#190,#191));
#1124=EDGE_LOOP('',(#192,#193,#194,#195));
#1125=EDGE_LOOP('',(#196,#197,#198,#199));
#1126=EDGE_LOOP('',(#200,#201,#202,#203));
#1127=EDGE_LOOP('',(#204,#205,#206,#207));
#1128=EDGE_LOOP('',(#208,#209,#210,#211,#212,#213,#214,#215));
#1129=EDGE_LOOP('',(#216,#217,#218,#219,#220,#221,#222,#223));
#1130=EDGE_LOOP('',(#224,#225,#226,#227));
#1131=EDGE_LOOP('',(#228,#229,#230,#231));
#1132=EDGE_LOOP('',(#232,#233,#234,#235));
#1133=EDGE_LOOP('',(#236,#237,#238,#239,#240,#241,#242,#243));
#1134=EDGE_LOOP('',(#244,#245,#246,#247,#248,#249,#250,#251));
#1135=EDGE_LOOP('',(#252,#253,#254,#255));
#1136=EDGE_LOOP('',(#256,#257,#258,#259));
#1137=EDGE_LOOP('',(#260,#261,#262,#263));
#1138=EDGE_LOOP('',(#264,#265,#266,#267));
#1139=EDGE_LOOP('',(#268,#269,#270,#271));
#1140=EDGE_LOOP('',(#272,#273,#274,#275));
#1141=EDGE_LOOP('',(#276,#277,#278,#279));
#1142=EDGE_LOOP('',(#280,#281,#282,#283));
#1143=EDGE_LOOP('',(#284,#285,#286,#287));
#1144=EDGE_LOOP('',(#288,#289,#290,#291));
#1145=EDGE_LOOP('',(#292,#293,#294,#295));
#1146=EDGE_LOOP('',(#296,#297,#298,#299));
#1147=EDGE_LOOP('',(#300,#301,#302,#303));
#1148=EDGE_LOOP('',(#304,#305,#306,#307,#308,#309,#310,#311));
#1149=EDGE_LOOP('',(#312,#313,#314,#315,#316,#317,#318,#319));
#1150=EDGE_LOOP('',(#320,#321,#322,#323));
#1151=EDGE_LOOP('',(#324,#325,#326,#327));
#1152=EDGE_LOOP('',(#328,#329,#330,#331));
#1153=EDGE_LOOP('',(#332,#333,#334,#335,#336,#337,#338,#339));
#1154=EDGE_LOOP('',(#340,#341,#342,#343,#344,#345,#346,#347));
#1155=EDGE_LOOP('',(#348,#349,#350,#351));
#1156=EDGE_LOOP('',(#352,#353,#354,#355));
#1157=EDGE_LOOP('',(#356,#357,#358,#359));
#1158=EDGE_LOOP('',(#360,#361,#362,#363));
#1159=EDGE_LOOP('',(#364,#365,#366,#367));
#1160=EDGE_LOOP('',(#368,#369,#370,#371));
#1161=EDGE_LOOP('',(#372,#373,#374,#375));
#1162=EDGE_LOOP('',(#376,#377,#378,#379));
#1163=EDGE_LOOP('',(#380,#381,#382,#383));
#1164=EDGE_LOOP('',(#384,#385,#386,#387,#388,#389,#390,#391));
#1165=EDGE_LOOP('',(#392,#393,#394,#395,#396,#397,#398,#399));
#1166=EDGE_LOOP('',(#400,#401,#402,#403));
#1167=EDGE_LOOP('',(#404,#405,#406,#407,#408,#409,#410,#411));
#1168=EDGE_LOOP('',(#412,#413,#414,#415,#416,#417,#418,#419));
#1169=EDGE_LOOP('',(#420,#421,#422,#423));
#1170=EDGE_LOOP('',(#424,#425,#426,#427,#428,#429,#430,#431));
#1171=EDGE_LOOP('',(#432,#433,#434,#435,#436,#437,#438,#439));
#1172=EDGE_LOOP('',(#440,#441,#442,#443));
#1173=EDGE_LOOP('',(#444,#445,#446,#447));
#1174=EDGE_LOOP('',(#448,#449,#450,#451,#452,#453,#454,#455));
#1175=EDGE_LOOP('',(#456,#457,#458,#459,#460,#461,#462,#463));
#1176=EDGE_LOOP('',(#464,#465,#466,#467,#468,#469,#470,#471,#472,#473));
#1177=EDGE_LOOP('',(#474,#475,#476,#477,#478,#479,#480,#481,#482,#483));
#1178=EDGE_LOOP('',(#484,#485,#486,#487));
#1179=EDGE_LOOP('',(#488,#489,#490,#491));
#1180=EDGE_LOOP('',(#492,#493,#494,#495,#496,#497,#498,#499,#500,#501));
#1181=EDGE_LOOP('',(#502,#503,#504,#505));
#1182=EDGE_LOOP('',(#506,#507,#508,#509,#510,#511,#512,#513,#514,#515));
#1183=EDGE_LOOP('',(#516,#517,#518,#519));
#1184=EDGE_LOOP('',(#520,#521,#522,#523,#524,#525,#526,#527));
#1185=EDGE_LOOP('',(#528,#529,#530,#531,#532,#533,#534,#535));
#1186=EDGE_LOOP('',(#536,#537,#538,#539));
#1187=EDGE_LOOP('',(#540,#541,#542,#543));
#1188=EDGE_LOOP('',(#544,#545,#546,#547,#548,#549,#550,#551));
#1189=EDGE_LOOP('',(#552,#553,#554,#555));
#1190=EDGE_LOOP('',(#556,#557,#558,#559,#560,#561,#562,#563));
#1191=EDGE_LOOP('',(#564,#565,#566,#567));
#1192=FACE_BOUND('',#1116,.T.);
#1193=FACE_BOUND('',#1117,.T.);
#1194=FACE_BOUND('',#1118,.T.);
#1195=FACE_BOUND('',#1119,.T.);
#1196=FACE_BOUND('',#1120,.T.);
#1197=FACE_BOUND('',#1121,.T.);
#1198=FACE_BOUND('',#1122,.T.);
#1199=FACE_BOUND('',#1123,.T.);
#1200=FACE_BOUND('',#1124,.T.);
#1201=FACE_BOUND('',#1125,.T.);
#1202=FACE_BOUND('',#1126,.T.);
#1203=FACE_BOUND('',#1127,.T.);
#1204=FACE_BOUND('',#1128,.T.);
#1205=FACE_BOUND('',#1129,.T.);
#1206=FACE_BOUND('',#1130,.T.);
#1207=FACE_BOUND('',#1131,.T.);
#1208=FACE_BOUND('',#1132,.T.);
#1209=FACE_BOUND('',#1133,.T.);
#1210=FACE_BOUND('',#1134,.T.);
#1211=FACE_BOUND('',#1135,.T.);
#1212=FACE_BOUND('',#1136,.T.);
#1213=FACE_BOUND('',#1137,.T.);
#1214=FACE_BOUND('',#1138,.T.);
#1215=FACE_BOUND('',#1139,.T.);
#1216=FACE_BOUND('',#1140,.T.);
#1217=FACE_BOUND('',#1141,.T.);
#1218=FACE_BOUND('',#1142,.T.);
#1219=FACE_BOUND('',#1143,.T.);
#1220=FACE_BOUND('',#1144,.T.);
#1221=FACE_BOUND('',#1145,.T.);
#1222=FACE_BOUND('',#1146,.T.);
#1223=FACE_BOUND('',#1147,.T.);
#1224=FACE_BOUND('',#1148,.T.);
#1225=FACE_BOUND('',#1149,.T.);
#1226=FACE_BOUND('',#1150,.T.);
#1227=FACE_BOUND('',#1151,.T.);
#1228=FACE_BOUND('',#1152,.T.);
#1229=FACE_BOUND('',#1153,.T.);
#1230=FACE_BOUND('',#1154,.T.);
#1231=FACE_BOUND('',#1155,.T.);
#1232=FACE_BOUND('',#1156,.T.);
#1233=FACE_BOUND('',#1157,.T.);
#1234=FACE_BOUND('',#1158,.T.);
#1235=FACE_BOUND('',#1159,.T.);
#1236=FACE_BOUND('',#1160,.T.);
#1237=FACE_BOUND('',#1161,.T.);
#1238=FACE_BOUND('',#1162,.T.);
#1239=FACE_BOUND('',#1163,.T.);
#1240=FACE_BOUND('',#1164,.T.);
#1241=FACE_BOUND('',#1165,.T.);
#1242=FACE_BOUND('',#1166,.T.);
#1243=FACE_BOUND('',#1167,.T.);
#1244=FACE_BOUND('',#1168,.T.);
#1245=FACE_BOUND('',#1169,.T.);
#1246=FACE_BOUND('',#1170,.T.);
#1247=FACE_BOUND('',#1171,.T.);
#1248=FACE_BOUND('',#1172,.T.);
#1249=FACE_BOUND('',#1173,.T.);
#1250=FACE_BOUND('',#1174,.T.);
#1251=FACE_BOUND('',#1175,.T.);
#1252=FACE_BOUND('',#1176,.T.);
#1253=FACE_BOUND('',#1177,.T.);
#1254=FACE_BOUND('',#1178,.T.);
#1255=FACE_BOUND('',#1179,.T.);
#1256=FACE_BOUND('',#1180,.T.);
#1257=FACE_BOUND('',#1181,.T.);
#1258=FACE_BOUND('',#1182,.T.);
#1259=FACE_BOUND('',#1183,.T.);
#1260=FACE_BOUND('',#1184,.T.);
#1261=FACE_BOUND('',#1185,.T.);
#1262=FACE_BOUND('',#1186,.T.);
#1263=FACE_BOUND('',#1187,.T.);
#1264=FACE_BOUND('',#1188,.T.);
#1265=FACE_BOUND('',#1189,.T.);
#1266=FACE_BOUND('',#1190,.T.);
#1267=FACE_BOUND('',#1191,.T.);
#1268=PLANE('',#1377);
#1269=PLANE('',#1383);
#1270=PLANE('',#1400);
#1271=PLANE('',#1405);
#1272=PLANE('',#1412);
#1273=PLANE('',#1414);
#1274=PLANE('',#1422);
#1275=PLANE('',#1430);
#1276=PLANE('',#1434);
#1277=PLANE('',#1439);
#1278=PLANE('',#1444);
#1279=PLANE('',#1454);
#1280=PLANE('',#1461);
#1281=PLANE('',#1462);
#1282=PLANE('',#1464);
#1283=PLANE('',#1465);
#1284=PLANE('',#1467);
#1285=PLANE('',#1468);
#1286=PLANE('',#1471);
#1287=PLANE('',#1472);
#1288=PLANE('',#1473);
#1289=PLANE('',#1474);
#1290=PLANE('',#1477);
#1291=PLANE('',#1479);
#1292=PLANE('',#1481);
#1293=PLANE('',#1482);
#1294=PLANE('',#1485);
#1295=PLANE('',#1487);
#1296=ADVANCED_FACE('',(#1192),#1268,.T.);
#1297=ADVANCED_FACE('',(#1193),#92,.T.);
#1298=ADVANCED_FACE('',(#1194),#1269,.T.);
#1299=ADVANCED_FACE('',(#1195),#76,.T.);
#1300=ADVANCED_FACE('',(#1196),#93,.T.);
#1301=ADVANCED_FACE('',(#1197),#77,.T.);
#1302=ADVANCED_FACE('',(#1198),#78,.T.);
#1303=ADVANCED_FACE('',(#1199),#79,.T.);
#1304=ADVANCED_FACE('',(#1200,#1201,#1202,#1203,#1204,#1205),#94,.F.);
#1305=ADVANCED_FACE('',(#1206),#1270,.T.);
#1306=ADVANCED_FACE('',(#1207),#95,.T.);
#1307=ADVANCED_FACE('',(#1208),#1271,.T.);
#1308=ADVANCED_FACE('',(#1209,#1210),#96,.T.);
#1309=ADVANCED_FACE('',(#1211),#1272,.T.);
#1310=ADVANCED_FACE('',(#1212),#1273,.T.);
#1311=ADVANCED_FACE('',(#1213),#97,.T.);
#1312=ADVANCED_FACE('',(#1214),#98,.T.);
#1313=ADVANCED_FACE('',(#1215),#1274,.T.);
#1314=ADVANCED_FACE('',(#1216),#80,.T.);
#1315=ADVANCED_FACE('',(#1217),#81,.T.);
#1316=ADVANCED_FACE('',(#1218),#82,.T.);
#1317=ADVANCED_FACE('',(#1219),#83,.T.);
#1318=ADVANCED_FACE('',(#1220),#84,.T.);
#1319=ADVANCED_FACE('',(#1221),#1275,.T.);
#1320=ADVANCED_FACE('',(#1222),#99,.T.);
#1321=ADVANCED_FACE('',(#1223),#1276,.T.);
#1322=ADVANCED_FACE('',(#1224,#1225),#100,.T.);
#1323=ADVANCED_FACE('',(#1226),#1277,.T.);
#1324=ADVANCED_FACE('',(#1227),#101,.T.);
#1325=ADVANCED_FACE('',(#1228),#1278,.T.);
#1326=ADVANCED_FACE('',(#1229,#1230),#102,.T.);
#1327=ADVANCED_FACE('',(#1231),#85,.T.);
#1328=ADVANCED_FACE('',(#1232),#103,.T.);
#1329=ADVANCED_FACE('',(#1233),#86,.T.);
#1330=ADVANCED_FACE('',(#1234),#1279,.T.);
#1331=ADVANCED_FACE('',(#1235),#87,.T.);
#1332=ADVANCED_FACE('',(#1236),#88,.T.);
#1333=ADVANCED_FACE('',(#1237),#89,.T.);
#1334=ADVANCED_FACE('',(#1238),#90,.T.);
#1335=ADVANCED_FACE('',(#1239),#91,.T.);
#1336=ADVANCED_FACE('',(#1240),#1280,.T.);
#1337=ADVANCED_FACE('',(#1241),#1281,.T.);
#1338=ADVANCED_FACE('',(#1242),#104,.F.);
#1339=ADVANCED_FACE('',(#1243),#1282,.T.);
#1340=ADVANCED_FACE('',(#1244),#1283,.T.);
#1341=ADVANCED_FACE('',(#1245),#105,.F.);
#1342=ADVANCED_FACE('',(#1246),#1284,.F.);
#1343=ADVANCED_FACE('',(#1247),#1285,.F.);
#1344=ADVANCED_FACE('',(#1248),#106,.F.);
#1345=ADVANCED_FACE('',(#1249),#107,.F.);
#1346=ADVANCED_FACE('',(#1250),#1286,.F.);
#1347=ADVANCED_FACE('',(#1251),#1287,.F.);
#1348=ADVANCED_FACE('',(#1252),#1288,.F.);
#1349=ADVANCED_FACE('',(#1253),#1289,.F.);
#1350=ADVANCED_FACE('',(#1254),#108,.F.);
#1351=ADVANCED_FACE('',(#1255),#109,.F.);
#1352=ADVANCED_FACE('',(#1256),#1290,.F.);
#1353=ADVANCED_FACE('',(#1257),#110,.F.);
#1354=ADVANCED_FACE('',(#1258),#1291,.F.);
#1355=ADVANCED_FACE('',(#1259),#111,.F.);
#1356=ADVANCED_FACE('',(#1260),#1292,.F.);
#1357=ADVANCED_FACE('',(#1261),#1293,.F.);
#1358=ADVANCED_FACE('',(#1262),#112,.F.);
#1359=ADVANCED_FACE('',(#1263),#113,.F.);
#1360=ADVANCED_FACE('',(#1264),#1294,.F.);
#1361=ADVANCED_FACE('',(#1265),#114,.F.);
#1362=ADVANCED_FACE('',(#1266),#1295,.F.);
#1363=ADVANCED_FACE('',(#1267),#115,.F.);
#1364=CLOSED_SHELL('',(#1296,#1297,#1298,#1299,#1300,#1301,#1302,#1303,
#1304,#1305,#1306,#1307,#1308,#1309,#1310,#1311,#1312,#1313,#1314,#1315,
#1316,#1317,#1318,#1319,#1320,#1321,#1322,#1323,#1324,#1325,#1326,#1327,
#1328,#1329,#1330,#1331,#1332,#1333,#1334,#1335,#1336,#1337,#1338,#1339,
#1340,#1341,#1342,#1343,#1344,#1345,#1346,#1347,#1348,#1349,#1350,#1351,
#1352,#1353,#1354,#1355,#1356,#1357,#1358,#1359,#1360,#1361,#1362,#1363));
#1365=STYLED_ITEM('',(#1366),#1373);
#1366=PRESENTATION_STYLE_ASSIGNMENT((#1367));
#1367=SURFACE_STYLE_USAGE(.BOTH.,#1368);
#1368=SURFACE_SIDE_STYLE('',(#1369));
#1369=SURFACE_STYLE_FILL_AREA(#1370);
#1370=FILL_AREA_STYLE('',(#1371));
#1371=FILL_AREA_STYLE_COLOUR('',#1372);
#1372=COLOUR_RGB('',0.,0.25,0.75);
#1373=MANIFOLD_SOLID_BREP('',#1364);
#1374=SHAPE_DEFINITION_REPRESENTATION(#2426,#1375);
#1375=SHAPE_REPRESENTATION('Blue_4514553_MCM',(#1376),#2421);
#1376=AXIS2_PLACEMENT_3D('',#1819,#1489,#1490);
#1377=AXIS2_PLACEMENT_3D('',#1820,#1491,#1492);
#1378=AXIS2_PLACEMENT_3D('',#1824,#1494,#1495);
#1379=AXIS2_PLACEMENT_3D('',#1828,#1497,#1498);
#1380=AXIS2_PLACEMENT_3D('',#1829,#1499,#1500);
#1381=AXIS2_PLACEMENT_3D('',#1833,#1502,#1503);
#1382=AXIS2_PLACEMENT_3D('',#1837,#1505,#1506);
#1383=AXIS2_PLACEMENT_3D('',#1838,#1507,#1508);
#1384=AXIS2_PLACEMENT_3D('',#1842,#1510,#1511);
#1385=AXIS2_PLACEMENT_3D('',#1846,#1513,#1514);
#1386=AXIS2_PLACEMENT_3D('',#1847,#1515,#1516);
#1387=AXIS2_PLACEMENT_3D('',#1854,#1517,#1518);
#1388=AXIS2_PLACEMENT_3D('',#1861,#1519,#1520);
#1389=AXIS2_PLACEMENT_3D('',#1862,#1521,#1522);
#1390=AXIS2_PLACEMENT_3D('',#1867,#1525,#1526);
#1391=AXIS2_PLACEMENT_3D('',#1868,#1527,#1528);
#1392=AXIS2_PLACEMENT_3D('',#1879,#1529,#1530);
#1393=AXIS2_PLACEMENT_3D('',#1880,#1531,#1532);
#1394=AXIS2_PLACEMENT_3D('',#1889,#1533,#1534);
#1395=AXIS2_PLACEMENT_3D('',#1898,#1535,#1536);
#1396=AXIS2_PLACEMENT_3D('',#1966,#1546,#1547);
#1397=AXIS2_PLACEMENT_3D('',#1978,#1550,#1551);
#1398=AXIS2_PLACEMENT_3D('',#1996,#1554,#1555);
#1399=AXIS2_PLACEMENT_3D('',#2008,#1558,#1559);
#1400=AXIS2_PLACEMENT_3D('',#2011,#1561,#1562);
#1401=AXIS2_PLACEMENT_3D('',#2012,#1563,#1564);
#1402=AXIS2_PLACEMENT_3D('',#2017,#1567,#1568);
#1403=AXIS2_PLACEMENT_3D('',#2021,#1570,#1571);
#1404=AXIS2_PLACEMENT_3D('',#2025,#1573,#1574);
#1405=AXIS2_PLACEMENT_3D('',#2026,#1575,#1576);
#1406=AXIS2_PLACEMENT_3D('',#2030,#1578,#1579);
#1407=AXIS2_PLACEMENT_3D('',#2034,#1581,#1582);
#1408=AXIS2_PLACEMENT_3D('',#2035,#1583,#1584);
#1409=AXIS2_PLACEMENT_3D('',#2048,#1588,#1589);
#1410=AXIS2_PLACEMENT_3D('',#2057,#1591,#1592);
#1411=AXIS2_PLACEMENT_3D('',#2070,#1595,#1596);
#1412=AXIS2_PLACEMENT_3D('',#2081,#1599,#1600);
#1413=AXIS2_PLACEMENT_3D('',#2082,#1601,#1602);
#1414=AXIS2_PLACEMENT_3D('',#2087,#1605,#1606);
#1415=AXIS2_PLACEMENT_3D('',#2088,#1607,#1608);
#1416=AXIS2_PLACEMENT_3D('',#2093,#1611,#1612);
#1417=AXIS2_PLACEMENT_3D('',#2094,#1613,#1614);
#1418=AXIS2_PLACEMENT_3D('',#2099,#1616,#1617);
#1419=AXIS2_PLACEMENT_3D('',#2102,#1619,#1620);
#1420=AXIS2_PLACEMENT_3D('',#2103,#1621,#1622);
#1421=AXIS2_PLACEMENT_3D('',#2108,#1624,#1625);
#1422=AXIS2_PLACEMENT_3D('',#2111,#1627,#1628);
#1423=AXIS2_PLACEMENT_3D('',#2112,#1629,#1630);
#1424=AXIS2_PLACEMENT_3D('',#2117,#1633,#1634);
#1425=AXIS2_PLACEMENT_3D('',#2126,#1635,#1636);
#1426=AXIS2_PLACEMENT_3D('',#2135,#1637,#1638);
#1427=AXIS2_PLACEMENT_3D('',#2141,#1639,#1640);
#1428=AXIS2_PLACEMENT_3D('',#2147,#1641,#1642);
#1429=AXIS2_PLACEMENT_3D('',#2156,#1643,#1644);
#1430=AXIS2_PLACEMENT_3D('',#2165,#1645,#1646);
#1431=AXIS2_PLACEMENT_3D('',#2168,#1649,#1650);
#1432=AXIS2_PLACEMENT_3D('',#2172,#1652,#1653);
#1433=AXIS2_PLACEMENT_3D('',#2176,#1655,#1656);
#1434=AXIS2_PLACEMENT_3D('',#2177,#1657,#1658);
#1435=AXIS2_PLACEMENT_3D('',#2181,#1660,#1661);
#1436=AXIS2_PLACEMENT_3D('',#2185,#1663,#1664);
#1437=AXIS2_PLACEMENT_3D('',#2186,#1665,#1666);
#1438=AXIS2_PLACEMENT_3D('',#2199,#1670,#1671);
#1439=AXIS2_PLACEMENT_3D('',#2226,#1677,#1678);
#1440=AXIS2_PLACEMENT_3D('',#2229,#1680,#1681);
#1441=AXIS2_PLACEMENT_3D('',#2232,#1683,#1684);
#1442=AXIS2_PLACEMENT_3D('',#2236,#1686,#1687);
#1443=AXIS2_PLACEMENT_3D('',#2240,#1689,#1690);
#1444=AXIS2_PLACEMENT_3D('',#2241,#1691,#1692);
#1445=AXIS2_PLACEMENT_3D('',#2245,#1694,#1695);
#1446=AXIS2_PLACEMENT_3D('',#2249,#1697,#1698);
#1447=AXIS2_PLACEMENT_3D('',#2250,#1699,#1700);
#1448=AXIS2_PLACEMENT_3D('',#2263,#1704,#1705);
#1449=AXIS2_PLACEMENT_3D('',#2290,#1711,#1712);
#1450=AXIS2_PLACEMENT_3D('',#2296,#1713,#1714);
#1451=AXIS2_PLACEMENT_3D('',#2302,#1715,#1716);
#1452=AXIS2_PLACEMENT_3D('',#2307,#1719,#1720);
#1453=AXIS2_PLACEMENT_3D('',#2308,#1721,#1722);
#1454=AXIS2_PLACEMENT_3D('',#2317,#1723,#1724);
#1455=AXIS2_PLACEMENT_3D('',#2320,#1726,#1727);
#1456=AXIS2_PLACEMENT_3D('',#2323,#1729,#1730);
#1457=AXIS2_PLACEMENT_3D('',#2332,#1731,#1732);
#1458=AXIS2_PLACEMENT_3D('',#2341,#1733,#1734);
#1459=AXIS2_PLACEMENT_3D('',#2350,#1735,#1736);
#1460=AXIS2_PLACEMENT_3D('',#2359,#1737,#1738);
#1461=AXIS2_PLACEMENT_3D('',#2368,#1739,#1740);
#1462=AXIS2_PLACEMENT_3D('',#2370,#1742,#1743);
#1463=AXIS2_PLACEMENT_3D('',#2372,#1745,#1746);
#1464=AXIS2_PLACEMENT_3D('',#2373,#1747,#1748);
#1465=AXIS2_PLACEMENT_3D('',#2375,#1750,#1751);
#1466=AXIS2_PLACEMENT_3D('',#2377,#1753,#1754);
#1467=AXIS2_PLACEMENT_3D('',#2378,#1755,#1756);
#1468=AXIS2_PLACEMENT_3D('',#2380,#1758,#1759);
#1469=AXIS2_PLACEMENT_3D('',#2382,#1761,#1762);
#1470=AXIS2_PLACEMENT_3D('',#2383,#1763,#1764);
#1471=AXIS2_PLACEMENT_3D('',#2386,#1767,#1768);
#1472=AXIS2_PLACEMENT_3D('',#2387,#1769,#1770);
#1473=AXIS2_PLACEMENT_3D('',#2388,#1771,#1772);
#1474=AXIS2_PLACEMENT_3D('',#2391,#1775,#1776);
#1475=AXIS2_PLACEMENT_3D('',#2394,#1779,#1780);
#1476=AXIS2_PLACEMENT_3D('',#2395,#1781,#1782);
#1477=AXIS2_PLACEMENT_3D('',#2396,#1783,#1784);
#1478=AXIS2_PLACEMENT_3D('',#2399,#1787,#1788);
#1479=AXIS2_PLACEMENT_3D('',#2401,#1790,#1791);
#1480=AXIS2_PLACEMENT_3D('',#2403,#1793,#1794);
#1481=AXIS2_PLACEMENT_3D('',#2404,#1795,#1796);
#1482=AXIS2_PLACEMENT_3D('',#2407,#1799,#1800);
#1483=AXIS2_PLACEMENT_3D('',#2410,#1803,#1804);
#1484=AXIS2_PLACEMENT_3D('',#2411,#1805,#1806);
#1485=AXIS2_PLACEMENT_3D('',#2412,#1807,#1808);
#1486=AXIS2_PLACEMENT_3D('',#2415,#1811,#1812);
#1487=AXIS2_PLACEMENT_3D('',#2417,#1814,#1815);
#1488=AXIS2_PLACEMENT_3D('',#2419,#1817,#1818);
#1489=DIRECTION('',(0.,0.,1.));
#1490=DIRECTION('',(1.,0.,0.));
#1491=DIRECTION('',(-1.,0.,0.));
#1492=DIRECTION('',(0.,0.,1.));
#1493=DIRECTION('',(0.,-1.,0.));
#1494=DIRECTION('',(-1.,0.,0.));
#1495=DIRECTION('',(0.,0.,1.));
#1496=DIRECTION('',(0.,-1.,0.));
#1497=DIRECTION('',(-1.,0.,0.));
#1498=DIRECTION('',(0.,0.,1.));
#1499=DIRECTION('',(-1.,0.,0.));
#1500=DIRECTION('',(0.,0.,1.));
#1501=DIRECTION('',(-1.,0.,0.));
#1502=DIRECTION('',(-1.,0.,0.));
#1503=DIRECTION('',(0.,0.,1.));
#1504=DIRECTION('',(-1.,0.,0.));
#1505=DIRECTION('',(1.,0.,0.));
#1506=DIRECTION('',(0.,0.,-1.));
#1507=DIRECTION('',(1.,0.,0.));
#1508=DIRECTION('',(0.,0.,-1.));
#1509=DIRECTION('',(0.,1.,0.));
#1510=DIRECTION('',(1.,0.,0.));
#1511=DIRECTION('',(0.,0.,-1.));
#1512=DIRECTION('',(0.,1.,0.));
#1513=DIRECTION('',(-1.,0.,0.));
#1514=DIRECTION('',(0.,0.,1.));
#1515=DIRECTION('',(-1.,0.,0.));
#1516=DIRECTION('',(0.,0.,1.));
#1517=DIRECTION('',(-1.,0.,0.));
#1518=DIRECTION('',(0.,0.,1.));
#1519=DIRECTION('',(-1.,0.,0.));
#1520=DIRECTION('',(0.,0.,1.));
#1521=DIRECTION('',(-1.,0.,0.));
#1522=DIRECTION('',(0.,0.,1.));
#1523=DIRECTION('',(-1.,0.,0.));
#1524=DIRECTION('',(-1.,0.,0.));
#1525=DIRECTION('',(-1.,0.,0.));
#1526=DIRECTION('',(0.,0.,1.));
#1527=DIRECTION('',(-1.,0.,0.));
#1528=DIRECTION('',(0.,0.,1.));
#1529=DIRECTION('',(-1.,0.,0.));
#1530=DIRECTION('',(0.,0.,1.));
#1531=DIRECTION('',(-1.,0.,0.));
#1532=DIRECTION('',(0.,0.,1.));
#1533=DIRECTION('',(1.,0.,0.));
#1534=DIRECTION('',(0.,0.,-1.));
#1535=DIRECTION('',(-1.,0.,0.));
#1536=DIRECTION('',(0.,0.,1.));
#1537=DIRECTION('',(-1.,0.,0.));
#1538=DIRECTION('',(-1.,0.,0.));
#1539=DIRECTION('',(-1.,0.,0.));
#1540=DIRECTION('',(-1.,0.,0.));
#1541=DIRECTION('',(-1.,0.,0.));
#1542=DIRECTION('',(-1.,0.,0.));
#1543=DIRECTION('',(-1.,0.,0.));
#1544=DIRECTION('',(-1.,0.,0.));
#1545=DIRECTION('',(-1.,0.,0.));
#1546=DIRECTION('',(-1.,0.,0.));
#1547=DIRECTION('',(0.,0.,1.));
#1548=DIRECTION('',(-1.,0.,0.));
#1549=DIRECTION('',(-1.,0.,0.));
#1550=DIRECTION('',(-1.,0.,0.));
#1551=DIRECTION('',(0.,0.,1.));
#1552=DIRECTION('',(-1.,0.,0.));
#1553=DIRECTION('',(-1.,0.,0.));
#1554=DIRECTION('',(-1.,0.,0.));
#1555=DIRECTION('',(0.,0.,1.));
#1556=DIRECTION('',(-1.,0.,0.));
#1557=DIRECTION('',(-1.,0.,0.));
#1558=DIRECTION('',(-1.,0.,0.));
#1559=DIRECTION('',(0.,0.,1.));
#1560=DIRECTION('',(-1.,0.,0.));
#1561=DIRECTION('',(-1.,0.,0.));
#1562=DIRECTION('',(0.,0.,1.));
#1563=DIRECTION('',(-1.,0.,0.));
#1564=DIRECTION('',(0.,0.,1.));
#1565=DIRECTION('',(0.,0.,-1.));
#1566=DIRECTION('',(0.,0.,-1.));
#1567=DIRECTION('',(-1.,0.,0.));
#1568=DIRECTION('',(0.,0.,1.));
#1569=DIRECTION('',(-1.,0.,0.));
#1570=DIRECTION('',(-1.,0.,0.));
#1571=DIRECTION('',(0.,0.,1.));
#1572=DIRECTION('',(-1.,0.,0.));
#1573=DIRECTION('',(1.,0.,0.));
#1574=DIRECTION('',(0.,0.,-1.));
#1575=DIRECTION('',(1.,0.,0.));
#1576=DIRECTION('',(0.,0.,-1.));
#1577=DIRECTION('',(0.,0.,1.));
#1578=DIRECTION('',(1.,0.,0.));
#1579=DIRECTION('',(0.,0.,-1.));
#1580=DIRECTION('',(0.,0.,1.));
#1581=DIRECTION('',(-1.,0.,0.));
#1582=DIRECTION('',(0.,0.,1.));
#1583=DIRECTION('',(-1.,0.,0.));
#1584=DIRECTION('',(0.,0.,1.));
#1585=DIRECTION('',(-1.,0.,0.));
#1586=DIRECTION('',(-1.,0.,0.));
#1587=DIRECTION('',(-1.,0.,0.));
#1588=DIRECTION('',(-1.,0.,0.));
#1589=DIRECTION('',(0.,0.,1.));
#1590=DIRECTION('',(-1.,0.,0.));
#1591=DIRECTION('',(-1.,0.,0.));
#1592=DIRECTION('',(0.,0.,1.));
#1593=DIRECTION('',(-1.,0.,0.));
#1594=DIRECTION('',(-1.,0.,0.));
#1595=DIRECTION('',(-1.,0.,0.));
#1596=DIRECTION('',(0.,0.,1.));
#1597=DIRECTION('',(-1.,0.,0.));
#1598=DIRECTION('',(-1.,0.,0.));
#1599=DIRECTION('',(-1.,0.,0.));
#1600=DIRECTION('',(0.,0.,1.));
#1601=DIRECTION('',(-1.,0.,0.));
#1602=DIRECTION('',(0.,0.,1.));
#1603=DIRECTION('',(0.,0.,1.));
#1604=DIRECTION('',(0.,0.,1.));
#1605=DIRECTION('',(-1.,0.,0.));
#1606=DIRECTION('',(0.,0.,1.));
#1607=DIRECTION('',(-1.,0.,0.));
#1608=DIRECTION('',(0.,0.,1.));
#1609=DIRECTION('',(0.,0.,-1.));
#1610=DIRECTION('',(0.,0.,-1.));
#1611=DIRECTION('',(-1.,0.,0.));
#1612=DIRECTION('',(0.,0.,1.));
#1613=DIRECTION('',(-1.,0.,0.));
#1614=DIRECTION('',(0.,0.,1.));
#1615=DIRECTION('',(-1.,0.,0.));
#1616=DIRECTION('',(1.,0.,0.));
#1617=DIRECTION('',(0.,0.,-1.));
#1618=DIRECTION('',(-1.,0.,0.));
#1619=DIRECTION('',(-1.,0.,0.));
#1620=DIRECTION('',(0.,0.,1.));
#1621=DIRECTION('',(-1.,0.,0.));
#1622=DIRECTION('',(0.,0.,1.));
#1623=DIRECTION('',(-1.,0.,0.));
#1624=DIRECTION('',(1.,0.,0.));
#1625=DIRECTION('',(0.,0.,-1.));
#1626=DIRECTION('',(-1.,0.,0.));
#1627=DIRECTION('',(1.,0.,0.));
#1628=DIRECTION('',(0.,0.,-1.));
#1629=DIRECTION('',(1.,0.,0.));
#1630=DIRECTION('',(0.,0.,-1.));
#1631=DIRECTION('',(0.,0.,-1.));
#1632=DIRECTION('',(0.,0.,-1.));
#1633=DIRECTION('',(1.,0.,0.));
#1634=DIRECTION('',(0.,0.,-1.));
#1635=DIRECTION('',(1.,0.,0.));
#1636=DIRECTION('',(0.,0.,-1.));
#1637=DIRECTION('',(-1.,0.,0.));
#1638=DIRECTION('',(0.,0.,1.));
#1639=DIRECTION('',(-1.,0.,0.));
#1640=DIRECTION('',(0.,0.,1.));
#1641=DIRECTION('',(-1.,0.,0.));
#1642=DIRECTION('',(0.,0.,1.));
#1643=DIRECTION('',(-1.,0.,0.));
#1644=DIRECTION('',(0.,0.,1.));
#1645=DIRECTION('',(-1.,0.,0.));
#1646=DIRECTION('',(0.,0.,1.));
#1647=DIRECTION('',(0.,0.,-1.));
#1648=DIRECTION('',(0.,0.,-1.));
#1649=DIRECTION('',(-1.,0.,0.));
#1650=DIRECTION('',(0.,0.,1.));
#1651=DIRECTION('',(-1.,0.,0.));
#1652=DIRECTION('',(-1.,0.,0.));
#1653=DIRECTION('',(0.,0.,1.));
#1654=DIRECTION('',(-1.,0.,0.));
#1655=DIRECTION('',(1.,0.,0.));
#1656=DIRECTION('',(0.,0.,-1.));
#1657=DIRECTION('',(1.,0.,0.));
#1658=DIRECTION('',(0.,0.,-1.));
#1659=DIRECTION('',(0.,0.,-1.));
#1660=DIRECTION('',(1.,0.,0.));
#1661=DIRECTION('',(0.,0.,-1.));
#1662=DIRECTION('',(0.,0.,-1.));
#1663=DIRECTION('',(-1.,0.,0.));
#1664=DIRECTION('',(0.,0.,1.));
#1665=DIRECTION('',(-1.,0.,0.));
#1666=DIRECTION('',(0.,0.,1.));
#1667=DIRECTION('',(-1.,0.,0.));
#1668=DIRECTION('',(-1.,0.,0.));
#1669=DIRECTION('',(-1.,0.,0.));
#1670=DIRECTION('',(-1.,0.,0.));
#1671=DIRECTION('',(0.,0.,1.));
#1672=DIRECTION('',(-1.,0.,0.));
#1673=DIRECTION('',(-1.,0.,0.));
#1674=DIRECTION('',(-1.,0.,0.));
#1675=DIRECTION('',(-1.,0.,0.));
#1676=DIRECTION('',(-1.,0.,0.));
#1677=DIRECTION('',(-1.,0.,0.));
#1678=DIRECTION('',(0.,0.,1.));
#1679=DIRECTION('',(0.,1.,0.));
#1680=DIRECTION('',(-1.,0.,0.));
#1681=DIRECTION('',(0.,0.,1.));
#1682=DIRECTION('',(0.,1.,0.));
#1683=DIRECTION('',(-1.,0.,0.));
#1684=DIRECTION('',(0.,0.,1.));
#1685=DIRECTION('',(-1.,0.,0.));
#1686=DIRECTION('',(-1.,0.,0.));
#1687=DIRECTION('',(0.,0.,1.));
#1688=DIRECTION('',(-1.,0.,0.));
#1689=DIRECTION('',(1.,0.,0.));
#1690=DIRECTION('',(0.,0.,-1.));
#1691=DIRECTION('',(1.,0.,0.));
#1692=DIRECTION('',(0.,0.,-1.));
#1693=DIRECTION('',(0.,-1.,0.));
#1694=DIRECTION('',(1.,0.,0.));
#1695=DIRECTION('',(0.,0.,-1.));
#1696=DIRECTION('',(0.,-1.,0.));
#1697=DIRECTION('',(-1.,0.,0.));
#1698=DIRECTION('',(0.,0.,1.));
#1699=DIRECTION('',(-1.,0.,0.));
#1700=DIRECTION('',(0.,0.,1.));
#1701=DIRECTION('',(-1.,0.,0.));
#1702=DIRECTION('',(-1.,0.,0.));
#1703=DIRECTION('',(-1.,0.,0.));
#1704=DIRECTION('',(-1.,0.,0.));
#1705=DIRECTION('',(0.,0.,1.));
#1706=DIRECTION('',(-1.,0.,0.));
#1707=DIRECTION('',(-1.,0.,0.));
#1708=DIRECTION('',(-1.,0.,0.));
#1709=DIRECTION('',(-1.,0.,0.));
#1710=DIRECTION('',(-1.,0.,0.));
#1711=DIRECTION('',(-1.,0.,0.));
#1712=DIRECTION('',(0.,0.,1.));
#1713=DIRECTION('',(-1.,0.,0.));
#1714=DIRECTION('',(0.,0.,1.));
#1715=DIRECTION('',(-1.,0.,0.));
#1716=DIRECTION('',(0.,0.,1.));
#1717=DIRECTION('',(-1.,0.,0.));
#1718=DIRECTION('',(-1.,0.,0.));
#1719=DIRECTION('',(-1.,0.,0.));
#1720=DIRECTION('',(0.,0.,1.));
#1721=DIRECTION('',(-1.,0.,0.));
#1722=DIRECTION('',(0.,0.,1.));
#1723=DIRECTION('',(1.,0.,0.));
#1724=DIRECTION('',(0.,0.,-1.));
#1725=DIRECTION('',(0.,0.,-1.));
#1726=DIRECTION('',(1.,0.,0.));
#1727=DIRECTION('',(0.,0.,-1.));
#1728=DIRECTION('',(0.,0.,-1.));
#1729=DIRECTION('',(1.,0.,0.));
#1730=DIRECTION('',(0.,0.,-1.));
#1731=DIRECTION('',(1.,0.,0.));
#1732=DIRECTION('',(0.,0.,-1.));
#1733=DIRECTION('',(-1.,0.,0.));
#1734=DIRECTION('',(0.,0.,1.));
#1735=DIRECTION('',(-1.,0.,0.));
#1736=DIRECTION('',(0.,0.,1.));
#1737=DIRECTION('',(1.,0.,0.));
#1738=DIRECTION('',(0.,0.,-1.));
#1739=DIRECTION('',(1.13841228110978E-15,1.,0.));
#1740=DIRECTION('',(-1.,1.13841228110978E-15,0.));
#1741=DIRECTION('',(0.,0.,-1.));
#1742=DIRECTION('',(1.44560289664734E-16,-1.,0.));
#1743=DIRECTION('',(1.,1.44560289664734E-16,0.));
#1744=DIRECTION('',(0.,0.,-1.));
#1745=DIRECTION('',(0.,0.,-1.));
#1746=DIRECTION('',(-1.,0.,0.));
#1747=DIRECTION('',(1.13841228110978E-15,1.,0.));
#1748=DIRECTION('',(-1.,1.13841228110978E-15,0.));
#1749=DIRECTION('',(0.,0.,-1.));
#1750=DIRECTION('',(1.44560289664734E-16,-1.,0.));
#1751=DIRECTION('',(1.,1.44560289664734E-16,0.));
#1752=DIRECTION('',(0.,0.,-1.));
#1753=DIRECTION('',(0.,0.,-1.));
#1754=DIRECTION('',(-1.,0.,0.));
#1755=DIRECTION('',(0.,-1.,0.));
#1756=DIRECTION('',(0.,0.,-1.));
#1757=DIRECTION('',(0.,0.,-1.));
#1758=DIRECTION('',(-2.34910470705193E-16,1.,0.));
#1759=DIRECTION('',(-1.,-2.34910470705193E-16,0.));
#1760=DIRECTION('',(0.,0.,-1.));
#1761=DIRECTION('',(0.,0.,-1.));
#1762=DIRECTION('',(-1.,0.,0.));
#1763=DIRECTION('',(0.,0.,-1.));
#1764=DIRECTION('',(-1.,0.,0.));
#1765=DIRECTION('',(0.,0.,-1.));
#1766=DIRECTION('',(0.,0.,-1.));
#1767=DIRECTION('',(-2.34910470705193E-16,1.,0.));
#1768=DIRECTION('',(-1.,-2.34910470705193E-16,0.));
#1769=DIRECTION('',(0.,-1.,0.));
#1770=DIRECTION('',(0.,0.,-1.));
#1771=DIRECTION('',(-2.80085561225422E-16,0.,1.));
#1772=DIRECTION('',(1.,0.,2.80085561225422E-16));
#1773=DIRECTION('',(0.,1.,0.));
#1774=DIRECTION('',(0.,1.,0.));
#1775=DIRECTION('',(1.26490253456642E-16,0.,-1.));
#1776=DIRECTION('',(-1.,0.,-1.26490253456642E-16));
#1777=DIRECTION('',(0.,1.,0.));
#1778=DIRECTION('',(0.,1.,0.));
#1779=DIRECTION('',(0.,1.,0.));
#1780=DIRECTION('',(0.,0.,1.));
#1781=DIRECTION('',(0.,1.,0.));
#1782=DIRECTION('',(0.,0.,1.));
#1783=DIRECTION('',(1.26490253456642E-16,0.,-1.));
#1784=DIRECTION('',(-1.,0.,-1.26490253456642E-16));
#1785=DIRECTION('',(0.,1.,0.));
#1786=DIRECTION('',(0.,1.,0.));
#1787=DIRECTION('',(0.,1.,0.));
#1788=DIRECTION('',(0.,0.,1.));
#1789=DIRECTION('',(0.,1.,0.));
#1790=DIRECTION('',(-2.80085561225422E-16,0.,1.));
#1791=DIRECTION('',(1.,0.,2.80085561225422E-16));
#1792=DIRECTION('',(0.,1.,0.));
#1793=DIRECTION('',(0.,1.,0.));
#1794=DIRECTION('',(0.,0.,1.));
#1795=DIRECTION('',(1.26490253456642E-16,0.,-1.));
#1796=DIRECTION('',(-1.,0.,-1.26490253456642E-16));
#1797=DIRECTION('',(0.,1.,0.));
#1798=DIRECTION('',(0.,1.,0.));
#1799=DIRECTION('',(6.32451267283211E-17,0.,1.));
#1800=DIRECTION('',(1.,0.,-6.32451267283212E-17));
#1801=DIRECTION('',(0.,1.,0.));
#1802=DIRECTION('',(0.,1.,0.));
#1803=DIRECTION('',(0.,1.,0.));
#1804=DIRECTION('',(0.,0.,1.));
#1805=DIRECTION('',(0.,1.,0.));
#1806=DIRECTION('',(0.,0.,1.));
#1807=DIRECTION('',(1.26490253456642E-16,0.,-1.));
#1808=DIRECTION('',(-1.,0.,-1.26490253456642E-16));
#1809=DIRECTION('',(0.,1.,0.));
#1810=DIRECTION('',(0.,1.,0.));
#1811=DIRECTION('',(0.,1.,0.));
#1812=DIRECTION('',(0.,0.,1.));
#1813=DIRECTION('',(0.,1.,0.));
#1814=DIRECTION('',(6.32451267283211E-17,0.,1.));
#1815=DIRECTION('',(1.,0.,-6.32451267283212E-17));
#1816=DIRECTION('',(0.,1.,0.));
#1817=DIRECTION('',(0.,1.,0.));
#1818=DIRECTION('',(0.,0.,1.));
#1819=CARTESIAN_POINT('',(0.,0.,0.));
#1820=CARTESIAN_POINT('',(-0.799999999999999,0.,2.4));
#1821=CARTESIAN_POINT('',(-0.799999999999999,0.,-0.400000000000002));
#1822=CARTESIAN_POINT('',(-0.800000000000187,2.97321374946368,-0.400000000000002));
#1823=CARTESIAN_POINT('',(-0.800000000000002,2.36643191323985,-0.400000000000002));
#1824=CARTESIAN_POINT('',(-0.799999999999999,0.,0.));
#1825=CARTESIAN_POINT('',(-0.80000000000015,-2.97321374946369,-0.400000000000002));
#1826=CARTESIAN_POINT('',(-0.799999999999999,0.,-0.400000000000002));
#1827=CARTESIAN_POINT('',(-0.800000000000002,-2.36643191323985,-0.400000000000002));
#1828=CARTESIAN_POINT('',(-0.800000000000002,0.,0.));
#1829=CARTESIAN_POINT('',(-60.,0.,0.));
#1830=CARTESIAN_POINT('',(-60.,-3.07408522978788,-0.400000000000009));
#1831=CARTESIAN_POINT('',(-0.699999999999999,-3.07408522978788,-0.400000000000009));
#1832=CARTESIAN_POINT('',(0.70000000000007,-3.0740852297885,-0.400000000000002));
#1833=CARTESIAN_POINT('',(-0.699999999999999,0.,0.));
#1834=CARTESIAN_POINT('',(-0.699999999999999,3.07408522978788,-0.400000000000009));
#1835=CARTESIAN_POINT('',(-60.,3.07408522978788,-0.400000000000009));
#1836=CARTESIAN_POINT('',(0.699999999999868,3.07408522978898,-0.400000000000002));
#1837=CARTESIAN_POINT('',(0.699999999999999,0.,0.));
#1838=CARTESIAN_POINT('',(0.800000000000001,0.,3.1));
#1839=CARTESIAN_POINT('',(0.800000000000001,0.,-0.400000000000002));
#1840=CARTESIAN_POINT('',(0.800000000000084,-2.97321374946369,-0.400000000000002));
#1841=CARTESIAN_POINT('',(0.800000000000002,-2.36643191323985,-0.400000000000002));
#1842=CARTESIAN_POINT('',(0.800000000000001,0.,0.));
#1843=CARTESIAN_POINT('',(0.799999999999999,2.9732137494637,-0.400000000000002));
#1844=CARTESIAN_POINT('',(0.800000000000001,0.,-0.400000000000002));
#1845=CARTESIAN_POINT('',(0.800000000000002,2.36643191323985,-0.400000000000002));
#1846=CARTESIAN_POINT('',(0.800000000000002,0.,0.));
#1847=CARTESIAN_POINT('',(7.3,0.,0.));
#1848=CARTESIAN_POINT('',(7.2,-2.36643191324072,-0.400000000000001));
#1849=CARTESIAN_POINT('',(7.20000000000045,-2.41953819499005,-0.400000000000001));
#1850=CARTESIAN_POINT('',(7.24685252620781,-2.46779253585062,-0.400000000000001));
#1851=CARTESIAN_POINT('',(7.3,-2.46779253585061,-0.400000000000001));
#1852=CARTESIAN_POINT('',(7.2,-2.36643191324072,-0.400000000000001));
#1853=CARTESIAN_POINT('',(7.3,-2.46779253585061,-0.400000000000009));
#1854=CARTESIAN_POINT('',(7.2,0.,0.));
#1855=CARTESIAN_POINT('',(7.19999999997726,2.36643191323627,-0.400000000000001));
#1856=CARTESIAN_POINT('',(7.3,2.46779253585061,-0.400000000000001));
#1857=CARTESIAN_POINT('',(7.24718023062748,2.46779253585062,-0.400000000000001));
#1858=CARTESIAN_POINT('',(7.19999999999802,2.41888964031642,-0.400000000000001));
#1859=CARTESIAN_POINT('',(7.2,2.36643191323597,-0.400000000000001));
#1860=CARTESIAN_POINT('',(7.3,2.46779253585061,-0.400000000000009));
#1861=CARTESIAN_POINT('',(7.3,0.,0.));
#1862=CARTESIAN_POINT('',(-60.,0.,0.));
#1863=CARTESIAN_POINT('',(-60.,-2.46779253585061,-0.400000000000009));
#1864=CARTESIAN_POINT('',(8.7,-2.46779253585062,-0.400000000000001));
#1865=CARTESIAN_POINT('',(-60.,2.46779253585061,-0.400000000000009));
#1866=CARTESIAN_POINT('',(8.7,2.46779253585064,-0.400000000000001));
#1867=CARTESIAN_POINT('',(8.7,0.,0.));
#1868=CARTESIAN_POINT('',(8.7,0.,0.));
#1869=CARTESIAN_POINT('',(8.7,-2.46779253585062,-0.400000000000001));
#1870=CARTESIAN_POINT('',(8.7527426927927,-2.46779253585062,-0.400000000000001));
#1871=CARTESIAN_POINT('',(8.8,-2.41931811184203,-0.400000000000001));
#1872=CARTESIAN_POINT('',(8.8,-2.36643191323985,-0.400000000000001));
#1873=CARTESIAN_POINT('',(8.8,-2.36643191323985,-0.400000000000001));
#1874=CARTESIAN_POINT('',(8.8,2.36643191323985,-0.400000000000001));
#1875=CARTESIAN_POINT('',(8.8,2.41928130382626,-0.400000000000001));
#1876=CARTESIAN_POINT('',(8.75271917297316,2.46779253585062,-0.400000000000001));
#1877=CARTESIAN_POINT('',(8.7,2.46779253585062,-0.400000000000001));
#1878=CARTESIAN_POINT('',(8.8,2.36643191323985,-0.400000000000001));
#1879=CARTESIAN_POINT('',(8.8,0.,0.));
#1880=CARTESIAN_POINT('',(-0.699999999999999,0.,0.));
#1881=CARTESIAN_POINT('',(-0.800000000000001,-2.97321374946368,-0.400000000000002));
#1882=CARTESIAN_POINT('',(-0.800000000000014,-3.02566032945476,-0.400000000000002));
#1883=CARTESIAN_POINT('',(-0.752445215875897,-3.07408522978788,-0.400000000000002));
#1884=CARTESIAN_POINT('',(-0.699999999999999,-3.07408522978788,-0.400000000000002));
#1885=CARTESIAN_POINT('',(-0.7,3.07408522978788,-0.400000000000002));
#1886=CARTESIAN_POINT('',(-0.753001111721562,3.07408522978788,-0.400000000000002));
#1887=CARTESIAN_POINT('',(-0.800000000000017,3.02570132744471,-0.400000000000002));
#1888=CARTESIAN_POINT('',(-0.800000000000001,2.97321374946367,-0.400000000000002));
#1889=CARTESIAN_POINT('',(0.699999999999999,0.,0.));
#1890=CARTESIAN_POINT('',(0.700000000000108,-3.07408522978788,-0.400000000000002));
#1891=CARTESIAN_POINT('',(0.752398918496116,-3.07408522978782,-0.400000000000002));
#1892=CARTESIAN_POINT('',(0.800000000000008,-3.02568057791703,-0.400000000000002));
#1893=CARTESIAN_POINT('',(0.800000000000001,-2.97321374946369,-0.400000000000002));
#1894=CARTESIAN_POINT('',(0.799999999999999,2.9732137494637,-0.400000000000002));
#1895=CARTESIAN_POINT('',(0.799999999999999,3.02622077948637,-0.400000000000002));
#1896=CARTESIAN_POINT('',(0.752438177679763,3.07408522978798,-0.400000000000002));
#1897=CARTESIAN_POINT('',(0.699999999999807,3.07408522978788,-0.400000000000002));
#1898=CARTESIAN_POINT('',(-60.,0.,0.));
#1899=CARTESIAN_POINT('',(-60.,1.95959179422654,-0.400000000000009));
#1900=CARTESIAN_POINT('',(5.,1.95959179422653,-0.399999999999999));
#1901=CARTESIAN_POINT('',(11.,1.95959179422653,-0.4));
#1902=CARTESIAN_POINT('',(5.,1.95959179422653,0.399999999999999));
#1903=CARTESIAN_POINT('',(4.78804816164062,1.95959179422653,0.399999999999999));
#1904=CARTESIAN_POINT('',(4.41195279205319,2.04040815308719,0.000649222677644661));
#1905=CARTESIAN_POINT('',(4.7880467811157,1.95959179422656,-0.400000000000002));
#1906=CARTESIAN_POINT('',(5.00000000000001,1.95959179422656,-0.400000000000001));
#1907=CARTESIAN_POINT('',(5.,1.95959179422651,0.399999999999999));
#1908=CARTESIAN_POINT('',(-60.,1.95959179422654,0.400000000000003));
#1909=CARTESIAN_POINT('',(11.,1.95959179422653,0.399999999999999));
#1910=CARTESIAN_POINT('',(11.,1.95959179422653,-0.4));
#1911=CARTESIAN_POINT('',(11.2119518383594,1.95959179422653,-0.4));
#1912=CARTESIAN_POINT('',(11.5880472079468,2.04040815308719,-0.000649222677644959));
#1913=CARTESIAN_POINT('',(11.2119532188843,1.95959179422656,0.400000000000001));
#1914=CARTESIAN_POINT('',(11.,1.95959179422656,0.400000000000001));
#1915=CARTESIAN_POINT('',(-60.,-1.95959179422654,-0.400000000000009));
#1916=CARTESIAN_POINT('',(11.,-1.95959179422655,-0.4));
#1917=CARTESIAN_POINT('',(5.,-1.95959179422655,-0.399999999999999));
#1918=CARTESIAN_POINT('',(11.,-1.95959179422655,0.399999999999999));
#1919=CARTESIAN_POINT('',(11.2119518383594,-1.95959179422655,0.399999999999999));
#1920=CARTESIAN_POINT('',(11.5880472079468,-2.04040815308718,0.000649222677643523));
#1921=CARTESIAN_POINT('',(11.2119532188843,-1.95959179422656,-0.400000000000001));
#1922=CARTESIAN_POINT('',(11.,-1.95959179422656,-0.400000000000001));
#1923=CARTESIAN_POINT('',(11.,-1.95959179422655,0.399999999999999));
#1924=CARTESIAN_POINT('',(-60.,-1.95959179422654,0.400000000000003));
#1925=CARTESIAN_POINT('',(5.,-1.95959179422657,0.399999999999999));
#1926=CARTESIAN_POINT('',(5.,-1.95959179422655,-0.399999999999999));
#1927=CARTESIAN_POINT('',(4.78804816164062,-1.95959179422655,-0.399999999999999));
#1928=CARTESIAN_POINT('',(4.4119527920532,-2.04040815308718,-0.000649222677644634));
#1929=CARTESIAN_POINT('',(4.7880467811157,-1.95959179422656,0.400000000000001));
#1930=CARTESIAN_POINT('',(5.,-1.95959179422656,0.400000000000001));
#1931=CARTESIAN_POINT('',(-60.,1.95959179422654,-0.400000000000009));
#1932=CARTESIAN_POINT('',(-3.,1.95959179422653,-0.400000000000002));
#1933=CARTESIAN_POINT('',(3.,1.95959179422653,-0.400000000000001));
#1934=CARTESIAN_POINT('',(-3.,1.95959179422653,0.4));
#1935=CARTESIAN_POINT('',(-3.21195183835938,1.95959179422653,0.4));
#1936=CARTESIAN_POINT('',(-3.58804720794681,2.04040815308719,0.000649222677642764));
#1937=CARTESIAN_POINT('',(-3.2119532188843,1.95959179422656,-0.400000000000003));
#1938=CARTESIAN_POINT('',(-3.,1.95959179422656,-0.400000000000002));
#1939=CARTESIAN_POINT('',(-3.,1.95959179422651,0.4));
#1940=CARTESIAN_POINT('',(-60.,1.95959179422654,0.399999999999984));
#1941=CARTESIAN_POINT('',(3.,1.95959179422653,0.400000000000001));
#1942=CARTESIAN_POINT('',(3.,1.95959179422653,-0.400000000000001));
#1943=CARTESIAN_POINT('',(3.21195183835939,1.95959179422653,-0.400000000000001));
#1944=CARTESIAN_POINT('',(3.58804720794682,2.04040815308719,-0.000649222677644065));
#1945=CARTESIAN_POINT('',(3.21195321888431,1.95959179422656,0.400000000000003));
#1946=CARTESIAN_POINT('',(3.,1.95959179422656,0.400000000000003));
#1947=CARTESIAN_POINT('',(-60.,-1.95959179422654,-0.400000000000009));
#1948=CARTESIAN_POINT('',(3.,-1.95959179422655,-0.400000000000001));
#1949=CARTESIAN_POINT('',(-3.,-1.95959179422655,-0.400000000000002));
#1950=CARTESIAN_POINT('',(3.,-1.95959179422655,0.400000000000002));
#1951=CARTESIAN_POINT('',(3.21195183835939,-1.95959179422655,0.400000000000002));
#1952=CARTESIAN_POINT('',(3.58804720794682,-2.04040815308718,0.000649222677644905));
#1953=CARTESIAN_POINT('',(3.21195321888431,-1.95959179422656,-0.400000000000003));
#1954=CARTESIAN_POINT('',(3.,-1.95959179422656,-0.400000000000003));
#1955=CARTESIAN_POINT('',(3.,-1.95959179422655,0.400000000000001));
#1956=CARTESIAN_POINT('',(-60.,-1.95959179422654,0.399999999999984));
#1957=CARTESIAN_POINT('',(-3.,-1.95959179422657,0.4));
#1958=CARTESIAN_POINT('',(-3.,-1.95959179422655,-0.400000000000001));
#1959=CARTESIAN_POINT('',(-3.21195183835938,-1.95959179422655,-0.400000000000001));
#1960=CARTESIAN_POINT('',(-3.58804720794681,-2.04040815308718,-0.000649222677645339));
#1961=CARTESIAN_POINT('',(-3.21195321888431,-1.95959179422656,0.400000000000002));
#1962=CARTESIAN_POINT('',(-3.,-1.95959179422656,0.400000000000002));
#1963=CARTESIAN_POINT('',(-60.,0.399999999999985,1.95959179422654));
#1964=CARTESIAN_POINT('',(-8.,0.399999999999997,1.95959179422654));
#1965=CARTESIAN_POINT('',(-5.,0.399999999999998,1.95959179422654));
#1966=CARTESIAN_POINT('',(-8.,0.,0.));
#1967=CARTESIAN_POINT('',(-8.,0.399999999999997,-1.95959179422654));
#1968=CARTESIAN_POINT('',(-60.,0.399999999999985,-1.95959179422654));
#1969=CARTESIAN_POINT('',(-5.,0.399999999999998,-1.95959179422654));
#1970=CARTESIAN_POINT('',(-5.,-0.399999999999998,-1.95959179422654));
#1971=CARTESIAN_POINT('',(-4.78804816164062,-0.399999999999998,-1.95959179422654));
#1972=CARTESIAN_POINT('',(-4.41195279205319,-0.000649222677642926,-2.04040815308718));
#1973=CARTESIAN_POINT('',(-4.7880467811157,0.400000000000001,-1.95959179422656));
#1974=CARTESIAN_POINT('',(-5.,0.399999999999999,-1.95959179422656));
#1975=CARTESIAN_POINT('',(-5.,-0.399999999999998,-1.95959179422654));
#1976=CARTESIAN_POINT('',(-60.,-0.400000000000003,-1.95959179422654));
#1977=CARTESIAN_POINT('',(-8.,-0.400000000000003,-1.95959179422654));
#1978=CARTESIAN_POINT('',(-8.,0.,0.));
#1979=CARTESIAN_POINT('',(-8.,-0.400000000000003,1.95959179422654));
#1980=CARTESIAN_POINT('',(-60.,-0.400000000000003,1.95959179422654));
#1981=CARTESIAN_POINT('',(-5.,-0.399999999999998,1.95959179422654));
#1982=CARTESIAN_POINT('',(-5.,0.399999999999998,1.95959179422654));
#1983=CARTESIAN_POINT('',(-4.78804816164062,0.399999999999999,1.95959179422654));
#1984=CARTESIAN_POINT('',(-4.41195279205319,0.000649222677646775,2.04040815308718));
#1985=CARTESIAN_POINT('',(-4.78804678111569,-0.4,1.95959179422656));
#1986=CARTESIAN_POINT('',(-5.,-0.399999999999999,1.95959179422656));
#1987=CARTESIAN_POINT('',(13.,-0.399999999999999,-1.95959179422654));
#1988=CARTESIAN_POINT('',(12.7880481616406,-0.399999999999999,-1.95959179422654));
#1989=CARTESIAN_POINT('',(12.4119527920532,-0.000649222677641381,-2.04040815308718));
#1990=CARTESIAN_POINT('',(12.7880467811157,0.400000000000002,-1.95959179422656));
#1991=CARTESIAN_POINT('',(13.,0.400000000000001,-1.95959179422656));
#1992=CARTESIAN_POINT('',(13.,-0.399999999999999,-1.95959179422656));
#1993=CARTESIAN_POINT('',(13.,0.4,-1.95959179422654));
#1994=CARTESIAN_POINT('',(-60.,0.399999999999989,-1.95959179422654));
#1995=CARTESIAN_POINT('',(16.,0.4,-1.95959179422654));
#1996=CARTESIAN_POINT('',(16.,0.,0.));
#1997=CARTESIAN_POINT('',(16.,0.4,1.95959179422654));
#1998=CARTESIAN_POINT('',(-60.,0.399999999999989,1.95959179422654));
#1999=CARTESIAN_POINT('',(13.,0.4,1.95959179422654));
#2000=CARTESIAN_POINT('',(13.,0.399999999999999,1.95959179422654));
#2001=CARTESIAN_POINT('',(12.7880481616406,0.400000000000001,1.95959179422654));
#2002=CARTESIAN_POINT('',(12.4119527920532,0.000649222677646748,2.04040815308718));
#2003=CARTESIAN_POINT('',(12.7880467811157,-0.4,1.95959179422656));
#2004=CARTESIAN_POINT('',(13.,-0.400000000000001,1.95959179422656));
#2005=CARTESIAN_POINT('',(13.,-0.399999999999999,1.95959179422656));
#2006=CARTESIAN_POINT('',(-60.,-0.399999999999916,1.95959179422656));
#2007=CARTESIAN_POINT('',(16.,-0.400000000000003,1.95959179422654));
#2008=CARTESIAN_POINT('',(16.,0.,0.));
#2009=CARTESIAN_POINT('',(16.,-0.400000000000003,-1.95959179422654));
#2010=CARTESIAN_POINT('',(-60.,-0.399999999999916,-1.95959179422656));
#2011=CARTESIAN_POINT('',(-8.,0.,2.));
#2012=CARTESIAN_POINT('',(-8.,0.,0.));
#2013=CARTESIAN_POINT('',(-8.,-0.400000000000003,-2.46779253585057));
#2014=CARTESIAN_POINT('',(-8.,-0.400000000000003,2.46779253585061));
#2015=CARTESIAN_POINT('',(-8.,-0.400000000000003,30.));
#2016=CARTESIAN_POINT('',(-8.,-0.400000000000003,30.));
#2017=CARTESIAN_POINT('',(-60.,0.,0.));
#2018=CARTESIAN_POINT('',(-60.,0.399999999999985,-2.56904651573303));
#2019=CARTESIAN_POINT('',(-7.89999999999234,0.399999999999997,-2.56904651577692));
#2020=CARTESIAN_POINT('',(-7.3,0.399999999999985,-2.56904651573303));
#2021=CARTESIAN_POINT('',(-7.9,0.,0.));
#2022=CARTESIAN_POINT('',(-7.89999999999999,0.399999999999997,2.56904651573313));
#2023=CARTESIAN_POINT('',(-60.,0.399999999999985,2.56904651573303));
#2024=CARTESIAN_POINT('',(-7.3,0.399999999999985,2.56904651573303));
#2025=CARTESIAN_POINT('',(-7.3,0.,0.));
#2026=CARTESIAN_POINT('',(-7.2,0.,2.6));
#2027=CARTESIAN_POINT('',(-7.2,0.399999999999997,2.6));
#2028=CARTESIAN_POINT('',(-7.2,0.399999999999997,-2.46779253585061));
#2029=CARTESIAN_POINT('',(-7.2,0.399999999999997,-2.36643191323985));
#2030=CARTESIAN_POINT('',(-7.2,0.,0.));
#2031=CARTESIAN_POINT('',(-7.19999999999797,0.399999999999997,2.46779253585086));
#2032=CARTESIAN_POINT('',(-7.2,0.399999999999997,2.6));
#2033=CARTESIAN_POINT('',(-7.2,0.399999999999997,2.36643191323985));
#2034=CARTESIAN_POINT('',(-7.2,0.,0.));
#2035=CARTESIAN_POINT('',(-60.,0.,0.));
#2036=CARTESIAN_POINT('',(-60.,-2.36643191323985,-0.400000000000009));
#2037=CARTESIAN_POINT('',(11.,-2.36643191323986,-0.4));
#2038=CARTESIAN_POINT('',(-60.,2.36643191323985,-0.400000000000009));
#2039=CARTESIAN_POINT('',(11.,2.36643191323983,-0.4));
#2040=CARTESIAN_POINT('',(11.,2.36643191323983,0.399999999999999));
#2041=CARTESIAN_POINT('',(11.2117773141669,2.36643191323983,0.399999999999999));
#2042=CARTESIAN_POINT('',(11.588222379071,2.43356804728186,0.000615622984668037));
#2043=CARTESIAN_POINT('',(11.2117774539516,2.36643191323985,-0.4));
#2044=CARTESIAN_POINT('',(11.,2.36643191323985,-0.4));
#2045=CARTESIAN_POINT('',(11.,2.36643191323983,0.399999999999999));
#2046=CARTESIAN_POINT('',(-60.,2.36643191323985,0.400000000000003));
#2047=CARTESIAN_POINT('',(8.80000000002274,2.36643191323628,0.399999999999999));
#2048=CARTESIAN_POINT('',(8.8,0.,0.));
#2049=CARTESIAN_POINT('',(8.8,-2.36643191323985,0.399999999999999));
#2050=CARTESIAN_POINT('',(-60.,-2.36643191323985,0.400000000000003));
#2051=CARTESIAN_POINT('',(11.,-2.36643191323986,0.399999999999999));
#2052=CARTESIAN_POINT('',(11.,-2.36643191323986,-0.4));
#2053=CARTESIAN_POINT('',(11.2117773141669,-2.36643191323986,-0.4));
#2054=CARTESIAN_POINT('',(11.588222379071,-2.43356804728185,-0.000615622984668661));
#2055=CARTESIAN_POINT('',(11.2117774539516,-2.36643191323985,0.399999999999999));
#2056=CARTESIAN_POINT('',(11.,-2.36643191323985,0.399999999999999));
#2057=CARTESIAN_POINT('',(15.2,0.,0.));
#2058=CARTESIAN_POINT('',(15.2,0.4,2.36643191323985));
#2059=CARTESIAN_POINT('',(15.2,0.4,-2.36643191323985));
#2060=CARTESIAN_POINT('',(-60.,0.399999999999989,-2.36643191323985));
#2061=CARTESIAN_POINT('',(13.,0.4,-2.36643191323985));
#2062=CARTESIAN_POINT('',(13.,0.399999999999999,-2.36643191323985));
#2063=CARTESIAN_POINT('',(12.7882226858331,0.400000000000001,-2.36643191323985));
#2064=CARTESIAN_POINT('',(12.411777620929,0.000615622984671154,-2.43356804728186));
#2065=CARTESIAN_POINT('',(12.7882225460484,-0.4,-2.36643191323985));
#2066=CARTESIAN_POINT('',(13.,-0.4,-2.36643191323985));
#2067=CARTESIAN_POINT('',(13.,-0.399999999999999,-2.36643191323986));
#2068=CARTESIAN_POINT('',(-60.,-0.399999999999916,-2.36643191323986));
#2069=CARTESIAN_POINT('',(15.2,-0.400000000000002,-2.36643191323985));
#2070=CARTESIAN_POINT('',(15.2,0.,0.));
#2071=CARTESIAN_POINT('',(15.2,-0.400000000000002,2.36643191323985));
#2072=CARTESIAN_POINT('',(-60.,-0.399999999999916,2.36643191323986));
#2073=CARTESIAN_POINT('',(13.,-0.399999999999999,2.36643191323986));
#2074=CARTESIAN_POINT('',(13.,-0.399999999999999,2.36643191323985));
#2075=CARTESIAN_POINT('',(12.7882226858331,-0.399999999999999,2.36643191323985));
#2076=CARTESIAN_POINT('',(12.411777620929,-0.000615622984666303,2.43356804728186));
#2077=CARTESIAN_POINT('',(12.7882225460484,0.400000000000001,2.36643191323985));
#2078=CARTESIAN_POINT('',(13.,0.4,2.36643191323985));
#2079=CARTESIAN_POINT('',(13.,0.4,2.36643191323985));
#2080=CARTESIAN_POINT('',(-60.,0.399999999999989,2.36643191323985));
#2081=CARTESIAN_POINT('',(15.2,0.,2.6));
#2082=CARTESIAN_POINT('',(15.2,0.,0.));
#2083=CARTESIAN_POINT('',(15.1999999999999,0.4,2.46779253585063));
#2084=CARTESIAN_POINT('',(15.2,0.4,-2.46779253585062));
#2085=CARTESIAN_POINT('',(15.2,0.4,2.6));
#2086=CARTESIAN_POINT('',(15.2,0.4,2.6));
#2087=CARTESIAN_POINT('',(15.2,0.,2.6));
#2088=CARTESIAN_POINT('',(15.2,0.,0.));
#2089=CARTESIAN_POINT('',(15.1999999999598,-0.400000000000002,-2.46779253585732));
#2090=CARTESIAN_POINT('',(15.2,-0.400000000000002,2.46779253585062));
#2091=CARTESIAN_POINT('',(15.2,-0.400000000000002,2.6));
#2092=CARTESIAN_POINT('',(15.2,-0.400000000000002,2.6));
#2093=CARTESIAN_POINT('',(-60.,0.,0.));
#2094=CARTESIAN_POINT('',(15.3,0.,0.));
#2095=CARTESIAN_POINT('',(15.3,0.4,-2.56904651573303));
#2096=CARTESIAN_POINT('',(15.2999999999998,0.4,2.56904651573452));
#2097=CARTESIAN_POINT('',(-60.,0.399999999999989,2.56904651573303));
#2098=CARTESIAN_POINT('',(15.9,0.399999999999989,2.56904651573303));
#2099=CARTESIAN_POINT('',(15.9,0.,0.));
#2100=CARTESIAN_POINT('',(15.9,0.399999999999989,-2.56904651573303));
#2101=CARTESIAN_POINT('',(-60.,0.399999999999989,-2.56904651573303));
#2102=CARTESIAN_POINT('',(-60.,0.,0.));
#2103=CARTESIAN_POINT('',(15.3,0.,0.));
#2104=CARTESIAN_POINT('',(15.3,-0.400000000000002,2.56904651573313));
#2105=CARTESIAN_POINT('',(15.3,-0.400000000000002,-2.56904651573303));
#2106=CARTESIAN_POINT('',(-60.,-0.399999999999916,-2.56904651573304));
#2107=CARTESIAN_POINT('',(15.9,-0.399999999999916,-2.56904651573304));
#2108=CARTESIAN_POINT('',(15.9,0.,0.));
#2109=CARTESIAN_POINT('',(15.9,-0.399999999999916,2.56904651573304));
#2110=CARTESIAN_POINT('',(-60.,-0.399999999999916,2.56904651573304));
#2111=CARTESIAN_POINT('',(16.,0.,2.));
#2112=CARTESIAN_POINT('',(16.,0.,0.));
#2113=CARTESIAN_POINT('',(16.,0.4,-2.46779253585062));
#2114=CARTESIAN_POINT('',(16.,0.4,2.46779253585062));
#2115=CARTESIAN_POINT('',(16.,0.4,30.));
#2116=CARTESIAN_POINT('',(16.,0.4,30.));
#2117=CARTESIAN_POINT('',(15.9,0.,0.));
#2118=CARTESIAN_POINT('',(16.,0.4,-2.46779253585062));
#2119=CARTESIAN_POINT('',(16.,0.4,-2.52049018880946));
#2120=CARTESIAN_POINT('',(15.9527013166555,0.4,-2.56904651573303));
#2121=CARTESIAN_POINT('',(15.9,0.4,-2.56904651573303));
#2122=CARTESIAN_POINT('',(15.9,0.4,2.56904651573303));
#2123=CARTESIAN_POINT('',(15.9525070104136,0.4,2.56904651573303));
#2124=CARTESIAN_POINT('',(16.,0.4,2.52084991800136));
#2125=CARTESIAN_POINT('',(16.,0.4,2.46779253585062));
#2126=CARTESIAN_POINT('',(-7.3,0.,0.));
#2127=CARTESIAN_POINT('',(-7.3,0.399999999999997,-2.56904651573303));
#2128=CARTESIAN_POINT('',(-7.24732674768237,0.399999999999997,-2.56904651573303));
#2129=CARTESIAN_POINT('',(-7.2,0.399999999999997,-2.52059458654171));
#2130=CARTESIAN_POINT('',(-7.2,0.399999999999997,-2.46779253585061));
#2131=CARTESIAN_POINT('',(-7.2,0.399999999999997,2.46779253585096));
#2132=CARTESIAN_POINT('',(-7.20000000000018,0.399999999999997,2.52028038259682));
#2133=CARTESIAN_POINT('',(-7.24738995425759,0.399999999999997,2.56904651573303));
#2134=CARTESIAN_POINT('',(-7.3,0.399999999999997,2.56904651573303));
#2135=CARTESIAN_POINT('',(-7.9,0.,0.));
#2136=CARTESIAN_POINT('',(-8.,0.399999999999997,-2.46779253586292));
#2137=CARTESIAN_POINT('',(-7.99999999999372,0.399999999999997,-2.52019355670046));
#2138=CARTESIAN_POINT('',(-7.95240846365462,0.399999999999997,-2.56904651573718));
#2139=CARTESIAN_POINT('',(-7.89999999999218,0.399999999999997,-2.56904651573303));
#2140=CARTESIAN_POINT('',(-8.,0.399999999999997,-2.46779253586292));
#2141=CARTESIAN_POINT('',(-8.,0.,0.));
#2142=CARTESIAN_POINT('',(-8.,0.399999999999997,2.46779253585021));
#2143=CARTESIAN_POINT('',(-7.89999999999999,0.399999999999997,2.56904651573303));
#2144=CARTESIAN_POINT('',(-7.95261664486175,0.399999999999997,2.56904651573304));
#2145=CARTESIAN_POINT('',(-8.00000000000021,0.399999999999997,2.52086305322423));
#2146=CARTESIAN_POINT('',(-8.,0.399999999999997,2.46779253585022));
#2147=CARTESIAN_POINT('',(15.3,0.,0.));
#2148=CARTESIAN_POINT('',(15.3,0.4,-2.56904651573303));
#2149=CARTESIAN_POINT('',(15.2470980251859,0.4,-2.56904651573303));
#2150=CARTESIAN_POINT('',(15.2,0.4,-2.52052400323685));
#2151=CARTESIAN_POINT('',(15.2,0.4,-2.46779253585062));
#2152=CARTESIAN_POINT('',(15.2,0.4,2.46779253585064));
#2153=CARTESIAN_POINT('',(15.2,0.4,2.52037523011862));
#2154=CARTESIAN_POINT('',(15.2474933102758,0.4,2.56904651573289));
#2155=CARTESIAN_POINT('',(15.2999999999997,0.4,2.56904651573303));
#2156=CARTESIAN_POINT('',(15.3,0.,0.));
#2157=CARTESIAN_POINT('',(15.2,-0.400000000000002,-2.46779253585752));
#2158=CARTESIAN_POINT('',(15.2000000000035,-0.400000000000002,-2.52019355669423));
#2159=CARTESIAN_POINT('',(15.2475915363384,-0.400000000000002,-2.56904651573303));
#2160=CARTESIAN_POINT('',(15.3,-0.400000000000002,-2.56904651573303));
#2161=CARTESIAN_POINT('',(15.3,-0.400000000000002,2.56904651573303));
#2162=CARTESIAN_POINT('',(15.2473833551384,-0.400000000000002,2.56904651573304));
#2163=CARTESIAN_POINT('',(15.2,-0.400000000000002,2.52086305322447));
#2164=CARTESIAN_POINT('',(15.2,-0.400000000000002,2.46779253585062));
#2165=CARTESIAN_POINT('',(-8.,0.,2.));
#2166=CARTESIAN_POINT('',(-8.,0.399999999999997,30.));
#2167=CARTESIAN_POINT('',(-8.,0.399999999999997,30.));
#2168=CARTESIAN_POINT('',(-60.,0.,0.));
#2169=CARTESIAN_POINT('',(-60.,-0.400000000000003,2.56904651573302));
#2170=CARTESIAN_POINT('',(-7.90000000000019,-0.400000000000003,2.56904651573452));
#2171=CARTESIAN_POINT('',(-7.3,-0.400000000000003,2.56904651573302));
#2172=CARTESIAN_POINT('',(-7.9,0.,0.));
#2173=CARTESIAN_POINT('',(-7.9,-0.400000000000003,-2.56904651573302));
#2174=CARTESIAN_POINT('',(-60.,-0.400000000000003,-2.56904651573302));
#2175=CARTESIAN_POINT('',(-7.3,-0.400000000000003,-2.56904651573302));
#2176=CARTESIAN_POINT('',(-7.3,0.,0.));
#2177=CARTESIAN_POINT('',(-7.2,0.,2.6));
#2178=CARTESIAN_POINT('',(-7.2,-0.400000000000003,2.6));
#2179=CARTESIAN_POINT('',(-7.2,-0.400000000000003,2.46779253585061));
#2180=CARTESIAN_POINT('',(-7.2,-0.400000000000003,2.36643191323985));
#2181=CARTESIAN_POINT('',(-7.2,0.,0.));
#2182=CARTESIAN_POINT('',(-7.2,-0.400000000000003,-2.46779253585061));
#2183=CARTESIAN_POINT('',(-7.2,-0.400000000000003,2.6));
#2184=CARTESIAN_POINT('',(-7.2,-0.400000000000003,-2.36643191323985));
#2185=CARTESIAN_POINT('',(-7.2,0.,0.));
#2186=CARTESIAN_POINT('',(-60.,0.,0.));
#2187=CARTESIAN_POINT('',(-60.,2.36643191323984,-0.400000000000009));
#2188=CARTESIAN_POINT('',(-3.,2.36643191323983,-0.400000000000002));
#2189=CARTESIAN_POINT('',(-60.,-2.36643191323984,-0.400000000000009));
#2190=CARTESIAN_POINT('',(-3.,-2.36643191323986,-0.400000000000002));
#2191=CARTESIAN_POINT('',(-3.,-2.36643191323986,0.4));
#2192=CARTESIAN_POINT('',(-3.21177731416687,-2.36643191323986,0.4));
#2193=CARTESIAN_POINT('',(-3.58822237907096,-2.43356804728185,0.000615622984667116));
#2194=CARTESIAN_POINT('',(-3.21177745395156,-2.36643191323985,-0.400000000000001));
#2195=CARTESIAN_POINT('',(-3.,-2.36643191323985,-0.400000000000001));
#2196=CARTESIAN_POINT('',(-3.,-2.36643191323987,0.4));
#2197=CARTESIAN_POINT('',(-60.,-2.36643191323985,0.399999999999984));
#2198=CARTESIAN_POINT('',(-0.800000000000002,-2.36643191323985,0.4));
#2199=CARTESIAN_POINT('',(-0.800000000000002,0.,0.));
#2200=CARTESIAN_POINT('',(-0.800000000000002,2.36643191323985,0.4));
#2201=CARTESIAN_POINT('',(-60.,2.36643191323985,0.399999999999984));
#2202=CARTESIAN_POINT('',(-3.,2.36643191323982,0.4));
#2203=CARTESIAN_POINT('',(-3.,2.36643191323983,-0.400000000000001));
#2204=CARTESIAN_POINT('',(-3.21177731416687,2.36643191323983,-0.400000000000001));
#2205=CARTESIAN_POINT('',(-3.58822237907096,2.43356804728186,-0.000615622984668823));
#2206=CARTESIAN_POINT('',(-3.21177745395156,2.36643191323985,0.4));
#2207=CARTESIAN_POINT('',(-3.,2.36643191323985,0.4));
#2208=CARTESIAN_POINT('',(-60.,0.399999999999985,2.36643191323985));
#2209=CARTESIAN_POINT('',(-5.,0.399999999999998,2.36643191323985));
#2210=CARTESIAN_POINT('',(-5.,-0.399999999999998,2.36643191323985));
#2211=CARTESIAN_POINT('',(-4.78822268583313,-0.399999999999998,2.36643191323985));
#2212=CARTESIAN_POINT('',(-4.41177762092904,-0.000615622984666275,2.43356804728185));
#2213=CARTESIAN_POINT('',(-4.78822254604844,0.4,2.36643191323985));
#2214=CARTESIAN_POINT('',(-5.,0.399999999999998,2.36643191323985));
#2215=CARTESIAN_POINT('',(-5.,-0.399999999999998,2.36643191323985));
#2216=CARTESIAN_POINT('',(-60.,-0.400000000000003,2.36643191323985));
#2217=CARTESIAN_POINT('',(-60.,-0.400000000000003,-2.36643191323985));
#2218=CARTESIAN_POINT('',(-5.,-0.399999999999998,-2.36643191323985));
#2219=CARTESIAN_POINT('',(-5.,0.399999999999998,-2.36643191323985));
#2220=CARTESIAN_POINT('',(-4.78822268583313,0.399999999999999,-2.36643191323985));
#2221=CARTESIAN_POINT('',(-4.41177762092904,0.000615622984670178,-2.43356804728185));
#2222=CARTESIAN_POINT('',(-4.78822254604844,-0.399999999999998,-2.36643191323985));
#2223=CARTESIAN_POINT('',(-5.,-0.399999999999998,-2.36643191323985));
#2224=CARTESIAN_POINT('',(-5.,0.399999999999998,-2.36643191323985));
#2225=CARTESIAN_POINT('',(-60.,0.399999999999985,-2.36643191323985));
#2226=CARTESIAN_POINT('',(-0.799999999999999,0.,2.4));
#2227=CARTESIAN_POINT('',(-0.799999999999999,0.,0.4));
#2228=CARTESIAN_POINT('',(-0.80000000000299,-2.97321374946408,0.4));
#2229=CARTESIAN_POINT('',(-0.799999999999999,0.,0.));
#2230=CARTESIAN_POINT('',(-0.799999999999999,2.9732137494637,0.4));
#2231=CARTESIAN_POINT('',(-0.799999999999999,0.,0.4));
#2232=CARTESIAN_POINT('',(-60.,0.,0.));
#2233=CARTESIAN_POINT('',(-60.,3.07408522978788,0.399999999999984));
#2234=CARTESIAN_POINT('',(-0.699999999999999,3.07408522978788,0.399999999999984));
#2235=CARTESIAN_POINT('',(0.699999999999999,3.07408522978788,0.400000000000001));
#2236=CARTESIAN_POINT('',(-0.699999999999999,0.,0.));
#2237=CARTESIAN_POINT('',(-0.699999999999999,-3.07408522978788,0.399999999999984));
#2238=CARTESIAN_POINT('',(-60.,-3.07408522978788,0.399999999999984));
#2239=CARTESIAN_POINT('',(0.699999999999999,-3.07408522978788,0.400000000000001));
#2240=CARTESIAN_POINT('',(0.699999999999999,0.,0.));
#2241=CARTESIAN_POINT('',(0.800000000000001,0.,3.1));
#2242=CARTESIAN_POINT('',(0.800000000000001,0.,0.400000000000001));
#2243=CARTESIAN_POINT('',(0.800000000002327,2.97321374946341,0.400000000000001));
#2244=CARTESIAN_POINT('',(0.800000000000002,2.36643191323985,0.400000000000001));
#2245=CARTESIAN_POINT('',(0.800000000000001,0.,0.));
#2246=CARTESIAN_POINT('',(0.800000000000001,-2.9732137494637,0.400000000000001));
#2247=CARTESIAN_POINT('',(0.800000000000001,0.,0.400000000000001));
#2248=CARTESIAN_POINT('',(0.800000000000002,-2.36643191323985,0.400000000000001));
#2249=CARTESIAN_POINT('',(0.800000000000002,0.,0.));
#2250=CARTESIAN_POINT('',(-60.,0.,0.));
#2251=CARTESIAN_POINT('',(-60.,2.36643191323984,-0.400000000000009));
#2252=CARTESIAN_POINT('',(5.,2.36643191323983,-0.399999999999999));
#2253=CARTESIAN_POINT('',(-60.,-2.36643191323984,-0.400000000000009));
#2254=CARTESIAN_POINT('',(5.,-2.36643191323986,-0.399999999999999));
#2255=CARTESIAN_POINT('',(5.,-2.36643191323986,0.399999999999999));
#2256=CARTESIAN_POINT('',(4.78822268583313,-2.36643191323986,0.399999999999999));
#2257=CARTESIAN_POINT('',(4.41177762092905,-2.43356804728185,0.000615622984668661));
#2258=CARTESIAN_POINT('',(4.78822254604844,-2.36643191323985,-0.4));
#2259=CARTESIAN_POINT('',(5.,-2.36643191323985,-0.4));
#2260=CARTESIAN_POINT('',(5.,-2.36643191323987,0.399999999999999));
#2261=CARTESIAN_POINT('',(-60.,-2.36643191323985,0.400000000000003));
#2262=CARTESIAN_POINT('',(7.19999999999833,-2.36643191323965,0.399999999999999));
#2263=CARTESIAN_POINT('',(7.2,0.,0.));
#2264=CARTESIAN_POINT('',(7.2,2.36643191323985,0.399999999999999));
#2265=CARTESIAN_POINT('',(-60.,2.36643191323985,0.400000000000003));
#2266=CARTESIAN_POINT('',(5.,2.36643191323982,0.399999999999999));
#2267=CARTESIAN_POINT('',(5.,2.36643191323983,-0.399999999999999));
#2268=CARTESIAN_POINT('',(4.78822268583313,2.36643191323983,-0.399999999999999));
#2269=CARTESIAN_POINT('',(4.41177762092904,2.43356804728186,-0.000615622984668118));
#2270=CARTESIAN_POINT('',(4.78822254604844,2.36643191323985,0.4));
#2271=CARTESIAN_POINT('',(5.00000000000001,2.36643191323985,0.4));
#2272=CARTESIAN_POINT('',(-60.,-2.36643191323984,-0.400000000000009));
#2273=CARTESIAN_POINT('',(3.,-2.36643191323986,-0.400000000000001));
#2274=CARTESIAN_POINT('',(-60.,2.36643191323984,-0.400000000000009));
#2275=CARTESIAN_POINT('',(3.,2.36643191323983,-0.400000000000001));
#2276=CARTESIAN_POINT('',(3.,2.36643191323983,0.400000000000001));
#2277=CARTESIAN_POINT('',(3.21177731416688,2.36643191323983,0.400000000000001));
#2278=CARTESIAN_POINT('',(3.58822237907096,2.43356804728186,0.000615622984668579));
#2279=CARTESIAN_POINT('',(3.21177745395157,2.36643191323985,-0.400000000000002));
#2280=CARTESIAN_POINT('',(3.,2.36643191323985,-0.400000000000002));
#2281=CARTESIAN_POINT('',(3.,2.36643191323983,0.400000000000001));
#2282=CARTESIAN_POINT('',(-60.,2.36643191323985,0.399999999999984));
#2283=CARTESIAN_POINT('',(-60.,-2.36643191323985,0.399999999999984));
#2284=CARTESIAN_POINT('',(3.,-2.36643191323986,0.400000000000001));
#2285=CARTESIAN_POINT('',(3.,-2.36643191323986,-0.400000000000002));
#2286=CARTESIAN_POINT('',(3.21177731416687,-2.36643191323986,-0.400000000000002));
#2287=CARTESIAN_POINT('',(3.58822237907097,-2.43356804728185,-0.000615622984668498));
#2288=CARTESIAN_POINT('',(3.21177745395157,-2.36643191323985,0.400000000000002));
#2289=CARTESIAN_POINT('',(3.,-2.36643191323985,0.400000000000002));
#2290=CARTESIAN_POINT('',(7.3,0.,0.));
#2291=CARTESIAN_POINT('',(7.3,-2.46779253585062,0.399999999999999));
#2292=CARTESIAN_POINT('',(7.24755048625487,-2.46779253585062,0.399999999999999));
#2293=CARTESIAN_POINT('',(7.19999999999985,-2.4189235797761,0.399999999999999));
#2294=CARTESIAN_POINT('',(7.2,-2.36643191323957,0.399999999999999));
#2295=CARTESIAN_POINT('',(7.3,-2.46779253585061,0.400000000000003));
#2296=CARTESIAN_POINT('',(7.3,0.,0.));
#2297=CARTESIAN_POINT('',(7.3,2.46779253585061,0.400000000000003));
#2298=CARTESIAN_POINT('',(7.2,2.36643191323985,0.399999999999999));
#2299=CARTESIAN_POINT('',(7.2,2.41928130382626,0.399999999999999));
#2300=CARTESIAN_POINT('',(7.24728082702684,2.46779253585062,0.399999999999999));
#2301=CARTESIAN_POINT('',(7.3,2.46779253585062,0.399999999999999));
#2302=CARTESIAN_POINT('',(-60.,0.,0.));
#2303=CARTESIAN_POINT('',(-60.,2.46779253585061,0.400000000000003));
#2304=CARTESIAN_POINT('',(8.7,2.46779253585061,0.399999999999999));
#2305=CARTESIAN_POINT('',(-60.,-2.46779253585061,0.400000000000003));
#2306=CARTESIAN_POINT('',(8.7,-2.46779253585063,0.399999999999999));
#2307=CARTESIAN_POINT('',(8.7,0.,0.));
#2308=CARTESIAN_POINT('',(8.7,0.,0.));
#2309=CARTESIAN_POINT('',(8.8,-2.36643191323985,0.399999999999999));
#2310=CARTESIAN_POINT('',(8.8,-2.41912202569178,0.399999999999999));
#2311=CARTESIAN_POINT('',(8.75268961953553,-2.46779253585062,0.399999999999999));
#2312=CARTESIAN_POINT('',(8.7,-2.46779253585062,0.399999999999999));
#2313=CARTESIAN_POINT('',(8.7,2.46779253585062,0.399999999999999));
#2314=CARTESIAN_POINT('',(8.75281976937252,2.46779253585062,0.399999999999999));
#2315=CARTESIAN_POINT('',(8.80000000000198,2.41888964031642,0.399999999999999));
#2316=CARTESIAN_POINT('',(8.8,2.36643191323597,0.399999999999999));
#2317=CARTESIAN_POINT('',(16.,0.,2.));
#2318=CARTESIAN_POINT('',(16.,-0.400000000000003,30.));
#2319=CARTESIAN_POINT('',(16.,-0.400000000000003,2.46779253585062));
#2320=CARTESIAN_POINT('',(16.,0.,0.));
#2321=CARTESIAN_POINT('',(16.,-0.400000000000003,-2.46779253585062));
#2322=CARTESIAN_POINT('',(16.,-0.400000000000003,30.));
#2323=CARTESIAN_POINT('',(15.9,0.,0.));
#2324=CARTESIAN_POINT('',(15.9,-0.400000000000003,-2.56904651573303));
#2325=CARTESIAN_POINT('',(15.9526732523176,-0.400000000000003,-2.56904651573303));
#2326=CARTESIAN_POINT('',(16.,-0.400000000000003,-2.52059458654171));
#2327=CARTESIAN_POINT('',(16.,-0.400000000000003,-2.46779253585062));
#2328=CARTESIAN_POINT('',(16.,-0.400000000000003,2.46779253585062));
#2329=CARTESIAN_POINT('',(16.,-0.400000000000003,2.52028038259658));
#2330=CARTESIAN_POINT('',(15.9526100457425,-0.400000000000003,2.56904651573303));
#2331=CARTESIAN_POINT('',(15.9,-0.400000000000003,2.56904651573303));
#2332=CARTESIAN_POINT('',(-7.3,0.,0.));
#2333=CARTESIAN_POINT('',(-7.2,-0.400000000000003,-2.46779253585061));
#2334=CARTESIAN_POINT('',(-7.2,-0.400000000000003,-2.52049018880945));
#2335=CARTESIAN_POINT('',(-7.24729868334449,-0.400000000000003,-2.56904651573303));
#2336=CARTESIAN_POINT('',(-7.3,-0.400000000000003,-2.56904651573303));
#2337=CARTESIAN_POINT('',(-7.3,-0.400000000000003,2.56904651573303));
#2338=CARTESIAN_POINT('',(-7.24749298958638,-0.400000000000003,2.56904651573303));
#2339=CARTESIAN_POINT('',(-7.2,-0.400000000000003,2.52084991800135));
#2340=CARTESIAN_POINT('',(-7.2,-0.400000000000003,2.46779253585061));
#2341=CARTESIAN_POINT('',(-7.9,0.,0.));
#2342=CARTESIAN_POINT('',(-7.9,-0.400000000000003,-2.56904651573303));
#2343=CARTESIAN_POINT('',(-7.9529019748141,-0.400000000000003,-2.56904651573303));
#2344=CARTESIAN_POINT('',(-8.00000000000003,-0.400000000000003,-2.52052400323682));
#2345=CARTESIAN_POINT('',(-8.00000000000001,-0.400000000000003,-2.46779253585057));
#2346=CARTESIAN_POINT('',(-8.00000000000001,-0.400000000000003,2.46779253585061));
#2347=CARTESIAN_POINT('',(-8.00000000000001,-0.400000000000003,2.5203752301186));
#2348=CARTESIAN_POINT('',(-7.95250668972416,-0.400000000000003,2.56904651573289));
#2349=CARTESIAN_POINT('',(-7.90000000000027,-0.400000000000003,2.56904651573303));
#2350=CARTESIAN_POINT('',(-0.699999999999999,0.,0.));
#2351=CARTESIAN_POINT('',(-0.699999999999999,-3.07408522978788,0.4));
#2352=CARTESIAN_POINT('',(-0.752403372893069,-3.07408522978788,0.4));
#2353=CARTESIAN_POINT('',(-0.79999999999974,-3.02555847138593,0.4));
#2354=CARTESIAN_POINT('',(-0.800000000000002,-2.97321374946421,0.4));
#2355=CARTESIAN_POINT('',(-0.799999999999999,2.9732137494637,0.4));
#2356=CARTESIAN_POINT('',(-0.799999999999999,3.02613593370906,0.400000000000001));
#2357=CARTESIAN_POINT('',(-0.75236105545467,3.07408522978788,0.400000000000001));
#2358=CARTESIAN_POINT('',(-0.699999999999999,3.07408522978788,0.400000000000001));
#2359=CARTESIAN_POINT('',(0.699999999999999,0.,0.));
#2360=CARTESIAN_POINT('',(0.799999999999999,-2.9732137494637,0.400000000000001));
#2361=CARTESIAN_POINT('',(0.799999999999999,-3.02605880331986,0.400000000000001));
#2362=CARTESIAN_POINT('',(0.752872602424248,-3.07408522978788,0.400000000000001));
#2363=CARTESIAN_POINT('',(0.699999999999999,-3.07408522978788,0.400000000000001));
#2364=CARTESIAN_POINT('',(0.699999999999999,3.07408522978788,0.400000000000001));
#2365=CARTESIAN_POINT('',(0.752965578220364,3.07408522978788,0.400000000000001));
#2366=CARTESIAN_POINT('',(0.800000000000204,3.02560550522792,0.400000000000001));
#2367=CARTESIAN_POINT('',(0.800000000000002,2.97321374946331,0.400000000000001));
#2368=CARTESIAN_POINT('',(16.,-0.400000000000003,30.));
#2369=CARTESIAN_POINT('',(13.,-0.399999999999999,30.));
#2370=CARTESIAN_POINT('',(16.,0.4,30.));
#2371=CARTESIAN_POINT('',(13.,0.4,30.));
#2372=CARTESIAN_POINT('',(13.,0.,30.));
#2373=CARTESIAN_POINT('',(16.,-0.400000000000003,30.));
#2374=CARTESIAN_POINT('',(13.,-0.399999999999999,30.));
#2375=CARTESIAN_POINT('',(16.,0.4,30.));
#2376=CARTESIAN_POINT('',(13.,0.4,30.));
#2377=CARTESIAN_POINT('',(13.,0.,30.));
#2378=CARTESIAN_POINT('',(-8.,-0.400000000000003,30.));
#2379=CARTESIAN_POINT('',(-5.,-0.399999999999998,30.));
#2380=CARTESIAN_POINT('',(-8.,0.399999999999997,30.));
#2381=CARTESIAN_POINT('',(-5.,0.399999999999998,30.));
#2382=CARTESIAN_POINT('',(-5.,0.,30.));
#2383=CARTESIAN_POINT('',(-5.,0.,30.));
#2384=CARTESIAN_POINT('',(-5.,0.399999999999998,30.));
#2385=CARTESIAN_POINT('',(-5.,-0.399999999999998,30.));
#2386=CARTESIAN_POINT('',(-8.,0.399999999999997,30.));
#2387=CARTESIAN_POINT('',(-8.,-0.400000000000003,30.));
#2388=CARTESIAN_POINT('',(-3.,-90.,0.4));
#2389=CARTESIAN_POINT('',(-3.,-90.,0.4));
#2390=CARTESIAN_POINT('',(3.,-90.,0.400000000000001));
#2391=CARTESIAN_POINT('',(3.,-90.,-0.400000000000001));
#2392=CARTESIAN_POINT('',(3.,-90.,-0.400000000000001));
#2393=CARTESIAN_POINT('',(-3.,-90.,-0.400000000000002));
#2394=CARTESIAN_POINT('',(3.,-90.,0.));
#2395=CARTESIAN_POINT('',(-3.,-90.,-3.79470760369927E-16));
#2396=CARTESIAN_POINT('',(3.,-90.,-0.400000000000001));
#2397=CARTESIAN_POINT('',(-3.,-90.,-0.400000000000002));
#2398=CARTESIAN_POINT('',(3.,-90.,-0.400000000000001));
#2399=CARTESIAN_POINT('',(-3.,-90.,-3.79470760369927E-16));
#2400=CARTESIAN_POINT('',(-3.,-90.,0.4));
#2401=CARTESIAN_POINT('',(-3.,-90.,0.4));
#2402=CARTESIAN_POINT('',(3.,-90.,0.400000000000001));
#2403=CARTESIAN_POINT('',(3.,-90.,0.));
#2404=CARTESIAN_POINT('',(11.,-90.,-0.4));
#2405=CARTESIAN_POINT('',(11.,-90.,-0.4));
#2406=CARTESIAN_POINT('',(5.,-90.,-0.399999999999999));
#2407=CARTESIAN_POINT('',(5.,-90.,0.399999999999999));
#2408=CARTESIAN_POINT('',(5.,-90.,0.399999999999999));
#2409=CARTESIAN_POINT('',(11.,-90.,0.399999999999999));
#2410=CARTESIAN_POINT('',(5.,-90.,0.));
#2411=CARTESIAN_POINT('',(11.,-90.,-3.79470760369927E-16));
#2412=CARTESIAN_POINT('',(11.,-90.,-0.4));
#2413=CARTESIAN_POINT('',(5.,-90.,-0.399999999999999));
#2414=CARTESIAN_POINT('',(11.,-90.,-0.4));
#2415=CARTESIAN_POINT('',(5.,-90.,0.));
#2416=CARTESIAN_POINT('',(5.,-90.,0.399999999999999));
#2417=CARTESIAN_POINT('',(5.,-90.,0.399999999999999));
#2418=CARTESIAN_POINT('',(11.,-90.,0.399999999999999));
#2419=CARTESIAN_POINT('',(11.,-90.,-3.79470760369927E-16));
#2420=MECHANICAL_DESIGN_GEOMETRIC_PRESENTATION_REPRESENTATION('',(#1365),
#2421);
#2421=(
GEOMETRIC_REPRESENTATION_CONTEXT(3)
GLOBAL_UNCERTAINTY_ASSIGNED_CONTEXT((#2422))
GLOBAL_UNIT_ASSIGNED_CONTEXT((#2425,#2424,#2423))
REPRESENTATION_CONTEXT('Blue_4514553_MCM','TOP_LEVEL_ASSEMBLY_PART')
);
#2422=UNCERTAINTY_MEASURE_WITH_UNIT(LENGTH_MEASURE(0.005),#2425,
'DISTANCE_ACCURACY_VALUE','Maximum Tolerance applied to model');
#2423=(
NAMED_UNIT(*)
SI_UNIT($,.STERADIAN.)
SOLID_ANGLE_UNIT()
);
#2424=(
NAMED_UNIT(*)
PLANE_ANGLE_UNIT()
SI_UNIT($,.RADIAN.)
);
#2425=(
LENGTH_UNIT()
NAMED_UNIT(*)
SI_UNIT(.MILLI.,.METRE.)
);
#2426=PRODUCT_DEFINITION_SHAPE('','',#2427);
#2427=PRODUCT_DEFINITION('','',#2429,#2428);
#2428=PRODUCT_DEFINITION_CONTEXT('',#2435,'design');
#2429=PRODUCT_DEFINITION_FORMATION_WITH_SPECIFIED_SOURCE('','',#2431,
 .NOT_KNOWN.);
#2430=PRODUCT_RELATED_PRODUCT_CATEGORY('','',(#2431));
#2431=PRODUCT('Blue_4514553_MCM','Blue_4514553_MCM','Blue_4514553_MCM',
(#2433));
#2432=PRODUCT_CATEGORY('','');
#2433=PRODUCT_CONTEXT('',#2435,'mechanical');
#2434=APPLICATION_PROTOCOL_DEFINITION('international standard',
'automotive_design',2010,#2435);
#2435=APPLICATION_CONTEXT(
'core data for automotive mechanical design processes');
ENDSEC;
END-ISO-10303-21;
