ISO-10303-21;
HEADER;
/* Generated by software containing ST-Developer
 * from STEP Tools, Inc. (www.steptools.com) 
 */
/* OPTION: strings as raw bytes, not using required /X/ escapes */

FILE_DESCRIPTION(
/* description */ ('Unknown'),
/* implementation_level */ '2;1');

FILE_NAME(
/* name */ 'ClGray_4624645_a)_JCA',
/* time_stamp */ '2025-07-21T23:57:42+02:00',
/* author */ ('Unknown'),
/* organization */ ('Unknown'),
/* preprocessor_version */ 'ST-DEVELOPER v19.4',
/* originating_system */ 'Solid Edge',
/* authorisation */ 'Unknown');

FILE_SCHEMA (('AUTOMOTIVE_DESIGN {1 0 10303 214 3 1 1}'));
ENDSEC;

DATA;
#10=PROPERTY_DEFINITION_REPRESENTATION(#14,#12);
#11=PROPERTY_DEFINITION_REPRESENTATION(#15,#13);
#12=REPRESENTATION('',(#16),#7943);
#13=REPRESENTATION('',(#17),#7943);
#14=PROPERTY_DEFINITION('pmi validation property','',#7948);
#15=PROPERTY_DEFINITION('pmi validation property','',#7948);
#16=VALUE_REPRESENTATION_ITEM('number of annotations',COUNT_MEASURE(0.));
#17=VALUE_REPRESENTATION_ITEM('number of views',COUNT_MEASURE(0.));
#18=SHAPE_REPRESENTATION_RELATIONSHIP('','',#4761,#19);
#19=ADVANCED_BREP_SHAPE_REPRESENTATION('',(#4759),#7943);
#20=PLANE('',#4766);
#21=PLANE('',#4767);
#22=PLANE('',#4768);
#23=PLANE('',#4770);
#24=PLANE('',#4775);
#25=PLANE('',#4776);
#26=PLANE('',#4777);
#27=PLANE('',#4779);
#28=PLANE('',#4784);
#29=PLANE('',#4785);
#30=PLANE('',#4786);
#31=PLANE('',#4788);
#32=PLANE('',#4799);
#33=PLANE('',#4802);
#34=PLANE('',#4803);
#35=PLANE('',#4806);
#36=PLANE('',#4821);
#37=PLANE('',#4823);
#38=PLANE('',#4825);
#39=PLANE('',#4827);
#40=PLANE('',#4830);
#41=PLANE('',#4833);
#42=PLANE('',#4834);
#43=PLANE('',#4838);
#44=PLANE('',#4839);
#45=PLANE('',#4843);
#46=PLANE('',#4844);
#47=PLANE('',#4848);
#48=PLANE('',#4849);
#49=PLANE('',#4853);
#50=PLANE('',#4854);
#51=PLANE('',#4858);
#52=PLANE('',#4859);
#53=PLANE('',#4862);
#54=PLANE('',#4865);
#55=PLANE('',#4870);
#56=PLANE('',#4872);
#57=PLANE('',#4875);
#58=PLANE('',#4877);
#59=PLANE('',#4878);
#60=PLANE('',#4922);
#61=PLANE('',#4929);
#62=PLANE('',#4932);
#63=PLANE('',#4937);
#64=PLANE('',#4939);
#65=PLANE('',#4940);
#66=PLANE('',#4941);
#67=PLANE('',#4942);
#68=PLANE('',#4943);
#69=PLANE('',#4944);
#70=PLANE('',#4946);
#71=PLANE('',#4949);
#72=PLANE('',#4952);
#73=PLANE('',#4955);
#74=PLANE('',#4965);
#75=PLANE('',#4967);
#76=PLANE('',#4969);
#77=PLANE('',#4971);
#78=PLANE('',#4974);
#79=PLANE('',#4975);
#80=PLANE('',#4976);
#81=PLANE('',#4979);
#82=PLANE('',#4982);
#83=PLANE('',#4983);
#84=PLANE('',#4984);
#85=PLANE('',#4987);
#86=PLANE('',#4990);
#87=PLANE('',#4991);
#88=PLANE('',#4992);
#89=PLANE('',#4997);
#90=PLANE('',#4998);
#91=PLANE('',#5001);
#92=PLANE('',#5002);
#93=PLANE('',#5005);
#94=PLANE('',#5006);
#95=PLANE('',#5009);
#96=PLANE('',#5010);
#97=PLANE('',#5013);
#98=PLANE('',#5014);
#99=PLANE('',#5017);
#100=PLANE('',#5018);
#101=PLANE('',#5021);
#102=PLANE('',#5022);
#103=PLANE('',#5025);
#104=PLANE('',#5026);
#105=PLANE('',#5029);
#106=PLANE('',#5030);
#107=PLANE('',#5033);
#108=PLANE('',#5034);
#109=PLANE('',#5037);
#110=PLANE('',#5038);
#111=PLANE('',#5041);
#112=PLANE('',#5042);
#113=PLANE('',#5045);
#114=PLANE('',#5046);
#115=PLANE('',#5049);
#116=PLANE('',#5050);
#117=PLANE('',#5053);
#118=PLANE('',#5054);
#119=PLANE('',#5057);
#120=PLANE('',#5058);
#121=PLANE('',#5061);
#122=PLANE('',#5062);
#123=PLANE('',#5065);
#124=PLANE('',#5066);
#125=PLANE('',#5073);
#126=PLANE('',#5074);
#127=PLANE('',#5077);
#128=PLANE('',#5078);
#129=PLANE('',#5081);
#130=PLANE('',#5082);
#131=PLANE('',#5085);
#132=PLANE('',#5086);
#133=PLANE('',#5089);
#134=PLANE('',#5090);
#135=PLANE('',#5093);
#136=PLANE('',#5094);
#137=PLANE('',#5097);
#138=PLANE('',#5098);
#139=PLANE('',#5101);
#140=PLANE('',#5102);
#141=PLANE('',#5105);
#142=PLANE('',#5106);
#143=PLANE('',#5109);
#144=PLANE('',#5110);
#145=PLANE('',#5113);
#146=PLANE('',#5114);
#147=PLANE('',#5117);
#148=PLANE('',#5118);
#149=PLANE('',#5121);
#150=PLANE('',#5122);
#151=PLANE('',#5125);
#152=PLANE('',#5126);
#153=PLANE('',#5129);
#154=PLANE('',#5130);
#155=PLANE('',#5133);
#156=PLANE('',#5134);
#157=PLANE('',#5137);
#158=PLANE('',#5138);
#159=PLANE('',#5141);
#160=PLANE('',#5142);
#161=PLANE('',#5145);
#162=PLANE('',#5146);
#163=PLANE('',#5147);
#164=PLANE('',#5148);
#165=PLANE('',#5149);
#166=PLANE('',#5151);
#167=PLANE('',#5153);
#168=PLANE('',#5157);
#169=PLANE('',#5162);
#170=PLANE('',#5163);
#171=PLANE('',#5164);
#172=PLANE('',#5165);
#173=PLANE('',#5166);
#174=PLANE('',#5167);
#175=PLANE('',#5168);
#176=PLANE('',#5169);
#177=PLANE('',#5170);
#178=PLANE('',#5171);
#179=PLANE('',#5172);
#180=PLANE('',#5173);
#181=PLANE('',#5183);
#182=PLANE('',#5185);
#183=PLANE('',#5186);
#184=PLANE('',#5187);
#185=PLANE('',#5189);
#186=PLANE('',#5190);
#187=PLANE('',#5194);
#188=PLANE('',#5195);
#189=PLANE('',#5196);
#190=PLANE('',#5197);
#191=LINE('',#6567,#683);
#192=LINE('',#6571,#684);
#193=LINE('',#6573,#685);
#194=LINE('',#6575,#686);
#195=LINE('',#6577,#687);
#196=LINE('',#6579,#688);
#197=LINE('',#6581,#689);
#198=LINE('',#6583,#690);
#199=LINE('',#6592,#691);
#200=LINE('',#6596,#692);
#201=LINE('',#6598,#693);
#202=LINE('',#6600,#694);
#203=LINE('',#6602,#695);
#204=LINE('',#6604,#696);
#205=LINE('',#6606,#697);
#206=LINE('',#6608,#698);
#207=LINE('',#6617,#699);
#208=LINE('',#6621,#700);
#209=LINE('',#6623,#701);
#210=LINE('',#6625,#702);
#211=LINE('',#6627,#703);
#212=LINE('',#6629,#704);
#213=LINE('',#6631,#705);
#214=LINE('',#6633,#706);
#215=LINE('',#6642,#707);
#216=LINE('',#6646,#708);
#217=LINE('',#6651,#709);
#218=LINE('',#6655,#710);
#219=LINE('',#6660,#711);
#220=LINE('',#6664,#712);
#221=LINE('',#6666,#713);
#222=LINE('',#6671,#714);
#223=LINE('',#6675,#715);
#224=LINE('',#6678,#716);
#225=LINE('',#6679,#717);
#226=LINE('',#6681,#718);
#227=LINE('',#6686,#719);
#228=LINE('',#6690,#720);
#229=LINE('',#6692,#721);
#230=LINE('',#6693,#722);
#231=LINE('',#6694,#723);
#232=LINE('',#6696,#724);
#233=LINE('',#6716,#725);
#234=LINE('',#6720,#726);
#235=LINE('',#6735,#727);
#236=LINE('',#6740,#728);
#237=LINE('',#6744,#729);
#238=LINE('',#6748,#730);
#239=LINE('',#6752,#731);
#240=LINE('',#6754,#732);
#241=LINE('',#6756,#733);
#242=LINE('',#6758,#734);
#243=LINE('',#6760,#735);
#244=LINE('',#6763,#736);
#245=LINE('',#6765,#737);
#246=LINE('',#6767,#738);
#247=LINE('',#6771,#739);
#248=LINE('',#6775,#740);
#249=LINE('',#6777,#741);
#250=LINE('',#6779,#742);
#251=LINE('',#6781,#743);
#252=LINE('',#6784,#744);
#253=LINE('',#6786,#745);
#254=LINE('',#6787,#746);
#255=LINE('',#6789,#747);
#256=LINE('',#6795,#748);
#257=LINE('',#6797,#749);
#258=LINE('',#6799,#750);
#259=LINE('',#6801,#751);
#260=LINE('',#6804,#752);
#261=LINE('',#6806,#753);
#262=LINE('',#6807,#754);
#263=LINE('',#6811,#755);
#264=LINE('',#6815,#756);
#265=LINE('',#6818,#757);
#266=LINE('',#6820,#758);
#267=LINE('',#6821,#759);
#268=LINE('',#6823,#760);
#269=LINE('',#6825,#761);
#270=LINE('',#6827,#762);
#271=LINE('',#6829,#763);
#272=LINE('',#6835,#764);
#273=LINE('',#6838,#765);
#274=LINE('',#6840,#766);
#275=LINE('',#6841,#767);
#276=LINE('',#6843,#768);
#277=LINE('',#6845,#769);
#278=LINE('',#6847,#770);
#279=LINE('',#6851,#771);
#280=LINE('',#6855,#772);
#281=LINE('',#6857,#773);
#282=LINE('',#6859,#774);
#283=LINE('',#6861,#775);
#284=LINE('',#6866,#776);
#285=LINE('',#6872,#777);
#286=LINE('',#6876,#778);
#287=LINE('',#6881,#779);
#288=LINE('',#6885,#780);
#289=LINE('',#6888,#781);
#290=LINE('',#6892,#782);
#291=LINE('',#6897,#783);
#292=LINE('',#6901,#784);
#293=LINE('',#6906,#785);
#294=LINE('',#6909,#786);
#295=LINE('',#6911,#787);
#296=LINE('',#6912,#788);
#297=LINE('',#6917,#789);
#298=LINE('',#6919,#790);
#299=LINE('',#6923,#791);
#300=LINE('',#6925,#792);
#301=LINE('',#6929,#793);
#302=LINE('',#6931,#794);
#303=LINE('',#6935,#795);
#304=LINE('',#6937,#796);
#305=LINE('',#6941,#797);
#306=LINE('',#6943,#798);
#307=LINE('',#6947,#799);
#308=LINE('',#6949,#800);
#309=LINE('',#6953,#801);
#310=LINE('',#6955,#802);
#311=LINE('',#6959,#803);
#312=LINE('',#6961,#804);
#313=LINE('',#6965,#805);
#314=LINE('',#6968,#806);
#315=LINE('',#6970,#807);
#316=LINE('',#6974,#808);
#317=LINE('',#6976,#809);
#318=LINE('',#6980,#810);
#319=LINE('',#6982,#811);
#320=LINE('',#6986,#812);
#321=LINE('',#6988,#813);
#322=LINE('',#6992,#814);
#323=LINE('',#6994,#815);
#324=LINE('',#6998,#816);
#325=LINE('',#7000,#817);
#326=LINE('',#7004,#818);
#327=LINE('',#7006,#819);
#328=LINE('',#7010,#820);
#329=LINE('',#7012,#821);
#330=LINE('',#7016,#822);
#331=LINE('',#7018,#823);
#332=LINE('',#7022,#824);
#333=LINE('',#7024,#825);
#334=LINE('',#7028,#826);
#335=LINE('',#7030,#827);
#336=LINE('',#7034,#828);
#337=LINE('',#7036,#829);
#338=LINE('',#7040,#830);
#339=LINE('',#7042,#831);
#340=LINE('',#7046,#832);
#341=LINE('',#7048,#833);
#342=LINE('',#7052,#834);
#343=LINE('',#7054,#835);
#344=LINE('',#7058,#836);
#345=LINE('',#7060,#837);
#346=LINE('',#7064,#838);
#347=LINE('',#7066,#839);
#348=LINE('',#7070,#840);
#349=LINE('',#7072,#841);
#350=LINE('',#7076,#842);
#351=LINE('',#7078,#843);
#352=LINE('',#7082,#844);
#353=LINE('',#7084,#845);
#354=LINE('',#7088,#846);
#355=LINE('',#7090,#847);
#356=LINE('',#7094,#848);
#357=LINE('',#7096,#849);
#358=LINE('',#7100,#850);
#359=LINE('',#7102,#851);
#360=LINE('',#7106,#852);
#361=LINE('',#7108,#853);
#362=LINE('',#7112,#854);
#363=LINE('',#7114,#855);
#364=LINE('',#7118,#856);
#365=LINE('',#7120,#857);
#366=LINE('',#7124,#858);
#367=LINE('',#7126,#859);
#368=LINE('',#7130,#860);
#369=LINE('',#7132,#861);
#370=LINE('',#7136,#862);
#371=LINE('',#7138,#863);
#372=LINE('',#7142,#864);
#373=LINE('',#7144,#865);
#374=LINE('',#7148,#866);
#375=LINE('',#7150,#867);
#376=LINE('',#7154,#868);
#377=LINE('',#7156,#869);
#378=LINE('',#7160,#870);
#379=LINE('',#7162,#871);
#380=LINE('',#7166,#872);
#381=LINE('',#7168,#873);
#382=LINE('',#7170,#874);
#383=LINE('',#7172,#875);
#384=LINE('',#7174,#876);
#385=LINE('',#7185,#877);
#386=LINE('',#7188,#878);
#387=LINE('',#7189,#879);
#388=LINE('',#7194,#880);
#389=LINE('',#7195,#881);
#390=LINE('',#7196,#882);
#391=LINE('',#7198,#883);
#392=LINE('',#7200,#884);
#393=LINE('',#7204,#885);
#394=LINE('',#7206,#886);
#395=LINE('',#7211,#887);
#396=LINE('',#7213,#888);
#397=LINE('',#7215,#889);
#398=LINE('',#7217,#890);
#399=LINE('',#7219,#891);
#400=LINE('',#7221,#892);
#401=LINE('',#7223,#893);
#402=LINE('',#7227,#894);
#403=LINE('',#7229,#895);
#404=LINE('',#7231,#896);
#405=LINE('',#7235,#897);
#406=LINE('',#7237,#898);
#407=LINE('',#7239,#899);
#408=LINE('',#7243,#900);
#409=LINE('',#7245,#901);
#410=LINE('',#7247,#902);
#411=LINE('',#7251,#903);
#412=LINE('',#7253,#904);
#413=LINE('',#7255,#905);
#414=LINE('',#7281,#906);
#415=LINE('',#7284,#907);
#416=LINE('',#7285,#908);
#417=LINE('',#7289,#909);
#418=LINE('',#7291,#910);
#419=LINE('',#7293,#911);
#420=LINE('',#7295,#912);
#421=LINE('',#7297,#913);
#422=LINE('',#7299,#914);
#423=LINE('',#7301,#915);
#424=LINE('',#7304,#916);
#425=LINE('',#7305,#917);
#426=LINE('',#7307,#918);
#427=LINE('',#7311,#919);
#428=LINE('',#7313,#920);
#429=LINE('',#7318,#921);
#430=LINE('',#7319,#922);
#431=LINE('',#7321,#923);
#432=LINE('',#7323,#924);
#433=LINE('',#7325,#925);
#434=LINE('',#7328,#926);
#435=LINE('',#7329,#927);
#436=LINE('',#7331,#928);
#437=LINE('',#7333,#929);
#438=LINE('',#7335,#930);
#439=LINE('',#7339,#931);
#440=LINE('',#7342,#932);
#441=LINE('',#7343,#933);
#442=LINE('',#7347,#934);
#443=LINE('',#7349,#935);
#444=LINE('',#7351,#936);
#445=LINE('',#7353,#937);
#446=LINE('',#7355,#938);
#447=LINE('',#7357,#939);
#448=LINE('',#7360,#940);
#449=LINE('',#7361,#941);
#450=LINE('',#7366,#942);
#451=LINE('',#7370,#943);
#452=LINE('',#7372,#944);
#453=LINE('',#7374,#945);
#454=LINE('',#7376,#946);
#455=LINE('',#7380,#947);
#456=LINE('',#7382,#948);
#457=LINE('',#7384,#949);
#458=LINE('',#7386,#950);
#459=LINE('',#7388,#951);
#460=LINE('',#7390,#952);
#461=LINE('',#7394,#953);
#462=LINE('',#7396,#954);
#463=LINE('',#7398,#955);
#464=LINE('',#7400,#956);
#465=LINE('',#7404,#957);
#466=LINE('',#7406,#958);
#467=LINE('',#7408,#959);
#468=LINE('',#7410,#960);
#469=LINE('',#7412,#961);
#470=LINE('',#7414,#962);
#471=LINE('',#7418,#963);
#472=LINE('',#7420,#964);
#473=LINE('',#7422,#965);
#474=LINE('',#7424,#966);
#475=LINE('',#7428,#967);
#476=LINE('',#7430,#968);
#477=LINE('',#7432,#969);
#478=LINE('',#7434,#970);
#479=LINE('',#7436,#971);
#480=LINE('',#7438,#972);
#481=LINE('',#7442,#973);
#482=LINE('',#7444,#974);
#483=LINE('',#7446,#975);
#484=LINE('',#7448,#976);
#485=LINE('',#7452,#977);
#486=LINE('',#7454,#978);
#487=LINE('',#7456,#979);
#488=LINE('',#7458,#980);
#489=LINE('',#7460,#981);
#490=LINE('',#7462,#982);
#491=LINE('',#7466,#983);
#492=LINE('',#7468,#984);
#493=LINE('',#7470,#985);
#494=LINE('',#7472,#986);
#495=LINE('',#7476,#987);
#496=LINE('',#7478,#988);
#497=LINE('',#7480,#989);
#498=LINE('',#7482,#990);
#499=LINE('',#7484,#991);
#500=LINE('',#7486,#992);
#501=LINE('',#7490,#993);
#502=LINE('',#7492,#994);
#503=LINE('',#7494,#995);
#504=LINE('',#7496,#996);
#505=LINE('',#7500,#997);
#506=LINE('',#7502,#998);
#507=LINE('',#7504,#999);
#508=LINE('',#7506,#1000);
#509=LINE('',#7508,#1001);
#510=LINE('',#7510,#1002);
#511=LINE('',#7514,#1003);
#512=LINE('',#7516,#1004);
#513=LINE('',#7518,#1005);
#514=LINE('',#7520,#1006);
#515=LINE('',#7524,#1007);
#516=LINE('',#7526,#1008);
#517=LINE('',#7528,#1009);
#518=LINE('',#7530,#1010);
#519=LINE('',#7532,#1011);
#520=LINE('',#7534,#1012);
#521=LINE('',#7538,#1013);
#522=LINE('',#7540,#1014);
#523=LINE('',#7542,#1015);
#524=LINE('',#7544,#1016);
#525=LINE('',#7548,#1017);
#526=LINE('',#7550,#1018);
#527=LINE('',#7552,#1019);
#528=LINE('',#7554,#1020);
#529=LINE('',#7556,#1021);
#530=LINE('',#7558,#1022);
#531=LINE('',#7562,#1023);
#532=LINE('',#7564,#1024);
#533=LINE('',#7566,#1025);
#534=LINE('',#7568,#1026);
#535=LINE('',#7572,#1027);
#536=LINE('',#7574,#1028);
#537=LINE('',#7576,#1029);
#538=LINE('',#7578,#1030);
#539=LINE('',#7580,#1031);
#540=LINE('',#7586,#1032);
#541=LINE('',#7592,#1033);
#542=LINE('',#7594,#1034);
#543=LINE('',#7596,#1035);
#544=LINE('',#7598,#1036);
#545=LINE('',#7602,#1037);
#546=LINE('',#7604,#1038);
#547=LINE('',#7606,#1039);
#548=LINE('',#7608,#1040);
#549=LINE('',#7610,#1041);
#550=LINE('',#7612,#1042);
#551=LINE('',#7616,#1043);
#552=LINE('',#7618,#1044);
#553=LINE('',#7620,#1045);
#554=LINE('',#7622,#1046);
#555=LINE('',#7626,#1047);
#556=LINE('',#7628,#1048);
#557=LINE('',#7630,#1049);
#558=LINE('',#7632,#1050);
#559=LINE('',#7634,#1051);
#560=LINE('',#7636,#1052);
#561=LINE('',#7640,#1053);
#562=LINE('',#7642,#1054);
#563=LINE('',#7644,#1055);
#564=LINE('',#7646,#1056);
#565=LINE('',#7650,#1057);
#566=LINE('',#7652,#1058);
#567=LINE('',#7654,#1059);
#568=LINE('',#7656,#1060);
#569=LINE('',#7658,#1061);
#570=LINE('',#7660,#1062);
#571=LINE('',#7664,#1063);
#572=LINE('',#7666,#1064);
#573=LINE('',#7668,#1065);
#574=LINE('',#7670,#1066);
#575=LINE('',#7674,#1067);
#576=LINE('',#7676,#1068);
#577=LINE('',#7678,#1069);
#578=LINE('',#7680,#1070);
#579=LINE('',#7682,#1071);
#580=LINE('',#7686,#1072);
#581=LINE('',#7688,#1073);
#582=LINE('',#7690,#1074);
#583=LINE('',#7692,#1075);
#584=LINE('',#7694,#1076);
#585=LINE('',#7698,#1077);
#586=LINE('',#7700,#1078);
#587=LINE('',#7702,#1079);
#588=LINE('',#7704,#1080);
#589=LINE('',#7706,#1081);
#590=LINE('',#7708,#1082);
#591=LINE('',#7712,#1083);
#592=LINE('',#7714,#1084);
#593=LINE('',#7716,#1085);
#594=LINE('',#7718,#1086);
#595=LINE('',#7722,#1087);
#596=LINE('',#7724,#1088);
#597=LINE('',#7726,#1089);
#598=LINE('',#7728,#1090);
#599=LINE('',#7730,#1091);
#600=LINE('',#7732,#1092);
#601=LINE('',#7736,#1093);
#602=LINE('',#7738,#1094);
#603=LINE('',#7740,#1095);
#604=LINE('',#7742,#1096);
#605=LINE('',#7746,#1097);
#606=LINE('',#7748,#1098);
#607=LINE('',#7750,#1099);
#608=LINE('',#7752,#1100);
#609=LINE('',#7754,#1101);
#610=LINE('',#7756,#1102);
#611=LINE('',#7760,#1103);
#612=LINE('',#7762,#1104);
#613=LINE('',#7764,#1105);
#614=LINE('',#7766,#1106);
#615=LINE('',#7770,#1107);
#616=LINE('',#7772,#1108);
#617=LINE('',#7774,#1109);
#618=LINE('',#7776,#1110);
#619=LINE('',#7778,#1111);
#620=LINE('',#7780,#1112);
#621=LINE('',#7784,#1113);
#622=LINE('',#7786,#1114);
#623=LINE('',#7788,#1115);
#624=LINE('',#7790,#1116);
#625=LINE('',#7794,#1117);
#626=LINE('',#7796,#1118);
#627=LINE('',#7798,#1119);
#628=LINE('',#7800,#1120);
#629=LINE('',#7802,#1121);
#630=LINE('',#7806,#1122);
#631=LINE('',#7808,#1123);
#632=LINE('',#7810,#1124);
#633=LINE('',#7812,#1125);
#634=LINE('',#7814,#1126);
#635=LINE('',#7816,#1127);
#636=LINE('',#7818,#1128);
#637=LINE('',#7820,#1129);
#638=LINE('',#7821,#1130);
#639=LINE('',#7823,#1131);
#640=LINE('',#7827,#1132);
#641=LINE('',#7831,#1133);
#642=LINE('',#7835,#1134);
#643=LINE('',#7837,#1135);
#644=LINE('',#7841,#1136);
#645=LINE('',#7842,#1137);
#646=LINE('',#7844,#1138);
#647=LINE('',#7846,#1139);
#648=LINE('',#7850,#1140);
#649=LINE('',#7854,#1141);
#650=LINE('',#7858,#1142);
#651=LINE('',#7861,#1143);
#652=LINE('',#7863,#1144);
#653=LINE('',#7864,#1145);
#654=LINE('',#7866,#1146);
#655=LINE('',#7868,#1147);
#656=LINE('',#7870,#1148);
#657=LINE('',#7872,#1149);
#658=LINE('',#7874,#1150);
#659=LINE('',#7876,#1151);
#660=LINE('',#7878,#1152);
#661=LINE('',#7880,#1153);
#662=LINE('',#7882,#1154);
#663=LINE('',#7884,#1155);
#664=LINE('',#7885,#1156);
#665=LINE('',#7887,#1157);
#666=LINE('',#7889,#1158);
#667=LINE('',#7890,#1159);
#668=LINE('',#7892,#1160);
#669=LINE('',#7894,#1161);
#670=LINE('',#7895,#1162);
#671=LINE('',#7897,#1163);
#672=LINE('',#7899,#1164);
#673=LINE('',#7901,#1165);
#674=LINE('',#7917,#1166);
#675=LINE('',#7919,#1167);
#676=LINE('',#7921,#1168);
#677=LINE('',#7929,#1169);
#678=LINE('',#7933,#1170);
#679=LINE('',#7935,#1171);
#680=LINE('',#7936,#1172);
#681=LINE('',#7938,#1173);
#682=LINE('',#7939,#1174);
#683=VECTOR('',#5204,1000.);
#684=VECTOR('',#5207,1000.);
#685=VECTOR('',#5210,1000.);
#686=VECTOR('',#5211,1000.);
#687=VECTOR('',#5212,1000.);
#688=VECTOR('',#5215,1000.);
#689=VECTOR('',#5216,1000.);
#690=VECTOR('',#5217,1000.);
#691=VECTOR('',#5230,1000.);
#692=VECTOR('',#5233,1000.);
#693=VECTOR('',#5236,1000.);
#694=VECTOR('',#5237,1000.);
#695=VECTOR('',#5238,1000.);
#696=VECTOR('',#5241,1000.);
#697=VECTOR('',#5242,1000.);
#698=VECTOR('',#5243,1000.);
#699=VECTOR('',#5256,1000.);
#700=VECTOR('',#5259,1000.);
#701=VECTOR('',#5262,1000.);
#702=VECTOR('',#5263,1000.);
#703=VECTOR('',#5264,1000.);
#704=VECTOR('',#5267,1000.);
#705=VECTOR('',#5268,1000.);
#706=VECTOR('',#5269,1000.);
#707=VECTOR('',#5282,1000.);
#708=VECTOR('',#5285,1000.);
#709=VECTOR('',#5290,1000.);
#710=VECTOR('',#5293,1000.);
#711=VECTOR('',#5298,1000.);
#712=VECTOR('',#5301,1000.);
#713=VECTOR('',#5304,1000.);
#714=VECTOR('',#5307,1000.);
#715=VECTOR('',#5312,1000.);
#716=VECTOR('',#5313,1000.);
#717=VECTOR('',#5314,1000.);
#718=VECTOR('',#5317,1000.);
#719=VECTOR('',#5320,1000.);
#720=VECTOR('',#5325,1000.);
#721=VECTOR('',#5326,1000.);
#722=VECTOR('',#5327,1000.);
#723=VECTOR('',#5328,1000.);
#724=VECTOR('',#5329,1000.);
#725=VECTOR('',#5352,1000.);
#726=VECTOR('',#5355,1000.);
#727=VECTOR('',#5374,1000.);
#728=VECTOR('',#5377,1000.);
#729=VECTOR('',#5382,1000.);
#730=VECTOR('',#5385,1000.);
#731=VECTOR('',#5390,1000.);
#732=VECTOR('',#5391,1000.);
#733=VECTOR('',#5392,1000.);
#734=VECTOR('',#5393,1000.);
#735=VECTOR('',#5396,1000.);
#736=VECTOR('',#5397,1000.);
#737=VECTOR('',#5398,1000.);
#738=VECTOR('',#5399,1000.);
#739=VECTOR('',#5404,1000.);
#740=VECTOR('',#5409,1000.);
#741=VECTOR('',#5410,1000.);
#742=VECTOR('',#5411,1000.);
#743=VECTOR('',#5414,1000.);
#744=VECTOR('',#5415,1000.);
#745=VECTOR('',#5416,1000.);
#746=VECTOR('',#5417,1000.);
#747=VECTOR('',#5420,1000.);
#748=VECTOR('',#5427,1000.);
#749=VECTOR('',#5428,1000.);
#750=VECTOR('',#5429,1000.);
#751=VECTOR('',#5432,1000.);
#752=VECTOR('',#5433,1000.);
#753=VECTOR('',#5434,1000.);
#754=VECTOR('',#5435,1000.);
#755=VECTOR('',#5440,1000.);
#756=VECTOR('',#5445,1000.);
#757=VECTOR('',#5446,1000.);
#758=VECTOR('',#5447,1000.);
#759=VECTOR('',#5448,1000.);
#760=VECTOR('',#5451,1000.);
#761=VECTOR('',#5452,1000.);
#762=VECTOR('',#5453,1000.);
#763=VECTOR('',#5456,1000.);
#764=VECTOR('',#5463,1000.);
#765=VECTOR('',#5464,1000.);
#766=VECTOR('',#5465,1000.);
#767=VECTOR('',#5466,1000.);
#768=VECTOR('',#5469,1000.);
#769=VECTOR('',#5470,1000.);
#770=VECTOR('',#5471,1000.);
#771=VECTOR('',#5476,1000.);
#772=VECTOR('',#5481,1000.);
#773=VECTOR('',#5482,1000.);
#774=VECTOR('',#5483,1000.);
#775=VECTOR('',#5486,1000.);
#776=VECTOR('',#5489,1000.);
#777=VECTOR('',#5496,1000.);
#778=VECTOR('',#5501,1000.);
#779=VECTOR('',#5504,1000.);
#780=VECTOR('',#5509,1000.);
#781=VECTOR('',#5512,1000.);
#782=VECTOR('',#5517,1000.);
#783=VECTOR('',#5522,1000.);
#784=VECTOR('',#5525,1000.);
#785=VECTOR('',#5532,1000.);
#786=VECTOR('',#5533,1000.);
#787=VECTOR('',#5534,1000.);
#788=VECTOR('',#5535,1000.);
#789=VECTOR('',#5540,1000.);
#790=VECTOR('',#5541,1000.);
#791=VECTOR('',#5544,1000.);
#792=VECTOR('',#5545,1000.);
#793=VECTOR('',#5548,1000.);
#794=VECTOR('',#5549,1000.);
#795=VECTOR('',#5552,1000.);
#796=VECTOR('',#5553,1000.);
#797=VECTOR('',#5556,1000.);
#798=VECTOR('',#5557,1000.);
#799=VECTOR('',#5560,1000.);
#800=VECTOR('',#5561,1000.);
#801=VECTOR('',#5564,1000.);
#802=VECTOR('',#5565,1000.);
#803=VECTOR('',#5568,1000.);
#804=VECTOR('',#5569,1000.);
#805=VECTOR('',#5572,1000.);
#806=VECTOR('',#5575,1000.);
#807=VECTOR('',#5576,1000.);
#808=VECTOR('',#5579,1000.);
#809=VECTOR('',#5580,1000.);
#810=VECTOR('',#5583,1000.);
#811=VECTOR('',#5584,1000.);
#812=VECTOR('',#5587,1000.);
#813=VECTOR('',#5588,1000.);
#814=VECTOR('',#5591,1000.);
#815=VECTOR('',#5592,1000.);
#816=VECTOR('',#5595,1000.);
#817=VECTOR('',#5596,1000.);
#818=VECTOR('',#5599,1000.);
#819=VECTOR('',#5600,1000.);
#820=VECTOR('',#5603,1000.);
#821=VECTOR('',#5604,1000.);
#822=VECTOR('',#5607,1000.);
#823=VECTOR('',#5608,1000.);
#824=VECTOR('',#5611,1000.);
#825=VECTOR('',#5612,1000.);
#826=VECTOR('',#5615,1000.);
#827=VECTOR('',#5616,1000.);
#828=VECTOR('',#5619,1000.);
#829=VECTOR('',#5620,1000.);
#830=VECTOR('',#5623,1000.);
#831=VECTOR('',#5624,1000.);
#832=VECTOR('',#5627,1000.);
#833=VECTOR('',#5628,1000.);
#834=VECTOR('',#5631,1000.);
#835=VECTOR('',#5632,1000.);
#836=VECTOR('',#5635,1000.);
#837=VECTOR('',#5636,1000.);
#838=VECTOR('',#5639,1000.);
#839=VECTOR('',#5640,1000.);
#840=VECTOR('',#5643,1000.);
#841=VECTOR('',#5644,1000.);
#842=VECTOR('',#5647,1000.);
#843=VECTOR('',#5648,1000.);
#844=VECTOR('',#5651,1000.);
#845=VECTOR('',#5652,1000.);
#846=VECTOR('',#5655,1000.);
#847=VECTOR('',#5656,1000.);
#848=VECTOR('',#5659,1000.);
#849=VECTOR('',#5660,1000.);
#850=VECTOR('',#5663,1000.);
#851=VECTOR('',#5664,1000.);
#852=VECTOR('',#5667,1000.);
#853=VECTOR('',#5668,1000.);
#854=VECTOR('',#5671,1000.);
#855=VECTOR('',#5672,1000.);
#856=VECTOR('',#5675,1000.);
#857=VECTOR('',#5676,1000.);
#858=VECTOR('',#5679,1000.);
#859=VECTOR('',#5680,1000.);
#860=VECTOR('',#5683,1000.);
#861=VECTOR('',#5684,1000.);
#862=VECTOR('',#5687,1000.);
#863=VECTOR('',#5688,1000.);
#864=VECTOR('',#5691,1000.);
#865=VECTOR('',#5692,1000.);
#866=VECTOR('',#5695,1000.);
#867=VECTOR('',#5696,1000.);
#868=VECTOR('',#5699,1000.);
#869=VECTOR('',#5700,1000.);
#870=VECTOR('',#5703,1000.);
#871=VECTOR('',#5704,1000.);
#872=VECTOR('',#5707,1000.);
#873=VECTOR('',#5708,1000.);
#874=VECTOR('',#5711,1000.);
#875=VECTOR('',#5712,1000.);
#876=VECTOR('',#5713,1000.);
#877=VECTOR('',#5728,1000.);
#878=VECTOR('',#5729,1000.);
#879=VECTOR('',#5730,1000.);
#880=VECTOR('',#5735,1000.);
#881=VECTOR('',#5736,1000.);
#882=VECTOR('',#5737,1000.);
#883=VECTOR('',#5740,1000.);
#884=VECTOR('',#5741,1000.);
#885=VECTOR('',#5748,1000.);
#886=VECTOR('',#5749,1000.);
#887=VECTOR('',#5756,1000.);
#888=VECTOR('',#5759,1000.);
#889=VECTOR('',#5762,1000.);
#890=VECTOR('',#5765,1000.);
#891=VECTOR('',#5768,1000.);
#892=VECTOR('',#5771,1000.);
#893=VECTOR('',#5774,1000.);
#894=VECTOR('',#5779,1000.);
#895=VECTOR('',#5780,1000.);
#896=VECTOR('',#5781,1000.);
#897=VECTOR('',#5786,1000.);
#898=VECTOR('',#5789,1000.);
#899=VECTOR('',#5790,1000.);
#900=VECTOR('',#5795,1000.);
#901=VECTOR('',#5798,1000.);
#902=VECTOR('',#5799,1000.);
#903=VECTOR('',#5804,1000.);
#904=VECTOR('',#5807,1000.);
#905=VECTOR('',#5808,1000.);
#906=VECTOR('',#5841,1000.);
#907=VECTOR('',#5842,1000.);
#908=VECTOR('',#5843,1000.);
#909=VECTOR('',#5848,1000.);
#910=VECTOR('',#5851,1000.);
#911=VECTOR('',#5852,1000.);
#912=VECTOR('',#5855,1000.);
#913=VECTOR('',#5856,1000.);
#914=VECTOR('',#5857,1000.);
#915=VECTOR('',#5860,1000.);
#916=VECTOR('',#5861,1000.);
#917=VECTOR('',#5862,1000.);
#918=VECTOR('',#5865,1000.);
#919=VECTOR('',#5870,1000.);
#920=VECTOR('',#5871,1000.);
#921=VECTOR('',#5876,1000.);
#922=VECTOR('',#5877,1000.);
#923=VECTOR('',#5880,1000.);
#924=VECTOR('',#5881,1000.);
#925=VECTOR('',#5884,1000.);
#926=VECTOR('',#5885,1000.);
#927=VECTOR('',#5886,1000.);
#928=VECTOR('',#5889,1000.);
#929=VECTOR('',#5890,1000.);
#930=VECTOR('',#5893,1000.);
#931=VECTOR('',#5898,1000.);
#932=VECTOR('',#5899,1000.);
#933=VECTOR('',#5900,1000.);
#934=VECTOR('',#5905,1000.);
#935=VECTOR('',#5908,1000.);
#936=VECTOR('',#5909,1000.);
#937=VECTOR('',#5912,1000.);
#938=VECTOR('',#5913,1000.);
#939=VECTOR('',#5916,1000.);
#940=VECTOR('',#5917,1000.);
#941=VECTOR('',#5918,1000.);
#942=VECTOR('',#5925,1000.);
#943=VECTOR('',#5930,1000.);
#944=VECTOR('',#5931,1000.);
#945=VECTOR('',#5934,1000.);
#946=VECTOR('',#5935,1000.);
#947=VECTOR('',#5940,1000.);
#948=VECTOR('',#5943,1000.);
#949=VECTOR('',#5944,1000.);
#950=VECTOR('',#5947,1000.);
#951=VECTOR('',#5948,1000.);
#952=VECTOR('',#5951,1000.);
#953=VECTOR('',#5956,1000.);
#954=VECTOR('',#5957,1000.);
#955=VECTOR('',#5960,1000.);
#956=VECTOR('',#5961,1000.);
#957=VECTOR('',#5966,1000.);
#958=VECTOR('',#5969,1000.);
#959=VECTOR('',#5970,1000.);
#960=VECTOR('',#5973,1000.);
#961=VECTOR('',#5974,1000.);
#962=VECTOR('',#5977,1000.);
#963=VECTOR('',#5982,1000.);
#964=VECTOR('',#5983,1000.);
#965=VECTOR('',#5986,1000.);
#966=VECTOR('',#5987,1000.);
#967=VECTOR('',#5992,1000.);
#968=VECTOR('',#5995,1000.);
#969=VECTOR('',#5996,1000.);
#970=VECTOR('',#5999,1000.);
#971=VECTOR('',#6000,1000.);
#972=VECTOR('',#6003,1000.);
#973=VECTOR('',#6008,1000.);
#974=VECTOR('',#6009,1000.);
#975=VECTOR('',#6012,1000.);
#976=VECTOR('',#6013,1000.);
#977=VECTOR('',#6018,1000.);
#978=VECTOR('',#6021,1000.);
#979=VECTOR('',#6022,1000.);
#980=VECTOR('',#6025,1000.);
#981=VECTOR('',#6026,1000.);
#982=VECTOR('',#6029,1000.);
#983=VECTOR('',#6034,1000.);
#984=VECTOR('',#6035,1000.);
#985=VECTOR('',#6038,1000.);
#986=VECTOR('',#6039,1000.);
#987=VECTOR('',#6044,1000.);
#988=VECTOR('',#6047,1000.);
#989=VECTOR('',#6048,1000.);
#990=VECTOR('',#6051,1000.);
#991=VECTOR('',#6052,1000.);
#992=VECTOR('',#6055,1000.);
#993=VECTOR('',#6060,1000.);
#994=VECTOR('',#6061,1000.);
#995=VECTOR('',#6064,1000.);
#996=VECTOR('',#6065,1000.);
#997=VECTOR('',#6070,1000.);
#998=VECTOR('',#6073,1000.);
#999=VECTOR('',#6074,1000.);
#1000=VECTOR('',#6077,1000.);
#1001=VECTOR('',#6078,1000.);
#1002=VECTOR('',#6081,1000.);
#1003=VECTOR('',#6086,1000.);
#1004=VECTOR('',#6087,1000.);
#1005=VECTOR('',#6090,1000.);
#1006=VECTOR('',#6091,1000.);
#1007=VECTOR('',#6096,1000.);
#1008=VECTOR('',#6099,1000.);
#1009=VECTOR('',#6100,1000.);
#1010=VECTOR('',#6103,1000.);
#1011=VECTOR('',#6104,1000.);
#1012=VECTOR('',#6107,1000.);
#1013=VECTOR('',#6112,1000.);
#1014=VECTOR('',#6113,1000.);
#1015=VECTOR('',#6116,1000.);
#1016=VECTOR('',#6117,1000.);
#1017=VECTOR('',#6122,1000.);
#1018=VECTOR('',#6125,1000.);
#1019=VECTOR('',#6126,1000.);
#1020=VECTOR('',#6129,1000.);
#1021=VECTOR('',#6130,1000.);
#1022=VECTOR('',#6133,1000.);
#1023=VECTOR('',#6138,1000.);
#1024=VECTOR('',#6139,1000.);
#1025=VECTOR('',#6142,1000.);
#1026=VECTOR('',#6143,1000.);
#1027=VECTOR('',#6148,1000.);
#1028=VECTOR('',#6151,1000.);
#1029=VECTOR('',#6152,1000.);
#1030=VECTOR('',#6155,1000.);
#1031=VECTOR('',#6156,1000.);
#1032=VECTOR('',#6165,1000.);
#1033=VECTOR('',#6172,1000.);
#1034=VECTOR('',#6173,1000.);
#1035=VECTOR('',#6176,1000.);
#1036=VECTOR('',#6177,1000.);
#1037=VECTOR('',#6182,1000.);
#1038=VECTOR('',#6185,1000.);
#1039=VECTOR('',#6186,1000.);
#1040=VECTOR('',#6189,1000.);
#1041=VECTOR('',#6190,1000.);
#1042=VECTOR('',#6193,1000.);
#1043=VECTOR('',#6198,1000.);
#1044=VECTOR('',#6199,1000.);
#1045=VECTOR('',#6202,1000.);
#1046=VECTOR('',#6203,1000.);
#1047=VECTOR('',#6208,1000.);
#1048=VECTOR('',#6211,1000.);
#1049=VECTOR('',#6212,1000.);
#1050=VECTOR('',#6215,1000.);
#1051=VECTOR('',#6216,1000.);
#1052=VECTOR('',#6219,1000.);
#1053=VECTOR('',#6224,1000.);
#1054=VECTOR('',#6225,1000.);
#1055=VECTOR('',#6228,1000.);
#1056=VECTOR('',#6229,1000.);
#1057=VECTOR('',#6234,1000.);
#1058=VECTOR('',#6237,1000.);
#1059=VECTOR('',#6238,1000.);
#1060=VECTOR('',#6241,1000.);
#1061=VECTOR('',#6242,1000.);
#1062=VECTOR('',#6245,1000.);
#1063=VECTOR('',#6250,1000.);
#1064=VECTOR('',#6251,1000.);
#1065=VECTOR('',#6254,1000.);
#1066=VECTOR('',#6255,1000.);
#1067=VECTOR('',#6260,1000.);
#1068=VECTOR('',#6263,1000.);
#1069=VECTOR('',#6264,1000.);
#1070=VECTOR('',#6267,1000.);
#1071=VECTOR('',#6268,1000.);
#1072=VECTOR('',#6273,1000.);
#1073=VECTOR('',#6276,1000.);
#1074=VECTOR('',#6277,1000.);
#1075=VECTOR('',#6280,1000.);
#1076=VECTOR('',#6281,1000.);
#1077=VECTOR('',#6286,1000.);
#1078=VECTOR('',#6289,1000.);
#1079=VECTOR('',#6290,1000.);
#1080=VECTOR('',#6293,1000.);
#1081=VECTOR('',#6294,1000.);
#1082=VECTOR('',#6297,1000.);
#1083=VECTOR('',#6302,1000.);
#1084=VECTOR('',#6303,1000.);
#1085=VECTOR('',#6306,1000.);
#1086=VECTOR('',#6307,1000.);
#1087=VECTOR('',#6312,1000.);
#1088=VECTOR('',#6315,1000.);
#1089=VECTOR('',#6316,1000.);
#1090=VECTOR('',#6319,1000.);
#1091=VECTOR('',#6320,1000.);
#1092=VECTOR('',#6323,1000.);
#1093=VECTOR('',#6328,1000.);
#1094=VECTOR('',#6329,1000.);
#1095=VECTOR('',#6332,1000.);
#1096=VECTOR('',#6333,1000.);
#1097=VECTOR('',#6338,1000.);
#1098=VECTOR('',#6341,1000.);
#1099=VECTOR('',#6342,1000.);
#1100=VECTOR('',#6345,1000.);
#1101=VECTOR('',#6346,1000.);
#1102=VECTOR('',#6349,1000.);
#1103=VECTOR('',#6354,1000.);
#1104=VECTOR('',#6355,1000.);
#1105=VECTOR('',#6358,1000.);
#1106=VECTOR('',#6359,1000.);
#1107=VECTOR('',#6364,1000.);
#1108=VECTOR('',#6367,1000.);
#1109=VECTOR('',#6368,1000.);
#1110=VECTOR('',#6371,1000.);
#1111=VECTOR('',#6372,1000.);
#1112=VECTOR('',#6375,1000.);
#1113=VECTOR('',#6380,1000.);
#1114=VECTOR('',#6381,1000.);
#1115=VECTOR('',#6384,1000.);
#1116=VECTOR('',#6385,1000.);
#1117=VECTOR('',#6390,1000.);
#1118=VECTOR('',#6393,1000.);
#1119=VECTOR('',#6394,1000.);
#1120=VECTOR('',#6397,1000.);
#1121=VECTOR('',#6398,1000.);
#1122=VECTOR('',#6405,1000.);
#1123=VECTOR('',#6406,1000.);
#1124=VECTOR('',#6407,1000.);
#1125=VECTOR('',#6410,1000.);
#1126=VECTOR('',#6411,1000.);
#1127=VECTOR('',#6414,1000.);
#1128=VECTOR('',#6415,1000.);
#1129=VECTOR('',#6418,1000.);
#1130=VECTOR('',#6419,1000.);
#1131=VECTOR('',#6422,1000.);
#1132=VECTOR('',#6427,1000.);
#1133=VECTOR('',#6430,1000.);
#1134=VECTOR('',#6435,1000.);
#1135=VECTOR('',#6438,1000.);
#1136=VECTOR('',#6443,1000.);
#1137=VECTOR('',#6444,1000.);
#1138=VECTOR('',#6445,1000.);
#1139=VECTOR('',#6448,1000.);
#1140=VECTOR('',#6451,1000.);
#1141=VECTOR('',#6454,1000.);
#1142=VECTOR('',#6459,1000.);
#1143=VECTOR('',#6460,1000.);
#1144=VECTOR('',#6461,1000.);
#1145=VECTOR('',#6462,1000.);
#1146=VECTOR('',#6465,1000.);
#1147=VECTOR('',#6468,1000.);
#1148=VECTOR('',#6471,1000.);
#1149=VECTOR('',#6474,1000.);
#1150=VECTOR('',#6477,1000.);
#1151=VECTOR('',#6480,1000.);
#1152=VECTOR('',#6483,1000.);
#1153=VECTOR('',#6486,1000.);
#1154=VECTOR('',#6487,1000.);
#1155=VECTOR('',#6488,1000.);
#1156=VECTOR('',#6489,1000.);
#1157=VECTOR('',#6492,1000.);
#1158=VECTOR('',#6493,1000.);
#1159=VECTOR('',#6494,1000.);
#1160=VECTOR('',#6495,1000.);
#1161=VECTOR('',#6498,1000.);
#1162=VECTOR('',#6499,1000.);
#1163=VECTOR('',#6502,1000.);
#1164=VECTOR('',#6503,1000.);
#1165=VECTOR('',#6504,1000.);
#1166=VECTOR('',#6529,1000.);
#1167=VECTOR('',#6532,1000.);
#1168=VECTOR('',#6535,1000.);
#1169=VECTOR('',#6546,1000.);
#1170=VECTOR('',#6549,1000.);
#1171=VECTOR('',#6552,1000.);
#1172=VECTOR('',#6553,1000.);
#1173=VECTOR('',#6556,1000.);
#1174=VECTOR('',#6557,1000.);
#1175=ORIENTED_EDGE('',*,*,#2527,.T.);
#1176=ORIENTED_EDGE('',*,*,#2528,.F.);
#1177=ORIENTED_EDGE('',*,*,#2529,.F.);
#1178=ORIENTED_EDGE('',*,*,#2530,.T.);
#1179=ORIENTED_EDGE('',*,*,#2531,.T.);
#1180=ORIENTED_EDGE('',*,*,#2532,.F.);
#1181=ORIENTED_EDGE('',*,*,#2533,.F.);
#1182=ORIENTED_EDGE('',*,*,#2528,.T.);
#1183=ORIENTED_EDGE('',*,*,#2534,.T.);
#1184=ORIENTED_EDGE('',*,*,#2530,.F.);
#1185=ORIENTED_EDGE('',*,*,#2535,.F.);
#1186=ORIENTED_EDGE('',*,*,#2536,.T.);
#1187=ORIENTED_EDGE('',*,*,#2533,.T.);
#1188=ORIENTED_EDGE('',*,*,#2537,.T.);
#1189=ORIENTED_EDGE('',*,*,#2535,.T.);
#1190=ORIENTED_EDGE('',*,*,#2529,.T.);
#1191=ORIENTED_EDGE('',*,*,#2538,.F.);
#1192=ORIENTED_EDGE('',*,*,#2531,.F.);
#1193=ORIENTED_EDGE('',*,*,#2527,.F.);
#1194=ORIENTED_EDGE('',*,*,#2534,.F.);
#1195=ORIENTED_EDGE('',*,*,#2539,.T.);
#1196=ORIENTED_EDGE('',*,*,#2540,.F.);
#1197=ORIENTED_EDGE('',*,*,#2541,.F.);
#1198=ORIENTED_EDGE('',*,*,#2542,.T.);
#1199=ORIENTED_EDGE('',*,*,#2543,.T.);
#1200=ORIENTED_EDGE('',*,*,#2544,.F.);
#1201=ORIENTED_EDGE('',*,*,#2545,.F.);
#1202=ORIENTED_EDGE('',*,*,#2540,.T.);
#1203=ORIENTED_EDGE('',*,*,#2546,.T.);
#1204=ORIENTED_EDGE('',*,*,#2542,.F.);
#1205=ORIENTED_EDGE('',*,*,#2547,.F.);
#1206=ORIENTED_EDGE('',*,*,#2548,.T.);
#1207=ORIENTED_EDGE('',*,*,#2545,.T.);
#1208=ORIENTED_EDGE('',*,*,#2549,.T.);
#1209=ORIENTED_EDGE('',*,*,#2547,.T.);
#1210=ORIENTED_EDGE('',*,*,#2541,.T.);
#1211=ORIENTED_EDGE('',*,*,#2550,.F.);
#1212=ORIENTED_EDGE('',*,*,#2543,.F.);
#1213=ORIENTED_EDGE('',*,*,#2539,.F.);
#1214=ORIENTED_EDGE('',*,*,#2546,.F.);
#1215=ORIENTED_EDGE('',*,*,#2551,.T.);
#1216=ORIENTED_EDGE('',*,*,#2552,.F.);
#1217=ORIENTED_EDGE('',*,*,#2553,.F.);
#1218=ORIENTED_EDGE('',*,*,#2554,.T.);
#1219=ORIENTED_EDGE('',*,*,#2555,.T.);
#1220=ORIENTED_EDGE('',*,*,#2556,.F.);
#1221=ORIENTED_EDGE('',*,*,#2557,.F.);
#1222=ORIENTED_EDGE('',*,*,#2552,.T.);
#1223=ORIENTED_EDGE('',*,*,#2558,.T.);
#1224=ORIENTED_EDGE('',*,*,#2554,.F.);
#1225=ORIENTED_EDGE('',*,*,#2559,.F.);
#1226=ORIENTED_EDGE('',*,*,#2560,.T.);
#1227=ORIENTED_EDGE('',*,*,#2557,.T.);
#1228=ORIENTED_EDGE('',*,*,#2561,.T.);
#1229=ORIENTED_EDGE('',*,*,#2559,.T.);
#1230=ORIENTED_EDGE('',*,*,#2553,.T.);
#1231=ORIENTED_EDGE('',*,*,#2562,.F.);
#1232=ORIENTED_EDGE('',*,*,#2555,.F.);
#1233=ORIENTED_EDGE('',*,*,#2551,.F.);
#1234=ORIENTED_EDGE('',*,*,#2558,.F.);
#1235=ORIENTED_EDGE('',*,*,#2563,.T.);
#1236=ORIENTED_EDGE('',*,*,#2564,.T.);
#1237=ORIENTED_EDGE('',*,*,#2565,.F.);
#1238=ORIENTED_EDGE('',*,*,#2566,.T.);
#1239=ORIENTED_EDGE('',*,*,#2567,.T.);
#1240=ORIENTED_EDGE('',*,*,#2568,.T.);
#1241=ORIENTED_EDGE('',*,*,#2569,.F.);
#1242=ORIENTED_EDGE('',*,*,#2570,.T.);
#1243=ORIENTED_EDGE('',*,*,#2571,.T.);
#1244=ORIENTED_EDGE('',*,*,#2572,.T.);
#1245=ORIENTED_EDGE('',*,*,#2573,.F.);
#1246=ORIENTED_EDGE('',*,*,#2574,.T.);
#1247=ORIENTED_EDGE('',*,*,#2575,.F.);
#1248=ORIENTED_EDGE('',*,*,#2576,.F.);
#1249=ORIENTED_EDGE('',*,*,#2577,.F.);
#1250=ORIENTED_EDGE('',*,*,#2578,.F.);
#1251=ORIENTED_EDGE('',*,*,#2579,.F.);
#1252=ORIENTED_EDGE('',*,*,#2580,.F.);
#1253=ORIENTED_EDGE('',*,*,#2577,.T.);
#1254=ORIENTED_EDGE('',*,*,#2581,.T.);
#1255=ORIENTED_EDGE('',*,*,#2582,.T.);
#1256=ORIENTED_EDGE('',*,*,#2583,.T.);
#1257=ORIENTED_EDGE('',*,*,#2584,.T.);
#1258=ORIENTED_EDGE('',*,*,#2585,.T.);
#1259=ORIENTED_EDGE('',*,*,#2586,.T.);
#1260=ORIENTED_EDGE('',*,*,#2587,.T.);
#1261=ORIENTED_EDGE('',*,*,#2574,.F.);
#1262=ORIENTED_EDGE('',*,*,#2588,.T.);
#1263=ORIENTED_EDGE('',*,*,#2564,.F.);
#1264=ORIENTED_EDGE('',*,*,#2589,.T.);
#1265=ORIENTED_EDGE('',*,*,#2590,.F.);
#1266=ORIENTED_EDGE('',*,*,#2584,.F.);
#1267=ORIENTED_EDGE('',*,*,#2591,.F.);
#1268=ORIENTED_EDGE('',*,*,#2592,.F.);
#1269=ORIENTED_EDGE('',*,*,#2593,.F.);
#1270=ORIENTED_EDGE('',*,*,#2594,.F.);
#1271=ORIENTED_EDGE('',*,*,#2595,.F.);
#1272=ORIENTED_EDGE('',*,*,#2596,.F.);
#1273=ORIENTED_EDGE('',*,*,#2537,.F.);
#1274=ORIENTED_EDGE('',*,*,#2532,.T.);
#1275=ORIENTED_EDGE('',*,*,#2538,.T.);
#1276=ORIENTED_EDGE('',*,*,#2536,.F.);
#1277=ORIENTED_EDGE('',*,*,#2549,.F.);
#1278=ORIENTED_EDGE('',*,*,#2544,.T.);
#1279=ORIENTED_EDGE('',*,*,#2550,.T.);
#1280=ORIENTED_EDGE('',*,*,#2548,.F.);
#1281=ORIENTED_EDGE('',*,*,#2561,.F.);
#1282=ORIENTED_EDGE('',*,*,#2556,.T.);
#1283=ORIENTED_EDGE('',*,*,#2562,.T.);
#1284=ORIENTED_EDGE('',*,*,#2560,.F.);
#1285=ORIENTED_EDGE('',*,*,#2597,.F.);
#1286=ORIENTED_EDGE('',*,*,#2598,.T.);
#1287=ORIENTED_EDGE('',*,*,#2599,.T.);
#1288=ORIENTED_EDGE('',*,*,#2600,.F.);
#1289=ORIENTED_EDGE('',*,*,#2601,.T.);
#1290=ORIENTED_EDGE('',*,*,#2602,.F.);
#1291=ORIENTED_EDGE('',*,*,#2595,.T.);
#1292=ORIENTED_EDGE('',*,*,#2603,.F.);
#1293=ORIENTED_EDGE('',*,*,#2593,.T.);
#1294=ORIENTED_EDGE('',*,*,#2604,.F.);
#1295=ORIENTED_EDGE('',*,*,#2591,.T.);
#1296=ORIENTED_EDGE('',*,*,#2605,.F.);
#1297=ORIENTED_EDGE('',*,*,#2606,.T.);
#1298=ORIENTED_EDGE('',*,*,#2607,.T.);
#1299=ORIENTED_EDGE('',*,*,#2608,.T.);
#1300=ORIENTED_EDGE('',*,*,#2609,.T.);
#1301=ORIENTED_EDGE('',*,*,#2610,.F.);
#1302=ORIENTED_EDGE('',*,*,#2611,.F.);
#1303=ORIENTED_EDGE('',*,*,#2612,.F.);
#1304=ORIENTED_EDGE('',*,*,#2613,.F.);
#1305=ORIENTED_EDGE('',*,*,#2606,.F.);
#1306=ORIENTED_EDGE('',*,*,#2610,.T.);
#1307=ORIENTED_EDGE('',*,*,#2614,.T.);
#1308=ORIENTED_EDGE('',*,*,#2615,.T.);
#1309=ORIENTED_EDGE('',*,*,#2616,.F.);
#1310=ORIENTED_EDGE('',*,*,#2617,.F.);
#1311=ORIENTED_EDGE('',*,*,#2618,.F.);
#1312=ORIENTED_EDGE('',*,*,#2619,.F.);
#1313=ORIENTED_EDGE('',*,*,#2620,.T.);
#1314=ORIENTED_EDGE('',*,*,#2621,.T.);
#1315=ORIENTED_EDGE('',*,*,#2622,.F.);
#1316=ORIENTED_EDGE('',*,*,#2623,.F.);
#1317=ORIENTED_EDGE('',*,*,#2624,.T.);
#1318=ORIENTED_EDGE('',*,*,#2619,.T.);
#1319=ORIENTED_EDGE('',*,*,#2625,.F.);
#1320=ORIENTED_EDGE('',*,*,#2626,.F.);
#1321=ORIENTED_EDGE('',*,*,#2627,.T.);
#1322=ORIENTED_EDGE('',*,*,#2623,.T.);
#1323=ORIENTED_EDGE('',*,*,#2628,.F.);
#1324=ORIENTED_EDGE('',*,*,#2629,.F.);
#1325=ORIENTED_EDGE('',*,*,#2630,.T.);
#1326=ORIENTED_EDGE('',*,*,#2626,.T.);
#1327=ORIENTED_EDGE('',*,*,#2631,.F.);
#1328=ORIENTED_EDGE('',*,*,#2632,.F.);
#1329=ORIENTED_EDGE('',*,*,#2633,.F.);
#1330=ORIENTED_EDGE('',*,*,#2629,.T.);
#1331=ORIENTED_EDGE('',*,*,#2634,.T.);
#1332=ORIENTED_EDGE('',*,*,#2635,.F.);
#1333=ORIENTED_EDGE('',*,*,#2636,.F.);
#1334=ORIENTED_EDGE('',*,*,#2637,.T.);
#1335=ORIENTED_EDGE('',*,*,#2632,.T.);
#1336=ORIENTED_EDGE('',*,*,#2638,.F.);
#1337=ORIENTED_EDGE('',*,*,#2639,.F.);
#1338=ORIENTED_EDGE('',*,*,#2640,.T.);
#1339=ORIENTED_EDGE('',*,*,#2636,.T.);
#1340=ORIENTED_EDGE('',*,*,#2641,.F.);
#1341=ORIENTED_EDGE('',*,*,#2642,.F.);
#1342=ORIENTED_EDGE('',*,*,#2643,.F.);
#1343=ORIENTED_EDGE('',*,*,#2644,.T.);
#1344=ORIENTED_EDGE('',*,*,#2639,.T.);
#1345=ORIENTED_EDGE('',*,*,#2645,.F.);
#1346=ORIENTED_EDGE('',*,*,#2646,.F.);
#1347=ORIENTED_EDGE('',*,*,#2647,.T.);
#1348=ORIENTED_EDGE('',*,*,#2643,.T.);
#1349=ORIENTED_EDGE('',*,*,#2648,.F.);
#1350=ORIENTED_EDGE('',*,*,#2649,.F.);
#1351=ORIENTED_EDGE('',*,*,#2650,.F.);
#1352=ORIENTED_EDGE('',*,*,#2651,.T.);
#1353=ORIENTED_EDGE('',*,*,#2646,.T.);
#1354=ORIENTED_EDGE('',*,*,#2652,.F.);
#1355=ORIENTED_EDGE('',*,*,#2653,.F.);
#1356=ORIENTED_EDGE('',*,*,#2650,.T.);
#1357=ORIENTED_EDGE('',*,*,#2654,.T.);
#1358=ORIENTED_EDGE('',*,*,#2655,.F.);
#1359=ORIENTED_EDGE('',*,*,#2656,.F.);
#1360=ORIENTED_EDGE('',*,*,#2657,.T.);
#1361=ORIENTED_EDGE('',*,*,#2652,.T.);
#1362=ORIENTED_EDGE('',*,*,#2658,.F.);
#1363=ORIENTED_EDGE('',*,*,#2659,.F.);
#1364=ORIENTED_EDGE('',*,*,#2660,.F.);
#1365=ORIENTED_EDGE('',*,*,#2661,.T.);
#1366=ORIENTED_EDGE('',*,*,#2656,.T.);
#1367=ORIENTED_EDGE('',*,*,#2662,.F.);
#1368=ORIENTED_EDGE('',*,*,#2663,.F.);
#1369=ORIENTED_EDGE('',*,*,#2664,.T.);
#1370=ORIENTED_EDGE('',*,*,#2660,.T.);
#1371=ORIENTED_EDGE('',*,*,#2665,.F.);
#1372=ORIENTED_EDGE('',*,*,#2666,.F.);
#1373=ORIENTED_EDGE('',*,*,#2667,.T.);
#1374=ORIENTED_EDGE('',*,*,#2663,.T.);
#1375=ORIENTED_EDGE('',*,*,#2592,.T.);
#1376=ORIENTED_EDGE('',*,*,#2668,.F.);
#1377=ORIENTED_EDGE('',*,*,#2669,.F.);
#1378=ORIENTED_EDGE('',*,*,#2670,.F.);
#1379=ORIENTED_EDGE('',*,*,#2671,.T.);
#1380=ORIENTED_EDGE('',*,*,#2672,.F.);
#1381=ORIENTED_EDGE('',*,*,#2673,.F.);
#1382=ORIENTED_EDGE('',*,*,#2674,.F.);
#1383=ORIENTED_EDGE('',*,*,#2615,.F.);
#1384=ORIENTED_EDGE('',*,*,#2594,.T.);
#1385=ORIENTED_EDGE('',*,*,#2675,.F.);
#1386=ORIENTED_EDGE('',*,*,#2676,.F.);
#1387=ORIENTED_EDGE('',*,*,#2677,.F.);
#1388=ORIENTED_EDGE('',*,*,#2678,.T.);
#1389=ORIENTED_EDGE('',*,*,#2676,.T.);
#1390=ORIENTED_EDGE('',*,*,#2679,.F.);
#1391=ORIENTED_EDGE('',*,*,#2680,.F.);
#1392=ORIENTED_EDGE('',*,*,#2674,.T.);
#1393=ORIENTED_EDGE('',*,*,#2681,.T.);
#1394=ORIENTED_EDGE('',*,*,#2682,.T.);
#1395=ORIENTED_EDGE('',*,*,#2616,.T.);
#1396=ORIENTED_EDGE('',*,*,#2680,.T.);
#1397=ORIENTED_EDGE('',*,*,#2683,.T.);
#1398=ORIENTED_EDGE('',*,*,#2596,.T.);
#1399=ORIENTED_EDGE('',*,*,#2684,.F.);
#1400=ORIENTED_EDGE('',*,*,#2685,.F.);
#1401=ORIENTED_EDGE('',*,*,#2686,.T.);
#1402=ORIENTED_EDGE('',*,*,#2687,.F.);
#1403=ORIENTED_EDGE('',*,*,#2602,.T.);
#1404=ORIENTED_EDGE('',*,*,#2688,.F.);
#1405=ORIENTED_EDGE('',*,*,#2689,.F.);
#1406=ORIENTED_EDGE('',*,*,#2690,.F.);
#1407=ORIENTED_EDGE('',*,*,#2691,.T.);
#1408=ORIENTED_EDGE('',*,*,#2666,.T.);
#1409=ORIENTED_EDGE('',*,*,#2692,.F.);
#1410=ORIENTED_EDGE('',*,*,#2693,.T.);
#1411=ORIENTED_EDGE('',*,*,#2694,.F.);
#1412=ORIENTED_EDGE('',*,*,#2695,.F.);
#1413=ORIENTED_EDGE('',*,*,#2696,.F.);
#1414=ORIENTED_EDGE('',*,*,#2697,.F.);
#1415=ORIENTED_EDGE('',*,*,#2698,.F.);
#1416=ORIENTED_EDGE('',*,*,#2699,.T.);
#1417=ORIENTED_EDGE('',*,*,#2700,.F.);
#1418=ORIENTED_EDGE('',*,*,#2701,.F.);
#1419=ORIENTED_EDGE('',*,*,#2702,.F.);
#1420=ORIENTED_EDGE('',*,*,#2703,.F.);
#1421=ORIENTED_EDGE('',*,*,#2704,.F.);
#1422=ORIENTED_EDGE('',*,*,#2705,.T.);
#1423=ORIENTED_EDGE('',*,*,#2706,.F.);
#1424=ORIENTED_EDGE('',*,*,#2707,.F.);
#1425=ORIENTED_EDGE('',*,*,#2708,.F.);
#1426=ORIENTED_EDGE('',*,*,#2709,.F.);
#1427=ORIENTED_EDGE('',*,*,#2710,.F.);
#1428=ORIENTED_EDGE('',*,*,#2711,.T.);
#1429=ORIENTED_EDGE('',*,*,#2712,.F.);
#1430=ORIENTED_EDGE('',*,*,#2713,.F.);
#1431=ORIENTED_EDGE('',*,*,#2714,.F.);
#1432=ORIENTED_EDGE('',*,*,#2715,.F.);
#1433=ORIENTED_EDGE('',*,*,#2716,.F.);
#1434=ORIENTED_EDGE('',*,*,#2717,.T.);
#1435=ORIENTED_EDGE('',*,*,#2718,.F.);
#1436=ORIENTED_EDGE('',*,*,#2620,.F.);
#1437=ORIENTED_EDGE('',*,*,#2624,.F.);
#1438=ORIENTED_EDGE('',*,*,#2627,.F.);
#1439=ORIENTED_EDGE('',*,*,#2630,.F.);
#1440=ORIENTED_EDGE('',*,*,#2633,.T.);
#1441=ORIENTED_EDGE('',*,*,#2637,.F.);
#1442=ORIENTED_EDGE('',*,*,#2640,.F.);
#1443=ORIENTED_EDGE('',*,*,#2644,.F.);
#1444=ORIENTED_EDGE('',*,*,#2647,.F.);
#1445=ORIENTED_EDGE('',*,*,#2651,.F.);
#1446=ORIENTED_EDGE('',*,*,#2653,.T.);
#1447=ORIENTED_EDGE('',*,*,#2657,.F.);
#1448=ORIENTED_EDGE('',*,*,#2661,.F.);
#1449=ORIENTED_EDGE('',*,*,#2664,.F.);
#1450=ORIENTED_EDGE('',*,*,#2667,.F.);
#1451=ORIENTED_EDGE('',*,*,#2691,.F.);
#1452=ORIENTED_EDGE('',*,*,#2719,.T.);
#1453=ORIENTED_EDGE('',*,*,#2720,.F.);
#1454=ORIENTED_EDGE('',*,*,#2721,.F.);
#1455=ORIENTED_EDGE('',*,*,#2722,.F.);
#1456=ORIENTED_EDGE('',*,*,#2723,.F.);
#1457=ORIENTED_EDGE('',*,*,#2724,.F.);
#1458=ORIENTED_EDGE('',*,*,#2725,.T.);
#1459=ORIENTED_EDGE('',*,*,#2726,.F.);
#1460=ORIENTED_EDGE('',*,*,#2727,.F.);
#1461=ORIENTED_EDGE('',*,*,#2728,.F.);
#1462=ORIENTED_EDGE('',*,*,#2729,.F.);
#1463=ORIENTED_EDGE('',*,*,#2730,.F.);
#1464=ORIENTED_EDGE('',*,*,#2731,.T.);
#1465=ORIENTED_EDGE('',*,*,#2732,.F.);
#1466=ORIENTED_EDGE('',*,*,#2733,.F.);
#1467=ORIENTED_EDGE('',*,*,#2734,.F.);
#1468=ORIENTED_EDGE('',*,*,#2735,.F.);
#1469=ORIENTED_EDGE('',*,*,#2736,.F.);
#1470=ORIENTED_EDGE('',*,*,#2737,.T.);
#1471=ORIENTED_EDGE('',*,*,#2738,.F.);
#1472=ORIENTED_EDGE('',*,*,#2739,.F.);
#1473=ORIENTED_EDGE('',*,*,#2740,.F.);
#1474=ORIENTED_EDGE('',*,*,#2741,.F.);
#1475=ORIENTED_EDGE('',*,*,#2742,.F.);
#1476=ORIENTED_EDGE('',*,*,#2743,.T.);
#1477=ORIENTED_EDGE('',*,*,#2744,.F.);
#1478=ORIENTED_EDGE('',*,*,#2745,.F.);
#1479=ORIENTED_EDGE('',*,*,#2746,.F.);
#1480=ORIENTED_EDGE('',*,*,#2747,.F.);
#1481=ORIENTED_EDGE('',*,*,#2748,.F.);
#1482=ORIENTED_EDGE('',*,*,#2749,.T.);
#1483=ORIENTED_EDGE('',*,*,#2750,.F.);
#1484=ORIENTED_EDGE('',*,*,#2751,.F.);
#1485=ORIENTED_EDGE('',*,*,#2752,.F.);
#1486=ORIENTED_EDGE('',*,*,#2753,.F.);
#1487=ORIENTED_EDGE('',*,*,#2754,.F.);
#1488=ORIENTED_EDGE('',*,*,#2755,.T.);
#1489=ORIENTED_EDGE('',*,*,#2756,.F.);
#1490=ORIENTED_EDGE('',*,*,#2757,.F.);
#1491=ORIENTED_EDGE('',*,*,#2758,.F.);
#1492=ORIENTED_EDGE('',*,*,#2759,.F.);
#1493=ORIENTED_EDGE('',*,*,#2760,.F.);
#1494=ORIENTED_EDGE('',*,*,#2761,.T.);
#1495=ORIENTED_EDGE('',*,*,#2762,.F.);
#1496=ORIENTED_EDGE('',*,*,#2763,.F.);
#1497=ORIENTED_EDGE('',*,*,#2764,.F.);
#1498=ORIENTED_EDGE('',*,*,#2765,.F.);
#1499=ORIENTED_EDGE('',*,*,#2766,.F.);
#1500=ORIENTED_EDGE('',*,*,#2767,.T.);
#1501=ORIENTED_EDGE('',*,*,#2768,.F.);
#1502=ORIENTED_EDGE('',*,*,#2769,.F.);
#1503=ORIENTED_EDGE('',*,*,#2770,.F.);
#1504=ORIENTED_EDGE('',*,*,#2771,.F.);
#1505=ORIENTED_EDGE('',*,*,#2772,.F.);
#1506=ORIENTED_EDGE('',*,*,#2773,.T.);
#1507=ORIENTED_EDGE('',*,*,#2774,.F.);
#1508=ORIENTED_EDGE('',*,*,#2775,.F.);
#1509=ORIENTED_EDGE('',*,*,#2776,.F.);
#1510=ORIENTED_EDGE('',*,*,#2777,.F.);
#1511=ORIENTED_EDGE('',*,*,#2778,.F.);
#1512=ORIENTED_EDGE('',*,*,#2779,.T.);
#1513=ORIENTED_EDGE('',*,*,#2780,.F.);
#1514=ORIENTED_EDGE('',*,*,#2781,.F.);
#1515=ORIENTED_EDGE('',*,*,#2782,.F.);
#1516=ORIENTED_EDGE('',*,*,#2783,.F.);
#1517=ORIENTED_EDGE('',*,*,#2784,.F.);
#1518=ORIENTED_EDGE('',*,*,#2785,.T.);
#1519=ORIENTED_EDGE('',*,*,#2786,.F.);
#1520=ORIENTED_EDGE('',*,*,#2787,.F.);
#1521=ORIENTED_EDGE('',*,*,#2788,.F.);
#1522=ORIENTED_EDGE('',*,*,#2789,.F.);
#1523=ORIENTED_EDGE('',*,*,#2790,.F.);
#1524=ORIENTED_EDGE('',*,*,#2791,.T.);
#1525=ORIENTED_EDGE('',*,*,#2792,.F.);
#1526=ORIENTED_EDGE('',*,*,#2793,.F.);
#1527=ORIENTED_EDGE('',*,*,#2794,.F.);
#1528=ORIENTED_EDGE('',*,*,#2795,.F.);
#1529=ORIENTED_EDGE('',*,*,#2796,.F.);
#1530=ORIENTED_EDGE('',*,*,#2797,.T.);
#1531=ORIENTED_EDGE('',*,*,#2798,.F.);
#1532=ORIENTED_EDGE('',*,*,#2799,.F.);
#1533=ORIENTED_EDGE('',*,*,#2800,.F.);
#1534=ORIENTED_EDGE('',*,*,#2801,.F.);
#1535=ORIENTED_EDGE('',*,*,#2802,.F.);
#1536=ORIENTED_EDGE('',*,*,#2803,.T.);
#1537=ORIENTED_EDGE('',*,*,#2804,.F.);
#1538=ORIENTED_EDGE('',*,*,#2805,.F.);
#1539=ORIENTED_EDGE('',*,*,#2806,.F.);
#1540=ORIENTED_EDGE('',*,*,#2807,.F.);
#1541=ORIENTED_EDGE('',*,*,#2808,.F.);
#1542=ORIENTED_EDGE('',*,*,#2809,.T.);
#1543=ORIENTED_EDGE('',*,*,#2810,.F.);
#1544=ORIENTED_EDGE('',*,*,#2811,.F.);
#1545=ORIENTED_EDGE('',*,*,#2812,.F.);
#1546=ORIENTED_EDGE('',*,*,#2813,.F.);
#1547=ORIENTED_EDGE('',*,*,#2814,.F.);
#1548=ORIENTED_EDGE('',*,*,#2815,.T.);
#1549=ORIENTED_EDGE('',*,*,#2816,.F.);
#1550=ORIENTED_EDGE('',*,*,#2817,.F.);
#1551=ORIENTED_EDGE('',*,*,#2818,.F.);
#1552=ORIENTED_EDGE('',*,*,#2819,.F.);
#1553=ORIENTED_EDGE('',*,*,#2820,.F.);
#1554=ORIENTED_EDGE('',*,*,#2601,.F.);
#1555=ORIENTED_EDGE('',*,*,#2821,.F.);
#1556=ORIENTED_EDGE('',*,*,#2621,.F.);
#1557=ORIENTED_EDGE('',*,*,#2718,.T.);
#1558=ORIENTED_EDGE('',*,*,#2822,.T.);
#1559=ORIENTED_EDGE('',*,*,#2823,.F.);
#1560=ORIENTED_EDGE('',*,*,#2603,.T.);
#1561=ORIENTED_EDGE('',*,*,#2824,.T.);
#1562=ORIENTED_EDGE('',*,*,#2604,.T.);
#1563=ORIENTED_EDGE('',*,*,#2825,.T.);
#1564=ORIENTED_EDGE('',*,*,#2605,.T.);
#1565=ORIENTED_EDGE('',*,*,#2826,.T.);
#1566=ORIENTED_EDGE('',*,*,#2827,.F.);
#1567=ORIENTED_EDGE('',*,*,#2828,.F.);
#1568=ORIENTED_EDGE('',*,*,#2612,.T.);
#1569=ORIENTED_EDGE('',*,*,#2829,.T.);
#1570=ORIENTED_EDGE('',*,*,#2830,.T.);
#1571=ORIENTED_EDGE('',*,*,#2831,.F.);
#1572=ORIENTED_EDGE('',*,*,#2607,.F.);
#1573=ORIENTED_EDGE('',*,*,#2617,.T.);
#1574=ORIENTED_EDGE('',*,*,#2682,.F.);
#1575=ORIENTED_EDGE('',*,*,#2832,.T.);
#1576=ORIENTED_EDGE('',*,*,#2684,.T.);
#1577=ORIENTED_EDGE('',*,*,#2833,.F.);
#1578=ORIENTED_EDGE('',*,*,#2834,.F.);
#1579=ORIENTED_EDGE('',*,*,#2835,.F.);
#1580=ORIENTED_EDGE('',*,*,#2608,.F.);
#1581=ORIENTED_EDGE('',*,*,#2831,.T.);
#1582=ORIENTED_EDGE('',*,*,#2836,.F.);
#1583=ORIENTED_EDGE('',*,*,#2829,.F.);
#1584=ORIENTED_EDGE('',*,*,#2611,.T.);
#1585=ORIENTED_EDGE('',*,*,#2609,.F.);
#1586=ORIENTED_EDGE('',*,*,#2835,.T.);
#1587=ORIENTED_EDGE('',*,*,#2837,.T.);
#1588=ORIENTED_EDGE('',*,*,#2669,.T.);
#1589=ORIENTED_EDGE('',*,*,#2838,.F.);
#1590=ORIENTED_EDGE('',*,*,#2672,.T.);
#1591=ORIENTED_EDGE('',*,*,#2614,.F.);
#1592=ORIENTED_EDGE('',*,*,#2613,.T.);
#1593=ORIENTED_EDGE('',*,*,#2828,.T.);
#1594=ORIENTED_EDGE('',*,*,#2839,.T.);
#1595=ORIENTED_EDGE('',*,*,#2840,.F.);
#1596=ORIENTED_EDGE('',*,*,#2841,.F.);
#1597=ORIENTED_EDGE('',*,*,#2823,.T.);
#1598=ORIENTED_EDGE('',*,*,#2842,.F.);
#1599=ORIENTED_EDGE('',*,*,#2631,.T.);
#1600=ORIENTED_EDGE('',*,*,#2625,.T.);
#1601=ORIENTED_EDGE('',*,*,#2622,.T.);
#1602=ORIENTED_EDGE('',*,*,#2618,.T.);
#1603=ORIENTED_EDGE('',*,*,#2821,.T.);
#1604=ORIENTED_EDGE('',*,*,#2843,.F.);
#1605=ORIENTED_EDGE('',*,*,#2641,.T.);
#1606=ORIENTED_EDGE('',*,*,#2635,.T.);
#1607=ORIENTED_EDGE('',*,*,#2634,.F.);
#1608=ORIENTED_EDGE('',*,*,#2628,.T.);
#1609=ORIENTED_EDGE('',*,*,#2844,.F.);
#1610=ORIENTED_EDGE('',*,*,#2648,.T.);
#1611=ORIENTED_EDGE('',*,*,#2642,.T.);
#1612=ORIENTED_EDGE('',*,*,#2638,.T.);
#1613=ORIENTED_EDGE('',*,*,#2845,.F.);
#1614=ORIENTED_EDGE('',*,*,#2658,.T.);
#1615=ORIENTED_EDGE('',*,*,#2654,.F.);
#1616=ORIENTED_EDGE('',*,*,#2649,.T.);
#1617=ORIENTED_EDGE('',*,*,#2645,.T.);
#1618=ORIENTED_EDGE('',*,*,#2846,.F.);
#1619=ORIENTED_EDGE('',*,*,#2692,.T.);
#1620=ORIENTED_EDGE('',*,*,#2665,.T.);
#1621=ORIENTED_EDGE('',*,*,#2662,.T.);
#1622=ORIENTED_EDGE('',*,*,#2659,.T.);
#1623=ORIENTED_EDGE('',*,*,#2655,.T.);
#1624=ORIENTED_EDGE('',*,*,#2847,.F.);
#1625=ORIENTED_EDGE('',*,*,#2848,.F.);
#1626=ORIENTED_EDGE('',*,*,#2689,.T.);
#1627=ORIENTED_EDGE('',*,*,#2670,.T.);
#1628=ORIENTED_EDGE('',*,*,#2849,.T.);
#1629=ORIENTED_EDGE('',*,*,#2850,.F.);
#1630=ORIENTED_EDGE('',*,*,#2851,.F.);
#1631=ORIENTED_EDGE('',*,*,#2671,.F.);
#1632=ORIENTED_EDGE('',*,*,#2851,.T.);
#1633=ORIENTED_EDGE('',*,*,#2852,.T.);
#1634=ORIENTED_EDGE('',*,*,#2853,.T.);
#1635=ORIENTED_EDGE('',*,*,#2853,.F.);
#1636=ORIENTED_EDGE('',*,*,#2854,.F.);
#1637=ORIENTED_EDGE('',*,*,#2855,.F.);
#1638=ORIENTED_EDGE('',*,*,#2677,.T.);
#1639=ORIENTED_EDGE('',*,*,#2681,.F.);
#1640=ORIENTED_EDGE('',*,*,#2673,.T.);
#1641=ORIENTED_EDGE('',*,*,#2838,.T.);
#1642=ORIENTED_EDGE('',*,*,#2668,.T.);
#1643=ORIENTED_EDGE('',*,*,#2678,.F.);
#1644=ORIENTED_EDGE('',*,*,#2855,.T.);
#1645=ORIENTED_EDGE('',*,*,#2856,.T.);
#1646=ORIENTED_EDGE('',*,*,#2857,.T.);
#1647=ORIENTED_EDGE('',*,*,#2685,.T.);
#1648=ORIENTED_EDGE('',*,*,#2832,.F.);
#1649=ORIENTED_EDGE('',*,*,#2683,.F.);
#1650=ORIENTED_EDGE('',*,*,#2679,.T.);
#1651=ORIENTED_EDGE('',*,*,#2675,.T.);
#1652=ORIENTED_EDGE('',*,*,#2857,.F.);
#1653=ORIENTED_EDGE('',*,*,#2858,.F.);
#1654=ORIENTED_EDGE('',*,*,#2859,.F.);
#1655=ORIENTED_EDGE('',*,*,#2686,.F.);
#1656=ORIENTED_EDGE('',*,*,#2859,.T.);
#1657=ORIENTED_EDGE('',*,*,#2860,.T.);
#1658=ORIENTED_EDGE('',*,*,#2861,.T.);
#1659=ORIENTED_EDGE('',*,*,#2862,.F.);
#1660=ORIENTED_EDGE('',*,*,#2863,.F.);
#1661=ORIENTED_EDGE('',*,*,#2687,.T.);
#1662=ORIENTED_EDGE('',*,*,#2861,.F.);
#1663=ORIENTED_EDGE('',*,*,#2864,.T.);
#1664=ORIENTED_EDGE('',*,*,#2865,.T.);
#1665=ORIENTED_EDGE('',*,*,#2866,.T.);
#1666=ORIENTED_EDGE('',*,*,#2867,.T.);
#1667=ORIENTED_EDGE('',*,*,#2868,.T.);
#1668=ORIENTED_EDGE('',*,*,#2869,.T.);
#1669=ORIENTED_EDGE('',*,*,#2868,.F.);
#1670=ORIENTED_EDGE('',*,*,#2870,.T.);
#1671=ORIENTED_EDGE('',*,*,#2864,.F.);
#1672=ORIENTED_EDGE('',*,*,#2871,.T.);
#1673=ORIENTED_EDGE('',*,*,#2866,.F.);
#1674=ORIENTED_EDGE('',*,*,#2872,.T.);
#1675=ORIENTED_EDGE('',*,*,#2873,.F.);
#1676=ORIENTED_EDGE('',*,*,#2874,.F.);
#1677=ORIENTED_EDGE('',*,*,#2775,.T.);
#1678=ORIENTED_EDGE('',*,*,#2875,.T.);
#1679=ORIENTED_EDGE('',*,*,#2876,.F.);
#1680=ORIENTED_EDGE('',*,*,#2877,.F.);
#1681=ORIENTED_EDGE('',*,*,#2776,.T.);
#1682=ORIENTED_EDGE('',*,*,#2874,.T.);
#1683=ORIENTED_EDGE('',*,*,#2878,.F.);
#1684=ORIENTED_EDGE('',*,*,#2879,.F.);
#1685=ORIENTED_EDGE('',*,*,#2777,.T.);
#1686=ORIENTED_EDGE('',*,*,#2877,.T.);
#1687=ORIENTED_EDGE('',*,*,#2880,.F.);
#1688=ORIENTED_EDGE('',*,*,#2875,.F.);
#1689=ORIENTED_EDGE('',*,*,#2774,.T.);
#1690=ORIENTED_EDGE('',*,*,#2881,.T.);
#1691=ORIENTED_EDGE('',*,*,#2882,.F.);
#1692=ORIENTED_EDGE('',*,*,#2883,.F.);
#1693=ORIENTED_EDGE('',*,*,#2884,.F.);
#1694=ORIENTED_EDGE('',*,*,#2778,.T.);
#1695=ORIENTED_EDGE('',*,*,#2879,.T.);
#1696=ORIENTED_EDGE('',*,*,#2885,.F.);
#1697=ORIENTED_EDGE('',*,*,#2886,.F.);
#1698=ORIENTED_EDGE('',*,*,#2779,.F.);
#1699=ORIENTED_EDGE('',*,*,#2884,.T.);
#1700=ORIENTED_EDGE('',*,*,#2887,.T.);
#1701=ORIENTED_EDGE('',*,*,#2888,.F.);
#1702=ORIENTED_EDGE('',*,*,#2889,.F.);
#1703=ORIENTED_EDGE('',*,*,#2780,.T.);
#1704=ORIENTED_EDGE('',*,*,#2886,.T.);
#1705=ORIENTED_EDGE('',*,*,#2890,.F.);
#1706=ORIENTED_EDGE('',*,*,#2891,.F.);
#1707=ORIENTED_EDGE('',*,*,#2782,.T.);
#1708=ORIENTED_EDGE('',*,*,#2892,.T.);
#1709=ORIENTED_EDGE('',*,*,#2893,.F.);
#1710=ORIENTED_EDGE('',*,*,#2892,.F.);
#1711=ORIENTED_EDGE('',*,*,#2781,.T.);
#1712=ORIENTED_EDGE('',*,*,#2889,.T.);
#1713=ORIENTED_EDGE('',*,*,#2894,.F.);
#1714=ORIENTED_EDGE('',*,*,#2895,.F.);
#1715=ORIENTED_EDGE('',*,*,#2896,.F.);
#1716=ORIENTED_EDGE('',*,*,#2783,.T.);
#1717=ORIENTED_EDGE('',*,*,#2891,.T.);
#1718=ORIENTED_EDGE('',*,*,#2897,.F.);
#1719=ORIENTED_EDGE('',*,*,#2898,.F.);
#1720=ORIENTED_EDGE('',*,*,#2899,.F.);
#1721=ORIENTED_EDGE('',*,*,#2784,.T.);
#1722=ORIENTED_EDGE('',*,*,#2896,.T.);
#1723=ORIENTED_EDGE('',*,*,#2900,.F.);
#1724=ORIENTED_EDGE('',*,*,#2785,.F.);
#1725=ORIENTED_EDGE('',*,*,#2899,.T.);
#1726=ORIENTED_EDGE('',*,*,#2901,.T.);
#1727=ORIENTED_EDGE('',*,*,#2902,.F.);
#1728=ORIENTED_EDGE('',*,*,#2903,.F.);
#1729=ORIENTED_EDGE('',*,*,#2787,.T.);
#1730=ORIENTED_EDGE('',*,*,#2904,.T.);
#1731=ORIENTED_EDGE('',*,*,#2905,.F.);
#1732=ORIENTED_EDGE('',*,*,#2906,.F.);
#1733=ORIENTED_EDGE('',*,*,#2788,.T.);
#1734=ORIENTED_EDGE('',*,*,#2903,.T.);
#1735=ORIENTED_EDGE('',*,*,#2907,.F.);
#1736=ORIENTED_EDGE('',*,*,#2908,.F.);
#1737=ORIENTED_EDGE('',*,*,#2789,.T.);
#1738=ORIENTED_EDGE('',*,*,#2906,.T.);
#1739=ORIENTED_EDGE('',*,*,#2909,.F.);
#1740=ORIENTED_EDGE('',*,*,#2904,.F.);
#1741=ORIENTED_EDGE('',*,*,#2786,.T.);
#1742=ORIENTED_EDGE('',*,*,#2900,.T.);
#1743=ORIENTED_EDGE('',*,*,#2910,.F.);
#1744=ORIENTED_EDGE('',*,*,#2911,.F.);
#1745=ORIENTED_EDGE('',*,*,#2912,.F.);
#1746=ORIENTED_EDGE('',*,*,#2790,.T.);
#1747=ORIENTED_EDGE('',*,*,#2908,.T.);
#1748=ORIENTED_EDGE('',*,*,#2913,.F.);
#1749=ORIENTED_EDGE('',*,*,#2688,.T.);
#1750=ORIENTED_EDGE('',*,*,#2914,.F.);
#1751=ORIENTED_EDGE('',*,*,#2915,.F.);
#1752=ORIENTED_EDGE('',*,*,#2719,.F.);
#1753=ORIENTED_EDGE('',*,*,#2690,.T.);
#1754=ORIENTED_EDGE('',*,*,#2848,.T.);
#1755=ORIENTED_EDGE('',*,*,#2916,.T.);
#1756=ORIENTED_EDGE('',*,*,#2917,.F.);
#1757=ORIENTED_EDGE('',*,*,#2918,.F.);
#1758=ORIENTED_EDGE('',*,*,#2720,.T.);
#1759=ORIENTED_EDGE('',*,*,#2915,.T.);
#1760=ORIENTED_EDGE('',*,*,#2919,.F.);
#1761=ORIENTED_EDGE('',*,*,#2920,.F.);
#1762=ORIENTED_EDGE('',*,*,#2721,.T.);
#1763=ORIENTED_EDGE('',*,*,#2918,.T.);
#1764=ORIENTED_EDGE('',*,*,#2921,.F.);
#1765=ORIENTED_EDGE('',*,*,#2922,.F.);
#1766=ORIENTED_EDGE('',*,*,#2722,.T.);
#1767=ORIENTED_EDGE('',*,*,#2920,.T.);
#1768=ORIENTED_EDGE('',*,*,#2923,.F.);
#1769=ORIENTED_EDGE('',*,*,#2924,.F.);
#1770=ORIENTED_EDGE('',*,*,#2723,.T.);
#1771=ORIENTED_EDGE('',*,*,#2922,.T.);
#1772=ORIENTED_EDGE('',*,*,#2925,.F.);
#1773=ORIENTED_EDGE('',*,*,#2926,.F.);
#1774=ORIENTED_EDGE('',*,*,#2724,.T.);
#1775=ORIENTED_EDGE('',*,*,#2924,.T.);
#1776=ORIENTED_EDGE('',*,*,#2927,.F.);
#1777=ORIENTED_EDGE('',*,*,#2725,.F.);
#1778=ORIENTED_EDGE('',*,*,#2926,.T.);
#1779=ORIENTED_EDGE('',*,*,#2928,.T.);
#1780=ORIENTED_EDGE('',*,*,#2929,.F.);
#1781=ORIENTED_EDGE('',*,*,#2930,.F.);
#1782=ORIENTED_EDGE('',*,*,#2726,.T.);
#1783=ORIENTED_EDGE('',*,*,#2927,.T.);
#1784=ORIENTED_EDGE('',*,*,#2931,.F.);
#1785=ORIENTED_EDGE('',*,*,#2932,.F.);
#1786=ORIENTED_EDGE('',*,*,#2727,.T.);
#1787=ORIENTED_EDGE('',*,*,#2930,.T.);
#1788=ORIENTED_EDGE('',*,*,#2933,.F.);
#1789=ORIENTED_EDGE('',*,*,#2934,.F.);
#1790=ORIENTED_EDGE('',*,*,#2728,.T.);
#1791=ORIENTED_EDGE('',*,*,#2932,.T.);
#1792=ORIENTED_EDGE('',*,*,#2935,.F.);
#1793=ORIENTED_EDGE('',*,*,#2936,.F.);
#1794=ORIENTED_EDGE('',*,*,#2729,.T.);
#1795=ORIENTED_EDGE('',*,*,#2934,.T.);
#1796=ORIENTED_EDGE('',*,*,#2937,.F.);
#1797=ORIENTED_EDGE('',*,*,#2938,.F.);
#1798=ORIENTED_EDGE('',*,*,#2730,.T.);
#1799=ORIENTED_EDGE('',*,*,#2936,.T.);
#1800=ORIENTED_EDGE('',*,*,#2939,.F.);
#1801=ORIENTED_EDGE('',*,*,#2731,.F.);
#1802=ORIENTED_EDGE('',*,*,#2938,.T.);
#1803=ORIENTED_EDGE('',*,*,#2940,.T.);
#1804=ORIENTED_EDGE('',*,*,#2941,.F.);
#1805=ORIENTED_EDGE('',*,*,#2942,.F.);
#1806=ORIENTED_EDGE('',*,*,#2732,.T.);
#1807=ORIENTED_EDGE('',*,*,#2939,.T.);
#1808=ORIENTED_EDGE('',*,*,#2943,.F.);
#1809=ORIENTED_EDGE('',*,*,#2944,.F.);
#1810=ORIENTED_EDGE('',*,*,#2733,.T.);
#1811=ORIENTED_EDGE('',*,*,#2942,.T.);
#1812=ORIENTED_EDGE('',*,*,#2945,.F.);
#1813=ORIENTED_EDGE('',*,*,#2946,.F.);
#1814=ORIENTED_EDGE('',*,*,#2734,.T.);
#1815=ORIENTED_EDGE('',*,*,#2944,.T.);
#1816=ORIENTED_EDGE('',*,*,#2947,.F.);
#1817=ORIENTED_EDGE('',*,*,#2948,.F.);
#1818=ORIENTED_EDGE('',*,*,#2735,.T.);
#1819=ORIENTED_EDGE('',*,*,#2946,.T.);
#1820=ORIENTED_EDGE('',*,*,#2949,.F.);
#1821=ORIENTED_EDGE('',*,*,#2950,.F.);
#1822=ORIENTED_EDGE('',*,*,#2736,.T.);
#1823=ORIENTED_EDGE('',*,*,#2948,.T.);
#1824=ORIENTED_EDGE('',*,*,#2951,.F.);
#1825=ORIENTED_EDGE('',*,*,#2737,.F.);
#1826=ORIENTED_EDGE('',*,*,#2950,.T.);
#1827=ORIENTED_EDGE('',*,*,#2952,.T.);
#1828=ORIENTED_EDGE('',*,*,#2953,.F.);
#1829=ORIENTED_EDGE('',*,*,#2954,.F.);
#1830=ORIENTED_EDGE('',*,*,#2738,.T.);
#1831=ORIENTED_EDGE('',*,*,#2951,.T.);
#1832=ORIENTED_EDGE('',*,*,#2955,.F.);
#1833=ORIENTED_EDGE('',*,*,#2956,.F.);
#1834=ORIENTED_EDGE('',*,*,#2739,.T.);
#1835=ORIENTED_EDGE('',*,*,#2954,.T.);
#1836=ORIENTED_EDGE('',*,*,#2957,.F.);
#1837=ORIENTED_EDGE('',*,*,#2958,.F.);
#1838=ORIENTED_EDGE('',*,*,#2740,.T.);
#1839=ORIENTED_EDGE('',*,*,#2956,.T.);
#1840=ORIENTED_EDGE('',*,*,#2959,.F.);
#1841=ORIENTED_EDGE('',*,*,#2960,.F.);
#1842=ORIENTED_EDGE('',*,*,#2741,.T.);
#1843=ORIENTED_EDGE('',*,*,#2958,.T.);
#1844=ORIENTED_EDGE('',*,*,#2961,.F.);
#1845=ORIENTED_EDGE('',*,*,#2962,.F.);
#1846=ORIENTED_EDGE('',*,*,#2742,.T.);
#1847=ORIENTED_EDGE('',*,*,#2960,.T.);
#1848=ORIENTED_EDGE('',*,*,#2963,.F.);
#1849=ORIENTED_EDGE('',*,*,#2743,.F.);
#1850=ORIENTED_EDGE('',*,*,#2962,.T.);
#1851=ORIENTED_EDGE('',*,*,#2964,.T.);
#1852=ORIENTED_EDGE('',*,*,#2965,.F.);
#1853=ORIENTED_EDGE('',*,*,#2966,.F.);
#1854=ORIENTED_EDGE('',*,*,#2744,.T.);
#1855=ORIENTED_EDGE('',*,*,#2963,.T.);
#1856=ORIENTED_EDGE('',*,*,#2967,.F.);
#1857=ORIENTED_EDGE('',*,*,#2968,.F.);
#1858=ORIENTED_EDGE('',*,*,#2745,.T.);
#1859=ORIENTED_EDGE('',*,*,#2966,.T.);
#1860=ORIENTED_EDGE('',*,*,#2969,.F.);
#1861=ORIENTED_EDGE('',*,*,#2970,.F.);
#1862=ORIENTED_EDGE('',*,*,#2746,.T.);
#1863=ORIENTED_EDGE('',*,*,#2968,.T.);
#1864=ORIENTED_EDGE('',*,*,#2971,.F.);
#1865=ORIENTED_EDGE('',*,*,#2972,.F.);
#1866=ORIENTED_EDGE('',*,*,#2747,.T.);
#1867=ORIENTED_EDGE('',*,*,#2970,.T.);
#1868=ORIENTED_EDGE('',*,*,#2973,.F.);
#1869=ORIENTED_EDGE('',*,*,#2974,.F.);
#1870=ORIENTED_EDGE('',*,*,#2748,.T.);
#1871=ORIENTED_EDGE('',*,*,#2972,.T.);
#1872=ORIENTED_EDGE('',*,*,#2975,.F.);
#1873=ORIENTED_EDGE('',*,*,#2749,.F.);
#1874=ORIENTED_EDGE('',*,*,#2974,.T.);
#1875=ORIENTED_EDGE('',*,*,#2976,.T.);
#1876=ORIENTED_EDGE('',*,*,#2977,.F.);
#1877=ORIENTED_EDGE('',*,*,#2978,.F.);
#1878=ORIENTED_EDGE('',*,*,#2750,.T.);
#1879=ORIENTED_EDGE('',*,*,#2975,.T.);
#1880=ORIENTED_EDGE('',*,*,#2979,.F.);
#1881=ORIENTED_EDGE('',*,*,#2980,.F.);
#1882=ORIENTED_EDGE('',*,*,#2751,.T.);
#1883=ORIENTED_EDGE('',*,*,#2978,.T.);
#1884=ORIENTED_EDGE('',*,*,#2981,.F.);
#1885=ORIENTED_EDGE('',*,*,#2982,.F.);
#1886=ORIENTED_EDGE('',*,*,#2752,.T.);
#1887=ORIENTED_EDGE('',*,*,#2980,.T.);
#1888=ORIENTED_EDGE('',*,*,#2983,.F.);
#1889=ORIENTED_EDGE('',*,*,#2984,.F.);
#1890=ORIENTED_EDGE('',*,*,#2753,.T.);
#1891=ORIENTED_EDGE('',*,*,#2982,.T.);
#1892=ORIENTED_EDGE('',*,*,#2985,.F.);
#1893=ORIENTED_EDGE('',*,*,#2986,.F.);
#1894=ORIENTED_EDGE('',*,*,#2754,.T.);
#1895=ORIENTED_EDGE('',*,*,#2984,.T.);
#1896=ORIENTED_EDGE('',*,*,#2987,.F.);
#1897=ORIENTED_EDGE('',*,*,#2755,.F.);
#1898=ORIENTED_EDGE('',*,*,#2986,.T.);
#1899=ORIENTED_EDGE('',*,*,#2988,.T.);
#1900=ORIENTED_EDGE('',*,*,#2989,.F.);
#1901=ORIENTED_EDGE('',*,*,#2990,.F.);
#1902=ORIENTED_EDGE('',*,*,#2756,.T.);
#1903=ORIENTED_EDGE('',*,*,#2987,.T.);
#1904=ORIENTED_EDGE('',*,*,#2991,.F.);
#1905=ORIENTED_EDGE('',*,*,#2992,.F.);
#1906=ORIENTED_EDGE('',*,*,#2757,.T.);
#1907=ORIENTED_EDGE('',*,*,#2990,.T.);
#1908=ORIENTED_EDGE('',*,*,#2993,.F.);
#1909=ORIENTED_EDGE('',*,*,#2994,.F.);
#1910=ORIENTED_EDGE('',*,*,#2758,.T.);
#1911=ORIENTED_EDGE('',*,*,#2992,.T.);
#1912=ORIENTED_EDGE('',*,*,#2995,.F.);
#1913=ORIENTED_EDGE('',*,*,#2996,.F.);
#1914=ORIENTED_EDGE('',*,*,#2759,.T.);
#1915=ORIENTED_EDGE('',*,*,#2994,.T.);
#1916=ORIENTED_EDGE('',*,*,#2997,.F.);
#1917=ORIENTED_EDGE('',*,*,#2998,.F.);
#1918=ORIENTED_EDGE('',*,*,#2760,.T.);
#1919=ORIENTED_EDGE('',*,*,#2996,.T.);
#1920=ORIENTED_EDGE('',*,*,#2999,.F.);
#1921=ORIENTED_EDGE('',*,*,#2761,.F.);
#1922=ORIENTED_EDGE('',*,*,#2998,.T.);
#1923=ORIENTED_EDGE('',*,*,#3000,.T.);
#1924=ORIENTED_EDGE('',*,*,#3001,.F.);
#1925=ORIENTED_EDGE('',*,*,#3002,.F.);
#1926=ORIENTED_EDGE('',*,*,#2762,.T.);
#1927=ORIENTED_EDGE('',*,*,#2999,.T.);
#1928=ORIENTED_EDGE('',*,*,#3003,.F.);
#1929=ORIENTED_EDGE('',*,*,#3004,.F.);
#1930=ORIENTED_EDGE('',*,*,#2763,.T.);
#1931=ORIENTED_EDGE('',*,*,#3002,.T.);
#1932=ORIENTED_EDGE('',*,*,#3005,.F.);
#1933=ORIENTED_EDGE('',*,*,#3006,.F.);
#1934=ORIENTED_EDGE('',*,*,#2764,.T.);
#1935=ORIENTED_EDGE('',*,*,#3004,.T.);
#1936=ORIENTED_EDGE('',*,*,#3007,.F.);
#1937=ORIENTED_EDGE('',*,*,#3008,.F.);
#1938=ORIENTED_EDGE('',*,*,#2765,.T.);
#1939=ORIENTED_EDGE('',*,*,#3006,.T.);
#1940=ORIENTED_EDGE('',*,*,#3009,.F.);
#1941=ORIENTED_EDGE('',*,*,#3010,.F.);
#1942=ORIENTED_EDGE('',*,*,#2766,.T.);
#1943=ORIENTED_EDGE('',*,*,#3008,.T.);
#1944=ORIENTED_EDGE('',*,*,#3011,.F.);
#1945=ORIENTED_EDGE('',*,*,#2767,.F.);
#1946=ORIENTED_EDGE('',*,*,#3010,.T.);
#1947=ORIENTED_EDGE('',*,*,#3012,.T.);
#1948=ORIENTED_EDGE('',*,*,#3013,.F.);
#1949=ORIENTED_EDGE('',*,*,#3014,.F.);
#1950=ORIENTED_EDGE('',*,*,#2768,.T.);
#1951=ORIENTED_EDGE('',*,*,#3011,.T.);
#1952=ORIENTED_EDGE('',*,*,#3015,.F.);
#1953=ORIENTED_EDGE('',*,*,#3016,.F.);
#1954=ORIENTED_EDGE('',*,*,#2769,.T.);
#1955=ORIENTED_EDGE('',*,*,#3014,.T.);
#1956=ORIENTED_EDGE('',*,*,#3017,.F.);
#1957=ORIENTED_EDGE('',*,*,#3018,.F.);
#1958=ORIENTED_EDGE('',*,*,#2770,.T.);
#1959=ORIENTED_EDGE('',*,*,#3016,.T.);
#1960=ORIENTED_EDGE('',*,*,#3019,.F.);
#1961=ORIENTED_EDGE('',*,*,#3020,.F.);
#1962=ORIENTED_EDGE('',*,*,#2771,.T.);
#1963=ORIENTED_EDGE('',*,*,#3018,.T.);
#1964=ORIENTED_EDGE('',*,*,#3021,.F.);
#1965=ORIENTED_EDGE('',*,*,#3022,.F.);
#1966=ORIENTED_EDGE('',*,*,#2772,.T.);
#1967=ORIENTED_EDGE('',*,*,#3020,.T.);
#1968=ORIENTED_EDGE('',*,*,#2881,.F.);
#1969=ORIENTED_EDGE('',*,*,#2773,.F.);
#1970=ORIENTED_EDGE('',*,*,#3022,.T.);
#1971=ORIENTED_EDGE('',*,*,#3023,.T.);
#1972=ORIENTED_EDGE('',*,*,#3024,.T.);
#1973=ORIENTED_EDGE('',*,*,#3025,.F.);
#1974=ORIENTED_EDGE('',*,*,#2791,.F.);
#1975=ORIENTED_EDGE('',*,*,#2912,.T.);
#1976=ORIENTED_EDGE('',*,*,#3026,.T.);
#1977=ORIENTED_EDGE('',*,*,#3027,.T.);
#1978=ORIENTED_EDGE('',*,*,#3028,.F.);
#1979=ORIENTED_EDGE('',*,*,#3029,.F.);
#1980=ORIENTED_EDGE('',*,*,#2792,.T.);
#1981=ORIENTED_EDGE('',*,*,#3025,.T.);
#1982=ORIENTED_EDGE('',*,*,#3030,.F.);
#1983=ORIENTED_EDGE('',*,*,#3031,.F.);
#1984=ORIENTED_EDGE('',*,*,#2793,.T.);
#1985=ORIENTED_EDGE('',*,*,#3029,.T.);
#1986=ORIENTED_EDGE('',*,*,#3032,.F.);
#1987=ORIENTED_EDGE('',*,*,#3033,.F.);
#1988=ORIENTED_EDGE('',*,*,#2794,.T.);
#1989=ORIENTED_EDGE('',*,*,#3031,.T.);
#1990=ORIENTED_EDGE('',*,*,#3034,.F.);
#1991=ORIENTED_EDGE('',*,*,#3035,.F.);
#1992=ORIENTED_EDGE('',*,*,#2795,.T.);
#1993=ORIENTED_EDGE('',*,*,#3033,.T.);
#1994=ORIENTED_EDGE('',*,*,#3036,.F.);
#1995=ORIENTED_EDGE('',*,*,#3037,.F.);
#1996=ORIENTED_EDGE('',*,*,#2796,.T.);
#1997=ORIENTED_EDGE('',*,*,#3035,.T.);
#1998=ORIENTED_EDGE('',*,*,#3038,.F.);
#1999=ORIENTED_EDGE('',*,*,#2797,.F.);
#2000=ORIENTED_EDGE('',*,*,#3037,.T.);
#2001=ORIENTED_EDGE('',*,*,#3039,.T.);
#2002=ORIENTED_EDGE('',*,*,#3040,.F.);
#2003=ORIENTED_EDGE('',*,*,#3041,.F.);
#2004=ORIENTED_EDGE('',*,*,#2798,.T.);
#2005=ORIENTED_EDGE('',*,*,#3038,.T.);
#2006=ORIENTED_EDGE('',*,*,#3042,.F.);
#2007=ORIENTED_EDGE('',*,*,#3043,.F.);
#2008=ORIENTED_EDGE('',*,*,#2799,.T.);
#2009=ORIENTED_EDGE('',*,*,#3041,.T.);
#2010=ORIENTED_EDGE('',*,*,#3044,.F.);
#2011=ORIENTED_EDGE('',*,*,#3045,.F.);
#2012=ORIENTED_EDGE('',*,*,#2800,.T.);
#2013=ORIENTED_EDGE('',*,*,#3043,.T.);
#2014=ORIENTED_EDGE('',*,*,#3046,.F.);
#2015=ORIENTED_EDGE('',*,*,#3047,.F.);
#2016=ORIENTED_EDGE('',*,*,#2801,.T.);
#2017=ORIENTED_EDGE('',*,*,#3045,.T.);
#2018=ORIENTED_EDGE('',*,*,#3048,.F.);
#2019=ORIENTED_EDGE('',*,*,#3049,.F.);
#2020=ORIENTED_EDGE('',*,*,#2802,.T.);
#2021=ORIENTED_EDGE('',*,*,#3047,.T.);
#2022=ORIENTED_EDGE('',*,*,#3050,.F.);
#2023=ORIENTED_EDGE('',*,*,#2803,.F.);
#2024=ORIENTED_EDGE('',*,*,#3049,.T.);
#2025=ORIENTED_EDGE('',*,*,#3051,.T.);
#2026=ORIENTED_EDGE('',*,*,#3052,.F.);
#2027=ORIENTED_EDGE('',*,*,#3053,.F.);
#2028=ORIENTED_EDGE('',*,*,#2804,.T.);
#2029=ORIENTED_EDGE('',*,*,#3050,.T.);
#2030=ORIENTED_EDGE('',*,*,#3054,.F.);
#2031=ORIENTED_EDGE('',*,*,#3055,.F.);
#2032=ORIENTED_EDGE('',*,*,#2805,.T.);
#2033=ORIENTED_EDGE('',*,*,#3053,.T.);
#2034=ORIENTED_EDGE('',*,*,#3056,.F.);
#2035=ORIENTED_EDGE('',*,*,#3057,.F.);
#2036=ORIENTED_EDGE('',*,*,#2806,.T.);
#2037=ORIENTED_EDGE('',*,*,#3055,.T.);
#2038=ORIENTED_EDGE('',*,*,#3058,.F.);
#2039=ORIENTED_EDGE('',*,*,#3059,.F.);
#2040=ORIENTED_EDGE('',*,*,#2807,.T.);
#2041=ORIENTED_EDGE('',*,*,#3057,.T.);
#2042=ORIENTED_EDGE('',*,*,#3060,.F.);
#2043=ORIENTED_EDGE('',*,*,#3061,.F.);
#2044=ORIENTED_EDGE('',*,*,#2808,.T.);
#2045=ORIENTED_EDGE('',*,*,#3059,.T.);
#2046=ORIENTED_EDGE('',*,*,#3062,.F.);
#2047=ORIENTED_EDGE('',*,*,#2809,.F.);
#2048=ORIENTED_EDGE('',*,*,#3061,.T.);
#2049=ORIENTED_EDGE('',*,*,#3063,.T.);
#2050=ORIENTED_EDGE('',*,*,#3064,.F.);
#2051=ORIENTED_EDGE('',*,*,#3065,.F.);
#2052=ORIENTED_EDGE('',*,*,#2810,.T.);
#2053=ORIENTED_EDGE('',*,*,#3062,.T.);
#2054=ORIENTED_EDGE('',*,*,#3066,.F.);
#2055=ORIENTED_EDGE('',*,*,#3067,.F.);
#2056=ORIENTED_EDGE('',*,*,#2811,.T.);
#2057=ORIENTED_EDGE('',*,*,#3065,.T.);
#2058=ORIENTED_EDGE('',*,*,#3068,.F.);
#2059=ORIENTED_EDGE('',*,*,#3069,.F.);
#2060=ORIENTED_EDGE('',*,*,#2812,.T.);
#2061=ORIENTED_EDGE('',*,*,#3067,.T.);
#2062=ORIENTED_EDGE('',*,*,#3070,.F.);
#2063=ORIENTED_EDGE('',*,*,#3071,.F.);
#2064=ORIENTED_EDGE('',*,*,#2813,.T.);
#2065=ORIENTED_EDGE('',*,*,#3069,.T.);
#2066=ORIENTED_EDGE('',*,*,#3072,.F.);
#2067=ORIENTED_EDGE('',*,*,#3073,.F.);
#2068=ORIENTED_EDGE('',*,*,#2814,.T.);
#2069=ORIENTED_EDGE('',*,*,#3071,.T.);
#2070=ORIENTED_EDGE('',*,*,#2815,.F.);
#2071=ORIENTED_EDGE('',*,*,#3073,.T.);
#2072=ORIENTED_EDGE('',*,*,#3074,.T.);
#2073=ORIENTED_EDGE('',*,*,#3075,.F.);
#2074=ORIENTED_EDGE('',*,*,#3076,.F.);
#2075=ORIENTED_EDGE('',*,*,#3077,.F.);
#2076=ORIENTED_EDGE('',*,*,#2816,.T.);
#2077=ORIENTED_EDGE('',*,*,#3075,.T.);
#2078=ORIENTED_EDGE('',*,*,#3078,.F.);
#2079=ORIENTED_EDGE('',*,*,#3079,.F.);
#2080=ORIENTED_EDGE('',*,*,#2817,.T.);
#2081=ORIENTED_EDGE('',*,*,#3077,.T.);
#2082=ORIENTED_EDGE('',*,*,#3080,.F.);
#2083=ORIENTED_EDGE('',*,*,#3081,.F.);
#2084=ORIENTED_EDGE('',*,*,#2818,.T.);
#2085=ORIENTED_EDGE('',*,*,#3079,.T.);
#2086=ORIENTED_EDGE('',*,*,#3082,.F.);
#2087=ORIENTED_EDGE('',*,*,#3083,.F.);
#2088=ORIENTED_EDGE('',*,*,#2819,.T.);
#2089=ORIENTED_EDGE('',*,*,#3081,.T.);
#2090=ORIENTED_EDGE('',*,*,#3084,.F.);
#2091=ORIENTED_EDGE('',*,*,#3085,.F.);
#2092=ORIENTED_EDGE('',*,*,#2820,.T.);
#2093=ORIENTED_EDGE('',*,*,#3083,.T.);
#2094=ORIENTED_EDGE('',*,*,#3086,.F.);
#2095=ORIENTED_EDGE('',*,*,#2693,.F.);
#2096=ORIENTED_EDGE('',*,*,#3085,.T.);
#2097=ORIENTED_EDGE('',*,*,#3087,.T.);
#2098=ORIENTED_EDGE('',*,*,#3088,.F.);
#2099=ORIENTED_EDGE('',*,*,#3089,.F.);
#2100=ORIENTED_EDGE('',*,*,#2694,.T.);
#2101=ORIENTED_EDGE('',*,*,#3086,.T.);
#2102=ORIENTED_EDGE('',*,*,#3090,.F.);
#2103=ORIENTED_EDGE('',*,*,#3091,.F.);
#2104=ORIENTED_EDGE('',*,*,#2695,.T.);
#2105=ORIENTED_EDGE('',*,*,#3089,.T.);
#2106=ORIENTED_EDGE('',*,*,#3092,.F.);
#2107=ORIENTED_EDGE('',*,*,#3093,.F.);
#2108=ORIENTED_EDGE('',*,*,#2696,.T.);
#2109=ORIENTED_EDGE('',*,*,#3091,.T.);
#2110=ORIENTED_EDGE('',*,*,#3094,.F.);
#2111=ORIENTED_EDGE('',*,*,#3095,.F.);
#2112=ORIENTED_EDGE('',*,*,#2697,.T.);
#2113=ORIENTED_EDGE('',*,*,#3093,.T.);
#2114=ORIENTED_EDGE('',*,*,#3096,.F.);
#2115=ORIENTED_EDGE('',*,*,#3097,.F.);
#2116=ORIENTED_EDGE('',*,*,#2698,.T.);
#2117=ORIENTED_EDGE('',*,*,#3095,.T.);
#2118=ORIENTED_EDGE('',*,*,#3098,.F.);
#2119=ORIENTED_EDGE('',*,*,#2699,.F.);
#2120=ORIENTED_EDGE('',*,*,#3097,.T.);
#2121=ORIENTED_EDGE('',*,*,#3099,.T.);
#2122=ORIENTED_EDGE('',*,*,#3100,.F.);
#2123=ORIENTED_EDGE('',*,*,#3101,.F.);
#2124=ORIENTED_EDGE('',*,*,#2700,.T.);
#2125=ORIENTED_EDGE('',*,*,#3098,.T.);
#2126=ORIENTED_EDGE('',*,*,#3102,.F.);
#2127=ORIENTED_EDGE('',*,*,#3103,.F.);
#2128=ORIENTED_EDGE('',*,*,#2701,.T.);
#2129=ORIENTED_EDGE('',*,*,#3101,.T.);
#2130=ORIENTED_EDGE('',*,*,#3104,.F.);
#2131=ORIENTED_EDGE('',*,*,#3105,.F.);
#2132=ORIENTED_EDGE('',*,*,#2702,.T.);
#2133=ORIENTED_EDGE('',*,*,#3103,.T.);
#2134=ORIENTED_EDGE('',*,*,#3106,.F.);
#2135=ORIENTED_EDGE('',*,*,#3107,.F.);
#2136=ORIENTED_EDGE('',*,*,#2703,.T.);
#2137=ORIENTED_EDGE('',*,*,#3105,.T.);
#2138=ORIENTED_EDGE('',*,*,#3108,.F.);
#2139=ORIENTED_EDGE('',*,*,#3109,.F.);
#2140=ORIENTED_EDGE('',*,*,#2704,.T.);
#2141=ORIENTED_EDGE('',*,*,#3107,.T.);
#2142=ORIENTED_EDGE('',*,*,#3110,.F.);
#2143=ORIENTED_EDGE('',*,*,#2705,.F.);
#2144=ORIENTED_EDGE('',*,*,#3109,.T.);
#2145=ORIENTED_EDGE('',*,*,#3111,.T.);
#2146=ORIENTED_EDGE('',*,*,#3112,.F.);
#2147=ORIENTED_EDGE('',*,*,#3113,.F.);
#2148=ORIENTED_EDGE('',*,*,#2706,.T.);
#2149=ORIENTED_EDGE('',*,*,#3110,.T.);
#2150=ORIENTED_EDGE('',*,*,#3114,.F.);
#2151=ORIENTED_EDGE('',*,*,#3115,.F.);
#2152=ORIENTED_EDGE('',*,*,#2707,.T.);
#2153=ORIENTED_EDGE('',*,*,#3113,.T.);
#2154=ORIENTED_EDGE('',*,*,#3116,.F.);
#2155=ORIENTED_EDGE('',*,*,#3117,.F.);
#2156=ORIENTED_EDGE('',*,*,#2708,.T.);
#2157=ORIENTED_EDGE('',*,*,#3115,.T.);
#2158=ORIENTED_EDGE('',*,*,#3118,.F.);
#2159=ORIENTED_EDGE('',*,*,#3119,.F.);
#2160=ORIENTED_EDGE('',*,*,#2709,.T.);
#2161=ORIENTED_EDGE('',*,*,#3117,.T.);
#2162=ORIENTED_EDGE('',*,*,#3120,.F.);
#2163=ORIENTED_EDGE('',*,*,#3121,.F.);
#2164=ORIENTED_EDGE('',*,*,#2710,.T.);
#2165=ORIENTED_EDGE('',*,*,#3119,.T.);
#2166=ORIENTED_EDGE('',*,*,#3122,.F.);
#2167=ORIENTED_EDGE('',*,*,#2711,.F.);
#2168=ORIENTED_EDGE('',*,*,#3121,.T.);
#2169=ORIENTED_EDGE('',*,*,#3123,.T.);
#2170=ORIENTED_EDGE('',*,*,#3124,.F.);
#2171=ORIENTED_EDGE('',*,*,#3125,.F.);
#2172=ORIENTED_EDGE('',*,*,#2712,.T.);
#2173=ORIENTED_EDGE('',*,*,#3122,.T.);
#2174=ORIENTED_EDGE('',*,*,#3126,.F.);
#2175=ORIENTED_EDGE('',*,*,#3127,.F.);
#2176=ORIENTED_EDGE('',*,*,#2713,.T.);
#2177=ORIENTED_EDGE('',*,*,#3125,.T.);
#2178=ORIENTED_EDGE('',*,*,#3128,.F.);
#2179=ORIENTED_EDGE('',*,*,#3129,.F.);
#2180=ORIENTED_EDGE('',*,*,#2714,.T.);
#2181=ORIENTED_EDGE('',*,*,#3127,.T.);
#2182=ORIENTED_EDGE('',*,*,#3130,.F.);
#2183=ORIENTED_EDGE('',*,*,#3131,.F.);
#2184=ORIENTED_EDGE('',*,*,#2715,.T.);
#2185=ORIENTED_EDGE('',*,*,#3129,.T.);
#2186=ORIENTED_EDGE('',*,*,#3132,.F.);
#2187=ORIENTED_EDGE('',*,*,#3133,.F.);
#2188=ORIENTED_EDGE('',*,*,#2716,.T.);
#2189=ORIENTED_EDGE('',*,*,#3131,.T.);
#2190=ORIENTED_EDGE('',*,*,#2822,.F.);
#2191=ORIENTED_EDGE('',*,*,#2717,.F.);
#2192=ORIENTED_EDGE('',*,*,#3133,.T.);
#2193=ORIENTED_EDGE('',*,*,#3134,.T.);
#2194=ORIENTED_EDGE('',*,*,#2840,.T.);
#2195=ORIENTED_EDGE('',*,*,#3135,.F.);
#2196=ORIENTED_EDGE('',*,*,#3136,.F.);
#2197=ORIENTED_EDGE('',*,*,#3137,.T.);
#2198=ORIENTED_EDGE('',*,*,#2833,.T.);
#2199=ORIENTED_EDGE('',*,*,#2863,.T.);
#2200=ORIENTED_EDGE('',*,*,#2836,.T.);
#2201=ORIENTED_EDGE('',*,*,#2834,.T.);
#2202=ORIENTED_EDGE('',*,*,#2830,.F.);
#2203=ORIENTED_EDGE('',*,*,#3137,.F.);
#2204=ORIENTED_EDGE('',*,*,#3138,.T.);
#2205=ORIENTED_EDGE('',*,*,#3139,.F.);
#2206=ORIENTED_EDGE('',*,*,#2839,.F.);
#2207=ORIENTED_EDGE('',*,*,#2827,.T.);
#2208=ORIENTED_EDGE('',*,*,#2826,.F.);
#2209=ORIENTED_EDGE('',*,*,#2825,.F.);
#2210=ORIENTED_EDGE('',*,*,#2824,.F.);
#2211=ORIENTED_EDGE('',*,*,#3140,.F.);
#2212=ORIENTED_EDGE('',*,*,#2849,.F.);
#2213=ORIENTED_EDGE('',*,*,#2837,.F.);
#2214=ORIENTED_EDGE('',*,*,#3139,.T.);
#2215=ORIENTED_EDGE('',*,*,#3141,.F.);
#2216=ORIENTED_EDGE('',*,*,#3135,.T.);
#2217=ORIENTED_EDGE('',*,*,#2862,.T.);
#2218=ORIENTED_EDGE('',*,*,#2860,.F.);
#2219=ORIENTED_EDGE('',*,*,#2858,.T.);
#2220=ORIENTED_EDGE('',*,*,#2856,.F.);
#2221=ORIENTED_EDGE('',*,*,#2854,.T.);
#2222=ORIENTED_EDGE('',*,*,#2852,.F.);
#2223=ORIENTED_EDGE('',*,*,#2850,.T.);
#2224=ORIENTED_EDGE('',*,*,#3140,.T.);
#2225=ORIENTED_EDGE('',*,*,#3142,.T.);
#2226=ORIENTED_EDGE('',*,*,#2847,.T.);
#2227=ORIENTED_EDGE('',*,*,#2846,.T.);
#2228=ORIENTED_EDGE('',*,*,#2845,.T.);
#2229=ORIENTED_EDGE('',*,*,#2844,.T.);
#2230=ORIENTED_EDGE('',*,*,#2843,.T.);
#2231=ORIENTED_EDGE('',*,*,#2842,.T.);
#2232=ORIENTED_EDGE('',*,*,#2841,.T.);
#2233=ORIENTED_EDGE('',*,*,#3143,.T.);
#2234=ORIENTED_EDGE('',*,*,#2865,.F.);
#2235=ORIENTED_EDGE('',*,*,#2563,.F.);
#2236=ORIENTED_EDGE('',*,*,#3144,.F.);
#2237=ORIENTED_EDGE('',*,*,#3145,.T.);
#2238=ORIENTED_EDGE('',*,*,#2589,.F.);
#2239=ORIENTED_EDGE('',*,*,#2867,.F.);
#2240=ORIENTED_EDGE('',*,*,#2567,.F.);
#2241=ORIENTED_EDGE('',*,*,#3146,.F.);
#2242=ORIENTED_EDGE('',*,*,#3147,.F.);
#2243=ORIENTED_EDGE('',*,*,#3148,.F.);
#2244=ORIENTED_EDGE('',*,*,#2869,.F.);
#2245=ORIENTED_EDGE('',*,*,#2571,.F.);
#2246=ORIENTED_EDGE('',*,*,#2587,.F.);
#2247=ORIENTED_EDGE('',*,*,#3149,.F.);
#2248=ORIENTED_EDGE('',*,*,#3150,.F.);
#2249=ORIENTED_EDGE('',*,*,#3145,.F.);
#2250=ORIENTED_EDGE('',*,*,#3151,.F.);
#2251=ORIENTED_EDGE('',*,*,#3152,.T.);
#2252=ORIENTED_EDGE('',*,*,#2585,.F.);
#2253=ORIENTED_EDGE('',*,*,#2590,.T.);
#2254=ORIENTED_EDGE('',*,*,#3151,.T.);
#2255=ORIENTED_EDGE('',*,*,#3144,.T.);
#2256=ORIENTED_EDGE('',*,*,#2566,.F.);
#2257=ORIENTED_EDGE('',*,*,#3153,.F.);
#2258=ORIENTED_EDGE('',*,*,#2568,.F.);
#2259=ORIENTED_EDGE('',*,*,#3148,.T.);
#2260=ORIENTED_EDGE('',*,*,#3154,.F.);
#2261=ORIENTED_EDGE('',*,*,#3155,.T.);
#2262=ORIENTED_EDGE('',*,*,#3147,.T.);
#2263=ORIENTED_EDGE('',*,*,#3156,.F.);
#2264=ORIENTED_EDGE('',*,*,#3157,.F.);
#2265=ORIENTED_EDGE('',*,*,#3158,.F.);
#2266=ORIENTED_EDGE('',*,*,#3159,.F.);
#2267=ORIENTED_EDGE('',*,*,#3160,.T.);
#2268=ORIENTED_EDGE('',*,*,#3161,.T.);
#2269=ORIENTED_EDGE('',*,*,#3154,.T.);
#2270=ORIENTED_EDGE('',*,*,#3162,.T.);
#2271=ORIENTED_EDGE('',*,*,#3163,.F.);
#2272=ORIENTED_EDGE('',*,*,#3164,.F.);
#2273=ORIENTED_EDGE('',*,*,#3156,.T.);
#2274=ORIENTED_EDGE('',*,*,#3165,.T.);
#2275=ORIENTED_EDGE('',*,*,#3166,.T.);
#2276=ORIENTED_EDGE('',*,*,#2882,.T.);
#2277=ORIENTED_EDGE('',*,*,#3024,.F.);
#2278=ORIENTED_EDGE('',*,*,#2880,.T.);
#2279=ORIENTED_EDGE('',*,*,#3167,.T.);
#2280=ORIENTED_EDGE('',*,*,#2885,.T.);
#2281=ORIENTED_EDGE('',*,*,#2878,.T.);
#2282=ORIENTED_EDGE('',*,*,#2876,.T.);
#2283=ORIENTED_EDGE('',*,*,#2873,.T.);
#2284=ORIENTED_EDGE('',*,*,#3168,.T.);
#2285=ORIENTED_EDGE('',*,*,#2894,.T.);
#2286=ORIENTED_EDGE('',*,*,#2888,.T.);
#2287=ORIENTED_EDGE('',*,*,#2887,.F.);
#2288=ORIENTED_EDGE('',*,*,#2883,.T.);
#2289=ORIENTED_EDGE('',*,*,#2893,.T.);
#2290=ORIENTED_EDGE('',*,*,#3169,.T.);
#2291=ORIENTED_EDGE('',*,*,#2897,.T.);
#2292=ORIENTED_EDGE('',*,*,#2890,.T.);
#2293=ORIENTED_EDGE('',*,*,#3170,.T.);
#2294=ORIENTED_EDGE('',*,*,#2910,.T.);
#2295=ORIENTED_EDGE('',*,*,#2901,.F.);
#2296=ORIENTED_EDGE('',*,*,#2898,.T.);
#2297=ORIENTED_EDGE('',*,*,#2895,.T.);
#2298=ORIENTED_EDGE('',*,*,#2909,.T.);
#2299=ORIENTED_EDGE('',*,*,#3171,.T.);
#2300=ORIENTED_EDGE('',*,*,#2913,.T.);
#2301=ORIENTED_EDGE('',*,*,#2907,.T.);
#2302=ORIENTED_EDGE('',*,*,#2905,.T.);
#2303=ORIENTED_EDGE('',*,*,#2902,.T.);
#2304=ORIENTED_EDGE('',*,*,#3026,.F.);
#2305=ORIENTED_EDGE('',*,*,#2911,.T.);
#2306=ORIENTED_EDGE('',*,*,#3172,.T.);
#2307=ORIENTED_EDGE('',*,*,#3142,.F.);
#2308=ORIENTED_EDGE('',*,*,#3141,.T.);
#2309=ORIENTED_EDGE('',*,*,#3138,.F.);
#2310=ORIENTED_EDGE('',*,*,#3136,.T.);
#2311=ORIENTED_EDGE('',*,*,#3143,.F.);
#2312=ORIENTED_EDGE('',*,*,#3134,.F.);
#2313=ORIENTED_EDGE('',*,*,#3132,.T.);
#2314=ORIENTED_EDGE('',*,*,#3130,.T.);
#2315=ORIENTED_EDGE('',*,*,#3128,.T.);
#2316=ORIENTED_EDGE('',*,*,#3126,.T.);
#2317=ORIENTED_EDGE('',*,*,#3124,.T.);
#2318=ORIENTED_EDGE('',*,*,#3123,.F.);
#2319=ORIENTED_EDGE('',*,*,#3120,.T.);
#2320=ORIENTED_EDGE('',*,*,#3118,.T.);
#2321=ORIENTED_EDGE('',*,*,#3116,.T.);
#2322=ORIENTED_EDGE('',*,*,#3114,.T.);
#2323=ORIENTED_EDGE('',*,*,#3112,.T.);
#2324=ORIENTED_EDGE('',*,*,#3111,.F.);
#2325=ORIENTED_EDGE('',*,*,#3108,.T.);
#2326=ORIENTED_EDGE('',*,*,#3106,.T.);
#2327=ORIENTED_EDGE('',*,*,#3104,.T.);
#2328=ORIENTED_EDGE('',*,*,#3102,.T.);
#2329=ORIENTED_EDGE('',*,*,#3100,.T.);
#2330=ORIENTED_EDGE('',*,*,#3099,.F.);
#2331=ORIENTED_EDGE('',*,*,#3096,.T.);
#2332=ORIENTED_EDGE('',*,*,#3094,.T.);
#2333=ORIENTED_EDGE('',*,*,#3092,.T.);
#2334=ORIENTED_EDGE('',*,*,#3090,.T.);
#2335=ORIENTED_EDGE('',*,*,#3088,.T.);
#2336=ORIENTED_EDGE('',*,*,#3087,.F.);
#2337=ORIENTED_EDGE('',*,*,#3084,.T.);
#2338=ORIENTED_EDGE('',*,*,#3082,.T.);
#2339=ORIENTED_EDGE('',*,*,#3080,.T.);
#2340=ORIENTED_EDGE('',*,*,#3078,.T.);
#2341=ORIENTED_EDGE('',*,*,#3076,.T.);
#2342=ORIENTED_EDGE('',*,*,#3074,.F.);
#2343=ORIENTED_EDGE('',*,*,#3072,.T.);
#2344=ORIENTED_EDGE('',*,*,#3070,.T.);
#2345=ORIENTED_EDGE('',*,*,#3068,.T.);
#2346=ORIENTED_EDGE('',*,*,#3066,.T.);
#2347=ORIENTED_EDGE('',*,*,#3064,.T.);
#2348=ORIENTED_EDGE('',*,*,#3063,.F.);
#2349=ORIENTED_EDGE('',*,*,#3060,.T.);
#2350=ORIENTED_EDGE('',*,*,#3058,.T.);
#2351=ORIENTED_EDGE('',*,*,#3056,.T.);
#2352=ORIENTED_EDGE('',*,*,#3054,.T.);
#2353=ORIENTED_EDGE('',*,*,#3052,.T.);
#2354=ORIENTED_EDGE('',*,*,#3051,.F.);
#2355=ORIENTED_EDGE('',*,*,#3048,.T.);
#2356=ORIENTED_EDGE('',*,*,#3046,.T.);
#2357=ORIENTED_EDGE('',*,*,#3044,.T.);
#2358=ORIENTED_EDGE('',*,*,#3042,.T.);
#2359=ORIENTED_EDGE('',*,*,#3040,.T.);
#2360=ORIENTED_EDGE('',*,*,#3039,.F.);
#2361=ORIENTED_EDGE('',*,*,#3036,.T.);
#2362=ORIENTED_EDGE('',*,*,#3034,.T.);
#2363=ORIENTED_EDGE('',*,*,#3032,.T.);
#2364=ORIENTED_EDGE('',*,*,#3030,.T.);
#2365=ORIENTED_EDGE('',*,*,#3028,.T.);
#2366=ORIENTED_EDGE('',*,*,#3027,.F.);
#2367=ORIENTED_EDGE('',*,*,#3173,.T.);
#2368=ORIENTED_EDGE('',*,*,#3174,.F.);
#2369=ORIENTED_EDGE('',*,*,#3175,.F.);
#2370=ORIENTED_EDGE('',*,*,#3163,.T.);
#2371=ORIENTED_EDGE('',*,*,#3176,.T.);
#2372=ORIENTED_EDGE('',*,*,#3023,.F.);
#2373=ORIENTED_EDGE('',*,*,#3021,.T.);
#2374=ORIENTED_EDGE('',*,*,#3019,.T.);
#2375=ORIENTED_EDGE('',*,*,#3017,.T.);
#2376=ORIENTED_EDGE('',*,*,#3015,.T.);
#2377=ORIENTED_EDGE('',*,*,#3013,.T.);
#2378=ORIENTED_EDGE('',*,*,#3012,.F.);
#2379=ORIENTED_EDGE('',*,*,#3009,.T.);
#2380=ORIENTED_EDGE('',*,*,#3007,.T.);
#2381=ORIENTED_EDGE('',*,*,#3005,.T.);
#2382=ORIENTED_EDGE('',*,*,#3003,.T.);
#2383=ORIENTED_EDGE('',*,*,#3001,.T.);
#2384=ORIENTED_EDGE('',*,*,#3000,.F.);
#2385=ORIENTED_EDGE('',*,*,#2997,.T.);
#2386=ORIENTED_EDGE('',*,*,#2995,.T.);
#2387=ORIENTED_EDGE('',*,*,#2993,.T.);
#2388=ORIENTED_EDGE('',*,*,#2991,.T.);
#2389=ORIENTED_EDGE('',*,*,#2989,.T.);
#2390=ORIENTED_EDGE('',*,*,#2988,.F.);
#2391=ORIENTED_EDGE('',*,*,#2985,.T.);
#2392=ORIENTED_EDGE('',*,*,#2983,.T.);
#2393=ORIENTED_EDGE('',*,*,#2981,.T.);
#2394=ORIENTED_EDGE('',*,*,#2979,.T.);
#2395=ORIENTED_EDGE('',*,*,#2977,.T.);
#2396=ORIENTED_EDGE('',*,*,#2976,.F.);
#2397=ORIENTED_EDGE('',*,*,#2973,.T.);
#2398=ORIENTED_EDGE('',*,*,#2971,.T.);
#2399=ORIENTED_EDGE('',*,*,#2969,.T.);
#2400=ORIENTED_EDGE('',*,*,#2967,.T.);
#2401=ORIENTED_EDGE('',*,*,#2965,.T.);
#2402=ORIENTED_EDGE('',*,*,#2964,.F.);
#2403=ORIENTED_EDGE('',*,*,#2961,.T.);
#2404=ORIENTED_EDGE('',*,*,#2959,.T.);
#2405=ORIENTED_EDGE('',*,*,#2957,.T.);
#2406=ORIENTED_EDGE('',*,*,#2955,.T.);
#2407=ORIENTED_EDGE('',*,*,#2953,.T.);
#2408=ORIENTED_EDGE('',*,*,#2952,.F.);
#2409=ORIENTED_EDGE('',*,*,#2949,.T.);
#2410=ORIENTED_EDGE('',*,*,#2947,.T.);
#2411=ORIENTED_EDGE('',*,*,#2945,.T.);
#2412=ORIENTED_EDGE('',*,*,#2943,.T.);
#2413=ORIENTED_EDGE('',*,*,#2941,.T.);
#2414=ORIENTED_EDGE('',*,*,#2940,.F.);
#2415=ORIENTED_EDGE('',*,*,#2937,.T.);
#2416=ORIENTED_EDGE('',*,*,#2935,.T.);
#2417=ORIENTED_EDGE('',*,*,#2933,.T.);
#2418=ORIENTED_EDGE('',*,*,#2931,.T.);
#2419=ORIENTED_EDGE('',*,*,#2929,.T.);
#2420=ORIENTED_EDGE('',*,*,#2928,.F.);
#2421=ORIENTED_EDGE('',*,*,#2925,.T.);
#2422=ORIENTED_EDGE('',*,*,#2923,.T.);
#2423=ORIENTED_EDGE('',*,*,#2921,.T.);
#2424=ORIENTED_EDGE('',*,*,#2919,.T.);
#2425=ORIENTED_EDGE('',*,*,#2917,.T.);
#2426=ORIENTED_EDGE('',*,*,#2916,.F.);
#2427=ORIENTED_EDGE('',*,*,#2914,.T.);
#2428=ORIENTED_EDGE('',*,*,#3177,.T.);
#2429=ORIENTED_EDGE('',*,*,#3178,.F.);
#2430=ORIENTED_EDGE('',*,*,#3179,.F.);
#2431=ORIENTED_EDGE('',*,*,#3180,.F.);
#2432=ORIENTED_EDGE('',*,*,#3174,.T.);
#2433=ORIENTED_EDGE('',*,*,#3162,.F.);
#2434=ORIENTED_EDGE('',*,*,#3181,.T.);
#2435=ORIENTED_EDGE('',*,*,#2569,.T.);
#2436=ORIENTED_EDGE('',*,*,#3153,.T.);
#2437=ORIENTED_EDGE('',*,*,#2565,.T.);
#2438=ORIENTED_EDGE('',*,*,#2588,.F.);
#2439=ORIENTED_EDGE('',*,*,#2573,.T.);
#2440=ORIENTED_EDGE('',*,*,#3182,.T.);
#2441=ORIENTED_EDGE('',*,*,#3177,.F.);
#2442=ORIENTED_EDGE('',*,*,#3173,.F.);
#2443=ORIENTED_EDGE('',*,*,#3172,.F.);
#2444=ORIENTED_EDGE('',*,*,#3171,.F.);
#2445=ORIENTED_EDGE('',*,*,#3170,.F.);
#2446=ORIENTED_EDGE('',*,*,#3169,.F.);
#2447=ORIENTED_EDGE('',*,*,#3168,.F.);
#2448=ORIENTED_EDGE('',*,*,#3167,.F.);
#2449=ORIENTED_EDGE('',*,*,#3166,.F.);
#2450=ORIENTED_EDGE('',*,*,#3176,.F.);
#2451=ORIENTED_EDGE('',*,*,#3183,.F.);
#2452=ORIENTED_EDGE('',*,*,#3184,.F.);
#2453=ORIENTED_EDGE('',*,*,#3185,.F.);
#2454=ORIENTED_EDGE('',*,*,#3158,.T.);
#2455=ORIENTED_EDGE('',*,*,#3186,.T.);
#2456=ORIENTED_EDGE('',*,*,#2581,.F.);
#2457=ORIENTED_EDGE('',*,*,#2576,.T.);
#2458=ORIENTED_EDGE('',*,*,#3187,.F.);
#2459=ORIENTED_EDGE('',*,*,#3184,.T.);
#2460=ORIENTED_EDGE('',*,*,#2870,.F.);
#2461=ORIENTED_EDGE('',*,*,#3188,.F.);
#2462=ORIENTED_EDGE('',*,*,#2871,.F.);
#2463=ORIENTED_EDGE('',*,*,#3189,.F.);
#2464=ORIENTED_EDGE('',*,*,#2872,.F.);
#2465=ORIENTED_EDGE('',*,*,#3190,.F.);
#2466=ORIENTED_EDGE('',*,*,#3190,.T.);
#2467=ORIENTED_EDGE('',*,*,#3189,.T.);
#2468=ORIENTED_EDGE('',*,*,#3188,.T.);
#2469=ORIENTED_EDGE('',*,*,#2579,.T.);
#2470=ORIENTED_EDGE('',*,*,#3186,.F.);
#2471=ORIENTED_EDGE('',*,*,#3183,.T.);
#2472=ORIENTED_EDGE('',*,*,#3157,.T.);
#2473=ORIENTED_EDGE('',*,*,#3164,.T.);
#2474=ORIENTED_EDGE('',*,*,#3175,.T.);
#2475=ORIENTED_EDGE('',*,*,#3180,.T.);
#2476=ORIENTED_EDGE('',*,*,#3191,.T.);
#2477=ORIENTED_EDGE('',*,*,#3192,.F.);
#2478=ORIENTED_EDGE('',*,*,#3152,.F.);
#2479=ORIENTED_EDGE('',*,*,#3155,.F.);
#2480=ORIENTED_EDGE('',*,*,#3161,.F.);
#2481=ORIENTED_EDGE('',*,*,#3193,.T.);
#2482=ORIENTED_EDGE('',*,*,#3159,.T.);
#2483=ORIENTED_EDGE('',*,*,#3185,.T.);
#2484=ORIENTED_EDGE('',*,*,#3187,.T.);
#2485=ORIENTED_EDGE('',*,*,#3193,.F.);
#2486=ORIENTED_EDGE('',*,*,#2575,.T.);
#2487=ORIENTED_EDGE('',*,*,#3194,.T.);
#2488=ORIENTED_EDGE('',*,*,#2582,.F.);
#2489=ORIENTED_EDGE('',*,*,#3192,.T.);
#2490=ORIENTED_EDGE('',*,*,#3160,.F.);
#2491=ORIENTED_EDGE('',*,*,#3179,.T.);
#2492=ORIENTED_EDGE('',*,*,#3149,.T.);
#2493=ORIENTED_EDGE('',*,*,#2586,.F.);
#2494=ORIENTED_EDGE('',*,*,#2583,.F.);
#2495=ORIENTED_EDGE('',*,*,#3194,.F.);
#2496=ORIENTED_EDGE('',*,*,#2578,.T.);
#2497=ORIENTED_EDGE('',*,*,#2580,.T.);
#2498=ORIENTED_EDGE('',*,*,#3191,.F.);
#2499=ORIENTED_EDGE('',*,*,#3150,.T.);
#2500=ORIENTED_EDGE('',*,*,#3178,.T.);
#2501=ORIENTED_EDGE('',*,*,#3182,.F.);
#2502=ORIENTED_EDGE('',*,*,#2572,.F.);
#2503=ORIENTED_EDGE('',*,*,#3181,.F.);
#2504=ORIENTED_EDGE('',*,*,#3165,.F.);
#2505=ORIENTED_EDGE('',*,*,#3146,.T.);
#2506=ORIENTED_EDGE('',*,*,#2570,.F.);
#2507=ORIENTED_EDGE('',*,*,#3195,.T.);
#2508=ORIENTED_EDGE('',*,*,#3196,.F.);
#2509=ORIENTED_EDGE('',*,*,#3197,.F.);
#2510=ORIENTED_EDGE('',*,*,#3198,.T.);
#2511=ORIENTED_EDGE('',*,*,#3199,.T.);
#2512=ORIENTED_EDGE('',*,*,#2598,.F.);
#2513=ORIENTED_EDGE('',*,*,#3200,.F.);
#2514=ORIENTED_EDGE('',*,*,#3196,.T.);
#2515=ORIENTED_EDGE('',*,*,#3201,.T.);
#2516=ORIENTED_EDGE('',*,*,#3198,.F.);
#2517=ORIENTED_EDGE('',*,*,#3202,.F.);
#2518=ORIENTED_EDGE('',*,*,#2600,.T.);
#2519=ORIENTED_EDGE('',*,*,#3200,.T.);
#2520=ORIENTED_EDGE('',*,*,#2597,.T.);
#2521=ORIENTED_EDGE('',*,*,#3202,.T.);
#2522=ORIENTED_EDGE('',*,*,#3197,.T.);
#2523=ORIENTED_EDGE('',*,*,#2599,.F.);
#2524=ORIENTED_EDGE('',*,*,#3199,.F.);
#2525=ORIENTED_EDGE('',*,*,#3195,.F.);
#2526=ORIENTED_EDGE('',*,*,#3201,.F.);
#2527=EDGE_CURVE('',#3203,#3204,#3655,.T.);
#2528=EDGE_CURVE('',#3205,#3204,#191,.T.);
#2529=EDGE_CURVE('',#3206,#3205,#3656,.T.);
#2530=EDGE_CURVE('',#3206,#3203,#192,.T.);
#2531=EDGE_CURVE('',#3204,#3207,#193,.T.);
#2532=EDGE_CURVE('',#3208,#3207,#194,.T.);
#2533=EDGE_CURVE('',#3205,#3208,#195,.T.);
#2534=EDGE_CURVE('',#3209,#3203,#196,.T.);
#2535=EDGE_CURVE('',#3210,#3206,#197,.T.);
#2536=EDGE_CURVE('',#3210,#3209,#198,.T.);
#2537=EDGE_CURVE('',#3208,#3210,#3657,.F.);
#2538=EDGE_CURVE('',#3207,#3209,#3658,.F.);
#2539=EDGE_CURVE('',#3211,#3212,#3659,.T.);
#2540=EDGE_CURVE('',#3213,#3212,#199,.T.);
#2541=EDGE_CURVE('',#3214,#3213,#3660,.T.);
#2542=EDGE_CURVE('',#3214,#3211,#200,.T.);
#2543=EDGE_CURVE('',#3212,#3215,#201,.T.);
#2544=EDGE_CURVE('',#3216,#3215,#202,.T.);
#2545=EDGE_CURVE('',#3213,#3216,#203,.T.);
#2546=EDGE_CURVE('',#3217,#3211,#204,.T.);
#2547=EDGE_CURVE('',#3218,#3214,#205,.T.);
#2548=EDGE_CURVE('',#3218,#3217,#206,.T.);
#2549=EDGE_CURVE('',#3216,#3218,#3661,.F.);
#2550=EDGE_CURVE('',#3215,#3217,#3662,.F.);
#2551=EDGE_CURVE('',#3219,#3220,#3663,.T.);
#2552=EDGE_CURVE('',#3221,#3220,#207,.T.);
#2553=EDGE_CURVE('',#3222,#3221,#3664,.T.);
#2554=EDGE_CURVE('',#3222,#3219,#208,.T.);
#2555=EDGE_CURVE('',#3220,#3223,#209,.T.);
#2556=EDGE_CURVE('',#3224,#3223,#210,.T.);
#2557=EDGE_CURVE('',#3221,#3224,#211,.T.);
#2558=EDGE_CURVE('',#3225,#3219,#212,.T.);
#2559=EDGE_CURVE('',#3226,#3222,#213,.T.);
#2560=EDGE_CURVE('',#3226,#3225,#214,.T.);
#2561=EDGE_CURVE('',#3224,#3226,#3665,.F.);
#2562=EDGE_CURVE('',#3223,#3225,#3666,.F.);
#2563=EDGE_CURVE('',#3227,#3228,#3667,.T.);
#2564=EDGE_CURVE('',#3228,#3229,#215,.T.);
#2565=EDGE_CURVE('',#3230,#3229,#3668,.T.);
#2566=EDGE_CURVE('',#3230,#3227,#216,.F.);
#2567=EDGE_CURVE('',#3231,#3232,#3669,.T.);
#2568=EDGE_CURVE('',#3232,#3233,#217,.T.);
#2569=EDGE_CURVE('',#3234,#3233,#3670,.T.);
#2570=EDGE_CURVE('',#3234,#3231,#218,.F.);
#2571=EDGE_CURVE('',#3235,#3236,#3671,.T.);
#2572=EDGE_CURVE('',#3236,#3237,#219,.T.);
#2573=EDGE_CURVE('',#3238,#3237,#3672,.T.);
#2574=EDGE_CURVE('',#3238,#3235,#220,.F.);
#2575=EDGE_CURVE('',#3239,#3240,#221,.T.);
#2576=EDGE_CURVE('',#3241,#3239,#3673,.T.);
#2577=EDGE_CURVE('',#3242,#3241,#222,.T.);
#2578=EDGE_CURVE('',#3240,#3242,#3674,.T.);
#2579=EDGE_CURVE('',#3243,#3244,#223,.T.);
#2580=EDGE_CURVE('',#3242,#3243,#224,.T.);
#2581=EDGE_CURVE('',#3241,#3244,#225,.T.);
#2582=EDGE_CURVE('',#3245,#3246,#226,.T.);
#2583=EDGE_CURVE('',#3246,#3247,#3675,.T.);
#2584=EDGE_CURVE('',#3247,#3248,#227,.T.);
#2585=EDGE_CURVE('',#3248,#3245,#3676,.T.);
#2586=EDGE_CURVE('',#3247,#3249,#228,.T.);
#2587=EDGE_CURVE('',#3249,#3235,#229,.T.);
#2588=EDGE_CURVE('',#3238,#3229,#230,.T.);
#2589=EDGE_CURVE('',#3228,#3250,#231,.T.);
#2590=EDGE_CURVE('',#3248,#3250,#232,.T.);
#2591=EDGE_CURVE('',#3251,#3251,#3677,.F.);
#2592=EDGE_CURVE('',#3252,#3252,#3678,.F.);
#2593=EDGE_CURVE('',#3253,#3253,#3679,.F.);
#2594=EDGE_CURVE('',#3254,#3254,#3680,.F.);
#2595=EDGE_CURVE('',#3255,#3255,#3681,.F.);
#2596=EDGE_CURVE('',#3256,#3256,#3682,.F.);
#2597=EDGE_CURVE('',#3257,#3258,#3683,.F.);
#2598=EDGE_CURVE('',#3257,#3259,#233,.T.);
#2599=EDGE_CURVE('',#3259,#3260,#3684,.F.);
#2600=EDGE_CURVE('',#3258,#3260,#234,.T.);
#2601=EDGE_CURVE('',#3261,#3261,#3685,.T.);
#2602=EDGE_CURVE('',#3262,#3262,#3686,.T.);
#2603=EDGE_CURVE('',#3263,#3263,#3687,.T.);
#2604=EDGE_CURVE('',#3264,#3264,#3688,.T.);
#2605=EDGE_CURVE('',#3265,#3265,#3689,.T.);
#2606=EDGE_CURVE('',#3266,#3267,#235,.T.);
#2607=EDGE_CURVE('',#3267,#3268,#3690,.T.);
#2608=EDGE_CURVE('',#3268,#3269,#236,.T.);
#2609=EDGE_CURVE('',#3269,#3266,#3691,.T.);
#2610=EDGE_CURVE('',#3266,#3270,#237,.T.);
#2611=EDGE_CURVE('',#3271,#3266,#3692,.T.);
#2612=EDGE_CURVE('',#3272,#3271,#238,.T.);
#2613=EDGE_CURVE('',#3270,#3272,#3693,.T.);
#2614=EDGE_CURVE('',#3270,#3273,#239,.T.);
#2615=EDGE_CURVE('',#3273,#3274,#240,.T.);
#2616=EDGE_CURVE('',#3275,#3274,#241,.T.);
#2617=EDGE_CURVE('',#3267,#3275,#242,.T.);
#2618=EDGE_CURVE('',#3276,#3277,#243,.T.);
#2619=EDGE_CURVE('',#3278,#3276,#244,.T.);
#2620=EDGE_CURVE('',#3278,#3279,#245,.T.);
#2621=EDGE_CURVE('',#3279,#3277,#246,.T.);
#2622=EDGE_CURVE('',#3280,#3276,#3694,.T.);
#2623=EDGE_CURVE('',#3281,#3280,#247,.T.);
#2624=EDGE_CURVE('',#3281,#3278,#3695,.T.);
#2625=EDGE_CURVE('',#3282,#3280,#248,.T.);
#2626=EDGE_CURVE('',#3283,#3282,#249,.T.);
#2627=EDGE_CURVE('',#3283,#3281,#250,.T.);
#2628=EDGE_CURVE('',#3284,#3285,#251,.T.);
#2629=EDGE_CURVE('',#3286,#3284,#252,.T.);
#2630=EDGE_CURVE('',#3286,#3283,#253,.T.);
#2631=EDGE_CURVE('',#3285,#3282,#254,.T.);
#2632=EDGE_CURVE('',#3287,#3288,#255,.T.);
#2633=EDGE_CURVE('',#3286,#3287,#3696,.T.);
#2634=EDGE_CURVE('',#3284,#3288,#3697,.T.);
#2635=EDGE_CURVE('',#3289,#3288,#256,.T.);
#2636=EDGE_CURVE('',#3290,#3289,#257,.T.);
#2637=EDGE_CURVE('',#3290,#3287,#258,.T.);
#2638=EDGE_CURVE('',#3291,#3292,#259,.T.);
#2639=EDGE_CURVE('',#3293,#3291,#260,.T.);
#2640=EDGE_CURVE('',#3293,#3290,#261,.T.);
#2641=EDGE_CURVE('',#3292,#3289,#262,.T.);
#2642=EDGE_CURVE('',#3294,#3291,#3698,.T.);
#2643=EDGE_CURVE('',#3295,#3294,#263,.T.);
#2644=EDGE_CURVE('',#3295,#3293,#3699,.T.);
#2645=EDGE_CURVE('',#3296,#3297,#264,.T.);
#2646=EDGE_CURVE('',#3298,#3296,#265,.T.);
#2647=EDGE_CURVE('',#3298,#3295,#266,.T.);
#2648=EDGE_CURVE('',#3297,#3294,#267,.T.);
#2649=EDGE_CURVE('',#3299,#3296,#268,.T.);
#2650=EDGE_CURVE('',#3300,#3299,#269,.T.);
#2651=EDGE_CURVE('',#3300,#3298,#270,.T.);
#2652=EDGE_CURVE('',#3301,#3302,#271,.T.);
#2653=EDGE_CURVE('',#3300,#3301,#3700,.T.);
#2654=EDGE_CURVE('',#3299,#3302,#3701,.T.);
#2655=EDGE_CURVE('',#3303,#3304,#272,.T.);
#2656=EDGE_CURVE('',#3305,#3303,#273,.T.);
#2657=EDGE_CURVE('',#3305,#3301,#274,.T.);
#2658=EDGE_CURVE('',#3304,#3302,#275,.T.);
#2659=EDGE_CURVE('',#3306,#3303,#276,.T.);
#2660=EDGE_CURVE('',#3307,#3306,#277,.T.);
#2661=EDGE_CURVE('',#3307,#3305,#278,.T.);
#2662=EDGE_CURVE('',#3308,#3306,#3702,.T.);
#2663=EDGE_CURVE('',#3309,#3308,#279,.T.);
#2664=EDGE_CURVE('',#3309,#3307,#3703,.T.);
#2665=EDGE_CURVE('',#3310,#3308,#280,.T.);
#2666=EDGE_CURVE('',#3311,#3310,#281,.T.);
#2667=EDGE_CURVE('',#3311,#3309,#282,.T.);
#2668=EDGE_CURVE('',#3312,#3313,#283,.T.);
#2669=EDGE_CURVE('',#3314,#3312,#3704,.T.);
#2670=EDGE_CURVE('',#3315,#3314,#284,.T.);
#2671=EDGE_CURVE('',#3315,#3313,#3705,.T.);
#2672=EDGE_CURVE('',#3316,#3273,#3706,.T.);
#2673=EDGE_CURVE('',#3317,#3316,#285,.T.);
#2674=EDGE_CURVE('',#3274,#3317,#3707,.T.);
#2675=EDGE_CURVE('',#3318,#3319,#286,.T.);
#2676=EDGE_CURVE('',#3320,#3318,#3708,.T.);
#2677=EDGE_CURVE('',#3321,#3320,#287,.T.);
#2678=EDGE_CURVE('',#3321,#3319,#3709,.T.);
#2679=EDGE_CURVE('',#3322,#3318,#288,.T.);
#2680=EDGE_CURVE('',#3274,#3322,#3710,.T.);
#2681=EDGE_CURVE('',#3317,#3320,#289,.T.);
#2682=EDGE_CURVE('',#3323,#3275,#3711,.T.);
#2683=EDGE_CURVE('',#3322,#3323,#290,.T.);
#2684=EDGE_CURVE('',#3324,#3325,#3712,.T.);
#2685=EDGE_CURVE('',#3326,#3324,#291,.T.);
#2686=EDGE_CURVE('',#3326,#3327,#3713,.T.);
#2687=EDGE_CURVE('',#3325,#3327,#292,.T.);
#2688=EDGE_CURVE('',#3328,#3328,#3714,.T.);
#2689=EDGE_CURVE('',#3329,#3330,#293,.T.);
#2690=EDGE_CURVE('',#3331,#3329,#294,.T.);
#2691=EDGE_CURVE('',#3331,#3311,#295,.T.);
#2692=EDGE_CURVE('',#3330,#3310,#296,.T.);
#2693=EDGE_CURVE('',#3332,#3333,#3715,.T.);
#2694=EDGE_CURVE('',#3334,#3333,#297,.T.);
#2695=EDGE_CURVE('',#3335,#3334,#298,.T.);
#2696=EDGE_CURVE('',#3336,#3335,#3716,.T.);
#2697=EDGE_CURVE('',#3337,#3336,#299,.T.);
#2698=EDGE_CURVE('',#3338,#3337,#300,.T.);
#2699=EDGE_CURVE('',#3338,#3339,#3717,.T.);
#2700=EDGE_CURVE('',#3340,#3339,#301,.T.);
#2701=EDGE_CURVE('',#3341,#3340,#302,.T.);
#2702=EDGE_CURVE('',#3342,#3341,#3718,.T.);
#2703=EDGE_CURVE('',#3343,#3342,#303,.T.);
#2704=EDGE_CURVE('',#3344,#3343,#304,.T.);
#2705=EDGE_CURVE('',#3344,#3345,#3719,.T.);
#2706=EDGE_CURVE('',#3346,#3345,#305,.T.);
#2707=EDGE_CURVE('',#3347,#3346,#306,.T.);
#2708=EDGE_CURVE('',#3348,#3347,#3720,.T.);
#2709=EDGE_CURVE('',#3349,#3348,#307,.T.);
#2710=EDGE_CURVE('',#3350,#3349,#308,.T.);
#2711=EDGE_CURVE('',#3350,#3351,#3721,.T.);
#2712=EDGE_CURVE('',#3352,#3351,#309,.T.);
#2713=EDGE_CURVE('',#3353,#3352,#310,.T.);
#2714=EDGE_CURVE('',#3354,#3353,#3722,.T.);
#2715=EDGE_CURVE('',#3355,#3354,#311,.T.);
#2716=EDGE_CURVE('',#3356,#3355,#312,.T.);
#2717=EDGE_CURVE('',#3356,#3357,#3723,.T.);
#2718=EDGE_CURVE('',#3279,#3357,#313,.T.);
#2719=EDGE_CURVE('',#3331,#3358,#3724,.T.);
#2720=EDGE_CURVE('',#3359,#3358,#314,.T.);
#2721=EDGE_CURVE('',#3360,#3359,#315,.T.);
#2722=EDGE_CURVE('',#3361,#3360,#3725,.T.);
#2723=EDGE_CURVE('',#3362,#3361,#316,.T.);
#2724=EDGE_CURVE('',#3363,#3362,#317,.T.);
#2725=EDGE_CURVE('',#3363,#3364,#3726,.T.);
#2726=EDGE_CURVE('',#3365,#3364,#318,.T.);
#2727=EDGE_CURVE('',#3366,#3365,#319,.T.);
#2728=EDGE_CURVE('',#3367,#3366,#3727,.T.);
#2729=EDGE_CURVE('',#3368,#3367,#320,.T.);
#2730=EDGE_CURVE('',#3369,#3368,#321,.T.);
#2731=EDGE_CURVE('',#3369,#3370,#3728,.T.);
#2732=EDGE_CURVE('',#3371,#3370,#322,.T.);
#2733=EDGE_CURVE('',#3372,#3371,#323,.T.);
#2734=EDGE_CURVE('',#3373,#3372,#3729,.T.);
#2735=EDGE_CURVE('',#3374,#3373,#324,.T.);
#2736=EDGE_CURVE('',#3375,#3374,#325,.T.);
#2737=EDGE_CURVE('',#3375,#3376,#3730,.T.);
#2738=EDGE_CURVE('',#3377,#3376,#326,.T.);
#2739=EDGE_CURVE('',#3378,#3377,#327,.T.);
#2740=EDGE_CURVE('',#3379,#3378,#3731,.T.);
#2741=EDGE_CURVE('',#3380,#3379,#328,.T.);
#2742=EDGE_CURVE('',#3381,#3380,#329,.T.);
#2743=EDGE_CURVE('',#3381,#3382,#3732,.T.);
#2744=EDGE_CURVE('',#3383,#3382,#330,.T.);
#2745=EDGE_CURVE('',#3384,#3383,#331,.T.);
#2746=EDGE_CURVE('',#3385,#3384,#3733,.T.);
#2747=EDGE_CURVE('',#3386,#3385,#332,.T.);
#2748=EDGE_CURVE('',#3387,#3386,#333,.T.);
#2749=EDGE_CURVE('',#3387,#3388,#3734,.T.);
#2750=EDGE_CURVE('',#3389,#3388,#334,.T.);
#2751=EDGE_CURVE('',#3390,#3389,#335,.T.);
#2752=EDGE_CURVE('',#3391,#3390,#3735,.T.);
#2753=EDGE_CURVE('',#3392,#3391,#336,.T.);
#2754=EDGE_CURVE('',#3393,#3392,#337,.T.);
#2755=EDGE_CURVE('',#3393,#3394,#3736,.T.);
#2756=EDGE_CURVE('',#3395,#3394,#338,.T.);
#2757=EDGE_CURVE('',#3396,#3395,#339,.T.);
#2758=EDGE_CURVE('',#3397,#3396,#3737,.T.);
#2759=EDGE_CURVE('',#3398,#3397,#340,.T.);
#2760=EDGE_CURVE('',#3399,#3398,#341,.T.);
#2761=EDGE_CURVE('',#3399,#3400,#3738,.T.);
#2762=EDGE_CURVE('',#3401,#3400,#342,.T.);
#2763=EDGE_CURVE('',#3402,#3401,#343,.T.);
#2764=EDGE_CURVE('',#3403,#3402,#3739,.T.);
#2765=EDGE_CURVE('',#3404,#3403,#344,.T.);
#2766=EDGE_CURVE('',#3405,#3404,#345,.T.);
#2767=EDGE_CURVE('',#3405,#3406,#3740,.T.);
#2768=EDGE_CURVE('',#3407,#3406,#346,.T.);
#2769=EDGE_CURVE('',#3408,#3407,#347,.T.);
#2770=EDGE_CURVE('',#3409,#3408,#3741,.T.);
#2771=EDGE_CURVE('',#3410,#3409,#348,.T.);
#2772=EDGE_CURVE('',#3411,#3410,#349,.T.);
#2773=EDGE_CURVE('',#3411,#3412,#3742,.T.);
#2774=EDGE_CURVE('',#3413,#3412,#350,.T.);
#2775=EDGE_CURVE('',#3414,#3413,#351,.T.);
#2776=EDGE_CURVE('',#3415,#3414,#3743,.T.);
#2777=EDGE_CURVE('',#3416,#3415,#352,.T.);
#2778=EDGE_CURVE('',#3417,#3416,#353,.T.);
#2779=EDGE_CURVE('',#3417,#3418,#3744,.T.);
#2780=EDGE_CURVE('',#3419,#3418,#354,.T.);
#2781=EDGE_CURVE('',#3420,#3419,#355,.T.);
#2782=EDGE_CURVE('',#3421,#3420,#3745,.T.);
#2783=EDGE_CURVE('',#3422,#3421,#356,.T.);
#2784=EDGE_CURVE('',#3423,#3422,#357,.T.);
#2785=EDGE_CURVE('',#3423,#3424,#3746,.T.);
#2786=EDGE_CURVE('',#3425,#3424,#358,.T.);
#2787=EDGE_CURVE('',#3426,#3425,#359,.T.);
#2788=EDGE_CURVE('',#3427,#3426,#3747,.T.);
#2789=EDGE_CURVE('',#3428,#3427,#360,.T.);
#2790=EDGE_CURVE('',#3429,#3428,#361,.T.);
#2791=EDGE_CURVE('',#3429,#3430,#3748,.T.);
#2792=EDGE_CURVE('',#3431,#3430,#362,.T.);
#2793=EDGE_CURVE('',#3432,#3431,#363,.T.);
#2794=EDGE_CURVE('',#3433,#3432,#3749,.T.);
#2795=EDGE_CURVE('',#3434,#3433,#364,.T.);
#2796=EDGE_CURVE('',#3435,#3434,#365,.T.);
#2797=EDGE_CURVE('',#3435,#3436,#3750,.T.);
#2798=EDGE_CURVE('',#3437,#3436,#366,.T.);
#2799=EDGE_CURVE('',#3438,#3437,#367,.T.);
#2800=EDGE_CURVE('',#3439,#3438,#3751,.T.);
#2801=EDGE_CURVE('',#3440,#3439,#368,.T.);
#2802=EDGE_CURVE('',#3441,#3440,#369,.T.);
#2803=EDGE_CURVE('',#3441,#3442,#3752,.T.);
#2804=EDGE_CURVE('',#3443,#3442,#370,.T.);
#2805=EDGE_CURVE('',#3444,#3443,#371,.T.);
#2806=EDGE_CURVE('',#3445,#3444,#3753,.T.);
#2807=EDGE_CURVE('',#3446,#3445,#372,.T.);
#2808=EDGE_CURVE('',#3447,#3446,#373,.T.);
#2809=EDGE_CURVE('',#3447,#3448,#3754,.T.);
#2810=EDGE_CURVE('',#3449,#3448,#374,.T.);
#2811=EDGE_CURVE('',#3450,#3449,#375,.T.);
#2812=EDGE_CURVE('',#3451,#3450,#3755,.T.);
#2813=EDGE_CURVE('',#3452,#3451,#376,.T.);
#2814=EDGE_CURVE('',#3453,#3452,#377,.T.);
#2815=EDGE_CURVE('',#3453,#3454,#3756,.T.);
#2816=EDGE_CURVE('',#3455,#3454,#378,.T.);
#2817=EDGE_CURVE('',#3456,#3455,#379,.T.);
#2818=EDGE_CURVE('',#3457,#3456,#3757,.T.);
#2819=EDGE_CURVE('',#3458,#3457,#380,.T.);
#2820=EDGE_CURVE('',#3332,#3458,#381,.T.);
#2821=EDGE_CURVE('',#3277,#3459,#382,.T.);
#2822=EDGE_CURVE('',#3357,#3460,#383,.T.);
#2823=EDGE_CURVE('',#3459,#3460,#384,.T.);
#2824=EDGE_CURVE('',#3461,#3461,#3758,.F.);
#2825=EDGE_CURVE('',#3462,#3462,#3759,.F.);
#2826=EDGE_CURVE('',#3463,#3463,#3760,.F.);
#2827=EDGE_CURVE('',#3464,#3465,#385,.T.);
#2828=EDGE_CURVE('',#3272,#3464,#386,.T.);
#2829=EDGE_CURVE('',#3271,#3465,#387,.T.);
#2830=EDGE_CURVE('',#3466,#3467,#3761,.T.);
#2831=EDGE_CURVE('',#3268,#3467,#388,.T.);
#2832=EDGE_CURVE('',#3323,#3324,#389,.T.);
#2833=EDGE_CURVE('',#3466,#3325,#390,.T.);
#2834=EDGE_CURVE('',#3468,#3467,#391,.T.);
#2835=EDGE_CURVE('',#3269,#3468,#392,.T.);
#2836=EDGE_CURVE('',#3465,#3468,#3762,.T.);
#2837=EDGE_CURVE('',#3469,#3314,#393,.T.);
#2838=EDGE_CURVE('',#3316,#3312,#394,.T.);
#2839=EDGE_CURVE('',#3464,#3469,#3763,.T.);
#2840=EDGE_CURVE('',#3470,#3460,#3764,.T.);
#2841=EDGE_CURVE('',#3459,#3470,#395,.T.);
#2842=EDGE_CURVE('',#3285,#3459,#396,.T.);
#2843=EDGE_CURVE('',#3292,#3285,#397,.T.);
#2844=EDGE_CURVE('',#3297,#3292,#398,.T.);
#2845=EDGE_CURVE('',#3304,#3297,#399,.T.);
#2846=EDGE_CURVE('',#3330,#3304,#400,.T.);
#2847=EDGE_CURVE('',#3471,#3330,#401,.T.);
#2848=EDGE_CURVE('',#3329,#3471,#3765,.T.);
#2849=EDGE_CURVE('',#3314,#3472,#402,.T.);
#2850=EDGE_CURVE('',#3473,#3472,#403,.T.);
#2851=EDGE_CURVE('',#3315,#3473,#404,.T.);
#2852=EDGE_CURVE('',#3473,#3474,#3766,.T.);
#2853=EDGE_CURVE('',#3474,#3313,#405,.F.);
#2854=EDGE_CURVE('',#3475,#3474,#406,.T.);
#2855=EDGE_CURVE('',#3321,#3475,#407,.T.);
#2856=EDGE_CURVE('',#3475,#3476,#3767,.T.);
#2857=EDGE_CURVE('',#3476,#3319,#408,.F.);
#2858=EDGE_CURVE('',#3477,#3476,#409,.T.);
#2859=EDGE_CURVE('',#3326,#3477,#410,.T.);
#2860=EDGE_CURVE('',#3477,#3478,#3768,.T.);
#2861=EDGE_CURVE('',#3478,#3327,#411,.F.);
#2862=EDGE_CURVE('',#3479,#3478,#412,.T.);
#2863=EDGE_CURVE('',#3325,#3479,#413,.T.);
#2864=EDGE_CURVE('',#3480,#3480,#3769,.F.);
#2865=EDGE_CURVE('',#3481,#3481,#3770,.F.);
#2866=EDGE_CURVE('',#3482,#3482,#3771,.F.);
#2867=EDGE_CURVE('',#3483,#3483,#3772,.F.);
#2868=EDGE_CURVE('',#3484,#3484,#3773,.F.);
#2869=EDGE_CURVE('',#3485,#3485,#3774,.F.);
#2870=EDGE_CURVE('',#3486,#3486,#3775,.T.);
#2871=EDGE_CURVE('',#3487,#3487,#3776,.T.);
#2872=EDGE_CURVE('',#3488,#3488,#3777,.T.);
#2873=EDGE_CURVE('',#3489,#3490,#414,.T.);
#2874=EDGE_CURVE('',#3414,#3489,#415,.T.);
#2875=EDGE_CURVE('',#3413,#3490,#416,.T.);
#2876=EDGE_CURVE('',#3491,#3489,#3778,.T.);
#2877=EDGE_CURVE('',#3415,#3491,#417,.T.);
#2878=EDGE_CURVE('',#3492,#3491,#418,.T.);
#2879=EDGE_CURVE('',#3416,#3492,#419,.T.);
#2880=EDGE_CURVE('',#3490,#3493,#420,.T.);
#2881=EDGE_CURVE('',#3412,#3494,#421,.T.);
#2882=EDGE_CURVE('',#3493,#3494,#422,.T.);
#2883=EDGE_CURVE('',#3495,#3496,#423,.T.);
#2884=EDGE_CURVE('',#3417,#3495,#424,.T.);
#2885=EDGE_CURVE('',#3496,#3492,#425,.T.);
#2886=EDGE_CURVE('',#3418,#3497,#426,.T.);
#2887=EDGE_CURVE('',#3495,#3497,#3779,.T.);
#2888=EDGE_CURVE('',#3498,#3497,#427,.T.);
#2889=EDGE_CURVE('',#3419,#3498,#428,.T.);
#2890=EDGE_CURVE('',#3499,#3500,#3780,.T.);
#2891=EDGE_CURVE('',#3421,#3499,#429,.T.);
#2892=EDGE_CURVE('',#3420,#3500,#430,.T.);
#2893=EDGE_CURVE('',#3500,#3501,#431,.T.);
#2894=EDGE_CURVE('',#3501,#3498,#432,.T.);
#2895=EDGE_CURVE('',#3502,#3503,#433,.T.);
#2896=EDGE_CURVE('',#3422,#3502,#434,.T.);
#2897=EDGE_CURVE('',#3503,#3499,#435,.T.);
#2898=EDGE_CURVE('',#3504,#3502,#436,.T.);
#2899=EDGE_CURVE('',#3423,#3504,#437,.T.);
#2900=EDGE_CURVE('',#3424,#3505,#438,.T.);
#2901=EDGE_CURVE('',#3504,#3505,#3781,.T.);
#2902=EDGE_CURVE('',#3506,#3507,#439,.T.);
#2903=EDGE_CURVE('',#3426,#3506,#440,.T.);
#2904=EDGE_CURVE('',#3425,#3507,#441,.T.);
#2905=EDGE_CURVE('',#3508,#3506,#3782,.T.);
#2906=EDGE_CURVE('',#3427,#3508,#442,.T.);
#2907=EDGE_CURVE('',#3509,#3508,#443,.T.);
#2908=EDGE_CURVE('',#3428,#3509,#444,.T.);
#2909=EDGE_CURVE('',#3507,#3510,#445,.T.);
#2910=EDGE_CURVE('',#3510,#3505,#446,.T.);
#2911=EDGE_CURVE('',#3511,#3512,#447,.T.);
#2912=EDGE_CURVE('',#3429,#3511,#448,.T.);
#2913=EDGE_CURVE('',#3512,#3509,#449,.T.);
#2914=EDGE_CURVE('',#3513,#3513,#3783,.T.);
#2915=EDGE_CURVE('',#3358,#3514,#450,.T.);
#2916=EDGE_CURVE('',#3471,#3514,#3784,.T.);
#2917=EDGE_CURVE('',#3515,#3514,#451,.T.);
#2918=EDGE_CURVE('',#3359,#3515,#452,.T.);
#2919=EDGE_CURVE('',#3516,#3515,#453,.T.);
#2920=EDGE_CURVE('',#3360,#3516,#454,.T.);
#2921=EDGE_CURVE('',#3517,#3516,#3785,.T.);
#2922=EDGE_CURVE('',#3361,#3517,#455,.T.);
#2923=EDGE_CURVE('',#3518,#3517,#456,.T.);
#2924=EDGE_CURVE('',#3362,#3518,#457,.T.);
#2925=EDGE_CURVE('',#3519,#3518,#458,.T.);
#2926=EDGE_CURVE('',#3363,#3519,#459,.T.);
#2927=EDGE_CURVE('',#3364,#3520,#460,.T.);
#2928=EDGE_CURVE('',#3519,#3520,#3786,.T.);
#2929=EDGE_CURVE('',#3521,#3520,#461,.T.);
#2930=EDGE_CURVE('',#3365,#3521,#462,.T.);
#2931=EDGE_CURVE('',#3522,#3521,#463,.T.);
#2932=EDGE_CURVE('',#3366,#3522,#464,.T.);
#2933=EDGE_CURVE('',#3523,#3522,#3787,.T.);
#2934=EDGE_CURVE('',#3367,#3523,#465,.T.);
#2935=EDGE_CURVE('',#3524,#3523,#466,.T.);
#2936=EDGE_CURVE('',#3368,#3524,#467,.T.);
#2937=EDGE_CURVE('',#3525,#3524,#468,.T.);
#2938=EDGE_CURVE('',#3369,#3525,#469,.T.);
#2939=EDGE_CURVE('',#3370,#3526,#470,.T.);
#2940=EDGE_CURVE('',#3525,#3526,#3788,.T.);
#2941=EDGE_CURVE('',#3527,#3526,#471,.T.);
#2942=EDGE_CURVE('',#3371,#3527,#472,.T.);
#2943=EDGE_CURVE('',#3528,#3527,#473,.T.);
#2944=EDGE_CURVE('',#3372,#3528,#474,.T.);
#2945=EDGE_CURVE('',#3529,#3528,#3789,.T.);
#2946=EDGE_CURVE('',#3373,#3529,#475,.T.);
#2947=EDGE_CURVE('',#3530,#3529,#476,.T.);
#2948=EDGE_CURVE('',#3374,#3530,#477,.T.);
#2949=EDGE_CURVE('',#3531,#3530,#478,.T.);
#2950=EDGE_CURVE('',#3375,#3531,#479,.T.);
#2951=EDGE_CURVE('',#3376,#3532,#480,.T.);
#2952=EDGE_CURVE('',#3531,#3532,#3790,.T.);
#2953=EDGE_CURVE('',#3533,#3532,#481,.T.);
#2954=EDGE_CURVE('',#3377,#3533,#482,.T.);
#2955=EDGE_CURVE('',#3534,#3533,#483,.T.);
#2956=EDGE_CURVE('',#3378,#3534,#484,.T.);
#2957=EDGE_CURVE('',#3535,#3534,#3791,.T.);
#2958=EDGE_CURVE('',#3379,#3535,#485,.T.);
#2959=EDGE_CURVE('',#3536,#3535,#486,.T.);
#2960=EDGE_CURVE('',#3380,#3536,#487,.T.);
#2961=EDGE_CURVE('',#3537,#3536,#488,.T.);
#2962=EDGE_CURVE('',#3381,#3537,#489,.T.);
#2963=EDGE_CURVE('',#3382,#3538,#490,.T.);
#2964=EDGE_CURVE('',#3537,#3538,#3792,.T.);
#2965=EDGE_CURVE('',#3539,#3538,#491,.T.);
#2966=EDGE_CURVE('',#3383,#3539,#492,.T.);
#2967=EDGE_CURVE('',#3540,#3539,#493,.T.);
#2968=EDGE_CURVE('',#3384,#3540,#494,.T.);
#2969=EDGE_CURVE('',#3541,#3540,#3793,.T.);
#2970=EDGE_CURVE('',#3385,#3541,#495,.T.);
#2971=EDGE_CURVE('',#3542,#3541,#496,.T.);
#2972=EDGE_CURVE('',#3386,#3542,#497,.T.);
#2973=EDGE_CURVE('',#3543,#3542,#498,.T.);
#2974=EDGE_CURVE('',#3387,#3543,#499,.T.);
#2975=EDGE_CURVE('',#3388,#3544,#500,.T.);
#2976=EDGE_CURVE('',#3543,#3544,#3794,.T.);
#2977=EDGE_CURVE('',#3545,#3544,#501,.T.);
#2978=EDGE_CURVE('',#3389,#3545,#502,.T.);
#2979=EDGE_CURVE('',#3546,#3545,#503,.T.);
#2980=EDGE_CURVE('',#3390,#3546,#504,.T.);
#2981=EDGE_CURVE('',#3547,#3546,#3795,.T.);
#2982=EDGE_CURVE('',#3391,#3547,#505,.T.);
#2983=EDGE_CURVE('',#3548,#3547,#506,.T.);
#2984=EDGE_CURVE('',#3392,#3548,#507,.T.);
#2985=EDGE_CURVE('',#3549,#3548,#508,.T.);
#2986=EDGE_CURVE('',#3393,#3549,#509,.T.);
#2987=EDGE_CURVE('',#3394,#3550,#510,.T.);
#2988=EDGE_CURVE('',#3549,#3550,#3796,.T.);
#2989=EDGE_CURVE('',#3551,#3550,#511,.T.);
#2990=EDGE_CURVE('',#3395,#3551,#512,.T.);
#2991=EDGE_CURVE('',#3552,#3551,#513,.T.);
#2992=EDGE_CURVE('',#3396,#3552,#514,.T.);
#2993=EDGE_CURVE('',#3553,#3552,#3797,.T.);
#2994=EDGE_CURVE('',#3397,#3553,#515,.T.);
#2995=EDGE_CURVE('',#3554,#3553,#516,.T.);
#2996=EDGE_CURVE('',#3398,#3554,#517,.T.);
#2997=EDGE_CURVE('',#3555,#3554,#518,.T.);
#2998=EDGE_CURVE('',#3399,#3555,#519,.T.);
#2999=EDGE_CURVE('',#3400,#3556,#520,.T.);
#3000=EDGE_CURVE('',#3555,#3556,#3798,.T.);
#3001=EDGE_CURVE('',#3557,#3556,#521,.T.);
#3002=EDGE_CURVE('',#3401,#3557,#522,.T.);
#3003=EDGE_CURVE('',#3558,#3557,#523,.T.);
#3004=EDGE_CURVE('',#3402,#3558,#524,.T.);
#3005=EDGE_CURVE('',#3559,#3558,#3799,.T.);
#3006=EDGE_CURVE('',#3403,#3559,#525,.T.);
#3007=EDGE_CURVE('',#3560,#3559,#526,.T.);
#3008=EDGE_CURVE('',#3404,#3560,#527,.T.);
#3009=EDGE_CURVE('',#3561,#3560,#528,.T.);
#3010=EDGE_CURVE('',#3405,#3561,#529,.T.);
#3011=EDGE_CURVE('',#3406,#3562,#530,.T.);
#3012=EDGE_CURVE('',#3561,#3562,#3800,.T.);
#3013=EDGE_CURVE('',#3563,#3562,#531,.T.);
#3014=EDGE_CURVE('',#3407,#3563,#532,.T.);
#3015=EDGE_CURVE('',#3564,#3563,#533,.T.);
#3016=EDGE_CURVE('',#3408,#3564,#534,.T.);
#3017=EDGE_CURVE('',#3565,#3564,#3801,.T.);
#3018=EDGE_CURVE('',#3409,#3565,#535,.T.);
#3019=EDGE_CURVE('',#3566,#3565,#536,.T.);
#3020=EDGE_CURVE('',#3410,#3566,#537,.T.);
#3021=EDGE_CURVE('',#3567,#3566,#538,.T.);
#3022=EDGE_CURVE('',#3411,#3567,#539,.T.);
#3023=EDGE_CURVE('',#3567,#3568,#3802,.T.);
#3024=EDGE_CURVE('',#3568,#3494,#3803,.T.);
#3025=EDGE_CURVE('',#3430,#3569,#540,.T.);
#3026=EDGE_CURVE('',#3511,#3570,#3804,.T.);
#3027=EDGE_CURVE('',#3570,#3569,#3805,.T.);
#3028=EDGE_CURVE('',#3571,#3569,#541,.T.);
#3029=EDGE_CURVE('',#3431,#3571,#542,.T.);
#3030=EDGE_CURVE('',#3572,#3571,#543,.T.);
#3031=EDGE_CURVE('',#3432,#3572,#544,.T.);
#3032=EDGE_CURVE('',#3573,#3572,#3806,.T.);
#3033=EDGE_CURVE('',#3433,#3573,#545,.T.);
#3034=EDGE_CURVE('',#3574,#3573,#546,.T.);
#3035=EDGE_CURVE('',#3434,#3574,#547,.T.);
#3036=EDGE_CURVE('',#3575,#3574,#548,.T.);
#3037=EDGE_CURVE('',#3435,#3575,#549,.T.);
#3038=EDGE_CURVE('',#3436,#3576,#550,.T.);
#3039=EDGE_CURVE('',#3575,#3576,#3807,.T.);
#3040=EDGE_CURVE('',#3577,#3576,#551,.T.);
#3041=EDGE_CURVE('',#3437,#3577,#552,.T.);
#3042=EDGE_CURVE('',#3578,#3577,#553,.T.);
#3043=EDGE_CURVE('',#3438,#3578,#554,.T.);
#3044=EDGE_CURVE('',#3579,#3578,#3808,.T.);
#3045=EDGE_CURVE('',#3439,#3579,#555,.T.);
#3046=EDGE_CURVE('',#3580,#3579,#556,.T.);
#3047=EDGE_CURVE('',#3440,#3580,#557,.T.);
#3048=EDGE_CURVE('',#3581,#3580,#558,.T.);
#3049=EDGE_CURVE('',#3441,#3581,#559,.T.);
#3050=EDGE_CURVE('',#3442,#3582,#560,.T.);
#3051=EDGE_CURVE('',#3581,#3582,#3809,.T.);
#3052=EDGE_CURVE('',#3583,#3582,#561,.T.);
#3053=EDGE_CURVE('',#3443,#3583,#562,.T.);
#3054=EDGE_CURVE('',#3584,#3583,#563,.T.);
#3055=EDGE_CURVE('',#3444,#3584,#564,.T.);
#3056=EDGE_CURVE('',#3585,#3584,#3810,.T.);
#3057=EDGE_CURVE('',#3445,#3585,#565,.T.);
#3058=EDGE_CURVE('',#3586,#3585,#566,.T.);
#3059=EDGE_CURVE('',#3446,#3586,#567,.T.);
#3060=EDGE_CURVE('',#3587,#3586,#568,.T.);
#3061=EDGE_CURVE('',#3447,#3587,#569,.T.);
#3062=EDGE_CURVE('',#3448,#3588,#570,.T.);
#3063=EDGE_CURVE('',#3587,#3588,#3811,.T.);
#3064=EDGE_CURVE('',#3589,#3588,#571,.T.);
#3065=EDGE_CURVE('',#3449,#3589,#572,.T.);
#3066=EDGE_CURVE('',#3590,#3589,#573,.T.);
#3067=EDGE_CURVE('',#3450,#3590,#574,.T.);
#3068=EDGE_CURVE('',#3591,#3590,#3812,.T.);
#3069=EDGE_CURVE('',#3451,#3591,#575,.T.);
#3070=EDGE_CURVE('',#3592,#3591,#576,.T.);
#3071=EDGE_CURVE('',#3452,#3592,#577,.T.);
#3072=EDGE_CURVE('',#3593,#3592,#578,.T.);
#3073=EDGE_CURVE('',#3453,#3593,#579,.T.);
#3074=EDGE_CURVE('',#3593,#3594,#3813,.T.);
#3075=EDGE_CURVE('',#3454,#3594,#580,.T.);
#3076=EDGE_CURVE('',#3595,#3594,#581,.T.);
#3077=EDGE_CURVE('',#3455,#3595,#582,.T.);
#3078=EDGE_CURVE('',#3596,#3595,#583,.T.);
#3079=EDGE_CURVE('',#3456,#3596,#584,.T.);
#3080=EDGE_CURVE('',#3597,#3596,#3814,.T.);
#3081=EDGE_CURVE('',#3457,#3597,#585,.T.);
#3082=EDGE_CURVE('',#3598,#3597,#586,.T.);
#3083=EDGE_CURVE('',#3458,#3598,#587,.T.);
#3084=EDGE_CURVE('',#3599,#3598,#588,.T.);
#3085=EDGE_CURVE('',#3332,#3599,#589,.T.);
#3086=EDGE_CURVE('',#3333,#3600,#590,.T.);
#3087=EDGE_CURVE('',#3599,#3600,#3815,.T.);
#3088=EDGE_CURVE('',#3601,#3600,#591,.T.);
#3089=EDGE_CURVE('',#3334,#3601,#592,.T.);
#3090=EDGE_CURVE('',#3602,#3601,#593,.T.);
#3091=EDGE_CURVE('',#3335,#3602,#594,.T.);
#3092=EDGE_CURVE('',#3603,#3602,#3816,.T.);
#3093=EDGE_CURVE('',#3336,#3603,#595,.T.);
#3094=EDGE_CURVE('',#3604,#3603,#596,.T.);
#3095=EDGE_CURVE('',#3337,#3604,#597,.T.);
#3096=EDGE_CURVE('',#3605,#3604,#598,.T.);
#3097=EDGE_CURVE('',#3338,#3605,#599,.T.);
#3098=EDGE_CURVE('',#3339,#3606,#600,.T.);
#3099=EDGE_CURVE('',#3605,#3606,#3817,.T.);
#3100=EDGE_CURVE('',#3607,#3606,#601,.T.);
#3101=EDGE_CURVE('',#3340,#3607,#602,.T.);
#3102=EDGE_CURVE('',#3608,#3607,#603,.T.);
#3103=EDGE_CURVE('',#3341,#3608,#604,.T.);
#3104=EDGE_CURVE('',#3609,#3608,#3818,.T.);
#3105=EDGE_CURVE('',#3342,#3609,#605,.T.);
#3106=EDGE_CURVE('',#3610,#3609,#606,.T.);
#3107=EDGE_CURVE('',#3343,#3610,#607,.T.);
#3108=EDGE_CURVE('',#3611,#3610,#608,.T.);
#3109=EDGE_CURVE('',#3344,#3611,#609,.T.);
#3110=EDGE_CURVE('',#3345,#3612,#610,.T.);
#3111=EDGE_CURVE('',#3611,#3612,#3819,.T.);
#3112=EDGE_CURVE('',#3613,#3612,#611,.T.);
#3113=EDGE_CURVE('',#3346,#3613,#612,.T.);
#3114=EDGE_CURVE('',#3614,#3613,#613,.T.);
#3115=EDGE_CURVE('',#3347,#3614,#614,.T.);
#3116=EDGE_CURVE('',#3615,#3614,#3820,.T.);
#3117=EDGE_CURVE('',#3348,#3615,#615,.T.);
#3118=EDGE_CURVE('',#3616,#3615,#616,.T.);
#3119=EDGE_CURVE('',#3349,#3616,#617,.T.);
#3120=EDGE_CURVE('',#3617,#3616,#618,.T.);
#3121=EDGE_CURVE('',#3350,#3617,#619,.T.);
#3122=EDGE_CURVE('',#3351,#3618,#620,.T.);
#3123=EDGE_CURVE('',#3617,#3618,#3821,.T.);
#3124=EDGE_CURVE('',#3619,#3618,#621,.T.);
#3125=EDGE_CURVE('',#3352,#3619,#622,.T.);
#3126=EDGE_CURVE('',#3620,#3619,#623,.T.);
#3127=EDGE_CURVE('',#3353,#3620,#624,.T.);
#3128=EDGE_CURVE('',#3621,#3620,#3822,.T.);
#3129=EDGE_CURVE('',#3354,#3621,#625,.T.);
#3130=EDGE_CURVE('',#3622,#3621,#626,.T.);
#3131=EDGE_CURVE('',#3355,#3622,#627,.T.);
#3132=EDGE_CURVE('',#3623,#3622,#628,.T.);
#3133=EDGE_CURVE('',#3356,#3623,#629,.T.);
#3134=EDGE_CURVE('',#3623,#3470,#3823,.T.);
#3135=EDGE_CURVE('',#3624,#3479,#630,.T.);
#3136=EDGE_CURVE('',#3625,#3624,#631,.T.);
#3137=EDGE_CURVE('',#3625,#3466,#632,.T.);
#3138=EDGE_CURVE('',#3625,#3626,#633,.T.);
#3139=EDGE_CURVE('',#3469,#3626,#634,.T.);
#3140=EDGE_CURVE('',#3472,#3627,#635,.T.);
#3141=EDGE_CURVE('',#3627,#3626,#636,.T.);
#3142=EDGE_CURVE('',#3627,#3471,#637,.T.);
#3143=EDGE_CURVE('',#3470,#3624,#638,.T.);
#3144=EDGE_CURVE('',#3628,#3227,#639,.T.);
#3145=EDGE_CURVE('',#3628,#3250,#3824,.F.);
#3146=EDGE_CURVE('',#3629,#3231,#640,.T.);
#3147=EDGE_CURVE('',#3630,#3629,#3825,.T.);
#3148=EDGE_CURVE('',#3232,#3630,#641,.T.);
#3149=EDGE_CURVE('',#3631,#3249,#3826,.T.);
#3150=EDGE_CURVE('',#3236,#3631,#642,.T.);
#3151=EDGE_CURVE('',#3632,#3628,#643,.T.);
#3152=EDGE_CURVE('',#3632,#3245,#3827,.T.);
#3153=EDGE_CURVE('',#3233,#3230,#644,.T.);
#3154=EDGE_CURVE('',#3633,#3630,#645,.T.);
#3155=EDGE_CURVE('',#3633,#3632,#646,.T.);
#3156=EDGE_CURVE('',#3634,#3629,#647,.T.);
#3157=EDGE_CURVE('',#3635,#3634,#3828,.T.);
#3158=EDGE_CURVE('',#3636,#3635,#648,.T.);
#3159=EDGE_CURVE('',#3637,#3636,#3829,.T.);
#3160=EDGE_CURVE('',#3637,#3638,#649,.T.);
#3161=EDGE_CURVE('',#3638,#3633,#3830,.T.);
#3162=EDGE_CURVE('',#3639,#3640,#650,.T.);
#3163=EDGE_CURVE('',#3641,#3640,#651,.T.);
#3164=EDGE_CURVE('',#3634,#3641,#652,.T.);
#3165=EDGE_CURVE('',#3629,#3639,#653,.T.);
#3166=EDGE_CURVE('',#3568,#3493,#654,.T.);
#3167=EDGE_CURVE('',#3493,#3496,#655,.T.);
#3168=EDGE_CURVE('',#3496,#3501,#656,.T.);
#3169=EDGE_CURVE('',#3501,#3503,#657,.T.);
#3170=EDGE_CURVE('',#3503,#3510,#658,.T.);
#3171=EDGE_CURVE('',#3510,#3512,#659,.T.);
#3172=EDGE_CURVE('',#3512,#3570,#660,.T.);
#3173=EDGE_CURVE('',#3570,#3642,#661,.T.);
#3174=EDGE_CURVE('',#3643,#3642,#662,.T.);
#3175=EDGE_CURVE('',#3641,#3643,#663,.T.);
#3176=EDGE_CURVE('',#3640,#3568,#664,.T.);
#3177=EDGE_CURVE('',#3642,#3644,#665,.T.);
#3178=EDGE_CURVE('',#3631,#3644,#666,.T.);
#3179=EDGE_CURVE('',#3645,#3631,#667,.T.);
#3180=EDGE_CURVE('',#3643,#3645,#668,.T.);
#3181=EDGE_CURVE('',#3639,#3234,#669,.T.);
#3182=EDGE_CURVE('',#3237,#3644,#670,.T.);
#3183=EDGE_CURVE('',#3646,#3635,#671,.T.);
#3184=EDGE_CURVE('',#3647,#3646,#672,.T.);
#3185=EDGE_CURVE('',#3636,#3647,#673,.T.);
#3186=EDGE_CURVE('',#3646,#3244,#3831,.T.);
#3187=EDGE_CURVE('',#3647,#3239,#3832,.T.);
#3188=EDGE_CURVE('',#3648,#3648,#3833,.F.);
#3189=EDGE_CURVE('',#3649,#3649,#3834,.F.);
#3190=EDGE_CURVE('',#3650,#3650,#3835,.F.);
#3191=EDGE_CURVE('',#3645,#3243,#3836,.T.);
#3192=EDGE_CURVE('',#3245,#3638,#674,.T.);
#3193=EDGE_CURVE('',#3239,#3637,#675,.T.);
#3194=EDGE_CURVE('',#3240,#3246,#676,.T.);
#3195=EDGE_CURVE('',#3651,#3652,#3837,.T.);
#3196=EDGE_CURVE('',#3653,#3652,#677,.T.);
#3197=EDGE_CURVE('',#3654,#3653,#3838,.T.);
#3198=EDGE_CURVE('',#3654,#3651,#678,.T.);
#3199=EDGE_CURVE('',#3652,#3259,#679,.T.);
#3200=EDGE_CURVE('',#3653,#3257,#680,.T.);
#3201=EDGE_CURVE('',#3260,#3651,#681,.T.);
#3202=EDGE_CURVE('',#3258,#3654,#682,.T.);
#3203=VERTEX_POINT('',#6565);
#3204=VERTEX_POINT('',#6566);
#3205=VERTEX_POINT('',#6568);
#3206=VERTEX_POINT('',#6570);
#3207=VERTEX_POINT('',#6574);
#3208=VERTEX_POINT('',#6576);
#3209=VERTEX_POINT('',#6580);
#3210=VERTEX_POINT('',#6582);
#3211=VERTEX_POINT('',#6590);
#3212=VERTEX_POINT('',#6591);
#3213=VERTEX_POINT('',#6593);
#3214=VERTEX_POINT('',#6595);
#3215=VERTEX_POINT('',#6599);
#3216=VERTEX_POINT('',#6601);
#3217=VERTEX_POINT('',#6605);
#3218=VERTEX_POINT('',#6607);
#3219=VERTEX_POINT('',#6615);
#3220=VERTEX_POINT('',#6616);
#3221=VERTEX_POINT('',#6618);
#3222=VERTEX_POINT('',#6620);
#3223=VERTEX_POINT('',#6624);
#3224=VERTEX_POINT('',#6626);
#3225=VERTEX_POINT('',#6630);
#3226=VERTEX_POINT('',#6632);
#3227=VERTEX_POINT('',#6640);
#3228=VERTEX_POINT('',#6641);
#3229=VERTEX_POINT('',#6643);
#3230=VERTEX_POINT('',#6645);
#3231=VERTEX_POINT('',#6649);
#3232=VERTEX_POINT('',#6650);
#3233=VERTEX_POINT('',#6652);
#3234=VERTEX_POINT('',#6654);
#3235=VERTEX_POINT('',#6658);
#3236=VERTEX_POINT('',#6659);
#3237=VERTEX_POINT('',#6661);
#3238=VERTEX_POINT('',#6663);
#3239=VERTEX_POINT('',#6667);
#3240=VERTEX_POINT('',#6668);
#3241=VERTEX_POINT('',#6670);
#3242=VERTEX_POINT('',#6672);
#3243=VERTEX_POINT('',#6676);
#3244=VERTEX_POINT('',#6677);
#3245=VERTEX_POINT('',#6682);
#3246=VERTEX_POINT('',#6683);
#3247=VERTEX_POINT('',#6685);
#3248=VERTEX_POINT('',#6687);
#3249=VERTEX_POINT('',#6691);
#3250=VERTEX_POINT('',#6695);
#3251=VERTEX_POINT('',#6699);
#3252=VERTEX_POINT('',#6701);
#3253=VERTEX_POINT('',#6704);
#3254=VERTEX_POINT('',#6706);
#3255=VERTEX_POINT('',#6709);
#3256=VERTEX_POINT('',#6711);
#3257=VERTEX_POINT('',#6714);
#3258=VERTEX_POINT('',#6715);
#3259=VERTEX_POINT('',#6717);
#3260=VERTEX_POINT('',#6719);
#3261=VERTEX_POINT('',#6722);
#3262=VERTEX_POINT('',#6724);
#3263=VERTEX_POINT('',#6727);
#3264=VERTEX_POINT('',#6730);
#3265=VERTEX_POINT('',#6733);
#3266=VERTEX_POINT('',#6736);
#3267=VERTEX_POINT('',#6737);
#3268=VERTEX_POINT('',#6739);
#3269=VERTEX_POINT('',#6741);
#3270=VERTEX_POINT('',#6745);
#3271=VERTEX_POINT('',#6747);
#3272=VERTEX_POINT('',#6749);
#3273=VERTEX_POINT('',#6753);
#3274=VERTEX_POINT('',#6755);
#3275=VERTEX_POINT('',#6757);
#3276=VERTEX_POINT('',#6761);
#3277=VERTEX_POINT('',#6762);
#3278=VERTEX_POINT('',#6764);
#3279=VERTEX_POINT('',#6766);
#3280=VERTEX_POINT('',#6770);
#3281=VERTEX_POINT('',#6772);
#3282=VERTEX_POINT('',#6776);
#3283=VERTEX_POINT('',#6778);
#3284=VERTEX_POINT('',#6782);
#3285=VERTEX_POINT('',#6783);
#3286=VERTEX_POINT('',#6785);
#3287=VERTEX_POINT('',#6790);
#3288=VERTEX_POINT('',#6791);
#3289=VERTEX_POINT('',#6796);
#3290=VERTEX_POINT('',#6798);
#3291=VERTEX_POINT('',#6802);
#3292=VERTEX_POINT('',#6803);
#3293=VERTEX_POINT('',#6805);
#3294=VERTEX_POINT('',#6810);
#3295=VERTEX_POINT('',#6812);
#3296=VERTEX_POINT('',#6816);
#3297=VERTEX_POINT('',#6817);
#3298=VERTEX_POINT('',#6819);
#3299=VERTEX_POINT('',#6824);
#3300=VERTEX_POINT('',#6826);
#3301=VERTEX_POINT('',#6830);
#3302=VERTEX_POINT('',#6831);
#3303=VERTEX_POINT('',#6836);
#3304=VERTEX_POINT('',#6837);
#3305=VERTEX_POINT('',#6839);
#3306=VERTEX_POINT('',#6844);
#3307=VERTEX_POINT('',#6846);
#3308=VERTEX_POINT('',#6850);
#3309=VERTEX_POINT('',#6852);
#3310=VERTEX_POINT('',#6856);
#3311=VERTEX_POINT('',#6858);
#3312=VERTEX_POINT('',#6862);
#3313=VERTEX_POINT('',#6863);
#3314=VERTEX_POINT('',#6865);
#3315=VERTEX_POINT('',#6867);
#3316=VERTEX_POINT('',#6871);
#3317=VERTEX_POINT('',#6873);
#3318=VERTEX_POINT('',#6877);
#3319=VERTEX_POINT('',#6878);
#3320=VERTEX_POINT('',#6880);
#3321=VERTEX_POINT('',#6882);
#3322=VERTEX_POINT('',#6886);
#3323=VERTEX_POINT('',#6891);
#3324=VERTEX_POINT('',#6895);
#3325=VERTEX_POINT('',#6896);
#3326=VERTEX_POINT('',#6898);
#3327=VERTEX_POINT('',#6900);
#3328=VERTEX_POINT('',#6904);
#3329=VERTEX_POINT('',#6907);
#3330=VERTEX_POINT('',#6908);
#3331=VERTEX_POINT('',#6910);
#3332=VERTEX_POINT('',#6915);
#3333=VERTEX_POINT('',#6916);
#3334=VERTEX_POINT('',#6918);
#3335=VERTEX_POINT('',#6920);
#3336=VERTEX_POINT('',#6922);
#3337=VERTEX_POINT('',#6924);
#3338=VERTEX_POINT('',#6926);
#3339=VERTEX_POINT('',#6928);
#3340=VERTEX_POINT('',#6930);
#3341=VERTEX_POINT('',#6932);
#3342=VERTEX_POINT('',#6934);
#3343=VERTEX_POINT('',#6936);
#3344=VERTEX_POINT('',#6938);
#3345=VERTEX_POINT('',#6940);
#3346=VERTEX_POINT('',#6942);
#3347=VERTEX_POINT('',#6944);
#3348=VERTEX_POINT('',#6946);
#3349=VERTEX_POINT('',#6948);
#3350=VERTEX_POINT('',#6950);
#3351=VERTEX_POINT('',#6952);
#3352=VERTEX_POINT('',#6954);
#3353=VERTEX_POINT('',#6956);
#3354=VERTEX_POINT('',#6958);
#3355=VERTEX_POINT('',#6960);
#3356=VERTEX_POINT('',#6962);
#3357=VERTEX_POINT('',#6964);
#3358=VERTEX_POINT('',#6967);
#3359=VERTEX_POINT('',#6969);
#3360=VERTEX_POINT('',#6971);
#3361=VERTEX_POINT('',#6973);
#3362=VERTEX_POINT('',#6975);
#3363=VERTEX_POINT('',#6977);
#3364=VERTEX_POINT('',#6979);
#3365=VERTEX_POINT('',#6981);
#3366=VERTEX_POINT('',#6983);
#3367=VERTEX_POINT('',#6985);
#3368=VERTEX_POINT('',#6987);
#3369=VERTEX_POINT('',#6989);
#3370=VERTEX_POINT('',#6991);
#3371=VERTEX_POINT('',#6993);
#3372=VERTEX_POINT('',#6995);
#3373=VERTEX_POINT('',#6997);
#3374=VERTEX_POINT('',#6999);
#3375=VERTEX_POINT('',#7001);
#3376=VERTEX_POINT('',#7003);
#3377=VERTEX_POINT('',#7005);
#3378=VERTEX_POINT('',#7007);
#3379=VERTEX_POINT('',#7009);
#3380=VERTEX_POINT('',#7011);
#3381=VERTEX_POINT('',#7013);
#3382=VERTEX_POINT('',#7015);
#3383=VERTEX_POINT('',#7017);
#3384=VERTEX_POINT('',#7019);
#3385=VERTEX_POINT('',#7021);
#3386=VERTEX_POINT('',#7023);
#3387=VERTEX_POINT('',#7025);
#3388=VERTEX_POINT('',#7027);
#3389=VERTEX_POINT('',#7029);
#3390=VERTEX_POINT('',#7031);
#3391=VERTEX_POINT('',#7033);
#3392=VERTEX_POINT('',#7035);
#3393=VERTEX_POINT('',#7037);
#3394=VERTEX_POINT('',#7039);
#3395=VERTEX_POINT('',#7041);
#3396=VERTEX_POINT('',#7043);
#3397=VERTEX_POINT('',#7045);
#3398=VERTEX_POINT('',#7047);
#3399=VERTEX_POINT('',#7049);
#3400=VERTEX_POINT('',#7051);
#3401=VERTEX_POINT('',#7053);
#3402=VERTEX_POINT('',#7055);
#3403=VERTEX_POINT('',#7057);
#3404=VERTEX_POINT('',#7059);
#3405=VERTEX_POINT('',#7061);
#3406=VERTEX_POINT('',#7063);
#3407=VERTEX_POINT('',#7065);
#3408=VERTEX_POINT('',#7067);
#3409=VERTEX_POINT('',#7069);
#3410=VERTEX_POINT('',#7071);
#3411=VERTEX_POINT('',#7073);
#3412=VERTEX_POINT('',#7075);
#3413=VERTEX_POINT('',#7077);
#3414=VERTEX_POINT('',#7079);
#3415=VERTEX_POINT('',#7081);
#3416=VERTEX_POINT('',#7083);
#3417=VERTEX_POINT('',#7085);
#3418=VERTEX_POINT('',#7087);
#3419=VERTEX_POINT('',#7089);
#3420=VERTEX_POINT('',#7091);
#3421=VERTEX_POINT('',#7093);
#3422=VERTEX_POINT('',#7095);
#3423=VERTEX_POINT('',#7097);
#3424=VERTEX_POINT('',#7099);
#3425=VERTEX_POINT('',#7101);
#3426=VERTEX_POINT('',#7103);
#3427=VERTEX_POINT('',#7105);
#3428=VERTEX_POINT('',#7107);
#3429=VERTEX_POINT('',#7109);
#3430=VERTEX_POINT('',#7111);
#3431=VERTEX_POINT('',#7113);
#3432=VERTEX_POINT('',#7115);
#3433=VERTEX_POINT('',#7117);
#3434=VERTEX_POINT('',#7119);
#3435=VERTEX_POINT('',#7121);
#3436=VERTEX_POINT('',#7123);
#3437=VERTEX_POINT('',#7125);
#3438=VERTEX_POINT('',#7127);
#3439=VERTEX_POINT('',#7129);
#3440=VERTEX_POINT('',#7131);
#3441=VERTEX_POINT('',#7133);
#3442=VERTEX_POINT('',#7135);
#3443=VERTEX_POINT('',#7137);
#3444=VERTEX_POINT('',#7139);
#3445=VERTEX_POINT('',#7141);
#3446=VERTEX_POINT('',#7143);
#3447=VERTEX_POINT('',#7145);
#3448=VERTEX_POINT('',#7147);
#3449=VERTEX_POINT('',#7149);
#3450=VERTEX_POINT('',#7151);
#3451=VERTEX_POINT('',#7153);
#3452=VERTEX_POINT('',#7155);
#3453=VERTEX_POINT('',#7157);
#3454=VERTEX_POINT('',#7159);
#3455=VERTEX_POINT('',#7161);
#3456=VERTEX_POINT('',#7163);
#3457=VERTEX_POINT('',#7165);
#3458=VERTEX_POINT('',#7167);
#3459=VERTEX_POINT('',#7171);
#3460=VERTEX_POINT('',#7173);
#3461=VERTEX_POINT('',#7177);
#3462=VERTEX_POINT('',#7180);
#3463=VERTEX_POINT('',#7183);
#3464=VERTEX_POINT('',#7186);
#3465=VERTEX_POINT('',#7187);
#3466=VERTEX_POINT('',#7192);
#3467=VERTEX_POINT('',#7193);
#3468=VERTEX_POINT('',#7199);
#3469=VERTEX_POINT('',#7205);
#3470=VERTEX_POINT('',#7210);
#3471=VERTEX_POINT('',#7224);
#3472=VERTEX_POINT('',#7228);
#3473=VERTEX_POINT('',#7230);
#3474=VERTEX_POINT('',#7234);
#3475=VERTEX_POINT('',#7238);
#3476=VERTEX_POINT('',#7242);
#3477=VERTEX_POINT('',#7246);
#3478=VERTEX_POINT('',#7250);
#3479=VERTEX_POINT('',#7254);
#3480=VERTEX_POINT('',#7258);
#3481=VERTEX_POINT('',#7260);
#3482=VERTEX_POINT('',#7263);
#3483=VERTEX_POINT('',#7265);
#3484=VERTEX_POINT('',#7268);
#3485=VERTEX_POINT('',#7270);
#3486=VERTEX_POINT('',#7273);
#3487=VERTEX_POINT('',#7276);
#3488=VERTEX_POINT('',#7279);
#3489=VERTEX_POINT('',#7282);
#3490=VERTEX_POINT('',#7283);
#3491=VERTEX_POINT('',#7288);
#3492=VERTEX_POINT('',#7292);
#3493=VERTEX_POINT('',#7296);
#3494=VERTEX_POINT('',#7298);
#3495=VERTEX_POINT('',#7302);
#3496=VERTEX_POINT('',#7303);
#3497=VERTEX_POINT('',#7308);
#3498=VERTEX_POINT('',#7312);
#3499=VERTEX_POINT('',#7316);
#3500=VERTEX_POINT('',#7317);
#3501=VERTEX_POINT('',#7322);
#3502=VERTEX_POINT('',#7326);
#3503=VERTEX_POINT('',#7327);
#3504=VERTEX_POINT('',#7332);
#3505=VERTEX_POINT('',#7336);
#3506=VERTEX_POINT('',#7340);
#3507=VERTEX_POINT('',#7341);
#3508=VERTEX_POINT('',#7346);
#3509=VERTEX_POINT('',#7350);
#3510=VERTEX_POINT('',#7354);
#3511=VERTEX_POINT('',#7358);
#3512=VERTEX_POINT('',#7359);
#3513=VERTEX_POINT('',#7364);
#3514=VERTEX_POINT('',#7367);
#3515=VERTEX_POINT('',#7371);
#3516=VERTEX_POINT('',#7375);
#3517=VERTEX_POINT('',#7379);
#3518=VERTEX_POINT('',#7383);
#3519=VERTEX_POINT('',#7387);
#3520=VERTEX_POINT('',#7391);
#3521=VERTEX_POINT('',#7395);
#3522=VERTEX_POINT('',#7399);
#3523=VERTEX_POINT('',#7403);
#3524=VERTEX_POINT('',#7407);
#3525=VERTEX_POINT('',#7411);
#3526=VERTEX_POINT('',#7415);
#3527=VERTEX_POINT('',#7419);
#3528=VERTEX_POINT('',#7423);
#3529=VERTEX_POINT('',#7427);
#3530=VERTEX_POINT('',#7431);
#3531=VERTEX_POINT('',#7435);
#3532=VERTEX_POINT('',#7439);
#3533=VERTEX_POINT('',#7443);
#3534=VERTEX_POINT('',#7447);
#3535=VERTEX_POINT('',#7451);
#3536=VERTEX_POINT('',#7455);
#3537=VERTEX_POINT('',#7459);
#3538=VERTEX_POINT('',#7463);
#3539=VERTEX_POINT('',#7467);
#3540=VERTEX_POINT('',#7471);
#3541=VERTEX_POINT('',#7475);
#3542=VERTEX_POINT('',#7479);
#3543=VERTEX_POINT('',#7483);
#3544=VERTEX_POINT('',#7487);
#3545=VERTEX_POINT('',#7491);
#3546=VERTEX_POINT('',#7495);
#3547=VERTEX_POINT('',#7499);
#3548=VERTEX_POINT('',#7503);
#3549=VERTEX_POINT('',#7507);
#3550=VERTEX_POINT('',#7511);
#3551=VERTEX_POINT('',#7515);
#3552=VERTEX_POINT('',#7519);
#3553=VERTEX_POINT('',#7523);
#3554=VERTEX_POINT('',#7527);
#3555=VERTEX_POINT('',#7531);
#3556=VERTEX_POINT('',#7535);
#3557=VERTEX_POINT('',#7539);
#3558=VERTEX_POINT('',#7543);
#3559=VERTEX_POINT('',#7547);
#3560=VERTEX_POINT('',#7551);
#3561=VERTEX_POINT('',#7555);
#3562=VERTEX_POINT('',#7559);
#3563=VERTEX_POINT('',#7563);
#3564=VERTEX_POINT('',#7567);
#3565=VERTEX_POINT('',#7571);
#3566=VERTEX_POINT('',#7575);
#3567=VERTEX_POINT('',#7579);
#3568=VERTEX_POINT('',#7583);
#3569=VERTEX_POINT('',#7587);
#3570=VERTEX_POINT('',#7589);
#3571=VERTEX_POINT('',#7593);
#3572=VERTEX_POINT('',#7597);
#3573=VERTEX_POINT('',#7601);
#3574=VERTEX_POINT('',#7605);
#3575=VERTEX_POINT('',#7609);
#3576=VERTEX_POINT('',#7613);
#3577=VERTEX_POINT('',#7617);
#3578=VERTEX_POINT('',#7621);
#3579=VERTEX_POINT('',#7625);
#3580=VERTEX_POINT('',#7629);
#3581=VERTEX_POINT('',#7633);
#3582=VERTEX_POINT('',#7637);
#3583=VERTEX_POINT('',#7641);
#3584=VERTEX_POINT('',#7645);
#3585=VERTEX_POINT('',#7649);
#3586=VERTEX_POINT('',#7653);
#3587=VERTEX_POINT('',#7657);
#3588=VERTEX_POINT('',#7661);
#3589=VERTEX_POINT('',#7665);
#3590=VERTEX_POINT('',#7669);
#3591=VERTEX_POINT('',#7673);
#3592=VERTEX_POINT('',#7677);
#3593=VERTEX_POINT('',#7681);
#3594=VERTEX_POINT('',#7685);
#3595=VERTEX_POINT('',#7689);
#3596=VERTEX_POINT('',#7693);
#3597=VERTEX_POINT('',#7697);
#3598=VERTEX_POINT('',#7701);
#3599=VERTEX_POINT('',#7705);
#3600=VERTEX_POINT('',#7709);
#3601=VERTEX_POINT('',#7713);
#3602=VERTEX_POINT('',#7717);
#3603=VERTEX_POINT('',#7721);
#3604=VERTEX_POINT('',#7725);
#3605=VERTEX_POINT('',#7729);
#3606=VERTEX_POINT('',#7733);
#3607=VERTEX_POINT('',#7737);
#3608=VERTEX_POINT('',#7741);
#3609=VERTEX_POINT('',#7745);
#3610=VERTEX_POINT('',#7749);
#3611=VERTEX_POINT('',#7753);
#3612=VERTEX_POINT('',#7757);
#3613=VERTEX_POINT('',#7761);
#3614=VERTEX_POINT('',#7765);
#3615=VERTEX_POINT('',#7769);
#3616=VERTEX_POINT('',#7773);
#3617=VERTEX_POINT('',#7777);
#3618=VERTEX_POINT('',#7781);
#3619=VERTEX_POINT('',#7785);
#3620=VERTEX_POINT('',#7789);
#3621=VERTEX_POINT('',#7793);
#3622=VERTEX_POINT('',#7797);
#3623=VERTEX_POINT('',#7801);
#3624=VERTEX_POINT('',#7807);
#3625=VERTEX_POINT('',#7809);
#3626=VERTEX_POINT('',#7813);
#3627=VERTEX_POINT('',#7817);
#3628=VERTEX_POINT('',#7824);
#3629=VERTEX_POINT('',#7828);
#3630=VERTEX_POINT('',#7830);
#3631=VERTEX_POINT('',#7834);
#3632=VERTEX_POINT('',#7838);
#3633=VERTEX_POINT('',#7843);
#3634=VERTEX_POINT('',#7847);
#3635=VERTEX_POINT('',#7849);
#3636=VERTEX_POINT('',#7851);
#3637=VERTEX_POINT('',#7853);
#3638=VERTEX_POINT('',#7855);
#3639=VERTEX_POINT('',#7859);
#3640=VERTEX_POINT('',#7860);
#3641=VERTEX_POINT('',#7862);
#3642=VERTEX_POINT('',#7881);
#3643=VERTEX_POINT('',#7883);
#3644=VERTEX_POINT('',#7888);
#3645=VERTEX_POINT('',#7891);
#3646=VERTEX_POINT('',#7898);
#3647=VERTEX_POINT('',#7900);
#3648=VERTEX_POINT('',#7907);
#3649=VERTEX_POINT('',#7910);
#3650=VERTEX_POINT('',#7913);
#3651=VERTEX_POINT('',#7927);
#3652=VERTEX_POINT('',#7928);
#3653=VERTEX_POINT('',#7930);
#3654=VERTEX_POINT('',#7932);
#3655=CIRCLE('',#4764,16.4076201808794);
#3656=CIRCLE('',#4765,16.4076201808794);
#3657=CIRCLE('',#4769,14.4);
#3658=CIRCLE('',#4771,14.4);
#3659=CIRCLE('',#4773,16.4076201808794);
#3660=CIRCLE('',#4774,16.4076201808794);
#3661=CIRCLE('',#4778,14.4);
#3662=CIRCLE('',#4780,14.4);
#3663=CIRCLE('',#4782,16.4076201808794);
#3664=CIRCLE('',#4783,16.4076201808794);
#3665=CIRCLE('',#4787,14.4);
#3666=CIRCLE('',#4789,14.4);
#3667=CIRCLE('',#4791,3.1);
#3668=CIRCLE('',#4792,3.1);
#3669=CIRCLE('',#4794,3.1);
#3670=CIRCLE('',#4795,3.1);
#3671=CIRCLE('',#4797,3.1);
#3672=CIRCLE('',#4798,3.1);
#3673=CIRCLE('',#4800,3.6);
#3674=CIRCLE('',#4801,3.6);
#3675=CIRCLE('',#4804,3.6);
#3676=CIRCLE('',#4805,3.6);
#3677=CIRCLE('',#4808,2.4);
#3678=CIRCLE('',#4809,2.4);
#3679=CIRCLE('',#4811,2.4);
#3680=CIRCLE('',#4812,2.4);
#3681=CIRCLE('',#4814,2.4);
#3682=CIRCLE('',#4815,2.4);
#3683=CIRCLE('',#4817,14.4);
#3684=CIRCLE('',#4818,14.4);
#3685=CIRCLE('',#4819,14.4);
#3686=CIRCLE('',#4820,14.4);
#3687=CIRCLE('',#4822,3.1);
#3688=CIRCLE('',#4824,3.1);
#3689=CIRCLE('',#4826,3.1);
#3690=CIRCLE('',#4828,3.6);
#3691=CIRCLE('',#4829,3.6);
#3692=CIRCLE('',#4831,3.6);
#3693=CIRCLE('',#4832,3.6);
#3694=CIRCLE('',#4836,8.8);
#3695=CIRCLE('',#4837,8.8);
#3696=CIRCLE('',#4841,13.2);
#3697=CIRCLE('',#4842,13.2);
#3698=CIRCLE('',#4846,8.8);
#3699=CIRCLE('',#4847,8.8);
#3700=CIRCLE('',#4851,13.2);
#3701=CIRCLE('',#4852,13.2);
#3702=CIRCLE('',#4856,8.8);
#3703=CIRCLE('',#4857,8.8);
#3704=CIRCLE('',#4860,3.6);
#3705=CIRCLE('',#4861,3.1);
#3706=CIRCLE('',#4863,3.6);
#3707=CIRCLE('',#4864,3.6);
#3708=CIRCLE('',#4866,3.6);
#3709=CIRCLE('',#4867,3.1);
#3710=CIRCLE('',#4869,3.6);
#3711=CIRCLE('',#4871,3.6);
#3712=CIRCLE('',#4873,3.6);
#3713=CIRCLE('',#4874,3.1);
#3714=CIRCLE('',#4876,27.4);
#3715=CIRCLE('',#4879,13.2);
#3716=CIRCLE('',#4880,8.8);
#3717=CIRCLE('',#4881,13.2);
#3718=CIRCLE('',#4882,8.8);
#3719=CIRCLE('',#4883,13.2);
#3720=CIRCLE('',#4884,8.8);
#3721=CIRCLE('',#4885,13.2);
#3722=CIRCLE('',#4886,8.8);
#3723=CIRCLE('',#4887,13.2);
#3724=CIRCLE('',#4888,13.2);
#3725=CIRCLE('',#4889,8.8);
#3726=CIRCLE('',#4890,13.2);
#3727=CIRCLE('',#4891,8.8);
#3728=CIRCLE('',#4892,13.2);
#3729=CIRCLE('',#4893,8.8);
#3730=CIRCLE('',#4894,13.2);
#3731=CIRCLE('',#4895,8.8);
#3732=CIRCLE('',#4896,13.2);
#3733=CIRCLE('',#4897,8.8);
#3734=CIRCLE('',#4898,13.2);
#3735=CIRCLE('',#4899,8.8);
#3736=CIRCLE('',#4900,13.2);
#3737=CIRCLE('',#4901,8.8);
#3738=CIRCLE('',#4902,13.2);
#3739=CIRCLE('',#4903,8.8);
#3740=CIRCLE('',#4904,13.2);
#3741=CIRCLE('',#4905,8.8);
#3742=CIRCLE('',#4906,13.2);
#3743=CIRCLE('',#4907,8.8);
#3744=CIRCLE('',#4908,13.2);
#3745=CIRCLE('',#4909,8.8);
#3746=CIRCLE('',#4910,13.2);
#3747=CIRCLE('',#4911,8.8);
#3748=CIRCLE('',#4912,13.2);
#3749=CIRCLE('',#4913,8.8);
#3750=CIRCLE('',#4914,13.2);
#3751=CIRCLE('',#4915,8.8);
#3752=CIRCLE('',#4916,13.2);
#3753=CIRCLE('',#4917,8.8);
#3754=CIRCLE('',#4918,13.2);
#3755=CIRCLE('',#4919,8.8);
#3756=CIRCLE('',#4920,13.2);
#3757=CIRCLE('',#4921,8.8);
#3758=CIRCLE('',#4924,3.1);
#3759=CIRCLE('',#4926,3.1);
#3760=CIRCLE('',#4928,3.1);
#3761=CIRCLE('',#4931,3.6);
#3762=CIRCLE('',#4934,3.6);
#3763=CIRCLE('',#4936,3.6);
#3764=CIRCLE('',#4938,13.2);
#3765=CIRCLE('',#4945,13.2);
#3766=CIRCLE('',#4948,3.1);
#3767=CIRCLE('',#4951,3.1);
#3768=CIRCLE('',#4954,3.1);
#3769=CIRCLE('',#4957,2.4);
#3770=CIRCLE('',#4958,2.4);
#3771=CIRCLE('',#4960,2.4);
#3772=CIRCLE('',#4961,2.4);
#3773=CIRCLE('',#4963,2.4);
#3774=CIRCLE('',#4964,2.4);
#3775=CIRCLE('',#4966,3.1);
#3776=CIRCLE('',#4968,3.1);
#3777=CIRCLE('',#4970,3.1);
#3778=CIRCLE('',#4973,8.8);
#3779=CIRCLE('',#4978,13.2);
#3780=CIRCLE('',#4981,8.8);
#3781=CIRCLE('',#4986,13.2);
#3782=CIRCLE('',#4989,8.8);
#3783=CIRCLE('',#4994,27.4);
#3784=CIRCLE('',#4996,13.2);
#3785=CIRCLE('',#5000,8.8);
#3786=CIRCLE('',#5004,13.2);
#3787=CIRCLE('',#5008,8.8);
#3788=CIRCLE('',#5012,13.2);
#3789=CIRCLE('',#5016,8.8);
#3790=CIRCLE('',#5020,13.2);
#3791=CIRCLE('',#5024,8.8);
#3792=CIRCLE('',#5028,13.2);
#3793=CIRCLE('',#5032,8.8);
#3794=CIRCLE('',#5036,13.2);
#3795=CIRCLE('',#5040,8.8);
#3796=CIRCLE('',#5044,13.2);
#3797=CIRCLE('',#5048,8.8);
#3798=CIRCLE('',#5052,13.2);
#3799=CIRCLE('',#5056,8.8);
#3800=CIRCLE('',#5060,13.2);
#3801=CIRCLE('',#5064,8.8);
#3802=CIRCLE('',#5068,13.2);
#3803=CIRCLE('',#5069,13.2);
#3804=CIRCLE('',#5071,13.2);
#3805=CIRCLE('',#5072,13.2);
#3806=CIRCLE('',#5076,8.8);
#3807=CIRCLE('',#5080,13.2);
#3808=CIRCLE('',#5084,8.8);
#3809=CIRCLE('',#5088,13.2);
#3810=CIRCLE('',#5092,8.8);
#3811=CIRCLE('',#5096,13.2);
#3812=CIRCLE('',#5100,8.8);
#3813=CIRCLE('',#5104,13.2);
#3814=CIRCLE('',#5108,8.8);
#3815=CIRCLE('',#5112,13.2);
#3816=CIRCLE('',#5116,8.8);
#3817=CIRCLE('',#5120,13.2);
#3818=CIRCLE('',#5124,8.8);
#3819=CIRCLE('',#5128,13.2);
#3820=CIRCLE('',#5132,8.8);
#3821=CIRCLE('',#5136,13.2);
#3822=CIRCLE('',#5140,8.8);
#3823=CIRCLE('',#5144,13.2);
#3824=CIRCLE('',#5150,3.6);
#3825=CIRCLE('',#5152,3.6);
#3826=CIRCLE('',#5154,3.6);
#3827=CIRCLE('',#5156,3.6);
#3828=CIRCLE('',#5159,3.6);
#3829=CIRCLE('',#5160,3.6);
#3830=CIRCLE('',#5161,3.6);
#3831=CIRCLE('',#5175,3.6);
#3832=CIRCLE('',#5176,3.6);
#3833=CIRCLE('',#5178,3.1);
#3834=CIRCLE('',#5180,3.1);
#3835=CIRCLE('',#5182,3.1);
#3836=CIRCLE('',#5184,3.6);
#3837=CIRCLE('',#5192,16.4076201808794);
#3838=CIRCLE('',#5193,16.4076201808794);
#3839=EDGE_LOOP('',(#1175,#1176,#1177,#1178));
#3840=EDGE_LOOP('',(#1179,#1180,#1181,#1182));
#3841=EDGE_LOOP('',(#1183,#1184,#1185,#1186));
#3842=EDGE_LOOP('',(#1187,#1188,#1189,#1190));
#3843=EDGE_LOOP('',(#1191,#1192,#1193,#1194));
#3844=EDGE_LOOP('',(#1195,#1196,#1197,#1198));
#3845=EDGE_LOOP('',(#1199,#1200,#1201,#1202));
#3846=EDGE_LOOP('',(#1203,#1204,#1205,#1206));
#3847=EDGE_LOOP('',(#1207,#1208,#1209,#1210));
#3848=EDGE_LOOP('',(#1211,#1212,#1213,#1214));
#3849=EDGE_LOOP('',(#1215,#1216,#1217,#1218));
#3850=EDGE_LOOP('',(#1219,#1220,#1221,#1222));
#3851=EDGE_LOOP('',(#1223,#1224,#1225,#1226));
#3852=EDGE_LOOP('',(#1227,#1228,#1229,#1230));
#3853=EDGE_LOOP('',(#1231,#1232,#1233,#1234));
#3854=EDGE_LOOP('',(#1235,#1236,#1237,#1238));
#3855=EDGE_LOOP('',(#1239,#1240,#1241,#1242));
#3856=EDGE_LOOP('',(#1243,#1244,#1245,#1246));
#3857=EDGE_LOOP('',(#1247,#1248,#1249,#1250));
#3858=EDGE_LOOP('',(#1251,#1252,#1253,#1254));
#3859=EDGE_LOOP('',(#1255,#1256,#1257,#1258));
#3860=EDGE_LOOP('',(#1259,#1260,#1261,#1262,#1263,#1264,#1265,#1266));
#3861=EDGE_LOOP('',(#1267));
#3862=EDGE_LOOP('',(#1268));
#3863=EDGE_LOOP('',(#1269));
#3864=EDGE_LOOP('',(#1270));
#3865=EDGE_LOOP('',(#1271));
#3866=EDGE_LOOP('',(#1272));
#3867=EDGE_LOOP('',(#1273,#1274,#1275,#1276));
#3868=EDGE_LOOP('',(#1277,#1278,#1279,#1280));
#3869=EDGE_LOOP('',(#1281,#1282,#1283,#1284));
#3870=EDGE_LOOP('',(#1285,#1286,#1287,#1288));
#3871=EDGE_LOOP('',(#1289));
#3872=EDGE_LOOP('',(#1290));
#3873=EDGE_LOOP('',(#1291));
#3874=EDGE_LOOP('',(#1292));
#3875=EDGE_LOOP('',(#1293));
#3876=EDGE_LOOP('',(#1294));
#3877=EDGE_LOOP('',(#1295));
#3878=EDGE_LOOP('',(#1296));
#3879=EDGE_LOOP('',(#1297,#1298,#1299,#1300));
#3880=EDGE_LOOP('',(#1301,#1302,#1303,#1304));
#3881=EDGE_LOOP('',(#1305,#1306,#1307,#1308,#1309,#1310));
#3882=EDGE_LOOP('',(#1311,#1312,#1313,#1314));
#3883=EDGE_LOOP('',(#1315,#1316,#1317,#1318));
#3884=EDGE_LOOP('',(#1319,#1320,#1321,#1322));
#3885=EDGE_LOOP('',(#1323,#1324,#1325,#1326,#1327));
#3886=EDGE_LOOP('',(#1328,#1329,#1330,#1331));
#3887=EDGE_LOOP('',(#1332,#1333,#1334,#1335));
#3888=EDGE_LOOP('',(#1336,#1337,#1338,#1339,#1340));
#3889=EDGE_LOOP('',(#1341,#1342,#1343,#1344));
#3890=EDGE_LOOP('',(#1345,#1346,#1347,#1348,#1349));
#3891=EDGE_LOOP('',(#1350,#1351,#1352,#1353));
#3892=EDGE_LOOP('',(#1354,#1355,#1356,#1357));
#3893=EDGE_LOOP('',(#1358,#1359,#1360,#1361,#1362));
#3894=EDGE_LOOP('',(#1363,#1364,#1365,#1366));
#3895=EDGE_LOOP('',(#1367,#1368,#1369,#1370));
#3896=EDGE_LOOP('',(#1371,#1372,#1373,#1374));
#3897=EDGE_LOOP('',(#1375));
#3898=EDGE_LOOP('',(#1376,#1377,#1378,#1379));
#3899=EDGE_LOOP('',(#1380,#1381,#1382,#1383));
#3900=EDGE_LOOP('',(#1384));
#3901=EDGE_LOOP('',(#1385,#1386,#1387,#1388));
#3902=EDGE_LOOP('',(#1389,#1390,#1391,#1392,#1393));
#3903=EDGE_LOOP('',(#1394,#1395,#1396,#1397));
#3904=EDGE_LOOP('',(#1398));
#3905=EDGE_LOOP('',(#1399,#1400,#1401,#1402));
#3906=EDGE_LOOP('',(#1403));
#3907=EDGE_LOOP('',(#1404));
#3908=EDGE_LOOP('',(#1405,#1406,#1407,#1408,#1409));
#3909=EDGE_LOOP('',(#1410,#1411,#1412,#1413,#1414,#1415,#1416,#1417,#1418,
#1419,#1420,#1421,#1422,#1423,#1424,#1425,#1426,#1427,#1428,#1429,#1430,
#1431,#1432,#1433,#1434,#1435,#1436,#1437,#1438,#1439,#1440,#1441,#1442,
#1443,#1444,#1445,#1446,#1447,#1448,#1449,#1450,#1451,#1452,#1453,#1454,
#1455,#1456,#1457,#1458,#1459,#1460,#1461,#1462,#1463,#1464,#1465,#1466,
#1467,#1468,#1469,#1470,#1471,#1472,#1473,#1474,#1475,#1476,#1477,#1478,
#1479,#1480,#1481,#1482,#1483,#1484,#1485,#1486,#1487,#1488,#1489,#1490,
#1491,#1492,#1493,#1494,#1495,#1496,#1497,#1498,#1499,#1500,#1501,#1502,
#1503,#1504,#1505,#1506,#1507,#1508,#1509,#1510,#1511,#1512,#1513,#1514,
#1515,#1516,#1517,#1518,#1519,#1520,#1521,#1522,#1523,#1524,#1525,#1526,
#1527,#1528,#1529,#1530,#1531,#1532,#1533,#1534,#1535,#1536,#1537,#1538,
#1539,#1540,#1541,#1542,#1543,#1544,#1545,#1546,#1547,#1548,#1549,#1550,
#1551,#1552,#1553));
#3910=EDGE_LOOP('',(#1554));
#3911=EDGE_LOOP('',(#1555,#1556,#1557,#1558,#1559));
#3912=EDGE_LOOP('',(#1560));
#3913=EDGE_LOOP('',(#1561));
#3914=EDGE_LOOP('',(#1562));
#3915=EDGE_LOOP('',(#1563));
#3916=EDGE_LOOP('',(#1564));
#3917=EDGE_LOOP('',(#1565));
#3918=EDGE_LOOP('',(#1566,#1567,#1568,#1569));
#3919=EDGE_LOOP('',(#1570,#1571,#1572,#1573,#1574,#1575,#1576,#1577));
#3920=EDGE_LOOP('',(#1578,#1579,#1580,#1581));
#3921=EDGE_LOOP('',(#1582,#1583,#1584,#1585,#1586));
#3922=EDGE_LOOP('',(#1587,#1588,#1589,#1590,#1591,#1592,#1593,#1594));
#3923=EDGE_LOOP('',(#1595,#1596,#1597));
#3924=EDGE_LOOP('',(#1598,#1599,#1600,#1601,#1602,#1603));
#3925=EDGE_LOOP('',(#1604,#1605,#1606,#1607,#1608));
#3926=EDGE_LOOP('',(#1609,#1610,#1611,#1612));
#3927=EDGE_LOOP('',(#1613,#1614,#1615,#1616,#1617));
#3928=EDGE_LOOP('',(#1618,#1619,#1620,#1621,#1622,#1623));
#3929=EDGE_LOOP('',(#1624,#1625,#1626));
#3930=EDGE_LOOP('',(#1627,#1628,#1629,#1630));
#3931=EDGE_LOOP('',(#1631,#1632,#1633,#1634));
#3932=EDGE_LOOP('',(#1635,#1636,#1637,#1638,#1639,#1640,#1641,#1642));
#3933=EDGE_LOOP('',(#1643,#1644,#1645,#1646));
#3934=EDGE_LOOP('',(#1647,#1648,#1649,#1650,#1651,#1652,#1653,#1654));
#3935=EDGE_LOOP('',(#1655,#1656,#1657,#1658));
#3936=EDGE_LOOP('',(#1659,#1660,#1661,#1662));
#3937=EDGE_LOOP('',(#1663));
#3938=EDGE_LOOP('',(#1664));
#3939=EDGE_LOOP('',(#1665));
#3940=EDGE_LOOP('',(#1666));
#3941=EDGE_LOOP('',(#1667));
#3942=EDGE_LOOP('',(#1668));
#3943=EDGE_LOOP('',(#1669));
#3944=EDGE_LOOP('',(#1670));
#3945=EDGE_LOOP('',(#1671));
#3946=EDGE_LOOP('',(#1672));
#3947=EDGE_LOOP('',(#1673));
#3948=EDGE_LOOP('',(#1674));
#3949=EDGE_LOOP('',(#1675,#1676,#1677,#1678));
#3950=EDGE_LOOP('',(#1679,#1680,#1681,#1682));
#3951=EDGE_LOOP('',(#1683,#1684,#1685,#1686));
#3952=EDGE_LOOP('',(#1687,#1688,#1689,#1690,#1691));
#3953=EDGE_LOOP('',(#1692,#1693,#1694,#1695,#1696));
#3954=EDGE_LOOP('',(#1697,#1698,#1699,#1700));
#3955=EDGE_LOOP('',(#1701,#1702,#1703,#1704));
#3956=EDGE_LOOP('',(#1705,#1706,#1707,#1708));
#3957=EDGE_LOOP('',(#1709,#1710,#1711,#1712,#1713));
#3958=EDGE_LOOP('',(#1714,#1715,#1716,#1717,#1718));
#3959=EDGE_LOOP('',(#1719,#1720,#1721,#1722));
#3960=EDGE_LOOP('',(#1723,#1724,#1725,#1726));
#3961=EDGE_LOOP('',(#1727,#1728,#1729,#1730));
#3962=EDGE_LOOP('',(#1731,#1732,#1733,#1734));
#3963=EDGE_LOOP('',(#1735,#1736,#1737,#1738));
#3964=EDGE_LOOP('',(#1739,#1740,#1741,#1742,#1743));
#3965=EDGE_LOOP('',(#1744,#1745,#1746,#1747,#1748));
#3966=EDGE_LOOP('',(#1749));
#3967=EDGE_LOOP('',(#1750));
#3968=EDGE_LOOP('',(#1751,#1752,#1753,#1754,#1755));
#3969=EDGE_LOOP('',(#1756,#1757,#1758,#1759));
#3970=EDGE_LOOP('',(#1760,#1761,#1762,#1763));
#3971=EDGE_LOOP('',(#1764,#1765,#1766,#1767));
#3972=EDGE_LOOP('',(#1768,#1769,#1770,#1771));
#3973=EDGE_LOOP('',(#1772,#1773,#1774,#1775));
#3974=EDGE_LOOP('',(#1776,#1777,#1778,#1779));
#3975=EDGE_LOOP('',(#1780,#1781,#1782,#1783));
#3976=EDGE_LOOP('',(#1784,#1785,#1786,#1787));
#3977=EDGE_LOOP('',(#1788,#1789,#1790,#1791));
#3978=EDGE_LOOP('',(#1792,#1793,#1794,#1795));
#3979=EDGE_LOOP('',(#1796,#1797,#1798,#1799));
#3980=EDGE_LOOP('',(#1800,#1801,#1802,#1803));
#3981=EDGE_LOOP('',(#1804,#1805,#1806,#1807));
#3982=EDGE_LOOP('',(#1808,#1809,#1810,#1811));
#3983=EDGE_LOOP('',(#1812,#1813,#1814,#1815));
#3984=EDGE_LOOP('',(#1816,#1817,#1818,#1819));
#3985=EDGE_LOOP('',(#1820,#1821,#1822,#1823));
#3986=EDGE_LOOP('',(#1824,#1825,#1826,#1827));
#3987=EDGE_LOOP('',(#1828,#1829,#1830,#1831));
#3988=EDGE_LOOP('',(#1832,#1833,#1834,#1835));
#3989=EDGE_LOOP('',(#1836,#1837,#1838,#1839));
#3990=EDGE_LOOP('',(#1840,#1841,#1842,#1843));
#3991=EDGE_LOOP('',(#1844,#1845,#1846,#1847));
#3992=EDGE_LOOP('',(#1848,#1849,#1850,#1851));
#3993=EDGE_LOOP('',(#1852,#1853,#1854,#1855));
#3994=EDGE_LOOP('',(#1856,#1857,#1858,#1859));
#3995=EDGE_LOOP('',(#1860,#1861,#1862,#1863));
#3996=EDGE_LOOP('',(#1864,#1865,#1866,#1867));
#3997=EDGE_LOOP('',(#1868,#1869,#1870,#1871));
#3998=EDGE_LOOP('',(#1872,#1873,#1874,#1875));
#3999=EDGE_LOOP('',(#1876,#1877,#1878,#1879));
#4000=EDGE_LOOP('',(#1880,#1881,#1882,#1883));
#4001=EDGE_LOOP('',(#1884,#1885,#1886,#1887));
#4002=EDGE_LOOP('',(#1888,#1889,#1890,#1891));
#4003=EDGE_LOOP('',(#1892,#1893,#1894,#1895));
#4004=EDGE_LOOP('',(#1896,#1897,#1898,#1899));
#4005=EDGE_LOOP('',(#1900,#1901,#1902,#1903));
#4006=EDGE_LOOP('',(#1904,#1905,#1906,#1907));
#4007=EDGE_LOOP('',(#1908,#1909,#1910,#1911));
#4008=EDGE_LOOP('',(#1912,#1913,#1914,#1915));
#4009=EDGE_LOOP('',(#1916,#1917,#1918,#1919));
#4010=EDGE_LOOP('',(#1920,#1921,#1922,#1923));
#4011=EDGE_LOOP('',(#1924,#1925,#1926,#1927));
#4012=EDGE_LOOP('',(#1928,#1929,#1930,#1931));
#4013=EDGE_LOOP('',(#1932,#1933,#1934,#1935));
#4014=EDGE_LOOP('',(#1936,#1937,#1938,#1939));
#4015=EDGE_LOOP('',(#1940,#1941,#1942,#1943));
#4016=EDGE_LOOP('',(#1944,#1945,#1946,#1947));
#4017=EDGE_LOOP('',(#1948,#1949,#1950,#1951));
#4018=EDGE_LOOP('',(#1952,#1953,#1954,#1955));
#4019=EDGE_LOOP('',(#1956,#1957,#1958,#1959));
#4020=EDGE_LOOP('',(#1960,#1961,#1962,#1963));
#4021=EDGE_LOOP('',(#1964,#1965,#1966,#1967));
#4022=EDGE_LOOP('',(#1968,#1969,#1970,#1971,#1972));
#4023=EDGE_LOOP('',(#1973,#1974,#1975,#1976,#1977));
#4024=EDGE_LOOP('',(#1978,#1979,#1980,#1981));
#4025=EDGE_LOOP('',(#1982,#1983,#1984,#1985));
#4026=EDGE_LOOP('',(#1986,#1987,#1988,#1989));
#4027=EDGE_LOOP('',(#1990,#1991,#1992,#1993));
#4028=EDGE_LOOP('',(#1994,#1995,#1996,#1997));
#4029=EDGE_LOOP('',(#1998,#1999,#2000,#2001));
#4030=EDGE_LOOP('',(#2002,#2003,#2004,#2005));
#4031=EDGE_LOOP('',(#2006,#2007,#2008,#2009));
#4032=EDGE_LOOP('',(#2010,#2011,#2012,#2013));
#4033=EDGE_LOOP('',(#2014,#2015,#2016,#2017));
#4034=EDGE_LOOP('',(#2018,#2019,#2020,#2021));
#4035=EDGE_LOOP('',(#2022,#2023,#2024,#2025));
#4036=EDGE_LOOP('',(#2026,#2027,#2028,#2029));
#4037=EDGE_LOOP('',(#2030,#2031,#2032,#2033));
#4038=EDGE_LOOP('',(#2034,#2035,#2036,#2037));
#4039=EDGE_LOOP('',(#2038,#2039,#2040,#2041));
#4040=EDGE_LOOP('',(#2042,#2043,#2044,#2045));
#4041=EDGE_LOOP('',(#2046,#2047,#2048,#2049));
#4042=EDGE_LOOP('',(#2050,#2051,#2052,#2053));
#4043=EDGE_LOOP('',(#2054,#2055,#2056,#2057));
#4044=EDGE_LOOP('',(#2058,#2059,#2060,#2061));
#4045=EDGE_LOOP('',(#2062,#2063,#2064,#2065));
#4046=EDGE_LOOP('',(#2066,#2067,#2068,#2069));
#4047=EDGE_LOOP('',(#2070,#2071,#2072,#2073));
#4048=EDGE_LOOP('',(#2074,#2075,#2076,#2077));
#4049=EDGE_LOOP('',(#2078,#2079,#2080,#2081));
#4050=EDGE_LOOP('',(#2082,#2083,#2084,#2085));
#4051=EDGE_LOOP('',(#2086,#2087,#2088,#2089));
#4052=EDGE_LOOP('',(#2090,#2091,#2092,#2093));
#4053=EDGE_LOOP('',(#2094,#2095,#2096,#2097));
#4054=EDGE_LOOP('',(#2098,#2099,#2100,#2101));
#4055=EDGE_LOOP('',(#2102,#2103,#2104,#2105));
#4056=EDGE_LOOP('',(#2106,#2107,#2108,#2109));
#4057=EDGE_LOOP('',(#2110,#2111,#2112,#2113));
#4058=EDGE_LOOP('',(#2114,#2115,#2116,#2117));
#4059=EDGE_LOOP('',(#2118,#2119,#2120,#2121));
#4060=EDGE_LOOP('',(#2122,#2123,#2124,#2125));
#4061=EDGE_LOOP('',(#2126,#2127,#2128,#2129));
#4062=EDGE_LOOP('',(#2130,#2131,#2132,#2133));
#4063=EDGE_LOOP('',(#2134,#2135,#2136,#2137));
#4064=EDGE_LOOP('',(#2138,#2139,#2140,#2141));
#4065=EDGE_LOOP('',(#2142,#2143,#2144,#2145));
#4066=EDGE_LOOP('',(#2146,#2147,#2148,#2149));
#4067=EDGE_LOOP('',(#2150,#2151,#2152,#2153));
#4068=EDGE_LOOP('',(#2154,#2155,#2156,#2157));
#4069=EDGE_LOOP('',(#2158,#2159,#2160,#2161));
#4070=EDGE_LOOP('',(#2162,#2163,#2164,#2165));
#4071=EDGE_LOOP('',(#2166,#2167,#2168,#2169));
#4072=EDGE_LOOP('',(#2170,#2171,#2172,#2173));
#4073=EDGE_LOOP('',(#2174,#2175,#2176,#2177));
#4074=EDGE_LOOP('',(#2178,#2179,#2180,#2181));
#4075=EDGE_LOOP('',(#2182,#2183,#2184,#2185));
#4076=EDGE_LOOP('',(#2186,#2187,#2188,#2189));
#4077=EDGE_LOOP('',(#2190,#2191,#2192,#2193,#2194));
#4078=EDGE_LOOP('',(#2195,#2196,#2197,#2198,#2199));
#4079=EDGE_LOOP('',(#2200,#2201,#2202,#2203,#2204,#2205,#2206,#2207));
#4080=EDGE_LOOP('',(#2208));
#4081=EDGE_LOOP('',(#2209));
#4082=EDGE_LOOP('',(#2210));
#4083=EDGE_LOOP('',(#2211,#2212,#2213,#2214,#2215));
#4084=EDGE_LOOP('',(#2216,#2217,#2218,#2219,#2220,#2221,#2222,#2223,#2224,
#2225,#2226,#2227,#2228,#2229,#2230,#2231,#2232,#2233));
#4085=EDGE_LOOP('',(#2234));
#4086=EDGE_LOOP('',(#2235,#2236,#2237,#2238));
#4087=EDGE_LOOP('',(#2239));
#4088=EDGE_LOOP('',(#2240,#2241,#2242,#2243));
#4089=EDGE_LOOP('',(#2244));
#4090=EDGE_LOOP('',(#2245,#2246,#2247,#2248));
#4091=EDGE_LOOP('',(#2249,#2250,#2251,#2252,#2253));
#4092=EDGE_LOOP('',(#2254,#2255,#2256,#2257,#2258,#2259,#2260,#2261));
#4093=EDGE_LOOP('',(#2262,#2263,#2264,#2265,#2266,#2267,#2268,#2269));
#4094=EDGE_LOOP('',(#2270,#2271,#2272,#2273,#2274));
#4095=EDGE_LOOP('',(#2275,#2276,#2277));
#4096=EDGE_LOOP('',(#2278,#2279,#2280,#2281,#2282,#2283));
#4097=EDGE_LOOP('',(#2284,#2285,#2286,#2287,#2288));
#4098=EDGE_LOOP('',(#2289,#2290,#2291,#2292));
#4099=EDGE_LOOP('',(#2293,#2294,#2295,#2296,#2297));
#4100=EDGE_LOOP('',(#2298,#2299,#2300,#2301,#2302,#2303));
#4101=EDGE_LOOP('',(#2304,#2305,#2306));
#4102=EDGE_LOOP('',(#2307,#2308,#2309,#2310,#2311,#2312,#2313,#2314,#2315,
#2316,#2317,#2318,#2319,#2320,#2321,#2322,#2323,#2324,#2325,#2326,#2327,
#2328,#2329,#2330,#2331,#2332,#2333,#2334,#2335,#2336,#2337,#2338,#2339,
#2340,#2341,#2342,#2343,#2344,#2345,#2346,#2347,#2348,#2349,#2350,#2351,
#2352,#2353,#2354,#2355,#2356,#2357,#2358,#2359,#2360,#2361,#2362,#2363,
#2364,#2365,#2366,#2367,#2368,#2369,#2370,#2371,#2372,#2373,#2374,#2375,
#2376,#2377,#2378,#2379,#2380,#2381,#2382,#2383,#2384,#2385,#2386,#2387,
#2388,#2389,#2390,#2391,#2392,#2393,#2394,#2395,#2396,#2397,#2398,#2399,
#2400,#2401,#2402,#2403,#2404,#2405,#2406,#2407,#2408,#2409,#2410,#2411,
#2412,#2413,#2414,#2415,#2416,#2417,#2418,#2419,#2420,#2421,#2422,#2423,
#2424,#2425,#2426));
#4103=EDGE_LOOP('',(#2427));
#4104=EDGE_LOOP('',(#2428,#2429,#2430,#2431,#2432));
#4105=EDGE_LOOP('',(#2433,#2434,#2435,#2436,#2437,#2438,#2439,#2440,#2441,
#2442,#2443,#2444,#2445,#2446,#2447,#2448,#2449,#2450));
#4106=EDGE_LOOP('',(#2451,#2452,#2453,#2454));
#4107=EDGE_LOOP('',(#2455,#2456,#2457,#2458,#2459));
#4108=EDGE_LOOP('',(#2460));
#4109=EDGE_LOOP('',(#2461));
#4110=EDGE_LOOP('',(#2462));
#4111=EDGE_LOOP('',(#2463));
#4112=EDGE_LOOP('',(#2464));
#4113=EDGE_LOOP('',(#2465));
#4114=EDGE_LOOP('',(#2466));
#4115=EDGE_LOOP('',(#2467));
#4116=EDGE_LOOP('',(#2468));
#4117=EDGE_LOOP('',(#2469,#2470,#2471,#2472,#2473,#2474,#2475,#2476));
#4118=EDGE_LOOP('',(#2477,#2478,#2479,#2480));
#4119=EDGE_LOOP('',(#2481,#2482,#2483,#2484));
#4120=EDGE_LOOP('',(#2485,#2486,#2487,#2488,#2489,#2490));
#4121=EDGE_LOOP('',(#2491,#2492,#2493,#2494,#2495,#2496,#2497,#2498));
#4122=EDGE_LOOP('',(#2499,#2500,#2501,#2502));
#4123=EDGE_LOOP('',(#2503,#2504,#2505,#2506));
#4124=EDGE_LOOP('',(#2507,#2508,#2509,#2510));
#4125=EDGE_LOOP('',(#2511,#2512,#2513,#2514));
#4126=EDGE_LOOP('',(#2515,#2516,#2517,#2518));
#4127=EDGE_LOOP('',(#2519,#2520,#2521,#2522));
#4128=EDGE_LOOP('',(#2523,#2524,#2525,#2526));
#4129=FACE_BOUND('',#3839,.T.);
#4130=FACE_BOUND('',#3840,.T.);
#4131=FACE_BOUND('',#3841,.T.);
#4132=FACE_BOUND('',#3842,.T.);
#4133=FACE_BOUND('',#3843,.T.);
#4134=FACE_BOUND('',#3844,.T.);
#4135=FACE_BOUND('',#3845,.T.);
#4136=FACE_BOUND('',#3846,.T.);
#4137=FACE_BOUND('',#3847,.T.);
#4138=FACE_BOUND('',#3848,.T.);
#4139=FACE_BOUND('',#3849,.T.);
#4140=FACE_BOUND('',#3850,.T.);
#4141=FACE_BOUND('',#3851,.T.);
#4142=FACE_BOUND('',#3852,.T.);
#4143=FACE_BOUND('',#3853,.T.);
#4144=FACE_BOUND('',#3854,.T.);
#4145=FACE_BOUND('',#3855,.T.);
#4146=FACE_BOUND('',#3856,.T.);
#4147=FACE_BOUND('',#3857,.T.);
#4148=FACE_BOUND('',#3858,.T.);
#4149=FACE_BOUND('',#3859,.T.);
#4150=FACE_BOUND('',#3860,.T.);
#4151=FACE_BOUND('',#3861,.T.);
#4152=FACE_BOUND('',#3862,.T.);
#4153=FACE_BOUND('',#3863,.T.);
#4154=FACE_BOUND('',#3864,.T.);
#4155=FACE_BOUND('',#3865,.T.);
#4156=FACE_BOUND('',#3866,.T.);
#4157=FACE_BOUND('',#3867,.T.);
#4158=FACE_BOUND('',#3868,.T.);
#4159=FACE_BOUND('',#3869,.T.);
#4160=FACE_BOUND('',#3870,.T.);
#4161=FACE_BOUND('',#3871,.T.);
#4162=FACE_BOUND('',#3872,.T.);
#4163=FACE_BOUND('',#3873,.T.);
#4164=FACE_BOUND('',#3874,.T.);
#4165=FACE_BOUND('',#3875,.T.);
#4166=FACE_BOUND('',#3876,.T.);
#4167=FACE_BOUND('',#3877,.T.);
#4168=FACE_BOUND('',#3878,.T.);
#4169=FACE_BOUND('',#3879,.T.);
#4170=FACE_BOUND('',#3880,.T.);
#4171=FACE_BOUND('',#3881,.T.);
#4172=FACE_BOUND('',#3882,.T.);
#4173=FACE_BOUND('',#3883,.T.);
#4174=FACE_BOUND('',#3884,.T.);
#4175=FACE_BOUND('',#3885,.T.);
#4176=FACE_BOUND('',#3886,.T.);
#4177=FACE_BOUND('',#3887,.T.);
#4178=FACE_BOUND('',#3888,.T.);
#4179=FACE_BOUND('',#3889,.T.);
#4180=FACE_BOUND('',#3890,.T.);
#4181=FACE_BOUND('',#3891,.T.);
#4182=FACE_BOUND('',#3892,.T.);
#4183=FACE_BOUND('',#3893,.T.);
#4184=FACE_BOUND('',#3894,.T.);
#4185=FACE_BOUND('',#3895,.T.);
#4186=FACE_BOUND('',#3896,.T.);
#4187=FACE_BOUND('',#3897,.T.);
#4188=FACE_BOUND('',#3898,.T.);
#4189=FACE_BOUND('',#3899,.T.);
#4190=FACE_BOUND('',#3900,.T.);
#4191=FACE_BOUND('',#3901,.T.);
#4192=FACE_BOUND('',#3902,.T.);
#4193=FACE_BOUND('',#3903,.T.);
#4194=FACE_BOUND('',#3904,.T.);
#4195=FACE_BOUND('',#3905,.T.);
#4196=FACE_BOUND('',#3906,.T.);
#4197=FACE_BOUND('',#3907,.T.);
#4198=FACE_BOUND('',#3908,.T.);
#4199=FACE_BOUND('',#3909,.T.);
#4200=FACE_BOUND('',#3910,.T.);
#4201=FACE_BOUND('',#3911,.T.);
#4202=FACE_BOUND('',#3912,.T.);
#4203=FACE_BOUND('',#3913,.T.);
#4204=FACE_BOUND('',#3914,.T.);
#4205=FACE_BOUND('',#3915,.T.);
#4206=FACE_BOUND('',#3916,.T.);
#4207=FACE_BOUND('',#3917,.T.);
#4208=FACE_BOUND('',#3918,.T.);
#4209=FACE_BOUND('',#3919,.T.);
#4210=FACE_BOUND('',#3920,.T.);
#4211=FACE_BOUND('',#3921,.T.);
#4212=FACE_BOUND('',#3922,.T.);
#4213=FACE_BOUND('',#3923,.T.);
#4214=FACE_BOUND('',#3924,.T.);
#4215=FACE_BOUND('',#3925,.T.);
#4216=FACE_BOUND('',#3926,.T.);
#4217=FACE_BOUND('',#3927,.T.);
#4218=FACE_BOUND('',#3928,.T.);
#4219=FACE_BOUND('',#3929,.T.);
#4220=FACE_BOUND('',#3930,.T.);
#4221=FACE_BOUND('',#3931,.T.);
#4222=FACE_BOUND('',#3932,.T.);
#4223=FACE_BOUND('',#3933,.T.);
#4224=FACE_BOUND('',#3934,.T.);
#4225=FACE_BOUND('',#3935,.T.);
#4226=FACE_BOUND('',#3936,.T.);
#4227=FACE_BOUND('',#3937,.T.);
#4228=FACE_BOUND('',#3938,.T.);
#4229=FACE_BOUND('',#3939,.T.);
#4230=FACE_BOUND('',#3940,.T.);
#4231=FACE_BOUND('',#3941,.T.);
#4232=FACE_BOUND('',#3942,.T.);
#4233=FACE_BOUND('',#3943,.T.);
#4234=FACE_BOUND('',#3944,.T.);
#4235=FACE_BOUND('',#3945,.T.);
#4236=FACE_BOUND('',#3946,.T.);
#4237=FACE_BOUND('',#3947,.T.);
#4238=FACE_BOUND('',#3948,.T.);
#4239=FACE_BOUND('',#3949,.T.);
#4240=FACE_BOUND('',#3950,.T.);
#4241=FACE_BOUND('',#3951,.T.);
#4242=FACE_BOUND('',#3952,.T.);
#4243=FACE_BOUND('',#3953,.T.);
#4244=FACE_BOUND('',#3954,.T.);
#4245=FACE_BOUND('',#3955,.T.);
#4246=FACE_BOUND('',#3956,.T.);
#4247=FACE_BOUND('',#3957,.T.);
#4248=FACE_BOUND('',#3958,.T.);
#4249=FACE_BOUND('',#3959,.T.);
#4250=FACE_BOUND('',#3960,.T.);
#4251=FACE_BOUND('',#3961,.T.);
#4252=FACE_BOUND('',#3962,.T.);
#4253=FACE_BOUND('',#3963,.T.);
#4254=FACE_BOUND('',#3964,.T.);
#4255=FACE_BOUND('',#3965,.T.);
#4256=FACE_BOUND('',#3966,.T.);
#4257=FACE_BOUND('',#3967,.T.);
#4258=FACE_BOUND('',#3968,.T.);
#4259=FACE_BOUND('',#3969,.T.);
#4260=FACE_BOUND('',#3970,.T.);
#4261=FACE_BOUND('',#3971,.T.);
#4262=FACE_BOUND('',#3972,.T.);
#4263=FACE_BOUND('',#3973,.T.);
#4264=FACE_BOUND('',#3974,.T.);
#4265=FACE_BOUND('',#3975,.T.);
#4266=FACE_BOUND('',#3976,.T.);
#4267=FACE_BOUND('',#3977,.T.);
#4268=FACE_BOUND('',#3978,.T.);
#4269=FACE_BOUND('',#3979,.T.);
#4270=FACE_BOUND('',#3980,.T.);
#4271=FACE_BOUND('',#3981,.T.);
#4272=FACE_BOUND('',#3982,.T.);
#4273=FACE_BOUND('',#3983,.T.);
#4274=FACE_BOUND('',#3984,.T.);
#4275=FACE_BOUND('',#3985,.T.);
#4276=FACE_BOUND('',#3986,.T.);
#4277=FACE_BOUND('',#3987,.T.);
#4278=FACE_BOUND('',#3988,.T.);
#4279=FACE_BOUND('',#3989,.T.);
#4280=FACE_BOUND('',#3990,.T.);
#4281=FACE_BOUND('',#3991,.T.);
#4282=FACE_BOUND('',#3992,.T.);
#4283=FACE_BOUND('',#3993,.T.);
#4284=FACE_BOUND('',#3994,.T.);
#4285=FACE_BOUND('',#3995,.T.);
#4286=FACE_BOUND('',#3996,.T.);
#4287=FACE_BOUND('',#3997,.T.);
#4288=FACE_BOUND('',#3998,.T.);
#4289=FACE_BOUND('',#3999,.T.);
#4290=FACE_BOUND('',#4000,.T.);
#4291=FACE_BOUND('',#4001,.T.);
#4292=FACE_BOUND('',#4002,.T.);
#4293=FACE_BOUND('',#4003,.T.);
#4294=FACE_BOUND('',#4004,.T.);
#4295=FACE_BOUND('',#4005,.T.);
#4296=FACE_BOUND('',#4006,.T.);
#4297=FACE_BOUND('',#4007,.T.);
#4298=FACE_BOUND('',#4008,.T.);
#4299=FACE_BOUND('',#4009,.T.);
#4300=FACE_BOUND('',#4010,.T.);
#4301=FACE_BOUND('',#4011,.T.);
#4302=FACE_BOUND('',#4012,.T.);
#4303=FACE_BOUND('',#4013,.T.);
#4304=FACE_BOUND('',#4014,.T.);
#4305=FACE_BOUND('',#4015,.T.);
#4306=FACE_BOUND('',#4016,.T.);
#4307=FACE_BOUND('',#4017,.T.);
#4308=FACE_BOUND('',#4018,.T.);
#4309=FACE_BOUND('',#4019,.T.);
#4310=FACE_BOUND('',#4020,.T.);
#4311=FACE_BOUND('',#4021,.T.);
#4312=FACE_BOUND('',#4022,.T.);
#4313=FACE_BOUND('',#4023,.T.);
#4314=FACE_BOUND('',#4024,.T.);
#4315=FACE_BOUND('',#4025,.T.);
#4316=FACE_BOUND('',#4026,.T.);
#4317=FACE_BOUND('',#4027,.T.);
#4318=FACE_BOUND('',#4028,.T.);
#4319=FACE_BOUND('',#4029,.T.);
#4320=FACE_BOUND('',#4030,.T.);
#4321=FACE_BOUND('',#4031,.T.);
#4322=FACE_BOUND('',#4032,.T.);
#4323=FACE_BOUND('',#4033,.T.);
#4324=FACE_BOUND('',#4034,.T.);
#4325=FACE_BOUND('',#4035,.T.);
#4326=FACE_BOUND('',#4036,.T.);
#4327=FACE_BOUND('',#4037,.T.);
#4328=FACE_BOUND('',#4038,.T.);
#4329=FACE_BOUND('',#4039,.T.);
#4330=FACE_BOUND('',#4040,.T.);
#4331=FACE_BOUND('',#4041,.T.);
#4332=FACE_BOUND('',#4042,.T.);
#4333=FACE_BOUND('',#4043,.T.);
#4334=FACE_BOUND('',#4044,.T.);
#4335=FACE_BOUND('',#4045,.T.);
#4336=FACE_BOUND('',#4046,.T.);
#4337=FACE_BOUND('',#4047,.T.);
#4338=FACE_BOUND('',#4048,.T.);
#4339=FACE_BOUND('',#4049,.T.);
#4340=FACE_BOUND('',#4050,.T.);
#4341=FACE_BOUND('',#4051,.T.);
#4342=FACE_BOUND('',#4052,.T.);
#4343=FACE_BOUND('',#4053,.T.);
#4344=FACE_BOUND('',#4054,.T.);
#4345=FACE_BOUND('',#4055,.T.);
#4346=FACE_BOUND('',#4056,.T.);
#4347=FACE_BOUND('',#4057,.T.);
#4348=FACE_BOUND('',#4058,.T.);
#4349=FACE_BOUND('',#4059,.T.);
#4350=FACE_BOUND('',#4060,.T.);
#4351=FACE_BOUND('',#4061,.T.);
#4352=FACE_BOUND('',#4062,.T.);
#4353=FACE_BOUND('',#4063,.T.);
#4354=FACE_BOUND('',#4064,.T.);
#4355=FACE_BOUND('',#4065,.T.);
#4356=FACE_BOUND('',#4066,.T.);
#4357=FACE_BOUND('',#4067,.T.);
#4358=FACE_BOUND('',#4068,.T.);
#4359=FACE_BOUND('',#4069,.T.);
#4360=FACE_BOUND('',#4070,.T.);
#4361=FACE_BOUND('',#4071,.T.);
#4362=FACE_BOUND('',#4072,.T.);
#4363=FACE_BOUND('',#4073,.T.);
#4364=FACE_BOUND('',#4074,.T.);
#4365=FACE_BOUND('',#4075,.T.);
#4366=FACE_BOUND('',#4076,.T.);
#4367=FACE_BOUND('',#4077,.T.);
#4368=FACE_BOUND('',#4078,.T.);
#4369=FACE_BOUND('',#4079,.T.);
#4370=FACE_BOUND('',#4080,.T.);
#4371=FACE_BOUND('',#4081,.T.);
#4372=FACE_BOUND('',#4082,.T.);
#4373=FACE_BOUND('',#4083,.T.);
#4374=FACE_BOUND('',#4084,.T.);
#4375=FACE_BOUND('',#4085,.T.);
#4376=FACE_BOUND('',#4086,.T.);
#4377=FACE_BOUND('',#4087,.T.);
#4378=FACE_BOUND('',#4088,.T.);
#4379=FACE_BOUND('',#4089,.T.);
#4380=FACE_BOUND('',#4090,.T.);
#4381=FACE_BOUND('',#4091,.T.);
#4382=FACE_BOUND('',#4092,.T.);
#4383=FACE_BOUND('',#4093,.T.);
#4384=FACE_BOUND('',#4094,.T.);
#4385=FACE_BOUND('',#4095,.T.);
#4386=FACE_BOUND('',#4096,.T.);
#4387=FACE_BOUND('',#4097,.T.);
#4388=FACE_BOUND('',#4098,.T.);
#4389=FACE_BOUND('',#4099,.T.);
#4390=FACE_BOUND('',#4100,.T.);
#4391=FACE_BOUND('',#4101,.T.);
#4392=FACE_BOUND('',#4102,.T.);
#4393=FACE_BOUND('',#4103,.T.);
#4394=FACE_BOUND('',#4104,.T.);
#4395=FACE_BOUND('',#4105,.T.);
#4396=FACE_BOUND('',#4106,.T.);
#4397=FACE_BOUND('',#4107,.T.);
#4398=FACE_BOUND('',#4108,.T.);
#4399=FACE_BOUND('',#4109,.T.);
#4400=FACE_BOUND('',#4110,.T.);
#4401=FACE_BOUND('',#4111,.T.);
#4402=FACE_BOUND('',#4112,.T.);
#4403=FACE_BOUND('',#4113,.T.);
#4404=FACE_BOUND('',#4114,.T.);
#4405=FACE_BOUND('',#4115,.T.);
#4406=FACE_BOUND('',#4116,.T.);
#4407=FACE_BOUND('',#4117,.T.);
#4408=FACE_BOUND('',#4118,.T.);
#4409=FACE_BOUND('',#4119,.T.);
#4410=FACE_BOUND('',#4120,.T.);
#4411=FACE_BOUND('',#4121,.T.);
#4412=FACE_BOUND('',#4122,.T.);
#4413=FACE_BOUND('',#4123,.T.);
#4414=FACE_BOUND('',#4124,.T.);
#4415=FACE_BOUND('',#4125,.T.);
#4416=FACE_BOUND('',#4126,.T.);
#4417=FACE_BOUND('',#4127,.T.);
#4418=FACE_BOUND('',#4128,.T.);
#4419=CYLINDRICAL_SURFACE('',#4763,16.4076201808794);
#4420=CYLINDRICAL_SURFACE('',#4772,16.4076201808794);
#4421=CYLINDRICAL_SURFACE('',#4781,16.4076201808794);
#4422=CYLINDRICAL_SURFACE('',#4790,3.1);
#4423=CYLINDRICAL_SURFACE('',#4793,3.1);
#4424=CYLINDRICAL_SURFACE('',#4796,3.1);
#4425=CYLINDRICAL_SURFACE('',#4807,2.4);
#4426=CYLINDRICAL_SURFACE('',#4810,2.4);
#4427=CYLINDRICAL_SURFACE('',#4813,2.4);
#4428=CYLINDRICAL_SURFACE('',#4816,14.4);
#4429=CYLINDRICAL_SURFACE('',#4835,8.8);
#4430=CYLINDRICAL_SURFACE('',#4840,13.2);
#4431=CYLINDRICAL_SURFACE('',#4845,8.8);
#4432=CYLINDRICAL_SURFACE('',#4850,13.2);
#4433=CYLINDRICAL_SURFACE('',#4855,8.8);
#4434=CYLINDRICAL_SURFACE('',#4868,3.6);
#4435=CYLINDRICAL_SURFACE('',#4923,3.1);
#4436=CYLINDRICAL_SURFACE('',#4925,3.1);
#4437=CYLINDRICAL_SURFACE('',#4927,3.1);
#4438=CYLINDRICAL_SURFACE('',#4930,3.6);
#4439=CYLINDRICAL_SURFACE('',#4933,3.6);
#4440=CYLINDRICAL_SURFACE('',#4935,3.6);
#4441=CYLINDRICAL_SURFACE('',#4947,3.1);
#4442=CYLINDRICAL_SURFACE('',#4950,3.1);
#4443=CYLINDRICAL_SURFACE('',#4953,3.1);
#4444=CYLINDRICAL_SURFACE('',#4956,2.4);
#4445=CYLINDRICAL_SURFACE('',#4959,2.4);
#4446=CYLINDRICAL_SURFACE('',#4962,2.4);
#4447=CYLINDRICAL_SURFACE('',#4972,8.8);
#4448=CYLINDRICAL_SURFACE('',#4977,13.2);
#4449=CYLINDRICAL_SURFACE('',#4980,8.8);
#4450=CYLINDRICAL_SURFACE('',#4985,13.2);
#4451=CYLINDRICAL_SURFACE('',#4988,8.8);
#4452=CYLINDRICAL_SURFACE('',#4993,27.4);
#4453=CYLINDRICAL_SURFACE('',#4995,13.2);
#4454=CYLINDRICAL_SURFACE('',#4999,8.8);
#4455=CYLINDRICAL_SURFACE('',#5003,13.2);
#4456=CYLINDRICAL_SURFACE('',#5007,8.8);
#4457=CYLINDRICAL_SURFACE('',#5011,13.2);
#4458=CYLINDRICAL_SURFACE('',#5015,8.8);
#4459=CYLINDRICAL_SURFACE('',#5019,13.2);
#4460=CYLINDRICAL_SURFACE('',#5023,8.8);
#4461=CYLINDRICAL_SURFACE('',#5027,13.2);
#4462=CYLINDRICAL_SURFACE('',#5031,8.8);
#4463=CYLINDRICAL_SURFACE('',#5035,13.2);
#4464=CYLINDRICAL_SURFACE('',#5039,8.8);
#4465=CYLINDRICAL_SURFACE('',#5043,13.2);
#4466=CYLINDRICAL_SURFACE('',#5047,8.8);
#4467=CYLINDRICAL_SURFACE('',#5051,13.2);
#4468=CYLINDRICAL_SURFACE('',#5055,8.8);
#4469=CYLINDRICAL_SURFACE('',#5059,13.2);
#4470=CYLINDRICAL_SURFACE('',#5063,8.8);
#4471=CYLINDRICAL_SURFACE('',#5067,13.2);
#4472=CYLINDRICAL_SURFACE('',#5070,13.2);
#4473=CYLINDRICAL_SURFACE('',#5075,8.8);
#4474=CYLINDRICAL_SURFACE('',#5079,13.2);
#4475=CYLINDRICAL_SURFACE('',#5083,8.8);
#4476=CYLINDRICAL_SURFACE('',#5087,13.2);
#4477=CYLINDRICAL_SURFACE('',#5091,8.8);
#4478=CYLINDRICAL_SURFACE('',#5095,13.2);
#4479=CYLINDRICAL_SURFACE('',#5099,8.8);
#4480=CYLINDRICAL_SURFACE('',#5103,13.2);
#4481=CYLINDRICAL_SURFACE('',#5107,8.8);
#4482=CYLINDRICAL_SURFACE('',#5111,13.2);
#4483=CYLINDRICAL_SURFACE('',#5115,8.8);
#4484=CYLINDRICAL_SURFACE('',#5119,13.2);
#4485=CYLINDRICAL_SURFACE('',#5123,8.8);
#4486=CYLINDRICAL_SURFACE('',#5127,13.2);
#4487=CYLINDRICAL_SURFACE('',#5131,8.8);
#4488=CYLINDRICAL_SURFACE('',#5135,13.2);
#4489=CYLINDRICAL_SURFACE('',#5139,8.8);
#4490=CYLINDRICAL_SURFACE('',#5143,13.2);
#4491=CYLINDRICAL_SURFACE('',#5155,3.6);
#4492=CYLINDRICAL_SURFACE('',#5158,3.6);
#4493=CYLINDRICAL_SURFACE('',#5174,3.6);
#4494=CYLINDRICAL_SURFACE('',#5177,3.1);
#4495=CYLINDRICAL_SURFACE('',#5179,3.1);
#4496=CYLINDRICAL_SURFACE('',#5181,3.1);
#4497=CYLINDRICAL_SURFACE('',#5188,3.6);
#4498=CYLINDRICAL_SURFACE('',#5191,16.4076201808794);
#4499=ADVANCED_FACE('',(#4129),#4419,.T.);
#4500=ADVANCED_FACE('',(#4130),#20,.F.);
#4501=ADVANCED_FACE('',(#4131),#21,.F.);
#4502=ADVANCED_FACE('',(#4132),#22,.T.);
#4503=ADVANCED_FACE('',(#4133),#23,.F.);
#4504=ADVANCED_FACE('',(#4134),#4420,.T.);
#4505=ADVANCED_FACE('',(#4135),#24,.F.);
#4506=ADVANCED_FACE('',(#4136),#25,.F.);
#4507=ADVANCED_FACE('',(#4137),#26,.T.);
#4508=ADVANCED_FACE('',(#4138),#27,.F.);
#4509=ADVANCED_FACE('',(#4139),#4421,.T.);
#4510=ADVANCED_FACE('',(#4140),#28,.F.);
#4511=ADVANCED_FACE('',(#4141),#29,.F.);
#4512=ADVANCED_FACE('',(#4142),#30,.T.);
#4513=ADVANCED_FACE('',(#4143),#31,.F.);
#4514=ADVANCED_FACE('',(#4144),#4422,.F.);
#4515=ADVANCED_FACE('',(#4145),#4423,.F.);
#4516=ADVANCED_FACE('',(#4146),#4424,.F.);
#4517=ADVANCED_FACE('',(#4147),#32,.T.);
#4518=ADVANCED_FACE('',(#4148),#33,.T.);
#4519=ADVANCED_FACE('',(#4149),#34,.T.);
#4520=ADVANCED_FACE('',(#4150),#35,.T.);
#4521=ADVANCED_FACE('',(#4151,#4152),#4425,.F.);
#4522=ADVANCED_FACE('',(#4153,#4154),#4426,.F.);
#4523=ADVANCED_FACE('',(#4155,#4156),#4427,.F.);
#4524=ADVANCED_FACE('',(#4157,#4158,#4159,#4160,#4161,#4162),#4428,.T.);
#4525=ADVANCED_FACE('',(#4163,#4164),#36,.F.);
#4526=ADVANCED_FACE('',(#4165,#4166),#37,.F.);
#4527=ADVANCED_FACE('',(#4167,#4168),#38,.F.);
#4528=ADVANCED_FACE('',(#4169),#39,.T.);
#4529=ADVANCED_FACE('',(#4170),#40,.T.);
#4530=ADVANCED_FACE('',(#4171),#41,.F.);
#4531=ADVANCED_FACE('',(#4172),#42,.T.);
#4532=ADVANCED_FACE('',(#4173),#4429,.T.);
#4533=ADVANCED_FACE('',(#4174),#43,.T.);
#4534=ADVANCED_FACE('',(#4175),#44,.T.);
#4535=ADVANCED_FACE('',(#4176),#4430,.F.);
#4536=ADVANCED_FACE('',(#4177),#45,.T.);
#4537=ADVANCED_FACE('',(#4178),#46,.T.);
#4538=ADVANCED_FACE('',(#4179),#4431,.T.);
#4539=ADVANCED_FACE('',(#4180),#47,.T.);
#4540=ADVANCED_FACE('',(#4181),#48,.T.);
#4541=ADVANCED_FACE('',(#4182),#4432,.F.);
#4542=ADVANCED_FACE('',(#4183),#49,.T.);
#4543=ADVANCED_FACE('',(#4184),#50,.T.);
#4544=ADVANCED_FACE('',(#4185),#4433,.T.);
#4545=ADVANCED_FACE('',(#4186),#51,.T.);
#4546=ADVANCED_FACE('',(#4187,#4188),#52,.F.);
#4547=ADVANCED_FACE('',(#4189),#53,.T.);
#4548=ADVANCED_FACE('',(#4190,#4191),#54,.F.);
#4549=ADVANCED_FACE('',(#4192),#4434,.T.);
#4550=ADVANCED_FACE('',(#4193),#55,.T.);
#4551=ADVANCED_FACE('',(#4194,#4195),#56,.F.);
#4552=ADVANCED_FACE('',(#4196,#4197),#57,.T.);
#4553=ADVANCED_FACE('',(#4198),#58,.T.);
#4554=ADVANCED_FACE('',(#4199,#4200),#59,.T.);
#4555=ADVANCED_FACE('',(#4201),#60,.T.);
#4556=ADVANCED_FACE('',(#4202,#4203),#4435,.F.);
#4557=ADVANCED_FACE('',(#4204,#4205),#4436,.F.);
#4558=ADVANCED_FACE('',(#4206,#4207),#4437,.F.);
#4559=ADVANCED_FACE('',(#4208),#61,.T.);
#4560=ADVANCED_FACE('',(#4209),#4438,.T.);
#4561=ADVANCED_FACE('',(#4210),#62,.T.);
#4562=ADVANCED_FACE('',(#4211),#4439,.T.);
#4563=ADVANCED_FACE('',(#4212),#4440,.T.);
#4564=ADVANCED_FACE('',(#4213),#63,.F.);
#4565=ADVANCED_FACE('',(#4214),#64,.T.);
#4566=ADVANCED_FACE('',(#4215),#65,.F.);
#4567=ADVANCED_FACE('',(#4216),#66,.T.);
#4568=ADVANCED_FACE('',(#4217),#67,.F.);
#4569=ADVANCED_FACE('',(#4218),#68,.T.);
#4570=ADVANCED_FACE('',(#4219),#69,.F.);
#4571=ADVANCED_FACE('',(#4220),#70,.T.);
#4572=ADVANCED_FACE('',(#4221),#4441,.F.);
#4573=ADVANCED_FACE('',(#4222),#71,.T.);
#4574=ADVANCED_FACE('',(#4223),#4442,.F.);
#4575=ADVANCED_FACE('',(#4224),#72,.T.);
#4576=ADVANCED_FACE('',(#4225),#4443,.F.);
#4577=ADVANCED_FACE('',(#4226),#73,.T.);
#4578=ADVANCED_FACE('',(#4227,#4228),#4444,.F.);
#4579=ADVANCED_FACE('',(#4229,#4230),#4445,.F.);
#4580=ADVANCED_FACE('',(#4231,#4232),#4446,.F.);
#4581=ADVANCED_FACE('',(#4233,#4234),#74,.F.);
#4582=ADVANCED_FACE('',(#4235,#4236),#75,.F.);
#4583=ADVANCED_FACE('',(#4237,#4238),#76,.F.);
#4584=ADVANCED_FACE('',(#4239),#77,.T.);
#4585=ADVANCED_FACE('',(#4240),#4447,.T.);
#4586=ADVANCED_FACE('',(#4241),#78,.T.);
#4587=ADVANCED_FACE('',(#4242),#79,.T.);
#4588=ADVANCED_FACE('',(#4243),#80,.T.);
#4589=ADVANCED_FACE('',(#4244),#4448,.F.);
#4590=ADVANCED_FACE('',(#4245),#81,.T.);
#4591=ADVANCED_FACE('',(#4246),#4449,.T.);
#4592=ADVANCED_FACE('',(#4247),#82,.T.);
#4593=ADVANCED_FACE('',(#4248),#83,.T.);
#4594=ADVANCED_FACE('',(#4249),#84,.T.);
#4595=ADVANCED_FACE('',(#4250),#4450,.F.);
#4596=ADVANCED_FACE('',(#4251),#85,.T.);
#4597=ADVANCED_FACE('',(#4252),#4451,.T.);
#4598=ADVANCED_FACE('',(#4253),#86,.T.);
#4599=ADVANCED_FACE('',(#4254),#87,.T.);
#4600=ADVANCED_FACE('',(#4255),#88,.T.);
#4601=ADVANCED_FACE('',(#4256,#4257),#4452,.T.);
#4602=ADVANCED_FACE('',(#4258),#4453,.F.);
#4603=ADVANCED_FACE('',(#4259),#89,.T.);
#4604=ADVANCED_FACE('',(#4260),#90,.T.);
#4605=ADVANCED_FACE('',(#4261),#4454,.T.);
#4606=ADVANCED_FACE('',(#4262),#91,.T.);
#4607=ADVANCED_FACE('',(#4263),#92,.T.);
#4608=ADVANCED_FACE('',(#4264),#4455,.F.);
#4609=ADVANCED_FACE('',(#4265),#93,.T.);
#4610=ADVANCED_FACE('',(#4266),#94,.T.);
#4611=ADVANCED_FACE('',(#4267),#4456,.T.);
#4612=ADVANCED_FACE('',(#4268),#95,.T.);
#4613=ADVANCED_FACE('',(#4269),#96,.T.);
#4614=ADVANCED_FACE('',(#4270),#4457,.F.);
#4615=ADVANCED_FACE('',(#4271),#97,.T.);
#4616=ADVANCED_FACE('',(#4272),#98,.T.);
#4617=ADVANCED_FACE('',(#4273),#4458,.T.);
#4618=ADVANCED_FACE('',(#4274),#99,.T.);
#4619=ADVANCED_FACE('',(#4275),#100,.T.);
#4620=ADVANCED_FACE('',(#4276),#4459,.F.);
#4621=ADVANCED_FACE('',(#4277),#101,.T.);
#4622=ADVANCED_FACE('',(#4278),#102,.T.);
#4623=ADVANCED_FACE('',(#4279),#4460,.T.);
#4624=ADVANCED_FACE('',(#4280),#103,.T.);
#4625=ADVANCED_FACE('',(#4281),#104,.T.);
#4626=ADVANCED_FACE('',(#4282),#4461,.F.);
#4627=ADVANCED_FACE('',(#4283),#105,.T.);
#4628=ADVANCED_FACE('',(#4284),#106,.T.);
#4629=ADVANCED_FACE('',(#4285),#4462,.T.);
#4630=ADVANCED_FACE('',(#4286),#107,.T.);
#4631=ADVANCED_FACE('',(#4287),#108,.T.);
#4632=ADVANCED_FACE('',(#4288),#4463,.F.);
#4633=ADVANCED_FACE('',(#4289),#109,.T.);
#4634=ADVANCED_FACE('',(#4290),#110,.T.);
#4635=ADVANCED_FACE('',(#4291),#4464,.T.);
#4636=ADVANCED_FACE('',(#4292),#111,.T.);
#4637=ADVANCED_FACE('',(#4293),#112,.T.);
#4638=ADVANCED_FACE('',(#4294),#4465,.F.);
#4639=ADVANCED_FACE('',(#4295),#113,.T.);
#4640=ADVANCED_FACE('',(#4296),#114,.T.);
#4641=ADVANCED_FACE('',(#4297),#4466,.T.);
#4642=ADVANCED_FACE('',(#4298),#115,.T.);
#4643=ADVANCED_FACE('',(#4299),#116,.T.);
#4644=ADVANCED_FACE('',(#4300),#4467,.F.);
#4645=ADVANCED_FACE('',(#4301),#117,.T.);
#4646=ADVANCED_FACE('',(#4302),#118,.T.);
#4647=ADVANCED_FACE('',(#4303),#4468,.T.);
#4648=ADVANCED_FACE('',(#4304),#119,.T.);
#4649=ADVANCED_FACE('',(#4305),#120,.T.);
#4650=ADVANCED_FACE('',(#4306),#4469,.F.);
#4651=ADVANCED_FACE('',(#4307),#121,.T.);
#4652=ADVANCED_FACE('',(#4308),#122,.T.);
#4653=ADVANCED_FACE('',(#4309),#4470,.T.);
#4654=ADVANCED_FACE('',(#4310),#123,.T.);
#4655=ADVANCED_FACE('',(#4311),#124,.T.);
#4656=ADVANCED_FACE('',(#4312),#4471,.F.);
#4657=ADVANCED_FACE('',(#4313),#4472,.F.);
#4658=ADVANCED_FACE('',(#4314),#125,.T.);
#4659=ADVANCED_FACE('',(#4315),#126,.T.);
#4660=ADVANCED_FACE('',(#4316),#4473,.T.);
#4661=ADVANCED_FACE('',(#4317),#127,.T.);
#4662=ADVANCED_FACE('',(#4318),#128,.T.);
#4663=ADVANCED_FACE('',(#4319),#4474,.F.);
#4664=ADVANCED_FACE('',(#4320),#129,.T.);
#4665=ADVANCED_FACE('',(#4321),#130,.T.);
#4666=ADVANCED_FACE('',(#4322),#4475,.T.);
#4667=ADVANCED_FACE('',(#4323),#131,.T.);
#4668=ADVANCED_FACE('',(#4324),#132,.T.);
#4669=ADVANCED_FACE('',(#4325),#4476,.F.);
#4670=ADVANCED_FACE('',(#4326),#133,.T.);
#4671=ADVANCED_FACE('',(#4327),#134,.T.);
#4672=ADVANCED_FACE('',(#4328),#4477,.T.);
#4673=ADVANCED_FACE('',(#4329),#135,.T.);
#4674=ADVANCED_FACE('',(#4330),#136,.T.);
#4675=ADVANCED_FACE('',(#4331),#4478,.F.);
#4676=ADVANCED_FACE('',(#4332),#137,.T.);
#4677=ADVANCED_FACE('',(#4333),#138,.T.);
#4678=ADVANCED_FACE('',(#4334),#4479,.T.);
#4679=ADVANCED_FACE('',(#4335),#139,.T.);
#4680=ADVANCED_FACE('',(#4336),#140,.T.);
#4681=ADVANCED_FACE('',(#4337),#4480,.F.);
#4682=ADVANCED_FACE('',(#4338),#141,.T.);
#4683=ADVANCED_FACE('',(#4339),#142,.T.);
#4684=ADVANCED_FACE('',(#4340),#4481,.T.);
#4685=ADVANCED_FACE('',(#4341),#143,.T.);
#4686=ADVANCED_FACE('',(#4342),#144,.T.);
#4687=ADVANCED_FACE('',(#4343),#4482,.F.);
#4688=ADVANCED_FACE('',(#4344),#145,.T.);
#4689=ADVANCED_FACE('',(#4345),#146,.T.);
#4690=ADVANCED_FACE('',(#4346),#4483,.T.);
#4691=ADVANCED_FACE('',(#4347),#147,.T.);
#4692=ADVANCED_FACE('',(#4348),#148,.T.);
#4693=ADVANCED_FACE('',(#4349),#4484,.F.);
#4694=ADVANCED_FACE('',(#4350),#149,.T.);
#4695=ADVANCED_FACE('',(#4351),#150,.T.);
#4696=ADVANCED_FACE('',(#4352),#4485,.T.);
#4697=ADVANCED_FACE('',(#4353),#151,.T.);
#4698=ADVANCED_FACE('',(#4354),#152,.T.);
#4699=ADVANCED_FACE('',(#4355),#4486,.F.);
#4700=ADVANCED_FACE('',(#4356),#153,.T.);
#4701=ADVANCED_FACE('',(#4357),#154,.T.);
#4702=ADVANCED_FACE('',(#4358),#4487,.T.);
#4703=ADVANCED_FACE('',(#4359),#155,.T.);
#4704=ADVANCED_FACE('',(#4360),#156,.T.);
#4705=ADVANCED_FACE('',(#4361),#4488,.F.);
#4706=ADVANCED_FACE('',(#4362),#157,.T.);
#4707=ADVANCED_FACE('',(#4363),#158,.T.);
#4708=ADVANCED_FACE('',(#4364),#4489,.T.);
#4709=ADVANCED_FACE('',(#4365),#159,.T.);
#4710=ADVANCED_FACE('',(#4366),#160,.T.);
#4711=ADVANCED_FACE('',(#4367),#4490,.F.);
#4712=ADVANCED_FACE('',(#4368),#161,.F.);
#4713=ADVANCED_FACE('',(#4369,#4370,#4371,#4372),#162,.T.);
#4714=ADVANCED_FACE('',(#4373),#163,.F.);
#4715=ADVANCED_FACE('',(#4374),#164,.F.);
#4716=ADVANCED_FACE('',(#4375,#4376),#165,.F.);
#4717=ADVANCED_FACE('',(#4377,#4378),#166,.F.);
#4718=ADVANCED_FACE('',(#4379,#4380),#167,.F.);
#4719=ADVANCED_FACE('',(#4381),#4491,.T.);
#4720=ADVANCED_FACE('',(#4382),#168,.T.);
#4721=ADVANCED_FACE('',(#4383),#4492,.T.);
#4722=ADVANCED_FACE('',(#4384),#169,.F.);
#4723=ADVANCED_FACE('',(#4385),#170,.F.);
#4724=ADVANCED_FACE('',(#4386),#171,.T.);
#4725=ADVANCED_FACE('',(#4387),#172,.F.);
#4726=ADVANCED_FACE('',(#4388),#173,.T.);
#4727=ADVANCED_FACE('',(#4389),#174,.F.);
#4728=ADVANCED_FACE('',(#4390),#175,.T.);
#4729=ADVANCED_FACE('',(#4391),#176,.F.);
#4730=ADVANCED_FACE('',(#4392,#4393),#177,.T.);
#4731=ADVANCED_FACE('',(#4394),#178,.F.);
#4732=ADVANCED_FACE('',(#4395),#179,.F.);
#4733=ADVANCED_FACE('',(#4396),#180,.T.);
#4734=ADVANCED_FACE('',(#4397),#4493,.T.);
#4735=ADVANCED_FACE('',(#4398,#4399),#4494,.F.);
#4736=ADVANCED_FACE('',(#4400,#4401),#4495,.F.);
#4737=ADVANCED_FACE('',(#4402,#4403),#4496,.F.);
#4738=ADVANCED_FACE('',(#4404,#4405,#4406,#4407),#181,.T.);
#4739=ADVANCED_FACE('',(#4408),#182,.T.);
#4740=ADVANCED_FACE('',(#4409),#183,.T.);
#4741=ADVANCED_FACE('',(#4410),#184,.F.);
#4742=ADVANCED_FACE('',(#4411),#4497,.T.);
#4743=ADVANCED_FACE('',(#4412),#185,.T.);
#4744=ADVANCED_FACE('',(#4413),#186,.T.);
#4745=ADVANCED_FACE('',(#4414),#4498,.T.);
#4746=ADVANCED_FACE('',(#4415),#187,.F.);
#4747=ADVANCED_FACE('',(#4416),#188,.F.);
#4748=ADVANCED_FACE('',(#4417),#189,.T.);
#4749=ADVANCED_FACE('',(#4418),#190,.F.);
#4750=CLOSED_SHELL('',(#4499,#4500,#4501,#4502,#4503,#4504,#4505,#4506,
#4507,#4508,#4509,#4510,#4511,#4512,#4513,#4514,#4515,#4516,#4517,#4518,
#4519,#4520,#4521,#4522,#4523,#4524,#4525,#4526,#4527,#4528,#4529,#4530,
#4531,#4532,#4533,#4534,#4535,#4536,#4537,#4538,#4539,#4540,#4541,#4542,
#4543,#4544,#4545,#4546,#4547,#4548,#4549,#4550,#4551,#4552,#4553,#4554,
#4555,#4556,#4557,#4558,#4559,#4560,#4561,#4562,#4563,#4564,#4565,#4566,
#4567,#4568,#4569,#4570,#4571,#4572,#4573,#4574,#4575,#4576,#4577,#4578,
#4579,#4580,#4581,#4582,#4583,#4584,#4585,#4586,#4587,#4588,#4589,#4590,
#4591,#4592,#4593,#4594,#4595,#4596,#4597,#4598,#4599,#4600,#4601,#4602,
#4603,#4604,#4605,#4606,#4607,#4608,#4609,#4610,#4611,#4612,#4613,#4614,
#4615,#4616,#4617,#4618,#4619,#4620,#4621,#4622,#4623,#4624,#4625,#4626,
#4627,#4628,#4629,#4630,#4631,#4632,#4633,#4634,#4635,#4636,#4637,#4638,
#4639,#4640,#4641,#4642,#4643,#4644,#4645,#4646,#4647,#4648,#4649,#4650,
#4651,#4652,#4653,#4654,#4655,#4656,#4657,#4658,#4659,#4660,#4661,#4662,
#4663,#4664,#4665,#4666,#4667,#4668,#4669,#4670,#4671,#4672,#4673,#4674,
#4675,#4676,#4677,#4678,#4679,#4680,#4681,#4682,#4683,#4684,#4685,#4686,
#4687,#4688,#4689,#4690,#4691,#4692,#4693,#4694,#4695,#4696,#4697,#4698,
#4699,#4700,#4701,#4702,#4703,#4704,#4705,#4706,#4707,#4708,#4709,#4710,
#4711,#4712,#4713,#4714,#4715,#4716,#4717,#4718,#4719,#4720,#4721,#4722,
#4723,#4724,#4725,#4726,#4727,#4728,#4729,#4730,#4731,#4732,#4733,#4734,
#4735,#4736,#4737,#4738,#4739,#4740,#4741,#4742,#4743,#4744,#4745,#4746,
#4747,#4748,#4749));
#4751=STYLED_ITEM('',(#4752),#4759);
#4752=PRESENTATION_STYLE_ASSIGNMENT((#4753));
#4753=SURFACE_STYLE_USAGE(.BOTH.,#4754);
#4754=SURFACE_SIDE_STYLE('',(#4755));
#4755=SURFACE_STYLE_FILL_AREA(#4756);
#4756=FILL_AREA_STYLE('',(#4757));
#4757=FILL_AREA_STYLE_COLOUR('',#4758);
#4758=COLOUR_RGB('',0.506983280181885,0.531564235687256,0.550000011920929);
#4759=MANIFOLD_SOLID_BREP('',#4750);
#4760=SHAPE_DEFINITION_REPRESENTATION(#7948,#4761);
#4761=SHAPE_REPRESENTATION('ClGray_4624645_a)_JCA',(#4762),#7943);
#4762=AXIS2_PLACEMENT_3D('',#6562,#5198,#5199);
#4763=AXIS2_PLACEMENT_3D('',#6563,#5200,#5201);
#4764=AXIS2_PLACEMENT_3D('',#6564,#5202,#5203);
#4765=AXIS2_PLACEMENT_3D('',#6569,#5205,#5206);
#4766=AXIS2_PLACEMENT_3D('',#6572,#5208,#5209);
#4767=AXIS2_PLACEMENT_3D('',#6578,#5213,#5214);
#4768=AXIS2_PLACEMENT_3D('',#6584,#5218,#5219);
#4769=AXIS2_PLACEMENT_3D('',#6585,#5220,#5221);
#4770=AXIS2_PLACEMENT_3D('',#6586,#5222,#5223);
#4771=AXIS2_PLACEMENT_3D('',#6587,#5224,#5225);
#4772=AXIS2_PLACEMENT_3D('',#6588,#5226,#5227);
#4773=AXIS2_PLACEMENT_3D('',#6589,#5228,#5229);
#4774=AXIS2_PLACEMENT_3D('',#6594,#5231,#5232);
#4775=AXIS2_PLACEMENT_3D('',#6597,#5234,#5235);
#4776=AXIS2_PLACEMENT_3D('',#6603,#5239,#5240);
#4777=AXIS2_PLACEMENT_3D('',#6609,#5244,#5245);
#4778=AXIS2_PLACEMENT_3D('',#6610,#5246,#5247);
#4779=AXIS2_PLACEMENT_3D('',#6611,#5248,#5249);
#4780=AXIS2_PLACEMENT_3D('',#6612,#5250,#5251);
#4781=AXIS2_PLACEMENT_3D('',#6613,#5252,#5253);
#4782=AXIS2_PLACEMENT_3D('',#6614,#5254,#5255);
#4783=AXIS2_PLACEMENT_3D('',#6619,#5257,#5258);
#4784=AXIS2_PLACEMENT_3D('',#6622,#5260,#5261);
#4785=AXIS2_PLACEMENT_3D('',#6628,#5265,#5266);
#4786=AXIS2_PLACEMENT_3D('',#6634,#5270,#5271);
#4787=AXIS2_PLACEMENT_3D('',#6635,#5272,#5273);
#4788=AXIS2_PLACEMENT_3D('',#6636,#5274,#5275);
#4789=AXIS2_PLACEMENT_3D('',#6637,#5276,#5277);
#4790=AXIS2_PLACEMENT_3D('',#6638,#5278,#5279);
#4791=AXIS2_PLACEMENT_3D('',#6639,#5280,#5281);
#4792=AXIS2_PLACEMENT_3D('',#6644,#5283,#5284);
#4793=AXIS2_PLACEMENT_3D('',#6647,#5286,#5287);
#4794=AXIS2_PLACEMENT_3D('',#6648,#5288,#5289);
#4795=AXIS2_PLACEMENT_3D('',#6653,#5291,#5292);
#4796=AXIS2_PLACEMENT_3D('',#6656,#5294,#5295);
#4797=AXIS2_PLACEMENT_3D('',#6657,#5296,#5297);
#4798=AXIS2_PLACEMENT_3D('',#6662,#5299,#5300);
#4799=AXIS2_PLACEMENT_3D('',#6665,#5302,#5303);
#4800=AXIS2_PLACEMENT_3D('',#6669,#5305,#5306);
#4801=AXIS2_PLACEMENT_3D('',#6673,#5308,#5309);
#4802=AXIS2_PLACEMENT_3D('',#6674,#5310,#5311);
#4803=AXIS2_PLACEMENT_3D('',#6680,#5315,#5316);
#4804=AXIS2_PLACEMENT_3D('',#6684,#5318,#5319);
#4805=AXIS2_PLACEMENT_3D('',#6688,#5321,#5322);
#4806=AXIS2_PLACEMENT_3D('',#6689,#5323,#5324);
#4807=AXIS2_PLACEMENT_3D('',#6697,#5330,#5331);
#4808=AXIS2_PLACEMENT_3D('',#6698,#5332,#5333);
#4809=AXIS2_PLACEMENT_3D('',#6700,#5334,#5335);
#4810=AXIS2_PLACEMENT_3D('',#6702,#5336,#5337);
#4811=AXIS2_PLACEMENT_3D('',#6703,#5338,#5339);
#4812=AXIS2_PLACEMENT_3D('',#6705,#5340,#5341);
#4813=AXIS2_PLACEMENT_3D('',#6707,#5342,#5343);
#4814=AXIS2_PLACEMENT_3D('',#6708,#5344,#5345);
#4815=AXIS2_PLACEMENT_3D('',#6710,#5346,#5347);
#4816=AXIS2_PLACEMENT_3D('',#6712,#5348,#5349);
#4817=AXIS2_PLACEMENT_3D('',#6713,#5350,#5351);
#4818=AXIS2_PLACEMENT_3D('',#6718,#5353,#5354);
#4819=AXIS2_PLACEMENT_3D('',#6721,#5356,#5357);
#4820=AXIS2_PLACEMENT_3D('',#6723,#5358,#5359);
#4821=AXIS2_PLACEMENT_3D('',#6725,#5360,#5361);
#4822=AXIS2_PLACEMENT_3D('',#6726,#5362,#5363);
#4823=AXIS2_PLACEMENT_3D('',#6728,#5364,#5365);
#4824=AXIS2_PLACEMENT_3D('',#6729,#5366,#5367);
#4825=AXIS2_PLACEMENT_3D('',#6731,#5368,#5369);
#4826=AXIS2_PLACEMENT_3D('',#6732,#5370,#5371);
#4827=AXIS2_PLACEMENT_3D('',#6734,#5372,#5373);
#4828=AXIS2_PLACEMENT_3D('',#6738,#5375,#5376);
#4829=AXIS2_PLACEMENT_3D('',#6742,#5378,#5379);
#4830=AXIS2_PLACEMENT_3D('',#6743,#5380,#5381);
#4831=AXIS2_PLACEMENT_3D('',#6746,#5383,#5384);
#4832=AXIS2_PLACEMENT_3D('',#6750,#5386,#5387);
#4833=AXIS2_PLACEMENT_3D('',#6751,#5388,#5389);
#4834=AXIS2_PLACEMENT_3D('',#6759,#5394,#5395);
#4835=AXIS2_PLACEMENT_3D('',#6768,#5400,#5401);
#4836=AXIS2_PLACEMENT_3D('',#6769,#5402,#5403);
#4837=AXIS2_PLACEMENT_3D('',#6773,#5405,#5406);
#4838=AXIS2_PLACEMENT_3D('',#6774,#5407,#5408);
#4839=AXIS2_PLACEMENT_3D('',#6780,#5412,#5413);
#4840=AXIS2_PLACEMENT_3D('',#6788,#5418,#5419);
#4841=AXIS2_PLACEMENT_3D('',#6792,#5421,#5422);
#4842=AXIS2_PLACEMENT_3D('',#6793,#5423,#5424);
#4843=AXIS2_PLACEMENT_3D('',#6794,#5425,#5426);
#4844=AXIS2_PLACEMENT_3D('',#6800,#5430,#5431);
#4845=AXIS2_PLACEMENT_3D('',#6808,#5436,#5437);
#4846=AXIS2_PLACEMENT_3D('',#6809,#5438,#5439);
#4847=AXIS2_PLACEMENT_3D('',#6813,#5441,#5442);
#4848=AXIS2_PLACEMENT_3D('',#6814,#5443,#5444);
#4849=AXIS2_PLACEMENT_3D('',#6822,#5449,#5450);
#4850=AXIS2_PLACEMENT_3D('',#6828,#5454,#5455);
#4851=AXIS2_PLACEMENT_3D('',#6832,#5457,#5458);
#4852=AXIS2_PLACEMENT_3D('',#6833,#5459,#5460);
#4853=AXIS2_PLACEMENT_3D('',#6834,#5461,#5462);
#4854=AXIS2_PLACEMENT_3D('',#6842,#5467,#5468);
#4855=AXIS2_PLACEMENT_3D('',#6848,#5472,#5473);
#4856=AXIS2_PLACEMENT_3D('',#6849,#5474,#5475);
#4857=AXIS2_PLACEMENT_3D('',#6853,#5477,#5478);
#4858=AXIS2_PLACEMENT_3D('',#6854,#5479,#5480);
#4859=AXIS2_PLACEMENT_3D('',#6860,#5484,#5485);
#4860=AXIS2_PLACEMENT_3D('',#6864,#5487,#5488);
#4861=AXIS2_PLACEMENT_3D('',#6868,#5490,#5491);
#4862=AXIS2_PLACEMENT_3D('',#6869,#5492,#5493);
#4863=AXIS2_PLACEMENT_3D('',#6870,#5494,#5495);
#4864=AXIS2_PLACEMENT_3D('',#6874,#5497,#5498);
#4865=AXIS2_PLACEMENT_3D('',#6875,#5499,#5500);
#4866=AXIS2_PLACEMENT_3D('',#6879,#5502,#5503);
#4867=AXIS2_PLACEMENT_3D('',#6883,#5505,#5506);
#4868=AXIS2_PLACEMENT_3D('',#6884,#5507,#5508);
#4869=AXIS2_PLACEMENT_3D('',#6887,#5510,#5511);
#4870=AXIS2_PLACEMENT_3D('',#6889,#5513,#5514);
#4871=AXIS2_PLACEMENT_3D('',#6890,#5515,#5516);
#4872=AXIS2_PLACEMENT_3D('',#6893,#5518,#5519);
#4873=AXIS2_PLACEMENT_3D('',#6894,#5520,#5521);
#4874=AXIS2_PLACEMENT_3D('',#6899,#5523,#5524);
#4875=AXIS2_PLACEMENT_3D('',#6902,#5526,#5527);
#4876=AXIS2_PLACEMENT_3D('',#6903,#5528,#5529);
#4877=AXIS2_PLACEMENT_3D('',#6905,#5530,#5531);
#4878=AXIS2_PLACEMENT_3D('',#6913,#5536,#5537);
#4879=AXIS2_PLACEMENT_3D('',#6914,#5538,#5539);
#4880=AXIS2_PLACEMENT_3D('',#6921,#5542,#5543);
#4881=AXIS2_PLACEMENT_3D('',#6927,#5546,#5547);
#4882=AXIS2_PLACEMENT_3D('',#6933,#5550,#5551);
#4883=AXIS2_PLACEMENT_3D('',#6939,#5554,#5555);
#4884=AXIS2_PLACEMENT_3D('',#6945,#5558,#5559);
#4885=AXIS2_PLACEMENT_3D('',#6951,#5562,#5563);
#4886=AXIS2_PLACEMENT_3D('',#6957,#5566,#5567);
#4887=AXIS2_PLACEMENT_3D('',#6963,#5570,#5571);
#4888=AXIS2_PLACEMENT_3D('',#6966,#5573,#5574);
#4889=AXIS2_PLACEMENT_3D('',#6972,#5577,#5578);
#4890=AXIS2_PLACEMENT_3D('',#6978,#5581,#5582);
#4891=AXIS2_PLACEMENT_3D('',#6984,#5585,#5586);
#4892=AXIS2_PLACEMENT_3D('',#6990,#5589,#5590);
#4893=AXIS2_PLACEMENT_3D('',#6996,#5593,#5594);
#4894=AXIS2_PLACEMENT_3D('',#7002,#5597,#5598);
#4895=AXIS2_PLACEMENT_3D('',#7008,#5601,#5602);
#4896=AXIS2_PLACEMENT_3D('',#7014,#5605,#5606);
#4897=AXIS2_PLACEMENT_3D('',#7020,#5609,#5610);
#4898=AXIS2_PLACEMENT_3D('',#7026,#5613,#5614);
#4899=AXIS2_PLACEMENT_3D('',#7032,#5617,#5618);
#4900=AXIS2_PLACEMENT_3D('',#7038,#5621,#5622);
#4901=AXIS2_PLACEMENT_3D('',#7044,#5625,#5626);
#4902=AXIS2_PLACEMENT_3D('',#7050,#5629,#5630);
#4903=AXIS2_PLACEMENT_3D('',#7056,#5633,#5634);
#4904=AXIS2_PLACEMENT_3D('',#7062,#5637,#5638);
#4905=AXIS2_PLACEMENT_3D('',#7068,#5641,#5642);
#4906=AXIS2_PLACEMENT_3D('',#7074,#5645,#5646);
#4907=AXIS2_PLACEMENT_3D('',#7080,#5649,#5650);
#4908=AXIS2_PLACEMENT_3D('',#7086,#5653,#5654);
#4909=AXIS2_PLACEMENT_3D('',#7092,#5657,#5658);
#4910=AXIS2_PLACEMENT_3D('',#7098,#5661,#5662);
#4911=AXIS2_PLACEMENT_3D('',#7104,#5665,#5666);
#4912=AXIS2_PLACEMENT_3D('',#7110,#5669,#5670);
#4913=AXIS2_PLACEMENT_3D('',#7116,#5673,#5674);
#4914=AXIS2_PLACEMENT_3D('',#7122,#5677,#5678);
#4915=AXIS2_PLACEMENT_3D('',#7128,#5681,#5682);
#4916=AXIS2_PLACEMENT_3D('',#7134,#5685,#5686);
#4917=AXIS2_PLACEMENT_3D('',#7140,#5689,#5690);
#4918=AXIS2_PLACEMENT_3D('',#7146,#5693,#5694);
#4919=AXIS2_PLACEMENT_3D('',#7152,#5697,#5698);
#4920=AXIS2_PLACEMENT_3D('',#7158,#5701,#5702);
#4921=AXIS2_PLACEMENT_3D('',#7164,#5705,#5706);
#4922=AXIS2_PLACEMENT_3D('',#7169,#5709,#5710);
#4923=AXIS2_PLACEMENT_3D('',#7175,#5714,#5715);
#4924=AXIS2_PLACEMENT_3D('',#7176,#5716,#5717);
#4925=AXIS2_PLACEMENT_3D('',#7178,#5718,#5719);
#4926=AXIS2_PLACEMENT_3D('',#7179,#5720,#5721);
#4927=AXIS2_PLACEMENT_3D('',#7181,#5722,#5723);
#4928=AXIS2_PLACEMENT_3D('',#7182,#5724,#5725);
#4929=AXIS2_PLACEMENT_3D('',#7184,#5726,#5727);
#4930=AXIS2_PLACEMENT_3D('',#7190,#5731,#5732);
#4931=AXIS2_PLACEMENT_3D('',#7191,#5733,#5734);
#4932=AXIS2_PLACEMENT_3D('',#7197,#5738,#5739);
#4933=AXIS2_PLACEMENT_3D('',#7201,#5742,#5743);
#4934=AXIS2_PLACEMENT_3D('',#7202,#5744,#5745);
#4935=AXIS2_PLACEMENT_3D('',#7203,#5746,#5747);
#4936=AXIS2_PLACEMENT_3D('',#7207,#5750,#5751);
#4937=AXIS2_PLACEMENT_3D('',#7208,#5752,#5753);
#4938=AXIS2_PLACEMENT_3D('',#7209,#5754,#5755);
#4939=AXIS2_PLACEMENT_3D('',#7212,#5757,#5758);
#4940=AXIS2_PLACEMENT_3D('',#7214,#5760,#5761);
#4941=AXIS2_PLACEMENT_3D('',#7216,#5763,#5764);
#4942=AXIS2_PLACEMENT_3D('',#7218,#5766,#5767);
#4943=AXIS2_PLACEMENT_3D('',#7220,#5769,#5770);
#4944=AXIS2_PLACEMENT_3D('',#7222,#5772,#5773);
#4945=AXIS2_PLACEMENT_3D('',#7225,#5775,#5776);
#4946=AXIS2_PLACEMENT_3D('',#7226,#5777,#5778);
#4947=AXIS2_PLACEMENT_3D('',#7232,#5782,#5783);
#4948=AXIS2_PLACEMENT_3D('',#7233,#5784,#5785);
#4949=AXIS2_PLACEMENT_3D('',#7236,#5787,#5788);
#4950=AXIS2_PLACEMENT_3D('',#7240,#5791,#5792);
#4951=AXIS2_PLACEMENT_3D('',#7241,#5793,#5794);
#4952=AXIS2_PLACEMENT_3D('',#7244,#5796,#5797);
#4953=AXIS2_PLACEMENT_3D('',#7248,#5800,#5801);
#4954=AXIS2_PLACEMENT_3D('',#7249,#5802,#5803);
#4955=AXIS2_PLACEMENT_3D('',#7252,#5805,#5806);
#4956=AXIS2_PLACEMENT_3D('',#7256,#5809,#5810);
#4957=AXIS2_PLACEMENT_3D('',#7257,#5811,#5812);
#4958=AXIS2_PLACEMENT_3D('',#7259,#5813,#5814);
#4959=AXIS2_PLACEMENT_3D('',#7261,#5815,#5816);
#4960=AXIS2_PLACEMENT_3D('',#7262,#5817,#5818);
#4961=AXIS2_PLACEMENT_3D('',#7264,#5819,#5820);
#4962=AXIS2_PLACEMENT_3D('',#7266,#5821,#5822);
#4963=AXIS2_PLACEMENT_3D('',#7267,#5823,#5824);
#4964=AXIS2_PLACEMENT_3D('',#7269,#5825,#5826);
#4965=AXIS2_PLACEMENT_3D('',#7271,#5827,#5828);
#4966=AXIS2_PLACEMENT_3D('',#7272,#5829,#5830);
#4967=AXIS2_PLACEMENT_3D('',#7274,#5831,#5832);
#4968=AXIS2_PLACEMENT_3D('',#7275,#5833,#5834);
#4969=AXIS2_PLACEMENT_3D('',#7277,#5835,#5836);
#4970=AXIS2_PLACEMENT_3D('',#7278,#5837,#5838);
#4971=AXIS2_PLACEMENT_3D('',#7280,#5839,#5840);
#4972=AXIS2_PLACEMENT_3D('',#7286,#5844,#5845);
#4973=AXIS2_PLACEMENT_3D('',#7287,#5846,#5847);
#4974=AXIS2_PLACEMENT_3D('',#7290,#5849,#5850);
#4975=AXIS2_PLACEMENT_3D('',#7294,#5853,#5854);
#4976=AXIS2_PLACEMENT_3D('',#7300,#5858,#5859);
#4977=AXIS2_PLACEMENT_3D('',#7306,#5863,#5864);
#4978=AXIS2_PLACEMENT_3D('',#7309,#5866,#5867);
#4979=AXIS2_PLACEMENT_3D('',#7310,#5868,#5869);
#4980=AXIS2_PLACEMENT_3D('',#7314,#5872,#5873);
#4981=AXIS2_PLACEMENT_3D('',#7315,#5874,#5875);
#4982=AXIS2_PLACEMENT_3D('',#7320,#5878,#5879);
#4983=AXIS2_PLACEMENT_3D('',#7324,#5882,#5883);
#4984=AXIS2_PLACEMENT_3D('',#7330,#5887,#5888);
#4985=AXIS2_PLACEMENT_3D('',#7334,#5891,#5892);
#4986=AXIS2_PLACEMENT_3D('',#7337,#5894,#5895);
#4987=AXIS2_PLACEMENT_3D('',#7338,#5896,#5897);
#4988=AXIS2_PLACEMENT_3D('',#7344,#5901,#5902);
#4989=AXIS2_PLACEMENT_3D('',#7345,#5903,#5904);
#4990=AXIS2_PLACEMENT_3D('',#7348,#5906,#5907);
#4991=AXIS2_PLACEMENT_3D('',#7352,#5910,#5911);
#4992=AXIS2_PLACEMENT_3D('',#7356,#5914,#5915);
#4993=AXIS2_PLACEMENT_3D('',#7362,#5919,#5920);
#4994=AXIS2_PLACEMENT_3D('',#7363,#5921,#5922);
#4995=AXIS2_PLACEMENT_3D('',#7365,#5923,#5924);
#4996=AXIS2_PLACEMENT_3D('',#7368,#5926,#5927);
#4997=AXIS2_PLACEMENT_3D('',#7369,#5928,#5929);
#4998=AXIS2_PLACEMENT_3D('',#7373,#5932,#5933);
#4999=AXIS2_PLACEMENT_3D('',#7377,#5936,#5937);
#5000=AXIS2_PLACEMENT_3D('',#7378,#5938,#5939);
#5001=AXIS2_PLACEMENT_3D('',#7381,#5941,#5942);
#5002=AXIS2_PLACEMENT_3D('',#7385,#5945,#5946);
#5003=AXIS2_PLACEMENT_3D('',#7389,#5949,#5950);
#5004=AXIS2_PLACEMENT_3D('',#7392,#5952,#5953);
#5005=AXIS2_PLACEMENT_3D('',#7393,#5954,#5955);
#5006=AXIS2_PLACEMENT_3D('',#7397,#5958,#5959);
#5007=AXIS2_PLACEMENT_3D('',#7401,#5962,#5963);
#5008=AXIS2_PLACEMENT_3D('',#7402,#5964,#5965);
#5009=AXIS2_PLACEMENT_3D('',#7405,#5967,#5968);
#5010=AXIS2_PLACEMENT_3D('',#7409,#5971,#5972);
#5011=AXIS2_PLACEMENT_3D('',#7413,#5975,#5976);
#5012=AXIS2_PLACEMENT_3D('',#7416,#5978,#5979);
#5013=AXIS2_PLACEMENT_3D('',#7417,#5980,#5981);
#5014=AXIS2_PLACEMENT_3D('',#7421,#5984,#5985);
#5015=AXIS2_PLACEMENT_3D('',#7425,#5988,#5989);
#5016=AXIS2_PLACEMENT_3D('',#7426,#5990,#5991);
#5017=AXIS2_PLACEMENT_3D('',#7429,#5993,#5994);
#5018=AXIS2_PLACEMENT_3D('',#7433,#5997,#5998);
#5019=AXIS2_PLACEMENT_3D('',#7437,#6001,#6002);
#5020=AXIS2_PLACEMENT_3D('',#7440,#6004,#6005);
#5021=AXIS2_PLACEMENT_3D('',#7441,#6006,#6007);
#5022=AXIS2_PLACEMENT_3D('',#7445,#6010,#6011);
#5023=AXIS2_PLACEMENT_3D('',#7449,#6014,#6015);
#5024=AXIS2_PLACEMENT_3D('',#7450,#6016,#6017);
#5025=AXIS2_PLACEMENT_3D('',#7453,#6019,#6020);
#5026=AXIS2_PLACEMENT_3D('',#7457,#6023,#6024);
#5027=AXIS2_PLACEMENT_3D('',#7461,#6027,#6028);
#5028=AXIS2_PLACEMENT_3D('',#7464,#6030,#6031);
#5029=AXIS2_PLACEMENT_3D('',#7465,#6032,#6033);
#5030=AXIS2_PLACEMENT_3D('',#7469,#6036,#6037);
#5031=AXIS2_PLACEMENT_3D('',#7473,#6040,#6041);
#5032=AXIS2_PLACEMENT_3D('',#7474,#6042,#6043);
#5033=AXIS2_PLACEMENT_3D('',#7477,#6045,#6046);
#5034=AXIS2_PLACEMENT_3D('',#7481,#6049,#6050);
#5035=AXIS2_PLACEMENT_3D('',#7485,#6053,#6054);
#5036=AXIS2_PLACEMENT_3D('',#7488,#6056,#6057);
#5037=AXIS2_PLACEMENT_3D('',#7489,#6058,#6059);
#5038=AXIS2_PLACEMENT_3D('',#7493,#6062,#6063);
#5039=AXIS2_PLACEMENT_3D('',#7497,#6066,#6067);
#5040=AXIS2_PLACEMENT_3D('',#7498,#6068,#6069);
#5041=AXIS2_PLACEMENT_3D('',#7501,#6071,#6072);
#5042=AXIS2_PLACEMENT_3D('',#7505,#6075,#6076);
#5043=AXIS2_PLACEMENT_3D('',#7509,#6079,#6080);
#5044=AXIS2_PLACEMENT_3D('',#7512,#6082,#6083);
#5045=AXIS2_PLACEMENT_3D('',#7513,#6084,#6085);
#5046=AXIS2_PLACEMENT_3D('',#7517,#6088,#6089);
#5047=AXIS2_PLACEMENT_3D('',#7521,#6092,#6093);
#5048=AXIS2_PLACEMENT_3D('',#7522,#6094,#6095);
#5049=AXIS2_PLACEMENT_3D('',#7525,#6097,#6098);
#5050=AXIS2_PLACEMENT_3D('',#7529,#6101,#6102);
#5051=AXIS2_PLACEMENT_3D('',#7533,#6105,#6106);
#5052=AXIS2_PLACEMENT_3D('',#7536,#6108,#6109);
#5053=AXIS2_PLACEMENT_3D('',#7537,#6110,#6111);
#5054=AXIS2_PLACEMENT_3D('',#7541,#6114,#6115);
#5055=AXIS2_PLACEMENT_3D('',#7545,#6118,#6119);
#5056=AXIS2_PLACEMENT_3D('',#7546,#6120,#6121);
#5057=AXIS2_PLACEMENT_3D('',#7549,#6123,#6124);
#5058=AXIS2_PLACEMENT_3D('',#7553,#6127,#6128);
#5059=AXIS2_PLACEMENT_3D('',#7557,#6131,#6132);
#5060=AXIS2_PLACEMENT_3D('',#7560,#6134,#6135);
#5061=AXIS2_PLACEMENT_3D('',#7561,#6136,#6137);
#5062=AXIS2_PLACEMENT_3D('',#7565,#6140,#6141);
#5063=AXIS2_PLACEMENT_3D('',#7569,#6144,#6145);
#5064=AXIS2_PLACEMENT_3D('',#7570,#6146,#6147);
#5065=AXIS2_PLACEMENT_3D('',#7573,#6149,#6150);
#5066=AXIS2_PLACEMENT_3D('',#7577,#6153,#6154);
#5067=AXIS2_PLACEMENT_3D('',#7581,#6157,#6158);
#5068=AXIS2_PLACEMENT_3D('',#7582,#6159,#6160);
#5069=AXIS2_PLACEMENT_3D('',#7584,#6161,#6162);
#5070=AXIS2_PLACEMENT_3D('',#7585,#6163,#6164);
#5071=AXIS2_PLACEMENT_3D('',#7588,#6166,#6167);
#5072=AXIS2_PLACEMENT_3D('',#7590,#6168,#6169);
#5073=AXIS2_PLACEMENT_3D('',#7591,#6170,#6171);
#5074=AXIS2_PLACEMENT_3D('',#7595,#6174,#6175);
#5075=AXIS2_PLACEMENT_3D('',#7599,#6178,#6179);
#5076=AXIS2_PLACEMENT_3D('',#7600,#6180,#6181);
#5077=AXIS2_PLACEMENT_3D('',#7603,#6183,#6184);
#5078=AXIS2_PLACEMENT_3D('',#7607,#6187,#6188);
#5079=AXIS2_PLACEMENT_3D('',#7611,#6191,#6192);
#5080=AXIS2_PLACEMENT_3D('',#7614,#6194,#6195);
#5081=AXIS2_PLACEMENT_3D('',#7615,#6196,#6197);
#5082=AXIS2_PLACEMENT_3D('',#7619,#6200,#6201);
#5083=AXIS2_PLACEMENT_3D('',#7623,#6204,#6205);
#5084=AXIS2_PLACEMENT_3D('',#7624,#6206,#6207);
#5085=AXIS2_PLACEMENT_3D('',#7627,#6209,#6210);
#5086=AXIS2_PLACEMENT_3D('',#7631,#6213,#6214);
#5087=AXIS2_PLACEMENT_3D('',#7635,#6217,#6218);
#5088=AXIS2_PLACEMENT_3D('',#7638,#6220,#6221);
#5089=AXIS2_PLACEMENT_3D('',#7639,#6222,#6223);
#5090=AXIS2_PLACEMENT_3D('',#7643,#6226,#6227);
#5091=AXIS2_PLACEMENT_3D('',#7647,#6230,#6231);
#5092=AXIS2_PLACEMENT_3D('',#7648,#6232,#6233);
#5093=AXIS2_PLACEMENT_3D('',#7651,#6235,#6236);
#5094=AXIS2_PLACEMENT_3D('',#7655,#6239,#6240);
#5095=AXIS2_PLACEMENT_3D('',#7659,#6243,#6244);
#5096=AXIS2_PLACEMENT_3D('',#7662,#6246,#6247);
#5097=AXIS2_PLACEMENT_3D('',#7663,#6248,#6249);
#5098=AXIS2_PLACEMENT_3D('',#7667,#6252,#6253);
#5099=AXIS2_PLACEMENT_3D('',#7671,#6256,#6257);
#5100=AXIS2_PLACEMENT_3D('',#7672,#6258,#6259);
#5101=AXIS2_PLACEMENT_3D('',#7675,#6261,#6262);
#5102=AXIS2_PLACEMENT_3D('',#7679,#6265,#6266);
#5103=AXIS2_PLACEMENT_3D('',#7683,#6269,#6270);
#5104=AXIS2_PLACEMENT_3D('',#7684,#6271,#6272);
#5105=AXIS2_PLACEMENT_3D('',#7687,#6274,#6275);
#5106=AXIS2_PLACEMENT_3D('',#7691,#6278,#6279);
#5107=AXIS2_PLACEMENT_3D('',#7695,#6282,#6283);
#5108=AXIS2_PLACEMENT_3D('',#7696,#6284,#6285);
#5109=AXIS2_PLACEMENT_3D('',#7699,#6287,#6288);
#5110=AXIS2_PLACEMENT_3D('',#7703,#6291,#6292);
#5111=AXIS2_PLACEMENT_3D('',#7707,#6295,#6296);
#5112=AXIS2_PLACEMENT_3D('',#7710,#6298,#6299);
#5113=AXIS2_PLACEMENT_3D('',#7711,#6300,#6301);
#5114=AXIS2_PLACEMENT_3D('',#7715,#6304,#6305);
#5115=AXIS2_PLACEMENT_3D('',#7719,#6308,#6309);
#5116=AXIS2_PLACEMENT_3D('',#7720,#6310,#6311);
#5117=AXIS2_PLACEMENT_3D('',#7723,#6313,#6314);
#5118=AXIS2_PLACEMENT_3D('',#7727,#6317,#6318);
#5119=AXIS2_PLACEMENT_3D('',#7731,#6321,#6322);
#5120=AXIS2_PLACEMENT_3D('',#7734,#6324,#6325);
#5121=AXIS2_PLACEMENT_3D('',#7735,#6326,#6327);
#5122=AXIS2_PLACEMENT_3D('',#7739,#6330,#6331);
#5123=AXIS2_PLACEMENT_3D('',#7743,#6334,#6335);
#5124=AXIS2_PLACEMENT_3D('',#7744,#6336,#6337);
#5125=AXIS2_PLACEMENT_3D('',#7747,#6339,#6340);
#5126=AXIS2_PLACEMENT_3D('',#7751,#6343,#6344);
#5127=AXIS2_PLACEMENT_3D('',#7755,#6347,#6348);
#5128=AXIS2_PLACEMENT_3D('',#7758,#6350,#6351);
#5129=AXIS2_PLACEMENT_3D('',#7759,#6352,#6353);
#5130=AXIS2_PLACEMENT_3D('',#7763,#6356,#6357);
#5131=AXIS2_PLACEMENT_3D('',#7767,#6360,#6361);
#5132=AXIS2_PLACEMENT_3D('',#7768,#6362,#6363);
#5133=AXIS2_PLACEMENT_3D('',#7771,#6365,#6366);
#5134=AXIS2_PLACEMENT_3D('',#7775,#6369,#6370);
#5135=AXIS2_PLACEMENT_3D('',#7779,#6373,#6374);
#5136=AXIS2_PLACEMENT_3D('',#7782,#6376,#6377);
#5137=AXIS2_PLACEMENT_3D('',#7783,#6378,#6379);
#5138=AXIS2_PLACEMENT_3D('',#7787,#6382,#6383);
#5139=AXIS2_PLACEMENT_3D('',#7791,#6386,#6387);
#5140=AXIS2_PLACEMENT_3D('',#7792,#6388,#6389);
#5141=AXIS2_PLACEMENT_3D('',#7795,#6391,#6392);
#5142=AXIS2_PLACEMENT_3D('',#7799,#6395,#6396);
#5143=AXIS2_PLACEMENT_3D('',#7803,#6399,#6400);
#5144=AXIS2_PLACEMENT_3D('',#7804,#6401,#6402);
#5145=AXIS2_PLACEMENT_3D('',#7805,#6403,#6404);
#5146=AXIS2_PLACEMENT_3D('',#7811,#6408,#6409);
#5147=AXIS2_PLACEMENT_3D('',#7815,#6412,#6413);
#5148=AXIS2_PLACEMENT_3D('',#7819,#6416,#6417);
#5149=AXIS2_PLACEMENT_3D('',#7822,#6420,#6421);
#5150=AXIS2_PLACEMENT_3D('',#7825,#6423,#6424);
#5151=AXIS2_PLACEMENT_3D('',#7826,#6425,#6426);
#5152=AXIS2_PLACEMENT_3D('',#7829,#6428,#6429);
#5153=AXIS2_PLACEMENT_3D('',#7832,#6431,#6432);
#5154=AXIS2_PLACEMENT_3D('',#7833,#6433,#6434);
#5155=AXIS2_PLACEMENT_3D('',#7836,#6436,#6437);
#5156=AXIS2_PLACEMENT_3D('',#7839,#6439,#6440);
#5157=AXIS2_PLACEMENT_3D('',#7840,#6441,#6442);
#5158=AXIS2_PLACEMENT_3D('',#7845,#6446,#6447);
#5159=AXIS2_PLACEMENT_3D('',#7848,#6449,#6450);
#5160=AXIS2_PLACEMENT_3D('',#7852,#6452,#6453);
#5161=AXIS2_PLACEMENT_3D('',#7856,#6455,#6456);
#5162=AXIS2_PLACEMENT_3D('',#7857,#6457,#6458);
#5163=AXIS2_PLACEMENT_3D('',#7865,#6463,#6464);
#5164=AXIS2_PLACEMENT_3D('',#7867,#6466,#6467);
#5165=AXIS2_PLACEMENT_3D('',#7869,#6469,#6470);
#5166=AXIS2_PLACEMENT_3D('',#7871,#6472,#6473);
#5167=AXIS2_PLACEMENT_3D('',#7873,#6475,#6476);
#5168=AXIS2_PLACEMENT_3D('',#7875,#6478,#6479);
#5169=AXIS2_PLACEMENT_3D('',#7877,#6481,#6482);
#5170=AXIS2_PLACEMENT_3D('',#7879,#6484,#6485);
#5171=AXIS2_PLACEMENT_3D('',#7886,#6490,#6491);
#5172=AXIS2_PLACEMENT_3D('',#7893,#6496,#6497);
#5173=AXIS2_PLACEMENT_3D('',#7896,#6500,#6501);
#5174=AXIS2_PLACEMENT_3D('',#7902,#6505,#6506);
#5175=AXIS2_PLACEMENT_3D('',#7903,#6507,#6508);
#5176=AXIS2_PLACEMENT_3D('',#7904,#6509,#6510);
#5177=AXIS2_PLACEMENT_3D('',#7905,#6511,#6512);
#5178=AXIS2_PLACEMENT_3D('',#7906,#6513,#6514);
#5179=AXIS2_PLACEMENT_3D('',#7908,#6515,#6516);
#5180=AXIS2_PLACEMENT_3D('',#7909,#6517,#6518);
#5181=AXIS2_PLACEMENT_3D('',#7911,#6519,#6520);
#5182=AXIS2_PLACEMENT_3D('',#7912,#6521,#6522);
#5183=AXIS2_PLACEMENT_3D('',#7914,#6523,#6524);
#5184=AXIS2_PLACEMENT_3D('',#7915,#6525,#6526);
#5185=AXIS2_PLACEMENT_3D('',#7916,#6527,#6528);
#5186=AXIS2_PLACEMENT_3D('',#7918,#6530,#6531);
#5187=AXIS2_PLACEMENT_3D('',#7920,#6533,#6534);
#5188=AXIS2_PLACEMENT_3D('',#7922,#6536,#6537);
#5189=AXIS2_PLACEMENT_3D('',#7923,#6538,#6539);
#5190=AXIS2_PLACEMENT_3D('',#7924,#6540,#6541);
#5191=AXIS2_PLACEMENT_3D('',#7925,#6542,#6543);
#5192=AXIS2_PLACEMENT_3D('',#7926,#6544,#6545);
#5193=AXIS2_PLACEMENT_3D('',#7931,#6547,#6548);
#5194=AXIS2_PLACEMENT_3D('',#7934,#6550,#6551);
#5195=AXIS2_PLACEMENT_3D('',#7937,#6554,#6555);
#5196=AXIS2_PLACEMENT_3D('',#7940,#6558,#6559);
#5197=AXIS2_PLACEMENT_3D('',#7941,#6560,#6561);
#5198=DIRECTION('',(0.,0.,1.));
#5199=DIRECTION('',(1.,0.,0.));
#5200=DIRECTION('',(0.,0.,1.));
#5201=DIRECTION('',(-1.83697019872103E-16,-1.,0.));
#5202=DIRECTION('',(0.,0.,-1.));
#5203=DIRECTION('',(-1.83697019872103E-16,-1.,0.));
#5204=DIRECTION('',(0.,0.,1.));
#5205=DIRECTION('',(0.,0.,-1.));
#5206=DIRECTION('',(-1.83697019872103E-16,-1.,0.));
#5207=DIRECTION('',(0.,0.,1.));
#5208=DIRECTION('',(-1.,1.83697019872103E-16,0.));
#5209=DIRECTION('',(0.,0.,-1.));
#5210=DIRECTION('',(-1.83697019872103E-16,-1.,0.));
#5211=DIRECTION('',(0.,0.,1.));
#5212=DIRECTION('',(-1.83697019872103E-16,-1.,0.));
#5213=DIRECTION('',(1.,-2.91648556159748E-16,0.));
#5214=DIRECTION('',(2.91648556159748E-16,1.,0.));
#5215=DIRECTION('',(2.91648556159748E-16,1.,0.));
#5216=DIRECTION('',(2.91648556159748E-16,1.,0.));
#5217=DIRECTION('',(0.,0.,1.));
#5218=DIRECTION('',(0.,0.,-1.));
#5219=DIRECTION('',(1.83697019872103E-16,1.,0.));
#5220=DIRECTION('',(0.,0.,-1.));
#5221=DIRECTION('',(1.83697019872103E-16,1.,0.));
#5222=DIRECTION('',(0.,0.,-1.));
#5223=DIRECTION('',(1.83697019872103E-16,1.,0.));
#5224=DIRECTION('',(0.,0.,-1.));
#5225=DIRECTION('',(1.83697019872103E-16,1.,0.));
#5226=DIRECTION('',(0.,0.,1.));
#5227=DIRECTION('',(-1.,1.22464679914735E-16,0.));
#5228=DIRECTION('',(0.,0.,-1.));
#5229=DIRECTION('',(-1.,1.22464679914735E-16,0.));
#5230=DIRECTION('',(0.,0.,1.));
#5231=DIRECTION('',(0.,0.,-1.));
#5232=DIRECTION('',(-1.,1.22464679914735E-16,0.));
#5233=DIRECTION('',(0.,0.,1.));
#5234=DIRECTION('',(1.22464679914735E-16,1.,0.));
#5235=DIRECTION('',(0.,0.,-1.));
#5236=DIRECTION('',(-1.,1.22464679914735E-16,0.));
#5237=DIRECTION('',(0.,0.,1.));
#5238=DIRECTION('',(-1.,1.22464679914735E-16,0.));
#5239=DIRECTION('',(-2.30416216202381E-16,-1.,0.));
#5240=DIRECTION('',(1.,-2.30416216202381E-16,0.));
#5241=DIRECTION('',(1.,-2.30416216202381E-16,0.));
#5242=DIRECTION('',(1.,-2.30416216202381E-16,0.));
#5243=DIRECTION('',(0.,0.,1.));
#5244=DIRECTION('',(0.,0.,-1.));
#5245=DIRECTION('',(1.,-1.22464679914735E-16,0.));
#5246=DIRECTION('',(0.,0.,-1.));
#5247=DIRECTION('',(1.,-1.22464679914735E-16,0.));
#5248=DIRECTION('',(0.,0.,-1.));
#5249=DIRECTION('',(1.,-1.22464679914735E-16,0.));
#5250=DIRECTION('',(0.,0.,-1.));
#5251=DIRECTION('',(1.,-1.22464679914735E-16,0.));
#5252=DIRECTION('',(0.,0.,1.));
#5253=DIRECTION('',(6.12323399573677E-17,1.,0.));
#5254=DIRECTION('',(0.,0.,-1.));
#5255=DIRECTION('',(6.12323399573677E-17,1.,0.));
#5256=DIRECTION('',(0.,0.,1.));
#5257=DIRECTION('',(0.,0.,-1.));
#5258=DIRECTION('',(6.12323399573677E-17,1.,0.));
#5259=DIRECTION('',(0.,0.,1.));
#5260=DIRECTION('',(1.,-6.12323399573677E-17,0.));
#5261=DIRECTION('',(0.,0.,-1.));
#5262=DIRECTION('',(6.12323399573677E-17,1.,0.));
#5263=DIRECTION('',(0.,0.,1.));
#5264=DIRECTION('',(6.12323399573677E-17,1.,0.));
#5265=DIRECTION('',(-1.,1.69183876245013E-16,0.));
#5266=DIRECTION('',(-1.69183876245013E-16,-1.,0.));
#5267=DIRECTION('',(-1.69183876245013E-16,-1.,0.));
#5268=DIRECTION('',(-1.69183876245013E-16,-1.,0.));
#5269=DIRECTION('',(0.,0.,1.));
#5270=DIRECTION('',(0.,0.,-1.));
#5271=DIRECTION('',(-6.12323399573677E-17,-1.,0.));
#5272=DIRECTION('',(0.,0.,-1.));
#5273=DIRECTION('',(-6.12323399573677E-17,-1.,0.));
#5274=DIRECTION('',(0.,0.,-1.));
#5275=DIRECTION('',(-6.12323399573677E-17,-1.,0.));
#5276=DIRECTION('',(0.,0.,-1.));
#5277=DIRECTION('',(-6.12323399573677E-17,-1.,0.));
#5278=DIRECTION('',(1.,0.,0.));
#5279=DIRECTION('',(0.,0.,-1.));
#5280=DIRECTION('',(-1.,0.,0.));
#5281=DIRECTION('',(0.,1.,0.));
#5282=DIRECTION('',(1.,0.,0.));
#5283=DIRECTION('',(-1.,0.,0.));
#5284=DIRECTION('',(0.,1.,0.));
#5285=DIRECTION('',(1.,0.,0.));
#5286=DIRECTION('',(1.,0.,0.));
#5287=DIRECTION('',(0.,0.,-1.));
#5288=DIRECTION('',(-1.,0.,0.));
#5289=DIRECTION('',(0.,1.,0.));
#5290=DIRECTION('',(1.,0.,0.));
#5291=DIRECTION('',(-1.,0.,0.));
#5292=DIRECTION('',(0.,1.,0.));
#5293=DIRECTION('',(1.,0.,0.));
#5294=DIRECTION('',(1.,0.,0.));
#5295=DIRECTION('',(0.,0.,-1.));
#5296=DIRECTION('',(-1.,0.,0.));
#5297=DIRECTION('',(0.,1.,0.));
#5298=DIRECTION('',(1.,0.,0.));
#5299=DIRECTION('',(-1.,0.,0.));
#5300=DIRECTION('',(0.,1.,0.));
#5301=DIRECTION('',(1.,0.,0.));
#5302=DIRECTION('',(-1.,0.,0.));
#5303=DIRECTION('',(0.,0.,-1.));
#5304=DIRECTION('',(0.,-1.,1.0842021724855E-16));
#5305=DIRECTION('',(-1.,0.,0.));
#5306=DIRECTION('',(0.,1.,0.));
#5307=DIRECTION('',(0.,1.,0.));
#5308=DIRECTION('',(-1.,0.,0.));
#5309=DIRECTION('',(0.,-1.,0.));
#5310=DIRECTION('',(0.,0.,1.));
#5311=DIRECTION('',(-1.,0.,0.));
#5312=DIRECTION('',(0.,1.,0.));
#5313=DIRECTION('',(-1.,0.,0.));
#5314=DIRECTION('',(-1.,0.,0.));
#5315=DIRECTION('',(1.,0.,0.));
#5316=DIRECTION('',(0.,0.,-1.));
#5317=DIRECTION('',(0.,-1.,1.0842021724855E-16));
#5318=DIRECTION('',(-1.,0.,0.));
#5319=DIRECTION('',(0.,-1.,0.));
#5320=DIRECTION('',(0.,1.,0.));
#5321=DIRECTION('',(-1.,0.,0.));
#5322=DIRECTION('',(0.,1.,0.));
#5323=DIRECTION('',(0.,0.,1.));
#5324=DIRECTION('',(1.,0.,0.));
#5325=DIRECTION('',(1.,0.,0.));
#5326=DIRECTION('',(0.,-1.,-5.60794227147675E-17));
#5327=DIRECTION('',(0.,1.,0.));
#5328=DIRECTION('',(0.,-1.,-5.60794227147675E-17));
#5329=DIRECTION('',(1.,0.,0.));
#5330=DIRECTION('',(-1.,0.,0.));
#5331=DIRECTION('',(0.,0.,-1.));
#5332=DIRECTION('',(1.,0.,0.));
#5333=DIRECTION('',(0.,0.,-1.));
#5334=DIRECTION('',(-1.,0.,0.));
#5335=DIRECTION('',(0.,0.,1.));
#5336=DIRECTION('',(-1.,0.,0.));
#5337=DIRECTION('',(0.,0.,-1.));
#5338=DIRECTION('',(1.,0.,0.));
#5339=DIRECTION('',(0.,0.,-1.));
#5340=DIRECTION('',(-1.,0.,0.));
#5341=DIRECTION('',(0.,0.,1.));
#5342=DIRECTION('',(-1.,0.,0.));
#5343=DIRECTION('',(0.,0.,-1.));
#5344=DIRECTION('',(1.,0.,0.));
#5345=DIRECTION('',(0.,0.,-1.));
#5346=DIRECTION('',(-1.,0.,0.));
#5347=DIRECTION('',(0.,0.,1.));
#5348=DIRECTION('',(0.,0.,1.));
#5349=DIRECTION('',(1.,0.,0.));
#5350=DIRECTION('',(0.,0.,-1.));
#5351=DIRECTION('',(-1.,0.,0.));
#5352=DIRECTION('',(0.,0.,1.));
#5353=DIRECTION('',(0.,0.,-1.));
#5354=DIRECTION('',(-1.,0.,0.));
#5355=DIRECTION('',(0.,0.,1.));
#5356=DIRECTION('',(0.,0.,1.));
#5357=DIRECTION('',(1.,0.,0.));
#5358=DIRECTION('',(0.,0.,1.));
#5359=DIRECTION('',(1.,0.,0.));
#5360=DIRECTION('',(-1.,0.,0.));
#5361=DIRECTION('',(0.,0.,1.));
#5362=DIRECTION('',(-1.,0.,0.));
#5363=DIRECTION('',(0.,1.,0.));
#5364=DIRECTION('',(-1.,0.,0.));
#5365=DIRECTION('',(0.,0.,1.));
#5366=DIRECTION('',(-1.,0.,0.));
#5367=DIRECTION('',(0.,1.,0.));
#5368=DIRECTION('',(-1.,0.,0.));
#5369=DIRECTION('',(0.,0.,1.));
#5370=DIRECTION('',(-1.,0.,0.));
#5371=DIRECTION('',(0.,1.,0.));
#5372=DIRECTION('',(1.,0.,0.));
#5373=DIRECTION('',(0.,0.,-1.));
#5374=DIRECTION('',(0.,-1.,1.0842021724855E-16));
#5375=DIRECTION('',(-1.,0.,0.));
#5376=DIRECTION('',(0.,-1.,0.));
#5377=DIRECTION('',(0.,1.,0.));
#5378=DIRECTION('',(-1.,0.,0.));
#5379=DIRECTION('',(0.,1.,0.));
#5380=DIRECTION('',(1.,0.,0.));
#5381=DIRECTION('',(0.,0.,-1.));
#5382=DIRECTION('',(0.,1.,1.0842021724855E-16));
#5383=DIRECTION('',(1.,0.,0.));
#5384=DIRECTION('',(0.,-1.,0.));
#5385=DIRECTION('',(0.,-1.,0.));
#5386=DIRECTION('',(1.,0.,0.));
#5387=DIRECTION('',(0.,1.,0.));
#5388=DIRECTION('',(0.,0.,-1.));
#5389=DIRECTION('',(1.,0.,0.));
#5390=DIRECTION('',(-1.,0.,0.));
#5391=DIRECTION('',(0.,-1.,-1.0842021724855E-16));
#5392=DIRECTION('',(0.,1.,-1.0842021724855E-16));
#5393=DIRECTION('',(-1.,0.,0.));
#5394=DIRECTION('',(-0.588803334146878,-0.808276334985455,0.));
#5395=DIRECTION('',(0.808276334985455,-0.588803334146878,0.));
#5396=DIRECTION('',(0.808276334985455,-0.588803334146878,0.));
#5397=DIRECTION('',(0.,0.,1.));
#5398=DIRECTION('',(0.808276334985455,-0.588803334146878,0.));
#5399=DIRECTION('',(0.,0.,1.));
#5400=DIRECTION('',(0.,0.,1.));
#5401=DIRECTION('',(0.258819045102521,0.965925826289068,0.));
#5402=DIRECTION('',(0.,0.,1.));
#5403=DIRECTION('',(0.258819045102521,0.965925826289068,0.));
#5404=DIRECTION('',(0.,0.,1.));
#5405=DIRECTION('',(0.,0.,1.));
#5406=DIRECTION('',(0.258819045102521,0.965925826289068,0.));
#5407=DIRECTION('',(-0.10578047771145,0.994389506448624,0.));
#5408=DIRECTION('',(-0.994389506448624,-0.10578047771145,0.));
#5409=DIRECTION('',(-0.994389506448624,-0.10578047771145,0.));
#5410=DIRECTION('',(0.,0.,1.));
#5411=DIRECTION('',(-0.994389506448624,-0.10578047771145,0.));
#5412=DIRECTION('',(0.258819045102521,0.965925826289068,0.));
#5413=DIRECTION('',(0.,0.,-1.));
#5414=DIRECTION('',(-0.965925826289068,0.258819045102521,0.));
#5415=DIRECTION('',(0.,0.,1.));
#5416=DIRECTION('',(-0.965925826289068,0.258819045102521,0.));
#5417=DIRECTION('',(-0.965925826289068,0.258819045102521,0.));
#5418=DIRECTION('',(0.,0.,1.));
#5419=DIRECTION('',(1.,0.,0.));
#5420=DIRECTION('',(0.,0.,1.));
#5421=DIRECTION('',(0.,0.,1.));
#5422=DIRECTION('',(1.,0.,0.));
#5423=DIRECTION('',(0.,0.,1.));
#5424=DIRECTION('',(1.,0.,0.));
#5425=DIRECTION('',(3.82856869892695E-16,-1.,0.));
#5426=DIRECTION('',(0.,0.,1.));
#5427=DIRECTION('',(1.,3.82856869892695E-16,0.));
#5428=DIRECTION('',(0.,0.,1.));
#5429=DIRECTION('',(1.,3.82856869892695E-16,0.));
#5430=DIRECTION('',(-0.359543037857681,-0.933128503437801,0.));
#5431=DIRECTION('',(0.933128503437801,-0.359543037857681,0.));
#5432=DIRECTION('',(0.933128503437801,-0.359543037857681,0.));
#5433=DIRECTION('',(0.,0.,1.));
#5434=DIRECTION('',(0.933128503437801,-0.359543037857681,0.));
#5435=DIRECTION('',(0.933128503437801,-0.359543037857681,0.));
#5436=DIRECTION('',(0.,0.,1.));
#5437=DIRECTION('',(-3.82856869892695E-16,1.,0.));
#5438=DIRECTION('',(0.,0.,1.));
#5439=DIRECTION('',(-3.82856869892695E-16,1.,0.));
#5440=DIRECTION('',(0.,0.,1.));
#5441=DIRECTION('',(0.,0.,1.));
#5442=DIRECTION('',(-3.82856869892695E-16,1.,0.));
#5443=DIRECTION('',(-0.359543037857685,0.9331285034378,0.));
#5444=DIRECTION('',(-0.9331285034378,-0.359543037857685,0.));
#5445=DIRECTION('',(-0.9331285034378,-0.359543037857685,0.));
#5446=DIRECTION('',(0.,0.,1.));
#5447=DIRECTION('',(-0.9331285034378,-0.359543037857685,0.));
#5448=DIRECTION('',(-0.9331285034378,-0.359543037857685,0.));
#5449=DIRECTION('',(-3.82856869892695E-16,1.,0.));
#5450=DIRECTION('',(0.,0.,-1.));
#5451=DIRECTION('',(-1.,-3.82856869892695E-16,0.));
#5452=DIRECTION('',(0.,0.,1.));
#5453=DIRECTION('',(-1.,-3.82856869892695E-16,0.));
#5454=DIRECTION('',(0.,0.,1.));
#5455=DIRECTION('',(1.,0.,0.));
#5456=DIRECTION('',(0.,0.,1.));
#5457=DIRECTION('',(0.,0.,1.));
#5458=DIRECTION('',(1.,0.,0.));
#5459=DIRECTION('',(0.,0.,1.));
#5460=DIRECTION('',(1.,0.,0.));
#5461=DIRECTION('',(0.258819045102521,-0.965925826289068,0.));
#5462=DIRECTION('',(0.,0.,1.));
#5463=DIRECTION('',(0.965925826289068,0.258819045102521,0.));
#5464=DIRECTION('',(0.,0.,1.));
#5465=DIRECTION('',(0.965925826289068,0.258819045102521,0.));
#5466=DIRECTION('',(0.965925826289068,0.258819045102521,0.));
#5467=DIRECTION('',(-0.105780477711446,-0.994389506448624,0.));
#5468=DIRECTION('',(0.994389506448624,-0.105780477711446,0.));
#5469=DIRECTION('',(0.994389506448624,-0.105780477711446,0.));
#5470=DIRECTION('',(0.,0.,1.));
#5471=DIRECTION('',(0.994389506448624,-0.105780477711446,0.));
#5472=DIRECTION('',(0.,0.,1.));
#5473=DIRECTION('',(-0.258819045102521,0.965925826289068,0.));
#5474=DIRECTION('',(0.,0.,1.));
#5475=DIRECTION('',(-0.258819045102521,0.965925826289068,0.));
#5476=DIRECTION('',(0.,0.,1.));
#5477=DIRECTION('',(0.,0.,1.));
#5478=DIRECTION('',(-0.258819045102521,0.965925826289068,0.));
#5479=DIRECTION('',(-0.588803334146882,0.808276334985453,0.));
#5480=DIRECTION('',(-0.808276334985453,-0.588803334146882,0.));
#5481=DIRECTION('',(-0.808276334985453,-0.588803334146882,0.));
#5482=DIRECTION('',(0.,0.,1.));
#5483=DIRECTION('',(-0.808276334985453,-0.588803334146882,0.));
#5484=DIRECTION('',(1.,0.,0.));
#5485=DIRECTION('',(0.,0.,1.));
#5486=DIRECTION('',(0.,1.,5.60794227147675E-17));
#5487=DIRECTION('',(1.,0.,0.));
#5488=DIRECTION('',(0.,-1.,0.));
#5489=DIRECTION('',(0.,1.,5.60794227147675E-17));
#5490=DIRECTION('',(-1.,0.,0.));
#5491=DIRECTION('',(0.,1.,0.));
#5492=DIRECTION('',(-1.,0.,0.));
#5493=DIRECTION('',(0.,0.,1.));
#5494=DIRECTION('',(-1.,0.,0.));
#5495=DIRECTION('',(0.,1.,0.));
#5496=DIRECTION('',(0.,1.,0.));
#5497=DIRECTION('',(-1.,0.,0.));
#5498=DIRECTION('',(0.,-1.,0.));
#5499=DIRECTION('',(1.,0.,0.));
#5500=DIRECTION('',(0.,0.,1.));
#5501=DIRECTION('',(0.,1.,5.60794227147675E-17));
#5502=DIRECTION('',(1.,0.,0.));
#5503=DIRECTION('',(0.,0.,-1.));
#5504=DIRECTION('',(0.,1.,5.60794227147675E-17));
#5505=DIRECTION('',(-1.,0.,0.));
#5506=DIRECTION('',(0.,1.,0.));
#5507=DIRECTION('',(-1.,0.,0.));
#5508=DIRECTION('',(0.,0.,1.));
#5509=DIRECTION('',(-1.,0.,0.));
#5510=DIRECTION('',(1.,0.,0.));
#5511=DIRECTION('',(0.,1.,0.));
#5512=DIRECTION('',(-1.,0.,0.));
#5513=DIRECTION('',(-1.,0.,0.));
#5514=DIRECTION('',(0.,0.,1.));
#5515=DIRECTION('',(1.,0.,0.));
#5516=DIRECTION('',(0.,-1.,0.));
#5517=DIRECTION('',(0.,-1.,0.));
#5518=DIRECTION('',(1.,0.,0.));
#5519=DIRECTION('',(0.,0.,1.));
#5520=DIRECTION('',(1.,0.,0.));
#5521=DIRECTION('',(0.,1.,0.));
#5522=DIRECTION('',(0.,1.,5.60794227147675E-17));
#5523=DIRECTION('',(-1.,0.,0.));
#5524=DIRECTION('',(0.,1.,0.));
#5525=DIRECTION('',(0.,1.,5.60794227147675E-17));
#5526=DIRECTION('',(0.,0.,-1.));
#5527=DIRECTION('',(-1.,0.,0.));
#5528=DIRECTION('',(0.,0.,1.));
#5529=DIRECTION('',(1.,0.,0.));
#5530=DIRECTION('',(-0.258819045102521,0.965925826289068,0.));
#5531=DIRECTION('',(0.,0.,-1.));
#5532=DIRECTION('',(-0.965925826289068,-0.258819045102521,0.));
#5533=DIRECTION('',(0.,0.,1.));
#5534=DIRECTION('',(-0.965925826289068,-0.258819045102521,0.));
#5535=DIRECTION('',(-0.965925826289068,-0.258819045102521,0.));
#5536=DIRECTION('',(0.,0.,-1.));
#5537=DIRECTION('',(-1.,0.,0.));
#5538=DIRECTION('',(0.,0.,1.));
#5539=DIRECTION('',(1.,0.,0.));
#5540=DIRECTION('',(0.258819045102521,-0.965925826289068,0.));
#5541=DIRECTION('',(-0.105780477711447,-0.994389506448624,0.));
#5542=DIRECTION('',(0.,0.,1.));
#5543=DIRECTION('',(0.965925826289068,0.258819045102521,0.));
#5544=DIRECTION('',(-0.588803334146881,0.808276334985453,0.));
#5545=DIRECTION('',(-0.258819045102521,0.965925826289068,0.));
#5546=DIRECTION('',(0.,0.,1.));
#5547=DIRECTION('',(1.,0.,0.));
#5548=DIRECTION('',(0.5,-0.866025403784439,0.));
#5549=DIRECTION('',(0.155190847180318,-0.987884507901331,0.));
#5550=DIRECTION('',(0.,0.,1.));
#5551=DIRECTION('',(0.866025403784439,0.5,0.));
#5552=DIRECTION('',(-0.777937656257485,0.628341470043647,0.));
#5553=DIRECTION('',(-0.5,0.866025403784439,0.));
#5554=DIRECTION('',(0.,0.,1.));
#5555=DIRECTION('',(1.,0.,0.));
#5556=DIRECTION('',(0.707106781186548,-0.707106781186548,0.));
#5557=DIRECTION('',(0.405586172301745,-0.914056812696902,0.));
#5558=DIRECTION('',(0.,0.,1.));
#5559=DIRECTION('',(0.707106781186548,0.707106781186548,0.));
#5560=DIRECTION('',(-0.914056812696903,0.405586172301743,0.));
#5561=DIRECTION('',(-0.707106781186548,0.707106781186548,0.));
#5562=DIRECTION('',(0.,0.,1.));
#5563=DIRECTION('',(1.,0.,0.));
#5564=DIRECTION('',(0.866025403784439,-0.5,0.));
#5565=DIRECTION('',(0.62834147004365,-0.777937656257483,0.));
#5566=DIRECTION('',(0.,0.,1.));
#5567=DIRECTION('',(0.5,0.866025403784439,0.));
#5568=DIRECTION('',(-0.987884507901332,0.155190847180315,0.));
#5569=DIRECTION('',(-0.866025403784439,0.5,0.));
#5570=DIRECTION('',(0.,0.,1.));
#5571=DIRECTION('',(1.,0.,0.));
#5572=DIRECTION('',(0.965925826289068,-0.258819045102521,0.));
#5573=DIRECTION('',(0.,0.,1.));
#5574=DIRECTION('',(1.,0.,0.));
#5575=DIRECTION('',(0.866025403784438,0.500000000000001,0.));
#5576=DIRECTION('',(0.987884507901331,0.155190847180319,0.));
#5577=DIRECTION('',(0.,0.,1.));
#5578=DIRECTION('',(-0.500000000000001,0.866025403784438,0.));
#5579=DIRECTION('',(-0.628341470043647,-0.777937656257485,0.));
#5580=DIRECTION('',(-0.866025403784438,-0.500000000000001,0.));
#5581=DIRECTION('',(0.,0.,1.));
#5582=DIRECTION('',(1.,0.,0.));
#5583=DIRECTION('',(0.707106781186547,0.707106781186548,0.));
#5584=DIRECTION('',(0.914056812696901,0.405586172301746,0.));
#5585=DIRECTION('',(0.,0.,1.));
#5586=DIRECTION('',(-0.707106781186548,0.707106781186547,0.));
#5587=DIRECTION('',(-0.405586172301742,-0.914056812696904,0.));
#5588=DIRECTION('',(-0.707106781186547,-0.707106781186548,0.));
#5589=DIRECTION('',(0.,0.,1.));
#5590=DIRECTION('',(1.,0.,0.));
#5591=DIRECTION('',(0.5,0.866025403784439,0.));
#5592=DIRECTION('',(0.777937656257482,0.62834147004365,0.));
#5593=DIRECTION('',(0.,0.,1.));
#5594=DIRECTION('',(-0.866025403784439,0.5,0.));
#5595=DIRECTION('',(-0.155190847180314,-0.987884507901332,0.));
#5596=DIRECTION('',(-0.5,-0.866025403784439,0.));
#5597=DIRECTION('',(0.,0.,1.));
#5598=DIRECTION('',(1.,0.,0.));
#5599=DIRECTION('',(0.258819045102521,0.965925826289068,0.));
#5600=DIRECTION('',(0.588803334146878,0.808276334985455,0.));
#5601=DIRECTION('',(0.,0.,1.));
#5602=DIRECTION('',(-0.965925826289068,0.258819045102521,0.));
#5603=DIRECTION('',(0.10578047771145,-0.994389506448624,0.));
#5604=DIRECTION('',(-0.258819045102521,-0.965925826289068,0.));
#5605=DIRECTION('',(0.,0.,1.));
#5606=DIRECTION('',(1.,0.,0.));
#5607=DIRECTION('',(1.22464679914735E-16,1.,0.));
#5608=DIRECTION('',(0.359543037857682,0.933128503437801,0.));
#5609=DIRECTION('',(0.,0.,1.));
#5610=DIRECTION('',(-1.,1.22464679914735E-16,0.));
#5611=DIRECTION('',(0.359543037857684,-0.9331285034378,0.));
#5612=DIRECTION('',(-1.22464679914735E-16,-1.,0.));
#5613=DIRECTION('',(0.,0.,1.));
#5614=DIRECTION('',(1.,0.,0.));
#5615=DIRECTION('',(-0.25881904510252,0.965925826289069,0.));
#5616=DIRECTION('',(0.105780477711448,0.994389506448624,0.));
#5617=DIRECTION('',(0.,0.,1.));
#5618=DIRECTION('',(-0.965925826289069,-0.25881904510252,0.));
#5619=DIRECTION('',(0.588803334146881,-0.808276334985454,0.));
#5620=DIRECTION('',(0.25881904510252,-0.965925826289069,0.));
#5621=DIRECTION('',(0.,0.,1.));
#5622=DIRECTION('',(1.,0.,0.));
#5623=DIRECTION('',(-0.499999999999999,0.866025403784439,0.));
#5624=DIRECTION('',(-0.155190847180317,0.987884507901331,0.));
#5625=DIRECTION('',(0.,0.,1.));
#5626=DIRECTION('',(-0.866025403784439,-0.499999999999999,0.));
#5627=DIRECTION('',(0.777937656257484,-0.628341470043648,0.));
#5628=DIRECTION('',(0.499999999999999,-0.866025403784439,0.));
#5629=DIRECTION('',(0.,0.,1.));
#5630=DIRECTION('',(1.,0.,0.));
#5631=DIRECTION('',(-0.707106781186546,0.707106781186549,0.));
#5632=DIRECTION('',(-0.405586172301744,0.914056812696902,0.));
#5633=DIRECTION('',(0.,0.,1.));
#5634=DIRECTION('',(-0.707106781186549,-0.707106781186546,0.));
#5635=DIRECTION('',(0.914056812696903,-0.405586172301744,0.));
#5636=DIRECTION('',(0.707106781186546,-0.707106781186549,0.));
#5637=DIRECTION('',(0.,0.,1.));
#5638=DIRECTION('',(1.,0.,0.));
#5639=DIRECTION('',(-0.866025403784438,0.500000000000001,0.));
#5640=DIRECTION('',(-0.628341470043649,0.777937656257484,0.));
#5641=DIRECTION('',(0.,0.,1.));
#5642=DIRECTION('',(-0.500000000000001,-0.866025403784438,0.));
#5643=DIRECTION('',(0.987884507901331,-0.155190847180316,0.));
#5644=DIRECTION('',(0.866025403784438,-0.500000000000001,0.));
#5645=DIRECTION('',(0.,0.,1.));
#5646=DIRECTION('',(1.,0.,0.));
#5647=DIRECTION('',(-0.965925826289068,0.258819045102522,0.));
#5648=DIRECTION('',(-0.808276334985454,0.58880333414688,0.));
#5649=DIRECTION('',(0.,0.,1.));
#5650=DIRECTION('',(-0.258819045102522,-0.965925826289068,0.));
#5651=DIRECTION('',(0.994389506448624,0.105780477711448,0.));
#5652=DIRECTION('',(0.965925826289068,-0.258819045102522,0.));
#5653=DIRECTION('',(0.,0.,1.));
#5654=DIRECTION('',(1.,0.,0.));
#5655=DIRECTION('',(-1.,1.96005385927235E-15,0.));
#5656=DIRECTION('',(-0.9331285034378,0.359543037857683,0.));
#5657=DIRECTION('',(0.,0.,1.));
#5658=DIRECTION('',(-1.96005385927235E-15,-1.,0.));
#5659=DIRECTION('',(0.9331285034378,0.359543037857683,0.));
#5660=DIRECTION('',(1.,-1.96005385927235E-15,0.));
#5661=DIRECTION('',(0.,0.,1.));
#5662=DIRECTION('',(1.,0.,0.));
#5663=DIRECTION('',(-0.965925826289069,-0.258819045102519,0.));
#5664=DIRECTION('',(-0.994389506448624,0.105780477711449,0.));
#5665=DIRECTION('',(0.,0.,1.));
#5666=DIRECTION('',(0.258819045102519,-0.965925826289069,0.));
#5667=DIRECTION('',(0.808276334985454,0.588803334146879,0.));
#5668=DIRECTION('',(0.965925826289069,0.258819045102519,0.));
#5669=DIRECTION('',(0.,0.,1.));
#5670=DIRECTION('',(1.,0.,0.));
#5671=DIRECTION('',(-0.86602540378444,-0.499999999999998,0.));
#5672=DIRECTION('',(-0.987884507901332,-0.155190847180316,0.));
#5673=DIRECTION('',(0.,0.,1.));
#5674=DIRECTION('',(0.499999999999998,-0.86602540378444,0.));
#5675=DIRECTION('',(0.628341470043649,0.777937656257483,0.));
#5676=DIRECTION('',(0.86602540378444,0.499999999999998,0.));
#5677=DIRECTION('',(0.,0.,1.));
#5678=DIRECTION('',(1.,0.,0.));
#5679=DIRECTION('',(-0.70710678118655,-0.707106781186545,0.));
#5680=DIRECTION('',(-0.914056812696903,-0.405586172301743,0.));
#5681=DIRECTION('',(0.,0.,1.));
#5682=DIRECTION('',(0.707106781186545,-0.70710678118655,0.));
#5683=DIRECTION('',(0.405586172301745,0.914056812696902,0.));
#5684=DIRECTION('',(0.70710678118655,0.707106781186545,0.));
#5685=DIRECTION('',(0.,0.,1.));
#5686=DIRECTION('',(1.,0.,0.));
#5687=DIRECTION('',(-0.500000000000003,-0.866025403784437,0.));
#5688=DIRECTION('',(-0.777937656257485,-0.628341470043647,0.));
#5689=DIRECTION('',(0.,0.,1.));
#5690=DIRECTION('',(0.866025403784437,-0.500000000000003,0.));
#5691=DIRECTION('',(0.155190847180318,0.987884507901331,0.));
#5692=DIRECTION('',(0.500000000000003,0.866025403784437,0.));
#5693=DIRECTION('',(0.,0.,1.));
#5694=DIRECTION('',(1.,0.,0.));
#5695=DIRECTION('',(-0.258819045102524,-0.965925826289067,0.));
#5696=DIRECTION('',(-0.588803334146881,-0.808276334985453,0.));
#5697=DIRECTION('',(0.,0.,1.));
#5698=DIRECTION('',(0.965925826289067,-0.258819045102524,0.));
#5699=DIRECTION('',(-0.105780477711447,0.994389506448624,0.));
#5700=DIRECTION('',(0.258819045102524,0.965925826289067,0.));
#5701=DIRECTION('',(0.,0.,1.));
#5702=DIRECTION('',(1.,0.,0.));
#5703=DIRECTION('',(0.,-1.,0.));
#5704=DIRECTION('',(-0.359543037857681,-0.933128503437801,0.));
#5705=DIRECTION('',(0.,0.,1.));
#5706=DIRECTION('',(1.,0.,0.));
#5707=DIRECTION('',(-0.359543037857684,0.9331285034378,0.));
#5708=DIRECTION('',(0.,1.,0.));
#5709=DIRECTION('',(-0.258819045102521,-0.965925826289068,0.));
#5710=DIRECTION('',(0.,0.,1.));
#5711=DIRECTION('',(0.965925826289068,-0.258819045102521,0.));
#5712=DIRECTION('',(0.,0.,1.));
#5713=DIRECTION('',(0.965925826289068,-0.258819045102521,0.));
#5714=DIRECTION('',(1.,0.,0.));
#5715=DIRECTION('',(0.,0.,-1.));
#5716=DIRECTION('',(-1.,0.,0.));
#5717=DIRECTION('',(0.,0.,1.));
#5718=DIRECTION('',(1.,0.,0.));
#5719=DIRECTION('',(0.,0.,-1.));
#5720=DIRECTION('',(-1.,0.,0.));
#5721=DIRECTION('',(0.,0.,1.));
#5722=DIRECTION('',(1.,0.,0.));
#5723=DIRECTION('',(0.,0.,-1.));
#5724=DIRECTION('',(-1.,0.,0.));
#5725=DIRECTION('',(0.,0.,1.));
#5726=DIRECTION('',(0.,0.,1.));
#5727=DIRECTION('',(1.,0.,0.));
#5728=DIRECTION('',(0.,-1.,0.));
#5729=DIRECTION('',(1.,0.,0.));
#5730=DIRECTION('',(1.,0.,0.));
#5731=DIRECTION('',(-1.,0.,0.));
#5732=DIRECTION('',(0.,0.,-1.));
#5733=DIRECTION('',(-1.,0.,0.));
#5734=DIRECTION('',(0.,1.,0.));
#5735=DIRECTION('',(1.,0.,0.));
#5736=DIRECTION('',(-1.,0.,0.));
#5737=DIRECTION('',(-1.,0.,0.));
#5738=DIRECTION('',(0.,0.,1.));
#5739=DIRECTION('',(1.,0.,0.));
#5740=DIRECTION('',(0.,-1.,0.));
#5741=DIRECTION('',(1.,0.,0.));
#5742=DIRECTION('',(1.,0.,0.));
#5743=DIRECTION('',(0.,0.,-1.));
#5744=DIRECTION('',(1.,0.,0.));
#5745=DIRECTION('',(0.,-1.,0.));
#5746=DIRECTION('',(-1.,0.,0.));
#5747=DIRECTION('',(0.,0.,-1.));
#5748=DIRECTION('',(-1.,0.,0.));
#5749=DIRECTION('',(-1.,0.,0.));
#5750=DIRECTION('',(-1.,0.,0.));
#5751=DIRECTION('',(0.,-1.,0.));
#5752=DIRECTION('',(0.,0.,1.));
#5753=DIRECTION('',(-1.,0.,0.));
#5754=DIRECTION('',(0.,0.,1.));
#5755=DIRECTION('',(1.,0.,0.));
#5756=DIRECTION('',(0.,-1.,0.));
#5757=DIRECTION('',(0.,0.,1.));
#5758=DIRECTION('',(1.,0.,0.));
#5759=DIRECTION('',(0.,-1.,0.));
#5760=DIRECTION('',(0.,0.,1.));
#5761=DIRECTION('',(-1.,0.,0.));
#5762=DIRECTION('',(0.,-1.,0.));
#5763=DIRECTION('',(0.,0.,1.));
#5764=DIRECTION('',(1.,0.,0.));
#5765=DIRECTION('',(0.,-1.,0.));
#5766=DIRECTION('',(0.,0.,1.));
#5767=DIRECTION('',(-1.,0.,0.));
#5768=DIRECTION('',(0.,-1.,0.));
#5769=DIRECTION('',(0.,0.,1.));
#5770=DIRECTION('',(1.,0.,0.));
#5771=DIRECTION('',(0.,-1.,0.));
#5772=DIRECTION('',(0.,0.,1.));
#5773=DIRECTION('',(-1.,0.,0.));
#5774=DIRECTION('',(0.,-1.,0.));
#5775=DIRECTION('',(0.,0.,1.));
#5776=DIRECTION('',(1.,0.,0.));
#5777=DIRECTION('',(0.,-5.60794227147675E-17,1.));
#5778=DIRECTION('',(0.,-1.,-5.60794227147675E-17));
#5779=DIRECTION('',(-1.,0.,0.));
#5780=DIRECTION('',(0.,1.,5.60794227147675E-17));
#5781=DIRECTION('',(-1.,0.,0.));
#5782=DIRECTION('',(-1.,0.,0.));
#5783=DIRECTION('',(0.,0.,-1.));
#5784=DIRECTION('',(-1.,0.,0.));
#5785=DIRECTION('',(0.,1.,0.));
#5786=DIRECTION('',(-1.,0.,0.));
#5787=DIRECTION('',(0.,-5.60794227147675E-17,1.));
#5788=DIRECTION('',(0.,-1.,-5.60794227147675E-17));
#5789=DIRECTION('',(0.,1.,5.60794227147675E-17));
#5790=DIRECTION('',(-1.,0.,0.));
#5791=DIRECTION('',(-1.,0.,0.));
#5792=DIRECTION('',(0.,0.,-1.));
#5793=DIRECTION('',(-1.,0.,0.));
#5794=DIRECTION('',(0.,1.,0.));
#5795=DIRECTION('',(-1.,0.,0.));
#5796=DIRECTION('',(0.,-5.60794227147675E-17,1.));
#5797=DIRECTION('',(0.,-1.,-5.60794227147675E-17));
#5798=DIRECTION('',(0.,1.,5.60794227147675E-17));
#5799=DIRECTION('',(-1.,0.,0.));
#5800=DIRECTION('',(-1.,0.,0.));
#5801=DIRECTION('',(0.,0.,-1.));
#5802=DIRECTION('',(-1.,0.,0.));
#5803=DIRECTION('',(0.,1.,0.));
#5804=DIRECTION('',(-1.,0.,0.));
#5805=DIRECTION('',(0.,-5.60794227147675E-17,1.));
#5806=DIRECTION('',(0.,-1.,-5.60794227147675E-17));
#5807=DIRECTION('',(0.,1.,5.60794227147675E-17));
#5808=DIRECTION('',(-1.,0.,0.));
#5809=DIRECTION('',(1.,0.,0.));
#5810=DIRECTION('',(0.,0.,-1.));
#5811=DIRECTION('',(1.,0.,0.));
#5812=DIRECTION('',(0.,0.,-1.));
#5813=DIRECTION('',(-1.,0.,0.));
#5814=DIRECTION('',(0.,0.,1.));
#5815=DIRECTION('',(1.,0.,0.));
#5816=DIRECTION('',(0.,0.,-1.));
#5817=DIRECTION('',(1.,0.,0.));
#5818=DIRECTION('',(0.,0.,-1.));
#5819=DIRECTION('',(-1.,0.,0.));
#5820=DIRECTION('',(0.,0.,1.));
#5821=DIRECTION('',(1.,0.,0.));
#5822=DIRECTION('',(0.,0.,-1.));
#5823=DIRECTION('',(1.,0.,0.));
#5824=DIRECTION('',(0.,0.,-1.));
#5825=DIRECTION('',(-1.,0.,0.));
#5826=DIRECTION('',(0.,0.,1.));
#5827=DIRECTION('',(1.,0.,0.));
#5828=DIRECTION('',(0.,0.,1.));
#5829=DIRECTION('',(-1.,0.,0.));
#5830=DIRECTION('',(0.,1.,0.));
#5831=DIRECTION('',(1.,0.,0.));
#5832=DIRECTION('',(0.,0.,1.));
#5833=DIRECTION('',(-1.,0.,0.));
#5834=DIRECTION('',(0.,1.,0.));
#5835=DIRECTION('',(1.,0.,0.));
#5836=DIRECTION('',(0.,0.,1.));
#5837=DIRECTION('',(-1.,0.,0.));
#5838=DIRECTION('',(0.,1.,0.));
#5839=DIRECTION('',(0.58880333414688,0.808276334985454,0.));
#5840=DIRECTION('',(-0.808276334985454,0.58880333414688,0.));
#5841=DIRECTION('',(-0.808276334985454,0.58880333414688,0.));
#5842=DIRECTION('',(0.,0.,1.));
#5843=DIRECTION('',(0.,0.,1.));
#5844=DIRECTION('',(0.,0.,1.));
#5845=DIRECTION('',(-0.258819045102522,-0.965925826289068,0.));
#5846=DIRECTION('',(0.,0.,1.));
#5847=DIRECTION('',(-0.258819045102522,-0.965925826289068,0.));
#5848=DIRECTION('',(0.,0.,1.));
#5849=DIRECTION('',(0.105780477711448,-0.994389506448624,0.));
#5850=DIRECTION('',(0.994389506448624,0.105780477711448,0.));
#5851=DIRECTION('',(0.994389506448624,0.105780477711448,0.));
#5852=DIRECTION('',(0.,0.,1.));
#5853=DIRECTION('',(0.258819045102522,0.965925826289068,0.));
#5854=DIRECTION('',(0.,0.,1.));
#5855=DIRECTION('',(-0.965925826289068,0.258819045102522,0.));
#5856=DIRECTION('',(0.,0.,1.));
#5857=DIRECTION('',(-0.965925826289068,0.258819045102522,0.));
#5858=DIRECTION('',(-0.258819045102522,-0.965925826289068,0.));
#5859=DIRECTION('',(0.,0.,-1.));
#5860=DIRECTION('',(0.965925826289068,-0.258819045102522,0.));
#5861=DIRECTION('',(0.,0.,1.));
#5862=DIRECTION('',(0.965925826289068,-0.258819045102522,0.));
#5863=DIRECTION('',(0.,0.,1.));
#5864=DIRECTION('',(1.,0.,0.));
#5865=DIRECTION('',(0.,0.,1.));
#5866=DIRECTION('',(0.,0.,1.));
#5867=DIRECTION('',(1.,0.,0.));
#5868=DIRECTION('',(1.96005385927235E-15,1.,0.));
#5869=DIRECTION('',(0.,0.,1.));
#5870=DIRECTION('',(-1.,1.96005385927235E-15,0.));
#5871=DIRECTION('',(0.,0.,1.));
#5872=DIRECTION('',(0.,0.,1.));
#5873=DIRECTION('',(-1.96005385927235E-15,-1.,0.));
#5874=DIRECTION('',(0.,0.,1.));
#5875=DIRECTION('',(-1.96005385927235E-15,-1.,0.));
#5876=DIRECTION('',(0.,0.,1.));
#5877=DIRECTION('',(0.,0.,1.));
#5878=DIRECTION('',(0.359543037857683,0.9331285034378,0.));
#5879=DIRECTION('',(-0.9331285034378,0.359543037857683,0.));
#5880=DIRECTION('',(-0.9331285034378,0.359543037857683,0.));
#5881=DIRECTION('',(-0.9331285034378,0.359543037857683,0.));
#5882=DIRECTION('',(0.359543037857683,-0.9331285034378,0.));
#5883=DIRECTION('',(0.9331285034378,0.359543037857683,0.));
#5884=DIRECTION('',(0.9331285034378,0.359543037857683,0.));
#5885=DIRECTION('',(0.,0.,1.));
#5886=DIRECTION('',(0.9331285034378,0.359543037857683,0.));
#5887=DIRECTION('',(-1.96005385927235E-15,-1.,0.));
#5888=DIRECTION('',(0.,0.,-1.));
#5889=DIRECTION('',(1.,-1.96005385927235E-15,0.));
#5890=DIRECTION('',(0.,0.,1.));
#5891=DIRECTION('',(0.,0.,1.));
#5892=DIRECTION('',(1.,0.,0.));
#5893=DIRECTION('',(0.,0.,1.));
#5894=DIRECTION('',(0.,0.,1.));
#5895=DIRECTION('',(1.,0.,0.));
#5896=DIRECTION('',(0.105780477711449,0.994389506448624,0.));
#5897=DIRECTION('',(-0.994389506448624,0.105780477711449,0.));
#5898=DIRECTION('',(-0.994389506448624,0.105780477711449,0.));
#5899=DIRECTION('',(0.,0.,1.));
#5900=DIRECTION('',(0.,0.,1.));
#5901=DIRECTION('',(0.,0.,1.));
#5902=DIRECTION('',(0.258819045102519,-0.965925826289069,0.));
#5903=DIRECTION('',(0.,0.,1.));
#5904=DIRECTION('',(0.258819045102519,-0.965925826289069,0.));
#5905=DIRECTION('',(0.,0.,1.));
#5906=DIRECTION('',(0.588803334146879,-0.808276334985454,0.));
#5907=DIRECTION('',(0.808276334985454,0.588803334146879,0.));
#5908=DIRECTION('',(0.808276334985454,0.588803334146879,0.));
#5909=DIRECTION('',(0.,0.,1.));
#5910=DIRECTION('',(-0.258819045102519,0.965925826289069,0.));
#5911=DIRECTION('',(0.,0.,1.));
#5912=DIRECTION('',(-0.965925826289069,-0.258819045102519,0.));
#5913=DIRECTION('',(-0.965925826289069,-0.258819045102519,0.));
#5914=DIRECTION('',(0.258819045102519,-0.965925826289069,0.));
#5915=DIRECTION('',(0.,0.,-1.));
#5916=DIRECTION('',(0.965925826289069,0.258819045102519,0.));
#5917=DIRECTION('',(0.,0.,1.));
#5918=DIRECTION('',(0.965925826289069,0.258819045102519,0.));
#5919=DIRECTION('',(0.,0.,1.));
#5920=DIRECTION('',(1.,0.,0.));
#5921=DIRECTION('',(0.,0.,1.));
#5922=DIRECTION('',(1.,0.,0.));
#5923=DIRECTION('',(0.,0.,1.));
#5924=DIRECTION('',(1.,0.,0.));
#5925=DIRECTION('',(0.,0.,1.));
#5926=DIRECTION('',(0.,0.,1.));
#5927=DIRECTION('',(1.,0.,0.));
#5928=DIRECTION('',(0.500000000000001,-0.866025403784438,0.));
#5929=DIRECTION('',(0.,0.,1.));
#5930=DIRECTION('',(0.866025403784438,0.500000000000001,0.));
#5931=DIRECTION('',(0.,0.,1.));
#5932=DIRECTION('',(0.155190847180319,-0.987884507901331,0.));
#5933=DIRECTION('',(0.987884507901331,0.155190847180319,0.));
#5934=DIRECTION('',(0.987884507901331,0.155190847180319,0.));
#5935=DIRECTION('',(0.,0.,1.));
#5936=DIRECTION('',(0.,0.,1.));
#5937=DIRECTION('',(-0.500000000000001,0.866025403784438,0.));
#5938=DIRECTION('',(0.,0.,1.));
#5939=DIRECTION('',(-0.500000000000001,0.866025403784438,0.));
#5940=DIRECTION('',(0.,0.,1.));
#5941=DIRECTION('',(-0.777937656257485,0.628341470043647,0.));
#5942=DIRECTION('',(-0.628341470043647,-0.777937656257485,0.));
#5943=DIRECTION('',(-0.628341470043647,-0.777937656257485,0.));
#5944=DIRECTION('',(0.,0.,1.));
#5945=DIRECTION('',(-0.500000000000001,0.866025403784438,0.));
#5946=DIRECTION('',(0.,0.,-1.));
#5947=DIRECTION('',(-0.866025403784438,-0.500000000000001,0.));
#5948=DIRECTION('',(0.,0.,1.));
#5949=DIRECTION('',(0.,0.,1.));
#5950=DIRECTION('',(1.,0.,0.));
#5951=DIRECTION('',(0.,0.,1.));
#5952=DIRECTION('',(0.,0.,1.));
#5953=DIRECTION('',(1.,0.,0.));
#5954=DIRECTION('',(0.707106781186548,-0.707106781186547,0.));
#5955=DIRECTION('',(0.,0.,1.));
#5956=DIRECTION('',(0.707106781186547,0.707106781186548,0.));
#5957=DIRECTION('',(0.,0.,1.));
#5958=DIRECTION('',(0.405586172301746,-0.914056812696901,0.));
#5959=DIRECTION('',(0.914056812696901,0.405586172301746,0.));
#5960=DIRECTION('',(0.914056812696901,0.405586172301746,0.));
#5961=DIRECTION('',(0.,0.,1.));
#5962=DIRECTION('',(0.,0.,1.));
#5963=DIRECTION('',(-0.707106781186548,0.707106781186547,0.));
#5964=DIRECTION('',(0.,0.,1.));
#5965=DIRECTION('',(-0.707106781186548,0.707106781186547,0.));
#5966=DIRECTION('',(0.,0.,1.));
#5967=DIRECTION('',(-0.914056812696904,0.405586172301742,0.));
#5968=DIRECTION('',(-0.405586172301742,-0.914056812696904,0.));
#5969=DIRECTION('',(-0.405586172301742,-0.914056812696904,0.));
#5970=DIRECTION('',(0.,0.,1.));
#5971=DIRECTION('',(-0.707106781186548,0.707106781186547,0.));
#5972=DIRECTION('',(0.,0.,-1.));
#5973=DIRECTION('',(-0.707106781186547,-0.707106781186548,0.));
#5974=DIRECTION('',(0.,0.,1.));
#5975=DIRECTION('',(0.,0.,1.));
#5976=DIRECTION('',(1.,0.,0.));
#5977=DIRECTION('',(0.,0.,1.));
#5978=DIRECTION('',(0.,0.,1.));
#5979=DIRECTION('',(1.,0.,0.));
#5980=DIRECTION('',(0.866025403784439,-0.5,0.));
#5981=DIRECTION('',(0.,0.,1.));
#5982=DIRECTION('',(0.5,0.866025403784439,0.));
#5983=DIRECTION('',(0.,0.,1.));
#5984=DIRECTION('',(0.62834147004365,-0.777937656257482,0.));
#5985=DIRECTION('',(0.777937656257482,0.62834147004365,0.));
#5986=DIRECTION('',(0.777937656257482,0.62834147004365,0.));
#5987=DIRECTION('',(0.,0.,1.));
#5988=DIRECTION('',(0.,0.,1.));
#5989=DIRECTION('',(-0.866025403784439,0.5,0.));
#5990=DIRECTION('',(0.,0.,1.));
#5991=DIRECTION('',(-0.866025403784439,0.5,0.));
#5992=DIRECTION('',(0.,0.,1.));
#5993=DIRECTION('',(-0.987884507901332,0.155190847180314,0.));
#5994=DIRECTION('',(-0.155190847180314,-0.987884507901332,0.));
#5995=DIRECTION('',(-0.155190847180314,-0.987884507901332,0.));
#5996=DIRECTION('',(0.,0.,1.));
#5997=DIRECTION('',(-0.866025403784439,0.5,0.));
#5998=DIRECTION('',(0.,0.,-1.));
#5999=DIRECTION('',(-0.5,-0.866025403784439,0.));
#6000=DIRECTION('',(0.,0.,1.));
#6001=DIRECTION('',(0.,0.,1.));
#6002=DIRECTION('',(1.,0.,0.));
#6003=DIRECTION('',(0.,0.,1.));
#6004=DIRECTION('',(0.,0.,1.));
#6005=DIRECTION('',(1.,0.,0.));
#6006=DIRECTION('',(0.965925826289068,-0.258819045102521,0.));
#6007=DIRECTION('',(0.,0.,1.));
#6008=DIRECTION('',(0.258819045102521,0.965925826289068,0.));
#6009=DIRECTION('',(0.,0.,1.));
#6010=DIRECTION('',(0.808276334985455,-0.588803334146878,0.));
#6011=DIRECTION('',(0.588803334146878,0.808276334985455,0.));
#6012=DIRECTION('',(0.588803334146878,0.808276334985455,0.));
#6013=DIRECTION('',(0.,0.,1.));
#6014=DIRECTION('',(0.,0.,1.));
#6015=DIRECTION('',(-0.965925826289068,0.258819045102521,0.));
#6016=DIRECTION('',(0.,0.,1.));
#6017=DIRECTION('',(-0.965925826289068,0.258819045102521,0.));
#6018=DIRECTION('',(0.,0.,1.));
#6019=DIRECTION('',(-0.994389506448624,-0.10578047771145,0.));
#6020=DIRECTION('',(0.10578047771145,-0.994389506448624,0.));
#6021=DIRECTION('',(0.10578047771145,-0.994389506448624,0.));
#6022=DIRECTION('',(0.,0.,1.));
#6023=DIRECTION('',(-0.965925826289068,0.258819045102521,0.));
#6024=DIRECTION('',(0.,0.,-1.));
#6025=DIRECTION('',(-0.258819045102521,-0.965925826289068,0.));
#6026=DIRECTION('',(0.,0.,1.));
#6027=DIRECTION('',(0.,0.,1.));
#6028=DIRECTION('',(1.,0.,0.));
#6029=DIRECTION('',(0.,0.,1.));
#6030=DIRECTION('',(0.,0.,1.));
#6031=DIRECTION('',(1.,0.,0.));
#6032=DIRECTION('',(1.,-1.22464679914735E-16,0.));
#6033=DIRECTION('',(0.,0.,1.));
#6034=DIRECTION('',(1.22464679914735E-16,1.,0.));
#6035=DIRECTION('',(0.,0.,1.));
#6036=DIRECTION('',(0.933128503437801,-0.359543037857682,0.));
#6037=DIRECTION('',(0.359543037857682,0.933128503437801,0.));
#6038=DIRECTION('',(0.359543037857682,0.933128503437801,0.));
#6039=DIRECTION('',(0.,0.,1.));
#6040=DIRECTION('',(0.,0.,1.));
#6041=DIRECTION('',(-1.,1.22464679914735E-16,0.));
#6042=DIRECTION('',(0.,0.,1.));
#6043=DIRECTION('',(-1.,1.22464679914735E-16,0.));
#6044=DIRECTION('',(0.,0.,1.));
#6045=DIRECTION('',(-0.9331285034378,-0.359543037857684,0.));
#6046=DIRECTION('',(0.359543037857684,-0.9331285034378,0.));
#6047=DIRECTION('',(0.359543037857684,-0.9331285034378,0.));
#6048=DIRECTION('',(0.,0.,1.));
#6049=DIRECTION('',(-1.,1.22464679914735E-16,0.));
#6050=DIRECTION('',(0.,0.,-1.));
#6051=DIRECTION('',(-1.22464679914735E-16,-1.,0.));
#6052=DIRECTION('',(0.,0.,1.));
#6053=DIRECTION('',(0.,0.,1.));
#6054=DIRECTION('',(1.,0.,0.));
#6055=DIRECTION('',(0.,0.,1.));
#6056=DIRECTION('',(0.,0.,1.));
#6057=DIRECTION('',(1.,0.,0.));
#6058=DIRECTION('',(0.965925826289069,0.25881904510252,0.));
#6059=DIRECTION('',(0.,0.,1.));
#6060=DIRECTION('',(-0.25881904510252,0.965925826289069,0.));
#6061=DIRECTION('',(0.,0.,1.));
#6062=DIRECTION('',(0.994389506448624,-0.105780477711448,0.));
#6063=DIRECTION('',(0.105780477711448,0.994389506448624,0.));
#6064=DIRECTION('',(0.105780477711448,0.994389506448624,0.));
#6065=DIRECTION('',(0.,0.,1.));
#6066=DIRECTION('',(0.,0.,1.));
#6067=DIRECTION('',(-0.965925826289069,-0.25881904510252,0.));
#6068=DIRECTION('',(0.,0.,1.));
#6069=DIRECTION('',(-0.965925826289069,-0.25881904510252,0.));
#6070=DIRECTION('',(0.,0.,1.));
#6071=DIRECTION('',(-0.808276334985454,-0.588803334146881,0.));
#6072=DIRECTION('',(0.588803334146881,-0.808276334985454,0.));
#6073=DIRECTION('',(0.588803334146881,-0.808276334985454,0.));
#6074=DIRECTION('',(0.,0.,1.));
#6075=DIRECTION('',(-0.965925826289069,-0.25881904510252,0.));
#6076=DIRECTION('',(0.,0.,-1.));
#6077=DIRECTION('',(0.25881904510252,-0.965925826289069,0.));
#6078=DIRECTION('',(0.,0.,1.));
#6079=DIRECTION('',(0.,0.,1.));
#6080=DIRECTION('',(1.,0.,0.));
#6081=DIRECTION('',(0.,0.,1.));
#6082=DIRECTION('',(0.,0.,1.));
#6083=DIRECTION('',(1.,0.,0.));
#6084=DIRECTION('',(0.866025403784439,0.499999999999999,0.));
#6085=DIRECTION('',(0.,0.,1.));
#6086=DIRECTION('',(-0.499999999999999,0.866025403784439,0.));
#6087=DIRECTION('',(0.,0.,1.));
#6088=DIRECTION('',(0.987884507901331,0.155190847180317,0.));
#6089=DIRECTION('',(-0.155190847180317,0.987884507901331,0.));
#6090=DIRECTION('',(-0.155190847180317,0.987884507901331,0.));
#6091=DIRECTION('',(0.,0.,1.));
#6092=DIRECTION('',(0.,0.,1.));
#6093=DIRECTION('',(-0.866025403784439,-0.499999999999999,0.));
#6094=DIRECTION('',(0.,0.,1.));
#6095=DIRECTION('',(-0.866025403784439,-0.499999999999999,0.));
#6096=DIRECTION('',(0.,0.,1.));
#6097=DIRECTION('',(-0.628341470043648,-0.777937656257484,0.));
#6098=DIRECTION('',(0.777937656257484,-0.628341470043648,0.));
#6099=DIRECTION('',(0.777937656257484,-0.628341470043648,0.));
#6100=DIRECTION('',(0.,0.,1.));
#6101=DIRECTION('',(-0.866025403784439,-0.499999999999999,0.));
#6102=DIRECTION('',(0.,0.,-1.));
#6103=DIRECTION('',(0.499999999999999,-0.866025403784439,0.));
#6104=DIRECTION('',(0.,0.,1.));
#6105=DIRECTION('',(0.,0.,1.));
#6106=DIRECTION('',(1.,0.,0.));
#6107=DIRECTION('',(0.,0.,1.));
#6108=DIRECTION('',(0.,0.,1.));
#6109=DIRECTION('',(1.,0.,0.));
#6110=DIRECTION('',(0.707106781186549,0.707106781186546,0.));
#6111=DIRECTION('',(0.,0.,1.));
#6112=DIRECTION('',(-0.707106781186546,0.707106781186549,0.));
#6113=DIRECTION('',(0.,0.,1.));
#6114=DIRECTION('',(0.914056812696902,0.405586172301744,0.));
#6115=DIRECTION('',(-0.405586172301744,0.914056812696902,0.));
#6116=DIRECTION('',(-0.405586172301744,0.914056812696902,0.));
#6117=DIRECTION('',(0.,0.,1.));
#6118=DIRECTION('',(0.,0.,1.));
#6119=DIRECTION('',(-0.707106781186549,-0.707106781186546,0.));
#6120=DIRECTION('',(0.,0.,1.));
#6121=DIRECTION('',(-0.707106781186549,-0.707106781186546,0.));
#6122=DIRECTION('',(0.,0.,1.));
#6123=DIRECTION('',(-0.405586172301744,-0.914056812696903,0.));
#6124=DIRECTION('',(0.914056812696903,-0.405586172301744,0.));
#6125=DIRECTION('',(0.914056812696903,-0.405586172301744,0.));
#6126=DIRECTION('',(0.,0.,1.));
#6127=DIRECTION('',(-0.707106781186549,-0.707106781186546,0.));
#6128=DIRECTION('',(0.,0.,-1.));
#6129=DIRECTION('',(0.707106781186546,-0.707106781186549,0.));
#6130=DIRECTION('',(0.,0.,1.));
#6131=DIRECTION('',(0.,0.,1.));
#6132=DIRECTION('',(1.,0.,0.));
#6133=DIRECTION('',(0.,0.,1.));
#6134=DIRECTION('',(0.,0.,1.));
#6135=DIRECTION('',(1.,0.,0.));
#6136=DIRECTION('',(0.500000000000001,0.866025403784438,0.));
#6137=DIRECTION('',(0.,0.,1.));
#6138=DIRECTION('',(-0.866025403784438,0.500000000000001,0.));
#6139=DIRECTION('',(0.,0.,1.));
#6140=DIRECTION('',(0.777937656257484,0.628341470043649,0.));
#6141=DIRECTION('',(-0.628341470043649,0.777937656257484,0.));
#6142=DIRECTION('',(-0.628341470043649,0.777937656257484,0.));
#6143=DIRECTION('',(0.,0.,1.));
#6144=DIRECTION('',(0.,0.,1.));
#6145=DIRECTION('',(-0.500000000000001,-0.866025403784438,0.));
#6146=DIRECTION('',(0.,0.,1.));
#6147=DIRECTION('',(-0.500000000000001,-0.866025403784438,0.));
#6148=DIRECTION('',(0.,0.,1.));
#6149=DIRECTION('',(-0.155190847180316,-0.987884507901331,0.));
#6150=DIRECTION('',(0.987884507901331,-0.155190847180316,0.));
#6151=DIRECTION('',(0.987884507901331,-0.155190847180316,0.));
#6152=DIRECTION('',(0.,0.,1.));
#6153=DIRECTION('',(-0.500000000000001,-0.866025403784438,0.));
#6154=DIRECTION('',(0.,0.,-1.));
#6155=DIRECTION('',(0.866025403784438,-0.500000000000001,0.));
#6156=DIRECTION('',(0.,0.,1.));
#6157=DIRECTION('',(0.,0.,1.));
#6158=DIRECTION('',(1.,0.,0.));
#6159=DIRECTION('',(0.,0.,1.));
#6160=DIRECTION('',(1.,0.,0.));
#6161=DIRECTION('',(0.,0.,1.));
#6162=DIRECTION('',(1.,0.,0.));
#6163=DIRECTION('',(0.,0.,1.));
#6164=DIRECTION('',(1.,0.,0.));
#6165=DIRECTION('',(0.,0.,1.));
#6166=DIRECTION('',(0.,0.,1.));
#6167=DIRECTION('',(1.,0.,0.));
#6168=DIRECTION('',(0.,0.,1.));
#6169=DIRECTION('',(1.,0.,0.));
#6170=DIRECTION('',(-0.499999999999998,0.86602540378444,0.));
#6171=DIRECTION('',(0.,0.,1.));
#6172=DIRECTION('',(-0.86602540378444,-0.499999999999998,0.));
#6173=DIRECTION('',(0.,0.,1.));
#6174=DIRECTION('',(-0.155190847180316,0.987884507901332,0.));
#6175=DIRECTION('',(-0.987884507901332,-0.155190847180316,0.));
#6176=DIRECTION('',(-0.987884507901332,-0.155190847180316,0.));
#6177=DIRECTION('',(0.,0.,1.));
#6178=DIRECTION('',(0.,0.,1.));
#6179=DIRECTION('',(0.499999999999998,-0.86602540378444,0.));
#6180=DIRECTION('',(0.,0.,1.));
#6181=DIRECTION('',(0.499999999999998,-0.86602540378444,0.));
#6182=DIRECTION('',(0.,0.,1.));
#6183=DIRECTION('',(0.777937656257483,-0.628341470043649,0.));
#6184=DIRECTION('',(0.628341470043649,0.777937656257483,0.));
#6185=DIRECTION('',(0.628341470043649,0.777937656257483,0.));
#6186=DIRECTION('',(0.,0.,1.));
#6187=DIRECTION('',(0.499999999999998,-0.86602540378444,0.));
#6188=DIRECTION('',(0.,0.,-1.));
#6189=DIRECTION('',(0.86602540378444,0.499999999999998,0.));
#6190=DIRECTION('',(0.,0.,1.));
#6191=DIRECTION('',(0.,0.,1.));
#6192=DIRECTION('',(1.,0.,0.));
#6193=DIRECTION('',(0.,0.,1.));
#6194=DIRECTION('',(0.,0.,1.));
#6195=DIRECTION('',(1.,0.,0.));
#6196=DIRECTION('',(-0.707106781186545,0.70710678118655,0.));
#6197=DIRECTION('',(0.,0.,1.));
#6198=DIRECTION('',(-0.70710678118655,-0.707106781186545,0.));
#6199=DIRECTION('',(0.,0.,1.));
#6200=DIRECTION('',(-0.405586172301743,0.914056812696903,0.));
#6201=DIRECTION('',(-0.914056812696903,-0.405586172301743,0.));
#6202=DIRECTION('',(-0.914056812696903,-0.405586172301743,0.));
#6203=DIRECTION('',(0.,0.,1.));
#6204=DIRECTION('',(0.,0.,1.));
#6205=DIRECTION('',(0.707106781186545,-0.70710678118655,0.));
#6206=DIRECTION('',(0.,0.,1.));
#6207=DIRECTION('',(0.707106781186545,-0.70710678118655,0.));
#6208=DIRECTION('',(0.,0.,1.));
#6209=DIRECTION('',(0.914056812696902,-0.405586172301745,0.));
#6210=DIRECTION('',(0.405586172301745,0.914056812696902,0.));
#6211=DIRECTION('',(0.405586172301745,0.914056812696902,0.));
#6212=DIRECTION('',(0.,0.,1.));
#6213=DIRECTION('',(0.707106781186545,-0.70710678118655,0.));
#6214=DIRECTION('',(0.,0.,-1.));
#6215=DIRECTION('',(0.70710678118655,0.707106781186545,0.));
#6216=DIRECTION('',(0.,0.,1.));
#6217=DIRECTION('',(0.,0.,1.));
#6218=DIRECTION('',(1.,0.,0.));
#6219=DIRECTION('',(0.,0.,1.));
#6220=DIRECTION('',(0.,0.,1.));
#6221=DIRECTION('',(1.,0.,0.));
#6222=DIRECTION('',(-0.866025403784437,0.500000000000003,0.));
#6223=DIRECTION('',(0.,0.,1.));
#6224=DIRECTION('',(-0.500000000000003,-0.866025403784437,0.));
#6225=DIRECTION('',(0.,0.,1.));
#6226=DIRECTION('',(-0.628341470043647,0.777937656257485,0.));
#6227=DIRECTION('',(-0.777937656257485,-0.628341470043647,0.));
#6228=DIRECTION('',(-0.777937656257485,-0.628341470043647,0.));
#6229=DIRECTION('',(0.,0.,1.));
#6230=DIRECTION('',(0.,0.,1.));
#6231=DIRECTION('',(0.866025403784437,-0.500000000000003,0.));
#6232=DIRECTION('',(0.,0.,1.));
#6233=DIRECTION('',(0.866025403784437,-0.500000000000003,0.));
#6234=DIRECTION('',(0.,0.,1.));
#6235=DIRECTION('',(0.987884507901331,-0.155190847180318,0.));
#6236=DIRECTION('',(0.155190847180318,0.987884507901331,0.));
#6237=DIRECTION('',(0.155190847180318,0.987884507901331,0.));
#6238=DIRECTION('',(0.,0.,1.));
#6239=DIRECTION('',(0.866025403784437,-0.500000000000003,0.));
#6240=DIRECTION('',(0.,0.,-1.));
#6241=DIRECTION('',(0.500000000000003,0.866025403784437,0.));
#6242=DIRECTION('',(0.,0.,1.));
#6243=DIRECTION('',(0.,0.,1.));
#6244=DIRECTION('',(1.,0.,0.));
#6245=DIRECTION('',(0.,0.,1.));
#6246=DIRECTION('',(0.,0.,1.));
#6247=DIRECTION('',(1.,0.,0.));
#6248=DIRECTION('',(-0.965925826289067,0.258819045102524,0.));
#6249=DIRECTION('',(0.,0.,1.));
#6250=DIRECTION('',(-0.258819045102524,-0.965925826289067,0.));
#6251=DIRECTION('',(0.,0.,1.));
#6252=DIRECTION('',(-0.808276334985453,0.588803334146881,0.));
#6253=DIRECTION('',(-0.588803334146881,-0.808276334985453,0.));
#6254=DIRECTION('',(-0.588803334146881,-0.808276334985453,0.));
#6255=DIRECTION('',(0.,0.,1.));
#6256=DIRECTION('',(0.,0.,1.));
#6257=DIRECTION('',(0.965925826289067,-0.258819045102524,0.));
#6258=DIRECTION('',(0.,0.,1.));
#6259=DIRECTION('',(0.965925826289067,-0.258819045102524,0.));
#6260=DIRECTION('',(0.,0.,1.));
#6261=DIRECTION('',(0.994389506448624,0.105780477711447,0.));
#6262=DIRECTION('',(-0.105780477711447,0.994389506448624,0.));
#6263=DIRECTION('',(-0.105780477711447,0.994389506448624,0.));
#6264=DIRECTION('',(0.,0.,1.));
#6265=DIRECTION('',(0.965925826289067,-0.258819045102524,0.));
#6266=DIRECTION('',(0.,0.,-1.));
#6267=DIRECTION('',(0.258819045102524,0.965925826289067,0.));
#6268=DIRECTION('',(0.,0.,1.));
#6269=DIRECTION('',(0.,0.,1.));
#6270=DIRECTION('',(1.,0.,0.));
#6271=DIRECTION('',(0.,0.,1.));
#6272=DIRECTION('',(1.,0.,0.));
#6273=DIRECTION('',(0.,0.,1.));
#6274=DIRECTION('',(-1.,0.,0.));
#6275=DIRECTION('',(0.,0.,1.));
#6276=DIRECTION('',(0.,-1.,0.));
#6277=DIRECTION('',(0.,0.,1.));
#6278=DIRECTION('',(-0.933128503437801,0.359543037857681,0.));
#6279=DIRECTION('',(-0.359543037857681,-0.933128503437801,0.));
#6280=DIRECTION('',(-0.359543037857681,-0.933128503437801,0.));
#6281=DIRECTION('',(0.,0.,1.));
#6282=DIRECTION('',(0.,0.,1.));
#6283=DIRECTION('',(1.,0.,0.));
#6284=DIRECTION('',(0.,0.,1.));
#6285=DIRECTION('',(1.,0.,0.));
#6286=DIRECTION('',(0.,0.,1.));
#6287=DIRECTION('',(0.9331285034378,0.359543037857684,0.));
#6288=DIRECTION('',(-0.359543037857684,0.9331285034378,0.));
#6289=DIRECTION('',(-0.359543037857684,0.9331285034378,0.));
#6290=DIRECTION('',(0.,0.,1.));
#6291=DIRECTION('',(1.,0.,0.));
#6292=DIRECTION('',(0.,0.,-1.));
#6293=DIRECTION('',(0.,1.,0.));
#6294=DIRECTION('',(0.,0.,1.));
#6295=DIRECTION('',(0.,0.,1.));
#6296=DIRECTION('',(1.,0.,0.));
#6297=DIRECTION('',(0.,0.,1.));
#6298=DIRECTION('',(0.,0.,1.));
#6299=DIRECTION('',(1.,0.,0.));
#6300=DIRECTION('',(-0.965925826289068,-0.258819045102521,0.));
#6301=DIRECTION('',(0.,0.,1.));
#6302=DIRECTION('',(0.258819045102521,-0.965925826289068,0.));
#6303=DIRECTION('',(0.,0.,1.));
#6304=DIRECTION('',(-0.994389506448624,0.105780477711447,0.));
#6305=DIRECTION('',(-0.105780477711447,-0.994389506448624,0.));
#6306=DIRECTION('',(-0.105780477711447,-0.994389506448624,0.));
#6307=DIRECTION('',(0.,0.,1.));
#6308=DIRECTION('',(0.,0.,1.));
#6309=DIRECTION('',(0.965925826289068,0.258819045102521,0.));
#6310=DIRECTION('',(0.,0.,1.));
#6311=DIRECTION('',(0.965925826289068,0.258819045102521,0.));
#6312=DIRECTION('',(0.,0.,1.));
#6313=DIRECTION('',(0.808276334985453,0.588803334146881,0.));
#6314=DIRECTION('',(-0.588803334146881,0.808276334985453,0.));
#6315=DIRECTION('',(-0.588803334146881,0.808276334985453,0.));
#6316=DIRECTION('',(0.,0.,1.));
#6317=DIRECTION('',(0.965925826289068,0.258819045102521,0.));
#6318=DIRECTION('',(0.,0.,-1.));
#6319=DIRECTION('',(-0.258819045102521,0.965925826289068,0.));
#6320=DIRECTION('',(0.,0.,1.));
#6321=DIRECTION('',(0.,0.,1.));
#6322=DIRECTION('',(1.,0.,0.));
#6323=DIRECTION('',(0.,0.,1.));
#6324=DIRECTION('',(0.,0.,1.));
#6325=DIRECTION('',(1.,0.,0.));
#6326=DIRECTION('',(-0.866025403784439,-0.5,0.));
#6327=DIRECTION('',(0.,0.,1.));
#6328=DIRECTION('',(0.5,-0.866025403784439,0.));
#6329=DIRECTION('',(0.,0.,1.));
#6330=DIRECTION('',(-0.987884507901331,-0.155190847180318,0.));
#6331=DIRECTION('',(0.155190847180318,-0.987884507901331,0.));
#6332=DIRECTION('',(0.155190847180318,-0.987884507901331,0.));
#6333=DIRECTION('',(0.,0.,1.));
#6334=DIRECTION('',(0.,0.,1.));
#6335=DIRECTION('',(0.866025403784439,0.5,0.));
#6336=DIRECTION('',(0.,0.,1.));
#6337=DIRECTION('',(0.866025403784439,0.5,0.));
#6338=DIRECTION('',(0.,0.,1.));
#6339=DIRECTION('',(0.628341470043647,0.777937656257485,0.));
#6340=DIRECTION('',(-0.777937656257485,0.628341470043647,0.));
#6341=DIRECTION('',(-0.777937656257485,0.628341470043647,0.));
#6342=DIRECTION('',(0.,0.,1.));
#6343=DIRECTION('',(0.866025403784439,0.5,0.));
#6344=DIRECTION('',(0.,0.,-1.));
#6345=DIRECTION('',(-0.5,0.866025403784439,0.));
#6346=DIRECTION('',(0.,0.,1.));
#6347=DIRECTION('',(0.,0.,1.));
#6348=DIRECTION('',(1.,0.,0.));
#6349=DIRECTION('',(0.,0.,1.));
#6350=DIRECTION('',(0.,0.,1.));
#6351=DIRECTION('',(1.,0.,0.));
#6352=DIRECTION('',(-0.707106781186548,-0.707106781186548,0.));
#6353=DIRECTION('',(0.,0.,1.));
#6354=DIRECTION('',(0.707106781186548,-0.707106781186548,0.));
#6355=DIRECTION('',(0.,0.,1.));
#6356=DIRECTION('',(-0.914056812696902,-0.405586172301745,0.));
#6357=DIRECTION('',(0.405586172301745,-0.914056812696902,0.));
#6358=DIRECTION('',(0.405586172301745,-0.914056812696902,0.));
#6359=DIRECTION('',(0.,0.,1.));
#6360=DIRECTION('',(0.,0.,1.));
#6361=DIRECTION('',(0.707106781186548,0.707106781186548,0.));
#6362=DIRECTION('',(0.,0.,1.));
#6363=DIRECTION('',(0.707106781186548,0.707106781186548,0.));
#6364=DIRECTION('',(0.,0.,1.));
#6365=DIRECTION('',(0.405586172301743,0.914056812696903,0.));
#6366=DIRECTION('',(-0.914056812696903,0.405586172301743,0.));
#6367=DIRECTION('',(-0.914056812696903,0.405586172301743,0.));
#6368=DIRECTION('',(0.,0.,1.));
#6369=DIRECTION('',(0.707106781186548,0.707106781186548,0.));
#6370=DIRECTION('',(0.,0.,-1.));
#6371=DIRECTION('',(-0.707106781186548,0.707106781186548,0.));
#6372=DIRECTION('',(0.,0.,1.));
#6373=DIRECTION('',(0.,0.,1.));
#6374=DIRECTION('',(1.,0.,0.));
#6375=DIRECTION('',(0.,0.,1.));
#6376=DIRECTION('',(0.,0.,1.));
#6377=DIRECTION('',(1.,0.,0.));
#6378=DIRECTION('',(-0.5,-0.866025403784439,0.));
#6379=DIRECTION('',(0.,0.,1.));
#6380=DIRECTION('',(0.866025403784439,-0.5,0.));
#6381=DIRECTION('',(0.,0.,1.));
#6382=DIRECTION('',(-0.777937656257483,-0.62834147004365,0.));
#6383=DIRECTION('',(0.62834147004365,-0.777937656257483,0.));
#6384=DIRECTION('',(0.62834147004365,-0.777937656257483,0.));
#6385=DIRECTION('',(0.,0.,1.));
#6386=DIRECTION('',(0.,0.,1.));
#6387=DIRECTION('',(0.5,0.866025403784439,0.));
#6388=DIRECTION('',(0.,0.,1.));
#6389=DIRECTION('',(0.5,0.866025403784439,0.));
#6390=DIRECTION('',(0.,0.,1.));
#6391=DIRECTION('',(0.155190847180315,0.987884507901332,0.));
#6392=DIRECTION('',(-0.987884507901332,0.155190847180315,0.));
#6393=DIRECTION('',(-0.987884507901332,0.155190847180315,0.));
#6394=DIRECTION('',(0.,0.,1.));
#6395=DIRECTION('',(0.5,0.866025403784439,0.));
#6396=DIRECTION('',(0.,0.,-1.));
#6397=DIRECTION('',(-0.866025403784439,0.5,0.));
#6398=DIRECTION('',(0.,0.,1.));
#6399=DIRECTION('',(0.,0.,1.));
#6400=DIRECTION('',(1.,0.,0.));
#6401=DIRECTION('',(0.,0.,1.));
#6402=DIRECTION('',(1.,0.,0.));
#6403=DIRECTION('',(0.,1.,8.67361737988404E-16));
#6404=DIRECTION('',(0.,-8.67361737988404E-16,1.));
#6405=DIRECTION('',(0.,-8.67361737988404E-16,1.));
#6406=DIRECTION('',(-1.,0.,0.));
#6407=DIRECTION('',(0.,-8.67361737988404E-16,1.));
#6408=DIRECTION('',(1.,0.,0.));
#6409=DIRECTION('',(0.,0.,1.));
#6410=DIRECTION('',(0.,1.,0.));
#6411=DIRECTION('',(0.,-8.67361737988404E-16,-1.));
#6412=DIRECTION('',(0.,-1.,8.67361737988404E-16));
#6413=DIRECTION('',(0.,-8.67361737988404E-16,-1.));
#6414=DIRECTION('',(0.,-8.67361737988404E-16,-1.));
#6415=DIRECTION('',(1.,0.,0.));
#6416=DIRECTION('',(1.,0.,0.));
#6417=DIRECTION('',(0.,0.,1.));
#6418=DIRECTION('',(0.,-1.,0.));
#6419=DIRECTION('',(0.,-1.,0.));
#6420=DIRECTION('',(-1.,0.,0.));
#6421=DIRECTION('',(0.,0.,1.));
#6422=DIRECTION('',(0.,-1.,-5.60794227147675E-17));
#6423=DIRECTION('',(-1.,0.,0.));
#6424=DIRECTION('',(0.,0.,1.));
#6425=DIRECTION('',(-1.,0.,0.));
#6426=DIRECTION('',(0.,0.,1.));
#6427=DIRECTION('',(0.,-1.,-5.60794227147675E-17));
#6428=DIRECTION('',(-1.,0.,0.));
#6429=DIRECTION('',(0.,0.,1.));
#6430=DIRECTION('',(0.,-1.,-5.60794227147675E-17));
#6431=DIRECTION('',(-1.,0.,0.));
#6432=DIRECTION('',(0.,0.,1.));
#6433=DIRECTION('',(-1.,0.,0.));
#6434=DIRECTION('',(0.,0.,1.));
#6435=DIRECTION('',(0.,-1.,-5.60794227147675E-17));
#6436=DIRECTION('',(1.,0.,0.));
#6437=DIRECTION('',(0.,0.,-1.));
#6438=DIRECTION('',(1.,0.,0.));
#6439=DIRECTION('',(1.,0.,0.));
#6440=DIRECTION('',(0.,-1.,0.));
#6441=DIRECTION('',(0.,0.,1.));
#6442=DIRECTION('',(1.,0.,0.));
#6443=DIRECTION('',(0.,-1.,0.));
#6444=DIRECTION('',(1.,0.,0.));
#6445=DIRECTION('',(0.,-1.,0.));
#6446=DIRECTION('',(1.,0.,0.));
#6447=DIRECTION('',(0.,0.,-1.));
#6448=DIRECTION('',(1.,0.,0.));
#6449=DIRECTION('',(-1.,0.,0.));
#6450=DIRECTION('',(0.,-1.,0.));
#6451=DIRECTION('',(-1.,0.,0.));
#6452=DIRECTION('',(1.,0.,0.));
#6453=DIRECTION('',(0.,1.,0.));
#6454=DIRECTION('',(1.,0.,0.));
#6455=DIRECTION('',(1.,0.,0.));
#6456=DIRECTION('',(0.,1.,0.));
#6457=DIRECTION('',(0.,-1.,8.67361737988404E-16));
#6458=DIRECTION('',(0.,-8.67361737988404E-16,-1.));
#6459=DIRECTION('',(0.,-8.67361737988404E-16,-1.));
#6460=DIRECTION('',(1.,0.,0.));
#6461=DIRECTION('',(0.,-8.67361737988404E-16,-1.));
#6462=DIRECTION('',(1.,0.,0.));
#6463=DIRECTION('',(0.,0.,1.));
#6464=DIRECTION('',(1.,0.,0.));
#6465=DIRECTION('',(0.,-1.,0.));
#6466=DIRECTION('',(0.,0.,1.));
#6467=DIRECTION('',(1.,0.,0.));
#6468=DIRECTION('',(0.,-1.,0.));
#6469=DIRECTION('',(0.,0.,1.));
#6470=DIRECTION('',(1.,0.,0.));
#6471=DIRECTION('',(0.,-1.,0.));
#6472=DIRECTION('',(0.,0.,1.));
#6473=DIRECTION('',(1.,0.,0.));
#6474=DIRECTION('',(0.,-1.,0.));
#6475=DIRECTION('',(0.,0.,1.));
#6476=DIRECTION('',(1.,0.,0.));
#6477=DIRECTION('',(0.,-1.,0.));
#6478=DIRECTION('',(0.,0.,1.));
#6479=DIRECTION('',(1.,0.,0.));
#6480=DIRECTION('',(0.,-1.,0.));
#6481=DIRECTION('',(0.,0.,1.));
#6482=DIRECTION('',(1.,0.,0.));
#6483=DIRECTION('',(0.,-1.,0.));
#6484=DIRECTION('',(0.,0.,1.));
#6485=DIRECTION('',(1.,0.,0.));
#6486=DIRECTION('',(0.,-1.,0.));
#6487=DIRECTION('',(1.,0.,0.));
#6488=DIRECTION('',(0.,-1.,0.));
#6489=DIRECTION('',(0.,-1.,0.));
#6490=DIRECTION('',(0.,1.,8.67361737988404E-16));
#6491=DIRECTION('',(0.,-8.67361737988404E-16,1.));
#6492=DIRECTION('',(0.,-8.67361737988404E-16,1.));
#6493=DIRECTION('',(1.,0.,0.));
#6494=DIRECTION('',(1.,0.,0.));
#6495=DIRECTION('',(0.,-8.67361737988404E-16,1.));
#6496=DIRECTION('',(-1.,0.,0.));
#6497=DIRECTION('',(0.,0.,1.));
#6498=DIRECTION('',(0.,-1.,-5.60794227147675E-17));
#6499=DIRECTION('',(0.,-1.,-5.60794227147675E-17));
#6500=DIRECTION('',(0.,0.,1.));
#6501=DIRECTION('',(-1.,0.,0.));
#6502=DIRECTION('',(0.,1.,0.));
#6503=DIRECTION('',(-1.,0.,0.));
#6504=DIRECTION('',(0.,-1.,0.));
#6505=DIRECTION('',(-1.,0.,0.));
#6506=DIRECTION('',(0.,0.,-1.));
#6507=DIRECTION('',(1.,0.,0.));
#6508=DIRECTION('',(0.,-1.,0.));
#6509=DIRECTION('',(1.,0.,0.));
#6510=DIRECTION('',(0.,-1.,0.));
#6511=DIRECTION('',(-1.,0.,0.));
#6512=DIRECTION('',(0.,0.,-1.));
#6513=DIRECTION('',(-1.,0.,0.));
#6514=DIRECTION('',(0.,0.,1.));
#6515=DIRECTION('',(-1.,0.,0.));
#6516=DIRECTION('',(0.,0.,-1.));
#6517=DIRECTION('',(-1.,0.,0.));
#6518=DIRECTION('',(0.,0.,1.));
#6519=DIRECTION('',(-1.,0.,0.));
#6520=DIRECTION('',(0.,0.,-1.));
#6521=DIRECTION('',(-1.,0.,0.));
#6522=DIRECTION('',(0.,0.,1.));
#6523=DIRECTION('',(-1.,0.,0.));
#6524=DIRECTION('',(0.,0.,1.));
#6525=DIRECTION('',(-1.,0.,0.));
#6526=DIRECTION('',(0.,1.,0.));
#6527=DIRECTION('',(1.,0.,0.));
#6528=DIRECTION('',(0.,0.,-1.));
#6529=DIRECTION('',(0.,1.,1.0842021724855E-16));
#6530=DIRECTION('',(-1.,0.,0.));
#6531=DIRECTION('',(0.,0.,-1.));
#6532=DIRECTION('',(0.,1.,1.0842021724855E-16));
#6533=DIRECTION('',(0.,0.,-1.));
#6534=DIRECTION('',(-1.,0.,0.));
#6535=DIRECTION('',(1.,0.,0.));
#6536=DIRECTION('',(1.,0.,0.));
#6537=DIRECTION('',(0.,0.,-1.));
#6538=DIRECTION('',(0.,-5.60794227147675E-17,1.));
#6539=DIRECTION('',(0.,-1.,-5.60794227147675E-17));
#6540=DIRECTION('',(0.,-5.60794227147675E-17,1.));
#6541=DIRECTION('',(0.,-1.,-5.60794227147675E-17));
#6542=DIRECTION('',(0.,0.,1.));
#6543=DIRECTION('',(1.,0.,0.));
#6544=DIRECTION('',(0.,0.,-1.));
#6545=DIRECTION('',(1.,0.,0.));
#6546=DIRECTION('',(0.,0.,1.));
#6547=DIRECTION('',(0.,0.,-1.));
#6548=DIRECTION('',(1.,0.,0.));
#6549=DIRECTION('',(0.,0.,1.));
#6550=DIRECTION('',(0.,-1.,0.));
#6551=DIRECTION('',(0.,0.,-1.));
#6552=DIRECTION('',(1.,0.,0.));
#6553=DIRECTION('',(1.,0.,0.));
#6554=DIRECTION('',(1.07951536287645E-16,1.,0.));
#6555=DIRECTION('',(-1.,1.07951536287645E-16,0.));
#6556=DIRECTION('',(-1.,1.07951536287645E-16,0.));
#6557=DIRECTION('',(-1.,1.07951536287645E-16,0.));
#6558=DIRECTION('',(0.,0.,-1.));
#6559=DIRECTION('',(-1.,0.,0.));
#6560=DIRECTION('',(0.,0.,-1.));
#6561=DIRECTION('',(-1.,0.,0.));
#6562=CARTESIAN_POINT('',(0.,0.,0.));
#6563=CARTESIAN_POINT('',(0.,0.,-3.));
#6564=CARTESIAN_POINT('',(0.,0.,-2.));
#6565=CARTESIAN_POINT('',(-0.499999999999997,16.4,-2.));
#6566=CARTESIAN_POINT('',(0.500000000000003,16.4,-2.));
#6567=CARTESIAN_POINT('',(0.500000000000003,16.4,-3.));
#6568=CARTESIAN_POINT('',(0.500000000000003,16.4,-3.));
#6569=CARTESIAN_POINT('',(0.,0.,-3.));
#6570=CARTESIAN_POINT('',(-0.499999999999997,16.4,-3.));
#6571=CARTESIAN_POINT('',(-0.499999999999997,16.4,-3.));
#6572=CARTESIAN_POINT('',(0.500000000000003,16.4,-3.));
#6573=CARTESIAN_POINT('',(0.500000000000003,16.4,-2.));
#6574=CARTESIAN_POINT('',(0.500000000000002,14.3913168264756,-2.));
#6575=CARTESIAN_POINT('',(0.500000000000002,14.3913168264756,-3.));
#6576=CARTESIAN_POINT('',(0.500000000000002,14.3913168264756,-3.));
#6577=CARTESIAN_POINT('',(0.500000000000003,16.4,-3.));
#6578=CARTESIAN_POINT('',(-0.499999999999997,16.4,-3.));
#6579=CARTESIAN_POINT('',(-0.499999999999997,16.4,-2.));
#6580=CARTESIAN_POINT('',(-0.5,14.3913168264756,-2.));
#6581=CARTESIAN_POINT('',(-0.499999999999997,16.4,-3.));
#6582=CARTESIAN_POINT('',(-0.499999999999998,14.3913168264756,-3.));
#6583=CARTESIAN_POINT('',(-0.499999999999998,14.3913168264756,-3.));
#6584=CARTESIAN_POINT('',(0.,0.,-3.));
#6585=CARTESIAN_POINT('',(0.,0.,-3.));
#6586=CARTESIAN_POINT('',(0.,0.,-2.));
#6587=CARTESIAN_POINT('',(0.,0.,-2.));
#6588=CARTESIAN_POINT('',(0.,0.,-3.));
#6589=CARTESIAN_POINT('',(0.,0.,-2.));
#6590=CARTESIAN_POINT('',(16.4,0.499999999999998,-2.));
#6591=CARTESIAN_POINT('',(16.4,-0.500000000000002,-2.));
#6592=CARTESIAN_POINT('',(16.4,-0.500000000000002,-3.));
#6593=CARTESIAN_POINT('',(16.4,-0.500000000000002,-3.));
#6594=CARTESIAN_POINT('',(0.,0.,-3.));
#6595=CARTESIAN_POINT('',(16.4,0.499999999999998,-3.));
#6596=CARTESIAN_POINT('',(16.4,0.499999999999998,-3.));
#6597=CARTESIAN_POINT('',(16.4,-0.500000000000002,-3.));
#6598=CARTESIAN_POINT('',(16.4,-0.500000000000002,-2.));
#6599=CARTESIAN_POINT('',(14.3913168264756,-0.500000000000002,-2.));
#6600=CARTESIAN_POINT('',(14.3913168264756,-0.500000000000002,-3.));
#6601=CARTESIAN_POINT('',(14.3913168264756,-0.500000000000002,-3.));
#6602=CARTESIAN_POINT('',(16.4,-0.500000000000002,-3.));
#6603=CARTESIAN_POINT('',(16.4,0.499999999999998,-3.));
#6604=CARTESIAN_POINT('',(16.4,0.499999999999998,-2.));
#6605=CARTESIAN_POINT('',(14.3913168264756,0.5,-2.));
#6606=CARTESIAN_POINT('',(16.4,0.499999999999998,-3.));
#6607=CARTESIAN_POINT('',(14.3913168264756,0.499999999999999,-3.));
#6608=CARTESIAN_POINT('',(14.3913168264756,0.499999999999999,-3.));
#6609=CARTESIAN_POINT('',(0.,0.,-3.));
#6610=CARTESIAN_POINT('',(0.,0.,-3.));
#6611=CARTESIAN_POINT('',(0.,0.,-2.));
#6612=CARTESIAN_POINT('',(0.,0.,-2.));
#6613=CARTESIAN_POINT('',(0.,0.,-3.));
#6614=CARTESIAN_POINT('',(0.,0.,-2.));
#6615=CARTESIAN_POINT('',(0.499999999999999,-16.4,-2.));
#6616=CARTESIAN_POINT('',(-0.500000000000001,-16.4,-2.));
#6617=CARTESIAN_POINT('',(-0.500000000000001,-16.4,-3.));
#6618=CARTESIAN_POINT('',(-0.500000000000001,-16.4,-3.));
#6619=CARTESIAN_POINT('',(0.,0.,-3.));
#6620=CARTESIAN_POINT('',(0.499999999999999,-16.4,-3.));
#6621=CARTESIAN_POINT('',(0.499999999999999,-16.4,-3.));
#6622=CARTESIAN_POINT('',(-0.500000000000001,-16.4,-3.));
#6623=CARTESIAN_POINT('',(-0.500000000000001,-16.4,-2.));
#6624=CARTESIAN_POINT('',(-0.500000000000001,-14.3913168264756,-2.));
#6625=CARTESIAN_POINT('',(-0.500000000000001,-14.3913168264756,-3.));
#6626=CARTESIAN_POINT('',(-0.500000000000001,-14.3913168264756,-3.));
#6627=CARTESIAN_POINT('',(-0.500000000000001,-16.4,-3.));
#6628=CARTESIAN_POINT('',(0.499999999999999,-16.4,-3.));
#6629=CARTESIAN_POINT('',(0.499999999999999,-16.4,-2.));
#6630=CARTESIAN_POINT('',(0.500000000000001,-14.3913168264756,-2.));
#6631=CARTESIAN_POINT('',(0.499999999999999,-16.4,-3.));
#6632=CARTESIAN_POINT('',(0.5,-14.3913168264756,-3.));
#6633=CARTESIAN_POINT('',(0.5,-14.3913168264756,-3.));
#6634=CARTESIAN_POINT('',(0.,0.,-3.));
#6635=CARTESIAN_POINT('',(0.,0.,-3.));
#6636=CARTESIAN_POINT('',(0.,0.,-2.));
#6637=CARTESIAN_POINT('',(0.,0.,-2.));
#6638=CARTESIAN_POINT('',(-12.8,-4.33680868994202E-16,5.9));
#6639=CARTESIAN_POINT('',(-12.8,-4.33680868994202E-16,5.9));
#6640=CARTESIAN_POINT('',(-12.8,3.1,5.9));
#6641=CARTESIAN_POINT('',(-12.8,-3.1,5.9));
#6642=CARTESIAN_POINT('',(-12.8,-3.1,5.9));
#6643=CARTESIAN_POINT('',(-12.,-3.1,5.9));
#6644=CARTESIAN_POINT('',(-12.,-4.33680868994202E-16,5.9));
#6645=CARTESIAN_POINT('',(-12.,3.1,5.9));
#6646=CARTESIAN_POINT('',(-12.8,3.1,5.9));
#6647=CARTESIAN_POINT('',(-12.8,8.,5.9));
#6648=CARTESIAN_POINT('',(-12.8,8.,5.9));
#6649=CARTESIAN_POINT('',(-12.8,11.1,5.9));
#6650=CARTESIAN_POINT('',(-12.8,4.9,5.9));
#6651=CARTESIAN_POINT('',(-12.8,4.9,5.9));
#6652=CARTESIAN_POINT('',(-12.,4.9,5.9));
#6653=CARTESIAN_POINT('',(-12.,8.,5.9));
#6654=CARTESIAN_POINT('',(-12.,11.1,5.9));
#6655=CARTESIAN_POINT('',(-12.8,11.1,5.9));
#6656=CARTESIAN_POINT('',(-12.8,-8.,5.9));
#6657=CARTESIAN_POINT('',(-12.8,-8.,5.9));
#6658=CARTESIAN_POINT('',(-12.8,-4.9,5.9));
#6659=CARTESIAN_POINT('',(-12.8,-11.1,5.9));
#6660=CARTESIAN_POINT('',(-12.8,-11.1,5.9));
#6661=CARTESIAN_POINT('',(-12.,-11.1,5.9));
#6662=CARTESIAN_POINT('',(-12.,-8.,5.9));
#6663=CARTESIAN_POINT('',(-12.,-4.9,5.9));
#6664=CARTESIAN_POINT('',(-12.8,-4.9,5.9));
#6665=CARTESIAN_POINT('',(-16.9,-8.,5.9));
#6666=CARTESIAN_POINT('',(-16.9,4.33680868994202E-16,9.5));
#6667=CARTESIAN_POINT('',(-16.9,0.,9.5));
#6668=CARTESIAN_POINT('',(-16.9,-8.,9.5));
#6669=CARTESIAN_POINT('',(-16.9,0.,5.9));
#6670=CARTESIAN_POINT('',(-16.9,-3.6,5.9));
#6671=CARTESIAN_POINT('',(-16.9,-4.4,5.9));
#6672=CARTESIAN_POINT('',(-16.9,-4.4,5.9));
#6673=CARTESIAN_POINT('',(-16.9,-8.,5.9));
#6674=CARTESIAN_POINT('',(-16.9,-4.4,5.9));
#6675=CARTESIAN_POINT('',(-20.,-8.,5.9));
#6676=CARTESIAN_POINT('',(-20.,-4.4,5.9));
#6677=CARTESIAN_POINT('',(-20.,-3.6,5.9));
#6678=CARTESIAN_POINT('',(-16.9,-4.4,5.9));
#6679=CARTESIAN_POINT('',(-16.9,-3.6,5.9));
#6680=CARTESIAN_POINT('',(-15.1,-8.,5.9));
#6681=CARTESIAN_POINT('',(-15.1,4.33680868994202E-16,9.5));
#6682=CARTESIAN_POINT('',(-15.1,6.61309271539571E-16,9.5));
#6683=CARTESIAN_POINT('',(-15.1,-8.,9.5));
#6684=CARTESIAN_POINT('',(-15.1,-8.,5.9));
#6685=CARTESIAN_POINT('',(-15.1,-4.4,5.9));
#6686=CARTESIAN_POINT('',(-15.1,-4.4,5.9));
#6687=CARTESIAN_POINT('',(-15.1,-3.6,5.9));
#6688=CARTESIAN_POINT('',(-15.1,0.,5.9));
#6689=CARTESIAN_POINT('',(-15.1,-4.4,5.9));
#6690=CARTESIAN_POINT('',(-15.1,-4.4,5.9));
#6691=CARTESIAN_POINT('',(-12.8,-4.4,5.9));
#6692=CARTESIAN_POINT('',(-12.8,11.6,5.9));
#6693=CARTESIAN_POINT('',(-12.,-8.,5.9));
#6694=CARTESIAN_POINT('',(-12.8,11.6,5.9));
#6695=CARTESIAN_POINT('',(-12.8,-3.6,5.9));
#6696=CARTESIAN_POINT('',(-15.1,-3.6,5.9));
#6697=CARTESIAN_POINT('',(20.,8.,5.9));
#6698=CARTESIAN_POINT('',(19.2,8.,5.9));
#6699=CARTESIAN_POINT('',(19.2,8.,3.5));
#6700=CARTESIAN_POINT('',(12.8,8.,5.9));
#6701=CARTESIAN_POINT('',(12.8,8.,8.3));
#6702=CARTESIAN_POINT('',(20.,0.,5.9));
#6703=CARTESIAN_POINT('',(19.2,0.,5.9));
#6704=CARTESIAN_POINT('',(19.2,0.,3.5));
#6705=CARTESIAN_POINT('',(12.8,0.,5.9));
#6706=CARTESIAN_POINT('',(12.8,0.,8.3));
#6707=CARTESIAN_POINT('',(20.,-8.,5.9));
#6708=CARTESIAN_POINT('',(19.2,-8.,5.9));
#6709=CARTESIAN_POINT('',(19.2,-8.,3.5));
#6710=CARTESIAN_POINT('',(12.8,-8.,5.9));
#6711=CARTESIAN_POINT('',(12.8,-8.,8.3));
#6712=CARTESIAN_POINT('',(0.,0.,0.));
#6713=CARTESIAN_POINT('',(0.,0.,-3.));
#6714=CARTESIAN_POINT('',(-14.3913168264756,0.5,-3.));
#6715=CARTESIAN_POINT('',(-14.3913168264756,-0.500000000000001,-3.));
#6716=CARTESIAN_POINT('',(-14.3913168264756,0.5,-3.));
#6717=CARTESIAN_POINT('',(-14.3913168264756,0.5,-2.));
#6718=CARTESIAN_POINT('',(0.,0.,-2.));
#6719=CARTESIAN_POINT('',(-14.3913168264756,-0.500000000000002,-2.));
#6720=CARTESIAN_POINT('',(-14.3913168264756,-0.500000000000001,-3.));
#6721=CARTESIAN_POINT('',(0.,0.,-6.));
#6722=CARTESIAN_POINT('',(14.4,0.,-6.));
#6723=CARTESIAN_POINT('',(0.,0.,-1.62630325872826E-15));
#6724=CARTESIAN_POINT('',(14.4,0.,-1.62630325872826E-15));
#6725=CARTESIAN_POINT('',(19.2,-8.,5.9));
#6726=CARTESIAN_POINT('',(19.2,-8.,5.9));
#6727=CARTESIAN_POINT('',(19.2,-4.9,5.9));
#6728=CARTESIAN_POINT('',(19.2,-4.33680868994202E-16,5.9));
#6729=CARTESIAN_POINT('',(19.2,-4.33680868994202E-16,5.9));
#6730=CARTESIAN_POINT('',(19.2,3.1,5.9));
#6731=CARTESIAN_POINT('',(19.2,8.,5.9));
#6732=CARTESIAN_POINT('',(19.2,8.,5.9));
#6733=CARTESIAN_POINT('',(19.2,11.1,5.9));
#6734=CARTESIAN_POINT('',(16.9,-8.,5.9));
#6735=CARTESIAN_POINT('',(16.9,4.33680868994202E-16,9.5));
#6736=CARTESIAN_POINT('',(16.9,6.61309271539571E-16,9.5));
#6737=CARTESIAN_POINT('',(16.9,-8.,9.5));
#6738=CARTESIAN_POINT('',(16.9,-8.,5.9));
#6739=CARTESIAN_POINT('',(16.9,-4.4,5.9));
#6740=CARTESIAN_POINT('',(16.9,-4.4,5.9));
#6741=CARTESIAN_POINT('',(16.9,-3.6,5.9));
#6742=CARTESIAN_POINT('',(16.9,0.,5.9));
#6743=CARTESIAN_POINT('',(16.9,8.,5.9));
#6744=CARTESIAN_POINT('',(16.9,-4.33680868994202E-16,9.5));
#6745=CARTESIAN_POINT('',(16.9,8.,9.5));
#6746=CARTESIAN_POINT('',(16.9,0.,5.9));
#6747=CARTESIAN_POINT('',(16.9,3.6,5.9));
#6748=CARTESIAN_POINT('',(16.9,4.4,5.9));
#6749=CARTESIAN_POINT('',(16.9,4.4,5.9));
#6750=CARTESIAN_POINT('',(16.9,8.,5.9));
#6751=CARTESIAN_POINT('',(20.,-8.,9.5));
#6752=CARTESIAN_POINT('',(20.,8.,9.5));
#6753=CARTESIAN_POINT('',(15.1,8.,9.5));
#6754=CARTESIAN_POINT('',(15.1,8.,9.5));
#6755=CARTESIAN_POINT('',(15.1,0.,9.5));
#6756=CARTESIAN_POINT('',(15.1,-8.,9.5));
#6757=CARTESIAN_POINT('',(15.1,-8.,9.5));
#6758=CARTESIAN_POINT('',(20.,-8.,9.5));
#6759=CARTESIAN_POINT('',(11.5538019187475,-3.92405283796561,-6.));
#6760=CARTESIAN_POINT('',(11.5538019187475,-3.92405283796561,1.9));
#6761=CARTESIAN_POINT('',(10.6545756789054,-3.26899542102302,1.9));
#6762=CARTESIAN_POINT('',(11.5538019187475,-3.92405283796561,1.9));
#6763=CARTESIAN_POINT('',(10.6545756789054,-3.26899542102302,-6.));
#6764=CARTESIAN_POINT('',(10.6545756789054,-3.26899542102302,-6.));
#6765=CARTESIAN_POINT('',(11.5538019187475,-3.92405283796561,-6.));
#6766=CARTESIAN_POINT('',(11.5538019187475,-3.92405283796561,-6.));
#6767=CARTESIAN_POINT('',(11.5538019187475,-3.92405283796561,-6.));
#6768=CARTESIAN_POINT('',(19.2494648840083,-5.15787857040124,-6.));
#6769=CARTESIAN_POINT('',(19.2494648840083,-5.15787857040124,1.9));
#6770=CARTESIAN_POINT('',(10.8616309149874,-2.49625475999175,1.9));
#6771=CARTESIAN_POINT('',(10.8616309149874,-2.49625475999175,-6.));
#6772=CARTESIAN_POINT('',(10.8616309149874,-2.49625475999175,-6.));
#6773=CARTESIAN_POINT('',(19.2494648840083,-5.15787857040124,-6.));
#6774=CARTESIAN_POINT('',(11.9679123909115,-2.3785715159031,-6.));
#6775=CARTESIAN_POINT('',(11.9679123909115,-2.3785715159031,1.9));
#6776=CARTESIAN_POINT('',(11.9679123909115,-2.3785715159031,1.9));
#6777=CARTESIAN_POINT('',(11.9679123909115,-2.3785715159031,-6.));
#6778=CARTESIAN_POINT('',(11.9679123909115,-2.3785715159031,-6.));
#6779=CARTESIAN_POINT('',(11.9679123909115,-2.3785715159031,-6.));
#6780=CARTESIAN_POINT('',(12.9338382172006,-2.63739056100562,-6.));
#6781=CARTESIAN_POINT('',(12.9338382172006,-2.63739056100562,1.9));
#6782=CARTESIAN_POINT('',(12.9338382172006,-2.63739056100562,1.9));
#6783=CARTESIAN_POINT('',(12.,-2.3871693648454,1.9));
#6784=CARTESIAN_POINT('',(12.9338382172006,-2.63739056100562,-6.));
#6785=CARTESIAN_POINT('',(12.9338382172006,-2.63739056100562,-6.));
#6786=CARTESIAN_POINT('',(12.9338382172006,-2.63739056100562,-6.));
#6787=CARTESIAN_POINT('',(12.9338382172006,-2.63739056100562,1.9));
#6788=CARTESIAN_POINT('',(0.,0.,0.));
#6789=CARTESIAN_POINT('',(13.1757352736005,-0.799999999999993,-6.));
#6790=CARTESIAN_POINT('',(13.1757352736005,-0.799999999999993,-6.));
#6791=CARTESIAN_POINT('',(13.1757352736005,-0.799999999999993,1.9));
#6792=CARTESIAN_POINT('',(0.,0.,-6.));
#6793=CARTESIAN_POINT('',(0.,0.,1.9));
#6794=CARTESIAN_POINT('',(13.1757352736005,-0.799999999999993,-6.));
#6795=CARTESIAN_POINT('',(13.1757352736005,-0.799999999999993,1.9));
#6796=CARTESIAN_POINT('',(12.1757352736005,-0.799999999999994,1.9));
#6797=CARTESIAN_POINT('',(12.1757352736005,-0.799999999999994,-6.));
#6798=CARTESIAN_POINT('',(12.1757352736005,-0.799999999999994,-6.));
#6799=CARTESIAN_POINT('',(13.1757352736005,-0.799999999999993,-6.));
#6800=CARTESIAN_POINT('',(12.1757352736005,-0.799999999999994,-6.));
#6801=CARTESIAN_POINT('',(12.1757352736005,-0.799999999999994,1.9));
#6802=CARTESIAN_POINT('',(11.1376080897198,-0.400000000000005,1.9));
#6803=CARTESIAN_POINT('',(12.,-0.732287574652053,1.9));
#6804=CARTESIAN_POINT('',(11.1376080897198,-0.400000000000005,-6.));
#6805=CARTESIAN_POINT('',(11.1376080897198,-0.400000000000005,-6.));
#6806=CARTESIAN_POINT('',(12.1757352736005,-0.799999999999994,-6.));
#6807=CARTESIAN_POINT('',(12.1757352736005,-0.799999999999994,1.9));
#6808=CARTESIAN_POINT('',(19.9285124800541,4.31915991672556E-14,-6.));
#6809=CARTESIAN_POINT('',(19.9285124800541,4.31915991672556E-14,1.9));
#6810=CARTESIAN_POINT('',(11.1376080897198,0.400000000000009,1.9));
#6811=CARTESIAN_POINT('',(11.1376080897198,0.400000000000009,-6.));
#6812=CARTESIAN_POINT('',(11.1376080897198,0.400000000000009,-6.));
#6813=CARTESIAN_POINT('',(19.9285124800541,4.31915991672556E-14,-6.));
#6814=CARTESIAN_POINT('',(12.1757352736005,0.800000000000003,-6.));
#6815=CARTESIAN_POINT('',(12.1757352736005,0.800000000000003,1.9));
#6816=CARTESIAN_POINT('',(12.1757352736005,0.800000000000003,1.9));
#6817=CARTESIAN_POINT('',(12.,0.732287574652061,1.9));
#6818=CARTESIAN_POINT('',(12.1757352736005,0.800000000000003,-6.));
#6819=CARTESIAN_POINT('',(12.1757352736005,0.800000000000003,-6.));
#6820=CARTESIAN_POINT('',(12.1757352736005,0.800000000000003,-6.));
#6821=CARTESIAN_POINT('',(12.1757352736005,0.800000000000003,1.9));
#6822=CARTESIAN_POINT('',(13.1757352736005,0.800000000000004,-6.));
#6823=CARTESIAN_POINT('',(13.1757352736005,0.800000000000004,1.9));
#6824=CARTESIAN_POINT('',(13.1757352736005,0.800000000000004,1.9));
#6825=CARTESIAN_POINT('',(13.1757352736005,0.800000000000004,-6.));
#6826=CARTESIAN_POINT('',(13.1757352736005,0.800000000000004,-6.));
#6827=CARTESIAN_POINT('',(13.1757352736005,0.800000000000004,-6.));
#6828=CARTESIAN_POINT('',(0.,0.,0.));
#6829=CARTESIAN_POINT('',(12.9338382172006,2.63739056100563,-6.));
#6830=CARTESIAN_POINT('',(12.9338382172006,2.63739056100563,-6.));
#6831=CARTESIAN_POINT('',(12.9338382172006,2.63739056100563,1.9));
#6832=CARTESIAN_POINT('',(0.,0.,-6.));
#6833=CARTESIAN_POINT('',(0.,0.,1.9));
#6834=CARTESIAN_POINT('',(12.9338382172006,2.63739056100563,-6.));
#6835=CARTESIAN_POINT('',(12.9338382172006,2.63739056100563,1.9));
#6836=CARTESIAN_POINT('',(11.9679123909115,2.37857151590311,1.9));
#6837=CARTESIAN_POINT('',(12.,2.38716936484541,1.9));
#6838=CARTESIAN_POINT('',(11.9679123909115,2.37857151590311,-6.));
#6839=CARTESIAN_POINT('',(11.9679123909115,2.37857151590311,-6.));
#6840=CARTESIAN_POINT('',(12.9338382172006,2.63739056100563,-6.));
#6841=CARTESIAN_POINT('',(12.9338382172006,2.63739056100563,1.9));
#6842=CARTESIAN_POINT('',(11.9679123909115,2.37857151590311,-6.));
#6843=CARTESIAN_POINT('',(11.9679123909115,2.37857151590311,1.9));
#6844=CARTESIAN_POINT('',(10.8616309149874,2.49625475999175,1.9));
#6845=CARTESIAN_POINT('',(10.8616309149874,2.49625475999175,-6.));
#6846=CARTESIAN_POINT('',(10.8616309149874,2.49625475999175,-6.));
#6847=CARTESIAN_POINT('',(11.9679123909115,2.37857151590311,-6.));
#6848=CARTESIAN_POINT('',(19.2494648840083,5.15787857040132,-6.));
#6849=CARTESIAN_POINT('',(19.2494648840083,5.15787857040132,1.9));
#6850=CARTESIAN_POINT('',(10.6545756789054,3.26899542102302,1.9));
#6851=CARTESIAN_POINT('',(10.6545756789054,3.26899542102302,-6.));
#6852=CARTESIAN_POINT('',(10.6545756789054,3.26899542102302,-6.));
#6853=CARTESIAN_POINT('',(19.2494648840083,5.15787857040132,-6.));
#6854=CARTESIAN_POINT('',(11.5538019187475,3.92405283796562,-6.));
#6855=CARTESIAN_POINT('',(11.5538019187475,3.92405283796562,1.9));
#6856=CARTESIAN_POINT('',(11.5538019187475,3.92405283796562,1.9));
#6857=CARTESIAN_POINT('',(11.5538019187475,3.92405283796562,-6.));
#6858=CARTESIAN_POINT('',(11.5538019187475,3.92405283796562,-6.));
#6859=CARTESIAN_POINT('',(11.5538019187475,3.92405283796562,-6.));
#6860=CARTESIAN_POINT('',(12.8,-4.33680868994202E-16,5.9));
#6861=CARTESIAN_POINT('',(12.8,-11.6,5.9));
#6862=CARTESIAN_POINT('',(12.8,4.4,5.9));
#6863=CARTESIAN_POINT('',(12.8,4.9,5.9));
#6864=CARTESIAN_POINT('',(12.8,8.,5.9));
#6865=CARTESIAN_POINT('',(12.8,11.6,5.9));
#6866=CARTESIAN_POINT('',(12.8,-11.6,5.9));
#6867=CARTESIAN_POINT('',(12.8,11.1,5.9));
#6868=CARTESIAN_POINT('',(12.8,8.,5.9));
#6869=CARTESIAN_POINT('',(15.1,8.,5.9));
#6870=CARTESIAN_POINT('',(15.1,8.,5.9));
#6871=CARTESIAN_POINT('',(15.1,4.4,5.9));
#6872=CARTESIAN_POINT('',(15.1,4.4,5.9));
#6873=CARTESIAN_POINT('',(15.1,3.6,5.9));
#6874=CARTESIAN_POINT('',(15.1,0.,5.9));
#6875=CARTESIAN_POINT('',(12.8,-4.33680868994202E-16,5.9));
#6876=CARTESIAN_POINT('',(12.8,-11.6,5.9));
#6877=CARTESIAN_POINT('',(12.8,-3.6,5.9));
#6878=CARTESIAN_POINT('',(12.8,-3.1,5.9));
#6879=CARTESIAN_POINT('',(12.8,0.,5.9));
#6880=CARTESIAN_POINT('',(12.8,3.6,5.9));
#6881=CARTESIAN_POINT('',(12.8,-11.6,5.9));
#6882=CARTESIAN_POINT('',(12.8,3.1,5.9));
#6883=CARTESIAN_POINT('',(12.8,-4.33680868994202E-16,5.9));
#6884=CARTESIAN_POINT('',(15.1,0.,5.9));
#6885=CARTESIAN_POINT('',(15.1,-3.6,5.9));
#6886=CARTESIAN_POINT('',(15.1,-3.6,5.9));
#6887=CARTESIAN_POINT('',(15.1,0.,5.9));
#6888=CARTESIAN_POINT('',(15.1,3.6,5.9));
#6889=CARTESIAN_POINT('',(15.1,-8.,5.9));
#6890=CARTESIAN_POINT('',(15.1,-8.,5.9));
#6891=CARTESIAN_POINT('',(15.1,-4.4,5.9));
#6892=CARTESIAN_POINT('',(15.1,-4.4,5.9));
#6893=CARTESIAN_POINT('',(12.8,-4.33680868994202E-16,5.9));
#6894=CARTESIAN_POINT('',(12.8,-8.,5.9));
#6895=CARTESIAN_POINT('',(12.8,-4.4,5.9));
#6896=CARTESIAN_POINT('',(12.8,-11.6,5.9));
#6897=CARTESIAN_POINT('',(12.8,-11.6,5.9));
#6898=CARTESIAN_POINT('',(12.8,-4.9,5.9));
#6899=CARTESIAN_POINT('',(12.8,-8.,5.9));
#6900=CARTESIAN_POINT('',(12.8,-11.1,5.9));
#6901=CARTESIAN_POINT('',(12.8,-11.6,5.9));
#6902=CARTESIAN_POINT('',(27.4,0.,-8.13151629364128E-16));
#6903=CARTESIAN_POINT('',(0.,0.,0.));
#6904=CARTESIAN_POINT('',(27.4,0.,0.));
#6905=CARTESIAN_POINT('',(12.5197277450366,4.18287188306814,-6.));
#6906=CARTESIAN_POINT('',(12.5197277450366,4.18287188306814,1.9));
#6907=CARTESIAN_POINT('',(12.5197277450366,4.18287188306814,1.9));
#6908=CARTESIAN_POINT('',(12.,4.04361125350154,1.9));
#6909=CARTESIAN_POINT('',(12.5197277450366,4.18287188306814,-6.));
#6910=CARTESIAN_POINT('',(12.5197277450366,4.18287188306814,-6.));
#6911=CARTESIAN_POINT('',(12.5197277450366,4.18287188306814,-6.));
#6912=CARTESIAN_POINT('',(12.5197277450366,4.18287188306814,1.9));
#6913=CARTESIAN_POINT('',(14.4,0.,-6.));
#6914=CARTESIAN_POINT('',(0.,0.,-6.));
#6915=CARTESIAN_POINT('',(0.799999999999999,-13.1757352736005,-6.));
#6916=CARTESIAN_POINT('',(2.63739056100562,-12.9338382172006,-6.));
#6917=CARTESIAN_POINT('',(2.63739056100562,-12.9338382172006,-6.));
#6918=CARTESIAN_POINT('',(2.3785715159031,-11.9679123909115,-6.));
#6919=CARTESIAN_POINT('',(2.3785715159031,-11.9679123909115,-6.));
#6920=CARTESIAN_POINT('',(2.49625475999175,-10.8616309149874,-6.));
#6921=CARTESIAN_POINT('',(5.15787857040131,-19.2494648840083,-6.));
#6922=CARTESIAN_POINT('',(3.26899542102301,-10.6545756789054,-6.));
#6923=CARTESIAN_POINT('',(3.92405283796561,-11.5538019187475,-6.));
#6924=CARTESIAN_POINT('',(3.92405283796561,-11.5538019187475,-6.));
#6925=CARTESIAN_POINT('',(4.18287188306813,-12.5197277450366,-6.));
#6926=CARTESIAN_POINT('',(4.18287188306813,-12.5197277450366,-6.));
#6927=CARTESIAN_POINT('',(0.,0.,-6.));
#6928=CARTESIAN_POINT('',(5.89504731377269,-11.8105214604767,-6.));
#6929=CARTESIAN_POINT('',(5.89504731377269,-11.8105214604767,-6.));
#6930=CARTESIAN_POINT('',(5.39504731377269,-10.9444960566923,-6.));
#6931=CARTESIAN_POINT('',(5.39504731377269,-10.9444960566923,-6.));
#6932=CARTESIAN_POINT('',(5.2223938833461,-9.8454515430924,-6.));
#6933=CARTESIAN_POINT('',(9.9642562400271,-17.2585980673621,-6.));
#6934=CARTESIAN_POINT('',(5.91521420637366,-9.44545154309239,-6.));
#6935=CARTESIAN_POINT('',(6.78068795982779,-10.1444960566923,-6.));
#6936=CARTESIAN_POINT('',(6.78068795982779,-10.1444960566923,-6.));
#6937=CARTESIAN_POINT('',(7.28068795982779,-11.0105214604767,-6.));
#6938=CARTESIAN_POINT('',(7.28068795982779,-11.0105214604767,-6.));
#6939=CARTESIAN_POINT('',(0.,0.,-6.));
#6940=CARTESIAN_POINT('',(8.75096633413246,-9.88233718403093,-6.));
#6941=CARTESIAN_POINT('',(8.75096633413246,-9.88233718403093,-6.));
#6942=CARTESIAN_POINT('',(8.04385955294591,-9.17523040284438,-6.));
#6943=CARTESIAN_POINT('',(8.04385955294591,-9.17523040284438,-6.));
#6944=CARTESIAN_POINT('',(7.59263549396438,-8.15832091891363,-6.));
#6945=CARTESIAN_POINT('',(14.091586313607,-14.091586313607,-6.));
#6946=CARTESIAN_POINT('',(8.15832091891362,-7.59263549396438,-6.));
#6947=CARTESIAN_POINT('',(9.17523040284438,-8.04385955294591,-6.));
#6948=CARTESIAN_POINT('',(9.17523040284438,-8.04385955294591,-6.));
#6949=CARTESIAN_POINT('',(9.88233718403093,-8.75096633413246,-6.));
#6950=CARTESIAN_POINT('',(9.88233718403093,-8.75096633413246,-6.));
#6951=CARTESIAN_POINT('',(0.,0.,-6.));
#6952=CARTESIAN_POINT('',(11.0105214604767,-7.28068795982779,-6.));
#6953=CARTESIAN_POINT('',(11.0105214604767,-7.28068795982779,-6.));
#6954=CARTESIAN_POINT('',(10.1444960566923,-6.78068795982779,-6.));
#6955=CARTESIAN_POINT('',(10.1444960566923,-6.78068795982779,-6.));
#6956=CARTESIAN_POINT('',(9.4454515430924,-5.91521420637367,-6.));
#6957=CARTESIAN_POINT('',(17.2585980673621,-9.96425624002704,-6.));
#6958=CARTESIAN_POINT('',(9.8454515430924,-5.2223938833461,-6.));
#6959=CARTESIAN_POINT('',(10.9444960566923,-5.39504731377269,-6.));
#6960=CARTESIAN_POINT('',(10.9444960566923,-5.39504731377269,-6.));
#6961=CARTESIAN_POINT('',(11.8105214604767,-5.89504731377269,-6.));
#6962=CARTESIAN_POINT('',(11.8105214604767,-5.89504731377269,-6.));
#6963=CARTESIAN_POINT('',(0.,0.,-6.));
#6964=CARTESIAN_POINT('',(12.5197277450366,-4.18287188306813,-6.));
#6965=CARTESIAN_POINT('',(12.5197277450366,-4.18287188306813,-6.));
#6966=CARTESIAN_POINT('',(0.,0.,-6.));
#6967=CARTESIAN_POINT('',(11.8105214604767,5.8950473137727,-6.));
#6968=CARTESIAN_POINT('',(11.8105214604767,5.8950473137727,-6.));
#6969=CARTESIAN_POINT('',(10.9444960566923,5.3950473137727,-6.));
#6970=CARTESIAN_POINT('',(10.9444960566923,5.3950473137727,-6.));
#6971=CARTESIAN_POINT('',(9.8454515430924,5.22239388334611,-6.));
#6972=CARTESIAN_POINT('',(17.2585980673621,9.96425624002711,-6.));
#6973=CARTESIAN_POINT('',(9.44545154309239,5.91521420637367,-6.));
#6974=CARTESIAN_POINT('',(10.1444960566923,6.7806879598278,-6.));
#6975=CARTESIAN_POINT('',(10.1444960566923,6.7806879598278,-6.));
#6976=CARTESIAN_POINT('',(11.0105214604767,7.2806879598278,-6.));
#6977=CARTESIAN_POINT('',(11.0105214604767,7.2806879598278,-6.));
#6978=CARTESIAN_POINT('',(0.,0.,-6.));
#6979=CARTESIAN_POINT('',(9.88233718403093,8.75096633413246,-6.));
#6980=CARTESIAN_POINT('',(9.88233718403092,8.75096633413246,-6.));
#6981=CARTESIAN_POINT('',(9.17523040284438,8.04385955294592,-6.));
#6982=CARTESIAN_POINT('',(9.17523040284438,8.04385955294592,-6.));
#6983=CARTESIAN_POINT('',(8.15832091891362,7.59263549396438,-6.));
#6984=CARTESIAN_POINT('',(14.091586313607,14.0915863136071,-6.));
#6985=CARTESIAN_POINT('',(7.59263549396437,8.15832091891363,-6.));
#6986=CARTESIAN_POINT('',(8.0438595529459,9.17523040284439,-6.));
#6987=CARTESIAN_POINT('',(8.0438595529459,9.17523040284439,-6.));
#6988=CARTESIAN_POINT('',(8.75096633413245,9.88233718403094,-6.));
#6989=CARTESIAN_POINT('',(8.75096633413245,9.88233718403094,-6.));
#6990=CARTESIAN_POINT('',(0.,0.,-6.));
#6991=CARTESIAN_POINT('',(7.28068795982779,11.0105214604767,-6.));
#6992=CARTESIAN_POINT('',(7.28068795982779,11.0105214604767,-6.));
#6993=CARTESIAN_POINT('',(6.78068795982779,10.1444960566923,-6.));
#6994=CARTESIAN_POINT('',(6.78068795982779,10.1444960566923,-6.));
#6995=CARTESIAN_POINT('',(5.91521420637367,9.4454515430924,-6.));
#6996=CARTESIAN_POINT('',(9.96425624002703,17.2585980673621,-6.));
#6997=CARTESIAN_POINT('',(5.2223938833461,9.8454515430924,-6.));
#6998=CARTESIAN_POINT('',(5.39504731377269,10.9444960566923,-6.));
#6999=CARTESIAN_POINT('',(5.39504731377269,10.9444960566923,-6.));
#7000=CARTESIAN_POINT('',(5.89504731377269,11.8105214604767,-6.));
#7001=CARTESIAN_POINT('',(5.89504731377269,11.8105214604767,-6.));
#7002=CARTESIAN_POINT('',(0.,0.,-6.));
#7003=CARTESIAN_POINT('',(4.18287188306813,12.5197277450366,-6.));
#7004=CARTESIAN_POINT('',(4.18287188306813,12.5197277450366,-6.));
#7005=CARTESIAN_POINT('',(3.92405283796561,11.5538019187475,-6.));
#7006=CARTESIAN_POINT('',(3.92405283796561,11.5538019187475,-6.));
#7007=CARTESIAN_POINT('',(3.26899542102302,10.6545756789054,-6.));
#7008=CARTESIAN_POINT('',(5.15787857040124,19.2494648840083,-6.));
#7009=CARTESIAN_POINT('',(2.49625475999175,10.8616309149874,-6.));
#7010=CARTESIAN_POINT('',(2.3785715159031,11.9679123909115,-6.));
#7011=CARTESIAN_POINT('',(2.3785715159031,11.9679123909115,-6.));
#7012=CARTESIAN_POINT('',(2.63739056100562,12.9338382172006,-6.));
#7013=CARTESIAN_POINT('',(2.63739056100562,12.9338382172006,-6.));
#7014=CARTESIAN_POINT('',(0.,0.,-6.));
#7015=CARTESIAN_POINT('',(0.8,13.1757352736005,-6.));
#7016=CARTESIAN_POINT('',(0.8,13.1757352736005,-6.));
#7017=CARTESIAN_POINT('',(0.8,12.1757352736005,-6.));
#7018=CARTESIAN_POINT('',(0.8,12.1757352736005,-6.));
#7019=CARTESIAN_POINT('',(0.400000000000011,11.1376080897198,-6.));
#7020=CARTESIAN_POINT('',(-3.31212923554779E-14,19.9285124800541,-6.));
#7021=CARTESIAN_POINT('',(-0.400000000000003,11.1376080897198,-6.));
#7022=CARTESIAN_POINT('',(-0.799999999999997,12.1757352736005,-6.));
#7023=CARTESIAN_POINT('',(-0.799999999999997,12.1757352736005,-6.));
#7024=CARTESIAN_POINT('',(-0.799999999999997,13.1757352736005,-6.));
#7025=CARTESIAN_POINT('',(-0.799999999999997,13.1757352736005,-6.));
#7026=CARTESIAN_POINT('',(0.,0.,-6.));
#7027=CARTESIAN_POINT('',(-2.63739056100561,12.9338382172006,-6.));
#7028=CARTESIAN_POINT('',(-2.63739056100561,12.9338382172006,-6.));
#7029=CARTESIAN_POINT('',(-2.37857151590309,11.9679123909115,-6.));
#7030=CARTESIAN_POINT('',(-2.37857151590309,11.9679123909115,-6.));
#7031=CARTESIAN_POINT('',(-2.49625475999174,10.8616309149874,-6.));
#7032=CARTESIAN_POINT('',(-5.1578785704013,19.2494648840083,-6.));
#7033=CARTESIAN_POINT('',(-3.268995421023,10.6545756789054,-6.));
#7034=CARTESIAN_POINT('',(-3.9240528379656,11.5538019187475,-6.));
#7035=CARTESIAN_POINT('',(-3.9240528379656,11.5538019187475,-6.));
#7036=CARTESIAN_POINT('',(-4.18287188306812,12.5197277450366,-6.));
#7037=CARTESIAN_POINT('',(-4.18287188306812,12.5197277450366,-6.));
#7038=CARTESIAN_POINT('',(0.,0.,-6.));
#7039=CARTESIAN_POINT('',(-5.89504731377268,11.8105214604767,-6.));
#7040=CARTESIAN_POINT('',(-5.89504731377268,11.8105214604767,-6.));
#7041=CARTESIAN_POINT('',(-5.39504731377268,10.9444960566923,-6.));
#7042=CARTESIAN_POINT('',(-5.39504731377268,10.9444960566923,-6.));
#7043=CARTESIAN_POINT('',(-5.22239388334609,9.84545154309241,-6.));
#7044=CARTESIAN_POINT('',(-9.96425624002708,17.2585980673621,-6.));
#7045=CARTESIAN_POINT('',(-5.91521420637365,9.4454515430924,-6.));
#7046=CARTESIAN_POINT('',(-6.78068795982778,10.1444960566923,-6.));
#7047=CARTESIAN_POINT('',(-6.78068795982778,10.1444960566923,-6.));
#7048=CARTESIAN_POINT('',(-7.28068795982778,11.0105214604767,-6.));
#7049=CARTESIAN_POINT('',(-7.28068795982778,11.0105214604767,-6.));
#7050=CARTESIAN_POINT('',(0.,0.,-6.));
#7051=CARTESIAN_POINT('',(-8.75096633413244,9.88233718403094,-6.));
#7052=CARTESIAN_POINT('',(-8.75096633413244,9.88233718403094,-6.));
#7053=CARTESIAN_POINT('',(-8.04385955294589,9.17523040284439,-6.));
#7054=CARTESIAN_POINT('',(-8.04385955294589,9.17523040284439,-6.));
#7055=CARTESIAN_POINT('',(-7.59263549396436,8.15832091891364,-6.));
#7056=CARTESIAN_POINT('',(-14.091586313607,14.091586313607,-6.));
#7057=CARTESIAN_POINT('',(-8.15832091891361,7.59263549396439,-6.));
#7058=CARTESIAN_POINT('',(-9.17523040284437,8.04385955294592,-6.));
#7059=CARTESIAN_POINT('',(-9.17523040284437,8.04385955294592,-6.));
#7060=CARTESIAN_POINT('',(-9.88233718403092,8.75096633413247,-6.));
#7061=CARTESIAN_POINT('',(-9.88233718403091,8.75096633413247,-6.));
#7062=CARTESIAN_POINT('',(0.,0.,-6.));
#7063=CARTESIAN_POINT('',(-11.0105214604767,7.28068795982781,-6.));
#7064=CARTESIAN_POINT('',(-11.0105214604767,7.28068795982781,-6.));
#7065=CARTESIAN_POINT('',(-10.1444960566923,6.7806879598278,-6.));
#7066=CARTESIAN_POINT('',(-10.1444960566923,6.7806879598278,-6.));
#7067=CARTESIAN_POINT('',(-9.44545154309239,5.91521420637368,-6.));
#7068=CARTESIAN_POINT('',(-17.2585980673621,9.96425624002706,-6.));
#7069=CARTESIAN_POINT('',(-9.84545154309239,5.22239388334612,-6.));
#7070=CARTESIAN_POINT('',(-10.9444960566923,5.39504731377271,-6.));
#7071=CARTESIAN_POINT('',(-10.9444960566923,5.39504731377271,-6.));
#7072=CARTESIAN_POINT('',(-11.8105214604767,5.89504731377271,-6.));
#7073=CARTESIAN_POINT('',(-11.8105214604767,5.89504731377271,-6.));
#7074=CARTESIAN_POINT('',(0.,0.,-6.));
#7075=CARTESIAN_POINT('',(-12.5197277450365,4.18287188306815,-6.));
#7076=CARTESIAN_POINT('',(-12.5197277450365,4.18287188306815,-6.));
#7077=CARTESIAN_POINT('',(-11.5538019187475,3.92405283796563,-6.));
#7078=CARTESIAN_POINT('',(-11.5538019187475,3.92405283796563,-6.));
#7079=CARTESIAN_POINT('',(-10.6545756789054,3.26899542102304,-6.));
#7080=CARTESIAN_POINT('',(-19.2494648840083,5.15787857040128,-6.));
#7081=CARTESIAN_POINT('',(-10.8616309149874,2.49625475999177,-6.));
#7082=CARTESIAN_POINT('',(-11.9679123909115,2.37857151590312,-6.));
#7083=CARTESIAN_POINT('',(-11.9679123909115,2.37857151590312,-6.));
#7084=CARTESIAN_POINT('',(-12.9338382172006,2.63739056100565,-6.));
#7085=CARTESIAN_POINT('',(-12.9338382172006,2.63739056100564,-6.));
#7086=CARTESIAN_POINT('',(0.,0.,-6.));
#7087=CARTESIAN_POINT('',(-13.1757352736005,0.800000000000024,-6.));
#7088=CARTESIAN_POINT('',(-13.1757352736005,0.800000000000024,-6.));
#7089=CARTESIAN_POINT('',(-12.1757352736005,0.800000000000022,-6.));
#7090=CARTESIAN_POINT('',(-12.1757352736005,0.800000000000022,-6.));
#7091=CARTESIAN_POINT('',(-11.1376080897198,0.400000000000031,-6.));
#7092=CARTESIAN_POINT('',(-19.9285124800541,3.49912653856283E-15,-6.));
#7093=CARTESIAN_POINT('',(-11.1376080897198,-0.399999999999983,-6.));
#7094=CARTESIAN_POINT('',(-12.1757352736005,-0.799999999999975,-6.));
#7095=CARTESIAN_POINT('',(-12.1757352736005,-0.799999999999975,-6.));
#7096=CARTESIAN_POINT('',(-13.1757352736005,-0.799999999999973,-6.));
#7097=CARTESIAN_POINT('',(-13.1757352736005,-0.799999999999973,-6.));
#7098=CARTESIAN_POINT('',(0.,0.,-6.));
#7099=CARTESIAN_POINT('',(-12.9338382172006,-2.6373905610056,-6.));
#7100=CARTESIAN_POINT('',(-12.9338382172006,-2.63739056100559,-6.));
#7101=CARTESIAN_POINT('',(-11.9679123909115,-2.37857151590308,-6.));
#7102=CARTESIAN_POINT('',(-11.9679123909115,-2.37857151590308,-6.));
#7103=CARTESIAN_POINT('',(-10.8616309149874,-2.49625475999172,-6.));
#7104=CARTESIAN_POINT('',(-19.2494648840083,-5.15787857040127,-6.));
#7105=CARTESIAN_POINT('',(-10.6545756789054,-3.26899542102299,-6.));
#7106=CARTESIAN_POINT('',(-11.5538019187475,-3.92405283796558,-6.));
#7107=CARTESIAN_POINT('',(-11.5538019187475,-3.92405283796558,-6.));
#7108=CARTESIAN_POINT('',(-12.5197277450366,-4.1828718830681,-6.));
#7109=CARTESIAN_POINT('',(-12.5197277450366,-4.1828718830681,-6.));
#7110=CARTESIAN_POINT('',(0.,0.,-6.));
#7111=CARTESIAN_POINT('',(-11.8105214604767,-5.89504731377266,-6.));
#7112=CARTESIAN_POINT('',(-11.8105214604767,-5.89504731377266,-6.));
#7113=CARTESIAN_POINT('',(-10.9444960566923,-5.39504731377266,-6.));
#7114=CARTESIAN_POINT('',(-10.9444960566923,-5.39504731377266,-6.));
#7115=CARTESIAN_POINT('',(-9.84545154309242,-5.22239388334608,-6.));
#7116=CARTESIAN_POINT('',(-17.2585980673621,-9.96425624002705,-6.));
#7117=CARTESIAN_POINT('',(-9.44545154309241,-5.91521420637364,-6.));
#7118=CARTESIAN_POINT('',(-10.1444960566923,-6.78068795982777,-6.));
#7119=CARTESIAN_POINT('',(-10.1444960566923,-6.78068795982777,-6.));
#7120=CARTESIAN_POINT('',(-11.0105214604767,-7.28068795982776,-6.));
#7121=CARTESIAN_POINT('',(-11.0105214604767,-7.28068795982776,-6.));
#7122=CARTESIAN_POINT('',(0.,0.,-6.));
#7123=CARTESIAN_POINT('',(-9.88233718403096,-8.75096633413243,-6.));
#7124=CARTESIAN_POINT('',(-9.88233718403096,-8.75096633413243,-6.));
#7125=CARTESIAN_POINT('',(-9.1752304028444,-8.04385955294588,-6.));
#7126=CARTESIAN_POINT('',(-9.1752304028444,-8.04385955294588,-6.));
#7127=CARTESIAN_POINT('',(-8.15832091891365,-7.59263549396435,-6.));
#7128=CARTESIAN_POINT('',(-14.091586313607,-14.091586313607,-6.));
#7129=CARTESIAN_POINT('',(-7.5926354939644,-8.1583209189136,-6.));
#7130=CARTESIAN_POINT('',(-8.04385955294593,-9.17523040284436,-6.));
#7131=CARTESIAN_POINT('',(-8.04385955294593,-9.17523040284436,-6.));
#7132=CARTESIAN_POINT('',(-8.75096633413249,-9.8823371840309,-6.));
#7133=CARTESIAN_POINT('',(-8.75096633413248,-9.88233718403091,-6.));
#7134=CARTESIAN_POINT('',(0.,0.,-6.));
#7135=CARTESIAN_POINT('',(-7.28068795982783,-11.0105214604767,-6.));
#7136=CARTESIAN_POINT('',(-7.28068795982783,-11.0105214604767,-6.));
#7137=CARTESIAN_POINT('',(-6.78068795982782,-10.1444960566923,-6.));
#7138=CARTESIAN_POINT('',(-6.78068795982782,-10.1444960566923,-6.));
#7139=CARTESIAN_POINT('',(-5.9152142063737,-9.44545154309237,-6.));
#7140=CARTESIAN_POINT('',(-9.96425624002709,-17.2585980673621,-6.));
#7141=CARTESIAN_POINT('',(-5.22239388334614,-9.84545154309238,-6.));
#7142=CARTESIAN_POINT('',(-5.39504731377273,-10.9444960566923,-6.));
#7143=CARTESIAN_POINT('',(-5.39504731377273,-10.9444960566923,-6.));
#7144=CARTESIAN_POINT('',(-5.89504731377273,-11.8105214604767,-6.));
#7145=CARTESIAN_POINT('',(-5.89504731377273,-11.8105214604767,-6.));
#7146=CARTESIAN_POINT('',(0.,0.,-6.));
#7147=CARTESIAN_POINT('',(-4.18287188306818,-12.5197277450365,-6.));
#7148=CARTESIAN_POINT('',(-4.18287188306817,-12.5197277450365,-6.));
#7149=CARTESIAN_POINT('',(-3.92405283796565,-11.5538019187475,-6.));
#7150=CARTESIAN_POINT('',(-3.92405283796565,-11.5538019187475,-6.));
#7151=CARTESIAN_POINT('',(-3.26899542102306,-10.6545756789054,-6.));
#7152=CARTESIAN_POINT('',(-5.15787857040131,-19.2494648840083,-6.));
#7153=CARTESIAN_POINT('',(-2.49625475999179,-10.8616309149874,-6.));
#7154=CARTESIAN_POINT('',(-2.37857151590314,-11.9679123909115,-6.));
#7155=CARTESIAN_POINT('',(-2.37857151590314,-11.9679123909115,-6.));
#7156=CARTESIAN_POINT('',(-2.63739056100567,-12.9338382172006,-6.));
#7157=CARTESIAN_POINT('',(-2.63739056100567,-12.9338382172006,-6.));
#7158=CARTESIAN_POINT('',(0.,0.,-6.));
#7159=CARTESIAN_POINT('',(-0.799999999999999,-13.1757352736005,-6.));
#7160=CARTESIAN_POINT('',(-0.799999999999999,-13.1757352736005,-6.));
#7161=CARTESIAN_POINT('',(-0.799999999999999,-12.1757352736005,-6.));
#7162=CARTESIAN_POINT('',(-0.799999999999999,-12.1757352736005,-6.));
#7163=CARTESIAN_POINT('',(-0.400000000000009,-11.1376080897198,-6.));
#7164=CARTESIAN_POINT('',(3.55618312575245E-14,-19.9285124800541,-6.));
#7165=CARTESIAN_POINT('',(0.400000000000004,-11.1376080897198,-6.));
#7166=CARTESIAN_POINT('',(0.799999999999999,-12.1757352736005,-6.));
#7167=CARTESIAN_POINT('',(0.799999999999999,-12.1757352736005,-6.));
#7168=CARTESIAN_POINT('',(0.799999999999999,-13.1757352736005,-6.));
#7169=CARTESIAN_POINT('',(12.5197277450366,-4.18287188306813,-6.));
#7170=CARTESIAN_POINT('',(12.5197277450366,-4.18287188306813,1.9));
#7171=CARTESIAN_POINT('',(12.,-4.04361125350153,1.9));
#7172=CARTESIAN_POINT('',(12.5197277450366,-4.18287188306813,-6.));
#7173=CARTESIAN_POINT('',(12.5197277450366,-4.18287188306813,1.9));
#7174=CARTESIAN_POINT('',(12.5197277450366,-4.18287188306813,1.9));
#7175=CARTESIAN_POINT('',(19.2,-8.,5.9));
#7176=CARTESIAN_POINT('',(20.,-8.,5.9));
#7177=CARTESIAN_POINT('',(20.,-8.,9.));
#7178=CARTESIAN_POINT('',(19.2,-4.33680868994202E-16,5.9));
#7179=CARTESIAN_POINT('',(20.,-4.33680868994202E-16,5.9));
#7180=CARTESIAN_POINT('',(20.,-4.33680868994202E-16,9.));
#7181=CARTESIAN_POINT('',(19.2,8.,5.9));
#7182=CARTESIAN_POINT('',(20.,8.,5.9));
#7183=CARTESIAN_POINT('',(20.,8.,9.));
#7184=CARTESIAN_POINT('',(16.9,4.4,5.9));
#7185=CARTESIAN_POINT('',(20.,4.4,5.9));
#7186=CARTESIAN_POINT('',(20.,4.4,5.9));
#7187=CARTESIAN_POINT('',(20.,3.6,5.9));
#7188=CARTESIAN_POINT('',(16.9,4.4,5.9));
#7189=CARTESIAN_POINT('',(16.9,3.6,5.9));
#7190=CARTESIAN_POINT('',(20.,-8.,5.9));
#7191=CARTESIAN_POINT('',(20.,-8.,5.9));
#7192=CARTESIAN_POINT('',(20.,-11.6,5.9));
#7193=CARTESIAN_POINT('',(20.,-4.4,5.9));
#7194=CARTESIAN_POINT('',(16.9,-4.4,5.9));
#7195=CARTESIAN_POINT('',(15.1,-4.4,5.9));
#7196=CARTESIAN_POINT('',(20.,-11.6,5.9));
#7197=CARTESIAN_POINT('',(16.9,-4.4,5.9));
#7198=CARTESIAN_POINT('',(20.,-8.,5.9));
#7199=CARTESIAN_POINT('',(20.,-3.6,5.9));
#7200=CARTESIAN_POINT('',(16.9,-3.6,5.9));
#7201=CARTESIAN_POINT('',(16.9,0.,5.9));
#7202=CARTESIAN_POINT('',(20.,0.,5.9));
#7203=CARTESIAN_POINT('',(20.,8.,5.9));
#7204=CARTESIAN_POINT('',(20.,11.6,5.9));
#7205=CARTESIAN_POINT('',(20.,11.6,5.9));
#7206=CARTESIAN_POINT('',(15.1,4.4,5.9));
#7207=CARTESIAN_POINT('',(20.,8.,5.9));
#7208=CARTESIAN_POINT('',(20.,-11.6,1.9));
#7209=CARTESIAN_POINT('',(0.,0.,1.9));
#7210=CARTESIAN_POINT('',(12.,-5.49909083394701,1.9));
#7211=CARTESIAN_POINT('',(12.,-11.6,1.9));
#7212=CARTESIAN_POINT('',(13.2,0.,1.9));
#7213=CARTESIAN_POINT('',(12.,-11.6,1.9));
#7214=CARTESIAN_POINT('',(20.,-11.6,1.9));
#7215=CARTESIAN_POINT('',(12.,-11.6,1.9));
#7216=CARTESIAN_POINT('',(13.2,0.,1.9));
#7217=CARTESIAN_POINT('',(12.,-11.6,1.9));
#7218=CARTESIAN_POINT('',(20.,-11.6,1.9));
#7219=CARTESIAN_POINT('',(12.,-11.6,1.9));
#7220=CARTESIAN_POINT('',(13.2,0.,1.9));
#7221=CARTESIAN_POINT('',(12.,-11.6,1.9));
#7222=CARTESIAN_POINT('',(20.,-11.6,1.9));
#7223=CARTESIAN_POINT('',(12.,-11.6,1.9));
#7224=CARTESIAN_POINT('',(12.,5.49909083394701,1.9));
#7225=CARTESIAN_POINT('',(0.,0.,1.9));
#7226=CARTESIAN_POINT('',(12.8,-11.6,5.9));
#7227=CARTESIAN_POINT('',(12.8,11.6,5.9));
#7228=CARTESIAN_POINT('',(12.,11.6,5.9));
#7229=CARTESIAN_POINT('',(12.,-11.6,5.9));
#7230=CARTESIAN_POINT('',(12.,11.1,5.9));
#7231=CARTESIAN_POINT('',(12.8,11.1,5.9));
#7232=CARTESIAN_POINT('',(12.8,8.,5.9));
#7233=CARTESIAN_POINT('',(12.,8.,5.9));
#7234=CARTESIAN_POINT('',(12.,4.9,5.9));
#7235=CARTESIAN_POINT('',(12.8,4.9,5.9));
#7236=CARTESIAN_POINT('',(12.8,-11.6,5.9));
#7237=CARTESIAN_POINT('',(12.,-11.6,5.9));
#7238=CARTESIAN_POINT('',(12.,3.1,5.9));
#7239=CARTESIAN_POINT('',(12.8,3.1,5.9));
#7240=CARTESIAN_POINT('',(12.8,-4.33680868994202E-16,5.9));
#7241=CARTESIAN_POINT('',(12.,-4.33680868994202E-16,5.9));
#7242=CARTESIAN_POINT('',(12.,-3.1,5.9));
#7243=CARTESIAN_POINT('',(12.8,-3.1,5.9));
#7244=CARTESIAN_POINT('',(12.8,-11.6,5.9));
#7245=CARTESIAN_POINT('',(12.,-11.6,5.9));
#7246=CARTESIAN_POINT('',(12.,-4.9,5.9));
#7247=CARTESIAN_POINT('',(12.8,-4.9,5.9));
#7248=CARTESIAN_POINT('',(12.8,-8.,5.9));
#7249=CARTESIAN_POINT('',(12.,-8.,5.9));
#7250=CARTESIAN_POINT('',(12.,-11.1,5.9));
#7251=CARTESIAN_POINT('',(12.8,-11.1,5.9));
#7252=CARTESIAN_POINT('',(12.8,-11.6,5.9));
#7253=CARTESIAN_POINT('',(12.,-11.6,5.9));
#7254=CARTESIAN_POINT('',(12.,-11.6,5.9));
#7255=CARTESIAN_POINT('',(12.8,-11.6,5.9));
#7256=CARTESIAN_POINT('',(-20.,0.,5.9));
#7257=CARTESIAN_POINT('',(-19.2,0.,5.9));
#7258=CARTESIAN_POINT('',(-19.2,0.,3.5));
#7259=CARTESIAN_POINT('',(-12.8,0.,5.9));
#7260=CARTESIAN_POINT('',(-12.8,0.,8.3));
#7261=CARTESIAN_POINT('',(-20.,8.,5.9));
#7262=CARTESIAN_POINT('',(-19.2,8.,5.9));
#7263=CARTESIAN_POINT('',(-19.2,8.,3.5));
#7264=CARTESIAN_POINT('',(-12.8,8.,5.9));
#7265=CARTESIAN_POINT('',(-12.8,8.,8.3));
#7266=CARTESIAN_POINT('',(-20.,-8.,5.9));
#7267=CARTESIAN_POINT('',(-19.2,-8.,5.9));
#7268=CARTESIAN_POINT('',(-19.2,-8.,3.5));
#7269=CARTESIAN_POINT('',(-12.8,-8.,5.9));
#7270=CARTESIAN_POINT('',(-12.8,-8.,8.3));
#7271=CARTESIAN_POINT('',(-19.2,-8.,5.9));
#7272=CARTESIAN_POINT('',(-19.2,-8.,5.9));
#7273=CARTESIAN_POINT('',(-19.2,-4.9,5.9));
#7274=CARTESIAN_POINT('',(-19.2,-4.33680868994202E-16,5.9));
#7275=CARTESIAN_POINT('',(-19.2,-4.33680868994202E-16,5.9));
#7276=CARTESIAN_POINT('',(-19.2,3.1,5.9));
#7277=CARTESIAN_POINT('',(-19.2,8.,5.9));
#7278=CARTESIAN_POINT('',(-19.2,8.,5.9));
#7279=CARTESIAN_POINT('',(-19.2,11.1,5.9));
#7280=CARTESIAN_POINT('',(-11.5538019187475,3.92405283796563,-6.));
#7281=CARTESIAN_POINT('',(-11.5538019187475,3.92405283796563,1.9));
#7282=CARTESIAN_POINT('',(-10.6545756789054,3.26899542102304,1.9));
#7283=CARTESIAN_POINT('',(-11.5538019187475,3.92405283796563,1.9));
#7284=CARTESIAN_POINT('',(-10.6545756789054,3.26899542102304,-6.));
#7285=CARTESIAN_POINT('',(-11.5538019187475,3.92405283796563,-6.));
#7286=CARTESIAN_POINT('',(-19.2494648840083,5.15787857040128,-6.));
#7287=CARTESIAN_POINT('',(-19.2494648840083,5.15787857040128,1.9));
#7288=CARTESIAN_POINT('',(-10.8616309149874,2.49625475999177,1.9));
#7289=CARTESIAN_POINT('',(-10.8616309149874,2.49625475999177,-6.));
#7290=CARTESIAN_POINT('',(-11.9679123909115,2.37857151590312,-6.));
#7291=CARTESIAN_POINT('',(-11.9679123909115,2.37857151590312,1.9));
#7292=CARTESIAN_POINT('',(-11.9679123909115,2.37857151590312,1.9));
#7293=CARTESIAN_POINT('',(-11.9679123909115,2.37857151590312,-6.));
#7294=CARTESIAN_POINT('',(-12.5197277450365,4.18287188306815,-6.));
#7295=CARTESIAN_POINT('',(-12.5197277450365,4.18287188306815,1.9));
#7296=CARTESIAN_POINT('',(-12.,4.04361125350156,1.9));
#7297=CARTESIAN_POINT('',(-12.5197277450365,4.18287188306815,-6.));
#7298=CARTESIAN_POINT('',(-12.5197277450365,4.18287188306815,1.9));
#7299=CARTESIAN_POINT('',(-12.5197277450365,4.18287188306815,1.9));
#7300=CARTESIAN_POINT('',(-12.9338382172006,2.63739056100565,-6.));
#7301=CARTESIAN_POINT('',(-12.9338382172006,2.63739056100565,1.9));
#7302=CARTESIAN_POINT('',(-12.9338382172006,2.63739056100565,1.9));
#7303=CARTESIAN_POINT('',(-12.,2.38716936484543,1.9));
#7304=CARTESIAN_POINT('',(-12.9338382172006,2.63739056100565,-6.));
#7305=CARTESIAN_POINT('',(-12.9338382172006,2.63739056100565,1.9));
#7306=CARTESIAN_POINT('',(0.,0.,0.));
#7307=CARTESIAN_POINT('',(-13.1757352736005,0.800000000000024,-6.));
#7308=CARTESIAN_POINT('',(-13.1757352736005,0.800000000000024,1.9));
#7309=CARTESIAN_POINT('',(0.,0.,1.9));
#7310=CARTESIAN_POINT('',(-13.1757352736005,0.800000000000024,-6.));
#7311=CARTESIAN_POINT('',(-13.1757352736005,0.800000000000024,1.9));
#7312=CARTESIAN_POINT('',(-12.1757352736005,0.800000000000022,1.9));
#7313=CARTESIAN_POINT('',(-12.1757352736005,0.800000000000022,-6.));
#7314=CARTESIAN_POINT('',(-19.9285124800541,3.49912653856283E-15,-6.));
#7315=CARTESIAN_POINT('',(-19.9285124800541,3.49912653856283E-15,1.9));
#7316=CARTESIAN_POINT('',(-11.1376080897198,-0.399999999999983,1.9));
#7317=CARTESIAN_POINT('',(-11.1376080897198,0.400000000000031,1.9));
#7318=CARTESIAN_POINT('',(-11.1376080897198,-0.399999999999983,-6.));
#7319=CARTESIAN_POINT('',(-11.1376080897198,0.400000000000031,-6.));
#7320=CARTESIAN_POINT('',(-12.1757352736005,0.800000000000022,-6.));
#7321=CARTESIAN_POINT('',(-12.1757352736005,0.800000000000022,1.9));
#7322=CARTESIAN_POINT('',(-12.,0.732287574652081,1.9));
#7323=CARTESIAN_POINT('',(-12.1757352736005,0.800000000000022,1.9));
#7324=CARTESIAN_POINT('',(-12.1757352736005,-0.799999999999975,-6.));
#7325=CARTESIAN_POINT('',(-12.1757352736005,-0.799999999999975,1.9));
#7326=CARTESIAN_POINT('',(-12.1757352736005,-0.799999999999975,1.9));
#7327=CARTESIAN_POINT('',(-12.,-0.732287574652033,1.9));
#7328=CARTESIAN_POINT('',(-12.1757352736005,-0.799999999999975,-6.));
#7329=CARTESIAN_POINT('',(-12.1757352736005,-0.799999999999975,1.9));
#7330=CARTESIAN_POINT('',(-13.1757352736005,-0.799999999999973,-6.));
#7331=CARTESIAN_POINT('',(-13.1757352736005,-0.799999999999973,1.9));
#7332=CARTESIAN_POINT('',(-13.1757352736005,-0.799999999999973,1.9));
#7333=CARTESIAN_POINT('',(-13.1757352736005,-0.799999999999973,-6.));
#7334=CARTESIAN_POINT('',(0.,0.,0.));
#7335=CARTESIAN_POINT('',(-12.9338382172006,-2.63739056100559,-6.));
#7336=CARTESIAN_POINT('',(-12.9338382172006,-2.6373905610056,1.9));
#7337=CARTESIAN_POINT('',(0.,0.,1.9));
#7338=CARTESIAN_POINT('',(-11.9679123909115,-2.37857151590308,-6.));
#7339=CARTESIAN_POINT('',(-11.9679123909115,-2.37857151590308,1.9));
#7340=CARTESIAN_POINT('',(-10.8616309149874,-2.49625475999172,1.9));
#7341=CARTESIAN_POINT('',(-11.9679123909115,-2.37857151590308,1.9));
#7342=CARTESIAN_POINT('',(-10.8616309149874,-2.49625475999172,-6.));
#7343=CARTESIAN_POINT('',(-11.9679123909115,-2.37857151590308,-6.));
#7344=CARTESIAN_POINT('',(-19.2494648840083,-5.15787857040127,-6.));
#7345=CARTESIAN_POINT('',(-19.2494648840083,-5.15787857040127,1.9));
#7346=CARTESIAN_POINT('',(-10.6545756789054,-3.26899542102299,1.9));
#7347=CARTESIAN_POINT('',(-10.6545756789054,-3.26899542102299,-6.));
#7348=CARTESIAN_POINT('',(-11.5538019187475,-3.92405283796558,-6.));
#7349=CARTESIAN_POINT('',(-11.5538019187475,-3.92405283796558,1.9));
#7350=CARTESIAN_POINT('',(-11.5538019187475,-3.92405283796558,1.9));
#7351=CARTESIAN_POINT('',(-11.5538019187475,-3.92405283796558,-6.));
#7352=CARTESIAN_POINT('',(-12.9338382172006,-2.63739056100559,-6.));
#7353=CARTESIAN_POINT('',(-12.9338382172006,-2.63739056100559,1.9));
#7354=CARTESIAN_POINT('',(-12.,-2.38716936484538,1.9));
#7355=CARTESIAN_POINT('',(-12.9338382172006,-2.63739056100559,1.9));
#7356=CARTESIAN_POINT('',(-12.5197277450366,-4.1828718830681,-6.));
#7357=CARTESIAN_POINT('',(-12.5197277450366,-4.1828718830681,1.9));
#7358=CARTESIAN_POINT('',(-12.5197277450366,-4.1828718830681,1.9));
#7359=CARTESIAN_POINT('',(-12.,-4.04361125350151,1.9));
#7360=CARTESIAN_POINT('',(-12.5197277450366,-4.1828718830681,-6.));
#7361=CARTESIAN_POINT('',(-12.5197277450366,-4.1828718830681,1.9));
#7362=CARTESIAN_POINT('',(0.,0.,0.));
#7363=CARTESIAN_POINT('',(0.,0.,1.9));
#7364=CARTESIAN_POINT('',(27.4,0.,1.9));
#7365=CARTESIAN_POINT('',(0.,0.,0.));
#7366=CARTESIAN_POINT('',(11.8105214604767,5.8950473137727,-6.));
#7367=CARTESIAN_POINT('',(11.8105214604767,5.8950473137727,1.9));
#7368=CARTESIAN_POINT('',(0.,0.,1.9));
#7369=CARTESIAN_POINT('',(11.8105214604767,5.8950473137727,-6.));
#7370=CARTESIAN_POINT('',(11.8105214604767,5.8950473137727,1.9));
#7371=CARTESIAN_POINT('',(10.9444960566923,5.3950473137727,1.9));
#7372=CARTESIAN_POINT('',(10.9444960566923,5.3950473137727,-6.));
#7373=CARTESIAN_POINT('',(10.9444960566923,5.3950473137727,-6.));
#7374=CARTESIAN_POINT('',(10.9444960566923,5.3950473137727,1.9));
#7375=CARTESIAN_POINT('',(9.8454515430924,5.22239388334611,1.9));
#7376=CARTESIAN_POINT('',(9.8454515430924,5.22239388334611,-6.));
#7377=CARTESIAN_POINT('',(17.2585980673621,9.96425624002711,-6.));
#7378=CARTESIAN_POINT('',(17.2585980673621,9.96425624002711,1.9));
#7379=CARTESIAN_POINT('',(9.44545154309239,5.91521420637367,1.9));
#7380=CARTESIAN_POINT('',(9.44545154309239,5.91521420637367,-6.));
#7381=CARTESIAN_POINT('',(10.1444960566923,6.7806879598278,-6.));
#7382=CARTESIAN_POINT('',(10.1444960566923,6.7806879598278,1.9));
#7383=CARTESIAN_POINT('',(10.1444960566923,6.7806879598278,1.9));
#7384=CARTESIAN_POINT('',(10.1444960566923,6.7806879598278,-6.));
#7385=CARTESIAN_POINT('',(11.0105214604767,7.2806879598278,-6.));
#7386=CARTESIAN_POINT('',(11.0105214604767,7.2806879598278,1.9));
#7387=CARTESIAN_POINT('',(11.0105214604767,7.2806879598278,1.9));
#7388=CARTESIAN_POINT('',(11.0105214604767,7.2806879598278,-6.));
#7389=CARTESIAN_POINT('',(0.,0.,0.));
#7390=CARTESIAN_POINT('',(9.88233718403092,8.75096633413246,-6.));
#7391=CARTESIAN_POINT('',(9.88233718403093,8.75096633413246,1.9));
#7392=CARTESIAN_POINT('',(0.,0.,1.9));
#7393=CARTESIAN_POINT('',(9.88233718403092,8.75096633413246,-6.));
#7394=CARTESIAN_POINT('',(9.88233718403092,8.75096633413246,1.9));
#7395=CARTESIAN_POINT('',(9.17523040284438,8.04385955294592,1.9));
#7396=CARTESIAN_POINT('',(9.17523040284438,8.04385955294592,-6.));
#7397=CARTESIAN_POINT('',(9.17523040284438,8.04385955294592,-6.));
#7398=CARTESIAN_POINT('',(9.17523040284438,8.04385955294592,1.9));
#7399=CARTESIAN_POINT('',(8.15832091891362,7.59263549396438,1.9));
#7400=CARTESIAN_POINT('',(8.15832091891362,7.59263549396438,-6.));
#7401=CARTESIAN_POINT('',(14.091586313607,14.0915863136071,-6.));
#7402=CARTESIAN_POINT('',(14.091586313607,14.0915863136071,1.9));
#7403=CARTESIAN_POINT('',(7.59263549396437,8.15832091891363,1.9));
#7404=CARTESIAN_POINT('',(7.59263549396437,8.15832091891363,-6.));
#7405=CARTESIAN_POINT('',(8.0438595529459,9.17523040284439,-6.));
#7406=CARTESIAN_POINT('',(8.0438595529459,9.17523040284439,1.9));
#7407=CARTESIAN_POINT('',(8.0438595529459,9.17523040284439,1.9));
#7408=CARTESIAN_POINT('',(8.0438595529459,9.17523040284439,-6.));
#7409=CARTESIAN_POINT('',(8.75096633413245,9.88233718403094,-6.));
#7410=CARTESIAN_POINT('',(8.75096633413245,9.88233718403094,1.9));
#7411=CARTESIAN_POINT('',(8.75096633413245,9.88233718403094,1.9));
#7412=CARTESIAN_POINT('',(8.75096633413245,9.88233718403094,-6.));
#7413=CARTESIAN_POINT('',(0.,0.,0.));
#7414=CARTESIAN_POINT('',(7.28068795982779,11.0105214604767,-6.));
#7415=CARTESIAN_POINT('',(7.28068795982779,11.0105214604767,1.9));
#7416=CARTESIAN_POINT('',(0.,0.,1.9));
#7417=CARTESIAN_POINT('',(7.28068795982779,11.0105214604767,-6.));
#7418=CARTESIAN_POINT('',(7.28068795982779,11.0105214604767,1.9));
#7419=CARTESIAN_POINT('',(6.78068795982779,10.1444960566923,1.9));
#7420=CARTESIAN_POINT('',(6.78068795982779,10.1444960566923,-6.));
#7421=CARTESIAN_POINT('',(6.78068795982779,10.1444960566923,-6.));
#7422=CARTESIAN_POINT('',(6.78068795982779,10.1444960566923,1.9));
#7423=CARTESIAN_POINT('',(5.91521420637367,9.4454515430924,1.9));
#7424=CARTESIAN_POINT('',(5.91521420637367,9.4454515430924,-6.));
#7425=CARTESIAN_POINT('',(9.96425624002703,17.2585980673621,-6.));
#7426=CARTESIAN_POINT('',(9.96425624002703,17.2585980673621,1.9));
#7427=CARTESIAN_POINT('',(5.2223938833461,9.8454515430924,1.9));
#7428=CARTESIAN_POINT('',(5.2223938833461,9.8454515430924,-6.));
#7429=CARTESIAN_POINT('',(5.39504731377269,10.9444960566923,-6.));
#7430=CARTESIAN_POINT('',(5.39504731377269,10.9444960566923,1.9));
#7431=CARTESIAN_POINT('',(5.39504731377269,10.9444960566923,1.9));
#7432=CARTESIAN_POINT('',(5.39504731377269,10.9444960566923,-6.));
#7433=CARTESIAN_POINT('',(5.89504731377269,11.8105214604767,-6.));
#7434=CARTESIAN_POINT('',(5.89504731377269,11.8105214604767,1.9));
#7435=CARTESIAN_POINT('',(5.89504731377268,11.8105214604767,1.9));
#7436=CARTESIAN_POINT('',(5.89504731377269,11.8105214604767,-6.));
#7437=CARTESIAN_POINT('',(0.,0.,0.));
#7438=CARTESIAN_POINT('',(4.18287188306813,12.5197277450366,-6.));
#7439=CARTESIAN_POINT('',(4.18287188306813,12.5197277450366,1.9));
#7440=CARTESIAN_POINT('',(0.,0.,1.9));
#7441=CARTESIAN_POINT('',(4.18287188306813,12.5197277450366,-6.));
#7442=CARTESIAN_POINT('',(4.18287188306813,12.5197277450366,1.9));
#7443=CARTESIAN_POINT('',(3.92405283796561,11.5538019187475,1.9));
#7444=CARTESIAN_POINT('',(3.92405283796561,11.5538019187475,-6.));
#7445=CARTESIAN_POINT('',(3.92405283796561,11.5538019187475,-6.));
#7446=CARTESIAN_POINT('',(3.92405283796561,11.5538019187475,1.9));
#7447=CARTESIAN_POINT('',(3.26899542102302,10.6545756789054,1.9));
#7448=CARTESIAN_POINT('',(3.26899542102302,10.6545756789054,-6.));
#7449=CARTESIAN_POINT('',(5.15787857040124,19.2494648840083,-6.));
#7450=CARTESIAN_POINT('',(5.15787857040124,19.2494648840083,1.9));
#7451=CARTESIAN_POINT('',(2.49625475999175,10.8616309149874,1.9));
#7452=CARTESIAN_POINT('',(2.49625475999175,10.8616309149874,-6.));
#7453=CARTESIAN_POINT('',(2.3785715159031,11.9679123909115,-6.));
#7454=CARTESIAN_POINT('',(2.3785715159031,11.9679123909115,1.9));
#7455=CARTESIAN_POINT('',(2.3785715159031,11.9679123909115,1.9));
#7456=CARTESIAN_POINT('',(2.3785715159031,11.9679123909115,-6.));
#7457=CARTESIAN_POINT('',(2.63739056100562,12.9338382172006,-6.));
#7458=CARTESIAN_POINT('',(2.63739056100562,12.9338382172006,1.9));
#7459=CARTESIAN_POINT('',(2.63739056100562,12.9338382172006,1.9));
#7460=CARTESIAN_POINT('',(2.63739056100562,12.9338382172006,-6.));
#7461=CARTESIAN_POINT('',(0.,0.,0.));
#7462=CARTESIAN_POINT('',(0.8,13.1757352736005,-6.));
#7463=CARTESIAN_POINT('',(0.8,13.1757352736005,1.9));
#7464=CARTESIAN_POINT('',(0.,0.,1.9));
#7465=CARTESIAN_POINT('',(0.8,13.1757352736005,-6.));
#7466=CARTESIAN_POINT('',(0.8,13.1757352736005,1.9));
#7467=CARTESIAN_POINT('',(0.8,12.1757352736005,1.9));
#7468=CARTESIAN_POINT('',(0.8,12.1757352736005,-6.));
#7469=CARTESIAN_POINT('',(0.8,12.1757352736005,-6.));
#7470=CARTESIAN_POINT('',(0.8,12.1757352736005,1.9));
#7471=CARTESIAN_POINT('',(0.400000000000011,11.1376080897198,1.9));
#7472=CARTESIAN_POINT('',(0.400000000000011,11.1376080897198,-6.));
#7473=CARTESIAN_POINT('',(-3.31212923554779E-14,19.9285124800541,-6.));
#7474=CARTESIAN_POINT('',(-3.31212923554779E-14,19.9285124800541,1.9));
#7475=CARTESIAN_POINT('',(-0.400000000000003,11.1376080897198,1.9));
#7476=CARTESIAN_POINT('',(-0.400000000000003,11.1376080897198,-6.));
#7477=CARTESIAN_POINT('',(-0.799999999999997,12.1757352736005,-6.));
#7478=CARTESIAN_POINT('',(-0.799999999999997,12.1757352736005,1.9));
#7479=CARTESIAN_POINT('',(-0.799999999999997,12.1757352736005,1.9));
#7480=CARTESIAN_POINT('',(-0.799999999999997,12.1757352736005,-6.));
#7481=CARTESIAN_POINT('',(-0.799999999999997,13.1757352736005,-6.));
#7482=CARTESIAN_POINT('',(-0.799999999999997,13.1757352736005,1.9));
#7483=CARTESIAN_POINT('',(-0.799999999999997,13.1757352736005,1.9));
#7484=CARTESIAN_POINT('',(-0.799999999999997,13.1757352736005,-6.));
#7485=CARTESIAN_POINT('',(0.,0.,0.));
#7486=CARTESIAN_POINT('',(-2.63739056100561,12.9338382172006,-6.));
#7487=CARTESIAN_POINT('',(-2.63739056100561,12.9338382172006,1.9));
#7488=CARTESIAN_POINT('',(0.,0.,1.9));
#7489=CARTESIAN_POINT('',(-2.63739056100561,12.9338382172006,-6.));
#7490=CARTESIAN_POINT('',(-2.63739056100561,12.9338382172006,1.9));
#7491=CARTESIAN_POINT('',(-2.37857151590309,11.9679123909115,1.9));
#7492=CARTESIAN_POINT('',(-2.37857151590309,11.9679123909115,-6.));
#7493=CARTESIAN_POINT('',(-2.37857151590309,11.9679123909115,-6.));
#7494=CARTESIAN_POINT('',(-2.37857151590309,11.9679123909115,1.9));
#7495=CARTESIAN_POINT('',(-2.49625475999174,10.8616309149874,1.9));
#7496=CARTESIAN_POINT('',(-2.49625475999174,10.8616309149874,-6.));
#7497=CARTESIAN_POINT('',(-5.1578785704013,19.2494648840083,-6.));
#7498=CARTESIAN_POINT('',(-5.1578785704013,19.2494648840083,1.9));
#7499=CARTESIAN_POINT('',(-3.268995421023,10.6545756789054,1.9));
#7500=CARTESIAN_POINT('',(-3.268995421023,10.6545756789054,-6.));
#7501=CARTESIAN_POINT('',(-3.9240528379656,11.5538019187475,-6.));
#7502=CARTESIAN_POINT('',(-3.9240528379656,11.5538019187475,1.9));
#7503=CARTESIAN_POINT('',(-3.9240528379656,11.5538019187475,1.9));
#7504=CARTESIAN_POINT('',(-3.9240528379656,11.5538019187475,-6.));
#7505=CARTESIAN_POINT('',(-4.18287188306812,12.5197277450366,-6.));
#7506=CARTESIAN_POINT('',(-4.18287188306812,12.5197277450366,1.9));
#7507=CARTESIAN_POINT('',(-4.18287188306812,12.5197277450366,1.9));
#7508=CARTESIAN_POINT('',(-4.18287188306812,12.5197277450366,-6.));
#7509=CARTESIAN_POINT('',(0.,0.,0.));
#7510=CARTESIAN_POINT('',(-5.89504731377268,11.8105214604767,-6.));
#7511=CARTESIAN_POINT('',(-5.89504731377268,11.8105214604767,1.9));
#7512=CARTESIAN_POINT('',(0.,0.,1.9));
#7513=CARTESIAN_POINT('',(-5.89504731377268,11.8105214604767,-6.));
#7514=CARTESIAN_POINT('',(-5.89504731377268,11.8105214604767,1.9));
#7515=CARTESIAN_POINT('',(-5.39504731377268,10.9444960566923,1.9));
#7516=CARTESIAN_POINT('',(-5.39504731377268,10.9444960566923,-6.));
#7517=CARTESIAN_POINT('',(-5.39504731377268,10.9444960566923,-6.));
#7518=CARTESIAN_POINT('',(-5.39504731377268,10.9444960566923,1.9));
#7519=CARTESIAN_POINT('',(-5.22239388334609,9.84545154309241,1.9));
#7520=CARTESIAN_POINT('',(-5.22239388334609,9.84545154309241,-6.));
#7521=CARTESIAN_POINT('',(-9.96425624002708,17.2585980673621,-6.));
#7522=CARTESIAN_POINT('',(-9.96425624002708,17.2585980673621,1.9));
#7523=CARTESIAN_POINT('',(-5.91521420637365,9.4454515430924,1.9));
#7524=CARTESIAN_POINT('',(-5.91521420637365,9.4454515430924,-6.));
#7525=CARTESIAN_POINT('',(-6.78068795982778,10.1444960566923,-6.));
#7526=CARTESIAN_POINT('',(-6.78068795982778,10.1444960566923,1.9));
#7527=CARTESIAN_POINT('',(-6.78068795982778,10.1444960566923,1.9));
#7528=CARTESIAN_POINT('',(-6.78068795982778,10.1444960566923,-6.));
#7529=CARTESIAN_POINT('',(-7.28068795982778,11.0105214604767,-6.));
#7530=CARTESIAN_POINT('',(-7.28068795982778,11.0105214604767,1.9));
#7531=CARTESIAN_POINT('',(-7.28068795982778,11.0105214604767,1.9));
#7532=CARTESIAN_POINT('',(-7.28068795982778,11.0105214604767,-6.));
#7533=CARTESIAN_POINT('',(0.,0.,0.));
#7534=CARTESIAN_POINT('',(-8.75096633413244,9.88233718403094,-6.));
#7535=CARTESIAN_POINT('',(-8.75096633413244,9.88233718403094,1.9));
#7536=CARTESIAN_POINT('',(0.,0.,1.9));
#7537=CARTESIAN_POINT('',(-8.75096633413244,9.88233718403094,-6.));
#7538=CARTESIAN_POINT('',(-8.75096633413244,9.88233718403094,1.9));
#7539=CARTESIAN_POINT('',(-8.04385955294589,9.17523040284439,1.9));
#7540=CARTESIAN_POINT('',(-8.04385955294589,9.17523040284439,-6.));
#7541=CARTESIAN_POINT('',(-8.04385955294589,9.17523040284439,-6.));
#7542=CARTESIAN_POINT('',(-8.04385955294589,9.17523040284439,1.9));
#7543=CARTESIAN_POINT('',(-7.59263549396436,8.15832091891364,1.9));
#7544=CARTESIAN_POINT('',(-7.59263549396436,8.15832091891364,-6.));
#7545=CARTESIAN_POINT('',(-14.091586313607,14.091586313607,-6.));
#7546=CARTESIAN_POINT('',(-14.091586313607,14.091586313607,1.9));
#7547=CARTESIAN_POINT('',(-8.15832091891361,7.59263549396439,1.9));
#7548=CARTESIAN_POINT('',(-8.15832091891361,7.59263549396439,-6.));
#7549=CARTESIAN_POINT('',(-9.17523040284437,8.04385955294592,-6.));
#7550=CARTESIAN_POINT('',(-9.17523040284437,8.04385955294592,1.9));
#7551=CARTESIAN_POINT('',(-9.17523040284437,8.04385955294592,1.9));
#7552=CARTESIAN_POINT('',(-9.17523040284437,8.04385955294592,-6.));
#7553=CARTESIAN_POINT('',(-9.88233718403092,8.75096633413247,-6.));
#7554=CARTESIAN_POINT('',(-9.88233718403092,8.75096633413247,1.9));
#7555=CARTESIAN_POINT('',(-9.88233718403091,8.75096633413247,1.9));
#7556=CARTESIAN_POINT('',(-9.88233718403092,8.75096633413247,-6.));
#7557=CARTESIAN_POINT('',(0.,0.,0.));
#7558=CARTESIAN_POINT('',(-11.0105214604767,7.28068795982781,-6.));
#7559=CARTESIAN_POINT('',(-11.0105214604767,7.28068795982781,1.9));
#7560=CARTESIAN_POINT('',(0.,0.,1.9));
#7561=CARTESIAN_POINT('',(-11.0105214604767,7.28068795982781,-6.));
#7562=CARTESIAN_POINT('',(-11.0105214604767,7.28068795982781,1.9));
#7563=CARTESIAN_POINT('',(-10.1444960566923,6.7806879598278,1.9));
#7564=CARTESIAN_POINT('',(-10.1444960566923,6.7806879598278,-6.));
#7565=CARTESIAN_POINT('',(-10.1444960566923,6.7806879598278,-6.));
#7566=CARTESIAN_POINT('',(-10.1444960566923,6.7806879598278,1.9));
#7567=CARTESIAN_POINT('',(-9.44545154309239,5.91521420637368,1.9));
#7568=CARTESIAN_POINT('',(-9.44545154309239,5.91521420637368,-6.));
#7569=CARTESIAN_POINT('',(-17.2585980673621,9.96425624002706,-6.));
#7570=CARTESIAN_POINT('',(-17.2585980673621,9.96425624002706,1.9));
#7571=CARTESIAN_POINT('',(-9.84545154309239,5.22239388334612,1.9));
#7572=CARTESIAN_POINT('',(-9.84545154309239,5.22239388334612,-6.));
#7573=CARTESIAN_POINT('',(-10.9444960566923,5.39504731377271,-6.));
#7574=CARTESIAN_POINT('',(-10.9444960566923,5.39504731377271,1.9));
#7575=CARTESIAN_POINT('',(-10.9444960566923,5.39504731377271,1.9));
#7576=CARTESIAN_POINT('',(-10.9444960566923,5.39504731377271,-6.));
#7577=CARTESIAN_POINT('',(-11.8105214604767,5.89504731377271,-6.));
#7578=CARTESIAN_POINT('',(-11.8105214604767,5.89504731377271,1.9));
#7579=CARTESIAN_POINT('',(-11.8105214604767,5.89504731377271,1.9));
#7580=CARTESIAN_POINT('',(-11.8105214604767,5.89504731377271,-6.));
#7581=CARTESIAN_POINT('',(0.,0.,0.));
#7582=CARTESIAN_POINT('',(0.,0.,1.9));
#7583=CARTESIAN_POINT('',(-12.,5.49909083394701,1.9));
#7584=CARTESIAN_POINT('',(0.,0.,1.9));
#7585=CARTESIAN_POINT('',(0.,0.,0.));
#7586=CARTESIAN_POINT('',(-11.8105214604767,-5.89504731377266,-6.));
#7587=CARTESIAN_POINT('',(-11.8105214604767,-5.89504731377266,1.9));
#7588=CARTESIAN_POINT('',(0.,0.,1.9));
#7589=CARTESIAN_POINT('',(-12.,-5.49909083394701,1.9));
#7590=CARTESIAN_POINT('',(0.,0.,1.9));
#7591=CARTESIAN_POINT('',(-11.8105214604767,-5.89504731377266,-6.));
#7592=CARTESIAN_POINT('',(-11.8105214604767,-5.89504731377266,1.9));
#7593=CARTESIAN_POINT('',(-10.9444960566923,-5.39504731377266,1.9));
#7594=CARTESIAN_POINT('',(-10.9444960566923,-5.39504731377266,-6.));
#7595=CARTESIAN_POINT('',(-10.9444960566923,-5.39504731377266,-6.));
#7596=CARTESIAN_POINT('',(-10.9444960566923,-5.39504731377266,1.9));
#7597=CARTESIAN_POINT('',(-9.84545154309242,-5.22239388334608,1.9));
#7598=CARTESIAN_POINT('',(-9.84545154309242,-5.22239388334608,-6.));
#7599=CARTESIAN_POINT('',(-17.2585980673621,-9.96425624002705,-6.));
#7600=CARTESIAN_POINT('',(-17.2585980673621,-9.96425624002705,1.9));
#7601=CARTESIAN_POINT('',(-9.44545154309241,-5.91521420637364,1.9));
#7602=CARTESIAN_POINT('',(-9.44545154309241,-5.91521420637364,-6.));
#7603=CARTESIAN_POINT('',(-10.1444960566923,-6.78068795982777,-6.));
#7604=CARTESIAN_POINT('',(-10.1444960566923,-6.78068795982777,1.9));
#7605=CARTESIAN_POINT('',(-10.1444960566923,-6.78068795982777,1.9));
#7606=CARTESIAN_POINT('',(-10.1444960566923,-6.78068795982777,-6.));
#7607=CARTESIAN_POINT('',(-11.0105214604767,-7.28068795982776,-6.));
#7608=CARTESIAN_POINT('',(-11.0105214604767,-7.28068795982776,1.9));
#7609=CARTESIAN_POINT('',(-11.0105214604767,-7.28068795982776,1.9));
#7610=CARTESIAN_POINT('',(-11.0105214604767,-7.28068795982776,-6.));
#7611=CARTESIAN_POINT('',(0.,0.,0.));
#7612=CARTESIAN_POINT('',(-9.88233718403096,-8.75096633413243,-6.));
#7613=CARTESIAN_POINT('',(-9.88233718403095,-8.75096633413243,1.9));
#7614=CARTESIAN_POINT('',(0.,0.,1.9));
#7615=CARTESIAN_POINT('',(-9.88233718403096,-8.75096633413243,-6.));
#7616=CARTESIAN_POINT('',(-9.88233718403096,-8.75096633413243,1.9));
#7617=CARTESIAN_POINT('',(-9.1752304028444,-8.04385955294588,1.9));
#7618=CARTESIAN_POINT('',(-9.1752304028444,-8.04385955294588,-6.));
#7619=CARTESIAN_POINT('',(-9.1752304028444,-8.04385955294588,-6.));
#7620=CARTESIAN_POINT('',(-9.1752304028444,-8.04385955294588,1.9));
#7621=CARTESIAN_POINT('',(-8.15832091891365,-7.59263549396435,1.9));
#7622=CARTESIAN_POINT('',(-8.15832091891365,-7.59263549396435,-6.));
#7623=CARTESIAN_POINT('',(-14.091586313607,-14.091586313607,-6.));
#7624=CARTESIAN_POINT('',(-14.091586313607,-14.091586313607,1.9));
#7625=CARTESIAN_POINT('',(-7.5926354939644,-8.1583209189136,1.9));
#7626=CARTESIAN_POINT('',(-7.5926354939644,-8.1583209189136,-6.));
#7627=CARTESIAN_POINT('',(-8.04385955294593,-9.17523040284436,-6.));
#7628=CARTESIAN_POINT('',(-8.04385955294593,-9.17523040284436,1.9));
#7629=CARTESIAN_POINT('',(-8.04385955294593,-9.17523040284436,1.9));
#7630=CARTESIAN_POINT('',(-8.04385955294593,-9.17523040284436,-6.));
#7631=CARTESIAN_POINT('',(-8.75096633413249,-9.8823371840309,-6.));
#7632=CARTESIAN_POINT('',(-8.75096633413249,-9.8823371840309,1.9));
#7633=CARTESIAN_POINT('',(-8.75096633413248,-9.88233718403091,1.9));
#7634=CARTESIAN_POINT('',(-8.75096633413249,-9.8823371840309,-6.));
#7635=CARTESIAN_POINT('',(0.,0.,0.));
#7636=CARTESIAN_POINT('',(-7.28068795982783,-11.0105214604767,-6.));
#7637=CARTESIAN_POINT('',(-7.28068795982782,-11.0105214604767,1.9));
#7638=CARTESIAN_POINT('',(0.,0.,1.9));
#7639=CARTESIAN_POINT('',(-7.28068795982783,-11.0105214604767,-6.));
#7640=CARTESIAN_POINT('',(-7.28068795982783,-11.0105214604767,1.9));
#7641=CARTESIAN_POINT('',(-6.78068795982782,-10.1444960566923,1.9));
#7642=CARTESIAN_POINT('',(-6.78068795982782,-10.1444960566923,-6.));
#7643=CARTESIAN_POINT('',(-6.78068795982782,-10.1444960566923,-6.));
#7644=CARTESIAN_POINT('',(-6.78068795982782,-10.1444960566923,1.9));
#7645=CARTESIAN_POINT('',(-5.9152142063737,-9.44545154309237,1.9));
#7646=CARTESIAN_POINT('',(-5.9152142063737,-9.44545154309237,-6.));
#7647=CARTESIAN_POINT('',(-9.96425624002709,-17.2585980673621,-6.));
#7648=CARTESIAN_POINT('',(-9.96425624002709,-17.2585980673621,1.9));
#7649=CARTESIAN_POINT('',(-5.22239388334614,-9.84545154309238,1.9));
#7650=CARTESIAN_POINT('',(-5.22239388334614,-9.84545154309238,-6.));
#7651=CARTESIAN_POINT('',(-5.39504731377273,-10.9444960566923,-6.));
#7652=CARTESIAN_POINT('',(-5.39504731377273,-10.9444960566923,1.9));
#7653=CARTESIAN_POINT('',(-5.39504731377273,-10.9444960566923,1.9));
#7654=CARTESIAN_POINT('',(-5.39504731377273,-10.9444960566923,-6.));
#7655=CARTESIAN_POINT('',(-5.89504731377273,-11.8105214604767,-6.));
#7656=CARTESIAN_POINT('',(-5.89504731377273,-11.8105214604767,1.9));
#7657=CARTESIAN_POINT('',(-5.89504731377273,-11.8105214604767,1.9));
#7658=CARTESIAN_POINT('',(-5.89504731377273,-11.8105214604767,-6.));
#7659=CARTESIAN_POINT('',(0.,0.,0.));
#7660=CARTESIAN_POINT('',(-4.18287188306817,-12.5197277450365,-6.));
#7661=CARTESIAN_POINT('',(-4.18287188306818,-12.5197277450365,1.9));
#7662=CARTESIAN_POINT('',(0.,0.,1.9));
#7663=CARTESIAN_POINT('',(-4.18287188306817,-12.5197277450365,-6.));
#7664=CARTESIAN_POINT('',(-4.18287188306817,-12.5197277450365,1.9));
#7665=CARTESIAN_POINT('',(-3.92405283796565,-11.5538019187475,1.9));
#7666=CARTESIAN_POINT('',(-3.92405283796565,-11.5538019187475,-6.));
#7667=CARTESIAN_POINT('',(-3.92405283796565,-11.5538019187475,-6.));
#7668=CARTESIAN_POINT('',(-3.92405283796565,-11.5538019187475,1.9));
#7669=CARTESIAN_POINT('',(-3.26899542102306,-10.6545756789054,1.9));
#7670=CARTESIAN_POINT('',(-3.26899542102306,-10.6545756789054,-6.));
#7671=CARTESIAN_POINT('',(-5.15787857040131,-19.2494648840083,-6.));
#7672=CARTESIAN_POINT('',(-5.15787857040131,-19.2494648840083,1.9));
#7673=CARTESIAN_POINT('',(-2.49625475999179,-10.8616309149874,1.9));
#7674=CARTESIAN_POINT('',(-2.49625475999179,-10.8616309149874,-6.));
#7675=CARTESIAN_POINT('',(-2.37857151590314,-11.9679123909115,-6.));
#7676=CARTESIAN_POINT('',(-2.37857151590314,-11.9679123909115,1.9));
#7677=CARTESIAN_POINT('',(-2.37857151590314,-11.9679123909115,1.9));
#7678=CARTESIAN_POINT('',(-2.37857151590314,-11.9679123909115,-6.));
#7679=CARTESIAN_POINT('',(-2.63739056100567,-12.9338382172006,-6.));
#7680=CARTESIAN_POINT('',(-2.63739056100567,-12.9338382172006,1.9));
#7681=CARTESIAN_POINT('',(-2.63739056100567,-12.9338382172006,1.9));
#7682=CARTESIAN_POINT('',(-2.63739056100567,-12.9338382172006,-6.));
#7683=CARTESIAN_POINT('',(0.,0.,0.));
#7684=CARTESIAN_POINT('',(0.,0.,1.9));
#7685=CARTESIAN_POINT('',(-0.799999999999999,-13.1757352736005,1.9));
#7686=CARTESIAN_POINT('',(-0.799999999999999,-13.1757352736005,-6.));
#7687=CARTESIAN_POINT('',(-0.799999999999999,-13.1757352736005,-6.));
#7688=CARTESIAN_POINT('',(-0.799999999999999,-13.1757352736005,1.9));
#7689=CARTESIAN_POINT('',(-0.799999999999999,-12.1757352736005,1.9));
#7690=CARTESIAN_POINT('',(-0.799999999999999,-12.1757352736005,-6.));
#7691=CARTESIAN_POINT('',(-0.799999999999999,-12.1757352736005,-6.));
#7692=CARTESIAN_POINT('',(-0.799999999999999,-12.1757352736005,1.9));
#7693=CARTESIAN_POINT('',(-0.400000000000009,-11.1376080897198,1.9));
#7694=CARTESIAN_POINT('',(-0.400000000000009,-11.1376080897198,-6.));
#7695=CARTESIAN_POINT('',(3.55618312575245E-14,-19.9285124800541,-6.));
#7696=CARTESIAN_POINT('',(3.55618312575245E-14,-19.9285124800541,1.9));
#7697=CARTESIAN_POINT('',(0.400000000000004,-11.1376080897198,1.9));
#7698=CARTESIAN_POINT('',(0.400000000000004,-11.1376080897198,-6.));
#7699=CARTESIAN_POINT('',(0.799999999999999,-12.1757352736005,-6.));
#7700=CARTESIAN_POINT('',(0.799999999999999,-12.1757352736005,1.9));
#7701=CARTESIAN_POINT('',(0.799999999999999,-12.1757352736005,1.9));
#7702=CARTESIAN_POINT('',(0.799999999999999,-12.1757352736005,-6.));
#7703=CARTESIAN_POINT('',(0.799999999999999,-13.1757352736005,-6.));
#7704=CARTESIAN_POINT('',(0.799999999999999,-13.1757352736005,1.9));
#7705=CARTESIAN_POINT('',(0.799999999999999,-13.1757352736005,1.9));
#7706=CARTESIAN_POINT('',(0.799999999999999,-13.1757352736005,-6.));
#7707=CARTESIAN_POINT('',(0.,0.,0.));
#7708=CARTESIAN_POINT('',(2.63739056100562,-12.9338382172006,-6.));
#7709=CARTESIAN_POINT('',(2.63739056100562,-12.9338382172006,1.9));
#7710=CARTESIAN_POINT('',(0.,0.,1.9));
#7711=CARTESIAN_POINT('',(2.63739056100562,-12.9338382172006,-6.));
#7712=CARTESIAN_POINT('',(2.63739056100562,-12.9338382172006,1.9));
#7713=CARTESIAN_POINT('',(2.3785715159031,-11.9679123909115,1.9));
#7714=CARTESIAN_POINT('',(2.3785715159031,-11.9679123909115,-6.));
#7715=CARTESIAN_POINT('',(2.3785715159031,-11.9679123909115,-6.));
#7716=CARTESIAN_POINT('',(2.3785715159031,-11.9679123909115,1.9));
#7717=CARTESIAN_POINT('',(2.49625475999175,-10.8616309149874,1.9));
#7718=CARTESIAN_POINT('',(2.49625475999175,-10.8616309149874,-6.));
#7719=CARTESIAN_POINT('',(5.15787857040131,-19.2494648840083,-6.));
#7720=CARTESIAN_POINT('',(5.15787857040131,-19.2494648840083,1.9));
#7721=CARTESIAN_POINT('',(3.26899542102301,-10.6545756789054,1.9));
#7722=CARTESIAN_POINT('',(3.26899542102301,-10.6545756789054,-6.));
#7723=CARTESIAN_POINT('',(3.92405283796561,-11.5538019187475,-6.));
#7724=CARTESIAN_POINT('',(3.92405283796561,-11.5538019187475,1.9));
#7725=CARTESIAN_POINT('',(3.92405283796561,-11.5538019187475,1.9));
#7726=CARTESIAN_POINT('',(3.92405283796561,-11.5538019187475,-6.));
#7727=CARTESIAN_POINT('',(4.18287188306813,-12.5197277450366,-6.));
#7728=CARTESIAN_POINT('',(4.18287188306813,-12.5197277450366,1.9));
#7729=CARTESIAN_POINT('',(4.18287188306813,-12.5197277450366,1.9));
#7730=CARTESIAN_POINT('',(4.18287188306813,-12.5197277450366,-6.));
#7731=CARTESIAN_POINT('',(0.,0.,0.));
#7732=CARTESIAN_POINT('',(5.89504731377269,-11.8105214604767,-6.));
#7733=CARTESIAN_POINT('',(5.89504731377269,-11.8105214604767,1.9));
#7734=CARTESIAN_POINT('',(0.,0.,1.9));
#7735=CARTESIAN_POINT('',(5.89504731377269,-11.8105214604767,-6.));
#7736=CARTESIAN_POINT('',(5.89504731377269,-11.8105214604767,1.9));
#7737=CARTESIAN_POINT('',(5.39504731377269,-10.9444960566923,1.9));
#7738=CARTESIAN_POINT('',(5.39504731377269,-10.9444960566923,-6.));
#7739=CARTESIAN_POINT('',(5.39504731377269,-10.9444960566923,-6.));
#7740=CARTESIAN_POINT('',(5.39504731377269,-10.9444960566923,1.9));
#7741=CARTESIAN_POINT('',(5.2223938833461,-9.8454515430924,1.9));
#7742=CARTESIAN_POINT('',(5.2223938833461,-9.8454515430924,-6.));
#7743=CARTESIAN_POINT('',(9.9642562400271,-17.2585980673621,-6.));
#7744=CARTESIAN_POINT('',(9.9642562400271,-17.2585980673621,1.9));
#7745=CARTESIAN_POINT('',(5.91521420637366,-9.44545154309239,1.9));
#7746=CARTESIAN_POINT('',(5.91521420637366,-9.44545154309239,-6.));
#7747=CARTESIAN_POINT('',(6.78068795982779,-10.1444960566923,-6.));
#7748=CARTESIAN_POINT('',(6.78068795982779,-10.1444960566923,1.9));
#7749=CARTESIAN_POINT('',(6.78068795982779,-10.1444960566923,1.9));
#7750=CARTESIAN_POINT('',(6.78068795982779,-10.1444960566923,-6.));
#7751=CARTESIAN_POINT('',(7.28068795982779,-11.0105214604767,-6.));
#7752=CARTESIAN_POINT('',(7.28068795982779,-11.0105214604767,1.9));
#7753=CARTESIAN_POINT('',(7.28068795982779,-11.0105214604767,1.9));
#7754=CARTESIAN_POINT('',(7.28068795982779,-11.0105214604767,-6.));
#7755=CARTESIAN_POINT('',(0.,0.,0.));
#7756=CARTESIAN_POINT('',(8.75096633413246,-9.88233718403093,-6.));
#7757=CARTESIAN_POINT('',(8.75096633413246,-9.88233718403093,1.9));
#7758=CARTESIAN_POINT('',(0.,0.,1.9));
#7759=CARTESIAN_POINT('',(8.75096633413246,-9.88233718403093,-6.));
#7760=CARTESIAN_POINT('',(8.75096633413246,-9.88233718403093,1.9));
#7761=CARTESIAN_POINT('',(8.04385955294591,-9.17523040284438,1.9));
#7762=CARTESIAN_POINT('',(8.04385955294591,-9.17523040284438,-6.));
#7763=CARTESIAN_POINT('',(8.04385955294591,-9.17523040284438,-6.));
#7764=CARTESIAN_POINT('',(8.04385955294591,-9.17523040284438,1.9));
#7765=CARTESIAN_POINT('',(7.59263549396438,-8.15832091891363,1.9));
#7766=CARTESIAN_POINT('',(7.59263549396438,-8.15832091891363,-6.));
#7767=CARTESIAN_POINT('',(14.091586313607,-14.091586313607,-6.));
#7768=CARTESIAN_POINT('',(14.091586313607,-14.091586313607,1.9));
#7769=CARTESIAN_POINT('',(8.15832091891362,-7.59263549396438,1.9));
#7770=CARTESIAN_POINT('',(8.15832091891362,-7.59263549396438,-6.));
#7771=CARTESIAN_POINT('',(9.17523040284438,-8.04385955294591,-6.));
#7772=CARTESIAN_POINT('',(9.17523040284438,-8.04385955294591,1.9));
#7773=CARTESIAN_POINT('',(9.17523040284438,-8.04385955294591,1.9));
#7774=CARTESIAN_POINT('',(9.17523040284438,-8.04385955294591,-6.));
#7775=CARTESIAN_POINT('',(9.88233718403093,-8.75096633413246,-6.));
#7776=CARTESIAN_POINT('',(9.88233718403093,-8.75096633413246,1.9));
#7777=CARTESIAN_POINT('',(9.88233718403093,-8.75096633413246,1.9));
#7778=CARTESIAN_POINT('',(9.88233718403093,-8.75096633413246,-6.));
#7779=CARTESIAN_POINT('',(0.,0.,0.));
#7780=CARTESIAN_POINT('',(11.0105214604767,-7.28068795982779,-6.));
#7781=CARTESIAN_POINT('',(11.0105214604767,-7.28068795982779,1.9));
#7782=CARTESIAN_POINT('',(0.,0.,1.9));
#7783=CARTESIAN_POINT('',(11.0105214604767,-7.28068795982779,-6.));
#7784=CARTESIAN_POINT('',(11.0105214604767,-7.28068795982779,1.9));
#7785=CARTESIAN_POINT('',(10.1444960566923,-6.78068795982779,1.9));
#7786=CARTESIAN_POINT('',(10.1444960566923,-6.78068795982779,-6.));
#7787=CARTESIAN_POINT('',(10.1444960566923,-6.78068795982779,-6.));
#7788=CARTESIAN_POINT('',(10.1444960566923,-6.78068795982779,1.9));
#7789=CARTESIAN_POINT('',(9.4454515430924,-5.91521420637367,1.9));
#7790=CARTESIAN_POINT('',(9.4454515430924,-5.91521420637367,-6.));
#7791=CARTESIAN_POINT('',(17.2585980673621,-9.96425624002704,-6.));
#7792=CARTESIAN_POINT('',(17.2585980673621,-9.96425624002704,1.9));
#7793=CARTESIAN_POINT('',(9.8454515430924,-5.2223938833461,1.9));
#7794=CARTESIAN_POINT('',(9.8454515430924,-5.2223938833461,-6.));
#7795=CARTESIAN_POINT('',(10.9444960566923,-5.39504731377269,-6.));
#7796=CARTESIAN_POINT('',(10.9444960566923,-5.39504731377269,1.9));
#7797=CARTESIAN_POINT('',(10.9444960566923,-5.39504731377269,1.9));
#7798=CARTESIAN_POINT('',(10.9444960566923,-5.39504731377269,-6.));
#7799=CARTESIAN_POINT('',(11.8105214604767,-5.89504731377269,-6.));
#7800=CARTESIAN_POINT('',(11.8105214604767,-5.89504731377269,1.9));
#7801=CARTESIAN_POINT('',(11.8105214604767,-5.89504731377269,1.9));
#7802=CARTESIAN_POINT('',(11.8105214604767,-5.89504731377269,-6.));
#7803=CARTESIAN_POINT('',(0.,0.,0.));
#7804=CARTESIAN_POINT('',(0.,0.,1.9));
#7805=CARTESIAN_POINT('',(20.,-11.6,5.9));
#7806=CARTESIAN_POINT('',(12.,-11.6,5.9));
#7807=CARTESIAN_POINT('',(12.,-11.6,1.9));
#7808=CARTESIAN_POINT('',(13.2,-11.6,1.9));
#7809=CARTESIAN_POINT('',(20.,-11.6,1.9));
#7810=CARTESIAN_POINT('',(20.,-11.6,5.9));
#7811=CARTESIAN_POINT('',(20.,-8.,5.9));
#7812=CARTESIAN_POINT('',(20.,0.,1.9));
#7813=CARTESIAN_POINT('',(20.,11.6,1.9));
#7814=CARTESIAN_POINT('',(20.,11.6,5.9));
#7815=CARTESIAN_POINT('',(20.,11.6,5.9));
#7816=CARTESIAN_POINT('',(12.,11.6,5.9));
#7817=CARTESIAN_POINT('',(12.,11.6,1.9));
#7818=CARTESIAN_POINT('',(13.2,11.6,1.9));
#7819=CARTESIAN_POINT('',(12.,-8.,5.9));
#7820=CARTESIAN_POINT('',(12.,-11.6,1.9));
#7821=CARTESIAN_POINT('',(12.,-11.6,1.9));
#7822=CARTESIAN_POINT('',(-12.8,-4.33680868994202E-16,5.9));
#7823=CARTESIAN_POINT('',(-12.8,11.6,5.9));
#7824=CARTESIAN_POINT('',(-12.8,3.6,5.9));
#7825=CARTESIAN_POINT('',(-12.8,0.,5.9));
#7826=CARTESIAN_POINT('',(-12.8,8.,5.9));
#7827=CARTESIAN_POINT('',(-12.8,11.6,5.9));
#7828=CARTESIAN_POINT('',(-12.8,11.6,5.9));
#7829=CARTESIAN_POINT('',(-12.8,8.,5.9));
#7830=CARTESIAN_POINT('',(-12.8,4.4,5.9));
#7831=CARTESIAN_POINT('',(-12.8,11.6,5.9));
#7832=CARTESIAN_POINT('',(-12.8,-8.,5.9));
#7833=CARTESIAN_POINT('',(-12.8,-8.,5.9));
#7834=CARTESIAN_POINT('',(-12.8,-11.6,5.9));
#7835=CARTESIAN_POINT('',(-12.8,11.6,5.9));
#7836=CARTESIAN_POINT('',(-15.1,0.,5.9));
#7837=CARTESIAN_POINT('',(-15.1,3.6,5.9));
#7838=CARTESIAN_POINT('',(-15.1,3.6,5.9));
#7839=CARTESIAN_POINT('',(-15.1,0.,5.9));
#7840=CARTESIAN_POINT('',(-15.1,4.4,5.9));
#7841=CARTESIAN_POINT('',(-12.,4.4,5.9));
#7842=CARTESIAN_POINT('',(-15.1,4.4,5.9));
#7843=CARTESIAN_POINT('',(-15.1,4.4,5.9));
#7844=CARTESIAN_POINT('',(-15.1,4.4,5.9));
#7845=CARTESIAN_POINT('',(-20.,8.,5.9));
#7846=CARTESIAN_POINT('',(-20.,11.6,5.9));
#7847=CARTESIAN_POINT('',(-20.,11.6,5.9));
#7848=CARTESIAN_POINT('',(-20.,8.,5.9));
#7849=CARTESIAN_POINT('',(-20.,4.4,5.9));
#7850=CARTESIAN_POINT('',(-16.9,4.4,5.9));
#7851=CARTESIAN_POINT('',(-16.9,4.4,5.9));
#7852=CARTESIAN_POINT('',(-16.9,8.,5.9));
#7853=CARTESIAN_POINT('',(-16.9,8.,9.5));
#7854=CARTESIAN_POINT('',(-20.,8.,9.5));
#7855=CARTESIAN_POINT('',(-15.1,8.,9.5));
#7856=CARTESIAN_POINT('',(-15.1,8.,5.9));
#7857=CARTESIAN_POINT('',(-20.,11.6,5.9));
#7858=CARTESIAN_POINT('',(-12.,11.6,5.9));
#7859=CARTESIAN_POINT('',(-12.,11.6,5.9));
#7860=CARTESIAN_POINT('',(-12.,11.6,1.9));
#7861=CARTESIAN_POINT('',(-20.,11.6,1.9));
#7862=CARTESIAN_POINT('',(-20.,11.6,1.9));
#7863=CARTESIAN_POINT('',(-20.,11.6,5.9));
#7864=CARTESIAN_POINT('',(-12.8,11.6,5.9));
#7865=CARTESIAN_POINT('',(-20.,-11.6,1.9));
#7866=CARTESIAN_POINT('',(-12.,-11.6,1.9));
#7867=CARTESIAN_POINT('',(13.2,0.,1.9));
#7868=CARTESIAN_POINT('',(-12.,-11.6,1.9));
#7869=CARTESIAN_POINT('',(-20.,-11.6,1.9));
#7870=CARTESIAN_POINT('',(-12.,-11.6,1.9));
#7871=CARTESIAN_POINT('',(13.2,0.,1.9));
#7872=CARTESIAN_POINT('',(-12.,-11.6,1.9));
#7873=CARTESIAN_POINT('',(-20.,-11.6,1.9));
#7874=CARTESIAN_POINT('',(-12.,-11.6,1.9));
#7875=CARTESIAN_POINT('',(13.2,0.,1.9));
#7876=CARTESIAN_POINT('',(-12.,-11.6,1.9));
#7877=CARTESIAN_POINT('',(-20.,-11.6,1.9));
#7878=CARTESIAN_POINT('',(-12.,-11.6,1.9));
#7879=CARTESIAN_POINT('',(13.2,0.,1.9));
#7880=CARTESIAN_POINT('',(-12.,-11.6,1.9));
#7881=CARTESIAN_POINT('',(-12.,-11.6,1.9));
#7882=CARTESIAN_POINT('',(-20.,-11.6,1.9));
#7883=CARTESIAN_POINT('',(-20.,-11.6,1.9));
#7884=CARTESIAN_POINT('',(-20.,-11.6,1.9));
#7885=CARTESIAN_POINT('',(-12.,-11.6,1.9));
#7886=CARTESIAN_POINT('',(-20.,-11.6,5.9));
#7887=CARTESIAN_POINT('',(-12.,-11.6,5.9));
#7888=CARTESIAN_POINT('',(-12.,-11.6,5.9));
#7889=CARTESIAN_POINT('',(-12.8,-11.6,5.9));
#7890=CARTESIAN_POINT('',(-20.,-11.6,5.9));
#7891=CARTESIAN_POINT('',(-20.,-11.6,5.9));
#7892=CARTESIAN_POINT('',(-20.,-11.6,5.9));
#7893=CARTESIAN_POINT('',(-12.,-8.,5.9));
#7894=CARTESIAN_POINT('',(-12.,11.6,5.9));
#7895=CARTESIAN_POINT('',(-12.,11.6,5.9));
#7896=CARTESIAN_POINT('',(-16.9,4.4,5.9));
#7897=CARTESIAN_POINT('',(-20.,-8.,5.9));
#7898=CARTESIAN_POINT('',(-20.,3.6,5.9));
#7899=CARTESIAN_POINT('',(-16.9,3.6,5.9));
#7900=CARTESIAN_POINT('',(-16.9,3.6,5.9));
#7901=CARTESIAN_POINT('',(-16.9,4.4,5.9));
#7902=CARTESIAN_POINT('',(-16.9,0.,5.9));
#7903=CARTESIAN_POINT('',(-20.,0.,5.9));
#7904=CARTESIAN_POINT('',(-16.9,0.,5.9));
#7905=CARTESIAN_POINT('',(-19.2,-8.,5.9));
#7906=CARTESIAN_POINT('',(-20.,-8.,5.9));
#7907=CARTESIAN_POINT('',(-20.,-8.,9.));
#7908=CARTESIAN_POINT('',(-19.2,-4.33680868994202E-16,5.9));
#7909=CARTESIAN_POINT('',(-20.,-4.33680868994202E-16,5.9));
#7910=CARTESIAN_POINT('',(-20.,-4.33680868994202E-16,9.));
#7911=CARTESIAN_POINT('',(-19.2,8.,5.9));
#7912=CARTESIAN_POINT('',(-20.,8.,5.9));
#7913=CARTESIAN_POINT('',(-20.,8.,9.));
#7914=CARTESIAN_POINT('',(-20.,-8.,5.9));
#7915=CARTESIAN_POINT('',(-20.,-8.,5.9));
#7916=CARTESIAN_POINT('',(-15.1,8.,5.9));
#7917=CARTESIAN_POINT('',(-15.1,-4.33680868994202E-16,9.5));
#7918=CARTESIAN_POINT('',(-16.9,8.,5.9));
#7919=CARTESIAN_POINT('',(-16.9,-4.33680868994202E-16,9.5));
#7920=CARTESIAN_POINT('',(-20.,-8.,9.5));
#7921=CARTESIAN_POINT('',(-20.,-8.,9.5));
#7922=CARTESIAN_POINT('',(-20.,-8.,5.9));
#7923=CARTESIAN_POINT('',(-12.8,11.6,5.9));
#7924=CARTESIAN_POINT('',(-12.8,11.6,5.9));
#7925=CARTESIAN_POINT('',(0.,0.,-3.));
#7926=CARTESIAN_POINT('',(0.,0.,-2.));
#7927=CARTESIAN_POINT('',(-16.4,-0.5,-2.));
#7928=CARTESIAN_POINT('',(-16.4,0.5,-2.));
#7929=CARTESIAN_POINT('',(-16.4,0.5,-3.));
#7930=CARTESIAN_POINT('',(-16.4,0.5,-3.));
#7931=CARTESIAN_POINT('',(0.,0.,-3.));
#7932=CARTESIAN_POINT('',(-16.4,-0.5,-3.));
#7933=CARTESIAN_POINT('',(-16.4,-0.5,-3.));
#7934=CARTESIAN_POINT('',(-16.4,0.5,-3.));
#7935=CARTESIAN_POINT('',(-16.4,0.5,-2.));
#7936=CARTESIAN_POINT('',(-16.4,0.5,-3.));
#7937=CARTESIAN_POINT('',(-16.4,-0.5,-3.));
#7938=CARTESIAN_POINT('',(-16.4,-0.5,-2.));
#7939=CARTESIAN_POINT('',(-16.4,-0.5,-3.));
#7940=CARTESIAN_POINT('',(0.,0.,-3.));
#7941=CARTESIAN_POINT('',(0.,0.,-2.));
#7942=MECHANICAL_DESIGN_GEOMETRIC_PRESENTATION_REPRESENTATION('',(#4751),
#7943);
#7943=(
GEOMETRIC_REPRESENTATION_CONTEXT(3)
GLOBAL_UNCERTAINTY_ASSIGNED_CONTEXT((#7944))
GLOBAL_UNIT_ASSIGNED_CONTEXT((#7947,#7946,#7945))
REPRESENTATION_CONTEXT('ClGray_4624645_a)_JCA',
'TOP_LEVEL_ASSEMBLY_PART')
);
#7944=UNCERTAINTY_MEASURE_WITH_UNIT(LENGTH_MEASURE(0.005),#7947,
'DISTANCE_ACCURACY_VALUE','Maximum Tolerance applied to model');
#7945=(
NAMED_UNIT(*)
SI_UNIT($,.STERADIAN.)
SOLID_ANGLE_UNIT()
);
#7946=(
NAMED_UNIT(*)
PLANE_ANGLE_UNIT()
SI_UNIT($,.RADIAN.)
);
#7947=(
LENGTH_UNIT()
NAMED_UNIT(*)
SI_UNIT(.MILLI.,.METRE.)
);
#7948=PRODUCT_DEFINITION_SHAPE('','',#7949);
#7949=PRODUCT_DEFINITION('','',#7951,#7950);
#7950=PRODUCT_DEFINITION_CONTEXT('',#7957,'design');
#7951=PRODUCT_DEFINITION_FORMATION_WITH_SPECIFIED_SOURCE('','',#7953,
 .NOT_KNOWN.);
#7952=PRODUCT_RELATED_PRODUCT_CATEGORY('','',(#7953));
#7953=PRODUCT('ClGray_4624645_a)_JCA','ClGray_4624645_a)_JCA',
'ClGray_4624645_a)_JCA',(#7955));
#7954=PRODUCT_CATEGORY('','');
#7955=PRODUCT_CONTEXT('',#7957,'mechanical');
#7956=APPLICATION_PROTOCOL_DEFINITION('international standard',
'automotive_design',2010,#7957);
#7957=APPLICATION_CONTEXT(
'core data for automotive mechanical design processes');
ENDSEC;
END-ISO-10303-21;
