ISO-10303-21;
HEADER;
/* Generated by software containing ST-Developer
 * from STEP Tools, Inc. (www.steptools.com) 
 */
/* OPTION: strings as raw bytes, not using required /X/ escapes */

FILE_DESCRIPTION(
/* description */ ('Unknown'),
/* implementation_level */ '2;1');

FILE_NAME(
/* name */ 'ClGray_4540797_AVV',
/* time_stamp */ '2025-07-21T23:56:36+02:00',
/* author */ ('Unknown'),
/* organization */ ('Unknown'),
/* preprocessor_version */ 'ST-DEVELOPER v19.4',
/* originating_system */ 'Solid Edge',
/* authorisation */ 'Unknown');

FILE_SCHEMA (('AUTOMOTIVE_DESIGN {1 0 10303 214 3 1 1}'));
ENDSEC;

DATA;
#10=PROPERTY_DEFINITION_REPRESENTATION(#14,#12);
#11=PROPERTY_DEFINITION_REPRESENTATION(#15,#13);
#12=REPRESENTATION('',(#16),#15617);
#13=REPRESENTATION('',(#17),#15617);
#14=PROPERTY_DEFINITION('pmi validation property','',#15622);
#15=PROPERTY_DEFINITION('pmi validation property','',#15622);
#16=VALUE_REPRESENTATION_ITEM('number of annotations',COUNT_MEASURE(0.));
#17=VALUE_REPRESENTATION_ITEM('number of views',COUNT_MEASURE(0.));
#18=SHAPE_REPRESENTATION_RELATIONSHIP('','',#9107,#19);
#19=ADVANCED_BREP_SHAPE_REPRESENTATION('',(#9105),#15617);
#20=CYLINDRICAL_SURFACE('',#9113,3.6);
#21=CYLINDRICAL_SURFACE('',#9118,3.6);
#22=CYLINDRICAL_SURFACE('',#9127,3.6);
#23=CYLINDRICAL_SURFACE('',#9132,3.6);
#24=CYLINDRICAL_SURFACE('',#9141,3.6);
#25=CYLINDRICAL_SURFACE('',#9146,3.6);
#26=CYLINDRICAL_SURFACE('',#9153,3.6);
#27=CYLINDRICAL_SURFACE('',#9192,3.1);
#28=CYLINDRICAL_SURFACE('',#9218,3.1);
#29=CYLINDRICAL_SURFACE('',#9222,2.4);
#30=CYLINDRICAL_SURFACE('',#9224,3.1);
#31=CYLINDRICAL_SURFACE('',#9250,2.4);
#32=CYLINDRICAL_SURFACE('',#9255,3.1);
#33=CYLINDRICAL_SURFACE('',#9272,3.1);
#34=CYLINDRICAL_SURFACE('',#9276,2.4);
#35=CYLINDRICAL_SURFACE('',#9281,3.1);
#36=CYLINDRICAL_SURFACE('',#9298,3.1);
#37=CYLINDRICAL_SURFACE('',#9302,3.1);
#38=CYLINDRICAL_SURFACE('',#9306,2.4);
#39=CYLINDRICAL_SURFACE('',#9308,0.5);
#40=CYLINDRICAL_SURFACE('',#9310,0.5);
#41=CYLINDRICAL_SURFACE('',#9312,0.5);
#42=CYLINDRICAL_SURFACE('',#9314,0.5);
#43=CYLINDRICAL_SURFACE('',#9316,0.5);
#44=CYLINDRICAL_SURFACE('',#9318,0.5);
#45=CYLINDRICAL_SURFACE('',#9320,0.5);
#46=CYLINDRICAL_SURFACE('',#9322,0.5);
#47=CYLINDRICAL_SURFACE('',#9328,3.6);
#48=CYLINDRICAL_SURFACE('',#9330,3.6);
#49=CYLINDRICAL_SURFACE('',#9334,3.6);
#50=CYLINDRICAL_SURFACE('',#9336,3.6);
#51=CYLINDRICAL_SURFACE('',#9338,3.1);
#52=CYLINDRICAL_SURFACE('',#9342,2.4);
#53=CYLINDRICAL_SURFACE('',#9346,3.1);
#54=CYLINDRICAL_SURFACE('',#9348,3.1);
#55=CYLINDRICAL_SURFACE('',#9352,2.4);
#56=CYLINDRICAL_SURFACE('',#9356,3.1);
#57=CYLINDRICAL_SURFACE('',#9358,3.1);
#58=CYLINDRICAL_SURFACE('',#9363,2.4);
#59=CYLINDRICAL_SURFACE('',#9367,3.1);
#60=CYLINDRICAL_SURFACE('',#9368,3.1);
#61=CYLINDRICAL_SURFACE('',#9373,2.4);
#62=CYLINDRICAL_SURFACE('',#9377,3.1);
#63=CYLINDRICAL_SURFACE('',#9378,3.1);
#64=CYLINDRICAL_SURFACE('',#9383,2.4);
#65=CYLINDRICAL_SURFACE('',#9387,3.1);
#66=CYLINDRICAL_SURFACE('',#9388,2.4);
#67=CYLINDRICAL_SURFACE('',#9393,3.1);
#68=CYLINDRICAL_SURFACE('',#9394,2.4);
#69=CYLINDRICAL_SURFACE('',#9399,3.1);
#70=CYLINDRICAL_SURFACE('',#9400,3.1);
#71=CYLINDRICAL_SURFACE('',#9404,2.4);
#72=CYLINDRICAL_SURFACE('',#9406,3.1);
#73=CYLINDRICAL_SURFACE('',#9410,2.4);
#74=CYLINDRICAL_SURFACE('',#9412,3.1);
#75=CYLINDRICAL_SURFACE('',#9416,2.4);
#76=CYLINDRICAL_SURFACE('',#9526,0.5);
#77=CYLINDRICAL_SURFACE('',#9528,0.5);
#78=CYLINDRICAL_SURFACE('',#9530,0.5);
#79=CYLINDRICAL_SURFACE('',#9532,0.5);
#80=CYLINDRICAL_SURFACE('',#9534,0.5);
#81=CYLINDRICAL_SURFACE('',#9536,0.5);
#82=CYLINDRICAL_SURFACE('',#9538,0.5);
#83=CYLINDRICAL_SURFACE('',#9540,0.5);
#84=CYLINDRICAL_SURFACE('',#9542,0.5);
#85=CYLINDRICAL_SURFACE('',#9544,0.5);
#86=CYLINDRICAL_SURFACE('',#9546,0.5);
#87=CYLINDRICAL_SURFACE('',#9548,0.5);
#88=CYLINDRICAL_SURFACE('',#9550,3.59999999999998);
#89=CYLINDRICAL_SURFACE('',#9554,3.59999999999999);
#90=CYLINDRICAL_SURFACE('',#9560,3.59999999999998);
#91=CYLINDRICAL_SURFACE('',#9564,3.59999999999998);
#92=CYLINDRICAL_SURFACE('',#9568,3.59999999999998);
#93=CYLINDRICAL_SURFACE('',#9572,3.59999999999998);
#94=CYLINDRICAL_SURFACE('',#9603,3.1);
#95=CYLINDRICAL_SURFACE('',#9609,3.1);
#96=CYLINDRICAL_SURFACE('',#9616,3.1);
#97=CYLINDRICAL_SURFACE('',#9618,2.40000000000001);
#98=CYLINDRICAL_SURFACE('',#9621,2.40000000000001);
#99=CYLINDRICAL_SURFACE('',#9624,2.40000000000001);
#100=CYLINDRICAL_SURFACE('',#9627,2.40000000000001);
#101=CYLINDRICAL_SURFACE('',#9646,3.10000000000001);
#102=CYLINDRICAL_SURFACE('',#9648,3.10000000000001);
#103=CYLINDRICAL_SURFACE('',#9650,3.10000000000001);
#104=CYLINDRICAL_SURFACE('',#9652,3.10000000000001);
#105=CYLINDRICAL_SURFACE('',#9654,0.5);
#106=CYLINDRICAL_SURFACE('',#9656,0.5);
#107=CYLINDRICAL_SURFACE('',#9658,3.6);
#108=CYLINDRICAL_SURFACE('',#9660,0.5);
#109=CYLINDRICAL_SURFACE('',#9664,0.5);
#110=CYLINDRICAL_SURFACE('',#9666,3.6);
#111=CYLINDRICAL_SURFACE('',#9668,0.5);
#112=CYLINDRICAL_SURFACE('',#9670,3.6);
#113=CYLINDRICAL_SURFACE('',#9672,0.5);
#114=CYLINDRICAL_SURFACE('',#9674,0.5);
#115=CYLINDRICAL_SURFACE('',#9676,3.6);
#116=CYLINDRICAL_SURFACE('',#9678,0.5);
#117=CYLINDRICAL_SURFACE('',#9682,0.5);
#118=CYLINDRICAL_SURFACE('',#9684,3.6);
#119=CYLINDRICAL_SURFACE('',#9686,0.5);
#120=CYLINDRICAL_SURFACE('',#9690,0.5);
#121=CYLINDRICAL_SURFACE('',#9692,3.6);
#122=CYLINDRICAL_SURFACE('',#9694,0.5);
#123=CYLINDRICAL_SURFACE('',#9708,3.10000000000004);
#124=CYLINDRICAL_SURFACE('',#9710,3.10000000000004);
#125=CYLINDRICAL_SURFACE('',#9712,3.10000000000004);
#126=CYLINDRICAL_SURFACE('',#9714,3.10000000000004);
#127=CYLINDRICAL_SURFACE('',#9723,2.40000000000001);
#128=CYLINDRICAL_SURFACE('',#9725,2.40000000000001);
#129=CYLINDRICAL_SURFACE('',#9727,2.40000000000001);
#130=CYLINDRICAL_SURFACE('',#9729,2.40000000000001);
#131=CYLINDRICAL_SURFACE('',#9731,3.10000000000001);
#132=CYLINDRICAL_SURFACE('',#9733,3.10000000000001);
#133=CYLINDRICAL_SURFACE('',#9735,3.10000000000001);
#134=CYLINDRICAL_SURFACE('',#9737,3.10000000000001);
#135=CYLINDRICAL_SURFACE('',#9746,3.1);
#136=CYLINDRICAL_SURFACE('',#9751,3.1);
#137=CYLINDRICAL_SURFACE('',#9756,3.1);
#138=CYLINDRICAL_SURFACE('',#9759,3.6);
#139=CYLINDRICAL_SURFACE('',#9763,3.6);
#140=CYLINDRICAL_SURFACE('',#9766,3.6);
#141=CYLINDRICAL_SURFACE('',#9769,3.6);
#142=CYLINDRICAL_SURFACE('',#9782,3.6);
#143=CYLINDRICAL_SURFACE('',#9785,3.6);
#144=CYLINDRICAL_SURFACE('',#9793,3.10000000000004);
#145=CYLINDRICAL_SURFACE('',#9794,3.10000000000004);
#146=CYLINDRICAL_SURFACE('',#9795,3.10000000000004);
#147=CYLINDRICAL_SURFACE('',#9796,3.10000000000004);
#148=CYLINDRICAL_SURFACE('',#9798,3.6);
#149=CYLINDRICAL_SURFACE('',#9802,3.6);
#150=CYLINDRICAL_SURFACE('',#9809,0.5);
#151=CYLINDRICAL_SURFACE('',#9813,0.5);
#152=CYLINDRICAL_SURFACE('',#9815,3.6);
#153=CYLINDRICAL_SURFACE('',#9817,3.6);
#154=CYLINDRICAL_SURFACE('',#9819,0.5);
#155=CYLINDRICAL_SURFACE('',#9821,3.6);
#156=CYLINDRICAL_SURFACE('',#9823,3.6);
#157=CYLINDRICAL_SURFACE('',#9825,0.5);
#158=CYLINDRICAL_SURFACE('',#9829,3.6);
#159=CYLINDRICAL_SURFACE('',#9831,0.5);
#160=CYLINDRICAL_SURFACE('',#9835,0.5);
#161=CYLINDRICAL_SURFACE('',#9837,3.6);
#162=CYLINDRICAL_SURFACE('',#9839,0.5);
#163=CYLINDRICAL_SURFACE('',#9841,0.5);
#164=CYLINDRICAL_SURFACE('',#9843,0.5);
#165=CYLINDRICAL_SURFACE('',#9849,0.5);
#166=CYLINDRICAL_SURFACE('',#9850,0.5);
#167=CYLINDRICAL_SURFACE('',#9851,0.5);
#168=CYLINDRICAL_SURFACE('',#9854,3.59999999999998);
#169=CYLINDRICAL_SURFACE('',#9857,3.59999999999998);
#170=CYLINDRICAL_SURFACE('',#9860,3.59999999999998);
#171=CYLINDRICAL_SURFACE('',#9863,3.59999999999998);
#172=CYLINDRICAL_SURFACE('',#9864,3.59999999999998);
#173=CYLINDRICAL_SURFACE('',#9867,3.59999999999999);
#174=CYLINDRICAL_SURFACE('',#9870,0.5);
#175=CYLINDRICAL_SURFACE('',#9871,0.5);
#176=CYLINDRICAL_SURFACE('',#9872,0.5);
#177=CYLINDRICAL_SURFACE('',#9873,0.5);
#178=CYLINDRICAL_SURFACE('',#9874,0.5);
#179=CYLINDRICAL_SURFACE('',#9875,0.5);
#180=CYLINDRICAL_SURFACE('',#9876,0.5);
#181=CYLINDRICAL_SURFACE('',#9877,0.5);
#182=CYLINDRICAL_SURFACE('',#9878,0.5);
#183=CYLINDRICAL_SURFACE('',#9879,0.5);
#184=CYLINDRICAL_SURFACE('',#9880,0.5);
#185=CYLINDRICAL_SURFACE('',#9881,0.5);
#186=CYLINDRICAL_SURFACE('',#9882,3.6);
#187=CYLINDRICAL_SURFACE('',#9883,3.6);
#188=CYLINDRICAL_SURFACE('',#9884,3.6);
#189=CYLINDRICAL_SURFACE('',#9885,3.6);
#190=CYLINDRICAL_SURFACE('',#9886,3.6);
#191=CYLINDRICAL_SURFACE('',#9887,3.6);
#192=CYLINDRICAL_SURFACE('',#9888,3.6);
#193=CYLINDRICAL_SURFACE('',#9889,3.6);
#194=CYLINDRICAL_SURFACE('',#9890,3.6);
#195=CYLINDRICAL_SURFACE('',#9891,3.6);
#196=CYLINDRICAL_SURFACE('',#9892,3.6);
#197=CYLINDRICAL_SURFACE('',#9893,3.6);
#198=CYLINDRICAL_SURFACE('',#9894,3.1);
#199=CYLINDRICAL_SURFACE('',#9898,2.4);
#200=CYLINDRICAL_SURFACE('',#9899,3.1);
#201=CYLINDRICAL_SURFACE('',#9903,2.4);
#202=CYLINDRICAL_SURFACE('',#9907,3.1);
#203=CYLINDRICAL_SURFACE('',#9927,3.6);
#204=CYLINDRICAL_SURFACE('',#9929,3.6);
#205=CYLINDRICAL_SURFACE('',#9939,3.6);
#206=CYLINDRICAL_SURFACE('',#9941,3.6);
#207=CYLINDRICAL_SURFACE('',#9942,0.5);
#208=CYLINDRICAL_SURFACE('',#9943,0.5);
#209=CYLINDRICAL_SURFACE('',#9944,0.5);
#210=CYLINDRICAL_SURFACE('',#9945,0.5);
#211=CYLINDRICAL_SURFACE('',#9946,0.5);
#212=CYLINDRICAL_SURFACE('',#9947,0.5);
#213=CYLINDRICAL_SURFACE('',#9948,0.5);
#214=CYLINDRICAL_SURFACE('',#9949,0.5);
#215=CYLINDRICAL_SURFACE('',#9950,3.60000000000001);
#216=CYLINDRICAL_SURFACE('',#9952,3.1);
#217=CYLINDRICAL_SURFACE('',#9956,2.4);
#218=CYLINDRICAL_SURFACE('',#9960,3.6);
#219=CYLINDRICAL_SURFACE('',#9963,3.6);
#220=CYLINDRICAL_SURFACE('',#9970,0.5);
#221=CYLINDRICAL_SURFACE('',#9971,0.5);
#222=CYLINDRICAL_SURFACE('',#9972,0.5);
#223=CYLINDRICAL_SURFACE('',#9973,0.5);
#224=CYLINDRICAL_SURFACE('',#9978,3.60000000000001);
#225=CYLINDRICAL_SURFACE('',#9982,2.4);
#226=CYLINDRICAL_SURFACE('',#9986,3.1);
#227=CYLINDRICAL_SURFACE('',#9988,3.6);
#228=CYLINDRICAL_SURFACE('',#9991,3.6);
#229=CYLINDRICAL_SURFACE('',#9998,0.5);
#230=CYLINDRICAL_SURFACE('',#9999,0.5);
#231=CYLINDRICAL_SURFACE('',#10000,0.5);
#232=CYLINDRICAL_SURFACE('',#10001,0.5);
#233=CYLINDRICAL_SURFACE('',#10006,3.60000000000001);
#234=CYLINDRICAL_SURFACE('',#10010,2.4);
#235=CYLINDRICAL_SURFACE('',#10014,3.1);
#236=CYLINDRICAL_SURFACE('',#10016,3.6);
#237=CYLINDRICAL_SURFACE('',#10019,3.6);
#238=CYLINDRICAL_SURFACE('',#10026,0.5);
#239=CYLINDRICAL_SURFACE('',#10027,0.5);
#240=CYLINDRICAL_SURFACE('',#10028,0.5);
#241=CYLINDRICAL_SURFACE('',#10029,0.5);
#242=CYLINDRICAL_SURFACE('',#10034,3.60000000000001);
#243=CYLINDRICAL_SURFACE('',#10036,3.1);
#244=CYLINDRICAL_SURFACE('',#10040,2.4);
#245=CYLINDRICAL_SURFACE('',#10044,3.6);
#246=CYLINDRICAL_SURFACE('',#10047,3.6);
#247=CYLINDRICAL_SURFACE('',#10054,0.5);
#248=CYLINDRICAL_SURFACE('',#10055,0.5);
#249=CYLINDRICAL_SURFACE('',#10056,0.5);
#250=CYLINDRICAL_SURFACE('',#10057,0.5);
#251=CYLINDRICAL_SURFACE('',#10065,3.6);
#252=CYLINDRICAL_SURFACE('',#10070,0.5);
#253=CYLINDRICAL_SURFACE('',#10071,0.5);
#254=CYLINDRICAL_SURFACE('',#10072,3.6);
#255=CYLINDRICAL_SURFACE('',#10080,0.5);
#256=CYLINDRICAL_SURFACE('',#10081,0.5);
#257=CYLINDRICAL_SURFACE('',#10082,3.6);
#258=CYLINDRICAL_SURFACE('',#10090,0.5);
#259=CYLINDRICAL_SURFACE('',#10091,0.5);
#260=CYLINDRICAL_SURFACE('',#10095,3.6);
#261=CYLINDRICAL_SURFACE('',#10100,0.5);
#262=CYLINDRICAL_SURFACE('',#10101,0.5);
#263=CYLINDRICAL_SURFACE('',#10102,3.6);
#264=CYLINDRICAL_SURFACE('',#10110,0.5);
#265=CYLINDRICAL_SURFACE('',#10111,0.5);
#266=CYLINDRICAL_SURFACE('',#10115,3.6);
#267=CYLINDRICAL_SURFACE('',#10120,0.5);
#268=CYLINDRICAL_SURFACE('',#10121,0.5);
#269=CYLINDRICAL_SURFACE('',#10125,3.6);
#270=CYLINDRICAL_SURFACE('',#10130,0.5);
#271=CYLINDRICAL_SURFACE('',#10131,0.5);
#272=CYLINDRICAL_SURFACE('',#10132,3.6);
#273=CYLINDRICAL_SURFACE('',#10140,0.5);
#274=CYLINDRICAL_SURFACE('',#10141,0.5);
#275=CYLINDRICAL_SURFACE('',#10144,3.6);
#276=CIRCLE('',#9110,3.6);
#277=CIRCLE('',#9112,3.6);
#278=CIRCLE('',#9119,3.6);
#279=CIRCLE('',#9120,3.6);
#280=CIRCLE('',#9124,3.6);
#281=CIRCLE('',#9126,3.6);
#282=CIRCLE('',#9133,3.6);
#283=CIRCLE('',#9134,3.6);
#284=CIRCLE('',#9138,3.6);
#285=CIRCLE('',#9140,3.6);
#286=CIRCLE('',#9147,3.6);
#287=CIRCLE('',#9148,3.6);
#288=CIRCLE('',#9154,3.6);
#289=CIRCLE('',#9155,3.6);
#290=CIRCLE('',#9159,0.5);
#291=CIRCLE('',#9160,3.6);
#292=CIRCLE('',#9161,3.6);
#293=CIRCLE('',#9162,0.5);
#294=CIRCLE('',#9163,0.5);
#295=CIRCLE('',#9164,3.6);
#296=CIRCLE('',#9165,3.6);
#297=CIRCLE('',#9166,0.5);
#298=CIRCLE('',#9167,3.6);
#299=CIRCLE('',#9168,0.5);
#300=CIRCLE('',#9169,0.5);
#301=CIRCLE('',#9170,3.6);
#302=CIRCLE('',#9171,3.6);
#303=CIRCLE('',#9172,0.5);
#304=CIRCLE('',#9173,0.5);
#305=CIRCLE('',#9174,3.6);
#306=CIRCLE('',#9176,3.6);
#307=CIRCLE('',#9177,0.5);
#308=CIRCLE('',#9178,0.5);
#309=CIRCLE('',#9179,3.6);
#310=CIRCLE('',#9180,3.6);
#311=CIRCLE('',#9181,0.5);
#312=CIRCLE('',#9182,0.5);
#313=CIRCLE('',#9183,3.6);
#314=CIRCLE('',#9184,3.6);
#315=CIRCLE('',#9185,0.5);
#316=CIRCLE('',#9186,0.5);
#317=CIRCLE('',#9187,3.6);
#318=CIRCLE('',#9188,3.6);
#319=CIRCLE('',#9189,0.5);
#320=CIRCLE('',#9190,0.5);
#321=CIRCLE('',#9191,3.6);
#322=CIRCLE('',#9193,3.1);
#323=CIRCLE('',#9194,3.1);
#324=CIRCLE('',#9197,3.60000000000001);
#325=CIRCLE('',#9198,3.60000000000001);
#326=CIRCLE('',#9199,0.5);
#327=CIRCLE('',#9200,3.6);
#328=CIRCLE('',#9201,0.5);
#329=CIRCLE('',#9202,0.5);
#330=CIRCLE('',#9203,3.6);
#331=CIRCLE('',#9204,0.5);
#332=CIRCLE('',#9205,3.1);
#333=CIRCLE('',#9206,3.1);
#334=CIRCLE('',#9207,3.1);
#335=CIRCLE('',#9208,3.1);
#336=CIRCLE('',#9209,3.1);
#337=CIRCLE('',#9210,3.1);
#338=CIRCLE('',#9211,3.1);
#339=CIRCLE('',#9212,3.6);
#340=CIRCLE('',#9213,0.5);
#341=CIRCLE('',#9214,0.5);
#342=CIRCLE('',#9215,3.6);
#343=CIRCLE('',#9216,0.5);
#344=CIRCLE('',#9217,0.5);
#345=CIRCLE('',#9219,3.1);
#346=CIRCLE('',#9221,2.4);
#347=CIRCLE('',#9223,2.4);
#348=CIRCLE('',#9225,3.1);
#349=CIRCLE('',#9226,3.1);
#350=CIRCLE('',#9229,3.60000000000001);
#351=CIRCLE('',#9230,3.60000000000001);
#352=CIRCLE('',#9231,3.6);
#353=CIRCLE('',#9232,0.5);
#354=CIRCLE('',#9233,0.5);
#355=CIRCLE('',#9234,3.6);
#356=CIRCLE('',#9235,0.5);
#357=CIRCLE('',#9236,0.5);
#358=CIRCLE('',#9237,3.1);
#359=CIRCLE('',#9238,3.1);
#360=CIRCLE('',#9239,3.1);
#361=CIRCLE('',#9240,3.1);
#362=CIRCLE('',#9241,3.1);
#363=CIRCLE('',#9242,3.1);
#364=CIRCLE('',#9243,3.1);
#365=CIRCLE('',#9244,0.5);
#366=CIRCLE('',#9245,3.6);
#367=CIRCLE('',#9246,0.5);
#368=CIRCLE('',#9247,0.5);
#369=CIRCLE('',#9248,3.6);
#370=CIRCLE('',#9249,0.5);
#371=CIRCLE('',#9251,2.4);
#372=CIRCLE('',#9252,2.4);
#373=CIRCLE('',#9254,3.1);
#374=CIRCLE('',#9257,3.1);
#375=CIRCLE('',#9258,3.1);
#376=CIRCLE('',#9259,3.1);
#377=CIRCLE('',#9260,3.6);
#378=CIRCLE('',#9261,0.5);
#379=CIRCLE('',#9262,0.5);
#380=CIRCLE('',#9263,3.6);
#381=CIRCLE('',#9264,0.5);
#382=CIRCLE('',#9265,0.5);
#383=CIRCLE('',#9266,3.6);
#384=CIRCLE('',#9267,0.5);
#385=CIRCLE('',#9268,0.5);
#386=CIRCLE('',#9269,3.6);
#387=CIRCLE('',#9270,0.5);
#388=CIRCLE('',#9271,0.5);
#389=CIRCLE('',#9273,3.1);
#390=CIRCLE('',#9274,3.1);
#391=CIRCLE('',#9277,2.4);
#392=CIRCLE('',#9278,2.4);
#393=CIRCLE('',#9280,3.1);
#394=CIRCLE('',#9283,3.6);
#395=CIRCLE('',#9284,0.5);
#396=CIRCLE('',#9285,0.5);
#397=CIRCLE('',#9286,3.6);
#398=CIRCLE('',#9287,0.5);
#399=CIRCLE('',#9288,0.5);
#400=CIRCLE('',#9289,3.1);
#401=CIRCLE('',#9290,3.1);
#402=CIRCLE('',#9291,3.1);
#403=CIRCLE('',#9292,3.6);
#404=CIRCLE('',#9293,0.5);
#405=CIRCLE('',#9294,0.5);
#406=CIRCLE('',#9295,3.6);
#407=CIRCLE('',#9296,0.5);
#408=CIRCLE('',#9297,0.5);
#409=CIRCLE('',#9299,3.1);
#410=CIRCLE('',#9300,3.1);
#411=CIRCLE('',#9303,3.1);
#412=CIRCLE('',#9305,2.4);
#413=CIRCLE('',#9307,2.4);
#414=CIRCLE('',#9309,0.5);
#415=CIRCLE('',#9311,0.5);
#416=CIRCLE('',#9313,0.5);
#417=CIRCLE('',#9315,0.5);
#418=CIRCLE('',#9317,0.5);
#419=CIRCLE('',#9319,0.5);
#420=CIRCLE('',#9321,0.5);
#421=CIRCLE('',#9323,0.5);
#422=CIRCLE('',#9325,3.6);
#423=CIRCLE('',#9326,3.6);
#424=CIRCLE('',#9332,3.6);
#425=CIRCLE('',#9333,3.6);
#426=CIRCLE('',#9339,3.1);
#427=CIRCLE('',#9341,2.4);
#428=CIRCLE('',#9343,2.4);
#429=CIRCLE('',#9345,3.1);
#430=CIRCLE('',#9347,3.1);
#431=CIRCLE('',#9349,3.1);
#432=CIRCLE('',#9351,2.4);
#433=CIRCLE('',#9353,2.4);
#434=CIRCLE('',#9355,3.1);
#435=CIRCLE('',#9357,3.1);
#436=CIRCLE('',#9359,3.1);
#437=CIRCLE('',#9360,3.1);
#438=CIRCLE('',#9362,2.4);
#439=CIRCLE('',#9364,2.4);
#440=CIRCLE('',#9366,3.1);
#441=CIRCLE('',#9369,3.1);
#442=CIRCLE('',#9370,3.1);
#443=CIRCLE('',#9372,2.4);
#444=CIRCLE('',#9374,2.4);
#445=CIRCLE('',#9376,3.1);
#446=CIRCLE('',#9379,3.1);
#447=CIRCLE('',#9380,3.1);
#448=CIRCLE('',#9382,2.4);
#449=CIRCLE('',#9384,2.4);
#450=CIRCLE('',#9386,3.1);
#451=CIRCLE('',#9389,2.4);
#452=CIRCLE('',#9390,2.4);
#453=CIRCLE('',#9392,3.1);
#454=CIRCLE('',#9395,2.4);
#455=CIRCLE('',#9396,2.4);
#456=CIRCLE('',#9398,3.1);
#457=CIRCLE('',#9401,3.1);
#458=CIRCLE('',#9403,2.4);
#459=CIRCLE('',#9405,2.4);
#460=CIRCLE('',#9407,3.1);
#461=CIRCLE('',#9409,2.4);
#462=CIRCLE('',#9411,2.4);
#463=CIRCLE('',#9413,3.1);
#464=CIRCLE('',#9415,2.4);
#465=CIRCLE('',#9417,2.4);
#466=CIRCLE('',#9419,0.5);
#467=CIRCLE('',#9420,3.6);
#468=CIRCLE('',#9421,0.5);
#469=CIRCLE('',#9423,0.5);
#470=CIRCLE('',#9424,3.6);
#471=CIRCLE('',#9425,0.5);
#472=CIRCLE('',#9427,3.6);
#473=CIRCLE('',#9429,0.5);
#474=CIRCLE('',#9430,3.59999999999998);
#475=CIRCLE('',#9431,0.5);
#476=CIRCLE('',#9433,0.5);
#477=CIRCLE('',#9434,3.59999999999999);
#478=CIRCLE('',#9435,0.5);
#479=CIRCLE('',#9437,0.5);
#480=CIRCLE('',#9438,3.6);
#481=CIRCLE('',#9439,0.5);
#482=CIRCLE('',#9441,0.5);
#483=CIRCLE('',#9442,3.6);
#484=CIRCLE('',#9443,0.5);
#485=CIRCLE('',#9445,3.6);
#486=CIRCLE('',#9447,0.5);
#487=CIRCLE('',#9448,3.59999999999998);
#488=CIRCLE('',#9449,0.5);
#489=CIRCLE('',#9451,0.5);
#490=CIRCLE('',#9452,3.59999999999998);
#491=CIRCLE('',#9453,0.5);
#492=CIRCLE('',#9455,0.5);
#493=CIRCLE('',#9456,3.6);
#494=CIRCLE('',#9457,0.5);
#495=CIRCLE('',#9459,0.5);
#496=CIRCLE('',#9460,3.6);
#497=CIRCLE('',#9461,0.5);
#498=CIRCLE('',#9463,3.6);
#499=CIRCLE('',#9465,0.5);
#500=CIRCLE('',#9466,3.59999999999998);
#501=CIRCLE('',#9467,0.5);
#502=CIRCLE('',#9469,0.5);
#503=CIRCLE('',#9470,3.59999999999998);
#504=CIRCLE('',#9471,0.5);
#505=CIRCLE('',#9473,0.5);
#506=CIRCLE('',#9474,3.59999999999999);
#507=CIRCLE('',#9475,0.5);
#508=CIRCLE('',#9477,0.5);
#509=CIRCLE('',#9478,3.59999999999998);
#510=CIRCLE('',#9479,0.5);
#511=CIRCLE('',#9481,0.5);
#512=CIRCLE('',#9482,3.6);
#513=CIRCLE('',#9483,0.5);
#514=CIRCLE('',#9485,0.5);
#515=CIRCLE('',#9486,3.6);
#516=CIRCLE('',#9487,0.5);
#517=CIRCLE('',#9489,3.6);
#518=CIRCLE('',#9491,0.5);
#519=CIRCLE('',#9492,3.59999999999998);
#520=CIRCLE('',#9493,0.5);
#521=CIRCLE('',#9495,0.5);
#522=CIRCLE('',#9496,3.59999999999998);
#523=CIRCLE('',#9497,0.5);
#524=CIRCLE('',#9499,0.5);
#525=CIRCLE('',#9500,3.6);
#526=CIRCLE('',#9501,0.5);
#527=CIRCLE('',#9503,0.5);
#528=CIRCLE('',#9504,3.6);
#529=CIRCLE('',#9505,0.5);
#530=CIRCLE('',#9507,3.6);
#531=CIRCLE('',#9509,0.5);
#532=CIRCLE('',#9510,3.59999999999998);
#533=CIRCLE('',#9511,0.5);
#534=CIRCLE('',#9513,0.5);
#535=CIRCLE('',#9514,3.59999999999998);
#536=CIRCLE('',#9515,0.5);
#537=CIRCLE('',#9517,0.5);
#538=CIRCLE('',#9518,3.6);
#539=CIRCLE('',#9519,0.5);
#540=CIRCLE('',#9521,0.5);
#541=CIRCLE('',#9522,3.6);
#542=CIRCLE('',#9523,0.5);
#543=CIRCLE('',#9525,3.6);
#544=CIRCLE('',#9527,0.5);
#545=CIRCLE('',#9529,0.5);
#546=CIRCLE('',#9531,0.5);
#547=CIRCLE('',#9533,0.5);
#548=CIRCLE('',#9535,0.5);
#549=CIRCLE('',#9537,0.5);
#550=CIRCLE('',#9539,0.5);
#551=CIRCLE('',#9541,0.5);
#552=CIRCLE('',#9543,0.5);
#553=CIRCLE('',#9545,0.5);
#554=CIRCLE('',#9547,0.5);
#555=CIRCLE('',#9549,0.5);
#556=CIRCLE('',#9551,3.59999999999998);
#557=CIRCLE('',#9553,3.6);
#558=CIRCLE('',#9555,3.59999999999999);
#559=CIRCLE('',#9557,3.6);
#560=CIRCLE('',#9559,3.6);
#561=CIRCLE('',#9561,3.59999999999998);
#562=CIRCLE('',#9563,3.6);
#563=CIRCLE('',#9565,3.59999999999998);
#564=CIRCLE('',#9567,3.6);
#565=CIRCLE('',#9569,3.59999999999998);
#566=CIRCLE('',#9571,3.6);
#567=CIRCLE('',#9573,3.59999999999998);
#568=CIRCLE('',#9575,0.5);
#569=CIRCLE('',#9576,3.59999999999998);
#570=CIRCLE('',#9577,0.5);
#571=CIRCLE('',#9578,0.5);
#572=CIRCLE('',#9579,3.59999999999999);
#573=CIRCLE('',#9580,0.5);
#574=CIRCLE('',#9581,3.59999999999998);
#575=CIRCLE('',#9582,0.5);
#576=CIRCLE('',#9583,0.5);
#577=CIRCLE('',#9584,3.59999999999998);
#578=CIRCLE('',#9585,0.5);
#579=CIRCLE('',#9586,0.5);
#580=CIRCLE('',#9587,3.10000000000007);
#581=CIRCLE('',#9588,3.10000000000007);
#582=CIRCLE('',#9589,3.10000000000007);
#583=CIRCLE('',#9590,3.10000000000007);
#584=CIRCLE('',#9591,3.6);
#585=CIRCLE('',#9592,3.6);
#586=CIRCLE('',#9593,3.59999999999998);
#587=CIRCLE('',#9594,0.5);
#588=CIRCLE('',#9595,0.5);
#589=CIRCLE('',#9596,3.59999999999998);
#590=CIRCLE('',#9597,0.5);
#591=CIRCLE('',#9598,0.5);
#592=CIRCLE('',#9602,3.1);
#593=CIRCLE('',#9604,3.1);
#594=CIRCLE('',#9608,3.1);
#595=CIRCLE('',#9610,3.1);
#596=CIRCLE('',#9614,2.4);
#597=CIRCLE('',#9615,3.1);
#598=CIRCLE('',#9617,3.1);
#599=CIRCLE('',#9619,2.40000000000001);
#600=CIRCLE('',#9620,2.40000000000001);
#601=CIRCLE('',#9622,2.40000000000001);
#602=CIRCLE('',#9623,2.40000000000001);
#603=CIRCLE('',#9625,2.40000000000001);
#604=CIRCLE('',#9626,2.40000000000001);
#605=CIRCLE('',#9628,2.40000000000001);
#606=CIRCLE('',#9629,2.40000000000001);
#607=CIRCLE('',#9631,3.10000000000001);
#608=CIRCLE('',#9633,3.10000000000001);
#609=CIRCLE('',#9635,3.10000000000001);
#610=CIRCLE('',#9637,3.10000000000001);
#611=CIRCLE('',#9639,3.10000000000001);
#612=CIRCLE('',#9641,3.10000000000001);
#613=CIRCLE('',#9643,3.10000000000001);
#614=CIRCLE('',#9645,3.10000000000001);
#615=CIRCLE('',#9647,3.1);
#616=CIRCLE('',#9649,3.1);
#617=CIRCLE('',#9651,3.1);
#618=CIRCLE('',#9653,3.1);
#619=CIRCLE('',#9655,0.5);
#620=CIRCLE('',#9657,0.5);
#621=CIRCLE('',#9659,3.6);
#622=CIRCLE('',#9661,0.5);
#623=CIRCLE('',#9663,3.6);
#624=CIRCLE('',#9665,0.5);
#625=CIRCLE('',#9667,3.6);
#626=CIRCLE('',#9669,0.5);
#627=CIRCLE('',#9671,3.6);
#628=CIRCLE('',#9673,0.5);
#629=CIRCLE('',#9675,0.5);
#630=CIRCLE('',#9677,3.6);
#631=CIRCLE('',#9679,0.5);
#632=CIRCLE('',#9681,3.6);
#633=CIRCLE('',#9683,0.5);
#634=CIRCLE('',#9685,3.6);
#635=CIRCLE('',#9687,0.5);
#636=CIRCLE('',#9689,3.6);
#637=CIRCLE('',#9691,0.5);
#638=CIRCLE('',#9693,3.6);
#639=CIRCLE('',#9695,0.5);
#640=CIRCLE('',#9697,2.40000000000001);
#641=CIRCLE('',#9698,3.10000000000001);
#642=CIRCLE('',#9700,2.40000000000001);
#643=CIRCLE('',#9701,3.10000000000001);
#644=CIRCLE('',#9703,2.40000000000001);
#645=CIRCLE('',#9704,3.10000000000001);
#646=CIRCLE('',#9706,2.40000000000001);
#647=CIRCLE('',#9707,3.10000000000001);
#648=CIRCLE('',#9709,3.10000000000007);
#649=CIRCLE('',#9711,3.10000000000007);
#650=CIRCLE('',#9713,3.10000000000007);
#651=CIRCLE('',#9715,3.10000000000007);
#652=CIRCLE('',#9718,3.1);
#653=CIRCLE('',#9721,3.6);
#654=CIRCLE('',#9722,3.6);
#655=CIRCLE('',#9724,2.40000000000001);
#656=CIRCLE('',#9726,2.40000000000001);
#657=CIRCLE('',#9728,2.40000000000001);
#658=CIRCLE('',#9730,2.40000000000001);
#659=CIRCLE('',#9732,3.1);
#660=CIRCLE('',#9734,3.1);
#661=CIRCLE('',#9736,3.1);
#662=CIRCLE('',#9738,3.1);
#663=CIRCLE('',#9740,3.1);
#664=CIRCLE('',#9742,3.6);
#665=CIRCLE('',#9743,3.6);
#666=CIRCLE('',#9745,3.1);
#667=CIRCLE('',#9747,3.1);
#668=CIRCLE('',#9752,3.1);
#669=CIRCLE('',#9757,3.1);
#670=CIRCLE('',#9760,3.6);
#671=CIRCLE('',#9761,3.6);
#672=CIRCLE('',#9764,3.6);
#673=CIRCLE('',#9765,3.6);
#674=CIRCLE('',#9767,3.6);
#675=CIRCLE('',#9770,3.6);
#676=CIRCLE('',#9773,3.10000000000001);
#677=CIRCLE('',#9775,3.10000000000001);
#678=CIRCLE('',#9777,3.10000000000001);
#679=CIRCLE('',#9779,3.10000000000001);
#680=CIRCLE('',#9783,3.6);
#681=CIRCLE('',#9786,3.6);
#682=CIRCLE('',#9792,3.1);
#683=CIRCLE('',#9799,3.6);
#684=CIRCLE('',#9803,3.6);
#685=CIRCLE('',#9810,0.5);
#686=CIRCLE('',#9812,3.6);
#687=CIRCLE('',#9814,0.5);
#688=CIRCLE('',#9816,3.6);
#689=CIRCLE('',#9818,3.6);
#690=CIRCLE('',#9820,0.5);
#691=CIRCLE('',#9822,3.6);
#692=CIRCLE('',#9824,3.6);
#693=CIRCLE('',#9826,0.5);
#694=CIRCLE('',#9828,3.6);
#695=CIRCLE('',#9830,3.6);
#696=CIRCLE('',#9832,0.5);
#697=CIRCLE('',#9834,3.6);
#698=CIRCLE('',#9836,0.5);
#699=CIRCLE('',#9838,3.6);
#700=CIRCLE('',#9840,0.5);
#701=CIRCLE('',#9842,0.5);
#702=CIRCLE('',#9844,0.5);
#703=CIRCLE('',#9846,0.5);
#704=CIRCLE('',#9847,0.5);
#705=CIRCLE('',#9848,0.5);
#706=CIRCLE('',#9853,3.6);
#707=CIRCLE('',#9856,3.6);
#708=CIRCLE('',#9859,3.6);
#709=CIRCLE('',#9862,3.6);
#710=CIRCLE('',#9866,3.6);
#711=CIRCLE('',#9869,3.6);
#712=CIRCLE('',#9895,3.1);
#713=CIRCLE('',#9897,2.4);
#714=CIRCLE('',#9900,3.1);
#715=CIRCLE('',#9902,2.4);
#716=CIRCLE('',#9904,2.4);
#717=CIRCLE('',#9906,3.1);
#718=CIRCLE('',#9921,0.5);
#719=CIRCLE('',#9922,3.6);
#720=CIRCLE('',#9923,0.5);
#721=CIRCLE('',#9924,0.5);
#722=CIRCLE('',#9925,3.6);
#723=CIRCLE('',#9926,0.5);
#724=CIRCLE('',#9932,3.6);
#725=CIRCLE('',#9933,0.5);
#726=CIRCLE('',#9934,0.5);
#727=CIRCLE('',#9935,3.6);
#728=CIRCLE('',#9936,0.5);
#729=CIRCLE('',#9937,0.5);
#730=CIRCLE('',#9951,3.60000000000001);
#731=CIRCLE('',#9953,3.1);
#732=CIRCLE('',#9955,2.4);
#733=CIRCLE('',#9957,2.4);
#734=CIRCLE('',#9961,3.6);
#735=CIRCLE('',#9964,3.6);
#736=CIRCLE('',#9966,0.5);
#737=CIRCLE('',#9967,0.5);
#738=CIRCLE('',#9968,0.5);
#739=CIRCLE('',#9969,0.5);
#740=CIRCLE('',#9979,3.60000000000001);
#741=CIRCLE('',#9981,2.4);
#742=CIRCLE('',#9983,2.4);
#743=CIRCLE('',#9985,3.1);
#744=CIRCLE('',#9989,3.6);
#745=CIRCLE('',#9992,3.6);
#746=CIRCLE('',#9994,0.5);
#747=CIRCLE('',#9995,0.5);
#748=CIRCLE('',#9996,0.5);
#749=CIRCLE('',#9997,0.5);
#750=CIRCLE('',#10007,3.60000000000001);
#751=CIRCLE('',#10009,2.4);
#752=CIRCLE('',#10011,2.4);
#753=CIRCLE('',#10013,3.1);
#754=CIRCLE('',#10017,3.6);
#755=CIRCLE('',#10020,3.6);
#756=CIRCLE('',#10022,0.5);
#757=CIRCLE('',#10023,0.5);
#758=CIRCLE('',#10024,0.5);
#759=CIRCLE('',#10025,0.5);
#760=CIRCLE('',#10035,3.60000000000001);
#761=CIRCLE('',#10037,3.1);
#762=CIRCLE('',#10039,2.4);
#763=CIRCLE('',#10041,2.4);
#764=CIRCLE('',#10045,3.6);
#765=CIRCLE('',#10048,3.6);
#766=CIRCLE('',#10050,0.5);
#767=CIRCLE('',#10051,0.5);
#768=CIRCLE('',#10052,0.5);
#769=CIRCLE('',#10053,0.5);
#770=CIRCLE('',#10063,0.5);
#771=CIRCLE('',#10064,0.5);
#772=CIRCLE('',#10066,3.6);
#773=CIRCLE('',#10067,3.6);
#774=CIRCLE('',#10073,3.6);
#775=CIRCLE('',#10074,3.6);
#776=CIRCLE('',#10076,0.5);
#777=CIRCLE('',#10077,0.5);
#778=CIRCLE('',#10083,3.6);
#779=CIRCLE('',#10084,3.6);
#780=CIRCLE('',#10086,0.5);
#781=CIRCLE('',#10087,0.5);
#782=CIRCLE('',#10093,0.5);
#783=CIRCLE('',#10094,0.5);
#784=CIRCLE('',#10096,3.6);
#785=CIRCLE('',#10097,3.6);
#786=CIRCLE('',#10103,3.6);
#787=CIRCLE('',#10104,3.6);
#788=CIRCLE('',#10106,0.5);
#789=CIRCLE('',#10107,0.5);
#790=CIRCLE('',#10113,0.5);
#791=CIRCLE('',#10114,0.5);
#792=CIRCLE('',#10116,3.6);
#793=CIRCLE('',#10117,3.6);
#794=CIRCLE('',#10123,0.5);
#795=CIRCLE('',#10124,0.5);
#796=CIRCLE('',#10126,3.6);
#797=CIRCLE('',#10127,3.6);
#798=CIRCLE('',#10133,3.6);
#799=CIRCLE('',#10134,3.6);
#800=CIRCLE('',#10136,0.5);
#801=CIRCLE('',#10137,0.5);
#802=CIRCLE('',#10145,3.6);
#803=CIRCLE('',#10146,3.6);
#804=ORIENTED_EDGE('',*,*,#3324,.T.);
#805=ORIENTED_EDGE('',*,*,#3325,.T.);
#806=ORIENTED_EDGE('',*,*,#3326,.T.);
#807=ORIENTED_EDGE('',*,*,#3327,.T.);
#808=ORIENTED_EDGE('',*,*,#3328,.F.);
#809=ORIENTED_EDGE('',*,*,#3329,.F.);
#810=ORIENTED_EDGE('',*,*,#3330,.F.);
#811=ORIENTED_EDGE('',*,*,#3331,.F.);
#812=ORIENTED_EDGE('',*,*,#3327,.F.);
#813=ORIENTED_EDGE('',*,*,#3332,.F.);
#814=ORIENTED_EDGE('',*,*,#3329,.T.);
#815=ORIENTED_EDGE('',*,*,#3333,.T.);
#816=ORIENTED_EDGE('',*,*,#3326,.F.);
#817=ORIENTED_EDGE('',*,*,#3334,.F.);
#818=ORIENTED_EDGE('',*,*,#3330,.T.);
#819=ORIENTED_EDGE('',*,*,#3332,.T.);
#820=ORIENTED_EDGE('',*,*,#3325,.F.);
#821=ORIENTED_EDGE('',*,*,#3335,.F.);
#822=ORIENTED_EDGE('',*,*,#3331,.T.);
#823=ORIENTED_EDGE('',*,*,#3334,.T.);
#824=ORIENTED_EDGE('',*,*,#3336,.T.);
#825=ORIENTED_EDGE('',*,*,#3337,.F.);
#826=ORIENTED_EDGE('',*,*,#3338,.F.);
#827=ORIENTED_EDGE('',*,*,#3339,.T.);
#828=ORIENTED_EDGE('',*,*,#3340,.T.);
#829=ORIENTED_EDGE('',*,*,#3341,.F.);
#830=ORIENTED_EDGE('',*,*,#3342,.F.);
#831=ORIENTED_EDGE('',*,*,#3337,.T.);
#832=ORIENTED_EDGE('',*,*,#3343,.T.);
#833=ORIENTED_EDGE('',*,*,#3344,.F.);
#834=ORIENTED_EDGE('',*,*,#3345,.F.);
#835=ORIENTED_EDGE('',*,*,#3341,.T.);
#836=ORIENTED_EDGE('',*,*,#3346,.T.);
#837=ORIENTED_EDGE('',*,*,#3338,.T.);
#838=ORIENTED_EDGE('',*,*,#3342,.T.);
#839=ORIENTED_EDGE('',*,*,#3345,.T.);
#840=ORIENTED_EDGE('',*,*,#3347,.F.);
#841=ORIENTED_EDGE('',*,*,#3343,.F.);
#842=ORIENTED_EDGE('',*,*,#3340,.F.);
#843=ORIENTED_EDGE('',*,*,#3336,.F.);
#844=ORIENTED_EDGE('',*,*,#3348,.T.);
#845=ORIENTED_EDGE('',*,*,#3349,.T.);
#846=ORIENTED_EDGE('',*,*,#3350,.T.);
#847=ORIENTED_EDGE('',*,*,#3351,.T.);
#848=ORIENTED_EDGE('',*,*,#3352,.F.);
#849=ORIENTED_EDGE('',*,*,#3353,.F.);
#850=ORIENTED_EDGE('',*,*,#3354,.F.);
#851=ORIENTED_EDGE('',*,*,#3355,.F.);
#852=ORIENTED_EDGE('',*,*,#3351,.F.);
#853=ORIENTED_EDGE('',*,*,#3356,.F.);
#854=ORIENTED_EDGE('',*,*,#3353,.T.);
#855=ORIENTED_EDGE('',*,*,#3357,.T.);
#856=ORIENTED_EDGE('',*,*,#3350,.F.);
#857=ORIENTED_EDGE('',*,*,#3358,.F.);
#858=ORIENTED_EDGE('',*,*,#3354,.T.);
#859=ORIENTED_EDGE('',*,*,#3356,.T.);
#860=ORIENTED_EDGE('',*,*,#3349,.F.);
#861=ORIENTED_EDGE('',*,*,#3359,.F.);
#862=ORIENTED_EDGE('',*,*,#3355,.T.);
#863=ORIENTED_EDGE('',*,*,#3358,.T.);
#864=ORIENTED_EDGE('',*,*,#3360,.T.);
#865=ORIENTED_EDGE('',*,*,#3361,.F.);
#866=ORIENTED_EDGE('',*,*,#3362,.F.);
#867=ORIENTED_EDGE('',*,*,#3363,.T.);
#868=ORIENTED_EDGE('',*,*,#3364,.T.);
#869=ORIENTED_EDGE('',*,*,#3365,.F.);
#870=ORIENTED_EDGE('',*,*,#3366,.F.);
#871=ORIENTED_EDGE('',*,*,#3361,.T.);
#872=ORIENTED_EDGE('',*,*,#3367,.T.);
#873=ORIENTED_EDGE('',*,*,#3368,.F.);
#874=ORIENTED_EDGE('',*,*,#3369,.F.);
#875=ORIENTED_EDGE('',*,*,#3365,.T.);
#876=ORIENTED_EDGE('',*,*,#3370,.T.);
#877=ORIENTED_EDGE('',*,*,#3362,.T.);
#878=ORIENTED_EDGE('',*,*,#3366,.T.);
#879=ORIENTED_EDGE('',*,*,#3369,.T.);
#880=ORIENTED_EDGE('',*,*,#3371,.F.);
#881=ORIENTED_EDGE('',*,*,#3367,.F.);
#882=ORIENTED_EDGE('',*,*,#3364,.F.);
#883=ORIENTED_EDGE('',*,*,#3360,.F.);
#884=ORIENTED_EDGE('',*,*,#3372,.T.);
#885=ORIENTED_EDGE('',*,*,#3373,.T.);
#886=ORIENTED_EDGE('',*,*,#3374,.T.);
#887=ORIENTED_EDGE('',*,*,#3375,.T.);
#888=ORIENTED_EDGE('',*,*,#3376,.F.);
#889=ORIENTED_EDGE('',*,*,#3377,.F.);
#890=ORIENTED_EDGE('',*,*,#3378,.F.);
#891=ORIENTED_EDGE('',*,*,#3379,.F.);
#892=ORIENTED_EDGE('',*,*,#3375,.F.);
#893=ORIENTED_EDGE('',*,*,#3380,.F.);
#894=ORIENTED_EDGE('',*,*,#3377,.T.);
#895=ORIENTED_EDGE('',*,*,#3381,.T.);
#896=ORIENTED_EDGE('',*,*,#3374,.F.);
#897=ORIENTED_EDGE('',*,*,#3382,.F.);
#898=ORIENTED_EDGE('',*,*,#3378,.T.);
#899=ORIENTED_EDGE('',*,*,#3380,.T.);
#900=ORIENTED_EDGE('',*,*,#3373,.F.);
#901=ORIENTED_EDGE('',*,*,#3383,.F.);
#902=ORIENTED_EDGE('',*,*,#3379,.T.);
#903=ORIENTED_EDGE('',*,*,#3382,.T.);
#904=ORIENTED_EDGE('',*,*,#3384,.T.);
#905=ORIENTED_EDGE('',*,*,#3385,.F.);
#906=ORIENTED_EDGE('',*,*,#3386,.F.);
#907=ORIENTED_EDGE('',*,*,#3387,.T.);
#908=ORIENTED_EDGE('',*,*,#3388,.T.);
#909=ORIENTED_EDGE('',*,*,#3389,.F.);
#910=ORIENTED_EDGE('',*,*,#3390,.F.);
#911=ORIENTED_EDGE('',*,*,#3385,.T.);
#912=ORIENTED_EDGE('',*,*,#3391,.T.);
#913=ORIENTED_EDGE('',*,*,#3392,.F.);
#914=ORIENTED_EDGE('',*,*,#3393,.F.);
#915=ORIENTED_EDGE('',*,*,#3389,.T.);
#916=ORIENTED_EDGE('',*,*,#3394,.T.);
#917=ORIENTED_EDGE('',*,*,#3386,.T.);
#918=ORIENTED_EDGE('',*,*,#3390,.T.);
#919=ORIENTED_EDGE('',*,*,#3393,.T.);
#920=ORIENTED_EDGE('',*,*,#3395,.F.);
#921=ORIENTED_EDGE('',*,*,#3391,.F.);
#922=ORIENTED_EDGE('',*,*,#3388,.F.);
#923=ORIENTED_EDGE('',*,*,#3384,.F.);
#924=ORIENTED_EDGE('',*,*,#3396,.T.);
#925=ORIENTED_EDGE('',*,*,#3397,.F.);
#926=ORIENTED_EDGE('',*,*,#3398,.F.);
#927=ORIENTED_EDGE('',*,*,#3399,.T.);
#928=ORIENTED_EDGE('',*,*,#3400,.T.);
#929=ORIENTED_EDGE('',*,*,#3401,.F.);
#930=ORIENTED_EDGE('',*,*,#3402,.F.);
#931=ORIENTED_EDGE('',*,*,#3397,.T.);
#932=ORIENTED_EDGE('',*,*,#3403,.T.);
#933=ORIENTED_EDGE('',*,*,#3404,.F.);
#934=ORIENTED_EDGE('',*,*,#3405,.F.);
#935=ORIENTED_EDGE('',*,*,#3401,.T.);
#936=ORIENTED_EDGE('',*,*,#3406,.T.);
#937=ORIENTED_EDGE('',*,*,#3398,.T.);
#938=ORIENTED_EDGE('',*,*,#3402,.T.);
#939=ORIENTED_EDGE('',*,*,#3405,.T.);
#940=ORIENTED_EDGE('',*,*,#3407,.F.);
#941=ORIENTED_EDGE('',*,*,#3403,.F.);
#942=ORIENTED_EDGE('',*,*,#3400,.F.);
#943=ORIENTED_EDGE('',*,*,#3396,.F.);
#944=ORIENTED_EDGE('',*,*,#3368,.T.);
#945=ORIENTED_EDGE('',*,*,#3371,.T.);
#946=ORIENTED_EDGE('',*,*,#3363,.F.);
#947=ORIENTED_EDGE('',*,*,#3370,.F.);
#948=ORIENTED_EDGE('',*,*,#3333,.F.);
#949=ORIENTED_EDGE('',*,*,#3328,.T.);
#950=ORIENTED_EDGE('',*,*,#3335,.T.);
#951=ORIENTED_EDGE('',*,*,#3324,.F.);
#952=ORIENTED_EDGE('',*,*,#3392,.T.);
#953=ORIENTED_EDGE('',*,*,#3395,.T.);
#954=ORIENTED_EDGE('',*,*,#3387,.F.);
#955=ORIENTED_EDGE('',*,*,#3394,.F.);
#956=ORIENTED_EDGE('',*,*,#3408,.T.);
#957=ORIENTED_EDGE('',*,*,#3409,.T.);
#958=ORIENTED_EDGE('',*,*,#3410,.F.);
#959=ORIENTED_EDGE('',*,*,#3411,.F.);
#960=ORIENTED_EDGE('',*,*,#3412,.F.);
#961=ORIENTED_EDGE('',*,*,#3413,.T.);
#962=ORIENTED_EDGE('',*,*,#3414,.F.);
#963=ORIENTED_EDGE('',*,*,#3415,.T.);
#964=ORIENTED_EDGE('',*,*,#3416,.T.);
#965=ORIENTED_EDGE('',*,*,#3417,.T.);
#966=ORIENTED_EDGE('',*,*,#3418,.F.);
#967=ORIENTED_EDGE('',*,*,#3419,.F.);
#968=ORIENTED_EDGE('',*,*,#3420,.F.);
#969=ORIENTED_EDGE('',*,*,#3421,.T.);
#970=ORIENTED_EDGE('',*,*,#3422,.F.);
#971=ORIENTED_EDGE('',*,*,#3423,.T.);
#972=ORIENTED_EDGE('',*,*,#3424,.F.);
#973=ORIENTED_EDGE('',*,*,#3425,.F.);
#974=ORIENTED_EDGE('',*,*,#3426,.T.);
#975=ORIENTED_EDGE('',*,*,#3427,.T.);
#976=ORIENTED_EDGE('',*,*,#3428,.T.);
#977=ORIENTED_EDGE('',*,*,#3429,.T.);
#978=ORIENTED_EDGE('',*,*,#3430,.T.);
#979=ORIENTED_EDGE('',*,*,#3431,.T.);
#980=ORIENTED_EDGE('',*,*,#3432,.T.);
#981=ORIENTED_EDGE('',*,*,#3433,.T.);
#982=ORIENTED_EDGE('',*,*,#3434,.F.);
#983=ORIENTED_EDGE('',*,*,#3435,.T.);
#984=ORIENTED_EDGE('',*,*,#3436,.T.);
#985=ORIENTED_EDGE('',*,*,#3437,.T.);
#986=ORIENTED_EDGE('',*,*,#3438,.T.);
#987=ORIENTED_EDGE('',*,*,#3439,.T.);
#988=ORIENTED_EDGE('',*,*,#3440,.T.);
#989=ORIENTED_EDGE('',*,*,#3441,.T.);
#990=ORIENTED_EDGE('',*,*,#3442,.T.);
#991=ORIENTED_EDGE('',*,*,#3443,.T.);
#992=ORIENTED_EDGE('',*,*,#3444,.F.);
#993=ORIENTED_EDGE('',*,*,#3445,.T.);
#994=ORIENTED_EDGE('',*,*,#3446,.T.);
#995=ORIENTED_EDGE('',*,*,#3447,.T.);
#996=ORIENTED_EDGE('',*,*,#3448,.T.);
#997=ORIENTED_EDGE('',*,*,#3449,.T.);
#998=ORIENTED_EDGE('',*,*,#3450,.F.);
#999=ORIENTED_EDGE('',*,*,#3451,.F.);
#1000=ORIENTED_EDGE('',*,*,#3452,.T.);
#1001=ORIENTED_EDGE('',*,*,#3453,.T.);
#1002=ORIENTED_EDGE('',*,*,#3454,.T.);
#1003=ORIENTED_EDGE('',*,*,#3455,.T.);
#1004=ORIENTED_EDGE('',*,*,#3456,.F.);
#1005=ORIENTED_EDGE('',*,*,#3457,.F.);
#1006=ORIENTED_EDGE('',*,*,#3458,.F.);
#1007=ORIENTED_EDGE('',*,*,#3459,.F.);
#1008=ORIENTED_EDGE('',*,*,#3460,.F.);
#1009=ORIENTED_EDGE('',*,*,#3461,.T.);
#1010=ORIENTED_EDGE('',*,*,#3462,.T.);
#1011=ORIENTED_EDGE('',*,*,#3463,.F.);
#1012=ORIENTED_EDGE('',*,*,#3357,.F.);
#1013=ORIENTED_EDGE('',*,*,#3352,.T.);
#1014=ORIENTED_EDGE('',*,*,#3359,.T.);
#1015=ORIENTED_EDGE('',*,*,#3348,.F.);
#1016=ORIENTED_EDGE('',*,*,#3344,.T.);
#1017=ORIENTED_EDGE('',*,*,#3347,.T.);
#1018=ORIENTED_EDGE('',*,*,#3339,.F.);
#1019=ORIENTED_EDGE('',*,*,#3346,.F.);
#1020=ORIENTED_EDGE('',*,*,#3381,.F.);
#1021=ORIENTED_EDGE('',*,*,#3376,.T.);
#1022=ORIENTED_EDGE('',*,*,#3383,.T.);
#1023=ORIENTED_EDGE('',*,*,#3372,.F.);
#1024=ORIENTED_EDGE('',*,*,#3404,.T.);
#1025=ORIENTED_EDGE('',*,*,#3407,.T.);
#1026=ORIENTED_EDGE('',*,*,#3399,.F.);
#1027=ORIENTED_EDGE('',*,*,#3406,.F.);
#1028=ORIENTED_EDGE('',*,*,#3464,.F.);
#1029=ORIENTED_EDGE('',*,*,#3465,.T.);
#1030=ORIENTED_EDGE('',*,*,#3466,.T.);
#1031=ORIENTED_EDGE('',*,*,#3467,.T.);
#1032=ORIENTED_EDGE('',*,*,#3468,.F.);
#1033=ORIENTED_EDGE('',*,*,#3469,.T.);
#1034=ORIENTED_EDGE('',*,*,#3470,.F.);
#1035=ORIENTED_EDGE('',*,*,#3471,.F.);
#1036=ORIENTED_EDGE('',*,*,#3472,.F.);
#1037=ORIENTED_EDGE('',*,*,#3473,.T.);
#1038=ORIENTED_EDGE('',*,*,#3474,.F.);
#1039=ORIENTED_EDGE('',*,*,#3475,.F.);
#1040=ORIENTED_EDGE('',*,*,#3476,.T.);
#1041=ORIENTED_EDGE('',*,*,#3477,.T.);
#1042=ORIENTED_EDGE('',*,*,#3478,.F.);
#1043=ORIENTED_EDGE('',*,*,#3479,.F.);
#1044=ORIENTED_EDGE('',*,*,#3480,.F.);
#1045=ORIENTED_EDGE('',*,*,#3481,.T.);
#1046=ORIENTED_EDGE('',*,*,#3482,.T.);
#1047=ORIENTED_EDGE('',*,*,#3483,.F.);
#1048=ORIENTED_EDGE('',*,*,#3484,.F.);
#1049=ORIENTED_EDGE('',*,*,#3485,.T.);
#1050=ORIENTED_EDGE('',*,*,#3486,.T.);
#1051=ORIENTED_EDGE('',*,*,#3487,.F.);
#1052=ORIENTED_EDGE('',*,*,#3488,.F.);
#1053=ORIENTED_EDGE('',*,*,#3489,.T.);
#1054=ORIENTED_EDGE('',*,*,#3490,.T.);
#1055=ORIENTED_EDGE('',*,*,#3491,.F.);
#1056=ORIENTED_EDGE('',*,*,#3492,.F.);
#1057=ORIENTED_EDGE('',*,*,#3493,.T.);
#1058=ORIENTED_EDGE('',*,*,#3494,.T.);
#1059=ORIENTED_EDGE('',*,*,#3495,.T.);
#1060=ORIENTED_EDGE('',*,*,#3496,.F.);
#1061=ORIENTED_EDGE('',*,*,#3497,.F.);
#1062=ORIENTED_EDGE('',*,*,#3498,.F.);
#1063=ORIENTED_EDGE('',*,*,#3499,.T.);
#1064=ORIENTED_EDGE('',*,*,#3500,.T.);
#1065=ORIENTED_EDGE('',*,*,#3501,.T.);
#1066=ORIENTED_EDGE('',*,*,#3502,.F.);
#1067=ORIENTED_EDGE('',*,*,#3503,.T.);
#1068=ORIENTED_EDGE('',*,*,#3504,.F.);
#1069=ORIENTED_EDGE('',*,*,#3505,.F.);
#1070=ORIENTED_EDGE('',*,*,#3506,.F.);
#1071=ORIENTED_EDGE('',*,*,#3507,.T.);
#1072=ORIENTED_EDGE('',*,*,#3508,.F.);
#1073=ORIENTED_EDGE('',*,*,#3509,.F.);
#1074=ORIENTED_EDGE('',*,*,#3510,.T.);
#1075=ORIENTED_EDGE('',*,*,#3511,.T.);
#1076=ORIENTED_EDGE('',*,*,#3512,.F.);
#1077=ORIENTED_EDGE('',*,*,#3513,.F.);
#1078=ORIENTED_EDGE('',*,*,#3514,.F.);
#1079=ORIENTED_EDGE('',*,*,#3515,.T.);
#1080=ORIENTED_EDGE('',*,*,#3516,.T.);
#1081=ORIENTED_EDGE('',*,*,#3517,.F.);
#1082=ORIENTED_EDGE('',*,*,#3518,.F.);
#1083=ORIENTED_EDGE('',*,*,#3519,.T.);
#1084=ORIENTED_EDGE('',*,*,#3520,.T.);
#1085=ORIENTED_EDGE('',*,*,#3521,.F.);
#1086=ORIENTED_EDGE('',*,*,#3522,.F.);
#1087=ORIENTED_EDGE('',*,*,#3523,.T.);
#1088=ORIENTED_EDGE('',*,*,#3524,.T.);
#1089=ORIENTED_EDGE('',*,*,#3525,.F.);
#1090=ORIENTED_EDGE('',*,*,#3526,.F.);
#1091=ORIENTED_EDGE('',*,*,#3527,.T.);
#1092=ORIENTED_EDGE('',*,*,#3528,.T.);
#1093=ORIENTED_EDGE('',*,*,#3529,.T.);
#1094=ORIENTED_EDGE('',*,*,#3530,.F.);
#1095=ORIENTED_EDGE('',*,*,#3531,.F.);
#1096=ORIENTED_EDGE('',*,*,#3532,.F.);
#1097=ORIENTED_EDGE('',*,*,#3533,.F.);
#1098=ORIENTED_EDGE('',*,*,#3534,.T.);
#1099=ORIENTED_EDGE('',*,*,#3535,.F.);
#1100=ORIENTED_EDGE('',*,*,#3536,.T.);
#1101=ORIENTED_EDGE('',*,*,#3537,.T.);
#1102=ORIENTED_EDGE('',*,*,#3538,.T.);
#1103=ORIENTED_EDGE('',*,*,#3539,.F.);
#1104=ORIENTED_EDGE('',*,*,#3540,.F.);
#1105=ORIENTED_EDGE('',*,*,#3541,.F.);
#1106=ORIENTED_EDGE('',*,*,#3542,.T.);
#1107=ORIENTED_EDGE('',*,*,#3543,.F.);
#1108=ORIENTED_EDGE('',*,*,#3544,.T.);
#1109=ORIENTED_EDGE('',*,*,#3545,.T.);
#1110=ORIENTED_EDGE('',*,*,#3546,.T.);
#1111=ORIENTED_EDGE('',*,*,#3547,.F.);
#1112=ORIENTED_EDGE('',*,*,#3548,.F.);
#1113=ORIENTED_EDGE('',*,*,#3549,.T.);
#1114=ORIENTED_EDGE('',*,*,#3550,.T.);
#1115=ORIENTED_EDGE('',*,*,#3551,.F.);
#1116=ORIENTED_EDGE('',*,*,#3552,.T.);
#1117=ORIENTED_EDGE('',*,*,#3553,.T.);
#1118=ORIENTED_EDGE('',*,*,#3550,.F.);
#1119=ORIENTED_EDGE('',*,*,#3554,.T.);
#1120=ORIENTED_EDGE('',*,*,#3555,.T.);
#1121=ORIENTED_EDGE('',*,*,#3536,.F.);
#1122=ORIENTED_EDGE('',*,*,#3556,.F.);
#1123=ORIENTED_EDGE('',*,*,#3420,.T.);
#1124=ORIENTED_EDGE('',*,*,#3557,.F.);
#1125=ORIENTED_EDGE('',*,*,#3417,.F.);
#1126=ORIENTED_EDGE('',*,*,#3558,.F.);
#1127=ORIENTED_EDGE('',*,*,#3539,.T.);
#1128=ORIENTED_EDGE('',*,*,#3559,.T.);
#1129=ORIENTED_EDGE('',*,*,#3560,.T.);
#1130=ORIENTED_EDGE('',*,*,#3561,.T.);
#1131=ORIENTED_EDGE('',*,*,#3562,.T.);
#1132=ORIENTED_EDGE('',*,*,#3563,.T.);
#1133=ORIENTED_EDGE('',*,*,#3564,.T.);
#1134=ORIENTED_EDGE('',*,*,#3565,.T.);
#1135=ORIENTED_EDGE('',*,*,#3566,.T.);
#1136=ORIENTED_EDGE('',*,*,#3567,.F.);
#1137=ORIENTED_EDGE('',*,*,#3568,.F.);
#1138=ORIENTED_EDGE('',*,*,#3569,.T.);
#1139=ORIENTED_EDGE('',*,*,#3570,.T.);
#1140=ORIENTED_EDGE('',*,*,#3571,.T.);
#1141=ORIENTED_EDGE('',*,*,#3572,.T.);
#1142=ORIENTED_EDGE('',*,*,#3573,.T.);
#1143=ORIENTED_EDGE('',*,*,#3574,.T.);
#1144=ORIENTED_EDGE('',*,*,#3575,.T.);
#1145=ORIENTED_EDGE('',*,*,#3576,.T.);
#1146=ORIENTED_EDGE('',*,*,#3577,.T.);
#1147=ORIENTED_EDGE('',*,*,#3578,.T.);
#1148=ORIENTED_EDGE('',*,*,#3579,.T.);
#1149=ORIENTED_EDGE('',*,*,#3580,.T.);
#1150=ORIENTED_EDGE('',*,*,#3581,.T.);
#1151=ORIENTED_EDGE('',*,*,#3582,.T.);
#1152=ORIENTED_EDGE('',*,*,#3573,.F.);
#1153=ORIENTED_EDGE('',*,*,#3583,.T.);
#1154=ORIENTED_EDGE('',*,*,#3582,.F.);
#1155=ORIENTED_EDGE('',*,*,#3584,.T.);
#1156=ORIENTED_EDGE('',*,*,#3583,.F.);
#1157=ORIENTED_EDGE('',*,*,#3585,.F.);
#1158=ORIENTED_EDGE('',*,*,#3586,.F.);
#1159=ORIENTED_EDGE('',*,*,#3587,.T.);
#1160=ORIENTED_EDGE('',*,*,#3588,.T.);
#1161=ORIENTED_EDGE('',*,*,#3589,.T.);
#1162=ORIENTED_EDGE('',*,*,#3590,.T.);
#1163=ORIENTED_EDGE('',*,*,#3585,.T.);
#1164=ORIENTED_EDGE('',*,*,#3591,.T.);
#1165=ORIENTED_EDGE('',*,*,#3592,.T.);
#1166=ORIENTED_EDGE('',*,*,#3422,.T.);
#1167=ORIENTED_EDGE('',*,*,#3593,.T.);
#1168=ORIENTED_EDGE('',*,*,#3534,.F.);
#1169=ORIENTED_EDGE('',*,*,#3409,.F.);
#1170=ORIENTED_EDGE('',*,*,#3594,.F.);
#1171=ORIENTED_EDGE('',*,*,#3547,.T.);
#1172=ORIENTED_EDGE('',*,*,#3595,.F.);
#1173=ORIENTED_EDGE('',*,*,#3596,.T.);
#1174=ORIENTED_EDGE('',*,*,#3597,.T.);
#1175=ORIENTED_EDGE('',*,*,#3598,.T.);
#1176=ORIENTED_EDGE('',*,*,#3599,.T.);
#1177=ORIENTED_EDGE('',*,*,#3600,.T.);
#1178=ORIENTED_EDGE('',*,*,#3601,.T.);
#1179=ORIENTED_EDGE('',*,*,#3602,.T.);
#1180=ORIENTED_EDGE('',*,*,#3603,.T.);
#1181=ORIENTED_EDGE('',*,*,#3604,.T.);
#1182=ORIENTED_EDGE('',*,*,#3605,.T.);
#1183=ORIENTED_EDGE('',*,*,#3606,.F.);
#1184=ORIENTED_EDGE('',*,*,#3607,.F.);
#1185=ORIENTED_EDGE('',*,*,#3608,.F.);
#1186=ORIENTED_EDGE('',*,*,#3609,.F.);
#1187=ORIENTED_EDGE('',*,*,#3610,.F.);
#1188=ORIENTED_EDGE('',*,*,#3611,.T.);
#1189=ORIENTED_EDGE('',*,*,#3612,.T.);
#1190=ORIENTED_EDGE('',*,*,#3613,.T.);
#1191=ORIENTED_EDGE('',*,*,#3614,.T.);
#1192=ORIENTED_EDGE('',*,*,#3615,.T.);
#1193=ORIENTED_EDGE('',*,*,#3616,.T.);
#1194=ORIENTED_EDGE('',*,*,#3617,.T.);
#1195=ORIENTED_EDGE('',*,*,#3618,.T.);
#1196=ORIENTED_EDGE('',*,*,#3619,.T.);
#1197=ORIENTED_EDGE('',*,*,#3620,.F.);
#1198=ORIENTED_EDGE('',*,*,#3619,.F.);
#1199=ORIENTED_EDGE('',*,*,#3621,.T.);
#1200=ORIENTED_EDGE('',*,*,#3610,.T.);
#1201=ORIENTED_EDGE('',*,*,#3621,.F.);
#1202=ORIENTED_EDGE('',*,*,#3622,.T.);
#1203=ORIENTED_EDGE('',*,*,#3623,.T.);
#1204=ORIENTED_EDGE('',*,*,#3624,.T.);
#1205=ORIENTED_EDGE('',*,*,#3625,.T.);
#1206=ORIENTED_EDGE('',*,*,#3626,.F.);
#1207=ORIENTED_EDGE('',*,*,#3627,.T.);
#1208=ORIENTED_EDGE('',*,*,#3628,.F.);
#1209=ORIENTED_EDGE('',*,*,#3629,.T.);
#1210=ORIENTED_EDGE('',*,*,#3630,.F.);
#1211=ORIENTED_EDGE('',*,*,#3631,.T.);
#1212=ORIENTED_EDGE('',*,*,#3632,.F.);
#1213=ORIENTED_EDGE('',*,*,#3633,.F.);
#1214=ORIENTED_EDGE('',*,*,#3634,.F.);
#1215=ORIENTED_EDGE('',*,*,#3635,.F.);
#1216=ORIENTED_EDGE('',*,*,#3636,.F.);
#1217=ORIENTED_EDGE('',*,*,#3637,.F.);
#1218=ORIENTED_EDGE('',*,*,#3638,.F.);
#1219=ORIENTED_EDGE('',*,*,#3639,.F.);
#1220=ORIENTED_EDGE('',*,*,#3640,.F.);
#1221=ORIENTED_EDGE('',*,*,#3421,.F.);
#1222=ORIENTED_EDGE('',*,*,#3556,.T.);
#1223=ORIENTED_EDGE('',*,*,#3535,.T.);
#1224=ORIENTED_EDGE('',*,*,#3593,.F.);
#1225=ORIENTED_EDGE('',*,*,#3641,.F.);
#1226=ORIENTED_EDGE('',*,*,#3642,.F.);
#1227=ORIENTED_EDGE('',*,*,#3643,.T.);
#1228=ORIENTED_EDGE('',*,*,#3644,.T.);
#1229=ORIENTED_EDGE('',*,*,#3645,.T.);
#1230=ORIENTED_EDGE('',*,*,#3646,.T.);
#1231=ORIENTED_EDGE('',*,*,#3641,.T.);
#1232=ORIENTED_EDGE('',*,*,#3647,.T.);
#1233=ORIENTED_EDGE('',*,*,#3648,.T.);
#1234=ORIENTED_EDGE('',*,*,#3414,.T.);
#1235=ORIENTED_EDGE('',*,*,#3649,.T.);
#1236=ORIENTED_EDGE('',*,*,#3542,.F.);
#1237=ORIENTED_EDGE('',*,*,#3650,.T.);
#1238=ORIENTED_EDGE('',*,*,#3651,.F.);
#1239=ORIENTED_EDGE('',*,*,#3650,.F.);
#1240=ORIENTED_EDGE('',*,*,#3652,.T.);
#1241=ORIENTED_EDGE('',*,*,#3567,.T.);
#1242=ORIENTED_EDGE('',*,*,#3652,.F.);
#1243=ORIENTED_EDGE('',*,*,#3653,.T.);
#1244=ORIENTED_EDGE('',*,*,#3654,.T.);
#1245=ORIENTED_EDGE('',*,*,#3655,.T.);
#1246=ORIENTED_EDGE('',*,*,#3656,.T.);
#1247=ORIENTED_EDGE('',*,*,#3657,.T.);
#1248=ORIENTED_EDGE('',*,*,#3658,.T.);
#1249=ORIENTED_EDGE('',*,*,#3659,.T.);
#1250=ORIENTED_EDGE('',*,*,#3660,.T.);
#1251=ORIENTED_EDGE('',*,*,#3661,.F.);
#1252=ORIENTED_EDGE('',*,*,#3662,.F.);
#1253=ORIENTED_EDGE('',*,*,#3663,.F.);
#1254=ORIENTED_EDGE('',*,*,#3664,.F.);
#1255=ORIENTED_EDGE('',*,*,#3665,.T.);
#1256=ORIENTED_EDGE('',*,*,#3666,.F.);
#1257=ORIENTED_EDGE('',*,*,#3667,.T.);
#1258=ORIENTED_EDGE('',*,*,#3668,.F.);
#1259=ORIENTED_EDGE('',*,*,#3669,.T.);
#1260=ORIENTED_EDGE('',*,*,#3670,.F.);
#1261=ORIENTED_EDGE('',*,*,#3671,.T.);
#1262=ORIENTED_EDGE('',*,*,#3649,.F.);
#1263=ORIENTED_EDGE('',*,*,#3413,.F.);
#1264=ORIENTED_EDGE('',*,*,#3672,.T.);
#1265=ORIENTED_EDGE('',*,*,#3543,.T.);
#1266=ORIENTED_EDGE('',*,*,#3673,.F.);
#1267=ORIENTED_EDGE('',*,*,#3674,.T.);
#1268=ORIENTED_EDGE('',*,*,#3675,.T.);
#1269=ORIENTED_EDGE('',*,*,#3676,.F.);
#1270=ORIENTED_EDGE('',*,*,#3677,.T.);
#1271=ORIENTED_EDGE('',*,*,#3678,.T.);
#1272=ORIENTED_EDGE('',*,*,#3675,.F.);
#1273=ORIENTED_EDGE('',*,*,#3679,.T.);
#1274=ORIENTED_EDGE('',*,*,#3680,.T.);
#1275=ORIENTED_EDGE('',*,*,#3544,.F.);
#1276=ORIENTED_EDGE('',*,*,#3672,.F.);
#1277=ORIENTED_EDGE('',*,*,#3412,.T.);
#1278=ORIENTED_EDGE('',*,*,#3681,.T.);
#1279=ORIENTED_EDGE('',*,*,#3604,.F.);
#1280=ORIENTED_EDGE('',*,*,#3682,.T.);
#1281=ORIENTED_EDGE('',*,*,#3681,.F.);
#1282=ORIENTED_EDGE('',*,*,#3683,.T.);
#1283=ORIENTED_EDGE('',*,*,#3682,.F.);
#1284=ORIENTED_EDGE('',*,*,#3684,.T.);
#1285=ORIENTED_EDGE('',*,*,#3685,.T.);
#1286=ORIENTED_EDGE('',*,*,#3632,.T.);
#1287=ORIENTED_EDGE('',*,*,#3686,.T.);
#1288=ORIENTED_EDGE('',*,*,#3687,.T.);
#1289=ORIENTED_EDGE('',*,*,#3688,.T.);
#1290=ORIENTED_EDGE('',*,*,#3636,.T.);
#1291=ORIENTED_EDGE('',*,*,#3689,.T.);
#1292=ORIENTED_EDGE('',*,*,#3690,.T.);
#1293=ORIENTED_EDGE('',*,*,#3691,.T.);
#1294=ORIENTED_EDGE('',*,*,#3630,.T.);
#1295=ORIENTED_EDGE('',*,*,#3692,.T.);
#1296=ORIENTED_EDGE('',*,*,#3693,.T.);
#1297=ORIENTED_EDGE('',*,*,#3694,.T.);
#1298=ORIENTED_EDGE('',*,*,#3634,.T.);
#1299=ORIENTED_EDGE('',*,*,#3695,.T.);
#1300=ORIENTED_EDGE('',*,*,#3696,.T.);
#1301=ORIENTED_EDGE('',*,*,#3697,.T.);
#1302=ORIENTED_EDGE('',*,*,#3638,.T.);
#1303=ORIENTED_EDGE('',*,*,#3698,.T.);
#1304=ORIENTED_EDGE('',*,*,#3699,.T.);
#1305=ORIENTED_EDGE('',*,*,#3700,.T.);
#1306=ORIENTED_EDGE('',*,*,#3640,.T.);
#1307=ORIENTED_EDGE('',*,*,#3701,.T.);
#1308=ORIENTED_EDGE('',*,*,#3702,.T.);
#1309=ORIENTED_EDGE('',*,*,#3703,.T.);
#1310=ORIENTED_EDGE('',*,*,#3628,.T.);
#1311=ORIENTED_EDGE('',*,*,#3704,.T.);
#1312=ORIENTED_EDGE('',*,*,#3705,.T.);
#1313=ORIENTED_EDGE('',*,*,#3706,.T.);
#1314=ORIENTED_EDGE('',*,*,#3626,.T.);
#1315=ORIENTED_EDGE('',*,*,#3707,.T.);
#1316=ORIENTED_EDGE('',*,*,#3708,.F.);
#1317=ORIENTED_EDGE('',*,*,#3684,.F.);
#1318=ORIENTED_EDGE('',*,*,#3709,.F.);
#1319=ORIENTED_EDGE('',*,*,#3690,.F.);
#1320=ORIENTED_EDGE('',*,*,#3710,.F.);
#1321=ORIENTED_EDGE('',*,*,#3702,.F.);
#1322=ORIENTED_EDGE('',*,*,#3711,.F.);
#1323=ORIENTED_EDGE('',*,*,#3705,.F.);
#1324=ORIENTED_EDGE('',*,*,#3709,.T.);
#1325=ORIENTED_EDGE('',*,*,#3686,.F.);
#1326=ORIENTED_EDGE('',*,*,#3631,.F.);
#1327=ORIENTED_EDGE('',*,*,#3691,.F.);
#1328=ORIENTED_EDGE('',*,*,#3625,.F.);
#1329=ORIENTED_EDGE('',*,*,#3685,.F.);
#1330=ORIENTED_EDGE('',*,*,#3708,.T.);
#1331=ORIENTED_EDGE('',*,*,#3707,.F.);
#1332=ORIENTED_EDGE('',*,*,#3711,.T.);
#1333=ORIENTED_EDGE('',*,*,#3704,.F.);
#1334=ORIENTED_EDGE('',*,*,#3627,.F.);
#1335=ORIENTED_EDGE('',*,*,#3706,.F.);
#1336=ORIENTED_EDGE('',*,*,#3710,.T.);
#1337=ORIENTED_EDGE('',*,*,#3692,.F.);
#1338=ORIENTED_EDGE('',*,*,#3629,.F.);
#1339=ORIENTED_EDGE('',*,*,#3703,.F.);
#1340=ORIENTED_EDGE('',*,*,#3712,.T.);
#1341=ORIENTED_EDGE('',*,*,#3696,.F.);
#1342=ORIENTED_EDGE('',*,*,#3713,.T.);
#1343=ORIENTED_EDGE('',*,*,#3687,.F.);
#1344=ORIENTED_EDGE('',*,*,#3714,.T.);
#1345=ORIENTED_EDGE('',*,*,#3693,.F.);
#1346=ORIENTED_EDGE('',*,*,#3715,.T.);
#1347=ORIENTED_EDGE('',*,*,#3699,.F.);
#1348=ORIENTED_EDGE('',*,*,#3637,.T.);
#1349=ORIENTED_EDGE('',*,*,#3688,.F.);
#1350=ORIENTED_EDGE('',*,*,#3713,.F.);
#1351=ORIENTED_EDGE('',*,*,#3698,.F.);
#1352=ORIENTED_EDGE('',*,*,#3714,.F.);
#1353=ORIENTED_EDGE('',*,*,#3689,.F.);
#1354=ORIENTED_EDGE('',*,*,#3635,.T.);
#1355=ORIENTED_EDGE('',*,*,#3694,.F.);
#1356=ORIENTED_EDGE('',*,*,#3715,.F.);
#1357=ORIENTED_EDGE('',*,*,#3695,.F.);
#1358=ORIENTED_EDGE('',*,*,#3633,.T.);
#1359=ORIENTED_EDGE('',*,*,#3700,.F.);
#1360=ORIENTED_EDGE('',*,*,#3639,.T.);
#1361=ORIENTED_EDGE('',*,*,#3697,.F.);
#1362=ORIENTED_EDGE('',*,*,#3712,.F.);
#1363=ORIENTED_EDGE('',*,*,#3701,.F.);
#1364=ORIENTED_EDGE('',*,*,#3662,.T.);
#1365=ORIENTED_EDGE('',*,*,#3716,.F.);
#1366=ORIENTED_EDGE('',*,*,#3716,.T.);
#1367=ORIENTED_EDGE('',*,*,#3717,.F.);
#1368=ORIENTED_EDGE('',*,*,#3717,.T.);
#1369=ORIENTED_EDGE('',*,*,#3718,.F.);
#1370=ORIENTED_EDGE('',*,*,#3718,.T.);
#1371=ORIENTED_EDGE('',*,*,#3719,.F.);
#1372=ORIENTED_EDGE('',*,*,#3720,.T.);
#1373=ORIENTED_EDGE('',*,*,#3488,.T.);
#1374=ORIENTED_EDGE('',*,*,#3721,.T.);
#1375=ORIENTED_EDGE('',*,*,#3719,.T.);
#1376=ORIENTED_EDGE('',*,*,#3722,.T.);
#1377=ORIENTED_EDGE('',*,*,#3723,.F.);
#1378=ORIENTED_EDGE('',*,*,#3724,.F.);
#1379=ORIENTED_EDGE('',*,*,#3663,.T.);
#1380=ORIENTED_EDGE('',*,*,#3725,.F.);
#1381=ORIENTED_EDGE('',*,*,#3725,.T.);
#1382=ORIENTED_EDGE('',*,*,#3726,.F.);
#1383=ORIENTED_EDGE('',*,*,#3726,.T.);
#1384=ORIENTED_EDGE('',*,*,#3727,.F.);
#1385=ORIENTED_EDGE('',*,*,#3727,.T.);
#1386=ORIENTED_EDGE('',*,*,#3728,.F.);
#1387=ORIENTED_EDGE('',*,*,#3729,.T.);
#1388=ORIENTED_EDGE('',*,*,#3492,.T.);
#1389=ORIENTED_EDGE('',*,*,#3730,.T.);
#1390=ORIENTED_EDGE('',*,*,#3728,.T.);
#1391=ORIENTED_EDGE('',*,*,#3731,.T.);
#1392=ORIENTED_EDGE('',*,*,#3732,.F.);
#1393=ORIENTED_EDGE('',*,*,#3733,.F.);
#1394=ORIENTED_EDGE('',*,*,#3734,.T.);
#1395=ORIENTED_EDGE('',*,*,#3735,.T.);
#1396=ORIENTED_EDGE('',*,*,#3736,.F.);
#1397=ORIENTED_EDGE('',*,*,#3737,.F.);
#1398=ORIENTED_EDGE('',*,*,#3738,.T.);
#1399=ORIENTED_EDGE('',*,*,#3734,.F.);
#1400=ORIENTED_EDGE('',*,*,#3739,.T.);
#1401=ORIENTED_EDGE('',*,*,#3484,.T.);
#1402=ORIENTED_EDGE('',*,*,#3740,.T.);
#1403=ORIENTED_EDGE('',*,*,#3741,.T.);
#1404=ORIENTED_EDGE('',*,*,#3738,.F.);
#1405=ORIENTED_EDGE('',*,*,#3742,.T.);
#1406=ORIENTED_EDGE('',*,*,#3741,.F.);
#1407=ORIENTED_EDGE('',*,*,#3661,.T.);
#1408=ORIENTED_EDGE('',*,*,#3742,.F.);
#1409=ORIENTED_EDGE('',*,*,#3743,.F.);
#1410=ORIENTED_EDGE('',*,*,#3744,.T.);
#1411=ORIENTED_EDGE('',*,*,#3745,.T.);
#1412=ORIENTED_EDGE('',*,*,#3746,.F.);
#1413=ORIENTED_EDGE('',*,*,#3747,.F.);
#1414=ORIENTED_EDGE('',*,*,#3743,.T.);
#1415=ORIENTED_EDGE('',*,*,#3748,.T.);
#1416=ORIENTED_EDGE('',*,*,#3518,.T.);
#1417=ORIENTED_EDGE('',*,*,#3749,.T.);
#1418=ORIENTED_EDGE('',*,*,#3750,.F.);
#1419=ORIENTED_EDGE('',*,*,#3747,.T.);
#1420=ORIENTED_EDGE('',*,*,#3751,.F.);
#1421=ORIENTED_EDGE('',*,*,#3750,.T.);
#1422=ORIENTED_EDGE('',*,*,#3624,.F.);
#1423=ORIENTED_EDGE('',*,*,#3751,.T.);
#1424=ORIENTED_EDGE('',*,*,#3752,.F.);
#1425=ORIENTED_EDGE('',*,*,#3753,.T.);
#1426=ORIENTED_EDGE('',*,*,#3754,.T.);
#1427=ORIENTED_EDGE('',*,*,#3755,.F.);
#1428=ORIENTED_EDGE('',*,*,#3756,.F.);
#1429=ORIENTED_EDGE('',*,*,#3752,.T.);
#1430=ORIENTED_EDGE('',*,*,#3757,.T.);
#1431=ORIENTED_EDGE('',*,*,#3522,.T.);
#1432=ORIENTED_EDGE('',*,*,#3758,.T.);
#1433=ORIENTED_EDGE('',*,*,#3759,.F.);
#1434=ORIENTED_EDGE('',*,*,#3756,.T.);
#1435=ORIENTED_EDGE('',*,*,#3760,.F.);
#1436=ORIENTED_EDGE('',*,*,#3759,.T.);
#1437=ORIENTED_EDGE('',*,*,#3623,.F.);
#1438=ORIENTED_EDGE('',*,*,#3760,.T.);
#1439=ORIENTED_EDGE('',*,*,#3761,.T.);
#1440=ORIENTED_EDGE('',*,*,#3762,.F.);
#1441=ORIENTED_EDGE('',*,*,#3762,.T.);
#1442=ORIENTED_EDGE('',*,*,#3763,.F.);
#1443=ORIENTED_EDGE('',*,*,#3763,.T.);
#1444=ORIENTED_EDGE('',*,*,#3570,.F.);
#1445=ORIENTED_EDGE('',*,*,#3764,.T.);
#1446=ORIENTED_EDGE('',*,*,#3765,.F.);
#1447=ORIENTED_EDGE('',*,*,#3765,.T.);
#1448=ORIENTED_EDGE('',*,*,#3766,.F.);
#1449=ORIENTED_EDGE('',*,*,#3766,.T.);
#1450=ORIENTED_EDGE('',*,*,#3571,.F.);
#1451=ORIENTED_EDGE('',*,*,#3767,.T.);
#1452=ORIENTED_EDGE('',*,*,#3569,.F.);
#1453=ORIENTED_EDGE('',*,*,#3768,.T.);
#1454=ORIENTED_EDGE('',*,*,#3767,.F.);
#1455=ORIENTED_EDGE('',*,*,#3769,.T.);
#1456=ORIENTED_EDGE('',*,*,#3768,.F.);
#1457=ORIENTED_EDGE('',*,*,#3770,.F.);
#1458=ORIENTED_EDGE('',*,*,#3606,.T.);
#1459=ORIENTED_EDGE('',*,*,#3771,.F.);
#1460=ORIENTED_EDGE('',*,*,#3770,.T.);
#1461=ORIENTED_EDGE('',*,*,#3772,.F.);
#1462=ORIENTED_EDGE('',*,*,#3771,.T.);
#1463=ORIENTED_EDGE('',*,*,#3773,.F.);
#1464=ORIENTED_EDGE('',*,*,#3607,.T.);
#1465=ORIENTED_EDGE('',*,*,#3774,.F.);
#1466=ORIENTED_EDGE('',*,*,#3773,.T.);
#1467=ORIENTED_EDGE('',*,*,#3775,.F.);
#1468=ORIENTED_EDGE('',*,*,#3774,.T.);
#1469=ORIENTED_EDGE('',*,*,#3776,.F.);
#1470=ORIENTED_EDGE('',*,*,#3777,.T.);
#1471=ORIENTED_EDGE('',*,*,#3778,.T.);
#1472=ORIENTED_EDGE('',*,*,#3779,.T.);
#1473=ORIENTED_EDGE('',*,*,#3780,.T.);
#1474=ORIENTED_EDGE('',*,*,#3781,.T.);
#1475=ORIENTED_EDGE('',*,*,#3782,.F.);
#1476=ORIENTED_EDGE('',*,*,#3783,.T.);
#1477=ORIENTED_EDGE('',*,*,#3784,.T.);
#1478=ORIENTED_EDGE('',*,*,#3785,.T.);
#1479=ORIENTED_EDGE('',*,*,#3786,.T.);
#1480=ORIENTED_EDGE('',*,*,#3787,.T.);
#1481=ORIENTED_EDGE('',*,*,#3783,.F.);
#1482=ORIENTED_EDGE('',*,*,#3788,.T.);
#1483=ORIENTED_EDGE('',*,*,#3781,.F.);
#1484=ORIENTED_EDGE('',*,*,#3789,.T.);
#1485=ORIENTED_EDGE('',*,*,#3790,.T.);
#1486=ORIENTED_EDGE('',*,*,#3791,.T.);
#1487=ORIENTED_EDGE('',*,*,#3792,.F.);
#1488=ORIENTED_EDGE('',*,*,#3793,.T.);
#1489=ORIENTED_EDGE('',*,*,#3794,.T.);
#1490=ORIENTED_EDGE('',*,*,#3795,.T.);
#1491=ORIENTED_EDGE('',*,*,#3796,.T.);
#1492=ORIENTED_EDGE('',*,*,#3797,.T.);
#1493=ORIENTED_EDGE('',*,*,#3798,.F.);
#1494=ORIENTED_EDGE('',*,*,#3799,.T.);
#1495=ORIENTED_EDGE('',*,*,#3800,.T.);
#1496=ORIENTED_EDGE('',*,*,#3801,.T.);
#1497=ORIENTED_EDGE('',*,*,#3802,.T.);
#1498=ORIENTED_EDGE('',*,*,#3803,.T.);
#1499=ORIENTED_EDGE('',*,*,#3804,.F.);
#1500=ORIENTED_EDGE('',*,*,#3805,.T.);
#1501=ORIENTED_EDGE('',*,*,#3806,.T.);
#1502=ORIENTED_EDGE('',*,*,#3807,.T.);
#1503=ORIENTED_EDGE('',*,*,#3808,.T.);
#1504=ORIENTED_EDGE('',*,*,#3809,.T.);
#1505=ORIENTED_EDGE('',*,*,#3810,.F.);
#1506=ORIENTED_EDGE('',*,*,#3811,.T.);
#1507=ORIENTED_EDGE('',*,*,#3812,.T.);
#1508=ORIENTED_EDGE('',*,*,#3813,.T.);
#1509=ORIENTED_EDGE('',*,*,#3814,.T.);
#1510=ORIENTED_EDGE('',*,*,#3815,.T.);
#1511=ORIENTED_EDGE('',*,*,#3811,.F.);
#1512=ORIENTED_EDGE('',*,*,#3816,.T.);
#1513=ORIENTED_EDGE('',*,*,#3809,.F.);
#1514=ORIENTED_EDGE('',*,*,#3817,.T.);
#1515=ORIENTED_EDGE('',*,*,#3818,.T.);
#1516=ORIENTED_EDGE('',*,*,#3819,.T.);
#1517=ORIENTED_EDGE('',*,*,#3820,.F.);
#1518=ORIENTED_EDGE('',*,*,#3821,.T.);
#1519=ORIENTED_EDGE('',*,*,#3822,.F.);
#1520=ORIENTED_EDGE('',*,*,#3823,.T.);
#1521=ORIENTED_EDGE('',*,*,#3824,.F.);
#1522=ORIENTED_EDGE('',*,*,#3825,.T.);
#1523=ORIENTED_EDGE('',*,*,#3826,.F.);
#1524=ORIENTED_EDGE('',*,*,#3827,.T.);
#1525=ORIENTED_EDGE('',*,*,#3828,.F.);
#1526=ORIENTED_EDGE('',*,*,#3829,.T.);
#1527=ORIENTED_EDGE('',*,*,#3830,.F.);
#1528=ORIENTED_EDGE('',*,*,#3831,.T.);
#1529=ORIENTED_EDGE('',*,*,#3832,.F.);
#1530=ORIENTED_EDGE('',*,*,#3833,.T.);
#1531=ORIENTED_EDGE('',*,*,#3834,.T.);
#1532=ORIENTED_EDGE('',*,*,#3835,.T.);
#1533=ORIENTED_EDGE('',*,*,#3836,.T.);
#1534=ORIENTED_EDGE('',*,*,#3837,.T.);
#1535=ORIENTED_EDGE('',*,*,#3838,.F.);
#1536=ORIENTED_EDGE('',*,*,#3839,.T.);
#1537=ORIENTED_EDGE('',*,*,#3840,.T.);
#1538=ORIENTED_EDGE('',*,*,#3841,.T.);
#1539=ORIENTED_EDGE('',*,*,#3842,.T.);
#1540=ORIENTED_EDGE('',*,*,#3843,.T.);
#1541=ORIENTED_EDGE('',*,*,#3839,.F.);
#1542=ORIENTED_EDGE('',*,*,#3844,.T.);
#1543=ORIENTED_EDGE('',*,*,#3837,.F.);
#1544=ORIENTED_EDGE('',*,*,#3845,.T.);
#1545=ORIENTED_EDGE('',*,*,#3846,.T.);
#1546=ORIENTED_EDGE('',*,*,#3847,.T.);
#1547=ORIENTED_EDGE('',*,*,#3848,.F.);
#1548=ORIENTED_EDGE('',*,*,#3849,.T.);
#1549=ORIENTED_EDGE('',*,*,#3850,.T.);
#1550=ORIENTED_EDGE('',*,*,#3851,.T.);
#1551=ORIENTED_EDGE('',*,*,#3852,.T.);
#1552=ORIENTED_EDGE('',*,*,#3853,.T.);
#1553=ORIENTED_EDGE('',*,*,#3854,.F.);
#1554=ORIENTED_EDGE('',*,*,#3855,.T.);
#1555=ORIENTED_EDGE('',*,*,#3856,.T.);
#1556=ORIENTED_EDGE('',*,*,#3857,.T.);
#1557=ORIENTED_EDGE('',*,*,#3858,.T.);
#1558=ORIENTED_EDGE('',*,*,#3859,.T.);
#1559=ORIENTED_EDGE('',*,*,#3860,.F.);
#1560=ORIENTED_EDGE('',*,*,#3861,.F.);
#1561=ORIENTED_EDGE('',*,*,#3862,.F.);
#1562=ORIENTED_EDGE('',*,*,#3863,.F.);
#1563=ORIENTED_EDGE('',*,*,#3864,.F.);
#1564=ORIENTED_EDGE('',*,*,#3865,.F.);
#1565=ORIENTED_EDGE('',*,*,#3866,.F.);
#1566=ORIENTED_EDGE('',*,*,#3867,.F.);
#1567=ORIENTED_EDGE('',*,*,#3868,.F.);
#1568=ORIENTED_EDGE('',*,*,#3869,.F.);
#1569=ORIENTED_EDGE('',*,*,#3870,.F.);
#1570=ORIENTED_EDGE('',*,*,#3871,.F.);
#1571=ORIENTED_EDGE('',*,*,#3872,.F.);
#1572=ORIENTED_EDGE('',*,*,#3873,.T.);
#1573=ORIENTED_EDGE('',*,*,#3874,.T.);
#1574=ORIENTED_EDGE('',*,*,#3875,.T.);
#1575=ORIENTED_EDGE('',*,*,#3876,.T.);
#1576=ORIENTED_EDGE('',*,*,#3877,.T.);
#1577=ORIENTED_EDGE('',*,*,#3878,.F.);
#1578=ORIENTED_EDGE('',*,*,#3879,.T.);
#1579=ORIENTED_EDGE('',*,*,#3880,.T.);
#1580=ORIENTED_EDGE('',*,*,#3881,.T.);
#1581=ORIENTED_EDGE('',*,*,#3882,.T.);
#1582=ORIENTED_EDGE('',*,*,#3883,.T.);
#1583=ORIENTED_EDGE('',*,*,#3879,.F.);
#1584=ORIENTED_EDGE('',*,*,#3884,.T.);
#1585=ORIENTED_EDGE('',*,*,#3877,.F.);
#1586=ORIENTED_EDGE('',*,*,#3885,.T.);
#1587=ORIENTED_EDGE('',*,*,#3886,.T.);
#1588=ORIENTED_EDGE('',*,*,#3887,.T.);
#1589=ORIENTED_EDGE('',*,*,#3888,.T.);
#1590=ORIENTED_EDGE('',*,*,#3889,.T.);
#1591=ORIENTED_EDGE('',*,*,#3890,.T.);
#1592=ORIENTED_EDGE('',*,*,#3891,.F.);
#1593=ORIENTED_EDGE('',*,*,#3892,.T.);
#1594=ORIENTED_EDGE('',*,*,#3893,.F.);
#1595=ORIENTED_EDGE('',*,*,#3894,.T.);
#1596=ORIENTED_EDGE('',*,*,#3895,.T.);
#1597=ORIENTED_EDGE('',*,*,#3896,.T.);
#1598=ORIENTED_EDGE('',*,*,#3897,.F.);
#1599=ORIENTED_EDGE('',*,*,#3898,.T.);
#1600=ORIENTED_EDGE('',*,*,#3899,.F.);
#1601=ORIENTED_EDGE('',*,*,#3900,.F.);
#1602=ORIENTED_EDGE('',*,*,#3901,.T.);
#1603=ORIENTED_EDGE('',*,*,#3902,.T.);
#1604=ORIENTED_EDGE('',*,*,#3903,.T.);
#1605=ORIENTED_EDGE('',*,*,#3904,.T.);
#1606=ORIENTED_EDGE('',*,*,#3905,.T.);
#1607=ORIENTED_EDGE('',*,*,#3906,.F.);
#1608=ORIENTED_EDGE('',*,*,#3907,.T.);
#1609=ORIENTED_EDGE('',*,*,#3908,.T.);
#1610=ORIENTED_EDGE('',*,*,#3909,.T.);
#1611=ORIENTED_EDGE('',*,*,#3910,.T.);
#1612=ORIENTED_EDGE('',*,*,#3911,.T.);
#1613=ORIENTED_EDGE('',*,*,#3907,.F.);
#1614=ORIENTED_EDGE('',*,*,#3912,.T.);
#1615=ORIENTED_EDGE('',*,*,#3905,.F.);
#1616=ORIENTED_EDGE('',*,*,#3913,.T.);
#1617=ORIENTED_EDGE('',*,*,#3914,.T.);
#1618=ORIENTED_EDGE('',*,*,#3915,.T.);
#1619=ORIENTED_EDGE('',*,*,#3916,.F.);
#1620=ORIENTED_EDGE('',*,*,#3917,.F.);
#1621=ORIENTED_EDGE('',*,*,#3918,.F.);
#1622=ORIENTED_EDGE('',*,*,#3919,.F.);
#1623=ORIENTED_EDGE('',*,*,#3920,.F.);
#1624=ORIENTED_EDGE('',*,*,#3921,.F.);
#1625=ORIENTED_EDGE('',*,*,#3922,.F.);
#1626=ORIENTED_EDGE('',*,*,#3923,.F.);
#1627=ORIENTED_EDGE('',*,*,#3924,.F.);
#1628=ORIENTED_EDGE('',*,*,#3925,.F.);
#1629=ORIENTED_EDGE('',*,*,#3926,.F.);
#1630=ORIENTED_EDGE('',*,*,#3927,.F.);
#1631=ORIENTED_EDGE('',*,*,#3928,.F.);
#1632=ORIENTED_EDGE('',*,*,#3929,.T.);
#1633=ORIENTED_EDGE('',*,*,#3930,.T.);
#1634=ORIENTED_EDGE('',*,*,#3931,.T.);
#1635=ORIENTED_EDGE('',*,*,#3932,.T.);
#1636=ORIENTED_EDGE('',*,*,#3933,.T.);
#1637=ORIENTED_EDGE('',*,*,#3934,.F.);
#1638=ORIENTED_EDGE('',*,*,#3935,.T.);
#1639=ORIENTED_EDGE('',*,*,#3936,.T.);
#1640=ORIENTED_EDGE('',*,*,#3937,.T.);
#1641=ORIENTED_EDGE('',*,*,#3938,.T.);
#1642=ORIENTED_EDGE('',*,*,#3939,.T.);
#1643=ORIENTED_EDGE('',*,*,#3935,.F.);
#1644=ORIENTED_EDGE('',*,*,#3940,.T.);
#1645=ORIENTED_EDGE('',*,*,#3933,.F.);
#1646=ORIENTED_EDGE('',*,*,#3941,.T.);
#1647=ORIENTED_EDGE('',*,*,#3942,.T.);
#1648=ORIENTED_EDGE('',*,*,#3943,.T.);
#1649=ORIENTED_EDGE('',*,*,#3926,.T.);
#1650=ORIENTED_EDGE('',*,*,#3944,.T.);
#1651=ORIENTED_EDGE('',*,*,#3945,.T.);
#1652=ORIENTED_EDGE('',*,*,#3946,.T.);
#1653=ORIENTED_EDGE('',*,*,#3864,.T.);
#1654=ORIENTED_EDGE('',*,*,#3947,.T.);
#1655=ORIENTED_EDGE('',*,*,#3948,.T.);
#1656=ORIENTED_EDGE('',*,*,#3949,.T.);
#1657=ORIENTED_EDGE('',*,*,#3862,.T.);
#1658=ORIENTED_EDGE('',*,*,#3950,.T.);
#1659=ORIENTED_EDGE('',*,*,#3951,.T.);
#1660=ORIENTED_EDGE('',*,*,#3952,.T.);
#1661=ORIENTED_EDGE('',*,*,#3870,.T.);
#1662=ORIENTED_EDGE('',*,*,#3953,.T.);
#1663=ORIENTED_EDGE('',*,*,#3954,.T.);
#1664=ORIENTED_EDGE('',*,*,#3955,.T.);
#1665=ORIENTED_EDGE('',*,*,#3868,.T.);
#1666=ORIENTED_EDGE('',*,*,#3956,.T.);
#1667=ORIENTED_EDGE('',*,*,#3957,.T.);
#1668=ORIENTED_EDGE('',*,*,#3958,.T.);
#1669=ORIENTED_EDGE('',*,*,#3891,.T.);
#1670=ORIENTED_EDGE('',*,*,#3959,.T.);
#1671=ORIENTED_EDGE('',*,*,#3960,.T.);
#1672=ORIENTED_EDGE('',*,*,#3961,.T.);
#1673=ORIENTED_EDGE('',*,*,#3893,.T.);
#1674=ORIENTED_EDGE('',*,*,#3962,.T.);
#1675=ORIENTED_EDGE('',*,*,#3963,.T.);
#1676=ORIENTED_EDGE('',*,*,#3964,.T.);
#1677=ORIENTED_EDGE('',*,*,#3897,.T.);
#1678=ORIENTED_EDGE('',*,*,#3965,.T.);
#1679=ORIENTED_EDGE('',*,*,#3966,.T.);
#1680=ORIENTED_EDGE('',*,*,#3967,.T.);
#1681=ORIENTED_EDGE('',*,*,#3899,.T.);
#1682=ORIENTED_EDGE('',*,*,#3968,.T.);
#1683=ORIENTED_EDGE('',*,*,#3969,.T.);
#1684=ORIENTED_EDGE('',*,*,#3970,.T.);
#1685=ORIENTED_EDGE('',*,*,#3920,.T.);
#1686=ORIENTED_EDGE('',*,*,#3971,.T.);
#1687=ORIENTED_EDGE('',*,*,#3972,.T.);
#1688=ORIENTED_EDGE('',*,*,#3973,.T.);
#1689=ORIENTED_EDGE('',*,*,#3918,.T.);
#1690=ORIENTED_EDGE('',*,*,#3974,.T.);
#1691=ORIENTED_EDGE('',*,*,#3975,.T.);
#1692=ORIENTED_EDGE('',*,*,#3976,.T.);
#1693=ORIENTED_EDGE('',*,*,#3924,.T.);
#1694=ORIENTED_EDGE('',*,*,#3977,.T.);
#1695=ORIENTED_EDGE('',*,*,#3978,.T.);
#1696=ORIENTED_EDGE('',*,*,#3979,.T.);
#1697=ORIENTED_EDGE('',*,*,#3980,.F.);
#1698=ORIENTED_EDGE('',*,*,#3953,.F.);
#1699=ORIENTED_EDGE('',*,*,#3869,.T.);
#1700=ORIENTED_EDGE('',*,*,#3958,.F.);
#1701=ORIENTED_EDGE('',*,*,#3981,.F.);
#1702=ORIENTED_EDGE('',*,*,#3865,.T.);
#1703=ORIENTED_EDGE('',*,*,#3949,.F.);
#1704=ORIENTED_EDGE('',*,*,#3982,.F.);
#1705=ORIENTED_EDGE('',*,*,#3956,.F.);
#1706=ORIENTED_EDGE('',*,*,#3867,.T.);
#1707=ORIENTED_EDGE('',*,*,#3983,.F.);
#1708=ORIENTED_EDGE('',*,*,#3947,.F.);
#1709=ORIENTED_EDGE('',*,*,#3863,.T.);
#1710=ORIENTED_EDGE('',*,*,#3952,.F.);
#1711=ORIENTED_EDGE('',*,*,#3984,.F.);
#1712=ORIENTED_EDGE('',*,*,#3871,.T.);
#1713=ORIENTED_EDGE('',*,*,#3955,.F.);
#1714=ORIENTED_EDGE('',*,*,#3985,.F.);
#1715=ORIENTED_EDGE('',*,*,#3950,.F.);
#1716=ORIENTED_EDGE('',*,*,#3861,.T.);
#1717=ORIENTED_EDGE('',*,*,#3986,.F.);
#1718=ORIENTED_EDGE('',*,*,#3927,.T.);
#1719=ORIENTED_EDGE('',*,*,#3946,.F.);
#1720=ORIENTED_EDGE('',*,*,#3987,.F.);
#1721=ORIENTED_EDGE('',*,*,#3974,.F.);
#1722=ORIENTED_EDGE('',*,*,#3917,.T.);
#1723=ORIENTED_EDGE('',*,*,#3988,.F.);
#1724=ORIENTED_EDGE('',*,*,#3944,.F.);
#1725=ORIENTED_EDGE('',*,*,#3925,.T.);
#1726=ORIENTED_EDGE('',*,*,#3979,.F.);
#1727=ORIENTED_EDGE('',*,*,#3989,.F.);
#1728=ORIENTED_EDGE('',*,*,#3921,.T.);
#1729=ORIENTED_EDGE('',*,*,#3973,.F.);
#1730=ORIENTED_EDGE('',*,*,#3990,.F.);
#1731=ORIENTED_EDGE('',*,*,#3977,.F.);
#1732=ORIENTED_EDGE('',*,*,#3923,.T.);
#1733=ORIENTED_EDGE('',*,*,#3991,.F.);
#1734=ORIENTED_EDGE('',*,*,#3971,.F.);
#1735=ORIENTED_EDGE('',*,*,#3919,.T.);
#1736=ORIENTED_EDGE('',*,*,#3976,.F.);
#1737=ORIENTED_EDGE('',*,*,#3896,.F.);
#1738=ORIENTED_EDGE('',*,*,#3992,.T.);
#1739=ORIENTED_EDGE('',*,*,#3888,.F.);
#1740=ORIENTED_EDGE('',*,*,#3964,.F.);
#1741=ORIENTED_EDGE('',*,*,#3993,.T.);
#1742=ORIENTED_EDGE('',*,*,#3965,.F.);
#1743=ORIENTED_EDGE('',*,*,#3898,.F.);
#1744=ORIENTED_EDGE('',*,*,#3967,.F.);
#1745=ORIENTED_EDGE('',*,*,#3994,.T.);
#1746=ORIENTED_EDGE('',*,*,#3968,.F.);
#1747=ORIENTED_EDGE('',*,*,#3890,.F.);
#1748=ORIENTED_EDGE('',*,*,#3995,.T.);
#1749=ORIENTED_EDGE('',*,*,#3894,.F.);
#1750=ORIENTED_EDGE('',*,*,#3970,.F.);
#1751=ORIENTED_EDGE('',*,*,#3996,.T.);
#1752=ORIENTED_EDGE('',*,*,#3959,.F.);
#1753=ORIENTED_EDGE('',*,*,#3892,.F.);
#1754=ORIENTED_EDGE('',*,*,#3961,.F.);
#1755=ORIENTED_EDGE('',*,*,#3997,.T.);
#1756=ORIENTED_EDGE('',*,*,#3962,.F.);
#1757=ORIENTED_EDGE('',*,*,#3998,.F.);
#1758=ORIENTED_EDGE('',*,*,#3999,.T.);
#1759=ORIENTED_EDGE('',*,*,#4000,.F.);
#1760=ORIENTED_EDGE('',*,*,#4001,.T.);
#1761=ORIENTED_EDGE('',*,*,#4002,.F.);
#1762=ORIENTED_EDGE('',*,*,#4003,.T.);
#1763=ORIENTED_EDGE('',*,*,#4004,.F.);
#1764=ORIENTED_EDGE('',*,*,#4005,.T.);
#1765=ORIENTED_EDGE('',*,*,#4006,.F.);
#1766=ORIENTED_EDGE('',*,*,#4007,.T.);
#1767=ORIENTED_EDGE('',*,*,#4008,.F.);
#1768=ORIENTED_EDGE('',*,*,#4009,.T.);
#1769=ORIENTED_EDGE('',*,*,#4010,.F.);
#1770=ORIENTED_EDGE('',*,*,#4011,.T.);
#1771=ORIENTED_EDGE('',*,*,#4012,.F.);
#1772=ORIENTED_EDGE('',*,*,#4013,.T.);
#1773=ORIENTED_EDGE('',*,*,#4014,.T.);
#1774=ORIENTED_EDGE('',*,*,#4015,.T.);
#1775=ORIENTED_EDGE('',*,*,#4016,.T.);
#1776=ORIENTED_EDGE('',*,*,#4017,.T.);
#1777=ORIENTED_EDGE('',*,*,#4018,.T.);
#1778=ORIENTED_EDGE('',*,*,#4019,.T.);
#1779=ORIENTED_EDGE('',*,*,#4020,.F.);
#1780=ORIENTED_EDGE('',*,*,#4021,.F.);
#1781=ORIENTED_EDGE('',*,*,#4022,.F.);
#1782=ORIENTED_EDGE('',*,*,#4023,.F.);
#1783=ORIENTED_EDGE('',*,*,#4024,.F.);
#1784=ORIENTED_EDGE('',*,*,#4025,.F.);
#1785=ORIENTED_EDGE('',*,*,#4026,.T.);
#1786=ORIENTED_EDGE('',*,*,#4027,.T.);
#1787=ORIENTED_EDGE('',*,*,#4028,.F.);
#1788=ORIENTED_EDGE('',*,*,#4029,.F.);
#1789=ORIENTED_EDGE('',*,*,#4030,.T.);
#1790=ORIENTED_EDGE('',*,*,#4031,.T.);
#1791=ORIENTED_EDGE('',*,*,#4032,.F.);
#1792=ORIENTED_EDGE('',*,*,#4033,.F.);
#1793=ORIENTED_EDGE('',*,*,#4034,.T.);
#1794=ORIENTED_EDGE('',*,*,#4035,.T.);
#1795=ORIENTED_EDGE('',*,*,#4036,.T.);
#1796=ORIENTED_EDGE('',*,*,#4037,.T.);
#1797=ORIENTED_EDGE('',*,*,#4038,.T.);
#1798=ORIENTED_EDGE('',*,*,#4039,.T.);
#1799=ORIENTED_EDGE('',*,*,#4040,.T.);
#1800=ORIENTED_EDGE('',*,*,#4041,.T.);
#1801=ORIENTED_EDGE('',*,*,#4042,.T.);
#1802=ORIENTED_EDGE('',*,*,#4043,.T.);
#1803=ORIENTED_EDGE('',*,*,#4027,.F.);
#1804=ORIENTED_EDGE('',*,*,#4044,.F.);
#1805=ORIENTED_EDGE('',*,*,#4045,.T.);
#1806=ORIENTED_EDGE('',*,*,#4046,.T.);
#1807=ORIENTED_EDGE('',*,*,#3530,.T.);
#1808=ORIENTED_EDGE('',*,*,#4047,.T.);
#1809=ORIENTED_EDGE('',*,*,#4048,.F.);
#1810=ORIENTED_EDGE('',*,*,#4049,.F.);
#1811=ORIENTED_EDGE('',*,*,#4025,.T.);
#1812=ORIENTED_EDGE('',*,*,#4050,.T.);
#1813=ORIENTED_EDGE('',*,*,#3772,.T.);
#1814=ORIENTED_EDGE('',*,*,#4049,.T.);
#1815=ORIENTED_EDGE('',*,*,#4051,.T.);
#1816=ORIENTED_EDGE('',*,*,#4044,.T.);
#1817=ORIENTED_EDGE('',*,*,#4026,.F.);
#1818=ORIENTED_EDGE('',*,*,#4052,.F.);
#1819=ORIENTED_EDGE('',*,*,#4045,.F.);
#1820=ORIENTED_EDGE('',*,*,#4051,.F.);
#1821=ORIENTED_EDGE('',*,*,#4048,.T.);
#1822=ORIENTED_EDGE('',*,*,#4053,.T.);
#1823=ORIENTED_EDGE('',*,*,#4054,.T.);
#1824=ORIENTED_EDGE('',*,*,#4031,.F.);
#1825=ORIENTED_EDGE('',*,*,#4055,.F.);
#1826=ORIENTED_EDGE('',*,*,#4056,.T.);
#1827=ORIENTED_EDGE('',*,*,#4057,.T.);
#1828=ORIENTED_EDGE('',*,*,#4058,.T.);
#1829=ORIENTED_EDGE('',*,*,#4059,.T.);
#1830=ORIENTED_EDGE('',*,*,#4060,.F.);
#1831=ORIENTED_EDGE('',*,*,#4061,.F.);
#1832=ORIENTED_EDGE('',*,*,#4029,.T.);
#1833=ORIENTED_EDGE('',*,*,#4062,.T.);
#1834=ORIENTED_EDGE('',*,*,#3775,.T.);
#1835=ORIENTED_EDGE('',*,*,#4061,.T.);
#1836=ORIENTED_EDGE('',*,*,#4063,.T.);
#1837=ORIENTED_EDGE('',*,*,#4055,.T.);
#1838=ORIENTED_EDGE('',*,*,#4030,.F.);
#1839=ORIENTED_EDGE('',*,*,#4064,.F.);
#1840=ORIENTED_EDGE('',*,*,#4056,.F.);
#1841=ORIENTED_EDGE('',*,*,#4063,.F.);
#1842=ORIENTED_EDGE('',*,*,#4060,.T.);
#1843=ORIENTED_EDGE('',*,*,#3480,.T.);
#1844=ORIENTED_EDGE('',*,*,#4065,.T.);
#1845=ORIENTED_EDGE('',*,*,#4019,.F.);
#1846=ORIENTED_EDGE('',*,*,#4066,.F.);
#1847=ORIENTED_EDGE('',*,*,#4067,.T.);
#1848=ORIENTED_EDGE('',*,*,#4068,.T.);
#1849=ORIENTED_EDGE('',*,*,#4069,.T.);
#1850=ORIENTED_EDGE('',*,*,#4070,.T.);
#1851=ORIENTED_EDGE('',*,*,#4071,.F.);
#1852=ORIENTED_EDGE('',*,*,#4072,.F.);
#1853=ORIENTED_EDGE('',*,*,#4033,.T.);
#1854=ORIENTED_EDGE('',*,*,#4073,.T.);
#1855=ORIENTED_EDGE('',*,*,#4074,.T.);
#1856=ORIENTED_EDGE('',*,*,#4072,.T.);
#1857=ORIENTED_EDGE('',*,*,#4075,.T.);
#1858=ORIENTED_EDGE('',*,*,#4066,.T.);
#1859=ORIENTED_EDGE('',*,*,#4018,.F.);
#1860=ORIENTED_EDGE('',*,*,#4076,.F.);
#1861=ORIENTED_EDGE('',*,*,#4067,.F.);
#1862=ORIENTED_EDGE('',*,*,#4075,.F.);
#1863=ORIENTED_EDGE('',*,*,#4071,.T.);
#1864=ORIENTED_EDGE('',*,*,#4077,.F.);
#1865=ORIENTED_EDGE('',*,*,#4078,.T.);
#1866=ORIENTED_EDGE('',*,*,#4079,.F.);
#1867=ORIENTED_EDGE('',*,*,#4080,.T.);
#1868=ORIENTED_EDGE('',*,*,#4081,.F.);
#1869=ORIENTED_EDGE('',*,*,#4082,.T.);
#1870=ORIENTED_EDGE('',*,*,#4083,.F.);
#1871=ORIENTED_EDGE('',*,*,#4084,.T.);
#1872=ORIENTED_EDGE('',*,*,#4078,.F.);
#1873=ORIENTED_EDGE('',*,*,#4085,.T.);
#1874=ORIENTED_EDGE('',*,*,#4080,.F.);
#1875=ORIENTED_EDGE('',*,*,#4086,.T.);
#1876=ORIENTED_EDGE('',*,*,#4082,.F.);
#1877=ORIENTED_EDGE('',*,*,#4087,.T.);
#1878=ORIENTED_EDGE('',*,*,#4084,.F.);
#1879=ORIENTED_EDGE('',*,*,#4088,.T.);
#1880=ORIENTED_EDGE('',*,*,#4089,.F.);
#1881=ORIENTED_EDGE('',*,*,#4077,.T.);
#1882=ORIENTED_EDGE('',*,*,#4090,.F.);
#1883=ORIENTED_EDGE('',*,*,#4079,.T.);
#1884=ORIENTED_EDGE('',*,*,#4091,.F.);
#1885=ORIENTED_EDGE('',*,*,#4081,.T.);
#1886=ORIENTED_EDGE('',*,*,#4092,.F.);
#1887=ORIENTED_EDGE('',*,*,#4083,.T.);
#1888=ORIENTED_EDGE('',*,*,#4085,.F.);
#1889=ORIENTED_EDGE('',*,*,#4093,.T.);
#1890=ORIENTED_EDGE('',*,*,#4086,.F.);
#1891=ORIENTED_EDGE('',*,*,#4094,.T.);
#1892=ORIENTED_EDGE('',*,*,#4087,.F.);
#1893=ORIENTED_EDGE('',*,*,#4095,.T.);
#1894=ORIENTED_EDGE('',*,*,#4088,.F.);
#1895=ORIENTED_EDGE('',*,*,#4096,.T.);
#1896=ORIENTED_EDGE('',*,*,#3904,.F.);
#1897=ORIENTED_EDGE('',*,*,#4097,.F.);
#1898=ORIENTED_EDGE('',*,*,#4098,.F.);
#1899=ORIENTED_EDGE('',*,*,#3913,.F.);
#1900=ORIENTED_EDGE('',*,*,#3908,.F.);
#1901=ORIENTED_EDGE('',*,*,#3915,.F.);
#1902=ORIENTED_EDGE('',*,*,#4099,.F.);
#1903=ORIENTED_EDGE('',*,*,#4100,.F.);
#1904=ORIENTED_EDGE('',*,*,#4101,.T.);
#1905=ORIENTED_EDGE('',*,*,#4102,.T.);
#1906=ORIENTED_EDGE('',*,*,#3909,.F.);
#1907=ORIENTED_EDGE('',*,*,#4100,.T.);
#1908=ORIENTED_EDGE('',*,*,#3910,.F.);
#1909=ORIENTED_EDGE('',*,*,#4102,.F.);
#1910=ORIENTED_EDGE('',*,*,#4103,.F.);
#1911=ORIENTED_EDGE('',*,*,#4104,.F.);
#1912=ORIENTED_EDGE('',*,*,#4105,.F.);
#1913=ORIENTED_EDGE('',*,*,#3911,.F.);
#1914=ORIENTED_EDGE('',*,*,#4104,.T.);
#1915=ORIENTED_EDGE('',*,*,#4106,.T.);
#1916=ORIENTED_EDGE('',*,*,#4107,.T.);
#1917=ORIENTED_EDGE('',*,*,#3901,.F.);
#1918=ORIENTED_EDGE('',*,*,#3902,.F.);
#1919=ORIENTED_EDGE('',*,*,#4107,.F.);
#1920=ORIENTED_EDGE('',*,*,#4108,.F.);
#1921=ORIENTED_EDGE('',*,*,#4109,.F.);
#1922=ORIENTED_EDGE('',*,*,#4110,.T.);
#1923=ORIENTED_EDGE('',*,*,#4097,.T.);
#1924=ORIENTED_EDGE('',*,*,#3903,.F.);
#1925=ORIENTED_EDGE('',*,*,#4109,.T.);
#1926=ORIENTED_EDGE('',*,*,#3930,.F.);
#1927=ORIENTED_EDGE('',*,*,#4111,.F.);
#1928=ORIENTED_EDGE('',*,*,#4112,.F.);
#1929=ORIENTED_EDGE('',*,*,#4113,.F.);
#1930=ORIENTED_EDGE('',*,*,#3931,.F.);
#1931=ORIENTED_EDGE('',*,*,#4113,.T.);
#1932=ORIENTED_EDGE('',*,*,#4114,.T.);
#1933=ORIENTED_EDGE('',*,*,#4115,.T.);
#1934=ORIENTED_EDGE('',*,*,#3932,.F.);
#1935=ORIENTED_EDGE('',*,*,#4115,.F.);
#1936=ORIENTED_EDGE('',*,*,#4116,.F.);
#1937=ORIENTED_EDGE('',*,*,#3941,.F.);
#1938=ORIENTED_EDGE('',*,*,#3936,.F.);
#1939=ORIENTED_EDGE('',*,*,#3943,.F.);
#1940=ORIENTED_EDGE('',*,*,#4117,.F.);
#1941=ORIENTED_EDGE('',*,*,#4118,.F.);
#1942=ORIENTED_EDGE('',*,*,#3937,.F.);
#1943=ORIENTED_EDGE('',*,*,#4118,.T.);
#1944=ORIENTED_EDGE('',*,*,#4119,.T.);
#1945=ORIENTED_EDGE('',*,*,#4120,.T.);
#1946=ORIENTED_EDGE('',*,*,#3938,.F.);
#1947=ORIENTED_EDGE('',*,*,#4120,.F.);
#1948=ORIENTED_EDGE('',*,*,#4121,.F.);
#1949=ORIENTED_EDGE('',*,*,#4122,.F.);
#1950=ORIENTED_EDGE('',*,*,#4123,.F.);
#1951=ORIENTED_EDGE('',*,*,#3939,.F.);
#1952=ORIENTED_EDGE('',*,*,#4122,.T.);
#1953=ORIENTED_EDGE('',*,*,#4124,.T.);
#1954=ORIENTED_EDGE('',*,*,#4111,.T.);
#1955=ORIENTED_EDGE('',*,*,#3929,.F.);
#1956=ORIENTED_EDGE('',*,*,#3880,.F.);
#1957=ORIENTED_EDGE('',*,*,#3887,.F.);
#1958=ORIENTED_EDGE('',*,*,#4125,.F.);
#1959=ORIENTED_EDGE('',*,*,#4126,.F.);
#1960=ORIENTED_EDGE('',*,*,#3881,.F.);
#1961=ORIENTED_EDGE('',*,*,#4126,.T.);
#1962=ORIENTED_EDGE('',*,*,#4127,.T.);
#1963=ORIENTED_EDGE('',*,*,#4128,.T.);
#1964=ORIENTED_EDGE('',*,*,#3882,.F.);
#1965=ORIENTED_EDGE('',*,*,#4128,.F.);
#1966=ORIENTED_EDGE('',*,*,#4129,.F.);
#1967=ORIENTED_EDGE('',*,*,#4130,.F.);
#1968=ORIENTED_EDGE('',*,*,#4131,.F.);
#1969=ORIENTED_EDGE('',*,*,#3883,.F.);
#1970=ORIENTED_EDGE('',*,*,#4130,.T.);
#1971=ORIENTED_EDGE('',*,*,#4132,.T.);
#1972=ORIENTED_EDGE('',*,*,#4133,.T.);
#1973=ORIENTED_EDGE('',*,*,#3873,.F.);
#1974=ORIENTED_EDGE('',*,*,#3874,.F.);
#1975=ORIENTED_EDGE('',*,*,#4133,.F.);
#1976=ORIENTED_EDGE('',*,*,#4134,.F.);
#1977=ORIENTED_EDGE('',*,*,#4135,.F.);
#1978=ORIENTED_EDGE('',*,*,#4136,.T.);
#1979=ORIENTED_EDGE('',*,*,#4137,.T.);
#1980=ORIENTED_EDGE('',*,*,#3875,.F.);
#1981=ORIENTED_EDGE('',*,*,#4135,.T.);
#1982=ORIENTED_EDGE('',*,*,#3876,.F.);
#1983=ORIENTED_EDGE('',*,*,#4137,.F.);
#1984=ORIENTED_EDGE('',*,*,#4138,.F.);
#1985=ORIENTED_EDGE('',*,*,#3885,.F.);
#1986=ORIENTED_EDGE('',*,*,#4139,.F.);
#1987=ORIENTED_EDGE('',*,*,#4140,.T.);
#1988=ORIENTED_EDGE('',*,*,#4141,.F.);
#1989=ORIENTED_EDGE('',*,*,#4142,.T.);
#1990=ORIENTED_EDGE('',*,*,#4143,.F.);
#1991=ORIENTED_EDGE('',*,*,#4144,.T.);
#1992=ORIENTED_EDGE('',*,*,#4145,.F.);
#1993=ORIENTED_EDGE('',*,*,#4146,.T.);
#1994=ORIENTED_EDGE('',*,*,#4147,.F.);
#1995=ORIENTED_EDGE('',*,*,#4089,.T.);
#1996=ORIENTED_EDGE('',*,*,#4148,.F.);
#1997=ORIENTED_EDGE('',*,*,#4090,.T.);
#1998=ORIENTED_EDGE('',*,*,#4149,.F.);
#1999=ORIENTED_EDGE('',*,*,#4091,.T.);
#2000=ORIENTED_EDGE('',*,*,#4150,.F.);
#2001=ORIENTED_EDGE('',*,*,#4092,.T.);
#2002=ORIENTED_EDGE('',*,*,#4151,.T.);
#2003=ORIENTED_EDGE('',*,*,#4152,.F.);
#2004=ORIENTED_EDGE('',*,*,#4153,.T.);
#2005=ORIENTED_EDGE('',*,*,#4154,.F.);
#2006=ORIENTED_EDGE('',*,*,#3761,.F.);
#2007=ORIENTED_EDGE('',*,*,#4155,.F.);
#2008=ORIENTED_EDGE('',*,*,#4156,.F.);
#2009=ORIENTED_EDGE('',*,*,#4157,.F.);
#2010=ORIENTED_EDGE('',*,*,#4158,.F.);
#2011=ORIENTED_EDGE('',*,*,#4159,.T.);
#2012=ORIENTED_EDGE('',*,*,#4160,.F.);
#2013=ORIENTED_EDGE('',*,*,#4161,.T.);
#2014=ORIENTED_EDGE('',*,*,#4162,.F.);
#2015=ORIENTED_EDGE('',*,*,#3886,.F.);
#2016=ORIENTED_EDGE('',*,*,#4138,.T.);
#2017=ORIENTED_EDGE('',*,*,#4136,.F.);
#2018=ORIENTED_EDGE('',*,*,#4134,.T.);
#2019=ORIENTED_EDGE('',*,*,#4132,.F.);
#2020=ORIENTED_EDGE('',*,*,#4129,.T.);
#2021=ORIENTED_EDGE('',*,*,#4127,.F.);
#2022=ORIENTED_EDGE('',*,*,#4125,.T.);
#2023=ORIENTED_EDGE('',*,*,#4124,.F.);
#2024=ORIENTED_EDGE('',*,*,#4121,.T.);
#2025=ORIENTED_EDGE('',*,*,#4119,.F.);
#2026=ORIENTED_EDGE('',*,*,#4117,.T.);
#2027=ORIENTED_EDGE('',*,*,#3942,.F.);
#2028=ORIENTED_EDGE('',*,*,#4116,.T.);
#2029=ORIENTED_EDGE('',*,*,#4114,.F.);
#2030=ORIENTED_EDGE('',*,*,#4112,.T.);
#2031=ORIENTED_EDGE('',*,*,#4110,.F.);
#2032=ORIENTED_EDGE('',*,*,#4108,.T.);
#2033=ORIENTED_EDGE('',*,*,#4106,.F.);
#2034=ORIENTED_EDGE('',*,*,#4103,.T.);
#2035=ORIENTED_EDGE('',*,*,#4101,.F.);
#2036=ORIENTED_EDGE('',*,*,#4099,.T.);
#2037=ORIENTED_EDGE('',*,*,#3914,.F.);
#2038=ORIENTED_EDGE('',*,*,#4098,.T.);
#2039=ORIENTED_EDGE('',*,*,#4096,.F.);
#2040=ORIENTED_EDGE('',*,*,#4095,.F.);
#2041=ORIENTED_EDGE('',*,*,#4094,.F.);
#2042=ORIENTED_EDGE('',*,*,#4093,.F.);
#2043=ORIENTED_EDGE('',*,*,#4163,.T.);
#2044=ORIENTED_EDGE('',*,*,#4164,.T.);
#2045=ORIENTED_EDGE('',*,*,#4165,.T.);
#2046=ORIENTED_EDGE('',*,*,#4166,.T.);
#2047=ORIENTED_EDGE('',*,*,#4167,.F.);
#2048=ORIENTED_EDGE('',*,*,#4145,.T.);
#2049=ORIENTED_EDGE('',*,*,#4168,.F.);
#2050=ORIENTED_EDGE('',*,*,#4143,.T.);
#2051=ORIENTED_EDGE('',*,*,#4169,.F.);
#2052=ORIENTED_EDGE('',*,*,#4141,.T.);
#2053=ORIENTED_EDGE('',*,*,#4170,.F.);
#2054=ORIENTED_EDGE('',*,*,#4139,.T.);
#2055=ORIENTED_EDGE('',*,*,#4140,.F.);
#2056=ORIENTED_EDGE('',*,*,#4171,.T.);
#2057=ORIENTED_EDGE('',*,*,#4142,.F.);
#2058=ORIENTED_EDGE('',*,*,#4172,.T.);
#2059=ORIENTED_EDGE('',*,*,#4144,.F.);
#2060=ORIENTED_EDGE('',*,*,#4173,.T.);
#2061=ORIENTED_EDGE('',*,*,#4146,.F.);
#2062=ORIENTED_EDGE('',*,*,#4174,.T.);
#2063=ORIENTED_EDGE('',*,*,#3764,.F.);
#2064=ORIENTED_EDGE('',*,*,#4175,.F.);
#2065=ORIENTED_EDGE('',*,*,#4176,.F.);
#2066=ORIENTED_EDGE('',*,*,#4177,.F.);
#2067=ORIENTED_EDGE('',*,*,#4178,.F.);
#2068=ORIENTED_EDGE('',*,*,#3997,.F.);
#2069=ORIENTED_EDGE('',*,*,#3960,.F.);
#2070=ORIENTED_EDGE('',*,*,#3996,.F.);
#2071=ORIENTED_EDGE('',*,*,#3969,.F.);
#2072=ORIENTED_EDGE('',*,*,#3994,.F.);
#2073=ORIENTED_EDGE('',*,*,#3966,.F.);
#2074=ORIENTED_EDGE('',*,*,#3993,.F.);
#2075=ORIENTED_EDGE('',*,*,#3963,.F.);
#2076=ORIENTED_EDGE('',*,*,#3988,.T.);
#2077=ORIENTED_EDGE('',*,*,#3978,.F.);
#2078=ORIENTED_EDGE('',*,*,#3990,.T.);
#2079=ORIENTED_EDGE('',*,*,#3972,.F.);
#2080=ORIENTED_EDGE('',*,*,#3991,.T.);
#2081=ORIENTED_EDGE('',*,*,#3975,.F.);
#2082=ORIENTED_EDGE('',*,*,#3987,.T.);
#2083=ORIENTED_EDGE('',*,*,#3945,.F.);
#2084=ORIENTED_EDGE('',*,*,#3982,.T.);
#2085=ORIENTED_EDGE('',*,*,#3948,.F.);
#2086=ORIENTED_EDGE('',*,*,#3983,.T.);
#2087=ORIENTED_EDGE('',*,*,#3951,.F.);
#2088=ORIENTED_EDGE('',*,*,#3985,.T.);
#2089=ORIENTED_EDGE('',*,*,#3954,.F.);
#2090=ORIENTED_EDGE('',*,*,#3980,.T.);
#2091=ORIENTED_EDGE('',*,*,#3957,.F.);
#2092=ORIENTED_EDGE('',*,*,#4153,.F.);
#2093=ORIENTED_EDGE('',*,*,#4179,.F.);
#2094=ORIENTED_EDGE('',*,*,#4155,.T.);
#2095=ORIENTED_EDGE('',*,*,#4180,.T.);
#2096=ORIENTED_EDGE('',*,*,#4161,.F.);
#2097=ORIENTED_EDGE('',*,*,#4181,.F.);
#2098=ORIENTED_EDGE('',*,*,#4175,.T.);
#2099=ORIENTED_EDGE('',*,*,#4182,.T.);
#2100=ORIENTED_EDGE('',*,*,#4183,.F.);
#2101=ORIENTED_EDGE('',*,*,#4184,.F.);
#2102=ORIENTED_EDGE('',*,*,#4185,.F.);
#2103=ORIENTED_EDGE('',*,*,#4186,.F.);
#2104=ORIENTED_EDGE('',*,*,#4187,.F.);
#2105=ORIENTED_EDGE('',*,*,#4188,.F.);
#2106=ORIENTED_EDGE('',*,*,#4189,.T.);
#2107=ORIENTED_EDGE('',*,*,#4190,.T.);
#2108=ORIENTED_EDGE('',*,*,#4150,.T.);
#2109=ORIENTED_EDGE('',*,*,#4149,.T.);
#2110=ORIENTED_EDGE('',*,*,#4148,.T.);
#2111=ORIENTED_EDGE('',*,*,#4147,.T.);
#2112=ORIENTED_EDGE('',*,*,#3769,.F.);
#2113=ORIENTED_EDGE('',*,*,#4189,.F.);
#2114=ORIENTED_EDGE('',*,*,#4191,.F.);
#2115=ORIENTED_EDGE('',*,*,#4192,.F.);
#2116=ORIENTED_EDGE('',*,*,#4193,.F.);
#2117=ORIENTED_EDGE('',*,*,#4194,.F.);
#2118=ORIENTED_EDGE('',*,*,#4195,.F.);
#2119=ORIENTED_EDGE('',*,*,#4192,.T.);
#2120=ORIENTED_EDGE('',*,*,#4196,.T.);
#2121=ORIENTED_EDGE('',*,*,#4197,.T.);
#2122=ORIENTED_EDGE('',*,*,#4154,.T.);
#2123=ORIENTED_EDGE('',*,*,#4190,.F.);
#2124=ORIENTED_EDGE('',*,*,#4193,.T.);
#2125=ORIENTED_EDGE('',*,*,#4195,.T.);
#2126=ORIENTED_EDGE('',*,*,#4198,.F.);
#2127=ORIENTED_EDGE('',*,*,#4151,.F.);
#2128=ORIENTED_EDGE('',*,*,#4197,.F.);
#2129=ORIENTED_EDGE('',*,*,#4199,.T.);
#2130=ORIENTED_EDGE('',*,*,#4200,.F.);
#2131=ORIENTED_EDGE('',*,*,#4200,.T.);
#2132=ORIENTED_EDGE('',*,*,#4201,.F.);
#2133=ORIENTED_EDGE('',*,*,#4202,.F.);
#2134=ORIENTED_EDGE('',*,*,#4156,.T.);
#2135=ORIENTED_EDGE('',*,*,#4179,.T.);
#2136=ORIENTED_EDGE('',*,*,#4152,.T.);
#2137=ORIENTED_EDGE('',*,*,#4203,.F.);
#2138=ORIENTED_EDGE('',*,*,#4204,.F.);
#2139=ORIENTED_EDGE('',*,*,#4157,.T.);
#2140=ORIENTED_EDGE('',*,*,#4202,.T.);
#2141=ORIENTED_EDGE('',*,*,#4205,.T.);
#2142=ORIENTED_EDGE('',*,*,#4162,.T.);
#2143=ORIENTED_EDGE('',*,*,#4180,.F.);
#2144=ORIENTED_EDGE('',*,*,#4158,.T.);
#2145=ORIENTED_EDGE('',*,*,#4204,.T.);
#2146=ORIENTED_EDGE('',*,*,#4206,.F.);
#2147=ORIENTED_EDGE('',*,*,#4159,.F.);
#2148=ORIENTED_EDGE('',*,*,#4205,.F.);
#2149=ORIENTED_EDGE('',*,*,#4207,.T.);
#2150=ORIENTED_EDGE('',*,*,#4208,.F.);
#2151=ORIENTED_EDGE('',*,*,#4208,.T.);
#2152=ORIENTED_EDGE('',*,*,#4209,.F.);
#2153=ORIENTED_EDGE('',*,*,#4210,.F.);
#2154=ORIENTED_EDGE('',*,*,#4176,.T.);
#2155=ORIENTED_EDGE('',*,*,#4181,.T.);
#2156=ORIENTED_EDGE('',*,*,#4160,.T.);
#2157=ORIENTED_EDGE('',*,*,#4211,.F.);
#2158=ORIENTED_EDGE('',*,*,#4212,.F.);
#2159=ORIENTED_EDGE('',*,*,#4177,.T.);
#2160=ORIENTED_EDGE('',*,*,#4210,.T.);
#2161=ORIENTED_EDGE('',*,*,#3429,.F.);
#2162=ORIENTED_EDGE('',*,*,#4213,.F.);
#2163=ORIENTED_EDGE('',*,*,#4214,.F.);
#2164=ORIENTED_EDGE('',*,*,#4215,.T.);
#2165=ORIENTED_EDGE('',*,*,#4216,.T.);
#2166=ORIENTED_EDGE('',*,*,#4217,.T.);
#2167=ORIENTED_EDGE('',*,*,#3438,.F.);
#2168=ORIENTED_EDGE('',*,*,#4218,.F.);
#2169=ORIENTED_EDGE('',*,*,#4219,.F.);
#2170=ORIENTED_EDGE('',*,*,#4213,.T.);
#2171=ORIENTED_EDGE('',*,*,#3428,.F.);
#2172=ORIENTED_EDGE('',*,*,#4220,.T.);
#2173=ORIENTED_EDGE('',*,*,#3437,.F.);
#2174=ORIENTED_EDGE('',*,*,#4221,.F.);
#2175=ORIENTED_EDGE('',*,*,#4222,.F.);
#2176=ORIENTED_EDGE('',*,*,#4218,.T.);
#2177=ORIENTED_EDGE('',*,*,#3436,.F.);
#2178=ORIENTED_EDGE('',*,*,#4223,.T.);
#2179=ORIENTED_EDGE('',*,*,#4224,.T.);
#2180=ORIENTED_EDGE('',*,*,#4225,.T.);
#2181=ORIENTED_EDGE('',*,*,#3430,.F.);
#2182=ORIENTED_EDGE('',*,*,#4215,.F.);
#2183=ORIENTED_EDGE('',*,*,#4226,.F.);
#2184=ORIENTED_EDGE('',*,*,#4221,.T.);
#2185=ORIENTED_EDGE('',*,*,#4227,.T.);
#2186=ORIENTED_EDGE('',*,*,#4228,.T.);
#2187=ORIENTED_EDGE('',*,*,#3448,.F.);
#2188=ORIENTED_EDGE('',*,*,#4229,.F.);
#2189=ORIENTED_EDGE('',*,*,#4165,.F.);
#2190=ORIENTED_EDGE('',*,*,#4230,.T.);
#2191=ORIENTED_EDGE('',*,*,#3454,.F.);
#2192=ORIENTED_EDGE('',*,*,#4231,.T.);
#2193=ORIENTED_EDGE('',*,*,#3447,.F.);
#2194=ORIENTED_EDGE('',*,*,#4232,.F.);
#2195=ORIENTED_EDGE('',*,*,#4166,.F.);
#2196=ORIENTED_EDGE('',*,*,#4229,.T.);
#2197=ORIENTED_EDGE('',*,*,#3446,.F.);
#2198=ORIENTED_EDGE('',*,*,#4233,.T.);
#2199=ORIENTED_EDGE('',*,*,#4234,.T.);
#2200=ORIENTED_EDGE('',*,*,#4235,.T.);
#2201=ORIENTED_EDGE('',*,*,#3440,.F.);
#2202=ORIENTED_EDGE('',*,*,#4236,.F.);
#2203=ORIENTED_EDGE('',*,*,#4163,.F.);
#2204=ORIENTED_EDGE('',*,*,#4232,.T.);
#2205=ORIENTED_EDGE('',*,*,#3455,.F.);
#2206=ORIENTED_EDGE('',*,*,#4230,.F.);
#2207=ORIENTED_EDGE('',*,*,#4164,.F.);
#2208=ORIENTED_EDGE('',*,*,#4236,.T.);
#2209=ORIENTED_EDGE('',*,*,#4237,.F.);
#2210=ORIENTED_EDGE('',*,*,#4167,.T.);
#2211=ORIENTED_EDGE('',*,*,#4238,.F.);
#2212=ORIENTED_EDGE('',*,*,#4168,.T.);
#2213=ORIENTED_EDGE('',*,*,#4239,.F.);
#2214=ORIENTED_EDGE('',*,*,#4169,.T.);
#2215=ORIENTED_EDGE('',*,*,#4240,.F.);
#2216=ORIENTED_EDGE('',*,*,#4170,.T.);
#2217=ORIENTED_EDGE('',*,*,#3514,.T.);
#2218=ORIENTED_EDGE('',*,*,#4241,.T.);
#2219=ORIENTED_EDGE('',*,*,#4182,.F.);
#2220=ORIENTED_EDGE('',*,*,#4178,.T.);
#2221=ORIENTED_EDGE('',*,*,#4212,.T.);
#2222=ORIENTED_EDGE('',*,*,#4242,.F.);
#2223=ORIENTED_EDGE('',*,*,#4241,.F.);
#2224=ORIENTED_EDGE('',*,*,#3513,.T.);
#2225=ORIENTED_EDGE('',*,*,#4243,.T.);
#2226=ORIENTED_EDGE('',*,*,#4183,.T.);
#2227=ORIENTED_EDGE('',*,*,#4244,.T.);
#2228=ORIENTED_EDGE('',*,*,#4245,.T.);
#2229=ORIENTED_EDGE('',*,*,#3506,.T.);
#2230=ORIENTED_EDGE('',*,*,#4246,.T.);
#2231=ORIENTED_EDGE('',*,*,#4184,.T.);
#2232=ORIENTED_EDGE('',*,*,#4243,.F.);
#2233=ORIENTED_EDGE('',*,*,#3512,.T.);
#2234=ORIENTED_EDGE('',*,*,#4247,.T.);
#2235=ORIENTED_EDGE('',*,*,#4246,.F.);
#2236=ORIENTED_EDGE('',*,*,#3505,.T.);
#2237=ORIENTED_EDGE('',*,*,#4248,.T.);
#2238=ORIENTED_EDGE('',*,*,#4185,.T.);
#2239=ORIENTED_EDGE('',*,*,#3504,.T.);
#2240=ORIENTED_EDGE('',*,*,#4249,.T.);
#2241=ORIENTED_EDGE('',*,*,#4250,.T.);
#2242=ORIENTED_EDGE('',*,*,#4251,.T.);
#2243=ORIENTED_EDGE('',*,*,#3498,.T.);
#2244=ORIENTED_EDGE('',*,*,#4252,.T.);
#2245=ORIENTED_EDGE('',*,*,#4186,.T.);
#2246=ORIENTED_EDGE('',*,*,#4248,.F.);
#2247=ORIENTED_EDGE('',*,*,#3497,.T.);
#2248=ORIENTED_EDGE('',*,*,#4253,.F.);
#2249=ORIENTED_EDGE('',*,*,#4187,.T.);
#2250=ORIENTED_EDGE('',*,*,#4252,.F.);
#2251=ORIENTED_EDGE('',*,*,#3496,.T.);
#2252=ORIENTED_EDGE('',*,*,#4254,.F.);
#2253=ORIENTED_EDGE('',*,*,#4196,.F.);
#2254=ORIENTED_EDGE('',*,*,#4191,.T.);
#2255=ORIENTED_EDGE('',*,*,#4188,.T.);
#2256=ORIENTED_EDGE('',*,*,#4253,.T.);
#2257=ORIENTED_EDGE('',*,*,#3495,.F.);
#2258=ORIENTED_EDGE('',*,*,#4255,.F.);
#2259=ORIENTED_EDGE('',*,*,#3457,.T.);
#2260=ORIENTED_EDGE('',*,*,#4256,.T.);
#2261=ORIENTED_EDGE('',*,*,#3515,.F.);
#2262=ORIENTED_EDGE('',*,*,#4242,.T.);
#2263=ORIENTED_EDGE('',*,*,#4211,.T.);
#2264=ORIENTED_EDGE('',*,*,#4209,.T.);
#2265=ORIENTED_EDGE('',*,*,#4207,.F.);
#2266=ORIENTED_EDGE('',*,*,#4206,.T.);
#2267=ORIENTED_EDGE('',*,*,#4203,.T.);
#2268=ORIENTED_EDGE('',*,*,#4201,.T.);
#2269=ORIENTED_EDGE('',*,*,#4199,.F.);
#2270=ORIENTED_EDGE('',*,*,#4198,.T.);
#2271=ORIENTED_EDGE('',*,*,#4194,.T.);
#2272=ORIENTED_EDGE('',*,*,#4254,.T.);
#2273=ORIENTED_EDGE('',*,*,#4257,.F.);
#2274=ORIENTED_EDGE('',*,*,#3482,.F.);
#2275=ORIENTED_EDGE('',*,*,#4258,.F.);
#2276=ORIENTED_EDGE('',*,*,#3458,.T.);
#2277=ORIENTED_EDGE('',*,*,#4255,.T.);
#2278=ORIENTED_EDGE('',*,*,#3494,.F.);
#2279=ORIENTED_EDGE('',*,*,#4259,.F.);
#2280=ORIENTED_EDGE('',*,*,#3732,.T.);
#2281=ORIENTED_EDGE('',*,*,#4260,.F.);
#2282=ORIENTED_EDGE('',*,*,#3490,.F.);
#2283=ORIENTED_EDGE('',*,*,#4261,.F.);
#2284=ORIENTED_EDGE('',*,*,#3723,.T.);
#2285=ORIENTED_EDGE('',*,*,#4262,.F.);
#2286=ORIENTED_EDGE('',*,*,#3486,.F.);
#2287=ORIENTED_EDGE('',*,*,#4263,.F.);
#2288=ORIENTED_EDGE('',*,*,#3736,.T.);
#2289=ORIENTED_EDGE('',*,*,#4264,.F.);
#2290=ORIENTED_EDGE('',*,*,#4265,.F.);
#2291=ORIENTED_EDGE('',*,*,#4266,.F.);
#2292=ORIENTED_EDGE('',*,*,#3524,.F.);
#2293=ORIENTED_EDGE('',*,*,#4267,.F.);
#2294=ORIENTED_EDGE('',*,*,#3754,.F.);
#2295=ORIENTED_EDGE('',*,*,#4268,.F.);
#2296=ORIENTED_EDGE('',*,*,#3520,.F.);
#2297=ORIENTED_EDGE('',*,*,#4269,.F.);
#2298=ORIENTED_EDGE('',*,*,#3745,.F.);
#2299=ORIENTED_EDGE('',*,*,#4270,.F.);
#2300=ORIENTED_EDGE('',*,*,#3516,.F.);
#2301=ORIENTED_EDGE('',*,*,#4256,.F.);
#2302=ORIENTED_EDGE('',*,*,#3456,.T.);
#2303=ORIENTED_EDGE('',*,*,#4271,.T.);
#2304=ORIENTED_EDGE('',*,*,#3528,.F.);
#2305=ORIENTED_EDGE('',*,*,#4014,.F.);
#2306=ORIENTED_EDGE('',*,*,#4237,.T.);
#2307=ORIENTED_EDGE('',*,*,#4015,.F.);
#2308=ORIENTED_EDGE('',*,*,#4238,.T.);
#2309=ORIENTED_EDGE('',*,*,#4016,.F.);
#2310=ORIENTED_EDGE('',*,*,#4239,.T.);
#2311=ORIENTED_EDGE('',*,*,#4017,.F.);
#2312=ORIENTED_EDGE('',*,*,#4240,.T.);
#2313=ORIENTED_EDGE('',*,*,#4272,.F.);
#2314=ORIENTED_EDGE('',*,*,#3471,.T.);
#2315=ORIENTED_EDGE('',*,*,#4273,.T.);
#2316=ORIENTED_EDGE('',*,*,#4022,.T.);
#2317=ORIENTED_EDGE('',*,*,#4274,.T.);
#2318=ORIENTED_EDGE('',*,*,#4275,.T.);
#2319=ORIENTED_EDGE('',*,*,#3472,.T.);
#2320=ORIENTED_EDGE('',*,*,#4272,.T.);
#2321=ORIENTED_EDGE('',*,*,#4021,.T.);
#2322=ORIENTED_EDGE('',*,*,#4276,.F.);
#2323=ORIENTED_EDGE('',*,*,#3478,.T.);
#2324=ORIENTED_EDGE('',*,*,#4277,.T.);
#2325=ORIENTED_EDGE('',*,*,#4069,.F.);
#2326=ORIENTED_EDGE('',*,*,#4278,.F.);
#2327=ORIENTED_EDGE('',*,*,#4053,.F.);
#2328=ORIENTED_EDGE('',*,*,#4279,.T.);
#2329=ORIENTED_EDGE('',*,*,#4058,.F.);
#2330=ORIENTED_EDGE('',*,*,#4280,.F.);
#2331=ORIENTED_EDGE('',*,*,#4042,.F.);
#2332=ORIENTED_EDGE('',*,*,#4281,.T.);
#2333=ORIENTED_EDGE('',*,*,#3470,.T.);
#2334=ORIENTED_EDGE('',*,*,#4282,.T.);
#2335=ORIENTED_EDGE('',*,*,#4283,.T.);
#2336=ORIENTED_EDGE('',*,*,#4284,.T.);
#2337=ORIENTED_EDGE('',*,*,#3464,.T.);
#2338=ORIENTED_EDGE('',*,*,#4285,.T.);
#2339=ORIENTED_EDGE('',*,*,#4023,.T.);
#2340=ORIENTED_EDGE('',*,*,#4273,.F.);
#2341=ORIENTED_EDGE('',*,*,#4050,.F.);
#2342=ORIENTED_EDGE('',*,*,#4024,.T.);
#2343=ORIENTED_EDGE('',*,*,#4285,.F.);
#2344=ORIENTED_EDGE('',*,*,#3531,.T.);
#2345=ORIENTED_EDGE('',*,*,#4062,.F.);
#2346=ORIENTED_EDGE('',*,*,#4028,.T.);
#2347=ORIENTED_EDGE('',*,*,#4043,.F.);
#2348=ORIENTED_EDGE('',*,*,#4280,.T.);
#2349=ORIENTED_EDGE('',*,*,#4073,.F.);
#2350=ORIENTED_EDGE('',*,*,#4032,.T.);
#2351=ORIENTED_EDGE('',*,*,#4054,.F.);
#2352=ORIENTED_EDGE('',*,*,#4278,.T.);
#2353=ORIENTED_EDGE('',*,*,#4065,.F.);
#2354=ORIENTED_EDGE('',*,*,#3479,.T.);
#2355=ORIENTED_EDGE('',*,*,#4276,.T.);
#2356=ORIENTED_EDGE('',*,*,#4020,.T.);
#2357=ORIENTED_EDGE('',*,*,#4068,.F.);
#2358=ORIENTED_EDGE('',*,*,#4076,.T.);
#2359=ORIENTED_EDGE('',*,*,#4070,.F.);
#2360=ORIENTED_EDGE('',*,*,#4279,.F.);
#2361=ORIENTED_EDGE('',*,*,#4057,.F.);
#2362=ORIENTED_EDGE('',*,*,#4064,.T.);
#2363=ORIENTED_EDGE('',*,*,#4059,.F.);
#2364=ORIENTED_EDGE('',*,*,#4281,.F.);
#2365=ORIENTED_EDGE('',*,*,#4046,.F.);
#2366=ORIENTED_EDGE('',*,*,#4052,.T.);
#2367=ORIENTED_EDGE('',*,*,#4047,.F.);
#2368=ORIENTED_EDGE('',*,*,#3529,.F.);
#2369=ORIENTED_EDGE('',*,*,#4271,.F.);
#2370=ORIENTED_EDGE('',*,*,#3459,.T.);
#2371=ORIENTED_EDGE('',*,*,#4258,.T.);
#2372=ORIENTED_EDGE('',*,*,#3481,.F.);
#2373=ORIENTED_EDGE('',*,*,#3806,.F.);
#2374=ORIENTED_EDGE('',*,*,#4286,.F.);
#2375=ORIENTED_EDGE('',*,*,#4287,.F.);
#2376=ORIENTED_EDGE('',*,*,#4288,.F.);
#2377=ORIENTED_EDGE('',*,*,#4289,.F.);
#2378=ORIENTED_EDGE('',*,*,#3815,.F.);
#2379=ORIENTED_EDGE('',*,*,#4290,.T.);
#2380=ORIENTED_EDGE('',*,*,#4291,.T.);
#2381=ORIENTED_EDGE('',*,*,#4286,.T.);
#2382=ORIENTED_EDGE('',*,*,#3805,.F.);
#2383=ORIENTED_EDGE('',*,*,#3814,.F.);
#2384=ORIENTED_EDGE('',*,*,#4292,.F.);
#2385=ORIENTED_EDGE('',*,*,#4293,.F.);
#2386=ORIENTED_EDGE('',*,*,#4290,.F.);
#2387=ORIENTED_EDGE('',*,*,#4294,.T.);
#2388=ORIENTED_EDGE('',*,*,#4292,.T.);
#2389=ORIENTED_EDGE('',*,*,#3813,.F.);
#2390=ORIENTED_EDGE('',*,*,#4295,.T.);
#2391=ORIENTED_EDGE('',*,*,#4296,.T.);
#2392=ORIENTED_EDGE('',*,*,#4297,.T.);
#2393=ORIENTED_EDGE('',*,*,#3807,.F.);
#2394=ORIENTED_EDGE('',*,*,#4288,.T.);
#2395=ORIENTED_EDGE('',*,*,#3786,.F.);
#2396=ORIENTED_EDGE('',*,*,#4298,.F.);
#2397=ORIENTED_EDGE('',*,*,#4299,.F.);
#2398=ORIENTED_EDGE('',*,*,#4300,.F.);
#2399=ORIENTED_EDGE('',*,*,#3785,.F.);
#2400=ORIENTED_EDGE('',*,*,#4301,.T.);
#2401=ORIENTED_EDGE('',*,*,#4302,.T.);
#2402=ORIENTED_EDGE('',*,*,#4298,.T.);
#2403=ORIENTED_EDGE('',*,*,#3779,.F.);
#2404=ORIENTED_EDGE('',*,*,#4303,.T.);
#2405=ORIENTED_EDGE('',*,*,#4304,.T.);
#2406=ORIENTED_EDGE('',*,*,#4305,.T.);
#2407=ORIENTED_EDGE('',*,*,#3778,.F.);
#2408=ORIENTED_EDGE('',*,*,#4306,.F.);
#2409=ORIENTED_EDGE('',*,*,#4307,.F.);
#2410=ORIENTED_EDGE('',*,*,#4303,.F.);
#2411=ORIENTED_EDGE('',*,*,#4308,.F.);
#2412=ORIENTED_EDGE('',*,*,#3787,.F.);
#2413=ORIENTED_EDGE('',*,*,#4300,.T.);
#2414=ORIENTED_EDGE('',*,*,#4309,.T.);
#2415=ORIENTED_EDGE('',*,*,#4306,.T.);
#2416=ORIENTED_EDGE('',*,*,#3777,.F.);
#2417=ORIENTED_EDGE('',*,*,#3835,.F.);
#2418=ORIENTED_EDGE('',*,*,#4310,.T.);
#2419=ORIENTED_EDGE('',*,*,#4311,.T.);
#2420=ORIENTED_EDGE('',*,*,#4312,.T.);
#2421=ORIENTED_EDGE('',*,*,#3834,.F.);
#2422=ORIENTED_EDGE('',*,*,#4313,.F.);
#2423=ORIENTED_EDGE('',*,*,#4314,.F.);
#2424=ORIENTED_EDGE('',*,*,#4310,.F.);
#2425=ORIENTED_EDGE('',*,*,#4315,.F.);
#2426=ORIENTED_EDGE('',*,*,#3843,.F.);
#2427=ORIENTED_EDGE('',*,*,#4316,.T.);
#2428=ORIENTED_EDGE('',*,*,#4317,.T.);
#2429=ORIENTED_EDGE('',*,*,#4313,.T.);
#2430=ORIENTED_EDGE('',*,*,#3833,.F.);
#2431=ORIENTED_EDGE('',*,*,#3842,.F.);
#2432=ORIENTED_EDGE('',*,*,#4318,.F.);
#2433=ORIENTED_EDGE('',*,*,#4319,.F.);
#2434=ORIENTED_EDGE('',*,*,#4316,.F.);
#2435=ORIENTED_EDGE('',*,*,#4320,.T.);
#2436=ORIENTED_EDGE('',*,*,#4318,.T.);
#2437=ORIENTED_EDGE('',*,*,#3841,.F.);
#2438=ORIENTED_EDGE('',*,*,#4321,.T.);
#2439=ORIENTED_EDGE('',*,*,#3812,.F.);
#2440=ORIENTED_EDGE('',*,*,#3819,.F.);
#2441=ORIENTED_EDGE('',*,*,#4322,.F.);
#2442=ORIENTED_EDGE('',*,*,#4295,.F.);
#2443=ORIENTED_EDGE('',*,*,#3784,.F.);
#2444=ORIENTED_EDGE('',*,*,#3791,.F.);
#2445=ORIENTED_EDGE('',*,*,#4323,.F.);
#2446=ORIENTED_EDGE('',*,*,#4301,.F.);
#2447=ORIENTED_EDGE('',*,*,#3840,.F.);
#2448=ORIENTED_EDGE('',*,*,#3847,.F.);
#2449=ORIENTED_EDGE('',*,*,#4324,.F.);
#2450=ORIENTED_EDGE('',*,*,#4321,.F.);
#2451=ORIENTED_EDGE('',*,*,#4309,.F.);
#2452=ORIENTED_EDGE('',*,*,#4299,.T.);
#2453=ORIENTED_EDGE('',*,*,#4302,.F.);
#2454=ORIENTED_EDGE('',*,*,#4323,.T.);
#2455=ORIENTED_EDGE('',*,*,#3790,.F.);
#2456=ORIENTED_EDGE('',*,*,#4325,.T.);
#2457=ORIENTED_EDGE('',*,*,#4304,.F.);
#2458=ORIENTED_EDGE('',*,*,#4307,.T.);
#2459=ORIENTED_EDGE('',*,*,#4219,.T.);
#2460=ORIENTED_EDGE('',*,*,#4222,.T.);
#2461=ORIENTED_EDGE('',*,*,#4226,.T.);
#2462=ORIENTED_EDGE('',*,*,#4214,.T.);
#2463=ORIENTED_EDGE('',*,*,#4174,.F.);
#2464=ORIENTED_EDGE('',*,*,#4173,.F.);
#2465=ORIENTED_EDGE('',*,*,#4172,.F.);
#2466=ORIENTED_EDGE('',*,*,#4171,.F.);
#2467=ORIENTED_EDGE('',*,*,#4291,.F.);
#2468=ORIENTED_EDGE('',*,*,#4293,.T.);
#2469=ORIENTED_EDGE('',*,*,#4294,.F.);
#2470=ORIENTED_EDGE('',*,*,#4322,.T.);
#2471=ORIENTED_EDGE('',*,*,#3818,.F.);
#2472=ORIENTED_EDGE('',*,*,#4326,.T.);
#2473=ORIENTED_EDGE('',*,*,#4296,.F.);
#2474=ORIENTED_EDGE('',*,*,#4287,.T.);
#2475=ORIENTED_EDGE('',*,*,#3846,.F.);
#2476=ORIENTED_EDGE('',*,*,#4327,.T.);
#2477=ORIENTED_EDGE('',*,*,#4311,.F.);
#2478=ORIENTED_EDGE('',*,*,#4314,.T.);
#2479=ORIENTED_EDGE('',*,*,#4317,.F.);
#2480=ORIENTED_EDGE('',*,*,#4319,.T.);
#2481=ORIENTED_EDGE('',*,*,#4320,.F.);
#2482=ORIENTED_EDGE('',*,*,#4324,.T.);
#2483=ORIENTED_EDGE('',*,*,#3836,.F.);
#2484=ORIENTED_EDGE('',*,*,#4312,.F.);
#2485=ORIENTED_EDGE('',*,*,#4327,.F.);
#2486=ORIENTED_EDGE('',*,*,#3845,.F.);
#2487=ORIENTED_EDGE('',*,*,#3780,.F.);
#2488=ORIENTED_EDGE('',*,*,#4305,.F.);
#2489=ORIENTED_EDGE('',*,*,#4325,.F.);
#2490=ORIENTED_EDGE('',*,*,#3789,.F.);
#2491=ORIENTED_EDGE('',*,*,#3808,.F.);
#2492=ORIENTED_EDGE('',*,*,#4297,.F.);
#2493=ORIENTED_EDGE('',*,*,#4326,.F.);
#2494=ORIENTED_EDGE('',*,*,#3817,.F.);
#2495=ORIENTED_EDGE('',*,*,#3828,.T.);
#2496=ORIENTED_EDGE('',*,*,#4328,.T.);
#2497=ORIENTED_EDGE('',*,*,#3820,.T.);
#2498=ORIENTED_EDGE('',*,*,#4329,.T.);
#2499=ORIENTED_EDGE('',*,*,#4036,.F.);
#2500=ORIENTED_EDGE('',*,*,#4330,.T.);
#2501=ORIENTED_EDGE('',*,*,#3824,.T.);
#2502=ORIENTED_EDGE('',*,*,#4331,.T.);
#2503=ORIENTED_EDGE('',*,*,#4038,.F.);
#2504=ORIENTED_EDGE('',*,*,#4332,.T.);
#2505=ORIENTED_EDGE('',*,*,#3822,.T.);
#2506=ORIENTED_EDGE('',*,*,#4333,.T.);
#2507=ORIENTED_EDGE('',*,*,#3826,.T.);
#2508=ORIENTED_EDGE('',*,*,#4334,.T.);
#2509=ORIENTED_EDGE('',*,*,#4040,.F.);
#2510=ORIENTED_EDGE('',*,*,#4335,.T.);
#2511=ORIENTED_EDGE('',*,*,#3830,.T.);
#2512=ORIENTED_EDGE('',*,*,#4336,.T.);
#2513=ORIENTED_EDGE('',*,*,#4034,.F.);
#2514=ORIENTED_EDGE('',*,*,#4337,.T.);
#2515=ORIENTED_EDGE('',*,*,#4338,.F.);
#2516=ORIENTED_EDGE('',*,*,#3859,.F.);
#2517=ORIENTED_EDGE('',*,*,#4339,.T.);
#2518=ORIENTED_EDGE('',*,*,#4008,.T.);
#2519=ORIENTED_EDGE('',*,*,#4340,.T.);
#2520=ORIENTED_EDGE('',*,*,#3849,.F.);
#2521=ORIENTED_EDGE('',*,*,#4006,.T.);
#2522=ORIENTED_EDGE('',*,*,#4341,.T.);
#2523=ORIENTED_EDGE('',*,*,#3851,.F.);
#2524=ORIENTED_EDGE('',*,*,#4342,.T.);
#2525=ORIENTED_EDGE('',*,*,#4343,.F.);
#2526=ORIENTED_EDGE('',*,*,#3853,.F.);
#2527=ORIENTED_EDGE('',*,*,#4344,.T.);
#2528=ORIENTED_EDGE('',*,*,#4012,.T.);
#2529=ORIENTED_EDGE('',*,*,#4345,.T.);
#2530=ORIENTED_EDGE('',*,*,#3855,.F.);
#2531=ORIENTED_EDGE('',*,*,#4010,.T.);
#2532=ORIENTED_EDGE('',*,*,#4346,.T.);
#2533=ORIENTED_EDGE('',*,*,#3857,.F.);
#2534=ORIENTED_EDGE('',*,*,#4347,.T.);
#2535=ORIENTED_EDGE('',*,*,#4000,.T.);
#2536=ORIENTED_EDGE('',*,*,#4348,.T.);
#2537=ORIENTED_EDGE('',*,*,#3795,.F.);
#2538=ORIENTED_EDGE('',*,*,#4349,.T.);
#2539=ORIENTED_EDGE('',*,*,#4350,.F.);
#2540=ORIENTED_EDGE('',*,*,#3797,.F.);
#2541=ORIENTED_EDGE('',*,*,#4351,.T.);
#2542=ORIENTED_EDGE('',*,*,#3998,.T.);
#2543=ORIENTED_EDGE('',*,*,#4352,.T.);
#2544=ORIENTED_EDGE('',*,*,#3799,.F.);
#2545=ORIENTED_EDGE('',*,*,#4004,.T.);
#2546=ORIENTED_EDGE('',*,*,#4353,.T.);
#2547=ORIENTED_EDGE('',*,*,#3801,.F.);
#2548=ORIENTED_EDGE('',*,*,#4354,.T.);
#2549=ORIENTED_EDGE('',*,*,#4355,.F.);
#2550=ORIENTED_EDGE('',*,*,#3803,.F.);
#2551=ORIENTED_EDGE('',*,*,#4356,.T.);
#2552=ORIENTED_EDGE('',*,*,#4002,.T.);
#2553=ORIENTED_EDGE('',*,*,#4357,.T.);
#2554=ORIENTED_EDGE('',*,*,#3793,.F.);
#2555=ORIENTED_EDGE('',*,*,#3850,.F.);
#2556=ORIENTED_EDGE('',*,*,#4340,.F.);
#2557=ORIENTED_EDGE('',*,*,#4007,.F.);
#2558=ORIENTED_EDGE('',*,*,#4342,.F.);
#2559=ORIENTED_EDGE('',*,*,#3800,.F.);
#2560=ORIENTED_EDGE('',*,*,#4352,.F.);
#2561=ORIENTED_EDGE('',*,*,#4005,.F.);
#2562=ORIENTED_EDGE('',*,*,#4354,.F.);
#2563=ORIENTED_EDGE('',*,*,#3802,.F.);
#2564=ORIENTED_EDGE('',*,*,#4353,.F.);
#2565=ORIENTED_EDGE('',*,*,#4003,.F.);
#2566=ORIENTED_EDGE('',*,*,#4356,.F.);
#2567=ORIENTED_EDGE('',*,*,#3794,.F.);
#2568=ORIENTED_EDGE('',*,*,#4357,.F.);
#2569=ORIENTED_EDGE('',*,*,#4001,.F.);
#2570=ORIENTED_EDGE('',*,*,#4349,.F.);
#2571=ORIENTED_EDGE('',*,*,#3796,.F.);
#2572=ORIENTED_EDGE('',*,*,#4348,.F.);
#2573=ORIENTED_EDGE('',*,*,#3999,.F.);
#2574=ORIENTED_EDGE('',*,*,#4351,.F.);
#2575=ORIENTED_EDGE('',*,*,#3831,.F.);
#2576=ORIENTED_EDGE('',*,*,#4337,.F.);
#2577=ORIENTED_EDGE('',*,*,#4041,.F.);
#2578=ORIENTED_EDGE('',*,*,#4334,.F.);
#2579=ORIENTED_EDGE('',*,*,#3829,.F.);
#2580=ORIENTED_EDGE('',*,*,#4330,.F.);
#2581=ORIENTED_EDGE('',*,*,#4035,.F.);
#2582=ORIENTED_EDGE('',*,*,#4336,.F.);
#2583=ORIENTED_EDGE('',*,*,#3825,.F.);
#2584=ORIENTED_EDGE('',*,*,#4332,.F.);
#2585=ORIENTED_EDGE('',*,*,#4037,.F.);
#2586=ORIENTED_EDGE('',*,*,#4329,.F.);
#2587=ORIENTED_EDGE('',*,*,#3823,.F.);
#2588=ORIENTED_EDGE('',*,*,#4335,.F.);
#2589=ORIENTED_EDGE('',*,*,#4039,.F.);
#2590=ORIENTED_EDGE('',*,*,#4331,.F.);
#2591=ORIENTED_EDGE('',*,*,#3856,.F.);
#2592=ORIENTED_EDGE('',*,*,#4345,.F.);
#2593=ORIENTED_EDGE('',*,*,#4011,.F.);
#2594=ORIENTED_EDGE('',*,*,#4347,.F.);
#2595=ORIENTED_EDGE('',*,*,#3858,.F.);
#2596=ORIENTED_EDGE('',*,*,#4346,.F.);
#2597=ORIENTED_EDGE('',*,*,#4009,.F.);
#2598=ORIENTED_EDGE('',*,*,#4339,.F.);
#2599=ORIENTED_EDGE('',*,*,#3852,.F.);
#2600=ORIENTED_EDGE('',*,*,#4341,.F.);
#2601=ORIENTED_EDGE('',*,*,#4013,.F.);
#2602=ORIENTED_EDGE('',*,*,#4344,.F.);
#2603=ORIENTED_EDGE('',*,*,#4123,.T.);
#2604=ORIENTED_EDGE('',*,*,#3928,.T.);
#2605=ORIENTED_EDGE('',*,*,#3940,.F.);
#2606=ORIENTED_EDGE('',*,*,#3934,.T.);
#2607=ORIENTED_EDGE('',*,*,#3922,.T.);
#2608=ORIENTED_EDGE('',*,*,#3986,.T.);
#2609=ORIENTED_EDGE('',*,*,#3916,.T.);
#2610=ORIENTED_EDGE('',*,*,#3989,.T.);
#2611=ORIENTED_EDGE('',*,*,#4105,.T.);
#2612=ORIENTED_EDGE('',*,*,#3900,.T.);
#2613=ORIENTED_EDGE('',*,*,#3912,.F.);
#2614=ORIENTED_EDGE('',*,*,#3906,.T.);
#2615=ORIENTED_EDGE('',*,*,#3992,.F.);
#2616=ORIENTED_EDGE('',*,*,#3895,.F.);
#2617=ORIENTED_EDGE('',*,*,#3995,.F.);
#2618=ORIENTED_EDGE('',*,*,#3889,.F.);
#2619=ORIENTED_EDGE('',*,*,#4131,.T.);
#2620=ORIENTED_EDGE('',*,*,#3872,.T.);
#2621=ORIENTED_EDGE('',*,*,#3884,.F.);
#2622=ORIENTED_EDGE('',*,*,#3878,.T.);
#2623=ORIENTED_EDGE('',*,*,#3860,.T.);
#2624=ORIENTED_EDGE('',*,*,#3981,.T.);
#2625=ORIENTED_EDGE('',*,*,#3866,.T.);
#2626=ORIENTED_EDGE('',*,*,#3984,.T.);
#2627=ORIENTED_EDGE('',*,*,#3854,.T.);
#2628=ORIENTED_EDGE('',*,*,#4338,.T.);
#2629=ORIENTED_EDGE('',*,*,#3848,.T.);
#2630=ORIENTED_EDGE('',*,*,#4343,.T.);
#2631=ORIENTED_EDGE('',*,*,#4315,.T.);
#2632=ORIENTED_EDGE('',*,*,#3832,.T.);
#2633=ORIENTED_EDGE('',*,*,#3844,.F.);
#2634=ORIENTED_EDGE('',*,*,#3838,.T.);
#2635=ORIENTED_EDGE('',*,*,#4328,.F.);
#2636=ORIENTED_EDGE('',*,*,#3827,.F.);
#2637=ORIENTED_EDGE('',*,*,#4333,.F.);
#2638=ORIENTED_EDGE('',*,*,#3821,.F.);
#2639=ORIENTED_EDGE('',*,*,#4289,.T.);
#2640=ORIENTED_EDGE('',*,*,#3804,.T.);
#2641=ORIENTED_EDGE('',*,*,#3816,.F.);
#2642=ORIENTED_EDGE('',*,*,#3810,.T.);
#2643=ORIENTED_EDGE('',*,*,#3792,.T.);
#2644=ORIENTED_EDGE('',*,*,#4350,.T.);
#2645=ORIENTED_EDGE('',*,*,#3798,.T.);
#2646=ORIENTED_EDGE('',*,*,#4355,.T.);
#2647=ORIENTED_EDGE('',*,*,#4308,.T.);
#2648=ORIENTED_EDGE('',*,*,#3776,.T.);
#2649=ORIENTED_EDGE('',*,*,#3788,.F.);
#2650=ORIENTED_EDGE('',*,*,#3782,.T.);
#2651=ORIENTED_EDGE('',*,*,#4358,.F.);
#2652=ORIENTED_EDGE('',*,*,#3608,.T.);
#2653=ORIENTED_EDGE('',*,*,#4359,.F.);
#2654=ORIENTED_EDGE('',*,*,#4358,.T.);
#2655=ORIENTED_EDGE('',*,*,#4074,.F.);
#2656=ORIENTED_EDGE('',*,*,#4359,.T.);
#2657=ORIENTED_EDGE('',*,*,#4360,.F.);
#2658=ORIENTED_EDGE('',*,*,#4361,.T.);
#2659=ORIENTED_EDGE('',*,*,#4265,.T.);
#2660=ORIENTED_EDGE('',*,*,#4362,.F.);
#2661=ORIENTED_EDGE('',*,*,#4363,.F.);
#2662=ORIENTED_EDGE('',*,*,#4360,.T.);
#2663=ORIENTED_EDGE('',*,*,#4364,.T.);
#2664=ORIENTED_EDGE('',*,*,#3526,.T.);
#2665=ORIENTED_EDGE('',*,*,#4365,.T.);
#2666=ORIENTED_EDGE('',*,*,#4366,.F.);
#2667=ORIENTED_EDGE('',*,*,#4363,.T.);
#2668=ORIENTED_EDGE('',*,*,#4367,.F.);
#2669=ORIENTED_EDGE('',*,*,#4366,.T.);
#2670=ORIENTED_EDGE('',*,*,#3622,.F.);
#2671=ORIENTED_EDGE('',*,*,#4367,.T.);
#2672=ORIENTED_EDGE('',*,*,#4269,.T.);
#2673=ORIENTED_EDGE('',*,*,#3519,.F.);
#2674=ORIENTED_EDGE('',*,*,#3748,.F.);
#2675=ORIENTED_EDGE('',*,*,#3746,.T.);
#2676=ORIENTED_EDGE('',*,*,#4270,.T.);
#2677=ORIENTED_EDGE('',*,*,#3744,.F.);
#2678=ORIENTED_EDGE('',*,*,#3749,.F.);
#2679=ORIENTED_EDGE('',*,*,#3517,.T.);
#2680=ORIENTED_EDGE('',*,*,#4267,.T.);
#2681=ORIENTED_EDGE('',*,*,#3523,.F.);
#2682=ORIENTED_EDGE('',*,*,#3757,.F.);
#2683=ORIENTED_EDGE('',*,*,#3755,.T.);
#2684=ORIENTED_EDGE('',*,*,#4268,.T.);
#2685=ORIENTED_EDGE('',*,*,#3753,.F.);
#2686=ORIENTED_EDGE('',*,*,#3758,.F.);
#2687=ORIENTED_EDGE('',*,*,#3521,.T.);
#2688=ORIENTED_EDGE('',*,*,#4264,.T.);
#2689=ORIENTED_EDGE('',*,*,#3527,.F.);
#2690=ORIENTED_EDGE('',*,*,#4364,.F.);
#2691=ORIENTED_EDGE('',*,*,#4362,.T.);
#2692=ORIENTED_EDGE('',*,*,#4266,.T.);
#2693=ORIENTED_EDGE('',*,*,#4361,.F.);
#2694=ORIENTED_EDGE('',*,*,#4365,.F.);
#2695=ORIENTED_EDGE('',*,*,#3525,.T.);
#2696=ORIENTED_EDGE('',*,*,#4260,.T.);
#2697=ORIENTED_EDGE('',*,*,#3731,.F.);
#2698=ORIENTED_EDGE('',*,*,#3730,.F.);
#2699=ORIENTED_EDGE('',*,*,#3491,.T.);
#2700=ORIENTED_EDGE('',*,*,#4259,.T.);
#2701=ORIENTED_EDGE('',*,*,#3493,.F.);
#2702=ORIENTED_EDGE('',*,*,#3729,.F.);
#2703=ORIENTED_EDGE('',*,*,#3733,.T.);
#2704=ORIENTED_EDGE('',*,*,#4262,.T.);
#2705=ORIENTED_EDGE('',*,*,#3722,.F.);
#2706=ORIENTED_EDGE('',*,*,#3721,.F.);
#2707=ORIENTED_EDGE('',*,*,#3487,.T.);
#2708=ORIENTED_EDGE('',*,*,#4261,.T.);
#2709=ORIENTED_EDGE('',*,*,#3489,.F.);
#2710=ORIENTED_EDGE('',*,*,#3720,.F.);
#2711=ORIENTED_EDGE('',*,*,#3724,.T.);
#2712=ORIENTED_EDGE('',*,*,#4257,.T.);
#2713=ORIENTED_EDGE('',*,*,#3735,.F.);
#2714=ORIENTED_EDGE('',*,*,#3740,.F.);
#2715=ORIENTED_EDGE('',*,*,#3483,.T.);
#2716=ORIENTED_EDGE('',*,*,#4263,.T.);
#2717=ORIENTED_EDGE('',*,*,#3485,.F.);
#2718=ORIENTED_EDGE('',*,*,#3739,.F.);
#2719=ORIENTED_EDGE('',*,*,#3737,.T.);
#2720=ORIENTED_EDGE('',*,*,#4368,.F.);
#2721=ORIENTED_EDGE('',*,*,#4369,.T.);
#2722=ORIENTED_EDGE('',*,*,#4370,.F.);
#2723=ORIENTED_EDGE('',*,*,#4371,.T.);
#2724=ORIENTED_EDGE('',*,*,#4372,.F.);
#2725=ORIENTED_EDGE('',*,*,#4373,.T.);
#2726=ORIENTED_EDGE('',*,*,#4374,.F.);
#2727=ORIENTED_EDGE('',*,*,#4375,.T.);
#2728=ORIENTED_EDGE('',*,*,#3657,.F.);
#2729=ORIENTED_EDGE('',*,*,#4376,.T.);
#2730=ORIENTED_EDGE('',*,*,#4374,.T.);
#2731=ORIENTED_EDGE('',*,*,#4377,.T.);
#2732=ORIENTED_EDGE('',*,*,#4372,.T.);
#2733=ORIENTED_EDGE('',*,*,#4378,.T.);
#2734=ORIENTED_EDGE('',*,*,#3659,.F.);
#2735=ORIENTED_EDGE('',*,*,#4379,.T.);
#2736=ORIENTED_EDGE('',*,*,#4370,.T.);
#2737=ORIENTED_EDGE('',*,*,#4380,.T.);
#2738=ORIENTED_EDGE('',*,*,#3653,.F.);
#2739=ORIENTED_EDGE('',*,*,#4381,.T.);
#2740=ORIENTED_EDGE('',*,*,#3655,.F.);
#2741=ORIENTED_EDGE('',*,*,#4382,.T.);
#2742=ORIENTED_EDGE('',*,*,#4368,.T.);
#2743=ORIENTED_EDGE('',*,*,#4383,.T.);
#2744=ORIENTED_EDGE('',*,*,#4384,.T.);
#2745=ORIENTED_EDGE('',*,*,#4385,.T.);
#2746=ORIENTED_EDGE('',*,*,#4386,.T.);
#2747=ORIENTED_EDGE('',*,*,#4387,.T.);
#2748=ORIENTED_EDGE('',*,*,#4388,.T.);
#2749=ORIENTED_EDGE('',*,*,#4389,.T.);
#2750=ORIENTED_EDGE('',*,*,#4390,.T.);
#2751=ORIENTED_EDGE('',*,*,#4391,.T.);
#2752=ORIENTED_EDGE('',*,*,#4390,.F.);
#2753=ORIENTED_EDGE('',*,*,#4392,.T.);
#2754=ORIENTED_EDGE('',*,*,#3666,.T.);
#2755=ORIENTED_EDGE('',*,*,#4393,.T.);
#2756=ORIENTED_EDGE('',*,*,#3664,.T.);
#2757=ORIENTED_EDGE('',*,*,#4394,.T.);
#2758=ORIENTED_EDGE('',*,*,#4384,.F.);
#2759=ORIENTED_EDGE('',*,*,#4395,.T.);
#2760=ORIENTED_EDGE('',*,*,#4386,.F.);
#2761=ORIENTED_EDGE('',*,*,#4396,.T.);
#2762=ORIENTED_EDGE('',*,*,#3670,.T.);
#2763=ORIENTED_EDGE('',*,*,#4397,.T.);
#2764=ORIENTED_EDGE('',*,*,#4388,.F.);
#2765=ORIENTED_EDGE('',*,*,#4398,.T.);
#2766=ORIENTED_EDGE('',*,*,#3668,.T.);
#2767=ORIENTED_EDGE('',*,*,#4399,.T.);
#2768=ORIENTED_EDGE('',*,*,#4391,.F.);
#2769=ORIENTED_EDGE('',*,*,#4393,.F.);
#2770=ORIENTED_EDGE('',*,*,#3665,.F.);
#2771=ORIENTED_EDGE('',*,*,#4395,.F.);
#2772=ORIENTED_EDGE('',*,*,#4373,.F.);
#2773=ORIENTED_EDGE('',*,*,#4379,.F.);
#2774=ORIENTED_EDGE('',*,*,#3658,.F.);
#2775=ORIENTED_EDGE('',*,*,#4377,.F.);
#2776=ORIENTED_EDGE('',*,*,#4389,.F.);
#2777=ORIENTED_EDGE('',*,*,#4399,.F.);
#2778=ORIENTED_EDGE('',*,*,#3667,.F.);
#2779=ORIENTED_EDGE('',*,*,#4392,.F.);
#2780=ORIENTED_EDGE('',*,*,#4371,.F.);
#2781=ORIENTED_EDGE('',*,*,#4381,.F.);
#2782=ORIENTED_EDGE('',*,*,#3660,.F.);
#2783=ORIENTED_EDGE('',*,*,#4378,.F.);
#2784=ORIENTED_EDGE('',*,*,#4375,.F.);
#2785=ORIENTED_EDGE('',*,*,#4376,.F.);
#2786=ORIENTED_EDGE('',*,*,#3656,.F.);
#2787=ORIENTED_EDGE('',*,*,#4383,.F.);
#2788=ORIENTED_EDGE('',*,*,#4369,.F.);
#2789=ORIENTED_EDGE('',*,*,#4382,.F.);
#2790=ORIENTED_EDGE('',*,*,#3654,.F.);
#2791=ORIENTED_EDGE('',*,*,#4380,.F.);
#2792=ORIENTED_EDGE('',*,*,#4387,.F.);
#2793=ORIENTED_EDGE('',*,*,#4397,.F.);
#2794=ORIENTED_EDGE('',*,*,#3669,.F.);
#2795=ORIENTED_EDGE('',*,*,#4398,.F.);
#2796=ORIENTED_EDGE('',*,*,#4385,.F.);
#2797=ORIENTED_EDGE('',*,*,#4394,.F.);
#2798=ORIENTED_EDGE('',*,*,#3671,.F.);
#2799=ORIENTED_EDGE('',*,*,#4396,.F.);
#2800=ORIENTED_EDGE('',*,*,#3595,.T.);
#2801=ORIENTED_EDGE('',*,*,#3546,.F.);
#2802=ORIENTED_EDGE('',*,*,#4400,.T.);
#2803=ORIENTED_EDGE('',*,*,#3410,.T.);
#2804=ORIENTED_EDGE('',*,*,#4401,.T.);
#2805=ORIENTED_EDGE('',*,*,#3605,.F.);
#2806=ORIENTED_EDGE('',*,*,#4402,.T.);
#2807=ORIENTED_EDGE('',*,*,#4401,.F.);
#2808=ORIENTED_EDGE('',*,*,#4403,.T.);
#2809=ORIENTED_EDGE('',*,*,#4402,.F.);
#2810=ORIENTED_EDGE('',*,*,#4403,.F.);
#2811=ORIENTED_EDGE('',*,*,#3683,.F.);
#2812=ORIENTED_EDGE('',*,*,#4404,.F.);
#2813=ORIENTED_EDGE('',*,*,#4400,.F.);
#2814=ORIENTED_EDGE('',*,*,#4405,.F.);
#2815=ORIENTED_EDGE('',*,*,#4406,.F.);
#2816=ORIENTED_EDGE('',*,*,#3673,.T.);
#2817=ORIENTED_EDGE('',*,*,#4407,.F.);
#2818=ORIENTED_EDGE('',*,*,#4408,.T.);
#2819=ORIENTED_EDGE('',*,*,#3598,.F.);
#2820=ORIENTED_EDGE('',*,*,#4409,.T.);
#2821=ORIENTED_EDGE('',*,*,#4410,.T.);
#2822=ORIENTED_EDGE('',*,*,#4411,.T.);
#2823=ORIENTED_EDGE('',*,*,#4412,.T.);
#2824=ORIENTED_EDGE('',*,*,#4413,.T.);
#2825=ORIENTED_EDGE('',*,*,#3600,.F.);
#2826=ORIENTED_EDGE('',*,*,#4414,.T.);
#2827=ORIENTED_EDGE('',*,*,#4415,.T.);
#2828=ORIENTED_EDGE('',*,*,#4416,.T.);
#2829=ORIENTED_EDGE('',*,*,#3602,.F.);
#2830=ORIENTED_EDGE('',*,*,#4417,.T.);
#2831=ORIENTED_EDGE('',*,*,#3596,.F.);
#2832=ORIENTED_EDGE('',*,*,#4418,.T.);
#2833=ORIENTED_EDGE('',*,*,#4419,.T.);
#2834=ORIENTED_EDGE('',*,*,#4420,.T.);
#2835=ORIENTED_EDGE('',*,*,#4419,.F.);
#2836=ORIENTED_EDGE('',*,*,#4421,.T.);
#2837=ORIENTED_EDGE('',*,*,#4415,.F.);
#2838=ORIENTED_EDGE('',*,*,#4422,.T.);
#2839=ORIENTED_EDGE('',*,*,#4412,.F.);
#2840=ORIENTED_EDGE('',*,*,#4423,.T.);
#2841=ORIENTED_EDGE('',*,*,#4410,.F.);
#2842=ORIENTED_EDGE('',*,*,#4423,.F.);
#2843=ORIENTED_EDGE('',*,*,#4411,.F.);
#2844=ORIENTED_EDGE('',*,*,#3599,.F.);
#2845=ORIENTED_EDGE('',*,*,#4408,.F.);
#2846=ORIENTED_EDGE('',*,*,#3601,.F.);
#2847=ORIENTED_EDGE('',*,*,#4413,.F.);
#2848=ORIENTED_EDGE('',*,*,#4422,.F.);
#2849=ORIENTED_EDGE('',*,*,#4414,.F.);
#2850=ORIENTED_EDGE('',*,*,#3603,.F.);
#2851=ORIENTED_EDGE('',*,*,#4416,.F.);
#2852=ORIENTED_EDGE('',*,*,#4421,.F.);
#2853=ORIENTED_EDGE('',*,*,#4418,.F.);
#2854=ORIENTED_EDGE('',*,*,#4420,.F.);
#2855=ORIENTED_EDGE('',*,*,#4409,.F.);
#2856=ORIENTED_EDGE('',*,*,#3597,.F.);
#2857=ORIENTED_EDGE('',*,*,#4417,.F.);
#2858=ORIENTED_EDGE('',*,*,#3679,.F.);
#2859=ORIENTED_EDGE('',*,*,#3674,.F.);
#2860=ORIENTED_EDGE('',*,*,#4406,.T.);
#2861=ORIENTED_EDGE('',*,*,#4424,.T.);
#2862=ORIENTED_EDGE('',*,*,#3680,.F.);
#2863=ORIENTED_EDGE('',*,*,#4424,.F.);
#2864=ORIENTED_EDGE('',*,*,#4405,.T.);
#2865=ORIENTED_EDGE('',*,*,#3545,.F.);
#2866=ORIENTED_EDGE('',*,*,#3677,.F.);
#2867=ORIENTED_EDGE('',*,*,#3411,.T.);
#2868=ORIENTED_EDGE('',*,*,#4404,.T.);
#2869=ORIENTED_EDGE('',*,*,#4425,.T.);
#2870=ORIENTED_EDGE('',*,*,#3678,.F.);
#2871=ORIENTED_EDGE('',*,*,#4425,.F.);
#2872=ORIENTED_EDGE('',*,*,#4407,.T.);
#2873=ORIENTED_EDGE('',*,*,#3676,.T.);
#2874=ORIENTED_EDGE('',*,*,#3540,.T.);
#2875=ORIENTED_EDGE('',*,*,#3558,.T.);
#2876=ORIENTED_EDGE('',*,*,#3416,.F.);
#2877=ORIENTED_EDGE('',*,*,#4426,.T.);
#2878=ORIENTED_EDGE('',*,*,#3651,.T.);
#2879=ORIENTED_EDGE('',*,*,#4427,.T.);
#2880=ORIENTED_EDGE('',*,*,#4428,.F.);
#2881=ORIENTED_EDGE('',*,*,#3643,.F.);
#2882=ORIENTED_EDGE('',*,*,#4429,.F.);
#2883=ORIENTED_EDGE('',*,*,#4430,.F.);
#2884=ORIENTED_EDGE('',*,*,#4426,.F.);
#2885=ORIENTED_EDGE('',*,*,#4431,.F.);
#2886=ORIENTED_EDGE('',*,*,#4432,.T.);
#2887=ORIENTED_EDGE('',*,*,#4427,.F.);
#2888=ORIENTED_EDGE('',*,*,#4432,.F.);
#2889=ORIENTED_EDGE('',*,*,#4433,.T.);
#2890=ORIENTED_EDGE('',*,*,#3568,.T.);
#2891=ORIENTED_EDGE('',*,*,#4433,.F.);
#2892=ORIENTED_EDGE('',*,*,#4434,.T.);
#2893=ORIENTED_EDGE('',*,*,#4435,.T.);
#2894=ORIENTED_EDGE('',*,*,#4436,.T.);
#2895=ORIENTED_EDGE('',*,*,#3559,.F.);
#2896=ORIENTED_EDGE('',*,*,#4437,.T.);
#2897=ORIENTED_EDGE('',*,*,#4438,.T.);
#2898=ORIENTED_EDGE('',*,*,#4439,.T.);
#2899=ORIENTED_EDGE('',*,*,#3561,.F.);
#2900=ORIENTED_EDGE('',*,*,#4440,.T.);
#2901=ORIENTED_EDGE('',*,*,#3563,.F.);
#2902=ORIENTED_EDGE('',*,*,#4441,.T.);
#2903=ORIENTED_EDGE('',*,*,#4442,.T.);
#2904=ORIENTED_EDGE('',*,*,#4443,.T.);
#2905=ORIENTED_EDGE('',*,*,#3565,.F.);
#2906=ORIENTED_EDGE('',*,*,#4444,.T.);
#2907=ORIENTED_EDGE('',*,*,#4445,.T.);
#2908=ORIENTED_EDGE('',*,*,#4446,.T.);
#2909=ORIENTED_EDGE('',*,*,#4445,.F.);
#2910=ORIENTED_EDGE('',*,*,#4447,.T.);
#2911=ORIENTED_EDGE('',*,*,#4442,.F.);
#2912=ORIENTED_EDGE('',*,*,#4448,.T.);
#2913=ORIENTED_EDGE('',*,*,#4438,.F.);
#2914=ORIENTED_EDGE('',*,*,#4449,.T.);
#2915=ORIENTED_EDGE('',*,*,#4435,.F.);
#2916=ORIENTED_EDGE('',*,*,#3566,.F.);
#2917=ORIENTED_EDGE('',*,*,#4443,.F.);
#2918=ORIENTED_EDGE('',*,*,#4446,.F.);
#2919=ORIENTED_EDGE('',*,*,#4434,.F.);
#2920=ORIENTED_EDGE('',*,*,#4447,.F.);
#2921=ORIENTED_EDGE('',*,*,#4444,.F.);
#2922=ORIENTED_EDGE('',*,*,#3564,.F.);
#2923=ORIENTED_EDGE('',*,*,#4440,.F.);
#2924=ORIENTED_EDGE('',*,*,#4448,.F.);
#2925=ORIENTED_EDGE('',*,*,#4441,.F.);
#2926=ORIENTED_EDGE('',*,*,#3562,.F.);
#2927=ORIENTED_EDGE('',*,*,#4439,.F.);
#2928=ORIENTED_EDGE('',*,*,#3560,.F.);
#2929=ORIENTED_EDGE('',*,*,#4436,.F.);
#2930=ORIENTED_EDGE('',*,*,#4449,.F.);
#2931=ORIENTED_EDGE('',*,*,#4437,.F.);
#2932=ORIENTED_EDGE('',*,*,#3646,.F.);
#2933=ORIENTED_EDGE('',*,*,#4450,.F.);
#2934=ORIENTED_EDGE('',*,*,#4429,.T.);
#2935=ORIENTED_EDGE('',*,*,#3642,.T.);
#2936=ORIENTED_EDGE('',*,*,#3647,.F.);
#2937=ORIENTED_EDGE('',*,*,#3644,.F.);
#2938=ORIENTED_EDGE('',*,*,#4428,.T.);
#2939=ORIENTED_EDGE('',*,*,#4451,.T.);
#2940=ORIENTED_EDGE('',*,*,#3648,.F.);
#2941=ORIENTED_EDGE('',*,*,#4451,.F.);
#2942=ORIENTED_EDGE('',*,*,#4431,.T.);
#2943=ORIENTED_EDGE('',*,*,#3415,.F.);
#2944=ORIENTED_EDGE('',*,*,#3645,.F.);
#2945=ORIENTED_EDGE('',*,*,#3541,.T.);
#2946=ORIENTED_EDGE('',*,*,#4430,.T.);
#2947=ORIENTED_EDGE('',*,*,#4450,.T.);
#2948=ORIENTED_EDGE('',*,*,#3532,.T.);
#2949=ORIENTED_EDGE('',*,*,#3594,.T.);
#2950=ORIENTED_EDGE('',*,*,#3408,.F.);
#2951=ORIENTED_EDGE('',*,*,#4452,.T.);
#2952=ORIENTED_EDGE('',*,*,#3620,.T.);
#2953=ORIENTED_EDGE('',*,*,#4453,.T.);
#2954=ORIENTED_EDGE('',*,*,#4454,.F.);
#2955=ORIENTED_EDGE('',*,*,#3587,.F.);
#2956=ORIENTED_EDGE('',*,*,#4455,.F.);
#2957=ORIENTED_EDGE('',*,*,#4456,.F.);
#2958=ORIENTED_EDGE('',*,*,#4452,.F.);
#2959=ORIENTED_EDGE('',*,*,#4457,.F.);
#2960=ORIENTED_EDGE('',*,*,#4458,.T.);
#2961=ORIENTED_EDGE('',*,*,#4453,.F.);
#2962=ORIENTED_EDGE('',*,*,#4458,.F.);
#2963=ORIENTED_EDGE('',*,*,#4459,.T.);
#2964=ORIENTED_EDGE('',*,*,#3609,.T.);
#2965=ORIENTED_EDGE('',*,*,#4459,.F.);
#2966=ORIENTED_EDGE('',*,*,#4460,.T.);
#2967=ORIENTED_EDGE('',*,*,#4461,.T.);
#2968=ORIENTED_EDGE('',*,*,#4462,.T.);
#2969=ORIENTED_EDGE('',*,*,#3611,.F.);
#2970=ORIENTED_EDGE('',*,*,#4463,.T.);
#2971=ORIENTED_EDGE('',*,*,#4464,.T.);
#2972=ORIENTED_EDGE('',*,*,#4465,.T.);
#2973=ORIENTED_EDGE('',*,*,#3613,.F.);
#2974=ORIENTED_EDGE('',*,*,#4466,.T.);
#2975=ORIENTED_EDGE('',*,*,#3615,.F.);
#2976=ORIENTED_EDGE('',*,*,#4467,.T.);
#2977=ORIENTED_EDGE('',*,*,#4468,.T.);
#2978=ORIENTED_EDGE('',*,*,#4469,.T.);
#2979=ORIENTED_EDGE('',*,*,#3617,.F.);
#2980=ORIENTED_EDGE('',*,*,#4470,.T.);
#2981=ORIENTED_EDGE('',*,*,#4471,.T.);
#2982=ORIENTED_EDGE('',*,*,#4472,.T.);
#2983=ORIENTED_EDGE('',*,*,#4471,.F.);
#2984=ORIENTED_EDGE('',*,*,#4473,.T.);
#2985=ORIENTED_EDGE('',*,*,#4468,.F.);
#2986=ORIENTED_EDGE('',*,*,#4474,.T.);
#2987=ORIENTED_EDGE('',*,*,#4464,.F.);
#2988=ORIENTED_EDGE('',*,*,#4475,.T.);
#2989=ORIENTED_EDGE('',*,*,#4461,.F.);
#2990=ORIENTED_EDGE('',*,*,#3618,.F.);
#2991=ORIENTED_EDGE('',*,*,#4469,.F.);
#2992=ORIENTED_EDGE('',*,*,#4472,.F.);
#2993=ORIENTED_EDGE('',*,*,#4460,.F.);
#2994=ORIENTED_EDGE('',*,*,#4473,.F.);
#2995=ORIENTED_EDGE('',*,*,#4470,.F.);
#2996=ORIENTED_EDGE('',*,*,#3616,.F.);
#2997=ORIENTED_EDGE('',*,*,#4466,.F.);
#2998=ORIENTED_EDGE('',*,*,#4474,.F.);
#2999=ORIENTED_EDGE('',*,*,#4467,.F.);
#3000=ORIENTED_EDGE('',*,*,#3614,.F.);
#3001=ORIENTED_EDGE('',*,*,#4465,.F.);
#3002=ORIENTED_EDGE('',*,*,#3612,.F.);
#3003=ORIENTED_EDGE('',*,*,#4462,.F.);
#3004=ORIENTED_EDGE('',*,*,#4475,.F.);
#3005=ORIENTED_EDGE('',*,*,#4463,.F.);
#3006=ORIENTED_EDGE('',*,*,#3590,.F.);
#3007=ORIENTED_EDGE('',*,*,#4476,.F.);
#3008=ORIENTED_EDGE('',*,*,#4455,.T.);
#3009=ORIENTED_EDGE('',*,*,#3586,.T.);
#3010=ORIENTED_EDGE('',*,*,#3591,.F.);
#3011=ORIENTED_EDGE('',*,*,#3588,.F.);
#3012=ORIENTED_EDGE('',*,*,#4454,.T.);
#3013=ORIENTED_EDGE('',*,*,#4477,.T.);
#3014=ORIENTED_EDGE('',*,*,#3592,.F.);
#3015=ORIENTED_EDGE('',*,*,#4477,.F.);
#3016=ORIENTED_EDGE('',*,*,#4457,.T.);
#3017=ORIENTED_EDGE('',*,*,#3423,.F.);
#3018=ORIENTED_EDGE('',*,*,#3589,.F.);
#3019=ORIENTED_EDGE('',*,*,#3533,.T.);
#3020=ORIENTED_EDGE('',*,*,#4456,.T.);
#3021=ORIENTED_EDGE('',*,*,#4476,.T.);
#3022=ORIENTED_EDGE('',*,*,#3557,.T.);
#3023=ORIENTED_EDGE('',*,*,#3538,.F.);
#3024=ORIENTED_EDGE('',*,*,#4478,.T.);
#3025=ORIENTED_EDGE('',*,*,#3418,.T.);
#3026=ORIENTED_EDGE('',*,*,#4479,.T.);
#3027=ORIENTED_EDGE('',*,*,#3572,.F.);
#3028=ORIENTED_EDGE('',*,*,#4480,.T.);
#3029=ORIENTED_EDGE('',*,*,#4479,.F.);
#3030=ORIENTED_EDGE('',*,*,#4481,.T.);
#3031=ORIENTED_EDGE('',*,*,#4480,.F.);
#3032=ORIENTED_EDGE('',*,*,#4481,.F.);
#3033=ORIENTED_EDGE('',*,*,#3584,.F.);
#3034=ORIENTED_EDGE('',*,*,#4482,.F.);
#3035=ORIENTED_EDGE('',*,*,#4478,.F.);
#3036=ORIENTED_EDGE('',*,*,#4483,.F.);
#3037=ORIENTED_EDGE('',*,*,#4484,.F.);
#3038=ORIENTED_EDGE('',*,*,#3548,.T.);
#3039=ORIENTED_EDGE('',*,*,#4485,.F.);
#3040=ORIENTED_EDGE('',*,*,#4486,.T.);
#3041=ORIENTED_EDGE('',*,*,#3576,.F.);
#3042=ORIENTED_EDGE('',*,*,#4487,.T.);
#3043=ORIENTED_EDGE('',*,*,#4488,.T.);
#3044=ORIENTED_EDGE('',*,*,#4489,.T.);
#3045=ORIENTED_EDGE('',*,*,#4490,.T.);
#3046=ORIENTED_EDGE('',*,*,#4491,.T.);
#3047=ORIENTED_EDGE('',*,*,#3578,.F.);
#3048=ORIENTED_EDGE('',*,*,#4492,.T.);
#3049=ORIENTED_EDGE('',*,*,#4493,.T.);
#3050=ORIENTED_EDGE('',*,*,#4494,.T.);
#3051=ORIENTED_EDGE('',*,*,#3580,.F.);
#3052=ORIENTED_EDGE('',*,*,#4495,.T.);
#3053=ORIENTED_EDGE('',*,*,#3574,.F.);
#3054=ORIENTED_EDGE('',*,*,#4496,.T.);
#3055=ORIENTED_EDGE('',*,*,#4497,.T.);
#3056=ORIENTED_EDGE('',*,*,#4498,.T.);
#3057=ORIENTED_EDGE('',*,*,#4497,.F.);
#3058=ORIENTED_EDGE('',*,*,#4499,.T.);
#3059=ORIENTED_EDGE('',*,*,#4493,.F.);
#3060=ORIENTED_EDGE('',*,*,#4500,.T.);
#3061=ORIENTED_EDGE('',*,*,#4490,.F.);
#3062=ORIENTED_EDGE('',*,*,#4501,.T.);
#3063=ORIENTED_EDGE('',*,*,#4488,.F.);
#3064=ORIENTED_EDGE('',*,*,#4501,.F.);
#3065=ORIENTED_EDGE('',*,*,#4489,.F.);
#3066=ORIENTED_EDGE('',*,*,#3577,.F.);
#3067=ORIENTED_EDGE('',*,*,#4486,.F.);
#3068=ORIENTED_EDGE('',*,*,#3579,.F.);
#3069=ORIENTED_EDGE('',*,*,#4491,.F.);
#3070=ORIENTED_EDGE('',*,*,#4500,.F.);
#3071=ORIENTED_EDGE('',*,*,#4492,.F.);
#3072=ORIENTED_EDGE('',*,*,#3581,.F.);
#3073=ORIENTED_EDGE('',*,*,#4494,.F.);
#3074=ORIENTED_EDGE('',*,*,#4499,.F.);
#3075=ORIENTED_EDGE('',*,*,#4496,.F.);
#3076=ORIENTED_EDGE('',*,*,#4498,.F.);
#3077=ORIENTED_EDGE('',*,*,#4487,.F.);
#3078=ORIENTED_EDGE('',*,*,#3575,.F.);
#3079=ORIENTED_EDGE('',*,*,#4495,.F.);
#3080=ORIENTED_EDGE('',*,*,#3554,.F.);
#3081=ORIENTED_EDGE('',*,*,#3549,.F.);
#3082=ORIENTED_EDGE('',*,*,#4484,.T.);
#3083=ORIENTED_EDGE('',*,*,#4502,.T.);
#3084=ORIENTED_EDGE('',*,*,#3555,.F.);
#3085=ORIENTED_EDGE('',*,*,#4502,.F.);
#3086=ORIENTED_EDGE('',*,*,#4483,.T.);
#3087=ORIENTED_EDGE('',*,*,#3537,.F.);
#3088=ORIENTED_EDGE('',*,*,#3552,.F.);
#3089=ORIENTED_EDGE('',*,*,#3419,.T.);
#3090=ORIENTED_EDGE('',*,*,#4482,.T.);
#3091=ORIENTED_EDGE('',*,*,#4503,.T.);
#3092=ORIENTED_EDGE('',*,*,#3553,.F.);
#3093=ORIENTED_EDGE('',*,*,#4503,.F.);
#3094=ORIENTED_EDGE('',*,*,#4485,.T.);
#3095=ORIENTED_EDGE('',*,*,#3551,.T.);
#3096=ORIENTED_EDGE('',*,*,#4504,.F.);
#3097=ORIENTED_EDGE('',*,*,#4505,.T.);
#3098=ORIENTED_EDGE('',*,*,#4227,.F.);
#3099=ORIENTED_EDGE('',*,*,#4506,.T.);
#3100=ORIENTED_EDGE('',*,*,#4507,.T.);
#3101=ORIENTED_EDGE('',*,*,#4508,.T.);
#3102=ORIENTED_EDGE('',*,*,#4509,.F.);
#3103=ORIENTED_EDGE('',*,*,#4508,.F.);
#3104=ORIENTED_EDGE('',*,*,#4510,.T.);
#3105=ORIENTED_EDGE('',*,*,#3451,.T.);
#3106=ORIENTED_EDGE('',*,*,#4507,.F.);
#3107=ORIENTED_EDGE('',*,*,#4511,.T.);
#3108=ORIENTED_EDGE('',*,*,#3452,.F.);
#3109=ORIENTED_EDGE('',*,*,#4510,.F.);
#3110=ORIENTED_EDGE('',*,*,#3450,.T.);
#3111=ORIENTED_EDGE('',*,*,#4512,.T.);
#3112=ORIENTED_EDGE('',*,*,#4504,.T.);
#3113=ORIENTED_EDGE('',*,*,#4509,.T.);
#3114=ORIENTED_EDGE('',*,*,#4506,.F.);
#3115=ORIENTED_EDGE('',*,*,#4231,.F.);
#3116=ORIENTED_EDGE('',*,*,#3453,.F.);
#3117=ORIENTED_EDGE('',*,*,#4511,.F.);
#3118=ORIENTED_EDGE('',*,*,#4505,.F.);
#3119=ORIENTED_EDGE('',*,*,#4512,.F.);
#3120=ORIENTED_EDGE('',*,*,#3449,.F.);
#3121=ORIENTED_EDGE('',*,*,#4228,.F.);
#3122=ORIENTED_EDGE('',*,*,#4513,.F.);
#3123=ORIENTED_EDGE('',*,*,#3501,.F.);
#3124=ORIENTED_EDGE('',*,*,#4514,.T.);
#3125=ORIENTED_EDGE('',*,*,#4515,.T.);
#3126=ORIENTED_EDGE('',*,*,#4250,.F.);
#3127=ORIENTED_EDGE('',*,*,#4516,.T.);
#3128=ORIENTED_EDGE('',*,*,#4517,.F.);
#3129=ORIENTED_EDGE('',*,*,#4515,.F.);
#3130=ORIENTED_EDGE('',*,*,#4518,.T.);
#3131=ORIENTED_EDGE('',*,*,#4519,.T.);
#3132=ORIENTED_EDGE('',*,*,#3500,.F.);
#3133=ORIENTED_EDGE('',*,*,#4520,.T.);
#3134=ORIENTED_EDGE('',*,*,#4518,.F.);
#3135=ORIENTED_EDGE('',*,*,#4514,.F.);
#3136=ORIENTED_EDGE('',*,*,#4517,.T.);
#3137=ORIENTED_EDGE('',*,*,#4521,.T.);
#3138=ORIENTED_EDGE('',*,*,#3502,.T.);
#3139=ORIENTED_EDGE('',*,*,#4513,.T.);
#3140=ORIENTED_EDGE('',*,*,#4519,.F.);
#3141=ORIENTED_EDGE('',*,*,#4520,.F.);
#3142=ORIENTED_EDGE('',*,*,#3499,.F.);
#3143=ORIENTED_EDGE('',*,*,#4251,.F.);
#3144=ORIENTED_EDGE('',*,*,#4516,.F.);
#3145=ORIENTED_EDGE('',*,*,#4249,.F.);
#3146=ORIENTED_EDGE('',*,*,#3503,.F.);
#3147=ORIENTED_EDGE('',*,*,#4521,.F.);
#3148=ORIENTED_EDGE('',*,*,#4522,.F.);
#3149=ORIENTED_EDGE('',*,*,#3433,.F.);
#3150=ORIENTED_EDGE('',*,*,#4523,.T.);
#3151=ORIENTED_EDGE('',*,*,#4524,.T.);
#3152=ORIENTED_EDGE('',*,*,#4224,.F.);
#3153=ORIENTED_EDGE('',*,*,#4525,.T.);
#3154=ORIENTED_EDGE('',*,*,#4526,.F.);
#3155=ORIENTED_EDGE('',*,*,#4524,.F.);
#3156=ORIENTED_EDGE('',*,*,#4527,.T.);
#3157=ORIENTED_EDGE('',*,*,#4528,.T.);
#3158=ORIENTED_EDGE('',*,*,#3432,.F.);
#3159=ORIENTED_EDGE('',*,*,#4529,.T.);
#3160=ORIENTED_EDGE('',*,*,#4527,.F.);
#3161=ORIENTED_EDGE('',*,*,#4523,.F.);
#3162=ORIENTED_EDGE('',*,*,#4526,.T.);
#3163=ORIENTED_EDGE('',*,*,#4530,.T.);
#3164=ORIENTED_EDGE('',*,*,#3434,.T.);
#3165=ORIENTED_EDGE('',*,*,#4522,.T.);
#3166=ORIENTED_EDGE('',*,*,#4528,.F.);
#3167=ORIENTED_EDGE('',*,*,#4529,.F.);
#3168=ORIENTED_EDGE('',*,*,#3431,.F.);
#3169=ORIENTED_EDGE('',*,*,#4225,.F.);
#3170=ORIENTED_EDGE('',*,*,#4525,.F.);
#3171=ORIENTED_EDGE('',*,*,#4223,.F.);
#3172=ORIENTED_EDGE('',*,*,#3435,.F.);
#3173=ORIENTED_EDGE('',*,*,#4530,.F.);
#3174=ORIENTED_EDGE('',*,*,#4531,.F.);
#3175=ORIENTED_EDGE('',*,*,#4532,.T.);
#3176=ORIENTED_EDGE('',*,*,#4274,.F.);
#3177=ORIENTED_EDGE('',*,*,#4533,.T.);
#3178=ORIENTED_EDGE('',*,*,#4534,.T.);
#3179=ORIENTED_EDGE('',*,*,#4535,.T.);
#3180=ORIENTED_EDGE('',*,*,#4536,.F.);
#3181=ORIENTED_EDGE('',*,*,#4535,.F.);
#3182=ORIENTED_EDGE('',*,*,#4537,.T.);
#3183=ORIENTED_EDGE('',*,*,#3475,.T.);
#3184=ORIENTED_EDGE('',*,*,#4534,.F.);
#3185=ORIENTED_EDGE('',*,*,#4538,.T.);
#3186=ORIENTED_EDGE('',*,*,#3476,.F.);
#3187=ORIENTED_EDGE('',*,*,#4537,.F.);
#3188=ORIENTED_EDGE('',*,*,#3474,.T.);
#3189=ORIENTED_EDGE('',*,*,#4539,.T.);
#3190=ORIENTED_EDGE('',*,*,#4531,.T.);
#3191=ORIENTED_EDGE('',*,*,#4536,.T.);
#3192=ORIENTED_EDGE('',*,*,#4533,.F.);
#3193=ORIENTED_EDGE('',*,*,#4277,.F.);
#3194=ORIENTED_EDGE('',*,*,#3477,.F.);
#3195=ORIENTED_EDGE('',*,*,#4538,.F.);
#3196=ORIENTED_EDGE('',*,*,#4532,.F.);
#3197=ORIENTED_EDGE('',*,*,#4539,.F.);
#3198=ORIENTED_EDGE('',*,*,#3473,.F.);
#3199=ORIENTED_EDGE('',*,*,#4275,.F.);
#3200=ORIENTED_EDGE('',*,*,#4540,.F.);
#3201=ORIENTED_EDGE('',*,*,#3443,.F.);
#3202=ORIENTED_EDGE('',*,*,#4541,.T.);
#3203=ORIENTED_EDGE('',*,*,#4542,.T.);
#3204=ORIENTED_EDGE('',*,*,#4234,.F.);
#3205=ORIENTED_EDGE('',*,*,#4543,.T.);
#3206=ORIENTED_EDGE('',*,*,#4544,.F.);
#3207=ORIENTED_EDGE('',*,*,#4542,.F.);
#3208=ORIENTED_EDGE('',*,*,#4545,.T.);
#3209=ORIENTED_EDGE('',*,*,#4546,.T.);
#3210=ORIENTED_EDGE('',*,*,#3442,.F.);
#3211=ORIENTED_EDGE('',*,*,#4547,.T.);
#3212=ORIENTED_EDGE('',*,*,#4545,.F.);
#3213=ORIENTED_EDGE('',*,*,#4541,.F.);
#3214=ORIENTED_EDGE('',*,*,#4544,.T.);
#3215=ORIENTED_EDGE('',*,*,#4548,.T.);
#3216=ORIENTED_EDGE('',*,*,#3444,.T.);
#3217=ORIENTED_EDGE('',*,*,#4540,.T.);
#3218=ORIENTED_EDGE('',*,*,#4546,.F.);
#3219=ORIENTED_EDGE('',*,*,#4547,.F.);
#3220=ORIENTED_EDGE('',*,*,#3441,.F.);
#3221=ORIENTED_EDGE('',*,*,#4235,.F.);
#3222=ORIENTED_EDGE('',*,*,#4543,.F.);
#3223=ORIENTED_EDGE('',*,*,#4233,.F.);
#3224=ORIENTED_EDGE('',*,*,#3445,.F.);
#3225=ORIENTED_EDGE('',*,*,#4548,.F.);
#3226=ORIENTED_EDGE('',*,*,#4549,.F.);
#3227=ORIENTED_EDGE('',*,*,#4550,.T.);
#3228=ORIENTED_EDGE('',*,*,#4244,.F.);
#3229=ORIENTED_EDGE('',*,*,#4551,.T.);
#3230=ORIENTED_EDGE('',*,*,#4552,.T.);
#3231=ORIENTED_EDGE('',*,*,#4553,.T.);
#3232=ORIENTED_EDGE('',*,*,#4554,.F.);
#3233=ORIENTED_EDGE('',*,*,#4553,.F.);
#3234=ORIENTED_EDGE('',*,*,#4555,.T.);
#3235=ORIENTED_EDGE('',*,*,#3509,.T.);
#3236=ORIENTED_EDGE('',*,*,#4552,.F.);
#3237=ORIENTED_EDGE('',*,*,#4556,.T.);
#3238=ORIENTED_EDGE('',*,*,#3510,.F.);
#3239=ORIENTED_EDGE('',*,*,#4555,.F.);
#3240=ORIENTED_EDGE('',*,*,#3508,.T.);
#3241=ORIENTED_EDGE('',*,*,#4557,.T.);
#3242=ORIENTED_EDGE('',*,*,#4549,.T.);
#3243=ORIENTED_EDGE('',*,*,#4554,.T.);
#3244=ORIENTED_EDGE('',*,*,#4551,.F.);
#3245=ORIENTED_EDGE('',*,*,#4247,.F.);
#3246=ORIENTED_EDGE('',*,*,#3511,.F.);
#3247=ORIENTED_EDGE('',*,*,#4556,.F.);
#3248=ORIENTED_EDGE('',*,*,#4550,.F.);
#3249=ORIENTED_EDGE('',*,*,#4557,.F.);
#3250=ORIENTED_EDGE('',*,*,#3507,.F.);
#3251=ORIENTED_EDGE('',*,*,#4245,.F.);
#3252=ORIENTED_EDGE('',*,*,#4558,.F.);
#3253=ORIENTED_EDGE('',*,*,#4559,.T.);
#3254=ORIENTED_EDGE('',*,*,#4216,.F.);
#3255=ORIENTED_EDGE('',*,*,#4560,.T.);
#3256=ORIENTED_EDGE('',*,*,#4561,.T.);
#3257=ORIENTED_EDGE('',*,*,#4562,.T.);
#3258=ORIENTED_EDGE('',*,*,#4563,.F.);
#3259=ORIENTED_EDGE('',*,*,#4562,.F.);
#3260=ORIENTED_EDGE('',*,*,#4564,.T.);
#3261=ORIENTED_EDGE('',*,*,#3425,.T.);
#3262=ORIENTED_EDGE('',*,*,#4561,.F.);
#3263=ORIENTED_EDGE('',*,*,#4565,.T.);
#3264=ORIENTED_EDGE('',*,*,#3426,.F.);
#3265=ORIENTED_EDGE('',*,*,#4564,.F.);
#3266=ORIENTED_EDGE('',*,*,#3424,.T.);
#3267=ORIENTED_EDGE('',*,*,#4566,.T.);
#3268=ORIENTED_EDGE('',*,*,#4558,.T.);
#3269=ORIENTED_EDGE('',*,*,#4563,.T.);
#3270=ORIENTED_EDGE('',*,*,#4560,.F.);
#3271=ORIENTED_EDGE('',*,*,#4220,.F.);
#3272=ORIENTED_EDGE('',*,*,#3427,.F.);
#3273=ORIENTED_EDGE('',*,*,#4565,.F.);
#3274=ORIENTED_EDGE('',*,*,#4559,.F.);
#3275=ORIENTED_EDGE('',*,*,#4566,.F.);
#3276=ORIENTED_EDGE('',*,*,#3439,.F.);
#3277=ORIENTED_EDGE('',*,*,#4217,.F.);
#3278=ORIENTED_EDGE('',*,*,#4567,.F.);
#3279=ORIENTED_EDGE('',*,*,#3467,.F.);
#3280=ORIENTED_EDGE('',*,*,#4568,.T.);
#3281=ORIENTED_EDGE('',*,*,#4569,.T.);
#3282=ORIENTED_EDGE('',*,*,#4283,.F.);
#3283=ORIENTED_EDGE('',*,*,#4570,.T.);
#3284=ORIENTED_EDGE('',*,*,#4571,.F.);
#3285=ORIENTED_EDGE('',*,*,#4569,.F.);
#3286=ORIENTED_EDGE('',*,*,#4572,.T.);
#3287=ORIENTED_EDGE('',*,*,#4573,.T.);
#3288=ORIENTED_EDGE('',*,*,#3466,.F.);
#3289=ORIENTED_EDGE('',*,*,#4574,.T.);
#3290=ORIENTED_EDGE('',*,*,#4572,.F.);
#3291=ORIENTED_EDGE('',*,*,#4568,.F.);
#3292=ORIENTED_EDGE('',*,*,#4571,.T.);
#3293=ORIENTED_EDGE('',*,*,#4575,.T.);
#3294=ORIENTED_EDGE('',*,*,#3468,.T.);
#3295=ORIENTED_EDGE('',*,*,#4567,.T.);
#3296=ORIENTED_EDGE('',*,*,#4573,.F.);
#3297=ORIENTED_EDGE('',*,*,#4574,.F.);
#3298=ORIENTED_EDGE('',*,*,#3465,.F.);
#3299=ORIENTED_EDGE('',*,*,#4284,.F.);
#3300=ORIENTED_EDGE('',*,*,#4570,.F.);
#3301=ORIENTED_EDGE('',*,*,#4282,.F.);
#3302=ORIENTED_EDGE('',*,*,#3469,.F.);
#3303=ORIENTED_EDGE('',*,*,#4575,.F.);
#3304=ORIENTED_EDGE('',*,*,#4576,.F.);
#3305=ORIENTED_EDGE('',*,*,#3462,.F.);
#3306=ORIENTED_EDGE('',*,*,#4577,.T.);
#3307=ORIENTED_EDGE('',*,*,#4578,.T.);
#3308=ORIENTED_EDGE('',*,*,#4579,.F.);
#3309=ORIENTED_EDGE('',*,*,#4578,.F.);
#3310=ORIENTED_EDGE('',*,*,#4580,.T.);
#3311=ORIENTED_EDGE('',*,*,#4581,.T.);
#3312=ORIENTED_EDGE('',*,*,#4582,.F.);
#3313=ORIENTED_EDGE('',*,*,#4581,.F.);
#3314=ORIENTED_EDGE('',*,*,#4583,.T.);
#3315=ORIENTED_EDGE('',*,*,#3460,.T.);
#3316=ORIENTED_EDGE('',*,*,#3461,.F.);
#3317=ORIENTED_EDGE('',*,*,#4583,.F.);
#3318=ORIENTED_EDGE('',*,*,#4580,.F.);
#3319=ORIENTED_EDGE('',*,*,#4577,.F.);
#3320=ORIENTED_EDGE('',*,*,#3463,.T.);
#3321=ORIENTED_EDGE('',*,*,#4576,.T.);
#3322=ORIENTED_EDGE('',*,*,#4579,.T.);
#3323=ORIENTED_EDGE('',*,*,#4582,.T.);
#3324=EDGE_CURVE('',#4584,#4585,#5464,.T.);
#3325=EDGE_CURVE('',#4585,#4586,#5465,.T.);
#3326=EDGE_CURVE('',#4586,#4587,#5466,.T.);
#3327=EDGE_CURVE('',#4587,#4584,#276,.T.);
#3328=EDGE_CURVE('',#4588,#4589,#5467,.T.);
#3329=EDGE_CURVE('',#4590,#4588,#277,.T.);
#3330=EDGE_CURVE('',#4591,#4590,#5468,.T.);
#3331=EDGE_CURVE('',#4589,#4591,#5469,.T.);
#3332=EDGE_CURVE('',#4590,#4587,#5470,.T.);
#3333=EDGE_CURVE('',#4588,#4584,#5471,.T.);
#3334=EDGE_CURVE('',#4591,#4586,#5472,.T.);
#3335=EDGE_CURVE('',#4589,#4585,#5473,.T.);
#3336=EDGE_CURVE('',#4592,#4593,#5474,.T.);
#3337=EDGE_CURVE('',#4594,#4593,#5475,.T.);
#3338=EDGE_CURVE('',#4595,#4594,#5476,.T.);
#3339=EDGE_CURVE('',#4595,#4592,#5477,.T.);
#3340=EDGE_CURVE('',#4593,#4596,#5478,.T.);
#3341=EDGE_CURVE('',#4597,#4596,#5479,.T.);
#3342=EDGE_CURVE('',#4594,#4597,#5480,.T.);
#3343=EDGE_CURVE('',#4596,#4598,#278,.T.);
#3344=EDGE_CURVE('',#4599,#4598,#5481,.T.);
#3345=EDGE_CURVE('',#4597,#4599,#279,.T.);
#3346=EDGE_CURVE('',#4599,#4595,#5482,.T.);
#3347=EDGE_CURVE('',#4598,#4592,#5483,.T.);
#3348=EDGE_CURVE('',#4600,#4601,#5484,.T.);
#3349=EDGE_CURVE('',#4601,#4602,#5485,.T.);
#3350=EDGE_CURVE('',#4602,#4603,#5486,.T.);
#3351=EDGE_CURVE('',#4603,#4600,#280,.T.);
#3352=EDGE_CURVE('',#4604,#4605,#5487,.T.);
#3353=EDGE_CURVE('',#4606,#4604,#281,.T.);
#3354=EDGE_CURVE('',#4607,#4606,#5488,.T.);
#3355=EDGE_CURVE('',#4605,#4607,#5489,.T.);
#3356=EDGE_CURVE('',#4606,#4603,#5490,.T.);
#3357=EDGE_CURVE('',#4604,#4600,#5491,.T.);
#3358=EDGE_CURVE('',#4607,#4602,#5492,.T.);
#3359=EDGE_CURVE('',#4605,#4601,#5493,.T.);
#3360=EDGE_CURVE('',#4608,#4609,#5494,.T.);
#3361=EDGE_CURVE('',#4610,#4609,#5495,.T.);
#3362=EDGE_CURVE('',#4611,#4610,#5496,.T.);
#3363=EDGE_CURVE('',#4611,#4608,#5497,.T.);
#3364=EDGE_CURVE('',#4609,#4612,#5498,.T.);
#3365=EDGE_CURVE('',#4613,#4612,#5499,.T.);
#3366=EDGE_CURVE('',#4610,#4613,#5500,.T.);
#3367=EDGE_CURVE('',#4612,#4614,#282,.T.);
#3368=EDGE_CURVE('',#4615,#4614,#5501,.T.);
#3369=EDGE_CURVE('',#4613,#4615,#283,.T.);
#3370=EDGE_CURVE('',#4615,#4611,#5502,.T.);
#3371=EDGE_CURVE('',#4614,#4608,#5503,.T.);
#3372=EDGE_CURVE('',#4616,#4617,#5504,.T.);
#3373=EDGE_CURVE('',#4617,#4618,#5505,.T.);
#3374=EDGE_CURVE('',#4618,#4619,#5506,.T.);
#3375=EDGE_CURVE('',#4619,#4616,#284,.T.);
#3376=EDGE_CURVE('',#4620,#4621,#5507,.T.);
#3377=EDGE_CURVE('',#4622,#4620,#285,.T.);
#3378=EDGE_CURVE('',#4623,#4622,#5508,.T.);
#3379=EDGE_CURVE('',#4621,#4623,#5509,.T.);
#3380=EDGE_CURVE('',#4622,#4619,#5510,.T.);
#3381=EDGE_CURVE('',#4620,#4616,#5511,.T.);
#3382=EDGE_CURVE('',#4623,#4618,#5512,.T.);
#3383=EDGE_CURVE('',#4621,#4617,#5513,.T.);
#3384=EDGE_CURVE('',#4624,#4625,#5514,.T.);
#3385=EDGE_CURVE('',#4626,#4625,#5515,.T.);
#3386=EDGE_CURVE('',#4627,#4626,#5516,.T.);
#3387=EDGE_CURVE('',#4627,#4624,#5517,.T.);
#3388=EDGE_CURVE('',#4625,#4628,#5518,.T.);
#3389=EDGE_CURVE('',#4629,#4628,#5519,.T.);
#3390=EDGE_CURVE('',#4626,#4629,#5520,.T.);
#3391=EDGE_CURVE('',#4628,#4630,#286,.T.);
#3392=EDGE_CURVE('',#4631,#4630,#5521,.T.);
#3393=EDGE_CURVE('',#4629,#4631,#287,.T.);
#3394=EDGE_CURVE('',#4631,#4627,#5522,.T.);
#3395=EDGE_CURVE('',#4630,#4624,#5523,.T.);
#3396=EDGE_CURVE('',#4632,#4633,#5524,.T.);
#3397=EDGE_CURVE('',#4634,#4633,#5525,.T.);
#3398=EDGE_CURVE('',#4635,#4634,#5526,.T.);
#3399=EDGE_CURVE('',#4635,#4632,#5527,.T.);
#3400=EDGE_CURVE('',#4633,#4636,#5528,.T.);
#3401=EDGE_CURVE('',#4637,#4636,#5529,.T.);
#3402=EDGE_CURVE('',#4634,#4637,#5530,.T.);
#3403=EDGE_CURVE('',#4636,#4638,#288,.T.);
#3404=EDGE_CURVE('',#4639,#4638,#5531,.T.);
#3405=EDGE_CURVE('',#4637,#4639,#289,.T.);
#3406=EDGE_CURVE('',#4639,#4635,#5532,.T.);
#3407=EDGE_CURVE('',#4638,#4632,#5533,.T.);
#3408=EDGE_CURVE('',#4640,#4641,#5534,.T.);
#3409=EDGE_CURVE('',#4641,#4642,#5535,.T.);
#3410=EDGE_CURVE('',#4643,#4642,#5536,.T.);
#3411=EDGE_CURVE('',#4644,#4643,#5537,.T.);
#3412=EDGE_CURVE('',#4645,#4644,#5538,.T.);
#3413=EDGE_CURVE('',#4645,#4646,#5539,.T.);
#3414=EDGE_CURVE('',#4647,#4646,#5540,.T.);
#3415=EDGE_CURVE('',#4647,#4648,#5541,.T.);
#3416=EDGE_CURVE('',#4648,#4649,#5542,.T.);
#3417=EDGE_CURVE('',#4649,#4650,#5543,.T.);
#3418=EDGE_CURVE('',#4651,#4650,#5544,.T.);
#3419=EDGE_CURVE('',#4652,#4651,#5545,.T.);
#3420=EDGE_CURVE('',#4653,#4652,#5546,.T.);
#3421=EDGE_CURVE('',#4653,#4654,#5547,.T.);
#3422=EDGE_CURVE('',#4655,#4654,#5548,.T.);
#3423=EDGE_CURVE('',#4655,#4640,#5549,.T.);
#3424=EDGE_CURVE('',#4656,#4657,#5550,.T.);
#3425=EDGE_CURVE('',#4658,#4656,#5551,.T.);
#3426=EDGE_CURVE('',#4658,#4659,#5552,.T.);
#3427=EDGE_CURVE('',#4659,#4660,#290,.F.);
#3428=EDGE_CURVE('',#4660,#4661,#291,.F.);
#3429=EDGE_CURVE('',#4661,#4662,#5553,.T.);
#3430=EDGE_CURVE('',#4662,#4663,#292,.F.);
#3431=EDGE_CURVE('',#4663,#4664,#293,.F.);
#3432=EDGE_CURVE('',#4664,#4665,#5554,.T.);
#3433=EDGE_CURVE('',#4665,#4666,#5555,.T.);
#3434=EDGE_CURVE('',#4667,#4666,#5556,.T.);
#3435=EDGE_CURVE('',#4667,#4668,#294,.F.);
#3436=EDGE_CURVE('',#4668,#4669,#295,.F.);
#3437=EDGE_CURVE('',#4669,#4670,#5557,.T.);
#3438=EDGE_CURVE('',#4670,#4671,#296,.F.);
#3439=EDGE_CURVE('',#4671,#4657,#297,.F.);
#3440=EDGE_CURVE('',#4672,#4673,#298,.F.);
#3441=EDGE_CURVE('',#4673,#4674,#299,.F.);
#3442=EDGE_CURVE('',#4674,#4675,#5558,.T.);
#3443=EDGE_CURVE('',#4675,#4676,#5559,.T.);
#3444=EDGE_CURVE('',#4677,#4676,#5560,.T.);
#3445=EDGE_CURVE('',#4677,#4678,#300,.F.);
#3446=EDGE_CURVE('',#4678,#4679,#301,.F.);
#3447=EDGE_CURVE('',#4679,#4680,#5561,.T.);
#3448=EDGE_CURVE('',#4680,#4681,#302,.F.);
#3449=EDGE_CURVE('',#4681,#4682,#303,.F.);
#3450=EDGE_CURVE('',#4683,#4682,#5562,.T.);
#3451=EDGE_CURVE('',#4684,#4683,#5563,.T.);
#3452=EDGE_CURVE('',#4684,#4685,#5564,.T.);
#3453=EDGE_CURVE('',#4685,#4686,#304,.F.);
#3454=EDGE_CURVE('',#4686,#4687,#305,.F.);
#3455=EDGE_CURVE('',#4687,#4672,#5565,.T.);
#3456=EDGE_CURVE('',#4688,#4689,#5566,.T.);
#3457=EDGE_CURVE('',#4690,#4688,#5567,.T.);
#3458=EDGE_CURVE('',#4691,#4690,#5568,.T.);
#3459=EDGE_CURVE('',#4689,#4691,#5569,.T.);
#3460=EDGE_CURVE('',#4692,#4693,#5570,.T.);
#3461=EDGE_CURVE('',#4692,#4694,#5571,.T.);
#3462=EDGE_CURVE('',#4694,#4695,#5572,.T.);
#3463=EDGE_CURVE('',#4693,#4695,#5573,.T.);
#3464=EDGE_CURVE('',#4696,#4697,#306,.F.);
#3465=EDGE_CURVE('',#4696,#4698,#307,.T.);
#3466=EDGE_CURVE('',#4698,#4699,#5574,.T.);
#3467=EDGE_CURVE('',#4699,#4700,#5575,.T.);
#3468=EDGE_CURVE('',#4701,#4700,#5576,.T.);
#3469=EDGE_CURVE('',#4701,#4702,#308,.T.);
#3470=EDGE_CURVE('',#4703,#4702,#309,.F.);
#3471=EDGE_CURVE('',#4704,#4703,#5577,.T.);
#3472=EDGE_CURVE('',#4705,#4704,#310,.F.);
#3473=EDGE_CURVE('',#4705,#4706,#311,.T.);
#3474=EDGE_CURVE('',#4707,#4706,#5578,.T.);
#3475=EDGE_CURVE('',#4708,#4707,#5579,.T.);
#3476=EDGE_CURVE('',#4708,#4709,#5580,.T.);
#3477=EDGE_CURVE('',#4709,#4710,#312,.T.);
#3478=EDGE_CURVE('',#4711,#4710,#313,.F.);
#3479=EDGE_CURVE('',#4712,#4711,#5581,.T.);
#3480=EDGE_CURVE('',#4713,#4712,#5582,.T.);
#3481=EDGE_CURVE('',#4713,#4714,#5583,.T.);
#3482=EDGE_CURVE('',#4714,#4715,#5584,.T.);
#3483=EDGE_CURVE('',#4716,#4715,#5585,.T.);
#3484=EDGE_CURVE('',#4717,#4716,#5586,.T.);
#3485=EDGE_CURVE('',#4717,#4718,#5587,.T.);
#3486=EDGE_CURVE('',#4718,#4719,#5588,.T.);
#3487=EDGE_CURVE('',#4720,#4719,#5589,.T.);
#3488=EDGE_CURVE('',#4721,#4720,#5590,.T.);
#3489=EDGE_CURVE('',#4721,#4722,#5591,.T.);
#3490=EDGE_CURVE('',#4722,#4723,#5592,.T.);
#3491=EDGE_CURVE('',#4724,#4723,#5593,.T.);
#3492=EDGE_CURVE('',#4725,#4724,#5594,.T.);
#3493=EDGE_CURVE('',#4725,#4726,#5595,.T.);
#3494=EDGE_CURVE('',#4726,#4727,#5596,.T.);
#3495=EDGE_CURVE('',#4727,#4728,#5597,.T.);
#3496=EDGE_CURVE('',#4729,#4728,#5598,.T.);
#3497=EDGE_CURVE('',#4730,#4729,#5599,.T.);
#3498=EDGE_CURVE('',#4731,#4730,#314,.F.);
#3499=EDGE_CURVE('',#4731,#4732,#315,.T.);
#3500=EDGE_CURVE('',#4732,#4733,#5600,.T.);
#3501=EDGE_CURVE('',#4733,#4734,#5601,.T.);
#3502=EDGE_CURVE('',#4735,#4734,#5602,.T.);
#3503=EDGE_CURVE('',#4735,#4736,#316,.T.);
#3504=EDGE_CURVE('',#4737,#4736,#317,.F.);
#3505=EDGE_CURVE('',#4738,#4737,#5603,.T.);
#3506=EDGE_CURVE('',#4739,#4738,#318,.F.);
#3507=EDGE_CURVE('',#4739,#4740,#319,.T.);
#3508=EDGE_CURVE('',#4741,#4740,#5604,.T.);
#3509=EDGE_CURVE('',#4742,#4741,#5605,.T.);
#3510=EDGE_CURVE('',#4742,#4743,#5606,.T.);
#3511=EDGE_CURVE('',#4743,#4744,#320,.T.);
#3512=EDGE_CURVE('',#4745,#4744,#321,.F.);
#3513=EDGE_CURVE('',#4746,#4745,#5607,.T.);
#3514=EDGE_CURVE('',#4747,#4746,#5608,.T.);
#3515=EDGE_CURVE('',#4747,#4748,#5609,.T.);
#3516=EDGE_CURVE('',#4748,#4749,#5610,.T.);
#3517=EDGE_CURVE('',#4750,#4749,#5611,.T.);
#3518=EDGE_CURVE('',#4751,#4750,#5612,.T.);
#3519=EDGE_CURVE('',#4751,#4752,#5613,.T.);
#3520=EDGE_CURVE('',#4752,#4753,#5614,.T.);
#3521=EDGE_CURVE('',#4754,#4753,#5615,.T.);
#3522=EDGE_CURVE('',#4755,#4754,#5616,.T.);
#3523=EDGE_CURVE('',#4755,#4756,#5617,.T.);
#3524=EDGE_CURVE('',#4756,#4757,#5618,.T.);
#3525=EDGE_CURVE('',#4758,#4757,#5619,.T.);
#3526=EDGE_CURVE('',#4759,#4758,#5620,.T.);
#3527=EDGE_CURVE('',#4759,#4760,#5621,.T.);
#3528=EDGE_CURVE('',#4760,#4761,#5622,.T.);
#3529=EDGE_CURVE('',#4761,#4762,#5623,.T.);
#3530=EDGE_CURVE('',#4763,#4762,#5624,.T.);
#3531=EDGE_CURVE('',#4697,#4763,#5625,.T.);
#3532=EDGE_CURVE('',#4764,#4765,#5626,.T.);
#3533=EDGE_CURVE('',#4766,#4764,#5627,.T.);
#3534=EDGE_CURVE('',#4766,#4767,#5628,.T.);
#3535=EDGE_CURVE('',#4768,#4767,#5629,.T.);
#3536=EDGE_CURVE('',#4768,#4769,#5630,.T.);
#3537=EDGE_CURVE('',#4769,#4770,#5631,.T.);
#3538=EDGE_CURVE('',#4770,#4771,#5632,.T.);
#3539=EDGE_CURVE('',#4772,#4771,#5633,.T.);
#3540=EDGE_CURVE('',#4773,#4772,#5634,.T.);
#3541=EDGE_CURVE('',#4774,#4773,#5635,.T.);
#3542=EDGE_CURVE('',#4774,#4775,#5636,.T.);
#3543=EDGE_CURVE('',#4776,#4775,#5637,.T.);
#3544=EDGE_CURVE('',#4776,#4777,#5638,.T.);
#3545=EDGE_CURVE('',#4777,#4778,#5639,.T.);
#3546=EDGE_CURVE('',#4778,#4779,#5640,.T.);
#3547=EDGE_CURVE('',#4765,#4779,#5641,.T.);
#3548=EDGE_CURVE('',#4780,#4781,#322,.T.);
#3549=EDGE_CURVE('',#4780,#4782,#5642,.T.);
#3550=EDGE_CURVE('',#4782,#4783,#323,.T.);
#3551=EDGE_CURVE('',#4781,#4783,#5643,.T.);
#3552=EDGE_CURVE('',#4652,#4784,#5644,.T.);
#3553=EDGE_CURVE('',#4784,#4783,#5645,.T.);
#3554=EDGE_CURVE('',#4782,#4785,#5646,.T.);
#3555=EDGE_CURVE('',#4785,#4769,#5647,.T.);
#3556=EDGE_CURVE('',#4653,#4768,#5648,.T.);
#3557=EDGE_CURVE('',#4650,#4771,#324,.T.);
#3558=EDGE_CURVE('',#4772,#4649,#325,.T.);
#3559=EDGE_CURVE('',#4786,#4787,#5649,.T.);
#3560=EDGE_CURVE('',#4787,#4788,#326,.T.);
#3561=EDGE_CURVE('',#4788,#4789,#327,.T.);
#3562=EDGE_CURVE('',#4789,#4790,#328,.T.);
#3563=EDGE_CURVE('',#4790,#4791,#5650,.T.);
#3564=EDGE_CURVE('',#4791,#4792,#329,.T.);
#3565=EDGE_CURVE('',#4792,#4793,#330,.T.);
#3566=EDGE_CURVE('',#4793,#4786,#331,.T.);
#3567=EDGE_CURVE('',#4794,#4794,#332,.T.);
#3568=EDGE_CURVE('',#4795,#4795,#333,.T.);
#3569=EDGE_CURVE('',#4796,#4796,#334,.T.);
#3570=EDGE_CURVE('',#4797,#4797,#335,.T.);
#3571=EDGE_CURVE('',#4798,#4798,#336,.T.);
#3572=EDGE_CURVE('',#4799,#4799,#337,.T.);
#3573=EDGE_CURVE('',#4800,#4800,#338,.T.);
#3574=EDGE_CURVE('',#4801,#4802,#339,.T.);
#3575=EDGE_CURVE('',#4802,#4803,#340,.T.);
#3576=EDGE_CURVE('',#4803,#4804,#5651,.T.);
#3577=EDGE_CURVE('',#4804,#4805,#341,.T.);
#3578=EDGE_CURVE('',#4805,#4806,#342,.T.);
#3579=EDGE_CURVE('',#4806,#4807,#343,.T.);
#3580=EDGE_CURVE('',#4807,#4808,#5652,.T.);
#3581=EDGE_CURVE('',#4808,#4801,#344,.T.);
#3582=EDGE_CURVE('',#4809,#4809,#345,.T.);
#3583=EDGE_CURVE('',#4810,#4810,#346,.T.);
#3584=EDGE_CURVE('',#4811,#4811,#347,.T.);
#3585=EDGE_CURVE('',#4812,#4813,#348,.T.);
#3586=EDGE_CURVE('',#4814,#4812,#5653,.T.);
#3587=EDGE_CURVE('',#4814,#4815,#349,.T.);
#3588=EDGE_CURVE('',#4815,#4813,#5654,.T.);
#3589=EDGE_CURVE('',#4766,#4816,#5655,.T.);
#3590=EDGE_CURVE('',#4816,#4812,#5656,.T.);
#3591=EDGE_CURVE('',#4813,#4817,#5657,.T.);
#3592=EDGE_CURVE('',#4817,#4655,#5658,.T.);
#3593=EDGE_CURVE('',#4654,#4767,#5659,.T.);
#3594=EDGE_CURVE('',#4765,#4641,#350,.T.);
#3595=EDGE_CURVE('',#4642,#4779,#351,.T.);
#3596=EDGE_CURVE('',#4818,#4819,#352,.T.);
#3597=EDGE_CURVE('',#4819,#4820,#353,.T.);
#3598=EDGE_CURVE('',#4820,#4821,#5660,.T.);
#3599=EDGE_CURVE('',#4821,#4822,#354,.T.);
#3600=EDGE_CURVE('',#4822,#4823,#355,.T.);
#3601=EDGE_CURVE('',#4823,#4824,#356,.T.);
#3602=EDGE_CURVE('',#4824,#4825,#5661,.T.);
#3603=EDGE_CURVE('',#4825,#4818,#357,.T.);
#3604=EDGE_CURVE('',#4826,#4826,#358,.T.);
#3605=EDGE_CURVE('',#4827,#4827,#359,.T.);
#3606=EDGE_CURVE('',#4828,#4828,#360,.T.);
#3607=EDGE_CURVE('',#4829,#4829,#361,.T.);
#3608=EDGE_CURVE('',#4830,#4830,#362,.T.);
#3609=EDGE_CURVE('',#4831,#4831,#363,.T.);
#3610=EDGE_CURVE('',#4832,#4832,#364,.T.);
#3611=EDGE_CURVE('',#4833,#4834,#5662,.T.);
#3612=EDGE_CURVE('',#4834,#4835,#365,.T.);
#3613=EDGE_CURVE('',#4835,#4836,#366,.T.);
#3614=EDGE_CURVE('',#4836,#4837,#367,.T.);
#3615=EDGE_CURVE('',#4837,#4838,#5663,.T.);
#3616=EDGE_CURVE('',#4838,#4839,#368,.T.);
#3617=EDGE_CURVE('',#4839,#4840,#369,.T.);
#3618=EDGE_CURVE('',#4840,#4833,#370,.T.);
#3619=EDGE_CURVE('',#4841,#4841,#371,.T.);
#3620=EDGE_CURVE('',#4842,#4842,#372,.T.);
#3621=EDGE_CURVE('',#4843,#4843,#373,.T.);
#3622=EDGE_CURVE('',#4844,#4844,#374,.T.);
#3623=EDGE_CURVE('',#4845,#4845,#375,.T.);
#3624=EDGE_CURVE('',#4846,#4846,#376,.T.);
#3625=EDGE_CURVE('',#4847,#4848,#377,.T.);
#3626=EDGE_CURVE('',#4849,#4848,#378,.T.);
#3627=EDGE_CURVE('',#4849,#4850,#5664,.T.);
#3628=EDGE_CURVE('',#4851,#4850,#379,.T.);
#3629=EDGE_CURVE('',#4851,#4852,#380,.T.);
#3630=EDGE_CURVE('',#4853,#4852,#381,.T.);
#3631=EDGE_CURVE('',#4853,#4854,#5665,.T.);
#3632=EDGE_CURVE('',#4847,#4854,#382,.T.);
#3633=EDGE_CURVE('',#4855,#4856,#383,.T.);
#3634=EDGE_CURVE('',#4857,#4855,#384,.T.);
#3635=EDGE_CURVE('',#4858,#4857,#5666,.T.);
#3636=EDGE_CURVE('',#4859,#4858,#385,.T.);
#3637=EDGE_CURVE('',#4860,#4859,#386,.T.);
#3638=EDGE_CURVE('',#4861,#4860,#387,.T.);
#3639=EDGE_CURVE('',#4862,#4861,#5667,.T.);
#3640=EDGE_CURVE('',#4856,#4862,#388,.T.);
#3641=EDGE_CURVE('',#4863,#4864,#389,.T.);
#3642=EDGE_CURVE('',#4865,#4863,#5668,.T.);
#3643=EDGE_CURVE('',#4865,#4866,#390,.T.);
#3644=EDGE_CURVE('',#4866,#4864,#5669,.T.);
#3645=EDGE_CURVE('',#4774,#4867,#5670,.T.);
#3646=EDGE_CURVE('',#4867,#4863,#5671,.T.);
#3647=EDGE_CURVE('',#4864,#4868,#5672,.T.);
#3648=EDGE_CURVE('',#4868,#4647,#5673,.T.);
#3649=EDGE_CURVE('',#4646,#4775,#5674,.T.);
#3650=EDGE_CURVE('',#4869,#4869,#391,.T.);
#3651=EDGE_CURVE('',#4870,#4870,#392,.T.);
#3652=EDGE_CURVE('',#4871,#4871,#393,.T.);
#3653=EDGE_CURVE('',#4872,#4873,#394,.T.);
#3654=EDGE_CURVE('',#4873,#4874,#395,.T.);
#3655=EDGE_CURVE('',#4874,#4875,#5675,.T.);
#3656=EDGE_CURVE('',#4875,#4876,#396,.T.);
#3657=EDGE_CURVE('',#4876,#4877,#397,.T.);
#3658=EDGE_CURVE('',#4877,#4878,#398,.T.);
#3659=EDGE_CURVE('',#4878,#4879,#5676,.T.);
#3660=EDGE_CURVE('',#4879,#4872,#399,.T.);
#3661=EDGE_CURVE('',#4880,#4880,#400,.T.);
#3662=EDGE_CURVE('',#4881,#4881,#401,.T.);
#3663=EDGE_CURVE('',#4882,#4882,#402,.T.);
#3664=EDGE_CURVE('',#4883,#4884,#403,.T.);
#3665=EDGE_CURVE('',#4883,#4885,#404,.T.);
#3666=EDGE_CURVE('',#4886,#4885,#5677,.T.);
#3667=EDGE_CURVE('',#4886,#4887,#405,.T.);
#3668=EDGE_CURVE('',#4888,#4887,#406,.T.);
#3669=EDGE_CURVE('',#4888,#4889,#407,.T.);
#3670=EDGE_CURVE('',#4890,#4889,#5678,.T.);
#3671=EDGE_CURVE('',#4890,#4884,#408,.T.);
#3672=EDGE_CURVE('',#4645,#4776,#5679,.T.);
#3673=EDGE_CURVE('',#4891,#4892,#409,.T.);
#3674=EDGE_CURVE('',#4891,#4893,#5680,.T.);
#3675=EDGE_CURVE('',#4893,#4894,#410,.T.);
#3676=EDGE_CURVE('',#4892,#4894,#5681,.T.);
#3677=EDGE_CURVE('',#4644,#4895,#5682,.T.);
#3678=EDGE_CURVE('',#4895,#4894,#5683,.T.);
#3679=EDGE_CURVE('',#4893,#4896,#5684,.T.);
#3680=EDGE_CURVE('',#4896,#4777,#5685,.T.);
#3681=EDGE_CURVE('',#4897,#4897,#411,.T.);
#3682=EDGE_CURVE('',#4898,#4898,#412,.T.);
#3683=EDGE_CURVE('',#4899,#4899,#413,.T.);
#3684=EDGE_CURVE('',#4900,#4901,#414,.F.);
#3685=EDGE_CURVE('',#4901,#4847,#5686,.T.);
#3686=EDGE_CURVE('',#4854,#4900,#5687,.T.);
#3687=EDGE_CURVE('',#4902,#4903,#415,.T.);
#3688=EDGE_CURVE('',#4903,#4859,#5688,.T.);
#3689=EDGE_CURVE('',#4858,#4902,#5689,.T.);
#3690=EDGE_CURVE('',#4904,#4905,#416,.F.);
#3691=EDGE_CURVE('',#4905,#4853,#5690,.F.);
#3692=EDGE_CURVE('',#4852,#4904,#5691,.F.);
#3693=EDGE_CURVE('',#4906,#4907,#417,.T.);
#3694=EDGE_CURVE('',#4907,#4857,#5692,.F.);
#3695=EDGE_CURVE('',#4855,#4906,#5693,.F.);
#3696=EDGE_CURVE('',#4908,#4909,#418,.T.);
#3697=EDGE_CURVE('',#4909,#4861,#5694,.F.);
#3698=EDGE_CURVE('',#4860,#4908,#5695,.F.);
#3699=EDGE_CURVE('',#4910,#4911,#419,.T.);
#3700=EDGE_CURVE('',#4911,#4856,#5696,.T.);
#3701=EDGE_CURVE('',#4862,#4910,#5697,.T.);
#3702=EDGE_CURVE('',#4912,#4913,#420,.F.);
#3703=EDGE_CURVE('',#4913,#4851,#5698,.T.);
#3704=EDGE_CURVE('',#4850,#4912,#5699,.T.);
#3705=EDGE_CURVE('',#4914,#4915,#421,.F.);
#3706=EDGE_CURVE('',#4915,#4849,#5700,.F.);
#3707=EDGE_CURVE('',#4848,#4914,#5701,.F.);
#3708=EDGE_CURVE('',#4901,#4914,#422,.T.);
#3709=EDGE_CURVE('',#4905,#4900,#5702,.T.);
#3710=EDGE_CURVE('',#4913,#4904,#423,.T.);
#3711=EDGE_CURVE('',#4915,#4912,#5703,.T.);
#3712=EDGE_CURVE('',#4910,#4909,#5704,.T.);
#3713=EDGE_CURVE('',#4908,#4903,#424,.T.);
#3714=EDGE_CURVE('',#4902,#4907,#5705,.T.);
#3715=EDGE_CURVE('',#4906,#4911,#425,.T.);
#3716=EDGE_CURVE('',#4916,#4916,#426,.T.);
#3717=EDGE_CURVE('',#4917,#4917,#427,.T.);
#3718=EDGE_CURVE('',#4918,#4918,#428,.T.);
#3719=EDGE_CURVE('',#4919,#4920,#429,.T.);
#3720=EDGE_CURVE('',#4919,#4721,#5706,.T.);
#3721=EDGE_CURVE('',#4720,#4920,#5707,.T.);
#3722=EDGE_CURVE('',#4920,#4921,#5708,.T.);
#3723=EDGE_CURVE('',#4922,#4921,#430,.T.);
#3724=EDGE_CURVE('',#4919,#4922,#5709,.T.);
#3725=EDGE_CURVE('',#4923,#4923,#431,.T.);
#3726=EDGE_CURVE('',#4924,#4924,#432,.T.);
#3727=EDGE_CURVE('',#4925,#4925,#433,.T.);
#3728=EDGE_CURVE('',#4926,#4927,#434,.T.);
#3729=EDGE_CURVE('',#4926,#4725,#5710,.T.);
#3730=EDGE_CURVE('',#4724,#4927,#5711,.T.);
#3731=EDGE_CURVE('',#4927,#4928,#5712,.T.);
#3732=EDGE_CURVE('',#4929,#4928,#435,.T.);
#3733=EDGE_CURVE('',#4926,#4929,#5713,.T.);
#3734=EDGE_CURVE('',#4930,#4931,#436,.T.);
#3735=EDGE_CURVE('',#4931,#4932,#5714,.T.);
#3736=EDGE_CURVE('',#4933,#4932,#437,.T.);
#3737=EDGE_CURVE('',#4930,#4933,#5715,.T.);
#3738=EDGE_CURVE('',#4934,#4934,#438,.T.);
#3739=EDGE_CURVE('',#4930,#4717,#5716,.T.);
#3740=EDGE_CURVE('',#4716,#4931,#5717,.T.);
#3741=EDGE_CURVE('',#4935,#4935,#439,.T.);
#3742=EDGE_CURVE('',#4936,#4936,#440,.T.);
#3743=EDGE_CURVE('',#4937,#4938,#441,.T.);
#3744=EDGE_CURVE('',#4937,#4939,#5718,.T.);
#3745=EDGE_CURVE('',#4939,#4940,#442,.T.);
#3746=EDGE_CURVE('',#4938,#4940,#5719,.T.);
#3747=EDGE_CURVE('',#4941,#4941,#443,.T.);
#3748=EDGE_CURVE('',#4938,#4751,#5720,.T.);
#3749=EDGE_CURVE('',#4750,#4937,#5721,.T.);
#3750=EDGE_CURVE('',#4942,#4942,#444,.T.);
#3751=EDGE_CURVE('',#4943,#4943,#445,.T.);
#3752=EDGE_CURVE('',#4944,#4945,#446,.T.);
#3753=EDGE_CURVE('',#4944,#4946,#5722,.T.);
#3754=EDGE_CURVE('',#4946,#4947,#447,.T.);
#3755=EDGE_CURVE('',#4945,#4947,#5723,.T.);
#3756=EDGE_CURVE('',#4948,#4948,#448,.T.);
#3757=EDGE_CURVE('',#4945,#4755,#5724,.T.);
#3758=EDGE_CURVE('',#4754,#4944,#5725,.T.);
#3759=EDGE_CURVE('',#4949,#4949,#449,.T.);
#3760=EDGE_CURVE('',#4950,#4950,#450,.T.);
#3761=EDGE_CURVE('',#4951,#4951,#451,.T.);
#3762=EDGE_CURVE('',#4952,#4952,#452,.T.);
#3763=EDGE_CURVE('',#4953,#4953,#453,.T.);
#3764=EDGE_CURVE('',#4954,#4954,#454,.T.);
#3765=EDGE_CURVE('',#4955,#4955,#455,.T.);
#3766=EDGE_CURVE('',#4956,#4956,#456,.T.);
#3767=EDGE_CURVE('',#4957,#4957,#457,.T.);
#3768=EDGE_CURVE('',#4958,#4958,#458,.T.);
#3769=EDGE_CURVE('',#4959,#4959,#459,.T.);
#3770=EDGE_CURVE('',#4960,#4960,#460,.T.);
#3771=EDGE_CURVE('',#4961,#4961,#461,.T.);
#3772=EDGE_CURVE('',#4962,#4962,#462,.T.);
#3773=EDGE_CURVE('',#4963,#4963,#463,.T.);
#3774=EDGE_CURVE('',#4964,#4964,#464,.T.);
#3775=EDGE_CURVE('',#4965,#4965,#465,.T.);
#3776=EDGE_CURVE('',#4966,#4967,#5726,.F.);
#3777=EDGE_CURVE('',#4966,#4968,#5727,.T.);
#3778=EDGE_CURVE('',#4968,#4969,#466,.F.);
#3779=EDGE_CURVE('',#4969,#4970,#467,.T.);
#3780=EDGE_CURVE('',#4970,#4971,#468,.F.);
#3781=EDGE_CURVE('',#4971,#4967,#5728,.T.);
#3782=EDGE_CURVE('',#4972,#4973,#5729,.T.);
#3783=EDGE_CURVE('',#4972,#4974,#5730,.T.);
#3784=EDGE_CURVE('',#4974,#4975,#469,.F.);
#3785=EDGE_CURVE('',#4975,#4976,#470,.T.);
#3786=EDGE_CURVE('',#4976,#4977,#471,.F.);
#3787=EDGE_CURVE('',#4977,#4973,#5731,.T.);
#3788=EDGE_CURVE('',#4972,#4967,#472,.T.);
#3789=EDGE_CURVE('',#4971,#4978,#5732,.F.);
#3790=EDGE_CURVE('',#4978,#4979,#5733,.T.);
#3791=EDGE_CURVE('',#4979,#4974,#5734,.T.);
#3792=EDGE_CURVE('',#4980,#4981,#5735,.F.);
#3793=EDGE_CURVE('',#4980,#4982,#5736,.T.);
#3794=EDGE_CURVE('',#4982,#4983,#473,.F.);
#3795=EDGE_CURVE('',#4983,#4984,#474,.T.);
#3796=EDGE_CURVE('',#4984,#4985,#475,.F.);
#3797=EDGE_CURVE('',#4985,#4981,#5737,.T.);
#3798=EDGE_CURVE('',#4986,#4987,#5738,.T.);
#3799=EDGE_CURVE('',#4986,#4988,#5739,.T.);
#3800=EDGE_CURVE('',#4988,#4989,#476,.F.);
#3801=EDGE_CURVE('',#4989,#4990,#477,.T.);
#3802=EDGE_CURVE('',#4990,#4991,#478,.F.);
#3803=EDGE_CURVE('',#4991,#4987,#5740,.T.);
#3804=EDGE_CURVE('',#4992,#4993,#5741,.F.);
#3805=EDGE_CURVE('',#4992,#4994,#5742,.T.);
#3806=EDGE_CURVE('',#4994,#4995,#479,.F.);
#3807=EDGE_CURVE('',#4995,#4996,#480,.T.);
#3808=EDGE_CURVE('',#4996,#4997,#481,.F.);
#3809=EDGE_CURVE('',#4997,#4993,#5743,.T.);
#3810=EDGE_CURVE('',#4998,#4999,#5744,.T.);
#3811=EDGE_CURVE('',#4998,#5000,#5745,.T.);
#3812=EDGE_CURVE('',#5000,#5001,#482,.F.);
#3813=EDGE_CURVE('',#5001,#5002,#483,.T.);
#3814=EDGE_CURVE('',#5002,#5003,#484,.F.);
#3815=EDGE_CURVE('',#5003,#4999,#5746,.T.);
#3816=EDGE_CURVE('',#4998,#4993,#485,.T.);
#3817=EDGE_CURVE('',#4997,#5004,#5747,.F.);
#3818=EDGE_CURVE('',#5004,#5005,#5748,.T.);
#3819=EDGE_CURVE('',#5005,#5000,#5749,.T.);
#3820=EDGE_CURVE('',#5006,#5007,#5750,.T.);
#3821=EDGE_CURVE('',#5006,#5008,#5751,.F.);
#3822=EDGE_CURVE('',#5009,#5008,#5752,.T.);
#3823=EDGE_CURVE('',#5009,#5010,#486,.T.);
#3824=EDGE_CURVE('',#5011,#5010,#487,.T.);
#3825=EDGE_CURVE('',#5011,#5007,#488,.T.);
#3826=EDGE_CURVE('',#5012,#5013,#5753,.T.);
#3827=EDGE_CURVE('',#5012,#5014,#5754,.T.);
#3828=EDGE_CURVE('',#5015,#5014,#5755,.T.);
#3829=EDGE_CURVE('',#5015,#5016,#489,.T.);
#3830=EDGE_CURVE('',#5017,#5016,#490,.T.);
#3831=EDGE_CURVE('',#5017,#5013,#491,.T.);
#3832=EDGE_CURVE('',#5018,#5019,#5756,.F.);
#3833=EDGE_CURVE('',#5018,#5020,#5757,.T.);
#3834=EDGE_CURVE('',#5020,#5021,#492,.F.);
#3835=EDGE_CURVE('',#5021,#5022,#493,.T.);
#3836=EDGE_CURVE('',#5022,#5023,#494,.F.);
#3837=EDGE_CURVE('',#5023,#5019,#5758,.T.);
#3838=EDGE_CURVE('',#5024,#5025,#5759,.T.);
#3839=EDGE_CURVE('',#5024,#5026,#5760,.T.);
#3840=EDGE_CURVE('',#5026,#5027,#495,.F.);
#3841=EDGE_CURVE('',#5027,#5028,#496,.T.);
#3842=EDGE_CURVE('',#5028,#5029,#497,.F.);
#3843=EDGE_CURVE('',#5029,#5025,#5761,.T.);
#3844=EDGE_CURVE('',#5024,#5019,#498,.T.);
#3845=EDGE_CURVE('',#5023,#5030,#5762,.F.);
#3846=EDGE_CURVE('',#5030,#5031,#5763,.T.);
#3847=EDGE_CURVE('',#5031,#5026,#5764,.T.);
#3848=EDGE_CURVE('',#5032,#5033,#5765,.F.);
#3849=EDGE_CURVE('',#5032,#5034,#5766,.T.);
#3850=EDGE_CURVE('',#5034,#5035,#499,.F.);
#3851=EDGE_CURVE('',#5035,#5036,#500,.T.);
#3852=EDGE_CURVE('',#5036,#5037,#501,.F.);
#3853=EDGE_CURVE('',#5037,#5033,#5767,.T.);
#3854=EDGE_CURVE('',#5038,#5039,#5768,.T.);
#3855=EDGE_CURVE('',#5038,#5040,#5769,.T.);
#3856=EDGE_CURVE('',#5040,#5041,#502,.F.);
#3857=EDGE_CURVE('',#5041,#5042,#503,.T.);
#3858=EDGE_CURVE('',#5042,#5043,#504,.F.);
#3859=EDGE_CURVE('',#5043,#5039,#5770,.T.);
#3860=EDGE_CURVE('',#5044,#5045,#5771,.F.);
#3861=EDGE_CURVE('',#5046,#5044,#5772,.T.);
#3862=EDGE_CURVE('',#5047,#5046,#505,.F.);
#3863=EDGE_CURVE('',#5048,#5047,#506,.T.);
#3864=EDGE_CURVE('',#5049,#5048,#507,.F.);
#3865=EDGE_CURVE('',#5045,#5049,#5773,.T.);
#3866=EDGE_CURVE('',#5050,#5051,#5774,.T.);
#3867=EDGE_CURVE('',#5052,#5050,#5775,.T.);
#3868=EDGE_CURVE('',#5053,#5052,#508,.F.);
#3869=EDGE_CURVE('',#5054,#5053,#509,.T.);
#3870=EDGE_CURVE('',#5055,#5054,#510,.F.);
#3871=EDGE_CURVE('',#5051,#5055,#5776,.T.);
#3872=EDGE_CURVE('',#5056,#5057,#5777,.F.);
#3873=EDGE_CURVE('',#5056,#5058,#5778,.T.);
#3874=EDGE_CURVE('',#5058,#5059,#511,.F.);
#3875=EDGE_CURVE('',#5059,#5060,#512,.T.);
#3876=EDGE_CURVE('',#5060,#5061,#513,.F.);
#3877=EDGE_CURVE('',#5061,#5057,#5779,.T.);
#3878=EDGE_CURVE('',#5062,#5063,#5780,.T.);
#3879=EDGE_CURVE('',#5062,#5064,#5781,.T.);
#3880=EDGE_CURVE('',#5064,#5065,#514,.F.);
#3881=EDGE_CURVE('',#5065,#5066,#515,.T.);
#3882=EDGE_CURVE('',#5066,#5067,#516,.F.);
#3883=EDGE_CURVE('',#5067,#5063,#5782,.T.);
#3884=EDGE_CURVE('',#5062,#5057,#517,.T.);
#3885=EDGE_CURVE('',#5061,#5068,#5783,.F.);
#3886=EDGE_CURVE('',#5068,#5069,#5784,.T.);
#3887=EDGE_CURVE('',#5069,#5064,#5785,.T.);
#3888=EDGE_CURVE('',#5070,#5071,#5786,.T.);
#3889=EDGE_CURVE('',#5071,#5072,#5787,.F.);
#3890=EDGE_CURVE('',#5072,#5073,#5788,.T.);
#3891=EDGE_CURVE('',#5074,#5073,#518,.T.);
#3892=EDGE_CURVE('',#5074,#5075,#519,.T.);
#3893=EDGE_CURVE('',#5070,#5075,#520,.T.);
#3894=EDGE_CURVE('',#5076,#5077,#5789,.T.);
#3895=EDGE_CURVE('',#5077,#5078,#5790,.T.);
#3896=EDGE_CURVE('',#5078,#5079,#5791,.T.);
#3897=EDGE_CURVE('',#5080,#5079,#521,.T.);
#3898=EDGE_CURVE('',#5080,#5081,#522,.T.);
#3899=EDGE_CURVE('',#5076,#5081,#523,.T.);
#3900=EDGE_CURVE('',#5082,#5083,#5792,.F.);
#3901=EDGE_CURVE('',#5082,#5084,#5793,.T.);
#3902=EDGE_CURVE('',#5084,#5085,#524,.F.);
#3903=EDGE_CURVE('',#5085,#5086,#525,.T.);
#3904=EDGE_CURVE('',#5086,#5087,#526,.F.);
#3905=EDGE_CURVE('',#5087,#5083,#5794,.T.);
#3906=EDGE_CURVE('',#5088,#5089,#5795,.T.);
#3907=EDGE_CURVE('',#5088,#5090,#5796,.T.);
#3908=EDGE_CURVE('',#5090,#5091,#527,.F.);
#3909=EDGE_CURVE('',#5091,#5092,#528,.T.);
#3910=EDGE_CURVE('',#5092,#5093,#529,.F.);
#3911=EDGE_CURVE('',#5093,#5089,#5797,.T.);
#3912=EDGE_CURVE('',#5088,#5083,#530,.T.);
#3913=EDGE_CURVE('',#5087,#5094,#5798,.F.);
#3914=EDGE_CURVE('',#5094,#5095,#5799,.T.);
#3915=EDGE_CURVE('',#5095,#5090,#5800,.T.);
#3916=EDGE_CURVE('',#5096,#5097,#5801,.F.);
#3917=EDGE_CURVE('',#5098,#5096,#5802,.T.);
#3918=EDGE_CURVE('',#5099,#5098,#531,.F.);
#3919=EDGE_CURVE('',#5100,#5099,#532,.T.);
#3920=EDGE_CURVE('',#5101,#5100,#533,.F.);
#3921=EDGE_CURVE('',#5097,#5101,#5803,.T.);
#3922=EDGE_CURVE('',#5102,#5103,#5804,.T.);
#3923=EDGE_CURVE('',#5104,#5102,#5805,.T.);
#3924=EDGE_CURVE('',#5105,#5104,#534,.F.);
#3925=EDGE_CURVE('',#5106,#5105,#535,.T.);
#3926=EDGE_CURVE('',#5107,#5106,#536,.F.);
#3927=EDGE_CURVE('',#5103,#5107,#5806,.T.);
#3928=EDGE_CURVE('',#5108,#5109,#5807,.F.);
#3929=EDGE_CURVE('',#5108,#5110,#5808,.T.);
#3930=EDGE_CURVE('',#5110,#5111,#537,.F.);
#3931=EDGE_CURVE('',#5111,#5112,#538,.T.);
#3932=EDGE_CURVE('',#5112,#5113,#539,.F.);
#3933=EDGE_CURVE('',#5113,#5109,#5809,.T.);
#3934=EDGE_CURVE('',#5114,#5115,#5810,.T.);
#3935=EDGE_CURVE('',#5114,#5116,#5811,.T.);
#3936=EDGE_CURVE('',#5116,#5117,#540,.F.);
#3937=EDGE_CURVE('',#5117,#5118,#541,.T.);
#3938=EDGE_CURVE('',#5118,#5119,#542,.F.);
#3939=EDGE_CURVE('',#5119,#5115,#5812,.T.);
#3940=EDGE_CURVE('',#5114,#5109,#543,.T.);
#3941=EDGE_CURVE('',#5113,#5120,#5813,.F.);
#3942=EDGE_CURVE('',#5120,#5121,#5814,.T.);
#3943=EDGE_CURVE('',#5121,#5116,#5815,.T.);
#3944=EDGE_CURVE('',#5106,#5122,#5816,.T.);
#3945=EDGE_CURVE('',#5122,#5123,#544,.T.);
#3946=EDGE_CURVE('',#5123,#5107,#5817,.T.);
#3947=EDGE_CURVE('',#5048,#5124,#5818,.T.);
#3948=EDGE_CURVE('',#5124,#5125,#545,.T.);
#3949=EDGE_CURVE('',#5125,#5049,#5819,.T.);
#3950=EDGE_CURVE('',#5046,#5126,#5820,.F.);
#3951=EDGE_CURVE('',#5126,#5127,#546,.T.);
#3952=EDGE_CURVE('',#5127,#5047,#5821,.F.);
#3953=EDGE_CURVE('',#5054,#5128,#5822,.T.);
#3954=EDGE_CURVE('',#5128,#5129,#547,.T.);
#3955=EDGE_CURVE('',#5129,#5055,#5823,.T.);
#3956=EDGE_CURVE('',#5052,#5130,#5824,.F.);
#3957=EDGE_CURVE('',#5130,#5131,#548,.T.);
#3958=EDGE_CURVE('',#5131,#5053,#5825,.F.);
#3959=EDGE_CURVE('',#5073,#5132,#5826,.F.);
#3960=EDGE_CURVE('',#5132,#5133,#549,.T.);
#3961=EDGE_CURVE('',#5133,#5074,#5827,.F.);
#3962=EDGE_CURVE('',#5075,#5134,#5828,.T.);
#3963=EDGE_CURVE('',#5134,#5135,#550,.T.);
#3964=EDGE_CURVE('',#5135,#5070,#5829,.T.);
#3965=EDGE_CURVE('',#5079,#5136,#5830,.F.);
#3966=EDGE_CURVE('',#5136,#5137,#551,.T.);
#3967=EDGE_CURVE('',#5137,#5080,#5831,.F.);
#3968=EDGE_CURVE('',#5081,#5138,#5832,.T.);
#3969=EDGE_CURVE('',#5138,#5139,#552,.T.);
#3970=EDGE_CURVE('',#5139,#5076,#5833,.T.);
#3971=EDGE_CURVE('',#5100,#5140,#5834,.T.);
#3972=EDGE_CURVE('',#5140,#5141,#553,.T.);
#3973=EDGE_CURVE('',#5141,#5101,#5835,.T.);
#3974=EDGE_CURVE('',#5098,#5142,#5836,.F.);
#3975=EDGE_CURVE('',#5142,#5143,#554,.T.);
#3976=EDGE_CURVE('',#5143,#5099,#5837,.F.);
#3977=EDGE_CURVE('',#5104,#5144,#5838,.F.);
#3978=EDGE_CURVE('',#5144,#5145,#555,.T.);
#3979=EDGE_CURVE('',#5145,#5105,#5839,.F.);
#3980=EDGE_CURVE('',#5128,#5131,#556,.T.);
#3981=EDGE_CURVE('',#5045,#5050,#557,.F.);
#3982=EDGE_CURVE('',#5130,#5125,#5840,.T.);
#3983=EDGE_CURVE('',#5124,#5127,#558,.T.);
#3984=EDGE_CURVE('',#5051,#5044,#559,.F.);
#3985=EDGE_CURVE('',#5126,#5129,#5841,.T.);
#3986=EDGE_CURVE('',#5103,#5096,#560,.F.);
#3987=EDGE_CURVE('',#5142,#5123,#5842,.T.);
#3988=EDGE_CURVE('',#5122,#5145,#561,.T.);
#3989=EDGE_CURVE('',#5097,#5102,#562,.F.);
#3990=EDGE_CURVE('',#5144,#5141,#5843,.T.);
#3991=EDGE_CURVE('',#5140,#5143,#563,.T.);
#3992=EDGE_CURVE('',#5078,#5071,#564,.F.);
#3993=EDGE_CURVE('',#5135,#5136,#5844,.T.);
#3994=EDGE_CURVE('',#5137,#5138,#565,.T.);
#3995=EDGE_CURVE('',#5072,#5077,#566,.F.);
#3996=EDGE_CURVE('',#5139,#5132,#5845,.T.);
#3997=EDGE_CURVE('',#5133,#5134,#567,.T.);
#3998=EDGE_CURVE('',#5146,#5147,#5846,.T.);
#3999=EDGE_CURVE('',#5146,#5148,#568,.T.);
#4000=EDGE_CURVE('',#5149,#5148,#569,.T.);
#4001=EDGE_CURVE('',#5149,#5150,#570,.T.);
#4002=EDGE_CURVE('',#5151,#5150,#5847,.T.);
#4003=EDGE_CURVE('',#5151,#5152,#571,.T.);
#4004=EDGE_CURVE('',#5153,#5152,#572,.T.);
#4005=EDGE_CURVE('',#5153,#5147,#573,.T.);
#4006=EDGE_CURVE('',#5154,#5155,#574,.T.);
#4007=EDGE_CURVE('',#5154,#5156,#575,.T.);
#4008=EDGE_CURVE('',#5157,#5156,#5848,.T.);
#4009=EDGE_CURVE('',#5157,#5158,#576,.T.);
#4010=EDGE_CURVE('',#5159,#5158,#577,.T.);
#4011=EDGE_CURVE('',#5159,#5160,#578,.T.);
#4012=EDGE_CURVE('',#5161,#5160,#5849,.T.);
#4013=EDGE_CURVE('',#5161,#5155,#579,.T.);
#4014=EDGE_CURVE('',#5162,#5162,#580,.T.);
#4015=EDGE_CURVE('',#5163,#5163,#581,.T.);
#4016=EDGE_CURVE('',#5164,#5164,#582,.T.);
#4017=EDGE_CURVE('',#5165,#5165,#583,.T.);
#4018=EDGE_CURVE('',#5166,#5167,#5850,.T.);
#4019=EDGE_CURVE('',#5167,#5168,#5851,.T.);
#4020=EDGE_CURVE('',#5169,#5168,#5852,.T.);
#4021=EDGE_CURVE('',#5170,#5169,#584,.T.);
#4022=EDGE_CURVE('',#5171,#5170,#5853,.T.);
#4023=EDGE_CURVE('',#5172,#5171,#585,.T.);
#4024=EDGE_CURVE('',#5173,#5172,#5854,.T.);
#4025=EDGE_CURVE('',#5174,#5173,#5855,.T.);
#4026=EDGE_CURVE('',#5174,#5175,#5856,.T.);
#4027=EDGE_CURVE('',#5175,#5176,#5857,.T.);
#4028=EDGE_CURVE('',#5177,#5176,#5858,.T.);
#4029=EDGE_CURVE('',#5178,#5177,#5859,.T.);
#4030=EDGE_CURVE('',#5178,#5179,#5860,.T.);
#4031=EDGE_CURVE('',#5179,#5180,#5861,.T.);
#4032=EDGE_CURVE('',#5181,#5180,#5862,.T.);
#4033=EDGE_CURVE('',#5166,#5181,#5863,.T.);
#4034=EDGE_CURVE('',#5182,#5183,#586,.T.);
#4035=EDGE_CURVE('',#5183,#5184,#587,.T.);
#4036=EDGE_CURVE('',#5184,#5185,#5864,.T.);
#4037=EDGE_CURVE('',#5185,#5186,#588,.T.);
#4038=EDGE_CURVE('',#5186,#5187,#589,.T.);
#4039=EDGE_CURVE('',#5187,#5188,#590,.T.);
#4040=EDGE_CURVE('',#5188,#5189,#5865,.T.);
#4041=EDGE_CURVE('',#5189,#5182,#591,.T.);
#4042=EDGE_CURVE('',#5190,#5191,#5866,.T.);
#4043=EDGE_CURVE('',#5191,#5176,#5867,.T.);
#4044=EDGE_CURVE('',#5192,#5175,#5868,.T.);
#4045=EDGE_CURVE('',#5192,#5193,#5869,.T.);
#4046=EDGE_CURVE('',#5193,#5190,#5870,.T.);
#4047=EDGE_CURVE('',#4762,#5194,#5871,.T.);
#4048=EDGE_CURVE('',#5195,#5194,#5872,.T.);
#4049=EDGE_CURVE('',#5174,#5195,#5873,.T.);
#4050=EDGE_CURVE('',#5173,#4763,#5874,.T.);
#4051=EDGE_CURVE('',#5195,#5192,#592,.T.);
#4052=EDGE_CURVE('',#5193,#5194,#593,.F.);
#4053=EDGE_CURVE('',#5196,#5197,#5875,.T.);
#4054=EDGE_CURVE('',#5197,#5180,#5876,.T.);
#4055=EDGE_CURVE('',#5198,#5179,#5877,.T.);
#4056=EDGE_CURVE('',#5198,#5199,#5878,.T.);
#4057=EDGE_CURVE('',#5199,#5196,#5879,.T.);
#4058=EDGE_CURVE('',#5200,#5201,#5880,.T.);
#4059=EDGE_CURVE('',#5201,#5202,#5881,.T.);
#4060=EDGE_CURVE('',#5203,#5202,#5882,.T.);
#4061=EDGE_CURVE('',#5178,#5203,#5883,.T.);
#4062=EDGE_CURVE('',#5177,#5200,#5884,.T.);
#4063=EDGE_CURVE('',#5203,#5198,#594,.T.);
#4064=EDGE_CURVE('',#5199,#5202,#595,.F.);
#4065=EDGE_CURVE('',#4712,#5168,#5885,.T.);
#4066=EDGE_CURVE('',#5204,#5167,#5886,.T.);
#4067=EDGE_CURVE('',#5204,#5205,#5887,.T.);
#4068=EDGE_CURVE('',#5205,#4713,#5888,.T.);
#4069=EDGE_CURVE('',#5206,#5207,#5889,.T.);
#4070=EDGE_CURVE('',#5207,#5208,#5890,.T.);
#4071=EDGE_CURVE('',#5209,#5208,#5891,.T.);
#4072=EDGE_CURVE('',#5166,#5209,#5892,.T.);
#4073=EDGE_CURVE('',#5181,#5206,#5893,.T.);
#4074=EDGE_CURVE('',#5210,#5210,#596,.T.);
#4075=EDGE_CURVE('',#5209,#5204,#597,.T.);
#4076=EDGE_CURVE('',#5205,#5208,#598,.F.);
#4077=EDGE_CURVE('',#5211,#5211,#599,.T.);
#4078=EDGE_CURVE('',#5212,#5212,#600,.T.);
#4079=EDGE_CURVE('',#5213,#5213,#601,.T.);
#4080=EDGE_CURVE('',#5214,#5214,#602,.T.);
#4081=EDGE_CURVE('',#5215,#5215,#603,.T.);
#4082=EDGE_CURVE('',#5216,#5216,#604,.T.);
#4083=EDGE_CURVE('',#5217,#5217,#605,.T.);
#4084=EDGE_CURVE('',#5218,#5218,#606,.T.);
#4085=EDGE_CURVE('',#5219,#5219,#607,.T.);
#4086=EDGE_CURVE('',#5220,#5220,#608,.T.);
#4087=EDGE_CURVE('',#5221,#5221,#609,.T.);
#4088=EDGE_CURVE('',#5222,#5222,#610,.T.);
#4089=EDGE_CURVE('',#5223,#5223,#611,.T.);
#4090=EDGE_CURVE('',#5224,#5224,#612,.T.);
#4091=EDGE_CURVE('',#5225,#5225,#613,.T.);
#4092=EDGE_CURVE('',#5226,#5226,#614,.T.);
#4093=EDGE_CURVE('',#5227,#5227,#615,.T.);
#4094=EDGE_CURVE('',#5228,#5228,#616,.T.);
#4095=EDGE_CURVE('',#5229,#5229,#617,.T.);
#4096=EDGE_CURVE('',#5230,#5230,#618,.T.);
#4097=EDGE_CURVE('',#5231,#5086,#5894,.F.);
#4098=EDGE_CURVE('',#5094,#5231,#619,.F.);
#4099=EDGE_CURVE('',#5232,#5095,#620,.F.);
#4100=EDGE_CURVE('',#5091,#5232,#5895,.T.);
#4101=EDGE_CURVE('',#5232,#5233,#621,.T.);
#4102=EDGE_CURVE('',#5233,#5092,#5896,.F.);
#4103=EDGE_CURVE('',#5234,#5233,#622,.F.);
#4104=EDGE_CURVE('',#5093,#5234,#5897,.F.);
#4105=EDGE_CURVE('',#5089,#5082,#623,.F.);
#4106=EDGE_CURVE('',#5234,#5235,#5898,.T.);
#4107=EDGE_CURVE('',#5235,#5084,#5899,.T.);
#4108=EDGE_CURVE('',#5236,#5235,#624,.F.);
#4109=EDGE_CURVE('',#5085,#5236,#5900,.T.);
#4110=EDGE_CURVE('',#5236,#5231,#625,.T.);
#4111=EDGE_CURVE('',#5237,#5110,#5901,.T.);
#4112=EDGE_CURVE('',#5238,#5237,#626,.F.);
#4113=EDGE_CURVE('',#5111,#5238,#5902,.T.);
#4114=EDGE_CURVE('',#5238,#5239,#627,.T.);
#4115=EDGE_CURVE('',#5239,#5112,#5903,.F.);
#4116=EDGE_CURVE('',#5120,#5239,#628,.F.);
#4117=EDGE_CURVE('',#5240,#5121,#629,.F.);
#4118=EDGE_CURVE('',#5117,#5240,#5904,.T.);
#4119=EDGE_CURVE('',#5240,#5241,#630,.T.);
#4120=EDGE_CURVE('',#5241,#5118,#5905,.F.);
#4121=EDGE_CURVE('',#5242,#5241,#631,.F.);
#4122=EDGE_CURVE('',#5119,#5242,#5906,.F.);
#4123=EDGE_CURVE('',#5115,#5108,#632,.F.);
#4124=EDGE_CURVE('',#5242,#5237,#5907,.T.);
#4125=EDGE_CURVE('',#5243,#5069,#633,.F.);
#4126=EDGE_CURVE('',#5065,#5243,#5908,.T.);
#4127=EDGE_CURVE('',#5243,#5244,#634,.T.);
#4128=EDGE_CURVE('',#5244,#5066,#5909,.F.);
#4129=EDGE_CURVE('',#5245,#5244,#635,.F.);
#4130=EDGE_CURVE('',#5067,#5245,#5910,.F.);
#4131=EDGE_CURVE('',#5063,#5056,#636,.F.);
#4132=EDGE_CURVE('',#5245,#5246,#5911,.T.);
#4133=EDGE_CURVE('',#5246,#5058,#5912,.T.);
#4134=EDGE_CURVE('',#5247,#5246,#637,.F.);
#4135=EDGE_CURVE('',#5059,#5247,#5913,.T.);
#4136=EDGE_CURVE('',#5247,#5248,#638,.T.);
#4137=EDGE_CURVE('',#5248,#5060,#5914,.F.);
#4138=EDGE_CURVE('',#5068,#5248,#639,.F.);
#4139=EDGE_CURVE('',#5249,#5249,#640,.T.);
#4140=EDGE_CURVE('',#5250,#5250,#641,.T.);
#4141=EDGE_CURVE('',#5251,#5251,#642,.T.);
#4142=EDGE_CURVE('',#5252,#5252,#643,.T.);
#4143=EDGE_CURVE('',#5253,#5253,#644,.T.);
#4144=EDGE_CURVE('',#5254,#5254,#645,.T.);
#4145=EDGE_CURVE('',#5255,#5255,#646,.T.);
#4146=EDGE_CURVE('',#5256,#5256,#647,.T.);
#4147=EDGE_CURVE('',#5257,#5257,#648,.T.);
#4148=EDGE_CURVE('',#5258,#5258,#649,.T.);
#4149=EDGE_CURVE('',#5259,#5259,#650,.T.);
#4150=EDGE_CURVE('',#5260,#5260,#651,.T.);
#4151=EDGE_CURVE('',#5261,#5262,#5915,.T.);
#4152=EDGE_CURVE('',#5263,#5262,#5916,.T.);
#4153=EDGE_CURVE('',#5263,#5264,#5917,.T.);
#4154=EDGE_CURVE('',#5261,#5264,#5918,.T.);
#4155=EDGE_CURVE('',#5265,#5266,#5919,.T.);
#4156=EDGE_CURVE('',#5267,#5265,#5920,.T.);
#4157=EDGE_CURVE('',#5268,#5267,#652,.T.);
#4158=EDGE_CURVE('',#5266,#5268,#5921,.T.);
#4159=EDGE_CURVE('',#5269,#5270,#5922,.T.);
#4160=EDGE_CURVE('',#5271,#5270,#5923,.T.);
#4161=EDGE_CURVE('',#5271,#5272,#5924,.T.);
#4162=EDGE_CURVE('',#5269,#5272,#5925,.T.);
#4163=EDGE_CURVE('',#5273,#5274,#653,.T.);
#4164=EDGE_CURVE('',#5274,#5275,#5926,.T.);
#4165=EDGE_CURVE('',#5275,#5276,#654,.T.);
#4166=EDGE_CURVE('',#5276,#5273,#5927,.T.);
#4167=EDGE_CURVE('',#5277,#5277,#655,.T.);
#4168=EDGE_CURVE('',#5278,#5278,#656,.T.);
#4169=EDGE_CURVE('',#5279,#5279,#657,.T.);
#4170=EDGE_CURVE('',#5280,#5280,#658,.T.);
#4171=EDGE_CURVE('',#5281,#5281,#659,.T.);
#4172=EDGE_CURVE('',#5282,#5282,#660,.T.);
#4173=EDGE_CURVE('',#5283,#5283,#661,.T.);
#4174=EDGE_CURVE('',#5284,#5284,#662,.T.);
#4175=EDGE_CURVE('',#5285,#5286,#5928,.T.);
#4176=EDGE_CURVE('',#5287,#5285,#5929,.T.);
#4177=EDGE_CURVE('',#5288,#5287,#663,.T.);
#4178=EDGE_CURVE('',#5286,#5288,#5930,.T.);
#4179=EDGE_CURVE('',#5265,#5263,#5931,.T.);
#4180=EDGE_CURVE('',#5266,#5272,#5932,.T.);
#4181=EDGE_CURVE('',#5285,#5271,#5933,.T.);
#4182=EDGE_CURVE('',#5286,#5289,#5934,.T.);
#4183=EDGE_CURVE('',#5290,#5289,#5935,.T.);
#4184=EDGE_CURVE('',#5291,#5290,#664,.T.);
#4185=EDGE_CURVE('',#5292,#5291,#5936,.T.);
#4186=EDGE_CURVE('',#5293,#5292,#665,.T.);
#4187=EDGE_CURVE('',#5294,#5293,#5937,.T.);
#4188=EDGE_CURVE('',#5295,#5294,#5938,.T.);
#4189=EDGE_CURVE('',#5295,#5296,#5939,.T.);
#4190=EDGE_CURVE('',#5296,#5264,#5940,.T.);
#4191=EDGE_CURVE('',#5297,#5295,#5941,.T.);
#4192=EDGE_CURVE('',#5298,#5297,#666,.T.);
#4193=EDGE_CURVE('',#5296,#5298,#5942,.T.);
#4194=EDGE_CURVE('',#5299,#5300,#667,.T.);
#4195=EDGE_CURVE('',#5298,#5299,#5943,.T.);
#4196=EDGE_CURVE('',#5297,#5300,#5944,.T.);
#4197=EDGE_CURVE('',#5301,#5261,#5945,.T.);
#4198=EDGE_CURVE('',#5301,#5299,#5946,.T.);
#4199=EDGE_CURVE('',#5301,#5302,#5947,.T.);
#4200=EDGE_CURVE('',#5262,#5302,#5948,.T.);
#4201=EDGE_CURVE('',#5303,#5302,#5949,.T.);
#4202=EDGE_CURVE('',#5267,#5303,#5950,.T.);
#4203=EDGE_CURVE('',#5304,#5303,#668,.T.);
#4204=EDGE_CURVE('',#5268,#5304,#5951,.T.);
#4205=EDGE_CURVE('',#5305,#5269,#5952,.T.);
#4206=EDGE_CURVE('',#5305,#5304,#5953,.T.);
#4207=EDGE_CURVE('',#5305,#5306,#5954,.T.);
#4208=EDGE_CURVE('',#5270,#5306,#5955,.T.);
#4209=EDGE_CURVE('',#5307,#5306,#5956,.T.);
#4210=EDGE_CURVE('',#5287,#5307,#5957,.T.);
#4211=EDGE_CURVE('',#5308,#5307,#669,.T.);
#4212=EDGE_CURVE('',#5288,#5308,#5958,.T.);
#4213=EDGE_CURVE('',#5309,#4661,#5959,.T.);
#4214=EDGE_CURVE('',#5310,#5309,#5960,.T.);
#4215=EDGE_CURVE('',#5310,#4662,#5961,.T.);
#4216=EDGE_CURVE('',#5311,#5312,#670,.T.);
#4217=EDGE_CURVE('',#5312,#4671,#5962,.F.);
#4218=EDGE_CURVE('',#5313,#4670,#5963,.T.);
#4219=EDGE_CURVE('',#5309,#5313,#671,.T.);
#4220=EDGE_CURVE('',#4660,#5311,#5964,.T.);
#4221=EDGE_CURVE('',#5314,#4669,#5965,.T.);
#4222=EDGE_CURVE('',#5313,#5314,#5966,.T.);
#4223=EDGE_CURVE('',#4668,#5315,#5967,.T.);
#4224=EDGE_CURVE('',#5315,#5316,#672,.T.);
#4225=EDGE_CURVE('',#5316,#4663,#5968,.F.);
#4226=EDGE_CURVE('',#5314,#5310,#673,.T.);
#4227=EDGE_CURVE('',#5317,#5318,#674,.T.);
#4228=EDGE_CURVE('',#5318,#4681,#5969,.F.);
#4229=EDGE_CURVE('',#5276,#4680,#5970,.T.);
#4230=EDGE_CURVE('',#5275,#4687,#5971,.T.);
#4231=EDGE_CURVE('',#4686,#5317,#5972,.T.);
#4232=EDGE_CURVE('',#5273,#4679,#5973,.T.);
#4233=EDGE_CURVE('',#4678,#5319,#5974,.T.);
#4234=EDGE_CURVE('',#5319,#5320,#675,.T.);
#4235=EDGE_CURVE('',#5320,#4673,#5975,.F.);
#4236=EDGE_CURVE('',#5274,#4672,#5976,.T.);
#4237=EDGE_CURVE('',#5321,#5321,#676,.T.);
#4238=EDGE_CURVE('',#5322,#5322,#677,.T.);
#4239=EDGE_CURVE('',#5323,#5323,#678,.T.);
#4240=EDGE_CURVE('',#5324,#5324,#679,.T.);
#4241=EDGE_CURVE('',#4746,#5289,#5977,.T.);
#4242=EDGE_CURVE('',#4747,#5308,#5978,.T.);
#4243=EDGE_CURVE('',#4745,#5290,#5979,.T.);
#4244=EDGE_CURVE('',#5325,#5326,#680,.T.);
#4245=EDGE_CURVE('',#5326,#4739,#5980,.T.);
#4246=EDGE_CURVE('',#4738,#5291,#5981,.T.);
#4247=EDGE_CURVE('',#4744,#5325,#5982,.F.);
#4248=EDGE_CURVE('',#4737,#5292,#5983,.T.);
#4249=EDGE_CURVE('',#4736,#5327,#5984,.F.);
#4250=EDGE_CURVE('',#5327,#5328,#681,.T.);
#4251=EDGE_CURVE('',#5328,#4731,#5985,.T.);
#4252=EDGE_CURVE('',#4730,#5293,#5986,.T.);
#4253=EDGE_CURVE('',#5294,#4729,#5987,.T.);
#4254=EDGE_CURVE('',#5300,#4728,#5988,.T.);
#4255=EDGE_CURVE('',#4690,#4727,#5989,.T.);
#4256=EDGE_CURVE('',#4688,#4748,#5990,.T.);
#4257=EDGE_CURVE('',#4715,#4932,#5991,.T.);
#4258=EDGE_CURVE('',#4691,#4714,#5992,.T.);
#4259=EDGE_CURVE('',#4929,#4726,#5993,.T.);
#4260=EDGE_CURVE('',#4723,#4928,#5994,.T.);
#4261=EDGE_CURVE('',#4922,#4722,#5995,.T.);
#4262=EDGE_CURVE('',#4719,#4921,#5996,.T.);
#4263=EDGE_CURVE('',#4933,#4718,#5997,.T.);
#4264=EDGE_CURVE('',#5329,#4760,#5998,.T.);
#4265=EDGE_CURVE('',#5330,#5329,#682,.T.);
#4266=EDGE_CURVE('',#4757,#5330,#5999,.T.);
#4267=EDGE_CURVE('',#4947,#4756,#6000,.T.);
#4268=EDGE_CURVE('',#4753,#4946,#6001,.T.);
#4269=EDGE_CURVE('',#4940,#4752,#6002,.T.);
#4270=EDGE_CURVE('',#4749,#4939,#6003,.T.);
#4271=EDGE_CURVE('',#4689,#4761,#6004,.T.);
#4272=EDGE_CURVE('',#4704,#5170,#6005,.T.);
#4273=EDGE_CURVE('',#4703,#5171,#6006,.T.);
#4274=EDGE_CURVE('',#5331,#5332,#683,.T.);
#4275=EDGE_CURVE('',#5332,#4705,#6007,.T.);
#4276=EDGE_CURVE('',#4711,#5169,#6008,.T.);
#4277=EDGE_CURVE('',#4710,#5331,#6009,.F.);
#4278=EDGE_CURVE('',#5197,#5206,#6010,.T.);
#4279=EDGE_CURVE('',#5196,#5207,#6011,.T.);
#4280=EDGE_CURVE('',#5191,#5200,#6012,.T.);
#4281=EDGE_CURVE('',#5190,#5201,#6013,.T.);
#4282=EDGE_CURVE('',#4702,#5333,#6014,.F.);
#4283=EDGE_CURVE('',#5333,#5334,#684,.T.);
#4284=EDGE_CURVE('',#5334,#4696,#6015,.T.);
#4285=EDGE_CURVE('',#4697,#5172,#6016,.T.);
#4286=EDGE_CURVE('',#5335,#4994,#6017,.T.);
#4287=EDGE_CURVE('',#5336,#5335,#685,.F.);
#4288=EDGE_CURVE('',#4995,#5336,#6018,.T.);
#4289=EDGE_CURVE('',#4999,#4992,#686,.F.);
#4290=EDGE_CURVE('',#5003,#5337,#6019,.F.);
#4291=EDGE_CURVE('',#5337,#5335,#6020,.T.);
#4292=EDGE_CURVE('',#5338,#5002,#6021,.F.);
#4293=EDGE_CURVE('',#5337,#5338,#687,.F.);
#4294=EDGE_CURVE('',#5339,#5338,#688,.T.);
#4295=EDGE_CURVE('',#5001,#5339,#6022,.T.);
#4296=EDGE_CURVE('',#5336,#5340,#689,.T.);
#4297=EDGE_CURVE('',#5340,#4996,#6023,.F.);
#4298=EDGE_CURVE('',#5341,#4976,#6024,.F.);
#4299=EDGE_CURVE('',#5342,#5341,#690,.F.);
#4300=EDGE_CURVE('',#4977,#5342,#6025,.F.);
#4301=EDGE_CURVE('',#4975,#5343,#6026,.T.);
#4302=EDGE_CURVE('',#5343,#5341,#691,.T.);
#4303=EDGE_CURVE('',#4969,#5344,#6027,.T.);
#4304=EDGE_CURVE('',#5344,#5345,#692,.T.);
#4305=EDGE_CURVE('',#5345,#4970,#6028,.F.);
#4306=EDGE_CURVE('',#5346,#4968,#6029,.T.);
#4307=EDGE_CURVE('',#5344,#5346,#693,.F.);
#4308=EDGE_CURVE('',#4973,#4966,#694,.F.);
#4309=EDGE_CURVE('',#5342,#5346,#6030,.T.);
#4310=EDGE_CURVE('',#5021,#5347,#6031,.T.);
#4311=EDGE_CURVE('',#5347,#5348,#695,.T.);
#4312=EDGE_CURVE('',#5348,#5022,#6032,.F.);
#4313=EDGE_CURVE('',#5349,#5020,#6033,.T.);
#4314=EDGE_CURVE('',#5347,#5349,#696,.F.);
#4315=EDGE_CURVE('',#5025,#5018,#697,.F.);
#4316=EDGE_CURVE('',#5029,#5350,#6034,.F.);
#4317=EDGE_CURVE('',#5350,#5349,#6035,.T.);
#4318=EDGE_CURVE('',#5351,#5028,#6036,.F.);
#4319=EDGE_CURVE('',#5350,#5351,#698,.F.);
#4320=EDGE_CURVE('',#5352,#5351,#699,.T.);
#4321=EDGE_CURVE('',#5027,#5352,#6037,.T.);
#4322=EDGE_CURVE('',#5339,#5005,#700,.F.);
#4323=EDGE_CURVE('',#5343,#4979,#701,.F.);
#4324=EDGE_CURVE('',#5352,#5031,#702,.F.);
#4325=EDGE_CURVE('',#4978,#5345,#703,.F.);
#4326=EDGE_CURVE('',#5004,#5340,#704,.F.);
#4327=EDGE_CURVE('',#5030,#5348,#705,.F.);
#4328=EDGE_CURVE('',#5014,#5006,#706,.F.);
#4329=EDGE_CURVE('',#5007,#5185,#6038,.F.);
#4330=EDGE_CURVE('',#5184,#5015,#6039,.T.);
#4331=EDGE_CURVE('',#5010,#5187,#6040,.T.);
#4332=EDGE_CURVE('',#5186,#5011,#6041,.F.);
#4333=EDGE_CURVE('',#5008,#5012,#707,.F.);
#4334=EDGE_CURVE('',#5013,#5189,#6042,.F.);
#4335=EDGE_CURVE('',#5188,#5009,#6043,.T.);
#4336=EDGE_CURVE('',#5016,#5183,#6044,.T.);
#4337=EDGE_CURVE('',#5182,#5017,#6045,.F.);
#4338=EDGE_CURVE('',#5039,#5032,#708,.F.);
#4339=EDGE_CURVE('',#5043,#5157,#6046,.F.);
#4340=EDGE_CURVE('',#5156,#5034,#6047,.T.);
#4341=EDGE_CURVE('',#5155,#5036,#6048,.F.);
#4342=EDGE_CURVE('',#5035,#5154,#6049,.T.);
#4343=EDGE_CURVE('',#5033,#5038,#709,.F.);
#4344=EDGE_CURVE('',#5037,#5161,#6050,.F.);
#4345=EDGE_CURVE('',#5160,#5040,#6051,.T.);
#4346=EDGE_CURVE('',#5158,#5042,#6052,.F.);
#4347=EDGE_CURVE('',#5041,#5159,#6053,.T.);
#4348=EDGE_CURVE('',#5148,#4984,#6054,.F.);
#4349=EDGE_CURVE('',#4983,#5149,#6055,.T.);
#4350=EDGE_CURVE('',#4981,#4986,#710,.F.);
#4351=EDGE_CURVE('',#4985,#5146,#6056,.F.);
#4352=EDGE_CURVE('',#5147,#4988,#6057,.T.);
#4353=EDGE_CURVE('',#5152,#4990,#6058,.F.);
#4354=EDGE_CURVE('',#4989,#5153,#6059,.T.);
#4355=EDGE_CURVE('',#4987,#4980,#711,.F.);
#4356=EDGE_CURVE('',#4991,#5151,#6060,.F.);
#4357=EDGE_CURVE('',#5150,#4982,#6061,.T.);
#4358=EDGE_CURVE('',#5353,#5353,#712,.T.);
#4359=EDGE_CURVE('',#5354,#5354,#713,.T.);
#4360=EDGE_CURVE('',#5355,#5356,#714,.T.);
#4361=EDGE_CURVE('',#5355,#5330,#6062,.T.);
#4362=EDGE_CURVE('',#5356,#5329,#6063,.T.);
#4363=EDGE_CURVE('',#5357,#5357,#715,.T.);
#4364=EDGE_CURVE('',#5356,#4759,#6064,.T.);
#4365=EDGE_CURVE('',#4758,#5355,#6065,.T.);
#4366=EDGE_CURVE('',#5358,#5358,#716,.T.);
#4367=EDGE_CURVE('',#5359,#5359,#717,.T.);
#4368=EDGE_CURVE('',#5360,#5361,#6066,.T.);
#4369=EDGE_CURVE('',#5360,#5362,#718,.T.);
#4370=EDGE_CURVE('',#5363,#5362,#719,.T.);
#4371=EDGE_CURVE('',#5363,#5364,#720,.T.);
#4372=EDGE_CURVE('',#5365,#5364,#6067,.T.);
#4373=EDGE_CURVE('',#5365,#5366,#721,.T.);
#4374=EDGE_CURVE('',#5367,#5366,#722,.T.);
#4375=EDGE_CURVE('',#5367,#5361,#723,.T.);
#4376=EDGE_CURVE('',#4876,#5367,#6068,.F.);
#4377=EDGE_CURVE('',#5366,#4877,#6069,.T.);
#4378=EDGE_CURVE('',#5364,#4879,#6070,.F.);
#4379=EDGE_CURVE('',#4878,#5365,#6071,.T.);
#4380=EDGE_CURVE('',#5362,#4873,#6072,.T.);
#4381=EDGE_CURVE('',#4872,#5363,#6073,.F.);
#4382=EDGE_CURVE('',#4874,#5360,#6074,.T.);
#4383=EDGE_CURVE('',#5361,#4875,#6075,.F.);
#4384=EDGE_CURVE('',#5368,#5369,#724,.T.);
#4385=EDGE_CURVE('',#5369,#5370,#725,.F.);
#4386=EDGE_CURVE('',#5370,#5371,#6076,.T.);
#4387=EDGE_CURVE('',#5371,#5372,#726,.F.);
#4388=EDGE_CURVE('',#5372,#5373,#727,.T.);
#4389=EDGE_CURVE('',#5373,#5374,#728,.F.);
#4390=EDGE_CURVE('',#5374,#5375,#6077,.T.);
#4391=EDGE_CURVE('',#5375,#5368,#729,.F.);
#4392=EDGE_CURVE('',#5374,#4886,#6078,.F.);
#4393=EDGE_CURVE('',#4885,#5375,#6079,.T.);
#4394=EDGE_CURVE('',#4884,#5369,#6080,.F.);
#4395=EDGE_CURVE('',#5368,#4883,#6081,.T.);
#4396=EDGE_CURVE('',#5370,#4890,#6082,.F.);
#4397=EDGE_CURVE('',#4889,#5371,#6083,.T.);
#4398=EDGE_CURVE('',#5372,#4888,#6084,.T.);
#4399=EDGE_CURVE('',#4887,#5373,#6085,.F.);
#4400=EDGE_CURVE('',#4778,#4643,#730,.T.);
#4401=EDGE_CURVE('',#5376,#5376,#731,.T.);
#4402=EDGE_CURVE('',#5377,#5377,#732,.T.);
#4403=EDGE_CURVE('',#5378,#5378,#733,.T.);
#4404=EDGE_CURVE('',#4643,#5379,#6086,.T.);
#4405=EDGE_CURVE('',#5380,#4778,#6087,.T.);
#4406=EDGE_CURVE('',#4891,#5380,#6088,.T.);
#4407=EDGE_CURVE('',#5379,#4892,#6089,.T.);
#4408=EDGE_CURVE('',#5381,#4821,#6090,.F.);
#4409=EDGE_CURVE('',#4820,#5382,#6091,.T.);
#4410=EDGE_CURVE('',#5382,#5381,#6092,.T.);
#4411=EDGE_CURVE('',#4822,#5383,#6093,.F.);
#4412=EDGE_CURVE('',#5383,#5384,#734,.T.);
#4413=EDGE_CURVE('',#5384,#4823,#6094,.T.);
#4414=EDGE_CURVE('',#4824,#5385,#6095,.T.);
#4415=EDGE_CURVE('',#5385,#5386,#6096,.T.);
#4416=EDGE_CURVE('',#5386,#4825,#6097,.F.);
#4417=EDGE_CURVE('',#5387,#4819,#6098,.T.);
#4418=EDGE_CURVE('',#4818,#5388,#6099,.F.);
#4419=EDGE_CURVE('',#5388,#5387,#735,.T.);
#4420=EDGE_CURVE('',#5382,#5387,#736,.T.);
#4421=EDGE_CURVE('',#5388,#5386,#737,.T.);
#4422=EDGE_CURVE('',#5385,#5384,#738,.T.);
#4423=EDGE_CURVE('',#5383,#5381,#739,.T.);
#4424=EDGE_CURVE('',#5380,#4896,#6100,.T.);
#4425=EDGE_CURVE('',#5379,#4895,#6101,.T.);
#4426=EDGE_CURVE('',#4648,#4773,#740,.T.);
#4427=EDGE_CURVE('',#5389,#5389,#741,.T.);
#4428=EDGE_CURVE('',#4866,#5390,#6102,.T.);
#4429=EDGE_CURVE('',#5391,#4865,#6103,.T.);
#4430=EDGE_CURVE('',#4773,#5391,#6104,.T.);
#4431=EDGE_CURVE('',#5390,#4648,#6105,.T.);
#4432=EDGE_CURVE('',#5392,#5392,#742,.T.);
#4433=EDGE_CURVE('',#5393,#5393,#743,.T.);
#4434=EDGE_CURVE('',#4786,#5394,#6106,.T.);
#4435=EDGE_CURVE('',#5394,#5395,#6107,.T.);
#4436=EDGE_CURVE('',#5395,#4787,#6108,.F.);
#4437=EDGE_CURVE('',#4788,#5396,#6109,.F.);
#4438=EDGE_CURVE('',#5396,#5397,#744,.T.);
#4439=EDGE_CURVE('',#5397,#4789,#6110,.T.);
#4440=EDGE_CURVE('',#5398,#4791,#6111,.F.);
#4441=EDGE_CURVE('',#4790,#5399,#6112,.T.);
#4442=EDGE_CURVE('',#5399,#5398,#6113,.T.);
#4443=EDGE_CURVE('',#5400,#4793,#6114,.T.);
#4444=EDGE_CURVE('',#4792,#5401,#6115,.F.);
#4445=EDGE_CURVE('',#5401,#5400,#745,.T.);
#4446=EDGE_CURVE('',#5394,#5400,#746,.T.);
#4447=EDGE_CURVE('',#5401,#5398,#747,.T.);
#4448=EDGE_CURVE('',#5399,#5397,#748,.T.);
#4449=EDGE_CURVE('',#5396,#5395,#749,.T.);
#4450=EDGE_CURVE('',#5391,#4867,#6116,.T.);
#4451=EDGE_CURVE('',#5390,#4868,#6117,.T.);
#4452=EDGE_CURVE('',#4640,#4764,#750,.T.);
#4453=EDGE_CURVE('',#5402,#5402,#751,.T.);
#4454=EDGE_CURVE('',#4815,#5403,#6118,.T.);
#4455=EDGE_CURVE('',#5404,#4814,#6119,.T.);
#4456=EDGE_CURVE('',#4764,#5404,#6120,.T.);
#4457=EDGE_CURVE('',#5403,#4640,#6121,.T.);
#4458=EDGE_CURVE('',#5405,#5405,#752,.T.);
#4459=EDGE_CURVE('',#5406,#5406,#753,.T.);
#4460=EDGE_CURVE('',#4833,#5407,#6122,.T.);
#4461=EDGE_CURVE('',#5407,#5408,#6123,.T.);
#4462=EDGE_CURVE('',#5408,#4834,#6124,.F.);
#4463=EDGE_CURVE('',#4835,#5409,#6125,.F.);
#4464=EDGE_CURVE('',#5409,#5410,#754,.T.);
#4465=EDGE_CURVE('',#5410,#4836,#6126,.T.);
#4466=EDGE_CURVE('',#5411,#4838,#6127,.F.);
#4467=EDGE_CURVE('',#4837,#5412,#6128,.T.);
#4468=EDGE_CURVE('',#5412,#5411,#6129,.T.);
#4469=EDGE_CURVE('',#5413,#4840,#6130,.T.);
#4470=EDGE_CURVE('',#4839,#5414,#6131,.F.);
#4471=EDGE_CURVE('',#5414,#5413,#755,.T.);
#4472=EDGE_CURVE('',#5407,#5413,#756,.T.);
#4473=EDGE_CURVE('',#5414,#5411,#757,.T.);
#4474=EDGE_CURVE('',#5412,#5410,#758,.T.);
#4475=EDGE_CURVE('',#5409,#5408,#759,.T.);
#4476=EDGE_CURVE('',#5404,#4816,#6132,.T.);
#4477=EDGE_CURVE('',#5403,#4817,#6133,.T.);
#4478=EDGE_CURVE('',#4770,#4651,#760,.T.);
#4479=EDGE_CURVE('',#5415,#5415,#761,.T.);
#4480=EDGE_CURVE('',#5416,#5416,#762,.T.);
#4481=EDGE_CURVE('',#5417,#5417,#763,.T.);
#4482=EDGE_CURVE('',#4651,#5418,#6134,.T.);
#4483=EDGE_CURVE('',#5419,#4770,#6135,.T.);
#4484=EDGE_CURVE('',#4780,#5419,#6136,.T.);
#4485=EDGE_CURVE('',#5418,#4781,#6137,.T.);
#4486=EDGE_CURVE('',#5420,#4804,#6138,.F.);
#4487=EDGE_CURVE('',#4803,#5421,#6139,.T.);
#4488=EDGE_CURVE('',#5421,#5420,#6140,.T.);
#4489=EDGE_CURVE('',#4805,#5422,#6141,.F.);
#4490=EDGE_CURVE('',#5422,#5423,#764,.T.);
#4491=EDGE_CURVE('',#5423,#4806,#6142,.T.);
#4492=EDGE_CURVE('',#4807,#5424,#6143,.T.);
#4493=EDGE_CURVE('',#5424,#5425,#6144,.T.);
#4494=EDGE_CURVE('',#5425,#4808,#6145,.F.);
#4495=EDGE_CURVE('',#5426,#4802,#6146,.T.);
#4496=EDGE_CURVE('',#4801,#5427,#6147,.F.);
#4497=EDGE_CURVE('',#5427,#5426,#765,.T.);
#4498=EDGE_CURVE('',#5421,#5426,#766,.T.);
#4499=EDGE_CURVE('',#5427,#5425,#767,.T.);
#4500=EDGE_CURVE('',#5424,#5423,#768,.T.);
#4501=EDGE_CURVE('',#5422,#5420,#769,.T.);
#4502=EDGE_CURVE('',#5419,#4785,#6148,.T.);
#4503=EDGE_CURVE('',#5418,#4784,#6149,.T.);
#4504=EDGE_CURVE('',#5428,#5429,#6150,.T.);
#4505=EDGE_CURVE('',#5428,#5318,#770,.T.);
#4506=EDGE_CURVE('',#5317,#5430,#771,.T.);
#4507=EDGE_CURVE('',#5430,#5431,#6151,.T.);
#4508=EDGE_CURVE('',#5431,#5429,#6152,.T.);
#4509=EDGE_CURVE('',#5429,#4683,#772,.T.);
#4510=EDGE_CURVE('',#5431,#4684,#773,.T.);
#4511=EDGE_CURVE('',#5430,#4685,#6153,.F.);
#4512=EDGE_CURVE('',#4682,#5428,#6154,.F.);
#4513=EDGE_CURVE('',#4734,#5432,#774,.T.);
#4514=EDGE_CURVE('',#4733,#5433,#775,.T.);
#4515=EDGE_CURVE('',#5433,#5432,#6155,.T.);
#4516=EDGE_CURVE('',#5327,#5434,#776,.T.);
#4517=EDGE_CURVE('',#5432,#5434,#6156,.T.);
#4518=EDGE_CURVE('',#5433,#5435,#6157,.T.);
#4519=EDGE_CURVE('',#5435,#5328,#777,.T.);
#4520=EDGE_CURVE('',#4732,#5435,#6158,.F.);
#4521=EDGE_CURVE('',#5434,#4735,#6159,.F.);
#4522=EDGE_CURVE('',#4666,#5436,#778,.T.);
#4523=EDGE_CURVE('',#4665,#5437,#779,.T.);
#4524=EDGE_CURVE('',#5437,#5436,#6160,.T.);
#4525=EDGE_CURVE('',#5315,#5438,#780,.T.);
#4526=EDGE_CURVE('',#5436,#5438,#6161,.T.);
#4527=EDGE_CURVE('',#5437,#5439,#6162,.T.);
#4528=EDGE_CURVE('',#5439,#5316,#781,.T.);
#4529=EDGE_CURVE('',#4664,#5439,#6163,.T.);
#4530=EDGE_CURVE('',#5438,#4667,#6164,.T.);
#4531=EDGE_CURVE('',#5440,#5441,#6165,.T.);
#4532=EDGE_CURVE('',#5440,#5332,#782,.T.);
#4533=EDGE_CURVE('',#5331,#5442,#783,.T.);
#4534=EDGE_CURVE('',#5442,#5443,#6166,.T.);
#4535=EDGE_CURVE('',#5443,#5441,#6167,.T.);
#4536=EDGE_CURVE('',#5441,#4707,#784,.T.);
#4537=EDGE_CURVE('',#5443,#4708,#785,.T.);
#4538=EDGE_CURVE('',#5442,#4709,#6168,.T.);
#4539=EDGE_CURVE('',#4706,#5440,#6169,.T.);
#4540=EDGE_CURVE('',#4676,#5444,#786,.T.);
#4541=EDGE_CURVE('',#4675,#5445,#787,.T.);
#4542=EDGE_CURVE('',#5445,#5444,#6170,.T.);
#4543=EDGE_CURVE('',#5319,#5446,#788,.T.);
#4544=EDGE_CURVE('',#5444,#5446,#6171,.T.);
#4545=EDGE_CURVE('',#5445,#5447,#6172,.T.);
#4546=EDGE_CURVE('',#5447,#5320,#789,.T.);
#4547=EDGE_CURVE('',#4674,#5447,#6173,.T.);
#4548=EDGE_CURVE('',#5446,#4677,#6174,.T.);
#4549=EDGE_CURVE('',#5448,#5449,#6175,.T.);
#4550=EDGE_CURVE('',#5448,#5326,#790,.T.);
#4551=EDGE_CURVE('',#5325,#5450,#791,.T.);
#4552=EDGE_CURVE('',#5450,#5451,#6176,.T.);
#4553=EDGE_CURVE('',#5451,#5449,#6177,.T.);
#4554=EDGE_CURVE('',#5449,#4741,#792,.T.);
#4555=EDGE_CURVE('',#5451,#4742,#793,.T.);
#4556=EDGE_CURVE('',#5450,#4743,#6178,.T.);
#4557=EDGE_CURVE('',#4740,#5448,#6179,.T.);
#4558=EDGE_CURVE('',#5452,#5453,#6180,.T.);
#4559=EDGE_CURVE('',#5452,#5312,#794,.T.);
#4560=EDGE_CURVE('',#5311,#5454,#795,.T.);
#4561=EDGE_CURVE('',#5454,#5455,#6181,.T.);
#4562=EDGE_CURVE('',#5455,#5453,#6182,.T.);
#4563=EDGE_CURVE('',#5453,#4656,#796,.T.);
#4564=EDGE_CURVE('',#5455,#4658,#797,.T.);
#4565=EDGE_CURVE('',#5454,#4659,#6183,.F.);
#4566=EDGE_CURVE('',#4657,#5452,#6184,.F.);
#4567=EDGE_CURVE('',#4700,#5456,#798,.T.);
#4568=EDGE_CURVE('',#4699,#5457,#799,.T.);
#4569=EDGE_CURVE('',#5457,#5456,#6185,.T.);
#4570=EDGE_CURVE('',#5333,#5458,#800,.T.);
#4571=EDGE_CURVE('',#5456,#5458,#6186,.T.);
#4572=EDGE_CURVE('',#5457,#5459,#6187,.T.);
#4573=EDGE_CURVE('',#5459,#5334,#801,.T.);
#4574=EDGE_CURVE('',#4698,#5459,#6188,.F.);
#4575=EDGE_CURVE('',#5458,#4701,#6189,.F.);
#4576=EDGE_CURVE('',#4695,#5460,#6190,.T.);
#4577=EDGE_CURVE('',#4694,#5461,#6191,.T.);
#4578=EDGE_CURVE('',#5461,#5460,#6192,.T.);
#4579=EDGE_CURVE('',#5460,#5462,#6193,.T.);
#4580=EDGE_CURVE('',#5461,#5463,#6194,.T.);
#4581=EDGE_CURVE('',#5463,#5462,#6195,.T.);
#4582=EDGE_CURVE('',#5462,#4693,#802,.T.);
#4583=EDGE_CURVE('',#5463,#4692,#803,.T.);
#4584=VERTEX_POINT('',#12966);
#4585=VERTEX_POINT('',#12967);
#4586=VERTEX_POINT('',#12969);
#4587=VERTEX_POINT('',#12971);
#4588=VERTEX_POINT('',#12975);
#4589=VERTEX_POINT('',#12976);
#4590=VERTEX_POINT('',#12978);
#4591=VERTEX_POINT('',#12980);
#4592=VERTEX_POINT('',#12991);
#4593=VERTEX_POINT('',#12992);
#4594=VERTEX_POINT('',#12994);
#4595=VERTEX_POINT('',#12996);
#4596=VERTEX_POINT('',#13000);
#4597=VERTEX_POINT('',#13002);
#4598=VERTEX_POINT('',#13006);
#4599=VERTEX_POINT('',#13008);
#4600=VERTEX_POINT('',#13016);
#4601=VERTEX_POINT('',#13017);
#4602=VERTEX_POINT('',#13019);
#4603=VERTEX_POINT('',#13021);
#4604=VERTEX_POINT('',#13025);
#4605=VERTEX_POINT('',#13026);
#4606=VERTEX_POINT('',#13028);
#4607=VERTEX_POINT('',#13030);
#4608=VERTEX_POINT('',#13041);
#4609=VERTEX_POINT('',#13042);
#4610=VERTEX_POINT('',#13044);
#4611=VERTEX_POINT('',#13046);
#4612=VERTEX_POINT('',#13050);
#4613=VERTEX_POINT('',#13052);
#4614=VERTEX_POINT('',#13056);
#4615=VERTEX_POINT('',#13058);
#4616=VERTEX_POINT('',#13066);
#4617=VERTEX_POINT('',#13067);
#4618=VERTEX_POINT('',#13069);
#4619=VERTEX_POINT('',#13071);
#4620=VERTEX_POINT('',#13075);
#4621=VERTEX_POINT('',#13076);
#4622=VERTEX_POINT('',#13078);
#4623=VERTEX_POINT('',#13080);
#4624=VERTEX_POINT('',#13091);
#4625=VERTEX_POINT('',#13092);
#4626=VERTEX_POINT('',#13094);
#4627=VERTEX_POINT('',#13096);
#4628=VERTEX_POINT('',#13100);
#4629=VERTEX_POINT('',#13102);
#4630=VERTEX_POINT('',#13106);
#4631=VERTEX_POINT('',#13108);
#4632=VERTEX_POINT('',#13116);
#4633=VERTEX_POINT('',#13117);
#4634=VERTEX_POINT('',#13119);
#4635=VERTEX_POINT('',#13121);
#4636=VERTEX_POINT('',#13125);
#4637=VERTEX_POINT('',#13127);
#4638=VERTEX_POINT('',#13131);
#4639=VERTEX_POINT('',#13133);
#4640=VERTEX_POINT('',#13141);
#4641=VERTEX_POINT('',#13142);
#4642=VERTEX_POINT('',#13144);
#4643=VERTEX_POINT('',#13146);
#4644=VERTEX_POINT('',#13148);
#4645=VERTEX_POINT('',#13150);
#4646=VERTEX_POINT('',#13152);
#4647=VERTEX_POINT('',#13154);
#4648=VERTEX_POINT('',#13156);
#4649=VERTEX_POINT('',#13158);
#4650=VERTEX_POINT('',#13160);
#4651=VERTEX_POINT('',#13162);
#4652=VERTEX_POINT('',#13164);
#4653=VERTEX_POINT('',#13166);
#4654=VERTEX_POINT('',#13168);
#4655=VERTEX_POINT('',#13170);
#4656=VERTEX_POINT('',#13173);
#4657=VERTEX_POINT('',#13174);
#4658=VERTEX_POINT('',#13176);
#4659=VERTEX_POINT('',#13178);
#4660=VERTEX_POINT('',#13180);
#4661=VERTEX_POINT('',#13182);
#4662=VERTEX_POINT('',#13184);
#4663=VERTEX_POINT('',#13186);
#4664=VERTEX_POINT('',#13188);
#4665=VERTEX_POINT('',#13190);
#4666=VERTEX_POINT('',#13192);
#4667=VERTEX_POINT('',#13194);
#4668=VERTEX_POINT('',#13196);
#4669=VERTEX_POINT('',#13198);
#4670=VERTEX_POINT('',#13200);
#4671=VERTEX_POINT('',#13202);
#4672=VERTEX_POINT('',#13205);
#4673=VERTEX_POINT('',#13206);
#4674=VERTEX_POINT('',#13208);
#4675=VERTEX_POINT('',#13210);
#4676=VERTEX_POINT('',#13212);
#4677=VERTEX_POINT('',#13214);
#4678=VERTEX_POINT('',#13216);
#4679=VERTEX_POINT('',#13218);
#4680=VERTEX_POINT('',#13220);
#4681=VERTEX_POINT('',#13222);
#4682=VERTEX_POINT('',#13224);
#4683=VERTEX_POINT('',#13226);
#4684=VERTEX_POINT('',#13228);
#4685=VERTEX_POINT('',#13230);
#4686=VERTEX_POINT('',#13232);
#4687=VERTEX_POINT('',#13234);
#4688=VERTEX_POINT('',#13237);
#4689=VERTEX_POINT('',#13238);
#4690=VERTEX_POINT('',#13240);
#4691=VERTEX_POINT('',#13242);
#4692=VERTEX_POINT('',#13245);
#4693=VERTEX_POINT('',#13246);
#4694=VERTEX_POINT('',#13248);
#4695=VERTEX_POINT('',#13250);
#4696=VERTEX_POINT('',#13254);
#4697=VERTEX_POINT('',#13255);
#4698=VERTEX_POINT('',#13257);
#4699=VERTEX_POINT('',#13259);
#4700=VERTEX_POINT('',#13261);
#4701=VERTEX_POINT('',#13263);
#4702=VERTEX_POINT('',#13265);
#4703=VERTEX_POINT('',#13267);
#4704=VERTEX_POINT('',#13269);
#4705=VERTEX_POINT('',#13271);
#4706=VERTEX_POINT('',#13273);
#4707=VERTEX_POINT('',#13275);
#4708=VERTEX_POINT('',#13277);
#4709=VERTEX_POINT('',#13279);
#4710=VERTEX_POINT('',#13281);
#4711=VERTEX_POINT('',#13283);
#4712=VERTEX_POINT('',#13285);
#4713=VERTEX_POINT('',#13287);
#4714=VERTEX_POINT('',#13289);
#4715=VERTEX_POINT('',#13291);
#4716=VERTEX_POINT('',#13293);
#4717=VERTEX_POINT('',#13295);
#4718=VERTEX_POINT('',#13297);
#4719=VERTEX_POINT('',#13299);
#4720=VERTEX_POINT('',#13301);
#4721=VERTEX_POINT('',#13303);
#4722=VERTEX_POINT('',#13305);
#4723=VERTEX_POINT('',#13307);
#4724=VERTEX_POINT('',#13309);
#4725=VERTEX_POINT('',#13311);
#4726=VERTEX_POINT('',#13313);
#4727=VERTEX_POINT('',#13315);
#4728=VERTEX_POINT('',#13317);
#4729=VERTEX_POINT('',#13319);
#4730=VERTEX_POINT('',#13321);
#4731=VERTEX_POINT('',#13323);
#4732=VERTEX_POINT('',#13325);
#4733=VERTEX_POINT('',#13327);
#4734=VERTEX_POINT('',#13329);
#4735=VERTEX_POINT('',#13331);
#4736=VERTEX_POINT('',#13333);
#4737=VERTEX_POINT('',#13335);
#4738=VERTEX_POINT('',#13337);
#4739=VERTEX_POINT('',#13339);
#4740=VERTEX_POINT('',#13341);
#4741=VERTEX_POINT('',#13343);
#4742=VERTEX_POINT('',#13345);
#4743=VERTEX_POINT('',#13347);
#4744=VERTEX_POINT('',#13349);
#4745=VERTEX_POINT('',#13351);
#4746=VERTEX_POINT('',#13353);
#4747=VERTEX_POINT('',#13355);
#4748=VERTEX_POINT('',#13357);
#4749=VERTEX_POINT('',#13359);
#4750=VERTEX_POINT('',#13361);
#4751=VERTEX_POINT('',#13363);
#4752=VERTEX_POINT('',#13365);
#4753=VERTEX_POINT('',#13367);
#4754=VERTEX_POINT('',#13369);
#4755=VERTEX_POINT('',#13371);
#4756=VERTEX_POINT('',#13373);
#4757=VERTEX_POINT('',#13375);
#4758=VERTEX_POINT('',#13377);
#4759=VERTEX_POINT('',#13379);
#4760=VERTEX_POINT('',#13381);
#4761=VERTEX_POINT('',#13383);
#4762=VERTEX_POINT('',#13385);
#4763=VERTEX_POINT('',#13387);
#4764=VERTEX_POINT('',#13390);
#4765=VERTEX_POINT('',#13391);
#4766=VERTEX_POINT('',#13393);
#4767=VERTEX_POINT('',#13395);
#4768=VERTEX_POINT('',#13397);
#4769=VERTEX_POINT('',#13399);
#4770=VERTEX_POINT('',#13401);
#4771=VERTEX_POINT('',#13403);
#4772=VERTEX_POINT('',#13405);
#4773=VERTEX_POINT('',#13407);
#4774=VERTEX_POINT('',#13409);
#4775=VERTEX_POINT('',#13411);
#4776=VERTEX_POINT('',#13413);
#4777=VERTEX_POINT('',#13415);
#4778=VERTEX_POINT('',#13417);
#4779=VERTEX_POINT('',#13419);
#4780=VERTEX_POINT('',#13423);
#4781=VERTEX_POINT('',#13424);
#4782=VERTEX_POINT('',#13426);
#4783=VERTEX_POINT('',#13428);
#4784=VERTEX_POINT('',#13432);
#4785=VERTEX_POINT('',#13435);
#4786=VERTEX_POINT('',#13442);
#4787=VERTEX_POINT('',#13443);
#4788=VERTEX_POINT('',#13445);
#4789=VERTEX_POINT('',#13447);
#4790=VERTEX_POINT('',#13449);
#4791=VERTEX_POINT('',#13451);
#4792=VERTEX_POINT('',#13453);
#4793=VERTEX_POINT('',#13455);
#4794=VERTEX_POINT('',#13458);
#4795=VERTEX_POINT('',#13460);
#4796=VERTEX_POINT('',#13462);
#4797=VERTEX_POINT('',#13464);
#4798=VERTEX_POINT('',#13466);
#4799=VERTEX_POINT('',#13468);
#4800=VERTEX_POINT('',#13470);
#4801=VERTEX_POINT('',#13472);
#4802=VERTEX_POINT('',#13473);
#4803=VERTEX_POINT('',#13475);
#4804=VERTEX_POINT('',#13477);
#4805=VERTEX_POINT('',#13479);
#4806=VERTEX_POINT('',#13481);
#4807=VERTEX_POINT('',#13483);
#4808=VERTEX_POINT('',#13485);
#4809=VERTEX_POINT('',#13489);
#4810=VERTEX_POINT('',#13492);
#4811=VERTEX_POINT('',#13495);
#4812=VERTEX_POINT('',#13498);
#4813=VERTEX_POINT('',#13499);
#4814=VERTEX_POINT('',#13501);
#4815=VERTEX_POINT('',#13503);
#4816=VERTEX_POINT('',#13507);
#4817=VERTEX_POINT('',#13510);
#4818=VERTEX_POINT('',#13517);
#4819=VERTEX_POINT('',#13518);
#4820=VERTEX_POINT('',#13520);
#4821=VERTEX_POINT('',#13522);
#4822=VERTEX_POINT('',#13524);
#4823=VERTEX_POINT('',#13526);
#4824=VERTEX_POINT('',#13528);
#4825=VERTEX_POINT('',#13530);
#4826=VERTEX_POINT('',#13533);
#4827=VERTEX_POINT('',#13535);
#4828=VERTEX_POINT('',#13537);
#4829=VERTEX_POINT('',#13539);
#4830=VERTEX_POINT('',#13541);
#4831=VERTEX_POINT('',#13543);
#4832=VERTEX_POINT('',#13545);
#4833=VERTEX_POINT('',#13547);
#4834=VERTEX_POINT('',#13548);
#4835=VERTEX_POINT('',#13550);
#4836=VERTEX_POINT('',#13552);
#4837=VERTEX_POINT('',#13554);
#4838=VERTEX_POINT('',#13556);
#4839=VERTEX_POINT('',#13558);
#4840=VERTEX_POINT('',#13560);
#4841=VERTEX_POINT('',#13564);
#4842=VERTEX_POINT('',#13566);
#4843=VERTEX_POINT('',#13569);
#4844=VERTEX_POINT('',#13573);
#4845=VERTEX_POINT('',#13575);
#4846=VERTEX_POINT('',#13577);
#4847=VERTEX_POINT('',#13579);
#4848=VERTEX_POINT('',#13580);
#4849=VERTEX_POINT('',#13582);
#4850=VERTEX_POINT('',#13584);
#4851=VERTEX_POINT('',#13586);
#4852=VERTEX_POINT('',#13588);
#4853=VERTEX_POINT('',#13590);
#4854=VERTEX_POINT('',#13592);
#4855=VERTEX_POINT('',#13595);
#4856=VERTEX_POINT('',#13596);
#4857=VERTEX_POINT('',#13598);
#4858=VERTEX_POINT('',#13600);
#4859=VERTEX_POINT('',#13602);
#4860=VERTEX_POINT('',#13604);
#4861=VERTEX_POINT('',#13606);
#4862=VERTEX_POINT('',#13608);
#4863=VERTEX_POINT('',#13612);
#4864=VERTEX_POINT('',#13613);
#4865=VERTEX_POINT('',#13615);
#4866=VERTEX_POINT('',#13617);
#4867=VERTEX_POINT('',#13621);
#4868=VERTEX_POINT('',#13624);
#4869=VERTEX_POINT('',#13629);
#4870=VERTEX_POINT('',#13631);
#4871=VERTEX_POINT('',#13634);
#4872=VERTEX_POINT('',#13638);
#4873=VERTEX_POINT('',#13639);
#4874=VERTEX_POINT('',#13641);
#4875=VERTEX_POINT('',#13643);
#4876=VERTEX_POINT('',#13645);
#4877=VERTEX_POINT('',#13647);
#4878=VERTEX_POINT('',#13649);
#4879=VERTEX_POINT('',#13651);
#4880=VERTEX_POINT('',#13654);
#4881=VERTEX_POINT('',#13656);
#4882=VERTEX_POINT('',#13658);
#4883=VERTEX_POINT('',#13660);
#4884=VERTEX_POINT('',#13661);
#4885=VERTEX_POINT('',#13663);
#4886=VERTEX_POINT('',#13665);
#4887=VERTEX_POINT('',#13667);
#4888=VERTEX_POINT('',#13669);
#4889=VERTEX_POINT('',#13671);
#4890=VERTEX_POINT('',#13673);
#4891=VERTEX_POINT('',#13678);
#4892=VERTEX_POINT('',#13679);
#4893=VERTEX_POINT('',#13681);
#4894=VERTEX_POINT('',#13683);
#4895=VERTEX_POINT('',#13687);
#4896=VERTEX_POINT('',#13690);
#4897=VERTEX_POINT('',#13694);
#4898=VERTEX_POINT('',#13697);
#4899=VERTEX_POINT('',#13700);
#4900=VERTEX_POINT('',#13703);
#4901=VERTEX_POINT('',#13704);
#4902=VERTEX_POINT('',#13709);
#4903=VERTEX_POINT('',#13710);
#4904=VERTEX_POINT('',#13715);
#4905=VERTEX_POINT('',#13716);
#4906=VERTEX_POINT('',#13721);
#4907=VERTEX_POINT('',#13722);
#4908=VERTEX_POINT('',#13727);
#4909=VERTEX_POINT('',#13728);
#4910=VERTEX_POINT('',#13733);
#4911=VERTEX_POINT('',#13734);
#4912=VERTEX_POINT('',#13739);
#4913=VERTEX_POINT('',#13740);
#4914=VERTEX_POINT('',#13745);
#4915=VERTEX_POINT('',#13746);
#4916=VERTEX_POINT('',#13769);
#4917=VERTEX_POINT('',#13772);
#4918=VERTEX_POINT('',#13775);
#4919=VERTEX_POINT('',#13778);
#4920=VERTEX_POINT('',#13779);
#4921=VERTEX_POINT('',#13784);
#4922=VERTEX_POINT('',#13786);
#4923=VERTEX_POINT('',#13790);
#4924=VERTEX_POINT('',#13793);
#4925=VERTEX_POINT('',#13796);
#4926=VERTEX_POINT('',#13799);
#4927=VERTEX_POINT('',#13800);
#4928=VERTEX_POINT('',#13805);
#4929=VERTEX_POINT('',#13807);
#4930=VERTEX_POINT('',#13811);
#4931=VERTEX_POINT('',#13812);
#4932=VERTEX_POINT('',#13814);
#4933=VERTEX_POINT('',#13816);
#4934=VERTEX_POINT('',#13820);
#4935=VERTEX_POINT('',#13825);
#4936=VERTEX_POINT('',#13828);
#4937=VERTEX_POINT('',#13832);
#4938=VERTEX_POINT('',#13833);
#4939=VERTEX_POINT('',#13835);
#4940=VERTEX_POINT('',#13837);
#4941=VERTEX_POINT('',#13841);
#4942=VERTEX_POINT('',#13846);
#4943=VERTEX_POINT('',#13849);
#4944=VERTEX_POINT('',#13853);
#4945=VERTEX_POINT('',#13854);
#4946=VERTEX_POINT('',#13856);
#4947=VERTEX_POINT('',#13858);
#4948=VERTEX_POINT('',#13862);
#4949=VERTEX_POINT('',#13867);
#4950=VERTEX_POINT('',#13870);
#4951=VERTEX_POINT('',#13874);
#4952=VERTEX_POINT('',#13876);
#4953=VERTEX_POINT('',#13879);
#4954=VERTEX_POINT('',#13883);
#4955=VERTEX_POINT('',#13885);
#4956=VERTEX_POINT('',#13888);
#4957=VERTEX_POINT('',#13892);
#4958=VERTEX_POINT('',#13895);
#4959=VERTEX_POINT('',#13898);
#4960=VERTEX_POINT('',#13901);
#4961=VERTEX_POINT('',#13904);
#4962=VERTEX_POINT('',#13907);
#4963=VERTEX_POINT('',#13910);
#4964=VERTEX_POINT('',#13913);
#4965=VERTEX_POINT('',#13916);
#4966=VERTEX_POINT('',#13919);
#4967=VERTEX_POINT('',#13920);
#4968=VERTEX_POINT('',#13922);
#4969=VERTEX_POINT('',#13924);
#4970=VERTEX_POINT('',#13926);
#4971=VERTEX_POINT('',#13928);
#4972=VERTEX_POINT('',#13932);
#4973=VERTEX_POINT('',#13933);
#4974=VERTEX_POINT('',#13935);
#4975=VERTEX_POINT('',#13937);
#4976=VERTEX_POINT('',#13939);
#4977=VERTEX_POINT('',#13941);
#4978=VERTEX_POINT('',#13946);
#4979=VERTEX_POINT('',#13948);
#4980=VERTEX_POINT('',#13952);
#4981=VERTEX_POINT('',#13953);
#4982=VERTEX_POINT('',#13955);
#4983=VERTEX_POINT('',#13957);
#4984=VERTEX_POINT('',#13959);
#4985=VERTEX_POINT('',#13961);
#4986=VERTEX_POINT('',#13965);
#4987=VERTEX_POINT('',#13966);
#4988=VERTEX_POINT('',#13968);
#4989=VERTEX_POINT('',#13970);
#4990=VERTEX_POINT('',#13972);
#4991=VERTEX_POINT('',#13974);
#4992=VERTEX_POINT('',#13978);
#4993=VERTEX_POINT('',#13979);
#4994=VERTEX_POINT('',#13981);
#4995=VERTEX_POINT('',#13983);
#4996=VERTEX_POINT('',#13985);
#4997=VERTEX_POINT('',#13987);
#4998=VERTEX_POINT('',#13991);
#4999=VERTEX_POINT('',#13992);
#5000=VERTEX_POINT('',#13994);
#5001=VERTEX_POINT('',#13996);
#5002=VERTEX_POINT('',#13998);
#5003=VERTEX_POINT('',#14000);
#5004=VERTEX_POINT('',#14005);
#5005=VERTEX_POINT('',#14007);
#5006=VERTEX_POINT('',#14011);
#5007=VERTEX_POINT('',#14012);
#5008=VERTEX_POINT('',#14014);
#5009=VERTEX_POINT('',#14016);
#5010=VERTEX_POINT('',#14018);
#5011=VERTEX_POINT('',#14020);
#5012=VERTEX_POINT('',#14024);
#5013=VERTEX_POINT('',#14025);
#5014=VERTEX_POINT('',#14027);
#5015=VERTEX_POINT('',#14029);
#5016=VERTEX_POINT('',#14031);
#5017=VERTEX_POINT('',#14033);
#5018=VERTEX_POINT('',#14037);
#5019=VERTEX_POINT('',#14038);
#5020=VERTEX_POINT('',#14040);
#5021=VERTEX_POINT('',#14042);
#5022=VERTEX_POINT('',#14044);
#5023=VERTEX_POINT('',#14046);
#5024=VERTEX_POINT('',#14050);
#5025=VERTEX_POINT('',#14051);
#5026=VERTEX_POINT('',#14053);
#5027=VERTEX_POINT('',#14055);
#5028=VERTEX_POINT('',#14057);
#5029=VERTEX_POINT('',#14059);
#5030=VERTEX_POINT('',#14064);
#5031=VERTEX_POINT('',#14066);
#5032=VERTEX_POINT('',#14070);
#5033=VERTEX_POINT('',#14071);
#5034=VERTEX_POINT('',#14073);
#5035=VERTEX_POINT('',#14075);
#5036=VERTEX_POINT('',#14077);
#5037=VERTEX_POINT('',#14079);
#5038=VERTEX_POINT('',#14083);
#5039=VERTEX_POINT('',#14084);
#5040=VERTEX_POINT('',#14086);
#5041=VERTEX_POINT('',#14088);
#5042=VERTEX_POINT('',#14090);
#5043=VERTEX_POINT('',#14092);
#5044=VERTEX_POINT('',#14096);
#5045=VERTEX_POINT('',#14097);
#5046=VERTEX_POINT('',#14099);
#5047=VERTEX_POINT('',#14101);
#5048=VERTEX_POINT('',#14103);
#5049=VERTEX_POINT('',#14105);
#5050=VERTEX_POINT('',#14109);
#5051=VERTEX_POINT('',#14110);
#5052=VERTEX_POINT('',#14112);
#5053=VERTEX_POINT('',#14114);
#5054=VERTEX_POINT('',#14116);
#5055=VERTEX_POINT('',#14118);
#5056=VERTEX_POINT('',#14122);
#5057=VERTEX_POINT('',#14123);
#5058=VERTEX_POINT('',#14125);
#5059=VERTEX_POINT('',#14127);
#5060=VERTEX_POINT('',#14129);
#5061=VERTEX_POINT('',#14131);
#5062=VERTEX_POINT('',#14135);
#5063=VERTEX_POINT('',#14136);
#5064=VERTEX_POINT('',#14138);
#5065=VERTEX_POINT('',#14140);
#5066=VERTEX_POINT('',#14142);
#5067=VERTEX_POINT('',#14144);
#5068=VERTEX_POINT('',#14149);
#5069=VERTEX_POINT('',#14151);
#5070=VERTEX_POINT('',#14155);
#5071=VERTEX_POINT('',#14156);
#5072=VERTEX_POINT('',#14158);
#5073=VERTEX_POINT('',#14160);
#5074=VERTEX_POINT('',#14162);
#5075=VERTEX_POINT('',#14164);
#5076=VERTEX_POINT('',#14168);
#5077=VERTEX_POINT('',#14169);
#5078=VERTEX_POINT('',#14171);
#5079=VERTEX_POINT('',#14173);
#5080=VERTEX_POINT('',#14175);
#5081=VERTEX_POINT('',#14177);
#5082=VERTEX_POINT('',#14181);
#5083=VERTEX_POINT('',#14182);
#5084=VERTEX_POINT('',#14184);
#5085=VERTEX_POINT('',#14186);
#5086=VERTEX_POINT('',#14188);
#5087=VERTEX_POINT('',#14190);
#5088=VERTEX_POINT('',#14194);
#5089=VERTEX_POINT('',#14195);
#5090=VERTEX_POINT('',#14197);
#5091=VERTEX_POINT('',#14199);
#5092=VERTEX_POINT('',#14201);
#5093=VERTEX_POINT('',#14203);
#5094=VERTEX_POINT('',#14208);
#5095=VERTEX_POINT('',#14210);
#5096=VERTEX_POINT('',#14214);
#5097=VERTEX_POINT('',#14215);
#5098=VERTEX_POINT('',#14217);
#5099=VERTEX_POINT('',#14219);
#5100=VERTEX_POINT('',#14221);
#5101=VERTEX_POINT('',#14223);
#5102=VERTEX_POINT('',#14227);
#5103=VERTEX_POINT('',#14228);
#5104=VERTEX_POINT('',#14230);
#5105=VERTEX_POINT('',#14232);
#5106=VERTEX_POINT('',#14234);
#5107=VERTEX_POINT('',#14236);
#5108=VERTEX_POINT('',#14240);
#5109=VERTEX_POINT('',#14241);
#5110=VERTEX_POINT('',#14243);
#5111=VERTEX_POINT('',#14245);
#5112=VERTEX_POINT('',#14247);
#5113=VERTEX_POINT('',#14249);
#5114=VERTEX_POINT('',#14253);
#5115=VERTEX_POINT('',#14254);
#5116=VERTEX_POINT('',#14256);
#5117=VERTEX_POINT('',#14258);
#5118=VERTEX_POINT('',#14260);
#5119=VERTEX_POINT('',#14262);
#5120=VERTEX_POINT('',#14267);
#5121=VERTEX_POINT('',#14269);
#5122=VERTEX_POINT('',#14273);
#5123=VERTEX_POINT('',#14275);
#5124=VERTEX_POINT('',#14279);
#5125=VERTEX_POINT('',#14281);
#5126=VERTEX_POINT('',#14285);
#5127=VERTEX_POINT('',#14287);
#5128=VERTEX_POINT('',#14291);
#5129=VERTEX_POINT('',#14293);
#5130=VERTEX_POINT('',#14297);
#5131=VERTEX_POINT('',#14299);
#5132=VERTEX_POINT('',#14303);
#5133=VERTEX_POINT('',#14305);
#5134=VERTEX_POINT('',#14309);
#5135=VERTEX_POINT('',#14311);
#5136=VERTEX_POINT('',#14315);
#5137=VERTEX_POINT('',#14317);
#5138=VERTEX_POINT('',#14321);
#5139=VERTEX_POINT('',#14323);
#5140=VERTEX_POINT('',#14327);
#5141=VERTEX_POINT('',#14329);
#5142=VERTEX_POINT('',#14333);
#5143=VERTEX_POINT('',#14335);
#5144=VERTEX_POINT('',#14339);
#5145=VERTEX_POINT('',#14341);
#5146=VERTEX_POINT('',#14375);
#5147=VERTEX_POINT('',#14376);
#5148=VERTEX_POINT('',#14378);
#5149=VERTEX_POINT('',#14380);
#5150=VERTEX_POINT('',#14382);
#5151=VERTEX_POINT('',#14384);
#5152=VERTEX_POINT('',#14386);
#5153=VERTEX_POINT('',#14388);
#5154=VERTEX_POINT('',#14391);
#5155=VERTEX_POINT('',#14392);
#5156=VERTEX_POINT('',#14394);
#5157=VERTEX_POINT('',#14396);
#5158=VERTEX_POINT('',#14398);
#5159=VERTEX_POINT('',#14400);
#5160=VERTEX_POINT('',#14402);
#5161=VERTEX_POINT('',#14404);
#5162=VERTEX_POINT('',#14407);
#5163=VERTEX_POINT('',#14409);
#5164=VERTEX_POINT('',#14411);
#5165=VERTEX_POINT('',#14413);
#5166=VERTEX_POINT('',#14415);
#5167=VERTEX_POINT('',#14416);
#5168=VERTEX_POINT('',#14418);
#5169=VERTEX_POINT('',#14420);
#5170=VERTEX_POINT('',#14422);
#5171=VERTEX_POINT('',#14424);
#5172=VERTEX_POINT('',#14426);
#5173=VERTEX_POINT('',#14428);
#5174=VERTEX_POINT('',#14430);
#5175=VERTEX_POINT('',#14432);
#5176=VERTEX_POINT('',#14434);
#5177=VERTEX_POINT('',#14436);
#5178=VERTEX_POINT('',#14438);
#5179=VERTEX_POINT('',#14440);
#5180=VERTEX_POINT('',#14442);
#5181=VERTEX_POINT('',#14444);
#5182=VERTEX_POINT('',#14447);
#5183=VERTEX_POINT('',#14448);
#5184=VERTEX_POINT('',#14450);
#5185=VERTEX_POINT('',#14452);
#5186=VERTEX_POINT('',#14454);
#5187=VERTEX_POINT('',#14456);
#5188=VERTEX_POINT('',#14458);
#5189=VERTEX_POINT('',#14460);
#5190=VERTEX_POINT('',#14464);
#5191=VERTEX_POINT('',#14465);
#5192=VERTEX_POINT('',#14468);
#5193=VERTEX_POINT('',#14470);
#5194=VERTEX_POINT('',#14474);
#5195=VERTEX_POINT('',#14476);
#5196=VERTEX_POINT('',#14485);
#5197=VERTEX_POINT('',#14486);
#5198=VERTEX_POINT('',#14489);
#5199=VERTEX_POINT('',#14491);
#5200=VERTEX_POINT('',#14495);
#5201=VERTEX_POINT('',#14496);
#5202=VERTEX_POINT('',#14498);
#5203=VERTEX_POINT('',#14500);
#5204=VERTEX_POINT('',#14510);
#5205=VERTEX_POINT('',#14512);
#5206=VERTEX_POINT('',#14516);
#5207=VERTEX_POINT('',#14517);
#5208=VERTEX_POINT('',#14519);
#5209=VERTEX_POINT('',#14521);
#5210=VERTEX_POINT('',#14526);
#5211=VERTEX_POINT('',#14532);
#5212=VERTEX_POINT('',#14534);
#5213=VERTEX_POINT('',#14537);
#5214=VERTEX_POINT('',#14539);
#5215=VERTEX_POINT('',#14542);
#5216=VERTEX_POINT('',#14544);
#5217=VERTEX_POINT('',#14547);
#5218=VERTEX_POINT('',#14549);
#5219=VERTEX_POINT('',#14552);
#5220=VERTEX_POINT('',#14555);
#5221=VERTEX_POINT('',#14558);
#5222=VERTEX_POINT('',#14561);
#5223=VERTEX_POINT('',#14564);
#5224=VERTEX_POINT('',#14567);
#5225=VERTEX_POINT('',#14570);
#5226=VERTEX_POINT('',#14573);
#5227=VERTEX_POINT('',#14576);
#5228=VERTEX_POINT('',#14579);
#5229=VERTEX_POINT('',#14582);
#5230=VERTEX_POINT('',#14585);
#5231=VERTEX_POINT('',#14588);
#5232=VERTEX_POINT('',#14592);
#5233=VERTEX_POINT('',#14596);
#5234=VERTEX_POINT('',#14600);
#5235=VERTEX_POINT('',#14605);
#5236=VERTEX_POINT('',#14609);
#5237=VERTEX_POINT('',#14615);
#5238=VERTEX_POINT('',#14617);
#5239=VERTEX_POINT('',#14621);
#5240=VERTEX_POINT('',#14627);
#5241=VERTEX_POINT('',#14631);
#5242=VERTEX_POINT('',#14635);
#5243=VERTEX_POINT('',#14642);
#5244=VERTEX_POINT('',#14646);
#5245=VERTEX_POINT('',#14650);
#5246=VERTEX_POINT('',#14655);
#5247=VERTEX_POINT('',#14659);
#5248=VERTEX_POINT('',#14663);
#5249=VERTEX_POINT('',#14669);
#5250=VERTEX_POINT('',#14671);
#5251=VERTEX_POINT('',#14674);
#5252=VERTEX_POINT('',#14676);
#5253=VERTEX_POINT('',#14679);
#5254=VERTEX_POINT('',#14681);
#5255=VERTEX_POINT('',#14684);
#5256=VERTEX_POINT('',#14686);
#5257=VERTEX_POINT('',#14689);
#5258=VERTEX_POINT('',#14692);
#5259=VERTEX_POINT('',#14695);
#5260=VERTEX_POINT('',#14698);
#5261=VERTEX_POINT('',#14701);
#5262=VERTEX_POINT('',#14702);
#5263=VERTEX_POINT('',#14704);
#5264=VERTEX_POINT('',#14706);
#5265=VERTEX_POINT('',#14710);
#5266=VERTEX_POINT('',#14711);
#5267=VERTEX_POINT('',#14713);
#5268=VERTEX_POINT('',#14715);
#5269=VERTEX_POINT('',#14719);
#5270=VERTEX_POINT('',#14720);
#5271=VERTEX_POINT('',#14722);
#5272=VERTEX_POINT('',#14724);
#5273=VERTEX_POINT('',#14728);
#5274=VERTEX_POINT('',#14729);
#5275=VERTEX_POINT('',#14731);
#5276=VERTEX_POINT('',#14733);
#5277=VERTEX_POINT('',#14737);
#5278=VERTEX_POINT('',#14740);
#5279=VERTEX_POINT('',#14743);
#5280=VERTEX_POINT('',#14746);
#5281=VERTEX_POINT('',#14749);
#5282=VERTEX_POINT('',#14752);
#5283=VERTEX_POINT('',#14755);
#5284=VERTEX_POINT('',#14758);
#5285=VERTEX_POINT('',#14761);
#5286=VERTEX_POINT('',#14762);
#5287=VERTEX_POINT('',#14764);
#5288=VERTEX_POINT('',#14766);
#5289=VERTEX_POINT('',#14773);
#5290=VERTEX_POINT('',#14775);
#5291=VERTEX_POINT('',#14777);
#5292=VERTEX_POINT('',#14779);
#5293=VERTEX_POINT('',#14781);
#5294=VERTEX_POINT('',#14783);
#5295=VERTEX_POINT('',#14785);
#5296=VERTEX_POINT('',#14787);
#5297=VERTEX_POINT('',#14791);
#5298=VERTEX_POINT('',#14793);
#5299=VERTEX_POINT('',#14797);
#5300=VERTEX_POINT('',#14798);
#5301=VERTEX_POINT('',#14803);
#5302=VERTEX_POINT('',#14807);
#5303=VERTEX_POINT('',#14811);
#5304=VERTEX_POINT('',#14815);
#5305=VERTEX_POINT('',#14819);
#5306=VERTEX_POINT('',#14823);
#5307=VERTEX_POINT('',#14827);
#5308=VERTEX_POINT('',#14831);
#5309=VERTEX_POINT('',#14835);
#5310=VERTEX_POINT('',#14837);
#5311=VERTEX_POINT('',#14841);
#5312=VERTEX_POINT('',#14842);
#5313=VERTEX_POINT('',#14845);
#5314=VERTEX_POINT('',#14850);
#5315=VERTEX_POINT('',#14854);
#5316=VERTEX_POINT('',#14856);
#5317=VERTEX_POINT('',#14861);
#5318=VERTEX_POINT('',#14862);
#5319=VERTEX_POINT('',#14871);
#5320=VERTEX_POINT('',#14873);
#5321=VERTEX_POINT('',#14879);
#5322=VERTEX_POINT('',#14882);
#5323=VERTEX_POINT('',#14885);
#5324=VERTEX_POINT('',#14888);
#5325=VERTEX_POINT('',#14896);
#5326=VERTEX_POINT('',#14897);
#5327=VERTEX_POINT('',#14905);
#5328=VERTEX_POINT('',#14907);
#5329=VERTEX_POINT('',#14927);
#5330=VERTEX_POINT('',#14929);
#5331=VERTEX_POINT('',#14945);
#5332=VERTEX_POINT('',#14946);
#5333=VERTEX_POINT('',#14958);
#5334=VERTEX_POINT('',#14960);
#5335=VERTEX_POINT('',#14970);
#5336=VERTEX_POINT('',#14972);
#5337=VERTEX_POINT('',#14977);
#5338=VERTEX_POINT('',#14981);
#5339=VERTEX_POINT('',#14985);
#5340=VERTEX_POINT('',#14989);
#5341=VERTEX_POINT('',#14993);
#5342=VERTEX_POINT('',#14995);
#5343=VERTEX_POINT('',#14999);
#5344=VERTEX_POINT('',#15003);
#5345=VERTEX_POINT('',#15005);
#5346=VERTEX_POINT('',#15009);
#5347=VERTEX_POINT('',#15016);
#5348=VERTEX_POINT('',#15018);
#5349=VERTEX_POINT('',#15022);
#5350=VERTEX_POINT('',#15027);
#5351=VERTEX_POINT('',#15031);
#5352=VERTEX_POINT('',#15035);
#5353=VERTEX_POINT('',#15118);
#5354=VERTEX_POINT('',#15121);
#5355=VERTEX_POINT('',#15125);
#5356=VERTEX_POINT('',#15126);
#5357=VERTEX_POINT('',#15131);
#5358=VERTEX_POINT('',#15136);
#5359=VERTEX_POINT('',#15139);
#5360=VERTEX_POINT('',#15155);
#5361=VERTEX_POINT('',#15156);
#5362=VERTEX_POINT('',#15158);
#5363=VERTEX_POINT('',#15160);
#5364=VERTEX_POINT('',#15162);
#5365=VERTEX_POINT('',#15164);
#5366=VERTEX_POINT('',#15166);
#5367=VERTEX_POINT('',#15168);
#5368=VERTEX_POINT('',#15184);
#5369=VERTEX_POINT('',#15185);
#5370=VERTEX_POINT('',#15187);
#5371=VERTEX_POINT('',#15189);
#5372=VERTEX_POINT('',#15191);
#5373=VERTEX_POINT('',#15193);
#5374=VERTEX_POINT('',#15195);
#5375=VERTEX_POINT('',#15197);
#5376=VERTEX_POINT('',#15223);
#5377=VERTEX_POINT('',#15226);
#5378=VERTEX_POINT('',#15229);
#5379=VERTEX_POINT('',#15232);
#5380=VERTEX_POINT('',#15234);
#5381=VERTEX_POINT('',#15239);
#5382=VERTEX_POINT('',#15241);
#5383=VERTEX_POINT('',#15245);
#5384=VERTEX_POINT('',#15247);
#5385=VERTEX_POINT('',#15251);
#5386=VERTEX_POINT('',#15253);
#5387=VERTEX_POINT('',#15257);
#5388=VERTEX_POINT('',#15259);
#5389=VERTEX_POINT('',#15280);
#5390=VERTEX_POINT('',#15282);
#5391=VERTEX_POINT('',#15284);
#5392=VERTEX_POINT('',#15289);
#5393=VERTEX_POINT('',#15292);
#5394=VERTEX_POINT('',#15296);
#5395=VERTEX_POINT('',#15298);
#5396=VERTEX_POINT('',#15302);
#5397=VERTEX_POINT('',#15304);
#5398=VERTEX_POINT('',#15308);
#5399=VERTEX_POINT('',#15310);
#5400=VERTEX_POINT('',#15314);
#5401=VERTEX_POINT('',#15316);
#5402=VERTEX_POINT('',#15337);
#5403=VERTEX_POINT('',#15339);
#5404=VERTEX_POINT('',#15341);
#5405=VERTEX_POINT('',#15346);
#5406=VERTEX_POINT('',#15349);
#5407=VERTEX_POINT('',#15353);
#5408=VERTEX_POINT('',#15355);
#5409=VERTEX_POINT('',#15359);
#5410=VERTEX_POINT('',#15361);
#5411=VERTEX_POINT('',#15365);
#5412=VERTEX_POINT('',#15367);
#5413=VERTEX_POINT('',#15371);
#5414=VERTEX_POINT('',#15373);
#5415=VERTEX_POINT('',#15394);
#5416=VERTEX_POINT('',#15397);
#5417=VERTEX_POINT('',#15400);
#5418=VERTEX_POINT('',#15403);
#5419=VERTEX_POINT('',#15405);
#5420=VERTEX_POINT('',#15410);
#5421=VERTEX_POINT('',#15412);
#5422=VERTEX_POINT('',#15416);
#5423=VERTEX_POINT('',#15418);
#5424=VERTEX_POINT('',#15422);
#5425=VERTEX_POINT('',#15424);
#5426=VERTEX_POINT('',#15428);
#5427=VERTEX_POINT('',#15430);
#5428=VERTEX_POINT('',#15449);
#5429=VERTEX_POINT('',#15450);
#5430=VERTEX_POINT('',#15453);
#5431=VERTEX_POINT('',#15455);
#5432=VERTEX_POINT('',#15468);
#5433=VERTEX_POINT('',#15470);
#5434=VERTEX_POINT('',#15474);
#5435=VERTEX_POINT('',#15477);
#5436=VERTEX_POINT('',#15487);
#5437=VERTEX_POINT('',#15489);
#5438=VERTEX_POINT('',#15493);
#5439=VERTEX_POINT('',#15496);
#5440=VERTEX_POINT('',#15506);
#5441=VERTEX_POINT('',#15507);
#5442=VERTEX_POINT('',#15510);
#5443=VERTEX_POINT('',#15512);
#5444=VERTEX_POINT('',#15525);
#5445=VERTEX_POINT('',#15527);
#5446=VERTEX_POINT('',#15531);
#5447=VERTEX_POINT('',#15534);
#5448=VERTEX_POINT('',#15544);
#5449=VERTEX_POINT('',#15545);
#5450=VERTEX_POINT('',#15548);
#5451=VERTEX_POINT('',#15550);
#5452=VERTEX_POINT('',#15563);
#5453=VERTEX_POINT('',#15564);
#5454=VERTEX_POINT('',#15567);
#5455=VERTEX_POINT('',#15569);
#5456=VERTEX_POINT('',#15582);
#5457=VERTEX_POINT('',#15584);
#5458=VERTEX_POINT('',#15588);
#5459=VERTEX_POINT('',#15591);
#5460=VERTEX_POINT('',#15601);
#5461=VERTEX_POINT('',#15603);
#5462=VERTEX_POINT('',#15607);
#5463=VERTEX_POINT('',#15609);
#5464=LINE('',#12965,#6196);
#5465=LINE('',#12968,#6197);
#5466=LINE('',#12970,#6198);
#5467=LINE('',#12974,#6199);
#5468=LINE('',#12979,#6200);
#5469=LINE('',#12981,#6201);
#5470=LINE('',#12983,#6202);
#5471=LINE('',#12984,#6203);
#5472=LINE('',#12986,#6204);
#5473=LINE('',#12988,#6205);
#5474=LINE('',#12990,#6206);
#5475=LINE('',#12993,#6207);
#5476=LINE('',#12995,#6208);
#5477=LINE('',#12997,#6209);
#5478=LINE('',#12999,#6210);
#5479=LINE('',#13001,#6211);
#5480=LINE('',#13003,#6212);
#5481=LINE('',#13007,#6213);
#5482=LINE('',#13011,#6214);
#5483=LINE('',#13013,#6215);
#5484=LINE('',#13015,#6216);
#5485=LINE('',#13018,#6217);
#5486=LINE('',#13020,#6218);
#5487=LINE('',#13024,#6219);
#5488=LINE('',#13029,#6220);
#5489=LINE('',#13031,#6221);
#5490=LINE('',#13033,#6222);
#5491=LINE('',#13034,#6223);
#5492=LINE('',#13036,#6224);
#5493=LINE('',#13038,#6225);
#5494=LINE('',#13040,#6226);
#5495=LINE('',#13043,#6227);
#5496=LINE('',#13045,#6228);
#5497=LINE('',#13047,#6229);
#5498=LINE('',#13049,#6230);
#5499=LINE('',#13051,#6231);
#5500=LINE('',#13053,#6232);
#5501=LINE('',#13057,#6233);
#5502=LINE('',#13061,#6234);
#5503=LINE('',#13063,#6235);
#5504=LINE('',#13065,#6236);
#5505=LINE('',#13068,#6237);
#5506=LINE('',#13070,#6238);
#5507=LINE('',#13074,#6239);
#5508=LINE('',#13079,#6240);
#5509=LINE('',#13081,#6241);
#5510=LINE('',#13083,#6242);
#5511=LINE('',#13084,#6243);
#5512=LINE('',#13086,#6244);
#5513=LINE('',#13088,#6245);
#5514=LINE('',#13090,#6246);
#5515=LINE('',#13093,#6247);
#5516=LINE('',#13095,#6248);
#5517=LINE('',#13097,#6249);
#5518=LINE('',#13099,#6250);
#5519=LINE('',#13101,#6251);
#5520=LINE('',#13103,#6252);
#5521=LINE('',#13107,#6253);
#5522=LINE('',#13111,#6254);
#5523=LINE('',#13113,#6255);
#5524=LINE('',#13115,#6256);
#5525=LINE('',#13118,#6257);
#5526=LINE('',#13120,#6258);
#5527=LINE('',#13122,#6259);
#5528=LINE('',#13124,#6260);
#5529=LINE('',#13126,#6261);
#5530=LINE('',#13128,#6262);
#5531=LINE('',#13132,#6263);
#5532=LINE('',#13136,#6264);
#5533=LINE('',#13138,#6265);
#5534=LINE('',#13140,#6266);
#5535=LINE('',#13143,#6267);
#5536=LINE('',#13145,#6268);
#5537=LINE('',#13147,#6269);
#5538=LINE('',#13149,#6270);
#5539=LINE('',#13151,#6271);
#5540=LINE('',#13153,#6272);
#5541=LINE('',#13155,#6273);
#5542=LINE('',#13157,#6274);
#5543=LINE('',#13159,#6275);
#5544=LINE('',#13161,#6276);
#5545=LINE('',#13163,#6277);
#5546=LINE('',#13165,#6278);
#5547=LINE('',#13167,#6279);
#5548=LINE('',#13169,#6280);
#5549=LINE('',#13171,#6281);
#5550=LINE('',#13172,#6282);
#5551=LINE('',#13175,#6283);
#5552=LINE('',#13177,#6284);
#5553=LINE('',#13183,#6285);
#5554=LINE('',#13189,#6286);
#5555=LINE('',#13191,#6287);
#5556=LINE('',#13193,#6288);
#5557=LINE('',#13199,#6289);
#5558=LINE('',#13209,#6290);
#5559=LINE('',#13211,#6291);
#5560=LINE('',#13213,#6292);
#5561=LINE('',#13219,#6293);
#5562=LINE('',#13225,#6294);
#5563=LINE('',#13227,#6295);
#5564=LINE('',#13229,#6296);
#5565=LINE('',#13235,#6297);
#5566=LINE('',#13236,#6298);
#5567=LINE('',#13239,#6299);
#5568=LINE('',#13241,#6300);
#5569=LINE('',#13243,#6301);
#5570=LINE('',#13244,#6302);
#5571=LINE('',#13247,#6303);
#5572=LINE('',#13249,#6304);
#5573=LINE('',#13251,#6305);
#5574=LINE('',#13258,#6306);
#5575=LINE('',#13260,#6307);
#5576=LINE('',#13262,#6308);
#5577=LINE('',#13268,#6309);
#5578=LINE('',#13274,#6310);
#5579=LINE('',#13276,#6311);
#5580=LINE('',#13278,#6312);
#5581=LINE('',#13284,#6313);
#5582=LINE('',#13286,#6314);
#5583=LINE('',#13288,#6315);
#5584=LINE('',#13290,#6316);
#5585=LINE('',#13292,#6317);
#5586=LINE('',#13294,#6318);
#5587=LINE('',#13296,#6319);
#5588=LINE('',#13298,#6320);
#5589=LINE('',#13300,#6321);
#5590=LINE('',#13302,#6322);
#5591=LINE('',#13304,#6323);
#5592=LINE('',#13306,#6324);
#5593=LINE('',#13308,#6325);
#5594=LINE('',#13310,#6326);
#5595=LINE('',#13312,#6327);
#5596=LINE('',#13314,#6328);
#5597=LINE('',#13316,#6329);
#5598=LINE('',#13318,#6330);
#5599=LINE('',#13320,#6331);
#5600=LINE('',#13326,#6332);
#5601=LINE('',#13328,#6333);
#5602=LINE('',#13330,#6334);
#5603=LINE('',#13336,#6335);
#5604=LINE('',#13342,#6336);
#5605=LINE('',#13344,#6337);
#5606=LINE('',#13346,#6338);
#5607=LINE('',#13352,#6339);
#5608=LINE('',#13354,#6340);
#5609=LINE('',#13356,#6341);
#5610=LINE('',#13358,#6342);
#5611=LINE('',#13360,#6343);
#5612=LINE('',#13362,#6344);
#5613=LINE('',#13364,#6345);
#5614=LINE('',#13366,#6346);
#5615=LINE('',#13368,#6347);
#5616=LINE('',#13370,#6348);
#5617=LINE('',#13372,#6349);
#5618=LINE('',#13374,#6350);
#5619=LINE('',#13376,#6351);
#5620=LINE('',#13378,#6352);
#5621=LINE('',#13380,#6353);
#5622=LINE('',#13382,#6354);
#5623=LINE('',#13384,#6355);
#5624=LINE('',#13386,#6356);
#5625=LINE('',#13388,#6357);
#5626=LINE('',#13389,#6358);
#5627=LINE('',#13392,#6359);
#5628=LINE('',#13394,#6360);
#5629=LINE('',#13396,#6361);
#5630=LINE('',#13398,#6362);
#5631=LINE('',#13400,#6363);
#5632=LINE('',#13402,#6364);
#5633=LINE('',#13404,#6365);
#5634=LINE('',#13406,#6366);
#5635=LINE('',#13408,#6367);
#5636=LINE('',#13410,#6368);
#5637=LINE('',#13412,#6369);
#5638=LINE('',#13414,#6370);
#5639=LINE('',#13416,#6371);
#5640=LINE('',#13418,#6372);
#5641=LINE('',#13420,#6373);
#5642=LINE('',#13425,#6374);
#5643=LINE('',#13429,#6375);
#5644=LINE('',#13431,#6376);
#5645=LINE('',#13433,#6377);
#5646=LINE('',#13434,#6378);
#5647=LINE('',#13436,#6379);
#5648=LINE('',#13437,#6380);
#5649=LINE('',#13441,#6381);
#5650=LINE('',#13450,#6382);
#5651=LINE('',#13476,#6383);
#5652=LINE('',#13484,#6384);
#5653=LINE('',#13500,#6385);
#5654=LINE('',#13504,#6386);
#5655=LINE('',#13506,#6387);
#5656=LINE('',#13508,#6388);
#5657=LINE('',#13509,#6389);
#5658=LINE('',#13511,#6390);
#5659=LINE('',#13512,#6391);
#5660=LINE('',#13521,#6392);
#5661=LINE('',#13529,#6393);
#5662=LINE('',#13546,#6394);
#5663=LINE('',#13555,#6395);
#5664=LINE('',#13583,#6396);
#5665=LINE('',#13591,#6397);
#5666=LINE('',#13599,#6398);
#5667=LINE('',#13607,#6399);
#5668=LINE('',#13614,#6400);
#5669=LINE('',#13618,#6401);
#5670=LINE('',#13620,#6402);
#5671=LINE('',#13622,#6403);
#5672=LINE('',#13623,#6404);
#5673=LINE('',#13625,#6405);
#5674=LINE('',#13626,#6406);
#5675=LINE('',#13642,#6407);
#5676=LINE('',#13650,#6408);
#5677=LINE('',#13664,#6409);
#5678=LINE('',#13672,#6410);
#5679=LINE('',#13675,#6411);
#5680=LINE('',#13680,#6412);
#5681=LINE('',#13684,#6413);
#5682=LINE('',#13686,#6414);
#5683=LINE('',#13688,#6415);
#5684=LINE('',#13689,#6416);
#5685=LINE('',#13691,#6417);
#5686=LINE('',#13705,#6418);
#5687=LINE('',#13706,#6419);
#5688=LINE('',#13711,#6420);
#5689=LINE('',#13712,#6421);
#5690=LINE('',#13717,#6422);
#5691=LINE('',#13718,#6423);
#5692=LINE('',#13723,#6424);
#5693=LINE('',#13724,#6425);
#5694=LINE('',#13729,#6426);
#5695=LINE('',#13730,#6427);
#5696=LINE('',#13735,#6428);
#5697=LINE('',#13736,#6429);
#5698=LINE('',#13741,#6430);
#5699=LINE('',#13742,#6431);
#5700=LINE('',#13747,#6432);
#5701=LINE('',#13748,#6433);
#5702=LINE('',#13751,#6434);
#5703=LINE('',#13753,#6435);
#5704=LINE('',#13759,#6436);
#5705=LINE('',#13761,#6437);
#5706=LINE('',#13780,#6438);
#5707=LINE('',#13781,#6439);
#5708=LINE('',#13783,#6440);
#5709=LINE('',#13787,#6441);
#5710=LINE('',#13801,#6442);
#5711=LINE('',#13802,#6443);
#5712=LINE('',#13804,#6444);
#5713=LINE('',#13808,#6445);
#5714=LINE('',#13813,#6446);
#5715=LINE('',#13817,#6447);
#5716=LINE('',#13821,#6448);
#5717=LINE('',#13822,#6449);
#5718=LINE('',#13834,#6450);
#5719=LINE('',#13838,#6451);
#5720=LINE('',#13842,#6452);
#5721=LINE('',#13843,#6453);
#5722=LINE('',#13855,#6454);
#5723=LINE('',#13859,#6455);
#5724=LINE('',#13863,#6456);
#5725=LINE('',#13864,#6457);
#5726=LINE('',#13918,#6458);
#5727=LINE('',#13921,#6459);
#5728=LINE('',#13929,#6460);
#5729=LINE('',#13931,#6461);
#5730=LINE('',#13934,#6462);
#5731=LINE('',#13942,#6463);
#5732=LINE('',#13945,#6464);
#5733=LINE('',#13947,#6465);
#5734=LINE('',#13949,#6466);
#5735=LINE('',#13951,#6467);
#5736=LINE('',#13954,#6468);
#5737=LINE('',#13962,#6469);
#5738=LINE('',#13964,#6470);
#5739=LINE('',#13967,#6471);
#5740=LINE('',#13975,#6472);
#5741=LINE('',#13977,#6473);
#5742=LINE('',#13980,#6474);
#5743=LINE('',#13988,#6475);
#5744=LINE('',#13990,#6476);
#5745=LINE('',#13993,#6477);
#5746=LINE('',#14001,#6478);
#5747=LINE('',#14004,#6479);
#5748=LINE('',#14006,#6480);
#5749=LINE('',#14008,#6481);
#5750=LINE('',#14010,#6482);
#5751=LINE('',#14013,#6483);
#5752=LINE('',#14015,#6484);
#5753=LINE('',#14023,#6485);
#5754=LINE('',#14026,#6486);
#5755=LINE('',#14028,#6487);
#5756=LINE('',#14036,#6488);
#5757=LINE('',#14039,#6489);
#5758=LINE('',#14047,#6490);
#5759=LINE('',#14049,#6491);
#5760=LINE('',#14052,#6492);
#5761=LINE('',#14060,#6493);
#5762=LINE('',#14063,#6494);
#5763=LINE('',#14065,#6495);
#5764=LINE('',#14067,#6496);
#5765=LINE('',#14069,#6497);
#5766=LINE('',#14072,#6498);
#5767=LINE('',#14080,#6499);
#5768=LINE('',#14082,#6500);
#5769=LINE('',#14085,#6501);
#5770=LINE('',#14093,#6502);
#5771=LINE('',#14095,#6503);
#5772=LINE('',#14098,#6504);
#5773=LINE('',#14106,#6505);
#5774=LINE('',#14108,#6506);
#5775=LINE('',#14111,#6507);
#5776=LINE('',#14119,#6508);
#5777=LINE('',#14121,#6509);
#5778=LINE('',#14124,#6510);
#5779=LINE('',#14132,#6511);
#5780=LINE('',#14134,#6512);
#5781=LINE('',#14137,#6513);
#5782=LINE('',#14145,#6514);
#5783=LINE('',#14148,#6515);
#5784=LINE('',#14150,#6516);
#5785=LINE('',#14152,#6517);
#5786=LINE('',#14154,#6518);
#5787=LINE('',#14157,#6519);
#5788=LINE('',#14159,#6520);
#5789=LINE('',#14167,#6521);
#5790=LINE('',#14170,#6522);
#5791=LINE('',#14172,#6523);
#5792=LINE('',#14180,#6524);
#5793=LINE('',#14183,#6525);
#5794=LINE('',#14191,#6526);
#5795=LINE('',#14193,#6527);
#5796=LINE('',#14196,#6528);
#5797=LINE('',#14204,#6529);
#5798=LINE('',#14207,#6530);
#5799=LINE('',#14209,#6531);
#5800=LINE('',#14211,#6532);
#5801=LINE('',#14213,#6533);
#5802=LINE('',#14216,#6534);
#5803=LINE('',#14224,#6535);
#5804=LINE('',#14226,#6536);
#5805=LINE('',#14229,#6537);
#5806=LINE('',#14237,#6538);
#5807=LINE('',#14239,#6539);
#5808=LINE('',#14242,#6540);
#5809=LINE('',#14250,#6541);
#5810=LINE('',#14252,#6542);
#5811=LINE('',#14255,#6543);
#5812=LINE('',#14263,#6544);
#5813=LINE('',#14266,#6545);
#5814=LINE('',#14268,#6546);
#5815=LINE('',#14270,#6547);
#5816=LINE('',#14272,#6548);
#5817=LINE('',#14276,#6549);
#5818=LINE('',#14278,#6550);
#5819=LINE('',#14282,#6551);
#5820=LINE('',#14284,#6552);
#5821=LINE('',#14288,#6553);
#5822=LINE('',#14290,#6554);
#5823=LINE('',#14294,#6555);
#5824=LINE('',#14296,#6556);
#5825=LINE('',#14300,#6557);
#5826=LINE('',#14302,#6558);
#5827=LINE('',#14306,#6559);
#5828=LINE('',#14308,#6560);
#5829=LINE('',#14312,#6561);
#5830=LINE('',#14314,#6562);
#5831=LINE('',#14318,#6563);
#5832=LINE('',#14320,#6564);
#5833=LINE('',#14324,#6565);
#5834=LINE('',#14326,#6566);
#5835=LINE('',#14330,#6567);
#5836=LINE('',#14332,#6568);
#5837=LINE('',#14336,#6569);
#5838=LINE('',#14338,#6570);
#5839=LINE('',#14342,#6571);
#5840=LINE('',#14347,#6572);
#5841=LINE('',#14352,#6573);
#5842=LINE('',#14355,#6574);
#5843=LINE('',#14360,#6575);
#5844=LINE('',#14365,#6576);
#5845=LINE('',#14370,#6577);
#5846=LINE('',#14374,#6578);
#5847=LINE('',#14383,#6579);
#5848=LINE('',#14395,#6580);
#5849=LINE('',#14403,#6581);
#5850=LINE('',#14414,#6582);
#5851=LINE('',#14417,#6583);
#5852=LINE('',#14419,#6584);
#5853=LINE('',#14423,#6585);
#5854=LINE('',#14427,#6586);
#5855=LINE('',#14429,#6587);
#5856=LINE('',#14431,#6588);
#5857=LINE('',#14433,#6589);
#5858=LINE('',#14435,#6590);
#5859=LINE('',#14437,#6591);
#5860=LINE('',#14439,#6592);
#5861=LINE('',#14441,#6593);
#5862=LINE('',#14443,#6594);
#5863=LINE('',#14445,#6595);
#5864=LINE('',#14451,#6596);
#5865=LINE('',#14459,#6597);
#5866=LINE('',#14463,#6598);
#5867=LINE('',#14466,#6599);
#5868=LINE('',#14467,#6600);
#5869=LINE('',#14469,#6601);
#5870=LINE('',#14471,#6602);
#5871=LINE('',#14473,#6603);
#5872=LINE('',#14475,#6604);
#5873=LINE('',#14477,#6605);
#5874=LINE('',#14478,#6606);
#5875=LINE('',#14484,#6607);
#5876=LINE('',#14487,#6608);
#5877=LINE('',#14488,#6609);
#5878=LINE('',#14490,#6610);
#5879=LINE('',#14492,#6611);
#5880=LINE('',#14494,#6612);
#5881=LINE('',#14497,#6613);
#5882=LINE('',#14499,#6614);
#5883=LINE('',#14501,#6615);
#5884=LINE('',#14502,#6616);
#5885=LINE('',#14508,#6617);
#5886=LINE('',#14509,#6618);
#5887=LINE('',#14511,#6619);
#5888=LINE('',#14513,#6620);
#5889=LINE('',#14515,#6621);
#5890=LINE('',#14518,#6622);
#5891=LINE('',#14520,#6623);
#5892=LINE('',#14522,#6624);
#5893=LINE('',#14523,#6625);
#5894=LINE('',#14587,#6626);
#5895=LINE('',#14593,#6627);
#5896=LINE('',#14597,#6628);
#5897=LINE('',#14601,#6629);
#5898=LINE('',#14604,#6630);
#5899=LINE('',#14606,#6631);
#5900=LINE('',#14610,#6632);
#5901=LINE('',#14614,#6633);
#5902=LINE('',#14618,#6634);
#5903=LINE('',#14622,#6635);
#5904=LINE('',#14628,#6636);
#5905=LINE('',#14632,#6637);
#5906=LINE('',#14636,#6638);
#5907=LINE('',#14639,#6639);
#5908=LINE('',#14643,#6640);
#5909=LINE('',#14647,#6641);
#5910=LINE('',#14651,#6642);
#5911=LINE('',#14654,#6643);
#5912=LINE('',#14656,#6644);
#5913=LINE('',#14660,#6645);
#5914=LINE('',#14664,#6646);
#5915=LINE('',#14700,#6647);
#5916=LINE('',#14703,#6648);
#5917=LINE('',#14705,#6649);
#5918=LINE('',#14707,#6650);
#5919=LINE('',#14709,#6651);
#5920=LINE('',#14712,#6652);
#5921=LINE('',#14716,#6653);
#5922=LINE('',#14718,#6654);
#5923=LINE('',#14721,#6655);
#5924=LINE('',#14723,#6656);
#5925=LINE('',#14725,#6657);
#5926=LINE('',#14730,#6658);
#5927=LINE('',#14734,#6659);
#5928=LINE('',#14760,#6660);
#5929=LINE('',#14763,#6661);
#5930=LINE('',#14767,#6662);
#5931=LINE('',#14769,#6663);
#5932=LINE('',#14770,#6664);
#5933=LINE('',#14771,#6665);
#5934=LINE('',#14772,#6666);
#5935=LINE('',#14774,#6667);
#5936=LINE('',#14778,#6668);
#5937=LINE('',#14782,#6669);
#5938=LINE('',#14784,#6670);
#5939=LINE('',#14786,#6671);
#5940=LINE('',#14788,#6672);
#5941=LINE('',#14790,#6673);
#5942=LINE('',#14794,#6674);
#5943=LINE('',#14799,#6675);
#5944=LINE('',#14800,#6676);
#5945=LINE('',#14802,#6677);
#5946=LINE('',#14804,#6678);
#5947=LINE('',#14806,#6679);
#5948=LINE('',#14808,#6680);
#5949=LINE('',#14810,#6681);
#5950=LINE('',#14812,#6682);
#5951=LINE('',#14816,#6683);
#5952=LINE('',#14818,#6684);
#5953=LINE('',#14820,#6685);
#5954=LINE('',#14822,#6686);
#5955=LINE('',#14824,#6687);
#5956=LINE('',#14826,#6688);
#5957=LINE('',#14828,#6689);
#5958=LINE('',#14832,#6690);
#5959=LINE('',#14834,#6691);
#5960=LINE('',#14836,#6692);
#5961=LINE('',#14838,#6693);
#5962=LINE('',#14843,#6694);
#5963=LINE('',#14844,#6695);
#5964=LINE('',#14847,#6696);
#5965=LINE('',#14849,#6697);
#5966=LINE('',#14851,#6698);
#5967=LINE('',#14853,#6699);
#5968=LINE('',#14857,#6700);
#5969=LINE('',#14863,#6701);
#5970=LINE('',#14864,#6702);
#5971=LINE('',#14865,#6703);
#5972=LINE('',#14866,#6704);
#5973=LINE('',#14868,#6705);
#5974=LINE('',#14870,#6706);
#5975=LINE('',#14874,#6707);
#5976=LINE('',#14875,#6708);
#5977=LINE('',#14890,#6709);
#5978=LINE('',#14891,#6710);
#5979=LINE('',#14893,#6711);
#5980=LINE('',#14898,#6712);
#5981=LINE('',#14899,#6713);
#5982=LINE('',#14900,#6714);
#5983=LINE('',#14902,#6715);
#5984=LINE('',#14904,#6716);
#5985=LINE('',#14908,#6717);
#5986=LINE('',#14909,#6718);
#5987=LINE('',#14911,#6719);
#5988=LINE('',#14913,#6720);
#5989=LINE('',#14915,#6721);
#5990=LINE('',#14916,#6722);
#5991=LINE('',#14918,#6723);
#5992=LINE('',#14919,#6724);
#5993=LINE('',#14920,#6725);
#5994=LINE('',#14921,#6726);
#5995=LINE('',#14922,#6727);
#5996=LINE('',#14923,#6728);
#5997=LINE('',#14924,#6729);
#5998=LINE('',#14926,#6730);
#5999=LINE('',#14930,#6731);
#6000=LINE('',#14931,#6732);
#6001=LINE('',#14932,#6733);
#6002=LINE('',#14933,#6734);
#6003=LINE('',#14934,#6735);
#6004=LINE('',#14935,#6736);
#6005=LINE('',#14941,#6737);
#6006=LINE('',#14942,#6738);
#6007=LINE('',#14947,#6739);
#6008=LINE('',#14948,#6740);
#6009=LINE('',#14949,#6741);
#6010=LINE('',#14951,#6742);
#6011=LINE('',#14952,#6743);
#6012=LINE('',#14954,#6744);
#6013=LINE('',#14955,#6745);
#6014=LINE('',#14957,#6746);
#6015=LINE('',#14961,#6747);
#6016=LINE('',#14962,#6748);
#6017=LINE('',#14969,#6749);
#6018=LINE('',#14973,#6750);
#6019=LINE('',#14976,#6751);
#6020=LINE('',#14978,#6752);
#6021=LINE('',#14980,#6753);
#6022=LINE('',#14986,#6754);
#6023=LINE('',#14990,#6755);
#6024=LINE('',#14992,#6756);
#6025=LINE('',#14996,#6757);
#6026=LINE('',#14998,#6758);
#6027=LINE('',#15002,#6759);
#6028=LINE('',#15006,#6760);
#6029=LINE('',#15008,#6761);
#6030=LINE('',#15013,#6762);
#6031=LINE('',#15015,#6763);
#6032=LINE('',#15019,#6764);
#6033=LINE('',#15021,#6765);
#6034=LINE('',#15026,#6766);
#6035=LINE('',#15028,#6767);
#6036=LINE('',#15030,#6768);
#6037=LINE('',#15036,#6769);
#6038=LINE('',#15052,#6770);
#6039=LINE('',#15053,#6771);
#6040=LINE('',#15055,#6772);
#6041=LINE('',#15056,#6773);
#6042=LINE('',#15059,#6774);
#6043=LINE('',#15060,#6775);
#6044=LINE('',#15062,#6776);
#6045=LINE('',#15063,#6777);
#6046=LINE('',#15066,#6778);
#6047=LINE('',#15067,#6779);
#6048=LINE('',#15069,#6780);
#6049=LINE('',#15070,#6781);
#6050=LINE('',#15073,#6782);
#6051=LINE('',#15074,#6783);
#6052=LINE('',#15076,#6784);
#6053=LINE('',#15077,#6785);
#6054=LINE('',#15079,#6786);
#6055=LINE('',#15080,#6787);
#6056=LINE('',#15083,#6788);
#6057=LINE('',#15084,#6789);
#6058=LINE('',#15086,#6790);
#6059=LINE('',#15087,#6791);
#6060=LINE('',#15090,#6792);
#6061=LINE('',#15091,#6793);
#6062=LINE('',#15127,#6794);
#6063=LINE('',#15128,#6795);
#6064=LINE('',#15132,#6796);
#6065=LINE('',#15133,#6797);
#6066=LINE('',#15154,#6798);
#6067=LINE('',#15163,#6799);
#6068=LINE('',#15171,#6800);
#6069=LINE('',#15172,#6801);
#6070=LINE('',#15174,#6802);
#6071=LINE('',#15175,#6803);
#6072=LINE('',#15177,#6804);
#6073=LINE('',#15178,#6805);
#6074=LINE('',#15180,#6806);
#6075=LINE('',#15181,#6807);
#6076=LINE('',#15188,#6808);
#6077=LINE('',#15196,#6809);
#6078=LINE('',#15200,#6810);
#6079=LINE('',#15201,#6811);
#6080=LINE('',#15203,#6812);
#6081=LINE('',#15204,#6813);
#6082=LINE('',#15206,#6814);
#6083=LINE('',#15207,#6815);
#6084=LINE('',#15209,#6816);
#6085=LINE('',#15210,#6817);
#6086=LINE('',#15231,#6818);
#6087=LINE('',#15233,#6819);
#6088=LINE('',#15235,#6820);
#6089=LINE('',#15236,#6821);
#6090=LINE('',#15238,#6822);
#6091=LINE('',#15240,#6823);
#6092=LINE('',#15242,#6824);
#6093=LINE('',#15244,#6825);
#6094=LINE('',#15248,#6826);
#6095=LINE('',#15250,#6827);
#6096=LINE('',#15252,#6828);
#6097=LINE('',#15254,#6829);
#6098=LINE('',#15256,#6830);
#6099=LINE('',#15258,#6831);
#6100=LINE('',#15271,#6832);
#6101=LINE('',#15274,#6833);
#6102=LINE('',#15281,#6834);
#6103=LINE('',#15283,#6835);
#6104=LINE('',#15285,#6836);
#6105=LINE('',#15286,#6837);
#6106=LINE('',#15295,#6838);
#6107=LINE('',#15297,#6839);
#6108=LINE('',#15299,#6840);
#6109=LINE('',#15301,#6841);
#6110=LINE('',#15305,#6842);
#6111=LINE('',#15307,#6843);
#6112=LINE('',#15309,#6844);
#6113=LINE('',#15311,#6845);
#6114=LINE('',#15313,#6846);
#6115=LINE('',#15315,#6847);
#6116=LINE('',#15328,#6848);
#6117=LINE('',#15330,#6849);
#6118=LINE('',#15338,#6850);
#6119=LINE('',#15340,#6851);
#6120=LINE('',#15342,#6852);
#6121=LINE('',#15343,#6853);
#6122=LINE('',#15352,#6854);
#6123=LINE('',#15354,#6855);
#6124=LINE('',#15356,#6856);
#6125=LINE('',#15358,#6857);
#6126=LINE('',#15362,#6858);
#6127=LINE('',#15364,#6859);
#6128=LINE('',#15366,#6860);
#6129=LINE('',#15368,#6861);
#6130=LINE('',#15370,#6862);
#6131=LINE('',#15372,#6863);
#6132=LINE('',#15385,#6864);
#6133=LINE('',#15387,#6865);
#6134=LINE('',#15402,#6866);
#6135=LINE('',#15404,#6867);
#6136=LINE('',#15406,#6868);
#6137=LINE('',#15407,#6869);
#6138=LINE('',#15409,#6870);
#6139=LINE('',#15411,#6871);
#6140=LINE('',#15413,#6872);
#6141=LINE('',#15415,#6873);
#6142=LINE('',#15419,#6874);
#6143=LINE('',#15421,#6875);
#6144=LINE('',#15423,#6876);
#6145=LINE('',#15425,#6877);
#6146=LINE('',#15427,#6878);
#6147=LINE('',#15429,#6879);
#6148=LINE('',#15442,#6880);
#6149=LINE('',#15445,#6881);
#6150=LINE('',#15448,#6882);
#6151=LINE('',#15454,#6883);
#6152=LINE('',#15456,#6884);
#6153=LINE('',#15461,#6885);
#6154=LINE('',#15463,#6886);
#6155=LINE('',#15471,#6887);
#6156=LINE('',#15475,#6888);
#6157=LINE('',#15476,#6889);
#6158=LINE('',#15480,#6890);
#6159=LINE('',#15482,#6891);
#6160=LINE('',#15490,#6892);
#6161=LINE('',#15494,#6893);
#6162=LINE('',#15495,#6894);
#6163=LINE('',#15499,#6895);
#6164=LINE('',#15501,#6896);
#6165=LINE('',#15505,#6897);
#6166=LINE('',#15511,#6898);
#6167=LINE('',#15513,#6899);
#6168=LINE('',#15518,#6900);
#6169=LINE('',#15520,#6901);
#6170=LINE('',#15528,#6902);
#6171=LINE('',#15532,#6903);
#6172=LINE('',#15533,#6904);
#6173=LINE('',#15537,#6905);
#6174=LINE('',#15539,#6906);
#6175=LINE('',#15543,#6907);
#6176=LINE('',#15549,#6908);
#6177=LINE('',#15551,#6909);
#6178=LINE('',#15556,#6910);
#6179=LINE('',#15558,#6911);
#6180=LINE('',#15562,#6912);
#6181=LINE('',#15568,#6913);
#6182=LINE('',#15570,#6914);
#6183=LINE('',#15575,#6915);
#6184=LINE('',#15577,#6916);
#6185=LINE('',#15585,#6917);
#6186=LINE('',#15589,#6918);
#6187=LINE('',#15590,#6919);
#6188=LINE('',#15594,#6920);
#6189=LINE('',#15596,#6921);
#6190=LINE('',#15600,#6922);
#6191=LINE('',#15602,#6923);
#6192=LINE('',#15604,#6924);
#6193=LINE('',#15606,#6925);
#6194=LINE('',#15608,#6926);
#6195=LINE('',#15610,#6927);
#6196=VECTOR('',#10153,1000.);
#6197=VECTOR('',#10154,1000.);
#6198=VECTOR('',#10155,1000.);
#6199=VECTOR('',#10160,1000.);
#6200=VECTOR('',#10163,1000.);
#6201=VECTOR('',#10164,1000.);
#6202=VECTOR('',#10167,1000.);
#6203=VECTOR('',#10168,1000.);
#6204=VECTOR('',#10171,1000.);
#6205=VECTOR('',#10174,1000.);
#6206=VECTOR('',#10177,1000.);
#6207=VECTOR('',#10178,1000.);
#6208=VECTOR('',#10179,1000.);
#6209=VECTOR('',#10180,1000.);
#6210=VECTOR('',#10183,1000.);
#6211=VECTOR('',#10184,1000.);
#6212=VECTOR('',#10185,1000.);
#6213=VECTOR('',#10190,1000.);
#6214=VECTOR('',#10195,1000.);
#6215=VECTOR('',#10198,1000.);
#6216=VECTOR('',#10201,1000.);
#6217=VECTOR('',#10202,1000.);
#6218=VECTOR('',#10203,1000.);
#6219=VECTOR('',#10208,1000.);
#6220=VECTOR('',#10211,1000.);
#6221=VECTOR('',#10212,1000.);
#6222=VECTOR('',#10215,1000.);
#6223=VECTOR('',#10216,1000.);
#6224=VECTOR('',#10219,1000.);
#6225=VECTOR('',#10222,1000.);
#6226=VECTOR('',#10225,1000.);
#6227=VECTOR('',#10226,1000.);
#6228=VECTOR('',#10227,1000.);
#6229=VECTOR('',#10228,1000.);
#6230=VECTOR('',#10231,1000.);
#6231=VECTOR('',#10232,1000.);
#6232=VECTOR('',#10233,1000.);
#6233=VECTOR('',#10238,1000.);
#6234=VECTOR('',#10243,1000.);
#6235=VECTOR('',#10246,1000.);
#6236=VECTOR('',#10249,1000.);
#6237=VECTOR('',#10250,1000.);
#6238=VECTOR('',#10251,1000.);
#6239=VECTOR('',#10256,1000.);
#6240=VECTOR('',#10259,1000.);
#6241=VECTOR('',#10260,1000.);
#6242=VECTOR('',#10263,1000.);
#6243=VECTOR('',#10264,1000.);
#6244=VECTOR('',#10267,1000.);
#6245=VECTOR('',#10270,1000.);
#6246=VECTOR('',#10273,1000.);
#6247=VECTOR('',#10274,1000.);
#6248=VECTOR('',#10275,1000.);
#6249=VECTOR('',#10276,1000.);
#6250=VECTOR('',#10279,1000.);
#6251=VECTOR('',#10280,1000.);
#6252=VECTOR('',#10281,1000.);
#6253=VECTOR('',#10286,1000.);
#6254=VECTOR('',#10291,1000.);
#6255=VECTOR('',#10294,1000.);
#6256=VECTOR('',#10297,1000.);
#6257=VECTOR('',#10298,1000.);
#6258=VECTOR('',#10299,1000.);
#6259=VECTOR('',#10300,1000.);
#6260=VECTOR('',#10303,1000.);
#6261=VECTOR('',#10304,1000.);
#6262=VECTOR('',#10305,1000.);
#6263=VECTOR('',#10310,1000.);
#6264=VECTOR('',#10315,1000.);
#6265=VECTOR('',#10318,1000.);
#6266=VECTOR('',#10321,1000.);
#6267=VECTOR('',#10322,1000.);
#6268=VECTOR('',#10323,1000.);
#6269=VECTOR('',#10324,1000.);
#6270=VECTOR('',#10325,1000.);
#6271=VECTOR('',#10326,1000.);
#6272=VECTOR('',#10327,1000.);
#6273=VECTOR('',#10328,1000.);
#6274=VECTOR('',#10329,1000.);
#6275=VECTOR('',#10330,1000.);
#6276=VECTOR('',#10331,1000.);
#6277=VECTOR('',#10332,1000.);
#6278=VECTOR('',#10333,1000.);
#6279=VECTOR('',#10334,1000.);
#6280=VECTOR('',#10335,1000.);
#6281=VECTOR('',#10336,1000.);
#6282=VECTOR('',#10337,1000.);
#6283=VECTOR('',#10338,1000.);
#6284=VECTOR('',#10339,1000.);
#6285=VECTOR('',#10344,1000.);
#6286=VECTOR('',#10349,1000.);
#6287=VECTOR('',#10350,1000.);
#6288=VECTOR('',#10351,1000.);
#6289=VECTOR('',#10356,1000.);
#6290=VECTOR('',#10365,1000.);
#6291=VECTOR('',#10366,1000.);
#6292=VECTOR('',#10367,1000.);
#6293=VECTOR('',#10372,1000.);
#6294=VECTOR('',#10377,1000.);
#6295=VECTOR('',#10378,1000.);
#6296=VECTOR('',#10379,1000.);
#6297=VECTOR('',#10384,1000.);
#6298=VECTOR('',#10385,1000.);
#6299=VECTOR('',#10386,1000.);
#6300=VECTOR('',#10387,1000.);
#6301=VECTOR('',#10388,1000.);
#6302=VECTOR('',#10389,1000.);
#6303=VECTOR('',#10390,1000.);
#6304=VECTOR('',#10391,1000.);
#6305=VECTOR('',#10392,1000.);
#6306=VECTOR('',#10399,1000.);
#6307=VECTOR('',#10400,1000.);
#6308=VECTOR('',#10401,1000.);
#6309=VECTOR('',#10406,1000.);
#6310=VECTOR('',#10411,1000.);
#6311=VECTOR('',#10412,1000.);
#6312=VECTOR('',#10413,1000.);
#6313=VECTOR('',#10418,1000.);
#6314=VECTOR('',#10419,1000.);
#6315=VECTOR('',#10420,1000.);
#6316=VECTOR('',#10421,1000.);
#6317=VECTOR('',#10422,1000.);
#6318=VECTOR('',#10423,1000.);
#6319=VECTOR('',#10424,1000.);
#6320=VECTOR('',#10425,1000.);
#6321=VECTOR('',#10426,1000.);
#6322=VECTOR('',#10427,1000.);
#6323=VECTOR('',#10428,1000.);
#6324=VECTOR('',#10429,1000.);
#6325=VECTOR('',#10430,1000.);
#6326=VECTOR('',#10431,1000.);
#6327=VECTOR('',#10432,1000.);
#6328=VECTOR('',#10433,1000.);
#6329=VECTOR('',#10434,1000.);
#6330=VECTOR('',#10435,1000.);
#6331=VECTOR('',#10436,1000.);
#6332=VECTOR('',#10441,1000.);
#6333=VECTOR('',#10442,1000.);
#6334=VECTOR('',#10443,1000.);
#6335=VECTOR('',#10448,1000.);
#6336=VECTOR('',#10453,1000.);
#6337=VECTOR('',#10454,1000.);
#6338=VECTOR('',#10455,1000.);
#6339=VECTOR('',#10460,1000.);
#6340=VECTOR('',#10461,1000.);
#6341=VECTOR('',#10462,1000.);
#6342=VECTOR('',#10463,1000.);
#6343=VECTOR('',#10464,1000.);
#6344=VECTOR('',#10465,1000.);
#6345=VECTOR('',#10466,1000.);
#6346=VECTOR('',#10467,1000.);
#6347=VECTOR('',#10468,1000.);
#6348=VECTOR('',#10469,1000.);
#6349=VECTOR('',#10470,1000.);
#6350=VECTOR('',#10471,1000.);
#6351=VECTOR('',#10472,1000.);
#6352=VECTOR('',#10473,1000.);
#6353=VECTOR('',#10474,1000.);
#6354=VECTOR('',#10475,1000.);
#6355=VECTOR('',#10476,1000.);
#6356=VECTOR('',#10477,1000.);
#6357=VECTOR('',#10478,1000.);
#6358=VECTOR('',#10479,1000.);
#6359=VECTOR('',#10480,1000.);
#6360=VECTOR('',#10481,1000.);
#6361=VECTOR('',#10482,1000.);
#6362=VECTOR('',#10483,1000.);
#6363=VECTOR('',#10484,1000.);
#6364=VECTOR('',#10485,1000.);
#6365=VECTOR('',#10486,1000.);
#6366=VECTOR('',#10487,1000.);
#6367=VECTOR('',#10488,1000.);
#6368=VECTOR('',#10489,1000.);
#6369=VECTOR('',#10490,1000.);
#6370=VECTOR('',#10491,1000.);
#6371=VECTOR('',#10492,1000.);
#6372=VECTOR('',#10493,1000.);
#6373=VECTOR('',#10494,1000.);
#6374=VECTOR('',#10499,1000.);
#6375=VECTOR('',#10502,1000.);
#6376=VECTOR('',#10505,1000.);
#6377=VECTOR('',#10506,1000.);
#6378=VECTOR('',#10507,1000.);
#6379=VECTOR('',#10508,1000.);
#6380=VECTOR('',#10509,1000.);
#6381=VECTOR('',#10516,1000.);
#6382=VECTOR('',#10523,1000.);
#6383=VECTOR('',#10548,1000.);
#6384=VECTOR('',#10555,1000.);
#6385=VECTOR('',#10574,1000.);
#6386=VECTOR('',#10577,1000.);
#6387=VECTOR('',#10580,1000.);
#6388=VECTOR('',#10581,1000.);
#6389=VECTOR('',#10582,1000.);
#6390=VECTOR('',#10583,1000.);
#6391=VECTOR('',#10584,1000.);
#6392=VECTOR('',#10595,1000.);
#6393=VECTOR('',#10602,1000.);
#6394=VECTOR('',#10619,1000.);
#6395=VECTOR('',#10626,1000.);
#6396=VECTOR('',#10657,1000.);
#6397=VECTOR('',#10664,1000.);
#6398=VECTOR('',#10671,1000.);
#6399=VECTOR('',#10678,1000.);
#6400=VECTOR('',#10685,1000.);
#6401=VECTOR('',#10688,1000.);
#6402=VECTOR('',#10691,1000.);
#6403=VECTOR('',#10692,1000.);
#6404=VECTOR('',#10693,1000.);
#6405=VECTOR('',#10694,1000.);
#6406=VECTOR('',#10695,1000.);
#6407=VECTOR('',#10714,1000.);
#6408=VECTOR('',#10721,1000.);
#6409=VECTOR('',#10734,1000.);
#6410=VECTOR('',#10741,1000.);
#6411=VECTOR('',#10744,1000.);
#6412=VECTOR('',#10749,1000.);
#6413=VECTOR('',#10752,1000.);
#6414=VECTOR('',#10755,1000.);
#6415=VECTOR('',#10756,1000.);
#6416=VECTOR('',#10757,1000.);
#6417=VECTOR('',#10758,1000.);
#6418=VECTOR('',#10775,1000.);
#6419=VECTOR('',#10776,1000.);
#6420=VECTOR('',#10781,1000.);
#6421=VECTOR('',#10782,1000.);
#6422=VECTOR('',#10787,1000.);
#6423=VECTOR('',#10788,1000.);
#6424=VECTOR('',#10793,1000.);
#6425=VECTOR('',#10794,1000.);
#6426=VECTOR('',#10799,1000.);
#6427=VECTOR('',#10800,1000.);
#6428=VECTOR('',#10805,1000.);
#6429=VECTOR('',#10806,1000.);
#6430=VECTOR('',#10811,1000.);
#6431=VECTOR('',#10812,1000.);
#6432=VECTOR('',#10817,1000.);
#6433=VECTOR('',#10818,1000.);
#6434=VECTOR('',#10823,1000.);
#6435=VECTOR('',#10826,1000.);
#6436=VECTOR('',#10837,1000.);
#6437=VECTOR('',#10840,1000.);
#6438=VECTOR('',#10867,1000.);
#6439=VECTOR('',#10868,1000.);
#6440=VECTOR('',#10871,1000.);
#6441=VECTOR('',#10874,1000.);
#6442=VECTOR('',#10891,1000.);
#6443=VECTOR('',#10892,1000.);
#6444=VECTOR('',#10895,1000.);
#6445=VECTOR('',#10898,1000.);
#6446=VECTOR('',#10903,1000.);
#6447=VECTOR('',#10906,1000.);
#6448=VECTOR('',#10911,1000.);
#6449=VECTOR('',#10912,1000.);
#6450=VECTOR('',#10927,1000.);
#6451=VECTOR('',#10930,1000.);
#6452=VECTOR('',#10935,1000.);
#6453=VECTOR('',#10936,1000.);
#6454=VECTOR('',#10951,1000.);
#6455=VECTOR('',#10954,1000.);
#6456=VECTOR('',#10959,1000.);
#6457=VECTOR('',#10960,1000.);
#6458=VECTOR('',#11033,1000.);
#6459=VECTOR('',#11034,1000.);
#6460=VECTOR('',#11041,1000.);
#6461=VECTOR('',#11044,1000.);
#6462=VECTOR('',#11045,1000.);
#6463=VECTOR('',#11052,1000.);
#6464=VECTOR('',#11057,1000.);
#6465=VECTOR('',#11058,1000.);
#6466=VECTOR('',#11059,1000.);
#6467=VECTOR('',#11062,1000.);
#6468=VECTOR('',#11063,1000.);
#6469=VECTOR('',#11070,1000.);
#6470=VECTOR('',#11073,1000.);
#6471=VECTOR('',#11074,1000.);
#6472=VECTOR('',#11081,1000.);
#6473=VECTOR('',#11084,1000.);
#6474=VECTOR('',#11085,1000.);
#6475=VECTOR('',#11092,1000.);
#6476=VECTOR('',#11095,1000.);
#6477=VECTOR('',#11096,1000.);
#6478=VECTOR('',#11103,1000.);
#6479=VECTOR('',#11108,1000.);
#6480=VECTOR('',#11109,1000.);
#6481=VECTOR('',#11110,1000.);
#6482=VECTOR('',#11113,1000.);
#6483=VECTOR('',#11114,1000.);
#6484=VECTOR('',#11115,1000.);
#6485=VECTOR('',#11124,1000.);
#6486=VECTOR('',#11125,1000.);
#6487=VECTOR('',#11126,1000.);
#6488=VECTOR('',#11135,1000.);
#6489=VECTOR('',#11136,1000.);
#6490=VECTOR('',#11143,1000.);
#6491=VECTOR('',#11146,1000.);
#6492=VECTOR('',#11147,1000.);
#6493=VECTOR('',#11154,1000.);
#6494=VECTOR('',#11159,1000.);
#6495=VECTOR('',#11160,1000.);
#6496=VECTOR('',#11161,1000.);
#6497=VECTOR('',#11164,1000.);
#6498=VECTOR('',#11165,1000.);
#6499=VECTOR('',#11172,1000.);
#6500=VECTOR('',#11175,1000.);
#6501=VECTOR('',#11176,1000.);
#6502=VECTOR('',#11183,1000.);
#6503=VECTOR('',#11186,1000.);
#6504=VECTOR('',#11187,1000.);
#6505=VECTOR('',#11194,1000.);
#6506=VECTOR('',#11197,1000.);
#6507=VECTOR('',#11198,1000.);
#6508=VECTOR('',#11205,1000.);
#6509=VECTOR('',#11208,1000.);
#6510=VECTOR('',#11209,1000.);
#6511=VECTOR('',#11216,1000.);
#6512=VECTOR('',#11219,1000.);
#6513=VECTOR('',#11220,1000.);
#6514=VECTOR('',#11227,1000.);
#6515=VECTOR('',#11232,1000.);
#6516=VECTOR('',#11233,1000.);
#6517=VECTOR('',#11234,1000.);
#6518=VECTOR('',#11237,1000.);
#6519=VECTOR('',#11238,1000.);
#6520=VECTOR('',#11239,1000.);
#6521=VECTOR('',#11248,1000.);
#6522=VECTOR('',#11249,1000.);
#6523=VECTOR('',#11250,1000.);
#6524=VECTOR('',#11259,1000.);
#6525=VECTOR('',#11260,1000.);
#6526=VECTOR('',#11267,1000.);
#6527=VECTOR('',#11270,1000.);
#6528=VECTOR('',#11271,1000.);
#6529=VECTOR('',#11278,1000.);
#6530=VECTOR('',#11283,1000.);
#6531=VECTOR('',#11284,1000.);
#6532=VECTOR('',#11285,1000.);
#6533=VECTOR('',#11288,1000.);
#6534=VECTOR('',#11289,1000.);
#6535=VECTOR('',#11296,1000.);
#6536=VECTOR('',#11299,1000.);
#6537=VECTOR('',#11300,1000.);
#6538=VECTOR('',#11307,1000.);
#6539=VECTOR('',#11310,1000.);
#6540=VECTOR('',#11311,1000.);
#6541=VECTOR('',#11318,1000.);
#6542=VECTOR('',#11321,1000.);
#6543=VECTOR('',#11322,1000.);
#6544=VECTOR('',#11329,1000.);
#6545=VECTOR('',#11334,1000.);
#6546=VECTOR('',#11335,1000.);
#6547=VECTOR('',#11336,1000.);
#6548=VECTOR('',#11339,1000.);
#6549=VECTOR('',#11342,1000.);
#6550=VECTOR('',#11345,1000.);
#6551=VECTOR('',#11348,1000.);
#6552=VECTOR('',#11351,1000.);
#6553=VECTOR('',#11354,1000.);
#6554=VECTOR('',#11357,1000.);
#6555=VECTOR('',#11360,1000.);
#6556=VECTOR('',#11363,1000.);
#6557=VECTOR('',#11366,1000.);
#6558=VECTOR('',#11369,1000.);
#6559=VECTOR('',#11372,1000.);
#6560=VECTOR('',#11375,1000.);
#6561=VECTOR('',#11378,1000.);
#6562=VECTOR('',#11381,1000.);
#6563=VECTOR('',#11384,1000.);
#6564=VECTOR('',#11387,1000.);
#6565=VECTOR('',#11390,1000.);
#6566=VECTOR('',#11393,1000.);
#6567=VECTOR('',#11396,1000.);
#6568=VECTOR('',#11399,1000.);
#6569=VECTOR('',#11402,1000.);
#6570=VECTOR('',#11405,1000.);
#6571=VECTOR('',#11408,1000.);
#6572=VECTOR('',#11417,1000.);
#6573=VECTOR('',#11426,1000.);
#6574=VECTOR('',#11431,1000.);
#6575=VECTOR('',#11440,1000.);
#6576=VECTOR('',#11449,1000.);
#6577=VECTOR('',#11458,1000.);
#6578=VECTOR('',#11465,1000.);
#6579=VECTOR('',#11472,1000.);
#6580=VECTOR('',#11483,1000.);
#6581=VECTOR('',#11490,1000.);
#6582=VECTOR('',#11501,1000.);
#6583=VECTOR('',#11502,1000.);
#6584=VECTOR('',#11503,1000.);
#6585=VECTOR('',#11506,1000.);
#6586=VECTOR('',#11509,1000.);
#6587=VECTOR('',#11510,1000.);
#6588=VECTOR('',#11511,1000.);
#6589=VECTOR('',#11512,1000.);
#6590=VECTOR('',#11513,1000.);
#6591=VECTOR('',#11514,1000.);
#6592=VECTOR('',#11515,1000.);
#6593=VECTOR('',#11516,1000.);
#6594=VECTOR('',#11517,1000.);
#6595=VECTOR('',#11518,1000.);
#6596=VECTOR('',#11523,1000.);
#6597=VECTOR('',#11530,1000.);
#6598=VECTOR('',#11535,1000.);
#6599=VECTOR('',#11536,1000.);
#6600=VECTOR('',#11537,1000.);
#6601=VECTOR('',#11538,1000.);
#6602=VECTOR('',#11539,1000.);
#6603=VECTOR('',#11542,1000.);
#6604=VECTOR('',#11543,1000.);
#6605=VECTOR('',#11544,1000.);
#6606=VECTOR('',#11545,1000.);
#6607=VECTOR('',#11556,1000.);
#6608=VECTOR('',#11557,1000.);
#6609=VECTOR('',#11558,1000.);
#6610=VECTOR('',#11559,1000.);
#6611=VECTOR('',#11560,1000.);
#6612=VECTOR('',#11563,1000.);
#6613=VECTOR('',#11564,1000.);
#6614=VECTOR('',#11565,1000.);
#6615=VECTOR('',#11566,1000.);
#6616=VECTOR('',#11567,1000.);
#6617=VECTOR('',#11578,1000.);
#6618=VECTOR('',#11579,1000.);
#6619=VECTOR('',#11580,1000.);
#6620=VECTOR('',#11581,1000.);
#6621=VECTOR('',#11584,1000.);
#6622=VECTOR('',#11585,1000.);
#6623=VECTOR('',#11586,1000.);
#6624=VECTOR('',#11587,1000.);
#6625=VECTOR('',#11588,1000.);
#6626=VECTOR('',#11673,1000.);
#6627=VECTOR('',#11680,1000.);
#6628=VECTOR('',#11685,1000.);
#6629=VECTOR('',#11690,1000.);
#6630=VECTOR('',#11695,1000.);
#6631=VECTOR('',#11696,1000.);
#6632=VECTOR('',#11701,1000.);
#6633=VECTOR('',#11708,1000.);
#6634=VECTOR('',#11711,1000.);
#6635=VECTOR('',#11716,1000.);
#6636=VECTOR('',#11725,1000.);
#6637=VECTOR('',#11730,1000.);
#6638=VECTOR('',#11735,1000.);
#6639=VECTOR('',#11740,1000.);
#6640=VECTOR('',#11745,1000.);
#6641=VECTOR('',#11750,1000.);
#6642=VECTOR('',#11755,1000.);
#6643=VECTOR('',#11760,1000.);
#6644=VECTOR('',#11761,1000.);
#6645=VECTOR('',#11766,1000.);
#6646=VECTOR('',#11771,1000.);
#6647=VECTOR('',#11818,1000.);
#6648=VECTOR('',#11819,1000.);
#6649=VECTOR('',#11820,1000.);
#6650=VECTOR('',#11821,1000.);
#6651=VECTOR('',#11824,1000.);
#6652=VECTOR('',#11825,1000.);
#6653=VECTOR('',#11828,1000.);
#6654=VECTOR('',#11831,1000.);
#6655=VECTOR('',#11832,1000.);
#6656=VECTOR('',#11833,1000.);
#6657=VECTOR('',#11834,1000.);
#6658=VECTOR('',#11839,1000.);
#6659=VECTOR('',#11842,1000.);
#6660=VECTOR('',#11877,1000.);
#6661=VECTOR('',#11878,1000.);
#6662=VECTOR('',#11881,1000.);
#6663=VECTOR('',#11884,1000.);
#6664=VECTOR('',#11885,1000.);
#6665=VECTOR('',#11886,1000.);
#6666=VECTOR('',#11887,1000.);
#6667=VECTOR('',#11888,1000.);
#6668=VECTOR('',#11891,1000.);
#6669=VECTOR('',#11894,1000.);
#6670=VECTOR('',#11895,1000.);
#6671=VECTOR('',#11896,1000.);
#6672=VECTOR('',#11897,1000.);
#6673=VECTOR('',#11900,1000.);
#6674=VECTOR('',#11903,1000.);
#6675=VECTOR('',#11908,1000.);
#6676=VECTOR('',#11909,1000.);
#6677=VECTOR('',#11912,1000.);
#6678=VECTOR('',#11913,1000.);
#6679=VECTOR('',#11916,1000.);
#6680=VECTOR('',#11917,1000.);
#6681=VECTOR('',#11920,1000.);
#6682=VECTOR('',#11921,1000.);
#6683=VECTOR('',#11926,1000.);
#6684=VECTOR('',#11929,1000.);
#6685=VECTOR('',#11930,1000.);
#6686=VECTOR('',#11933,1000.);
#6687=VECTOR('',#11934,1000.);
#6688=VECTOR('',#11937,1000.);
#6689=VECTOR('',#11938,1000.);
#6690=VECTOR('',#11943,1000.);
#6691=VECTOR('',#11946,1000.);
#6692=VECTOR('',#11947,1000.);
#6693=VECTOR('',#11948,1000.);
#6694=VECTOR('',#11953,1000.);
#6695=VECTOR('',#11954,1000.);
#6696=VECTOR('',#11957,1000.);
#6697=VECTOR('',#11960,1000.);
#6698=VECTOR('',#11961,1000.);
#6699=VECTOR('',#11964,1000.);
#6700=VECTOR('',#11967,1000.);
#6701=VECTOR('',#11974,1000.);
#6702=VECTOR('',#11975,1000.);
#6703=VECTOR('',#11976,1000.);
#6704=VECTOR('',#11977,1000.);
#6705=VECTOR('',#11980,1000.);
#6706=VECTOR('',#11983,1000.);
#6707=VECTOR('',#11986,1000.);
#6708=VECTOR('',#11987,1000.);
#6709=VECTOR('',#12008,1000.);
#6710=VECTOR('',#12009,1000.);
#6711=VECTOR('',#12012,1000.);
#6712=VECTOR('',#12017,1000.);
#6713=VECTOR('',#12018,1000.);
#6714=VECTOR('',#12019,1000.);
#6715=VECTOR('',#12022,1000.);
#6716=VECTOR('',#12025,1000.);
#6717=VECTOR('',#12028,1000.);
#6718=VECTOR('',#12029,1000.);
#6719=VECTOR('',#12032,1000.);
#6720=VECTOR('',#12035,1000.);
#6721=VECTOR('',#12038,1000.);
#6722=VECTOR('',#12039,1000.);
#6723=VECTOR('',#12042,1000.);
#6724=VECTOR('',#12043,1000.);
#6725=VECTOR('',#12044,1000.);
#6726=VECTOR('',#12045,1000.);
#6727=VECTOR('',#12046,1000.);
#6728=VECTOR('',#12047,1000.);
#6729=VECTOR('',#12048,1000.);
#6730=VECTOR('',#12051,1000.);
#6731=VECTOR('',#12054,1000.);
#6732=VECTOR('',#12055,1000.);
#6733=VECTOR('',#12056,1000.);
#6734=VECTOR('',#12057,1000.);
#6735=VECTOR('',#12058,1000.);
#6736=VECTOR('',#12059,1000.);
#6737=VECTOR('',#12070,1000.);
#6738=VECTOR('',#12071,1000.);
#6739=VECTOR('',#12076,1000.);
#6740=VECTOR('',#12077,1000.);
#6741=VECTOR('',#12078,1000.);
#6742=VECTOR('',#12081,1000.);
#6743=VECTOR('',#12082,1000.);
#6744=VECTOR('',#12085,1000.);
#6745=VECTOR('',#12086,1000.);
#6746=VECTOR('',#12089,1000.);
#6747=VECTOR('',#12092,1000.);
#6748=VECTOR('',#12093,1000.);
#6749=VECTOR('',#12106,1000.);
#6750=VECTOR('',#12109,1000.);
#6751=VECTOR('',#12114,1000.);
#6752=VECTOR('',#12115,1000.);
#6753=VECTOR('',#12118,1000.);
#6754=VECTOR('',#12125,1000.);
#6755=VECTOR('',#12130,1000.);
#6756=VECTOR('',#12133,1000.);
#6757=VECTOR('',#12136,1000.);
#6758=VECTOR('',#12139,1000.);
#6759=VECTOR('',#12144,1000.);
#6760=VECTOR('',#12147,1000.);
#6761=VECTOR('',#12150,1000.);
#6762=VECTOR('',#12157,1000.);
#6763=VECTOR('',#12160,1000.);
#6764=VECTOR('',#12163,1000.);
#6765=VECTOR('',#12166,1000.);
#6766=VECTOR('',#12173,1000.);
#6767=VECTOR('',#12174,1000.);
#6768=VECTOR('',#12177,1000.);
#6769=VECTOR('',#12184,1000.);
#6770=VECTOR('',#12215,1000.);
#6771=VECTOR('',#12216,1000.);
#6772=VECTOR('',#12219,1000.);
#6773=VECTOR('',#12220,1000.);
#6774=VECTOR('',#12225,1000.);
#6775=VECTOR('',#12226,1000.);
#6776=VECTOR('',#12229,1000.);
#6777=VECTOR('',#12230,1000.);
#6778=VECTOR('',#12235,1000.);
#6779=VECTOR('',#12236,1000.);
#6780=VECTOR('',#12239,1000.);
#6781=VECTOR('',#12240,1000.);
#6782=VECTOR('',#12245,1000.);
#6783=VECTOR('',#12246,1000.);
#6784=VECTOR('',#12249,1000.);
#6785=VECTOR('',#12250,1000.);
#6786=VECTOR('',#12253,1000.);
#6787=VECTOR('',#12254,1000.);
#6788=VECTOR('',#12259,1000.);
#6789=VECTOR('',#12260,1000.);
#6790=VECTOR('',#12263,1000.);
#6791=VECTOR('',#12264,1000.);
#6792=VECTOR('',#12269,1000.);
#6793=VECTOR('',#12270,1000.);
#6794=VECTOR('',#12333,1000.);
#6795=VECTOR('',#12334,1000.);
#6796=VECTOR('',#12339,1000.);
#6797=VECTOR('',#12340,1000.);
#6798=VECTOR('',#12377,1000.);
#6799=VECTOR('',#12384,1000.);
#6800=VECTOR('',#12393,1000.);
#6801=VECTOR('',#12394,1000.);
#6802=VECTOR('',#12397,1000.);
#6803=VECTOR('',#12398,1000.);
#6804=VECTOR('',#12401,1000.);
#6805=VECTOR('',#12402,1000.);
#6806=VECTOR('',#12405,1000.);
#6807=VECTOR('',#12406,1000.);
#6808=VECTOR('',#12413,1000.);
#6809=VECTOR('',#12420,1000.);
#6810=VECTOR('',#12425,1000.);
#6811=VECTOR('',#12426,1000.);
#6812=VECTOR('',#12429,1000.);
#6813=VECTOR('',#12430,1000.);
#6814=VECTOR('',#12433,1000.);
#6815=VECTOR('',#12434,1000.);
#6816=VECTOR('',#12437,1000.);
#6817=VECTOR('',#12438,1000.);
#6818=VECTOR('',#12473,1000.);
#6819=VECTOR('',#12474,1000.);
#6820=VECTOR('',#12475,1000.);
#6821=VECTOR('',#12476,1000.);
#6822=VECTOR('',#12479,1000.);
#6823=VECTOR('',#12480,1000.);
#6824=VECTOR('',#12481,1000.);
#6825=VECTOR('',#12484,1000.);
#6826=VECTOR('',#12487,1000.);
#6827=VECTOR('',#12490,1000.);
#6828=VECTOR('',#12491,1000.);
#6829=VECTOR('',#12492,1000.);
#6830=VECTOR('',#12495,1000.);
#6831=VECTOR('',#12496,1000.);
#6832=VECTOR('',#12519,1000.);
#6833=VECTOR('',#12524,1000.);
#6834=VECTOR('',#12535,1000.);
#6835=VECTOR('',#12536,1000.);
#6836=VECTOR('',#12537,1000.);
#6837=VECTOR('',#12538,1000.);
#6838=VECTOR('',#12551,1000.);
#6839=VECTOR('',#12552,1000.);
#6840=VECTOR('',#12553,1000.);
#6841=VECTOR('',#12556,1000.);
#6842=VECTOR('',#12559,1000.);
#6843=VECTOR('',#12562,1000.);
#6844=VECTOR('',#12563,1000.);
#6845=VECTOR('',#12564,1000.);
#6846=VECTOR('',#12567,1000.);
#6847=VECTOR('',#12568,1000.);
#6848=VECTOR('',#12591,1000.);
#6849=VECTOR('',#12594,1000.);
#6850=VECTOR('',#12607,1000.);
#6851=VECTOR('',#12608,1000.);
#6852=VECTOR('',#12609,1000.);
#6853=VECTOR('',#12610,1000.);
#6854=VECTOR('',#12623,1000.);
#6855=VECTOR('',#12624,1000.);
#6856=VECTOR('',#12625,1000.);
#6857=VECTOR('',#12628,1000.);
#6858=VECTOR('',#12631,1000.);
#6859=VECTOR('',#12634,1000.);
#6860=VECTOR('',#12635,1000.);
#6861=VECTOR('',#12636,1000.);
#6862=VECTOR('',#12639,1000.);
#6863=VECTOR('',#12640,1000.);
#6864=VECTOR('',#12663,1000.);
#6865=VECTOR('',#12666,1000.);
#6866=VECTOR('',#12689,1000.);
#6867=VECTOR('',#12690,1000.);
#6868=VECTOR('',#12691,1000.);
#6869=VECTOR('',#12692,1000.);
#6870=VECTOR('',#12695,1000.);
#6871=VECTOR('',#12696,1000.);
#6872=VECTOR('',#12697,1000.);
#6873=VECTOR('',#12700,1000.);
#6874=VECTOR('',#12703,1000.);
#6875=VECTOR('',#12706,1000.);
#6876=VECTOR('',#12707,1000.);
#6877=VECTOR('',#12708,1000.);
#6878=VECTOR('',#12711,1000.);
#6879=VECTOR('',#12712,1000.);
#6880=VECTOR('',#12735,1000.);
#6881=VECTOR('',#12740,1000.);
#6882=VECTOR('',#12745,1000.);
#6883=VECTOR('',#12750,1000.);
#6884=VECTOR('',#12751,1000.);
#6885=VECTOR('',#12760,1000.);
#6886=VECTOR('',#12763,1000.);
#6887=VECTOR('',#12774,1000.);
#6888=VECTOR('',#12779,1000.);
#6889=VECTOR('',#12780,1000.);
#6890=VECTOR('',#12785,1000.);
#6891=VECTOR('',#12788,1000.);
#6892=VECTOR('',#12799,1000.);
#6893=VECTOR('',#12804,1000.);
#6894=VECTOR('',#12805,1000.);
#6895=VECTOR('',#12810,1000.);
#6896=VECTOR('',#12813,1000.);
#6897=VECTOR('',#12820,1000.);
#6898=VECTOR('',#12825,1000.);
#6899=VECTOR('',#12826,1000.);
#6900=VECTOR('',#12835,1000.);
#6901=VECTOR('',#12838,1000.);
#6902=VECTOR('',#12849,1000.);
#6903=VECTOR('',#12854,1000.);
#6904=VECTOR('',#12855,1000.);
#6905=VECTOR('',#12860,1000.);
#6906=VECTOR('',#12863,1000.);
#6907=VECTOR('',#12870,1000.);
#6908=VECTOR('',#12875,1000.);
#6909=VECTOR('',#12876,1000.);
#6910=VECTOR('',#12885,1000.);
#6911=VECTOR('',#12888,1000.);
#6912=VECTOR('',#12895,1000.);
#6913=VECTOR('',#12900,1000.);
#6914=VECTOR('',#12901,1000.);
#6915=VECTOR('',#12910,1000.);
#6916=VECTOR('',#12913,1000.);
#6917=VECTOR('',#12924,1000.);
#6918=VECTOR('',#12929,1000.);
#6919=VECTOR('',#12930,1000.);
#6920=VECTOR('',#12935,1000.);
#6921=VECTOR('',#12938,1000.);
#6922=VECTOR('',#12945,1000.);
#6923=VECTOR('',#12946,1000.);
#6924=VECTOR('',#12947,1000.);
#6925=VECTOR('',#12950,1000.);
#6926=VECTOR('',#12951,1000.);
#6927=VECTOR('',#12952,1000.);
#6928=EDGE_LOOP('',(#804,#805,#806,#807));
#6929=EDGE_LOOP('',(#808,#809,#810,#811));
#6930=EDGE_LOOP('',(#812,#813,#814,#815));
#6931=EDGE_LOOP('',(#816,#817,#818,#819));
#6932=EDGE_LOOP('',(#820,#821,#822,#823));
#6933=EDGE_LOOP('',(#824,#825,#826,#827));
#6934=EDGE_LOOP('',(#828,#829,#830,#831));
#6935=EDGE_LOOP('',(#832,#833,#834,#835));
#6936=EDGE_LOOP('',(#836,#837,#838,#839));
#6937=EDGE_LOOP('',(#840,#841,#842,#843));
#6938=EDGE_LOOP('',(#844,#845,#846,#847));
#6939=EDGE_LOOP('',(#848,#849,#850,#851));
#6940=EDGE_LOOP('',(#852,#853,#854,#855));
#6941=EDGE_LOOP('',(#856,#857,#858,#859));
#6942=EDGE_LOOP('',(#860,#861,#862,#863));
#6943=EDGE_LOOP('',(#864,#865,#866,#867));
#6944=EDGE_LOOP('',(#868,#869,#870,#871));
#6945=EDGE_LOOP('',(#872,#873,#874,#875));
#6946=EDGE_LOOP('',(#876,#877,#878,#879));
#6947=EDGE_LOOP('',(#880,#881,#882,#883));
#6948=EDGE_LOOP('',(#884,#885,#886,#887));
#6949=EDGE_LOOP('',(#888,#889,#890,#891));
#6950=EDGE_LOOP('',(#892,#893,#894,#895));
#6951=EDGE_LOOP('',(#896,#897,#898,#899));
#6952=EDGE_LOOP('',(#900,#901,#902,#903));
#6953=EDGE_LOOP('',(#904,#905,#906,#907));
#6954=EDGE_LOOP('',(#908,#909,#910,#911));
#6955=EDGE_LOOP('',(#912,#913,#914,#915));
#6956=EDGE_LOOP('',(#916,#917,#918,#919));
#6957=EDGE_LOOP('',(#920,#921,#922,#923));
#6958=EDGE_LOOP('',(#924,#925,#926,#927));
#6959=EDGE_LOOP('',(#928,#929,#930,#931));
#6960=EDGE_LOOP('',(#932,#933,#934,#935));
#6961=EDGE_LOOP('',(#936,#937,#938,#939));
#6962=EDGE_LOOP('',(#940,#941,#942,#943));
#6963=EDGE_LOOP('',(#944,#945,#946,#947));
#6964=EDGE_LOOP('',(#948,#949,#950,#951));
#6965=EDGE_LOOP('',(#952,#953,#954,#955));
#6966=EDGE_LOOP('',(#956,#957,#958,#959,#960,#961,#962,#963,#964,#965,#966,
#967,#968,#969,#970,#971));
#6967=EDGE_LOOP('',(#972,#973,#974,#975,#976,#977,#978,#979,#980,#981,#982,
#983,#984,#985,#986,#987));
#6968=EDGE_LOOP('',(#988,#989,#990,#991,#992,#993,#994,#995,#996,#997,#998,
#999,#1000,#1001,#1002,#1003));
#6969=EDGE_LOOP('',(#1004,#1005,#1006,#1007));
#6970=EDGE_LOOP('',(#1008,#1009,#1010,#1011));
#6971=EDGE_LOOP('',(#1012,#1013,#1014,#1015));
#6972=EDGE_LOOP('',(#1016,#1017,#1018,#1019));
#6973=EDGE_LOOP('',(#1020,#1021,#1022,#1023));
#6974=EDGE_LOOP('',(#1024,#1025,#1026,#1027));
#6975=EDGE_LOOP('',(#1028,#1029,#1030,#1031,#1032,#1033,#1034,#1035,#1036,
#1037,#1038,#1039,#1040,#1041,#1042,#1043,#1044,#1045,#1046,#1047,#1048,
#1049,#1050,#1051,#1052,#1053,#1054,#1055,#1056,#1057,#1058,#1059,#1060,
#1061,#1062,#1063,#1064,#1065,#1066,#1067,#1068,#1069,#1070,#1071,#1072,
#1073,#1074,#1075,#1076,#1077,#1078,#1079,#1080,#1081,#1082,#1083,#1084,
#1085,#1086,#1087,#1088,#1089,#1090,#1091,#1092,#1093,#1094,#1095));
#6976=EDGE_LOOP('',(#1096,#1097,#1098,#1099,#1100,#1101,#1102,#1103,#1104,
#1105,#1106,#1107,#1108,#1109,#1110,#1111));
#6977=EDGE_LOOP('',(#1112,#1113,#1114,#1115));
#6978=EDGE_LOOP('',(#1116,#1117,#1118,#1119,#1120,#1121,#1122,#1123));
#6979=EDGE_LOOP('',(#1124,#1125,#1126,#1127));
#6980=EDGE_LOOP('',(#1128,#1129,#1130,#1131,#1132,#1133,#1134,#1135));
#6981=EDGE_LOOP('',(#1136));
#6982=EDGE_LOOP('',(#1137));
#6983=EDGE_LOOP('',(#1138));
#6984=EDGE_LOOP('',(#1139));
#6985=EDGE_LOOP('',(#1140));
#6986=EDGE_LOOP('',(#1141));
#6987=EDGE_LOOP('',(#1142));
#6988=EDGE_LOOP('',(#1143,#1144,#1145,#1146,#1147,#1148,#1149,#1150));
#6989=EDGE_LOOP('',(#1151));
#6990=EDGE_LOOP('',(#1152));
#6991=EDGE_LOOP('',(#1153));
#6992=EDGE_LOOP('',(#1154));
#6993=EDGE_LOOP('',(#1155));
#6994=EDGE_LOOP('',(#1156));
#6995=EDGE_LOOP('',(#1157,#1158,#1159,#1160));
#6996=EDGE_LOOP('',(#1161,#1162,#1163,#1164,#1165,#1166,#1167,#1168));
#6997=EDGE_LOOP('',(#1169,#1170,#1171,#1172));
#6998=EDGE_LOOP('',(#1173,#1174,#1175,#1176,#1177,#1178,#1179,#1180));
#6999=EDGE_LOOP('',(#1181));
#7000=EDGE_LOOP('',(#1182));
#7001=EDGE_LOOP('',(#1183));
#7002=EDGE_LOOP('',(#1184));
#7003=EDGE_LOOP('',(#1185));
#7004=EDGE_LOOP('',(#1186));
#7005=EDGE_LOOP('',(#1187));
#7006=EDGE_LOOP('',(#1188,#1189,#1190,#1191,#1192,#1193,#1194,#1195));
#7007=EDGE_LOOP('',(#1196));
#7008=EDGE_LOOP('',(#1197));
#7009=EDGE_LOOP('',(#1198));
#7010=EDGE_LOOP('',(#1199));
#7011=EDGE_LOOP('',(#1200));
#7012=EDGE_LOOP('',(#1201));
#7013=EDGE_LOOP('',(#1202));
#7014=EDGE_LOOP('',(#1203));
#7015=EDGE_LOOP('',(#1204));
#7016=EDGE_LOOP('',(#1205,#1206,#1207,#1208,#1209,#1210,#1211,#1212));
#7017=EDGE_LOOP('',(#1213,#1214,#1215,#1216,#1217,#1218,#1219,#1220));
#7018=EDGE_LOOP('',(#1221,#1222,#1223,#1224));
#7019=EDGE_LOOP('',(#1225,#1226,#1227,#1228));
#7020=EDGE_LOOP('',(#1229,#1230,#1231,#1232,#1233,#1234,#1235,#1236));
#7021=EDGE_LOOP('',(#1237));
#7022=EDGE_LOOP('',(#1238));
#7023=EDGE_LOOP('',(#1239));
#7024=EDGE_LOOP('',(#1240));
#7025=EDGE_LOOP('',(#1241));
#7026=EDGE_LOOP('',(#1242));
#7027=EDGE_LOOP('',(#1243,#1244,#1245,#1246,#1247,#1248,#1249,#1250));
#7028=EDGE_LOOP('',(#1251));
#7029=EDGE_LOOP('',(#1252));
#7030=EDGE_LOOP('',(#1253));
#7031=EDGE_LOOP('',(#1254,#1255,#1256,#1257,#1258,#1259,#1260,#1261));
#7032=EDGE_LOOP('',(#1262,#1263,#1264,#1265));
#7033=EDGE_LOOP('',(#1266,#1267,#1268,#1269));
#7034=EDGE_LOOP('',(#1270,#1271,#1272,#1273,#1274,#1275,#1276,#1277));
#7035=EDGE_LOOP('',(#1278));
#7036=EDGE_LOOP('',(#1279));
#7037=EDGE_LOOP('',(#1280));
#7038=EDGE_LOOP('',(#1281));
#7039=EDGE_LOOP('',(#1282));
#7040=EDGE_LOOP('',(#1283));
#7041=EDGE_LOOP('',(#1284,#1285,#1286,#1287));
#7042=EDGE_LOOP('',(#1288,#1289,#1290,#1291));
#7043=EDGE_LOOP('',(#1292,#1293,#1294,#1295));
#7044=EDGE_LOOP('',(#1296,#1297,#1298,#1299));
#7045=EDGE_LOOP('',(#1300,#1301,#1302,#1303));
#7046=EDGE_LOOP('',(#1304,#1305,#1306,#1307));
#7047=EDGE_LOOP('',(#1308,#1309,#1310,#1311));
#7048=EDGE_LOOP('',(#1312,#1313,#1314,#1315));
#7049=EDGE_LOOP('',(#1316,#1317,#1318,#1319,#1320,#1321,#1322,#1323));
#7050=EDGE_LOOP('',(#1324,#1325,#1326,#1327));
#7051=EDGE_LOOP('',(#1328,#1329,#1330,#1331));
#7052=EDGE_LOOP('',(#1332,#1333,#1334,#1335));
#7053=EDGE_LOOP('',(#1336,#1337,#1338,#1339));
#7054=EDGE_LOOP('',(#1340,#1341,#1342,#1343,#1344,#1345,#1346,#1347));
#7055=EDGE_LOOP('',(#1348,#1349,#1350,#1351));
#7056=EDGE_LOOP('',(#1352,#1353,#1354,#1355));
#7057=EDGE_LOOP('',(#1356,#1357,#1358,#1359));
#7058=EDGE_LOOP('',(#1360,#1361,#1362,#1363));
#7059=EDGE_LOOP('',(#1364));
#7060=EDGE_LOOP('',(#1365));
#7061=EDGE_LOOP('',(#1366));
#7062=EDGE_LOOP('',(#1367));
#7063=EDGE_LOOP('',(#1368));
#7064=EDGE_LOOP('',(#1369));
#7065=EDGE_LOOP('',(#1370));
#7066=EDGE_LOOP('',(#1371,#1372,#1373,#1374));
#7067=EDGE_LOOP('',(#1375,#1376,#1377,#1378));
#7068=EDGE_LOOP('',(#1379));
#7069=EDGE_LOOP('',(#1380));
#7070=EDGE_LOOP('',(#1381));
#7071=EDGE_LOOP('',(#1382));
#7072=EDGE_LOOP('',(#1383));
#7073=EDGE_LOOP('',(#1384));
#7074=EDGE_LOOP('',(#1385));
#7075=EDGE_LOOP('',(#1386,#1387,#1388,#1389));
#7076=EDGE_LOOP('',(#1390,#1391,#1392,#1393));
#7077=EDGE_LOOP('',(#1394,#1395,#1396,#1397));
#7078=EDGE_LOOP('',(#1398));
#7079=EDGE_LOOP('',(#1399,#1400,#1401,#1402));
#7080=EDGE_LOOP('',(#1403));
#7081=EDGE_LOOP('',(#1404));
#7082=EDGE_LOOP('',(#1405));
#7083=EDGE_LOOP('',(#1406));
#7084=EDGE_LOOP('',(#1407));
#7085=EDGE_LOOP('',(#1408));
#7086=EDGE_LOOP('',(#1409,#1410,#1411,#1412));
#7087=EDGE_LOOP('',(#1413));
#7088=EDGE_LOOP('',(#1414,#1415,#1416,#1417));
#7089=EDGE_LOOP('',(#1418));
#7090=EDGE_LOOP('',(#1419));
#7091=EDGE_LOOP('',(#1420));
#7092=EDGE_LOOP('',(#1421));
#7093=EDGE_LOOP('',(#1422));
#7094=EDGE_LOOP('',(#1423));
#7095=EDGE_LOOP('',(#1424,#1425,#1426,#1427));
#7096=EDGE_LOOP('',(#1428));
#7097=EDGE_LOOP('',(#1429,#1430,#1431,#1432));
#7098=EDGE_LOOP('',(#1433));
#7099=EDGE_LOOP('',(#1434));
#7100=EDGE_LOOP('',(#1435));
#7101=EDGE_LOOP('',(#1436));
#7102=EDGE_LOOP('',(#1437));
#7103=EDGE_LOOP('',(#1438));
#7104=EDGE_LOOP('',(#1439));
#7105=EDGE_LOOP('',(#1440));
#7106=EDGE_LOOP('',(#1441));
#7107=EDGE_LOOP('',(#1442));
#7108=EDGE_LOOP('',(#1443));
#7109=EDGE_LOOP('',(#1444));
#7110=EDGE_LOOP('',(#1445));
#7111=EDGE_LOOP('',(#1446));
#7112=EDGE_LOOP('',(#1447));
#7113=EDGE_LOOP('',(#1448));
#7114=EDGE_LOOP('',(#1449));
#7115=EDGE_LOOP('',(#1450));
#7116=EDGE_LOOP('',(#1451));
#7117=EDGE_LOOP('',(#1452));
#7118=EDGE_LOOP('',(#1453));
#7119=EDGE_LOOP('',(#1454));
#7120=EDGE_LOOP('',(#1455));
#7121=EDGE_LOOP('',(#1456));
#7122=EDGE_LOOP('',(#1457));
#7123=EDGE_LOOP('',(#1458));
#7124=EDGE_LOOP('',(#1459));
#7125=EDGE_LOOP('',(#1460));
#7126=EDGE_LOOP('',(#1461));
#7127=EDGE_LOOP('',(#1462));
#7128=EDGE_LOOP('',(#1463));
#7129=EDGE_LOOP('',(#1464));
#7130=EDGE_LOOP('',(#1465));
#7131=EDGE_LOOP('',(#1466));
#7132=EDGE_LOOP('',(#1467));
#7133=EDGE_LOOP('',(#1468));
#7134=EDGE_LOOP('',(#1469,#1470,#1471,#1472,#1473,#1474));
#7135=EDGE_LOOP('',(#1475,#1476,#1477,#1478,#1479,#1480));
#7136=EDGE_LOOP('',(#1481,#1482,#1483,#1484,#1485,#1486));
#7137=EDGE_LOOP('',(#1487,#1488,#1489,#1490,#1491,#1492));
#7138=EDGE_LOOP('',(#1493,#1494,#1495,#1496,#1497,#1498));
#7139=EDGE_LOOP('',(#1499,#1500,#1501,#1502,#1503,#1504));
#7140=EDGE_LOOP('',(#1505,#1506,#1507,#1508,#1509,#1510));
#7141=EDGE_LOOP('',(#1511,#1512,#1513,#1514,#1515,#1516));
#7142=EDGE_LOOP('',(#1517,#1518,#1519,#1520,#1521,#1522));
#7143=EDGE_LOOP('',(#1523,#1524,#1525,#1526,#1527,#1528));
#7144=EDGE_LOOP('',(#1529,#1530,#1531,#1532,#1533,#1534));
#7145=EDGE_LOOP('',(#1535,#1536,#1537,#1538,#1539,#1540));
#7146=EDGE_LOOP('',(#1541,#1542,#1543,#1544,#1545,#1546));
#7147=EDGE_LOOP('',(#1547,#1548,#1549,#1550,#1551,#1552));
#7148=EDGE_LOOP('',(#1553,#1554,#1555,#1556,#1557,#1558));
#7149=EDGE_LOOP('',(#1559,#1560,#1561,#1562,#1563,#1564));
#7150=EDGE_LOOP('',(#1565,#1566,#1567,#1568,#1569,#1570));
#7151=EDGE_LOOP('',(#1571,#1572,#1573,#1574,#1575,#1576));
#7152=EDGE_LOOP('',(#1577,#1578,#1579,#1580,#1581,#1582));
#7153=EDGE_LOOP('',(#1583,#1584,#1585,#1586,#1587,#1588));
#7154=EDGE_LOOP('',(#1589,#1590,#1591,#1592,#1593,#1594));
#7155=EDGE_LOOP('',(#1595,#1596,#1597,#1598,#1599,#1600));
#7156=EDGE_LOOP('',(#1601,#1602,#1603,#1604,#1605,#1606));
#7157=EDGE_LOOP('',(#1607,#1608,#1609,#1610,#1611,#1612));
#7158=EDGE_LOOP('',(#1613,#1614,#1615,#1616,#1617,#1618));
#7159=EDGE_LOOP('',(#1619,#1620,#1621,#1622,#1623,#1624));
#7160=EDGE_LOOP('',(#1625,#1626,#1627,#1628,#1629,#1630));
#7161=EDGE_LOOP('',(#1631,#1632,#1633,#1634,#1635,#1636));
#7162=EDGE_LOOP('',(#1637,#1638,#1639,#1640,#1641,#1642));
#7163=EDGE_LOOP('',(#1643,#1644,#1645,#1646,#1647,#1648));
#7164=EDGE_LOOP('',(#1649,#1650,#1651,#1652));
#7165=EDGE_LOOP('',(#1653,#1654,#1655,#1656));
#7166=EDGE_LOOP('',(#1657,#1658,#1659,#1660));
#7167=EDGE_LOOP('',(#1661,#1662,#1663,#1664));
#7168=EDGE_LOOP('',(#1665,#1666,#1667,#1668));
#7169=EDGE_LOOP('',(#1669,#1670,#1671,#1672));
#7170=EDGE_LOOP('',(#1673,#1674,#1675,#1676));
#7171=EDGE_LOOP('',(#1677,#1678,#1679,#1680));
#7172=EDGE_LOOP('',(#1681,#1682,#1683,#1684));
#7173=EDGE_LOOP('',(#1685,#1686,#1687,#1688));
#7174=EDGE_LOOP('',(#1689,#1690,#1691,#1692));
#7175=EDGE_LOOP('',(#1693,#1694,#1695,#1696));
#7176=EDGE_LOOP('',(#1697,#1698,#1699,#1700));
#7177=EDGE_LOOP('',(#1701,#1702,#1703,#1704,#1705,#1706));
#7178=EDGE_LOOP('',(#1707,#1708,#1709,#1710));
#7179=EDGE_LOOP('',(#1711,#1712,#1713,#1714,#1715,#1716));
#7180=EDGE_LOOP('',(#1717,#1718,#1719,#1720,#1721,#1722));
#7181=EDGE_LOOP('',(#1723,#1724,#1725,#1726));
#7182=EDGE_LOOP('',(#1727,#1728,#1729,#1730,#1731,#1732));
#7183=EDGE_LOOP('',(#1733,#1734,#1735,#1736));
#7184=EDGE_LOOP('',(#1737,#1738,#1739,#1740,#1741,#1742));
#7185=EDGE_LOOP('',(#1743,#1744,#1745,#1746));
#7186=EDGE_LOOP('',(#1747,#1748,#1749,#1750,#1751,#1752));
#7187=EDGE_LOOP('',(#1753,#1754,#1755,#1756));
#7188=EDGE_LOOP('',(#1757,#1758,#1759,#1760,#1761,#1762,#1763,#1764));
#7189=EDGE_LOOP('',(#1765,#1766,#1767,#1768,#1769,#1770,#1771,#1772));
#7190=EDGE_LOOP('',(#1773));
#7191=EDGE_LOOP('',(#1774));
#7192=EDGE_LOOP('',(#1775));
#7193=EDGE_LOOP('',(#1776));
#7194=EDGE_LOOP('',(#1777,#1778,#1779,#1780,#1781,#1782,#1783,#1784,#1785,
#1786,#1787,#1788,#1789,#1790,#1791,#1792));
#7195=EDGE_LOOP('',(#1793,#1794,#1795,#1796,#1797,#1798,#1799,#1800));
#7196=EDGE_LOOP('',(#1801,#1802,#1803,#1804,#1805,#1806));
#7197=EDGE_LOOP('',(#1807,#1808,#1809,#1810,#1811,#1812));
#7198=EDGE_LOOP('',(#1813));
#7199=EDGE_LOOP('',(#1814,#1815,#1816,#1817));
#7200=EDGE_LOOP('',(#1818,#1819,#1820,#1821));
#7201=EDGE_LOOP('',(#1822,#1823,#1824,#1825,#1826,#1827));
#7202=EDGE_LOOP('',(#1828,#1829,#1830,#1831,#1832,#1833));
#7203=EDGE_LOOP('',(#1834));
#7204=EDGE_LOOP('',(#1835,#1836,#1837,#1838));
#7205=EDGE_LOOP('',(#1839,#1840,#1841,#1842));
#7206=EDGE_LOOP('',(#1843,#1844,#1845,#1846,#1847,#1848));
#7207=EDGE_LOOP('',(#1849,#1850,#1851,#1852,#1853,#1854));
#7208=EDGE_LOOP('',(#1855));
#7209=EDGE_LOOP('',(#1856,#1857,#1858,#1859));
#7210=EDGE_LOOP('',(#1860,#1861,#1862,#1863));
#7211=EDGE_LOOP('',(#1864));
#7212=EDGE_LOOP('',(#1865));
#7213=EDGE_LOOP('',(#1866));
#7214=EDGE_LOOP('',(#1867));
#7215=EDGE_LOOP('',(#1868));
#7216=EDGE_LOOP('',(#1869));
#7217=EDGE_LOOP('',(#1870));
#7218=EDGE_LOOP('',(#1871));
#7219=EDGE_LOOP('',(#1872));
#7220=EDGE_LOOP('',(#1873));
#7221=EDGE_LOOP('',(#1874));
#7222=EDGE_LOOP('',(#1875));
#7223=EDGE_LOOP('',(#1876));
#7224=EDGE_LOOP('',(#1877));
#7225=EDGE_LOOP('',(#1878));
#7226=EDGE_LOOP('',(#1879));
#7227=EDGE_LOOP('',(#1880));
#7228=EDGE_LOOP('',(#1881));
#7229=EDGE_LOOP('',(#1882));
#7230=EDGE_LOOP('',(#1883));
#7231=EDGE_LOOP('',(#1884));
#7232=EDGE_LOOP('',(#1885));
#7233=EDGE_LOOP('',(#1886));
#7234=EDGE_LOOP('',(#1887));
#7235=EDGE_LOOP('',(#1888));
#7236=EDGE_LOOP('',(#1889));
#7237=EDGE_LOOP('',(#1890));
#7238=EDGE_LOOP('',(#1891));
#7239=EDGE_LOOP('',(#1892));
#7240=EDGE_LOOP('',(#1893));
#7241=EDGE_LOOP('',(#1894));
#7242=EDGE_LOOP('',(#1895));
#7243=EDGE_LOOP('',(#1896,#1897,#1898,#1899));
#7244=EDGE_LOOP('',(#1900,#1901,#1902,#1903));
#7245=EDGE_LOOP('',(#1904,#1905,#1906,#1907));
#7246=EDGE_LOOP('',(#1908,#1909,#1910,#1911));
#7247=EDGE_LOOP('',(#1912,#1913,#1914,#1915,#1916,#1917));
#7248=EDGE_LOOP('',(#1918,#1919,#1920,#1921));
#7249=EDGE_LOOP('',(#1922,#1923,#1924,#1925));
#7250=EDGE_LOOP('',(#1926,#1927,#1928,#1929));
#7251=EDGE_LOOP('',(#1930,#1931,#1932,#1933));
#7252=EDGE_LOOP('',(#1934,#1935,#1936,#1937));
#7253=EDGE_LOOP('',(#1938,#1939,#1940,#1941));
#7254=EDGE_LOOP('',(#1942,#1943,#1944,#1945));
#7255=EDGE_LOOP('',(#1946,#1947,#1948,#1949));
#7256=EDGE_LOOP('',(#1950,#1951,#1952,#1953,#1954,#1955));
#7257=EDGE_LOOP('',(#1956,#1957,#1958,#1959));
#7258=EDGE_LOOP('',(#1960,#1961,#1962,#1963));
#7259=EDGE_LOOP('',(#1964,#1965,#1966,#1967));
#7260=EDGE_LOOP('',(#1968,#1969,#1970,#1971,#1972,#1973));
#7261=EDGE_LOOP('',(#1974,#1975,#1976,#1977));
#7262=EDGE_LOOP('',(#1978,#1979,#1980,#1981));
#7263=EDGE_LOOP('',(#1982,#1983,#1984,#1985));
#7264=EDGE_LOOP('',(#1986));
#7265=EDGE_LOOP('',(#1987));
#7266=EDGE_LOOP('',(#1988));
#7267=EDGE_LOOP('',(#1989));
#7268=EDGE_LOOP('',(#1990));
#7269=EDGE_LOOP('',(#1991));
#7270=EDGE_LOOP('',(#1992));
#7271=EDGE_LOOP('',(#1993));
#7272=EDGE_LOOP('',(#1994));
#7273=EDGE_LOOP('',(#1995));
#7274=EDGE_LOOP('',(#1996));
#7275=EDGE_LOOP('',(#1997));
#7276=EDGE_LOOP('',(#1998));
#7277=EDGE_LOOP('',(#1999));
#7278=EDGE_LOOP('',(#2000));
#7279=EDGE_LOOP('',(#2001));
#7280=EDGE_LOOP('',(#2002,#2003,#2004,#2005));
#7281=EDGE_LOOP('',(#2006));
#7282=EDGE_LOOP('',(#2007,#2008,#2009,#2010));
#7283=EDGE_LOOP('',(#2011,#2012,#2013,#2014));
#7284=EDGE_LOOP('',(#2015,#2016,#2017,#2018,#2019,#2020,#2021,#2022));
#7285=EDGE_LOOP('',(#2023,#2024,#2025,#2026,#2027,#2028,#2029,#2030));
#7286=EDGE_LOOP('',(#2031,#2032,#2033,#2034,#2035,#2036,#2037,#2038));
#7287=EDGE_LOOP('',(#2039));
#7288=EDGE_LOOP('',(#2040));
#7289=EDGE_LOOP('',(#2041));
#7290=EDGE_LOOP('',(#2042));
#7291=EDGE_LOOP('',(#2043,#2044,#2045,#2046));
#7292=EDGE_LOOP('',(#2047));
#7293=EDGE_LOOP('',(#2048));
#7294=EDGE_LOOP('',(#2049));
#7295=EDGE_LOOP('',(#2050));
#7296=EDGE_LOOP('',(#2051));
#7297=EDGE_LOOP('',(#2052));
#7298=EDGE_LOOP('',(#2053));
#7299=EDGE_LOOP('',(#2054));
#7300=EDGE_LOOP('',(#2055));
#7301=EDGE_LOOP('',(#2056));
#7302=EDGE_LOOP('',(#2057));
#7303=EDGE_LOOP('',(#2058));
#7304=EDGE_LOOP('',(#2059));
#7305=EDGE_LOOP('',(#2060));
#7306=EDGE_LOOP('',(#2061));
#7307=EDGE_LOOP('',(#2062));
#7308=EDGE_LOOP('',(#2063));
#7309=EDGE_LOOP('',(#2064,#2065,#2066,#2067));
#7310=EDGE_LOOP('',(#2068,#2069,#2070,#2071,#2072,#2073,#2074,#2075));
#7311=EDGE_LOOP('',(#2076,#2077,#2078,#2079,#2080,#2081,#2082,#2083));
#7312=EDGE_LOOP('',(#2084,#2085,#2086,#2087,#2088,#2089,#2090,#2091));
#7313=EDGE_LOOP('',(#2092,#2093,#2094,#2095,#2096,#2097,#2098,#2099,#2100,
#2101,#2102,#2103,#2104,#2105,#2106,#2107));
#7314=EDGE_LOOP('',(#2108));
#7315=EDGE_LOOP('',(#2109));
#7316=EDGE_LOOP('',(#2110));
#7317=EDGE_LOOP('',(#2111));
#7318=EDGE_LOOP('',(#2112));
#7319=EDGE_LOOP('',(#2113,#2114,#2115,#2116));
#7320=EDGE_LOOP('',(#2117,#2118,#2119,#2120));
#7321=EDGE_LOOP('',(#2121,#2122,#2123,#2124,#2125,#2126));
#7322=EDGE_LOOP('',(#2127,#2128,#2129,#2130));
#7323=EDGE_LOOP('',(#2131,#2132,#2133,#2134,#2135,#2136));
#7324=EDGE_LOOP('',(#2137,#2138,#2139,#2140));
#7325=EDGE_LOOP('',(#2141,#2142,#2143,#2144,#2145,#2146));
#7326=EDGE_LOOP('',(#2147,#2148,#2149,#2150));
#7327=EDGE_LOOP('',(#2151,#2152,#2153,#2154,#2155,#2156));
#7328=EDGE_LOOP('',(#2157,#2158,#2159,#2160));
#7329=EDGE_LOOP('',(#2161,#2162,#2163,#2164));
#7330=EDGE_LOOP('',(#2165,#2166,#2167,#2168,#2169,#2170,#2171,#2172));
#7331=EDGE_LOOP('',(#2173,#2174,#2175,#2176));
#7332=EDGE_LOOP('',(#2177,#2178,#2179,#2180,#2181,#2182,#2183,#2184));
#7333=EDGE_LOOP('',(#2185,#2186,#2187,#2188,#2189,#2190,#2191,#2192));
#7334=EDGE_LOOP('',(#2193,#2194,#2195,#2196));
#7335=EDGE_LOOP('',(#2197,#2198,#2199,#2200,#2201,#2202,#2203,#2204));
#7336=EDGE_LOOP('',(#2205,#2206,#2207,#2208));
#7337=EDGE_LOOP('',(#2209));
#7338=EDGE_LOOP('',(#2210));
#7339=EDGE_LOOP('',(#2211));
#7340=EDGE_LOOP('',(#2212));
#7341=EDGE_LOOP('',(#2213));
#7342=EDGE_LOOP('',(#2214));
#7343=EDGE_LOOP('',(#2215));
#7344=EDGE_LOOP('',(#2216));
#7345=EDGE_LOOP('',(#2217,#2218,#2219,#2220,#2221,#2222));
#7346=EDGE_LOOP('',(#2223,#2224,#2225,#2226));
#7347=EDGE_LOOP('',(#2227,#2228,#2229,#2230,#2231,#2232,#2233,#2234));
#7348=EDGE_LOOP('',(#2235,#2236,#2237,#2238));
#7349=EDGE_LOOP('',(#2239,#2240,#2241,#2242,#2243,#2244,#2245,#2246));
#7350=EDGE_LOOP('',(#2247,#2248,#2249,#2250));
#7351=EDGE_LOOP('',(#2251,#2252,#2253,#2254,#2255,#2256));
#7352=EDGE_LOOP('',(#2257,#2258,#2259,#2260,#2261,#2262,#2263,#2264,#2265,
#2266,#2267,#2268,#2269,#2270,#2271,#2272));
#7353=EDGE_LOOP('',(#2273,#2274,#2275,#2276,#2277,#2278,#2279,#2280,#2281,
#2282,#2283,#2284,#2285,#2286,#2287,#2288));
#7354=EDGE_LOOP('',(#2289,#2290,#2291,#2292,#2293,#2294,#2295,#2296,#2297,
#2298,#2299,#2300,#2301,#2302,#2303,#2304));
#7355=EDGE_LOOP('',(#2305));
#7356=EDGE_LOOP('',(#2306));
#7357=EDGE_LOOP('',(#2307));
#7358=EDGE_LOOP('',(#2308));
#7359=EDGE_LOOP('',(#2309));
#7360=EDGE_LOOP('',(#2310));
#7361=EDGE_LOOP('',(#2311));
#7362=EDGE_LOOP('',(#2312));
#7363=EDGE_LOOP('',(#2313,#2314,#2315,#2316));
#7364=EDGE_LOOP('',(#2317,#2318,#2319,#2320,#2321,#2322,#2323,#2324));
#7365=EDGE_LOOP('',(#2325,#2326,#2327,#2328));
#7366=EDGE_LOOP('',(#2329,#2330,#2331,#2332));
#7367=EDGE_LOOP('',(#2333,#2334,#2335,#2336,#2337,#2338,#2339,#2340));
#7368=EDGE_LOOP('',(#2341,#2342,#2343,#2344));
#7369=EDGE_LOOP('',(#2345,#2346,#2347,#2348));
#7370=EDGE_LOOP('',(#2349,#2350,#2351,#2352));
#7371=EDGE_LOOP('',(#2353,#2354,#2355,#2356));
#7372=EDGE_LOOP('',(#2357,#2358,#2359,#2360,#2361,#2362,#2363,#2364,#2365,
#2366,#2367,#2368,#2369,#2370,#2371,#2372));
#7373=EDGE_LOOP('',(#2373,#2374,#2375,#2376));
#7374=EDGE_LOOP('',(#2377,#2378,#2379,#2380,#2381,#2382));
#7375=EDGE_LOOP('',(#2383,#2384,#2385,#2386));
#7376=EDGE_LOOP('',(#2387,#2388,#2389,#2390));
#7377=EDGE_LOOP('',(#2391,#2392,#2393,#2394));
#7378=EDGE_LOOP('',(#2395,#2396,#2397,#2398));
#7379=EDGE_LOOP('',(#2399,#2400,#2401,#2402));
#7380=EDGE_LOOP('',(#2403,#2404,#2405,#2406));
#7381=EDGE_LOOP('',(#2407,#2408,#2409,#2410));
#7382=EDGE_LOOP('',(#2411,#2412,#2413,#2414,#2415,#2416));
#7383=EDGE_LOOP('',(#2417,#2418,#2419,#2420));
#7384=EDGE_LOOP('',(#2421,#2422,#2423,#2424));
#7385=EDGE_LOOP('',(#2425,#2426,#2427,#2428,#2429,#2430));
#7386=EDGE_LOOP('',(#2431,#2432,#2433,#2434));
#7387=EDGE_LOOP('',(#2435,#2436,#2437,#2438));
#7388=EDGE_LOOP('',(#2439,#2440,#2441,#2442));
#7389=EDGE_LOOP('',(#2443,#2444,#2445,#2446));
#7390=EDGE_LOOP('',(#2447,#2448,#2449,#2450));
#7391=EDGE_LOOP('',(#2451,#2452,#2453,#2454,#2455,#2456,#2457,#2458));
#7392=EDGE_LOOP('',(#2459,#2460,#2461,#2462));
#7393=EDGE_LOOP('',(#2463));
#7394=EDGE_LOOP('',(#2464));
#7395=EDGE_LOOP('',(#2465));
#7396=EDGE_LOOP('',(#2466));
#7397=EDGE_LOOP('',(#2467,#2468,#2469,#2470,#2471,#2472,#2473,#2474));
#7398=EDGE_LOOP('',(#2475,#2476,#2477,#2478,#2479,#2480,#2481,#2482));
#7399=EDGE_LOOP('',(#2483,#2484,#2485,#2486));
#7400=EDGE_LOOP('',(#2487,#2488,#2489,#2490));
#7401=EDGE_LOOP('',(#2491,#2492,#2493,#2494));
#7402=EDGE_LOOP('',(#2495,#2496,#2497,#2498,#2499,#2500));
#7403=EDGE_LOOP('',(#2501,#2502,#2503,#2504));
#7404=EDGE_LOOP('',(#2505,#2506,#2507,#2508,#2509,#2510));
#7405=EDGE_LOOP('',(#2511,#2512,#2513,#2514));
#7406=EDGE_LOOP('',(#2515,#2516,#2517,#2518,#2519,#2520));
#7407=EDGE_LOOP('',(#2521,#2522,#2523,#2524));
#7408=EDGE_LOOP('',(#2525,#2526,#2527,#2528,#2529,#2530));
#7409=EDGE_LOOP('',(#2531,#2532,#2533,#2534));
#7410=EDGE_LOOP('',(#2535,#2536,#2537,#2538));
#7411=EDGE_LOOP('',(#2539,#2540,#2541,#2542,#2543,#2544));
#7412=EDGE_LOOP('',(#2545,#2546,#2547,#2548));
#7413=EDGE_LOOP('',(#2549,#2550,#2551,#2552,#2553,#2554));
#7414=EDGE_LOOP('',(#2555,#2556,#2557,#2558));
#7415=EDGE_LOOP('',(#2559,#2560,#2561,#2562));
#7416=EDGE_LOOP('',(#2563,#2564,#2565,#2566));
#7417=EDGE_LOOP('',(#2567,#2568,#2569,#2570));
#7418=EDGE_LOOP('',(#2571,#2572,#2573,#2574));
#7419=EDGE_LOOP('',(#2575,#2576,#2577,#2578));
#7420=EDGE_LOOP('',(#2579,#2580,#2581,#2582));
#7421=EDGE_LOOP('',(#2583,#2584,#2585,#2586));
#7422=EDGE_LOOP('',(#2587,#2588,#2589,#2590));
#7423=EDGE_LOOP('',(#2591,#2592,#2593,#2594));
#7424=EDGE_LOOP('',(#2595,#2596,#2597,#2598));
#7425=EDGE_LOOP('',(#2599,#2600,#2601,#2602));
#7426=EDGE_LOOP('',(#2603,#2604,#2605,#2606));
#7427=EDGE_LOOP('',(#2607,#2608,#2609,#2610));
#7428=EDGE_LOOP('',(#2611,#2612,#2613,#2614));
#7429=EDGE_LOOP('',(#2615,#2616,#2617,#2618));
#7430=EDGE_LOOP('',(#2619,#2620,#2621,#2622));
#7431=EDGE_LOOP('',(#2623,#2624,#2625,#2626));
#7432=EDGE_LOOP('',(#2627,#2628,#2629,#2630));
#7433=EDGE_LOOP('',(#2631,#2632,#2633,#2634));
#7434=EDGE_LOOP('',(#2635,#2636,#2637,#2638));
#7435=EDGE_LOOP('',(#2639,#2640,#2641,#2642));
#7436=EDGE_LOOP('',(#2643,#2644,#2645,#2646));
#7437=EDGE_LOOP('',(#2647,#2648,#2649,#2650));
#7438=EDGE_LOOP('',(#2651));
#7439=EDGE_LOOP('',(#2652));
#7440=EDGE_LOOP('',(#2653));
#7441=EDGE_LOOP('',(#2654));
#7442=EDGE_LOOP('',(#2655));
#7443=EDGE_LOOP('',(#2656));
#7444=EDGE_LOOP('',(#2657,#2658,#2659,#2660));
#7445=EDGE_LOOP('',(#2661));
#7446=EDGE_LOOP('',(#2662,#2663,#2664,#2665));
#7447=EDGE_LOOP('',(#2666));
#7448=EDGE_LOOP('',(#2667));
#7449=EDGE_LOOP('',(#2668));
#7450=EDGE_LOOP('',(#2669));
#7451=EDGE_LOOP('',(#2670));
#7452=EDGE_LOOP('',(#2671));
#7453=EDGE_LOOP('',(#2672,#2673,#2674,#2675));
#7454=EDGE_LOOP('',(#2676,#2677,#2678,#2679));
#7455=EDGE_LOOP('',(#2680,#2681,#2682,#2683));
#7456=EDGE_LOOP('',(#2684,#2685,#2686,#2687));
#7457=EDGE_LOOP('',(#2688,#2689,#2690,#2691));
#7458=EDGE_LOOP('',(#2692,#2693,#2694,#2695));
#7459=EDGE_LOOP('',(#2696,#2697,#2698,#2699));
#7460=EDGE_LOOP('',(#2700,#2701,#2702,#2703));
#7461=EDGE_LOOP('',(#2704,#2705,#2706,#2707));
#7462=EDGE_LOOP('',(#2708,#2709,#2710,#2711));
#7463=EDGE_LOOP('',(#2712,#2713,#2714,#2715));
#7464=EDGE_LOOP('',(#2716,#2717,#2718,#2719));
#7465=EDGE_LOOP('',(#2720,#2721,#2722,#2723,#2724,#2725,#2726,#2727));
#7466=EDGE_LOOP('',(#2728,#2729,#2730,#2731));
#7467=EDGE_LOOP('',(#2732,#2733,#2734,#2735));
#7468=EDGE_LOOP('',(#2736,#2737,#2738,#2739));
#7469=EDGE_LOOP('',(#2740,#2741,#2742,#2743));
#7470=EDGE_LOOP('',(#2744,#2745,#2746,#2747,#2748,#2749,#2750,#2751));
#7471=EDGE_LOOP('',(#2752,#2753,#2754,#2755));
#7472=EDGE_LOOP('',(#2756,#2757,#2758,#2759));
#7473=EDGE_LOOP('',(#2760,#2761,#2762,#2763));
#7474=EDGE_LOOP('',(#2764,#2765,#2766,#2767));
#7475=EDGE_LOOP('',(#2768,#2769,#2770,#2771));
#7476=EDGE_LOOP('',(#2772,#2773,#2774,#2775));
#7477=EDGE_LOOP('',(#2776,#2777,#2778,#2779));
#7478=EDGE_LOOP('',(#2780,#2781,#2782,#2783));
#7479=EDGE_LOOP('',(#2784,#2785,#2786,#2787));
#7480=EDGE_LOOP('',(#2788,#2789,#2790,#2791));
#7481=EDGE_LOOP('',(#2792,#2793,#2794,#2795));
#7482=EDGE_LOOP('',(#2796,#2797,#2798,#2799));
#7483=EDGE_LOOP('',(#2800,#2801,#2802,#2803));
#7484=EDGE_LOOP('',(#2804));
#7485=EDGE_LOOP('',(#2805));
#7486=EDGE_LOOP('',(#2806));
#7487=EDGE_LOOP('',(#2807));
#7488=EDGE_LOOP('',(#2808));
#7489=EDGE_LOOP('',(#2809));
#7490=EDGE_LOOP('',(#2810));
#7491=EDGE_LOOP('',(#2811));
#7492=EDGE_LOOP('',(#2812,#2813,#2814,#2815,#2816,#2817));
#7493=EDGE_LOOP('',(#2818,#2819,#2820,#2821));
#7494=EDGE_LOOP('',(#2822,#2823,#2824,#2825));
#7495=EDGE_LOOP('',(#2826,#2827,#2828,#2829));
#7496=EDGE_LOOP('',(#2830,#2831,#2832,#2833));
#7497=EDGE_LOOP('',(#2834,#2835,#2836,#2837,#2838,#2839,#2840,#2841));
#7498=EDGE_LOOP('',(#2842,#2843,#2844,#2845));
#7499=EDGE_LOOP('',(#2846,#2847,#2848,#2849));
#7500=EDGE_LOOP('',(#2850,#2851,#2852,#2853));
#7501=EDGE_LOOP('',(#2854,#2855,#2856,#2857));
#7502=EDGE_LOOP('',(#2858,#2859,#2860,#2861));
#7503=EDGE_LOOP('',(#2862,#2863,#2864,#2865));
#7504=EDGE_LOOP('',(#2866,#2867,#2868,#2869));
#7505=EDGE_LOOP('',(#2870,#2871,#2872,#2873));
#7506=EDGE_LOOP('',(#2874,#2875,#2876,#2877));
#7507=EDGE_LOOP('',(#2878));
#7508=EDGE_LOOP('',(#2879));
#7509=EDGE_LOOP('',(#2880,#2881,#2882,#2883,#2884,#2885));
#7510=EDGE_LOOP('',(#2886));
#7511=EDGE_LOOP('',(#2887));
#7512=EDGE_LOOP('',(#2888));
#7513=EDGE_LOOP('',(#2889));
#7514=EDGE_LOOP('',(#2890));
#7515=EDGE_LOOP('',(#2891));
#7516=EDGE_LOOP('',(#2892,#2893,#2894,#2895));
#7517=EDGE_LOOP('',(#2896,#2897,#2898,#2899));
#7518=EDGE_LOOP('',(#2900,#2901,#2902,#2903));
#7519=EDGE_LOOP('',(#2904,#2905,#2906,#2907));
#7520=EDGE_LOOP('',(#2908,#2909,#2910,#2911,#2912,#2913,#2914,#2915));
#7521=EDGE_LOOP('',(#2916,#2917,#2918,#2919));
#7522=EDGE_LOOP('',(#2920,#2921,#2922,#2923));
#7523=EDGE_LOOP('',(#2924,#2925,#2926,#2927));
#7524=EDGE_LOOP('',(#2928,#2929,#2930,#2931));
#7525=EDGE_LOOP('',(#2932,#2933,#2934,#2935));
#7526=EDGE_LOOP('',(#2936,#2937,#2938,#2939));
#7527=EDGE_LOOP('',(#2940,#2941,#2942,#2943));
#7528=EDGE_LOOP('',(#2944,#2945,#2946,#2947));
#7529=EDGE_LOOP('',(#2948,#2949,#2950,#2951));
#7530=EDGE_LOOP('',(#2952));
#7531=EDGE_LOOP('',(#2953));
#7532=EDGE_LOOP('',(#2954,#2955,#2956,#2957,#2958,#2959));
#7533=EDGE_LOOP('',(#2960));
#7534=EDGE_LOOP('',(#2961));
#7535=EDGE_LOOP('',(#2962));
#7536=EDGE_LOOP('',(#2963));
#7537=EDGE_LOOP('',(#2964));
#7538=EDGE_LOOP('',(#2965));
#7539=EDGE_LOOP('',(#2966,#2967,#2968,#2969));
#7540=EDGE_LOOP('',(#2970,#2971,#2972,#2973));
#7541=EDGE_LOOP('',(#2974,#2975,#2976,#2977));
#7542=EDGE_LOOP('',(#2978,#2979,#2980,#2981));
#7543=EDGE_LOOP('',(#2982,#2983,#2984,#2985,#2986,#2987,#2988,#2989));
#7544=EDGE_LOOP('',(#2990,#2991,#2992,#2993));
#7545=EDGE_LOOP('',(#2994,#2995,#2996,#2997));
#7546=EDGE_LOOP('',(#2998,#2999,#3000,#3001));
#7547=EDGE_LOOP('',(#3002,#3003,#3004,#3005));
#7548=EDGE_LOOP('',(#3006,#3007,#3008,#3009));
#7549=EDGE_LOOP('',(#3010,#3011,#3012,#3013));
#7550=EDGE_LOOP('',(#3014,#3015,#3016,#3017));
#7551=EDGE_LOOP('',(#3018,#3019,#3020,#3021));
#7552=EDGE_LOOP('',(#3022,#3023,#3024,#3025));
#7553=EDGE_LOOP('',(#3026));
#7554=EDGE_LOOP('',(#3027));
#7555=EDGE_LOOP('',(#3028));
#7556=EDGE_LOOP('',(#3029));
#7557=EDGE_LOOP('',(#3030));
#7558=EDGE_LOOP('',(#3031));
#7559=EDGE_LOOP('',(#3032));
#7560=EDGE_LOOP('',(#3033));
#7561=EDGE_LOOP('',(#3034,#3035,#3036,#3037,#3038,#3039));
#7562=EDGE_LOOP('',(#3040,#3041,#3042,#3043));
#7563=EDGE_LOOP('',(#3044,#3045,#3046,#3047));
#7564=EDGE_LOOP('',(#3048,#3049,#3050,#3051));
#7565=EDGE_LOOP('',(#3052,#3053,#3054,#3055));
#7566=EDGE_LOOP('',(#3056,#3057,#3058,#3059,#3060,#3061,#3062,#3063));
#7567=EDGE_LOOP('',(#3064,#3065,#3066,#3067));
#7568=EDGE_LOOP('',(#3068,#3069,#3070,#3071));
#7569=EDGE_LOOP('',(#3072,#3073,#3074,#3075));
#7570=EDGE_LOOP('',(#3076,#3077,#3078,#3079));
#7571=EDGE_LOOP('',(#3080,#3081,#3082,#3083));
#7572=EDGE_LOOP('',(#3084,#3085,#3086,#3087));
#7573=EDGE_LOOP('',(#3088,#3089,#3090,#3091));
#7574=EDGE_LOOP('',(#3092,#3093,#3094,#3095));
#7575=EDGE_LOOP('',(#3096,#3097,#3098,#3099,#3100,#3101));
#7576=EDGE_LOOP('',(#3102,#3103,#3104,#3105));
#7577=EDGE_LOOP('',(#3106,#3107,#3108,#3109));
#7578=EDGE_LOOP('',(#3110,#3111,#3112,#3113));
#7579=EDGE_LOOP('',(#3114,#3115,#3116,#3117));
#7580=EDGE_LOOP('',(#3118,#3119,#3120,#3121));
#7581=EDGE_LOOP('',(#3122,#3123,#3124,#3125));
#7582=EDGE_LOOP('',(#3126,#3127,#3128,#3129,#3130,#3131));
#7583=EDGE_LOOP('',(#3132,#3133,#3134,#3135));
#7584=EDGE_LOOP('',(#3136,#3137,#3138,#3139));
#7585=EDGE_LOOP('',(#3140,#3141,#3142,#3143));
#7586=EDGE_LOOP('',(#3144,#3145,#3146,#3147));
#7587=EDGE_LOOP('',(#3148,#3149,#3150,#3151));
#7588=EDGE_LOOP('',(#3152,#3153,#3154,#3155,#3156,#3157));
#7589=EDGE_LOOP('',(#3158,#3159,#3160,#3161));
#7590=EDGE_LOOP('',(#3162,#3163,#3164,#3165));
#7591=EDGE_LOOP('',(#3166,#3167,#3168,#3169));
#7592=EDGE_LOOP('',(#3170,#3171,#3172,#3173));
#7593=EDGE_LOOP('',(#3174,#3175,#3176,#3177,#3178,#3179));
#7594=EDGE_LOOP('',(#3180,#3181,#3182,#3183));
#7595=EDGE_LOOP('',(#3184,#3185,#3186,#3187));
#7596=EDGE_LOOP('',(#3188,#3189,#3190,#3191));
#7597=EDGE_LOOP('',(#3192,#3193,#3194,#3195));
#7598=EDGE_LOOP('',(#3196,#3197,#3198,#3199));
#7599=EDGE_LOOP('',(#3200,#3201,#3202,#3203));
#7600=EDGE_LOOP('',(#3204,#3205,#3206,#3207,#3208,#3209));
#7601=EDGE_LOOP('',(#3210,#3211,#3212,#3213));
#7602=EDGE_LOOP('',(#3214,#3215,#3216,#3217));
#7603=EDGE_LOOP('',(#3218,#3219,#3220,#3221));
#7604=EDGE_LOOP('',(#3222,#3223,#3224,#3225));
#7605=EDGE_LOOP('',(#3226,#3227,#3228,#3229,#3230,#3231));
#7606=EDGE_LOOP('',(#3232,#3233,#3234,#3235));
#7607=EDGE_LOOP('',(#3236,#3237,#3238,#3239));
#7608=EDGE_LOOP('',(#3240,#3241,#3242,#3243));
#7609=EDGE_LOOP('',(#3244,#3245,#3246,#3247));
#7610=EDGE_LOOP('',(#3248,#3249,#3250,#3251));
#7611=EDGE_LOOP('',(#3252,#3253,#3254,#3255,#3256,#3257));
#7612=EDGE_LOOP('',(#3258,#3259,#3260,#3261));
#7613=EDGE_LOOP('',(#3262,#3263,#3264,#3265));
#7614=EDGE_LOOP('',(#3266,#3267,#3268,#3269));
#7615=EDGE_LOOP('',(#3270,#3271,#3272,#3273));
#7616=EDGE_LOOP('',(#3274,#3275,#3276,#3277));
#7617=EDGE_LOOP('',(#3278,#3279,#3280,#3281));
#7618=EDGE_LOOP('',(#3282,#3283,#3284,#3285,#3286,#3287));
#7619=EDGE_LOOP('',(#3288,#3289,#3290,#3291));
#7620=EDGE_LOOP('',(#3292,#3293,#3294,#3295));
#7621=EDGE_LOOP('',(#3296,#3297,#3298,#3299));
#7622=EDGE_LOOP('',(#3300,#3301,#3302,#3303));
#7623=EDGE_LOOP('',(#3304,#3305,#3306,#3307));
#7624=EDGE_LOOP('',(#3308,#3309,#3310,#3311));
#7625=EDGE_LOOP('',(#3312,#3313,#3314,#3315));
#7626=EDGE_LOOP('',(#3316,#3317,#3318,#3319));
#7627=EDGE_LOOP('',(#3320,#3321,#3322,#3323));
#7628=FACE_BOUND('',#6928,.T.);
#7629=FACE_BOUND('',#6929,.T.);
#7630=FACE_BOUND('',#6930,.T.);
#7631=FACE_BOUND('',#6931,.T.);
#7632=FACE_BOUND('',#6932,.T.);
#7633=FACE_BOUND('',#6933,.T.);
#7634=FACE_BOUND('',#6934,.T.);
#7635=FACE_BOUND('',#6935,.T.);
#7636=FACE_BOUND('',#6936,.T.);
#7637=FACE_BOUND('',#6937,.T.);
#7638=FACE_BOUND('',#6938,.T.);
#7639=FACE_BOUND('',#6939,.T.);
#7640=FACE_BOUND('',#6940,.T.);
#7641=FACE_BOUND('',#6941,.T.);
#7642=FACE_BOUND('',#6942,.T.);
#7643=FACE_BOUND('',#6943,.T.);
#7644=FACE_BOUND('',#6944,.T.);
#7645=FACE_BOUND('',#6945,.T.);
#7646=FACE_BOUND('',#6946,.T.);
#7647=FACE_BOUND('',#6947,.T.);
#7648=FACE_BOUND('',#6948,.T.);
#7649=FACE_BOUND('',#6949,.T.);
#7650=FACE_BOUND('',#6950,.T.);
#7651=FACE_BOUND('',#6951,.T.);
#7652=FACE_BOUND('',#6952,.T.);
#7653=FACE_BOUND('',#6953,.T.);
#7654=FACE_BOUND('',#6954,.T.);
#7655=FACE_BOUND('',#6955,.T.);
#7656=FACE_BOUND('',#6956,.T.);
#7657=FACE_BOUND('',#6957,.T.);
#7658=FACE_BOUND('',#6958,.T.);
#7659=FACE_BOUND('',#6959,.T.);
#7660=FACE_BOUND('',#6960,.T.);
#7661=FACE_BOUND('',#6961,.T.);
#7662=FACE_BOUND('',#6962,.T.);
#7663=FACE_BOUND('',#6963,.T.);
#7664=FACE_BOUND('',#6964,.T.);
#7665=FACE_BOUND('',#6965,.T.);
#7666=FACE_BOUND('',#6966,.T.);
#7667=FACE_BOUND('',#6967,.T.);
#7668=FACE_BOUND('',#6968,.T.);
#7669=FACE_BOUND('',#6969,.T.);
#7670=FACE_BOUND('',#6970,.T.);
#7671=FACE_BOUND('',#6971,.T.);
#7672=FACE_BOUND('',#6972,.T.);
#7673=FACE_BOUND('',#6973,.T.);
#7674=FACE_BOUND('',#6974,.T.);
#7675=FACE_BOUND('',#6975,.T.);
#7676=FACE_BOUND('',#6976,.T.);
#7677=FACE_BOUND('',#6977,.T.);
#7678=FACE_BOUND('',#6978,.T.);
#7679=FACE_BOUND('',#6979,.T.);
#7680=FACE_BOUND('',#6980,.T.);
#7681=FACE_BOUND('',#6981,.T.);
#7682=FACE_BOUND('',#6982,.T.);
#7683=FACE_BOUND('',#6983,.T.);
#7684=FACE_BOUND('',#6984,.T.);
#7685=FACE_BOUND('',#6985,.T.);
#7686=FACE_BOUND('',#6986,.T.);
#7687=FACE_BOUND('',#6987,.T.);
#7688=FACE_BOUND('',#6988,.T.);
#7689=FACE_BOUND('',#6989,.T.);
#7690=FACE_BOUND('',#6990,.T.);
#7691=FACE_BOUND('',#6991,.T.);
#7692=FACE_BOUND('',#6992,.T.);
#7693=FACE_BOUND('',#6993,.T.);
#7694=FACE_BOUND('',#6994,.T.);
#7695=FACE_BOUND('',#6995,.T.);
#7696=FACE_BOUND('',#6996,.T.);
#7697=FACE_BOUND('',#6997,.T.);
#7698=FACE_BOUND('',#6998,.T.);
#7699=FACE_BOUND('',#6999,.T.);
#7700=FACE_BOUND('',#7000,.T.);
#7701=FACE_BOUND('',#7001,.T.);
#7702=FACE_BOUND('',#7002,.T.);
#7703=FACE_BOUND('',#7003,.T.);
#7704=FACE_BOUND('',#7004,.T.);
#7705=FACE_BOUND('',#7005,.T.);
#7706=FACE_BOUND('',#7006,.T.);
#7707=FACE_BOUND('',#7007,.T.);
#7708=FACE_BOUND('',#7008,.T.);
#7709=FACE_BOUND('',#7009,.T.);
#7710=FACE_BOUND('',#7010,.T.);
#7711=FACE_BOUND('',#7011,.T.);
#7712=FACE_BOUND('',#7012,.T.);
#7713=FACE_BOUND('',#7013,.T.);
#7714=FACE_BOUND('',#7014,.T.);
#7715=FACE_BOUND('',#7015,.T.);
#7716=FACE_BOUND('',#7016,.T.);
#7717=FACE_BOUND('',#7017,.T.);
#7718=FACE_BOUND('',#7018,.T.);
#7719=FACE_BOUND('',#7019,.T.);
#7720=FACE_BOUND('',#7020,.T.);
#7721=FACE_BOUND('',#7021,.T.);
#7722=FACE_BOUND('',#7022,.T.);
#7723=FACE_BOUND('',#7023,.T.);
#7724=FACE_BOUND('',#7024,.T.);
#7725=FACE_BOUND('',#7025,.T.);
#7726=FACE_BOUND('',#7026,.T.);
#7727=FACE_BOUND('',#7027,.T.);
#7728=FACE_BOUND('',#7028,.T.);
#7729=FACE_BOUND('',#7029,.T.);
#7730=FACE_BOUND('',#7030,.T.);
#7731=FACE_BOUND('',#7031,.T.);
#7732=FACE_BOUND('',#7032,.T.);
#7733=FACE_BOUND('',#7033,.T.);
#7734=FACE_BOUND('',#7034,.T.);
#7735=FACE_BOUND('',#7035,.T.);
#7736=FACE_BOUND('',#7036,.T.);
#7737=FACE_BOUND('',#7037,.T.);
#7738=FACE_BOUND('',#7038,.T.);
#7739=FACE_BOUND('',#7039,.T.);
#7740=FACE_BOUND('',#7040,.T.);
#7741=FACE_BOUND('',#7041,.T.);
#7742=FACE_BOUND('',#7042,.T.);
#7743=FACE_BOUND('',#7043,.T.);
#7744=FACE_BOUND('',#7044,.T.);
#7745=FACE_BOUND('',#7045,.T.);
#7746=FACE_BOUND('',#7046,.T.);
#7747=FACE_BOUND('',#7047,.T.);
#7748=FACE_BOUND('',#7048,.T.);
#7749=FACE_BOUND('',#7049,.T.);
#7750=FACE_BOUND('',#7050,.T.);
#7751=FACE_BOUND('',#7051,.T.);
#7752=FACE_BOUND('',#7052,.T.);
#7753=FACE_BOUND('',#7053,.T.);
#7754=FACE_BOUND('',#7054,.T.);
#7755=FACE_BOUND('',#7055,.T.);
#7756=FACE_BOUND('',#7056,.T.);
#7757=FACE_BOUND('',#7057,.T.);
#7758=FACE_BOUND('',#7058,.T.);
#7759=FACE_BOUND('',#7059,.T.);
#7760=FACE_BOUND('',#7060,.T.);
#7761=FACE_BOUND('',#7061,.T.);
#7762=FACE_BOUND('',#7062,.T.);
#7763=FACE_BOUND('',#7063,.T.);
#7764=FACE_BOUND('',#7064,.T.);
#7765=FACE_BOUND('',#7065,.T.);
#7766=FACE_BOUND('',#7066,.T.);
#7767=FACE_BOUND('',#7067,.T.);
#7768=FACE_BOUND('',#7068,.T.);
#7769=FACE_BOUND('',#7069,.T.);
#7770=FACE_BOUND('',#7070,.T.);
#7771=FACE_BOUND('',#7071,.T.);
#7772=FACE_BOUND('',#7072,.T.);
#7773=FACE_BOUND('',#7073,.T.);
#7774=FACE_BOUND('',#7074,.T.);
#7775=FACE_BOUND('',#7075,.T.);
#7776=FACE_BOUND('',#7076,.T.);
#7777=FACE_BOUND('',#7077,.T.);
#7778=FACE_BOUND('',#7078,.T.);
#7779=FACE_BOUND('',#7079,.T.);
#7780=FACE_BOUND('',#7080,.T.);
#7781=FACE_BOUND('',#7081,.T.);
#7782=FACE_BOUND('',#7082,.T.);
#7783=FACE_BOUND('',#7083,.T.);
#7784=FACE_BOUND('',#7084,.T.);
#7785=FACE_BOUND('',#7085,.T.);
#7786=FACE_BOUND('',#7086,.T.);
#7787=FACE_BOUND('',#7087,.T.);
#7788=FACE_BOUND('',#7088,.T.);
#7789=FACE_BOUND('',#7089,.T.);
#7790=FACE_BOUND('',#7090,.T.);
#7791=FACE_BOUND('',#7091,.T.);
#7792=FACE_BOUND('',#7092,.T.);
#7793=FACE_BOUND('',#7093,.T.);
#7794=FACE_BOUND('',#7094,.T.);
#7795=FACE_BOUND('',#7095,.T.);
#7796=FACE_BOUND('',#7096,.T.);
#7797=FACE_BOUND('',#7097,.T.);
#7798=FACE_BOUND('',#7098,.T.);
#7799=FACE_BOUND('',#7099,.T.);
#7800=FACE_BOUND('',#7100,.T.);
#7801=FACE_BOUND('',#7101,.T.);
#7802=FACE_BOUND('',#7102,.T.);
#7803=FACE_BOUND('',#7103,.T.);
#7804=FACE_BOUND('',#7104,.T.);
#7805=FACE_BOUND('',#7105,.T.);
#7806=FACE_BOUND('',#7106,.T.);
#7807=FACE_BOUND('',#7107,.T.);
#7808=FACE_BOUND('',#7108,.T.);
#7809=FACE_BOUND('',#7109,.T.);
#7810=FACE_BOUND('',#7110,.T.);
#7811=FACE_BOUND('',#7111,.T.);
#7812=FACE_BOUND('',#7112,.T.);
#7813=FACE_BOUND('',#7113,.T.);
#7814=FACE_BOUND('',#7114,.T.);
#7815=FACE_BOUND('',#7115,.T.);
#7816=FACE_BOUND('',#7116,.T.);
#7817=FACE_BOUND('',#7117,.T.);
#7818=FACE_BOUND('',#7118,.T.);
#7819=FACE_BOUND('',#7119,.T.);
#7820=FACE_BOUND('',#7120,.T.);
#7821=FACE_BOUND('',#7121,.T.);
#7822=FACE_BOUND('',#7122,.T.);
#7823=FACE_BOUND('',#7123,.T.);
#7824=FACE_BOUND('',#7124,.T.);
#7825=FACE_BOUND('',#7125,.T.);
#7826=FACE_BOUND('',#7126,.T.);
#7827=FACE_BOUND('',#7127,.T.);
#7828=FACE_BOUND('',#7128,.T.);
#7829=FACE_BOUND('',#7129,.T.);
#7830=FACE_BOUND('',#7130,.T.);
#7831=FACE_BOUND('',#7131,.T.);
#7832=FACE_BOUND('',#7132,.T.);
#7833=FACE_BOUND('',#7133,.T.);
#7834=FACE_BOUND('',#7134,.T.);
#7835=FACE_BOUND('',#7135,.T.);
#7836=FACE_BOUND('',#7136,.T.);
#7837=FACE_BOUND('',#7137,.T.);
#7838=FACE_BOUND('',#7138,.T.);
#7839=FACE_BOUND('',#7139,.T.);
#7840=FACE_BOUND('',#7140,.T.);
#7841=FACE_BOUND('',#7141,.T.);
#7842=FACE_BOUND('',#7142,.T.);
#7843=FACE_BOUND('',#7143,.T.);
#7844=FACE_BOUND('',#7144,.T.);
#7845=FACE_BOUND('',#7145,.T.);
#7846=FACE_BOUND('',#7146,.T.);
#7847=FACE_BOUND('',#7147,.T.);
#7848=FACE_BOUND('',#7148,.T.);
#7849=FACE_BOUND('',#7149,.T.);
#7850=FACE_BOUND('',#7150,.T.);
#7851=FACE_BOUND('',#7151,.T.);
#7852=FACE_BOUND('',#7152,.T.);
#7853=FACE_BOUND('',#7153,.T.);
#7854=FACE_BOUND('',#7154,.T.);
#7855=FACE_BOUND('',#7155,.T.);
#7856=FACE_BOUND('',#7156,.T.);
#7857=FACE_BOUND('',#7157,.T.);
#7858=FACE_BOUND('',#7158,.T.);
#7859=FACE_BOUND('',#7159,.T.);
#7860=FACE_BOUND('',#7160,.T.);
#7861=FACE_BOUND('',#7161,.T.);
#7862=FACE_BOUND('',#7162,.T.);
#7863=FACE_BOUND('',#7163,.T.);
#7864=FACE_BOUND('',#7164,.T.);
#7865=FACE_BOUND('',#7165,.T.);
#7866=FACE_BOUND('',#7166,.T.);
#7867=FACE_BOUND('',#7167,.T.);
#7868=FACE_BOUND('',#7168,.T.);
#7869=FACE_BOUND('',#7169,.T.);
#7870=FACE_BOUND('',#7170,.T.);
#7871=FACE_BOUND('',#7171,.T.);
#7872=FACE_BOUND('',#7172,.T.);
#7873=FACE_BOUND('',#7173,.T.);
#7874=FACE_BOUND('',#7174,.T.);
#7875=FACE_BOUND('',#7175,.T.);
#7876=FACE_BOUND('',#7176,.T.);
#7877=FACE_BOUND('',#7177,.T.);
#7878=FACE_BOUND('',#7178,.T.);
#7879=FACE_BOUND('',#7179,.T.);
#7880=FACE_BOUND('',#7180,.T.);
#7881=FACE_BOUND('',#7181,.T.);
#7882=FACE_BOUND('',#7182,.T.);
#7883=FACE_BOUND('',#7183,.T.);
#7884=FACE_BOUND('',#7184,.T.);
#7885=FACE_BOUND('',#7185,.T.);
#7886=FACE_BOUND('',#7186,.T.);
#7887=FACE_BOUND('',#7187,.T.);
#7888=FACE_BOUND('',#7188,.T.);
#7889=FACE_BOUND('',#7189,.T.);
#7890=FACE_BOUND('',#7190,.T.);
#7891=FACE_BOUND('',#7191,.T.);
#7892=FACE_BOUND('',#7192,.T.);
#7893=FACE_BOUND('',#7193,.T.);
#7894=FACE_BOUND('',#7194,.T.);
#7895=FACE_BOUND('',#7195,.T.);
#7896=FACE_BOUND('',#7196,.T.);
#7897=FACE_BOUND('',#7197,.T.);
#7898=FACE_BOUND('',#7198,.T.);
#7899=FACE_BOUND('',#7199,.T.);
#7900=FACE_BOUND('',#7200,.T.);
#7901=FACE_BOUND('',#7201,.T.);
#7902=FACE_BOUND('',#7202,.T.);
#7903=FACE_BOUND('',#7203,.T.);
#7904=FACE_BOUND('',#7204,.T.);
#7905=FACE_BOUND('',#7205,.T.);
#7906=FACE_BOUND('',#7206,.T.);
#7907=FACE_BOUND('',#7207,.T.);
#7908=FACE_BOUND('',#7208,.T.);
#7909=FACE_BOUND('',#7209,.T.);
#7910=FACE_BOUND('',#7210,.T.);
#7911=FACE_BOUND('',#7211,.T.);
#7912=FACE_BOUND('',#7212,.T.);
#7913=FACE_BOUND('',#7213,.T.);
#7914=FACE_BOUND('',#7214,.T.);
#7915=FACE_BOUND('',#7215,.T.);
#7916=FACE_BOUND('',#7216,.T.);
#7917=FACE_BOUND('',#7217,.T.);
#7918=FACE_BOUND('',#7218,.T.);
#7919=FACE_BOUND('',#7219,.T.);
#7920=FACE_BOUND('',#7220,.T.);
#7921=FACE_BOUND('',#7221,.T.);
#7922=FACE_BOUND('',#7222,.T.);
#7923=FACE_BOUND('',#7223,.T.);
#7924=FACE_BOUND('',#7224,.T.);
#7925=FACE_BOUND('',#7225,.T.);
#7926=FACE_BOUND('',#7226,.T.);
#7927=FACE_BOUND('',#7227,.T.);
#7928=FACE_BOUND('',#7228,.T.);
#7929=FACE_BOUND('',#7229,.T.);
#7930=FACE_BOUND('',#7230,.T.);
#7931=FACE_BOUND('',#7231,.T.);
#7932=FACE_BOUND('',#7232,.T.);
#7933=FACE_BOUND('',#7233,.T.);
#7934=FACE_BOUND('',#7234,.T.);
#7935=FACE_BOUND('',#7235,.T.);
#7936=FACE_BOUND('',#7236,.T.);
#7937=FACE_BOUND('',#7237,.T.);
#7938=FACE_BOUND('',#7238,.T.);
#7939=FACE_BOUND('',#7239,.T.);
#7940=FACE_BOUND('',#7240,.T.);
#7941=FACE_BOUND('',#7241,.T.);
#7942=FACE_BOUND('',#7242,.T.);
#7943=FACE_BOUND('',#7243,.T.);
#7944=FACE_BOUND('',#7244,.T.);
#7945=FACE_BOUND('',#7245,.T.);
#7946=FACE_BOUND('',#7246,.T.);
#7947=FACE_BOUND('',#7247,.T.);
#7948=FACE_BOUND('',#7248,.T.);
#7949=FACE_BOUND('',#7249,.T.);
#7950=FACE_BOUND('',#7250,.T.);
#7951=FACE_BOUND('',#7251,.T.);
#7952=FACE_BOUND('',#7252,.T.);
#7953=FACE_BOUND('',#7253,.T.);
#7954=FACE_BOUND('',#7254,.T.);
#7955=FACE_BOUND('',#7255,.T.);
#7956=FACE_BOUND('',#7256,.T.);
#7957=FACE_BOUND('',#7257,.T.);
#7958=FACE_BOUND('',#7258,.T.);
#7959=FACE_BOUND('',#7259,.T.);
#7960=FACE_BOUND('',#7260,.T.);
#7961=FACE_BOUND('',#7261,.T.);
#7962=FACE_BOUND('',#7262,.T.);
#7963=FACE_BOUND('',#7263,.T.);
#7964=FACE_BOUND('',#7264,.T.);
#7965=FACE_BOUND('',#7265,.T.);
#7966=FACE_BOUND('',#7266,.T.);
#7967=FACE_BOUND('',#7267,.T.);
#7968=FACE_BOUND('',#7268,.T.);
#7969=FACE_BOUND('',#7269,.T.);
#7970=FACE_BOUND('',#7270,.T.);
#7971=FACE_BOUND('',#7271,.T.);
#7972=FACE_BOUND('',#7272,.T.);
#7973=FACE_BOUND('',#7273,.T.);
#7974=FACE_BOUND('',#7274,.T.);
#7975=FACE_BOUND('',#7275,.T.);
#7976=FACE_BOUND('',#7276,.T.);
#7977=FACE_BOUND('',#7277,.T.);
#7978=FACE_BOUND('',#7278,.T.);
#7979=FACE_BOUND('',#7279,.T.);
#7980=FACE_BOUND('',#7280,.T.);
#7981=FACE_BOUND('',#7281,.T.);
#7982=FACE_BOUND('',#7282,.T.);
#7983=FACE_BOUND('',#7283,.T.);
#7984=FACE_BOUND('',#7284,.T.);
#7985=FACE_BOUND('',#7285,.T.);
#7986=FACE_BOUND('',#7286,.T.);
#7987=FACE_BOUND('',#7287,.T.);
#7988=FACE_BOUND('',#7288,.T.);
#7989=FACE_BOUND('',#7289,.T.);
#7990=FACE_BOUND('',#7290,.T.);
#7991=FACE_BOUND('',#7291,.T.);
#7992=FACE_BOUND('',#7292,.T.);
#7993=FACE_BOUND('',#7293,.T.);
#7994=FACE_BOUND('',#7294,.T.);
#7995=FACE_BOUND('',#7295,.T.);
#7996=FACE_BOUND('',#7296,.T.);
#7997=FACE_BOUND('',#7297,.T.);
#7998=FACE_BOUND('',#7298,.T.);
#7999=FACE_BOUND('',#7299,.T.);
#8000=FACE_BOUND('',#7300,.T.);
#8001=FACE_BOUND('',#7301,.T.);
#8002=FACE_BOUND('',#7302,.T.);
#8003=FACE_BOUND('',#7303,.T.);
#8004=FACE_BOUND('',#7304,.T.);
#8005=FACE_BOUND('',#7305,.T.);
#8006=FACE_BOUND('',#7306,.T.);
#8007=FACE_BOUND('',#7307,.T.);
#8008=FACE_BOUND('',#7308,.T.);
#8009=FACE_BOUND('',#7309,.T.);
#8010=FACE_BOUND('',#7310,.T.);
#8011=FACE_BOUND('',#7311,.T.);
#8012=FACE_BOUND('',#7312,.T.);
#8013=FACE_BOUND('',#7313,.T.);
#8014=FACE_BOUND('',#7314,.T.);
#8015=FACE_BOUND('',#7315,.T.);
#8016=FACE_BOUND('',#7316,.T.);
#8017=FACE_BOUND('',#7317,.T.);
#8018=FACE_BOUND('',#7318,.T.);
#8019=FACE_BOUND('',#7319,.T.);
#8020=FACE_BOUND('',#7320,.T.);
#8021=FACE_BOUND('',#7321,.T.);
#8022=FACE_BOUND('',#7322,.T.);
#8023=FACE_BOUND('',#7323,.T.);
#8024=FACE_BOUND('',#7324,.T.);
#8025=FACE_BOUND('',#7325,.T.);
#8026=FACE_BOUND('',#7326,.T.);
#8027=FACE_BOUND('',#7327,.T.);
#8028=FACE_BOUND('',#7328,.T.);
#8029=FACE_BOUND('',#7329,.T.);
#8030=FACE_BOUND('',#7330,.T.);
#8031=FACE_BOUND('',#7331,.T.);
#8032=FACE_BOUND('',#7332,.T.);
#8033=FACE_BOUND('',#7333,.T.);
#8034=FACE_BOUND('',#7334,.T.);
#8035=FACE_BOUND('',#7335,.T.);
#8036=FACE_BOUND('',#7336,.T.);
#8037=FACE_BOUND('',#7337,.T.);
#8038=FACE_BOUND('',#7338,.T.);
#8039=FACE_BOUND('',#7339,.T.);
#8040=FACE_BOUND('',#7340,.T.);
#8041=FACE_BOUND('',#7341,.T.);
#8042=FACE_BOUND('',#7342,.T.);
#8043=FACE_BOUND('',#7343,.T.);
#8044=FACE_BOUND('',#7344,.T.);
#8045=FACE_BOUND('',#7345,.T.);
#8046=FACE_BOUND('',#7346,.T.);
#8047=FACE_BOUND('',#7347,.T.);
#8048=FACE_BOUND('',#7348,.T.);
#8049=FACE_BOUND('',#7349,.T.);
#8050=FACE_BOUND('',#7350,.T.);
#8051=FACE_BOUND('',#7351,.T.);
#8052=FACE_BOUND('',#7352,.T.);
#8053=FACE_BOUND('',#7353,.T.);
#8054=FACE_BOUND('',#7354,.T.);
#8055=FACE_BOUND('',#7355,.T.);
#8056=FACE_BOUND('',#7356,.T.);
#8057=FACE_BOUND('',#7357,.T.);
#8058=FACE_BOUND('',#7358,.T.);
#8059=FACE_BOUND('',#7359,.T.);
#8060=FACE_BOUND('',#7360,.T.);
#8061=FACE_BOUND('',#7361,.T.);
#8062=FACE_BOUND('',#7362,.T.);
#8063=FACE_BOUND('',#7363,.T.);
#8064=FACE_BOUND('',#7364,.T.);
#8065=FACE_BOUND('',#7365,.T.);
#8066=FACE_BOUND('',#7366,.T.);
#8067=FACE_BOUND('',#7367,.T.);
#8068=FACE_BOUND('',#7368,.T.);
#8069=FACE_BOUND('',#7369,.T.);
#8070=FACE_BOUND('',#7370,.T.);
#8071=FACE_BOUND('',#7371,.T.);
#8072=FACE_BOUND('',#7372,.T.);
#8073=FACE_BOUND('',#7373,.T.);
#8074=FACE_BOUND('',#7374,.T.);
#8075=FACE_BOUND('',#7375,.T.);
#8076=FACE_BOUND('',#7376,.T.);
#8077=FACE_BOUND('',#7377,.T.);
#8078=FACE_BOUND('',#7378,.T.);
#8079=FACE_BOUND('',#7379,.T.);
#8080=FACE_BOUND('',#7380,.T.);
#8081=FACE_BOUND('',#7381,.T.);
#8082=FACE_BOUND('',#7382,.T.);
#8083=FACE_BOUND('',#7383,.T.);
#8084=FACE_BOUND('',#7384,.T.);
#8085=FACE_BOUND('',#7385,.T.);
#8086=FACE_BOUND('',#7386,.T.);
#8087=FACE_BOUND('',#7387,.T.);
#8088=FACE_BOUND('',#7388,.T.);
#8089=FACE_BOUND('',#7389,.T.);
#8090=FACE_BOUND('',#7390,.T.);
#8091=FACE_BOUND('',#7391,.T.);
#8092=FACE_BOUND('',#7392,.T.);
#8093=FACE_BOUND('',#7393,.T.);
#8094=FACE_BOUND('',#7394,.T.);
#8095=FACE_BOUND('',#7395,.T.);
#8096=FACE_BOUND('',#7396,.T.);
#8097=FACE_BOUND('',#7397,.T.);
#8098=FACE_BOUND('',#7398,.T.);
#8099=FACE_BOUND('',#7399,.T.);
#8100=FACE_BOUND('',#7400,.T.);
#8101=FACE_BOUND('',#7401,.T.);
#8102=FACE_BOUND('',#7402,.T.);
#8103=FACE_BOUND('',#7403,.T.);
#8104=FACE_BOUND('',#7404,.T.);
#8105=FACE_BOUND('',#7405,.T.);
#8106=FACE_BOUND('',#7406,.T.);
#8107=FACE_BOUND('',#7407,.T.);
#8108=FACE_BOUND('',#7408,.T.);
#8109=FACE_BOUND('',#7409,.T.);
#8110=FACE_BOUND('',#7410,.T.);
#8111=FACE_BOUND('',#7411,.T.);
#8112=FACE_BOUND('',#7412,.T.);
#8113=FACE_BOUND('',#7413,.T.);
#8114=FACE_BOUND('',#7414,.T.);
#8115=FACE_BOUND('',#7415,.T.);
#8116=FACE_BOUND('',#7416,.T.);
#8117=FACE_BOUND('',#7417,.T.);
#8118=FACE_BOUND('',#7418,.T.);
#8119=FACE_BOUND('',#7419,.T.);
#8120=FACE_BOUND('',#7420,.T.);
#8121=FACE_BOUND('',#7421,.T.);
#8122=FACE_BOUND('',#7422,.T.);
#8123=FACE_BOUND('',#7423,.T.);
#8124=FACE_BOUND('',#7424,.T.);
#8125=FACE_BOUND('',#7425,.T.);
#8126=FACE_BOUND('',#7426,.T.);
#8127=FACE_BOUND('',#7427,.T.);
#8128=FACE_BOUND('',#7428,.T.);
#8129=FACE_BOUND('',#7429,.T.);
#8130=FACE_BOUND('',#7430,.T.);
#8131=FACE_BOUND('',#7431,.T.);
#8132=FACE_BOUND('',#7432,.T.);
#8133=FACE_BOUND('',#7433,.T.);
#8134=FACE_BOUND('',#7434,.T.);
#8135=FACE_BOUND('',#7435,.T.);
#8136=FACE_BOUND('',#7436,.T.);
#8137=FACE_BOUND('',#7437,.T.);
#8138=FACE_BOUND('',#7438,.T.);
#8139=FACE_BOUND('',#7439,.T.);
#8140=FACE_BOUND('',#7440,.T.);
#8141=FACE_BOUND('',#7441,.T.);
#8142=FACE_BOUND('',#7442,.T.);
#8143=FACE_BOUND('',#7443,.T.);
#8144=FACE_BOUND('',#7444,.T.);
#8145=FACE_BOUND('',#7445,.T.);
#8146=FACE_BOUND('',#7446,.T.);
#8147=FACE_BOUND('',#7447,.T.);
#8148=FACE_BOUND('',#7448,.T.);
#8149=FACE_BOUND('',#7449,.T.);
#8150=FACE_BOUND('',#7450,.T.);
#8151=FACE_BOUND('',#7451,.T.);
#8152=FACE_BOUND('',#7452,.T.);
#8153=FACE_BOUND('',#7453,.T.);
#8154=FACE_BOUND('',#7454,.T.);
#8155=FACE_BOUND('',#7455,.T.);
#8156=FACE_BOUND('',#7456,.T.);
#8157=FACE_BOUND('',#7457,.T.);
#8158=FACE_BOUND('',#7458,.T.);
#8159=FACE_BOUND('',#7459,.T.);
#8160=FACE_BOUND('',#7460,.T.);
#8161=FACE_BOUND('',#7461,.T.);
#8162=FACE_BOUND('',#7462,.T.);
#8163=FACE_BOUND('',#7463,.T.);
#8164=FACE_BOUND('',#7464,.T.);
#8165=FACE_BOUND('',#7465,.T.);
#8166=FACE_BOUND('',#7466,.T.);
#8167=FACE_BOUND('',#7467,.T.);
#8168=FACE_BOUND('',#7468,.T.);
#8169=FACE_BOUND('',#7469,.T.);
#8170=FACE_BOUND('',#7470,.T.);
#8171=FACE_BOUND('',#7471,.T.);
#8172=FACE_BOUND('',#7472,.T.);
#8173=FACE_BOUND('',#7473,.T.);
#8174=FACE_BOUND('',#7474,.T.);
#8175=FACE_BOUND('',#7475,.T.);
#8176=FACE_BOUND('',#7476,.T.);
#8177=FACE_BOUND('',#7477,.T.);
#8178=FACE_BOUND('',#7478,.T.);
#8179=FACE_BOUND('',#7479,.T.);
#8180=FACE_BOUND('',#7480,.T.);
#8181=FACE_BOUND('',#7481,.T.);
#8182=FACE_BOUND('',#7482,.T.);
#8183=FACE_BOUND('',#7483,.T.);
#8184=FACE_BOUND('',#7484,.T.);
#8185=FACE_BOUND('',#7485,.T.);
#8186=FACE_BOUND('',#7486,.T.);
#8187=FACE_BOUND('',#7487,.T.);
#8188=FACE_BOUND('',#7488,.T.);
#8189=FACE_BOUND('',#7489,.T.);
#8190=FACE_BOUND('',#7490,.T.);
#8191=FACE_BOUND('',#7491,.T.);
#8192=FACE_BOUND('',#7492,.T.);
#8193=FACE_BOUND('',#7493,.T.);
#8194=FACE_BOUND('',#7494,.T.);
#8195=FACE_BOUND('',#7495,.T.);
#8196=FACE_BOUND('',#7496,.T.);
#8197=FACE_BOUND('',#7497,.T.);
#8198=FACE_BOUND('',#7498,.T.);
#8199=FACE_BOUND('',#7499,.T.);
#8200=FACE_BOUND('',#7500,.T.);
#8201=FACE_BOUND('',#7501,.T.);
#8202=FACE_BOUND('',#7502,.T.);
#8203=FACE_BOUND('',#7503,.T.);
#8204=FACE_BOUND('',#7504,.T.);
#8205=FACE_BOUND('',#7505,.T.);
#8206=FACE_BOUND('',#7506,.T.);
#8207=FACE_BOUND('',#7507,.T.);
#8208=FACE_BOUND('',#7508,.T.);
#8209=FACE_BOUND('',#7509,.T.);
#8210=FACE_BOUND('',#7510,.T.);
#8211=FACE_BOUND('',#7511,.T.);
#8212=FACE_BOUND('',#7512,.T.);
#8213=FACE_BOUND('',#7513,.T.);
#8214=FACE_BOUND('',#7514,.T.);
#8215=FACE_BOUND('',#7515,.T.);
#8216=FACE_BOUND('',#7516,.T.);
#8217=FACE_BOUND('',#7517,.T.);
#8218=FACE_BOUND('',#7518,.T.);
#8219=FACE_BOUND('',#7519,.T.);
#8220=FACE_BOUND('',#7520,.T.);
#8221=FACE_BOUND('',#7521,.T.);
#8222=FACE_BOUND('',#7522,.T.);
#8223=FACE_BOUND('',#7523,.T.);
#8224=FACE_BOUND('',#7524,.T.);
#8225=FACE_BOUND('',#7525,.T.);
#8226=FACE_BOUND('',#7526,.T.);
#8227=FACE_BOUND('',#7527,.T.);
#8228=FACE_BOUND('',#7528,.T.);
#8229=FACE_BOUND('',#7529,.T.);
#8230=FACE_BOUND('',#7530,.T.);
#8231=FACE_BOUND('',#7531,.T.);
#8232=FACE_BOUND('',#7532,.T.);
#8233=FACE_BOUND('',#7533,.T.);
#8234=FACE_BOUND('',#7534,.T.);
#8235=FACE_BOUND('',#7535,.T.);
#8236=FACE_BOUND('',#7536,.T.);
#8237=FACE_BOUND('',#7537,.T.);
#8238=FACE_BOUND('',#7538,.T.);
#8239=FACE_BOUND('',#7539,.T.);
#8240=FACE_BOUND('',#7540,.T.);
#8241=FACE_BOUND('',#7541,.T.);
#8242=FACE_BOUND('',#7542,.T.);
#8243=FACE_BOUND('',#7543,.T.);
#8244=FACE_BOUND('',#7544,.T.);
#8245=FACE_BOUND('',#7545,.T.);
#8246=FACE_BOUND('',#7546,.T.);
#8247=FACE_BOUND('',#7547,.T.);
#8248=FACE_BOUND('',#7548,.T.);
#8249=FACE_BOUND('',#7549,.T.);
#8250=FACE_BOUND('',#7550,.T.);
#8251=FACE_BOUND('',#7551,.T.);
#8252=FACE_BOUND('',#7552,.T.);
#8253=FACE_BOUND('',#7553,.T.);
#8254=FACE_BOUND('',#7554,.T.);
#8255=FACE_BOUND('',#7555,.T.);
#8256=FACE_BOUND('',#7556,.T.);
#8257=FACE_BOUND('',#7557,.T.);
#8258=FACE_BOUND('',#7558,.T.);
#8259=FACE_BOUND('',#7559,.T.);
#8260=FACE_BOUND('',#7560,.T.);
#8261=FACE_BOUND('',#7561,.T.);
#8262=FACE_BOUND('',#7562,.T.);
#8263=FACE_BOUND('',#7563,.T.);
#8264=FACE_BOUND('',#7564,.T.);
#8265=FACE_BOUND('',#7565,.T.);
#8266=FACE_BOUND('',#7566,.T.);
#8267=FACE_BOUND('',#7567,.T.);
#8268=FACE_BOUND('',#7568,.T.);
#8269=FACE_BOUND('',#7569,.T.);
#8270=FACE_BOUND('',#7570,.T.);
#8271=FACE_BOUND('',#7571,.T.);
#8272=FACE_BOUND('',#7572,.T.);
#8273=FACE_BOUND('',#7573,.T.);
#8274=FACE_BOUND('',#7574,.T.);
#8275=FACE_BOUND('',#7575,.T.);
#8276=FACE_BOUND('',#7576,.T.);
#8277=FACE_BOUND('',#7577,.T.);
#8278=FACE_BOUND('',#7578,.T.);
#8279=FACE_BOUND('',#7579,.T.);
#8280=FACE_BOUND('',#7580,.T.);
#8281=FACE_BOUND('',#7581,.T.);
#8282=FACE_BOUND('',#7582,.T.);
#8283=FACE_BOUND('',#7583,.T.);
#8284=FACE_BOUND('',#7584,.T.);
#8285=FACE_BOUND('',#7585,.T.);
#8286=FACE_BOUND('',#7586,.T.);
#8287=FACE_BOUND('',#7587,.T.);
#8288=FACE_BOUND('',#7588,.T.);
#8289=FACE_BOUND('',#7589,.T.);
#8290=FACE_BOUND('',#7590,.T.);
#8291=FACE_BOUND('',#7591,.T.);
#8292=FACE_BOUND('',#7592,.T.);
#8293=FACE_BOUND('',#7593,.T.);
#8294=FACE_BOUND('',#7594,.T.);
#8295=FACE_BOUND('',#7595,.T.);
#8296=FACE_BOUND('',#7596,.T.);
#8297=FACE_BOUND('',#7597,.T.);
#8298=FACE_BOUND('',#7598,.T.);
#8299=FACE_BOUND('',#7599,.T.);
#8300=FACE_BOUND('',#7600,.T.);
#8301=FACE_BOUND('',#7601,.T.);
#8302=FACE_BOUND('',#7602,.T.);
#8303=FACE_BOUND('',#7603,.T.);
#8304=FACE_BOUND('',#7604,.T.);
#8305=FACE_BOUND('',#7605,.T.);
#8306=FACE_BOUND('',#7606,.T.);
#8307=FACE_BOUND('',#7607,.T.);
#8308=FACE_BOUND('',#7608,.T.);
#8309=FACE_BOUND('',#7609,.T.);
#8310=FACE_BOUND('',#7610,.T.);
#8311=FACE_BOUND('',#7611,.T.);
#8312=FACE_BOUND('',#7612,.T.);
#8313=FACE_BOUND('',#7613,.T.);
#8314=FACE_BOUND('',#7614,.T.);
#8315=FACE_BOUND('',#7615,.T.);
#8316=FACE_BOUND('',#7616,.T.);
#8317=FACE_BOUND('',#7617,.T.);
#8318=FACE_BOUND('',#7618,.T.);
#8319=FACE_BOUND('',#7619,.T.);
#8320=FACE_BOUND('',#7620,.T.);
#8321=FACE_BOUND('',#7621,.T.);
#8322=FACE_BOUND('',#7622,.T.);
#8323=FACE_BOUND('',#7623,.T.);
#8324=FACE_BOUND('',#7624,.T.);
#8325=FACE_BOUND('',#7625,.T.);
#8326=FACE_BOUND('',#7626,.T.);
#8327=FACE_BOUND('',#7627,.T.);
#8328=PLANE('',#9109);
#8329=PLANE('',#9111);
#8330=PLANE('',#9114);
#8331=PLANE('',#9115);
#8332=PLANE('',#9116);
#8333=PLANE('',#9117);
#8334=PLANE('',#9121);
#8335=PLANE('',#9122);
#8336=PLANE('',#9123);
#8337=PLANE('',#9125);
#8338=PLANE('',#9128);
#8339=PLANE('',#9129);
#8340=PLANE('',#9130);
#8341=PLANE('',#9131);
#8342=PLANE('',#9135);
#8343=PLANE('',#9136);
#8344=PLANE('',#9137);
#8345=PLANE('',#9139);
#8346=PLANE('',#9142);
#8347=PLANE('',#9143);
#8348=PLANE('',#9144);
#8349=PLANE('',#9145);
#8350=PLANE('',#9149);
#8351=PLANE('',#9150);
#8352=PLANE('',#9151);
#8353=PLANE('',#9152);
#8354=PLANE('',#9156);
#8355=PLANE('',#9157);
#8356=PLANE('',#9158);
#8357=PLANE('',#9175);
#8358=PLANE('',#9195);
#8359=PLANE('',#9196);
#8360=PLANE('',#9220);
#8361=PLANE('',#9227);
#8362=PLANE('',#9228);
#8363=PLANE('',#9253);
#8364=PLANE('',#9256);
#8365=PLANE('',#9275);
#8366=PLANE('',#9279);
#8367=PLANE('',#9282);
#8368=PLANE('',#9301);
#8369=PLANE('',#9304);
#8370=PLANE('',#9324);
#8371=PLANE('',#9327);
#8372=PLANE('',#9329);
#8373=PLANE('',#9331);
#8374=PLANE('',#9335);
#8375=PLANE('',#9337);
#8376=PLANE('',#9340);
#8377=PLANE('',#9344);
#8378=PLANE('',#9350);
#8379=PLANE('',#9354);
#8380=PLANE('',#9361);
#8381=PLANE('',#9365);
#8382=PLANE('',#9371);
#8383=PLANE('',#9375);
#8384=PLANE('',#9381);
#8385=PLANE('',#9385);
#8386=PLANE('',#9391);
#8387=PLANE('',#9397);
#8388=PLANE('',#9402);
#8389=PLANE('',#9408);
#8390=PLANE('',#9414);
#8391=PLANE('',#9418);
#8392=PLANE('',#9422);
#8393=PLANE('',#9426);
#8394=PLANE('',#9428);
#8395=PLANE('',#9432);
#8396=PLANE('',#9436);
#8397=PLANE('',#9440);
#8398=PLANE('',#9444);
#8399=PLANE('',#9446);
#8400=PLANE('',#9450);
#8401=PLANE('',#9454);
#8402=PLANE('',#9458);
#8403=PLANE('',#9462);
#8404=PLANE('',#9464);
#8405=PLANE('',#9468);
#8406=PLANE('',#9472);
#8407=PLANE('',#9476);
#8408=PLANE('',#9480);
#8409=PLANE('',#9484);
#8410=PLANE('',#9488);
#8411=PLANE('',#9490);
#8412=PLANE('',#9494);
#8413=PLANE('',#9498);
#8414=PLANE('',#9502);
#8415=PLANE('',#9506);
#8416=PLANE('',#9508);
#8417=PLANE('',#9512);
#8418=PLANE('',#9516);
#8419=PLANE('',#9520);
#8420=PLANE('',#9524);
#8421=PLANE('',#9552);
#8422=PLANE('',#9556);
#8423=PLANE('',#9558);
#8424=PLANE('',#9562);
#8425=PLANE('',#9566);
#8426=PLANE('',#9570);
#8427=PLANE('',#9574);
#8428=PLANE('',#9599);
#8429=PLANE('',#9600);
#8430=PLANE('',#9601);
#8431=PLANE('',#9605);
#8432=PLANE('',#9606);
#8433=PLANE('',#9607);
#8434=PLANE('',#9611);
#8435=PLANE('',#9612);
#8436=PLANE('',#9613);
#8437=PLANE('',#9630);
#8438=PLANE('',#9632);
#8439=PLANE('',#9634);
#8440=PLANE('',#9636);
#8441=PLANE('',#9638);
#8442=PLANE('',#9640);
#8443=PLANE('',#9642);
#8444=PLANE('',#9644);
#8445=PLANE('',#9662);
#8446=PLANE('',#9680);
#8447=PLANE('',#9688);
#8448=PLANE('',#9696);
#8449=PLANE('',#9699);
#8450=PLANE('',#9702);
#8451=PLANE('',#9705);
#8452=PLANE('',#9716);
#8453=PLANE('',#9717);
#8454=PLANE('',#9719);
#8455=PLANE('',#9720);
#8456=PLANE('',#9739);
#8457=PLANE('',#9741);
#8458=PLANE('',#9744);
#8459=PLANE('',#9748);
#8460=PLANE('',#9749);
#8461=PLANE('',#9750);
#8462=PLANE('',#9753);
#8463=PLANE('',#9754);
#8464=PLANE('',#9755);
#8465=PLANE('',#9758);
#8466=PLANE('',#9762);
#8467=PLANE('',#9768);
#8468=PLANE('',#9771);
#8469=PLANE('',#9772);
#8470=PLANE('',#9774);
#8471=PLANE('',#9776);
#8472=PLANE('',#9778);
#8473=PLANE('',#9780);
#8474=PLANE('',#9781);
#8475=PLANE('',#9784);
#8476=PLANE('',#9787);
#8477=PLANE('',#9788);
#8478=PLANE('',#9789);
#8479=PLANE('',#9790);
#8480=PLANE('',#9791);
#8481=PLANE('',#9797);
#8482=PLANE('',#9800);
#8483=PLANE('',#9801);
#8484=PLANE('',#9804);
#8485=PLANE('',#9805);
#8486=PLANE('',#9806);
#8487=PLANE('',#9807);
#8488=PLANE('',#9808);
#8489=PLANE('',#9811);
#8490=PLANE('',#9827);
#8491=PLANE('',#9833);
#8492=PLANE('',#9845);
#8493=PLANE('',#9852);
#8494=PLANE('',#9855);
#8495=PLANE('',#9858);
#8496=PLANE('',#9861);
#8497=PLANE('',#9865);
#8498=PLANE('',#9868);
#8499=PLANE('',#9896);
#8500=PLANE('',#9901);
#8501=PLANE('',#9905);
#8502=PLANE('',#9908);
#8503=PLANE('',#9909);
#8504=PLANE('',#9910);
#8505=PLANE('',#9911);
#8506=PLANE('',#9912);
#8507=PLANE('',#9913);
#8508=PLANE('',#9914);
#8509=PLANE('',#9915);
#8510=PLANE('',#9916);
#8511=PLANE('',#9917);
#8512=PLANE('',#9918);
#8513=PLANE('',#9919);
#8514=PLANE('',#9920);
#8515=PLANE('',#9928);
#8516=PLANE('',#9930);
#8517=PLANE('',#9931);
#8518=PLANE('',#9938);
#8519=PLANE('',#9940);
#8520=PLANE('',#9954);
#8521=PLANE('',#9958);
#8522=PLANE('',#9959);
#8523=PLANE('',#9962);
#8524=PLANE('',#9965);
#8525=PLANE('',#9974);
#8526=PLANE('',#9975);
#8527=PLANE('',#9976);
#8528=PLANE('',#9977);
#8529=PLANE('',#9980);
#8530=PLANE('',#9984);
#8531=PLANE('',#9987);
#8532=PLANE('',#9990);
#8533=PLANE('',#9993);
#8534=PLANE('',#10002);
#8535=PLANE('',#10003);
#8536=PLANE('',#10004);
#8537=PLANE('',#10005);
#8538=PLANE('',#10008);
#8539=PLANE('',#10012);
#8540=PLANE('',#10015);
#8541=PLANE('',#10018);
#8542=PLANE('',#10021);
#8543=PLANE('',#10030);
#8544=PLANE('',#10031);
#8545=PLANE('',#10032);
#8546=PLANE('',#10033);
#8547=PLANE('',#10038);
#8548=PLANE('',#10042);
#8549=PLANE('',#10043);
#8550=PLANE('',#10046);
#8551=PLANE('',#10049);
#8552=PLANE('',#10058);
#8553=PLANE('',#10059);
#8554=PLANE('',#10060);
#8555=PLANE('',#10061);
#8556=PLANE('',#10062);
#8557=PLANE('',#10068);
#8558=PLANE('',#10069);
#8559=PLANE('',#10075);
#8560=PLANE('',#10078);
#8561=PLANE('',#10079);
#8562=PLANE('',#10085);
#8563=PLANE('',#10088);
#8564=PLANE('',#10089);
#8565=PLANE('',#10092);
#8566=PLANE('',#10098);
#8567=PLANE('',#10099);
#8568=PLANE('',#10105);
#8569=PLANE('',#10108);
#8570=PLANE('',#10109);
#8571=PLANE('',#10112);
#8572=PLANE('',#10118);
#8573=PLANE('',#10119);
#8574=PLANE('',#10122);
#8575=PLANE('',#10128);
#8576=PLANE('',#10129);
#8577=PLANE('',#10135);
#8578=PLANE('',#10138);
#8579=PLANE('',#10139);
#8580=PLANE('',#10142);
#8581=PLANE('',#10143);
#8582=PLANE('',#10147);
#8583=PLANE('',#10148);
#8584=ADVANCED_FACE('',(#7628),#8328,.F.);
#8585=ADVANCED_FACE('',(#7629),#8329,.T.);
#8586=ADVANCED_FACE('',(#7630),#20,.T.);
#8587=ADVANCED_FACE('',(#7631),#8330,.T.);
#8588=ADVANCED_FACE('',(#7632),#8331,.T.);
#8589=ADVANCED_FACE('',(#7633),#8332,.T.);
#8590=ADVANCED_FACE('',(#7634),#8333,.T.);
#8591=ADVANCED_FACE('',(#7635),#21,.T.);
#8592=ADVANCED_FACE('',(#7636),#8334,.T.);
#8593=ADVANCED_FACE('',(#7637),#8335,.F.);
#8594=ADVANCED_FACE('',(#7638),#8336,.F.);
#8595=ADVANCED_FACE('',(#7639),#8337,.T.);
#8596=ADVANCED_FACE('',(#7640),#22,.T.);
#8597=ADVANCED_FACE('',(#7641),#8338,.T.);
#8598=ADVANCED_FACE('',(#7642),#8339,.T.);
#8599=ADVANCED_FACE('',(#7643),#8340,.T.);
#8600=ADVANCED_FACE('',(#7644),#8341,.T.);
#8601=ADVANCED_FACE('',(#7645),#23,.T.);
#8602=ADVANCED_FACE('',(#7646),#8342,.T.);
#8603=ADVANCED_FACE('',(#7647),#8343,.F.);
#8604=ADVANCED_FACE('',(#7648),#8344,.F.);
#8605=ADVANCED_FACE('',(#7649),#8345,.T.);
#8606=ADVANCED_FACE('',(#7650),#24,.T.);
#8607=ADVANCED_FACE('',(#7651),#8346,.T.);
#8608=ADVANCED_FACE('',(#7652),#8347,.T.);
#8609=ADVANCED_FACE('',(#7653),#8348,.T.);
#8610=ADVANCED_FACE('',(#7654),#8349,.T.);
#8611=ADVANCED_FACE('',(#7655),#25,.T.);
#8612=ADVANCED_FACE('',(#7656),#8350,.T.);
#8613=ADVANCED_FACE('',(#7657),#8351,.F.);
#8614=ADVANCED_FACE('',(#7658),#8352,.T.);
#8615=ADVANCED_FACE('',(#7659),#8353,.T.);
#8616=ADVANCED_FACE('',(#7660),#26,.T.);
#8617=ADVANCED_FACE('',(#7661),#8354,.T.);
#8618=ADVANCED_FACE('',(#7662),#8355,.F.);
#8619=ADVANCED_FACE('',(#7663,#7664,#7665,#7666,#7667,#7668,#7669,#7670),
#8356,.T.);
#8620=ADVANCED_FACE('',(#7671,#7672,#7673,#7674,#7675,#7676),#8357,.F.);
#8621=ADVANCED_FACE('',(#7677),#27,.F.);
#8622=ADVANCED_FACE('',(#7678),#8358,.T.);
#8623=ADVANCED_FACE('',(#7679,#7680,#7681,#7682,#7683,#7684,#7685,#7686,
#7687,#7688),#8359,.F.);
#8624=ADVANCED_FACE('',(#7689,#7690),#28,.F.);
#8625=ADVANCED_FACE('',(#7691,#7692),#8360,.T.);
#8626=ADVANCED_FACE('',(#7693,#7694),#29,.F.);
#8627=ADVANCED_FACE('',(#7695),#30,.F.);
#8628=ADVANCED_FACE('',(#7696),#8361,.T.);
#8629=ADVANCED_FACE('',(#7697,#7698,#7699,#7700,#7701,#7702,#7703,#7704,
#7705,#7706),#8362,.F.);
#8630=ADVANCED_FACE('',(#7707,#7708),#31,.F.);
#8631=ADVANCED_FACE('',(#7709,#7710),#8363,.T.);
#8632=ADVANCED_FACE('',(#7711,#7712),#32,.F.);
#8633=ADVANCED_FACE('',(#7713,#7714,#7715,#7716,#7717,#7718),#8364,.F.);
#8634=ADVANCED_FACE('',(#7719),#33,.F.);
#8635=ADVANCED_FACE('',(#7720),#8365,.T.);
#8636=ADVANCED_FACE('',(#7721,#7722),#34,.F.);
#8637=ADVANCED_FACE('',(#7723,#7724),#8366,.T.);
#8638=ADVANCED_FACE('',(#7725,#7726),#35,.F.);
#8639=ADVANCED_FACE('',(#7727,#7728,#7729,#7730,#7731,#7732),#8367,.F.);
#8640=ADVANCED_FACE('',(#7733),#36,.F.);
#8641=ADVANCED_FACE('',(#7734),#8368,.T.);
#8642=ADVANCED_FACE('',(#7735,#7736),#37,.F.);
#8643=ADVANCED_FACE('',(#7737,#7738),#8369,.T.);
#8644=ADVANCED_FACE('',(#7739,#7740),#38,.F.);
#8645=ADVANCED_FACE('',(#7741),#39,.F.);
#8646=ADVANCED_FACE('',(#7742),#40,.F.);
#8647=ADVANCED_FACE('',(#7743),#41,.F.);
#8648=ADVANCED_FACE('',(#7744),#42,.F.);
#8649=ADVANCED_FACE('',(#7745),#43,.F.);
#8650=ADVANCED_FACE('',(#7746),#44,.F.);
#8651=ADVANCED_FACE('',(#7747),#45,.F.);
#8652=ADVANCED_FACE('',(#7748),#46,.F.);
#8653=ADVANCED_FACE('',(#7749),#8370,.F.);
#8654=ADVANCED_FACE('',(#7750),#8371,.F.);
#8655=ADVANCED_FACE('',(#7751),#47,.T.);
#8656=ADVANCED_FACE('',(#7752),#8372,.F.);
#8657=ADVANCED_FACE('',(#7753),#48,.T.);
#8658=ADVANCED_FACE('',(#7754),#8373,.T.);
#8659=ADVANCED_FACE('',(#7755),#49,.T.);
#8660=ADVANCED_FACE('',(#7756),#8374,.T.);
#8661=ADVANCED_FACE('',(#7757),#50,.T.);
#8662=ADVANCED_FACE('',(#7758),#8375,.T.);
#8663=ADVANCED_FACE('',(#7759,#7760),#51,.F.);
#8664=ADVANCED_FACE('',(#7761,#7762),#8376,.F.);
#8665=ADVANCED_FACE('',(#7763,#7764),#52,.F.);
#8666=ADVANCED_FACE('',(#7765,#7766),#8377,.F.);
#8667=ADVANCED_FACE('',(#7767),#53,.F.);
#8668=ADVANCED_FACE('',(#7768,#7769),#54,.F.);
#8669=ADVANCED_FACE('',(#7770,#7771),#8378,.F.);
#8670=ADVANCED_FACE('',(#7772,#7773),#55,.F.);
#8671=ADVANCED_FACE('',(#7774,#7775),#8379,.F.);
#8672=ADVANCED_FACE('',(#7776),#56,.F.);
#8673=ADVANCED_FACE('',(#7777),#57,.F.);
#8674=ADVANCED_FACE('',(#7778,#7779),#8380,.F.);
#8675=ADVANCED_FACE('',(#7780,#7781),#58,.F.);
#8676=ADVANCED_FACE('',(#7782,#7783),#8381,.F.);
#8677=ADVANCED_FACE('',(#7784,#7785),#59,.F.);
#8678=ADVANCED_FACE('',(#7786),#60,.F.);
#8679=ADVANCED_FACE('',(#7787,#7788),#8382,.F.);
#8680=ADVANCED_FACE('',(#7789,#7790),#61,.F.);
#8681=ADVANCED_FACE('',(#7791,#7792),#8383,.F.);
#8682=ADVANCED_FACE('',(#7793,#7794),#62,.F.);
#8683=ADVANCED_FACE('',(#7795),#63,.F.);
#8684=ADVANCED_FACE('',(#7796,#7797),#8384,.F.);
#8685=ADVANCED_FACE('',(#7798,#7799),#64,.F.);
#8686=ADVANCED_FACE('',(#7800,#7801),#8385,.F.);
#8687=ADVANCED_FACE('',(#7802,#7803),#65,.F.);
#8688=ADVANCED_FACE('',(#7804,#7805),#66,.F.);
#8689=ADVANCED_FACE('',(#7806,#7807),#8386,.F.);
#8690=ADVANCED_FACE('',(#7808,#7809),#67,.F.);
#8691=ADVANCED_FACE('',(#7810,#7811),#68,.F.);
#8692=ADVANCED_FACE('',(#7812,#7813),#8387,.F.);
#8693=ADVANCED_FACE('',(#7814,#7815),#69,.F.);
#8694=ADVANCED_FACE('',(#7816,#7817),#70,.F.);
#8695=ADVANCED_FACE('',(#7818,#7819),#8388,.F.);
#8696=ADVANCED_FACE('',(#7820,#7821),#71,.F.);
#8697=ADVANCED_FACE('',(#7822,#7823),#72,.F.);
#8698=ADVANCED_FACE('',(#7824,#7825),#8389,.F.);
#8699=ADVANCED_FACE('',(#7826,#7827),#73,.F.);
#8700=ADVANCED_FACE('',(#7828,#7829),#74,.F.);
#8701=ADVANCED_FACE('',(#7830,#7831),#8390,.F.);
#8702=ADVANCED_FACE('',(#7832,#7833),#75,.F.);
#8703=ADVANCED_FACE('',(#7834),#8391,.F.);
#8704=ADVANCED_FACE('',(#7835),#8392,.F.);
#8705=ADVANCED_FACE('',(#7836),#8393,.F.);
#8706=ADVANCED_FACE('',(#7837),#8394,.F.);
#8707=ADVANCED_FACE('',(#7838),#8395,.F.);
#8708=ADVANCED_FACE('',(#7839),#8396,.F.);
#8709=ADVANCED_FACE('',(#7840),#8397,.F.);
#8710=ADVANCED_FACE('',(#7841),#8398,.F.);
#8711=ADVANCED_FACE('',(#7842),#8399,.T.);
#8712=ADVANCED_FACE('',(#7843),#8400,.T.);
#8713=ADVANCED_FACE('',(#7844),#8401,.F.);
#8714=ADVANCED_FACE('',(#7845),#8402,.F.);
#8715=ADVANCED_FACE('',(#7846),#8403,.F.);
#8716=ADVANCED_FACE('',(#7847),#8404,.F.);
#8717=ADVANCED_FACE('',(#7848),#8405,.F.);
#8718=ADVANCED_FACE('',(#7849),#8406,.F.);
#8719=ADVANCED_FACE('',(#7850),#8407,.F.);
#8720=ADVANCED_FACE('',(#7851),#8408,.F.);
#8721=ADVANCED_FACE('',(#7852),#8409,.F.);
#8722=ADVANCED_FACE('',(#7853),#8410,.F.);
#8723=ADVANCED_FACE('',(#7854),#8411,.T.);
#8724=ADVANCED_FACE('',(#7855),#8412,.T.);
#8725=ADVANCED_FACE('',(#7856),#8413,.F.);
#8726=ADVANCED_FACE('',(#7857),#8414,.F.);
#8727=ADVANCED_FACE('',(#7858),#8415,.F.);
#8728=ADVANCED_FACE('',(#7859),#8416,.F.);
#8729=ADVANCED_FACE('',(#7860),#8417,.F.);
#8730=ADVANCED_FACE('',(#7861),#8418,.F.);
#8731=ADVANCED_FACE('',(#7862),#8419,.F.);
#8732=ADVANCED_FACE('',(#7863),#8420,.F.);
#8733=ADVANCED_FACE('',(#7864),#76,.F.);
#8734=ADVANCED_FACE('',(#7865),#77,.F.);
#8735=ADVANCED_FACE('',(#7866),#78,.F.);
#8736=ADVANCED_FACE('',(#7867),#79,.F.);
#8737=ADVANCED_FACE('',(#7868),#80,.F.);
#8738=ADVANCED_FACE('',(#7869),#81,.F.);
#8739=ADVANCED_FACE('',(#7870),#82,.F.);
#8740=ADVANCED_FACE('',(#7871),#83,.F.);
#8741=ADVANCED_FACE('',(#7872),#84,.F.);
#8742=ADVANCED_FACE('',(#7873),#85,.F.);
#8743=ADVANCED_FACE('',(#7874),#86,.F.);
#8744=ADVANCED_FACE('',(#7875),#87,.F.);
#8745=ADVANCED_FACE('',(#7876),#88,.T.);
#8746=ADVANCED_FACE('',(#7877),#8421,.F.);
#8747=ADVANCED_FACE('',(#7878),#89,.T.);
#8748=ADVANCED_FACE('',(#7879),#8422,.F.);
#8749=ADVANCED_FACE('',(#7880),#8423,.F.);
#8750=ADVANCED_FACE('',(#7881),#90,.T.);
#8751=ADVANCED_FACE('',(#7882),#8424,.F.);
#8752=ADVANCED_FACE('',(#7883),#91,.T.);
#8753=ADVANCED_FACE('',(#7884),#8425,.T.);
#8754=ADVANCED_FACE('',(#7885),#92,.T.);
#8755=ADVANCED_FACE('',(#7886),#8426,.T.);
#8756=ADVANCED_FACE('',(#7887),#93,.T.);
#8757=ADVANCED_FACE('',(#7888,#7889,#7890,#7891,#7892,#7893,#7894,#7895),
#8427,.F.);
#8758=ADVANCED_FACE('',(#7896),#8428,.T.);
#8759=ADVANCED_FACE('',(#7897),#8429,.T.);
#8760=ADVANCED_FACE('',(#7898,#7899),#8430,.F.);
#8761=ADVANCED_FACE('',(#7900),#94,.F.);
#8762=ADVANCED_FACE('',(#7901),#8431,.T.);
#8763=ADVANCED_FACE('',(#7902),#8432,.T.);
#8764=ADVANCED_FACE('',(#7903,#7904),#8433,.F.);
#8765=ADVANCED_FACE('',(#7905),#95,.F.);
#8766=ADVANCED_FACE('',(#7906),#8434,.T.);
#8767=ADVANCED_FACE('',(#7907),#8435,.T.);
#8768=ADVANCED_FACE('',(#7908,#7909),#8436,.F.);
#8769=ADVANCED_FACE('',(#7910),#96,.F.);
#8770=ADVANCED_FACE('',(#7911,#7912),#97,.F.);
#8771=ADVANCED_FACE('',(#7913,#7914),#98,.F.);
#8772=ADVANCED_FACE('',(#7915,#7916),#99,.F.);
#8773=ADVANCED_FACE('',(#7917,#7918),#100,.F.);
#8774=ADVANCED_FACE('',(#7919,#7920),#8437,.F.);
#8775=ADVANCED_FACE('',(#7921,#7922),#8438,.F.);
#8776=ADVANCED_FACE('',(#7923,#7924),#8439,.F.);
#8777=ADVANCED_FACE('',(#7925,#7926),#8440,.F.);
#8778=ADVANCED_FACE('',(#7927,#7928),#8441,.F.);
#8779=ADVANCED_FACE('',(#7929,#7930),#8442,.F.);
#8780=ADVANCED_FACE('',(#7931,#7932),#8443,.F.);
#8781=ADVANCED_FACE('',(#7933,#7934),#8444,.F.);
#8782=ADVANCED_FACE('',(#7935,#7936),#101,.F.);
#8783=ADVANCED_FACE('',(#7937,#7938),#102,.F.);
#8784=ADVANCED_FACE('',(#7939,#7940),#103,.F.);
#8785=ADVANCED_FACE('',(#7941,#7942),#104,.F.);
#8786=ADVANCED_FACE('',(#7943),#105,.F.);
#8787=ADVANCED_FACE('',(#7944),#106,.F.);
#8788=ADVANCED_FACE('',(#7945),#107,.T.);
#8789=ADVANCED_FACE('',(#7946),#108,.F.);
#8790=ADVANCED_FACE('',(#7947),#8445,.F.);
#8791=ADVANCED_FACE('',(#7948),#109,.F.);
#8792=ADVANCED_FACE('',(#7949),#110,.T.);
#8793=ADVANCED_FACE('',(#7950),#111,.F.);
#8794=ADVANCED_FACE('',(#7951),#112,.T.);
#8795=ADVANCED_FACE('',(#7952),#113,.F.);
#8796=ADVANCED_FACE('',(#7953),#114,.F.);
#8797=ADVANCED_FACE('',(#7954),#115,.T.);
#8798=ADVANCED_FACE('',(#7955),#116,.F.);
#8799=ADVANCED_FACE('',(#7956),#8446,.F.);
#8800=ADVANCED_FACE('',(#7957),#117,.F.);
#8801=ADVANCED_FACE('',(#7958),#118,.T.);
#8802=ADVANCED_FACE('',(#7959),#119,.F.);
#8803=ADVANCED_FACE('',(#7960),#8447,.F.);
#8804=ADVANCED_FACE('',(#7961),#120,.F.);
#8805=ADVANCED_FACE('',(#7962),#121,.T.);
#8806=ADVANCED_FACE('',(#7963),#122,.F.);
#8807=ADVANCED_FACE('',(#7964,#7965),#8448,.F.);
#8808=ADVANCED_FACE('',(#7966,#7967),#8449,.F.);
#8809=ADVANCED_FACE('',(#7968,#7969),#8450,.F.);
#8810=ADVANCED_FACE('',(#7970,#7971),#8451,.F.);
#8811=ADVANCED_FACE('',(#7972,#7973),#123,.F.);
#8812=ADVANCED_FACE('',(#7974,#7975),#124,.F.);
#8813=ADVANCED_FACE('',(#7976,#7977),#125,.F.);
#8814=ADVANCED_FACE('',(#7978,#7979),#126,.F.);
#8815=ADVANCED_FACE('',(#7980),#8452,.F.);
#8816=ADVANCED_FACE('',(#7981,#7982),#8453,.F.);
#8817=ADVANCED_FACE('',(#7983),#8454,.F.);
#8818=ADVANCED_FACE('',(#7984,#7985,#7986,#7987,#7988,#7989,#7990,#7991),
#8455,.T.);
#8819=ADVANCED_FACE('',(#7992,#7993),#127,.F.);
#8820=ADVANCED_FACE('',(#7994,#7995),#128,.F.);
#8821=ADVANCED_FACE('',(#7996,#7997),#129,.F.);
#8822=ADVANCED_FACE('',(#7998,#7999),#130,.F.);
#8823=ADVANCED_FACE('',(#8000,#8001),#131,.F.);
#8824=ADVANCED_FACE('',(#8002,#8003),#132,.F.);
#8825=ADVANCED_FACE('',(#8004,#8005),#133,.F.);
#8826=ADVANCED_FACE('',(#8006,#8007),#134,.F.);
#8827=ADVANCED_FACE('',(#8008,#8009),#8456,.F.);
#8828=ADVANCED_FACE('',(#8010,#8011,#8012,#8013,#8014,#8015,#8016,#8017),
#8457,.F.);
#8829=ADVANCED_FACE('',(#8018,#8019),#8458,.F.);
#8830=ADVANCED_FACE('',(#8020),#135,.F.);
#8831=ADVANCED_FACE('',(#8021),#8459,.T.);
#8832=ADVANCED_FACE('',(#8022),#8460,.F.);
#8833=ADVANCED_FACE('',(#8023),#8461,.T.);
#8834=ADVANCED_FACE('',(#8024),#136,.F.);
#8835=ADVANCED_FACE('',(#8025),#8462,.T.);
#8836=ADVANCED_FACE('',(#8026),#8463,.F.);
#8837=ADVANCED_FACE('',(#8027),#8464,.T.);
#8838=ADVANCED_FACE('',(#8028),#137,.F.);
#8839=ADVANCED_FACE('',(#8029),#8465,.F.);
#8840=ADVANCED_FACE('',(#8030),#138,.T.);
#8841=ADVANCED_FACE('',(#8031),#8466,.F.);
#8842=ADVANCED_FACE('',(#8032),#139,.T.);
#8843=ADVANCED_FACE('',(#8033),#140,.T.);
#8844=ADVANCED_FACE('',(#8034),#8467,.F.);
#8845=ADVANCED_FACE('',(#8035),#141,.T.);
#8846=ADVANCED_FACE('',(#8036),#8468,.F.);
#8847=ADVANCED_FACE('',(#8037,#8038),#8469,.F.);
#8848=ADVANCED_FACE('',(#8039,#8040),#8470,.F.);
#8849=ADVANCED_FACE('',(#8041,#8042),#8471,.F.);
#8850=ADVANCED_FACE('',(#8043,#8044),#8472,.F.);
#8851=ADVANCED_FACE('',(#8045),#8473,.T.);
#8852=ADVANCED_FACE('',(#8046),#8474,.F.);
#8853=ADVANCED_FACE('',(#8047),#142,.T.);
#8854=ADVANCED_FACE('',(#8048),#8475,.F.);
#8855=ADVANCED_FACE('',(#8049),#143,.T.);
#8856=ADVANCED_FACE('',(#8050),#8476,.F.);
#8857=ADVANCED_FACE('',(#8051),#8477,.T.);
#8858=ADVANCED_FACE('',(#8052),#8478,.T.);
#8859=ADVANCED_FACE('',(#8053),#8479,.T.);
#8860=ADVANCED_FACE('',(#8054),#8480,.T.);
#8861=ADVANCED_FACE('',(#8055,#8056),#144,.F.);
#8862=ADVANCED_FACE('',(#8057,#8058),#145,.F.);
#8863=ADVANCED_FACE('',(#8059,#8060),#146,.F.);
#8864=ADVANCED_FACE('',(#8061,#8062),#147,.F.);
#8865=ADVANCED_FACE('',(#8063),#8481,.F.);
#8866=ADVANCED_FACE('',(#8064),#148,.T.);
#8867=ADVANCED_FACE('',(#8065),#8482,.F.);
#8868=ADVANCED_FACE('',(#8066),#8483,.F.);
#8869=ADVANCED_FACE('',(#8067),#149,.T.);
#8870=ADVANCED_FACE('',(#8068),#8484,.F.);
#8871=ADVANCED_FACE('',(#8069),#8485,.F.);
#8872=ADVANCED_FACE('',(#8070),#8486,.F.);
#8873=ADVANCED_FACE('',(#8071),#8487,.F.);
#8874=ADVANCED_FACE('',(#8072),#8488,.T.);
#8875=ADVANCED_FACE('',(#8073),#150,.F.);
#8876=ADVANCED_FACE('',(#8074),#8489,.F.);
#8877=ADVANCED_FACE('',(#8075),#151,.F.);
#8878=ADVANCED_FACE('',(#8076),#152,.T.);
#8879=ADVANCED_FACE('',(#8077),#153,.T.);
#8880=ADVANCED_FACE('',(#8078),#154,.F.);
#8881=ADVANCED_FACE('',(#8079),#155,.T.);
#8882=ADVANCED_FACE('',(#8080),#156,.T.);
#8883=ADVANCED_FACE('',(#8081),#157,.F.);
#8884=ADVANCED_FACE('',(#8082),#8490,.F.);
#8885=ADVANCED_FACE('',(#8083),#158,.T.);
#8886=ADVANCED_FACE('',(#8084),#159,.F.);
#8887=ADVANCED_FACE('',(#8085),#8491,.F.);
#8888=ADVANCED_FACE('',(#8086),#160,.F.);
#8889=ADVANCED_FACE('',(#8087),#161,.T.);
#8890=ADVANCED_FACE('',(#8088),#162,.F.);
#8891=ADVANCED_FACE('',(#8089),#163,.F.);
#8892=ADVANCED_FACE('',(#8090),#164,.F.);
#8893=ADVANCED_FACE('',(#8091,#8092,#8093,#8094,#8095,#8096,#8097,#8098),
#8492,.T.);
#8894=ADVANCED_FACE('',(#8099),#165,.F.);
#8895=ADVANCED_FACE('',(#8100),#166,.F.);
#8896=ADVANCED_FACE('',(#8101),#167,.F.);
#8897=ADVANCED_FACE('',(#8102),#8493,.T.);
#8898=ADVANCED_FACE('',(#8103),#168,.T.);
#8899=ADVANCED_FACE('',(#8104),#8494,.T.);
#8900=ADVANCED_FACE('',(#8105),#169,.T.);
#8901=ADVANCED_FACE('',(#8106),#8495,.F.);
#8902=ADVANCED_FACE('',(#8107),#170,.T.);
#8903=ADVANCED_FACE('',(#8108),#8496,.F.);
#8904=ADVANCED_FACE('',(#8109),#171,.T.);
#8905=ADVANCED_FACE('',(#8110),#172,.T.);
#8906=ADVANCED_FACE('',(#8111),#8497,.F.);
#8907=ADVANCED_FACE('',(#8112),#173,.T.);
#8908=ADVANCED_FACE('',(#8113),#8498,.F.);
#8909=ADVANCED_FACE('',(#8114),#174,.F.);
#8910=ADVANCED_FACE('',(#8115),#175,.F.);
#8911=ADVANCED_FACE('',(#8116),#176,.F.);
#8912=ADVANCED_FACE('',(#8117),#177,.F.);
#8913=ADVANCED_FACE('',(#8118),#178,.F.);
#8914=ADVANCED_FACE('',(#8119),#179,.F.);
#8915=ADVANCED_FACE('',(#8120),#180,.F.);
#8916=ADVANCED_FACE('',(#8121),#181,.F.);
#8917=ADVANCED_FACE('',(#8122),#182,.F.);
#8918=ADVANCED_FACE('',(#8123),#183,.F.);
#8919=ADVANCED_FACE('',(#8124),#184,.F.);
#8920=ADVANCED_FACE('',(#8125),#185,.F.);
#8921=ADVANCED_FACE('',(#8126),#186,.T.);
#8922=ADVANCED_FACE('',(#8127),#187,.T.);
#8923=ADVANCED_FACE('',(#8128),#188,.T.);
#8924=ADVANCED_FACE('',(#8129),#189,.T.);
#8925=ADVANCED_FACE('',(#8130),#190,.T.);
#8926=ADVANCED_FACE('',(#8131),#191,.T.);
#8927=ADVANCED_FACE('',(#8132),#192,.T.);
#8928=ADVANCED_FACE('',(#8133),#193,.T.);
#8929=ADVANCED_FACE('',(#8134),#194,.T.);
#8930=ADVANCED_FACE('',(#8135),#195,.T.);
#8931=ADVANCED_FACE('',(#8136),#196,.T.);
#8932=ADVANCED_FACE('',(#8137),#197,.T.);
#8933=ADVANCED_FACE('',(#8138,#8139),#198,.F.);
#8934=ADVANCED_FACE('',(#8140,#8141),#8499,.F.);
#8935=ADVANCED_FACE('',(#8142,#8143),#199,.F.);
#8936=ADVANCED_FACE('',(#8144),#200,.F.);
#8937=ADVANCED_FACE('',(#8145,#8146),#8500,.F.);
#8938=ADVANCED_FACE('',(#8147,#8148),#201,.F.);
#8939=ADVANCED_FACE('',(#8149,#8150),#8501,.F.);
#8940=ADVANCED_FACE('',(#8151,#8152),#202,.F.);
#8941=ADVANCED_FACE('',(#8153),#8502,.F.);
#8942=ADVANCED_FACE('',(#8154),#8503,.F.);
#8943=ADVANCED_FACE('',(#8155),#8504,.F.);
#8944=ADVANCED_FACE('',(#8156),#8505,.F.);
#8945=ADVANCED_FACE('',(#8157),#8506,.F.);
#8946=ADVANCED_FACE('',(#8158),#8507,.F.);
#8947=ADVANCED_FACE('',(#8159),#8508,.F.);
#8948=ADVANCED_FACE('',(#8160),#8509,.F.);
#8949=ADVANCED_FACE('',(#8161),#8510,.F.);
#8950=ADVANCED_FACE('',(#8162),#8511,.F.);
#8951=ADVANCED_FACE('',(#8163),#8512,.F.);
#8952=ADVANCED_FACE('',(#8164),#8513,.F.);
#8953=ADVANCED_FACE('',(#8165),#8514,.T.);
#8954=ADVANCED_FACE('',(#8166),#203,.T.);
#8955=ADVANCED_FACE('',(#8167),#8515,.T.);
#8956=ADVANCED_FACE('',(#8168),#204,.T.);
#8957=ADVANCED_FACE('',(#8169),#8516,.T.);
#8958=ADVANCED_FACE('',(#8170),#8517,.F.);
#8959=ADVANCED_FACE('',(#8171),#8518,.F.);
#8960=ADVANCED_FACE('',(#8172),#205,.T.);
#8961=ADVANCED_FACE('',(#8173),#8519,.F.);
#8962=ADVANCED_FACE('',(#8174),#206,.T.);
#8963=ADVANCED_FACE('',(#8175),#207,.F.);
#8964=ADVANCED_FACE('',(#8176),#208,.F.);
#8965=ADVANCED_FACE('',(#8177),#209,.F.);
#8966=ADVANCED_FACE('',(#8178),#210,.F.);
#8967=ADVANCED_FACE('',(#8179),#211,.F.);
#8968=ADVANCED_FACE('',(#8180),#212,.F.);
#8969=ADVANCED_FACE('',(#8181),#213,.F.);
#8970=ADVANCED_FACE('',(#8182),#214,.F.);
#8971=ADVANCED_FACE('',(#8183),#215,.T.);
#8972=ADVANCED_FACE('',(#8184,#8185),#216,.F.);
#8973=ADVANCED_FACE('',(#8186,#8187),#8520,.T.);
#8974=ADVANCED_FACE('',(#8188,#8189),#217,.F.);
#8975=ADVANCED_FACE('',(#8190,#8191,#8192),#8521,.T.);
#8976=ADVANCED_FACE('',(#8193),#8522,.T.);
#8977=ADVANCED_FACE('',(#8194),#218,.T.);
#8978=ADVANCED_FACE('',(#8195),#8523,.T.);
#8979=ADVANCED_FACE('',(#8196),#219,.T.);
#8980=ADVANCED_FACE('',(#8197),#8524,.T.);
#8981=ADVANCED_FACE('',(#8198),#220,.F.);
#8982=ADVANCED_FACE('',(#8199),#221,.F.);
#8983=ADVANCED_FACE('',(#8200),#222,.F.);
#8984=ADVANCED_FACE('',(#8201),#223,.F.);
#8985=ADVANCED_FACE('',(#8202),#8525,.T.);
#8986=ADVANCED_FACE('',(#8203),#8526,.T.);
#8987=ADVANCED_FACE('',(#8204),#8527,.T.);
#8988=ADVANCED_FACE('',(#8205),#8528,.T.);
#8989=ADVANCED_FACE('',(#8206),#224,.T.);
#8990=ADVANCED_FACE('',(#8207,#8208,#8209),#8529,.T.);
#8991=ADVANCED_FACE('',(#8210,#8211),#225,.F.);
#8992=ADVANCED_FACE('',(#8212,#8213),#8530,.T.);
#8993=ADVANCED_FACE('',(#8214,#8215),#226,.F.);
#8994=ADVANCED_FACE('',(#8216),#8531,.T.);
#8995=ADVANCED_FACE('',(#8217),#227,.T.);
#8996=ADVANCED_FACE('',(#8218),#8532,.T.);
#8997=ADVANCED_FACE('',(#8219),#228,.T.);
#8998=ADVANCED_FACE('',(#8220),#8533,.T.);
#8999=ADVANCED_FACE('',(#8221),#229,.F.);
#9000=ADVANCED_FACE('',(#8222),#230,.F.);
#9001=ADVANCED_FACE('',(#8223),#231,.F.);
#9002=ADVANCED_FACE('',(#8224),#232,.F.);
#9003=ADVANCED_FACE('',(#8225),#8534,.T.);
#9004=ADVANCED_FACE('',(#8226),#8535,.T.);
#9005=ADVANCED_FACE('',(#8227),#8536,.T.);
#9006=ADVANCED_FACE('',(#8228),#8537,.T.);
#9007=ADVANCED_FACE('',(#8229),#233,.T.);
#9008=ADVANCED_FACE('',(#8230,#8231,#8232),#8538,.T.);
#9009=ADVANCED_FACE('',(#8233,#8234),#234,.F.);
#9010=ADVANCED_FACE('',(#8235,#8236),#8539,.T.);
#9011=ADVANCED_FACE('',(#8237,#8238),#235,.F.);
#9012=ADVANCED_FACE('',(#8239),#8540,.T.);
#9013=ADVANCED_FACE('',(#8240),#236,.T.);
#9014=ADVANCED_FACE('',(#8241),#8541,.T.);
#9015=ADVANCED_FACE('',(#8242),#237,.T.);
#9016=ADVANCED_FACE('',(#8243),#8542,.T.);
#9017=ADVANCED_FACE('',(#8244),#238,.F.);
#9018=ADVANCED_FACE('',(#8245),#239,.F.);
#9019=ADVANCED_FACE('',(#8246),#240,.F.);
#9020=ADVANCED_FACE('',(#8247),#241,.F.);
#9021=ADVANCED_FACE('',(#8248),#8543,.T.);
#9022=ADVANCED_FACE('',(#8249),#8544,.T.);
#9023=ADVANCED_FACE('',(#8250),#8545,.T.);
#9024=ADVANCED_FACE('',(#8251),#8546,.T.);
#9025=ADVANCED_FACE('',(#8252),#242,.T.);
#9026=ADVANCED_FACE('',(#8253,#8254),#243,.F.);
#9027=ADVANCED_FACE('',(#8255,#8256),#8547,.T.);
#9028=ADVANCED_FACE('',(#8257,#8258),#244,.F.);
#9029=ADVANCED_FACE('',(#8259,#8260,#8261),#8548,.T.);
#9030=ADVANCED_FACE('',(#8262),#8549,.T.);
#9031=ADVANCED_FACE('',(#8263),#245,.T.);
#9032=ADVANCED_FACE('',(#8264),#8550,.T.);
#9033=ADVANCED_FACE('',(#8265),#246,.T.);
#9034=ADVANCED_FACE('',(#8266),#8551,.T.);
#9035=ADVANCED_FACE('',(#8267),#247,.F.);
#9036=ADVANCED_FACE('',(#8268),#248,.F.);
#9037=ADVANCED_FACE('',(#8269),#249,.F.);
#9038=ADVANCED_FACE('',(#8270),#250,.F.);
#9039=ADVANCED_FACE('',(#8271),#8552,.T.);
#9040=ADVANCED_FACE('',(#8272),#8553,.T.);
#9041=ADVANCED_FACE('',(#8273),#8554,.T.);
#9042=ADVANCED_FACE('',(#8274),#8555,.T.);
#9043=ADVANCED_FACE('',(#8275),#8556,.T.);
#9044=ADVANCED_FACE('',(#8276),#251,.T.);
#9045=ADVANCED_FACE('',(#8277),#8557,.T.);
#9046=ADVANCED_FACE('',(#8278),#8558,.F.);
#9047=ADVANCED_FACE('',(#8279),#252,.F.);
#9048=ADVANCED_FACE('',(#8280),#253,.F.);
#9049=ADVANCED_FACE('',(#8281),#254,.T.);
#9050=ADVANCED_FACE('',(#8282),#8559,.T.);
#9051=ADVANCED_FACE('',(#8283),#8560,.T.);
#9052=ADVANCED_FACE('',(#8284),#8561,.F.);
#9053=ADVANCED_FACE('',(#8285),#255,.F.);
#9054=ADVANCED_FACE('',(#8286),#256,.F.);
#9055=ADVANCED_FACE('',(#8287),#257,.T.);
#9056=ADVANCED_FACE('',(#8288),#8562,.T.);
#9057=ADVANCED_FACE('',(#8289),#8563,.T.);
#9058=ADVANCED_FACE('',(#8290),#8564,.F.);
#9059=ADVANCED_FACE('',(#8291),#258,.F.);
#9060=ADVANCED_FACE('',(#8292),#259,.F.);
#9061=ADVANCED_FACE('',(#8293),#8565,.T.);
#9062=ADVANCED_FACE('',(#8294),#260,.T.);
#9063=ADVANCED_FACE('',(#8295),#8566,.T.);
#9064=ADVANCED_FACE('',(#8296),#8567,.F.);
#9065=ADVANCED_FACE('',(#8297),#261,.F.);
#9066=ADVANCED_FACE('',(#8298),#262,.F.);
#9067=ADVANCED_FACE('',(#8299),#263,.T.);
#9068=ADVANCED_FACE('',(#8300),#8568,.T.);
#9069=ADVANCED_FACE('',(#8301),#8569,.T.);
#9070=ADVANCED_FACE('',(#8302),#8570,.F.);
#9071=ADVANCED_FACE('',(#8303),#264,.F.);
#9072=ADVANCED_FACE('',(#8304),#265,.F.);
#9073=ADVANCED_FACE('',(#8305),#8571,.T.);
#9074=ADVANCED_FACE('',(#8306),#266,.T.);
#9075=ADVANCED_FACE('',(#8307),#8572,.T.);
#9076=ADVANCED_FACE('',(#8308),#8573,.F.);
#9077=ADVANCED_FACE('',(#8309),#267,.F.);
#9078=ADVANCED_FACE('',(#8310),#268,.F.);
#9079=ADVANCED_FACE('',(#8311),#8574,.T.);
#9080=ADVANCED_FACE('',(#8312),#269,.T.);
#9081=ADVANCED_FACE('',(#8313),#8575,.T.);
#9082=ADVANCED_FACE('',(#8314),#8576,.F.);
#9083=ADVANCED_FACE('',(#8315),#270,.F.);
#9084=ADVANCED_FACE('',(#8316),#271,.F.);
#9085=ADVANCED_FACE('',(#8317),#272,.T.);
#9086=ADVANCED_FACE('',(#8318),#8577,.T.);
#9087=ADVANCED_FACE('',(#8319),#8578,.T.);
#9088=ADVANCED_FACE('',(#8320),#8579,.F.);
#9089=ADVANCED_FACE('',(#8321),#273,.F.);
#9090=ADVANCED_FACE('',(#8322),#274,.F.);
#9091=ADVANCED_FACE('',(#8323),#8580,.T.);
#9092=ADVANCED_FACE('',(#8324),#8581,.T.);
#9093=ADVANCED_FACE('',(#8325),#275,.T.);
#9094=ADVANCED_FACE('',(#8326),#8582,.T.);
#9095=ADVANCED_FACE('',(#8327),#8583,.F.);
#9096=CLOSED_SHELL('',(#8584,#8585,#8586,#8587,#8588,#8589,#8590,#8591,
#8592,#8593,#8594,#8595,#8596,#8597,#8598,#8599,#8600,#8601,#8602,#8603,
#8604,#8605,#8606,#8607,#8608,#8609,#8610,#8611,#8612,#8613,#8614,#8615,
#8616,#8617,#8618,#8619,#8620,#8621,#8622,#8623,#8624,#8625,#8626,#8627,
#8628,#8629,#8630,#8631,#8632,#8633,#8634,#8635,#8636,#8637,#8638,#8639,
#8640,#8641,#8642,#8643,#8644,#8645,#8646,#8647,#8648,#8649,#8650,#8651,
#8652,#8653,#8654,#8655,#8656,#8657,#8658,#8659,#8660,#8661,#8662,#8663,
#8664,#8665,#8666,#8667,#8668,#8669,#8670,#8671,#8672,#8673,#8674,#8675,
#8676,#8677,#8678,#8679,#8680,#8681,#8682,#8683,#8684,#8685,#8686,#8687,
#8688,#8689,#8690,#8691,#8692,#8693,#8694,#8695,#8696,#8697,#8698,#8699,
#8700,#8701,#8702,#8703,#8704,#8705,#8706,#8707,#8708,#8709,#8710,#8711,
#8712,#8713,#8714,#8715,#8716,#8717,#8718,#8719,#8720,#8721,#8722,#8723,
#8724,#8725,#8726,#8727,#8728,#8729,#8730,#8731,#8732,#8733,#8734,#8735,
#8736,#8737,#8738,#8739,#8740,#8741,#8742,#8743,#8744,#8745,#8746,#8747,
#8748,#8749,#8750,#8751,#8752,#8753,#8754,#8755,#8756,#8757,#8758,#8759,
#8760,#8761,#8762,#8763,#8764,#8765,#8766,#8767,#8768,#8769,#8770,#8771,
#8772,#8773,#8774,#8775,#8776,#8777,#8778,#8779,#8780,#8781,#8782,#8783,
#8784,#8785,#8786,#8787,#8788,#8789,#8790,#8791,#8792,#8793,#8794,#8795,
#8796,#8797,#8798,#8799,#8800,#8801,#8802,#8803,#8804,#8805,#8806,#8807,
#8808,#8809,#8810,#8811,#8812,#8813,#8814,#8815,#8816,#8817,#8818,#8819,
#8820,#8821,#8822,#8823,#8824,#8825,#8826,#8827,#8828,#8829,#8830,#8831,
#8832,#8833,#8834,#8835,#8836,#8837,#8838,#8839,#8840,#8841,#8842,#8843,
#8844,#8845,#8846,#8847,#8848,#8849,#8850,#8851,#8852,#8853,#8854,#8855,
#8856,#8857,#8858,#8859,#8860,#8861,#8862,#8863,#8864,#8865,#8866,#8867,
#8868,#8869,#8870,#8871,#8872,#8873,#8874,#8875,#8876,#8877,#8878,#8879,
#8880,#8881,#8882,#8883,#8884,#8885,#8886,#8887,#8888,#8889,#8890,#8891,
#8892,#8893,#8894,#8895,#8896,#8897,#8898,#8899,#8900,#8901,#8902,#8903,
#8904,#8905,#8906,#8907,#8908,#8909,#8910,#8911,#8912,#8913,#8914,#8915,
#8916,#8917,#8918,#8919,#8920,#8921,#8922,#8923,#8924,#8925,#8926,#8927,
#8928,#8929,#8930,#8931,#8932,#8933,#8934,#8935,#8936,#8937,#8938,#8939,
#8940,#8941,#8942,#8943,#8944,#8945,#8946,#8947,#8948,#8949,#8950,#8951,
#8952,#8953,#8954,#8955,#8956,#8957,#8958,#8959,#8960,#8961,#8962,#8963,
#8964,#8965,#8966,#8967,#8968,#8969,#8970,#8971,#8972,#8973,#8974,#8975,
#8976,#8977,#8978,#8979,#8980,#8981,#8982,#8983,#8984,#8985,#8986,#8987,
#8988,#8989,#8990,#8991,#8992,#8993,#8994,#8995,#8996,#8997,#8998,#8999,
#9000,#9001,#9002,#9003,#9004,#9005,#9006,#9007,#9008,#9009,#9010,#9011,
#9012,#9013,#9014,#9015,#9016,#9017,#9018,#9019,#9020,#9021,#9022,#9023,
#9024,#9025,#9026,#9027,#9028,#9029,#9030,#9031,#9032,#9033,#9034,#9035,
#9036,#9037,#9038,#9039,#9040,#9041,#9042,#9043,#9044,#9045,#9046,#9047,
#9048,#9049,#9050,#9051,#9052,#9053,#9054,#9055,#9056,#9057,#9058,#9059,
#9060,#9061,#9062,#9063,#9064,#9065,#9066,#9067,#9068,#9069,#9070,#9071,
#9072,#9073,#9074,#9075,#9076,#9077,#9078,#9079,#9080,#9081,#9082,#9083,
#9084,#9085,#9086,#9087,#9088,#9089,#9090,#9091,#9092,#9093,#9094,#9095));
#9097=STYLED_ITEM('',(#9098),#9105);
#9098=PRESENTATION_STYLE_ASSIGNMENT((#9099));
#9099=SURFACE_STYLE_USAGE(.BOTH.,#9100);
#9100=SURFACE_SIDE_STYLE('',(#9101));
#9101=SURFACE_STYLE_FILL_AREA(#9102);
#9102=FILL_AREA_STYLE('',(#9103));
#9103=FILL_AREA_STYLE_COLOUR('',#9104);
#9104=COLOUR_RGB('',0.506983280181885,0.531564235687256,0.550000011920929);
#9105=MANIFOLD_SOLID_BREP('',#9096);
#9106=SHAPE_DEFINITION_REPRESENTATION(#15622,#9107);
#9107=SHAPE_REPRESENTATION('ClGray_4540797_AVV',(#9108),#15617);
#9108=AXIS2_PLACEMENT_3D('',#12963,#10149,#10150);
#9109=AXIS2_PLACEMENT_3D('',#12964,#10151,#10152);
#9110=AXIS2_PLACEMENT_3D('',#12972,#10156,#10157);
#9111=AXIS2_PLACEMENT_3D('',#12973,#10158,#10159);
#9112=AXIS2_PLACEMENT_3D('',#12977,#10161,#10162);
#9113=AXIS2_PLACEMENT_3D('',#12982,#10165,#10166);
#9114=AXIS2_PLACEMENT_3D('',#12985,#10169,#10170);
#9115=AXIS2_PLACEMENT_3D('',#12987,#10172,#10173);
#9116=AXIS2_PLACEMENT_3D('',#12989,#10175,#10176);
#9117=AXIS2_PLACEMENT_3D('',#12998,#10181,#10182);
#9118=AXIS2_PLACEMENT_3D('',#13004,#10186,#10187);
#9119=AXIS2_PLACEMENT_3D('',#13005,#10188,#10189);
#9120=AXIS2_PLACEMENT_3D('',#13009,#10191,#10192);
#9121=AXIS2_PLACEMENT_3D('',#13010,#10193,#10194);
#9122=AXIS2_PLACEMENT_3D('',#13012,#10196,#10197);
#9123=AXIS2_PLACEMENT_3D('',#13014,#10199,#10200);
#9124=AXIS2_PLACEMENT_3D('',#13022,#10204,#10205);
#9125=AXIS2_PLACEMENT_3D('',#13023,#10206,#10207);
#9126=AXIS2_PLACEMENT_3D('',#13027,#10209,#10210);
#9127=AXIS2_PLACEMENT_3D('',#13032,#10213,#10214);
#9128=AXIS2_PLACEMENT_3D('',#13035,#10217,#10218);
#9129=AXIS2_PLACEMENT_3D('',#13037,#10220,#10221);
#9130=AXIS2_PLACEMENT_3D('',#13039,#10223,#10224);
#9131=AXIS2_PLACEMENT_3D('',#13048,#10229,#10230);
#9132=AXIS2_PLACEMENT_3D('',#13054,#10234,#10235);
#9133=AXIS2_PLACEMENT_3D('',#13055,#10236,#10237);
#9134=AXIS2_PLACEMENT_3D('',#13059,#10239,#10240);
#9135=AXIS2_PLACEMENT_3D('',#13060,#10241,#10242);
#9136=AXIS2_PLACEMENT_3D('',#13062,#10244,#10245);
#9137=AXIS2_PLACEMENT_3D('',#13064,#10247,#10248);
#9138=AXIS2_PLACEMENT_3D('',#13072,#10252,#10253);
#9139=AXIS2_PLACEMENT_3D('',#13073,#10254,#10255);
#9140=AXIS2_PLACEMENT_3D('',#13077,#10257,#10258);
#9141=AXIS2_PLACEMENT_3D('',#13082,#10261,#10262);
#9142=AXIS2_PLACEMENT_3D('',#13085,#10265,#10266);
#9143=AXIS2_PLACEMENT_3D('',#13087,#10268,#10269);
#9144=AXIS2_PLACEMENT_3D('',#13089,#10271,#10272);
#9145=AXIS2_PLACEMENT_3D('',#13098,#10277,#10278);
#9146=AXIS2_PLACEMENT_3D('',#13104,#10282,#10283);
#9147=AXIS2_PLACEMENT_3D('',#13105,#10284,#10285);
#9148=AXIS2_PLACEMENT_3D('',#13109,#10287,#10288);
#9149=AXIS2_PLACEMENT_3D('',#13110,#10289,#10290);
#9150=AXIS2_PLACEMENT_3D('',#13112,#10292,#10293);
#9151=AXIS2_PLACEMENT_3D('',#13114,#10295,#10296);
#9152=AXIS2_PLACEMENT_3D('',#13123,#10301,#10302);
#9153=AXIS2_PLACEMENT_3D('',#13129,#10306,#10307);
#9154=AXIS2_PLACEMENT_3D('',#13130,#10308,#10309);
#9155=AXIS2_PLACEMENT_3D('',#13134,#10311,#10312);
#9156=AXIS2_PLACEMENT_3D('',#13135,#10313,#10314);
#9157=AXIS2_PLACEMENT_3D('',#13137,#10316,#10317);
#9158=AXIS2_PLACEMENT_3D('',#13139,#10319,#10320);
#9159=AXIS2_PLACEMENT_3D('',#13179,#10340,#10341);
#9160=AXIS2_PLACEMENT_3D('',#13181,#10342,#10343);
#9161=AXIS2_PLACEMENT_3D('',#13185,#10345,#10346);
#9162=AXIS2_PLACEMENT_3D('',#13187,#10347,#10348);
#9163=AXIS2_PLACEMENT_3D('',#13195,#10352,#10353);
#9164=AXIS2_PLACEMENT_3D('',#13197,#10354,#10355);
#9165=AXIS2_PLACEMENT_3D('',#13201,#10357,#10358);
#9166=AXIS2_PLACEMENT_3D('',#13203,#10359,#10360);
#9167=AXIS2_PLACEMENT_3D('',#13204,#10361,#10362);
#9168=AXIS2_PLACEMENT_3D('',#13207,#10363,#10364);
#9169=AXIS2_PLACEMENT_3D('',#13215,#10368,#10369);
#9170=AXIS2_PLACEMENT_3D('',#13217,#10370,#10371);
#9171=AXIS2_PLACEMENT_3D('',#13221,#10373,#10374);
#9172=AXIS2_PLACEMENT_3D('',#13223,#10375,#10376);
#9173=AXIS2_PLACEMENT_3D('',#13231,#10380,#10381);
#9174=AXIS2_PLACEMENT_3D('',#13233,#10382,#10383);
#9175=AXIS2_PLACEMENT_3D('',#13252,#10393,#10394);
#9176=AXIS2_PLACEMENT_3D('',#13253,#10395,#10396);
#9177=AXIS2_PLACEMENT_3D('',#13256,#10397,#10398);
#9178=AXIS2_PLACEMENT_3D('',#13264,#10402,#10403);
#9179=AXIS2_PLACEMENT_3D('',#13266,#10404,#10405);
#9180=AXIS2_PLACEMENT_3D('',#13270,#10407,#10408);
#9181=AXIS2_PLACEMENT_3D('',#13272,#10409,#10410);
#9182=AXIS2_PLACEMENT_3D('',#13280,#10414,#10415);
#9183=AXIS2_PLACEMENT_3D('',#13282,#10416,#10417);
#9184=AXIS2_PLACEMENT_3D('',#13322,#10437,#10438);
#9185=AXIS2_PLACEMENT_3D('',#13324,#10439,#10440);
#9186=AXIS2_PLACEMENT_3D('',#13332,#10444,#10445);
#9187=AXIS2_PLACEMENT_3D('',#13334,#10446,#10447);
#9188=AXIS2_PLACEMENT_3D('',#13338,#10449,#10450);
#9189=AXIS2_PLACEMENT_3D('',#13340,#10451,#10452);
#9190=AXIS2_PLACEMENT_3D('',#13348,#10456,#10457);
#9191=AXIS2_PLACEMENT_3D('',#13350,#10458,#10459);
#9192=AXIS2_PLACEMENT_3D('',#13421,#10495,#10496);
#9193=AXIS2_PLACEMENT_3D('',#13422,#10497,#10498);
#9194=AXIS2_PLACEMENT_3D('',#13427,#10500,#10501);
#9195=AXIS2_PLACEMENT_3D('',#13430,#10503,#10504);
#9196=AXIS2_PLACEMENT_3D('',#13438,#10510,#10511);
#9197=AXIS2_PLACEMENT_3D('',#13439,#10512,#10513);
#9198=AXIS2_PLACEMENT_3D('',#13440,#10514,#10515);
#9199=AXIS2_PLACEMENT_3D('',#13444,#10517,#10518);
#9200=AXIS2_PLACEMENT_3D('',#13446,#10519,#10520);
#9201=AXIS2_PLACEMENT_3D('',#13448,#10521,#10522);
#9202=AXIS2_PLACEMENT_3D('',#13452,#10524,#10525);
#9203=AXIS2_PLACEMENT_3D('',#13454,#10526,#10527);
#9204=AXIS2_PLACEMENT_3D('',#13456,#10528,#10529);
#9205=AXIS2_PLACEMENT_3D('',#13457,#10530,#10531);
#9206=AXIS2_PLACEMENT_3D('',#13459,#10532,#10533);
#9207=AXIS2_PLACEMENT_3D('',#13461,#10534,#10535);
#9208=AXIS2_PLACEMENT_3D('',#13463,#10536,#10537);
#9209=AXIS2_PLACEMENT_3D('',#13465,#10538,#10539);
#9210=AXIS2_PLACEMENT_3D('',#13467,#10540,#10541);
#9211=AXIS2_PLACEMENT_3D('',#13469,#10542,#10543);
#9212=AXIS2_PLACEMENT_3D('',#13471,#10544,#10545);
#9213=AXIS2_PLACEMENT_3D('',#13474,#10546,#10547);
#9214=AXIS2_PLACEMENT_3D('',#13478,#10549,#10550);
#9215=AXIS2_PLACEMENT_3D('',#13480,#10551,#10552);
#9216=AXIS2_PLACEMENT_3D('',#13482,#10553,#10554);
#9217=AXIS2_PLACEMENT_3D('',#13486,#10556,#10557);
#9218=AXIS2_PLACEMENT_3D('',#13487,#10558,#10559);
#9219=AXIS2_PLACEMENT_3D('',#13488,#10560,#10561);
#9220=AXIS2_PLACEMENT_3D('',#13490,#10562,#10563);
#9221=AXIS2_PLACEMENT_3D('',#13491,#10564,#10565);
#9222=AXIS2_PLACEMENT_3D('',#13493,#10566,#10567);
#9223=AXIS2_PLACEMENT_3D('',#13494,#10568,#10569);
#9224=AXIS2_PLACEMENT_3D('',#13496,#10570,#10571);
#9225=AXIS2_PLACEMENT_3D('',#13497,#10572,#10573);
#9226=AXIS2_PLACEMENT_3D('',#13502,#10575,#10576);
#9227=AXIS2_PLACEMENT_3D('',#13505,#10578,#10579);
#9228=AXIS2_PLACEMENT_3D('',#13513,#10585,#10586);
#9229=AXIS2_PLACEMENT_3D('',#13514,#10587,#10588);
#9230=AXIS2_PLACEMENT_3D('',#13515,#10589,#10590);
#9231=AXIS2_PLACEMENT_3D('',#13516,#10591,#10592);
#9232=AXIS2_PLACEMENT_3D('',#13519,#10593,#10594);
#9233=AXIS2_PLACEMENT_3D('',#13523,#10596,#10597);
#9234=AXIS2_PLACEMENT_3D('',#13525,#10598,#10599);
#9235=AXIS2_PLACEMENT_3D('',#13527,#10600,#10601);
#9236=AXIS2_PLACEMENT_3D('',#13531,#10603,#10604);
#9237=AXIS2_PLACEMENT_3D('',#13532,#10605,#10606);
#9238=AXIS2_PLACEMENT_3D('',#13534,#10607,#10608);
#9239=AXIS2_PLACEMENT_3D('',#13536,#10609,#10610);
#9240=AXIS2_PLACEMENT_3D('',#13538,#10611,#10612);
#9241=AXIS2_PLACEMENT_3D('',#13540,#10613,#10614);
#9242=AXIS2_PLACEMENT_3D('',#13542,#10615,#10616);
#9243=AXIS2_PLACEMENT_3D('',#13544,#10617,#10618);
#9244=AXIS2_PLACEMENT_3D('',#13549,#10620,#10621);
#9245=AXIS2_PLACEMENT_3D('',#13551,#10622,#10623);
#9246=AXIS2_PLACEMENT_3D('',#13553,#10624,#10625);
#9247=AXIS2_PLACEMENT_3D('',#13557,#10627,#10628);
#9248=AXIS2_PLACEMENT_3D('',#13559,#10629,#10630);
#9249=AXIS2_PLACEMENT_3D('',#13561,#10631,#10632);
#9250=AXIS2_PLACEMENT_3D('',#13562,#10633,#10634);
#9251=AXIS2_PLACEMENT_3D('',#13563,#10635,#10636);
#9252=AXIS2_PLACEMENT_3D('',#13565,#10637,#10638);
#9253=AXIS2_PLACEMENT_3D('',#13567,#10639,#10640);
#9254=AXIS2_PLACEMENT_3D('',#13568,#10641,#10642);
#9255=AXIS2_PLACEMENT_3D('',#13570,#10643,#10644);
#9256=AXIS2_PLACEMENT_3D('',#13571,#10645,#10646);
#9257=AXIS2_PLACEMENT_3D('',#13572,#10647,#10648);
#9258=AXIS2_PLACEMENT_3D('',#13574,#10649,#10650);
#9259=AXIS2_PLACEMENT_3D('',#13576,#10651,#10652);
#9260=AXIS2_PLACEMENT_3D('',#13578,#10653,#10654);
#9261=AXIS2_PLACEMENT_3D('',#13581,#10655,#10656);
#9262=AXIS2_PLACEMENT_3D('',#13585,#10658,#10659);
#9263=AXIS2_PLACEMENT_3D('',#13587,#10660,#10661);
#9264=AXIS2_PLACEMENT_3D('',#13589,#10662,#10663);
#9265=AXIS2_PLACEMENT_3D('',#13593,#10665,#10666);
#9266=AXIS2_PLACEMENT_3D('',#13594,#10667,#10668);
#9267=AXIS2_PLACEMENT_3D('',#13597,#10669,#10670);
#9268=AXIS2_PLACEMENT_3D('',#13601,#10672,#10673);
#9269=AXIS2_PLACEMENT_3D('',#13603,#10674,#10675);
#9270=AXIS2_PLACEMENT_3D('',#13605,#10676,#10677);
#9271=AXIS2_PLACEMENT_3D('',#13609,#10679,#10680);
#9272=AXIS2_PLACEMENT_3D('',#13610,#10681,#10682);
#9273=AXIS2_PLACEMENT_3D('',#13611,#10683,#10684);
#9274=AXIS2_PLACEMENT_3D('',#13616,#10686,#10687);
#9275=AXIS2_PLACEMENT_3D('',#13619,#10689,#10690);
#9276=AXIS2_PLACEMENT_3D('',#13627,#10696,#10697);
#9277=AXIS2_PLACEMENT_3D('',#13628,#10698,#10699);
#9278=AXIS2_PLACEMENT_3D('',#13630,#10700,#10701);
#9279=AXIS2_PLACEMENT_3D('',#13632,#10702,#10703);
#9280=AXIS2_PLACEMENT_3D('',#13633,#10704,#10705);
#9281=AXIS2_PLACEMENT_3D('',#13635,#10706,#10707);
#9282=AXIS2_PLACEMENT_3D('',#13636,#10708,#10709);
#9283=AXIS2_PLACEMENT_3D('',#13637,#10710,#10711);
#9284=AXIS2_PLACEMENT_3D('',#13640,#10712,#10713);
#9285=AXIS2_PLACEMENT_3D('',#13644,#10715,#10716);
#9286=AXIS2_PLACEMENT_3D('',#13646,#10717,#10718);
#9287=AXIS2_PLACEMENT_3D('',#13648,#10719,#10720);
#9288=AXIS2_PLACEMENT_3D('',#13652,#10722,#10723);
#9289=AXIS2_PLACEMENT_3D('',#13653,#10724,#10725);
#9290=AXIS2_PLACEMENT_3D('',#13655,#10726,#10727);
#9291=AXIS2_PLACEMENT_3D('',#13657,#10728,#10729);
#9292=AXIS2_PLACEMENT_3D('',#13659,#10730,#10731);
#9293=AXIS2_PLACEMENT_3D('',#13662,#10732,#10733);
#9294=AXIS2_PLACEMENT_3D('',#13666,#10735,#10736);
#9295=AXIS2_PLACEMENT_3D('',#13668,#10737,#10738);
#9296=AXIS2_PLACEMENT_3D('',#13670,#10739,#10740);
#9297=AXIS2_PLACEMENT_3D('',#13674,#10742,#10743);
#9298=AXIS2_PLACEMENT_3D('',#13676,#10745,#10746);
#9299=AXIS2_PLACEMENT_3D('',#13677,#10747,#10748);
#9300=AXIS2_PLACEMENT_3D('',#13682,#10750,#10751);
#9301=AXIS2_PLACEMENT_3D('',#13685,#10753,#10754);
#9302=AXIS2_PLACEMENT_3D('',#13692,#10759,#10760);
#9303=AXIS2_PLACEMENT_3D('',#13693,#10761,#10762);
#9304=AXIS2_PLACEMENT_3D('',#13695,#10763,#10764);
#9305=AXIS2_PLACEMENT_3D('',#13696,#10765,#10766);
#9306=AXIS2_PLACEMENT_3D('',#13698,#10767,#10768);
#9307=AXIS2_PLACEMENT_3D('',#13699,#10769,#10770);
#9308=AXIS2_PLACEMENT_3D('',#13701,#10771,#10772);
#9309=AXIS2_PLACEMENT_3D('',#13702,#10773,#10774);
#9310=AXIS2_PLACEMENT_3D('',#13707,#10777,#10778);
#9311=AXIS2_PLACEMENT_3D('',#13708,#10779,#10780);
#9312=AXIS2_PLACEMENT_3D('',#13713,#10783,#10784);
#9313=AXIS2_PLACEMENT_3D('',#13714,#10785,#10786);
#9314=AXIS2_PLACEMENT_3D('',#13719,#10789,#10790);
#9315=AXIS2_PLACEMENT_3D('',#13720,#10791,#10792);
#9316=AXIS2_PLACEMENT_3D('',#13725,#10795,#10796);
#9317=AXIS2_PLACEMENT_3D('',#13726,#10797,#10798);
#9318=AXIS2_PLACEMENT_3D('',#13731,#10801,#10802);
#9319=AXIS2_PLACEMENT_3D('',#13732,#10803,#10804);
#9320=AXIS2_PLACEMENT_3D('',#13737,#10807,#10808);
#9321=AXIS2_PLACEMENT_3D('',#13738,#10809,#10810);
#9322=AXIS2_PLACEMENT_3D('',#13743,#10813,#10814);
#9323=AXIS2_PLACEMENT_3D('',#13744,#10815,#10816);
#9324=AXIS2_PLACEMENT_3D('',#13749,#10819,#10820);
#9325=AXIS2_PLACEMENT_3D('',#13750,#10821,#10822);
#9326=AXIS2_PLACEMENT_3D('',#13752,#10824,#10825);
#9327=AXIS2_PLACEMENT_3D('',#13754,#10827,#10828);
#9328=AXIS2_PLACEMENT_3D('',#13755,#10829,#10830);
#9329=AXIS2_PLACEMENT_3D('',#13756,#10831,#10832);
#9330=AXIS2_PLACEMENT_3D('',#13757,#10833,#10834);
#9331=AXIS2_PLACEMENT_3D('',#13758,#10835,#10836);
#9332=AXIS2_PLACEMENT_3D('',#13760,#10838,#10839);
#9333=AXIS2_PLACEMENT_3D('',#13762,#10841,#10842);
#9334=AXIS2_PLACEMENT_3D('',#13763,#10843,#10844);
#9335=AXIS2_PLACEMENT_3D('',#13764,#10845,#10846);
#9336=AXIS2_PLACEMENT_3D('',#13765,#10847,#10848);
#9337=AXIS2_PLACEMENT_3D('',#13766,#10849,#10850);
#9338=AXIS2_PLACEMENT_3D('',#13767,#10851,#10852);
#9339=AXIS2_PLACEMENT_3D('',#13768,#10853,#10854);
#9340=AXIS2_PLACEMENT_3D('',#13770,#10855,#10856);
#9341=AXIS2_PLACEMENT_3D('',#13771,#10857,#10858);
#9342=AXIS2_PLACEMENT_3D('',#13773,#10859,#10860);
#9343=AXIS2_PLACEMENT_3D('',#13774,#10861,#10862);
#9344=AXIS2_PLACEMENT_3D('',#13776,#10863,#10864);
#9345=AXIS2_PLACEMENT_3D('',#13777,#10865,#10866);
#9346=AXIS2_PLACEMENT_3D('',#13782,#10869,#10870);
#9347=AXIS2_PLACEMENT_3D('',#13785,#10872,#10873);
#9348=AXIS2_PLACEMENT_3D('',#13788,#10875,#10876);
#9349=AXIS2_PLACEMENT_3D('',#13789,#10877,#10878);
#9350=AXIS2_PLACEMENT_3D('',#13791,#10879,#10880);
#9351=AXIS2_PLACEMENT_3D('',#13792,#10881,#10882);
#9352=AXIS2_PLACEMENT_3D('',#13794,#10883,#10884);
#9353=AXIS2_PLACEMENT_3D('',#13795,#10885,#10886);
#9354=AXIS2_PLACEMENT_3D('',#13797,#10887,#10888);
#9355=AXIS2_PLACEMENT_3D('',#13798,#10889,#10890);
#9356=AXIS2_PLACEMENT_3D('',#13803,#10893,#10894);
#9357=AXIS2_PLACEMENT_3D('',#13806,#10896,#10897);
#9358=AXIS2_PLACEMENT_3D('',#13809,#10899,#10900);
#9359=AXIS2_PLACEMENT_3D('',#13810,#10901,#10902);
#9360=AXIS2_PLACEMENT_3D('',#13815,#10904,#10905);
#9361=AXIS2_PLACEMENT_3D('',#13818,#10907,#10908);
#9362=AXIS2_PLACEMENT_3D('',#13819,#10909,#10910);
#9363=AXIS2_PLACEMENT_3D('',#13823,#10913,#10914);
#9364=AXIS2_PLACEMENT_3D('',#13824,#10915,#10916);
#9365=AXIS2_PLACEMENT_3D('',#13826,#10917,#10918);
#9366=AXIS2_PLACEMENT_3D('',#13827,#10919,#10920);
#9367=AXIS2_PLACEMENT_3D('',#13829,#10921,#10922);
#9368=AXIS2_PLACEMENT_3D('',#13830,#10923,#10924);
#9369=AXIS2_PLACEMENT_3D('',#13831,#10925,#10926);
#9370=AXIS2_PLACEMENT_3D('',#13836,#10928,#10929);
#9371=AXIS2_PLACEMENT_3D('',#13839,#10931,#10932);
#9372=AXIS2_PLACEMENT_3D('',#13840,#10933,#10934);
#9373=AXIS2_PLACEMENT_3D('',#13844,#10937,#10938);
#9374=AXIS2_PLACEMENT_3D('',#13845,#10939,#10940);
#9375=AXIS2_PLACEMENT_3D('',#13847,#10941,#10942);
#9376=AXIS2_PLACEMENT_3D('',#13848,#10943,#10944);
#9377=AXIS2_PLACEMENT_3D('',#13850,#10945,#10946);
#9378=AXIS2_PLACEMENT_3D('',#13851,#10947,#10948);
#9379=AXIS2_PLACEMENT_3D('',#13852,#10949,#10950);
#9380=AXIS2_PLACEMENT_3D('',#13857,#10952,#10953);
#9381=AXIS2_PLACEMENT_3D('',#13860,#10955,#10956);
#9382=AXIS2_PLACEMENT_3D('',#13861,#10957,#10958);
#9383=AXIS2_PLACEMENT_3D('',#13865,#10961,#10962);
#9384=AXIS2_PLACEMENT_3D('',#13866,#10963,#10964);
#9385=AXIS2_PLACEMENT_3D('',#13868,#10965,#10966);
#9386=AXIS2_PLACEMENT_3D('',#13869,#10967,#10968);
#9387=AXIS2_PLACEMENT_3D('',#13871,#10969,#10970);
#9388=AXIS2_PLACEMENT_3D('',#13872,#10971,#10972);
#9389=AXIS2_PLACEMENT_3D('',#13873,#10973,#10974);
#9390=AXIS2_PLACEMENT_3D('',#13875,#10975,#10976);
#9391=AXIS2_PLACEMENT_3D('',#13877,#10977,#10978);
#9392=AXIS2_PLACEMENT_3D('',#13878,#10979,#10980);
#9393=AXIS2_PLACEMENT_3D('',#13880,#10981,#10982);
#9394=AXIS2_PLACEMENT_3D('',#13881,#10983,#10984);
#9395=AXIS2_PLACEMENT_3D('',#13882,#10985,#10986);
#9396=AXIS2_PLACEMENT_3D('',#13884,#10987,#10988);
#9397=AXIS2_PLACEMENT_3D('',#13886,#10989,#10990);
#9398=AXIS2_PLACEMENT_3D('',#13887,#10991,#10992);
#9399=AXIS2_PLACEMENT_3D('',#13889,#10993,#10994);
#9400=AXIS2_PLACEMENT_3D('',#13890,#10995,#10996);
#9401=AXIS2_PLACEMENT_3D('',#13891,#10997,#10998);
#9402=AXIS2_PLACEMENT_3D('',#13893,#10999,#11000);
#9403=AXIS2_PLACEMENT_3D('',#13894,#11001,#11002);
#9404=AXIS2_PLACEMENT_3D('',#13896,#11003,#11004);
#9405=AXIS2_PLACEMENT_3D('',#13897,#11005,#11006);
#9406=AXIS2_PLACEMENT_3D('',#13899,#11007,#11008);
#9407=AXIS2_PLACEMENT_3D('',#13900,#11009,#11010);
#9408=AXIS2_PLACEMENT_3D('',#13902,#11011,#11012);
#9409=AXIS2_PLACEMENT_3D('',#13903,#11013,#11014);
#9410=AXIS2_PLACEMENT_3D('',#13905,#11015,#11016);
#9411=AXIS2_PLACEMENT_3D('',#13906,#11017,#11018);
#9412=AXIS2_PLACEMENT_3D('',#13908,#11019,#11020);
#9413=AXIS2_PLACEMENT_3D('',#13909,#11021,#11022);
#9414=AXIS2_PLACEMENT_3D('',#13911,#11023,#11024);
#9415=AXIS2_PLACEMENT_3D('',#13912,#11025,#11026);
#9416=AXIS2_PLACEMENT_3D('',#13914,#11027,#11028);
#9417=AXIS2_PLACEMENT_3D('',#13915,#11029,#11030);
#9418=AXIS2_PLACEMENT_3D('',#13917,#11031,#11032);
#9419=AXIS2_PLACEMENT_3D('',#13923,#11035,#11036);
#9420=AXIS2_PLACEMENT_3D('',#13925,#11037,#11038);
#9421=AXIS2_PLACEMENT_3D('',#13927,#11039,#11040);
#9422=AXIS2_PLACEMENT_3D('',#13930,#11042,#11043);
#9423=AXIS2_PLACEMENT_3D('',#13936,#11046,#11047);
#9424=AXIS2_PLACEMENT_3D('',#13938,#11048,#11049);
#9425=AXIS2_PLACEMENT_3D('',#13940,#11050,#11051);
#9426=AXIS2_PLACEMENT_3D('',#13943,#11053,#11054);
#9427=AXIS2_PLACEMENT_3D('',#13944,#11055,#11056);
#9428=AXIS2_PLACEMENT_3D('',#13950,#11060,#11061);
#9429=AXIS2_PLACEMENT_3D('',#13956,#11064,#11065);
#9430=AXIS2_PLACEMENT_3D('',#13958,#11066,#11067);
#9431=AXIS2_PLACEMENT_3D('',#13960,#11068,#11069);
#9432=AXIS2_PLACEMENT_3D('',#13963,#11071,#11072);
#9433=AXIS2_PLACEMENT_3D('',#13969,#11075,#11076);
#9434=AXIS2_PLACEMENT_3D('',#13971,#11077,#11078);
#9435=AXIS2_PLACEMENT_3D('',#13973,#11079,#11080);
#9436=AXIS2_PLACEMENT_3D('',#13976,#11082,#11083);
#9437=AXIS2_PLACEMENT_3D('',#13982,#11086,#11087);
#9438=AXIS2_PLACEMENT_3D('',#13984,#11088,#11089);
#9439=AXIS2_PLACEMENT_3D('',#13986,#11090,#11091);
#9440=AXIS2_PLACEMENT_3D('',#13989,#11093,#11094);
#9441=AXIS2_PLACEMENT_3D('',#13995,#11097,#11098);
#9442=AXIS2_PLACEMENT_3D('',#13997,#11099,#11100);
#9443=AXIS2_PLACEMENT_3D('',#13999,#11101,#11102);
#9444=AXIS2_PLACEMENT_3D('',#14002,#11104,#11105);
#9445=AXIS2_PLACEMENT_3D('',#14003,#11106,#11107);
#9446=AXIS2_PLACEMENT_3D('',#14009,#11111,#11112);
#9447=AXIS2_PLACEMENT_3D('',#14017,#11116,#11117);
#9448=AXIS2_PLACEMENT_3D('',#14019,#11118,#11119);
#9449=AXIS2_PLACEMENT_3D('',#14021,#11120,#11121);
#9450=AXIS2_PLACEMENT_3D('',#14022,#11122,#11123);
#9451=AXIS2_PLACEMENT_3D('',#14030,#11127,#11128);
#9452=AXIS2_PLACEMENT_3D('',#14032,#11129,#11130);
#9453=AXIS2_PLACEMENT_3D('',#14034,#11131,#11132);
#9454=AXIS2_PLACEMENT_3D('',#14035,#11133,#11134);
#9455=AXIS2_PLACEMENT_3D('',#14041,#11137,#11138);
#9456=AXIS2_PLACEMENT_3D('',#14043,#11139,#11140);
#9457=AXIS2_PLACEMENT_3D('',#14045,#11141,#11142);
#9458=AXIS2_PLACEMENT_3D('',#14048,#11144,#11145);
#9459=AXIS2_PLACEMENT_3D('',#14054,#11148,#11149);
#9460=AXIS2_PLACEMENT_3D('',#14056,#11150,#11151);
#9461=AXIS2_PLACEMENT_3D('',#14058,#11152,#11153);
#9462=AXIS2_PLACEMENT_3D('',#14061,#11155,#11156);
#9463=AXIS2_PLACEMENT_3D('',#14062,#11157,#11158);
#9464=AXIS2_PLACEMENT_3D('',#14068,#11162,#11163);
#9465=AXIS2_PLACEMENT_3D('',#14074,#11166,#11167);
#9466=AXIS2_PLACEMENT_3D('',#14076,#11168,#11169);
#9467=AXIS2_PLACEMENT_3D('',#14078,#11170,#11171);
#9468=AXIS2_PLACEMENT_3D('',#14081,#11173,#11174);
#9469=AXIS2_PLACEMENT_3D('',#14087,#11177,#11178);
#9470=AXIS2_PLACEMENT_3D('',#14089,#11179,#11180);
#9471=AXIS2_PLACEMENT_3D('',#14091,#11181,#11182);
#9472=AXIS2_PLACEMENT_3D('',#14094,#11184,#11185);
#9473=AXIS2_PLACEMENT_3D('',#14100,#11188,#11189);
#9474=AXIS2_PLACEMENT_3D('',#14102,#11190,#11191);
#9475=AXIS2_PLACEMENT_3D('',#14104,#11192,#11193);
#9476=AXIS2_PLACEMENT_3D('',#14107,#11195,#11196);
#9477=AXIS2_PLACEMENT_3D('',#14113,#11199,#11200);
#9478=AXIS2_PLACEMENT_3D('',#14115,#11201,#11202);
#9479=AXIS2_PLACEMENT_3D('',#14117,#11203,#11204);
#9480=AXIS2_PLACEMENT_3D('',#14120,#11206,#11207);
#9481=AXIS2_PLACEMENT_3D('',#14126,#11210,#11211);
#9482=AXIS2_PLACEMENT_3D('',#14128,#11212,#11213);
#9483=AXIS2_PLACEMENT_3D('',#14130,#11214,#11215);
#9484=AXIS2_PLACEMENT_3D('',#14133,#11217,#11218);
#9485=AXIS2_PLACEMENT_3D('',#14139,#11221,#11222);
#9486=AXIS2_PLACEMENT_3D('',#14141,#11223,#11224);
#9487=AXIS2_PLACEMENT_3D('',#14143,#11225,#11226);
#9488=AXIS2_PLACEMENT_3D('',#14146,#11228,#11229);
#9489=AXIS2_PLACEMENT_3D('',#14147,#11230,#11231);
#9490=AXIS2_PLACEMENT_3D('',#14153,#11235,#11236);
#9491=AXIS2_PLACEMENT_3D('',#14161,#11240,#11241);
#9492=AXIS2_PLACEMENT_3D('',#14163,#11242,#11243);
#9493=AXIS2_PLACEMENT_3D('',#14165,#11244,#11245);
#9494=AXIS2_PLACEMENT_3D('',#14166,#11246,#11247);
#9495=AXIS2_PLACEMENT_3D('',#14174,#11251,#11252);
#9496=AXIS2_PLACEMENT_3D('',#14176,#11253,#11254);
#9497=AXIS2_PLACEMENT_3D('',#14178,#11255,#11256);
#9498=AXIS2_PLACEMENT_3D('',#14179,#11257,#11258);
#9499=AXIS2_PLACEMENT_3D('',#14185,#11261,#11262);
#9500=AXIS2_PLACEMENT_3D('',#14187,#11263,#11264);
#9501=AXIS2_PLACEMENT_3D('',#14189,#11265,#11266);
#9502=AXIS2_PLACEMENT_3D('',#14192,#11268,#11269);
#9503=AXIS2_PLACEMENT_3D('',#14198,#11272,#11273);
#9504=AXIS2_PLACEMENT_3D('',#14200,#11274,#11275);
#9505=AXIS2_PLACEMENT_3D('',#14202,#11276,#11277);
#9506=AXIS2_PLACEMENT_3D('',#14205,#11279,#11280);
#9507=AXIS2_PLACEMENT_3D('',#14206,#11281,#11282);
#9508=AXIS2_PLACEMENT_3D('',#14212,#11286,#11287);
#9509=AXIS2_PLACEMENT_3D('',#14218,#11290,#11291);
#9510=AXIS2_PLACEMENT_3D('',#14220,#11292,#11293);
#9511=AXIS2_PLACEMENT_3D('',#14222,#11294,#11295);
#9512=AXIS2_PLACEMENT_3D('',#14225,#11297,#11298);
#9513=AXIS2_PLACEMENT_3D('',#14231,#11301,#11302);
#9514=AXIS2_PLACEMENT_3D('',#14233,#11303,#11304);
#9515=AXIS2_PLACEMENT_3D('',#14235,#11305,#11306);
#9516=AXIS2_PLACEMENT_3D('',#14238,#11308,#11309);
#9517=AXIS2_PLACEMENT_3D('',#14244,#11312,#11313);
#9518=AXIS2_PLACEMENT_3D('',#14246,#11314,#11315);
#9519=AXIS2_PLACEMENT_3D('',#14248,#11316,#11317);
#9520=AXIS2_PLACEMENT_3D('',#14251,#11319,#11320);
#9521=AXIS2_PLACEMENT_3D('',#14257,#11323,#11324);
#9522=AXIS2_PLACEMENT_3D('',#14259,#11325,#11326);
#9523=AXIS2_PLACEMENT_3D('',#14261,#11327,#11328);
#9524=AXIS2_PLACEMENT_3D('',#14264,#11330,#11331);
#9525=AXIS2_PLACEMENT_3D('',#14265,#11332,#11333);
#9526=AXIS2_PLACEMENT_3D('',#14271,#11337,#11338);
#9527=AXIS2_PLACEMENT_3D('',#14274,#11340,#11341);
#9528=AXIS2_PLACEMENT_3D('',#14277,#11343,#11344);
#9529=AXIS2_PLACEMENT_3D('',#14280,#11346,#11347);
#9530=AXIS2_PLACEMENT_3D('',#14283,#11349,#11350);
#9531=AXIS2_PLACEMENT_3D('',#14286,#11352,#11353);
#9532=AXIS2_PLACEMENT_3D('',#14289,#11355,#11356);
#9533=AXIS2_PLACEMENT_3D('',#14292,#11358,#11359);
#9534=AXIS2_PLACEMENT_3D('',#14295,#11361,#11362);
#9535=AXIS2_PLACEMENT_3D('',#14298,#11364,#11365);
#9536=AXIS2_PLACEMENT_3D('',#14301,#11367,#11368);
#9537=AXIS2_PLACEMENT_3D('',#14304,#11370,#11371);
#9538=AXIS2_PLACEMENT_3D('',#14307,#11373,#11374);
#9539=AXIS2_PLACEMENT_3D('',#14310,#11376,#11377);
#9540=AXIS2_PLACEMENT_3D('',#14313,#11379,#11380);
#9541=AXIS2_PLACEMENT_3D('',#14316,#11382,#11383);
#9542=AXIS2_PLACEMENT_3D('',#14319,#11385,#11386);
#9543=AXIS2_PLACEMENT_3D('',#14322,#11388,#11389);
#9544=AXIS2_PLACEMENT_3D('',#14325,#11391,#11392);
#9545=AXIS2_PLACEMENT_3D('',#14328,#11394,#11395);
#9546=AXIS2_PLACEMENT_3D('',#14331,#11397,#11398);
#9547=AXIS2_PLACEMENT_3D('',#14334,#11400,#11401);
#9548=AXIS2_PLACEMENT_3D('',#14337,#11403,#11404);
#9549=AXIS2_PLACEMENT_3D('',#14340,#11406,#11407);
#9550=AXIS2_PLACEMENT_3D('',#14343,#11409,#11410);
#9551=AXIS2_PLACEMENT_3D('',#14344,#11411,#11412);
#9552=AXIS2_PLACEMENT_3D('',#14345,#11413,#11414);
#9553=AXIS2_PLACEMENT_3D('',#14346,#11415,#11416);
#9554=AXIS2_PLACEMENT_3D('',#14348,#11418,#11419);
#9555=AXIS2_PLACEMENT_3D('',#14349,#11420,#11421);
#9556=AXIS2_PLACEMENT_3D('',#14350,#11422,#11423);
#9557=AXIS2_PLACEMENT_3D('',#14351,#11424,#11425);
#9558=AXIS2_PLACEMENT_3D('',#14353,#11427,#11428);
#9559=AXIS2_PLACEMENT_3D('',#14354,#11429,#11430);
#9560=AXIS2_PLACEMENT_3D('',#14356,#11432,#11433);
#9561=AXIS2_PLACEMENT_3D('',#14357,#11434,#11435);
#9562=AXIS2_PLACEMENT_3D('',#14358,#11436,#11437);
#9563=AXIS2_PLACEMENT_3D('',#14359,#11438,#11439);
#9564=AXIS2_PLACEMENT_3D('',#14361,#11441,#11442);
#9565=AXIS2_PLACEMENT_3D('',#14362,#11443,#11444);
#9566=AXIS2_PLACEMENT_3D('',#14363,#11445,#11446);
#9567=AXIS2_PLACEMENT_3D('',#14364,#11447,#11448);
#9568=AXIS2_PLACEMENT_3D('',#14366,#11450,#11451);
#9569=AXIS2_PLACEMENT_3D('',#14367,#11452,#11453);
#9570=AXIS2_PLACEMENT_3D('',#14368,#11454,#11455);
#9571=AXIS2_PLACEMENT_3D('',#14369,#11456,#11457);
#9572=AXIS2_PLACEMENT_3D('',#14371,#11459,#11460);
#9573=AXIS2_PLACEMENT_3D('',#14372,#11461,#11462);
#9574=AXIS2_PLACEMENT_3D('',#14373,#11463,#11464);
#9575=AXIS2_PLACEMENT_3D('',#14377,#11466,#11467);
#9576=AXIS2_PLACEMENT_3D('',#14379,#11468,#11469);
#9577=AXIS2_PLACEMENT_3D('',#14381,#11470,#11471);
#9578=AXIS2_PLACEMENT_3D('',#14385,#11473,#11474);
#9579=AXIS2_PLACEMENT_3D('',#14387,#11475,#11476);
#9580=AXIS2_PLACEMENT_3D('',#14389,#11477,#11478);
#9581=AXIS2_PLACEMENT_3D('',#14390,#11479,#11480);
#9582=AXIS2_PLACEMENT_3D('',#14393,#11481,#11482);
#9583=AXIS2_PLACEMENT_3D('',#14397,#11484,#11485);
#9584=AXIS2_PLACEMENT_3D('',#14399,#11486,#11487);
#9585=AXIS2_PLACEMENT_3D('',#14401,#11488,#11489);
#9586=AXIS2_PLACEMENT_3D('',#14405,#11491,#11492);
#9587=AXIS2_PLACEMENT_3D('',#14406,#11493,#11494);
#9588=AXIS2_PLACEMENT_3D('',#14408,#11495,#11496);
#9589=AXIS2_PLACEMENT_3D('',#14410,#11497,#11498);
#9590=AXIS2_PLACEMENT_3D('',#14412,#11499,#11500);
#9591=AXIS2_PLACEMENT_3D('',#14421,#11504,#11505);
#9592=AXIS2_PLACEMENT_3D('',#14425,#11507,#11508);
#9593=AXIS2_PLACEMENT_3D('',#14446,#11519,#11520);
#9594=AXIS2_PLACEMENT_3D('',#14449,#11521,#11522);
#9595=AXIS2_PLACEMENT_3D('',#14453,#11524,#11525);
#9596=AXIS2_PLACEMENT_3D('',#14455,#11526,#11527);
#9597=AXIS2_PLACEMENT_3D('',#14457,#11528,#11529);
#9598=AXIS2_PLACEMENT_3D('',#14461,#11531,#11532);
#9599=AXIS2_PLACEMENT_3D('',#14462,#11533,#11534);
#9600=AXIS2_PLACEMENT_3D('',#14472,#11540,#11541);
#9601=AXIS2_PLACEMENT_3D('',#14479,#11546,#11547);
#9602=AXIS2_PLACEMENT_3D('',#14480,#11548,#11549);
#9603=AXIS2_PLACEMENT_3D('',#14481,#11550,#11551);
#9604=AXIS2_PLACEMENT_3D('',#14482,#11552,#11553);
#9605=AXIS2_PLACEMENT_3D('',#14483,#11554,#11555);
#9606=AXIS2_PLACEMENT_3D('',#14493,#11561,#11562);
#9607=AXIS2_PLACEMENT_3D('',#14503,#11568,#11569);
#9608=AXIS2_PLACEMENT_3D('',#14504,#11570,#11571);
#9609=AXIS2_PLACEMENT_3D('',#14505,#11572,#11573);
#9610=AXIS2_PLACEMENT_3D('',#14506,#11574,#11575);
#9611=AXIS2_PLACEMENT_3D('',#14507,#11576,#11577);
#9612=AXIS2_PLACEMENT_3D('',#14514,#11582,#11583);
#9613=AXIS2_PLACEMENT_3D('',#14524,#11589,#11590);
#9614=AXIS2_PLACEMENT_3D('',#14525,#11591,#11592);
#9615=AXIS2_PLACEMENT_3D('',#14527,#11593,#11594);
#9616=AXIS2_PLACEMENT_3D('',#14528,#11595,#11596);
#9617=AXIS2_PLACEMENT_3D('',#14529,#11597,#11598);
#9618=AXIS2_PLACEMENT_3D('',#14530,#11599,#11600);
#9619=AXIS2_PLACEMENT_3D('',#14531,#11601,#11602);
#9620=AXIS2_PLACEMENT_3D('',#14533,#11603,#11604);
#9621=AXIS2_PLACEMENT_3D('',#14535,#11605,#11606);
#9622=AXIS2_PLACEMENT_3D('',#14536,#11607,#11608);
#9623=AXIS2_PLACEMENT_3D('',#14538,#11609,#11610);
#9624=AXIS2_PLACEMENT_3D('',#14540,#11611,#11612);
#9625=AXIS2_PLACEMENT_3D('',#14541,#11613,#11614);
#9626=AXIS2_PLACEMENT_3D('',#14543,#11615,#11616);
#9627=AXIS2_PLACEMENT_3D('',#14545,#11617,#11618);
#9628=AXIS2_PLACEMENT_3D('',#14546,#11619,#11620);
#9629=AXIS2_PLACEMENT_3D('',#14548,#11621,#11622);
#9630=AXIS2_PLACEMENT_3D('',#14550,#11623,#11624);
#9631=AXIS2_PLACEMENT_3D('',#14551,#11625,#11626);
#9632=AXIS2_PLACEMENT_3D('',#14553,#11627,#11628);
#9633=AXIS2_PLACEMENT_3D('',#14554,#11629,#11630);
#9634=AXIS2_PLACEMENT_3D('',#14556,#11631,#11632);
#9635=AXIS2_PLACEMENT_3D('',#14557,#11633,#11634);
#9636=AXIS2_PLACEMENT_3D('',#14559,#11635,#11636);
#9637=AXIS2_PLACEMENT_3D('',#14560,#11637,#11638);
#9638=AXIS2_PLACEMENT_3D('',#14562,#11639,#11640);
#9639=AXIS2_PLACEMENT_3D('',#14563,#11641,#11642);
#9640=AXIS2_PLACEMENT_3D('',#14565,#11643,#11644);
#9641=AXIS2_PLACEMENT_3D('',#14566,#11645,#11646);
#9642=AXIS2_PLACEMENT_3D('',#14568,#11647,#11648);
#9643=AXIS2_PLACEMENT_3D('',#14569,#11649,#11650);
#9644=AXIS2_PLACEMENT_3D('',#14571,#11651,#11652);
#9645=AXIS2_PLACEMENT_3D('',#14572,#11653,#11654);
#9646=AXIS2_PLACEMENT_3D('',#14574,#11655,#11656);
#9647=AXIS2_PLACEMENT_3D('',#14575,#11657,#11658);
#9648=AXIS2_PLACEMENT_3D('',#14577,#11659,#11660);
#9649=AXIS2_PLACEMENT_3D('',#14578,#11661,#11662);
#9650=AXIS2_PLACEMENT_3D('',#14580,#11663,#11664);
#9651=AXIS2_PLACEMENT_3D('',#14581,#11665,#11666);
#9652=AXIS2_PLACEMENT_3D('',#14583,#11667,#11668);
#9653=AXIS2_PLACEMENT_3D('',#14584,#11669,#11670);
#9654=AXIS2_PLACEMENT_3D('',#14586,#11671,#11672);
#9655=AXIS2_PLACEMENT_3D('',#14589,#11674,#11675);
#9656=AXIS2_PLACEMENT_3D('',#14590,#11676,#11677);
#9657=AXIS2_PLACEMENT_3D('',#14591,#11678,#11679);
#9658=AXIS2_PLACEMENT_3D('',#14594,#11681,#11682);
#9659=AXIS2_PLACEMENT_3D('',#14595,#11683,#11684);
#9660=AXIS2_PLACEMENT_3D('',#14598,#11686,#11687);
#9661=AXIS2_PLACEMENT_3D('',#14599,#11688,#11689);
#9662=AXIS2_PLACEMENT_3D('',#14602,#11691,#11692);
#9663=AXIS2_PLACEMENT_3D('',#14603,#11693,#11694);
#9664=AXIS2_PLACEMENT_3D('',#14607,#11697,#11698);
#9665=AXIS2_PLACEMENT_3D('',#14608,#11699,#11700);
#9666=AXIS2_PLACEMENT_3D('',#14611,#11702,#11703);
#9667=AXIS2_PLACEMENT_3D('',#14612,#11704,#11705);
#9668=AXIS2_PLACEMENT_3D('',#14613,#11706,#11707);
#9669=AXIS2_PLACEMENT_3D('',#14616,#11709,#11710);
#9670=AXIS2_PLACEMENT_3D('',#14619,#11712,#11713);
#9671=AXIS2_PLACEMENT_3D('',#14620,#11714,#11715);
#9672=AXIS2_PLACEMENT_3D('',#14623,#11717,#11718);
#9673=AXIS2_PLACEMENT_3D('',#14624,#11719,#11720);
#9674=AXIS2_PLACEMENT_3D('',#14625,#11721,#11722);
#9675=AXIS2_PLACEMENT_3D('',#14626,#11723,#11724);
#9676=AXIS2_PLACEMENT_3D('',#14629,#11726,#11727);
#9677=AXIS2_PLACEMENT_3D('',#14630,#11728,#11729);
#9678=AXIS2_PLACEMENT_3D('',#14633,#11731,#11732);
#9679=AXIS2_PLACEMENT_3D('',#14634,#11733,#11734);
#9680=AXIS2_PLACEMENT_3D('',#14637,#11736,#11737);
#9681=AXIS2_PLACEMENT_3D('',#14638,#11738,#11739);
#9682=AXIS2_PLACEMENT_3D('',#14640,#11741,#11742);
#9683=AXIS2_PLACEMENT_3D('',#14641,#11743,#11744);
#9684=AXIS2_PLACEMENT_3D('',#14644,#11746,#11747);
#9685=AXIS2_PLACEMENT_3D('',#14645,#11748,#11749);
#9686=AXIS2_PLACEMENT_3D('',#14648,#11751,#11752);
#9687=AXIS2_PLACEMENT_3D('',#14649,#11753,#11754);
#9688=AXIS2_PLACEMENT_3D('',#14652,#11756,#11757);
#9689=AXIS2_PLACEMENT_3D('',#14653,#11758,#11759);
#9690=AXIS2_PLACEMENT_3D('',#14657,#11762,#11763);
#9691=AXIS2_PLACEMENT_3D('',#14658,#11764,#11765);
#9692=AXIS2_PLACEMENT_3D('',#14661,#11767,#11768);
#9693=AXIS2_PLACEMENT_3D('',#14662,#11769,#11770);
#9694=AXIS2_PLACEMENT_3D('',#14665,#11772,#11773);
#9695=AXIS2_PLACEMENT_3D('',#14666,#11774,#11775);
#9696=AXIS2_PLACEMENT_3D('',#14667,#11776,#11777);
#9697=AXIS2_PLACEMENT_3D('',#14668,#11778,#11779);
#9698=AXIS2_PLACEMENT_3D('',#14670,#11780,#11781);
#9699=AXIS2_PLACEMENT_3D('',#14672,#11782,#11783);
#9700=AXIS2_PLACEMENT_3D('',#14673,#11784,#11785);
#9701=AXIS2_PLACEMENT_3D('',#14675,#11786,#11787);
#9702=AXIS2_PLACEMENT_3D('',#14677,#11788,#11789);
#9703=AXIS2_PLACEMENT_3D('',#14678,#11790,#11791);
#9704=AXIS2_PLACEMENT_3D('',#14680,#11792,#11793);
#9705=AXIS2_PLACEMENT_3D('',#14682,#11794,#11795);
#9706=AXIS2_PLACEMENT_3D('',#14683,#11796,#11797);
#9707=AXIS2_PLACEMENT_3D('',#14685,#11798,#11799);
#9708=AXIS2_PLACEMENT_3D('',#14687,#11800,#11801);
#9709=AXIS2_PLACEMENT_3D('',#14688,#11802,#11803);
#9710=AXIS2_PLACEMENT_3D('',#14690,#11804,#11805);
#9711=AXIS2_PLACEMENT_3D('',#14691,#11806,#11807);
#9712=AXIS2_PLACEMENT_3D('',#14693,#11808,#11809);
#9713=AXIS2_PLACEMENT_3D('',#14694,#11810,#11811);
#9714=AXIS2_PLACEMENT_3D('',#14696,#11812,#11813);
#9715=AXIS2_PLACEMENT_3D('',#14697,#11814,#11815);
#9716=AXIS2_PLACEMENT_3D('',#14699,#11816,#11817);
#9717=AXIS2_PLACEMENT_3D('',#14708,#11822,#11823);
#9718=AXIS2_PLACEMENT_3D('',#14714,#11826,#11827);
#9719=AXIS2_PLACEMENT_3D('',#14717,#11829,#11830);
#9720=AXIS2_PLACEMENT_3D('',#14726,#11835,#11836);
#9721=AXIS2_PLACEMENT_3D('',#14727,#11837,#11838);
#9722=AXIS2_PLACEMENT_3D('',#14732,#11840,#11841);
#9723=AXIS2_PLACEMENT_3D('',#14735,#11843,#11844);
#9724=AXIS2_PLACEMENT_3D('',#14736,#11845,#11846);
#9725=AXIS2_PLACEMENT_3D('',#14738,#11847,#11848);
#9726=AXIS2_PLACEMENT_3D('',#14739,#11849,#11850);
#9727=AXIS2_PLACEMENT_3D('',#14741,#11851,#11852);
#9728=AXIS2_PLACEMENT_3D('',#14742,#11853,#11854);
#9729=AXIS2_PLACEMENT_3D('',#14744,#11855,#11856);
#9730=AXIS2_PLACEMENT_3D('',#14745,#11857,#11858);
#9731=AXIS2_PLACEMENT_3D('',#14747,#11859,#11860);
#9732=AXIS2_PLACEMENT_3D('',#14748,#11861,#11862);
#9733=AXIS2_PLACEMENT_3D('',#14750,#11863,#11864);
#9734=AXIS2_PLACEMENT_3D('',#14751,#11865,#11866);
#9735=AXIS2_PLACEMENT_3D('',#14753,#11867,#11868);
#9736=AXIS2_PLACEMENT_3D('',#14754,#11869,#11870);
#9737=AXIS2_PLACEMENT_3D('',#14756,#11871,#11872);
#9738=AXIS2_PLACEMENT_3D('',#14757,#11873,#11874);
#9739=AXIS2_PLACEMENT_3D('',#14759,#11875,#11876);
#9740=AXIS2_PLACEMENT_3D('',#14765,#11879,#11880);
#9741=AXIS2_PLACEMENT_3D('',#14768,#11882,#11883);
#9742=AXIS2_PLACEMENT_3D('',#14776,#11889,#11890);
#9743=AXIS2_PLACEMENT_3D('',#14780,#11892,#11893);
#9744=AXIS2_PLACEMENT_3D('',#14789,#11898,#11899);
#9745=AXIS2_PLACEMENT_3D('',#14792,#11901,#11902);
#9746=AXIS2_PLACEMENT_3D('',#14795,#11904,#11905);
#9747=AXIS2_PLACEMENT_3D('',#14796,#11906,#11907);
#9748=AXIS2_PLACEMENT_3D('',#14801,#11910,#11911);
#9749=AXIS2_PLACEMENT_3D('',#14805,#11914,#11915);
#9750=AXIS2_PLACEMENT_3D('',#14809,#11918,#11919);
#9751=AXIS2_PLACEMENT_3D('',#14813,#11922,#11923);
#9752=AXIS2_PLACEMENT_3D('',#14814,#11924,#11925);
#9753=AXIS2_PLACEMENT_3D('',#14817,#11927,#11928);
#9754=AXIS2_PLACEMENT_3D('',#14821,#11931,#11932);
#9755=AXIS2_PLACEMENT_3D('',#14825,#11935,#11936);
#9756=AXIS2_PLACEMENT_3D('',#14829,#11939,#11940);
#9757=AXIS2_PLACEMENT_3D('',#14830,#11941,#11942);
#9758=AXIS2_PLACEMENT_3D('',#14833,#11944,#11945);
#9759=AXIS2_PLACEMENT_3D('',#14839,#11949,#11950);
#9760=AXIS2_PLACEMENT_3D('',#14840,#11951,#11952);
#9761=AXIS2_PLACEMENT_3D('',#14846,#11955,#11956);
#9762=AXIS2_PLACEMENT_3D('',#14848,#11958,#11959);
#9763=AXIS2_PLACEMENT_3D('',#14852,#11962,#11963);
#9764=AXIS2_PLACEMENT_3D('',#14855,#11965,#11966);
#9765=AXIS2_PLACEMENT_3D('',#14858,#11968,#11969);
#9766=AXIS2_PLACEMENT_3D('',#14859,#11970,#11971);
#9767=AXIS2_PLACEMENT_3D('',#14860,#11972,#11973);
#9768=AXIS2_PLACEMENT_3D('',#14867,#11978,#11979);
#9769=AXIS2_PLACEMENT_3D('',#14869,#11981,#11982);
#9770=AXIS2_PLACEMENT_3D('',#14872,#11984,#11985);
#9771=AXIS2_PLACEMENT_3D('',#14876,#11988,#11989);
#9772=AXIS2_PLACEMENT_3D('',#14877,#11990,#11991);
#9773=AXIS2_PLACEMENT_3D('',#14878,#11992,#11993);
#9774=AXIS2_PLACEMENT_3D('',#14880,#11994,#11995);
#9775=AXIS2_PLACEMENT_3D('',#14881,#11996,#11997);
#9776=AXIS2_PLACEMENT_3D('',#14883,#11998,#11999);
#9777=AXIS2_PLACEMENT_3D('',#14884,#12000,#12001);
#9778=AXIS2_PLACEMENT_3D('',#14886,#12002,#12003);
#9779=AXIS2_PLACEMENT_3D('',#14887,#12004,#12005);
#9780=AXIS2_PLACEMENT_3D('',#14889,#12006,#12007);
#9781=AXIS2_PLACEMENT_3D('',#14892,#12010,#12011);
#9782=AXIS2_PLACEMENT_3D('',#14894,#12013,#12014);
#9783=AXIS2_PLACEMENT_3D('',#14895,#12015,#12016);
#9784=AXIS2_PLACEMENT_3D('',#14901,#12020,#12021);
#9785=AXIS2_PLACEMENT_3D('',#14903,#12023,#12024);
#9786=AXIS2_PLACEMENT_3D('',#14906,#12026,#12027);
#9787=AXIS2_PLACEMENT_3D('',#14910,#12030,#12031);
#9788=AXIS2_PLACEMENT_3D('',#14912,#12033,#12034);
#9789=AXIS2_PLACEMENT_3D('',#14914,#12036,#12037);
#9790=AXIS2_PLACEMENT_3D('',#14917,#12040,#12041);
#9791=AXIS2_PLACEMENT_3D('',#14925,#12049,#12050);
#9792=AXIS2_PLACEMENT_3D('',#14928,#12052,#12053);
#9793=AXIS2_PLACEMENT_3D('',#14936,#12060,#12061);
#9794=AXIS2_PLACEMENT_3D('',#14937,#12062,#12063);
#9795=AXIS2_PLACEMENT_3D('',#14938,#12064,#12065);
#9796=AXIS2_PLACEMENT_3D('',#14939,#12066,#12067);
#9797=AXIS2_PLACEMENT_3D('',#14940,#12068,#12069);
#9798=AXIS2_PLACEMENT_3D('',#14943,#12072,#12073);
#9799=AXIS2_PLACEMENT_3D('',#14944,#12074,#12075);
#9800=AXIS2_PLACEMENT_3D('',#14950,#12079,#12080);
#9801=AXIS2_PLACEMENT_3D('',#14953,#12083,#12084);
#9802=AXIS2_PLACEMENT_3D('',#14956,#12087,#12088);
#9803=AXIS2_PLACEMENT_3D('',#14959,#12090,#12091);
#9804=AXIS2_PLACEMENT_3D('',#14963,#12094,#12095);
#9805=AXIS2_PLACEMENT_3D('',#14964,#12096,#12097);
#9806=AXIS2_PLACEMENT_3D('',#14965,#12098,#12099);
#9807=AXIS2_PLACEMENT_3D('',#14966,#12100,#12101);
#9808=AXIS2_PLACEMENT_3D('',#14967,#12102,#12103);
#9809=AXIS2_PLACEMENT_3D('',#14968,#12104,#12105);
#9810=AXIS2_PLACEMENT_3D('',#14971,#12107,#12108);
#9811=AXIS2_PLACEMENT_3D('',#14974,#12110,#12111);
#9812=AXIS2_PLACEMENT_3D('',#14975,#12112,#12113);
#9813=AXIS2_PLACEMENT_3D('',#14979,#12116,#12117);
#9814=AXIS2_PLACEMENT_3D('',#14982,#12119,#12120);
#9815=AXIS2_PLACEMENT_3D('',#14983,#12121,#12122);
#9816=AXIS2_PLACEMENT_3D('',#14984,#12123,#12124);
#9817=AXIS2_PLACEMENT_3D('',#14987,#12126,#12127);
#9818=AXIS2_PLACEMENT_3D('',#14988,#12128,#12129);
#9819=AXIS2_PLACEMENT_3D('',#14991,#12131,#12132);
#9820=AXIS2_PLACEMENT_3D('',#14994,#12134,#12135);
#9821=AXIS2_PLACEMENT_3D('',#14997,#12137,#12138);
#9822=AXIS2_PLACEMENT_3D('',#15000,#12140,#12141);
#9823=AXIS2_PLACEMENT_3D('',#15001,#12142,#12143);
#9824=AXIS2_PLACEMENT_3D('',#15004,#12145,#12146);
#9825=AXIS2_PLACEMENT_3D('',#15007,#12148,#12149);
#9826=AXIS2_PLACEMENT_3D('',#15010,#12151,#12152);
#9827=AXIS2_PLACEMENT_3D('',#15011,#12153,#12154);
#9828=AXIS2_PLACEMENT_3D('',#15012,#12155,#12156);
#9829=AXIS2_PLACEMENT_3D('',#15014,#12158,#12159);
#9830=AXIS2_PLACEMENT_3D('',#15017,#12161,#12162);
#9831=AXIS2_PLACEMENT_3D('',#15020,#12164,#12165);
#9832=AXIS2_PLACEMENT_3D('',#15023,#12167,#12168);
#9833=AXIS2_PLACEMENT_3D('',#15024,#12169,#12170);
#9834=AXIS2_PLACEMENT_3D('',#15025,#12171,#12172);
#9835=AXIS2_PLACEMENT_3D('',#15029,#12175,#12176);
#9836=AXIS2_PLACEMENT_3D('',#15032,#12178,#12179);
#9837=AXIS2_PLACEMENT_3D('',#15033,#12180,#12181);
#9838=AXIS2_PLACEMENT_3D('',#15034,#12182,#12183);
#9839=AXIS2_PLACEMENT_3D('',#15037,#12185,#12186);
#9840=AXIS2_PLACEMENT_3D('',#15038,#12187,#12188);
#9841=AXIS2_PLACEMENT_3D('',#15039,#12189,#12190);
#9842=AXIS2_PLACEMENT_3D('',#15040,#12191,#12192);
#9843=AXIS2_PLACEMENT_3D('',#15041,#12193,#12194);
#9844=AXIS2_PLACEMENT_3D('',#15042,#12195,#12196);
#9845=AXIS2_PLACEMENT_3D('',#15043,#12197,#12198);
#9846=AXIS2_PLACEMENT_3D('',#15044,#12199,#12200);
#9847=AXIS2_PLACEMENT_3D('',#15045,#12201,#12202);
#9848=AXIS2_PLACEMENT_3D('',#15046,#12203,#12204);
#9849=AXIS2_PLACEMENT_3D('',#15047,#12205,#12206);
#9850=AXIS2_PLACEMENT_3D('',#15048,#12207,#12208);
#9851=AXIS2_PLACEMENT_3D('',#15049,#12209,#12210);
#9852=AXIS2_PLACEMENT_3D('',#15050,#12211,#12212);
#9853=AXIS2_PLACEMENT_3D('',#15051,#12213,#12214);
#9854=AXIS2_PLACEMENT_3D('',#15054,#12217,#12218);
#9855=AXIS2_PLACEMENT_3D('',#15057,#12221,#12222);
#9856=AXIS2_PLACEMENT_3D('',#15058,#12223,#12224);
#9857=AXIS2_PLACEMENT_3D('',#15061,#12227,#12228);
#9858=AXIS2_PLACEMENT_3D('',#15064,#12231,#12232);
#9859=AXIS2_PLACEMENT_3D('',#15065,#12233,#12234);
#9860=AXIS2_PLACEMENT_3D('',#15068,#12237,#12238);
#9861=AXIS2_PLACEMENT_3D('',#15071,#12241,#12242);
#9862=AXIS2_PLACEMENT_3D('',#15072,#12243,#12244);
#9863=AXIS2_PLACEMENT_3D('',#15075,#12247,#12248);
#9864=AXIS2_PLACEMENT_3D('',#15078,#12251,#12252);
#9865=AXIS2_PLACEMENT_3D('',#15081,#12255,#12256);
#9866=AXIS2_PLACEMENT_3D('',#15082,#12257,#12258);
#9867=AXIS2_PLACEMENT_3D('',#15085,#12261,#12262);
#9868=AXIS2_PLACEMENT_3D('',#15088,#12265,#12266);
#9869=AXIS2_PLACEMENT_3D('',#15089,#12267,#12268);
#9870=AXIS2_PLACEMENT_3D('',#15092,#12271,#12272);
#9871=AXIS2_PLACEMENT_3D('',#15093,#12273,#12274);
#9872=AXIS2_PLACEMENT_3D('',#15094,#12275,#12276);
#9873=AXIS2_PLACEMENT_3D('',#15095,#12277,#12278);
#9874=AXIS2_PLACEMENT_3D('',#15096,#12279,#12280);
#9875=AXIS2_PLACEMENT_3D('',#15097,#12281,#12282);
#9876=AXIS2_PLACEMENT_3D('',#15098,#12283,#12284);
#9877=AXIS2_PLACEMENT_3D('',#15099,#12285,#12286);
#9878=AXIS2_PLACEMENT_3D('',#15100,#12287,#12288);
#9879=AXIS2_PLACEMENT_3D('',#15101,#12289,#12290);
#9880=AXIS2_PLACEMENT_3D('',#15102,#12291,#12292);
#9881=AXIS2_PLACEMENT_3D('',#15103,#12293,#12294);
#9882=AXIS2_PLACEMENT_3D('',#15104,#12295,#12296);
#9883=AXIS2_PLACEMENT_3D('',#15105,#12297,#12298);
#9884=AXIS2_PLACEMENT_3D('',#15106,#12299,#12300);
#9885=AXIS2_PLACEMENT_3D('',#15107,#12301,#12302);
#9886=AXIS2_PLACEMENT_3D('',#15108,#12303,#12304);
#9887=AXIS2_PLACEMENT_3D('',#15109,#12305,#12306);
#9888=AXIS2_PLACEMENT_3D('',#15110,#12307,#12308);
#9889=AXIS2_PLACEMENT_3D('',#15111,#12309,#12310);
#9890=AXIS2_PLACEMENT_3D('',#15112,#12311,#12312);
#9891=AXIS2_PLACEMENT_3D('',#15113,#12313,#12314);
#9892=AXIS2_PLACEMENT_3D('',#15114,#12315,#12316);
#9893=AXIS2_PLACEMENT_3D('',#15115,#12317,#12318);
#9894=AXIS2_PLACEMENT_3D('',#15116,#12319,#12320);
#9895=AXIS2_PLACEMENT_3D('',#15117,#12321,#12322);
#9896=AXIS2_PLACEMENT_3D('',#15119,#12323,#12324);
#9897=AXIS2_PLACEMENT_3D('',#15120,#12325,#12326);
#9898=AXIS2_PLACEMENT_3D('',#15122,#12327,#12328);
#9899=AXIS2_PLACEMENT_3D('',#15123,#12329,#12330);
#9900=AXIS2_PLACEMENT_3D('',#15124,#12331,#12332);
#9901=AXIS2_PLACEMENT_3D('',#15129,#12335,#12336);
#9902=AXIS2_PLACEMENT_3D('',#15130,#12337,#12338);
#9903=AXIS2_PLACEMENT_3D('',#15134,#12341,#12342);
#9904=AXIS2_PLACEMENT_3D('',#15135,#12343,#12344);
#9905=AXIS2_PLACEMENT_3D('',#15137,#12345,#12346);
#9906=AXIS2_PLACEMENT_3D('',#15138,#12347,#12348);
#9907=AXIS2_PLACEMENT_3D('',#15140,#12349,#12350);
#9908=AXIS2_PLACEMENT_3D('',#15141,#12351,#12352);
#9909=AXIS2_PLACEMENT_3D('',#15142,#12353,#12354);
#9910=AXIS2_PLACEMENT_3D('',#15143,#12355,#12356);
#9911=AXIS2_PLACEMENT_3D('',#15144,#12357,#12358);
#9912=AXIS2_PLACEMENT_3D('',#15145,#12359,#12360);
#9913=AXIS2_PLACEMENT_3D('',#15146,#12361,#12362);
#9914=AXIS2_PLACEMENT_3D('',#15147,#12363,#12364);
#9915=AXIS2_PLACEMENT_3D('',#15148,#12365,#12366);
#9916=AXIS2_PLACEMENT_3D('',#15149,#12367,#12368);
#9917=AXIS2_PLACEMENT_3D('',#15150,#12369,#12370);
#9918=AXIS2_PLACEMENT_3D('',#15151,#12371,#12372);
#9919=AXIS2_PLACEMENT_3D('',#15152,#12373,#12374);
#9920=AXIS2_PLACEMENT_3D('',#15153,#12375,#12376);
#9921=AXIS2_PLACEMENT_3D('',#15157,#12378,#12379);
#9922=AXIS2_PLACEMENT_3D('',#15159,#12380,#12381);
#9923=AXIS2_PLACEMENT_3D('',#15161,#12382,#12383);
#9924=AXIS2_PLACEMENT_3D('',#15165,#12385,#12386);
#9925=AXIS2_PLACEMENT_3D('',#15167,#12387,#12388);
#9926=AXIS2_PLACEMENT_3D('',#15169,#12389,#12390);
#9927=AXIS2_PLACEMENT_3D('',#15170,#12391,#12392);
#9928=AXIS2_PLACEMENT_3D('',#15173,#12395,#12396);
#9929=AXIS2_PLACEMENT_3D('',#15176,#12399,#12400);
#9930=AXIS2_PLACEMENT_3D('',#15179,#12403,#12404);
#9931=AXIS2_PLACEMENT_3D('',#15182,#12407,#12408);
#9932=AXIS2_PLACEMENT_3D('',#15183,#12409,#12410);
#9933=AXIS2_PLACEMENT_3D('',#15186,#12411,#12412);
#9934=AXIS2_PLACEMENT_3D('',#15190,#12414,#12415);
#9935=AXIS2_PLACEMENT_3D('',#15192,#12416,#12417);
#9936=AXIS2_PLACEMENT_3D('',#15194,#12418,#12419);
#9937=AXIS2_PLACEMENT_3D('',#15198,#12421,#12422);
#9938=AXIS2_PLACEMENT_3D('',#15199,#12423,#12424);
#9939=AXIS2_PLACEMENT_3D('',#15202,#12427,#12428);
#9940=AXIS2_PLACEMENT_3D('',#15205,#12431,#12432);
#9941=AXIS2_PLACEMENT_3D('',#15208,#12435,#12436);
#9942=AXIS2_PLACEMENT_3D('',#15211,#12439,#12440);
#9943=AXIS2_PLACEMENT_3D('',#15212,#12441,#12442);
#9944=AXIS2_PLACEMENT_3D('',#15213,#12443,#12444);
#9945=AXIS2_PLACEMENT_3D('',#15214,#12445,#12446);
#9946=AXIS2_PLACEMENT_3D('',#15215,#12447,#12448);
#9947=AXIS2_PLACEMENT_3D('',#15216,#12449,#12450);
#9948=AXIS2_PLACEMENT_3D('',#15217,#12451,#12452);
#9949=AXIS2_PLACEMENT_3D('',#15218,#12453,#12454);
#9950=AXIS2_PLACEMENT_3D('',#15219,#12455,#12456);
#9951=AXIS2_PLACEMENT_3D('',#15220,#12457,#12458);
#9952=AXIS2_PLACEMENT_3D('',#15221,#12459,#12460);
#9953=AXIS2_PLACEMENT_3D('',#15222,#12461,#12462);
#9954=AXIS2_PLACEMENT_3D('',#15224,#12463,#12464);
#9955=AXIS2_PLACEMENT_3D('',#15225,#12465,#12466);
#9956=AXIS2_PLACEMENT_3D('',#15227,#12467,#12468);
#9957=AXIS2_PLACEMENT_3D('',#15228,#12469,#12470);
#9958=AXIS2_PLACEMENT_3D('',#15230,#12471,#12472);
#9959=AXIS2_PLACEMENT_3D('',#15237,#12477,#12478);
#9960=AXIS2_PLACEMENT_3D('',#15243,#12482,#12483);
#9961=AXIS2_PLACEMENT_3D('',#15246,#12485,#12486);
#9962=AXIS2_PLACEMENT_3D('',#15249,#12488,#12489);
#9963=AXIS2_PLACEMENT_3D('',#15255,#12493,#12494);
#9964=AXIS2_PLACEMENT_3D('',#15260,#12497,#12498);
#9965=AXIS2_PLACEMENT_3D('',#15261,#12499,#12500);
#9966=AXIS2_PLACEMENT_3D('',#15262,#12501,#12502);
#9967=AXIS2_PLACEMENT_3D('',#15263,#12503,#12504);
#9968=AXIS2_PLACEMENT_3D('',#15264,#12505,#12506);
#9969=AXIS2_PLACEMENT_3D('',#15265,#12507,#12508);
#9970=AXIS2_PLACEMENT_3D('',#15266,#12509,#12510);
#9971=AXIS2_PLACEMENT_3D('',#15267,#12511,#12512);
#9972=AXIS2_PLACEMENT_3D('',#15268,#12513,#12514);
#9973=AXIS2_PLACEMENT_3D('',#15269,#12515,#12516);
#9974=AXIS2_PLACEMENT_3D('',#15270,#12517,#12518);
#9975=AXIS2_PLACEMENT_3D('',#15272,#12520,#12521);
#9976=AXIS2_PLACEMENT_3D('',#15273,#12522,#12523);
#9977=AXIS2_PLACEMENT_3D('',#15275,#12525,#12526);
#9978=AXIS2_PLACEMENT_3D('',#15276,#12527,#12528);
#9979=AXIS2_PLACEMENT_3D('',#15277,#12529,#12530);
#9980=AXIS2_PLACEMENT_3D('',#15278,#12531,#12532);
#9981=AXIS2_PLACEMENT_3D('',#15279,#12533,#12534);
#9982=AXIS2_PLACEMENT_3D('',#15287,#12539,#12540);
#9983=AXIS2_PLACEMENT_3D('',#15288,#12541,#12542);
#9984=AXIS2_PLACEMENT_3D('',#15290,#12543,#12544);
#9985=AXIS2_PLACEMENT_3D('',#15291,#12545,#12546);
#9986=AXIS2_PLACEMENT_3D('',#15293,#12547,#12548);
#9987=AXIS2_PLACEMENT_3D('',#15294,#12549,#12550);
#9988=AXIS2_PLACEMENT_3D('',#15300,#12554,#12555);
#9989=AXIS2_PLACEMENT_3D('',#15303,#12557,#12558);
#9990=AXIS2_PLACEMENT_3D('',#15306,#12560,#12561);
#9991=AXIS2_PLACEMENT_3D('',#15312,#12565,#12566);
#9992=AXIS2_PLACEMENT_3D('',#15317,#12569,#12570);
#9993=AXIS2_PLACEMENT_3D('',#15318,#12571,#12572);
#9994=AXIS2_PLACEMENT_3D('',#15319,#12573,#12574);
#9995=AXIS2_PLACEMENT_3D('',#15320,#12575,#12576);
#9996=AXIS2_PLACEMENT_3D('',#15321,#12577,#12578);
#9997=AXIS2_PLACEMENT_3D('',#15322,#12579,#12580);
#9998=AXIS2_PLACEMENT_3D('',#15323,#12581,#12582);
#9999=AXIS2_PLACEMENT_3D('',#15324,#12583,#12584);
#10000=AXIS2_PLACEMENT_3D('',#15325,#12585,#12586);
#10001=AXIS2_PLACEMENT_3D('',#15326,#12587,#12588);
#10002=AXIS2_PLACEMENT_3D('',#15327,#12589,#12590);
#10003=AXIS2_PLACEMENT_3D('',#15329,#12592,#12593);
#10004=AXIS2_PLACEMENT_3D('',#15331,#12595,#12596);
#10005=AXIS2_PLACEMENT_3D('',#15332,#12597,#12598);
#10006=AXIS2_PLACEMENT_3D('',#15333,#12599,#12600);
#10007=AXIS2_PLACEMENT_3D('',#15334,#12601,#12602);
#10008=AXIS2_PLACEMENT_3D('',#15335,#12603,#12604);
#10009=AXIS2_PLACEMENT_3D('',#15336,#12605,#12606);
#10010=AXIS2_PLACEMENT_3D('',#15344,#12611,#12612);
#10011=AXIS2_PLACEMENT_3D('',#15345,#12613,#12614);
#10012=AXIS2_PLACEMENT_3D('',#15347,#12615,#12616);
#10013=AXIS2_PLACEMENT_3D('',#15348,#12617,#12618);
#10014=AXIS2_PLACEMENT_3D('',#15350,#12619,#12620);
#10015=AXIS2_PLACEMENT_3D('',#15351,#12621,#12622);
#10016=AXIS2_PLACEMENT_3D('',#15357,#12626,#12627);
#10017=AXIS2_PLACEMENT_3D('',#15360,#12629,#12630);
#10018=AXIS2_PLACEMENT_3D('',#15363,#12632,#12633);
#10019=AXIS2_PLACEMENT_3D('',#15369,#12637,#12638);
#10020=AXIS2_PLACEMENT_3D('',#15374,#12641,#12642);
#10021=AXIS2_PLACEMENT_3D('',#15375,#12643,#12644);
#10022=AXIS2_PLACEMENT_3D('',#15376,#12645,#12646);
#10023=AXIS2_PLACEMENT_3D('',#15377,#12647,#12648);
#10024=AXIS2_PLACEMENT_3D('',#15378,#12649,#12650);
#10025=AXIS2_PLACEMENT_3D('',#15379,#12651,#12652);
#10026=AXIS2_PLACEMENT_3D('',#15380,#12653,#12654);
#10027=AXIS2_PLACEMENT_3D('',#15381,#12655,#12656);
#10028=AXIS2_PLACEMENT_3D('',#15382,#12657,#12658);
#10029=AXIS2_PLACEMENT_3D('',#15383,#12659,#12660);
#10030=AXIS2_PLACEMENT_3D('',#15384,#12661,#12662);
#10031=AXIS2_PLACEMENT_3D('',#15386,#12664,#12665);
#10032=AXIS2_PLACEMENT_3D('',#15388,#12667,#12668);
#10033=AXIS2_PLACEMENT_3D('',#15389,#12669,#12670);
#10034=AXIS2_PLACEMENT_3D('',#15390,#12671,#12672);
#10035=AXIS2_PLACEMENT_3D('',#15391,#12673,#12674);
#10036=AXIS2_PLACEMENT_3D('',#15392,#12675,#12676);
#10037=AXIS2_PLACEMENT_3D('',#15393,#12677,#12678);
#10038=AXIS2_PLACEMENT_3D('',#15395,#12679,#12680);
#10039=AXIS2_PLACEMENT_3D('',#15396,#12681,#12682);
#10040=AXIS2_PLACEMENT_3D('',#15398,#12683,#12684);
#10041=AXIS2_PLACEMENT_3D('',#15399,#12685,#12686);
#10042=AXIS2_PLACEMENT_3D('',#15401,#12687,#12688);
#10043=AXIS2_PLACEMENT_3D('',#15408,#12693,#12694);
#10044=AXIS2_PLACEMENT_3D('',#15414,#12698,#12699);
#10045=AXIS2_PLACEMENT_3D('',#15417,#12701,#12702);
#10046=AXIS2_PLACEMENT_3D('',#15420,#12704,#12705);
#10047=AXIS2_PLACEMENT_3D('',#15426,#12709,#12710);
#10048=AXIS2_PLACEMENT_3D('',#15431,#12713,#12714);
#10049=AXIS2_PLACEMENT_3D('',#15432,#12715,#12716);
#10050=AXIS2_PLACEMENT_3D('',#15433,#12717,#12718);
#10051=AXIS2_PLACEMENT_3D('',#15434,#12719,#12720);
#10052=AXIS2_PLACEMENT_3D('',#15435,#12721,#12722);
#10053=AXIS2_PLACEMENT_3D('',#15436,#12723,#12724);
#10054=AXIS2_PLACEMENT_3D('',#15437,#12725,#12726);
#10055=AXIS2_PLACEMENT_3D('',#15438,#12727,#12728);
#10056=AXIS2_PLACEMENT_3D('',#15439,#12729,#12730);
#10057=AXIS2_PLACEMENT_3D('',#15440,#12731,#12732);
#10058=AXIS2_PLACEMENT_3D('',#15441,#12733,#12734);
#10059=AXIS2_PLACEMENT_3D('',#15443,#12736,#12737);
#10060=AXIS2_PLACEMENT_3D('',#15444,#12738,#12739);
#10061=AXIS2_PLACEMENT_3D('',#15446,#12741,#12742);
#10062=AXIS2_PLACEMENT_3D('',#15447,#12743,#12744);
#10063=AXIS2_PLACEMENT_3D('',#15451,#12746,#12747);
#10064=AXIS2_PLACEMENT_3D('',#15452,#12748,#12749);
#10065=AXIS2_PLACEMENT_3D('',#15457,#12752,#12753);
#10066=AXIS2_PLACEMENT_3D('',#15458,#12754,#12755);
#10067=AXIS2_PLACEMENT_3D('',#15459,#12756,#12757);
#10068=AXIS2_PLACEMENT_3D('',#15460,#12758,#12759);
#10069=AXIS2_PLACEMENT_3D('',#15462,#12761,#12762);
#10070=AXIS2_PLACEMENT_3D('',#15464,#12764,#12765);
#10071=AXIS2_PLACEMENT_3D('',#15465,#12766,#12767);
#10072=AXIS2_PLACEMENT_3D('',#15466,#12768,#12769);
#10073=AXIS2_PLACEMENT_3D('',#15467,#12770,#12771);
#10074=AXIS2_PLACEMENT_3D('',#15469,#12772,#12773);
#10075=AXIS2_PLACEMENT_3D('',#15472,#12775,#12776);
#10076=AXIS2_PLACEMENT_3D('',#15473,#12777,#12778);
#10077=AXIS2_PLACEMENT_3D('',#15478,#12781,#12782);
#10078=AXIS2_PLACEMENT_3D('',#15479,#12783,#12784);
#10079=AXIS2_PLACEMENT_3D('',#15481,#12786,#12787);
#10080=AXIS2_PLACEMENT_3D('',#15483,#12789,#12790);
#10081=AXIS2_PLACEMENT_3D('',#15484,#12791,#12792);
#10082=AXIS2_PLACEMENT_3D('',#15485,#12793,#12794);
#10083=AXIS2_PLACEMENT_3D('',#15486,#12795,#12796);
#10084=AXIS2_PLACEMENT_3D('',#15488,#12797,#12798);
#10085=AXIS2_PLACEMENT_3D('',#15491,#12800,#12801);
#10086=AXIS2_PLACEMENT_3D('',#15492,#12802,#12803);
#10087=AXIS2_PLACEMENT_3D('',#15497,#12806,#12807);
#10088=AXIS2_PLACEMENT_3D('',#15498,#12808,#12809);
#10089=AXIS2_PLACEMENT_3D('',#15500,#12811,#12812);
#10090=AXIS2_PLACEMENT_3D('',#15502,#12814,#12815);
#10091=AXIS2_PLACEMENT_3D('',#15503,#12816,#12817);
#10092=AXIS2_PLACEMENT_3D('',#15504,#12818,#12819);
#10093=AXIS2_PLACEMENT_3D('',#15508,#12821,#12822);
#10094=AXIS2_PLACEMENT_3D('',#15509,#12823,#12824);
#10095=AXIS2_PLACEMENT_3D('',#15514,#12827,#12828);
#10096=AXIS2_PLACEMENT_3D('',#15515,#12829,#12830);
#10097=AXIS2_PLACEMENT_3D('',#15516,#12831,#12832);
#10098=AXIS2_PLACEMENT_3D('',#15517,#12833,#12834);
#10099=AXIS2_PLACEMENT_3D('',#15519,#12836,#12837);
#10100=AXIS2_PLACEMENT_3D('',#15521,#12839,#12840);
#10101=AXIS2_PLACEMENT_3D('',#15522,#12841,#12842);
#10102=AXIS2_PLACEMENT_3D('',#15523,#12843,#12844);
#10103=AXIS2_PLACEMENT_3D('',#15524,#12845,#12846);
#10104=AXIS2_PLACEMENT_3D('',#15526,#12847,#12848);
#10105=AXIS2_PLACEMENT_3D('',#15529,#12850,#12851);
#10106=AXIS2_PLACEMENT_3D('',#15530,#12852,#12853);
#10107=AXIS2_PLACEMENT_3D('',#15535,#12856,#12857);
#10108=AXIS2_PLACEMENT_3D('',#15536,#12858,#12859);
#10109=AXIS2_PLACEMENT_3D('',#15538,#12861,#12862);
#10110=AXIS2_PLACEMENT_3D('',#15540,#12864,#12865);
#10111=AXIS2_PLACEMENT_3D('',#15541,#12866,#12867);
#10112=AXIS2_PLACEMENT_3D('',#15542,#12868,#12869);
#10113=AXIS2_PLACEMENT_3D('',#15546,#12871,#12872);
#10114=AXIS2_PLACEMENT_3D('',#15547,#12873,#12874);
#10115=AXIS2_PLACEMENT_3D('',#15552,#12877,#12878);
#10116=AXIS2_PLACEMENT_3D('',#15553,#12879,#12880);
#10117=AXIS2_PLACEMENT_3D('',#15554,#12881,#12882);
#10118=AXIS2_PLACEMENT_3D('',#15555,#12883,#12884);
#10119=AXIS2_PLACEMENT_3D('',#15557,#12886,#12887);
#10120=AXIS2_PLACEMENT_3D('',#15559,#12889,#12890);
#10121=AXIS2_PLACEMENT_3D('',#15560,#12891,#12892);
#10122=AXIS2_PLACEMENT_3D('',#15561,#12893,#12894);
#10123=AXIS2_PLACEMENT_3D('',#15565,#12896,#12897);
#10124=AXIS2_PLACEMENT_3D('',#15566,#12898,#12899);
#10125=AXIS2_PLACEMENT_3D('',#15571,#12902,#12903);
#10126=AXIS2_PLACEMENT_3D('',#15572,#12904,#12905);
#10127=AXIS2_PLACEMENT_3D('',#15573,#12906,#12907);
#10128=AXIS2_PLACEMENT_3D('',#15574,#12908,#12909);
#10129=AXIS2_PLACEMENT_3D('',#15576,#12911,#12912);
#10130=AXIS2_PLACEMENT_3D('',#15578,#12914,#12915);
#10131=AXIS2_PLACEMENT_3D('',#15579,#12916,#12917);
#10132=AXIS2_PLACEMENT_3D('',#15580,#12918,#12919);
#10133=AXIS2_PLACEMENT_3D('',#15581,#12920,#12921);
#10134=AXIS2_PLACEMENT_3D('',#15583,#12922,#12923);
#10135=AXIS2_PLACEMENT_3D('',#15586,#12925,#12926);
#10136=AXIS2_PLACEMENT_3D('',#15587,#12927,#12928);
#10137=AXIS2_PLACEMENT_3D('',#15592,#12931,#12932);
#10138=AXIS2_PLACEMENT_3D('',#15593,#12933,#12934);
#10139=AXIS2_PLACEMENT_3D('',#15595,#12936,#12937);
#10140=AXIS2_PLACEMENT_3D('',#15597,#12939,#12940);
#10141=AXIS2_PLACEMENT_3D('',#15598,#12941,#12942);
#10142=AXIS2_PLACEMENT_3D('',#15599,#12943,#12944);
#10143=AXIS2_PLACEMENT_3D('',#15605,#12948,#12949);
#10144=AXIS2_PLACEMENT_3D('',#15611,#12953,#12954);
#10145=AXIS2_PLACEMENT_3D('',#15612,#12955,#12956);
#10146=AXIS2_PLACEMENT_3D('',#15613,#12957,#12958);
#10147=AXIS2_PLACEMENT_3D('',#15614,#12959,#12960);
#10148=AXIS2_PLACEMENT_3D('',#15615,#12961,#12962);
#10149=DIRECTION('',(0.,0.,1.));
#10150=DIRECTION('',(1.,0.,0.));
#10151=DIRECTION('',(1.,-6.12303176911189E-17,0.));
#10152=DIRECTION('',(6.12303176911189E-17,1.,0.));
#10153=DIRECTION('',(6.12303176911189E-17,1.,0.));
#10154=DIRECTION('',(1.18019632822558E-31,1.92747052886312E-15,-1.));
#10155=DIRECTION('',(-6.12303176911189E-17,-1.,0.));
#10156=DIRECTION('',(1.,-6.12303176911189E-17,0.));
#10157=DIRECTION('',(-6.12303176911189E-17,-1.,0.));
#10158=DIRECTION('',(1.,-6.12303176911189E-17,0.));
#10159=DIRECTION('',(6.12303176911189E-17,1.,0.));
#10160=DIRECTION('',(6.12303176911189E-17,1.,0.));
#10161=DIRECTION('',(1.,-6.12303176911189E-17,0.));
#10162=DIRECTION('',(-6.12303176911189E-17,-1.,0.));
#10163=DIRECTION('',(-6.12303176911189E-17,-1.,0.));
#10164=DIRECTION('',(1.18019632822558E-31,1.92747052886312E-15,-1.));
#10165=DIRECTION('',(1.,0.,0.));
#10166=DIRECTION('',(0.,0.,1.));
#10167=DIRECTION('',(1.,0.,0.));
#10168=DIRECTION('',(1.,0.,0.));
#10169=DIRECTION('',(0.,0.,1.));
#10170=DIRECTION('',(-1.,0.,0.));
#10171=DIRECTION('',(1.,0.,0.));
#10172=DIRECTION('',(0.,-1.,-1.92747052886312E-15));
#10173=DIRECTION('',(0.,-1.92747052886312E-15,1.));
#10174=DIRECTION('',(1.,0.,0.));
#10175=DIRECTION('',(0.,-1.,1.92747052886312E-15));
#10176=DIRECTION('',(0.,-1.92747052886312E-15,-1.));
#10177=DIRECTION('',(1.18019632822558E-31,1.92747052886312E-15,1.));
#10178=DIRECTION('',(1.,0.,0.));
#10179=DIRECTION('',(1.18019632822558E-31,1.92747052886312E-15,1.));
#10180=DIRECTION('',(1.,0.,0.));
#10181=DIRECTION('',(0.,0.,-1.));
#10182=DIRECTION('',(-1.,0.,0.));
#10183=DIRECTION('',(-6.12303176911189E-17,-1.,0.));
#10184=DIRECTION('',(1.,0.,0.));
#10185=DIRECTION('',(-6.12303176911189E-17,-1.,0.));
#10186=DIRECTION('',(1.,0.,0.));
#10187=DIRECTION('',(0.,0.,-1.));
#10188=DIRECTION('',(-1.,6.12303176911189E-17,0.));
#10189=DIRECTION('',(-6.12303176911189E-17,-1.,0.));
#10190=DIRECTION('',(1.,0.,0.));
#10191=DIRECTION('',(-1.,6.12303176911189E-17,0.));
#10192=DIRECTION('',(-6.12303176911189E-17,-1.,0.));
#10193=DIRECTION('',(1.,-6.12303176911189E-17,0.));
#10194=DIRECTION('',(6.12303176911189E-17,1.,0.));
#10195=DIRECTION('',(6.12303176911189E-17,1.,0.));
#10196=DIRECTION('',(1.,-6.12303176911189E-17,0.));
#10197=DIRECTION('',(6.12303176911189E-17,1.,0.));
#10198=DIRECTION('',(6.12303176911189E-17,1.,0.));
#10199=DIRECTION('',(1.,6.12303176911189E-17,0.));
#10200=DIRECTION('',(6.12303176911189E-17,-1.,0.));
#10201=DIRECTION('',(6.12303176911189E-17,-1.,0.));
#10202=DIRECTION('',(1.18019632822558E-31,-1.92747052886312E-15,1.));
#10203=DIRECTION('',(-6.12303176911189E-17,1.,0.));
#10204=DIRECTION('',(1.,6.12303176911189E-17,0.));
#10205=DIRECTION('',(-6.12303176911189E-17,1.,0.));
#10206=DIRECTION('',(1.,6.12303176911189E-17,0.));
#10207=DIRECTION('',(6.12303176911189E-17,-1.,0.));
#10208=DIRECTION('',(6.12303176911189E-17,-1.,0.));
#10209=DIRECTION('',(1.,6.12303176911189E-17,0.));
#10210=DIRECTION('',(-6.12303176911189E-17,1.,0.));
#10211=DIRECTION('',(-6.12303176911189E-17,1.,0.));
#10212=DIRECTION('',(1.18019632822558E-31,-1.92747052886312E-15,1.));
#10213=DIRECTION('',(1.,0.,0.));
#10214=DIRECTION('',(0.,0.,-1.));
#10215=DIRECTION('',(1.,0.,0.));
#10216=DIRECTION('',(1.,0.,0.));
#10217=DIRECTION('',(0.,0.,-1.));
#10218=DIRECTION('',(-1.,0.,0.));
#10219=DIRECTION('',(1.,0.,0.));
#10220=DIRECTION('',(0.,1.,1.92747052886312E-15));
#10221=DIRECTION('',(0.,1.92747052886312E-15,-1.));
#10222=DIRECTION('',(1.,0.,0.));
#10223=DIRECTION('',(0.,1.,-1.92747052886312E-15));
#10224=DIRECTION('',(0.,1.92747052886312E-15,1.));
#10225=DIRECTION('',(1.18019632822558E-31,-1.92747052886312E-15,-1.));
#10226=DIRECTION('',(1.,0.,0.));
#10227=DIRECTION('',(1.18019632822558E-31,-1.92747052886312E-15,-1.));
#10228=DIRECTION('',(1.,0.,0.));
#10229=DIRECTION('',(0.,0.,1.));
#10230=DIRECTION('',(-1.,0.,0.));
#10231=DIRECTION('',(-6.12303176911189E-17,1.,0.));
#10232=DIRECTION('',(1.,0.,0.));
#10233=DIRECTION('',(-6.12303176911189E-17,1.,0.));
#10234=DIRECTION('',(1.,0.,0.));
#10235=DIRECTION('',(0.,0.,1.));
#10236=DIRECTION('',(-1.,-6.12303176911189E-17,0.));
#10237=DIRECTION('',(-6.12303176911189E-17,1.,0.));
#10238=DIRECTION('',(1.,0.,0.));
#10239=DIRECTION('',(-1.,-6.12303176911189E-17,0.));
#10240=DIRECTION('',(-6.12303176911189E-17,1.,0.));
#10241=DIRECTION('',(1.,6.12303176911189E-17,0.));
#10242=DIRECTION('',(6.12303176911189E-17,-1.,0.));
#10243=DIRECTION('',(6.12303176911189E-17,-1.,0.));
#10244=DIRECTION('',(1.,6.12303176911189E-17,0.));
#10245=DIRECTION('',(6.12303176911189E-17,-1.,0.));
#10246=DIRECTION('',(6.12303176911189E-17,-1.,0.));
#10247=DIRECTION('',(-1.,-6.12303176911189E-17,0.));
#10248=DIRECTION('',(-6.12303176911189E-17,1.,0.));
#10249=DIRECTION('',(-6.12303176911189E-17,1.,0.));
#10250=DIRECTION('',(-1.18019632822558E-31,1.92747052886312E-15,1.));
#10251=DIRECTION('',(6.12303176911189E-17,-1.,0.));
#10252=DIRECTION('',(-1.,-6.12303176911189E-17,0.));
#10253=DIRECTION('',(6.12303176911189E-17,-1.,0.));
#10254=DIRECTION('',(-1.,-6.12303176911189E-17,0.));
#10255=DIRECTION('',(-6.12303176911189E-17,1.,0.));
#10256=DIRECTION('',(-6.12303176911189E-17,1.,0.));
#10257=DIRECTION('',(-1.,-6.12303176911189E-17,0.));
#10258=DIRECTION('',(6.12303176911189E-17,-1.,0.));
#10259=DIRECTION('',(6.12303176911189E-17,-1.,0.));
#10260=DIRECTION('',(-1.18019632822558E-31,1.92747052886312E-15,1.));
#10261=DIRECTION('',(-1.,0.,0.));
#10262=DIRECTION('',(0.,0.,-1.));
#10263=DIRECTION('',(-1.,0.,0.));
#10264=DIRECTION('',(-1.,0.,0.));
#10265=DIRECTION('',(0.,0.,-1.));
#10266=DIRECTION('',(1.,0.,0.));
#10267=DIRECTION('',(-1.,0.,0.));
#10268=DIRECTION('',(0.,-1.,1.92747052886312E-15));
#10269=DIRECTION('',(0.,-1.92747052886312E-15,-1.));
#10270=DIRECTION('',(-1.,0.,0.));
#10271=DIRECTION('',(0.,-1.,-1.92747052886312E-15));
#10272=DIRECTION('',(0.,-1.92747052886312E-15,1.));
#10273=DIRECTION('',(-1.18019632822558E-31,1.92747052886312E-15,-1.));
#10274=DIRECTION('',(-1.,0.,0.));
#10275=DIRECTION('',(-1.18019632822558E-31,1.92747052886312E-15,-1.));
#10276=DIRECTION('',(-1.,0.,0.));
#10277=DIRECTION('',(0.,0.,1.));
#10278=DIRECTION('',(1.,0.,0.));
#10279=DIRECTION('',(6.12303176911189E-17,-1.,0.));
#10280=DIRECTION('',(-1.,0.,0.));
#10281=DIRECTION('',(6.12303176911189E-17,-1.,0.));
#10282=DIRECTION('',(-1.,0.,0.));
#10283=DIRECTION('',(0.,0.,1.));
#10284=DIRECTION('',(1.,6.12303176911189E-17,0.));
#10285=DIRECTION('',(6.12303176911189E-17,-1.,0.));
#10286=DIRECTION('',(-1.,0.,0.));
#10287=DIRECTION('',(1.,6.12303176911189E-17,0.));
#10288=DIRECTION('',(6.12303176911189E-17,-1.,0.));
#10289=DIRECTION('',(-1.,-6.12303176911189E-17,0.));
#10290=DIRECTION('',(-6.12303176911189E-17,1.,0.));
#10291=DIRECTION('',(-6.12303176911189E-17,1.,0.));
#10292=DIRECTION('',(-1.,-6.12303176911189E-17,0.));
#10293=DIRECTION('',(-6.12303176911189E-17,1.,0.));
#10294=DIRECTION('',(-6.12303176911189E-17,1.,0.));
#10295=DIRECTION('',(0.,1.,1.92747052886312E-15));
#10296=DIRECTION('',(0.,1.92747052886312E-15,-1.));
#10297=DIRECTION('',(-1.18019632822558E-31,-1.92747052886312E-15,1.));
#10298=DIRECTION('',(-1.,0.,0.));
#10299=DIRECTION('',(-1.18019632822558E-31,-1.92747052886312E-15,1.));
#10300=DIRECTION('',(-1.,0.,0.));
#10301=DIRECTION('',(0.,0.,-1.));
#10302=DIRECTION('',(1.,0.,0.));
#10303=DIRECTION('',(6.12303176911189E-17,1.,0.));
#10304=DIRECTION('',(-1.,0.,0.));
#10305=DIRECTION('',(6.12303176911189E-17,1.,0.));
#10306=DIRECTION('',(-1.,0.,0.));
#10307=DIRECTION('',(0.,0.,-1.));
#10308=DIRECTION('',(1.,-6.12303176911189E-17,0.));
#10309=DIRECTION('',(6.12303176911189E-17,1.,0.));
#10310=DIRECTION('',(-1.,0.,0.));
#10311=DIRECTION('',(1.,-6.12303176911189E-17,0.));
#10312=DIRECTION('',(6.12303176911189E-17,1.,0.));
#10313=DIRECTION('',(-1.,6.12303176911189E-17,0.));
#10314=DIRECTION('',(-6.12303176911189E-17,-1.,0.));
#10315=DIRECTION('',(-6.12303176911189E-17,-1.,0.));
#10316=DIRECTION('',(-1.,6.12303176911189E-17,0.));
#10317=DIRECTION('',(-6.12303176911189E-17,-1.,0.));
#10318=DIRECTION('',(-6.12303176911189E-17,-1.,0.));
#10319=DIRECTION('',(0.,0.,1.));
#10320=DIRECTION('',(1.,0.,0.));
#10321=DIRECTION('',(2.04085114820801E-16,1.,0.));
#10322=DIRECTION('',(-1.,-2.16840434497101E-16,0.));
#10323=DIRECTION('',(-2.04085114820801E-16,1.,0.));
#10324=DIRECTION('',(-2.04085114820801E-16,1.,0.));
#10325=DIRECTION('',(-1.,-1.11200222819026E-16,0.));
#10326=DIRECTION('',(0.,-1.,0.));
#10327=DIRECTION('',(1.,-1.11200222819026E-16,0.));
#10328=DIRECTION('',(-2.04085114820801E-16,-1.,0.));
#10329=DIRECTION('',(-2.04085114820801E-16,-1.,0.));
#10330=DIRECTION('',(1.,0.,0.));
#10331=DIRECTION('',(2.04085114820801E-16,-1.,0.));
#10332=DIRECTION('',(2.04085114820801E-16,-1.,0.));
#10333=DIRECTION('',(1.,1.11200222819026E-16,0.));
#10334=DIRECTION('',(-2.16840434497101E-16,1.,0.));
#10335=DIRECTION('',(-1.,1.11200222819026E-16,0.));
#10336=DIRECTION('',(2.04085114820801E-16,1.,0.));
#10337=DIRECTION('',(-1.,0.,2.95691501586956E-16));
#10338=DIRECTION('',(0.,1.,0.));
#10339=DIRECTION('',(-1.,0.,2.95691501586956E-16));
#10340=DIRECTION('',(0.,0.,1.));
#10341=DIRECTION('',(1.,0.,0.));
#10342=DIRECTION('',(0.,0.,1.));
#10343=DIRECTION('',(1.,0.,0.));
#10344=DIRECTION('',(-1.,-7.2280144832367E-17,0.));
#10345=DIRECTION('',(0.,0.,1.));
#10346=DIRECTION('',(1.,0.,0.));
#10347=DIRECTION('',(0.,0.,1.));
#10348=DIRECTION('',(1.,0.,0.));
#10349=DIRECTION('',(-1.,0.,-2.95691501586956E-16));
#10350=DIRECTION('',(0.,1.,0.));
#10351=DIRECTION('',(-1.,0.,-2.95691501586956E-16));
#10352=DIRECTION('',(0.,0.,1.));
#10353=DIRECTION('',(1.,0.,0.));
#10354=DIRECTION('',(0.,0.,1.));
#10355=DIRECTION('',(1.,0.,0.));
#10356=DIRECTION('',(1.,2.89120579329468E-16,0.));
#10357=DIRECTION('',(0.,0.,1.));
#10358=DIRECTION('',(1.,0.,0.));
#10359=DIRECTION('',(0.,0.,1.));
#10360=DIRECTION('',(1.,0.,0.));
#10361=DIRECTION('',(0.,0.,1.));
#10362=DIRECTION('',(1.,0.,0.));
#10363=DIRECTION('',(0.,0.,1.));
#10364=DIRECTION('',(1.,0.,0.));
#10365=DIRECTION('',(1.,0.,-2.95691501586956E-16));
#10366=DIRECTION('',(0.,-1.,0.));
#10367=DIRECTION('',(1.,0.,-2.95691501586956E-16));
#10368=DIRECTION('',(0.,0.,1.));
#10369=DIRECTION('',(1.,0.,0.));
#10370=DIRECTION('',(0.,0.,1.));
#10371=DIRECTION('',(1.,0.,0.));
#10372=DIRECTION('',(-1.,-7.2280144832367E-17,0.));
#10373=DIRECTION('',(0.,0.,1.));
#10374=DIRECTION('',(1.,0.,0.));
#10375=DIRECTION('',(0.,0.,1.));
#10376=DIRECTION('',(1.,0.,0.));
#10377=DIRECTION('',(1.,0.,2.95691501586956E-16));
#10378=DIRECTION('',(0.,-1.,0.));
#10379=DIRECTION('',(1.,0.,2.95691501586956E-16));
#10380=DIRECTION('',(0.,0.,1.));
#10381=DIRECTION('',(1.,0.,0.));
#10382=DIRECTION('',(0.,0.,1.));
#10383=DIRECTION('',(1.,0.,0.));
#10384=DIRECTION('',(1.,2.89120579329468E-16,0.));
#10385=DIRECTION('',(0.,1.,0.));
#10386=DIRECTION('',(1.,0.,0.));
#10387=DIRECTION('',(1.44560289664734E-16,-1.,0.));
#10388=DIRECTION('',(-1.,-1.30104260698261E-16,0.));
#10389=DIRECTION('',(-1.,0.,0.));
#10390=DIRECTION('',(-6.12303176911189E-17,-1.,0.));
#10391=DIRECTION('',(-1.,0.,0.));
#10392=DIRECTION('',(-6.12303176911189E-17,-1.,0.));
#10393=DIRECTION('',(0.,0.,1.));
#10394=DIRECTION('',(1.,0.,0.));
#10395=DIRECTION('',(0.,0.,1.));
#10396=DIRECTION('',(1.,0.,0.));
#10397=DIRECTION('',(0.,0.,1.));
#10398=DIRECTION('',(1.,0.,0.));
#10399=DIRECTION('',(1.,0.,2.95691501586956E-16));
#10400=DIRECTION('',(0.,1.,0.));
#10401=DIRECTION('',(1.,0.,2.95691501586956E-16));
#10402=DIRECTION('',(0.,0.,1.));
#10403=DIRECTION('',(1.,0.,0.));
#10404=DIRECTION('',(0.,0.,1.));
#10405=DIRECTION('',(1.,0.,0.));
#10406=DIRECTION('',(1.,2.89120579329468E-16,0.));
#10407=DIRECTION('',(0.,0.,1.));
#10408=DIRECTION('',(1.,0.,0.));
#10409=DIRECTION('',(0.,0.,1.));
#10410=DIRECTION('',(1.,0.,0.));
#10411=DIRECTION('',(1.,0.,-2.95691501586956E-16));
#10412=DIRECTION('',(0.,1.,0.));
#10413=DIRECTION('',(1.,0.,-2.95691501586956E-16));
#10414=DIRECTION('',(0.,0.,1.));
#10415=DIRECTION('',(1.,0.,0.));
#10416=DIRECTION('',(0.,0.,1.));
#10417=DIRECTION('',(1.,0.,0.));
#10418=DIRECTION('',(-1.,-7.2280144832367E-17,0.));
#10419=DIRECTION('',(0.,1.,0.));
#10420=DIRECTION('',(-1.,-1.30104260698261E-16,0.));
#10421=DIRECTION('',(1.44560289664734E-16,-1.,0.));
#10422=DIRECTION('',(1.,0.,0.));
#10423=DIRECTION('',(0.,1.,0.));
#10424=DIRECTION('',(1.,0.,0.));
#10425=DIRECTION('',(1.44560289664734E-16,-1.,0.));
#10426=DIRECTION('',(1.,0.,0.));
#10427=DIRECTION('',(0.,1.,0.));
#10428=DIRECTION('',(1.,0.,0.));
#10429=DIRECTION('',(1.44560289664734E-16,-1.,0.));
#10430=DIRECTION('',(1.,0.,0.));
#10431=DIRECTION('',(0.,1.,0.));
#10432=DIRECTION('',(1.,0.,0.));
#10433=DIRECTION('',(1.44560289664734E-16,-1.,0.));
#10434=DIRECTION('',(1.,0.,0.));
#10435=DIRECTION('',(0.,1.,0.));
#10436=DIRECTION('',(1.,2.89120579329468E-16,0.));
#10437=DIRECTION('',(0.,0.,1.));
#10438=DIRECTION('',(1.,0.,0.));
#10439=DIRECTION('',(0.,0.,1.));
#10440=DIRECTION('',(1.,0.,0.));
#10441=DIRECTION('',(-1.,0.,2.95691501586956E-16));
#10442=DIRECTION('',(0.,-1.,0.));
#10443=DIRECTION('',(-1.,0.,2.95691501586956E-16));
#10444=DIRECTION('',(0.,0.,1.));
#10445=DIRECTION('',(1.,0.,0.));
#10446=DIRECTION('',(0.,0.,1.));
#10447=DIRECTION('',(1.,0.,0.));
#10448=DIRECTION('',(-1.,-7.2280144832367E-17,0.));
#10449=DIRECTION('',(0.,0.,1.));
#10450=DIRECTION('',(1.,0.,0.));
#10451=DIRECTION('',(0.,0.,1.));
#10452=DIRECTION('',(1.,0.,0.));
#10453=DIRECTION('',(-1.,0.,-2.95691501586956E-16));
#10454=DIRECTION('',(0.,-1.,0.));
#10455=DIRECTION('',(-1.,0.,-2.95691501586956E-16));
#10456=DIRECTION('',(0.,0.,1.));
#10457=DIRECTION('',(1.,0.,0.));
#10458=DIRECTION('',(0.,0.,1.));
#10459=DIRECTION('',(1.,0.,0.));
#10460=DIRECTION('',(1.,2.89120579329468E-16,0.));
#10461=DIRECTION('',(0.,-1.,0.));
#10462=DIRECTION('',(1.,0.,0.));
#10463=DIRECTION('',(0.,1.,0.));
#10464=DIRECTION('',(-1.,0.,0.));
#10465=DIRECTION('',(0.,-1.,0.));
#10466=DIRECTION('',(-1.,0.,0.));
#10467=DIRECTION('',(0.,1.,0.));
#10468=DIRECTION('',(-1.,0.,0.));
#10469=DIRECTION('',(0.,-1.,0.));
#10470=DIRECTION('',(-1.,0.,0.));
#10471=DIRECTION('',(0.,1.,0.));
#10472=DIRECTION('',(-1.,0.,0.));
#10473=DIRECTION('',(0.,-1.,0.));
#10474=DIRECTION('',(-1.,0.,0.));
#10475=DIRECTION('',(0.,1.,0.));
#10476=DIRECTION('',(-1.,-1.30104260698261E-16,0.));
#10477=DIRECTION('',(0.,-1.,0.));
#10478=DIRECTION('',(-1.,-7.2280144832367E-17,0.));
#10479=DIRECTION('',(2.04085114820801E-16,1.,0.));
#10480=DIRECTION('',(2.04085114820801E-16,1.,0.));
#10481=DIRECTION('',(-1.,1.11200222819026E-16,0.));
#10482=DIRECTION('',(-2.16840434497101E-16,1.,0.));
#10483=DIRECTION('',(1.,1.11200222819026E-16,0.));
#10484=DIRECTION('',(2.04085114820801E-16,-1.,0.));
#10485=DIRECTION('',(2.04085114820801E-16,-1.,0.));
#10486=DIRECTION('',(1.,0.,0.));
#10487=DIRECTION('',(-2.04085114820801E-16,-1.,0.));
#10488=DIRECTION('',(-2.04085114820801E-16,-1.,0.));
#10489=DIRECTION('',(1.,-1.11200222819026E-16,0.));
#10490=DIRECTION('',(0.,-1.,0.));
#10491=DIRECTION('',(-1.,-1.11200222819026E-16,0.));
#10492=DIRECTION('',(-2.04085114820801E-16,1.,0.));
#10493=DIRECTION('',(-2.04085114820801E-16,1.,0.));
#10494=DIRECTION('',(-1.,-2.16840434497101E-16,0.));
#10495=DIRECTION('',(0.,1.,0.));
#10496=DIRECTION('',(0.,0.,1.));
#10497=DIRECTION('',(0.,1.,0.));
#10498=DIRECTION('',(0.,0.,1.));
#10499=DIRECTION('',(-1.39897054514259E-16,1.,0.));
#10500=DIRECTION('',(0.,1.,0.));
#10501=DIRECTION('',(0.,0.,1.));
#10502=DIRECTION('',(-1.39897054514259E-16,1.,0.));
#10503=DIRECTION('',(-1.11200222819026E-16,1.,0.));
#10504=DIRECTION('',(-1.,-1.11200222819026E-16,0.));
#10505=DIRECTION('',(0.,0.,-1.));
#10506=DIRECTION('',(-1.,-1.08503601080416E-16,1.0842021724855E-16));
#10507=DIRECTION('',(1.,1.08503601080416E-16,1.0842021724855E-16));
#10508=DIRECTION('',(0.,0.,-1.));
#10509=DIRECTION('',(0.,0.,-1.));
#10510=DIRECTION('',(0.,1.,0.));
#10511=DIRECTION('',(0.,0.,1.));
#10512=DIRECTION('',(-2.04085114820801E-16,1.,0.));
#10513=DIRECTION('',(-1.,-2.04085114820801E-16,0.));
#10514=DIRECTION('',(2.04085114820801E-16,1.,0.));
#10515=DIRECTION('',(1.,-2.04085114820801E-16,0.));
#10516=DIRECTION('',(-1.,2.04122024360891E-16,0.));
#10517=DIRECTION('',(0.,1.,0.));
#10518=DIRECTION('',(0.,0.,1.));
#10519=DIRECTION('',(-2.04122024360891E-16,-1.,0.));
#10520=DIRECTION('',(-1.,2.04122024360891E-16,0.));
#10521=DIRECTION('',(0.,1.,0.));
#10522=DIRECTION('',(0.,0.,1.));
#10523=DIRECTION('',(1.,-2.04122024360891E-16,0.));
#10524=DIRECTION('',(0.,1.,0.));
#10525=DIRECTION('',(0.,0.,1.));
#10526=DIRECTION('',(-2.04122024360891E-16,-1.,0.));
#10527=DIRECTION('',(1.,-2.04122024360891E-16,0.));
#10528=DIRECTION('',(0.,1.,0.));
#10529=DIRECTION('',(0.,0.,1.));
#10530=DIRECTION('',(0.,-1.,0.));
#10531=DIRECTION('',(0.,0.,-1.));
#10532=DIRECTION('',(0.,-1.,0.));
#10533=DIRECTION('',(0.,0.,-1.));
#10534=DIRECTION('',(0.,1.,0.));
#10535=DIRECTION('',(0.,0.,1.));
#10536=DIRECTION('',(0.,1.,0.));
#10537=DIRECTION('',(0.,0.,1.));
#10538=DIRECTION('',(0.,1.,0.));
#10539=DIRECTION('',(0.,0.,1.));
#10540=DIRECTION('',(0.,1.,0.));
#10541=DIRECTION('',(0.,0.,1.));
#10542=DIRECTION('',(0.,1.,0.));
#10543=DIRECTION('',(0.,0.,1.));
#10544=DIRECTION('',(2.04122024360891E-16,-1.,0.));
#10545=DIRECTION('',(1.,2.04122024360891E-16,0.));
#10546=DIRECTION('',(0.,1.,0.));
#10547=DIRECTION('',(0.,0.,1.));
#10548=DIRECTION('',(-1.,-2.04122024360891E-16,0.));
#10549=DIRECTION('',(0.,1.,0.));
#10550=DIRECTION('',(0.,0.,1.));
#10551=DIRECTION('',(2.04122024360891E-16,-1.,0.));
#10552=DIRECTION('',(-1.,-2.04122024360891E-16,0.));
#10553=DIRECTION('',(0.,1.,0.));
#10554=DIRECTION('',(0.,0.,1.));
#10555=DIRECTION('',(1.,2.04122024360891E-16,0.));
#10556=DIRECTION('',(0.,1.,0.));
#10557=DIRECTION('',(0.,0.,1.));
#10558=DIRECTION('',(0.,1.,0.));
#10559=DIRECTION('',(0.,0.,1.));
#10560=DIRECTION('',(0.,1.,0.));
#10561=DIRECTION('',(0.,0.,1.));
#10562=DIRECTION('',(0.,-1.,0.));
#10563=DIRECTION('',(0.,0.,-1.));
#10564=DIRECTION('',(0.,1.,0.));
#10565=DIRECTION('',(0.,0.,1.));
#10566=DIRECTION('',(0.,1.,0.));
#10567=DIRECTION('',(0.,0.,1.));
#10568=DIRECTION('',(0.,1.,0.));
#10569=DIRECTION('',(0.,0.,1.));
#10570=DIRECTION('',(0.,1.,0.));
#10571=DIRECTION('',(0.,0.,1.));
#10572=DIRECTION('',(0.,1.,0.));
#10573=DIRECTION('',(0.,0.,1.));
#10574=DIRECTION('',(-1.39897054514259E-16,-1.,0.));
#10575=DIRECTION('',(0.,1.,0.));
#10576=DIRECTION('',(0.,0.,1.));
#10577=DIRECTION('',(-1.39897054514259E-16,-1.,0.));
#10578=DIRECTION('',(-1.11200222819026E-16,-1.,0.));
#10579=DIRECTION('',(1.,-1.11200222819026E-16,0.));
#10580=DIRECTION('',(0.,0.,1.));
#10581=DIRECTION('',(-1.,1.08503601080416E-16,-1.0842021724855E-16));
#10582=DIRECTION('',(1.,-1.08503601080416E-16,-1.0842021724855E-16));
#10583=DIRECTION('',(0.,0.,1.));
#10584=DIRECTION('',(0.,0.,-1.));
#10585=DIRECTION('',(2.16840434497101E-16,-1.,0.));
#10586=DIRECTION('',(1.,2.16840434497101E-16,0.));
#10587=DIRECTION('',(-2.04085114820801E-16,-1.,0.));
#10588=DIRECTION('',(-1.,2.04085114820801E-16,0.));
#10589=DIRECTION('',(2.04085114820801E-16,-1.,0.));
#10590=DIRECTION('',(1.,2.04085114820801E-16,0.));
#10591=DIRECTION('',(-2.04122024360891E-16,1.,0.));
#10592=DIRECTION('',(-1.,-2.04122024360891E-16,0.));
#10593=DIRECTION('',(2.16840434497101E-16,-1.,0.));
#10594=DIRECTION('',(1.,2.16840434497101E-16,0.));
#10595=DIRECTION('',(1.,2.04122024360891E-16,0.));
#10596=DIRECTION('',(2.16840434497101E-16,-1.,0.));
#10597=DIRECTION('',(1.,2.16840434497101E-16,0.));
#10598=DIRECTION('',(-2.04122024360891E-16,1.,0.));
#10599=DIRECTION('',(1.,2.04122024360891E-16,0.));
#10600=DIRECTION('',(2.16840434497101E-16,-1.,0.));
#10601=DIRECTION('',(1.,2.16840434497101E-16,0.));
#10602=DIRECTION('',(-1.,-2.04122024360891E-16,0.));
#10603=DIRECTION('',(2.16840434497101E-16,-1.,0.));
#10604=DIRECTION('',(1.,2.16840434497101E-16,0.));
#10605=DIRECTION('',(0.,-1.,0.));
#10606=DIRECTION('',(0.,0.,-1.));
#10607=DIRECTION('',(0.,-1.,0.));
#10608=DIRECTION('',(0.,0.,-1.));
#10609=DIRECTION('',(0.,1.,0.));
#10610=DIRECTION('',(0.,0.,1.));
#10611=DIRECTION('',(0.,1.,0.));
#10612=DIRECTION('',(0.,0.,1.));
#10613=DIRECTION('',(0.,1.,0.));
#10614=DIRECTION('',(0.,0.,1.));
#10615=DIRECTION('',(0.,1.,0.));
#10616=DIRECTION('',(0.,0.,1.));
#10617=DIRECTION('',(0.,1.,0.));
#10618=DIRECTION('',(0.,0.,1.));
#10619=DIRECTION('',(1.,-2.04122024360891E-16,0.));
#10620=DIRECTION('',(2.16840434497101E-16,-1.,0.));
#10621=DIRECTION('',(1.,2.16840434497101E-16,0.));
#10622=DIRECTION('',(2.04122024360891E-16,1.,0.));
#10623=DIRECTION('',(1.,-2.04122024360891E-16,0.));
#10624=DIRECTION('',(2.16840434497101E-16,-1.,0.));
#10625=DIRECTION('',(1.,2.16840434497101E-16,0.));
#10626=DIRECTION('',(-1.,2.04122024360891E-16,0.));
#10627=DIRECTION('',(2.16840434497101E-16,-1.,0.));
#10628=DIRECTION('',(1.,2.16840434497101E-16,0.));
#10629=DIRECTION('',(2.04122024360891E-16,1.,0.));
#10630=DIRECTION('',(-1.,2.04122024360891E-16,0.));
#10631=DIRECTION('',(2.16840434497101E-16,-1.,0.));
#10632=DIRECTION('',(1.,2.16840434497101E-16,0.));
#10633=DIRECTION('',(0.,1.,0.));
#10634=DIRECTION('',(0.,0.,1.));
#10635=DIRECTION('',(0.,1.,0.));
#10636=DIRECTION('',(0.,0.,1.));
#10637=DIRECTION('',(0.,1.,0.));
#10638=DIRECTION('',(0.,0.,1.));
#10639=DIRECTION('',(0.,1.,0.));
#10640=DIRECTION('',(0.,0.,1.));
#10641=DIRECTION('',(0.,1.,0.));
#10642=DIRECTION('',(0.,0.,1.));
#10643=DIRECTION('',(0.,1.,0.));
#10644=DIRECTION('',(0.,0.,1.));
#10645=DIRECTION('',(-1.,-2.16840434497101E-16,0.));
#10646=DIRECTION('',(2.16840434497101E-16,-1.,0.));
#10647=DIRECTION('',(-1.,0.,0.));
#10648=DIRECTION('',(0.,0.,1.));
#10649=DIRECTION('',(-1.,0.,0.));
#10650=DIRECTION('',(0.,0.,1.));
#10651=DIRECTION('',(-1.,0.,0.));
#10652=DIRECTION('',(0.,0.,1.));
#10653=DIRECTION('',(1.,0.,0.));
#10654=DIRECTION('',(0.,-1.,0.));
#10655=DIRECTION('',(1.,0.,0.));
#10656=DIRECTION('',(0.,0.,-1.));
#10657=DIRECTION('',(0.,1.,0.));
#10658=DIRECTION('',(1.,0.,0.));
#10659=DIRECTION('',(0.,0.,-1.));
#10660=DIRECTION('',(1.,0.,0.));
#10661=DIRECTION('',(0.,1.,0.));
#10662=DIRECTION('',(1.,0.,0.));
#10663=DIRECTION('',(0.,0.,-1.));
#10664=DIRECTION('',(0.,-1.,3.28816551744458E-16));
#10665=DIRECTION('',(1.,0.,0.));
#10666=DIRECTION('',(0.,0.,-1.));
#10667=DIRECTION('',(-1.,0.,0.));
#10668=DIRECTION('',(0.,1.,0.));
#10669=DIRECTION('',(1.,0.,0.));
#10670=DIRECTION('',(0.,0.,-1.));
#10671=DIRECTION('',(0.,1.,-1.24817613173445E-16));
#10672=DIRECTION('',(1.,0.,0.));
#10673=DIRECTION('',(0.,0.,-1.));
#10674=DIRECTION('',(-1.,0.,0.));
#10675=DIRECTION('',(0.,-1.,0.));
#10676=DIRECTION('',(1.,0.,0.));
#10677=DIRECTION('',(0.,0.,-1.));
#10678=DIRECTION('',(0.,-1.,0.));
#10679=DIRECTION('',(1.,0.,0.));
#10680=DIRECTION('',(0.,0.,-1.));
#10681=DIRECTION('',(0.,-1.,0.));
#10682=DIRECTION('',(0.,0.,-1.));
#10683=DIRECTION('',(0.,-1.,0.));
#10684=DIRECTION('',(0.,0.,-1.));
#10685=DIRECTION('',(1.39897054514259E-16,1.,0.));
#10686=DIRECTION('',(0.,-1.,0.));
#10687=DIRECTION('',(0.,0.,-1.));
#10688=DIRECTION('',(1.39897054514259E-16,1.,0.));
#10689=DIRECTION('',(1.11200222819026E-16,1.,0.));
#10690=DIRECTION('',(-1.,1.11200222819026E-16,0.));
#10691=DIRECTION('',(0.,0.,1.));
#10692=DIRECTION('',(1.,-1.08503601080416E-16,-1.0842021724855E-16));
#10693=DIRECTION('',(-1.,1.08503601080416E-16,-1.0842021724855E-16));
#10694=DIRECTION('',(0.,0.,1.));
#10695=DIRECTION('',(0.,0.,-1.));
#10696=DIRECTION('',(0.,-1.,0.));
#10697=DIRECTION('',(0.,0.,-1.));
#10698=DIRECTION('',(0.,-1.,0.));
#10699=DIRECTION('',(0.,0.,-1.));
#10700=DIRECTION('',(0.,-1.,0.));
#10701=DIRECTION('',(0.,0.,-1.));
#10702=DIRECTION('',(0.,-1.,0.));
#10703=DIRECTION('',(0.,0.,-1.));
#10704=DIRECTION('',(0.,-1.,0.));
#10705=DIRECTION('',(0.,0.,-1.));
#10706=DIRECTION('',(0.,-1.,0.));
#10707=DIRECTION('',(0.,0.,-1.));
#10708=DIRECTION('',(1.,0.,0.));
#10709=DIRECTION('',(0.,0.,-1.));
#10710=DIRECTION('',(-1.,0.,0.));
#10711=DIRECTION('',(0.,1.,0.));
#10712=DIRECTION('',(1.,0.,0.));
#10713=DIRECTION('',(0.,0.,-1.));
#10714=DIRECTION('',(0.,-1.,0.));
#10715=DIRECTION('',(1.,0.,0.));
#10716=DIRECTION('',(0.,0.,-1.));
#10717=DIRECTION('',(-1.,0.,0.));
#10718=DIRECTION('',(0.,-1.,0.));
#10719=DIRECTION('',(1.,0.,0.));
#10720=DIRECTION('',(0.,0.,-1.));
#10721=DIRECTION('',(0.,1.,-1.24817613173445E-16));
#10722=DIRECTION('',(1.,0.,0.));
#10723=DIRECTION('',(0.,0.,-1.));
#10724=DIRECTION('',(-1.,0.,0.));
#10725=DIRECTION('',(0.,0.,1.));
#10726=DIRECTION('',(-1.,0.,0.));
#10727=DIRECTION('',(0.,0.,1.));
#10728=DIRECTION('',(-1.,0.,0.));
#10729=DIRECTION('',(0.,0.,1.));
#10730=DIRECTION('',(1.,0.,0.));
#10731=DIRECTION('',(0.,-1.,0.));
#10732=DIRECTION('',(1.,0.,0.));
#10733=DIRECTION('',(0.,0.,-1.));
#10734=DIRECTION('',(0.,-1.,3.28816551744458E-16));
#10735=DIRECTION('',(1.,0.,0.));
#10736=DIRECTION('',(0.,0.,-1.));
#10737=DIRECTION('',(1.,0.,0.));
#10738=DIRECTION('',(0.,1.,0.));
#10739=DIRECTION('',(1.,0.,0.));
#10740=DIRECTION('',(0.,0.,-1.));
#10741=DIRECTION('',(0.,1.,0.));
#10742=DIRECTION('',(1.,0.,0.));
#10743=DIRECTION('',(0.,0.,-1.));
#10744=DIRECTION('',(0.,0.,-1.));
#10745=DIRECTION('',(0.,-1.,0.));
#10746=DIRECTION('',(0.,0.,-1.));
#10747=DIRECTION('',(0.,-1.,0.));
#10748=DIRECTION('',(0.,0.,-1.));
#10749=DIRECTION('',(1.39897054514259E-16,-1.,0.));
#10750=DIRECTION('',(0.,-1.,0.));
#10751=DIRECTION('',(0.,0.,-1.));
#10752=DIRECTION('',(1.39897054514259E-16,-1.,0.));
#10753=DIRECTION('',(1.11200222819026E-16,-1.,0.));
#10754=DIRECTION('',(1.,1.11200222819026E-16,0.));
#10755=DIRECTION('',(0.,0.,-1.));
#10756=DIRECTION('',(1.,1.08503601080416E-16,1.0842021724855E-16));
#10757=DIRECTION('',(-1.,-1.08503601080416E-16,1.0842021724855E-16));
#10758=DIRECTION('',(0.,0.,-1.));
#10759=DIRECTION('',(0.,-1.,0.));
#10760=DIRECTION('',(0.,0.,-1.));
#10761=DIRECTION('',(0.,-1.,0.));
#10762=DIRECTION('',(0.,0.,-1.));
#10763=DIRECTION('',(0.,1.,0.));
#10764=DIRECTION('',(0.,0.,1.));
#10765=DIRECTION('',(0.,-1.,0.));
#10766=DIRECTION('',(0.,0.,-1.));
#10767=DIRECTION('',(0.,-1.,0.));
#10768=DIRECTION('',(0.,0.,-1.));
#10769=DIRECTION('',(0.,-1.,0.));
#10770=DIRECTION('',(0.,0.,-1.));
#10771=DIRECTION('',(1.,0.,0.));
#10772=DIRECTION('',(0.,0.,1.));
#10773=DIRECTION('',(1.,0.,0.));
#10774=DIRECTION('',(0.,0.,-1.));
#10775=DIRECTION('',(1.,0.,0.));
#10776=DIRECTION('',(-1.,0.,0.));
#10777=DIRECTION('',(1.,0.,0.));
#10778=DIRECTION('',(0.,0.,1.));
#10779=DIRECTION('',(-1.,0.,0.));
#10780=DIRECTION('',(0.,0.,1.));
#10781=DIRECTION('',(1.,0.,0.));
#10782=DIRECTION('',(-1.,0.,0.));
#10783=DIRECTION('',(1.,0.,0.));
#10784=DIRECTION('',(0.,0.,1.));
#10785=DIRECTION('',(1.,0.,0.));
#10786=DIRECTION('',(0.,0.,-1.));
#10787=DIRECTION('',(-1.,0.,0.));
#10788=DIRECTION('',(1.,0.,0.));
#10789=DIRECTION('',(1.,0.,0.));
#10790=DIRECTION('',(0.,0.,1.));
#10791=DIRECTION('',(-1.,0.,0.));
#10792=DIRECTION('',(0.,0.,1.));
#10793=DIRECTION('',(-1.,0.,0.));
#10794=DIRECTION('',(1.,0.,0.));
#10795=DIRECTION('',(1.,0.,0.));
#10796=DIRECTION('',(0.,0.,1.));
#10797=DIRECTION('',(-1.,0.,0.));
#10798=DIRECTION('',(0.,0.,1.));
#10799=DIRECTION('',(-1.,0.,0.));
#10800=DIRECTION('',(1.,0.,0.));
#10801=DIRECTION('',(1.,0.,0.));
#10802=DIRECTION('',(0.,0.,1.));
#10803=DIRECTION('',(-1.,0.,0.));
#10804=DIRECTION('',(0.,0.,1.));
#10805=DIRECTION('',(1.,0.,0.));
#10806=DIRECTION('',(-1.,0.,0.));
#10807=DIRECTION('',(1.,0.,0.));
#10808=DIRECTION('',(0.,0.,1.));
#10809=DIRECTION('',(1.,0.,0.));
#10810=DIRECTION('',(0.,0.,-1.));
#10811=DIRECTION('',(1.,0.,0.));
#10812=DIRECTION('',(-1.,0.,0.));
#10813=DIRECTION('',(1.,0.,0.));
#10814=DIRECTION('',(0.,0.,1.));
#10815=DIRECTION('',(1.,0.,0.));
#10816=DIRECTION('',(0.,0.,-1.));
#10817=DIRECTION('',(-1.,0.,0.));
#10818=DIRECTION('',(1.,0.,0.));
#10819=DIRECTION('',(-1.,0.,0.));
#10820=DIRECTION('',(0.,0.,-1.));
#10821=DIRECTION('',(1.,0.,0.));
#10822=DIRECTION('',(0.,-1.,0.));
#10823=DIRECTION('',(0.,-1.,3.28816551744458E-16));
#10824=DIRECTION('',(1.,0.,0.));
#10825=DIRECTION('',(0.,1.,0.));
#10826=DIRECTION('',(0.,1.,0.));
#10827=DIRECTION('',(0.,-3.28816551744458E-16,-1.));
#10828=DIRECTION('',(0.,1.,-3.28816551744458E-16));
#10829=DIRECTION('',(1.,0.,0.));
#10830=DIRECTION('',(0.,0.,1.));
#10831=DIRECTION('',(0.,0.,1.));
#10832=DIRECTION('',(-1.,0.,0.));
#10833=DIRECTION('',(1.,0.,0.));
#10834=DIRECTION('',(0.,0.,1.));
#10835=DIRECTION('',(1.,0.,0.));
#10836=DIRECTION('',(0.,0.,1.));
#10837=DIRECTION('',(0.,-1.,0.));
#10838=DIRECTION('',(-1.,0.,0.));
#10839=DIRECTION('',(0.,-1.,0.));
#10840=DIRECTION('',(0.,1.,-1.24817613173445E-16));
#10841=DIRECTION('',(-1.,0.,0.));
#10842=DIRECTION('',(0.,1.,0.));
#10843=DIRECTION('',(1.,0.,0.));
#10844=DIRECTION('',(0.,0.,1.));
#10845=DIRECTION('',(0.,1.24817613173445E-16,1.));
#10846=DIRECTION('',(0.,-1.,1.24817613173445E-16));
#10847=DIRECTION('',(1.,0.,0.));
#10848=DIRECTION('',(0.,0.,1.));
#10849=DIRECTION('',(0.,0.,-1.));
#10850=DIRECTION('',(1.,0.,0.));
#10851=DIRECTION('',(1.,0.,0.));
#10852=DIRECTION('',(0.,0.,1.));
#10853=DIRECTION('',(-1.,0.,0.));
#10854=DIRECTION('',(0.,0.,1.));
#10855=DIRECTION('',(1.,0.,0.));
#10856=DIRECTION('',(0.,0.,1.));
#10857=DIRECTION('',(-1.,0.,0.));
#10858=DIRECTION('',(0.,0.,1.));
#10859=DIRECTION('',(1.,0.,0.));
#10860=DIRECTION('',(0.,0.,1.));
#10861=DIRECTION('',(-1.,0.,0.));
#10862=DIRECTION('',(0.,0.,1.));
#10863=DIRECTION('',(-1.,0.,0.));
#10864=DIRECTION('',(0.,0.,-1.));
#10865=DIRECTION('',(-1.,0.,0.));
#10866=DIRECTION('',(0.,0.,1.));
#10867=DIRECTION('',(0.,4.8186763221578E-16,-1.));
#10868=DIRECTION('',(0.,0.,1.));
#10869=DIRECTION('',(1.,0.,0.));
#10870=DIRECTION('',(0.,0.,1.));
#10871=DIRECTION('',(1.,0.,0.));
#10872=DIRECTION('',(-1.,0.,0.));
#10873=DIRECTION('',(0.,0.,1.));
#10874=DIRECTION('',(1.,0.,0.));
#10875=DIRECTION('',(1.,0.,0.));
#10876=DIRECTION('',(0.,0.,1.));
#10877=DIRECTION('',(-1.,0.,0.));
#10878=DIRECTION('',(0.,0.,1.));
#10879=DIRECTION('',(1.,0.,0.));
#10880=DIRECTION('',(0.,0.,1.));
#10881=DIRECTION('',(-1.,0.,0.));
#10882=DIRECTION('',(0.,0.,1.));
#10883=DIRECTION('',(1.,0.,0.));
#10884=DIRECTION('',(0.,0.,1.));
#10885=DIRECTION('',(-1.,0.,0.));
#10886=DIRECTION('',(0.,0.,1.));
#10887=DIRECTION('',(-1.,0.,0.));
#10888=DIRECTION('',(0.,0.,-1.));
#10889=DIRECTION('',(-1.,0.,0.));
#10890=DIRECTION('',(0.,0.,1.));
#10891=DIRECTION('',(0.,4.8186763221578E-16,-1.));
#10892=DIRECTION('',(0.,0.,1.));
#10893=DIRECTION('',(1.,0.,0.));
#10894=DIRECTION('',(0.,0.,1.));
#10895=DIRECTION('',(1.,0.,0.));
#10896=DIRECTION('',(-1.,0.,0.));
#10897=DIRECTION('',(0.,0.,1.));
#10898=DIRECTION('',(1.,0.,0.));
#10899=DIRECTION('',(1.,0.,0.));
#10900=DIRECTION('',(0.,0.,1.));
#10901=DIRECTION('',(-1.,0.,0.));
#10902=DIRECTION('',(0.,0.,1.));
#10903=DIRECTION('',(1.,0.,0.));
#10904=DIRECTION('',(-1.,0.,0.));
#10905=DIRECTION('',(0.,0.,1.));
#10906=DIRECTION('',(1.,0.,0.));
#10907=DIRECTION('',(-1.,0.,0.));
#10908=DIRECTION('',(0.,0.,-1.));
#10909=DIRECTION('',(-1.,0.,0.));
#10910=DIRECTION('',(0.,0.,1.));
#10911=DIRECTION('',(0.,4.8186763221578E-16,-1.));
#10912=DIRECTION('',(0.,0.,1.));
#10913=DIRECTION('',(1.,0.,0.));
#10914=DIRECTION('',(0.,0.,1.));
#10915=DIRECTION('',(-1.,0.,0.));
#10916=DIRECTION('',(0.,0.,1.));
#10917=DIRECTION('',(1.,0.,0.));
#10918=DIRECTION('',(0.,0.,1.));
#10919=DIRECTION('',(-1.,0.,0.));
#10920=DIRECTION('',(0.,0.,1.));
#10921=DIRECTION('',(1.,0.,0.));
#10922=DIRECTION('',(0.,0.,1.));
#10923=DIRECTION('',(-1.,0.,0.));
#10924=DIRECTION('',(0.,0.,1.));
#10925=DIRECTION('',(-1.,0.,0.));
#10926=DIRECTION('',(0.,0.,1.));
#10927=DIRECTION('',(-1.,0.,0.));
#10928=DIRECTION('',(-1.,0.,0.));
#10929=DIRECTION('',(0.,0.,1.));
#10930=DIRECTION('',(-1.,0.,0.));
#10931=DIRECTION('',(1.,0.,0.));
#10932=DIRECTION('',(0.,0.,-1.));
#10933=DIRECTION('',(-1.,0.,0.));
#10934=DIRECTION('',(0.,0.,1.));
#10935=DIRECTION('',(0.,0.,-1.));
#10936=DIRECTION('',(0.,-4.8186763221578E-16,1.));
#10937=DIRECTION('',(-1.,0.,0.));
#10938=DIRECTION('',(0.,0.,1.));
#10939=DIRECTION('',(-1.,0.,0.));
#10940=DIRECTION('',(0.,0.,1.));
#10941=DIRECTION('',(-1.,0.,0.));
#10942=DIRECTION('',(0.,0.,1.));
#10943=DIRECTION('',(-1.,0.,0.));
#10944=DIRECTION('',(0.,0.,1.));
#10945=DIRECTION('',(-1.,0.,0.));
#10946=DIRECTION('',(0.,0.,1.));
#10947=DIRECTION('',(-1.,0.,0.));
#10948=DIRECTION('',(0.,0.,1.));
#10949=DIRECTION('',(-1.,0.,0.));
#10950=DIRECTION('',(0.,0.,1.));
#10951=DIRECTION('',(-1.,0.,0.));
#10952=DIRECTION('',(-1.,0.,0.));
#10953=DIRECTION('',(0.,0.,1.));
#10954=DIRECTION('',(-1.,0.,0.));
#10955=DIRECTION('',(1.,0.,0.));
#10956=DIRECTION('',(0.,0.,-1.));
#10957=DIRECTION('',(-1.,0.,0.));
#10958=DIRECTION('',(0.,0.,1.));
#10959=DIRECTION('',(0.,0.,-1.));
#10960=DIRECTION('',(0.,-4.8186763221578E-16,1.));
#10961=DIRECTION('',(-1.,0.,0.));
#10962=DIRECTION('',(0.,0.,1.));
#10963=DIRECTION('',(-1.,0.,0.));
#10964=DIRECTION('',(0.,0.,1.));
#10965=DIRECTION('',(-1.,0.,0.));
#10966=DIRECTION('',(0.,0.,1.));
#10967=DIRECTION('',(-1.,0.,0.));
#10968=DIRECTION('',(0.,0.,1.));
#10969=DIRECTION('',(-1.,0.,0.));
#10970=DIRECTION('',(0.,0.,1.));
#10971=DIRECTION('',(0.,-1.,0.));
#10972=DIRECTION('',(0.,0.,1.));
#10973=DIRECTION('',(0.,1.,0.));
#10974=DIRECTION('',(0.,0.,1.));
#10975=DIRECTION('',(0.,1.,0.));
#10976=DIRECTION('',(0.,0.,1.));
#10977=DIRECTION('',(0.,1.,0.));
#10978=DIRECTION('',(0.,0.,-1.));
#10979=DIRECTION('',(0.,1.,0.));
#10980=DIRECTION('',(0.,0.,1.));
#10981=DIRECTION('',(0.,-1.,0.));
#10982=DIRECTION('',(0.,0.,1.));
#10983=DIRECTION('',(0.,-1.,0.));
#10984=DIRECTION('',(0.,0.,1.));
#10985=DIRECTION('',(0.,1.,0.));
#10986=DIRECTION('',(0.,0.,1.));
#10987=DIRECTION('',(0.,1.,0.));
#10988=DIRECTION('',(0.,0.,1.));
#10989=DIRECTION('',(0.,1.,0.));
#10990=DIRECTION('',(0.,0.,-1.));
#10991=DIRECTION('',(0.,1.,0.));
#10992=DIRECTION('',(0.,0.,1.));
#10993=DIRECTION('',(0.,-1.,0.));
#10994=DIRECTION('',(0.,0.,1.));
#10995=DIRECTION('',(0.,-1.,0.));
#10996=DIRECTION('',(0.,0.,1.));
#10997=DIRECTION('',(0.,1.,0.));
#10998=DIRECTION('',(0.,0.,1.));
#10999=DIRECTION('',(0.,1.,0.));
#11000=DIRECTION('',(0.,0.,-1.));
#11001=DIRECTION('',(0.,1.,0.));
#11002=DIRECTION('',(0.,0.,1.));
#11003=DIRECTION('',(0.,-1.,0.));
#11004=DIRECTION('',(0.,0.,1.));
#11005=DIRECTION('',(0.,1.,0.));
#11006=DIRECTION('',(0.,0.,1.));
#11007=DIRECTION('',(0.,1.,0.));
#11008=DIRECTION('',(0.,0.,1.));
#11009=DIRECTION('',(0.,1.,0.));
#11010=DIRECTION('',(0.,0.,1.));
#11011=DIRECTION('',(0.,-1.,0.));
#11012=DIRECTION('',(0.,0.,-1.));
#11013=DIRECTION('',(0.,1.,0.));
#11014=DIRECTION('',(0.,0.,1.));
#11015=DIRECTION('',(0.,1.,0.));
#11016=DIRECTION('',(0.,0.,1.));
#11017=DIRECTION('',(0.,1.,0.));
#11018=DIRECTION('',(0.,0.,1.));
#11019=DIRECTION('',(0.,1.,0.));
#11020=DIRECTION('',(0.,0.,1.));
#11021=DIRECTION('',(0.,1.,0.));
#11022=DIRECTION('',(0.,0.,1.));
#11023=DIRECTION('',(0.,-1.,0.));
#11024=DIRECTION('',(0.,0.,-1.));
#11025=DIRECTION('',(0.,1.,0.));
#11026=DIRECTION('',(0.,0.,1.));
#11027=DIRECTION('',(0.,1.,0.));
#11028=DIRECTION('',(0.,0.,1.));
#11029=DIRECTION('',(0.,1.,0.));
#11030=DIRECTION('',(0.,0.,1.));
#11031=DIRECTION('',(0.,0.,-1.));
#11032=DIRECTION('',(-1.,0.,0.));
#11033=DIRECTION('',(0.,1.,0.));
#11034=DIRECTION('',(-1.,5.46304407861969E-16,0.));
#11035=DIRECTION('',(0.,0.,-1.));
#11036=DIRECTION('',(-1.,0.,0.));
#11037=DIRECTION('',(0.,0.,-1.));
#11038=DIRECTION('',(-1.,0.,0.));
#11039=DIRECTION('',(0.,0.,-1.));
#11040=DIRECTION('',(-1.,0.,0.));
#11041=DIRECTION('',(1.,0.,0.));
#11042=DIRECTION('',(0.,0.,-1.));
#11043=DIRECTION('',(-1.,0.,0.));
#11044=DIRECTION('',(0.,1.,0.));
#11045=DIRECTION('',(1.,0.,0.));
#11046=DIRECTION('',(0.,0.,-1.));
#11047=DIRECTION('',(-1.,0.,0.));
#11048=DIRECTION('',(0.,0.,-1.));
#11049=DIRECTION('',(1.,0.,0.));
#11050=DIRECTION('',(0.,0.,-1.));
#11051=DIRECTION('',(-1.,0.,0.));
#11052=DIRECTION('',(-1.,5.46304407861969E-16,0.));
#11053=DIRECTION('',(0.,-1.,0.));
#11054=DIRECTION('',(0.,0.,-1.));
#11055=DIRECTION('',(0.,-1.,0.));
#11056=DIRECTION('',(-1.,0.,0.));
#11057=DIRECTION('',(0.,0.,-1.));
#11058=DIRECTION('',(1.,0.,0.));
#11059=DIRECTION('',(0.,0.,-1.));
#11060=DIRECTION('',(0.,0.,1.));
#11061=DIRECTION('',(1.,0.,0.));
#11062=DIRECTION('',(0.,1.,0.));
#11063=DIRECTION('',(1.,-6.82880509827462E-17,0.));
#11064=DIRECTION('',(0.,0.,1.));
#11065=DIRECTION('',(1.,0.,0.));
#11066=DIRECTION('',(0.,0.,1.));
#11067=DIRECTION('',(1.,0.,0.));
#11068=DIRECTION('',(0.,0.,1.));
#11069=DIRECTION('',(1.,0.,0.));
#11070=DIRECTION('',(-1.,2.85492463503678E-16,0.));
#11071=DIRECTION('',(0.,0.,1.));
#11072=DIRECTION('',(1.,0.,0.));
#11073=DIRECTION('',(0.,1.,0.));
#11074=DIRECTION('',(-1.,2.85492463503678E-16,0.));
#11075=DIRECTION('',(0.,0.,1.));
#11076=DIRECTION('',(1.,0.,0.));
#11077=DIRECTION('',(0.,0.,1.));
#11078=DIRECTION('',(-1.,0.,0.));
#11079=DIRECTION('',(0.,0.,1.));
#11080=DIRECTION('',(1.,0.,0.));
#11081=DIRECTION('',(1.,-6.82880509827462E-17,0.));
#11082=DIRECTION('',(0.,0.,-1.));
#11083=DIRECTION('',(-1.,0.,0.));
#11084=DIRECTION('',(0.,1.,0.));
#11085=DIRECTION('',(-1.,5.46304407861969E-16,0.));
#11086=DIRECTION('',(0.,0.,-1.));
#11087=DIRECTION('',(-1.,0.,0.));
#11088=DIRECTION('',(0.,0.,-1.));
#11089=DIRECTION('',(-1.,0.,0.));
#11090=DIRECTION('',(0.,0.,-1.));
#11091=DIRECTION('',(-1.,0.,0.));
#11092=DIRECTION('',(1.,0.,0.));
#11093=DIRECTION('',(0.,0.,-1.));
#11094=DIRECTION('',(-1.,0.,0.));
#11095=DIRECTION('',(0.,1.,0.));
#11096=DIRECTION('',(1.,0.,0.));
#11097=DIRECTION('',(0.,0.,-1.));
#11098=DIRECTION('',(-1.,0.,0.));
#11099=DIRECTION('',(0.,0.,-1.));
#11100=DIRECTION('',(1.,0.,0.));
#11101=DIRECTION('',(0.,0.,-1.));
#11102=DIRECTION('',(-1.,0.,0.));
#11103=DIRECTION('',(-1.,5.46304407861969E-16,0.));
#11104=DIRECTION('',(0.,-1.,0.));
#11105=DIRECTION('',(0.,0.,-1.));
#11106=DIRECTION('',(0.,-1.,0.));
#11107=DIRECTION('',(-1.,0.,0.));
#11108=DIRECTION('',(0.,0.,-1.));
#11109=DIRECTION('',(1.,0.,0.));
#11110=DIRECTION('',(0.,0.,-1.));
#11111=DIRECTION('',(0.,0.,-1.));
#11112=DIRECTION('',(-1.,0.,0.));
#11113=DIRECTION('',(-1.,6.82880509827461E-17,0.));
#11114=DIRECTION('',(0.,1.,0.));
#11115=DIRECTION('',(1.,-2.85492463503678E-16,0.));
#11116=DIRECTION('',(0.,0.,-1.));
#11117=DIRECTION('',(-1.,0.,0.));
#11118=DIRECTION('',(0.,0.,-1.));
#11119=DIRECTION('',(-1.,0.,0.));
#11120=DIRECTION('',(0.,0.,-1.));
#11121=DIRECTION('',(-1.,0.,0.));
#11122=DIRECTION('',(0.,0.,-1.));
#11123=DIRECTION('',(-1.,0.,0.));
#11124=DIRECTION('',(1.,-2.85492463503678E-16,0.));
#11125=DIRECTION('',(0.,1.,0.));
#11126=DIRECTION('',(-1.,6.82880509827461E-17,0.));
#11127=DIRECTION('',(0.,0.,-1.));
#11128=DIRECTION('',(-1.,0.,0.));
#11129=DIRECTION('',(0.,0.,-1.));
#11130=DIRECTION('',(1.,0.,0.));
#11131=DIRECTION('',(0.,0.,-1.));
#11132=DIRECTION('',(-1.,0.,0.));
#11133=DIRECTION('',(0.,0.,-1.));
#11134=DIRECTION('',(-1.,0.,0.));
#11135=DIRECTION('',(0.,1.,0.));
#11136=DIRECTION('',(-1.,5.4630440786197E-16,0.));
#11137=DIRECTION('',(0.,0.,-1.));
#11138=DIRECTION('',(-1.,0.,0.));
#11139=DIRECTION('',(0.,0.,-1.));
#11140=DIRECTION('',(-1.,0.,0.));
#11141=DIRECTION('',(0.,0.,-1.));
#11142=DIRECTION('',(-1.,0.,0.));
#11143=DIRECTION('',(1.,0.,0.));
#11144=DIRECTION('',(0.,0.,-1.));
#11145=DIRECTION('',(-1.,0.,0.));
#11146=DIRECTION('',(0.,1.,0.));
#11147=DIRECTION('',(1.,0.,0.));
#11148=DIRECTION('',(0.,0.,-1.));
#11149=DIRECTION('',(-1.,0.,0.));
#11150=DIRECTION('',(0.,0.,-1.));
#11151=DIRECTION('',(1.,0.,0.));
#11152=DIRECTION('',(0.,0.,-1.));
#11153=DIRECTION('',(-1.,0.,0.));
#11154=DIRECTION('',(-1.,5.4630440786197E-16,0.));
#11155=DIRECTION('',(0.,-1.,0.));
#11156=DIRECTION('',(0.,0.,-1.));
#11157=DIRECTION('',(0.,-1.,0.));
#11158=DIRECTION('',(-1.,0.,0.));
#11159=DIRECTION('',(0.,0.,-1.));
#11160=DIRECTION('',(1.,0.,0.));
#11161=DIRECTION('',(0.,0.,-1.));
#11162=DIRECTION('',(0.,0.,1.));
#11163=DIRECTION('',(1.,0.,0.));
#11164=DIRECTION('',(0.,1.,0.));
#11165=DIRECTION('',(1.,-6.82880509827462E-17,0.));
#11166=DIRECTION('',(0.,0.,1.));
#11167=DIRECTION('',(1.,0.,0.));
#11168=DIRECTION('',(0.,0.,1.));
#11169=DIRECTION('',(1.,0.,0.));
#11170=DIRECTION('',(0.,0.,1.));
#11171=DIRECTION('',(1.,0.,0.));
#11172=DIRECTION('',(-1.,2.85492463503678E-16,0.));
#11173=DIRECTION('',(0.,0.,1.));
#11174=DIRECTION('',(1.,0.,0.));
#11175=DIRECTION('',(0.,1.,0.));
#11176=DIRECTION('',(-1.,2.85492463503678E-16,0.));
#11177=DIRECTION('',(0.,0.,1.));
#11178=DIRECTION('',(1.,0.,0.));
#11179=DIRECTION('',(0.,0.,1.));
#11180=DIRECTION('',(-1.,0.,0.));
#11181=DIRECTION('',(0.,0.,1.));
#11182=DIRECTION('',(1.,0.,0.));
#11183=DIRECTION('',(1.,-6.82880509827462E-17,0.));
#11184=DIRECTION('',(0.,0.,1.));
#11185=DIRECTION('',(1.,0.,0.));
#11186=DIRECTION('',(0.,-1.,0.));
#11187=DIRECTION('',(1.,6.82880509827462E-17,0.));
#11188=DIRECTION('',(0.,0.,-1.));
#11189=DIRECTION('',(1.,0.,0.));
#11190=DIRECTION('',(0.,0.,-1.));
#11191=DIRECTION('',(-1.,0.,0.));
#11192=DIRECTION('',(0.,0.,-1.));
#11193=DIRECTION('',(1.,0.,0.));
#11194=DIRECTION('',(-1.,-2.85492463503678E-16,0.));
#11195=DIRECTION('',(0.,0.,1.));
#11196=DIRECTION('',(1.,0.,0.));
#11197=DIRECTION('',(0.,-1.,0.));
#11198=DIRECTION('',(-1.,-2.85492463503678E-16,0.));
#11199=DIRECTION('',(0.,0.,-1.));
#11200=DIRECTION('',(1.,0.,0.));
#11201=DIRECTION('',(0.,0.,-1.));
#11202=DIRECTION('',(1.,0.,0.));
#11203=DIRECTION('',(0.,0.,-1.));
#11204=DIRECTION('',(1.,0.,0.));
#11205=DIRECTION('',(1.,6.82880509827462E-17,0.));
#11206=DIRECTION('',(0.,0.,-1.));
#11207=DIRECTION('',(-1.,0.,0.));
#11208=DIRECTION('',(0.,-1.,0.));
#11209=DIRECTION('',(1.,0.,0.));
#11210=DIRECTION('',(0.,0.,-1.));
#11211=DIRECTION('',(-1.,0.,0.));
#11212=DIRECTION('',(0.,0.,-1.));
#11213=DIRECTION('',(1.,0.,0.));
#11214=DIRECTION('',(0.,0.,-1.));
#11215=DIRECTION('',(-1.,0.,0.));
#11216=DIRECTION('',(-1.,5.46304407861969E-16,0.));
#11217=DIRECTION('',(0.,0.,-1.));
#11218=DIRECTION('',(-1.,0.,0.));
#11219=DIRECTION('',(0.,-1.,0.));
#11220=DIRECTION('',(-1.,5.46304407861969E-16,0.));
#11221=DIRECTION('',(0.,0.,-1.));
#11222=DIRECTION('',(-1.,0.,0.));
#11223=DIRECTION('',(0.,0.,-1.));
#11224=DIRECTION('',(-1.,0.,0.));
#11225=DIRECTION('',(0.,0.,-1.));
#11226=DIRECTION('',(-1.,0.,0.));
#11227=DIRECTION('',(1.,0.,0.));
#11228=DIRECTION('',(5.46304407861969E-16,1.,0.));
#11229=DIRECTION('',(-1.,5.46304407861969E-16,0.));
#11230=DIRECTION('',(0.,1.,0.));
#11231=DIRECTION('',(-1.,0.,0.));
#11232=DIRECTION('',(0.,0.,-1.));
#11233=DIRECTION('',(-1.,5.46304407861969E-16,0.));
#11234=DIRECTION('',(0.,0.,-1.));
#11235=DIRECTION('',(0.,0.,-1.));
#11236=DIRECTION('',(-1.,0.,0.));
#11237=DIRECTION('',(-1.,-6.82880509827461E-17,0.));
#11238=DIRECTION('',(0.,-1.,0.));
#11239=DIRECTION('',(1.,2.85492463503678E-16,0.));
#11240=DIRECTION('',(0.,0.,1.));
#11241=DIRECTION('',(-1.,0.,0.));
#11242=DIRECTION('',(0.,0.,1.));
#11243=DIRECTION('',(1.,0.,0.));
#11244=DIRECTION('',(0.,0.,1.));
#11245=DIRECTION('',(-1.,0.,0.));
#11246=DIRECTION('',(0.,0.,-1.));
#11247=DIRECTION('',(-1.,0.,0.));
#11248=DIRECTION('',(1.,2.85492463503678E-16,0.));
#11249=DIRECTION('',(0.,-1.,0.));
#11250=DIRECTION('',(-1.,-6.82880509827461E-17,0.));
#11251=DIRECTION('',(0.,0.,1.));
#11252=DIRECTION('',(-1.,0.,0.));
#11253=DIRECTION('',(0.,0.,1.));
#11254=DIRECTION('',(-1.,0.,0.));
#11255=DIRECTION('',(0.,0.,1.));
#11256=DIRECTION('',(-1.,0.,0.));
#11257=DIRECTION('',(0.,0.,-1.));
#11258=DIRECTION('',(-1.,0.,0.));
#11259=DIRECTION('',(0.,-1.,0.));
#11260=DIRECTION('',(1.,0.,0.));
#11261=DIRECTION('',(0.,0.,-1.));
#11262=DIRECTION('',(-1.,0.,0.));
#11263=DIRECTION('',(0.,0.,-1.));
#11264=DIRECTION('',(1.,0.,0.));
#11265=DIRECTION('',(0.,0.,-1.));
#11266=DIRECTION('',(-1.,0.,0.));
#11267=DIRECTION('',(-1.,5.46304407861969E-16,0.));
#11268=DIRECTION('',(0.,0.,-1.));
#11269=DIRECTION('',(-1.,0.,0.));
#11270=DIRECTION('',(0.,-1.,0.));
#11271=DIRECTION('',(-1.,5.46304407861969E-16,0.));
#11272=DIRECTION('',(0.,0.,-1.));
#11273=DIRECTION('',(-1.,0.,0.));
#11274=DIRECTION('',(0.,0.,-1.));
#11275=DIRECTION('',(-1.,0.,0.));
#11276=DIRECTION('',(0.,0.,-1.));
#11277=DIRECTION('',(-1.,0.,0.));
#11278=DIRECTION('',(1.,0.,0.));
#11279=DIRECTION('',(5.46304407861969E-16,1.,0.));
#11280=DIRECTION('',(-1.,5.46304407861969E-16,0.));
#11281=DIRECTION('',(0.,1.,0.));
#11282=DIRECTION('',(-1.,0.,0.));
#11283=DIRECTION('',(0.,0.,-1.));
#11284=DIRECTION('',(-1.,5.46304407861969E-16,0.));
#11285=DIRECTION('',(0.,0.,-1.));
#11286=DIRECTION('',(0.,0.,1.));
#11287=DIRECTION('',(1.,0.,0.));
#11288=DIRECTION('',(0.,-1.,0.));
#11289=DIRECTION('',(1.,6.82880509827462E-17,0.));
#11290=DIRECTION('',(0.,0.,-1.));
#11291=DIRECTION('',(1.,0.,0.));
#11292=DIRECTION('',(0.,0.,-1.));
#11293=DIRECTION('',(-1.,0.,0.));
#11294=DIRECTION('',(0.,0.,-1.));
#11295=DIRECTION('',(1.,0.,0.));
#11296=DIRECTION('',(-1.,-2.85492463503678E-16,0.));
#11297=DIRECTION('',(0.,0.,1.));
#11298=DIRECTION('',(1.,0.,0.));
#11299=DIRECTION('',(0.,-1.,0.));
#11300=DIRECTION('',(-1.,-2.85492463503678E-16,0.));
#11301=DIRECTION('',(0.,0.,-1.));
#11302=DIRECTION('',(1.,0.,0.));
#11303=DIRECTION('',(0.,0.,-1.));
#11304=DIRECTION('',(1.,0.,0.));
#11305=DIRECTION('',(0.,0.,-1.));
#11306=DIRECTION('',(1.,0.,0.));
#11307=DIRECTION('',(1.,6.82880509827462E-17,0.));
#11308=DIRECTION('',(0.,0.,-1.));
#11309=DIRECTION('',(-1.,0.,0.));
#11310=DIRECTION('',(0.,-1.,0.));
#11311=DIRECTION('',(1.,0.,0.));
#11312=DIRECTION('',(0.,0.,-1.));
#11313=DIRECTION('',(-1.,0.,0.));
#11314=DIRECTION('',(0.,0.,-1.));
#11315=DIRECTION('',(1.,0.,0.));
#11316=DIRECTION('',(0.,0.,-1.));
#11317=DIRECTION('',(-1.,0.,0.));
#11318=DIRECTION('',(-1.,5.4630440786197E-16,0.));
#11319=DIRECTION('',(0.,0.,-1.));
#11320=DIRECTION('',(-1.,0.,0.));
#11321=DIRECTION('',(0.,-1.,0.));
#11322=DIRECTION('',(-1.,5.4630440786197E-16,0.));
#11323=DIRECTION('',(0.,0.,-1.));
#11324=DIRECTION('',(-1.,0.,0.));
#11325=DIRECTION('',(0.,0.,-1.));
#11326=DIRECTION('',(-1.,0.,0.));
#11327=DIRECTION('',(0.,0.,-1.));
#11328=DIRECTION('',(-1.,0.,0.));
#11329=DIRECTION('',(1.,0.,0.));
#11330=DIRECTION('',(5.4630440786197E-16,1.,0.));
#11331=DIRECTION('',(-1.,5.4630440786197E-16,0.));
#11332=DIRECTION('',(0.,1.,0.));
#11333=DIRECTION('',(-1.,0.,0.));
#11334=DIRECTION('',(0.,0.,-1.));
#11335=DIRECTION('',(-1.,5.4630440786197E-16,0.));
#11336=DIRECTION('',(0.,0.,-1.));
#11337=DIRECTION('',(0.,0.,-1.));
#11338=DIRECTION('',(-1.,0.,0.));
#11339=DIRECTION('',(0.,0.,-1.));
#11340=DIRECTION('',(0.,0.,-1.));
#11341=DIRECTION('',(1.,0.,0.));
#11342=DIRECTION('',(0.,0.,1.));
#11343=DIRECTION('',(0.,0.,-1.));
#11344=DIRECTION('',(-1.,0.,0.));
#11345=DIRECTION('',(0.,0.,-1.));
#11346=DIRECTION('',(0.,0.,-1.));
#11347=DIRECTION('',(1.,0.,0.));
#11348=DIRECTION('',(0.,0.,1.));
#11349=DIRECTION('',(0.,0.,-1.));
#11350=DIRECTION('',(-1.,0.,0.));
#11351=DIRECTION('',(0.,0.,1.));
#11352=DIRECTION('',(0.,0.,-1.));
#11353=DIRECTION('',(1.,0.,0.));
#11354=DIRECTION('',(0.,0.,-1.));
#11355=DIRECTION('',(0.,0.,-1.));
#11356=DIRECTION('',(-1.,0.,0.));
#11357=DIRECTION('',(0.,0.,-1.));
#11358=DIRECTION('',(0.,0.,-1.));
#11359=DIRECTION('',(1.,0.,0.));
#11360=DIRECTION('',(0.,0.,1.));
#11361=DIRECTION('',(0.,0.,-1.));
#11362=DIRECTION('',(-1.,0.,0.));
#11363=DIRECTION('',(0.,0.,1.));
#11364=DIRECTION('',(0.,0.,-1.));
#11365=DIRECTION('',(1.,0.,0.));
#11366=DIRECTION('',(0.,0.,-1.));
#11367=DIRECTION('',(0.,0.,-1.));
#11368=DIRECTION('',(-1.,0.,0.));
#11369=DIRECTION('',(0.,0.,1.));
#11370=DIRECTION('',(0.,0.,-1.));
#11371=DIRECTION('',(1.,0.,0.));
#11372=DIRECTION('',(0.,0.,-1.));
#11373=DIRECTION('',(0.,0.,-1.));
#11374=DIRECTION('',(-1.,0.,0.));
#11375=DIRECTION('',(0.,0.,-1.));
#11376=DIRECTION('',(0.,0.,-1.));
#11377=DIRECTION('',(1.,0.,0.));
#11378=DIRECTION('',(0.,0.,1.));
#11379=DIRECTION('',(0.,0.,-1.));
#11380=DIRECTION('',(-1.,0.,0.));
#11381=DIRECTION('',(0.,0.,1.));
#11382=DIRECTION('',(0.,0.,-1.));
#11383=DIRECTION('',(1.,0.,0.));
#11384=DIRECTION('',(0.,0.,-1.));
#11385=DIRECTION('',(0.,0.,-1.));
#11386=DIRECTION('',(-1.,0.,0.));
#11387=DIRECTION('',(0.,0.,-1.));
#11388=DIRECTION('',(0.,0.,-1.));
#11389=DIRECTION('',(1.,0.,0.));
#11390=DIRECTION('',(0.,0.,1.));
#11391=DIRECTION('',(0.,0.,-1.));
#11392=DIRECTION('',(-1.,0.,0.));
#11393=DIRECTION('',(0.,0.,-1.));
#11394=DIRECTION('',(0.,0.,-1.));
#11395=DIRECTION('',(1.,0.,0.));
#11396=DIRECTION('',(0.,0.,1.));
#11397=DIRECTION('',(0.,0.,-1.));
#11398=DIRECTION('',(-1.,0.,0.));
#11399=DIRECTION('',(0.,0.,1.));
#11400=DIRECTION('',(0.,0.,-1.));
#11401=DIRECTION('',(1.,0.,0.));
#11402=DIRECTION('',(0.,0.,-1.));
#11403=DIRECTION('',(0.,0.,-1.));
#11404=DIRECTION('',(-1.,0.,0.));
#11405=DIRECTION('',(0.,0.,1.));
#11406=DIRECTION('',(0.,0.,-1.));
#11407=DIRECTION('',(1.,0.,0.));
#11408=DIRECTION('',(0.,0.,-1.));
#11409=DIRECTION('',(0.,0.,-1.));
#11410=DIRECTION('',(-1.,0.,0.));
#11411=DIRECTION('',(0.,0.,-1.));
#11412=DIRECTION('',(1.,0.,0.));
#11413=DIRECTION('',(-2.85492463503678E-16,1.,0.));
#11414=DIRECTION('',(1.,2.85492463503678E-16,0.));
#11415=DIRECTION('',(-2.85492463503678E-16,1.,0.));
#11416=DIRECTION('',(-1.,-2.85492463503678E-16,0.));
#11417=DIRECTION('',(-1.,-2.85492463503678E-16,0.));
#11418=DIRECTION('',(0.,0.,-1.));
#11419=DIRECTION('',(-1.,0.,0.));
#11420=DIRECTION('',(0.,0.,-1.));
#11421=DIRECTION('',(-1.,0.,0.));
#11422=DIRECTION('',(6.82880509827462E-17,-1.,0.));
#11423=DIRECTION('',(-1.,-6.82880509827462E-17,0.));
#11424=DIRECTION('',(6.82880509827462E-17,-1.,0.));
#11425=DIRECTION('',(1.,6.82880509827462E-17,0.));
#11426=DIRECTION('',(1.,6.82880509827462E-17,0.));
#11427=DIRECTION('',(6.82880509827462E-17,-1.,0.));
#11428=DIRECTION('',(-1.,-6.82880509827462E-17,0.));
#11429=DIRECTION('',(6.82880509827462E-17,-1.,0.));
#11430=DIRECTION('',(1.,6.82880509827462E-17,0.));
#11431=DIRECTION('',(1.,6.82880509827462E-17,0.));
#11432=DIRECTION('',(0.,0.,-1.));
#11433=DIRECTION('',(-1.,0.,0.));
#11434=DIRECTION('',(0.,0.,-1.));
#11435=DIRECTION('',(1.,0.,0.));
#11436=DIRECTION('',(-2.85492463503678E-16,1.,0.));
#11437=DIRECTION('',(1.,2.85492463503678E-16,0.));
#11438=DIRECTION('',(-2.85492463503678E-16,1.,0.));
#11439=DIRECTION('',(-1.,-2.85492463503678E-16,0.));
#11440=DIRECTION('',(-1.,-2.85492463503678E-16,0.));
#11441=DIRECTION('',(0.,0.,-1.));
#11442=DIRECTION('',(-1.,0.,0.));
#11443=DIRECTION('',(0.,0.,-1.));
#11444=DIRECTION('',(-1.,0.,0.));
#11445=DIRECTION('',(-6.82880509827461E-17,1.,0.));
#11446=DIRECTION('',(1.,6.82880509827461E-17,0.));
#11447=DIRECTION('',(-6.82880509827461E-17,1.,0.));
#11448=DIRECTION('',(-1.,-6.82880509827461E-17,0.));
#11449=DIRECTION('',(-1.,-6.82880509827461E-17,0.));
#11450=DIRECTION('',(0.,0.,-1.));
#11451=DIRECTION('',(-1.,0.,0.));
#11452=DIRECTION('',(0.,0.,1.));
#11453=DIRECTION('',(-1.,0.,0.));
#11454=DIRECTION('',(2.85492463503678E-16,-1.,0.));
#11455=DIRECTION('',(-1.,-2.85492463503678E-16,0.));
#11456=DIRECTION('',(2.85492463503678E-16,-1.,0.));
#11457=DIRECTION('',(1.,2.85492463503678E-16,0.));
#11458=DIRECTION('',(1.,2.85492463503678E-16,0.));
#11459=DIRECTION('',(0.,0.,-1.));
#11460=DIRECTION('',(-1.,0.,0.));
#11461=DIRECTION('',(0.,0.,1.));
#11462=DIRECTION('',(1.,0.,0.));
#11463=DIRECTION('',(0.,0.,1.));
#11464=DIRECTION('',(1.,0.,0.));
#11465=DIRECTION('',(-1.,2.85492463503678E-16,0.));
#11466=DIRECTION('',(0.,0.,1.));
#11467=DIRECTION('',(1.,0.,0.));
#11468=DIRECTION('',(0.,0.,1.));
#11469=DIRECTION('',(1.,0.,0.));
#11470=DIRECTION('',(0.,0.,1.));
#11471=DIRECTION('',(1.,0.,0.));
#11472=DIRECTION('',(1.,-6.82880509827462E-17,0.));
#11473=DIRECTION('',(0.,0.,1.));
#11474=DIRECTION('',(1.,0.,0.));
#11475=DIRECTION('',(0.,0.,1.));
#11476=DIRECTION('',(-1.,0.,0.));
#11477=DIRECTION('',(0.,0.,1.));
#11478=DIRECTION('',(1.,0.,0.));
#11479=DIRECTION('',(0.,0.,1.));
#11480=DIRECTION('',(1.,0.,0.));
#11481=DIRECTION('',(0.,0.,1.));
#11482=DIRECTION('',(1.,0.,0.));
#11483=DIRECTION('',(1.,-6.82880509827462E-17,0.));
#11484=DIRECTION('',(0.,0.,1.));
#11485=DIRECTION('',(1.,0.,0.));
#11486=DIRECTION('',(0.,0.,1.));
#11487=DIRECTION('',(-1.,0.,0.));
#11488=DIRECTION('',(0.,0.,1.));
#11489=DIRECTION('',(1.,0.,0.));
#11490=DIRECTION('',(-1.,2.85492463503678E-16,0.));
#11491=DIRECTION('',(0.,0.,1.));
#11492=DIRECTION('',(1.,0.,0.));
#11493=DIRECTION('',(0.,0.,1.));
#11494=DIRECTION('',(1.,0.,0.));
#11495=DIRECTION('',(0.,0.,1.));
#11496=DIRECTION('',(1.,0.,0.));
#11497=DIRECTION('',(0.,0.,1.));
#11498=DIRECTION('',(1.,0.,0.));
#11499=DIRECTION('',(0.,0.,1.));
#11500=DIRECTION('',(1.,0.,0.));
#11501=DIRECTION('',(-1.,0.,0.));
#11502=DIRECTION('',(0.,-1.,0.));
#11503=DIRECTION('',(1.,7.2280144832367E-17,0.));
#11504=DIRECTION('',(0.,0.,1.));
#11505=DIRECTION('',(1.,0.,0.));
#11506=DIRECTION('',(-1.,-2.89120579329468E-16,0.));
#11507=DIRECTION('',(0.,0.,1.));
#11508=DIRECTION('',(-1.,0.,0.));
#11509=DIRECTION('',(1.,7.2280144832367E-17,0.));
#11510=DIRECTION('',(0.,-1.,0.));
#11511=DIRECTION('',(-1.,0.,0.));
#11512=DIRECTION('',(0.,-1.,0.));
#11513=DIRECTION('',(1.,7.2280144832367E-17,0.));
#11514=DIRECTION('',(0.,-1.,0.));
#11515=DIRECTION('',(-1.,0.,0.));
#11516=DIRECTION('',(0.,-1.,0.));
#11517=DIRECTION('',(1.,7.2280144832367E-17,0.));
#11518=DIRECTION('',(0.,-1.,0.));
#11519=DIRECTION('',(0.,0.,-1.));
#11520=DIRECTION('',(1.,0.,0.));
#11521=DIRECTION('',(0.,0.,1.));
#11522=DIRECTION('',(1.,0.,0.));
#11523=DIRECTION('',(-1.,6.82880509827461E-17,0.));
#11524=DIRECTION('',(0.,0.,1.));
#11525=DIRECTION('',(1.,0.,0.));
#11526=DIRECTION('',(0.,0.,-1.));
#11527=DIRECTION('',(-1.,0.,0.));
#11528=DIRECTION('',(0.,0.,1.));
#11529=DIRECTION('',(1.,0.,0.));
#11530=DIRECTION('',(1.,-2.85492463503678E-16,0.));
#11531=DIRECTION('',(0.,0.,1.));
#11532=DIRECTION('',(1.,0.,0.));
#11533=DIRECTION('',(1.,0.,-4.33680868994202E-16));
#11534=DIRECTION('',(-4.33680868994202E-16,0.,-1.));
#11535=DIRECTION('',(0.,1.,0.));
#11536=DIRECTION('',(-4.33680868994202E-16,-3.13465160219277E-32,-1.));
#11537=DIRECTION('',(-4.33680868994202E-16,0.,-1.));
#11538=DIRECTION('',(0.,-1.,0.));
#11539=DIRECTION('',(-4.33680868994202E-16,0.,-1.));
#11540=DIRECTION('',(-1.,0.,0.));
#11541=DIRECTION('',(0.,0.,1.));
#11542=DIRECTION('',(0.,0.,1.));
#11543=DIRECTION('',(0.,-1.,0.));
#11544=DIRECTION('',(0.,0.,1.));
#11545=DIRECTION('',(0.,0.,1.));
#11546=DIRECTION('',(0.,1.,0.));
#11547=DIRECTION('',(0.,0.,-1.));
#11548=DIRECTION('',(0.,-1.,0.));
#11549=DIRECTION('',(1.,0.,0.));
#11550=DIRECTION('',(0.,-1.,0.));
#11551=DIRECTION('',(0.,0.,1.));
#11552=DIRECTION('',(1.30104260698261E-16,-1.,0.));
#11553=DIRECTION('',(1.,1.30104260698261E-16,0.));
#11554=DIRECTION('',(1.,0.,-4.33680868994202E-16));
#11555=DIRECTION('',(-4.33680868994202E-16,0.,-1.));
#11556=DIRECTION('',(0.,1.,0.));
#11557=DIRECTION('',(-4.33680868994202E-16,-3.13465160219277E-32,-1.));
#11558=DIRECTION('',(-4.33680868994202E-16,0.,-1.));
#11559=DIRECTION('',(0.,-1.,0.));
#11560=DIRECTION('',(-4.33680868994202E-16,0.,-1.));
#11561=DIRECTION('',(-1.,0.,0.));
#11562=DIRECTION('',(0.,0.,1.));
#11563=DIRECTION('',(0.,-1.,0.));
#11564=DIRECTION('',(0.,0.,1.));
#11565=DIRECTION('',(0.,-1.,0.));
#11566=DIRECTION('',(0.,0.,1.));
#11567=DIRECTION('',(0.,0.,1.));
#11568=DIRECTION('',(0.,1.,0.));
#11569=DIRECTION('',(0.,0.,-1.));
#11570=DIRECTION('',(0.,-1.,0.));
#11571=DIRECTION('',(1.,0.,0.));
#11572=DIRECTION('',(0.,-1.,0.));
#11573=DIRECTION('',(0.,0.,1.));
#11574=DIRECTION('',(1.30104260698261E-16,-1.,0.));
#11575=DIRECTION('',(1.,1.30104260698261E-16,0.));
#11576=DIRECTION('',(1.,0.,-4.33680868994202E-16));
#11577=DIRECTION('',(-4.33680868994202E-16,0.,-1.));
#11578=DIRECTION('',(-4.33680868994202E-16,-3.13465160219277E-32,-1.));
#11579=DIRECTION('',(-4.33680868994202E-16,0.,-1.));
#11580=DIRECTION('',(0.,-1.,0.));
#11581=DIRECTION('',(-4.33680868994202E-16,0.,-1.));
#11582=DIRECTION('',(-1.,0.,0.));
#11583=DIRECTION('',(0.,0.,1.));
#11584=DIRECTION('',(0.,-1.,0.));
#11585=DIRECTION('',(0.,0.,1.));
#11586=DIRECTION('',(0.,-1.,0.));
#11587=DIRECTION('',(0.,0.,1.));
#11588=DIRECTION('',(0.,0.,1.));
#11589=DIRECTION('',(0.,1.,0.));
#11590=DIRECTION('',(0.,0.,-1.));
#11591=DIRECTION('',(0.,1.,0.));
#11592=DIRECTION('',(0.,0.,1.));
#11593=DIRECTION('',(0.,-1.,0.));
#11594=DIRECTION('',(1.,0.,0.));
#11595=DIRECTION('',(0.,-1.,0.));
#11596=DIRECTION('',(0.,0.,1.));
#11597=DIRECTION('',(1.30104260698261E-16,-1.,0.));
#11598=DIRECTION('',(1.,1.30104260698261E-16,0.));
#11599=DIRECTION('',(0.,0.,1.));
#11600=DIRECTION('',(1.,0.,0.));
#11601=DIRECTION('',(0.,0.,1.));
#11602=DIRECTION('',(1.,0.,0.));
#11603=DIRECTION('',(0.,0.,1.));
#11604=DIRECTION('',(1.,0.,0.));
#11605=DIRECTION('',(0.,0.,1.));
#11606=DIRECTION('',(1.,0.,0.));
#11607=DIRECTION('',(0.,0.,1.));
#11608=DIRECTION('',(1.,0.,0.));
#11609=DIRECTION('',(0.,0.,1.));
#11610=DIRECTION('',(1.,0.,0.));
#11611=DIRECTION('',(0.,0.,1.));
#11612=DIRECTION('',(1.,0.,0.));
#11613=DIRECTION('',(0.,0.,1.));
#11614=DIRECTION('',(1.,0.,0.));
#11615=DIRECTION('',(0.,0.,1.));
#11616=DIRECTION('',(1.,0.,0.));
#11617=DIRECTION('',(0.,0.,1.));
#11618=DIRECTION('',(1.,0.,0.));
#11619=DIRECTION('',(0.,0.,1.));
#11620=DIRECTION('',(1.,0.,0.));
#11621=DIRECTION('',(0.,0.,1.));
#11622=DIRECTION('',(1.,0.,0.));
#11623=DIRECTION('',(0.,0.,-1.));
#11624=DIRECTION('',(-1.,0.,0.));
#11625=DIRECTION('',(0.,0.,1.));
#11626=DIRECTION('',(1.,0.,0.));
#11627=DIRECTION('',(0.,0.,-1.));
#11628=DIRECTION('',(-1.,0.,0.));
#11629=DIRECTION('',(0.,0.,1.));
#11630=DIRECTION('',(1.,0.,0.));
#11631=DIRECTION('',(0.,0.,-1.));
#11632=DIRECTION('',(-1.,0.,0.));
#11633=DIRECTION('',(0.,0.,1.));
#11634=DIRECTION('',(1.,0.,0.));
#11635=DIRECTION('',(0.,0.,-1.));
#11636=DIRECTION('',(-1.,0.,0.));
#11637=DIRECTION('',(0.,0.,1.));
#11638=DIRECTION('',(1.,0.,0.));
#11639=DIRECTION('',(0.,0.,1.));
#11640=DIRECTION('',(1.,0.,0.));
#11641=DIRECTION('',(0.,0.,1.));
#11642=DIRECTION('',(1.,0.,0.));
#11643=DIRECTION('',(0.,0.,1.));
#11644=DIRECTION('',(1.,0.,0.));
#11645=DIRECTION('',(0.,0.,1.));
#11646=DIRECTION('',(1.,0.,0.));
#11647=DIRECTION('',(0.,0.,1.));
#11648=DIRECTION('',(1.,0.,0.));
#11649=DIRECTION('',(0.,0.,1.));
#11650=DIRECTION('',(1.,0.,0.));
#11651=DIRECTION('',(0.,0.,1.));
#11652=DIRECTION('',(1.,0.,0.));
#11653=DIRECTION('',(0.,0.,1.));
#11654=DIRECTION('',(1.,0.,0.));
#11655=DIRECTION('',(0.,0.,1.));
#11656=DIRECTION('',(1.,0.,0.));
#11657=DIRECTION('',(0.,0.,1.));
#11658=DIRECTION('',(1.,0.,0.));
#11659=DIRECTION('',(0.,0.,1.));
#11660=DIRECTION('',(1.,0.,0.));
#11661=DIRECTION('',(0.,0.,1.));
#11662=DIRECTION('',(1.,0.,0.));
#11663=DIRECTION('',(0.,0.,1.));
#11664=DIRECTION('',(1.,0.,0.));
#11665=DIRECTION('',(0.,0.,1.));
#11666=DIRECTION('',(1.,0.,0.));
#11667=DIRECTION('',(0.,0.,1.));
#11668=DIRECTION('',(1.,0.,0.));
#11669=DIRECTION('',(0.,0.,1.));
#11670=DIRECTION('',(1.,0.,0.));
#11671=DIRECTION('',(0.,0.,1.));
#11672=DIRECTION('',(1.,0.,0.));
#11673=DIRECTION('',(0.,0.,1.));
#11674=DIRECTION('',(0.,0.,1.));
#11675=DIRECTION('',(1.,0.,0.));
#11676=DIRECTION('',(0.,0.,1.));
#11677=DIRECTION('',(1.,0.,0.));
#11678=DIRECTION('',(0.,0.,1.));
#11679=DIRECTION('',(1.,0.,0.));
#11680=DIRECTION('',(0.,0.,1.));
#11681=DIRECTION('',(0.,0.,1.));
#11682=DIRECTION('',(1.,0.,0.));
#11683=DIRECTION('',(0.,0.,-1.));
#11684=DIRECTION('',(-1.,0.,0.));
#11685=DIRECTION('',(0.,0.,1.));
#11686=DIRECTION('',(0.,0.,1.));
#11687=DIRECTION('',(1.,0.,0.));
#11688=DIRECTION('',(0.,0.,1.));
#11689=DIRECTION('',(1.,0.,0.));
#11690=DIRECTION('',(0.,0.,-1.));
#11691=DIRECTION('',(0.,-1.,0.));
#11692=DIRECTION('',(0.,0.,-1.));
#11693=DIRECTION('',(0.,-1.,0.));
#11694=DIRECTION('',(0.,0.,-1.));
#11695=DIRECTION('',(1.,0.,0.));
#11696=DIRECTION('',(0.,0.,-1.));
#11697=DIRECTION('',(0.,0.,1.));
#11698=DIRECTION('',(1.,0.,0.));
#11699=DIRECTION('',(0.,0.,1.));
#11700=DIRECTION('',(1.,0.,0.));
#11701=DIRECTION('',(0.,0.,1.));
#11702=DIRECTION('',(0.,0.,1.));
#11703=DIRECTION('',(1.,0.,0.));
#11704=DIRECTION('',(0.,0.,-1.));
#11705=DIRECTION('',(1.,0.,0.));
#11706=DIRECTION('',(0.,0.,1.));
#11707=DIRECTION('',(1.,0.,0.));
#11708=DIRECTION('',(0.,0.,-1.));
#11709=DIRECTION('',(0.,0.,1.));
#11710=DIRECTION('',(1.,0.,0.));
#11711=DIRECTION('',(0.,0.,1.));
#11712=DIRECTION('',(0.,0.,1.));
#11713=DIRECTION('',(1.,0.,0.));
#11714=DIRECTION('',(0.,0.,-1.));
#11715=DIRECTION('',(1.,0.,0.));
#11716=DIRECTION('',(0.,0.,1.));
#11717=DIRECTION('',(0.,0.,1.));
#11718=DIRECTION('',(1.,0.,0.));
#11719=DIRECTION('',(0.,0.,1.));
#11720=DIRECTION('',(1.,0.,0.));
#11721=DIRECTION('',(0.,0.,1.));
#11722=DIRECTION('',(1.,0.,0.));
#11723=DIRECTION('',(0.,0.,1.));
#11724=DIRECTION('',(1.,0.,0.));
#11725=DIRECTION('',(0.,0.,1.));
#11726=DIRECTION('',(0.,0.,1.));
#11727=DIRECTION('',(1.,0.,0.));
#11728=DIRECTION('',(0.,0.,-1.));
#11729=DIRECTION('',(-1.,0.,0.));
#11730=DIRECTION('',(0.,0.,1.));
#11731=DIRECTION('',(0.,0.,1.));
#11732=DIRECTION('',(1.,0.,0.));
#11733=DIRECTION('',(0.,0.,1.));
#11734=DIRECTION('',(1.,0.,0.));
#11735=DIRECTION('',(0.,0.,-1.));
#11736=DIRECTION('',(0.,-1.,0.));
#11737=DIRECTION('',(0.,0.,-1.));
#11738=DIRECTION('',(0.,-1.,0.));
#11739=DIRECTION('',(0.,0.,-1.));
#11740=DIRECTION('',(1.,0.,0.));
#11741=DIRECTION('',(0.,0.,1.));
#11742=DIRECTION('',(1.,0.,0.));
#11743=DIRECTION('',(0.,0.,1.));
#11744=DIRECTION('',(1.,0.,0.));
#11745=DIRECTION('',(0.,0.,1.));
#11746=DIRECTION('',(0.,0.,1.));
#11747=DIRECTION('',(1.,0.,0.));
#11748=DIRECTION('',(0.,0.,-1.));
#11749=DIRECTION('',(-1.,0.,0.));
#11750=DIRECTION('',(0.,0.,1.));
#11751=DIRECTION('',(0.,0.,1.));
#11752=DIRECTION('',(1.,0.,0.));
#11753=DIRECTION('',(0.,0.,1.));
#11754=DIRECTION('',(1.,0.,0.));
#11755=DIRECTION('',(0.,0.,-1.));
#11756=DIRECTION('',(0.,-1.,0.));
#11757=DIRECTION('',(0.,0.,-1.));
#11758=DIRECTION('',(0.,-1.,0.));
#11759=DIRECTION('',(0.,0.,-1.));
#11760=DIRECTION('',(1.,0.,0.));
#11761=DIRECTION('',(0.,0.,-1.));
#11762=DIRECTION('',(0.,0.,1.));
#11763=DIRECTION('',(1.,0.,0.));
#11764=DIRECTION('',(0.,0.,1.));
#11765=DIRECTION('',(1.,0.,0.));
#11766=DIRECTION('',(0.,0.,1.));
#11767=DIRECTION('',(0.,0.,1.));
#11768=DIRECTION('',(1.,0.,0.));
#11769=DIRECTION('',(0.,0.,-1.));
#11770=DIRECTION('',(1.,0.,0.));
#11771=DIRECTION('',(0.,0.,1.));
#11772=DIRECTION('',(0.,0.,1.));
#11773=DIRECTION('',(1.,0.,0.));
#11774=DIRECTION('',(0.,0.,1.));
#11775=DIRECTION('',(1.,0.,0.));
#11776=DIRECTION('',(0.,0.,-1.));
#11777=DIRECTION('',(-1.,0.,0.));
#11778=DIRECTION('',(0.,0.,1.));
#11779=DIRECTION('',(1.,0.,0.));
#11780=DIRECTION('',(0.,0.,1.));
#11781=DIRECTION('',(1.,0.,0.));
#11782=DIRECTION('',(0.,0.,-1.));
#11783=DIRECTION('',(-1.,0.,0.));
#11784=DIRECTION('',(0.,0.,1.));
#11785=DIRECTION('',(1.,0.,0.));
#11786=DIRECTION('',(0.,0.,1.));
#11787=DIRECTION('',(1.,0.,0.));
#11788=DIRECTION('',(0.,0.,-1.));
#11789=DIRECTION('',(-1.,0.,0.));
#11790=DIRECTION('',(0.,0.,1.));
#11791=DIRECTION('',(1.,0.,0.));
#11792=DIRECTION('',(0.,0.,1.));
#11793=DIRECTION('',(1.,0.,0.));
#11794=DIRECTION('',(0.,0.,-1.));
#11795=DIRECTION('',(-1.,0.,0.));
#11796=DIRECTION('',(0.,0.,1.));
#11797=DIRECTION('',(1.,0.,0.));
#11798=DIRECTION('',(0.,0.,1.));
#11799=DIRECTION('',(1.,0.,0.));
#11800=DIRECTION('',(0.,0.,1.));
#11801=DIRECTION('',(1.,0.,0.));
#11802=DIRECTION('',(0.,0.,1.));
#11803=DIRECTION('',(1.,0.,0.));
#11804=DIRECTION('',(0.,0.,1.));
#11805=DIRECTION('',(1.,0.,0.));
#11806=DIRECTION('',(0.,0.,1.));
#11807=DIRECTION('',(1.,0.,0.));
#11808=DIRECTION('',(0.,0.,1.));
#11809=DIRECTION('',(1.,0.,0.));
#11810=DIRECTION('',(0.,0.,1.));
#11811=DIRECTION('',(1.,0.,0.));
#11812=DIRECTION('',(0.,0.,1.));
#11813=DIRECTION('',(1.,0.,0.));
#11814=DIRECTION('',(0.,0.,1.));
#11815=DIRECTION('',(1.,0.,0.));
#11816=DIRECTION('',(2.89120579329468E-16,-1.,0.));
#11817=DIRECTION('',(1.,2.89120579329468E-16,0.));
#11818=DIRECTION('',(1.,2.89120579329468E-16,0.));
#11819=DIRECTION('',(4.33680868994202E-16,1.25386064087711E-31,1.));
#11820=DIRECTION('',(-1.,-2.89120579329468E-16,0.));
#11821=DIRECTION('',(0.,0.,-1.));
#11822=DIRECTION('',(0.,-1.,0.));
#11823=DIRECTION('',(0.,0.,-1.));
#11824=DIRECTION('',(1.,0.,0.));
#11825=DIRECTION('',(-4.33680868994202E-16,0.,-1.));
#11826=DIRECTION('',(0.,-1.,0.));
#11827=DIRECTION('',(1.,0.,0.));
#11828=DIRECTION('',(0.,0.,1.));
#11829=DIRECTION('',(2.89120579329468E-16,-1.,0.));
#11830=DIRECTION('',(1.,2.89120579329468E-16,0.));
#11831=DIRECTION('',(1.,2.89120579329468E-16,0.));
#11832=DIRECTION('',(4.33680868994202E-16,1.25386064087711E-31,1.));
#11833=DIRECTION('',(-1.,-2.89120579329468E-16,0.));
#11834=DIRECTION('',(0.,0.,-1.));
#11835=DIRECTION('',(0.,0.,1.));
#11836=DIRECTION('',(1.,0.,0.));
#11837=DIRECTION('',(0.,0.,1.));
#11838=DIRECTION('',(-1.,0.,0.));
#11839=DIRECTION('',(-1.,-2.89120579329468E-16,0.));
#11840=DIRECTION('',(0.,0.,1.));
#11841=DIRECTION('',(1.,0.,0.));
#11842=DIRECTION('',(1.,7.2280144832367E-17,0.));
#11843=DIRECTION('',(0.,0.,1.));
#11844=DIRECTION('',(1.,0.,0.));
#11845=DIRECTION('',(0.,0.,1.));
#11846=DIRECTION('',(1.,0.,0.));
#11847=DIRECTION('',(0.,0.,1.));
#11848=DIRECTION('',(1.,0.,0.));
#11849=DIRECTION('',(0.,0.,1.));
#11850=DIRECTION('',(1.,0.,0.));
#11851=DIRECTION('',(0.,0.,1.));
#11852=DIRECTION('',(1.,0.,0.));
#11853=DIRECTION('',(0.,0.,1.));
#11854=DIRECTION('',(1.,0.,0.));
#11855=DIRECTION('',(0.,0.,1.));
#11856=DIRECTION('',(1.,0.,0.));
#11857=DIRECTION('',(0.,0.,1.));
#11858=DIRECTION('',(1.,0.,0.));
#11859=DIRECTION('',(0.,0.,1.));
#11860=DIRECTION('',(1.,0.,0.));
#11861=DIRECTION('',(0.,0.,1.));
#11862=DIRECTION('',(1.,0.,0.));
#11863=DIRECTION('',(0.,0.,1.));
#11864=DIRECTION('',(1.,0.,0.));
#11865=DIRECTION('',(0.,0.,1.));
#11866=DIRECTION('',(1.,0.,0.));
#11867=DIRECTION('',(0.,0.,1.));
#11868=DIRECTION('',(1.,0.,0.));
#11869=DIRECTION('',(0.,0.,1.));
#11870=DIRECTION('',(1.,0.,0.));
#11871=DIRECTION('',(0.,0.,1.));
#11872=DIRECTION('',(1.,0.,0.));
#11873=DIRECTION('',(0.,0.,1.));
#11874=DIRECTION('',(1.,0.,0.));
#11875=DIRECTION('',(0.,-1.,0.));
#11876=DIRECTION('',(0.,0.,-1.));
#11877=DIRECTION('',(1.,0.,0.));
#11878=DIRECTION('',(-4.33680868994202E-16,0.,-1.));
#11879=DIRECTION('',(0.,-1.,0.));
#11880=DIRECTION('',(1.,0.,0.));
#11881=DIRECTION('',(0.,0.,1.));
#11882=DIRECTION('',(0.,0.,1.));
#11883=DIRECTION('',(1.,0.,0.));
#11884=DIRECTION('',(0.,1.,0.));
#11885=DIRECTION('',(0.,1.,0.));
#11886=DIRECTION('',(0.,1.,0.));
#11887=DIRECTION('',(0.,1.,0.));
#11888=DIRECTION('',(-1.,-2.89120579329468E-16,0.));
#11889=DIRECTION('',(0.,0.,1.));
#11890=DIRECTION('',(-1.,0.,0.));
#11891=DIRECTION('',(1.,7.2280144832367E-17,0.));
#11892=DIRECTION('',(0.,0.,1.));
#11893=DIRECTION('',(1.,0.,0.));
#11894=DIRECTION('',(-1.,-2.89120579329468E-16,0.));
#11895=DIRECTION('',(0.,1.,0.));
#11896=DIRECTION('',(1.,0.,0.));
#11897=DIRECTION('',(0.,1.,0.));
#11898=DIRECTION('',(0.,-1.,0.));
#11899=DIRECTION('',(0.,0.,-1.));
#11900=DIRECTION('',(-4.33680868994202E-16,0.,-1.));
#11901=DIRECTION('',(0.,-1.,0.));
#11902=DIRECTION('',(1.,0.,0.));
#11903=DIRECTION('',(0.,0.,1.));
#11904=DIRECTION('',(0.,1.,0.));
#11905=DIRECTION('',(0.,0.,1.));
#11906=DIRECTION('',(0.,-1.,0.));
#11907=DIRECTION('',(1.,0.,0.));
#11908=DIRECTION('',(0.,1.,0.));
#11909=DIRECTION('',(0.,1.,0.));
#11910=DIRECTION('',(-1.,0.,0.));
#11911=DIRECTION('',(0.,0.,1.));
#11912=DIRECTION('',(0.,-1.,0.));
#11913=DIRECTION('',(0.,0.,1.));
#11914=DIRECTION('',(0.,0.,1.));
#11915=DIRECTION('',(1.,0.,0.));
#11916=DIRECTION('',(1.,0.,0.));
#11917=DIRECTION('',(0.,1.,0.));
#11918=DIRECTION('',(1.,0.,-4.33680868994202E-16));
#11919=DIRECTION('',(-4.33680868994202E-16,0.,-1.));
#11920=DIRECTION('',(-4.33680868994202E-16,0.,-1.));
#11921=DIRECTION('',(0.,1.,0.));
#11922=DIRECTION('',(0.,1.,0.));
#11923=DIRECTION('',(0.,0.,1.));
#11924=DIRECTION('',(0.,-1.,0.));
#11925=DIRECTION('',(1.,0.,0.));
#11926=DIRECTION('',(0.,1.,0.));
#11927=DIRECTION('',(-1.,0.,0.));
#11928=DIRECTION('',(0.,0.,1.));
#11929=DIRECTION('',(0.,-1.,0.));
#11930=DIRECTION('',(0.,0.,1.));
#11931=DIRECTION('',(0.,0.,1.));
#11932=DIRECTION('',(1.,0.,0.));
#11933=DIRECTION('',(1.,0.,0.));
#11934=DIRECTION('',(0.,1.,0.));
#11935=DIRECTION('',(1.,0.,-4.33680868994202E-16));
#11936=DIRECTION('',(-4.33680868994202E-16,0.,-1.));
#11937=DIRECTION('',(-4.33680868994202E-16,0.,-1.));
#11938=DIRECTION('',(0.,1.,0.));
#11939=DIRECTION('',(0.,1.,0.));
#11940=DIRECTION('',(0.,0.,1.));
#11941=DIRECTION('',(0.,-1.,0.));
#11942=DIRECTION('',(1.,0.,0.));
#11943=DIRECTION('',(0.,1.,0.));
#11944=DIRECTION('',(-7.2280144832367E-17,1.,0.));
#11945=DIRECTION('',(-1.,-7.2280144832367E-17,0.));
#11946=DIRECTION('',(0.,0.,-1.));
#11947=DIRECTION('',(1.,7.2280144832367E-17,0.));
#11948=DIRECTION('',(0.,0.,-1.));
#11949=DIRECTION('',(0.,0.,-1.));
#11950=DIRECTION('',(-1.,0.,0.));
#11951=DIRECTION('',(0.,0.,1.));
#11952=DIRECTION('',(-1.,0.,0.));
#11953=DIRECTION('',(0.,0.,-1.));
#11954=DIRECTION('',(0.,0.,-1.));
#11955=DIRECTION('',(0.,0.,1.));
#11956=DIRECTION('',(-1.,0.,0.));
#11957=DIRECTION('',(0.,0.,-1.));
#11958=DIRECTION('',(2.89120579329468E-16,-1.,0.));
#11959=DIRECTION('',(1.,2.89120579329468E-16,0.));
#11960=DIRECTION('',(0.,0.,-1.));
#11961=DIRECTION('',(-1.,-2.89120579329468E-16,0.));
#11962=DIRECTION('',(0.,0.,-1.));
#11963=DIRECTION('',(-1.,0.,0.));
#11964=DIRECTION('',(0.,0.,-1.));
#11965=DIRECTION('',(0.,0.,1.));
#11966=DIRECTION('',(1.,0.,0.));
#11967=DIRECTION('',(0.,0.,-1.));
#11968=DIRECTION('',(0.,0.,1.));
#11969=DIRECTION('',(1.,0.,0.));
#11970=DIRECTION('',(0.,0.,-1.));
#11971=DIRECTION('',(-1.,0.,0.));
#11972=DIRECTION('',(0.,0.,1.));
#11973=DIRECTION('',(1.,0.,0.));
#11974=DIRECTION('',(0.,0.,-1.));
#11975=DIRECTION('',(0.,0.,-1.));
#11976=DIRECTION('',(0.,0.,-1.));
#11977=DIRECTION('',(0.,0.,-1.));
#11978=DIRECTION('',(-7.2280144832367E-17,1.,0.));
#11979=DIRECTION('',(-1.,-7.2280144832367E-17,0.));
#11980=DIRECTION('',(0.,0.,-1.));
#11981=DIRECTION('',(0.,0.,-1.));
#11982=DIRECTION('',(-1.,0.,0.));
#11983=DIRECTION('',(0.,0.,-1.));
#11984=DIRECTION('',(0.,0.,1.));
#11985=DIRECTION('',(-1.,0.,0.));
#11986=DIRECTION('',(0.,0.,-1.));
#11987=DIRECTION('',(0.,0.,-1.));
#11988=DIRECTION('',(2.89120579329468E-16,-1.,0.));
#11989=DIRECTION('',(1.,2.89120579329468E-16,0.));
#11990=DIRECTION('',(0.,0.,1.));
#11991=DIRECTION('',(1.,0.,0.));
#11992=DIRECTION('',(0.,0.,1.));
#11993=DIRECTION('',(1.,0.,0.));
#11994=DIRECTION('',(0.,0.,1.));
#11995=DIRECTION('',(1.,0.,0.));
#11996=DIRECTION('',(0.,0.,1.));
#11997=DIRECTION('',(1.,0.,0.));
#11998=DIRECTION('',(0.,0.,1.));
#11999=DIRECTION('',(1.,0.,0.));
#12000=DIRECTION('',(0.,0.,1.));
#12001=DIRECTION('',(1.,0.,0.));
#12002=DIRECTION('',(0.,0.,1.));
#12003=DIRECTION('',(1.,0.,0.));
#12004=DIRECTION('',(0.,0.,1.));
#12005=DIRECTION('',(1.,0.,0.));
#12006=DIRECTION('',(-1.,0.,0.));
#12007=DIRECTION('',(0.,0.,1.));
#12008=DIRECTION('',(0.,0.,-1.));
#12009=DIRECTION('',(0.,0.,1.));
#12010=DIRECTION('',(2.89120579329468E-16,-1.,0.));
#12011=DIRECTION('',(1.,2.89120579329468E-16,0.));
#12012=DIRECTION('',(0.,0.,-1.));
#12013=DIRECTION('',(0.,0.,-1.));
#12014=DIRECTION('',(-1.,0.,0.));
#12015=DIRECTION('',(0.,0.,-1.));
#12016=DIRECTION('',(-1.,0.,0.));
#12017=DIRECTION('',(0.,0.,-1.));
#12018=DIRECTION('',(0.,0.,-1.));
#12019=DIRECTION('',(0.,0.,-1.));
#12020=DIRECTION('',(-7.2280144832367E-17,1.,0.));
#12021=DIRECTION('',(-1.,-7.2280144832367E-17,0.));
#12022=DIRECTION('',(0.,0.,-1.));
#12023=DIRECTION('',(0.,0.,-1.));
#12024=DIRECTION('',(-1.,0.,0.));
#12025=DIRECTION('',(0.,0.,-1.));
#12026=DIRECTION('',(0.,0.,-1.));
#12027=DIRECTION('',(1.,0.,0.));
#12028=DIRECTION('',(0.,0.,-1.));
#12029=DIRECTION('',(0.,0.,-1.));
#12030=DIRECTION('',(2.89120579329468E-16,-1.,0.));
#12031=DIRECTION('',(1.,2.89120579329468E-16,0.));
#12032=DIRECTION('',(4.33680868994202E-16,1.25386064087711E-31,1.));
#12033=DIRECTION('',(1.,0.,-4.33680868994202E-16));
#12034=DIRECTION('',(-4.33680868994202E-16,0.,-1.));
#12035=DIRECTION('',(-4.33680868994202E-16,0.,-1.));
#12036=DIRECTION('',(0.,1.,0.));
#12037=DIRECTION('',(0.,0.,1.));
#12038=DIRECTION('',(0.,0.,-1.));
#12039=DIRECTION('',(0.,0.,-1.));
#12040=DIRECTION('',(1.,1.44560289664734E-16,0.));
#12041=DIRECTION('',(-1.44560289664734E-16,1.,0.));
#12042=DIRECTION('',(0.,0.,1.));
#12043=DIRECTION('',(0.,0.,-1.));
#12044=DIRECTION('',(0.,4.8186763221578E-16,-1.));
#12045=DIRECTION('',(0.,0.,1.));
#12046=DIRECTION('',(0.,4.8186763221578E-16,-1.));
#12047=DIRECTION('',(0.,0.,1.));
#12048=DIRECTION('',(0.,4.8186763221578E-16,-1.));
#12049=DIRECTION('',(-1.,0.,0.));
#12050=DIRECTION('',(0.,0.,1.));
#12051=DIRECTION('',(0.,0.,-1.));
#12052=DIRECTION('',(-1.,0.,0.));
#12053=DIRECTION('',(0.,0.,1.));
#12054=DIRECTION('',(0.,-4.8186763221578E-16,1.));
#12055=DIRECTION('',(0.,0.,-1.));
#12056=DIRECTION('',(0.,-4.8186763221578E-16,1.));
#12057=DIRECTION('',(0.,0.,-1.));
#12058=DIRECTION('',(0.,-4.8186763221578E-16,1.));
#12059=DIRECTION('',(0.,0.,-1.));
#12060=DIRECTION('',(0.,0.,1.));
#12061=DIRECTION('',(1.,0.,0.));
#12062=DIRECTION('',(0.,0.,1.));
#12063=DIRECTION('',(1.,0.,0.));
#12064=DIRECTION('',(0.,0.,1.));
#12065=DIRECTION('',(1.,0.,0.));
#12066=DIRECTION('',(0.,0.,1.));
#12067=DIRECTION('',(1.,0.,0.));
#12068=DIRECTION('',(2.89120579329468E-16,-1.,0.));
#12069=DIRECTION('',(1.,2.89120579329468E-16,0.));
#12070=DIRECTION('',(0.,0.,-1.));
#12071=DIRECTION('',(0.,0.,-1.));
#12072=DIRECTION('',(0.,0.,-1.));
#12073=DIRECTION('',(-1.,0.,0.));
#12074=DIRECTION('',(0.,0.,-1.));
#12075=DIRECTION('',(1.,0.,0.));
#12076=DIRECTION('',(0.,0.,-1.));
#12077=DIRECTION('',(0.,0.,-1.));
#12078=DIRECTION('',(0.,0.,-1.));
#12079=DIRECTION('',(0.,0.,1.));
#12080=DIRECTION('',(1.,0.,0.));
#12081=DIRECTION('',(-1.,-7.2280144832367E-17,0.));
#12082=DIRECTION('',(-1.,-1.30104260698261E-16,0.));
#12083=DIRECTION('',(0.,0.,1.));
#12084=DIRECTION('',(1.,0.,0.));
#12085=DIRECTION('',(-1.,-7.2280144832367E-17,0.));
#12086=DIRECTION('',(-1.,-1.30104260698261E-16,0.));
#12087=DIRECTION('',(0.,0.,-1.));
#12088=DIRECTION('',(-1.,0.,0.));
#12089=DIRECTION('',(0.,0.,-1.));
#12090=DIRECTION('',(0.,0.,-1.));
#12091=DIRECTION('',(-1.,0.,0.));
#12092=DIRECTION('',(0.,0.,-1.));
#12093=DIRECTION('',(0.,0.,-1.));
#12094=DIRECTION('',(-7.2280144832367E-17,1.,0.));
#12095=DIRECTION('',(-1.,-7.2280144832367E-17,0.));
#12096=DIRECTION('',(-7.2280144832367E-17,1.,0.));
#12097=DIRECTION('',(-1.,-7.2280144832367E-17,0.));
#12098=DIRECTION('',(-7.2280144832367E-17,1.,0.));
#12099=DIRECTION('',(-1.,-7.2280144832367E-17,0.));
#12100=DIRECTION('',(-7.2280144832367E-17,1.,0.));
#12101=DIRECTION('',(-1.,-7.2280144832367E-17,0.));
#12102=DIRECTION('',(1.30104260698261E-16,-1.,0.));
#12103=DIRECTION('',(1.,1.30104260698261E-16,0.));
#12104=DIRECTION('',(0.,0.,1.));
#12105=DIRECTION('',(1.,0.,0.));
#12106=DIRECTION('',(0.,0.,-1.));
#12107=DIRECTION('',(0.,0.,1.));
#12108=DIRECTION('',(1.,0.,0.));
#12109=DIRECTION('',(0.,0.,1.));
#12110=DIRECTION('',(5.46304407861969E-16,1.,0.));
#12111=DIRECTION('',(-1.,5.46304407861969E-16,0.));
#12112=DIRECTION('',(5.46304407861969E-16,1.,0.));
#12113=DIRECTION('',(-1.,5.46304407861969E-16,0.));
#12114=DIRECTION('',(0.,0.,-1.));
#12115=DIRECTION('',(-1.,5.46304407861969E-16,0.));
#12116=DIRECTION('',(0.,0.,1.));
#12117=DIRECTION('',(1.,0.,0.));
#12118=DIRECTION('',(0.,0.,1.));
#12119=DIRECTION('',(0.,0.,1.));
#12120=DIRECTION('',(1.,0.,0.));
#12121=DIRECTION('',(0.,0.,1.));
#12122=DIRECTION('',(1.,0.,0.));
#12123=DIRECTION('',(0.,0.,-1.));
#12124=DIRECTION('',(1.,0.,0.));
#12125=DIRECTION('',(0.,0.,1.));
#12126=DIRECTION('',(0.,0.,1.));
#12127=DIRECTION('',(1.,0.,0.));
#12128=DIRECTION('',(0.,0.,-1.));
#12129=DIRECTION('',(-1.,0.,0.));
#12130=DIRECTION('',(0.,0.,1.));
#12131=DIRECTION('',(0.,0.,1.));
#12132=DIRECTION('',(1.,0.,0.));
#12133=DIRECTION('',(0.,0.,1.));
#12134=DIRECTION('',(0.,0.,1.));
#12135=DIRECTION('',(1.,0.,0.));
#12136=DIRECTION('',(0.,0.,-1.));
#12137=DIRECTION('',(0.,0.,1.));
#12138=DIRECTION('',(1.,0.,0.));
#12139=DIRECTION('',(0.,0.,1.));
#12140=DIRECTION('',(0.,0.,-1.));
#12141=DIRECTION('',(1.,0.,0.));
#12142=DIRECTION('',(0.,0.,1.));
#12143=DIRECTION('',(1.,0.,0.));
#12144=DIRECTION('',(0.,0.,1.));
#12145=DIRECTION('',(0.,0.,-1.));
#12146=DIRECTION('',(-1.,0.,0.));
#12147=DIRECTION('',(0.,0.,1.));
#12148=DIRECTION('',(0.,0.,1.));
#12149=DIRECTION('',(1.,0.,0.));
#12150=DIRECTION('',(0.,0.,-1.));
#12151=DIRECTION('',(0.,0.,1.));
#12152=DIRECTION('',(1.,0.,0.));
#12153=DIRECTION('',(5.46304407861969E-16,1.,0.));
#12154=DIRECTION('',(-1.,5.46304407861969E-16,0.));
#12155=DIRECTION('',(5.46304407861969E-16,1.,0.));
#12156=DIRECTION('',(-1.,5.46304407861969E-16,0.));
#12157=DIRECTION('',(-1.,5.46304407861969E-16,0.));
#12158=DIRECTION('',(0.,0.,1.));
#12159=DIRECTION('',(1.,0.,0.));
#12160=DIRECTION('',(0.,0.,1.));
#12161=DIRECTION('',(0.,0.,-1.));
#12162=DIRECTION('',(-1.,0.,0.));
#12163=DIRECTION('',(0.,0.,1.));
#12164=DIRECTION('',(0.,0.,1.));
#12165=DIRECTION('',(1.,0.,0.));
#12166=DIRECTION('',(0.,0.,-1.));
#12167=DIRECTION('',(0.,0.,1.));
#12168=DIRECTION('',(1.,0.,0.));
#12169=DIRECTION('',(5.4630440786197E-16,1.,0.));
#12170=DIRECTION('',(-1.,5.4630440786197E-16,0.));
#12171=DIRECTION('',(5.4630440786197E-16,1.,0.));
#12172=DIRECTION('',(-1.,5.4630440786197E-16,0.));
#12173=DIRECTION('',(0.,0.,-1.));
#12174=DIRECTION('',(-1.,5.4630440786197E-16,0.));
#12175=DIRECTION('',(0.,0.,1.));
#12176=DIRECTION('',(1.,0.,0.));
#12177=DIRECTION('',(0.,0.,1.));
#12178=DIRECTION('',(0.,0.,1.));
#12179=DIRECTION('',(1.,0.,0.));
#12180=DIRECTION('',(0.,0.,1.));
#12181=DIRECTION('',(1.,0.,0.));
#12182=DIRECTION('',(0.,0.,-1.));
#12183=DIRECTION('',(1.,0.,0.));
#12184=DIRECTION('',(0.,0.,1.));
#12185=DIRECTION('',(0.,0.,1.));
#12186=DIRECTION('',(1.,0.,0.));
#12187=DIRECTION('',(0.,0.,1.));
#12188=DIRECTION('',(1.,0.,0.));
#12189=DIRECTION('',(0.,0.,1.));
#12190=DIRECTION('',(1.,0.,0.));
#12191=DIRECTION('',(0.,0.,1.));
#12192=DIRECTION('',(1.,0.,0.));
#12193=DIRECTION('',(0.,0.,1.));
#12194=DIRECTION('',(1.,0.,0.));
#12195=DIRECTION('',(0.,0.,1.));
#12196=DIRECTION('',(1.,0.,0.));
#12197=DIRECTION('',(0.,0.,1.));
#12198=DIRECTION('',(1.,0.,0.));
#12199=DIRECTION('',(0.,0.,1.));
#12200=DIRECTION('',(1.,0.,0.));
#12201=DIRECTION('',(0.,0.,1.));
#12202=DIRECTION('',(1.,0.,0.));
#12203=DIRECTION('',(0.,0.,1.));
#12204=DIRECTION('',(1.,0.,0.));
#12205=DIRECTION('',(0.,0.,1.));
#12206=DIRECTION('',(1.,0.,0.));
#12207=DIRECTION('',(0.,0.,1.));
#12208=DIRECTION('',(1.,0.,0.));
#12209=DIRECTION('',(0.,0.,1.));
#12210=DIRECTION('',(1.,0.,0.));
#12211=DIRECTION('',(-6.82880509827461E-17,-1.,0.));
#12212=DIRECTION('',(1.,-6.82880509827461E-17,0.));
#12213=DIRECTION('',(-6.82880509827461E-17,-1.,0.));
#12214=DIRECTION('',(1.,-6.82880509827461E-17,0.));
#12215=DIRECTION('',(0.,0.,1.));
#12216=DIRECTION('',(0.,0.,1.));
#12217=DIRECTION('',(0.,0.,-1.));
#12218=DIRECTION('',(-1.,0.,0.));
#12219=DIRECTION('',(0.,0.,-1.));
#12220=DIRECTION('',(0.,0.,-1.));
#12221=DIRECTION('',(2.85492463503678E-16,1.,0.));
#12222=DIRECTION('',(-1.,2.85492463503678E-16,0.));
#12223=DIRECTION('',(2.85492463503678E-16,1.,0.));
#12224=DIRECTION('',(-1.,2.85492463503678E-16,0.));
#12225=DIRECTION('',(0.,0.,1.));
#12226=DIRECTION('',(0.,0.,1.));
#12227=DIRECTION('',(0.,0.,-1.));
#12228=DIRECTION('',(-1.,0.,0.));
#12229=DIRECTION('',(0.,0.,-1.));
#12230=DIRECTION('',(0.,0.,-1.));
#12231=DIRECTION('',(6.82880509827462E-17,1.,0.));
#12232=DIRECTION('',(-1.,6.82880509827462E-17,0.));
#12233=DIRECTION('',(6.82880509827462E-17,1.,0.));
#12234=DIRECTION('',(-1.,6.82880509827462E-17,0.));
#12235=DIRECTION('',(0.,0.,1.));
#12236=DIRECTION('',(0.,0.,1.));
#12237=DIRECTION('',(0.,0.,-1.));
#12238=DIRECTION('',(-1.,0.,0.));
#12239=DIRECTION('',(0.,0.,-1.));
#12240=DIRECTION('',(0.,0.,-1.));
#12241=DIRECTION('',(-2.85492463503678E-16,-1.,0.));
#12242=DIRECTION('',(1.,-2.85492463503678E-16,0.));
#12243=DIRECTION('',(-2.85492463503678E-16,-1.,0.));
#12244=DIRECTION('',(1.,-2.85492463503678E-16,0.));
#12245=DIRECTION('',(0.,0.,1.));
#12246=DIRECTION('',(0.,0.,1.));
#12247=DIRECTION('',(0.,0.,-1.));
#12248=DIRECTION('',(-1.,0.,0.));
#12249=DIRECTION('',(0.,0.,-1.));
#12250=DIRECTION('',(0.,0.,-1.));
#12251=DIRECTION('',(0.,0.,-1.));
#12252=DIRECTION('',(-1.,0.,0.));
#12253=DIRECTION('',(0.,0.,-1.));
#12254=DIRECTION('',(0.,0.,-1.));
#12255=DIRECTION('',(-2.85492463503678E-16,-1.,0.));
#12256=DIRECTION('',(1.,-2.85492463503678E-16,0.));
#12257=DIRECTION('',(-2.85492463503678E-16,-1.,0.));
#12258=DIRECTION('',(1.,-2.85492463503678E-16,0.));
#12259=DIRECTION('',(0.,0.,1.));
#12260=DIRECTION('',(0.,0.,1.));
#12261=DIRECTION('',(0.,0.,-1.));
#12262=DIRECTION('',(-1.,0.,0.));
#12263=DIRECTION('',(0.,0.,-1.));
#12264=DIRECTION('',(0.,0.,-1.));
#12265=DIRECTION('',(6.82880509827462E-17,1.,0.));
#12266=DIRECTION('',(-1.,6.82880509827462E-17,0.));
#12267=DIRECTION('',(6.82880509827462E-17,1.,0.));
#12268=DIRECTION('',(-1.,6.82880509827462E-17,0.));
#12269=DIRECTION('',(0.,0.,1.));
#12270=DIRECTION('',(0.,0.,1.));
#12271=DIRECTION('',(0.,0.,-1.));
#12272=DIRECTION('',(-1.,0.,0.));
#12273=DIRECTION('',(0.,0.,-1.));
#12274=DIRECTION('',(-1.,0.,0.));
#12275=DIRECTION('',(0.,0.,-1.));
#12276=DIRECTION('',(-1.,0.,0.));
#12277=DIRECTION('',(0.,0.,-1.));
#12278=DIRECTION('',(-1.,0.,0.));
#12279=DIRECTION('',(0.,0.,-1.));
#12280=DIRECTION('',(-1.,0.,0.));
#12281=DIRECTION('',(0.,0.,-1.));
#12282=DIRECTION('',(-1.,0.,0.));
#12283=DIRECTION('',(0.,0.,-1.));
#12284=DIRECTION('',(-1.,0.,0.));
#12285=DIRECTION('',(0.,0.,-1.));
#12286=DIRECTION('',(-1.,0.,0.));
#12287=DIRECTION('',(0.,0.,-1.));
#12288=DIRECTION('',(-1.,0.,0.));
#12289=DIRECTION('',(0.,0.,-1.));
#12290=DIRECTION('',(-1.,0.,0.));
#12291=DIRECTION('',(0.,0.,-1.));
#12292=DIRECTION('',(-1.,0.,0.));
#12293=DIRECTION('',(0.,0.,-1.));
#12294=DIRECTION('',(-1.,0.,0.));
#12295=DIRECTION('',(0.,-1.,0.));
#12296=DIRECTION('',(0.,0.,-1.));
#12297=DIRECTION('',(0.,-1.,0.));
#12298=DIRECTION('',(0.,0.,-1.));
#12299=DIRECTION('',(0.,-1.,0.));
#12300=DIRECTION('',(0.,0.,-1.));
#12301=DIRECTION('',(0.,-1.,0.));
#12302=DIRECTION('',(0.,0.,-1.));
#12303=DIRECTION('',(0.,-1.,0.));
#12304=DIRECTION('',(0.,0.,-1.));
#12305=DIRECTION('',(0.,-1.,0.));
#12306=DIRECTION('',(0.,0.,-1.));
#12307=DIRECTION('',(0.,1.,0.));
#12308=DIRECTION('',(0.,0.,1.));
#12309=DIRECTION('',(0.,1.,0.));
#12310=DIRECTION('',(0.,0.,1.));
#12311=DIRECTION('',(0.,1.,0.));
#12312=DIRECTION('',(0.,0.,1.));
#12313=DIRECTION('',(0.,1.,0.));
#12314=DIRECTION('',(0.,0.,1.));
#12315=DIRECTION('',(0.,1.,0.));
#12316=DIRECTION('',(0.,0.,1.));
#12317=DIRECTION('',(0.,1.,0.));
#12318=DIRECTION('',(0.,0.,1.));
#12319=DIRECTION('',(0.,1.,0.));
#12320=DIRECTION('',(0.,0.,1.));
#12321=DIRECTION('',(0.,1.,0.));
#12322=DIRECTION('',(0.,0.,1.));
#12323=DIRECTION('',(0.,-1.,0.));
#12324=DIRECTION('',(0.,0.,-1.));
#12325=DIRECTION('',(0.,1.,0.));
#12326=DIRECTION('',(0.,0.,1.));
#12327=DIRECTION('',(0.,1.,0.));
#12328=DIRECTION('',(0.,0.,1.));
#12329=DIRECTION('',(-1.,0.,0.));
#12330=DIRECTION('',(0.,0.,1.));
#12331=DIRECTION('',(-1.,0.,0.));
#12332=DIRECTION('',(0.,0.,1.));
#12333=DIRECTION('',(-1.,0.,0.));
#12334=DIRECTION('',(-1.,0.,0.));
#12335=DIRECTION('',(1.,0.,0.));
#12336=DIRECTION('',(0.,0.,-1.));
#12337=DIRECTION('',(-1.,0.,0.));
#12338=DIRECTION('',(0.,0.,1.));
#12339=DIRECTION('',(0.,0.,-1.));
#12340=DIRECTION('',(0.,-4.8186763221578E-16,1.));
#12341=DIRECTION('',(-1.,0.,0.));
#12342=DIRECTION('',(0.,0.,1.));
#12343=DIRECTION('',(-1.,0.,0.));
#12344=DIRECTION('',(0.,0.,1.));
#12345=DIRECTION('',(-1.,0.,0.));
#12346=DIRECTION('',(0.,0.,1.));
#12347=DIRECTION('',(-1.,0.,0.));
#12348=DIRECTION('',(0.,0.,1.));
#12349=DIRECTION('',(-1.,0.,0.));
#12350=DIRECTION('',(0.,0.,1.));
#12351=DIRECTION('',(0.,1.,0.));
#12352=DIRECTION('',(0.,0.,1.));
#12353=DIRECTION('',(0.,-1.,-4.8186763221578E-16));
#12354=DIRECTION('',(0.,4.8186763221578E-16,-1.));
#12355=DIRECTION('',(0.,1.,0.));
#12356=DIRECTION('',(0.,0.,1.));
#12357=DIRECTION('',(0.,-1.,-4.8186763221578E-16));
#12358=DIRECTION('',(0.,4.8186763221578E-16,-1.));
#12359=DIRECTION('',(0.,1.,0.));
#12360=DIRECTION('',(0.,0.,1.));
#12361=DIRECTION('',(0.,-1.,-4.8186763221578E-16));
#12362=DIRECTION('',(0.,4.8186763221578E-16,-1.));
#12363=DIRECTION('',(0.,1.,0.));
#12364=DIRECTION('',(0.,0.,1.));
#12365=DIRECTION('',(0.,-1.,-4.8186763221578E-16));
#12366=DIRECTION('',(0.,4.8186763221578E-16,-1.));
#12367=DIRECTION('',(0.,1.,0.));
#12368=DIRECTION('',(0.,0.,1.));
#12369=DIRECTION('',(0.,-1.,-4.8186763221578E-16));
#12370=DIRECTION('',(0.,4.8186763221578E-16,-1.));
#12371=DIRECTION('',(0.,1.,0.));
#12372=DIRECTION('',(0.,0.,1.));
#12373=DIRECTION('',(0.,-1.,-4.8186763221578E-16));
#12374=DIRECTION('',(0.,4.8186763221578E-16,-1.));
#12375=DIRECTION('',(-1.,0.,0.));
#12376=DIRECTION('',(0.,0.,1.));
#12377=DIRECTION('',(0.,-1.,0.));
#12378=DIRECTION('',(-1.,0.,0.));
#12379=DIRECTION('',(0.,0.,1.));
#12380=DIRECTION('',(-1.,0.,0.));
#12381=DIRECTION('',(0.,1.,0.));
#12382=DIRECTION('',(-1.,0.,0.));
#12383=DIRECTION('',(0.,0.,1.));
#12384=DIRECTION('',(0.,1.,-1.24817613173445E-16));
#12385=DIRECTION('',(-1.,0.,0.));
#12386=DIRECTION('',(0.,0.,1.));
#12387=DIRECTION('',(-1.,0.,0.));
#12388=DIRECTION('',(0.,-1.,0.));
#12389=DIRECTION('',(-1.,0.,0.));
#12390=DIRECTION('',(0.,0.,1.));
#12391=DIRECTION('',(-1.,0.,0.));
#12392=DIRECTION('',(0.,0.,1.));
#12393=DIRECTION('',(-1.,0.,0.));
#12394=DIRECTION('',(-1.,0.,0.));
#12395=DIRECTION('',(0.,1.24817613173445E-16,1.));
#12396=DIRECTION('',(0.,-1.,1.24817613173445E-16));
#12397=DIRECTION('',(1.,0.,0.));
#12398=DIRECTION('',(1.,0.,0.));
#12399=DIRECTION('',(-1.,0.,0.));
#12400=DIRECTION('',(0.,0.,1.));
#12401=DIRECTION('',(-1.,0.,0.));
#12402=DIRECTION('',(-1.,0.,0.));
#12403=DIRECTION('',(0.,0.,-1.));
#12404=DIRECTION('',(-1.,0.,0.));
#12405=DIRECTION('',(1.,0.,0.));
#12406=DIRECTION('',(1.,0.,0.));
#12407=DIRECTION('',(1.,0.,0.));
#12408=DIRECTION('',(0.,0.,-1.));
#12409=DIRECTION('',(1.,0.,0.));
#12410=DIRECTION('',(0.,-1.,0.));
#12411=DIRECTION('',(1.,0.,0.));
#12412=DIRECTION('',(0.,0.,-1.));
#12413=DIRECTION('',(0.,1.,0.));
#12414=DIRECTION('',(1.,0.,0.));
#12415=DIRECTION('',(0.,0.,-1.));
#12416=DIRECTION('',(1.,0.,0.));
#12417=DIRECTION('',(0.,1.,0.));
#12418=DIRECTION('',(1.,0.,0.));
#12419=DIRECTION('',(0.,0.,-1.));
#12420=DIRECTION('',(0.,-1.,3.28816551744458E-16));
#12421=DIRECTION('',(1.,0.,0.));
#12422=DIRECTION('',(0.,0.,-1.));
#12423=DIRECTION('',(0.,-3.28816551744458E-16,-1.));
#12424=DIRECTION('',(0.,1.,-3.28816551744458E-16));
#12425=DIRECTION('',(1.,0.,0.));
#12426=DIRECTION('',(1.,0.,0.));
#12427=DIRECTION('',(-1.,0.,0.));
#12428=DIRECTION('',(0.,0.,1.));
#12429=DIRECTION('',(-1.,0.,0.));
#12430=DIRECTION('',(-1.,0.,0.));
#12431=DIRECTION('',(0.,0.,1.));
#12432=DIRECTION('',(1.,0.,0.));
#12433=DIRECTION('',(1.,0.,0.));
#12434=DIRECTION('',(1.,0.,0.));
#12435=DIRECTION('',(-1.,0.,0.));
#12436=DIRECTION('',(0.,0.,1.));
#12437=DIRECTION('',(-1.,0.,0.));
#12438=DIRECTION('',(-1.,0.,0.));
#12439=DIRECTION('',(-1.,0.,0.));
#12440=DIRECTION('',(0.,0.,1.));
#12441=DIRECTION('',(-1.,0.,0.));
#12442=DIRECTION('',(0.,0.,1.));
#12443=DIRECTION('',(-1.,0.,0.));
#12444=DIRECTION('',(0.,0.,1.));
#12445=DIRECTION('',(-1.,0.,0.));
#12446=DIRECTION('',(0.,0.,1.));
#12447=DIRECTION('',(-1.,0.,0.));
#12448=DIRECTION('',(0.,0.,1.));
#12449=DIRECTION('',(-1.,0.,0.));
#12450=DIRECTION('',(0.,0.,1.));
#12451=DIRECTION('',(-1.,0.,0.));
#12452=DIRECTION('',(0.,0.,1.));
#12453=DIRECTION('',(-1.,0.,0.));
#12454=DIRECTION('',(0.,0.,1.));
#12455=DIRECTION('',(-2.04085114820801E-16,1.,0.));
#12456=DIRECTION('',(-1.,-2.04085114820801E-16,0.));
#12457=DIRECTION('',(-1.08503601080416E-16,1.,0.));
#12458=DIRECTION('',(-1.,-1.08503601080416E-16,0.));
#12459=DIRECTION('',(0.,-1.,0.));
#12460=DIRECTION('',(0.,0.,-1.));
#12461=DIRECTION('',(0.,-1.,0.));
#12462=DIRECTION('',(0.,0.,-1.));
#12463=DIRECTION('',(0.,1.,0.));
#12464=DIRECTION('',(0.,0.,1.));
#12465=DIRECTION('',(0.,-1.,0.));
#12466=DIRECTION('',(0.,0.,-1.));
#12467=DIRECTION('',(0.,-1.,0.));
#12468=DIRECTION('',(0.,0.,-1.));
#12469=DIRECTION('',(0.,-1.,0.));
#12470=DIRECTION('',(0.,0.,-1.));
#12471=DIRECTION('',(0.,-1.,0.));
#12472=DIRECTION('',(0.,0.,-1.));
#12473=DIRECTION('',(0.,0.,-1.));
#12474=DIRECTION('',(0.,0.,-1.));
#12475=DIRECTION('',(-1.,-1.08503601080416E-16,1.0842021724855E-16));
#12476=DIRECTION('',(1.,1.08503601080416E-16,1.0842021724855E-16));
#12477=DIRECTION('',(0.,0.,1.));
#12478=DIRECTION('',(1.,0.,0.));
#12479=DIRECTION('',(2.15493599500225E-16,-1.,0.));
#12480=DIRECTION('',(2.15493599500225E-16,-1.,0.));
#12481=DIRECTION('',(1.,2.04122024360891E-16,0.));
#12482=DIRECTION('',(-2.15493599500225E-16,1.,0.));
#12483=DIRECTION('',(-1.,-2.15493599500225E-16,0.));
#12484=DIRECTION('',(-2.15493599500225E-16,1.,0.));
#12485=DIRECTION('',(-2.04122024360891E-16,1.,0.));
#12486=DIRECTION('',(1.,2.04122024360891E-16,0.));
#12487=DIRECTION('',(-2.15493599500225E-16,1.,0.));
#12488=DIRECTION('',(0.,0.,-1.));
#12489=DIRECTION('',(-1.,0.,0.));
#12490=DIRECTION('',(2.15493599500225E-16,-1.,0.));
#12491=DIRECTION('',(-1.,-2.04122024360891E-16,0.));
#12492=DIRECTION('',(2.15493599500225E-16,-1.,0.));
#12493=DIRECTION('',(-2.15493599500225E-16,1.,0.));
#12494=DIRECTION('',(-1.,-2.15493599500225E-16,0.));
#12495=DIRECTION('',(-2.15493599500225E-16,1.,0.));
#12496=DIRECTION('',(-2.15493599500225E-16,1.,0.));
#12497=DIRECTION('',(-2.04122024360891E-16,1.,0.));
#12498=DIRECTION('',(-1.,-2.04122024360891E-16,0.));
#12499=DIRECTION('',(-2.04122024360891E-16,1.,0.));
#12500=DIRECTION('',(-1.,-2.04122024360891E-16,0.));
#12501=DIRECTION('',(-2.04122024360891E-16,1.,0.));
#12502=DIRECTION('',(-1.,-2.04122024360891E-16,0.));
#12503=DIRECTION('',(-2.04122024360891E-16,1.,0.));
#12504=DIRECTION('',(-1.,-2.04122024360891E-16,0.));
#12505=DIRECTION('',(-2.04122024360891E-16,1.,0.));
#12506=DIRECTION('',(-1.,-2.04122024360891E-16,0.));
#12507=DIRECTION('',(-2.04122024360891E-16,1.,0.));
#12508=DIRECTION('',(-1.,-2.04122024360891E-16,0.));
#12509=DIRECTION('',(-2.15493599500225E-16,1.,0.));
#12510=DIRECTION('',(-1.,-2.15493599500225E-16,0.));
#12511=DIRECTION('',(-2.15493599500225E-16,1.,0.));
#12512=DIRECTION('',(-1.,-2.15493599500225E-16,0.));
#12513=DIRECTION('',(-2.15493599500225E-16,1.,0.));
#12514=DIRECTION('',(-1.,-2.15493599500225E-16,0.));
#12515=DIRECTION('',(-2.15493599500225E-16,1.,0.));
#12516=DIRECTION('',(-1.,-2.15493599500225E-16,0.));
#12517=DIRECTION('',(1.0842021724855E-16,1.51676690428682E-32,1.));
#12518=DIRECTION('',(1.,0.,-1.0842021724855E-16));
#12519=DIRECTION('',(1.39897054514259E-16,-1.,0.));
#12520=DIRECTION('',(-1.,-1.39897054514259E-16,0.));
#12521=DIRECTION('',(1.39897054514259E-16,-1.,0.));
#12522=DIRECTION('',(-1.,-1.39897054514259E-16,0.));
#12523=DIRECTION('',(1.39897054514259E-16,-1.,0.));
#12524=DIRECTION('',(1.39897054514259E-16,-1.,0.));
#12525=DIRECTION('',(1.0842021724855E-16,1.51676690428682E-32,-1.));
#12526=DIRECTION('',(-1.,0.,-1.0842021724855E-16));
#12527=DIRECTION('',(-2.04085114820801E-16,-1.,0.));
#12528=DIRECTION('',(1.,-2.04085114820801E-16,0.));
#12529=DIRECTION('',(-1.08503601080416E-16,-1.,0.));
#12530=DIRECTION('',(1.,-1.08503601080416E-16,0.));
#12531=DIRECTION('',(0.,1.,0.));
#12532=DIRECTION('',(0.,0.,1.));
#12533=DIRECTION('',(0.,-1.,0.));
#12534=DIRECTION('',(0.,0.,-1.));
#12535=DIRECTION('',(-1.,1.08503601080416E-16,-1.0842021724855E-16));
#12536=DIRECTION('',(1.,-1.08503601080416E-16,-1.0842021724855E-16));
#12537=DIRECTION('',(0.,0.,1.));
#12538=DIRECTION('',(0.,0.,1.));
#12539=DIRECTION('',(0.,-1.,0.));
#12540=DIRECTION('',(0.,0.,-1.));
#12541=DIRECTION('',(0.,-1.,0.));
#12542=DIRECTION('',(0.,0.,-1.));
#12543=DIRECTION('',(0.,-1.,0.));
#12544=DIRECTION('',(0.,0.,-1.));
#12545=DIRECTION('',(0.,-1.,0.));
#12546=DIRECTION('',(0.,0.,-1.));
#12547=DIRECTION('',(0.,-1.,0.));
#12548=DIRECTION('',(0.,0.,-1.));
#12549=DIRECTION('',(0.,0.,1.));
#12550=DIRECTION('',(1.,0.,0.));
#12551=DIRECTION('',(2.15493599500225E-16,1.,0.));
#12552=DIRECTION('',(-1.,2.04122024360891E-16,0.));
#12553=DIRECTION('',(2.15493599500225E-16,1.,0.));
#12554=DIRECTION('',(-2.15493599500225E-16,-1.,0.));
#12555=DIRECTION('',(1.,-2.15493599500225E-16,0.));
#12556=DIRECTION('',(-2.15493599500225E-16,-1.,0.));
#12557=DIRECTION('',(-2.04122024360891E-16,-1.,0.));
#12558=DIRECTION('',(-1.,2.04122024360891E-16,0.));
#12559=DIRECTION('',(-2.15493599500225E-16,-1.,0.));
#12560=DIRECTION('',(0.,0.,-1.));
#12561=DIRECTION('',(-1.,0.,0.));
#12562=DIRECTION('',(2.15493599500225E-16,1.,0.));
#12563=DIRECTION('',(2.15493599500225E-16,1.,0.));
#12564=DIRECTION('',(1.,-2.04122024360891E-16,0.));
#12565=DIRECTION('',(-2.15493599500225E-16,-1.,0.));
#12566=DIRECTION('',(1.,-2.15493599500225E-16,0.));
#12567=DIRECTION('',(-2.15493599500225E-16,-1.,0.));
#12568=DIRECTION('',(-2.15493599500225E-16,-1.,0.));
#12569=DIRECTION('',(-2.04122024360891E-16,-1.,0.));
#12570=DIRECTION('',(1.,-2.04122024360891E-16,0.));
#12571=DIRECTION('',(-2.04122024360891E-16,-1.,0.));
#12572=DIRECTION('',(1.,-2.04122024360891E-16,0.));
#12573=DIRECTION('',(-2.04122024360891E-16,-1.,0.));
#12574=DIRECTION('',(1.,-2.04122024360891E-16,0.));
#12575=DIRECTION('',(-2.04122024360891E-16,-1.,0.));
#12576=DIRECTION('',(1.,-2.04122024360891E-16,0.));
#12577=DIRECTION('',(-2.04122024360891E-16,-1.,0.));
#12578=DIRECTION('',(1.,-2.04122024360891E-16,0.));
#12579=DIRECTION('',(-2.04122024360891E-16,-1.,0.));
#12580=DIRECTION('',(1.,-2.04122024360891E-16,0.));
#12581=DIRECTION('',(-2.15493599500225E-16,-1.,0.));
#12582=DIRECTION('',(1.,-2.15493599500225E-16,0.));
#12583=DIRECTION('',(-2.15493599500225E-16,-1.,0.));
#12584=DIRECTION('',(1.,-2.15493599500225E-16,0.));
#12585=DIRECTION('',(-2.15493599500225E-16,-1.,0.));
#12586=DIRECTION('',(1.,-2.15493599500225E-16,0.));
#12587=DIRECTION('',(-2.15493599500225E-16,-1.,0.));
#12588=DIRECTION('',(1.,-2.15493599500225E-16,0.));
#12589=DIRECTION('',(1.0842021724855E-16,-1.51676690428682E-32,1.));
#12590=DIRECTION('',(1.,0.,-1.0842021724855E-16));
#12591=DIRECTION('',(1.39897054514259E-16,1.,0.));
#12592=DIRECTION('',(1.0842021724855E-16,-1.51676690428682E-32,-1.));
#12593=DIRECTION('',(-1.,0.,-1.0842021724855E-16));
#12594=DIRECTION('',(1.39897054514259E-16,1.,0.));
#12595=DIRECTION('',(-1.,1.39897054514259E-16,0.));
#12596=DIRECTION('',(-1.39897054514259E-16,-1.,0.));
#12597=DIRECTION('',(-1.,1.39897054514259E-16,0.));
#12598=DIRECTION('',(-1.39897054514259E-16,-1.,0.));
#12599=DIRECTION('',(2.04085114820801E-16,1.,0.));
#12600=DIRECTION('',(-1.,2.04085114820801E-16,0.));
#12601=DIRECTION('',(1.08503601080416E-16,1.,0.));
#12602=DIRECTION('',(-1.,1.08503601080416E-16,0.));
#12603=DIRECTION('',(0.,-1.,0.));
#12604=DIRECTION('',(0.,0.,-1.));
#12605=DIRECTION('',(0.,1.,0.));
#12606=DIRECTION('',(0.,0.,1.));
#12607=DIRECTION('',(1.,-1.08503601080416E-16,-1.0842021724855E-16));
#12608=DIRECTION('',(-1.,1.08503601080416E-16,-1.0842021724855E-16));
#12609=DIRECTION('',(0.,0.,1.));
#12610=DIRECTION('',(0.,0.,1.));
#12611=DIRECTION('',(0.,1.,0.));
#12612=DIRECTION('',(0.,0.,1.));
#12613=DIRECTION('',(0.,1.,0.));
#12614=DIRECTION('',(0.,0.,1.));
#12615=DIRECTION('',(0.,1.,0.));
#12616=DIRECTION('',(0.,0.,1.));
#12617=DIRECTION('',(0.,1.,0.));
#12618=DIRECTION('',(0.,0.,1.));
#12619=DIRECTION('',(0.,1.,0.));
#12620=DIRECTION('',(0.,0.,1.));
#12621=DIRECTION('',(0.,0.,1.));
#12622=DIRECTION('',(1.,0.,0.));
#12623=DIRECTION('',(-2.15493599500225E-16,-1.,0.));
#12624=DIRECTION('',(1.,-2.04122024360891E-16,0.));
#12625=DIRECTION('',(-2.15493599500225E-16,-1.,0.));
#12626=DIRECTION('',(2.15493599500225E-16,1.,0.));
#12627=DIRECTION('',(-1.,2.15493599500225E-16,0.));
#12628=DIRECTION('',(2.15493599500225E-16,1.,0.));
#12629=DIRECTION('',(2.04122024360891E-16,1.,0.));
#12630=DIRECTION('',(1.,-2.04122024360891E-16,0.));
#12631=DIRECTION('',(2.15493599500225E-16,1.,0.));
#12632=DIRECTION('',(0.,0.,-1.));
#12633=DIRECTION('',(-1.,0.,0.));
#12634=DIRECTION('',(-2.15493599500225E-16,-1.,0.));
#12635=DIRECTION('',(-2.15493599500225E-16,-1.,0.));
#12636=DIRECTION('',(-1.,2.04122024360891E-16,0.));
#12637=DIRECTION('',(2.15493599500225E-16,1.,0.));
#12638=DIRECTION('',(-1.,2.15493599500225E-16,0.));
#12639=DIRECTION('',(2.15493599500225E-16,1.,0.));
#12640=DIRECTION('',(2.15493599500225E-16,1.,0.));
#12641=DIRECTION('',(2.04122024360891E-16,1.,0.));
#12642=DIRECTION('',(-1.,2.04122024360891E-16,0.));
#12643=DIRECTION('',(2.04122024360891E-16,1.,0.));
#12644=DIRECTION('',(-1.,2.04122024360891E-16,0.));
#12645=DIRECTION('',(2.04122024360891E-16,1.,0.));
#12646=DIRECTION('',(-1.,2.04122024360891E-16,0.));
#12647=DIRECTION('',(2.04122024360891E-16,1.,0.));
#12648=DIRECTION('',(-1.,2.04122024360891E-16,0.));
#12649=DIRECTION('',(2.04122024360891E-16,1.,0.));
#12650=DIRECTION('',(-1.,2.04122024360891E-16,0.));
#12651=DIRECTION('',(2.04122024360891E-16,1.,0.));
#12652=DIRECTION('',(-1.,2.04122024360891E-16,0.));
#12653=DIRECTION('',(2.15493599500225E-16,1.,0.));
#12654=DIRECTION('',(-1.,2.15493599500225E-16,0.));
#12655=DIRECTION('',(2.15493599500225E-16,1.,0.));
#12656=DIRECTION('',(-1.,2.15493599500225E-16,0.));
#12657=DIRECTION('',(2.15493599500225E-16,1.,0.));
#12658=DIRECTION('',(-1.,2.15493599500225E-16,0.));
#12659=DIRECTION('',(2.15493599500225E-16,1.,0.));
#12660=DIRECTION('',(-1.,2.15493599500225E-16,0.));
#12661=DIRECTION('',(-1.0842021724855E-16,1.51676690428682E-32,1.));
#12662=DIRECTION('',(1.,0.,1.0842021724855E-16));
#12663=DIRECTION('',(-1.39897054514259E-16,-1.,0.));
#12664=DIRECTION('',(-1.0842021724855E-16,1.51676690428682E-32,-1.));
#12665=DIRECTION('',(-1.,0.,1.0842021724855E-16));
#12666=DIRECTION('',(-1.39897054514259E-16,-1.,0.));
#12667=DIRECTION('',(1.,-1.39897054514259E-16,0.));
#12668=DIRECTION('',(1.39897054514259E-16,1.,0.));
#12669=DIRECTION('',(1.,-1.39897054514259E-16,0.));
#12670=DIRECTION('',(1.39897054514259E-16,1.,0.));
#12671=DIRECTION('',(2.04085114820801E-16,-1.,0.));
#12672=DIRECTION('',(1.,2.04085114820801E-16,0.));
#12673=DIRECTION('',(1.08503601080416E-16,-1.,0.));
#12674=DIRECTION('',(1.,1.08503601080416E-16,0.));
#12675=DIRECTION('',(0.,1.,0.));
#12676=DIRECTION('',(0.,0.,1.));
#12677=DIRECTION('',(0.,1.,0.));
#12678=DIRECTION('',(0.,0.,1.));
#12679=DIRECTION('',(0.,-1.,0.));
#12680=DIRECTION('',(0.,0.,-1.));
#12681=DIRECTION('',(0.,1.,0.));
#12682=DIRECTION('',(0.,0.,1.));
#12683=DIRECTION('',(0.,1.,0.));
#12684=DIRECTION('',(0.,0.,1.));
#12685=DIRECTION('',(0.,1.,0.));
#12686=DIRECTION('',(0.,0.,1.));
#12687=DIRECTION('',(0.,1.,0.));
#12688=DIRECTION('',(0.,0.,1.));
#12689=DIRECTION('',(0.,0.,-1.));
#12690=DIRECTION('',(0.,0.,-1.));
#12691=DIRECTION('',(1.,1.08503601080416E-16,1.0842021724855E-16));
#12692=DIRECTION('',(-1.,-1.08503601080416E-16,1.0842021724855E-16));
#12693=DIRECTION('',(0.,0.,1.));
#12694=DIRECTION('',(1.,0.,0.));
#12695=DIRECTION('',(-2.15493599500225E-16,1.,0.));
#12696=DIRECTION('',(-2.15493599500225E-16,1.,0.));
#12697=DIRECTION('',(-1.,-2.04122024360891E-16,0.));
#12698=DIRECTION('',(2.15493599500225E-16,-1.,0.));
#12699=DIRECTION('',(1.,2.15493599500225E-16,0.));
#12700=DIRECTION('',(2.15493599500225E-16,-1.,0.));
#12701=DIRECTION('',(2.04122024360891E-16,-1.,0.));
#12702=DIRECTION('',(-1.,-2.04122024360891E-16,0.));
#12703=DIRECTION('',(2.15493599500225E-16,-1.,0.));
#12704=DIRECTION('',(0.,0.,-1.));
#12705=DIRECTION('',(-1.,0.,0.));
#12706=DIRECTION('',(-2.15493599500225E-16,1.,0.));
#12707=DIRECTION('',(1.,2.04122024360891E-16,0.));
#12708=DIRECTION('',(-2.15493599500225E-16,1.,0.));
#12709=DIRECTION('',(2.15493599500225E-16,-1.,0.));
#12710=DIRECTION('',(1.,2.15493599500225E-16,0.));
#12711=DIRECTION('',(2.15493599500225E-16,-1.,0.));
#12712=DIRECTION('',(2.15493599500225E-16,-1.,0.));
#12713=DIRECTION('',(2.04122024360891E-16,-1.,0.));
#12714=DIRECTION('',(1.,2.04122024360891E-16,0.));
#12715=DIRECTION('',(2.04122024360891E-16,-1.,0.));
#12716=DIRECTION('',(1.,2.04122024360891E-16,0.));
#12717=DIRECTION('',(2.04122024360891E-16,-1.,0.));
#12718=DIRECTION('',(1.,2.04122024360891E-16,0.));
#12719=DIRECTION('',(2.04122024360891E-16,-1.,0.));
#12720=DIRECTION('',(1.,2.04122024360891E-16,0.));
#12721=DIRECTION('',(2.04122024360891E-16,-1.,0.));
#12722=DIRECTION('',(1.,2.04122024360891E-16,0.));
#12723=DIRECTION('',(2.04122024360891E-16,-1.,0.));
#12724=DIRECTION('',(1.,2.04122024360891E-16,0.));
#12725=DIRECTION('',(2.15493599500225E-16,-1.,0.));
#12726=DIRECTION('',(1.,2.15493599500225E-16,0.));
#12727=DIRECTION('',(2.15493599500225E-16,-1.,0.));
#12728=DIRECTION('',(1.,2.15493599500225E-16,0.));
#12729=DIRECTION('',(2.15493599500225E-16,-1.,0.));
#12730=DIRECTION('',(1.,2.15493599500225E-16,0.));
#12731=DIRECTION('',(2.15493599500225E-16,-1.,0.));
#12732=DIRECTION('',(1.,2.15493599500225E-16,0.));
#12733=DIRECTION('',(-1.0842021724855E-16,-1.51676690428682E-32,1.));
#12734=DIRECTION('',(1.,0.,1.0842021724855E-16));
#12735=DIRECTION('',(-1.39897054514259E-16,1.,0.));
#12736=DIRECTION('',(1.,1.39897054514259E-16,0.));
#12737=DIRECTION('',(-1.39897054514259E-16,1.,0.));
#12738=DIRECTION('',(1.,1.39897054514259E-16,0.));
#12739=DIRECTION('',(-1.39897054514259E-16,1.,0.));
#12740=DIRECTION('',(-1.39897054514259E-16,1.,0.));
#12741=DIRECTION('',(-1.0842021724855E-16,-1.51676690428682E-32,-1.));
#12742=DIRECTION('',(-1.,0.,1.0842021724855E-16));
#12743=DIRECTION('',(0.,0.,1.));
#12744=DIRECTION('',(1.,0.,0.));
#12745=DIRECTION('',(-1.,0.,0.));
#12746=DIRECTION('',(0.,0.,1.));
#12747=DIRECTION('',(1.,0.,0.));
#12748=DIRECTION('',(0.,0.,1.));
#12749=DIRECTION('',(1.,0.,0.));
#12750=DIRECTION('',(-1.,0.,0.));
#12751=DIRECTION('',(0.,-1.,0.));
#12752=DIRECTION('',(0.,-1.,0.));
#12753=DIRECTION('',(0.,0.,-1.));
#12754=DIRECTION('',(0.,-1.,0.));
#12755=DIRECTION('',(1.,0.,0.));
#12756=DIRECTION('',(0.,-1.,0.));
#12757=DIRECTION('',(1.,0.,0.));
#12758=DIRECTION('',(0.,-1.,0.));
#12759=DIRECTION('',(0.,0.,-1.));
#12760=DIRECTION('',(0.,0.,-1.));
#12761=DIRECTION('',(0.,-1.,0.));
#12762=DIRECTION('',(0.,0.,-1.));
#12763=DIRECTION('',(0.,0.,1.));
#12764=DIRECTION('',(0.,0.,-1.));
#12765=DIRECTION('',(-1.,0.,0.));
#12766=DIRECTION('',(0.,0.,-1.));
#12767=DIRECTION('',(-1.,0.,0.));
#12768=DIRECTION('',(0.,-1.,0.));
#12769=DIRECTION('',(0.,0.,-1.));
#12770=DIRECTION('',(0.,-1.,0.));
#12771=DIRECTION('',(1.,0.,0.));
#12772=DIRECTION('',(0.,-1.,0.));
#12773=DIRECTION('',(1.,0.,0.));
#12774=DIRECTION('',(0.,-1.,0.));
#12775=DIRECTION('',(0.,0.,-1.));
#12776=DIRECTION('',(-1.,0.,0.));
#12777=DIRECTION('',(0.,0.,-1.));
#12778=DIRECTION('',(-1.,0.,0.));
#12779=DIRECTION('',(1.,0.,0.));
#12780=DIRECTION('',(1.,0.,0.));
#12781=DIRECTION('',(0.,0.,-1.));
#12782=DIRECTION('',(-1.,0.,0.));
#12783=DIRECTION('',(0.,-1.,0.));
#12784=DIRECTION('',(0.,0.,-1.));
#12785=DIRECTION('',(0.,0.,-1.));
#12786=DIRECTION('',(0.,-1.,0.));
#12787=DIRECTION('',(0.,0.,-1.));
#12788=DIRECTION('',(0.,0.,1.));
#12789=DIRECTION('',(0.,0.,-1.));
#12790=DIRECTION('',(-1.,0.,0.));
#12791=DIRECTION('',(0.,0.,-1.));
#12792=DIRECTION('',(-1.,0.,0.));
#12793=DIRECTION('',(0.,1.,0.));
#12794=DIRECTION('',(0.,0.,1.));
#12795=DIRECTION('',(0.,1.,0.));
#12796=DIRECTION('',(1.,0.,0.));
#12797=DIRECTION('',(0.,1.,0.));
#12798=DIRECTION('',(1.,0.,0.));
#12799=DIRECTION('',(0.,1.,0.));
#12800=DIRECTION('',(0.,0.,1.));
#12801=DIRECTION('',(1.,0.,0.));
#12802=DIRECTION('',(0.,0.,1.));
#12803=DIRECTION('',(1.,0.,0.));
#12804=DIRECTION('',(1.,0.,0.));
#12805=DIRECTION('',(1.,0.,0.));
#12806=DIRECTION('',(0.,0.,1.));
#12807=DIRECTION('',(1.,0.,0.));
#12808=DIRECTION('',(0.,1.,0.));
#12809=DIRECTION('',(0.,0.,1.));
#12810=DIRECTION('',(0.,0.,-1.));
#12811=DIRECTION('',(0.,1.,0.));
#12812=DIRECTION('',(0.,0.,1.));
#12813=DIRECTION('',(0.,0.,1.));
#12814=DIRECTION('',(0.,0.,-1.));
#12815=DIRECTION('',(-1.,0.,0.));
#12816=DIRECTION('',(0.,0.,-1.));
#12817=DIRECTION('',(-1.,0.,0.));
#12818=DIRECTION('',(0.,0.,-1.));
#12819=DIRECTION('',(-1.,0.,0.));
#12820=DIRECTION('',(-1.,0.,0.));
#12821=DIRECTION('',(0.,0.,-1.));
#12822=DIRECTION('',(-1.,0.,0.));
#12823=DIRECTION('',(0.,0.,-1.));
#12824=DIRECTION('',(-1.,0.,0.));
#12825=DIRECTION('',(-1.,0.,0.));
#12826=DIRECTION('',(0.,1.,0.));
#12827=DIRECTION('',(0.,1.,0.));
#12828=DIRECTION('',(0.,0.,1.));
#12829=DIRECTION('',(0.,1.,0.));
#12830=DIRECTION('',(1.,0.,0.));
#12831=DIRECTION('',(0.,1.,0.));
#12832=DIRECTION('',(1.,0.,0.));
#12833=DIRECTION('',(0.,1.,0.));
#12834=DIRECTION('',(0.,0.,1.));
#12835=DIRECTION('',(0.,0.,-1.));
#12836=DIRECTION('',(0.,1.,0.));
#12837=DIRECTION('',(0.,0.,1.));
#12838=DIRECTION('',(0.,0.,1.));
#12839=DIRECTION('',(0.,0.,-1.));
#12840=DIRECTION('',(-1.,0.,0.));
#12841=DIRECTION('',(0.,0.,-1.));
#12842=DIRECTION('',(-1.,0.,0.));
#12843=DIRECTION('',(0.,-1.,0.));
#12844=DIRECTION('',(0.,0.,-1.));
#12845=DIRECTION('',(0.,-1.,0.));
#12846=DIRECTION('',(-1.,0.,0.));
#12847=DIRECTION('',(0.,-1.,0.));
#12848=DIRECTION('',(-1.,0.,0.));
#12849=DIRECTION('',(0.,-1.,0.));
#12850=DIRECTION('',(0.,0.,1.));
#12851=DIRECTION('',(1.,0.,0.));
#12852=DIRECTION('',(0.,0.,1.));
#12853=DIRECTION('',(1.,0.,0.));
#12854=DIRECTION('',(-1.,0.,0.));
#12855=DIRECTION('',(-1.,0.,0.));
#12856=DIRECTION('',(0.,0.,1.));
#12857=DIRECTION('',(1.,0.,0.));
#12858=DIRECTION('',(0.,-1.,0.));
#12859=DIRECTION('',(0.,0.,-1.));
#12860=DIRECTION('',(0.,0.,-1.));
#12861=DIRECTION('',(0.,-1.,0.));
#12862=DIRECTION('',(0.,0.,-1.));
#12863=DIRECTION('',(0.,0.,1.));
#12864=DIRECTION('',(0.,0.,-1.));
#12865=DIRECTION('',(-1.,0.,0.));
#12866=DIRECTION('',(0.,0.,-1.));
#12867=DIRECTION('',(-1.,0.,0.));
#12868=DIRECTION('',(0.,0.,-1.));
#12869=DIRECTION('',(-1.,0.,0.));
#12870=DIRECTION('',(1.,0.,0.));
#12871=DIRECTION('',(0.,0.,-1.));
#12872=DIRECTION('',(-1.,0.,0.));
#12873=DIRECTION('',(0.,0.,-1.));
#12874=DIRECTION('',(-1.,0.,0.));
#12875=DIRECTION('',(1.,0.,0.));
#12876=DIRECTION('',(0.,-1.,0.));
#12877=DIRECTION('',(0.,-1.,0.));
#12878=DIRECTION('',(0.,0.,-1.));
#12879=DIRECTION('',(0.,-1.,0.));
#12880=DIRECTION('',(-1.,0.,0.));
#12881=DIRECTION('',(0.,-1.,0.));
#12882=DIRECTION('',(-1.,0.,0.));
#12883=DIRECTION('',(0.,-1.,0.));
#12884=DIRECTION('',(0.,0.,-1.));
#12885=DIRECTION('',(0.,0.,-1.));
#12886=DIRECTION('',(0.,-1.,0.));
#12887=DIRECTION('',(0.,0.,-1.));
#12888=DIRECTION('',(0.,0.,1.));
#12889=DIRECTION('',(0.,0.,-1.));
#12890=DIRECTION('',(-1.,0.,0.));
#12891=DIRECTION('',(0.,0.,-1.));
#12892=DIRECTION('',(-1.,0.,0.));
#12893=DIRECTION('',(0.,0.,1.));
#12894=DIRECTION('',(1.,0.,0.));
#12895=DIRECTION('',(1.,0.,0.));
#12896=DIRECTION('',(0.,0.,1.));
#12897=DIRECTION('',(1.,0.,0.));
#12898=DIRECTION('',(0.,0.,1.));
#12899=DIRECTION('',(1.,0.,0.));
#12900=DIRECTION('',(1.,0.,0.));
#12901=DIRECTION('',(0.,1.,0.));
#12902=DIRECTION('',(0.,1.,0.));
#12903=DIRECTION('',(0.,0.,1.));
#12904=DIRECTION('',(0.,1.,0.));
#12905=DIRECTION('',(-1.,0.,0.));
#12906=DIRECTION('',(0.,1.,0.));
#12907=DIRECTION('',(-1.,0.,0.));
#12908=DIRECTION('',(0.,1.,0.));
#12909=DIRECTION('',(0.,0.,1.));
#12910=DIRECTION('',(0.,0.,-1.));
#12911=DIRECTION('',(0.,1.,0.));
#12912=DIRECTION('',(0.,0.,1.));
#12913=DIRECTION('',(0.,0.,1.));
#12914=DIRECTION('',(0.,0.,-1.));
#12915=DIRECTION('',(-1.,0.,0.));
#12916=DIRECTION('',(0.,0.,-1.));
#12917=DIRECTION('',(-1.,0.,0.));
#12918=DIRECTION('',(0.,1.,0.));
#12919=DIRECTION('',(0.,0.,1.));
#12920=DIRECTION('',(0.,1.,0.));
#12921=DIRECTION('',(-1.,0.,0.));
#12922=DIRECTION('',(0.,1.,0.));
#12923=DIRECTION('',(-1.,0.,0.));
#12924=DIRECTION('',(0.,1.,0.));
#12925=DIRECTION('',(0.,0.,-1.));
#12926=DIRECTION('',(-1.,0.,0.));
#12927=DIRECTION('',(0.,0.,-1.));
#12928=DIRECTION('',(-1.,0.,0.));
#12929=DIRECTION('',(-1.,0.,0.));
#12930=DIRECTION('',(-1.,0.,0.));
#12931=DIRECTION('',(0.,0.,-1.));
#12932=DIRECTION('',(-1.,0.,0.));
#12933=DIRECTION('',(0.,1.,0.));
#12934=DIRECTION('',(0.,0.,1.));
#12935=DIRECTION('',(0.,0.,-1.));
#12936=DIRECTION('',(0.,1.,0.));
#12937=DIRECTION('',(0.,0.,1.));
#12938=DIRECTION('',(0.,0.,1.));
#12939=DIRECTION('',(0.,0.,-1.));
#12940=DIRECTION('',(-1.,0.,0.));
#12941=DIRECTION('',(0.,0.,-1.));
#12942=DIRECTION('',(-1.,0.,0.));
#12943=DIRECTION('',(0.,1.,-1.92747052886312E-15));
#12944=DIRECTION('',(0.,1.92747052886312E-15,1.));
#12945=DIRECTION('',(-1.18019632822558E-31,-1.92747052886312E-15,-1.));
#12946=DIRECTION('',(-1.18019632822558E-31,-1.92747052886312E-15,-1.));
#12947=DIRECTION('',(-1.,0.,0.));
#12948=DIRECTION('',(0.,0.,1.));
#12949=DIRECTION('',(1.,0.,0.));
#12950=DIRECTION('',(6.12303176911189E-17,1.,0.));
#12951=DIRECTION('',(6.12303176911189E-17,1.,0.));
#12952=DIRECTION('',(-1.,0.,0.));
#12953=DIRECTION('',(-1.,0.,0.));
#12954=DIRECTION('',(0.,0.,1.));
#12955=DIRECTION('',(-1.,6.12303176911189E-17,0.));
#12956=DIRECTION('',(6.12303176911189E-17,1.,0.));
#12957=DIRECTION('',(-1.,6.12303176911189E-17,0.));
#12958=DIRECTION('',(6.12303176911189E-17,1.,0.));
#12959=DIRECTION('',(-1.,6.12303176911189E-17,0.));
#12960=DIRECTION('',(-6.12303176911189E-17,-1.,0.));
#12961=DIRECTION('',(-1.,6.12303176911189E-17,0.));
#12962=DIRECTION('',(-6.12303176911189E-17,-1.,0.));
#12963=CARTESIAN_POINT('',(0.,0.,0.));
#12964=CARTESIAN_POINT('',(27.2,8.,-1.95943487863577E-15));
#12965=CARTESIAN_POINT('',(27.2,12.,3.6));
#12966=CARTESIAN_POINT('',(27.2,8.,3.6));
#12967=CARTESIAN_POINT('',(27.2,12.,3.6));
#12968=CARTESIAN_POINT('',(27.2,12.,3.6));
#12969=CARTESIAN_POINT('',(27.2,12.,0.899999999999999));
#12970=CARTESIAN_POINT('',(27.2,12.,0.899999999999999));
#12971=CARTESIAN_POINT('',(27.2,11.4856850115867,0.899999999999999));
#12972=CARTESIAN_POINT('',(27.2,8.,-1.95943487863577E-15));
#12973=CARTESIAN_POINT('',(21.6,8.,-1.95943487863577E-15));
#12974=CARTESIAN_POINT('',(21.6,12.,3.6));
#12975=CARTESIAN_POINT('',(21.6,8.,3.6));
#12976=CARTESIAN_POINT('',(21.6,12.,3.6));
#12977=CARTESIAN_POINT('',(21.6,8.,-1.95943487863577E-15));
#12978=CARTESIAN_POINT('',(21.6,11.4856850115867,0.899999999999999));
#12979=CARTESIAN_POINT('',(21.6,12.,0.899999999999999));
#12980=CARTESIAN_POINT('',(21.6,12.,0.899999999999999));
#12981=CARTESIAN_POINT('',(21.6,12.,3.6));
#12982=CARTESIAN_POINT('',(21.6,8.,-1.95943487863577E-15));
#12983=CARTESIAN_POINT('',(21.6,11.4856850115867,0.899999999999999));
#12984=CARTESIAN_POINT('',(21.6,8.,3.6));
#12985=CARTESIAN_POINT('',(21.6,12.,0.899999999999999));
#12986=CARTESIAN_POINT('',(21.6,12.,0.899999999999999));
#12987=CARTESIAN_POINT('',(21.6,12.,3.6));
#12988=CARTESIAN_POINT('',(21.6,12.,3.6));
#12989=CARTESIAN_POINT('',(21.6,12.,-3.6));
#12990=CARTESIAN_POINT('',(27.2,12.,-3.6));
#12991=CARTESIAN_POINT('',(27.2,12.,-3.6));
#12992=CARTESIAN_POINT('',(27.2,12.,-0.899999999999999));
#12993=CARTESIAN_POINT('',(21.6,12.,-0.899999999999999));
#12994=CARTESIAN_POINT('',(21.6,12.,-0.899999999999999));
#12995=CARTESIAN_POINT('',(21.6,12.,-3.6));
#12996=CARTESIAN_POINT('',(21.6,12.,-3.6));
#12997=CARTESIAN_POINT('',(21.6,12.,-3.6));
#12998=CARTESIAN_POINT('',(21.6,12.,-0.899999999999999));
#12999=CARTESIAN_POINT('',(27.2,12.,-0.899999999999999));
#13000=CARTESIAN_POINT('',(27.2,11.4856850115867,-0.899999999999999));
#13001=CARTESIAN_POINT('',(21.6,11.4856850115867,-0.899999999999999));
#13002=CARTESIAN_POINT('',(21.6,11.4856850115867,-0.899999999999999));
#13003=CARTESIAN_POINT('',(21.6,12.,-0.899999999999999));
#13004=CARTESIAN_POINT('',(21.6,8.,1.95943487863577E-15));
#13005=CARTESIAN_POINT('',(27.2,8.,1.95943487863577E-15));
#13006=CARTESIAN_POINT('',(27.2,8.,-3.6));
#13007=CARTESIAN_POINT('',(21.6,8.,-3.6));
#13008=CARTESIAN_POINT('',(21.6,8.,-3.6));
#13009=CARTESIAN_POINT('',(21.6,8.,1.95943487863577E-15));
#13010=CARTESIAN_POINT('',(21.6,8.,1.95943487863577E-15));
#13011=CARTESIAN_POINT('',(21.6,12.,-3.6));
#13012=CARTESIAN_POINT('',(27.2,8.,1.95943487863577E-15));
#13013=CARTESIAN_POINT('',(27.2,12.,-3.6));
#13014=CARTESIAN_POINT('',(27.2,-8.,1.95943487863577E-15));
#13015=CARTESIAN_POINT('',(27.2,-12.,-3.6));
#13016=CARTESIAN_POINT('',(27.2,-8.,-3.6));
#13017=CARTESIAN_POINT('',(27.2,-12.,-3.6));
#13018=CARTESIAN_POINT('',(27.2,-12.,-3.6));
#13019=CARTESIAN_POINT('',(27.2,-12.,-0.899999999999999));
#13020=CARTESIAN_POINT('',(27.2,-12.,-0.899999999999999));
#13021=CARTESIAN_POINT('',(27.2,-11.4856850115867,-0.899999999999999));
#13022=CARTESIAN_POINT('',(27.2,-8.,1.95943487863577E-15));
#13023=CARTESIAN_POINT('',(21.6,-8.,1.95943487863577E-15));
#13024=CARTESIAN_POINT('',(21.6,-12.,-3.6));
#13025=CARTESIAN_POINT('',(21.6,-8.,-3.6));
#13026=CARTESIAN_POINT('',(21.6,-12.,-3.6));
#13027=CARTESIAN_POINT('',(21.6,-8.,1.95943487863577E-15));
#13028=CARTESIAN_POINT('',(21.6,-11.4856850115867,-0.899999999999999));
#13029=CARTESIAN_POINT('',(21.6,-12.,-0.899999999999999));
#13030=CARTESIAN_POINT('',(21.6,-12.,-0.899999999999999));
#13031=CARTESIAN_POINT('',(21.6,-12.,-3.6));
#13032=CARTESIAN_POINT('',(21.6,-8.,1.95943487863577E-15));
#13033=CARTESIAN_POINT('',(21.6,-11.4856850115867,-0.899999999999999));
#13034=CARTESIAN_POINT('',(21.6,-8.,-3.6));
#13035=CARTESIAN_POINT('',(21.6,-12.,-0.899999999999999));
#13036=CARTESIAN_POINT('',(21.6,-12.,-0.899999999999999));
#13037=CARTESIAN_POINT('',(21.6,-12.,-3.6));
#13038=CARTESIAN_POINT('',(21.6,-12.,-3.6));
#13039=CARTESIAN_POINT('',(21.6,-12.,3.6));
#13040=CARTESIAN_POINT('',(27.2,-12.,3.6));
#13041=CARTESIAN_POINT('',(27.2,-12.,3.6));
#13042=CARTESIAN_POINT('',(27.2,-12.,0.899999999999999));
#13043=CARTESIAN_POINT('',(21.6,-12.,0.899999999999999));
#13044=CARTESIAN_POINT('',(21.6,-12.,0.899999999999999));
#13045=CARTESIAN_POINT('',(21.6,-12.,3.6));
#13046=CARTESIAN_POINT('',(21.6,-12.,3.6));
#13047=CARTESIAN_POINT('',(21.6,-12.,3.6));
#13048=CARTESIAN_POINT('',(21.6,-12.,0.899999999999999));
#13049=CARTESIAN_POINT('',(27.2,-12.,0.899999999999999));
#13050=CARTESIAN_POINT('',(27.2,-11.4856850115867,0.899999999999999));
#13051=CARTESIAN_POINT('',(21.6,-11.4856850115867,0.899999999999999));
#13052=CARTESIAN_POINT('',(21.6,-11.4856850115867,0.899999999999999));
#13053=CARTESIAN_POINT('',(21.6,-12.,0.899999999999999));
#13054=CARTESIAN_POINT('',(21.6,-8.,-1.95943487863577E-15));
#13055=CARTESIAN_POINT('',(27.2,-8.,-1.95943487863577E-15));
#13056=CARTESIAN_POINT('',(27.2,-8.,3.6));
#13057=CARTESIAN_POINT('',(21.6,-8.,3.6));
#13058=CARTESIAN_POINT('',(21.6,-8.,3.6));
#13059=CARTESIAN_POINT('',(21.6,-8.,-1.95943487863577E-15));
#13060=CARTESIAN_POINT('',(21.6,-8.,-1.95943487863577E-15));
#13061=CARTESIAN_POINT('',(21.6,-12.,3.6));
#13062=CARTESIAN_POINT('',(27.2,-8.,-1.95943487863577E-15));
#13063=CARTESIAN_POINT('',(27.2,-12.,3.6));
#13064=CARTESIAN_POINT('',(-27.2,8.,1.95943487863577E-15));
#13065=CARTESIAN_POINT('',(-27.2,12.,-3.6));
#13066=CARTESIAN_POINT('',(-27.2,8.,-3.6));
#13067=CARTESIAN_POINT('',(-27.2,12.,-3.6));
#13068=CARTESIAN_POINT('',(-27.2,12.,-3.6));
#13069=CARTESIAN_POINT('',(-27.2,12.,-0.899999999999999));
#13070=CARTESIAN_POINT('',(-27.2,12.,-0.899999999999999));
#13071=CARTESIAN_POINT('',(-27.2,11.4856850115867,-0.899999999999999));
#13072=CARTESIAN_POINT('',(-27.2,8.,1.95943487863577E-15));
#13073=CARTESIAN_POINT('',(-21.6,8.,1.95943487863577E-15));
#13074=CARTESIAN_POINT('',(-21.6,12.,-3.6));
#13075=CARTESIAN_POINT('',(-21.6,8.,-3.6));
#13076=CARTESIAN_POINT('',(-21.6,12.,-3.6));
#13077=CARTESIAN_POINT('',(-21.6,8.,1.95943487863577E-15));
#13078=CARTESIAN_POINT('',(-21.6,11.4856850115867,-0.899999999999999));
#13079=CARTESIAN_POINT('',(-21.6,12.,-0.899999999999999));
#13080=CARTESIAN_POINT('',(-21.6,12.,-0.899999999999999));
#13081=CARTESIAN_POINT('',(-21.6,12.,-3.6));
#13082=CARTESIAN_POINT('',(-21.6,8.,1.95943487863577E-15));
#13083=CARTESIAN_POINT('',(-21.6,11.4856850115867,-0.899999999999999));
#13084=CARTESIAN_POINT('',(-21.6,8.,-3.6));
#13085=CARTESIAN_POINT('',(-21.6,12.,-0.899999999999999));
#13086=CARTESIAN_POINT('',(-21.6,12.,-0.899999999999999));
#13087=CARTESIAN_POINT('',(-21.6,12.,-3.6));
#13088=CARTESIAN_POINT('',(-21.6,12.,-3.6));
#13089=CARTESIAN_POINT('',(-21.6,12.,3.6));
#13090=CARTESIAN_POINT('',(-27.2,12.,3.6));
#13091=CARTESIAN_POINT('',(-27.2,12.,3.6));
#13092=CARTESIAN_POINT('',(-27.2,12.,0.899999999999999));
#13093=CARTESIAN_POINT('',(-21.6,12.,0.899999999999999));
#13094=CARTESIAN_POINT('',(-21.6,12.,0.899999999999999));
#13095=CARTESIAN_POINT('',(-21.6,12.,3.6));
#13096=CARTESIAN_POINT('',(-21.6,12.,3.6));
#13097=CARTESIAN_POINT('',(-21.6,12.,3.6));
#13098=CARTESIAN_POINT('',(-21.6,12.,0.899999999999999));
#13099=CARTESIAN_POINT('',(-27.2,12.,0.899999999999999));
#13100=CARTESIAN_POINT('',(-27.2,11.4856850115867,0.899999999999999));
#13101=CARTESIAN_POINT('',(-21.6,11.4856850115867,0.899999999999999));
#13102=CARTESIAN_POINT('',(-21.6,11.4856850115867,0.899999999999999));
#13103=CARTESIAN_POINT('',(-21.6,12.,0.899999999999999));
#13104=CARTESIAN_POINT('',(-21.6,8.,-1.95943487863577E-15));
#13105=CARTESIAN_POINT('',(-27.2,8.,-1.95943487863577E-15));
#13106=CARTESIAN_POINT('',(-27.2,8.,3.6));
#13107=CARTESIAN_POINT('',(-21.6,8.,3.6));
#13108=CARTESIAN_POINT('',(-21.6,8.,3.6));
#13109=CARTESIAN_POINT('',(-21.6,8.,-1.95943487863577E-15));
#13110=CARTESIAN_POINT('',(-21.6,8.,-1.95943487863577E-15));
#13111=CARTESIAN_POINT('',(-21.6,12.,3.6));
#13112=CARTESIAN_POINT('',(-27.2,8.,-1.95943487863577E-15));
#13113=CARTESIAN_POINT('',(-27.2,12.,3.6));
#13114=CARTESIAN_POINT('',(-21.6,-12.,-3.6));
#13115=CARTESIAN_POINT('',(-27.2,-12.,-3.6));
#13116=CARTESIAN_POINT('',(-27.2,-12.,-3.6));
#13117=CARTESIAN_POINT('',(-27.2,-12.,-0.899999999999999));
#13118=CARTESIAN_POINT('',(-21.6,-12.,-0.899999999999999));
#13119=CARTESIAN_POINT('',(-21.6,-12.,-0.899999999999999));
#13120=CARTESIAN_POINT('',(-21.6,-12.,-3.6));
#13121=CARTESIAN_POINT('',(-21.6,-12.,-3.6));
#13122=CARTESIAN_POINT('',(-21.6,-12.,-3.6));
#13123=CARTESIAN_POINT('',(-21.6,-12.,-0.899999999999999));
#13124=CARTESIAN_POINT('',(-27.2,-12.,-0.899999999999999));
#13125=CARTESIAN_POINT('',(-27.2,-11.4856850115867,-0.899999999999999));
#13126=CARTESIAN_POINT('',(-21.6,-11.4856850115867,-0.899999999999999));
#13127=CARTESIAN_POINT('',(-21.6,-11.4856850115867,-0.899999999999999));
#13128=CARTESIAN_POINT('',(-21.6,-12.,-0.899999999999999));
#13129=CARTESIAN_POINT('',(-21.6,-8.,1.95943487863577E-15));
#13130=CARTESIAN_POINT('',(-27.2,-8.,1.95943487863577E-15));
#13131=CARTESIAN_POINT('',(-27.2,-8.,-3.6));
#13132=CARTESIAN_POINT('',(-21.6,-8.,-3.6));
#13133=CARTESIAN_POINT('',(-21.6,-8.,-3.6));
#13134=CARTESIAN_POINT('',(-21.6,-8.,1.95943487863577E-15));
#13135=CARTESIAN_POINT('',(-21.6,-8.,1.95943487863577E-15));
#13136=CARTESIAN_POINT('',(-21.6,-12.,-3.6));
#13137=CARTESIAN_POINT('',(-27.2,-8.,1.95943487863577E-15));
#13138=CARTESIAN_POINT('',(-27.2,-12.,-3.6));
#13139=CARTESIAN_POINT('',(24.,-16.,3.6));
#13140=CARTESIAN_POINT('',(40.,-40.,3.6));
#13141=CARTESIAN_POINT('',(40.,12.8,3.6));
#13142=CARTESIAN_POINT('',(40.,20.,3.6));
#13143=CARTESIAN_POINT('',(24.,20.,3.6));
#13144=CARTESIAN_POINT('',(-40.,20.,3.6));
#13145=CARTESIAN_POINT('',(-40.,-40.,3.6));
#13146=CARTESIAN_POINT('',(-40.,12.8,3.6));
#13147=CARTESIAN_POINT('',(-40.,-40.,3.6));
#13148=CARTESIAN_POINT('',(-40.,12.,3.6));
#13149=CARTESIAN_POINT('',(-28.,12.,3.6));
#13150=CARTESIAN_POINT('',(-28.,12.,3.6));
#13151=CARTESIAN_POINT('',(-28.,16.,3.6));
#13152=CARTESIAN_POINT('',(-28.,-12.,3.6));
#13153=CARTESIAN_POINT('',(-43.6,-12.,3.6));
#13154=CARTESIAN_POINT('',(-40.,-12.,3.6));
#13155=CARTESIAN_POINT('',(-40.,40.,3.6));
#13156=CARTESIAN_POINT('',(-40.,-12.8,3.6));
#13157=CARTESIAN_POINT('',(-40.,40.,3.6));
#13158=CARTESIAN_POINT('',(-40.,-20.,3.6));
#13159=CARTESIAN_POINT('',(-24.,-20.,3.6));
#13160=CARTESIAN_POINT('',(40.,-20.,3.6));
#13161=CARTESIAN_POINT('',(40.,40.,3.6));
#13162=CARTESIAN_POINT('',(40.,-12.8,3.6));
#13163=CARTESIAN_POINT('',(40.,40.,3.6));
#13164=CARTESIAN_POINT('',(40.,-12.,3.6));
#13165=CARTESIAN_POINT('',(28.,-12.,3.6));
#13166=CARTESIAN_POINT('',(28.,-12.,3.6));
#13167=CARTESIAN_POINT('',(28.,-16.,3.6));
#13168=CARTESIAN_POINT('',(28.,12.,3.6));
#13169=CARTESIAN_POINT('',(43.6,12.,3.6));
#13170=CARTESIAN_POINT('',(40.,12.,3.6));
#13171=CARTESIAN_POINT('',(40.,-40.,3.6));
#13172=CARTESIAN_POINT('',(32.,19.2,3.6));
#13173=CARTESIAN_POINT('',(32.,19.2,3.6));
#13174=CARTESIAN_POINT('',(27.0854497241083,19.2,3.6));
#13175=CARTESIAN_POINT('',(32.,12.8,3.6));
#13176=CARTESIAN_POINT('',(32.,12.8,3.6));
#13177=CARTESIAN_POINT('',(32.,12.8,3.6));
#13178=CARTESIAN_POINT('',(27.0854497241083,12.8,3.6));
#13179=CARTESIAN_POINT('',(27.0854497241083,13.3,3.6));
#13180=CARTESIAN_POINT('',(26.7091753675097,13.6292682926829,3.6));
#13181=CARTESIAN_POINT('',(24.,16.,3.6));
#13182=CARTESIAN_POINT('',(24.,12.4,3.6));
#13183=CARTESIAN_POINT('',(24.,12.4,3.6));
#13184=CARTESIAN_POINT('',(-24.,12.4,3.6));
#13185=CARTESIAN_POINT('',(-24.,16.,3.6));
#13186=CARTESIAN_POINT('',(-26.7091753675097,13.6292682926829,3.6));
#13187=CARTESIAN_POINT('',(-27.0854497241083,13.3,3.6));
#13188=CARTESIAN_POINT('',(-27.0854497241083,12.8,3.6));
#13189=CARTESIAN_POINT('',(-27.6,12.8,3.6));
#13190=CARTESIAN_POINT('',(-32.,12.8,3.6));
#13191=CARTESIAN_POINT('',(-32.,12.8,3.6));
#13192=CARTESIAN_POINT('',(-32.,19.2,3.6));
#13193=CARTESIAN_POINT('',(-27.6,19.2,3.6));
#13194=CARTESIAN_POINT('',(-27.0854497241083,19.2,3.6));
#13195=CARTESIAN_POINT('',(-27.0854497241083,18.7,3.6));
#13196=CARTESIAN_POINT('',(-26.7091753675097,18.3707317073171,3.6));
#13197=CARTESIAN_POINT('',(-24.,16.,3.6));
#13198=CARTESIAN_POINT('',(-24.,19.6,3.6));
#13199=CARTESIAN_POINT('',(24.,19.6,3.6));
#13200=CARTESIAN_POINT('',(24.,19.6,3.6));
#13201=CARTESIAN_POINT('',(24.,16.,3.6));
#13202=CARTESIAN_POINT('',(26.7091753675097,18.3707317073171,3.6));
#13203=CARTESIAN_POINT('',(27.0854497241083,18.7,3.6));
#13204=CARTESIAN_POINT('',(24.,-16.,3.6));
#13205=CARTESIAN_POINT('',(24.,-12.4,3.6));
#13206=CARTESIAN_POINT('',(26.7091753675097,-13.6292682926829,3.6));
#13207=CARTESIAN_POINT('',(27.0854497241083,-13.3,3.6));
#13208=CARTESIAN_POINT('',(27.0854497241083,-12.8,3.6));
#13209=CARTESIAN_POINT('',(27.6,-12.8,3.6));
#13210=CARTESIAN_POINT('',(32.,-12.8,3.6));
#13211=CARTESIAN_POINT('',(32.,-12.8,3.6));
#13212=CARTESIAN_POINT('',(32.,-19.2,3.6));
#13213=CARTESIAN_POINT('',(27.6,-19.2,3.6));
#13214=CARTESIAN_POINT('',(27.0854497241083,-19.2,3.6));
#13215=CARTESIAN_POINT('',(27.0854497241083,-18.7,3.6));
#13216=CARTESIAN_POINT('',(26.7091753675097,-18.3707317073171,3.6));
#13217=CARTESIAN_POINT('',(24.,-16.,3.6));
#13218=CARTESIAN_POINT('',(24.,-19.6,3.6));
#13219=CARTESIAN_POINT('',(24.,-19.6,3.6));
#13220=CARTESIAN_POINT('',(-24.,-19.6,3.6));
#13221=CARTESIAN_POINT('',(-24.,-16.,3.6));
#13222=CARTESIAN_POINT('',(-26.7091753675097,-18.3707317073171,3.6));
#13223=CARTESIAN_POINT('',(-27.0854497241083,-18.7,3.6));
#13224=CARTESIAN_POINT('',(-27.0854497241083,-19.2,3.6));
#13225=CARTESIAN_POINT('',(-32.,-19.2,3.6));
#13226=CARTESIAN_POINT('',(-32.,-19.2,3.6));
#13227=CARTESIAN_POINT('',(-32.,-12.8,3.6));
#13228=CARTESIAN_POINT('',(-32.,-12.8,3.6));
#13229=CARTESIAN_POINT('',(-32.,-12.8,3.6));
#13230=CARTESIAN_POINT('',(-27.0854497241083,-12.8,3.6));
#13231=CARTESIAN_POINT('',(-27.0854497241083,-13.3,3.6));
#13232=CARTESIAN_POINT('',(-26.7091753675097,-13.6292682926829,3.6));
#13233=CARTESIAN_POINT('',(-24.,-16.,3.6));
#13234=CARTESIAN_POINT('',(-24.,-12.4,3.6));
#13235=CARTESIAN_POINT('',(24.,-12.4,3.6));
#13236=CARTESIAN_POINT('',(20.,-12.,3.6));
#13237=CARTESIAN_POINT('',(20.,-12.,3.6));
#13238=CARTESIAN_POINT('',(20.,12.,3.6));
#13239=CARTESIAN_POINT('',(-20.,-12.,3.6));
#13240=CARTESIAN_POINT('',(-20.,-12.,3.6));
#13241=CARTESIAN_POINT('',(-20.,12.,3.6));
#13242=CARTESIAN_POINT('',(-20.,12.,3.6));
#13243=CARTESIAN_POINT('',(20.,12.,3.6));
#13244=CARTESIAN_POINT('',(-21.6,-8.,3.6));
#13245=CARTESIAN_POINT('',(-21.6,-8.,3.6));
#13246=CARTESIAN_POINT('',(-27.2,-8.,3.6));
#13247=CARTESIAN_POINT('',(-21.6,-12.,3.6));
#13248=CARTESIAN_POINT('',(-21.6,-12.,3.6));
#13249=CARTESIAN_POINT('',(-21.6,-12.,3.6));
#13250=CARTESIAN_POINT('',(-27.2,-12.,3.6));
#13251=CARTESIAN_POINT('',(-27.2,-12.,3.6));
#13252=CARTESIAN_POINT('',(24.,-16.,-3.6));
#13253=CARTESIAN_POINT('',(24.,16.,-3.6));
#13254=CARTESIAN_POINT('',(26.7091753675097,13.6292682926829,-3.6));
#13255=CARTESIAN_POINT('',(24.,12.4,-3.6));
#13256=CARTESIAN_POINT('',(27.0854497241083,13.3,-3.6));
#13257=CARTESIAN_POINT('',(27.0854497241083,12.8,-3.6));
#13258=CARTESIAN_POINT('',(27.6,12.8,-3.6));
#13259=CARTESIAN_POINT('',(32.,12.8,-3.6));
#13260=CARTESIAN_POINT('',(32.,12.8,-3.6));
#13261=CARTESIAN_POINT('',(32.,19.2,-3.6));
#13262=CARTESIAN_POINT('',(27.6,19.2,-3.6));
#13263=CARTESIAN_POINT('',(27.0854497241083,19.2,-3.6));
#13264=CARTESIAN_POINT('',(27.0854497241083,18.7,-3.6));
#13265=CARTESIAN_POINT('',(26.7091753675097,18.3707317073171,-3.6));
#13266=CARTESIAN_POINT('',(24.,16.,-3.6));
#13267=CARTESIAN_POINT('',(24.,19.6,-3.6));
#13268=CARTESIAN_POINT('',(24.,19.6,-3.6));
#13269=CARTESIAN_POINT('',(-24.,19.6,-3.6));
#13270=CARTESIAN_POINT('',(-24.,16.,-3.6));
#13271=CARTESIAN_POINT('',(-26.7091753675097,18.3707317073171,-3.6));
#13272=CARTESIAN_POINT('',(-27.0854497241083,18.7,-3.6));
#13273=CARTESIAN_POINT('',(-27.0854497241083,19.2,-3.6));
#13274=CARTESIAN_POINT('',(-32.,19.2,-3.6));
#13275=CARTESIAN_POINT('',(-32.,19.2,-3.6));
#13276=CARTESIAN_POINT('',(-32.,12.8,-3.6));
#13277=CARTESIAN_POINT('',(-32.,12.8,-3.6));
#13278=CARTESIAN_POINT('',(-32.,12.8,-3.6));
#13279=CARTESIAN_POINT('',(-27.0854497241083,12.8,-3.6));
#13280=CARTESIAN_POINT('',(-27.0854497241083,13.3,-3.6));
#13281=CARTESIAN_POINT('',(-26.7091753675097,13.6292682926829,-3.6));
#13282=CARTESIAN_POINT('',(-24.,16.,-3.6));
#13283=CARTESIAN_POINT('',(-24.,12.4,-3.6));
#13284=CARTESIAN_POINT('',(24.,12.4,-3.6));
#13285=CARTESIAN_POINT('',(-19.1,12.4,-3.6));
#13286=CARTESIAN_POINT('',(-19.1,-16.,-3.6));
#13287=CARTESIAN_POINT('',(-19.1,12.,-3.6));
#13288=CARTESIAN_POINT('',(20.,12.,-3.6));
#13289=CARTESIAN_POINT('',(-20.,12.,-3.6));
#13290=CARTESIAN_POINT('',(-20.,12.,-3.6));
#13291=CARTESIAN_POINT('',(-20.,11.1,-3.6));
#13292=CARTESIAN_POINT('',(-20.8,11.1,-3.6));
#13293=CARTESIAN_POINT('',(-20.8,11.1,-3.6));
#13294=CARTESIAN_POINT('',(-20.8,4.9,-3.6));
#13295=CARTESIAN_POINT('',(-20.8,4.9,-3.6));
#13296=CARTESIAN_POINT('',(-20.8,4.9,-3.6));
#13297=CARTESIAN_POINT('',(-20.,4.9,-3.6));
#13298=CARTESIAN_POINT('',(-20.,12.,-3.6));
#13299=CARTESIAN_POINT('',(-20.,3.1,-3.6));
#13300=CARTESIAN_POINT('',(-20.8,3.1,-3.6));
#13301=CARTESIAN_POINT('',(-20.8,3.1,-3.6));
#13302=CARTESIAN_POINT('',(-20.8,-3.1,-3.6));
#13303=CARTESIAN_POINT('',(-20.8,-3.1,-3.6));
#13304=CARTESIAN_POINT('',(-20.8,-3.1,-3.6));
#13305=CARTESIAN_POINT('',(-20.,-3.1,-3.6));
#13306=CARTESIAN_POINT('',(-20.,12.,-3.6));
#13307=CARTESIAN_POINT('',(-20.,-4.9,-3.6));
#13308=CARTESIAN_POINT('',(-20.8,-4.9,-3.6));
#13309=CARTESIAN_POINT('',(-20.8,-4.9,-3.6));
#13310=CARTESIAN_POINT('',(-20.8,-11.1,-3.6));
#13311=CARTESIAN_POINT('',(-20.8,-11.1,-3.6));
#13312=CARTESIAN_POINT('',(-20.8,-11.1,-3.6));
#13313=CARTESIAN_POINT('',(-20.,-11.1,-3.6));
#13314=CARTESIAN_POINT('',(-20.,12.,-3.6));
#13315=CARTESIAN_POINT('',(-20.,-12.,-3.6));
#13316=CARTESIAN_POINT('',(-20.,-12.,-3.6));
#13317=CARTESIAN_POINT('',(-19.1,-12.,-3.6));
#13318=CARTESIAN_POINT('',(-19.1,-16.,-3.6));
#13319=CARTESIAN_POINT('',(-19.1,-12.4,-3.6));
#13320=CARTESIAN_POINT('',(24.,-12.4,-3.6));
#13321=CARTESIAN_POINT('',(-24.,-12.4,-3.6));
#13322=CARTESIAN_POINT('',(-24.,-16.,-3.6));
#13323=CARTESIAN_POINT('',(-26.7091753675097,-13.6292682926829,-3.6));
#13324=CARTESIAN_POINT('',(-27.0854497241083,-13.3,-3.6));
#13325=CARTESIAN_POINT('',(-27.0854497241083,-12.8,-3.6));
#13326=CARTESIAN_POINT('',(-27.6,-12.8,-3.6));
#13327=CARTESIAN_POINT('',(-32.,-12.8,-3.6));
#13328=CARTESIAN_POINT('',(-32.,-12.8,-3.6));
#13329=CARTESIAN_POINT('',(-32.,-19.2,-3.6));
#13330=CARTESIAN_POINT('',(-27.6,-19.2,-3.6));
#13331=CARTESIAN_POINT('',(-27.0854497241083,-19.2,-3.6));
#13332=CARTESIAN_POINT('',(-27.0854497241083,-18.7,-3.6));
#13333=CARTESIAN_POINT('',(-26.7091753675097,-18.3707317073171,-3.6));
#13334=CARTESIAN_POINT('',(-24.,-16.,-3.6));
#13335=CARTESIAN_POINT('',(-24.,-19.6,-3.6));
#13336=CARTESIAN_POINT('',(24.,-19.6,-3.6));
#13337=CARTESIAN_POINT('',(24.,-19.6,-3.6));
#13338=CARTESIAN_POINT('',(24.,-16.,-3.6));
#13339=CARTESIAN_POINT('',(26.7091753675097,-18.3707317073171,-3.6));
#13340=CARTESIAN_POINT('',(27.0854497241083,-18.7,-3.6));
#13341=CARTESIAN_POINT('',(27.0854497241083,-19.2,-3.6));
#13342=CARTESIAN_POINT('',(32.,-19.2,-3.6));
#13343=CARTESIAN_POINT('',(32.,-19.2,-3.6));
#13344=CARTESIAN_POINT('',(32.,-12.8,-3.6));
#13345=CARTESIAN_POINT('',(32.,-12.8,-3.6));
#13346=CARTESIAN_POINT('',(32.,-12.8,-3.6));
#13347=CARTESIAN_POINT('',(27.0854497241083,-12.8,-3.6));
#13348=CARTESIAN_POINT('',(27.0854497241083,-13.3,-3.6));
#13349=CARTESIAN_POINT('',(26.7091753675097,-13.6292682926829,-3.6));
#13350=CARTESIAN_POINT('',(24.,-16.,-3.6));
#13351=CARTESIAN_POINT('',(24.,-12.4,-3.6));
#13352=CARTESIAN_POINT('',(24.,-12.4,-3.6));
#13353=CARTESIAN_POINT('',(19.1,-12.4,-3.6));
#13354=CARTESIAN_POINT('',(19.1,-16.,-3.6));
#13355=CARTESIAN_POINT('',(19.1,-12.,-3.6));
#13356=CARTESIAN_POINT('',(-20.,-12.,-3.6));
#13357=CARTESIAN_POINT('',(20.,-12.,-3.6));
#13358=CARTESIAN_POINT('',(20.,-12.,-3.6));
#13359=CARTESIAN_POINT('',(20.,-11.1,-3.6));
#13360=CARTESIAN_POINT('',(20.8,-11.1,-3.6));
#13361=CARTESIAN_POINT('',(20.8,-11.1,-3.6));
#13362=CARTESIAN_POINT('',(20.8,-11.1,-3.6));
#13363=CARTESIAN_POINT('',(20.8,-4.9,-3.6));
#13364=CARTESIAN_POINT('',(20.8,-4.9,-3.6));
#13365=CARTESIAN_POINT('',(20.,-4.9,-3.6));
#13366=CARTESIAN_POINT('',(20.,-12.,-3.6));
#13367=CARTESIAN_POINT('',(20.,-3.1,-3.6));
#13368=CARTESIAN_POINT('',(20.8,-3.1,-3.6));
#13369=CARTESIAN_POINT('',(20.8,-3.1,-3.6));
#13370=CARTESIAN_POINT('',(20.8,-3.1,-3.6));
#13371=CARTESIAN_POINT('',(20.8,3.1,-3.6));
#13372=CARTESIAN_POINT('',(20.8,3.1,-3.6));
#13373=CARTESIAN_POINT('',(20.,3.1,-3.6));
#13374=CARTESIAN_POINT('',(20.,-12.,-3.6));
#13375=CARTESIAN_POINT('',(20.,4.9,-3.6));
#13376=CARTESIAN_POINT('',(20.8,4.9,-3.6));
#13377=CARTESIAN_POINT('',(20.8,4.9,-3.6));
#13378=CARTESIAN_POINT('',(20.8,4.9,-3.6));
#13379=CARTESIAN_POINT('',(20.8,11.1,-3.6));
#13380=CARTESIAN_POINT('',(20.8,11.1,-3.6));
#13381=CARTESIAN_POINT('',(20.,11.1,-3.6));
#13382=CARTESIAN_POINT('',(20.,-12.,-3.6));
#13383=CARTESIAN_POINT('',(20.,12.,-3.6));
#13384=CARTESIAN_POINT('',(20.,12.,-3.6));
#13385=CARTESIAN_POINT('',(19.1,12.,-3.6));
#13386=CARTESIAN_POINT('',(19.1,-16.,-3.6));
#13387=CARTESIAN_POINT('',(19.1,12.4,-3.6));
#13388=CARTESIAN_POINT('',(24.,12.4,-3.6));
#13389=CARTESIAN_POINT('',(40.,-40.,-3.6));
#13390=CARTESIAN_POINT('',(40.,12.8,-3.6));
#13391=CARTESIAN_POINT('',(40.,20.,-3.6));
#13392=CARTESIAN_POINT('',(40.,-40.,-3.6));
#13393=CARTESIAN_POINT('',(40.,12.,-3.6));
#13394=CARTESIAN_POINT('',(43.6,12.,-3.6));
#13395=CARTESIAN_POINT('',(28.,12.,-3.6));
#13396=CARTESIAN_POINT('',(28.,-16.,-3.6));
#13397=CARTESIAN_POINT('',(28.,-12.,-3.6));
#13398=CARTESIAN_POINT('',(28.,-12.,-3.6));
#13399=CARTESIAN_POINT('',(40.,-12.,-3.6));
#13400=CARTESIAN_POINT('',(40.,40.,-3.6));
#13401=CARTESIAN_POINT('',(40.,-12.8,-3.6));
#13402=CARTESIAN_POINT('',(40.,40.,-3.6));
#13403=CARTESIAN_POINT('',(40.,-20.,-3.6));
#13404=CARTESIAN_POINT('',(-24.,-20.,-3.6));
#13405=CARTESIAN_POINT('',(-40.,-20.,-3.6));
#13406=CARTESIAN_POINT('',(-40.,40.,-3.6));
#13407=CARTESIAN_POINT('',(-40.,-12.8,-3.6));
#13408=CARTESIAN_POINT('',(-40.,40.,-3.6));
#13409=CARTESIAN_POINT('',(-40.,-12.,-3.6));
#13410=CARTESIAN_POINT('',(-43.6,-12.,-3.6));
#13411=CARTESIAN_POINT('',(-28.,-12.,-3.6));
#13412=CARTESIAN_POINT('',(-28.,16.,-3.6));
#13413=CARTESIAN_POINT('',(-28.,12.,-3.6));
#13414=CARTESIAN_POINT('',(-28.,12.,-3.6));
#13415=CARTESIAN_POINT('',(-40.,12.,-3.6));
#13416=CARTESIAN_POINT('',(-40.,-40.,-3.6));
#13417=CARTESIAN_POINT('',(-40.,12.8,-3.6));
#13418=CARTESIAN_POINT('',(-40.,-40.,-3.6));
#13419=CARTESIAN_POINT('',(-40.,20.,-3.6));
#13420=CARTESIAN_POINT('',(24.,20.,-3.6));
#13421=CARTESIAN_POINT('',(32.,-12.,0.));
#13422=CARTESIAN_POINT('',(32.,-12.8,0.));
#13423=CARTESIAN_POINT('',(32.,-12.8,-3.1));
#13424=CARTESIAN_POINT('',(32.,-12.8,3.10000000000001));
#13425=CARTESIAN_POINT('',(32.,-12.8,-3.1));
#13426=CARTESIAN_POINT('',(32.,-12.,-3.1));
#13427=CARTESIAN_POINT('',(32.,-12.,0.));
#13428=CARTESIAN_POINT('',(32.,-12.,3.10000000000001));
#13429=CARTESIAN_POINT('',(32.,-12.8,3.10000000000001));
#13430=CARTESIAN_POINT('',(28.,-12.,3.6));
#13431=CARTESIAN_POINT('',(40.,-12.,3.6));
#13432=CARTESIAN_POINT('',(40.,-12.,3.10000000000001));
#13433=CARTESIAN_POINT('',(40.,-12.,3.10000000000001));
#13434=CARTESIAN_POINT('',(32.,-12.,-3.1));
#13435=CARTESIAN_POINT('',(40.,-12.,-3.1));
#13436=CARTESIAN_POINT('',(40.,-12.,-3.1));
#13437=CARTESIAN_POINT('',(28.,-12.,3.6));
#13438=CARTESIAN_POINT('',(-24.,-20.,3.6));
#13439=CARTESIAN_POINT('',(40.,-20.,6.90501258601706E-15));
#13440=CARTESIAN_POINT('',(-40.,-20.,6.90501258601706E-15));
#13441=CARTESIAN_POINT('',(-36.2911451911221,-20.,-2.8));
#13442=CARTESIAN_POINT('',(-35.3941125496954,-20.,-2.8));
#13443=CARTESIAN_POINT('',(-36.6058874503046,-20.,-2.8));
#13444=CARTESIAN_POINT('',(-36.6058874503046,-20.,-2.3));
#13445=CARTESIAN_POINT('',(-37.0198036149016,-20.,-2.01951219512195));
#13446=CARTESIAN_POINT('',(-40.,-20.,0.));
#13447=CARTESIAN_POINT('',(-37.0198036149016,-20.,2.01951219512195));
#13448=CARTESIAN_POINT('',(-36.6058874503046,-20.,2.3));
#13449=CARTESIAN_POINT('',(-36.6058874503046,-20.,2.8));
#13450=CARTESIAN_POINT('',(-35.9877003699137,-20.,2.8));
#13451=CARTESIAN_POINT('',(-35.3941125496954,-20.,2.8));
#13452=CARTESIAN_POINT('',(-35.3941125496954,-20.,2.3));
#13453=CARTESIAN_POINT('',(-34.9801963850984,-20.,2.01951219512195));
#13454=CARTESIAN_POINT('',(-32.,-20.,0.));
#13455=CARTESIAN_POINT('',(-34.9801963850984,-20.,-2.01951219512195));
#13456=CARTESIAN_POINT('',(-35.3941125496954,-20.,-2.3));
#13457=CARTESIAN_POINT('',(-32.,-20.,0.));
#13458=CARTESIAN_POINT('',(-32.,-20.,-3.1));
#13459=CARTESIAN_POINT('',(-40.,-20.,0.));
#13460=CARTESIAN_POINT('',(-40.,-20.,-3.1));
#13461=CARTESIAN_POINT('',(-16.,-20.,0.));
#13462=CARTESIAN_POINT('',(-16.,-20.,3.1));
#13463=CARTESIAN_POINT('',(0.,-20.,0.));
#13464=CARTESIAN_POINT('',(0.,-20.,3.1));
#13465=CARTESIAN_POINT('',(16.,-20.,0.));
#13466=CARTESIAN_POINT('',(16.,-20.,3.1));
#13467=CARTESIAN_POINT('',(40.,-20.,0.));
#13468=CARTESIAN_POINT('',(40.,-20.,3.1));
#13469=CARTESIAN_POINT('',(32.,-20.,0.));
#13470=CARTESIAN_POINT('',(32.,-20.,3.1));
#13471=CARTESIAN_POINT('',(40.,-20.,0.));
#13472=CARTESIAN_POINT('',(37.0198036149016,-20.,2.01951219512195));
#13473=CARTESIAN_POINT('',(37.0198036149016,-20.,-2.01951219512195));
#13474=CARTESIAN_POINT('',(36.6058874503046,-20.,-2.3));
#13475=CARTESIAN_POINT('',(36.6058874503046,-20.,-2.8));
#13476=CARTESIAN_POINT('',(36.2911451911221,-20.,-2.8));
#13477=CARTESIAN_POINT('',(35.3941125496954,-20.,-2.8));
#13478=CARTESIAN_POINT('',(35.3941125496954,-20.,-2.3));
#13479=CARTESIAN_POINT('',(34.9801963850984,-20.,-2.01951219512195));
#13480=CARTESIAN_POINT('',(32.,-20.,0.));
#13481=CARTESIAN_POINT('',(34.9801963850984,-20.,2.01951219512195));
#13482=CARTESIAN_POINT('',(35.3941125496954,-20.,2.3));
#13483=CARTESIAN_POINT('',(35.3941125496954,-20.,2.8));
#13484=CARTESIAN_POINT('',(35.9877003699137,-20.,2.8));
#13485=CARTESIAN_POINT('',(36.6058874503046,-20.,2.8));
#13486=CARTESIAN_POINT('',(36.6058874503046,-20.,2.3));
#13487=CARTESIAN_POINT('',(32.,-12.,0.));
#13488=CARTESIAN_POINT('',(32.,-19.2,0.));
#13489=CARTESIAN_POINT('',(32.,-19.2,3.1));
#13490=CARTESIAN_POINT('',(35.1,-19.2,0.));
#13491=CARTESIAN_POINT('',(32.,-19.2,0.));
#13492=CARTESIAN_POINT('',(32.,-19.2,2.4));
#13493=CARTESIAN_POINT('',(32.,-12.,0.));
#13494=CARTESIAN_POINT('',(32.,-12.8,0.));
#13495=CARTESIAN_POINT('',(32.,-12.8,2.4));
#13496=CARTESIAN_POINT('',(32.,12.,0.));
#13497=CARTESIAN_POINT('',(32.,12.,0.));
#13498=CARTESIAN_POINT('',(32.,12.,-3.1));
#13499=CARTESIAN_POINT('',(32.,12.,3.10000000000001));
#13500=CARTESIAN_POINT('',(32.,12.8,-3.1));
#13501=CARTESIAN_POINT('',(32.,12.8,-3.1));
#13502=CARTESIAN_POINT('',(32.,12.8,0.));
#13503=CARTESIAN_POINT('',(32.,12.8,3.10000000000001));
#13504=CARTESIAN_POINT('',(32.,12.8,3.10000000000001));
#13505=CARTESIAN_POINT('',(43.6,12.,3.6));
#13506=CARTESIAN_POINT('',(40.,12.,-3.6));
#13507=CARTESIAN_POINT('',(40.,12.,-3.1));
#13508=CARTESIAN_POINT('',(40.,12.,-3.1));
#13509=CARTESIAN_POINT('',(32.,12.,3.10000000000001));
#13510=CARTESIAN_POINT('',(40.,12.,3.10000000000001));
#13511=CARTESIAN_POINT('',(40.,12.,3.10000000000001));
#13512=CARTESIAN_POINT('',(28.,12.,3.6));
#13513=CARTESIAN_POINT('',(24.,20.,3.6));
#13514=CARTESIAN_POINT('',(40.,20.,6.90501258601706E-15));
#13515=CARTESIAN_POINT('',(-40.,20.,6.90501258601706E-15));
#13516=CARTESIAN_POINT('',(-40.,20.,0.));
#13517=CARTESIAN_POINT('',(-37.0198036149016,20.,2.01951219512195));
#13518=CARTESIAN_POINT('',(-37.0198036149016,20.,-2.01951219512195));
#13519=CARTESIAN_POINT('',(-36.6058874503046,20.,-2.3));
#13520=CARTESIAN_POINT('',(-36.6058874503046,20.,-2.8));
#13521=CARTESIAN_POINT('',(-36.2911451911221,20.,-2.8));
#13522=CARTESIAN_POINT('',(-35.3941125496954,20.,-2.8));
#13523=CARTESIAN_POINT('',(-35.3941125496954,20.,-2.3));
#13524=CARTESIAN_POINT('',(-34.9801963850984,20.,-2.01951219512195));
#13525=CARTESIAN_POINT('',(-32.,20.,0.));
#13526=CARTESIAN_POINT('',(-34.9801963850984,20.,2.01951219512195));
#13527=CARTESIAN_POINT('',(-35.3941125496954,20.,2.3));
#13528=CARTESIAN_POINT('',(-35.3941125496954,20.,2.8));
#13529=CARTESIAN_POINT('',(-35.9877003699137,20.,2.8));
#13530=CARTESIAN_POINT('',(-36.6058874503046,20.,2.8));
#13531=CARTESIAN_POINT('',(-36.6058874503046,20.,2.3));
#13532=CARTESIAN_POINT('',(-32.,20.,0.));
#13533=CARTESIAN_POINT('',(-32.,20.,-3.1));
#13534=CARTESIAN_POINT('',(-40.,20.,0.));
#13535=CARTESIAN_POINT('',(-40.,20.,-3.1));
#13536=CARTESIAN_POINT('',(16.,20.,0.));
#13537=CARTESIAN_POINT('',(16.,20.,3.1));
#13538=CARTESIAN_POINT('',(0.,20.,0.));
#13539=CARTESIAN_POINT('',(0.,20.,3.1));
#13540=CARTESIAN_POINT('',(-16.,20.,0.));
#13541=CARTESIAN_POINT('',(-16.,20.,3.1));
#13542=CARTESIAN_POINT('',(40.,20.,0.));
#13543=CARTESIAN_POINT('',(40.,20.,3.1));
#13544=CARTESIAN_POINT('',(32.,20.,0.));
#13545=CARTESIAN_POINT('',(32.,20.,3.1));
#13546=CARTESIAN_POINT('',(36.2911451911221,20.,-2.8));
#13547=CARTESIAN_POINT('',(35.3941125496954,20.,-2.8));
#13548=CARTESIAN_POINT('',(36.6058874503046,20.,-2.8));
#13549=CARTESIAN_POINT('',(36.6058874503046,20.,-2.3));
#13550=CARTESIAN_POINT('',(37.0198036149016,20.,-2.01951219512195));
#13551=CARTESIAN_POINT('',(40.,20.,0.));
#13552=CARTESIAN_POINT('',(37.0198036149016,20.,2.01951219512195));
#13553=CARTESIAN_POINT('',(36.6058874503046,20.,2.3));
#13554=CARTESIAN_POINT('',(36.6058874503046,20.,2.8));
#13555=CARTESIAN_POINT('',(35.9877003699137,20.,2.8));
#13556=CARTESIAN_POINT('',(35.3941125496954,20.,2.8));
#13557=CARTESIAN_POINT('',(35.3941125496954,20.,2.3));
#13558=CARTESIAN_POINT('',(34.9801963850984,20.,2.01951219512195));
#13559=CARTESIAN_POINT('',(32.,20.,0.));
#13560=CARTESIAN_POINT('',(34.9801963850984,20.,-2.01951219512195));
#13561=CARTESIAN_POINT('',(35.3941125496954,20.,-2.3));
#13562=CARTESIAN_POINT('',(32.,12.,0.));
#13563=CARTESIAN_POINT('',(32.,19.2,0.));
#13564=CARTESIAN_POINT('',(32.,19.2,2.4));
#13565=CARTESIAN_POINT('',(32.,12.8,0.));
#13566=CARTESIAN_POINT('',(32.,12.8,2.4));
#13567=CARTESIAN_POINT('',(34.4,19.2,0.));
#13568=CARTESIAN_POINT('',(32.,19.2,0.));
#13569=CARTESIAN_POINT('',(32.,19.2,3.1));
#13570=CARTESIAN_POINT('',(32.,12.,0.));
#13571=CARTESIAN_POINT('',(28.,-16.,3.6));
#13572=CARTESIAN_POINT('',(28.,8.,0.));
#13573=CARTESIAN_POINT('',(28.,8.,3.1));
#13574=CARTESIAN_POINT('',(28.,-1.73472347597681E-15,-9.79717439317883E-16));
#13575=CARTESIAN_POINT('',(28.,-1.73472347597681E-15,3.1));
#13576=CARTESIAN_POINT('',(28.,-8.,-1.95943487863577E-15));
#13577=CARTESIAN_POINT('',(28.,-8.,3.1));
#13578=CARTESIAN_POINT('',(28.,-8.,-1.95943487863577E-15));
#13579=CARTESIAN_POINT('',(28.,-5.01980361490158,-2.01951219512195));
#13580=CARTESIAN_POINT('',(28.,-5.01980361490158,2.01951219512195));
#13581=CARTESIAN_POINT('',(28.,-4.60588745030458,2.3));
#13582=CARTESIAN_POINT('',(28.,-4.60588745030458,2.8));
#13583=CARTESIAN_POINT('',(28.,-3.81910828025479,2.8));
#13584=CARTESIAN_POINT('',(28.,-3.39411254969543,2.8));
#13585=CARTESIAN_POINT('',(28.,-3.39411254969543,2.3));
#13586=CARTESIAN_POINT('',(28.,-2.98019638509842,2.01951219512195));
#13587=CARTESIAN_POINT('',(28.,0.,0.));
#13588=CARTESIAN_POINT('',(28.,-2.98019638509842,-2.01951219512195));
#13589=CARTESIAN_POINT('',(28.,-3.39411254969543,-2.3));
#13590=CARTESIAN_POINT('',(28.,-3.39411254969543,-2.8));
#13591=CARTESIAN_POINT('',(28.,-4.4183439490446,-2.8));
#13592=CARTESIAN_POINT('',(28.,-4.60588745030457,-2.8));
#13593=CARTESIAN_POINT('',(28.,-4.60588745030457,-2.3));
#13594=CARTESIAN_POINT('',(28.,8.,0.));
#13595=CARTESIAN_POINT('',(28.,5.01980361490157,-2.01951219512195));
#13596=CARTESIAN_POINT('',(28.,5.01980361490157,2.01951219512195));
#13597=CARTESIAN_POINT('',(28.,4.60588745030457,-2.3));
#13598=CARTESIAN_POINT('',(28.,4.60588745030457,-2.8));
#13599=CARTESIAN_POINT('',(28.,2.26274169979695,-2.8));
#13600=CARTESIAN_POINT('',(28.,3.39411254969543,-2.8));
#13601=CARTESIAN_POINT('',(28.,3.39411254969543,-2.3));
#13602=CARTESIAN_POINT('',(28.,2.98019638509842,-2.01951219512195));
#13603=CARTESIAN_POINT('',(28.,0.,0.));
#13604=CARTESIAN_POINT('',(28.,2.98019638509842,2.01951219512195));
#13605=CARTESIAN_POINT('',(28.,3.39411254969543,2.3));
#13606=CARTESIAN_POINT('',(28.,3.39411254969543,2.8));
#13607=CARTESIAN_POINT('',(28.,2.26274169979695,2.8));
#13608=CARTESIAN_POINT('',(28.,4.60588745030457,2.8));
#13609=CARTESIAN_POINT('',(28.,4.60588745030457,2.3));
#13610=CARTESIAN_POINT('',(-32.,-12.,0.));
#13611=CARTESIAN_POINT('',(-32.,-12.,0.));
#13612=CARTESIAN_POINT('',(-32.,-12.,-3.1));
#13613=CARTESIAN_POINT('',(-32.,-12.,3.10000000000001));
#13614=CARTESIAN_POINT('',(-32.,-12.8,-3.1));
#13615=CARTESIAN_POINT('',(-32.,-12.8,-3.1));
#13616=CARTESIAN_POINT('',(-32.,-12.8,0.));
#13617=CARTESIAN_POINT('',(-32.,-12.8,3.10000000000001));
#13618=CARTESIAN_POINT('',(-32.,-12.8,3.10000000000001));
#13619=CARTESIAN_POINT('',(-43.6,-12.,3.6));
#13620=CARTESIAN_POINT('',(-40.,-12.,-3.6));
#13621=CARTESIAN_POINT('',(-40.,-12.,-3.1));
#13622=CARTESIAN_POINT('',(-40.,-12.,-3.1));
#13623=CARTESIAN_POINT('',(-32.,-12.,3.10000000000001));
#13624=CARTESIAN_POINT('',(-40.,-12.,3.10000000000001));
#13625=CARTESIAN_POINT('',(-40.,-12.,3.10000000000001));
#13626=CARTESIAN_POINT('',(-28.,-12.,3.6));
#13627=CARTESIAN_POINT('',(-32.,-12.,0.));
#13628=CARTESIAN_POINT('',(-32.,-19.2,0.));
#13629=CARTESIAN_POINT('',(-32.,-19.2,-2.4));
#13630=CARTESIAN_POINT('',(-32.,-12.8,0.));
#13631=CARTESIAN_POINT('',(-32.,-12.8,-2.4));
#13632=CARTESIAN_POINT('',(-34.4,-19.2,0.));
#13633=CARTESIAN_POINT('',(-32.,-19.2,0.));
#13634=CARTESIAN_POINT('',(-32.,-19.2,-3.1));
#13635=CARTESIAN_POINT('',(-32.,-12.,0.));
#13636=CARTESIAN_POINT('',(-28.,16.,3.6));
#13637=CARTESIAN_POINT('',(-28.,8.,0.));
#13638=CARTESIAN_POINT('',(-28.,5.01980361490157,-2.01951219512195));
#13639=CARTESIAN_POINT('',(-28.,5.01980361490157,2.01951219512195));
#13640=CARTESIAN_POINT('',(-28.,4.60588745030457,2.3));
#13641=CARTESIAN_POINT('',(-28.,4.60588745030457,2.8));
#13642=CARTESIAN_POINT('',(-28.,2.26274169979695,2.8));
#13643=CARTESIAN_POINT('',(-28.,3.39411254969543,2.8));
#13644=CARTESIAN_POINT('',(-28.,3.39411254969543,2.3));
#13645=CARTESIAN_POINT('',(-28.,2.98019638509842,2.01951219512195));
#13646=CARTESIAN_POINT('',(-28.,0.,0.));
#13647=CARTESIAN_POINT('',(-28.,2.98019638509842,-2.01951219512195));
#13648=CARTESIAN_POINT('',(-28.,3.39411254969543,-2.3));
#13649=CARTESIAN_POINT('',(-28.,3.39411254969543,-2.8));
#13650=CARTESIAN_POINT('',(-28.,2.26274169979695,-2.8));
#13651=CARTESIAN_POINT('',(-28.,4.60588745030457,-2.8));
#13652=CARTESIAN_POINT('',(-28.,4.60588745030457,-2.3));
#13653=CARTESIAN_POINT('',(-28.,8.,0.));
#13654=CARTESIAN_POINT('',(-28.,8.,3.1));
#13655=CARTESIAN_POINT('',(-28.,-1.73472347597681E-15,-9.79717439317883E-16));
#13656=CARTESIAN_POINT('',(-28.,-1.73472347597681E-15,3.1));
#13657=CARTESIAN_POINT('',(-28.,-8.,-1.95943487863577E-15));
#13658=CARTESIAN_POINT('',(-28.,-8.,3.1));
#13659=CARTESIAN_POINT('',(-28.,-8.,-1.95943487863577E-15));
#13660=CARTESIAN_POINT('',(-28.,-5.01980361490158,-2.01951219512195));
#13661=CARTESIAN_POINT('',(-28.,-5.01980361490158,2.01951219512195));
#13662=CARTESIAN_POINT('',(-28.,-4.60588745030457,-2.3));
#13663=CARTESIAN_POINT('',(-28.,-4.60588745030457,-2.8));
#13664=CARTESIAN_POINT('',(-28.,-4.4183439490446,-2.8));
#13665=CARTESIAN_POINT('',(-28.,-3.39411254969543,-2.8));
#13666=CARTESIAN_POINT('',(-28.,-3.39411254969543,-2.3));
#13667=CARTESIAN_POINT('',(-28.,-2.98019638509842,-2.01951219512195));
#13668=CARTESIAN_POINT('',(-28.,0.,0.));
#13669=CARTESIAN_POINT('',(-28.,-2.98019638509842,2.01951219512195));
#13670=CARTESIAN_POINT('',(-28.,-3.39411254969543,2.3));
#13671=CARTESIAN_POINT('',(-28.,-3.39411254969543,2.8));
#13672=CARTESIAN_POINT('',(-28.,-3.81910828025479,2.8));
#13673=CARTESIAN_POINT('',(-28.,-4.60588745030458,2.8));
#13674=CARTESIAN_POINT('',(-28.,-4.60588745030458,2.3));
#13675=CARTESIAN_POINT('',(-28.,12.,3.6));
#13676=CARTESIAN_POINT('',(-32.,12.,0.));
#13677=CARTESIAN_POINT('',(-32.,12.8,0.));
#13678=CARTESIAN_POINT('',(-32.,12.8,-3.1));
#13679=CARTESIAN_POINT('',(-32.,12.8,3.10000000000001));
#13680=CARTESIAN_POINT('',(-32.,12.8,-3.1));
#13681=CARTESIAN_POINT('',(-32.,12.,-3.1));
#13682=CARTESIAN_POINT('',(-32.,12.,0.));
#13683=CARTESIAN_POINT('',(-32.,12.,3.10000000000001));
#13684=CARTESIAN_POINT('',(-32.,12.8,3.10000000000001));
#13685=CARTESIAN_POINT('',(-28.,12.,3.6));
#13686=CARTESIAN_POINT('',(-40.,12.,3.6));
#13687=CARTESIAN_POINT('',(-40.,12.,3.10000000000001));
#13688=CARTESIAN_POINT('',(-40.,12.,3.10000000000001));
#13689=CARTESIAN_POINT('',(-32.,12.,-3.1));
#13690=CARTESIAN_POINT('',(-40.,12.,-3.1));
#13691=CARTESIAN_POINT('',(-40.,12.,-3.1));
#13692=CARTESIAN_POINT('',(-32.,12.,0.));
#13693=CARTESIAN_POINT('',(-32.,19.2,0.));
#13694=CARTESIAN_POINT('',(-32.,19.2,-3.1));
#13695=CARTESIAN_POINT('',(-35.1,19.2,0.));
#13696=CARTESIAN_POINT('',(-32.,19.2,0.));
#13697=CARTESIAN_POINT('',(-32.,19.2,-2.4));
#13698=CARTESIAN_POINT('',(-32.,12.,0.));
#13699=CARTESIAN_POINT('',(-32.,12.8,0.));
#13700=CARTESIAN_POINT('',(-32.,12.8,-2.4));
#13701=CARTESIAN_POINT('',(24.9,-4.60588745030457,-2.3));
#13702=CARTESIAN_POINT('',(24.9,-4.60588745030457,-2.3));
#13703=CARTESIAN_POINT('',(24.9,-4.60588745030457,-2.8));
#13704=CARTESIAN_POINT('',(24.9,-5.01980361490158,-2.01951219512195));
#13705=CARTESIAN_POINT('',(24.9,-5.01980361490158,-2.01951219512195));
#13706=CARTESIAN_POINT('',(24.9,-4.60588745030457,-2.8));
#13707=CARTESIAN_POINT('',(24.9,3.39411254969543,-2.3));
#13708=CARTESIAN_POINT('',(24.9,3.39411254969543,-2.3));
#13709=CARTESIAN_POINT('',(24.9,3.39411254969543,-2.8));
#13710=CARTESIAN_POINT('',(24.9,2.98019638509842,-2.01951219512195));
#13711=CARTESIAN_POINT('',(24.9,2.98019638509842,-2.01951219512195));
#13712=CARTESIAN_POINT('',(24.9,3.39411254969543,-2.8));
#13713=CARTESIAN_POINT('',(24.9,-3.39411254969543,-2.3));
#13714=CARTESIAN_POINT('',(24.9,-3.39411254969543,-2.3));
#13715=CARTESIAN_POINT('',(24.9,-2.98019638509842,-2.01951219512195));
#13716=CARTESIAN_POINT('',(24.9,-3.39411254969543,-2.8));
#13717=CARTESIAN_POINT('',(28.,-3.39411254969543,-2.8));
#13718=CARTESIAN_POINT('',(24.9,-2.98019638509842,-2.01951219512195));
#13719=CARTESIAN_POINT('',(24.9,4.60588745030457,-2.3));
#13720=CARTESIAN_POINT('',(24.9,4.60588745030457,-2.3));
#13721=CARTESIAN_POINT('',(24.9,5.01980361490157,-2.01951219512195));
#13722=CARTESIAN_POINT('',(24.9,4.60588745030457,-2.8));
#13723=CARTESIAN_POINT('',(28.,4.60588745030457,-2.8));
#13724=CARTESIAN_POINT('',(24.9,5.01980361490157,-2.01951219512195));
#13725=CARTESIAN_POINT('',(24.9,3.39411254969543,2.3));
#13726=CARTESIAN_POINT('',(24.9,3.39411254969543,2.3));
#13727=CARTESIAN_POINT('',(24.9,2.98019638509842,2.01951219512195));
#13728=CARTESIAN_POINT('',(24.9,3.39411254969543,2.8));
#13729=CARTESIAN_POINT('',(28.,3.39411254969543,2.8));
#13730=CARTESIAN_POINT('',(24.9,2.98019638509842,2.01951219512195));
#13731=CARTESIAN_POINT('',(24.9,4.60588745030457,2.3));
#13732=CARTESIAN_POINT('',(24.9,4.60588745030457,2.3));
#13733=CARTESIAN_POINT('',(24.9,4.60588745030457,2.8));
#13734=CARTESIAN_POINT('',(24.9,5.01980361490157,2.01951219512195));
#13735=CARTESIAN_POINT('',(24.9,5.01980361490157,2.01951219512195));
#13736=CARTESIAN_POINT('',(24.9,4.60588745030457,2.8));
#13737=CARTESIAN_POINT('',(24.9,-3.39411254969543,2.3));
#13738=CARTESIAN_POINT('',(24.9,-3.39411254969543,2.3));
#13739=CARTESIAN_POINT('',(24.9,-3.39411254969543,2.8));
#13740=CARTESIAN_POINT('',(24.9,-2.98019638509842,2.01951219512195));
#13741=CARTESIAN_POINT('',(24.9,-2.98019638509842,2.01951219512195));
#13742=CARTESIAN_POINT('',(24.9,-3.39411254969543,2.8));
#13743=CARTESIAN_POINT('',(24.9,-4.60588745030458,2.3));
#13744=CARTESIAN_POINT('',(24.9,-4.60588745030458,2.3));
#13745=CARTESIAN_POINT('',(24.9,-5.01980361490158,2.01951219512195));
#13746=CARTESIAN_POINT('',(24.9,-4.60588745030458,2.8));
#13747=CARTESIAN_POINT('',(28.,-4.60588745030458,2.8));
#13748=CARTESIAN_POINT('',(24.9,-5.01980361490158,2.01951219512195));
#13749=CARTESIAN_POINT('',(24.9,-8.,-1.95943487863577E-15));
#13750=CARTESIAN_POINT('',(24.9,-8.,-1.95943487863577E-15));
#13751=CARTESIAN_POINT('',(24.9,-4.4183439490446,-2.8));
#13752=CARTESIAN_POINT('',(24.9,0.,0.));
#13753=CARTESIAN_POINT('',(24.9,-3.81910828025479,2.8));
#13754=CARTESIAN_POINT('',(24.9,-4.4183439490446,-2.8));
#13755=CARTESIAN_POINT('',(24.9,-8.,-1.95943487863577E-15));
#13756=CARTESIAN_POINT('',(24.9,-3.81910828025479,2.8));
#13757=CARTESIAN_POINT('',(24.9,0.,0.));
#13758=CARTESIAN_POINT('',(24.9,0.,0.));
#13759=CARTESIAN_POINT('',(24.9,2.26274169979695,2.8));
#13760=CARTESIAN_POINT('',(24.9,0.,0.));
#13761=CARTESIAN_POINT('',(24.9,2.26274169979695,-2.8));
#13762=CARTESIAN_POINT('',(24.9,8.,0.));
#13763=CARTESIAN_POINT('',(24.9,0.,0.));
#13764=CARTESIAN_POINT('',(24.9,2.26274169979695,-2.8));
#13765=CARTESIAN_POINT('',(24.9,8.,0.));
#13766=CARTESIAN_POINT('',(24.9,2.26274169979695,2.8));
#13767=CARTESIAN_POINT('',(-28.,-1.73472347597681E-15,-9.79717439317883E-16));
#13768=CARTESIAN_POINT('',(-27.2,-1.73472347597681E-15,-9.79717439317883E-16));
#13769=CARTESIAN_POINT('',(-27.2,-1.73472347597681E-15,3.1));
#13770=CARTESIAN_POINT('',(-27.2,2.4,-9.79717439317883E-16));
#13771=CARTESIAN_POINT('',(-27.2,-1.73472347597681E-15,-9.79717439317883E-16));
#13772=CARTESIAN_POINT('',(-27.2,-1.73472347597681E-15,2.4));
#13773=CARTESIAN_POINT('',(-28.,-1.73472347597681E-15,-9.79717439317883E-16));
#13774=CARTESIAN_POINT('',(-20.8,-1.73472347597681E-15,-9.79717439317883E-16));
#13775=CARTESIAN_POINT('',(-20.8,-1.73472347597681E-15,2.4));
#13776=CARTESIAN_POINT('',(-20.8,3.1,-9.79717439317883E-16));
#13777=CARTESIAN_POINT('',(-20.8,-1.73472347597681E-15,-9.79717439317883E-16));
#13778=CARTESIAN_POINT('',(-20.8,-3.1,-5.09242848744184E-15));
#13779=CARTESIAN_POINT('',(-20.8,3.1,-2.33907538637144E-15));
#13780=CARTESIAN_POINT('',(-20.8,-3.1,-1.40016002998084E-15));
#13781=CARTESIAN_POINT('',(-20.8,3.1,-3.6));
#13782=CARTESIAN_POINT('',(-28.,-1.73472347597681E-15,-9.79717439317883E-16));
#13783=CARTESIAN_POINT('',(-20.8,3.1,-2.33907538637144E-15));
#13784=CARTESIAN_POINT('',(-20.,3.1,-2.33907538637144E-15));
#13785=CARTESIAN_POINT('',(-20.,-1.73472347597681E-15,-9.79717439317883E-16));
#13786=CARTESIAN_POINT('',(-20.,-3.1,-5.09242848744184E-15));
#13787=CARTESIAN_POINT('',(-20.8,-3.1,-5.09242848744184E-15));
#13788=CARTESIAN_POINT('',(-28.,-8.,-1.95943487863577E-15));
#13789=CARTESIAN_POINT('',(-27.2,-8.,-1.95943487863577E-15));
#13790=CARTESIAN_POINT('',(-27.2,-8.,3.1));
#13791=CARTESIAN_POINT('',(-27.2,-5.6,-1.95943487863577E-15));
#13792=CARTESIAN_POINT('',(-27.2,-8.,-1.95943487863577E-15));
#13793=CARTESIAN_POINT('',(-27.2,-8.,2.4));
#13794=CARTESIAN_POINT('',(-28.,-8.,-1.95943487863577E-15));
#13795=CARTESIAN_POINT('',(-20.8,-8.,-1.95943487863577E-15));
#13796=CARTESIAN_POINT('',(-20.8,-8.,2.4));
#13797=CARTESIAN_POINT('',(-20.8,-4.9,-1.95943487863577E-15));
#13798=CARTESIAN_POINT('',(-20.8,-8.,-1.95943487863577E-15));
#13799=CARTESIAN_POINT('',(-20.8,-11.1,-5.09242848744184E-15));
#13800=CARTESIAN_POINT('',(-20.8,-4.9,-2.33907538637144E-15));
#13801=CARTESIAN_POINT('',(-20.8,-11.1,-1.40016002998084E-15));
#13802=CARTESIAN_POINT('',(-20.8,-4.9,-3.6));
#13803=CARTESIAN_POINT('',(-28.,-8.,-1.95943487863577E-15));
#13804=CARTESIAN_POINT('',(-20.8,-4.9,-2.33907538637144E-15));
#13805=CARTESIAN_POINT('',(-20.,-4.9,-2.33907538637144E-15));
#13806=CARTESIAN_POINT('',(-20.,-8.,-1.95943487863577E-15));
#13807=CARTESIAN_POINT('',(-20.,-11.1,-5.09242848744184E-15));
#13808=CARTESIAN_POINT('',(-20.8,-11.1,-5.09242848744184E-15));
#13809=CARTESIAN_POINT('',(-28.,8.,0.));
#13810=CARTESIAN_POINT('',(-20.8,8.,0.));
#13811=CARTESIAN_POINT('',(-20.8,4.9,-5.09242848744184E-15));
#13812=CARTESIAN_POINT('',(-20.8,11.1,-2.33907538637144E-15));
#13813=CARTESIAN_POINT('',(-20.8,11.1,-2.33907538637144E-15));
#13814=CARTESIAN_POINT('',(-20.,11.1,-2.33907538637144E-15));
#13815=CARTESIAN_POINT('',(-20.,8.,0.));
#13816=CARTESIAN_POINT('',(-20.,4.9,-5.09242848744184E-15));
#13817=CARTESIAN_POINT('',(-20.8,4.9,-5.09242848744184E-15));
#13818=CARTESIAN_POINT('',(-20.8,11.1,0.));
#13819=CARTESIAN_POINT('',(-20.8,8.,0.));
#13820=CARTESIAN_POINT('',(-20.8,8.,2.4));
#13821=CARTESIAN_POINT('',(-20.8,4.9,-1.40016002998084E-15));
#13822=CARTESIAN_POINT('',(-20.8,11.1,-3.6));
#13823=CARTESIAN_POINT('',(-28.,8.,0.));
#13824=CARTESIAN_POINT('',(-27.2,8.,0.));
#13825=CARTESIAN_POINT('',(-27.2,8.,2.4));
#13826=CARTESIAN_POINT('',(-27.2,10.4,0.));
#13827=CARTESIAN_POINT('',(-27.2,8.,0.));
#13828=CARTESIAN_POINT('',(-27.2,8.,3.1));
#13829=CARTESIAN_POINT('',(-28.,8.,0.));
#13830=CARTESIAN_POINT('',(28.,-8.,-1.95943487863577E-15));
#13831=CARTESIAN_POINT('',(20.8,-8.,-1.95943487863577E-15));
#13832=CARTESIAN_POINT('',(20.8,-11.1,-1.40016002998084E-15));
#13833=CARTESIAN_POINT('',(20.8,-4.9,-1.95943487863577E-15));
#13834=CARTESIAN_POINT('',(20.8,-11.1,-1.40016002998084E-15));
#13835=CARTESIAN_POINT('',(20.,-11.1,-1.40016002998084E-15));
#13836=CARTESIAN_POINT('',(20.,-8.,-1.95943487863577E-15));
#13837=CARTESIAN_POINT('',(20.,-4.9,-1.95943487863577E-15));
#13838=CARTESIAN_POINT('',(20.8,-4.9,-1.95943487863577E-15));
#13839=CARTESIAN_POINT('',(20.8,-4.9,-1.95943487863577E-15));
#13840=CARTESIAN_POINT('',(20.8,-8.,-1.95943487863577E-15));
#13841=CARTESIAN_POINT('',(20.8,-8.,2.4));
#13842=CARTESIAN_POINT('',(20.8,-4.9,-1.95943487863577E-15));
#13843=CARTESIAN_POINT('',(20.8,-11.1,-1.40016002998084E-15));
#13844=CARTESIAN_POINT('',(28.,-8.,-1.95943487863577E-15));
#13845=CARTESIAN_POINT('',(27.2,-8.,-1.95943487863577E-15));
#13846=CARTESIAN_POINT('',(27.2,-8.,2.4));
#13847=CARTESIAN_POINT('',(27.2,-5.6,-1.95943487863577E-15));
#13848=CARTESIAN_POINT('',(27.2,-8.,-1.95943487863577E-15));
#13849=CARTESIAN_POINT('',(27.2,-8.,3.1));
#13850=CARTESIAN_POINT('',(28.,-8.,-1.95943487863577E-15));
#13851=CARTESIAN_POINT('',(28.,-1.73472347597681E-15,-9.79717439317883E-16));
#13852=CARTESIAN_POINT('',(20.8,-1.73472347597681E-15,-9.79717439317883E-16));
#13853=CARTESIAN_POINT('',(20.8,-3.1,-1.40016002998084E-15));
#13854=CARTESIAN_POINT('',(20.8,3.1,-1.95943487863577E-15));
#13855=CARTESIAN_POINT('',(20.8,-3.1,-1.40016002998084E-15));
#13856=CARTESIAN_POINT('',(20.,-3.1,-1.40016002998084E-15));
#13857=CARTESIAN_POINT('',(20.,-1.73472347597681E-15,-9.79717439317883E-16));
#13858=CARTESIAN_POINT('',(20.,3.1,-1.95943487863577E-15));
#13859=CARTESIAN_POINT('',(20.8,3.1,-1.95943487863577E-15));
#13860=CARTESIAN_POINT('',(20.8,3.1,-9.79717439317883E-16));
#13861=CARTESIAN_POINT('',(20.8,-1.73472347597681E-15,-9.79717439317883E-16));
#13862=CARTESIAN_POINT('',(20.8,-1.73472347597681E-15,2.4));
#13863=CARTESIAN_POINT('',(20.8,3.1,-1.95943487863577E-15));
#13864=CARTESIAN_POINT('',(20.8,-3.1,-1.40016002998084E-15));
#13865=CARTESIAN_POINT('',(28.,-1.73472347597681E-15,-9.79717439317883E-16));
#13866=CARTESIAN_POINT('',(27.2,-1.73472347597681E-15,-9.79717439317883E-16));
#13867=CARTESIAN_POINT('',(27.2,-1.73472347597681E-15,2.4));
#13868=CARTESIAN_POINT('',(27.2,2.4,-9.79717439317883E-16));
#13869=CARTESIAN_POINT('',(27.2,-1.73472347597681E-15,-9.79717439317883E-16));
#13870=CARTESIAN_POINT('',(27.2,-1.73472347597681E-15,3.1));
#13871=CARTESIAN_POINT('',(28.,-1.73472347597681E-15,-9.79717439317883E-16));
#13872=CARTESIAN_POINT('',(0.,-12.8,0.));
#13873=CARTESIAN_POINT('',(0.,-12.8,0.));
#13874=CARTESIAN_POINT('',(0.,-12.8,2.4));
#13875=CARTESIAN_POINT('',(0.,-19.2,0.));
#13876=CARTESIAN_POINT('',(0.,-19.2,2.4));
#13877=CARTESIAN_POINT('',(3.1,-19.2,0.));
#13878=CARTESIAN_POINT('',(0.,-19.2,0.));
#13879=CARTESIAN_POINT('',(0.,-19.2,3.1));
#13880=CARTESIAN_POINT('',(0.,-12.8,0.));
#13881=CARTESIAN_POINT('',(16.,-12.8,0.));
#13882=CARTESIAN_POINT('',(16.,-12.8,0.));
#13883=CARTESIAN_POINT('',(16.,-12.8,2.4));
#13884=CARTESIAN_POINT('',(16.,-19.2,0.));
#13885=CARTESIAN_POINT('',(16.,-19.2,2.4));
#13886=CARTESIAN_POINT('',(19.1,-19.2,0.));
#13887=CARTESIAN_POINT('',(16.,-19.2,0.));
#13888=CARTESIAN_POINT('',(16.,-19.2,3.1));
#13889=CARTESIAN_POINT('',(16.,-12.8,0.));
#13890=CARTESIAN_POINT('',(-16.,-12.8,0.));
#13891=CARTESIAN_POINT('',(-16.,-19.2,0.));
#13892=CARTESIAN_POINT('',(-16.,-19.2,3.1));
#13893=CARTESIAN_POINT('',(-12.9,-19.2,0.));
#13894=CARTESIAN_POINT('',(-16.,-19.2,0.));
#13895=CARTESIAN_POINT('',(-16.,-19.2,2.4));
#13896=CARTESIAN_POINT('',(-16.,-12.8,0.));
#13897=CARTESIAN_POINT('',(-16.,-12.8,0.));
#13898=CARTESIAN_POINT('',(-16.,-12.8,2.4));
#13899=CARTESIAN_POINT('',(16.,12.8,0.));
#13900=CARTESIAN_POINT('',(16.,19.2,0.));
#13901=CARTESIAN_POINT('',(16.,19.2,3.1));
#13902=CARTESIAN_POINT('',(19.1,19.2,0.));
#13903=CARTESIAN_POINT('',(16.,19.2,0.));
#13904=CARTESIAN_POINT('',(16.,19.2,2.4));
#13905=CARTESIAN_POINT('',(16.,12.8,0.));
#13906=CARTESIAN_POINT('',(16.,12.8,0.));
#13907=CARTESIAN_POINT('',(16.,12.8,2.4));
#13908=CARTESIAN_POINT('',(0.,12.8,0.));
#13909=CARTESIAN_POINT('',(0.,19.2,0.));
#13910=CARTESIAN_POINT('',(0.,19.2,3.1));
#13911=CARTESIAN_POINT('',(3.1,19.2,0.));
#13912=CARTESIAN_POINT('',(0.,19.2,0.));
#13913=CARTESIAN_POINT('',(0.,19.2,2.4));
#13914=CARTESIAN_POINT('',(0.,12.8,0.));
#13915=CARTESIAN_POINT('',(0.,12.8,0.));
#13916=CARTESIAN_POINT('',(0.,12.8,2.4));
#13917=CARTESIAN_POINT('',(-24.,16.,0.9));
#13918=CARTESIAN_POINT('',(-19.4856850115867,12.8,0.9));
#13919=CARTESIAN_POINT('',(-19.4856850115867,19.2,0.9));
#13920=CARTESIAN_POINT('',(-19.4856850115867,12.8,0.9));
#13921=CARTESIAN_POINT('',(-9.64924225024699,19.2,0.9));
#13922=CARTESIAN_POINT('',(-20.9145502758917,19.2,0.9));
#13923=CARTESIAN_POINT('',(-20.9145502758917,18.7,0.9));
#13924=CARTESIAN_POINT('',(-21.2908246324903,18.3707317073171,0.9));
#13925=CARTESIAN_POINT('',(-24.,16.,0.9));
#13926=CARTESIAN_POINT('',(-21.2908246324902,13.6292682926829,0.9));
#13927=CARTESIAN_POINT('',(-20.9145502758917,13.3,0.9));
#13928=CARTESIAN_POINT('',(-20.9145502758917,12.8,0.9));
#13929=CARTESIAN_POINT('',(-9.64924225024708,12.8,0.9));
#13930=CARTESIAN_POINT('',(-24.,16.,0.9));
#13931=CARTESIAN_POINT('',(-12.5143149884133,12.8,0.9));
#13932=CARTESIAN_POINT('',(-12.5143149884133,12.8,0.9));
#13933=CARTESIAN_POINT('',(-12.5143149884133,19.2,0.9));
#13934=CARTESIAN_POINT('',(-9.64924225024708,12.8,0.9));
#13935=CARTESIAN_POINT('',(-11.0854497241083,12.8,0.9));
#13936=CARTESIAN_POINT('',(-11.0854497241083,13.3,0.9));
#13937=CARTESIAN_POINT('',(-10.7091753675097,13.6292682926829,0.9));
#13938=CARTESIAN_POINT('',(-8.,16.,0.9));
#13939=CARTESIAN_POINT('',(-10.7091753675097,18.3707317073171,0.9));
#13940=CARTESIAN_POINT('',(-11.0854497241083,18.7,0.9));
#13941=CARTESIAN_POINT('',(-11.0854497241083,19.2,0.9));
#13942=CARTESIAN_POINT('',(-9.64924225024699,19.2,0.9));
#13943=CARTESIAN_POINT('',(-9.64924225024708,12.8,0.9));
#13944=CARTESIAN_POINT('',(-16.,12.8,1.0842021724855E-16));
#13945=CARTESIAN_POINT('',(-20.9145502758917,12.8,4.));
#13946=CARTESIAN_POINT('',(-20.9145502758917,12.8,4.));
#13947=CARTESIAN_POINT('',(-9.64924225024708,12.8,4.));
#13948=CARTESIAN_POINT('',(-11.0854497241083,12.8,4.));
#13949=CARTESIAN_POINT('',(-11.0854497241083,12.8,0.9));
#13950=CARTESIAN_POINT('',(-8.,16.,-0.9));
#13951=CARTESIAN_POINT('',(-12.5143149884133,12.8,-0.9));
#13952=CARTESIAN_POINT('',(-12.5143149884133,19.2,-0.9));
#13953=CARTESIAN_POINT('',(-12.5143149884133,13.6,-0.9));
#13954=CARTESIAN_POINT('',(-9.649242250247,19.2,-0.9));
#13955=CARTESIAN_POINT('',(-11.0854497241083,19.2,-0.9));
#13956=CARTESIAN_POINT('',(-11.0854497241083,18.7,-0.9));
#13957=CARTESIAN_POINT('',(-10.7091753675097,18.3707317073171,-0.9));
#13958=CARTESIAN_POINT('',(-8.,16.,-0.9));
#13959=CARTESIAN_POINT('',(-11.1901096413905,14.3317073170732,-0.9));
#13960=CARTESIAN_POINT('',(-11.633180424917,14.1,-0.9));
#13961=CARTESIAN_POINT('',(-11.633180424917,13.6,-0.9));
#13962=CARTESIAN_POINT('',(-10.6832815729997,13.6,-0.9));
#13963=CARTESIAN_POINT('',(-8.,16.,-0.9));
#13964=CARTESIAN_POINT('',(-19.4856850115867,12.8,-0.9));
#13965=CARTESIAN_POINT('',(-19.4856850115867,13.6,-0.9));
#13966=CARTESIAN_POINT('',(-19.4856850115867,19.2,-0.9));
#13967=CARTESIAN_POINT('',(-10.6832815729997,13.6,-0.9));
#13968=CARTESIAN_POINT('',(-20.366819575083,13.6,-0.9));
#13969=CARTESIAN_POINT('',(-20.366819575083,14.1,-0.9));
#13970=CARTESIAN_POINT('',(-20.8098903586095,14.3317073170732,-0.9));
#13971=CARTESIAN_POINT('',(-24.,16.,-0.9));
#13972=CARTESIAN_POINT('',(-21.2908246324903,18.3707317073171,-0.9));
#13973=CARTESIAN_POINT('',(-20.9145502758917,18.7,-0.9));
#13974=CARTESIAN_POINT('',(-20.9145502758917,19.2,-0.9));
#13975=CARTESIAN_POINT('',(-9.649242250247,19.2,-0.9));
#13976=CARTESIAN_POINT('',(8.,16.,0.9));
#13977=CARTESIAN_POINT('',(-3.48568501158667,12.8,0.9));
#13978=CARTESIAN_POINT('',(-3.48568501158667,19.2,0.9));
#13979=CARTESIAN_POINT('',(-3.48568501158667,12.8,0.9));
#13980=CARTESIAN_POINT('',(6.35075774975298,19.2,0.9));
#13981=CARTESIAN_POINT('',(-4.91455027589171,19.2,0.9));
#13982=CARTESIAN_POINT('',(-4.91455027589171,18.7,0.9));
#13983=CARTESIAN_POINT('',(-5.29082463249029,18.3707317073171,0.9));
#13984=CARTESIAN_POINT('',(-8.,16.,0.9));
#13985=CARTESIAN_POINT('',(-5.29082463249026,13.6292682926829,0.9));
#13986=CARTESIAN_POINT('',(-4.91455027589169,13.3,0.9));
#13987=CARTESIAN_POINT('',(-4.91455027589169,12.8,0.9));
#13988=CARTESIAN_POINT('',(6.3507577497529,12.8,0.9));
#13989=CARTESIAN_POINT('',(8.,16.,0.9));
#13990=CARTESIAN_POINT('',(3.48568501158668,12.8,0.9));
#13991=CARTESIAN_POINT('',(3.48568501158668,12.8,0.9));
#13992=CARTESIAN_POINT('',(3.48568501158668,19.2,0.9));
#13993=CARTESIAN_POINT('',(6.3507577497529,12.8,0.9));
#13994=CARTESIAN_POINT('',(4.91455027589168,12.8,0.9));
#13995=CARTESIAN_POINT('',(4.91455027589168,13.3,0.9));
#13996=CARTESIAN_POINT('',(5.29082463249026,13.6292682926829,0.9));
#13997=CARTESIAN_POINT('',(8.,16.,0.9));
#13998=CARTESIAN_POINT('',(5.29082463249029,18.3707317073171,0.9));
#13999=CARTESIAN_POINT('',(4.91455027589172,18.7,0.9));
#14000=CARTESIAN_POINT('',(4.91455027589172,19.2,0.9));
#14001=CARTESIAN_POINT('',(6.35075774975298,19.2,0.9));
#14002=CARTESIAN_POINT('',(6.3507577497529,12.8,0.9));
#14003=CARTESIAN_POINT('',(3.46944695195361E-15,12.8,1.0842021724855E-16));
#14004=CARTESIAN_POINT('',(-4.91455027589169,12.8,4.));
#14005=CARTESIAN_POINT('',(-4.91455027589169,12.8,4.));
#14006=CARTESIAN_POINT('',(6.3507577497529,12.8,4.));
#14007=CARTESIAN_POINT('',(4.91455027589168,12.8,4.));
#14008=CARTESIAN_POINT('',(4.91455027589168,12.8,0.9));
#14009=CARTESIAN_POINT('',(8.,16.,-0.9));
#14010=CARTESIAN_POINT('',(6.35075774975299,19.2,-0.9));
#14011=CARTESIAN_POINT('',(-3.48568501158667,19.2,-0.9));
#14012=CARTESIAN_POINT('',(-4.91455027589173,19.2,-0.9));
#14013=CARTESIAN_POINT('',(-3.48568501158667,12.8,-0.9));
#14014=CARTESIAN_POINT('',(-3.48568501158667,13.6,-0.9));
#14015=CARTESIAN_POINT('',(5.31671842700028,13.6,-0.9));
#14016=CARTESIAN_POINT('',(-4.36681957508302,13.6,-0.9));
#14017=CARTESIAN_POINT('',(-4.36681957508302,14.1,-0.9));
#14018=CARTESIAN_POINT('',(-4.80989035860949,14.3317073170732,-0.9));
#14019=CARTESIAN_POINT('',(-8.,16.,-0.9));
#14020=CARTESIAN_POINT('',(-5.2908246324903,18.3707317073171,-0.9));
#14021=CARTESIAN_POINT('',(-4.91455027589173,18.7,-0.9));
#14022=CARTESIAN_POINT('',(8.,16.,-0.9));
#14023=CARTESIAN_POINT('',(5.31671842700028,13.6,-0.9));
#14024=CARTESIAN_POINT('',(3.48568501158668,13.6,-0.9));
#14025=CARTESIAN_POINT('',(4.36681957508303,13.6,-0.9));
#14026=CARTESIAN_POINT('',(3.48568501158668,12.8,-0.9));
#14027=CARTESIAN_POINT('',(3.48568501158668,19.2,-0.9));
#14028=CARTESIAN_POINT('',(6.35075774975299,19.2,-0.9));
#14029=CARTESIAN_POINT('',(4.91455027589173,19.2,-0.9));
#14030=CARTESIAN_POINT('',(4.91455027589173,18.7,-0.9));
#14031=CARTESIAN_POINT('',(5.2908246324903,18.3707317073171,-0.9));
#14032=CARTESIAN_POINT('',(8.,16.,-0.9));
#14033=CARTESIAN_POINT('',(4.80989035860949,14.3317073170732,-0.9));
#14034=CARTESIAN_POINT('',(4.36681957508303,14.1,-0.9));
#14035=CARTESIAN_POINT('',(24.,16.,0.9));
#14036=CARTESIAN_POINT('',(12.5143149884133,12.8,0.9));
#14037=CARTESIAN_POINT('',(12.5143149884133,19.2,0.9));
#14038=CARTESIAN_POINT('',(12.5143149884133,12.8,0.9));
#14039=CARTESIAN_POINT('',(22.350757749753,19.2,0.9));
#14040=CARTESIAN_POINT('',(11.0854497241083,19.2,0.9));
#14041=CARTESIAN_POINT('',(11.0854497241083,18.7,0.9));
#14042=CARTESIAN_POINT('',(10.7091753675097,18.3707317073171,0.9));
#14043=CARTESIAN_POINT('',(8.,16.,0.9));
#14044=CARTESIAN_POINT('',(10.7091753675097,13.6292682926829,0.9));
#14045=CARTESIAN_POINT('',(11.0854497241083,13.3,0.9));
#14046=CARTESIAN_POINT('',(11.0854497241083,12.8,0.9));
#14047=CARTESIAN_POINT('',(17.9557548440937,12.8,0.9));
#14048=CARTESIAN_POINT('',(24.,16.,0.9));
#14049=CARTESIAN_POINT('',(19.4856850115867,12.8,0.9));
#14050=CARTESIAN_POINT('',(19.4856850115867,12.8,0.9));
#14051=CARTESIAN_POINT('',(19.4856850115867,19.2,0.9));
#14052=CARTESIAN_POINT('',(17.9557548440937,12.8,0.9));
#14053=CARTESIAN_POINT('',(20.9145502758917,12.8,0.9));
#14054=CARTESIAN_POINT('',(20.9145502758917,13.3,0.9));
#14055=CARTESIAN_POINT('',(21.2908246324903,13.6292682926829,0.9));
#14056=CARTESIAN_POINT('',(24.,16.,0.9));
#14057=CARTESIAN_POINT('',(21.2908246324903,18.3707317073171,0.9));
#14058=CARTESIAN_POINT('',(20.9145502758917,18.7,0.9));
#14059=CARTESIAN_POINT('',(20.9145502758917,19.2,0.9));
#14060=CARTESIAN_POINT('',(22.350757749753,19.2,0.9));
#14061=CARTESIAN_POINT('',(17.9557548440937,12.8,0.9));
#14062=CARTESIAN_POINT('',(16.,12.8,1.0842021724855E-16));
#14063=CARTESIAN_POINT('',(11.0854497241083,12.8,4.));
#14064=CARTESIAN_POINT('',(11.0854497241083,12.8,4.));
#14065=CARTESIAN_POINT('',(17.9557548440937,12.8,4.));
#14066=CARTESIAN_POINT('',(20.9145502758917,12.8,4.));
#14067=CARTESIAN_POINT('',(20.9145502758917,12.8,0.9));
#14068=CARTESIAN_POINT('',(24.,16.,-0.9));
#14069=CARTESIAN_POINT('',(19.4856850115867,12.8,-0.9));
#14070=CARTESIAN_POINT('',(19.4856850115867,19.2,-0.9));
#14071=CARTESIAN_POINT('',(19.4856850115867,13.6,-0.9));
#14072=CARTESIAN_POINT('',(22.350757749753,19.2,-0.9));
#14073=CARTESIAN_POINT('',(20.9145502758917,19.2,-0.9));
#14074=CARTESIAN_POINT('',(20.9145502758917,18.7,-0.9));
#14075=CARTESIAN_POINT('',(21.2908246324903,18.3707317073171,-0.9));
#14076=CARTESIAN_POINT('',(24.,16.,-0.9));
#14077=CARTESIAN_POINT('',(20.8098903586095,14.3317073170732,-0.9));
#14078=CARTESIAN_POINT('',(20.366819575083,14.1,-0.9));
#14079=CARTESIAN_POINT('',(20.366819575083,13.6,-0.9));
#14080=CARTESIAN_POINT('',(21.3167184270003,13.6,-0.9));
#14081=CARTESIAN_POINT('',(24.,16.,-0.9));
#14082=CARTESIAN_POINT('',(12.5143149884133,12.8,-0.9));
#14083=CARTESIAN_POINT('',(12.5143149884133,13.6,-0.9));
#14084=CARTESIAN_POINT('',(12.5143149884133,19.2,-0.9));
#14085=CARTESIAN_POINT('',(21.3167184270003,13.6,-0.9));
#14086=CARTESIAN_POINT('',(11.633180424917,13.6,-0.9));
#14087=CARTESIAN_POINT('',(11.633180424917,14.1,-0.9));
#14088=CARTESIAN_POINT('',(11.1901096413905,14.3317073170732,-0.9));
#14089=CARTESIAN_POINT('',(8.,16.,-0.9));
#14090=CARTESIAN_POINT('',(10.7091753675097,18.3707317073171,-0.9));
#14091=CARTESIAN_POINT('',(11.0854497241083,18.7,-0.9));
#14092=CARTESIAN_POINT('',(11.0854497241083,19.2,-0.9));
#14093=CARTESIAN_POINT('',(22.350757749753,19.2,-0.9));
#14094=CARTESIAN_POINT('',(-8.,-16.,-0.9));
#14095=CARTESIAN_POINT('',(-19.4856850115867,-12.8,-0.9));
#14096=CARTESIAN_POINT('',(-19.4856850115867,-19.2,-0.9));
#14097=CARTESIAN_POINT('',(-19.4856850115867,-13.6,-0.9));
#14098=CARTESIAN_POINT('',(-9.649242250247,-19.2,-0.9));
#14099=CARTESIAN_POINT('',(-20.9145502758917,-19.2,-0.9));
#14100=CARTESIAN_POINT('',(-20.9145502758917,-18.7,-0.9));
#14101=CARTESIAN_POINT('',(-21.2908246324903,-18.3707317073171,-0.9));
#14102=CARTESIAN_POINT('',(-24.,-16.,-0.9));
#14103=CARTESIAN_POINT('',(-20.8098903586095,-14.3317073170732,-0.9));
#14104=CARTESIAN_POINT('',(-20.366819575083,-14.1,-0.9));
#14105=CARTESIAN_POINT('',(-20.366819575083,-13.6,-0.9));
#14106=CARTESIAN_POINT('',(-10.6832815729997,-13.6,-0.9));
#14107=CARTESIAN_POINT('',(-8.,-16.,-0.9));
#14108=CARTESIAN_POINT('',(-12.5143149884133,-12.8,-0.9));
#14109=CARTESIAN_POINT('',(-12.5143149884133,-13.6,-0.9));
#14110=CARTESIAN_POINT('',(-12.5143149884133,-19.2,-0.9));
#14111=CARTESIAN_POINT('',(-10.6832815729997,-13.6,-0.9));
#14112=CARTESIAN_POINT('',(-11.633180424917,-13.6,-0.9));
#14113=CARTESIAN_POINT('',(-11.633180424917,-14.1,-0.9));
#14114=CARTESIAN_POINT('',(-11.1901096413905,-14.3317073170732,-0.9));
#14115=CARTESIAN_POINT('',(-8.,-16.,-0.9));
#14116=CARTESIAN_POINT('',(-10.7091753675097,-18.3707317073171,-0.9));
#14117=CARTESIAN_POINT('',(-11.0854497241083,-18.7,-0.9));
#14118=CARTESIAN_POINT('',(-11.0854497241083,-19.2,-0.9));
#14119=CARTESIAN_POINT('',(-9.649242250247,-19.2,-0.9));
#14120=CARTESIAN_POINT('',(-24.,-16.,0.9));
#14121=CARTESIAN_POINT('',(-12.5143149884133,-12.8,0.9));
#14122=CARTESIAN_POINT('',(-12.5143149884133,-19.2,0.9));
#14123=CARTESIAN_POINT('',(-12.5143149884133,-12.8,0.9));
#14124=CARTESIAN_POINT('',(-9.64924225024709,-19.2,0.9));
#14125=CARTESIAN_POINT('',(-11.0854497241083,-19.2,0.9));
#14126=CARTESIAN_POINT('',(-11.0854497241083,-18.7,0.9));
#14127=CARTESIAN_POINT('',(-10.7091753675097,-18.3707317073171,0.9));
#14128=CARTESIAN_POINT('',(-8.00000000000001,-16.,0.9));
#14129=CARTESIAN_POINT('',(-10.7091753675097,-13.6292682926829,0.9));
#14130=CARTESIAN_POINT('',(-11.0854497241083,-13.3,0.9));
#14131=CARTESIAN_POINT('',(-11.0854497241083,-12.8,0.9));
#14132=CARTESIAN_POINT('',(-9.64924225024699,-12.8,0.9));
#14133=CARTESIAN_POINT('',(-24.,-16.,0.9));
#14134=CARTESIAN_POINT('',(-19.4856850115867,-12.8,0.9));
#14135=CARTESIAN_POINT('',(-19.4856850115867,-12.8,0.9));
#14136=CARTESIAN_POINT('',(-19.4856850115867,-19.2,0.9));
#14137=CARTESIAN_POINT('',(-9.64924225024699,-12.8,0.9));
#14138=CARTESIAN_POINT('',(-20.9145502758917,-12.8,0.9));
#14139=CARTESIAN_POINT('',(-20.9145502758917,-13.3,0.9));
#14140=CARTESIAN_POINT('',(-21.2908246324903,-13.6292682926829,0.9));
#14141=CARTESIAN_POINT('',(-24.,-16.,0.9));
#14142=CARTESIAN_POINT('',(-21.2908246324903,-18.3707317073171,0.9));
#14143=CARTESIAN_POINT('',(-20.9145502758917,-18.7,0.9));
#14144=CARTESIAN_POINT('',(-20.9145502758917,-19.2,0.9));
#14145=CARTESIAN_POINT('',(-9.64924225024709,-19.2,0.9));
#14146=CARTESIAN_POINT('',(-9.64924225024699,-12.8,0.9));
#14147=CARTESIAN_POINT('',(-16.,-12.8,1.0842021724855E-16));
#14148=CARTESIAN_POINT('',(-11.0854497241083,-12.8,4.));
#14149=CARTESIAN_POINT('',(-11.0854497241083,-12.8,4.));
#14150=CARTESIAN_POINT('',(-9.64924225024699,-12.8,4.));
#14151=CARTESIAN_POINT('',(-20.9145502758917,-12.8,4.));
#14152=CARTESIAN_POINT('',(-20.9145502758917,-12.8,0.9));
#14153=CARTESIAN_POINT('',(8.,-16.,-0.9));
#14154=CARTESIAN_POINT('',(6.35075774975299,-19.2,-0.9));
#14155=CARTESIAN_POINT('',(4.91455027589173,-19.2,-0.9));
#14156=CARTESIAN_POINT('',(3.48568501158668,-19.2,-0.9));
#14157=CARTESIAN_POINT('',(3.48568501158668,-12.8,-0.9));
#14158=CARTESIAN_POINT('',(3.48568501158668,-13.6,-0.9));
#14159=CARTESIAN_POINT('',(5.31671842700028,-13.6,-0.9));
#14160=CARTESIAN_POINT('',(4.36681957508303,-13.6,-0.9));
#14161=CARTESIAN_POINT('',(4.36681957508303,-14.1,-0.9));
#14162=CARTESIAN_POINT('',(4.80989035860949,-14.3317073170732,-0.9));
#14163=CARTESIAN_POINT('',(8.,-16.,-0.9));
#14164=CARTESIAN_POINT('',(5.2908246324903,-18.3707317073171,-0.9));
#14165=CARTESIAN_POINT('',(4.91455027589173,-18.7,-0.9));
#14166=CARTESIAN_POINT('',(8.,-16.,-0.9));
#14167=CARTESIAN_POINT('',(5.31671842700028,-13.6,-0.9));
#14168=CARTESIAN_POINT('',(-4.36681957508302,-13.6,-0.9));
#14169=CARTESIAN_POINT('',(-3.48568501158667,-13.6,-0.9));
#14170=CARTESIAN_POINT('',(-3.48568501158667,-12.8,-0.9));
#14171=CARTESIAN_POINT('',(-3.48568501158667,-19.2,-0.9));
#14172=CARTESIAN_POINT('',(6.35075774975299,-19.2,-0.9));
#14173=CARTESIAN_POINT('',(-4.91455027589173,-19.2,-0.9));
#14174=CARTESIAN_POINT('',(-4.91455027589173,-18.7,-0.9));
#14175=CARTESIAN_POINT('',(-5.2908246324903,-18.3707317073171,-0.9));
#14176=CARTESIAN_POINT('',(-8.,-16.,-0.9));
#14177=CARTESIAN_POINT('',(-4.80989035860949,-14.3317073170732,-0.9));
#14178=CARTESIAN_POINT('',(-4.36681957508302,-14.1,-0.9));
#14179=CARTESIAN_POINT('',(8.,-16.,0.9));
#14180=CARTESIAN_POINT('',(3.48568501158668,-12.8,0.9));
#14181=CARTESIAN_POINT('',(3.48568501158668,-19.2,0.9));
#14182=CARTESIAN_POINT('',(3.48568501158668,-12.8,0.9));
#14183=CARTESIAN_POINT('',(6.35075774975289,-19.2,0.9));
#14184=CARTESIAN_POINT('',(4.91455027589168,-19.2,0.9));
#14185=CARTESIAN_POINT('',(4.91455027589168,-18.7,0.9));
#14186=CARTESIAN_POINT('',(5.29082463249025,-18.3707317073171,0.9));
#14187=CARTESIAN_POINT('',(8.,-16.,0.9));
#14188=CARTESIAN_POINT('',(5.29082463249029,-13.6292682926829,0.9));
#14189=CARTESIAN_POINT('',(4.91455027589171,-13.3,0.9));
#14190=CARTESIAN_POINT('',(4.91455027589171,-12.8,0.9));
#14191=CARTESIAN_POINT('',(6.35075774975297,-12.8,0.9));
#14192=CARTESIAN_POINT('',(8.,-16.,0.9));
#14193=CARTESIAN_POINT('',(-3.48568501158667,-12.8,0.9));
#14194=CARTESIAN_POINT('',(-3.48568501158667,-12.8,0.9));
#14195=CARTESIAN_POINT('',(-3.48568501158667,-19.2,0.9));
#14196=CARTESIAN_POINT('',(6.35075774975297,-12.8,0.9));
#14197=CARTESIAN_POINT('',(-4.91455027589172,-12.8,0.9));
#14198=CARTESIAN_POINT('',(-4.91455027589172,-13.3,0.9));
#14199=CARTESIAN_POINT('',(-5.29082463249029,-13.6292682926829,0.9));
#14200=CARTESIAN_POINT('',(-8.00000000000001,-16.,0.9));
#14201=CARTESIAN_POINT('',(-5.29082463249027,-18.3707317073171,0.9));
#14202=CARTESIAN_POINT('',(-4.91455027589169,-18.7,0.9));
#14203=CARTESIAN_POINT('',(-4.91455027589169,-19.2,0.9));
#14204=CARTESIAN_POINT('',(6.35075774975289,-19.2,0.9));
#14205=CARTESIAN_POINT('',(6.35075774975297,-12.8,0.9));
#14206=CARTESIAN_POINT('',(3.46944695195361E-15,-12.8,1.0842021724855E-16));
#14207=CARTESIAN_POINT('',(4.91455027589171,-12.8,4.));
#14208=CARTESIAN_POINT('',(4.91455027589171,-12.8,4.));
#14209=CARTESIAN_POINT('',(6.35075774975297,-12.8,4.));
#14210=CARTESIAN_POINT('',(-4.91455027589172,-12.8,4.));
#14211=CARTESIAN_POINT('',(-4.91455027589172,-12.8,0.9));
#14212=CARTESIAN_POINT('',(24.,-16.,-0.9));
#14213=CARTESIAN_POINT('',(12.5143149884133,-12.8,-0.9));
#14214=CARTESIAN_POINT('',(12.5143149884133,-19.2,-0.9));
#14215=CARTESIAN_POINT('',(12.5143149884133,-13.6,-0.9));
#14216=CARTESIAN_POINT('',(22.350757749753,-19.2,-0.9));
#14217=CARTESIAN_POINT('',(11.0854497241083,-19.2,-0.9));
#14218=CARTESIAN_POINT('',(11.0854497241083,-18.7,-0.9));
#14219=CARTESIAN_POINT('',(10.7091753675097,-18.3707317073171,-0.9));
#14220=CARTESIAN_POINT('',(8.,-16.,-0.9));
#14221=CARTESIAN_POINT('',(11.1901096413905,-14.3317073170732,-0.9));
#14222=CARTESIAN_POINT('',(11.633180424917,-14.1,-0.9));
#14223=CARTESIAN_POINT('',(11.633180424917,-13.6,-0.9));
#14224=CARTESIAN_POINT('',(21.3167184270003,-13.6,-0.9));
#14225=CARTESIAN_POINT('',(24.,-16.,-0.9));
#14226=CARTESIAN_POINT('',(19.4856850115867,-12.8,-0.9));
#14227=CARTESIAN_POINT('',(19.4856850115867,-13.6,-0.9));
#14228=CARTESIAN_POINT('',(19.4856850115867,-19.2,-0.9));
#14229=CARTESIAN_POINT('',(21.3167184270003,-13.6,-0.9));
#14230=CARTESIAN_POINT('',(20.366819575083,-13.6,-0.9));
#14231=CARTESIAN_POINT('',(20.366819575083,-14.1,-0.9));
#14232=CARTESIAN_POINT('',(20.8098903586095,-14.3317073170732,-0.9));
#14233=CARTESIAN_POINT('',(24.,-16.,-0.9));
#14234=CARTESIAN_POINT('',(21.2908246324903,-18.3707317073171,-0.9));
#14235=CARTESIAN_POINT('',(20.9145502758917,-18.7,-0.9));
#14236=CARTESIAN_POINT('',(20.9145502758917,-19.2,-0.9));
#14237=CARTESIAN_POINT('',(22.350757749753,-19.2,-0.9));
#14238=CARTESIAN_POINT('',(24.,-16.,0.9));
#14239=CARTESIAN_POINT('',(19.4856850115867,-12.8,0.9));
#14240=CARTESIAN_POINT('',(19.4856850115867,-19.2,0.9));
#14241=CARTESIAN_POINT('',(19.4856850115867,-12.8,0.9));
#14242=CARTESIAN_POINT('',(17.9557548440937,-19.2,0.9));
#14243=CARTESIAN_POINT('',(20.9145502758917,-19.2,0.9));
#14244=CARTESIAN_POINT('',(20.9145502758917,-18.7,0.9));
#14245=CARTESIAN_POINT('',(21.2908246324903,-18.3707317073171,0.9));
#14246=CARTESIAN_POINT('',(24.,-16.,0.9));
#14247=CARTESIAN_POINT('',(21.2908246324903,-13.6292682926829,0.9));
#14248=CARTESIAN_POINT('',(20.9145502758917,-13.3,0.9));
#14249=CARTESIAN_POINT('',(20.9145502758917,-12.8,0.9));
#14250=CARTESIAN_POINT('',(22.350757749753,-12.8,0.9));
#14251=CARTESIAN_POINT('',(24.,-16.,0.9));
#14252=CARTESIAN_POINT('',(12.5143149884133,-12.8,0.9));
#14253=CARTESIAN_POINT('',(12.5143149884133,-12.8,0.9));
#14254=CARTESIAN_POINT('',(12.5143149884133,-19.2,0.9));
#14255=CARTESIAN_POINT('',(22.350757749753,-12.8,0.9));
#14256=CARTESIAN_POINT('',(11.0854497241083,-12.8,0.9));
#14257=CARTESIAN_POINT('',(11.0854497241083,-13.3,0.9));
#14258=CARTESIAN_POINT('',(10.7091753675097,-13.6292682926829,0.9));
#14259=CARTESIAN_POINT('',(8.,-16.,0.9));
#14260=CARTESIAN_POINT('',(10.7091753675097,-18.3707317073171,0.9));
#14261=CARTESIAN_POINT('',(11.0854497241083,-18.7,0.9));
#14262=CARTESIAN_POINT('',(11.0854497241083,-19.2,0.9));
#14263=CARTESIAN_POINT('',(17.9557548440937,-19.2,0.9));
#14264=CARTESIAN_POINT('',(22.350757749753,-12.8,0.9));
#14265=CARTESIAN_POINT('',(16.,-12.8,1.0842021724855E-16));
#14266=CARTESIAN_POINT('',(20.9145502758917,-12.8,4.));
#14267=CARTESIAN_POINT('',(20.9145502758917,-12.8,4.));
#14268=CARTESIAN_POINT('',(22.350757749753,-12.8,4.));
#14269=CARTESIAN_POINT('',(11.0854497241083,-12.8,4.));
#14270=CARTESIAN_POINT('',(11.0854497241083,-12.8,0.9));
#14271=CARTESIAN_POINT('',(20.9145502758917,-18.7,-0.9));
#14272=CARTESIAN_POINT('',(21.2908246324903,-18.3707317073171,-0.9));
#14273=CARTESIAN_POINT('',(21.2908246324903,-18.3707317073171,-4.));
#14274=CARTESIAN_POINT('',(20.9145502758917,-18.7,-4.));
#14275=CARTESIAN_POINT('',(20.9145502758917,-19.2,-4.));
#14276=CARTESIAN_POINT('',(20.9145502758917,-19.2,-0.9));
#14277=CARTESIAN_POINT('',(-20.366819575083,-14.1,-0.9));
#14278=CARTESIAN_POINT('',(-20.8098903586095,-14.3317073170732,-0.9));
#14279=CARTESIAN_POINT('',(-20.8098903586095,-14.3317073170732,-4.));
#14280=CARTESIAN_POINT('',(-20.366819575083,-14.1,-4.));
#14281=CARTESIAN_POINT('',(-20.366819575083,-13.6,-4.));
#14282=CARTESIAN_POINT('',(-20.366819575083,-13.6,-0.9));
#14283=CARTESIAN_POINT('',(-20.9145502758917,-18.7,-0.9));
#14284=CARTESIAN_POINT('',(-20.9145502758917,-19.2,-4.));
#14285=CARTESIAN_POINT('',(-20.9145502758917,-19.2,-4.));
#14286=CARTESIAN_POINT('',(-20.9145502758917,-18.7,-4.));
#14287=CARTESIAN_POINT('',(-21.2908246324903,-18.3707317073171,-4.));
#14288=CARTESIAN_POINT('',(-21.2908246324903,-18.3707317073171,-0.9));
#14289=CARTESIAN_POINT('',(-11.0854497241083,-18.7,-0.9));
#14290=CARTESIAN_POINT('',(-10.7091753675097,-18.3707317073171,-0.9));
#14291=CARTESIAN_POINT('',(-10.7091753675097,-18.3707317073171,-4.));
#14292=CARTESIAN_POINT('',(-11.0854497241083,-18.7,-4.));
#14293=CARTESIAN_POINT('',(-11.0854497241083,-19.2,-4.));
#14294=CARTESIAN_POINT('',(-11.0854497241083,-19.2,-0.9));
#14295=CARTESIAN_POINT('',(-11.633180424917,-14.1,-0.9));
#14296=CARTESIAN_POINT('',(-11.633180424917,-13.6,-4.));
#14297=CARTESIAN_POINT('',(-11.633180424917,-13.6,-4.));
#14298=CARTESIAN_POINT('',(-11.633180424917,-14.1,-4.));
#14299=CARTESIAN_POINT('',(-11.1901096413905,-14.3317073170732,-4.));
#14300=CARTESIAN_POINT('',(-11.1901096413905,-14.3317073170732,-0.9));
#14301=CARTESIAN_POINT('',(4.36681957508303,-14.1,-0.9));
#14302=CARTESIAN_POINT('',(4.36681957508303,-13.6,-4.));
#14303=CARTESIAN_POINT('',(4.36681957508303,-13.6,-4.));
#14304=CARTESIAN_POINT('',(4.36681957508303,-14.1,-4.));
#14305=CARTESIAN_POINT('',(4.80989035860949,-14.3317073170732,-4.));
#14306=CARTESIAN_POINT('',(4.80989035860949,-14.3317073170732,-0.9));
#14307=CARTESIAN_POINT('',(4.91455027589173,-18.7,-0.9));
#14308=CARTESIAN_POINT('',(5.2908246324903,-18.3707317073171,-0.9));
#14309=CARTESIAN_POINT('',(5.2908246324903,-18.3707317073171,-4.));
#14310=CARTESIAN_POINT('',(4.91455027589173,-18.7,-4.));
#14311=CARTESIAN_POINT('',(4.91455027589173,-19.2,-4.));
#14312=CARTESIAN_POINT('',(4.91455027589173,-19.2,-0.9));
#14313=CARTESIAN_POINT('',(-4.91455027589173,-18.7,-0.9));
#14314=CARTESIAN_POINT('',(-4.91455027589173,-19.2,-4.));
#14315=CARTESIAN_POINT('',(-4.91455027589173,-19.2,-4.));
#14316=CARTESIAN_POINT('',(-4.91455027589173,-18.7,-4.));
#14317=CARTESIAN_POINT('',(-5.2908246324903,-18.3707317073171,-4.));
#14318=CARTESIAN_POINT('',(-5.2908246324903,-18.3707317073171,-0.9));
#14319=CARTESIAN_POINT('',(-4.36681957508302,-14.1,-0.9));
#14320=CARTESIAN_POINT('',(-4.80989035860949,-14.3317073170732,-0.9));
#14321=CARTESIAN_POINT('',(-4.80989035860949,-14.3317073170732,-4.));
#14322=CARTESIAN_POINT('',(-4.36681957508302,-14.1,-4.));
#14323=CARTESIAN_POINT('',(-4.36681957508302,-13.6,-4.));
#14324=CARTESIAN_POINT('',(-4.36681957508302,-13.6,-0.9));
#14325=CARTESIAN_POINT('',(11.633180424917,-14.1,-0.9));
#14326=CARTESIAN_POINT('',(11.1901096413905,-14.3317073170732,-0.9));
#14327=CARTESIAN_POINT('',(11.1901096413905,-14.3317073170732,-4.));
#14328=CARTESIAN_POINT('',(11.633180424917,-14.1,-4.));
#14329=CARTESIAN_POINT('',(11.633180424917,-13.6,-4.));
#14330=CARTESIAN_POINT('',(11.633180424917,-13.6,-0.9));
#14331=CARTESIAN_POINT('',(11.0854497241083,-18.7,-0.9));
#14332=CARTESIAN_POINT('',(11.0854497241083,-19.2,-4.));
#14333=CARTESIAN_POINT('',(11.0854497241083,-19.2,-4.));
#14334=CARTESIAN_POINT('',(11.0854497241083,-18.7,-4.));
#14335=CARTESIAN_POINT('',(10.7091753675097,-18.3707317073171,-4.));
#14336=CARTESIAN_POINT('',(10.7091753675097,-18.3707317073171,-0.9));
#14337=CARTESIAN_POINT('',(20.366819575083,-14.1,-0.9));
#14338=CARTESIAN_POINT('',(20.366819575083,-13.6,-4.));
#14339=CARTESIAN_POINT('',(20.366819575083,-13.6,-4.));
#14340=CARTESIAN_POINT('',(20.366819575083,-14.1,-4.));
#14341=CARTESIAN_POINT('',(20.8098903586095,-14.3317073170732,-4.));
#14342=CARTESIAN_POINT('',(20.8098903586095,-14.3317073170732,-0.9));
#14343=CARTESIAN_POINT('',(-8.,-16.,-0.9));
#14344=CARTESIAN_POINT('',(-8.,-16.,-4.));
#14345=CARTESIAN_POINT('',(-10.6832815729997,-13.6,-0.9));
#14346=CARTESIAN_POINT('',(-16.,-13.6,1.0842021724855E-16));
#14347=CARTESIAN_POINT('',(-10.6832815729997,-13.6,-4.));
#14348=CARTESIAN_POINT('',(-24.,-16.,-0.9));
#14349=CARTESIAN_POINT('',(-24.,-16.,-4.));
#14350=CARTESIAN_POINT('',(-9.649242250247,-19.2,-0.9));
#14351=CARTESIAN_POINT('',(-16.,-19.2,1.0842021724855E-16));
#14352=CARTESIAN_POINT('',(-9.649242250247,-19.2,-4.));
#14353=CARTESIAN_POINT('',(22.350757749753,-19.2,-0.9));
#14354=CARTESIAN_POINT('',(16.,-19.2,1.0842021724855E-16));
#14355=CARTESIAN_POINT('',(22.350757749753,-19.2,-4.));
#14356=CARTESIAN_POINT('',(24.,-16.,-0.9));
#14357=CARTESIAN_POINT('',(24.,-16.,-4.));
#14358=CARTESIAN_POINT('',(21.3167184270003,-13.6,-0.9));
#14359=CARTESIAN_POINT('',(16.,-13.6,1.0842021724855E-16));
#14360=CARTESIAN_POINT('',(21.3167184270003,-13.6,-4.));
#14361=CARTESIAN_POINT('',(8.,-16.,-0.9));
#14362=CARTESIAN_POINT('',(8.,-16.,-4.));
#14363=CARTESIAN_POINT('',(6.35075774975299,-19.2,-0.9));
#14364=CARTESIAN_POINT('',(3.46944695195361E-15,-19.2,1.0842021724855E-16));
#14365=CARTESIAN_POINT('',(6.35075774975299,-19.2,-4.));
#14366=CARTESIAN_POINT('',(-8.,-16.,-0.9));
#14367=CARTESIAN_POINT('',(-8.,-16.,-4.));
#14368=CARTESIAN_POINT('',(5.31671842700028,-13.6,-0.9));
#14369=CARTESIAN_POINT('',(3.46944695195361E-15,-13.6,1.0842021724855E-16));
#14370=CARTESIAN_POINT('',(5.31671842700028,-13.6,-4.));
#14371=CARTESIAN_POINT('',(8.,-16.,-0.9));
#14372=CARTESIAN_POINT('',(8.,-16.,-4.));
#14373=CARTESIAN_POINT('',(24.,16.,-4.));
#14374=CARTESIAN_POINT('',(-10.6832815729997,13.6,-4.));
#14375=CARTESIAN_POINT('',(-11.633180424917,13.6,-4.));
#14376=CARTESIAN_POINT('',(-20.366819575083,13.6,-4.));
#14377=CARTESIAN_POINT('',(-11.633180424917,14.1,-4.));
#14378=CARTESIAN_POINT('',(-11.1901096413905,14.3317073170732,-4.));
#14379=CARTESIAN_POINT('',(-8.,16.,-4.));
#14380=CARTESIAN_POINT('',(-10.7091753675097,18.3707317073171,-4.));
#14381=CARTESIAN_POINT('',(-11.0854497241083,18.7,-4.));
#14382=CARTESIAN_POINT('',(-11.0854497241083,19.2,-4.));
#14383=CARTESIAN_POINT('',(-9.649242250247,19.2,-4.));
#14384=CARTESIAN_POINT('',(-20.9145502758917,19.2,-4.));
#14385=CARTESIAN_POINT('',(-20.9145502758917,18.7,-4.));
#14386=CARTESIAN_POINT('',(-21.2908246324903,18.3707317073171,-4.));
#14387=CARTESIAN_POINT('',(-24.,16.,-4.));
#14388=CARTESIAN_POINT('',(-20.8098903586095,14.3317073170732,-4.));
#14389=CARTESIAN_POINT('',(-20.366819575083,14.1,-4.));
#14390=CARTESIAN_POINT('',(24.,16.,-4.));
#14391=CARTESIAN_POINT('',(21.2908246324903,18.3707317073171,-4.));
#14392=CARTESIAN_POINT('',(20.8098903586095,14.3317073170732,-4.));
#14393=CARTESIAN_POINT('',(20.9145502758917,18.7,-4.));
#14394=CARTESIAN_POINT('',(20.9145502758917,19.2,-4.));
#14395=CARTESIAN_POINT('',(22.350757749753,19.2,-4.));
#14396=CARTESIAN_POINT('',(11.0854497241083,19.2,-4.));
#14397=CARTESIAN_POINT('',(11.0854497241083,18.7,-4.));
#14398=CARTESIAN_POINT('',(10.7091753675097,18.3707317073171,-4.));
#14399=CARTESIAN_POINT('',(8.,16.,-4.));
#14400=CARTESIAN_POINT('',(11.1901096413905,14.3317073170732,-4.));
#14401=CARTESIAN_POINT('',(11.633180424917,14.1,-4.));
#14402=CARTESIAN_POINT('',(11.633180424917,13.6,-4.));
#14403=CARTESIAN_POINT('',(21.3167184270003,13.6,-4.));
#14404=CARTESIAN_POINT('',(20.366819575083,13.6,-4.));
#14405=CARTESIAN_POINT('',(20.366819575083,14.1,-4.));
#14406=CARTESIAN_POINT('',(24.,16.,-4.));
#14407=CARTESIAN_POINT('',(27.1000000000001,16.,-4.));
#14408=CARTESIAN_POINT('',(8.,16.,-4.));
#14409=CARTESIAN_POINT('',(11.1000000000001,16.,-4.));
#14410=CARTESIAN_POINT('',(-8.,16.,-4.));
#14411=CARTESIAN_POINT('',(-4.89999999999992,16.,-4.));
#14412=CARTESIAN_POINT('',(-24.,16.,-4.));
#14413=CARTESIAN_POINT('',(-20.8999999999999,16.,-4.));
#14414=CARTESIAN_POINT('',(24.,12.8,-4.));
#14415=CARTESIAN_POINT('',(-12.9,12.8,-4.));
#14416=CARTESIAN_POINT('',(-19.1,12.8,-4.));
#14417=CARTESIAN_POINT('',(-19.1,12.8,-4.));
#14418=CARTESIAN_POINT('',(-19.1,12.4,-4.));
#14419=CARTESIAN_POINT('',(-24.,12.4,-4.));
#14420=CARTESIAN_POINT('',(-24.,12.4,-4.));
#14421=CARTESIAN_POINT('',(-24.,16.,-4.));
#14422=CARTESIAN_POINT('',(-24.,19.6,-4.));
#14423=CARTESIAN_POINT('',(24.,19.6,-4.));
#14424=CARTESIAN_POINT('',(24.,19.6,-4.));
#14425=CARTESIAN_POINT('',(24.,16.,-4.));
#14426=CARTESIAN_POINT('',(24.,12.4,-4.));
#14427=CARTESIAN_POINT('',(-24.,12.4,-4.));
#14428=CARTESIAN_POINT('',(19.1,12.4,-4.));
#14429=CARTESIAN_POINT('',(19.1,12.8,-4.));
#14430=CARTESIAN_POINT('',(19.1,12.8,-4.));
#14431=CARTESIAN_POINT('',(24.,12.8,-4.));
#14432=CARTESIAN_POINT('',(12.9,12.8,-4.));
#14433=CARTESIAN_POINT('',(12.9,12.8,-4.));
#14434=CARTESIAN_POINT('',(12.9,12.4,-4.));
#14435=CARTESIAN_POINT('',(-24.,12.4,-4.));
#14436=CARTESIAN_POINT('',(3.1,12.4,-4.));
#14437=CARTESIAN_POINT('',(3.1,12.8,-4.));
#14438=CARTESIAN_POINT('',(3.1,12.8,-4.));
#14439=CARTESIAN_POINT('',(24.,12.8,-4.));
#14440=CARTESIAN_POINT('',(-3.1,12.8,-4.));
#14441=CARTESIAN_POINT('',(-3.1,12.8,-4.));
#14442=CARTESIAN_POINT('',(-3.10000000000001,12.4,-4.));
#14443=CARTESIAN_POINT('',(-24.,12.4,-4.));
#14444=CARTESIAN_POINT('',(-12.9,12.4,-4.));
#14445=CARTESIAN_POINT('',(-12.9,12.8,-4.));
#14446=CARTESIAN_POINT('',(8.,16.,-4.));
#14447=CARTESIAN_POINT('',(4.80989035860949,14.3317073170732,-4.));
#14448=CARTESIAN_POINT('',(5.2908246324903,18.3707317073171,-4.));
#14449=CARTESIAN_POINT('',(4.91455027589173,18.7,-4.));
#14450=CARTESIAN_POINT('',(4.91455027589173,19.2,-4.));
#14451=CARTESIAN_POINT('',(6.35075774975299,19.2,-4.));
#14452=CARTESIAN_POINT('',(-4.91455027589173,19.2,-4.));
#14453=CARTESIAN_POINT('',(-4.91455027589173,18.7,-4.));
#14454=CARTESIAN_POINT('',(-5.2908246324903,18.3707317073171,-4.));
#14455=CARTESIAN_POINT('',(-8.,16.,-4.));
#14456=CARTESIAN_POINT('',(-4.80989035860949,14.3317073170732,-4.));
#14457=CARTESIAN_POINT('',(-4.36681957508302,14.1,-4.));
#14458=CARTESIAN_POINT('',(-4.36681957508302,13.6,-4.));
#14459=CARTESIAN_POINT('',(5.31671842700028,13.6,-4.));
#14460=CARTESIAN_POINT('',(4.36681957508303,13.6,-4.));
#14461=CARTESIAN_POINT('',(4.36681957508303,14.1,-4.));
#14462=CARTESIAN_POINT('',(12.9,12.8,4.52589354882349E-16));
#14463=CARTESIAN_POINT('',(12.9,-16.,-3.6));
#14464=CARTESIAN_POINT('',(12.9,12.,-3.6));
#14465=CARTESIAN_POINT('',(12.9,12.4,-3.6));
#14466=CARTESIAN_POINT('',(12.9,12.4,3.99999999999998));
#14467=CARTESIAN_POINT('',(12.9,12.8,4.52589354882349E-16));
#14468=CARTESIAN_POINT('',(12.9,12.8,4.8806072498423E-16));
#14469=CARTESIAN_POINT('',(12.9,12.8,4.8806072498423E-16));
#14470=CARTESIAN_POINT('',(12.9,12.,4.8806072498423E-16));
#14471=CARTESIAN_POINT('',(12.9,12.,4.52589354882349E-16));
#14472=CARTESIAN_POINT('',(19.1,12.8,-2.78770062589473E-16));
#14473=CARTESIAN_POINT('',(19.1,12.,-2.78770062589473E-16));
#14474=CARTESIAN_POINT('',(19.1,12.,1.0842021724855E-16));
#14475=CARTESIAN_POINT('',(19.1,12.8,-2.78770062589473E-16));
#14476=CARTESIAN_POINT('',(19.1,12.8,-2.78770062589473E-16));
#14477=CARTESIAN_POINT('',(19.1,12.8,-2.78770062589473E-16));
#14478=CARTESIAN_POINT('',(19.1,12.4,4.));
#14479=CARTESIAN_POINT('',(16.,12.8,1.0842021724855E-16));
#14480=CARTESIAN_POINT('',(16.,12.8,1.0842021724855E-16));
#14481=CARTESIAN_POINT('',(16.,12.8,1.0842021724855E-16));
#14482=CARTESIAN_POINT('',(16.,12.,1.0842021724855E-16));
#14483=CARTESIAN_POINT('',(-3.1,12.8,4.52589354882349E-16));
#14484=CARTESIAN_POINT('',(-3.1,-16.,-3.6));
#14485=CARTESIAN_POINT('',(-3.1,12.,-3.6));
#14486=CARTESIAN_POINT('',(-3.10000000000001,12.4,-3.6));
#14487=CARTESIAN_POINT('',(-3.1,12.4,3.99999999999999));
#14488=CARTESIAN_POINT('',(-3.1,12.8,4.52589354882349E-16));
#14489=CARTESIAN_POINT('',(-3.1,12.8,4.8806072498423E-16));
#14490=CARTESIAN_POINT('',(-3.1,12.8,4.8806072498423E-16));
#14491=CARTESIAN_POINT('',(-3.1,12.,4.8806072498423E-16));
#14492=CARTESIAN_POINT('',(-3.1,12.,4.52589354882349E-16));
#14493=CARTESIAN_POINT('',(3.1,12.8,-2.78770062589473E-16));
#14494=CARTESIAN_POINT('',(3.1,-16.,-3.6));
#14495=CARTESIAN_POINT('',(3.1,12.4,-3.6));
#14496=CARTESIAN_POINT('',(3.1,12.,-3.6));
#14497=CARTESIAN_POINT('',(3.1,12.,-2.78770062589473E-16));
#14498=CARTESIAN_POINT('',(3.1,12.,1.0842021724855E-16));
#14499=CARTESIAN_POINT('',(3.1,12.8,-2.78770062589473E-16));
#14500=CARTESIAN_POINT('',(3.1,12.8,-2.78770062589473E-16));
#14501=CARTESIAN_POINT('',(3.1,12.8,-2.78770062589473E-16));
#14502=CARTESIAN_POINT('',(3.1,12.4,4.));
#14503=CARTESIAN_POINT('',(0.,12.8,1.0842021724855E-16));
#14504=CARTESIAN_POINT('',(0.,12.8,1.0842021724855E-16));
#14505=CARTESIAN_POINT('',(0.,12.8,1.0842021724855E-16));
#14506=CARTESIAN_POINT('',(0.,12.,1.0842021724855E-16));
#14507=CARTESIAN_POINT('',(-19.1,12.8,4.52589354882349E-16));
#14508=CARTESIAN_POINT('',(-19.1,12.4,4.));
#14509=CARTESIAN_POINT('',(-19.1,12.8,4.52589354882349E-16));
#14510=CARTESIAN_POINT('',(-19.1,12.8,4.8806072498423E-16));
#14511=CARTESIAN_POINT('',(-19.1,12.8,4.8806072498423E-16));
#14512=CARTESIAN_POINT('',(-19.1,12.,4.8806072498423E-16));
#14513=CARTESIAN_POINT('',(-19.1,12.,4.52589354882349E-16));
#14514=CARTESIAN_POINT('',(-12.9,12.8,-2.78770062589473E-16));
#14515=CARTESIAN_POINT('',(-12.9,-16.,-3.6));
#14516=CARTESIAN_POINT('',(-12.9,12.4,-3.6));
#14517=CARTESIAN_POINT('',(-12.9,12.,-3.6));
#14518=CARTESIAN_POINT('',(-12.9,12.,-2.78770062589473E-16));
#14519=CARTESIAN_POINT('',(-12.9,12.,1.0842021724855E-16));
#14520=CARTESIAN_POINT('',(-12.9,12.8,-2.78770062589473E-16));
#14521=CARTESIAN_POINT('',(-12.9,12.8,-2.78770062589473E-16));
#14522=CARTESIAN_POINT('',(-12.9,12.8,-2.78770062589473E-16));
#14523=CARTESIAN_POINT('',(-12.9,12.4,4.));
#14524=CARTESIAN_POINT('',(-16.,12.8,1.0842021724855E-16));
#14525=CARTESIAN_POINT('',(-16.,12.8,0.));
#14526=CARTESIAN_POINT('',(-16.,12.8,2.4));
#14527=CARTESIAN_POINT('',(-16.,12.8,1.0842021724855E-16));
#14528=CARTESIAN_POINT('',(-16.,12.8,1.0842021724855E-16));
#14529=CARTESIAN_POINT('',(-16.,12.,1.0842021724855E-16));
#14530=CARTESIAN_POINT('',(24.,-16.,-4.));
#14531=CARTESIAN_POINT('',(24.,-16.,-3.2));
#14532=CARTESIAN_POINT('',(26.4,-16.,-3.2));
#14533=CARTESIAN_POINT('',(24.,-16.,3.2));
#14534=CARTESIAN_POINT('',(26.4,-16.,3.2));
#14535=CARTESIAN_POINT('',(8.,-16.,-4.));
#14536=CARTESIAN_POINT('',(8.,-16.,-3.2));
#14537=CARTESIAN_POINT('',(10.4,-16.,-3.2));
#14538=CARTESIAN_POINT('',(8.,-16.,3.2));
#14539=CARTESIAN_POINT('',(10.4,-16.,3.2));
#14540=CARTESIAN_POINT('',(-8.,-16.,-4.));
#14541=CARTESIAN_POINT('',(-8.,-16.,-3.2));
#14542=CARTESIAN_POINT('',(-5.59999999999999,-16.,-3.2));
#14543=CARTESIAN_POINT('',(-8.,-16.,3.2));
#14544=CARTESIAN_POINT('',(-5.59999999999999,-16.,3.2));
#14545=CARTESIAN_POINT('',(-24.,-16.,-4.));
#14546=CARTESIAN_POINT('',(-24.,-16.,-3.2));
#14547=CARTESIAN_POINT('',(-21.6,-16.,-3.2));
#14548=CARTESIAN_POINT('',(-24.,-16.,3.2));
#14549=CARTESIAN_POINT('',(-21.6,-16.,3.2));
#14550=CARTESIAN_POINT('',(27.1,-16.,3.2));
#14551=CARTESIAN_POINT('',(24.,-16.,3.2));
#14552=CARTESIAN_POINT('',(27.1,-16.,3.2));
#14553=CARTESIAN_POINT('',(11.1,-16.,3.2));
#14554=CARTESIAN_POINT('',(8.,-16.,3.2));
#14555=CARTESIAN_POINT('',(11.1,-16.,3.2));
#14556=CARTESIAN_POINT('',(-4.89999999999999,-16.,3.2));
#14557=CARTESIAN_POINT('',(-8.,-16.,3.2));
#14558=CARTESIAN_POINT('',(-4.89999999999999,-16.,3.2));
#14559=CARTESIAN_POINT('',(-20.9,-16.,3.2));
#14560=CARTESIAN_POINT('',(-24.,-16.,3.2));
#14561=CARTESIAN_POINT('',(-20.9,-16.,3.2));
#14562=CARTESIAN_POINT('',(26.4,-16.,-3.2));
#14563=CARTESIAN_POINT('',(24.,-16.,-3.2));
#14564=CARTESIAN_POINT('',(27.1,-16.,-3.2));
#14565=CARTESIAN_POINT('',(10.4,-16.,-3.2));
#14566=CARTESIAN_POINT('',(8.,-16.,-3.2));
#14567=CARTESIAN_POINT('',(11.1,-16.,-3.2));
#14568=CARTESIAN_POINT('',(-5.59999999999999,-16.,-3.2));
#14569=CARTESIAN_POINT('',(-8.,-16.,-3.2));
#14570=CARTESIAN_POINT('',(-4.89999999999999,-16.,-3.2));
#14571=CARTESIAN_POINT('',(-21.6,-16.,-3.2));
#14572=CARTESIAN_POINT('',(-24.,-16.,-3.2));
#14573=CARTESIAN_POINT('',(-20.9,-16.,-3.2));
#14574=CARTESIAN_POINT('',(24.,-16.,-4.));
#14575=CARTESIAN_POINT('',(24.,-16.,4.));
#14576=CARTESIAN_POINT('',(27.1,-16.,4.));
#14577=CARTESIAN_POINT('',(8.,-16.,-4.));
#14578=CARTESIAN_POINT('',(8.,-16.,4.));
#14579=CARTESIAN_POINT('',(11.1,-16.,4.));
#14580=CARTESIAN_POINT('',(-8.,-16.,-4.));
#14581=CARTESIAN_POINT('',(-8.,-16.,4.));
#14582=CARTESIAN_POINT('',(-4.9,-16.,4.));
#14583=CARTESIAN_POINT('',(-24.,-16.,-4.));
#14584=CARTESIAN_POINT('',(-24.,-16.,4.));
#14585=CARTESIAN_POINT('',(-20.9,-16.,4.));
#14586=CARTESIAN_POINT('',(4.91455027589171,-13.3,0.9));
#14587=CARTESIAN_POINT('',(5.29082463249029,-13.6292682926829,0.9));
#14588=CARTESIAN_POINT('',(5.29082463249029,-13.6292682926829,4.));
#14589=CARTESIAN_POINT('',(4.91455027589171,-13.3,4.));
#14590=CARTESIAN_POINT('',(-4.91455027589172,-13.3,0.9));
#14591=CARTESIAN_POINT('',(-4.91455027589172,-13.3,4.));
#14592=CARTESIAN_POINT('',(-5.29082463249029,-13.6292682926829,4.));
#14593=CARTESIAN_POINT('',(-5.29082463249029,-13.6292682926829,0.9));
#14594=CARTESIAN_POINT('',(-8.00000000000001,-16.,0.9));
#14595=CARTESIAN_POINT('',(-8.00000000000001,-16.,4.));
#14596=CARTESIAN_POINT('',(-5.29082463249027,-18.3707317073171,4.));
#14597=CARTESIAN_POINT('',(-5.29082463249027,-18.3707317073171,0.9));
#14598=CARTESIAN_POINT('',(-4.91455027589169,-18.7,0.9));
#14599=CARTESIAN_POINT('',(-4.91455027589169,-18.7,4.));
#14600=CARTESIAN_POINT('',(-4.91455027589169,-19.2,4.));
#14601=CARTESIAN_POINT('',(-4.91455027589169,-19.2,4.));
#14602=CARTESIAN_POINT('',(6.35075774975289,-19.2,0.9));
#14603=CARTESIAN_POINT('',(3.46944695195361E-15,-19.2,1.0842021724855E-16));
#14604=CARTESIAN_POINT('',(6.35075774975289,-19.2,4.));
#14605=CARTESIAN_POINT('',(4.91455027589168,-19.2,4.));
#14606=CARTESIAN_POINT('',(4.91455027589168,-19.2,0.9));
#14607=CARTESIAN_POINT('',(4.91455027589168,-18.7,0.9));
#14608=CARTESIAN_POINT('',(4.91455027589168,-18.7,4.));
#14609=CARTESIAN_POINT('',(5.29082463249025,-18.3707317073171,4.));
#14610=CARTESIAN_POINT('',(5.29082463249025,-18.3707317073171,0.9));
#14611=CARTESIAN_POINT('',(8.,-16.,0.9));
#14612=CARTESIAN_POINT('',(8.,-16.,4.));
#14613=CARTESIAN_POINT('',(20.9145502758917,-18.7,0.9));
#14614=CARTESIAN_POINT('',(20.9145502758917,-19.2,0.9));
#14615=CARTESIAN_POINT('',(20.9145502758917,-19.2,4.));
#14616=CARTESIAN_POINT('',(20.9145502758917,-18.7,4.));
#14617=CARTESIAN_POINT('',(21.2908246324903,-18.3707317073171,4.));
#14618=CARTESIAN_POINT('',(21.2908246324903,-18.3707317073171,0.9));
#14619=CARTESIAN_POINT('',(24.,-16.,0.9));
#14620=CARTESIAN_POINT('',(24.,-16.,4.));
#14621=CARTESIAN_POINT('',(21.2908246324903,-13.6292682926829,4.));
#14622=CARTESIAN_POINT('',(21.2908246324903,-13.6292682926829,0.9));
#14623=CARTESIAN_POINT('',(20.9145502758917,-13.3,0.9));
#14624=CARTESIAN_POINT('',(20.9145502758917,-13.3,4.));
#14625=CARTESIAN_POINT('',(11.0854497241083,-13.3,0.9));
#14626=CARTESIAN_POINT('',(11.0854497241083,-13.3,4.));
#14627=CARTESIAN_POINT('',(10.7091753675097,-13.6292682926829,4.));
#14628=CARTESIAN_POINT('',(10.7091753675097,-13.6292682926829,0.9));
#14629=CARTESIAN_POINT('',(8.,-16.,0.9));
#14630=CARTESIAN_POINT('',(8.,-16.,4.));
#14631=CARTESIAN_POINT('',(10.7091753675097,-18.3707317073171,4.));
#14632=CARTESIAN_POINT('',(10.7091753675097,-18.3707317073171,0.9));
#14633=CARTESIAN_POINT('',(11.0854497241083,-18.7,0.9));
#14634=CARTESIAN_POINT('',(11.0854497241083,-18.7,4.));
#14635=CARTESIAN_POINT('',(11.0854497241083,-19.2,4.));
#14636=CARTESIAN_POINT('',(11.0854497241083,-19.2,4.));
#14637=CARTESIAN_POINT('',(17.9557548440937,-19.2,0.9));
#14638=CARTESIAN_POINT('',(16.,-19.2,1.0842021724855E-16));
#14639=CARTESIAN_POINT('',(17.9557548440937,-19.2,4.));
#14640=CARTESIAN_POINT('',(-20.9145502758917,-13.3,0.9));
#14641=CARTESIAN_POINT('',(-20.9145502758917,-13.3,4.));
#14642=CARTESIAN_POINT('',(-21.2908246324903,-13.6292682926829,4.));
#14643=CARTESIAN_POINT('',(-21.2908246324903,-13.6292682926829,0.9));
#14644=CARTESIAN_POINT('',(-24.,-16.,0.9));
#14645=CARTESIAN_POINT('',(-24.,-16.,4.));
#14646=CARTESIAN_POINT('',(-21.2908246324903,-18.3707317073171,4.));
#14647=CARTESIAN_POINT('',(-21.2908246324903,-18.3707317073171,0.9));
#14648=CARTESIAN_POINT('',(-20.9145502758917,-18.7,0.9));
#14649=CARTESIAN_POINT('',(-20.9145502758917,-18.7,4.));
#14650=CARTESIAN_POINT('',(-20.9145502758917,-19.2,4.));
#14651=CARTESIAN_POINT('',(-20.9145502758917,-19.2,4.));
#14652=CARTESIAN_POINT('',(-9.64924225024709,-19.2,0.9));
#14653=CARTESIAN_POINT('',(-16.,-19.2,1.0842021724855E-16));
#14654=CARTESIAN_POINT('',(-9.64924225024709,-19.2,4.));
#14655=CARTESIAN_POINT('',(-11.0854497241083,-19.2,4.));
#14656=CARTESIAN_POINT('',(-11.0854497241083,-19.2,0.9));
#14657=CARTESIAN_POINT('',(-11.0854497241083,-18.7,0.9));
#14658=CARTESIAN_POINT('',(-11.0854497241083,-18.7,4.));
#14659=CARTESIAN_POINT('',(-10.7091753675097,-18.3707317073171,4.));
#14660=CARTESIAN_POINT('',(-10.7091753675097,-18.3707317073171,0.9));
#14661=CARTESIAN_POINT('',(-8.00000000000001,-16.,0.9));
#14662=CARTESIAN_POINT('',(-8.00000000000001,-16.,4.));
#14663=CARTESIAN_POINT('',(-10.7091753675097,-13.6292682926829,4.));
#14664=CARTESIAN_POINT('',(-10.7091753675097,-13.6292682926829,0.9));
#14665=CARTESIAN_POINT('',(-11.0854497241083,-13.3,0.9));
#14666=CARTESIAN_POINT('',(-11.0854497241083,-13.3,4.));
#14667=CARTESIAN_POINT('',(-20.9,16.,3.2));
#14668=CARTESIAN_POINT('',(-24.,16.,3.2));
#14669=CARTESIAN_POINT('',(-21.6,16.,3.2));
#14670=CARTESIAN_POINT('',(-24.,16.,3.2));
#14671=CARTESIAN_POINT('',(-20.9,16.,3.2));
#14672=CARTESIAN_POINT('',(-4.89999999999999,16.,3.2));
#14673=CARTESIAN_POINT('',(-8.,16.,3.2));
#14674=CARTESIAN_POINT('',(-5.59999999999999,16.,3.2));
#14675=CARTESIAN_POINT('',(-8.,16.,3.2));
#14676=CARTESIAN_POINT('',(-4.89999999999999,16.,3.2));
#14677=CARTESIAN_POINT('',(11.1,16.,3.2));
#14678=CARTESIAN_POINT('',(8.,16.,3.2));
#14679=CARTESIAN_POINT('',(10.4,16.,3.2));
#14680=CARTESIAN_POINT('',(8.,16.,3.2));
#14681=CARTESIAN_POINT('',(11.1,16.,3.2));
#14682=CARTESIAN_POINT('',(27.1,16.,3.2));
#14683=CARTESIAN_POINT('',(24.,16.,3.2));
#14684=CARTESIAN_POINT('',(26.4,16.,3.2));
#14685=CARTESIAN_POINT('',(24.,16.,3.2));
#14686=CARTESIAN_POINT('',(27.1,16.,3.2));
#14687=CARTESIAN_POINT('',(24.,-16.,-4.));
#14688=CARTESIAN_POINT('',(24.,-16.,-4.));
#14689=CARTESIAN_POINT('',(27.1000000000001,-16.,-4.));
#14690=CARTESIAN_POINT('',(8.,-16.,-4.));
#14691=CARTESIAN_POINT('',(8.,-16.,-4.));
#14692=CARTESIAN_POINT('',(11.1000000000001,-16.,-4.));
#14693=CARTESIAN_POINT('',(-8.,-16.,-4.));
#14694=CARTESIAN_POINT('',(-8.,-16.,-4.));
#14695=CARTESIAN_POINT('',(-4.89999999999992,-16.,-4.));
#14696=CARTESIAN_POINT('',(-24.,-16.,-4.));
#14697=CARTESIAN_POINT('',(-24.,-16.,-4.));
#14698=CARTESIAN_POINT('',(-20.8999999999999,-16.,-4.));
#14699=CARTESIAN_POINT('',(24.,-12.4,4.));
#14700=CARTESIAN_POINT('',(24.,-12.4,-3.6));
#14701=CARTESIAN_POINT('',(-12.9,-12.4,-3.6));
#14702=CARTESIAN_POINT('',(-3.1,-12.4,-3.6));
#14703=CARTESIAN_POINT('',(-3.1,-12.4,4.00000000000001));
#14704=CARTESIAN_POINT('',(-3.1,-12.4,-4.));
#14705=CARTESIAN_POINT('',(24.,-12.4,-4.));
#14706=CARTESIAN_POINT('',(-12.9,-12.4,-4.));
#14707=CARTESIAN_POINT('',(-12.9,-12.4,4.));
#14708=CARTESIAN_POINT('',(0.,-12.8,1.0842021724855E-16));
#14709=CARTESIAN_POINT('',(-3.1,-12.8,-4.));
#14710=CARTESIAN_POINT('',(-3.1,-12.8,-4.));
#14711=CARTESIAN_POINT('',(3.1,-12.8,-4.));
#14712=CARTESIAN_POINT('',(-3.1,-12.8,4.52589354882349E-16));
#14713=CARTESIAN_POINT('',(-3.1,-12.8,4.8806072498423E-16));
#14714=CARTESIAN_POINT('',(0.,-12.8,1.0842021724855E-16));
#14715=CARTESIAN_POINT('',(3.1,-12.8,-2.78770062589473E-16));
#14716=CARTESIAN_POINT('',(3.1,-12.8,-2.78770062589473E-16));
#14717=CARTESIAN_POINT('',(24.,-12.4,4.));
#14718=CARTESIAN_POINT('',(24.,-12.4,-3.6));
#14719=CARTESIAN_POINT('',(3.1,-12.4,-3.6));
#14720=CARTESIAN_POINT('',(12.9,-12.4,-3.6));
#14721=CARTESIAN_POINT('',(12.9,-12.4,4.00000000000001));
#14722=CARTESIAN_POINT('',(12.9,-12.4,-4.));
#14723=CARTESIAN_POINT('',(24.,-12.4,-4.));
#14724=CARTESIAN_POINT('',(3.1,-12.4,-4.));
#14725=CARTESIAN_POINT('',(3.1,-12.4,4.));
#14726=CARTESIAN_POINT('',(24.,-16.,4.));
#14727=CARTESIAN_POINT('',(24.,-16.,4.));
#14728=CARTESIAN_POINT('',(24.,-19.6,4.));
#14729=CARTESIAN_POINT('',(24.,-12.4,4.));
#14730=CARTESIAN_POINT('',(24.,-12.4,4.));
#14731=CARTESIAN_POINT('',(-24.,-12.4,4.));
#14732=CARTESIAN_POINT('',(-24.,-16.,4.));
#14733=CARTESIAN_POINT('',(-24.,-19.6,4.));
#14734=CARTESIAN_POINT('',(-24.,-19.6,4.));
#14735=CARTESIAN_POINT('',(24.,16.,-4.));
#14736=CARTESIAN_POINT('',(24.,16.,-3.2));
#14737=CARTESIAN_POINT('',(26.4,16.,-3.2));
#14738=CARTESIAN_POINT('',(8.,16.,-4.));
#14739=CARTESIAN_POINT('',(8.,16.,-3.2));
#14740=CARTESIAN_POINT('',(10.4,16.,-3.2));
#14741=CARTESIAN_POINT('',(-8.,16.,-4.));
#14742=CARTESIAN_POINT('',(-8.,16.,-3.2));
#14743=CARTESIAN_POINT('',(-5.59999999999999,16.,-3.2));
#14744=CARTESIAN_POINT('',(-24.,16.,-4.));
#14745=CARTESIAN_POINT('',(-24.,16.,-3.2));
#14746=CARTESIAN_POINT('',(-21.6,16.,-3.2));
#14747=CARTESIAN_POINT('',(-24.,16.,-4.));
#14748=CARTESIAN_POINT('',(-24.,16.,4.));
#14749=CARTESIAN_POINT('',(-20.9,16.,4.));
#14750=CARTESIAN_POINT('',(-8.,16.,-4.));
#14751=CARTESIAN_POINT('',(-8.,16.,4.));
#14752=CARTESIAN_POINT('',(-4.9,16.,4.));
#14753=CARTESIAN_POINT('',(8.,16.,-4.));
#14754=CARTESIAN_POINT('',(8.,16.,4.));
#14755=CARTESIAN_POINT('',(11.1,16.,4.));
#14756=CARTESIAN_POINT('',(24.,16.,-4.));
#14757=CARTESIAN_POINT('',(24.,16.,4.));
#14758=CARTESIAN_POINT('',(27.1,16.,4.));
#14759=CARTESIAN_POINT('',(16.,-12.8,1.0842021724855E-16));
#14760=CARTESIAN_POINT('',(12.9,-12.8,-4.));
#14761=CARTESIAN_POINT('',(12.9,-12.8,-4.));
#14762=CARTESIAN_POINT('',(19.1,-12.8,-4.));
#14763=CARTESIAN_POINT('',(12.9,-12.8,4.52589354882349E-16));
#14764=CARTESIAN_POINT('',(12.9,-12.8,4.8806072498423E-16));
#14765=CARTESIAN_POINT('',(16.,-12.8,1.0842021724855E-16));
#14766=CARTESIAN_POINT('',(19.1,-12.8,-2.78770062589473E-16));
#14767=CARTESIAN_POINT('',(19.1,-12.8,-2.78770062589473E-16));
#14768=CARTESIAN_POINT('',(24.,-16.,-4.));
#14769=CARTESIAN_POINT('',(-3.1,-12.8,-4.));
#14770=CARTESIAN_POINT('',(3.1,-12.8,-4.));
#14771=CARTESIAN_POINT('',(12.9,-12.8,-4.));
#14772=CARTESIAN_POINT('',(19.1,-12.8,-4.));
#14773=CARTESIAN_POINT('',(19.1,-12.4,-4.));
#14774=CARTESIAN_POINT('',(24.,-12.4,-4.));
#14775=CARTESIAN_POINT('',(24.,-12.4,-4.));
#14776=CARTESIAN_POINT('',(24.,-16.,-4.));
#14777=CARTESIAN_POINT('',(24.,-19.6,-4.));
#14778=CARTESIAN_POINT('',(-24.,-19.6,-4.));
#14779=CARTESIAN_POINT('',(-24.,-19.6,-4.));
#14780=CARTESIAN_POINT('',(-24.,-16.,-4.));
#14781=CARTESIAN_POINT('',(-24.,-12.4,-4.));
#14782=CARTESIAN_POINT('',(24.,-12.4,-4.));
#14783=CARTESIAN_POINT('',(-19.1,-12.4,-4.));
#14784=CARTESIAN_POINT('',(-19.1,-12.8,-4.));
#14785=CARTESIAN_POINT('',(-19.1,-12.8,-4.));
#14786=CARTESIAN_POINT('',(-19.1,-12.8,-4.));
#14787=CARTESIAN_POINT('',(-12.9,-12.8,-4.));
#14788=CARTESIAN_POINT('',(-12.9,-12.8,-4.));
#14789=CARTESIAN_POINT('',(-16.,-12.8,1.0842021724855E-16));
#14790=CARTESIAN_POINT('',(-19.1,-12.8,4.52589354882349E-16));
#14791=CARTESIAN_POINT('',(-19.1,-12.8,4.8806072498423E-16));
#14792=CARTESIAN_POINT('',(-16.,-12.8,1.0842021724855E-16));
#14793=CARTESIAN_POINT('',(-12.9,-12.8,-2.78770062589473E-16));
#14794=CARTESIAN_POINT('',(-12.9,-12.8,-2.78770062589473E-16));
#14795=CARTESIAN_POINT('',(-16.,-12.8,1.0842021724855E-16));
#14796=CARTESIAN_POINT('',(-16.,-12.,1.0842021724855E-16));
#14797=CARTESIAN_POINT('',(-12.9,-12.,-2.78770062589473E-16));
#14798=CARTESIAN_POINT('',(-19.1,-12.,4.8806072498423E-16));
#14799=CARTESIAN_POINT('',(-12.9,-12.8,-2.78770062589473E-16));
#14800=CARTESIAN_POINT('',(-19.1,-12.8,4.8806072498423E-16));
#14801=CARTESIAN_POINT('',(-12.9,-12.8,-2.78770062589473E-16));
#14802=CARTESIAN_POINT('',(-12.9,-16.,-3.6));
#14803=CARTESIAN_POINT('',(-12.9,-12.,-3.6));
#14804=CARTESIAN_POINT('',(-12.9,-12.,-2.78770062589473E-16));
#14805=CARTESIAN_POINT('',(24.,-16.,-3.6));
#14806=CARTESIAN_POINT('',(-20.,-12.,-3.6));
#14807=CARTESIAN_POINT('',(-3.1,-12.,-3.6));
#14808=CARTESIAN_POINT('',(-3.1,-16.,-3.6));
#14809=CARTESIAN_POINT('',(-3.1,-12.8,4.52589354882349E-16));
#14810=CARTESIAN_POINT('',(-3.1,-12.,4.52589354882349E-16));
#14811=CARTESIAN_POINT('',(-3.1,-12.,4.8806072498423E-16));
#14812=CARTESIAN_POINT('',(-3.1,-12.8,4.8806072498423E-16));
#14813=CARTESIAN_POINT('',(0.,-12.8,1.0842021724855E-16));
#14814=CARTESIAN_POINT('',(0.,-12.,1.0842021724855E-16));
#14815=CARTESIAN_POINT('',(3.1,-12.,-2.78770062589473E-16));
#14816=CARTESIAN_POINT('',(3.1,-12.8,-2.78770062589473E-16));
#14817=CARTESIAN_POINT('',(3.1,-12.8,-2.78770062589473E-16));
#14818=CARTESIAN_POINT('',(3.1,-16.,-3.6));
#14819=CARTESIAN_POINT('',(3.1,-12.,-3.6));
#14820=CARTESIAN_POINT('',(3.1,-12.,-2.78770062589473E-16));
#14821=CARTESIAN_POINT('',(24.,-16.,-3.6));
#14822=CARTESIAN_POINT('',(-20.,-12.,-3.6));
#14823=CARTESIAN_POINT('',(12.9,-12.,-3.6));
#14824=CARTESIAN_POINT('',(12.9,-16.,-3.6));
#14825=CARTESIAN_POINT('',(12.9,-12.8,4.52589354882349E-16));
#14826=CARTESIAN_POINT('',(12.9,-12.,4.52589354882349E-16));
#14827=CARTESIAN_POINT('',(12.9,-12.,4.8806072498423E-16));
#14828=CARTESIAN_POINT('',(12.9,-12.8,4.8806072498423E-16));
#14829=CARTESIAN_POINT('',(16.,-12.8,1.0842021724855E-16));
#14830=CARTESIAN_POINT('',(16.,-12.,1.0842021724855E-16));
#14831=CARTESIAN_POINT('',(19.1,-12.,-2.78770062589473E-16));
#14832=CARTESIAN_POINT('',(19.1,-12.8,-2.78770062589473E-16));
#14833=CARTESIAN_POINT('',(-24.,12.4,4.));
#14834=CARTESIAN_POINT('',(24.,12.4,4.));
#14835=CARTESIAN_POINT('',(24.,12.4,4.));
#14836=CARTESIAN_POINT('',(-24.,12.4,4.));
#14837=CARTESIAN_POINT('',(-24.,12.4,4.));
#14838=CARTESIAN_POINT('',(-24.,12.4,4.));
#14839=CARTESIAN_POINT('',(24.,16.,4.));
#14840=CARTESIAN_POINT('',(24.,16.,0.5));
#14841=CARTESIAN_POINT('',(26.7091753675097,13.6292682926829,0.5));
#14842=CARTESIAN_POINT('',(26.7091753675097,18.3707317073171,0.5));
#14843=CARTESIAN_POINT('',(26.7091753675097,18.3707317073171,4.));
#14844=CARTESIAN_POINT('',(24.,19.6,4.));
#14845=CARTESIAN_POINT('',(24.,19.6,4.));
#14846=CARTESIAN_POINT('',(24.,16.,4.));
#14847=CARTESIAN_POINT('',(26.7091753675097,13.6292682926829,4.));
#14848=CARTESIAN_POINT('',(24.,19.6,4.));
#14849=CARTESIAN_POINT('',(-24.,19.6,4.));
#14850=CARTESIAN_POINT('',(-24.,19.6,4.));
#14851=CARTESIAN_POINT('',(24.,19.6,4.));
#14852=CARTESIAN_POINT('',(-24.,16.,4.));
#14853=CARTESIAN_POINT('',(-26.7091753675097,18.3707317073171,4.));
#14854=CARTESIAN_POINT('',(-26.7091753675097,18.3707317073171,0.5));
#14855=CARTESIAN_POINT('',(-24.,16.,0.5));
#14856=CARTESIAN_POINT('',(-26.7091753675097,13.6292682926829,0.5));
#14857=CARTESIAN_POINT('',(-26.7091753675097,13.6292682926829,4.));
#14858=CARTESIAN_POINT('',(-24.,16.,4.));
#14859=CARTESIAN_POINT('',(-24.,-16.,4.));
#14860=CARTESIAN_POINT('',(-24.,-16.,0.5));
#14861=CARTESIAN_POINT('',(-26.7091753675097,-13.6292682926829,0.5));
#14862=CARTESIAN_POINT('',(-26.7091753675097,-18.3707317073171,0.5));
#14863=CARTESIAN_POINT('',(-26.7091753675097,-18.3707317073171,4.));
#14864=CARTESIAN_POINT('',(-24.,-19.6,4.));
#14865=CARTESIAN_POINT('',(-24.,-12.4,4.));
#14866=CARTESIAN_POINT('',(-26.7091753675097,-13.6292682926829,4.));
#14867=CARTESIAN_POINT('',(-24.,-19.6,4.));
#14868=CARTESIAN_POINT('',(24.,-19.6,4.));
#14869=CARTESIAN_POINT('',(24.,-16.,4.));
#14870=CARTESIAN_POINT('',(26.7091753675097,-18.3707317073171,4.));
#14871=CARTESIAN_POINT('',(26.7091753675097,-18.3707317073171,0.5));
#14872=CARTESIAN_POINT('',(24.,-16.,0.5));
#14873=CARTESIAN_POINT('',(26.7091753675097,-13.6292682926829,0.5));
#14874=CARTESIAN_POINT('',(26.7091753675097,-13.6292682926829,4.));
#14875=CARTESIAN_POINT('',(24.,-12.4,4.));
#14876=CARTESIAN_POINT('',(24.,-12.4,4.));
#14877=CARTESIAN_POINT('',(26.4,16.,-3.2));
#14878=CARTESIAN_POINT('',(24.,16.,-3.2));
#14879=CARTESIAN_POINT('',(27.1,16.,-3.2));
#14880=CARTESIAN_POINT('',(10.4,16.,-3.2));
#14881=CARTESIAN_POINT('',(8.,16.,-3.2));
#14882=CARTESIAN_POINT('',(11.1,16.,-3.2));
#14883=CARTESIAN_POINT('',(-5.59999999999999,16.,-3.2));
#14884=CARTESIAN_POINT('',(-8.,16.,-3.2));
#14885=CARTESIAN_POINT('',(-4.89999999999999,16.,-3.2));
#14886=CARTESIAN_POINT('',(-21.6,16.,-3.2));
#14887=CARTESIAN_POINT('',(-24.,16.,-3.2));
#14888=CARTESIAN_POINT('',(-20.9,16.,-3.2));
#14889=CARTESIAN_POINT('',(19.1,-12.8,-2.78770062589473E-16));
#14890=CARTESIAN_POINT('',(19.1,-12.4,4.));
#14891=CARTESIAN_POINT('',(19.1,-12.,-2.78770062589473E-16));
#14892=CARTESIAN_POINT('',(24.,-12.4,4.));
#14893=CARTESIAN_POINT('',(24.,-12.4,4.));
#14894=CARTESIAN_POINT('',(24.,-16.,4.));
#14895=CARTESIAN_POINT('',(24.,-16.,-0.5));
#14896=CARTESIAN_POINT('',(26.7091753675097,-13.6292682926829,-0.5));
#14897=CARTESIAN_POINT('',(26.7091753675097,-18.3707317073171,-0.5));
#14898=CARTESIAN_POINT('',(26.7091753675097,-18.3707317073171,4.));
#14899=CARTESIAN_POINT('',(24.,-19.6,4.));
#14900=CARTESIAN_POINT('',(26.7091753675097,-13.6292682926829,4.));
#14901=CARTESIAN_POINT('',(-24.,-19.6,4.));
#14902=CARTESIAN_POINT('',(-24.,-19.6,4.));
#14903=CARTESIAN_POINT('',(-24.,-16.,4.));
#14904=CARTESIAN_POINT('',(-26.7091753675097,-18.3707317073171,4.));
#14905=CARTESIAN_POINT('',(-26.7091753675097,-18.3707317073171,-0.5));
#14906=CARTESIAN_POINT('',(-24.,-16.,-0.5));
#14907=CARTESIAN_POINT('',(-26.7091753675097,-13.6292682926829,-0.5));
#14908=CARTESIAN_POINT('',(-26.7091753675097,-13.6292682926829,4.));
#14909=CARTESIAN_POINT('',(-24.,-12.4,4.));
#14910=CARTESIAN_POINT('',(24.,-12.4,4.));
#14911=CARTESIAN_POINT('',(-19.1,-12.4,4.00000000000001));
#14912=CARTESIAN_POINT('',(-19.1,-12.8,4.52589354882349E-16));
#14913=CARTESIAN_POINT('',(-19.1,-12.,4.52589354882349E-16));
#14914=CARTESIAN_POINT('',(-20.,-12.,3.6));
#14915=CARTESIAN_POINT('',(-20.,-12.,3.6));
#14916=CARTESIAN_POINT('',(20.,-12.,3.6));
#14917=CARTESIAN_POINT('',(-20.,12.,3.6));
#14918=CARTESIAN_POINT('',(-20.,11.1,-3.6));
#14919=CARTESIAN_POINT('',(-20.,12.,3.6));
#14920=CARTESIAN_POINT('',(-20.,-11.1,-1.40016002998084E-15));
#14921=CARTESIAN_POINT('',(-20.,-4.9,-3.6));
#14922=CARTESIAN_POINT('',(-20.,-3.1,-1.40016002998084E-15));
#14923=CARTESIAN_POINT('',(-20.,3.1,-3.6));
#14924=CARTESIAN_POINT('',(-20.,4.9,-1.40016002998084E-15));
#14925=CARTESIAN_POINT('',(20.,-12.,3.6));
#14926=CARTESIAN_POINT('',(20.,11.1,-1.95943487863577E-15));
#14927=CARTESIAN_POINT('',(20.,11.1,-1.95943487863577E-15));
#14928=CARTESIAN_POINT('',(20.,8.,0.));
#14929=CARTESIAN_POINT('',(20.,4.9,-1.40016002998084E-15));
#14930=CARTESIAN_POINT('',(20.,4.9,-1.40016002998084E-15));
#14931=CARTESIAN_POINT('',(20.,3.1,-1.95943487863577E-15));
#14932=CARTESIAN_POINT('',(20.,-3.1,-1.40016002998084E-15));
#14933=CARTESIAN_POINT('',(20.,-4.9,-1.95943487863577E-15));
#14934=CARTESIAN_POINT('',(20.,-11.1,-1.40016002998084E-15));
#14935=CARTESIAN_POINT('',(20.,12.,3.6));
#14936=CARTESIAN_POINT('',(24.,16.,-4.));
#14937=CARTESIAN_POINT('',(8.,16.,-4.));
#14938=CARTESIAN_POINT('',(-8.,16.,-4.));
#14939=CARTESIAN_POINT('',(-24.,16.,-4.));
#14940=CARTESIAN_POINT('',(24.,19.6,4.));
#14941=CARTESIAN_POINT('',(-24.,19.6,4.));
#14942=CARTESIAN_POINT('',(24.,19.6,4.));
#14943=CARTESIAN_POINT('',(-24.,16.,4.));
#14944=CARTESIAN_POINT('',(-24.,16.,-0.5));
#14945=CARTESIAN_POINT('',(-26.7091753675097,13.6292682926829,-0.5));
#14946=CARTESIAN_POINT('',(-26.7091753675097,18.3707317073171,-0.5));
#14947=CARTESIAN_POINT('',(-26.7091753675097,18.3707317073171,4.));
#14948=CARTESIAN_POINT('',(-24.,12.4,4.));
#14949=CARTESIAN_POINT('',(-26.7091753675097,13.6292682926829,4.));
#14950=CARTESIAN_POINT('',(24.,-16.,-3.6));
#14951=CARTESIAN_POINT('',(24.,12.4,-3.6));
#14952=CARTESIAN_POINT('',(20.,12.,-3.6));
#14953=CARTESIAN_POINT('',(24.,-16.,-3.6));
#14954=CARTESIAN_POINT('',(24.,12.4,-3.6));
#14955=CARTESIAN_POINT('',(20.,12.,-3.6));
#14956=CARTESIAN_POINT('',(24.,16.,4.));
#14957=CARTESIAN_POINT('',(26.7091753675097,18.3707317073171,4.));
#14958=CARTESIAN_POINT('',(26.7091753675097,18.3707317073171,-0.5));
#14959=CARTESIAN_POINT('',(24.,16.,-0.5));
#14960=CARTESIAN_POINT('',(26.7091753675097,13.6292682926829,-0.5));
#14961=CARTESIAN_POINT('',(26.7091753675097,13.6292682926829,4.));
#14962=CARTESIAN_POINT('',(24.,12.4,4.));
#14963=CARTESIAN_POINT('',(-24.,12.4,4.));
#14964=CARTESIAN_POINT('',(-24.,12.4,4.));
#14965=CARTESIAN_POINT('',(-24.,12.4,4.));
#14966=CARTESIAN_POINT('',(-24.,12.4,4.));
#14967=CARTESIAN_POINT('',(20.,12.,3.6));
#14968=CARTESIAN_POINT('',(-4.91455027589171,18.7,0.9));
#14969=CARTESIAN_POINT('',(-4.91455027589171,19.2,0.9));
#14970=CARTESIAN_POINT('',(-4.91455027589171,19.2,4.));
#14971=CARTESIAN_POINT('',(-4.91455027589171,18.7,4.));
#14972=CARTESIAN_POINT('',(-5.29082463249029,18.3707317073171,4.));
#14973=CARTESIAN_POINT('',(-5.29082463249029,18.3707317073171,0.9));
#14974=CARTESIAN_POINT('',(6.35075774975298,19.2,0.9));
#14975=CARTESIAN_POINT('',(3.46944695195361E-15,19.2,1.0842021724855E-16));
#14976=CARTESIAN_POINT('',(4.91455027589172,19.2,4.));
#14977=CARTESIAN_POINT('',(4.91455027589172,19.2,4.));
#14978=CARTESIAN_POINT('',(6.35075774975298,19.2,4.));
#14979=CARTESIAN_POINT('',(4.91455027589172,18.7,0.9));
#14980=CARTESIAN_POINT('',(5.29082463249029,18.3707317073171,0.9));
#14981=CARTESIAN_POINT('',(5.29082463249029,18.3707317073171,4.));
#14982=CARTESIAN_POINT('',(4.91455027589172,18.7,4.));
#14983=CARTESIAN_POINT('',(8.,16.,0.9));
#14984=CARTESIAN_POINT('',(8.,16.,4.));
#14985=CARTESIAN_POINT('',(5.29082463249026,13.6292682926829,4.));
#14986=CARTESIAN_POINT('',(5.29082463249026,13.6292682926829,0.9));
#14987=CARTESIAN_POINT('',(-8.,16.,0.9));
#14988=CARTESIAN_POINT('',(-8.,16.,4.));
#14989=CARTESIAN_POINT('',(-5.29082463249026,13.6292682926829,4.));
#14990=CARTESIAN_POINT('',(-5.29082463249026,13.6292682926829,0.9));
#14991=CARTESIAN_POINT('',(-11.0854497241083,18.7,0.9));
#14992=CARTESIAN_POINT('',(-10.7091753675097,18.3707317073171,0.9));
#14993=CARTESIAN_POINT('',(-10.7091753675097,18.3707317073171,4.));
#14994=CARTESIAN_POINT('',(-11.0854497241083,18.7,4.));
#14995=CARTESIAN_POINT('',(-11.0854497241083,19.2,4.));
#14996=CARTESIAN_POINT('',(-11.0854497241083,19.2,4.));
#14997=CARTESIAN_POINT('',(-8.,16.,0.9));
#14998=CARTESIAN_POINT('',(-10.7091753675097,13.6292682926829,0.9));
#14999=CARTESIAN_POINT('',(-10.7091753675097,13.6292682926829,4.));
#15000=CARTESIAN_POINT('',(-8.,16.,4.));
#15001=CARTESIAN_POINT('',(-24.,16.,0.9));
#15002=CARTESIAN_POINT('',(-21.2908246324903,18.3707317073171,0.9));
#15003=CARTESIAN_POINT('',(-21.2908246324903,18.3707317073171,4.));
#15004=CARTESIAN_POINT('',(-24.,16.,4.));
#15005=CARTESIAN_POINT('',(-21.2908246324902,13.6292682926829,4.));
#15006=CARTESIAN_POINT('',(-21.2908246324902,13.6292682926829,0.9));
#15007=CARTESIAN_POINT('',(-20.9145502758917,18.7,0.9));
#15008=CARTESIAN_POINT('',(-20.9145502758917,19.2,0.9));
#15009=CARTESIAN_POINT('',(-20.9145502758917,19.2,4.));
#15010=CARTESIAN_POINT('',(-20.9145502758917,18.7,4.));
#15011=CARTESIAN_POINT('',(-9.64924225024699,19.2,0.9));
#15012=CARTESIAN_POINT('',(-16.,19.2,1.0842021724855E-16));
#15013=CARTESIAN_POINT('',(-9.64924225024699,19.2,4.));
#15014=CARTESIAN_POINT('',(8.,16.,0.9));
#15015=CARTESIAN_POINT('',(10.7091753675097,18.3707317073171,0.9));
#15016=CARTESIAN_POINT('',(10.7091753675097,18.3707317073171,4.));
#15017=CARTESIAN_POINT('',(8.,16.,4.));
#15018=CARTESIAN_POINT('',(10.7091753675097,13.6292682926829,4.));
#15019=CARTESIAN_POINT('',(10.7091753675097,13.6292682926829,0.9));
#15020=CARTESIAN_POINT('',(11.0854497241083,18.7,0.9));
#15021=CARTESIAN_POINT('',(11.0854497241083,19.2,0.9));
#15022=CARTESIAN_POINT('',(11.0854497241083,19.2,4.));
#15023=CARTESIAN_POINT('',(11.0854497241083,18.7,4.));
#15024=CARTESIAN_POINT('',(22.350757749753,19.2,0.9));
#15025=CARTESIAN_POINT('',(16.,19.2,1.0842021724855E-16));
#15026=CARTESIAN_POINT('',(20.9145502758917,19.2,4.));
#15027=CARTESIAN_POINT('',(20.9145502758917,19.2,4.));
#15028=CARTESIAN_POINT('',(22.350757749753,19.2,4.));
#15029=CARTESIAN_POINT('',(20.9145502758917,18.7,0.9));
#15030=CARTESIAN_POINT('',(21.2908246324903,18.3707317073171,0.9));
#15031=CARTESIAN_POINT('',(21.2908246324903,18.3707317073171,4.));
#15032=CARTESIAN_POINT('',(20.9145502758917,18.7,4.));
#15033=CARTESIAN_POINT('',(24.,16.,0.9));
#15034=CARTESIAN_POINT('',(24.,16.,4.));
#15035=CARTESIAN_POINT('',(21.2908246324903,13.6292682926829,4.));
#15036=CARTESIAN_POINT('',(21.2908246324903,13.6292682926829,0.9));
#15037=CARTESIAN_POINT('',(4.91455027589168,13.3,0.9));
#15038=CARTESIAN_POINT('',(4.91455027589168,13.3,4.));
#15039=CARTESIAN_POINT('',(-11.0854497241083,13.3,0.9));
#15040=CARTESIAN_POINT('',(-11.0854497241083,13.3,4.));
#15041=CARTESIAN_POINT('',(20.9145502758917,13.3,0.9));
#15042=CARTESIAN_POINT('',(20.9145502758917,13.3,4.));
#15043=CARTESIAN_POINT('',(24.,16.,4.));
#15044=CARTESIAN_POINT('',(-20.9145502758917,13.3,4.));
#15045=CARTESIAN_POINT('',(-4.91455027589169,13.3,4.));
#15046=CARTESIAN_POINT('',(11.0854497241083,13.3,4.));
#15047=CARTESIAN_POINT('',(11.0854497241083,13.3,0.9));
#15048=CARTESIAN_POINT('',(-20.9145502758917,13.3,0.9));
#15049=CARTESIAN_POINT('',(-4.91455027589169,13.3,0.9));
#15050=CARTESIAN_POINT('',(6.35075774975299,19.2,-0.9));
#15051=CARTESIAN_POINT('',(3.46944695195361E-15,19.2,1.0842021724855E-16));
#15052=CARTESIAN_POINT('',(-4.91455027589173,19.2,-4.));
#15053=CARTESIAN_POINT('',(4.91455027589173,19.2,-0.9));
#15054=CARTESIAN_POINT('',(-8.,16.,-0.9));
#15055=CARTESIAN_POINT('',(-4.80989035860949,14.3317073170732,-0.9));
#15056=CARTESIAN_POINT('',(-5.2908246324903,18.3707317073171,-0.9));
#15057=CARTESIAN_POINT('',(5.31671842700028,13.6,-0.9));
#15058=CARTESIAN_POINT('',(3.46944695195361E-15,13.6,1.0842021724855E-16));
#15059=CARTESIAN_POINT('',(4.36681957508303,13.6,-4.));
#15060=CARTESIAN_POINT('',(-4.36681957508302,13.6,-0.9));
#15061=CARTESIAN_POINT('',(8.,16.,-0.9));
#15062=CARTESIAN_POINT('',(5.2908246324903,18.3707317073171,-0.9));
#15063=CARTESIAN_POINT('',(4.80989035860949,14.3317073170732,-0.9));
#15064=CARTESIAN_POINT('',(22.350757749753,19.2,-0.9));
#15065=CARTESIAN_POINT('',(16.,19.2,1.0842021724855E-16));
#15066=CARTESIAN_POINT('',(11.0854497241083,19.2,-4.));
#15067=CARTESIAN_POINT('',(20.9145502758917,19.2,-0.9));
#15068=CARTESIAN_POINT('',(24.,16.,-0.9));
#15069=CARTESIAN_POINT('',(20.8098903586095,14.3317073170732,-0.9));
#15070=CARTESIAN_POINT('',(21.2908246324903,18.3707317073171,-0.9));
#15071=CARTESIAN_POINT('',(21.3167184270003,13.6,-0.9));
#15072=CARTESIAN_POINT('',(16.,13.6,1.0842021724855E-16));
#15073=CARTESIAN_POINT('',(20.366819575083,13.6,-4.));
#15074=CARTESIAN_POINT('',(11.633180424917,13.6,-0.9));
#15075=CARTESIAN_POINT('',(8.,16.,-0.9));
#15076=CARTESIAN_POINT('',(10.7091753675097,18.3707317073171,-0.9));
#15077=CARTESIAN_POINT('',(11.1901096413905,14.3317073170732,-0.9));
#15078=CARTESIAN_POINT('',(-8.,16.,-0.9));
#15079=CARTESIAN_POINT('',(-11.1901096413905,14.3317073170732,-0.9));
#15080=CARTESIAN_POINT('',(-10.7091753675097,18.3707317073171,-0.9));
#15081=CARTESIAN_POINT('',(-10.6832815729997,13.6,-0.9));
#15082=CARTESIAN_POINT('',(-16.,13.6,1.0842021724855E-16));
#15083=CARTESIAN_POINT('',(-11.633180424917,13.6,-4.));
#15084=CARTESIAN_POINT('',(-20.366819575083,13.6,-0.9));
#15085=CARTESIAN_POINT('',(-24.,16.,-0.9));
#15086=CARTESIAN_POINT('',(-21.2908246324903,18.3707317073171,-0.9));
#15087=CARTESIAN_POINT('',(-20.8098903586095,14.3317073170732,-0.9));
#15088=CARTESIAN_POINT('',(-9.649242250247,19.2,-0.9));
#15089=CARTESIAN_POINT('',(-16.,19.2,1.0842021724855E-16));
#15090=CARTESIAN_POINT('',(-20.9145502758917,19.2,-4.));
#15091=CARTESIAN_POINT('',(-11.0854497241083,19.2,-0.9));
#15092=CARTESIAN_POINT('',(20.9145502758917,18.7,-0.9));
#15093=CARTESIAN_POINT('',(-20.366819575083,14.1,-0.9));
#15094=CARTESIAN_POINT('',(-20.9145502758917,18.7,-0.9));
#15095=CARTESIAN_POINT('',(-11.0854497241083,18.7,-0.9));
#15096=CARTESIAN_POINT('',(-11.633180424917,14.1,-0.9));
#15097=CARTESIAN_POINT('',(4.36681957508303,14.1,-0.9));
#15098=CARTESIAN_POINT('',(4.91455027589173,18.7,-0.9));
#15099=CARTESIAN_POINT('',(-4.91455027589173,18.7,-0.9));
#15100=CARTESIAN_POINT('',(-4.36681957508302,14.1,-0.9));
#15101=CARTESIAN_POINT('',(11.633180424917,14.1,-0.9));
#15102=CARTESIAN_POINT('',(11.0854497241083,18.7,-0.9));
#15103=CARTESIAN_POINT('',(20.366819575083,14.1,-0.9));
#15104=CARTESIAN_POINT('',(16.,-12.8,1.0842021724855E-16));
#15105=CARTESIAN_POINT('',(16.,-12.8,1.0842021724855E-16));
#15106=CARTESIAN_POINT('',(3.46944695195361E-15,-12.8,1.0842021724855E-16));
#15107=CARTESIAN_POINT('',(3.46944695195361E-15,-12.8,1.0842021724855E-16));
#15108=CARTESIAN_POINT('',(-16.,-12.8,1.0842021724855E-16));
#15109=CARTESIAN_POINT('',(-16.,-12.8,1.0842021724855E-16));
#15110=CARTESIAN_POINT('',(16.,12.8,1.0842021724855E-16));
#15111=CARTESIAN_POINT('',(16.,12.8,1.0842021724855E-16));
#15112=CARTESIAN_POINT('',(3.46944695195361E-15,12.8,1.0842021724855E-16));
#15113=CARTESIAN_POINT('',(3.46944695195361E-15,12.8,1.0842021724855E-16));
#15114=CARTESIAN_POINT('',(-16.,12.8,1.0842021724855E-16));
#15115=CARTESIAN_POINT('',(-16.,12.8,1.0842021724855E-16));
#15116=CARTESIAN_POINT('',(-16.,12.8,0.));
#15117=CARTESIAN_POINT('',(-16.,19.2,0.));
#15118=CARTESIAN_POINT('',(-16.,19.2,3.1));
#15119=CARTESIAN_POINT('',(-12.9,19.2,0.));
#15120=CARTESIAN_POINT('',(-16.,19.2,0.));
#15121=CARTESIAN_POINT('',(-16.,19.2,2.4));
#15122=CARTESIAN_POINT('',(-16.,12.8,0.));
#15123=CARTESIAN_POINT('',(28.,8.,0.));
#15124=CARTESIAN_POINT('',(20.8,8.,0.));
#15125=CARTESIAN_POINT('',(20.8,4.9,-1.40016002998084E-15));
#15126=CARTESIAN_POINT('',(20.8,11.1,-1.95943487863577E-15));
#15127=CARTESIAN_POINT('',(20.8,4.9,-1.40016002998084E-15));
#15128=CARTESIAN_POINT('',(20.8,11.1,-1.95943487863577E-15));
#15129=CARTESIAN_POINT('',(20.8,11.1,0.));
#15130=CARTESIAN_POINT('',(20.8,8.,0.));
#15131=CARTESIAN_POINT('',(20.8,8.,2.4));
#15132=CARTESIAN_POINT('',(20.8,11.1,-1.95943487863577E-15));
#15133=CARTESIAN_POINT('',(20.8,4.9,-1.40016002998084E-15));
#15134=CARTESIAN_POINT('',(28.,8.,0.));
#15135=CARTESIAN_POINT('',(27.2,8.,0.));
#15136=CARTESIAN_POINT('',(27.2,8.,2.4));
#15137=CARTESIAN_POINT('',(27.2,10.4,0.));
#15138=CARTESIAN_POINT('',(27.2,8.,0.));
#15139=CARTESIAN_POINT('',(27.2,8.,3.1));
#15140=CARTESIAN_POINT('',(28.,8.,0.));
#15141=CARTESIAN_POINT('',(20.8,-4.9,-1.95943487863577E-15));
#15142=CARTESIAN_POINT('',(20.8,-11.1,-1.40016002998084E-15));
#15143=CARTESIAN_POINT('',(20.8,3.1,-1.95943487863577E-15));
#15144=CARTESIAN_POINT('',(20.8,-3.1,-1.40016002998084E-15));
#15145=CARTESIAN_POINT('',(20.8,11.1,-1.95943487863577E-15));
#15146=CARTESIAN_POINT('',(20.8,4.9,-1.40016002998084E-15));
#15147=CARTESIAN_POINT('',(-20.8,-4.9,-3.6));
#15148=CARTESIAN_POINT('',(-20.8,-11.1,-1.40016002998084E-15));
#15149=CARTESIAN_POINT('',(-20.8,3.1,-3.6));
#15150=CARTESIAN_POINT('',(-20.8,-3.1,-1.40016002998084E-15));
#15151=CARTESIAN_POINT('',(-20.8,11.1,-3.6));
#15152=CARTESIAN_POINT('',(-20.8,4.9,-1.40016002998084E-15));
#15153=CARTESIAN_POINT('',(-24.9,0.,0.));
#15154=CARTESIAN_POINT('',(-24.9,2.26274169979695,2.8));
#15155=CARTESIAN_POINT('',(-24.9,4.60588745030457,2.8));
#15156=CARTESIAN_POINT('',(-24.9,3.39411254969543,2.8));
#15157=CARTESIAN_POINT('',(-24.9,4.60588745030457,2.3));
#15158=CARTESIAN_POINT('',(-24.9,5.01980361490157,2.01951219512195));
#15159=CARTESIAN_POINT('',(-24.9,8.,0.));
#15160=CARTESIAN_POINT('',(-24.9,5.01980361490157,-2.01951219512195));
#15161=CARTESIAN_POINT('',(-24.9,4.60588745030457,-2.3));
#15162=CARTESIAN_POINT('',(-24.9,4.60588745030457,-2.8));
#15163=CARTESIAN_POINT('',(-24.9,2.26274169979695,-2.8));
#15164=CARTESIAN_POINT('',(-24.9,3.39411254969543,-2.8));
#15165=CARTESIAN_POINT('',(-24.9,3.39411254969543,-2.3));
#15166=CARTESIAN_POINT('',(-24.9,2.98019638509842,-2.01951219512195));
#15167=CARTESIAN_POINT('',(-24.9,0.,0.));
#15168=CARTESIAN_POINT('',(-24.9,2.98019638509842,2.01951219512195));
#15169=CARTESIAN_POINT('',(-24.9,3.39411254969543,2.3));
#15170=CARTESIAN_POINT('',(-24.9,0.,0.));
#15171=CARTESIAN_POINT('',(-24.9,2.98019638509842,2.01951219512195));
#15172=CARTESIAN_POINT('',(-24.9,2.98019638509842,-2.01951219512195));
#15173=CARTESIAN_POINT('',(-24.9,2.26274169979695,-2.8));
#15174=CARTESIAN_POINT('',(-28.,4.60588745030457,-2.8));
#15175=CARTESIAN_POINT('',(-24.9,3.39411254969543,-2.8));
#15176=CARTESIAN_POINT('',(-24.9,8.,0.));
#15177=CARTESIAN_POINT('',(-24.9,5.01980361490157,2.01951219512195));
#15178=CARTESIAN_POINT('',(-24.9,5.01980361490157,-2.01951219512195));
#15179=CARTESIAN_POINT('',(-24.9,2.26274169979695,2.8));
#15180=CARTESIAN_POINT('',(-24.9,4.60588745030457,2.8));
#15181=CARTESIAN_POINT('',(-28.,3.39411254969543,2.8));
#15182=CARTESIAN_POINT('',(-24.9,-8.,-1.95943487863577E-15));
#15183=CARTESIAN_POINT('',(-24.9,-8.,-1.95943487863577E-15));
#15184=CARTESIAN_POINT('',(-24.9,-5.01980361490158,-2.01951219512195));
#15185=CARTESIAN_POINT('',(-24.9,-5.01980361490158,2.01951219512195));
#15186=CARTESIAN_POINT('',(-24.9,-4.60588745030458,2.3));
#15187=CARTESIAN_POINT('',(-24.9,-4.60588745030458,2.8));
#15188=CARTESIAN_POINT('',(-24.9,-3.81910828025479,2.8));
#15189=CARTESIAN_POINT('',(-24.9,-3.39411254969543,2.8));
#15190=CARTESIAN_POINT('',(-24.9,-3.39411254969543,2.3));
#15191=CARTESIAN_POINT('',(-24.9,-2.98019638509842,2.01951219512195));
#15192=CARTESIAN_POINT('',(-24.9,0.,0.));
#15193=CARTESIAN_POINT('',(-24.9,-2.98019638509842,-2.01951219512195));
#15194=CARTESIAN_POINT('',(-24.9,-3.39411254969543,-2.3));
#15195=CARTESIAN_POINT('',(-24.9,-3.39411254969543,-2.8));
#15196=CARTESIAN_POINT('',(-24.9,-4.4183439490446,-2.8));
#15197=CARTESIAN_POINT('',(-24.9,-4.60588745030457,-2.8));
#15198=CARTESIAN_POINT('',(-24.9,-4.60588745030457,-2.3));
#15199=CARTESIAN_POINT('',(-24.9,-4.4183439490446,-2.8));
#15200=CARTESIAN_POINT('',(-28.,-3.39411254969543,-2.8));
#15201=CARTESIAN_POINT('',(-24.9,-4.60588745030457,-2.8));
#15202=CARTESIAN_POINT('',(-24.9,-8.,-1.95943487863577E-15));
#15203=CARTESIAN_POINT('',(-24.9,-5.01980361490158,2.01951219512195));
#15204=CARTESIAN_POINT('',(-24.9,-5.01980361490158,-2.01951219512195));
#15205=CARTESIAN_POINT('',(-24.9,-3.81910828025479,2.8));
#15206=CARTESIAN_POINT('',(-28.,-4.60588745030458,2.8));
#15207=CARTESIAN_POINT('',(-24.9,-3.39411254969543,2.8));
#15208=CARTESIAN_POINT('',(-24.9,0.,0.));
#15209=CARTESIAN_POINT('',(-24.9,-2.98019638509842,2.01951219512195));
#15210=CARTESIAN_POINT('',(-24.9,-2.98019638509842,-2.01951219512195));
#15211=CARTESIAN_POINT('',(-24.9,-4.60588745030457,-2.3));
#15212=CARTESIAN_POINT('',(-24.9,3.39411254969543,-2.3));
#15213=CARTESIAN_POINT('',(-24.9,-3.39411254969543,-2.3));
#15214=CARTESIAN_POINT('',(-24.9,4.60588745030457,-2.3));
#15215=CARTESIAN_POINT('',(-24.9,3.39411254969543,2.3));
#15216=CARTESIAN_POINT('',(-24.9,4.60588745030457,2.3));
#15217=CARTESIAN_POINT('',(-24.9,-3.39411254969543,2.3));
#15218=CARTESIAN_POINT('',(-24.9,-4.60588745030458,2.3));
#15219=CARTESIAN_POINT('',(-40.,-40.,6.90501258601706E-15));
#15220=CARTESIAN_POINT('',(-40.,12.8,6.90501258601706E-15));
#15221=CARTESIAN_POINT('',(-40.,12.,0.));
#15222=CARTESIAN_POINT('',(-40.,19.2,0.));
#15223=CARTESIAN_POINT('',(-40.,19.2,-3.1));
#15224=CARTESIAN_POINT('',(-43.1,19.2,0.));
#15225=CARTESIAN_POINT('',(-40.,19.2,0.));
#15226=CARTESIAN_POINT('',(-40.,19.2,-2.4));
#15227=CARTESIAN_POINT('',(-40.,12.,0.));
#15228=CARTESIAN_POINT('',(-40.,12.8,0.));
#15229=CARTESIAN_POINT('',(-40.,12.8,-2.4));
#15230=CARTESIAN_POINT('',(-43.1,12.8,0.));
#15231=CARTESIAN_POINT('',(-40.,12.8,3.6));
#15232=CARTESIAN_POINT('',(-40.,12.8,3.10000000000001));
#15233=CARTESIAN_POINT('',(-40.,12.8,-3.1));
#15234=CARTESIAN_POINT('',(-40.,12.8,-3.1));
#15235=CARTESIAN_POINT('',(-32.,12.8,-3.1));
#15236=CARTESIAN_POINT('',(-40.,12.8,3.10000000000001));
#15237=CARTESIAN_POINT('',(-36.2911451911221,16.9,-2.8));
#15238=CARTESIAN_POINT('',(-35.3941125496954,20.,-2.8));
#15239=CARTESIAN_POINT('',(-35.3941125496954,16.9,-2.8));
#15240=CARTESIAN_POINT('',(-36.6058874503046,16.9,-2.8));
#15241=CARTESIAN_POINT('',(-36.6058874503046,16.9,-2.8));
#15242=CARTESIAN_POINT('',(-36.2911451911221,16.9,-2.8));
#15243=CARTESIAN_POINT('',(-32.,16.9,0.));
#15244=CARTESIAN_POINT('',(-34.9801963850984,16.9,-2.01951219512195));
#15245=CARTESIAN_POINT('',(-34.9801963850984,16.9,-2.01951219512195));
#15246=CARTESIAN_POINT('',(-32.,16.9,0.));
#15247=CARTESIAN_POINT('',(-34.9801963850984,16.9,2.01951219512195));
#15248=CARTESIAN_POINT('',(-34.9801963850984,16.9,2.01951219512195));
#15249=CARTESIAN_POINT('',(-35.9877003699137,16.9,2.8));
#15250=CARTESIAN_POINT('',(-35.3941125496954,16.9,2.8));
#15251=CARTESIAN_POINT('',(-35.3941125496954,16.9,2.8));
#15252=CARTESIAN_POINT('',(-35.9877003699137,16.9,2.8));
#15253=CARTESIAN_POINT('',(-36.6058874503046,16.9,2.8));
#15254=CARTESIAN_POINT('',(-36.6058874503046,20.,2.8));
#15255=CARTESIAN_POINT('',(-40.,16.9,0.));
#15256=CARTESIAN_POINT('',(-37.0198036149016,16.9,-2.01951219512195));
#15257=CARTESIAN_POINT('',(-37.0198036149016,16.9,-2.01951219512195));
#15258=CARTESIAN_POINT('',(-37.0198036149016,16.9,2.01951219512195));
#15259=CARTESIAN_POINT('',(-37.0198036149016,16.9,2.01951219512195));
#15260=CARTESIAN_POINT('',(-40.,16.9,0.));
#15261=CARTESIAN_POINT('',(-32.,16.9,0.));
#15262=CARTESIAN_POINT('',(-36.6058874503046,16.9,-2.3));
#15263=CARTESIAN_POINT('',(-36.6058874503046,16.9,2.3));
#15264=CARTESIAN_POINT('',(-35.3941125496954,16.9,2.3));
#15265=CARTESIAN_POINT('',(-35.3941125496954,16.9,-2.3));
#15266=CARTESIAN_POINT('',(-35.3941125496954,16.9,-2.3));
#15267=CARTESIAN_POINT('',(-35.3941125496954,16.9,2.3));
#15268=CARTESIAN_POINT('',(-36.6058874503046,16.9,2.3));
#15269=CARTESIAN_POINT('',(-36.6058874503046,16.9,-2.3));
#15270=CARTESIAN_POINT('',(-32.,12.8,-3.1));
#15271=CARTESIAN_POINT('',(-40.,12.8,-3.1));
#15272=CARTESIAN_POINT('',(-40.,12.8,-3.1));
#15273=CARTESIAN_POINT('',(-40.,12.8,3.6));
#15274=CARTESIAN_POINT('',(-40.,12.8,3.10000000000001));
#15275=CARTESIAN_POINT('',(-40.,12.8,3.10000000000001));
#15276=CARTESIAN_POINT('',(-40.,40.,6.90501258601706E-15));
#15277=CARTESIAN_POINT('',(-40.,-12.8,6.90501258601706E-15));
#15278=CARTESIAN_POINT('',(-43.1,-12.8,0.));
#15279=CARTESIAN_POINT('',(-40.,-12.8,0.));
#15280=CARTESIAN_POINT('',(-40.,-12.8,-2.4));
#15281=CARTESIAN_POINT('',(-32.,-12.8,3.10000000000001));
#15282=CARTESIAN_POINT('',(-40.,-12.8,3.1));
#15283=CARTESIAN_POINT('',(-40.,-12.8,-3.1));
#15284=CARTESIAN_POINT('',(-40.,-12.8,-3.1));
#15285=CARTESIAN_POINT('',(-40.,-12.8,-3.6));
#15286=CARTESIAN_POINT('',(-40.,-12.8,3.10000000000001));
#15287=CARTESIAN_POINT('',(-40.,-12.,0.));
#15288=CARTESIAN_POINT('',(-40.,-19.2,0.));
#15289=CARTESIAN_POINT('',(-40.,-19.2,-2.4));
#15290=CARTESIAN_POINT('',(-42.4,-19.2,0.));
#15291=CARTESIAN_POINT('',(-40.,-19.2,0.));
#15292=CARTESIAN_POINT('',(-40.,-19.2,-3.1));
#15293=CARTESIAN_POINT('',(-40.,-12.,0.));
#15294=CARTESIAN_POINT('',(-36.2911451911221,-16.9,-2.8));
#15295=CARTESIAN_POINT('',(-35.3941125496954,-16.9,-2.8));
#15296=CARTESIAN_POINT('',(-35.3941125496954,-16.9,-2.8));
#15297=CARTESIAN_POINT('',(-36.2911451911221,-16.9,-2.8));
#15298=CARTESIAN_POINT('',(-36.6058874503046,-16.9,-2.8));
#15299=CARTESIAN_POINT('',(-36.6058874503046,-20.,-2.8));
#15300=CARTESIAN_POINT('',(-40.,-16.9,0.));
#15301=CARTESIAN_POINT('',(-37.0198036149016,-16.9,-2.01951219512195));
#15302=CARTESIAN_POINT('',(-37.0198036149016,-16.9,-2.01951219512195));
#15303=CARTESIAN_POINT('',(-40.,-16.9,0.));
#15304=CARTESIAN_POINT('',(-37.0198036149016,-16.9,2.01951219512195));
#15305=CARTESIAN_POINT('',(-37.0198036149016,-16.9,2.01951219512195));
#15306=CARTESIAN_POINT('',(-35.9877003699137,-16.9,2.8));
#15307=CARTESIAN_POINT('',(-35.3941125496954,-20.,2.8));
#15308=CARTESIAN_POINT('',(-35.3941125496954,-16.9,2.8));
#15309=CARTESIAN_POINT('',(-36.6058874503046,-16.9,2.8));
#15310=CARTESIAN_POINT('',(-36.6058874503046,-16.9,2.8));
#15311=CARTESIAN_POINT('',(-37.737258300203,-16.9,2.8));
#15312=CARTESIAN_POINT('',(-32.,-16.9,0.));
#15313=CARTESIAN_POINT('',(-34.9801963850984,-16.9,-2.01951219512195));
#15314=CARTESIAN_POINT('',(-34.9801963850984,-16.9,-2.01951219512195));
#15315=CARTESIAN_POINT('',(-34.9801963850984,-16.9,2.01951219512195));
#15316=CARTESIAN_POINT('',(-34.9801963850984,-16.9,2.01951219512195));
#15317=CARTESIAN_POINT('',(-32.,-16.9,0.));
#15318=CARTESIAN_POINT('',(-40.,-16.9,0.));
#15319=CARTESIAN_POINT('',(-35.3941125496954,-16.9,-2.3));
#15320=CARTESIAN_POINT('',(-35.3941125496954,-16.9,2.3));
#15321=CARTESIAN_POINT('',(-36.6058874503046,-16.9,2.3));
#15322=CARTESIAN_POINT('',(-36.6058874503046,-16.9,-2.3));
#15323=CARTESIAN_POINT('',(-35.3941125496954,-16.9,-2.3));
#15324=CARTESIAN_POINT('',(-35.3941125496954,-16.9,2.3));
#15325=CARTESIAN_POINT('',(-36.6058874503046,-16.9,2.3));
#15326=CARTESIAN_POINT('',(-36.6058874503046,-16.9,-2.3));
#15327=CARTESIAN_POINT('',(-40.,-12.8,-3.1));
#15328=CARTESIAN_POINT('',(-40.,-12.8,-3.1));
#15329=CARTESIAN_POINT('',(-32.,-12.8,3.10000000000001));
#15330=CARTESIAN_POINT('',(-40.,-12.8,3.10000000000001));
#15331=CARTESIAN_POINT('',(-40.,-12.8,3.10000000000001));
#15332=CARTESIAN_POINT('',(-40.,-12.8,-3.6));
#15333=CARTESIAN_POINT('',(40.,-40.,6.90501258601706E-15));
#15334=CARTESIAN_POINT('',(40.,12.8,6.90501258601706E-15));
#15335=CARTESIAN_POINT('',(43.1,12.8,0.));
#15336=CARTESIAN_POINT('',(40.,12.8,0.));
#15337=CARTESIAN_POINT('',(40.,12.8,2.4));
#15338=CARTESIAN_POINT('',(32.,12.8,3.10000000000001));
#15339=CARTESIAN_POINT('',(40.,12.8,3.10000000000001));
#15340=CARTESIAN_POINT('',(40.,12.8,-3.1));
#15341=CARTESIAN_POINT('',(40.,12.8,-3.1));
#15342=CARTESIAN_POINT('',(40.,12.8,-3.6));
#15343=CARTESIAN_POINT('',(40.,12.8,3.10000000000001));
#15344=CARTESIAN_POINT('',(40.,12.,0.));
#15345=CARTESIAN_POINT('',(40.,19.2,0.));
#15346=CARTESIAN_POINT('',(40.,19.2,2.4));
#15347=CARTESIAN_POINT('',(42.4,19.2,0.));
#15348=CARTESIAN_POINT('',(40.,19.2,0.));
#15349=CARTESIAN_POINT('',(40.,19.2,3.1));
#15350=CARTESIAN_POINT('',(40.,12.,0.));
#15351=CARTESIAN_POINT('',(36.2911451911221,16.9,-2.8));
#15352=CARTESIAN_POINT('',(35.3941125496954,16.9,-2.8));
#15353=CARTESIAN_POINT('',(35.3941125496954,16.9,-2.8));
#15354=CARTESIAN_POINT('',(36.2911451911221,16.9,-2.8));
#15355=CARTESIAN_POINT('',(36.6058874503046,16.9,-2.8));
#15356=CARTESIAN_POINT('',(36.6058874503046,20.,-2.8));
#15357=CARTESIAN_POINT('',(40.,16.9,0.));
#15358=CARTESIAN_POINT('',(37.0198036149016,16.9,-2.01951219512195));
#15359=CARTESIAN_POINT('',(37.0198036149016,16.9,-2.01951219512195));
#15360=CARTESIAN_POINT('',(40.,16.9,0.));
#15361=CARTESIAN_POINT('',(37.0198036149016,16.9,2.01951219512195));
#15362=CARTESIAN_POINT('',(37.0198036149016,16.9,2.01951219512195));
#15363=CARTESIAN_POINT('',(35.9877003699137,16.9,2.8));
#15364=CARTESIAN_POINT('',(35.3941125496954,20.,2.8));
#15365=CARTESIAN_POINT('',(35.3941125496954,16.9,2.8));
#15366=CARTESIAN_POINT('',(36.6058874503046,16.9,2.8));
#15367=CARTESIAN_POINT('',(36.6058874503046,16.9,2.8));
#15368=CARTESIAN_POINT('',(37.737258300203,16.9,2.8));
#15369=CARTESIAN_POINT('',(32.,16.9,0.));
#15370=CARTESIAN_POINT('',(34.9801963850984,16.9,-2.01951219512195));
#15371=CARTESIAN_POINT('',(34.9801963850984,16.9,-2.01951219512195));
#15372=CARTESIAN_POINT('',(34.9801963850984,16.9,2.01951219512195));
#15373=CARTESIAN_POINT('',(34.9801963850984,16.9,2.01951219512195));
#15374=CARTESIAN_POINT('',(32.,16.9,0.));
#15375=CARTESIAN_POINT('',(40.,16.9,0.));
#15376=CARTESIAN_POINT('',(35.3941125496954,16.9,-2.3));
#15377=CARTESIAN_POINT('',(35.3941125496954,16.9,2.3));
#15378=CARTESIAN_POINT('',(36.6058874503046,16.9,2.3));
#15379=CARTESIAN_POINT('',(36.6058874503046,16.9,-2.3));
#15380=CARTESIAN_POINT('',(35.3941125496954,16.9,-2.3));
#15381=CARTESIAN_POINT('',(35.3941125496954,16.9,2.3));
#15382=CARTESIAN_POINT('',(36.6058874503046,16.9,2.3));
#15383=CARTESIAN_POINT('',(36.6058874503046,16.9,-2.3));
#15384=CARTESIAN_POINT('',(40.,12.8,-3.1));
#15385=CARTESIAN_POINT('',(40.,12.8,-3.1));
#15386=CARTESIAN_POINT('',(32.,12.8,3.10000000000001));
#15387=CARTESIAN_POINT('',(40.,12.8,3.10000000000001));
#15388=CARTESIAN_POINT('',(40.,12.8,3.10000000000001));
#15389=CARTESIAN_POINT('',(40.,12.8,-3.6));
#15390=CARTESIAN_POINT('',(40.,40.,6.90501258601706E-15));
#15391=CARTESIAN_POINT('',(40.,-12.8,6.90501258601706E-15));
#15392=CARTESIAN_POINT('',(40.,-12.,0.));
#15393=CARTESIAN_POINT('',(40.,-19.2,0.));
#15394=CARTESIAN_POINT('',(40.,-19.2,3.1));
#15395=CARTESIAN_POINT('',(43.1,-19.2,0.));
#15396=CARTESIAN_POINT('',(40.,-19.2,0.));
#15397=CARTESIAN_POINT('',(40.,-19.2,2.4));
#15398=CARTESIAN_POINT('',(40.,-12.,0.));
#15399=CARTESIAN_POINT('',(40.,-12.8,0.));
#15400=CARTESIAN_POINT('',(40.,-12.8,2.4));
#15401=CARTESIAN_POINT('',(42.4,-12.8,0.));
#15402=CARTESIAN_POINT('',(40.,-12.8,3.6));
#15403=CARTESIAN_POINT('',(40.,-12.8,3.1));
#15404=CARTESIAN_POINT('',(40.,-12.8,-3.1));
#15405=CARTESIAN_POINT('',(40.,-12.8,-3.1));
#15406=CARTESIAN_POINT('',(32.,-12.8,-3.1));
#15407=CARTESIAN_POINT('',(40.,-12.8,3.10000000000001));
#15408=CARTESIAN_POINT('',(36.2911451911221,-16.9,-2.8));
#15409=CARTESIAN_POINT('',(35.3941125496954,-20.,-2.8));
#15410=CARTESIAN_POINT('',(35.3941125496954,-16.9,-2.8));
#15411=CARTESIAN_POINT('',(36.6058874503046,-16.9,-2.8));
#15412=CARTESIAN_POINT('',(36.6058874503046,-16.9,-2.8));
#15413=CARTESIAN_POINT('',(36.2911451911221,-16.9,-2.8));
#15414=CARTESIAN_POINT('',(32.,-16.9,0.));
#15415=CARTESIAN_POINT('',(34.9801963850984,-16.9,-2.01951219512195));
#15416=CARTESIAN_POINT('',(34.9801963850984,-16.9,-2.01951219512195));
#15417=CARTESIAN_POINT('',(32.,-16.9,0.));
#15418=CARTESIAN_POINT('',(34.9801963850984,-16.9,2.01951219512195));
#15419=CARTESIAN_POINT('',(34.9801963850984,-16.9,2.01951219512195));
#15420=CARTESIAN_POINT('',(35.9877003699137,-16.9,2.8));
#15421=CARTESIAN_POINT('',(35.3941125496954,-16.9,2.8));
#15422=CARTESIAN_POINT('',(35.3941125496954,-16.9,2.8));
#15423=CARTESIAN_POINT('',(34.2627416997969,-16.9,2.8));
#15424=CARTESIAN_POINT('',(36.6058874503046,-16.9,2.8));
#15425=CARTESIAN_POINT('',(36.6058874503046,-20.,2.8));
#15426=CARTESIAN_POINT('',(40.,-16.9,0.));
#15427=CARTESIAN_POINT('',(37.0198036149016,-16.9,-2.01951219512195));
#15428=CARTESIAN_POINT('',(37.0198036149016,-16.9,-2.01951219512195));
#15429=CARTESIAN_POINT('',(37.0198036149016,-16.9,2.01951219512195));
#15430=CARTESIAN_POINT('',(37.0198036149016,-16.9,2.01951219512195));
#15431=CARTESIAN_POINT('',(40.,-16.9,0.));
#15432=CARTESIAN_POINT('',(32.,-16.9,0.));
#15433=CARTESIAN_POINT('',(36.6058874503046,-16.9,-2.3));
#15434=CARTESIAN_POINT('',(36.6058874503046,-16.9,2.3));
#15435=CARTESIAN_POINT('',(35.3941125496954,-16.9,2.3));
#15436=CARTESIAN_POINT('',(35.3941125496954,-16.9,-2.3));
#15437=CARTESIAN_POINT('',(35.3941125496954,-16.9,-2.3));
#15438=CARTESIAN_POINT('',(35.3941125496954,-16.9,2.3));
#15439=CARTESIAN_POINT('',(36.6058874503046,-16.9,2.3));
#15440=CARTESIAN_POINT('',(36.6058874503046,-16.9,-2.3));
#15441=CARTESIAN_POINT('',(32.,-12.8,-3.1));
#15442=CARTESIAN_POINT('',(40.,-12.8,-3.1));
#15443=CARTESIAN_POINT('',(40.,-12.8,-3.1));
#15444=CARTESIAN_POINT('',(40.,-12.8,3.6));
#15445=CARTESIAN_POINT('',(40.,-12.8,3.10000000000001));
#15446=CARTESIAN_POINT('',(40.,-12.8,3.10000000000001));
#15447=CARTESIAN_POINT('',(-27.6,-12.8,0.5));
#15448=CARTESIAN_POINT('',(-27.6,-19.2,0.5));
#15449=CARTESIAN_POINT('',(-27.0854497241083,-19.2,0.5));
#15450=CARTESIAN_POINT('',(-28.4348913060048,-19.2,0.5));
#15451=CARTESIAN_POINT('',(-27.0854497241083,-18.7,0.5));
#15452=CARTESIAN_POINT('',(-27.0854497241083,-13.3,0.5));
#15453=CARTESIAN_POINT('',(-27.0854497241083,-12.8,0.5));
#15454=CARTESIAN_POINT('',(-27.6,-12.8,0.5));
#15455=CARTESIAN_POINT('',(-28.4348913060048,-12.8,0.5));
#15456=CARTESIAN_POINT('',(-28.4348913060048,-12.8,0.5));
#15457=CARTESIAN_POINT('',(-32.,-12.8,0.));
#15458=CARTESIAN_POINT('',(-32.,-19.2,0.));
#15459=CARTESIAN_POINT('',(-32.,-12.8,0.));
#15460=CARTESIAN_POINT('',(-32.,-12.8,0.));
#15461=CARTESIAN_POINT('',(-27.0854497241083,-12.8,0.));
#15462=CARTESIAN_POINT('',(-32.,-19.2,0.));
#15463=CARTESIAN_POINT('',(-27.0854497241083,-19.2,0.5));
#15464=CARTESIAN_POINT('',(-27.0854497241083,-13.3,4.));
#15465=CARTESIAN_POINT('',(-27.0854497241083,-18.7,4.));
#15466=CARTESIAN_POINT('',(-32.,-12.8,0.));
#15467=CARTESIAN_POINT('',(-32.,-19.2,0.));
#15468=CARTESIAN_POINT('',(-28.4348913060048,-19.2,-0.5));
#15469=CARTESIAN_POINT('',(-32.,-12.8,0.));
#15470=CARTESIAN_POINT('',(-28.4348913060048,-12.8,-0.5));
#15471=CARTESIAN_POINT('',(-28.4348913060048,-12.8,-0.5));
#15472=CARTESIAN_POINT('',(-28.4348913060048,-12.8,-0.5));
#15473=CARTESIAN_POINT('',(-27.0854497241083,-18.7,-0.5));
#15474=CARTESIAN_POINT('',(-27.0854497241083,-19.2,-0.5));
#15475=CARTESIAN_POINT('',(-28.4348913060048,-19.2,-0.5));
#15476=CARTESIAN_POINT('',(-28.4348913060048,-12.8,-0.5));
#15477=CARTESIAN_POINT('',(-27.0854497241083,-12.8,-0.5));
#15478=CARTESIAN_POINT('',(-27.0854497241083,-13.3,-0.5));
#15479=CARTESIAN_POINT('',(-32.,-12.8,0.));
#15480=CARTESIAN_POINT('',(-27.0854497241083,-12.8,0.));
#15481=CARTESIAN_POINT('',(-32.,-19.2,0.));
#15482=CARTESIAN_POINT('',(-27.0854497241083,-19.2,-3.6));
#15483=CARTESIAN_POINT('',(-27.0854497241083,-13.3,4.));
#15484=CARTESIAN_POINT('',(-27.0854497241083,-18.7,4.));
#15485=CARTESIAN_POINT('',(-32.,12.8,0.));
#15486=CARTESIAN_POINT('',(-32.,19.2,0.));
#15487=CARTESIAN_POINT('',(-28.4348913060048,19.2,0.5));
#15488=CARTESIAN_POINT('',(-32.,12.8,0.));
#15489=CARTESIAN_POINT('',(-28.4348913060048,12.8,0.5));
#15490=CARTESIAN_POINT('',(-28.4348913060048,12.8,0.5));
#15491=CARTESIAN_POINT('',(-28.4348913060048,12.8,0.5));
#15492=CARTESIAN_POINT('',(-27.0854497241083,18.7,0.5));
#15493=CARTESIAN_POINT('',(-27.0854497241083,19.2,0.5));
#15494=CARTESIAN_POINT('',(-28.4348913060048,19.2,0.5));
#15495=CARTESIAN_POINT('',(-28.4348913060048,12.8,0.5));
#15496=CARTESIAN_POINT('',(-27.0854497241083,12.8,0.5));
#15497=CARTESIAN_POINT('',(-27.0854497241083,13.3,0.5));
#15498=CARTESIAN_POINT('',(-32.,12.8,0.));
#15499=CARTESIAN_POINT('',(-27.0854497241083,12.8,0.));
#15500=CARTESIAN_POINT('',(-32.,19.2,0.));
#15501=CARTESIAN_POINT('',(-27.0854497241083,19.2,3.6));
#15502=CARTESIAN_POINT('',(-27.0854497241083,13.3,4.));
#15503=CARTESIAN_POINT('',(-27.0854497241083,18.7,4.));
#15504=CARTESIAN_POINT('',(-27.6,12.8,-0.5));
#15505=CARTESIAN_POINT('',(-27.6,19.2,-0.5));
#15506=CARTESIAN_POINT('',(-27.0854497241083,19.2,-0.5));
#15507=CARTESIAN_POINT('',(-28.4348913060048,19.2,-0.5));
#15508=CARTESIAN_POINT('',(-27.0854497241083,18.7,-0.5));
#15509=CARTESIAN_POINT('',(-27.0854497241083,13.3,-0.5));
#15510=CARTESIAN_POINT('',(-27.0854497241083,12.8,-0.5));
#15511=CARTESIAN_POINT('',(-27.6,12.8,-0.5));
#15512=CARTESIAN_POINT('',(-28.4348913060048,12.8,-0.5));
#15513=CARTESIAN_POINT('',(-28.4348913060048,12.8,-0.5));
#15514=CARTESIAN_POINT('',(-32.,12.8,0.));
#15515=CARTESIAN_POINT('',(-32.,19.2,0.));
#15516=CARTESIAN_POINT('',(-32.,12.8,0.));
#15517=CARTESIAN_POINT('',(-32.,12.8,0.));
#15518=CARTESIAN_POINT('',(-27.0854497241083,12.8,0.));
#15519=CARTESIAN_POINT('',(-32.,19.2,0.));
#15520=CARTESIAN_POINT('',(-27.0854497241083,19.2,-0.5));
#15521=CARTESIAN_POINT('',(-27.0854497241083,13.3,4.));
#15522=CARTESIAN_POINT('',(-27.0854497241083,18.7,4.));
#15523=CARTESIAN_POINT('',(32.,-12.8,0.));
#15524=CARTESIAN_POINT('',(32.,-19.2,0.));
#15525=CARTESIAN_POINT('',(28.4348913060048,-19.2,0.5));
#15526=CARTESIAN_POINT('',(32.,-12.8,0.));
#15527=CARTESIAN_POINT('',(28.4348913060048,-12.8,0.5));
#15528=CARTESIAN_POINT('',(28.4348913060048,-12.8,0.5));
#15529=CARTESIAN_POINT('',(28.4348913060048,-12.8,0.5));
#15530=CARTESIAN_POINT('',(27.0854497241083,-18.7,0.5));
#15531=CARTESIAN_POINT('',(27.0854497241083,-19.2,0.5));
#15532=CARTESIAN_POINT('',(28.4348913060048,-19.2,0.5));
#15533=CARTESIAN_POINT('',(28.4348913060048,-12.8,0.5));
#15534=CARTESIAN_POINT('',(27.0854497241083,-12.8,0.5));
#15535=CARTESIAN_POINT('',(27.0854497241083,-13.3,0.5));
#15536=CARTESIAN_POINT('',(32.,-12.8,0.));
#15537=CARTESIAN_POINT('',(27.0854497241083,-12.8,0.));
#15538=CARTESIAN_POINT('',(32.,-19.2,0.));
#15539=CARTESIAN_POINT('',(27.0854497241083,-19.2,3.6));
#15540=CARTESIAN_POINT('',(27.0854497241083,-13.3,4.));
#15541=CARTESIAN_POINT('',(27.0854497241083,-18.7,4.));
#15542=CARTESIAN_POINT('',(27.6,-12.8,-0.5));
#15543=CARTESIAN_POINT('',(27.6,-19.2,-0.5));
#15544=CARTESIAN_POINT('',(27.0854497241083,-19.2,-0.5));
#15545=CARTESIAN_POINT('',(28.4348913060048,-19.2,-0.5));
#15546=CARTESIAN_POINT('',(27.0854497241083,-18.7,-0.5));
#15547=CARTESIAN_POINT('',(27.0854497241083,-13.3,-0.5));
#15548=CARTESIAN_POINT('',(27.0854497241083,-12.8,-0.5));
#15549=CARTESIAN_POINT('',(27.6,-12.8,-0.5));
#15550=CARTESIAN_POINT('',(28.4348913060048,-12.8,-0.5));
#15551=CARTESIAN_POINT('',(28.4348913060048,-12.8,-0.5));
#15552=CARTESIAN_POINT('',(32.,-12.8,0.));
#15553=CARTESIAN_POINT('',(32.,-19.2,0.));
#15554=CARTESIAN_POINT('',(32.,-12.8,0.));
#15555=CARTESIAN_POINT('',(32.,-12.8,0.));
#15556=CARTESIAN_POINT('',(27.0854497241083,-12.8,0.));
#15557=CARTESIAN_POINT('',(32.,-19.2,0.));
#15558=CARTESIAN_POINT('',(27.0854497241083,-19.2,-0.5));
#15559=CARTESIAN_POINT('',(27.0854497241083,-13.3,4.));
#15560=CARTESIAN_POINT('',(27.0854497241083,-18.7,4.));
#15561=CARTESIAN_POINT('',(27.6,12.8,0.5));
#15562=CARTESIAN_POINT('',(27.6,19.2,0.5));
#15563=CARTESIAN_POINT('',(27.0854497241083,19.2,0.5));
#15564=CARTESIAN_POINT('',(28.4348913060048,19.2,0.5));
#15565=CARTESIAN_POINT('',(27.0854497241083,18.7,0.5));
#15566=CARTESIAN_POINT('',(27.0854497241083,13.3,0.5));
#15567=CARTESIAN_POINT('',(27.0854497241083,12.8,0.5));
#15568=CARTESIAN_POINT('',(27.6,12.8,0.5));
#15569=CARTESIAN_POINT('',(28.4348913060048,12.8,0.5));
#15570=CARTESIAN_POINT('',(28.4348913060048,12.8,0.5));
#15571=CARTESIAN_POINT('',(32.,12.8,0.));
#15572=CARTESIAN_POINT('',(32.,19.2,0.));
#15573=CARTESIAN_POINT('',(32.,12.8,0.));
#15574=CARTESIAN_POINT('',(32.,12.8,0.));
#15575=CARTESIAN_POINT('',(27.0854497241083,12.8,0.));
#15576=CARTESIAN_POINT('',(32.,19.2,0.));
#15577=CARTESIAN_POINT('',(27.0854497241083,19.2,0.5));
#15578=CARTESIAN_POINT('',(27.0854497241083,13.3,4.));
#15579=CARTESIAN_POINT('',(27.0854497241083,18.7,4.));
#15580=CARTESIAN_POINT('',(32.,12.8,0.));
#15581=CARTESIAN_POINT('',(32.,19.2,0.));
#15582=CARTESIAN_POINT('',(28.4348913060048,19.2,-0.5));
#15583=CARTESIAN_POINT('',(32.,12.8,0.));
#15584=CARTESIAN_POINT('',(28.4348913060048,12.8,-0.5));
#15585=CARTESIAN_POINT('',(28.4348913060048,12.8,-0.5));
#15586=CARTESIAN_POINT('',(28.4348913060048,12.8,-0.5));
#15587=CARTESIAN_POINT('',(27.0854497241083,18.7,-0.5));
#15588=CARTESIAN_POINT('',(27.0854497241083,19.2,-0.5));
#15589=CARTESIAN_POINT('',(28.4348913060048,19.2,-0.5));
#15590=CARTESIAN_POINT('',(28.4348913060048,12.8,-0.5));
#15591=CARTESIAN_POINT('',(27.0854497241083,12.8,-0.5));
#15592=CARTESIAN_POINT('',(27.0854497241083,13.3,-0.5));
#15593=CARTESIAN_POINT('',(32.,12.8,0.));
#15594=CARTESIAN_POINT('',(27.0854497241083,12.8,0.));
#15595=CARTESIAN_POINT('',(32.,19.2,0.));
#15596=CARTESIAN_POINT('',(27.0854497241083,19.2,-3.6));
#15597=CARTESIAN_POINT('',(27.0854497241083,13.3,4.));
#15598=CARTESIAN_POINT('',(27.0854497241083,18.7,4.));
#15599=CARTESIAN_POINT('',(-21.6,-12.,3.6));
#15600=CARTESIAN_POINT('',(-27.2,-12.,3.6));
#15601=CARTESIAN_POINT('',(-27.2,-12.,0.899999999999999));
#15602=CARTESIAN_POINT('',(-21.6,-12.,3.6));
#15603=CARTESIAN_POINT('',(-21.6,-12.,0.899999999999999));
#15604=CARTESIAN_POINT('',(-21.6,-12.,0.899999999999999));
#15605=CARTESIAN_POINT('',(-21.6,-12.,0.899999999999999));
#15606=CARTESIAN_POINT('',(-27.2,-12.,0.899999999999999));
#15607=CARTESIAN_POINT('',(-27.2,-11.4856850115867,0.899999999999999));
#15608=CARTESIAN_POINT('',(-21.6,-12.,0.899999999999999));
#15609=CARTESIAN_POINT('',(-21.6,-11.4856850115867,0.899999999999999));
#15610=CARTESIAN_POINT('',(-21.6,-11.4856850115867,0.899999999999999));
#15611=CARTESIAN_POINT('',(-21.6,-8.,-1.95943487863577E-15));
#15612=CARTESIAN_POINT('',(-27.2,-8.,-1.95943487863577E-15));
#15613=CARTESIAN_POINT('',(-21.6,-8.,-1.95943487863577E-15));
#15614=CARTESIAN_POINT('',(-21.6,-8.,-1.95943487863577E-15));
#15615=CARTESIAN_POINT('',(-27.2,-8.,-1.95943487863577E-15));
#15616=MECHANICAL_DESIGN_GEOMETRIC_PRESENTATION_REPRESENTATION('',(#9097),
#15617);
#15617=(
GEOMETRIC_REPRESENTATION_CONTEXT(3)
GLOBAL_UNCERTAINTY_ASSIGNED_CONTEXT((#15618))
GLOBAL_UNIT_ASSIGNED_CONTEXT((#15621,#15620,#15619))
REPRESENTATION_CONTEXT('ClGray_4540797_AVV','TOP_LEVEL_ASSEMBLY_PART')
);
#15618=UNCERTAINTY_MEASURE_WITH_UNIT(LENGTH_MEASURE(0.005),#15621,
'DISTANCE_ACCURACY_VALUE','Maximum Tolerance applied to model');
#15619=(
NAMED_UNIT(*)
SI_UNIT($,.STERADIAN.)
SOLID_ANGLE_UNIT()
);
#15620=(
NAMED_UNIT(*)
PLANE_ANGLE_UNIT()
SI_UNIT($,.RADIAN.)
);
#15621=(
LENGTH_UNIT()
NAMED_UNIT(*)
SI_UNIT(.MILLI.,.METRE.)
);
#15622=PRODUCT_DEFINITION_SHAPE('','',#15623);
#15623=PRODUCT_DEFINITION('','',#15625,#15624);
#15624=PRODUCT_DEFINITION_CONTEXT('',#15631,'design');
#15625=PRODUCT_DEFINITION_FORMATION_WITH_SPECIFIED_SOURCE('','',#15627,
 .NOT_KNOWN.);
#15626=PRODUCT_RELATED_PRODUCT_CATEGORY('','',(#15627));
#15627=PRODUCT('ClGray_4540797_AVV','ClGray_4540797_AVV',
'ClGray_4540797_AVV',(#15629));
#15628=PRODUCT_CATEGORY('','');
#15629=PRODUCT_CONTEXT('',#15631,'mechanical');
#15630=APPLICATION_PROTOCOL_DEFINITION('international standard',
'automotive_design',2010,#15631);
#15631=APPLICATION_CONTEXT(
'core data for automotive mechanical design processes');
ENDSEC;
END-ISO-10303-21;
