ISO-10303-21;
HEADER;
/* Generated by software containing ST-Developer
 * from STEP Tools, Inc. (www.steptools.com) 
 */
/* OPTION: strings as raw bytes, not using required /X/ escapes */

FILE_DESCRIPTION(
/* description */ ('Unknown'),
/* implementation_level */ '2;1');

FILE_NAME(
/* name */ 'ClGray_4539880_AVV',
/* time_stamp */ '2025-07-21T23:56:19+02:00',
/* author */ ('Unknown'),
/* organization */ ('Unknown'),
/* preprocessor_version */ 'ST-DEVELOPER v19.4',
/* originating_system */ 'Solid Edge',
/* authorisation */ 'Unknown');

FILE_SCHEMA (('AUTOMOTIVE_DESIGN {1 0 10303 214 3 1 1}'));
ENDSEC;

DATA;
#10=PROPERTY_DEFINITION_REPRESENTATION(#14,#12);
#11=PROPERTY_DEFINITION_REPRESENTATION(#15,#13);
#12=REPRESENTATION('',(#16),#10221);
#13=REPRESENTATION('',(#17),#10221);
#14=PROPERTY_DEFINITION('pmi validation property','',#10226);
#15=PROPERTY_DEFINITION('pmi validation property','',#10226);
#16=VALUE_REPRESENTATION_ITEM('number of annotations',COUNT_MEASURE(0.));
#17=VALUE_REPRESENTATION_ITEM('number of views',COUNT_MEASURE(0.));
#18=SHAPE_REPRESENTATION_RELATIONSHIP('','',#5943,#19);
#19=ADVANCED_BREP_SHAPE_REPRESENTATION('',(#5941),#10221);
#20=PLANE('',#5969);
#21=PLANE('',#5972);
#22=PLANE('',#5975);
#23=PLANE('',#5978);
#24=PLANE('',#5983);
#25=PLANE('',#5986);
#26=PLANE('',#5987);
#27=PLANE('',#6005);
#28=PLANE('',#6009);
#29=PLANE('',#6015);
#30=PLANE('',#6019);
#31=PLANE('',#6026);
#32=PLANE('',#6030);
#33=PLANE('',#6036);
#34=PLANE('',#6040);
#35=PLANE('',#6047);
#36=PLANE('',#6051);
#37=PLANE('',#6058);
#38=PLANE('',#6065);
#39=PLANE('',#6072);
#40=PLANE('',#6079);
#41=PLANE('',#6086);
#42=PLANE('',#6090);
#43=PLANE('',#6094);
#44=PLANE('',#6098);
#45=PLANE('',#6100);
#46=PLANE('',#6104);
#47=PLANE('',#6108);
#48=PLANE('',#6112);
#49=PLANE('',#6116);
#50=PLANE('',#6118);
#51=PLANE('',#6122);
#52=PLANE('',#6126);
#53=PLANE('',#6130);
#54=PLANE('',#6134);
#55=PLANE('',#6136);
#56=PLANE('',#6140);
#57=PLANE('',#6144);
#58=PLANE('',#6148);
#59=PLANE('',#6152);
#60=PLANE('',#6156);
#61=PLANE('',#6160);
#62=PLANE('',#6162);
#63=PLANE('',#6166);
#64=PLANE('',#6170);
#65=PLANE('',#6174);
#66=PLANE('',#6178);
#67=PLANE('',#6180);
#68=PLANE('',#6184);
#69=PLANE('',#6188);
#70=PLANE('',#6192);
#71=PLANE('',#6196);
#72=PLANE('',#6224);
#73=PLANE('',#6228);
#74=PLANE('',#6230);
#75=PLANE('',#6234);
#76=PLANE('',#6238);
#77=PLANE('',#6242);
#78=PLANE('',#6246);
#79=PLANE('',#6271);
#80=PLANE('',#6272);
#81=PLANE('',#6273);
#82=PLANE('',#6277);
#83=PLANE('',#6278);
#84=PLANE('',#6279);
#85=PLANE('',#6283);
#86=PLANE('',#6284);
#87=PLANE('',#6285);
#88=PLANE('',#6302);
#89=PLANE('',#6304);
#90=PLANE('',#6306);
#91=PLANE('',#6308);
#92=PLANE('',#6310);
#93=PLANE('',#6312);
#94=PLANE('',#6314);
#95=PLANE('',#6316);
#96=PLANE('',#6334);
#97=PLANE('',#6352);
#98=PLANE('',#6360);
#99=PLANE('',#6368);
#100=PLANE('',#6371);
#101=PLANE('',#6374);
#102=PLANE('',#6377);
#103=PLANE('',#6388);
#104=PLANE('',#6389);
#105=PLANE('',#6391);
#106=PLANE('',#6392);
#107=PLANE('',#6411);
#108=PLANE('',#6413);
#109=PLANE('',#6416);
#110=PLANE('',#6420);
#111=PLANE('',#6421);
#112=PLANE('',#6422);
#113=PLANE('',#6425);
#114=PLANE('',#6426);
#115=PLANE('',#6427);
#116=PLANE('',#6430);
#117=PLANE('',#6434);
#118=PLANE('',#6440);
#119=PLANE('',#6443);
#120=PLANE('',#6444);
#121=PLANE('',#6446);
#122=PLANE('',#6448);
#123=PLANE('',#6450);
#124=PLANE('',#6452);
#125=PLANE('',#6453);
#126=PLANE('',#6456);
#127=PLANE('',#6459);
#128=PLANE('',#6460);
#129=PLANE('',#6461);
#130=PLANE('',#6462);
#131=PLANE('',#6467);
#132=PLANE('',#6475);
#133=PLANE('',#6479);
#134=PLANE('',#6480);
#135=PLANE('',#6481);
#136=PLANE('',#6487);
#137=PLANE('',#6490);
#138=PLANE('',#6491);
#139=PLANE('',#6492);
#140=PLANE('',#6495);
#141=PLANE('',#6496);
#142=PLANE('',#6497);
#143=PLANE('',#6498);
#144=PLANE('',#6499);
#145=PLANE('',#6502);
#146=PLANE('',#6518);
#147=PLANE('',#6524);
#148=PLANE('',#6536);
#149=PLANE('',#6543);
#150=PLANE('',#6546);
#151=PLANE('',#6549);
#152=PLANE('',#6552);
#153=PLANE('',#6556);
#154=PLANE('',#6559);
#155=PLANE('',#6587);
#156=PLANE('',#6592);
#157=PLANE('',#6596);
#158=PLANE('',#6599);
#159=PLANE('',#6600);
#160=PLANE('',#6601);
#161=PLANE('',#6602);
#162=PLANE('',#6603);
#163=PLANE('',#6604);
#164=PLANE('',#6605);
#165=PLANE('',#6606);
#166=PLANE('',#6607);
#167=PLANE('',#6608);
#168=PLANE('',#6609);
#169=PLANE('',#6610);
#170=PLANE('',#6611);
#171=PLANE('',#6619);
#172=PLANE('',#6621);
#173=PLANE('',#6622);
#174=PLANE('',#6629);
#175=PLANE('',#6631);
#176=LINE('',#8496,#632);
#177=LINE('',#8500,#633);
#178=LINE('',#8505,#634);
#179=LINE('',#8509,#635);
#180=LINE('',#8514,#636);
#181=LINE('',#8518,#637);
#182=LINE('',#8523,#638);
#183=LINE('',#8527,#639);
#184=LINE('',#8532,#640);
#185=LINE('',#8536,#641);
#186=LINE('',#8541,#642);
#187=LINE('',#8545,#643);
#188=LINE('',#8550,#644);
#189=LINE('',#8554,#645);
#190=LINE('',#8559,#646);
#191=LINE('',#8563,#647);
#192=LINE('',#8565,#648);
#193=LINE('',#8567,#649);
#194=LINE('',#8570,#650);
#195=LINE('',#8574,#651);
#196=LINE('',#8578,#652);
#197=LINE('',#8580,#653);
#198=LINE('',#8585,#654);
#199=LINE('',#8589,#655);
#200=LINE('',#8596,#656);
#201=LINE('',#8604,#657);
#202=LINE('',#8607,#658);
#203=LINE('',#8610,#659);
#204=LINE('',#8612,#660);
#205=LINE('',#8614,#661);
#206=LINE('',#8621,#662);
#207=LINE('',#8630,#663);
#208=LINE('',#8650,#664);
#209=LINE('',#8652,#665);
#210=LINE('',#8654,#666);
#211=LINE('',#8656,#667);
#212=LINE('',#8660,#668);
#213=LINE('',#8674,#669);
#214=LINE('',#8676,#670);
#215=LINE('',#8678,#671);
#216=LINE('',#8680,#672);
#217=LINE('',#8684,#673);
#218=LINE('',#8689,#674);
#219=LINE('',#8693,#675);
#220=LINE('',#8697,#676);
#221=LINE('',#8699,#677);
#222=LINE('',#8701,#678);
#223=LINE('',#8713,#679);
#224=LINE('',#8717,#680);
#225=LINE('',#8721,#681);
#226=LINE('',#8723,#682);
#227=LINE('',#8725,#683);
#228=LINE('',#8739,#684);
#229=LINE('',#8743,#685);
#230=LINE('',#8747,#686);
#231=LINE('',#8749,#687);
#232=LINE('',#8751,#688);
#233=LINE('',#8817,#689);
#234=LINE('',#8820,#690);
#235=LINE('',#8828,#691);
#236=LINE('',#8830,#692);
#237=LINE('',#8833,#693);
#238=LINE('',#8841,#694);
#239=LINE('',#8844,#695);
#240=LINE('',#8846,#696);
#241=LINE('',#8848,#697);
#242=LINE('',#8850,#698);
#243=LINE('',#8853,#699);
#244=LINE('',#8861,#700);
#245=LINE('',#8863,#701);
#246=LINE('',#8866,#702);
#247=LINE('',#8874,#703);
#248=LINE('',#8876,#704);
#249=LINE('',#8879,#705);
#250=LINE('',#8887,#706);
#251=LINE('',#8889,#707);
#252=LINE('',#8892,#708);
#253=LINE('',#8900,#709);
#254=LINE('',#8903,#710);
#255=LINE('',#8905,#711);
#256=LINE('',#8907,#712);
#257=LINE('',#8909,#713);
#258=LINE('',#8912,#714);
#259=LINE('',#8914,#715);
#260=LINE('',#8922,#716);
#261=LINE('',#8925,#717);
#262=LINE('',#8927,#718);
#263=LINE('',#8935,#719);
#264=LINE('',#8938,#720);
#265=LINE('',#8946,#721);
#266=LINE('',#8948,#722);
#267=LINE('',#8951,#723);
#268=LINE('',#8959,#724);
#269=LINE('',#8962,#725);
#270=LINE('',#8964,#726);
#271=LINE('',#8966,#727);
#272=LINE('',#8968,#728);
#273=LINE('',#8971,#729);
#274=LINE('',#8979,#730);
#275=LINE('',#8981,#731);
#276=LINE('',#8984,#732);
#277=LINE('',#8992,#733);
#278=LINE('',#8994,#734);
#279=LINE('',#8997,#735);
#280=LINE('',#9005,#736);
#281=LINE('',#9007,#737);
#282=LINE('',#9010,#738);
#283=LINE('',#9018,#739);
#284=LINE('',#9020,#740);
#285=LINE('',#9023,#741);
#286=LINE('',#9031,#742);
#287=LINE('',#9033,#743);
#288=LINE('',#9036,#744);
#289=LINE('',#9044,#745);
#290=LINE('',#9047,#746);
#291=LINE('',#9049,#747);
#292=LINE('',#9051,#748);
#293=LINE('',#9053,#749);
#294=LINE('',#9056,#750);
#295=LINE('',#9058,#751);
#296=LINE('',#9066,#752);
#297=LINE('',#9069,#753);
#298=LINE('',#9071,#754);
#299=LINE('',#9079,#755);
#300=LINE('',#9082,#756);
#301=LINE('',#9090,#757);
#302=LINE('',#9092,#758);
#303=LINE('',#9095,#759);
#304=LINE('',#9103,#760);
#305=LINE('',#9106,#761);
#306=LINE('',#9108,#762);
#307=LINE('',#9110,#763);
#308=LINE('',#9112,#764);
#309=LINE('',#9115,#765);
#310=LINE('',#9123,#766);
#311=LINE('',#9125,#767);
#312=LINE('',#9128,#768);
#313=LINE('',#9136,#769);
#314=LINE('',#9138,#770);
#315=LINE('',#9141,#771);
#316=LINE('',#9149,#772);
#317=LINE('',#9151,#773);
#318=LINE('',#9154,#774);
#319=LINE('',#9162,#775);
#320=LINE('',#9165,#776);
#321=LINE('',#9167,#777);
#322=LINE('',#9169,#778);
#323=LINE('',#9171,#779);
#324=LINE('',#9175,#780);
#325=LINE('',#9177,#781);
#326=LINE('',#9181,#782);
#327=LINE('',#9183,#783);
#328=LINE('',#9187,#784);
#329=LINE('',#9189,#785);
#330=LINE('',#9193,#786);
#331=LINE('',#9195,#787);
#332=LINE('',#9199,#788);
#333=LINE('',#9201,#789);
#334=LINE('',#9205,#790);
#335=LINE('',#9207,#791);
#336=LINE('',#9211,#792);
#337=LINE('',#9213,#793);
#338=LINE('',#9217,#794);
#339=LINE('',#9219,#795);
#340=LINE('',#9223,#796);
#341=LINE('',#9225,#797);
#342=LINE('',#9229,#798);
#343=LINE('',#9231,#799);
#344=LINE('',#9235,#800);
#345=LINE('',#9237,#801);
#346=LINE('',#9241,#802);
#347=LINE('',#9246,#803);
#348=LINE('',#9251,#804);
#349=LINE('',#9254,#805);
#350=LINE('',#9259,#806);
#351=LINE('',#9264,#807);
#352=LINE('',#9269,#808);
#353=LINE('',#9273,#809);
#354=LINE('',#9282,#810);
#355=LINE('',#9294,#811);
#356=LINE('',#9302,#812);
#357=LINE('',#9313,#813);
#358=LINE('',#9316,#814);
#359=LINE('',#9318,#815);
#360=LINE('',#9322,#816);
#361=LINE('',#9326,#817);
#362=LINE('',#9328,#818);
#363=LINE('',#9330,#819);
#364=LINE('',#9332,#820);
#365=LINE('',#9334,#821);
#366=LINE('',#9336,#822);
#367=LINE('',#9338,#823);
#368=LINE('',#9340,#824);
#369=LINE('',#9342,#825);
#370=LINE('',#9344,#826);
#371=LINE('',#9350,#827);
#372=LINE('',#9358,#828);
#373=LINE('',#9362,#829);
#374=LINE('',#9365,#830);
#375=LINE('',#9366,#831);
#376=LINE('',#9368,#832);
#377=LINE('',#9370,#833);
#378=LINE('',#9372,#834);
#379=LINE('',#9375,#835);
#380=LINE('',#9377,#836);
#381=LINE('',#9379,#837);
#382=LINE('',#9380,#838);
#383=LINE('',#9386,#839);
#384=LINE('',#9389,#840);
#385=LINE('',#9390,#841);
#386=LINE('',#9392,#842);
#387=LINE('',#9394,#843);
#388=LINE('',#9396,#844);
#389=LINE('',#9399,#845);
#390=LINE('',#9401,#846);
#391=LINE('',#9403,#847);
#392=LINE('',#9404,#848);
#393=LINE('',#9410,#849);
#394=LINE('',#9413,#850);
#395=LINE('',#9414,#851);
#396=LINE('',#9416,#852);
#397=LINE('',#9418,#853);
#398=LINE('',#9420,#854);
#399=LINE('',#9423,#855);
#400=LINE('',#9425,#856);
#401=LINE('',#9427,#857);
#402=LINE('',#9428,#858);
#403=LINE('',#9492,#859);
#404=LINE('',#9498,#860);
#405=LINE('',#9502,#861);
#406=LINE('',#9506,#862);
#407=LINE('',#9509,#863);
#408=LINE('',#9511,#864);
#409=LINE('',#9515,#865);
#410=LINE('',#9519,#866);
#411=LINE('',#9523,#867);
#412=LINE('',#9527,#868);
#413=LINE('',#9533,#869);
#414=LINE('',#9537,#870);
#415=LINE('',#9541,#871);
#416=LINE('',#9544,#872);
#417=LINE('',#9548,#873);
#418=LINE('',#9552,#874);
#419=LINE('',#9556,#875);
#420=LINE('',#9559,#876);
#421=LINE('',#9561,#877);
#422=LINE('',#9565,#878);
#423=LINE('',#9569,#879);
#424=LINE('',#9605,#880);
#425=LINE('',#9608,#881);
#426=LINE('',#9610,#882);
#427=LINE('',#9612,#883);
#428=LINE('',#9614,#884);
#429=LINE('',#9617,#885);
#430=LINE('',#9621,#886);
#431=LINE('',#9623,#887);
#432=LINE('',#9626,#888);
#433=LINE('',#9628,#889);
#434=LINE('',#9630,#890);
#435=LINE('',#9635,#891);
#436=LINE('',#9639,#892);
#437=LINE('',#9665,#893);
#438=LINE('',#9668,#894);
#439=LINE('',#9672,#895);
#440=LINE('',#9674,#896);
#441=LINE('',#9675,#897);
#442=LINE('',#9676,#898);
#443=LINE('',#9677,#899);
#444=LINE('',#9679,#900);
#445=LINE('',#9683,#901);
#446=LINE('',#9687,#902);
#447=LINE('',#9689,#903);
#448=LINE('',#9691,#904);
#449=LINE('',#9693,#905);
#450=LINE('',#9695,#906);
#451=LINE('',#9699,#907);
#452=LINE('',#9704,#908);
#453=LINE('',#9705,#909);
#454=LINE('',#9707,#910);
#455=LINE('',#9709,#911);
#456=LINE('',#9711,#912);
#457=LINE('',#9713,#913);
#458=LINE('',#9715,#914);
#459=LINE('',#9717,#915);
#460=LINE('',#9721,#916);
#461=LINE('',#9723,#917);
#462=LINE('',#9725,#918);
#463=LINE('',#9727,#919);
#464=LINE('',#9729,#920);
#465=LINE('',#9731,#921);
#466=LINE('',#9733,#922);
#467=LINE('',#9737,#923);
#468=LINE('',#9739,#924);
#469=LINE('',#9742,#925);
#470=LINE('',#9744,#926);
#471=LINE('',#9746,#927);
#472=LINE('',#9750,#928);
#473=LINE('',#9754,#929);
#474=LINE('',#9756,#930);
#475=LINE('',#9758,#931);
#476=LINE('',#9766,#932);
#477=LINE('',#9767,#933);
#478=LINE('',#9769,#934);
#479=LINE('',#9771,#935);
#480=LINE('',#9775,#936);
#481=LINE('',#9777,#937);
#482=LINE('',#9791,#938);
#483=LINE('',#9794,#939);
#484=LINE('',#9795,#940);
#485=LINE('',#9797,#941);
#486=LINE('',#9799,#942);
#487=LINE('',#9803,#943);
#488=LINE('',#9805,#944);
#489=LINE('',#9807,#945);
#490=LINE('',#9811,#946);
#491=LINE('',#9813,#947);
#492=LINE('',#9815,#948);
#493=LINE('',#9817,#949);
#494=LINE('',#9819,#950);
#495=LINE('',#9821,#951);
#496=LINE('',#9823,#952);
#497=LINE('',#9825,#953);
#498=LINE('',#9827,#954);
#499=LINE('',#9829,#955);
#500=LINE('',#9833,#956);
#501=LINE('',#9836,#957);
#502=LINE('',#9838,#958);
#503=LINE('',#9840,#959);
#504=LINE('',#9844,#960);
#505=LINE('',#9850,#961);
#506=LINE('',#9853,#962);
#507=LINE('',#9854,#963);
#508=LINE('',#9861,#964);
#509=LINE('',#9865,#965);
#510=LINE('',#9867,#966);
#511=LINE('',#9869,#967);
#512=LINE('',#9874,#968);
#513=LINE('',#9876,#969);
#514=LINE('',#9878,#970);
#515=LINE('',#9880,#971);
#516=LINE('',#9881,#972);
#517=LINE('',#9883,#973);
#518=LINE('',#9884,#974);
#519=LINE('',#9886,#975);
#520=LINE('',#9888,#976);
#521=LINE('',#9889,#977);
#522=LINE('',#9891,#978);
#523=LINE('',#9893,#979);
#524=LINE('',#9895,#980);
#525=LINE('',#9897,#981);
#526=LINE('',#9899,#982);
#527=LINE('',#9904,#983);
#528=LINE('',#9906,#984);
#529=LINE('',#9908,#985);
#530=LINE('',#9909,#986);
#531=LINE('',#9911,#987);
#532=LINE('',#9913,#988);
#533=LINE('',#9914,#989);
#534=LINE('',#9916,#990);
#535=LINE('',#9917,#991);
#536=LINE('',#9919,#992);
#537=LINE('',#9925,#993);
#538=LINE('',#9927,#994);
#539=LINE('',#9929,#995);
#540=LINE('',#9931,#996);
#541=LINE('',#9935,#997);
#542=LINE('',#9936,#998);
#543=LINE('',#9938,#999);
#544=LINE('',#9939,#1000);
#545=LINE('',#9941,#1001);
#546=LINE('',#9942,#1002);
#547=LINE('',#9943,#1003);
#548=LINE('',#9944,#1004);
#549=LINE('',#9945,#1005);
#550=LINE('',#9946,#1006);
#551=LINE('',#9947,#1007);
#552=LINE('',#9948,#1008);
#553=LINE('',#9949,#1009);
#554=LINE('',#9950,#1010);
#555=LINE('',#9952,#1011);
#556=LINE('',#9954,#1012);
#557=LINE('',#9955,#1013);
#558=LINE('',#9956,#1014);
#559=LINE('',#9959,#1015);
#560=LINE('',#9960,#1016);
#561=LINE('',#9961,#1017);
#562=LINE('',#9963,#1018);
#563=LINE('',#9970,#1019);
#564=LINE('',#9974,#1020);
#565=LINE('',#9977,#1021);
#566=LINE('',#9979,#1022);
#567=LINE('',#9981,#1023);
#568=LINE('',#9987,#1024);
#569=LINE('',#9991,#1025);
#570=LINE('',#9993,#1026);
#571=LINE('',#9997,#1027);
#572=LINE('',#9999,#1028);
#573=LINE('',#10003,#1029);
#574=LINE('',#10007,#1030);
#575=LINE('',#10009,#1031);
#576=LINE('',#10014,#1032);
#577=LINE('',#10016,#1033);
#578=LINE('',#10020,#1034);
#579=LINE('',#10022,#1035);
#580=LINE('',#10027,#1036);
#581=LINE('',#10029,#1037);
#582=LINE('',#10031,#1038);
#583=LINE('',#10037,#1039);
#584=LINE('',#10053,#1040);
#585=LINE('',#10054,#1041);
#586=LINE('',#10056,#1042);
#587=LINE('',#10057,#1043);
#588=LINE('',#10060,#1044);
#589=LINE('',#10061,#1045);
#590=LINE('',#10063,#1046);
#591=LINE('',#10064,#1047);
#592=LINE('',#10067,#1048);
#593=LINE('',#10068,#1049);
#594=LINE('',#10070,#1050);
#595=LINE('',#10071,#1051);
#596=LINE('',#10074,#1052);
#597=LINE('',#10075,#1053);
#598=LINE('',#10077,#1054);
#599=LINE('',#10078,#1055);
#600=LINE('',#10080,#1056);
#601=LINE('',#10081,#1057);
#602=LINE('',#10084,#1058);
#603=LINE('',#10085,#1059);
#604=LINE('',#10087,#1060);
#605=LINE('',#10088,#1061);
#606=LINE('',#10091,#1062);
#607=LINE('',#10092,#1063);
#608=LINE('',#10128,#1064);
#609=LINE('',#10129,#1065);
#610=LINE('',#10133,#1066);
#611=LINE('',#10134,#1067);
#612=LINE('',#10155,#1068);
#613=LINE('',#10164,#1069);
#614=LINE('',#10172,#1070);
#615=LINE('',#10173,#1071);
#616=LINE('',#10175,#1072);
#617=LINE('',#10176,#1073);
#618=LINE('',#10178,#1074);
#619=LINE('',#10179,#1075);
#620=LINE('',#10181,#1076);
#621=LINE('',#10182,#1077);
#622=LINE('',#10184,#1078);
#623=LINE('',#10193,#1079);
#624=LINE('',#10201,#1080);
#625=LINE('',#10202,#1081);
#626=LINE('',#10204,#1082);
#627=LINE('',#10205,#1083);
#628=LINE('',#10207,#1084);
#629=LINE('',#10208,#1085);
#630=LINE('',#10210,#1086);
#631=LINE('',#10211,#1087);
#632=VECTOR('',#6647,1000.);
#633=VECTOR('',#6650,1000.);
#634=VECTOR('',#6655,1000.);
#635=VECTOR('',#6658,1000.);
#636=VECTOR('',#6663,1000.);
#637=VECTOR('',#6666,1000.);
#638=VECTOR('',#6671,1000.);
#639=VECTOR('',#6674,1000.);
#640=VECTOR('',#6679,1000.);
#641=VECTOR('',#6682,1000.);
#642=VECTOR('',#6687,1000.);
#643=VECTOR('',#6690,1000.);
#644=VECTOR('',#6695,1000.);
#645=VECTOR('',#6698,1000.);
#646=VECTOR('',#6703,1000.);
#647=VECTOR('',#6706,1000.);
#648=VECTOR('',#6709,1000.);
#649=VECTOR('',#6712,1000.);
#650=VECTOR('',#6717,1000.);
#651=VECTOR('',#6724,1000.);
#652=VECTOR('',#6731,1000.);
#653=VECTOR('',#6734,1000.);
#654=VECTOR('',#6743,1000.);
#655=VECTOR('',#6750,1000.);
#656=VECTOR('',#6757,1000.);
#657=VECTOR('',#6764,1000.);
#658=VECTOR('',#6767,1000.);
#659=VECTOR('',#6768,1000.);
#660=VECTOR('',#6769,1000.);
#661=VECTOR('',#6770,1000.);
#662=VECTOR('',#6777,1000.);
#663=VECTOR('',#6784,1000.);
#664=VECTOR('',#6807,1000.);
#665=VECTOR('',#6808,1000.);
#666=VECTOR('',#6809,1000.);
#667=VECTOR('',#6812,1000.);
#668=VECTOR('',#6815,1000.);
#669=VECTOR('',#6832,1000.);
#670=VECTOR('',#6833,1000.);
#671=VECTOR('',#6834,1000.);
#672=VECTOR('',#6837,1000.);
#673=VECTOR('',#6840,1000.);
#674=VECTOR('',#6845,1000.);
#675=VECTOR('',#6848,1000.);
#676=VECTOR('',#6853,1000.);
#677=VECTOR('',#6854,1000.);
#678=VECTOR('',#6855,1000.);
#679=VECTOR('',#6870,1000.);
#680=VECTOR('',#6873,1000.);
#681=VECTOR('',#6878,1000.);
#682=VECTOR('',#6879,1000.);
#683=VECTOR('',#6880,1000.);
#684=VECTOR('',#6897,1000.);
#685=VECTOR('',#6900,1000.);
#686=VECTOR('',#6905,1000.);
#687=VECTOR('',#6906,1000.);
#688=VECTOR('',#6907,1000.);
#689=VECTOR('',#6992,1000.);
#690=VECTOR('',#6993,1000.);
#691=VECTOR('',#7000,1000.);
#692=VECTOR('',#7003,1000.);
#693=VECTOR('',#7004,1000.);
#694=VECTOR('',#7011,1000.);
#695=VECTOR('',#7016,1000.);
#696=VECTOR('',#7017,1000.);
#697=VECTOR('',#7018,1000.);
#698=VECTOR('',#7021,1000.);
#699=VECTOR('',#7022,1000.);
#700=VECTOR('',#7029,1000.);
#701=VECTOR('',#7032,1000.);
#702=VECTOR('',#7033,1000.);
#703=VECTOR('',#7040,1000.);
#704=VECTOR('',#7043,1000.);
#705=VECTOR('',#7044,1000.);
#706=VECTOR('',#7051,1000.);
#707=VECTOR('',#7054,1000.);
#708=VECTOR('',#7055,1000.);
#709=VECTOR('',#7062,1000.);
#710=VECTOR('',#7067,1000.);
#711=VECTOR('',#7068,1000.);
#712=VECTOR('',#7069,1000.);
#713=VECTOR('',#7072,1000.);
#714=VECTOR('',#7073,1000.);
#715=VECTOR('',#7074,1000.);
#716=VECTOR('',#7083,1000.);
#717=VECTOR('',#7084,1000.);
#718=VECTOR('',#7085,1000.);
#719=VECTOR('',#7094,1000.);
#720=VECTOR('',#7095,1000.);
#721=VECTOR('',#7102,1000.);
#722=VECTOR('',#7105,1000.);
#723=VECTOR('',#7106,1000.);
#724=VECTOR('',#7113,1000.);
#725=VECTOR('',#7118,1000.);
#726=VECTOR('',#7119,1000.);
#727=VECTOR('',#7120,1000.);
#728=VECTOR('',#7123,1000.);
#729=VECTOR('',#7124,1000.);
#730=VECTOR('',#7131,1000.);
#731=VECTOR('',#7134,1000.);
#732=VECTOR('',#7135,1000.);
#733=VECTOR('',#7142,1000.);
#734=VECTOR('',#7145,1000.);
#735=VECTOR('',#7146,1000.);
#736=VECTOR('',#7153,1000.);
#737=VECTOR('',#7156,1000.);
#738=VECTOR('',#7157,1000.);
#739=VECTOR('',#7164,1000.);
#740=VECTOR('',#7167,1000.);
#741=VECTOR('',#7168,1000.);
#742=VECTOR('',#7175,1000.);
#743=VECTOR('',#7178,1000.);
#744=VECTOR('',#7179,1000.);
#745=VECTOR('',#7186,1000.);
#746=VECTOR('',#7191,1000.);
#747=VECTOR('',#7192,1000.);
#748=VECTOR('',#7193,1000.);
#749=VECTOR('',#7196,1000.);
#750=VECTOR('',#7197,1000.);
#751=VECTOR('',#7198,1000.);
#752=VECTOR('',#7207,1000.);
#753=VECTOR('',#7208,1000.);
#754=VECTOR('',#7209,1000.);
#755=VECTOR('',#7218,1000.);
#756=VECTOR('',#7219,1000.);
#757=VECTOR('',#7226,1000.);
#758=VECTOR('',#7229,1000.);
#759=VECTOR('',#7230,1000.);
#760=VECTOR('',#7237,1000.);
#761=VECTOR('',#7242,1000.);
#762=VECTOR('',#7243,1000.);
#763=VECTOR('',#7244,1000.);
#764=VECTOR('',#7247,1000.);
#765=VECTOR('',#7248,1000.);
#766=VECTOR('',#7255,1000.);
#767=VECTOR('',#7258,1000.);
#768=VECTOR('',#7259,1000.);
#769=VECTOR('',#7266,1000.);
#770=VECTOR('',#7269,1000.);
#771=VECTOR('',#7270,1000.);
#772=VECTOR('',#7277,1000.);
#773=VECTOR('',#7280,1000.);
#774=VECTOR('',#7281,1000.);
#775=VECTOR('',#7288,1000.);
#776=VECTOR('',#7293,1000.);
#777=VECTOR('',#7294,1000.);
#778=VECTOR('',#7295,1000.);
#779=VECTOR('',#7298,1000.);
#780=VECTOR('',#7301,1000.);
#781=VECTOR('',#7304,1000.);
#782=VECTOR('',#7307,1000.);
#783=VECTOR('',#7310,1000.);
#784=VECTOR('',#7313,1000.);
#785=VECTOR('',#7316,1000.);
#786=VECTOR('',#7319,1000.);
#787=VECTOR('',#7322,1000.);
#788=VECTOR('',#7325,1000.);
#789=VECTOR('',#7328,1000.);
#790=VECTOR('',#7331,1000.);
#791=VECTOR('',#7334,1000.);
#792=VECTOR('',#7337,1000.);
#793=VECTOR('',#7340,1000.);
#794=VECTOR('',#7343,1000.);
#795=VECTOR('',#7346,1000.);
#796=VECTOR('',#7349,1000.);
#797=VECTOR('',#7352,1000.);
#798=VECTOR('',#7355,1000.);
#799=VECTOR('',#7358,1000.);
#800=VECTOR('',#7361,1000.);
#801=VECTOR('',#7364,1000.);
#802=VECTOR('',#7367,1000.);
#803=VECTOR('',#7376,1000.);
#804=VECTOR('',#7385,1000.);
#805=VECTOR('',#7390,1000.);
#806=VECTOR('',#7399,1000.);
#807=VECTOR('',#7408,1000.);
#808=VECTOR('',#7417,1000.);
#809=VECTOR('',#7424,1000.);
#810=VECTOR('',#7431,1000.);
#811=VECTOR('',#7442,1000.);
#812=VECTOR('',#7449,1000.);
#813=VECTOR('',#7460,1000.);
#814=VECTOR('',#7461,1000.);
#815=VECTOR('',#7462,1000.);
#816=VECTOR('',#7465,1000.);
#817=VECTOR('',#7468,1000.);
#818=VECTOR('',#7469,1000.);
#819=VECTOR('',#7470,1000.);
#820=VECTOR('',#7471,1000.);
#821=VECTOR('',#7472,1000.);
#822=VECTOR('',#7473,1000.);
#823=VECTOR('',#7474,1000.);
#824=VECTOR('',#7475,1000.);
#825=VECTOR('',#7476,1000.);
#826=VECTOR('',#7477,1000.);
#827=VECTOR('',#7482,1000.);
#828=VECTOR('',#7489,1000.);
#829=VECTOR('',#7494,1000.);
#830=VECTOR('',#7495,1000.);
#831=VECTOR('',#7496,1000.);
#832=VECTOR('',#7497,1000.);
#833=VECTOR('',#7498,1000.);
#834=VECTOR('',#7501,1000.);
#835=VECTOR('',#7502,1000.);
#836=VECTOR('',#7503,1000.);
#837=VECTOR('',#7504,1000.);
#838=VECTOR('',#7505,1000.);
#839=VECTOR('',#7516,1000.);
#840=VECTOR('',#7517,1000.);
#841=VECTOR('',#7518,1000.);
#842=VECTOR('',#7519,1000.);
#843=VECTOR('',#7520,1000.);
#844=VECTOR('',#7523,1000.);
#845=VECTOR('',#7524,1000.);
#846=VECTOR('',#7525,1000.);
#847=VECTOR('',#7526,1000.);
#848=VECTOR('',#7527,1000.);
#849=VECTOR('',#7538,1000.);
#850=VECTOR('',#7539,1000.);
#851=VECTOR('',#7540,1000.);
#852=VECTOR('',#7541,1000.);
#853=VECTOR('',#7542,1000.);
#854=VECTOR('',#7545,1000.);
#855=VECTOR('',#7546,1000.);
#856=VECTOR('',#7547,1000.);
#857=VECTOR('',#7548,1000.);
#858=VECTOR('',#7549,1000.);
#859=VECTOR('',#7634,1000.);
#860=VECTOR('',#7641,1000.);
#861=VECTOR('',#7646,1000.);
#862=VECTOR('',#7651,1000.);
#863=VECTOR('',#7656,1000.);
#864=VECTOR('',#7657,1000.);
#865=VECTOR('',#7662,1000.);
#866=VECTOR('',#7669,1000.);
#867=VECTOR('',#7672,1000.);
#868=VECTOR('',#7677,1000.);
#869=VECTOR('',#7686,1000.);
#870=VECTOR('',#7691,1000.);
#871=VECTOR('',#7696,1000.);
#872=VECTOR('',#7701,1000.);
#873=VECTOR('',#7706,1000.);
#874=VECTOR('',#7711,1000.);
#875=VECTOR('',#7716,1000.);
#876=VECTOR('',#7721,1000.);
#877=VECTOR('',#7722,1000.);
#878=VECTOR('',#7727,1000.);
#879=VECTOR('',#7732,1000.);
#880=VECTOR('',#7779,1000.);
#881=VECTOR('',#7780,1000.);
#882=VECTOR('',#7781,1000.);
#883=VECTOR('',#7782,1000.);
#884=VECTOR('',#7785,1000.);
#885=VECTOR('',#7786,1000.);
#886=VECTOR('',#7789,1000.);
#887=VECTOR('',#7792,1000.);
#888=VECTOR('',#7793,1000.);
#889=VECTOR('',#7794,1000.);
#890=VECTOR('',#7795,1000.);
#891=VECTOR('',#7800,1000.);
#892=VECTOR('',#7803,1000.);
#893=VECTOR('',#7838,1000.);
#894=VECTOR('',#7839,1000.);
#895=VECTOR('',#7842,1000.);
#896=VECTOR('',#7845,1000.);
#897=VECTOR('',#7846,1000.);
#898=VECTOR('',#7847,1000.);
#899=VECTOR('',#7848,1000.);
#900=VECTOR('',#7849,1000.);
#901=VECTOR('',#7852,1000.);
#902=VECTOR('',#7855,1000.);
#903=VECTOR('',#7856,1000.);
#904=VECTOR('',#7857,1000.);
#905=VECTOR('',#7858,1000.);
#906=VECTOR('',#7861,1000.);
#907=VECTOR('',#7864,1000.);
#908=VECTOR('',#7869,1000.);
#909=VECTOR('',#7870,1000.);
#910=VECTOR('',#7873,1000.);
#911=VECTOR('',#7874,1000.);
#912=VECTOR('',#7877,1000.);
#913=VECTOR('',#7878,1000.);
#914=VECTOR('',#7881,1000.);
#915=VECTOR('',#7882,1000.);
#916=VECTOR('',#7887,1000.);
#917=VECTOR('',#7890,1000.);
#918=VECTOR('',#7891,1000.);
#919=VECTOR('',#7894,1000.);
#920=VECTOR('',#7895,1000.);
#921=VECTOR('',#7898,1000.);
#922=VECTOR('',#7899,1000.);
#923=VECTOR('',#7904,1000.);
#924=VECTOR('',#7907,1000.);
#925=VECTOR('',#7908,1000.);
#926=VECTOR('',#7909,1000.);
#927=VECTOR('',#7910,1000.);
#928=VECTOR('',#7915,1000.);
#929=VECTOR('',#7920,1000.);
#930=VECTOR('',#7921,1000.);
#931=VECTOR('',#7922,1000.);
#932=VECTOR('',#7933,1000.);
#933=VECTOR('',#7934,1000.);
#934=VECTOR('',#7937,1000.);
#935=VECTOR('',#7938,1000.);
#936=VECTOR('',#7943,1000.);
#937=VECTOR('',#7946,1000.);
#938=VECTOR('',#7965,1000.);
#939=VECTOR('',#7966,1000.);
#940=VECTOR('',#7967,1000.);
#941=VECTOR('',#7970,1000.);
#942=VECTOR('',#7971,1000.);
#943=VECTOR('',#7976,1000.);
#944=VECTOR('',#7979,1000.);
#945=VECTOR('',#7980,1000.);
#946=VECTOR('',#7985,1000.);
#947=VECTOR('',#7988,1000.);
#948=VECTOR('',#7989,1000.);
#949=VECTOR('',#7992,1000.);
#950=VECTOR('',#7993,1000.);
#951=VECTOR('',#7996,1000.);
#952=VECTOR('',#7997,1000.);
#953=VECTOR('',#7998,1000.);
#954=VECTOR('',#7999,1000.);
#955=VECTOR('',#8000,1000.);
#956=VECTOR('',#8005,1000.);
#957=VECTOR('',#8006,1000.);
#958=VECTOR('',#8007,1000.);
#959=VECTOR('',#8008,1000.);
#960=VECTOR('',#8013,1000.);
#961=VECTOR('',#8020,1000.);
#962=VECTOR('',#8021,1000.);
#963=VECTOR('',#8022,1000.);
#964=VECTOR('',#8033,1000.);
#965=VECTOR('',#8038,1000.);
#966=VECTOR('',#8039,1000.);
#967=VECTOR('',#8040,1000.);
#968=VECTOR('',#8049,1000.);
#969=VECTOR('',#8050,1000.);
#970=VECTOR('',#8051,1000.);
#971=VECTOR('',#8052,1000.);
#972=VECTOR('',#8053,1000.);
#973=VECTOR('',#8054,1000.);
#974=VECTOR('',#8055,1000.);
#975=VECTOR('',#8056,1000.);
#976=VECTOR('',#8057,1000.);
#977=VECTOR('',#8058,1000.);
#978=VECTOR('',#8059,1000.);
#979=VECTOR('',#8060,1000.);
#980=VECTOR('',#8063,1000.);
#981=VECTOR('',#8064,1000.);
#982=VECTOR('',#8067,1000.);
#983=VECTOR('',#8070,1000.);
#984=VECTOR('',#8071,1000.);
#985=VECTOR('',#8072,1000.);
#986=VECTOR('',#8073,1000.);
#987=VECTOR('',#8074,1000.);
#988=VECTOR('',#8075,1000.);
#989=VECTOR('',#8076,1000.);
#990=VECTOR('',#8077,1000.);
#991=VECTOR('',#8078,1000.);
#992=VECTOR('',#8079,1000.);
#993=VECTOR('',#8090,1000.);
#994=VECTOR('',#8091,1000.);
#995=VECTOR('',#8092,1000.);
#996=VECTOR('',#8095,1000.);
#997=VECTOR('',#8100,1000.);
#998=VECTOR('',#8101,1000.);
#999=VECTOR('',#8104,1000.);
#1000=VECTOR('',#8105,1000.);
#1001=VECTOR('',#8108,1000.);
#1002=VECTOR('',#8109,1000.);
#1003=VECTOR('',#8110,1000.);
#1004=VECTOR('',#8111,1000.);
#1005=VECTOR('',#8112,1000.);
#1006=VECTOR('',#8113,1000.);
#1007=VECTOR('',#8114,1000.);
#1008=VECTOR('',#8115,1000.);
#1009=VECTOR('',#8116,1000.);
#1010=VECTOR('',#8117,1000.);
#1011=VECTOR('',#8118,1000.);
#1012=VECTOR('',#8119,1000.);
#1013=VECTOR('',#8120,1000.);
#1014=VECTOR('',#8121,1000.);
#1015=VECTOR('',#8124,1000.);
#1016=VECTOR('',#8125,1000.);
#1017=VECTOR('',#8126,1000.);
#1018=VECTOR('',#8129,1000.);
#1019=VECTOR('',#8142,1000.);
#1020=VECTOR('',#8145,1000.);
#1021=VECTOR('',#8150,1000.);
#1022=VECTOR('',#8151,1000.);
#1023=VECTOR('',#8154,1000.);
#1024=VECTOR('',#8161,1000.);
#1025=VECTOR('',#8166,1000.);
#1026=VECTOR('',#8169,1000.);
#1027=VECTOR('',#8172,1000.);
#1028=VECTOR('',#8175,1000.);
#1029=VECTOR('',#8180,1000.);
#1030=VECTOR('',#8183,1000.);
#1031=VECTOR('',#8186,1000.);
#1032=VECTOR('',#8193,1000.);
#1033=VECTOR('',#8196,1000.);
#1034=VECTOR('',#8199,1000.);
#1035=VECTOR('',#8202,1000.);
#1036=VECTOR('',#8209,1000.);
#1037=VECTOR('',#8210,1000.);
#1038=VECTOR('',#8213,1000.);
#1039=VECTOR('',#8220,1000.);
#1040=VECTOR('',#8251,1000.);
#1041=VECTOR('',#8252,1000.);
#1042=VECTOR('',#8255,1000.);
#1043=VECTOR('',#8256,1000.);
#1044=VECTOR('',#8261,1000.);
#1045=VECTOR('',#8262,1000.);
#1046=VECTOR('',#8265,1000.);
#1047=VECTOR('',#8266,1000.);
#1048=VECTOR('',#8271,1000.);
#1049=VECTOR('',#8272,1000.);
#1050=VECTOR('',#8275,1000.);
#1051=VECTOR('',#8276,1000.);
#1052=VECTOR('',#8281,1000.);
#1053=VECTOR('',#8282,1000.);
#1054=VECTOR('',#8285,1000.);
#1055=VECTOR('',#8286,1000.);
#1056=VECTOR('',#8289,1000.);
#1057=VECTOR('',#8290,1000.);
#1058=VECTOR('',#8295,1000.);
#1059=VECTOR('',#8296,1000.);
#1060=VECTOR('',#8299,1000.);
#1061=VECTOR('',#8300,1000.);
#1062=VECTOR('',#8305,1000.);
#1063=VECTOR('',#8306,1000.);
#1064=VECTOR('',#8369,1000.);
#1065=VECTOR('',#8370,1000.);
#1066=VECTOR('',#8375,1000.);
#1067=VECTOR('',#8376,1000.);
#1068=VECTOR('',#8413,1000.);
#1069=VECTOR('',#8420,1000.);
#1070=VECTOR('',#8429,1000.);
#1071=VECTOR('',#8430,1000.);
#1072=VECTOR('',#8433,1000.);
#1073=VECTOR('',#8434,1000.);
#1074=VECTOR('',#8437,1000.);
#1075=VECTOR('',#8438,1000.);
#1076=VECTOR('',#8441,1000.);
#1077=VECTOR('',#8442,1000.);
#1078=VECTOR('',#8445,1000.);
#1079=VECTOR('',#8452,1000.);
#1080=VECTOR('',#8461,1000.);
#1081=VECTOR('',#8462,1000.);
#1082=VECTOR('',#8465,1000.);
#1083=VECTOR('',#8466,1000.);
#1084=VECTOR('',#8469,1000.);
#1085=VECTOR('',#8470,1000.);
#1086=VECTOR('',#8473,1000.);
#1087=VECTOR('',#8474,1000.);
#1088=ORIENTED_EDGE('',*,*,#2720,.T.);
#1089=ORIENTED_EDGE('',*,*,#2721,.T.);
#1090=ORIENTED_EDGE('',*,*,#2722,.T.);
#1091=ORIENTED_EDGE('',*,*,#2723,.T.);
#1092=ORIENTED_EDGE('',*,*,#2724,.T.);
#1093=ORIENTED_EDGE('',*,*,#2725,.T.);
#1094=ORIENTED_EDGE('',*,*,#2726,.T.);
#1095=ORIENTED_EDGE('',*,*,#2727,.T.);
#1096=ORIENTED_EDGE('',*,*,#2728,.T.);
#1097=ORIENTED_EDGE('',*,*,#2729,.T.);
#1098=ORIENTED_EDGE('',*,*,#2730,.T.);
#1099=ORIENTED_EDGE('',*,*,#2731,.T.);
#1100=ORIENTED_EDGE('',*,*,#2732,.T.);
#1101=ORIENTED_EDGE('',*,*,#2733,.T.);
#1102=ORIENTED_EDGE('',*,*,#2734,.T.);
#1103=ORIENTED_EDGE('',*,*,#2735,.T.);
#1104=ORIENTED_EDGE('',*,*,#2736,.T.);
#1105=ORIENTED_EDGE('',*,*,#2737,.T.);
#1106=ORIENTED_EDGE('',*,*,#2738,.T.);
#1107=ORIENTED_EDGE('',*,*,#2739,.T.);
#1108=ORIENTED_EDGE('',*,*,#2740,.T.);
#1109=ORIENTED_EDGE('',*,*,#2741,.T.);
#1110=ORIENTED_EDGE('',*,*,#2742,.T.);
#1111=ORIENTED_EDGE('',*,*,#2743,.T.);
#1112=ORIENTED_EDGE('',*,*,#2744,.T.);
#1113=ORIENTED_EDGE('',*,*,#2745,.T.);
#1114=ORIENTED_EDGE('',*,*,#2746,.T.);
#1115=ORIENTED_EDGE('',*,*,#2747,.T.);
#1116=ORIENTED_EDGE('',*,*,#2748,.T.);
#1117=ORIENTED_EDGE('',*,*,#2749,.T.);
#1118=ORIENTED_EDGE('',*,*,#2750,.T.);
#1119=ORIENTED_EDGE('',*,*,#2751,.T.);
#1120=ORIENTED_EDGE('',*,*,#2752,.F.);
#1121=ORIENTED_EDGE('',*,*,#2720,.F.);
#1122=ORIENTED_EDGE('',*,*,#2753,.F.);
#1123=ORIENTED_EDGE('',*,*,#2740,.F.);
#1124=ORIENTED_EDGE('',*,*,#2754,.F.);
#1125=ORIENTED_EDGE('',*,*,#2744,.F.);
#1126=ORIENTED_EDGE('',*,*,#2755,.F.);
#1127=ORIENTED_EDGE('',*,*,#2748,.F.);
#1128=ORIENTED_EDGE('',*,*,#2754,.T.);
#1129=ORIENTED_EDGE('',*,*,#2743,.F.);
#1130=ORIENTED_EDGE('',*,*,#2756,.F.);
#1131=ORIENTED_EDGE('',*,*,#2745,.F.);
#1132=ORIENTED_EDGE('',*,*,#2753,.T.);
#1133=ORIENTED_EDGE('',*,*,#2723,.F.);
#1134=ORIENTED_EDGE('',*,*,#2757,.F.);
#1135=ORIENTED_EDGE('',*,*,#2741,.F.);
#1136=ORIENTED_EDGE('',*,*,#2758,.F.);
#1137=ORIENTED_EDGE('',*,*,#2721,.F.);
#1138=ORIENTED_EDGE('',*,*,#2752,.T.);
#1139=ORIENTED_EDGE('',*,*,#2751,.F.);
#1140=ORIENTED_EDGE('',*,*,#2755,.T.);
#1141=ORIENTED_EDGE('',*,*,#2747,.F.);
#1142=ORIENTED_EDGE('',*,*,#2759,.F.);
#1143=ORIENTED_EDGE('',*,*,#2749,.F.);
#1144=ORIENTED_EDGE('',*,*,#2760,.T.);
#1145=ORIENTED_EDGE('',*,*,#2724,.F.);
#1146=ORIENTED_EDGE('',*,*,#2761,.T.);
#1147=ORIENTED_EDGE('',*,*,#2728,.F.);
#1148=ORIENTED_EDGE('',*,*,#2762,.T.);
#1149=ORIENTED_EDGE('',*,*,#2732,.F.);
#1150=ORIENTED_EDGE('',*,*,#2763,.T.);
#1151=ORIENTED_EDGE('',*,*,#2736,.F.);
#1152=ORIENTED_EDGE('',*,*,#2763,.F.);
#1153=ORIENTED_EDGE('',*,*,#2735,.F.);
#1154=ORIENTED_EDGE('',*,*,#2764,.T.);
#1155=ORIENTED_EDGE('',*,*,#2737,.F.);
#1156=ORIENTED_EDGE('',*,*,#2765,.T.);
#1157=ORIENTED_EDGE('',*,*,#2725,.F.);
#1158=ORIENTED_EDGE('',*,*,#2760,.F.);
#1159=ORIENTED_EDGE('',*,*,#2739,.F.);
#1160=ORIENTED_EDGE('',*,*,#2761,.F.);
#1161=ORIENTED_EDGE('',*,*,#2727,.F.);
#1162=ORIENTED_EDGE('',*,*,#2766,.T.);
#1163=ORIENTED_EDGE('',*,*,#2729,.F.);
#1164=ORIENTED_EDGE('',*,*,#2762,.F.);
#1165=ORIENTED_EDGE('',*,*,#2731,.F.);
#1166=ORIENTED_EDGE('',*,*,#2767,.T.);
#1167=ORIENTED_EDGE('',*,*,#2733,.F.);
#1168=ORIENTED_EDGE('',*,*,#2768,.F.);
#1169=ORIENTED_EDGE('',*,*,#2769,.T.);
#1170=ORIENTED_EDGE('',*,*,#2770,.F.);
#1171=ORIENTED_EDGE('',*,*,#2771,.T.);
#1172=ORIENTED_EDGE('',*,*,#2772,.F.);
#1173=ORIENTED_EDGE('',*,*,#2773,.T.);
#1174=ORIENTED_EDGE('',*,*,#2774,.F.);
#1175=ORIENTED_EDGE('',*,*,#2775,.T.);
#1176=ORIENTED_EDGE('',*,*,#2776,.T.);
#1177=ORIENTED_EDGE('',*,*,#2777,.F.);
#1178=ORIENTED_EDGE('',*,*,#2778,.F.);
#1179=ORIENTED_EDGE('',*,*,#2779,.T.);
#1180=ORIENTED_EDGE('',*,*,#2780,.F.);
#1181=ORIENTED_EDGE('',*,*,#2781,.F.);
#1182=ORIENTED_EDGE('',*,*,#2782,.F.);
#1183=ORIENTED_EDGE('',*,*,#2783,.T.);
#1184=ORIENTED_EDGE('',*,*,#2784,.T.);
#1185=ORIENTED_EDGE('',*,*,#2785,.T.);
#1186=ORIENTED_EDGE('',*,*,#2786,.T.);
#1187=ORIENTED_EDGE('',*,*,#2787,.T.);
#1188=ORIENTED_EDGE('',*,*,#2788,.T.);
#1189=ORIENTED_EDGE('',*,*,#2789,.T.);
#1190=ORIENTED_EDGE('',*,*,#2790,.T.);
#1191=ORIENTED_EDGE('',*,*,#2781,.T.);
#1192=ORIENTED_EDGE('',*,*,#2791,.F.);
#1193=ORIENTED_EDGE('',*,*,#2791,.T.);
#1194=ORIENTED_EDGE('',*,*,#2792,.F.);
#1195=ORIENTED_EDGE('',*,*,#2792,.T.);
#1196=ORIENTED_EDGE('',*,*,#2793,.F.);
#1197=ORIENTED_EDGE('',*,*,#2793,.T.);
#1198=ORIENTED_EDGE('',*,*,#2794,.F.);
#1199=ORIENTED_EDGE('',*,*,#2795,.T.);
#1200=ORIENTED_EDGE('',*,*,#2796,.T.);
#1201=ORIENTED_EDGE('',*,*,#2797,.T.);
#1202=ORIENTED_EDGE('',*,*,#2794,.T.);
#1203=ORIENTED_EDGE('',*,*,#2798,.T.);
#1204=ORIENTED_EDGE('',*,*,#2799,.F.);
#1205=ORIENTED_EDGE('',*,*,#2800,.F.);
#1206=ORIENTED_EDGE('',*,*,#2780,.T.);
#1207=ORIENTED_EDGE('',*,*,#2801,.F.);
#1208=ORIENTED_EDGE('',*,*,#2801,.T.);
#1209=ORIENTED_EDGE('',*,*,#2802,.F.);
#1210=ORIENTED_EDGE('',*,*,#2802,.T.);
#1211=ORIENTED_EDGE('',*,*,#2803,.F.);
#1212=ORIENTED_EDGE('',*,*,#2803,.T.);
#1213=ORIENTED_EDGE('',*,*,#2804,.F.);
#1214=ORIENTED_EDGE('',*,*,#2805,.T.);
#1215=ORIENTED_EDGE('',*,*,#2806,.T.);
#1216=ORIENTED_EDGE('',*,*,#2807,.T.);
#1217=ORIENTED_EDGE('',*,*,#2804,.T.);
#1218=ORIENTED_EDGE('',*,*,#2808,.T.);
#1219=ORIENTED_EDGE('',*,*,#2809,.F.);
#1220=ORIENTED_EDGE('',*,*,#2810,.F.);
#1221=ORIENTED_EDGE('',*,*,#2811,.T.);
#1222=ORIENTED_EDGE('',*,*,#2812,.T.);
#1223=ORIENTED_EDGE('',*,*,#2813,.F.);
#1224=ORIENTED_EDGE('',*,*,#2814,.F.);
#1225=ORIENTED_EDGE('',*,*,#2815,.T.);
#1226=ORIENTED_EDGE('',*,*,#2811,.F.);
#1227=ORIENTED_EDGE('',*,*,#2816,.T.);
#1228=ORIENTED_EDGE('',*,*,#2817,.T.);
#1229=ORIENTED_EDGE('',*,*,#2818,.T.);
#1230=ORIENTED_EDGE('',*,*,#2819,.T.);
#1231=ORIENTED_EDGE('',*,*,#2815,.F.);
#1232=ORIENTED_EDGE('',*,*,#2820,.T.);
#1233=ORIENTED_EDGE('',*,*,#2819,.F.);
#1234=ORIENTED_EDGE('',*,*,#2782,.T.);
#1235=ORIENTED_EDGE('',*,*,#2820,.F.);
#1236=ORIENTED_EDGE('',*,*,#2821,.F.);
#1237=ORIENTED_EDGE('',*,*,#2822,.T.);
#1238=ORIENTED_EDGE('',*,*,#2823,.T.);
#1239=ORIENTED_EDGE('',*,*,#2824,.F.);
#1240=ORIENTED_EDGE('',*,*,#2825,.F.);
#1241=ORIENTED_EDGE('',*,*,#2821,.T.);
#1242=ORIENTED_EDGE('',*,*,#2826,.T.);
#1243=ORIENTED_EDGE('',*,*,#2827,.T.);
#1244=ORIENTED_EDGE('',*,*,#2828,.T.);
#1245=ORIENTED_EDGE('',*,*,#2829,.F.);
#1246=ORIENTED_EDGE('',*,*,#2825,.T.);
#1247=ORIENTED_EDGE('',*,*,#2830,.F.);
#1248=ORIENTED_EDGE('',*,*,#2829,.T.);
#1249=ORIENTED_EDGE('',*,*,#2831,.F.);
#1250=ORIENTED_EDGE('',*,*,#2830,.T.);
#1251=ORIENTED_EDGE('',*,*,#2832,.F.);
#1252=ORIENTED_EDGE('',*,*,#2833,.T.);
#1253=ORIENTED_EDGE('',*,*,#2834,.T.);
#1254=ORIENTED_EDGE('',*,*,#2835,.F.);
#1255=ORIENTED_EDGE('',*,*,#2836,.F.);
#1256=ORIENTED_EDGE('',*,*,#2832,.T.);
#1257=ORIENTED_EDGE('',*,*,#2837,.T.);
#1258=ORIENTED_EDGE('',*,*,#2838,.T.);
#1259=ORIENTED_EDGE('',*,*,#2839,.T.);
#1260=ORIENTED_EDGE('',*,*,#2840,.F.);
#1261=ORIENTED_EDGE('',*,*,#2836,.T.);
#1262=ORIENTED_EDGE('',*,*,#2841,.F.);
#1263=ORIENTED_EDGE('',*,*,#2840,.T.);
#1264=ORIENTED_EDGE('',*,*,#2842,.F.);
#1265=ORIENTED_EDGE('',*,*,#2841,.T.);
#1266=ORIENTED_EDGE('',*,*,#2843,.T.);
#1267=ORIENTED_EDGE('',*,*,#2844,.F.);
#1268=ORIENTED_EDGE('',*,*,#2844,.T.);
#1269=ORIENTED_EDGE('',*,*,#2845,.F.);
#1270=ORIENTED_EDGE('',*,*,#2845,.T.);
#1271=ORIENTED_EDGE('',*,*,#2846,.F.);
#1272=ORIENTED_EDGE('',*,*,#2847,.T.);
#1273=ORIENTED_EDGE('',*,*,#2848,.F.);
#1274=ORIENTED_EDGE('',*,*,#2848,.T.);
#1275=ORIENTED_EDGE('',*,*,#2849,.F.);
#1276=ORIENTED_EDGE('',*,*,#2849,.T.);
#1277=ORIENTED_EDGE('',*,*,#2850,.F.);
#1278=ORIENTED_EDGE('',*,*,#2851,.T.);
#1279=ORIENTED_EDGE('',*,*,#2852,.F.);
#1280=ORIENTED_EDGE('',*,*,#2853,.T.);
#1281=ORIENTED_EDGE('',*,*,#2851,.F.);
#1282=ORIENTED_EDGE('',*,*,#2854,.T.);
#1283=ORIENTED_EDGE('',*,*,#2853,.F.);
#1284=ORIENTED_EDGE('',*,*,#2855,.F.);
#1285=ORIENTED_EDGE('',*,*,#2856,.T.);
#1286=ORIENTED_EDGE('',*,*,#2857,.F.);
#1287=ORIENTED_EDGE('',*,*,#2855,.T.);
#1288=ORIENTED_EDGE('',*,*,#2858,.F.);
#1289=ORIENTED_EDGE('',*,*,#2857,.T.);
#1290=ORIENTED_EDGE('',*,*,#2859,.F.);
#1291=ORIENTED_EDGE('',*,*,#2860,.T.);
#1292=ORIENTED_EDGE('',*,*,#2861,.F.);
#1293=ORIENTED_EDGE('',*,*,#2859,.T.);
#1294=ORIENTED_EDGE('',*,*,#2862,.F.);
#1295=ORIENTED_EDGE('',*,*,#2861,.T.);
#1296=ORIENTED_EDGE('',*,*,#2863,.F.);
#1297=ORIENTED_EDGE('',*,*,#2864,.T.);
#1298=ORIENTED_EDGE('',*,*,#2865,.T.);
#1299=ORIENTED_EDGE('',*,*,#2866,.T.);
#1300=ORIENTED_EDGE('',*,*,#2867,.T.);
#1301=ORIENTED_EDGE('',*,*,#2868,.T.);
#1302=ORIENTED_EDGE('',*,*,#2869,.F.);
#1303=ORIENTED_EDGE('',*,*,#2870,.T.);
#1304=ORIENTED_EDGE('',*,*,#2871,.T.);
#1305=ORIENTED_EDGE('',*,*,#2872,.T.);
#1306=ORIENTED_EDGE('',*,*,#2873,.T.);
#1307=ORIENTED_EDGE('',*,*,#2874,.T.);
#1308=ORIENTED_EDGE('',*,*,#2870,.F.);
#1309=ORIENTED_EDGE('',*,*,#2875,.T.);
#1310=ORIENTED_EDGE('',*,*,#2868,.F.);
#1311=ORIENTED_EDGE('',*,*,#2876,.T.);
#1312=ORIENTED_EDGE('',*,*,#2877,.T.);
#1313=ORIENTED_EDGE('',*,*,#2878,.T.);
#1314=ORIENTED_EDGE('',*,*,#2879,.F.);
#1315=ORIENTED_EDGE('',*,*,#2880,.T.);
#1316=ORIENTED_EDGE('',*,*,#2881,.T.);
#1317=ORIENTED_EDGE('',*,*,#2882,.T.);
#1318=ORIENTED_EDGE('',*,*,#2883,.T.);
#1319=ORIENTED_EDGE('',*,*,#2884,.T.);
#1320=ORIENTED_EDGE('',*,*,#2885,.F.);
#1321=ORIENTED_EDGE('',*,*,#2886,.T.);
#1322=ORIENTED_EDGE('',*,*,#2887,.T.);
#1323=ORIENTED_EDGE('',*,*,#2888,.T.);
#1324=ORIENTED_EDGE('',*,*,#2889,.T.);
#1325=ORIENTED_EDGE('',*,*,#2890,.T.);
#1326=ORIENTED_EDGE('',*,*,#2891,.F.);
#1327=ORIENTED_EDGE('',*,*,#2892,.T.);
#1328=ORIENTED_EDGE('',*,*,#2893,.T.);
#1329=ORIENTED_EDGE('',*,*,#2894,.T.);
#1330=ORIENTED_EDGE('',*,*,#2895,.T.);
#1331=ORIENTED_EDGE('',*,*,#2896,.T.);
#1332=ORIENTED_EDGE('',*,*,#2897,.F.);
#1333=ORIENTED_EDGE('',*,*,#2898,.T.);
#1334=ORIENTED_EDGE('',*,*,#2899,.T.);
#1335=ORIENTED_EDGE('',*,*,#2900,.T.);
#1336=ORIENTED_EDGE('',*,*,#2901,.T.);
#1337=ORIENTED_EDGE('',*,*,#2902,.T.);
#1338=ORIENTED_EDGE('',*,*,#2898,.F.);
#1339=ORIENTED_EDGE('',*,*,#2903,.T.);
#1340=ORIENTED_EDGE('',*,*,#2896,.F.);
#1341=ORIENTED_EDGE('',*,*,#2904,.T.);
#1342=ORIENTED_EDGE('',*,*,#2905,.T.);
#1343=ORIENTED_EDGE('',*,*,#2906,.T.);
#1344=ORIENTED_EDGE('',*,*,#2907,.F.);
#1345=ORIENTED_EDGE('',*,*,#2908,.T.);
#1346=ORIENTED_EDGE('',*,*,#2909,.F.);
#1347=ORIENTED_EDGE('',*,*,#2910,.T.);
#1348=ORIENTED_EDGE('',*,*,#2911,.F.);
#1349=ORIENTED_EDGE('',*,*,#2912,.T.);
#1350=ORIENTED_EDGE('',*,*,#2913,.F.);
#1351=ORIENTED_EDGE('',*,*,#2914,.T.);
#1352=ORIENTED_EDGE('',*,*,#2915,.F.);
#1353=ORIENTED_EDGE('',*,*,#2916,.T.);
#1354=ORIENTED_EDGE('',*,*,#2917,.F.);
#1355=ORIENTED_EDGE('',*,*,#2918,.T.);
#1356=ORIENTED_EDGE('',*,*,#2919,.F.);
#1357=ORIENTED_EDGE('',*,*,#2920,.T.);
#1358=ORIENTED_EDGE('',*,*,#2921,.T.);
#1359=ORIENTED_EDGE('',*,*,#2922,.T.);
#1360=ORIENTED_EDGE('',*,*,#2923,.T.);
#1361=ORIENTED_EDGE('',*,*,#2924,.T.);
#1362=ORIENTED_EDGE('',*,*,#2925,.F.);
#1363=ORIENTED_EDGE('',*,*,#2926,.T.);
#1364=ORIENTED_EDGE('',*,*,#2927,.T.);
#1365=ORIENTED_EDGE('',*,*,#2928,.T.);
#1366=ORIENTED_EDGE('',*,*,#2929,.T.);
#1367=ORIENTED_EDGE('',*,*,#2930,.T.);
#1368=ORIENTED_EDGE('',*,*,#2926,.F.);
#1369=ORIENTED_EDGE('',*,*,#2931,.T.);
#1370=ORIENTED_EDGE('',*,*,#2924,.F.);
#1371=ORIENTED_EDGE('',*,*,#2932,.T.);
#1372=ORIENTED_EDGE('',*,*,#2933,.T.);
#1373=ORIENTED_EDGE('',*,*,#2934,.T.);
#1374=ORIENTED_EDGE('',*,*,#2935,.F.);
#1375=ORIENTED_EDGE('',*,*,#2936,.T.);
#1376=ORIENTED_EDGE('',*,*,#2937,.T.);
#1377=ORIENTED_EDGE('',*,*,#2938,.T.);
#1378=ORIENTED_EDGE('',*,*,#2939,.T.);
#1379=ORIENTED_EDGE('',*,*,#2940,.T.);
#1380=ORIENTED_EDGE('',*,*,#2941,.F.);
#1381=ORIENTED_EDGE('',*,*,#2942,.T.);
#1382=ORIENTED_EDGE('',*,*,#2943,.T.);
#1383=ORIENTED_EDGE('',*,*,#2944,.T.);
#1384=ORIENTED_EDGE('',*,*,#2945,.T.);
#1385=ORIENTED_EDGE('',*,*,#2946,.T.);
#1386=ORIENTED_EDGE('',*,*,#2947,.F.);
#1387=ORIENTED_EDGE('',*,*,#2948,.F.);
#1388=ORIENTED_EDGE('',*,*,#2949,.F.);
#1389=ORIENTED_EDGE('',*,*,#2950,.F.);
#1390=ORIENTED_EDGE('',*,*,#2951,.F.);
#1391=ORIENTED_EDGE('',*,*,#2952,.F.);
#1392=ORIENTED_EDGE('',*,*,#2953,.F.);
#1393=ORIENTED_EDGE('',*,*,#2954,.F.);
#1394=ORIENTED_EDGE('',*,*,#2955,.F.);
#1395=ORIENTED_EDGE('',*,*,#2956,.F.);
#1396=ORIENTED_EDGE('',*,*,#2957,.F.);
#1397=ORIENTED_EDGE('',*,*,#2958,.F.);
#1398=ORIENTED_EDGE('',*,*,#2959,.F.);
#1399=ORIENTED_EDGE('',*,*,#2960,.T.);
#1400=ORIENTED_EDGE('',*,*,#2961,.T.);
#1401=ORIENTED_EDGE('',*,*,#2962,.T.);
#1402=ORIENTED_EDGE('',*,*,#2963,.T.);
#1403=ORIENTED_EDGE('',*,*,#2964,.T.);
#1404=ORIENTED_EDGE('',*,*,#2965,.F.);
#1405=ORIENTED_EDGE('',*,*,#2966,.T.);
#1406=ORIENTED_EDGE('',*,*,#2967,.T.);
#1407=ORIENTED_EDGE('',*,*,#2968,.T.);
#1408=ORIENTED_EDGE('',*,*,#2969,.T.);
#1409=ORIENTED_EDGE('',*,*,#2970,.T.);
#1410=ORIENTED_EDGE('',*,*,#2966,.F.);
#1411=ORIENTED_EDGE('',*,*,#2971,.T.);
#1412=ORIENTED_EDGE('',*,*,#2964,.F.);
#1413=ORIENTED_EDGE('',*,*,#2972,.T.);
#1414=ORIENTED_EDGE('',*,*,#2973,.T.);
#1415=ORIENTED_EDGE('',*,*,#2974,.T.);
#1416=ORIENTED_EDGE('',*,*,#2975,.T.);
#1417=ORIENTED_EDGE('',*,*,#2976,.T.);
#1418=ORIENTED_EDGE('',*,*,#2977,.T.);
#1419=ORIENTED_EDGE('',*,*,#2978,.F.);
#1420=ORIENTED_EDGE('',*,*,#2979,.T.);
#1421=ORIENTED_EDGE('',*,*,#2980,.F.);
#1422=ORIENTED_EDGE('',*,*,#2981,.T.);
#1423=ORIENTED_EDGE('',*,*,#2982,.T.);
#1424=ORIENTED_EDGE('',*,*,#2983,.T.);
#1425=ORIENTED_EDGE('',*,*,#2984,.F.);
#1426=ORIENTED_EDGE('',*,*,#2985,.T.);
#1427=ORIENTED_EDGE('',*,*,#2986,.F.);
#1428=ORIENTED_EDGE('',*,*,#2987,.F.);
#1429=ORIENTED_EDGE('',*,*,#2988,.T.);
#1430=ORIENTED_EDGE('',*,*,#2989,.T.);
#1431=ORIENTED_EDGE('',*,*,#2990,.T.);
#1432=ORIENTED_EDGE('',*,*,#2991,.T.);
#1433=ORIENTED_EDGE('',*,*,#2992,.T.);
#1434=ORIENTED_EDGE('',*,*,#2993,.F.);
#1435=ORIENTED_EDGE('',*,*,#2994,.T.);
#1436=ORIENTED_EDGE('',*,*,#2995,.T.);
#1437=ORIENTED_EDGE('',*,*,#2996,.T.);
#1438=ORIENTED_EDGE('',*,*,#2997,.T.);
#1439=ORIENTED_EDGE('',*,*,#2998,.T.);
#1440=ORIENTED_EDGE('',*,*,#2994,.F.);
#1441=ORIENTED_EDGE('',*,*,#2999,.T.);
#1442=ORIENTED_EDGE('',*,*,#2992,.F.);
#1443=ORIENTED_EDGE('',*,*,#3000,.T.);
#1444=ORIENTED_EDGE('',*,*,#3001,.T.);
#1445=ORIENTED_EDGE('',*,*,#3002,.T.);
#1446=ORIENTED_EDGE('',*,*,#3003,.F.);
#1447=ORIENTED_EDGE('',*,*,#3004,.F.);
#1448=ORIENTED_EDGE('',*,*,#3005,.F.);
#1449=ORIENTED_EDGE('',*,*,#3006,.F.);
#1450=ORIENTED_EDGE('',*,*,#3007,.F.);
#1451=ORIENTED_EDGE('',*,*,#3008,.F.);
#1452=ORIENTED_EDGE('',*,*,#3009,.F.);
#1453=ORIENTED_EDGE('',*,*,#3010,.F.);
#1454=ORIENTED_EDGE('',*,*,#3011,.F.);
#1455=ORIENTED_EDGE('',*,*,#3012,.F.);
#1456=ORIENTED_EDGE('',*,*,#3013,.F.);
#1457=ORIENTED_EDGE('',*,*,#3014,.F.);
#1458=ORIENTED_EDGE('',*,*,#3015,.F.);
#1459=ORIENTED_EDGE('',*,*,#3016,.T.);
#1460=ORIENTED_EDGE('',*,*,#3017,.T.);
#1461=ORIENTED_EDGE('',*,*,#3018,.T.);
#1462=ORIENTED_EDGE('',*,*,#3019,.T.);
#1463=ORIENTED_EDGE('',*,*,#3020,.T.);
#1464=ORIENTED_EDGE('',*,*,#3021,.F.);
#1465=ORIENTED_EDGE('',*,*,#3022,.T.);
#1466=ORIENTED_EDGE('',*,*,#3023,.T.);
#1467=ORIENTED_EDGE('',*,*,#3024,.T.);
#1468=ORIENTED_EDGE('',*,*,#3025,.T.);
#1469=ORIENTED_EDGE('',*,*,#3026,.T.);
#1470=ORIENTED_EDGE('',*,*,#3022,.F.);
#1471=ORIENTED_EDGE('',*,*,#3027,.T.);
#1472=ORIENTED_EDGE('',*,*,#3020,.F.);
#1473=ORIENTED_EDGE('',*,*,#3028,.T.);
#1474=ORIENTED_EDGE('',*,*,#3029,.T.);
#1475=ORIENTED_EDGE('',*,*,#3030,.T.);
#1476=ORIENTED_EDGE('',*,*,#3013,.T.);
#1477=ORIENTED_EDGE('',*,*,#3031,.T.);
#1478=ORIENTED_EDGE('',*,*,#3032,.T.);
#1479=ORIENTED_EDGE('',*,*,#3033,.T.);
#1480=ORIENTED_EDGE('',*,*,#2951,.T.);
#1481=ORIENTED_EDGE('',*,*,#3034,.T.);
#1482=ORIENTED_EDGE('',*,*,#3035,.T.);
#1483=ORIENTED_EDGE('',*,*,#3036,.T.);
#1484=ORIENTED_EDGE('',*,*,#2949,.T.);
#1485=ORIENTED_EDGE('',*,*,#3037,.T.);
#1486=ORIENTED_EDGE('',*,*,#3038,.T.);
#1487=ORIENTED_EDGE('',*,*,#3039,.T.);
#1488=ORIENTED_EDGE('',*,*,#2957,.T.);
#1489=ORIENTED_EDGE('',*,*,#3040,.T.);
#1490=ORIENTED_EDGE('',*,*,#3041,.T.);
#1491=ORIENTED_EDGE('',*,*,#3042,.T.);
#1492=ORIENTED_EDGE('',*,*,#2955,.T.);
#1493=ORIENTED_EDGE('',*,*,#3043,.T.);
#1494=ORIENTED_EDGE('',*,*,#3044,.T.);
#1495=ORIENTED_EDGE('',*,*,#3045,.T.);
#1496=ORIENTED_EDGE('',*,*,#2978,.T.);
#1497=ORIENTED_EDGE('',*,*,#3046,.T.);
#1498=ORIENTED_EDGE('',*,*,#3047,.T.);
#1499=ORIENTED_EDGE('',*,*,#3048,.T.);
#1500=ORIENTED_EDGE('',*,*,#2980,.T.);
#1501=ORIENTED_EDGE('',*,*,#3049,.T.);
#1502=ORIENTED_EDGE('',*,*,#3050,.T.);
#1503=ORIENTED_EDGE('',*,*,#3051,.T.);
#1504=ORIENTED_EDGE('',*,*,#2984,.T.);
#1505=ORIENTED_EDGE('',*,*,#3052,.T.);
#1506=ORIENTED_EDGE('',*,*,#3053,.T.);
#1507=ORIENTED_EDGE('',*,*,#3054,.T.);
#1508=ORIENTED_EDGE('',*,*,#2986,.T.);
#1509=ORIENTED_EDGE('',*,*,#3055,.T.);
#1510=ORIENTED_EDGE('',*,*,#3056,.T.);
#1511=ORIENTED_EDGE('',*,*,#3057,.T.);
#1512=ORIENTED_EDGE('',*,*,#3007,.T.);
#1513=ORIENTED_EDGE('',*,*,#3058,.T.);
#1514=ORIENTED_EDGE('',*,*,#3059,.T.);
#1515=ORIENTED_EDGE('',*,*,#3060,.T.);
#1516=ORIENTED_EDGE('',*,*,#3005,.T.);
#1517=ORIENTED_EDGE('',*,*,#3061,.T.);
#1518=ORIENTED_EDGE('',*,*,#3062,.T.);
#1519=ORIENTED_EDGE('',*,*,#3063,.T.);
#1520=ORIENTED_EDGE('',*,*,#3011,.T.);
#1521=ORIENTED_EDGE('',*,*,#3064,.T.);
#1522=ORIENTED_EDGE('',*,*,#3065,.T.);
#1523=ORIENTED_EDGE('',*,*,#3066,.T.);
#1524=ORIENTED_EDGE('',*,*,#3067,.F.);
#1525=ORIENTED_EDGE('',*,*,#3040,.F.);
#1526=ORIENTED_EDGE('',*,*,#2956,.T.);
#1527=ORIENTED_EDGE('',*,*,#3045,.F.);
#1528=ORIENTED_EDGE('',*,*,#3068,.F.);
#1529=ORIENTED_EDGE('',*,*,#2952,.T.);
#1530=ORIENTED_EDGE('',*,*,#3036,.F.);
#1531=ORIENTED_EDGE('',*,*,#3069,.F.);
#1532=ORIENTED_EDGE('',*,*,#3043,.F.);
#1533=ORIENTED_EDGE('',*,*,#2954,.T.);
#1534=ORIENTED_EDGE('',*,*,#3070,.F.);
#1535=ORIENTED_EDGE('',*,*,#3034,.F.);
#1536=ORIENTED_EDGE('',*,*,#2950,.T.);
#1537=ORIENTED_EDGE('',*,*,#3039,.F.);
#1538=ORIENTED_EDGE('',*,*,#3071,.F.);
#1539=ORIENTED_EDGE('',*,*,#2958,.T.);
#1540=ORIENTED_EDGE('',*,*,#3042,.F.);
#1541=ORIENTED_EDGE('',*,*,#3072,.F.);
#1542=ORIENTED_EDGE('',*,*,#3037,.F.);
#1543=ORIENTED_EDGE('',*,*,#2948,.T.);
#1544=ORIENTED_EDGE('',*,*,#3073,.F.);
#1545=ORIENTED_EDGE('',*,*,#3014,.T.);
#1546=ORIENTED_EDGE('',*,*,#3033,.F.);
#1547=ORIENTED_EDGE('',*,*,#3074,.F.);
#1548=ORIENTED_EDGE('',*,*,#3061,.F.);
#1549=ORIENTED_EDGE('',*,*,#3004,.T.);
#1550=ORIENTED_EDGE('',*,*,#3075,.F.);
#1551=ORIENTED_EDGE('',*,*,#3031,.F.);
#1552=ORIENTED_EDGE('',*,*,#3012,.T.);
#1553=ORIENTED_EDGE('',*,*,#3066,.F.);
#1554=ORIENTED_EDGE('',*,*,#3076,.F.);
#1555=ORIENTED_EDGE('',*,*,#3008,.T.);
#1556=ORIENTED_EDGE('',*,*,#3060,.F.);
#1557=ORIENTED_EDGE('',*,*,#3077,.F.);
#1558=ORIENTED_EDGE('',*,*,#3064,.F.);
#1559=ORIENTED_EDGE('',*,*,#3010,.T.);
#1560=ORIENTED_EDGE('',*,*,#3078,.F.);
#1561=ORIENTED_EDGE('',*,*,#3058,.F.);
#1562=ORIENTED_EDGE('',*,*,#3006,.T.);
#1563=ORIENTED_EDGE('',*,*,#3063,.F.);
#1564=ORIENTED_EDGE('',*,*,#2983,.F.);
#1565=ORIENTED_EDGE('',*,*,#3079,.T.);
#1566=ORIENTED_EDGE('',*,*,#2975,.F.);
#1567=ORIENTED_EDGE('',*,*,#3051,.F.);
#1568=ORIENTED_EDGE('',*,*,#3080,.T.);
#1569=ORIENTED_EDGE('',*,*,#3052,.F.);
#1570=ORIENTED_EDGE('',*,*,#2985,.F.);
#1571=ORIENTED_EDGE('',*,*,#3054,.F.);
#1572=ORIENTED_EDGE('',*,*,#3081,.T.);
#1573=ORIENTED_EDGE('',*,*,#3055,.F.);
#1574=ORIENTED_EDGE('',*,*,#2977,.F.);
#1575=ORIENTED_EDGE('',*,*,#3082,.T.);
#1576=ORIENTED_EDGE('',*,*,#2981,.F.);
#1577=ORIENTED_EDGE('',*,*,#3057,.F.);
#1578=ORIENTED_EDGE('',*,*,#3083,.T.);
#1579=ORIENTED_EDGE('',*,*,#3046,.F.);
#1580=ORIENTED_EDGE('',*,*,#2979,.F.);
#1581=ORIENTED_EDGE('',*,*,#3048,.F.);
#1582=ORIENTED_EDGE('',*,*,#3084,.T.);
#1583=ORIENTED_EDGE('',*,*,#3049,.F.);
#1584=ORIENTED_EDGE('',*,*,#3085,.F.);
#1585=ORIENTED_EDGE('',*,*,#3086,.T.);
#1586=ORIENTED_EDGE('',*,*,#3087,.F.);
#1587=ORIENTED_EDGE('',*,*,#3088,.T.);
#1588=ORIENTED_EDGE('',*,*,#3089,.F.);
#1589=ORIENTED_EDGE('',*,*,#3090,.T.);
#1590=ORIENTED_EDGE('',*,*,#3091,.F.);
#1591=ORIENTED_EDGE('',*,*,#3092,.T.);
#1592=ORIENTED_EDGE('',*,*,#3093,.F.);
#1593=ORIENTED_EDGE('',*,*,#3094,.T.);
#1594=ORIENTED_EDGE('',*,*,#3095,.F.);
#1595=ORIENTED_EDGE('',*,*,#3096,.T.);
#1596=ORIENTED_EDGE('',*,*,#3097,.F.);
#1597=ORIENTED_EDGE('',*,*,#3098,.T.);
#1598=ORIENTED_EDGE('',*,*,#3099,.F.);
#1599=ORIENTED_EDGE('',*,*,#3100,.T.);
#1600=ORIENTED_EDGE('',*,*,#3101,.T.);
#1601=ORIENTED_EDGE('',*,*,#3102,.T.);
#1602=ORIENTED_EDGE('',*,*,#3103,.T.);
#1603=ORIENTED_EDGE('',*,*,#3104,.T.);
#1604=ORIENTED_EDGE('',*,*,#3105,.T.);
#1605=ORIENTED_EDGE('',*,*,#3106,.T.);
#1606=ORIENTED_EDGE('',*,*,#3107,.F.);
#1607=ORIENTED_EDGE('',*,*,#3108,.F.);
#1608=ORIENTED_EDGE('',*,*,#3109,.F.);
#1609=ORIENTED_EDGE('',*,*,#3110,.F.);
#1610=ORIENTED_EDGE('',*,*,#3111,.F.);
#1611=ORIENTED_EDGE('',*,*,#3112,.F.);
#1612=ORIENTED_EDGE('',*,*,#3113,.T.);
#1613=ORIENTED_EDGE('',*,*,#3114,.T.);
#1614=ORIENTED_EDGE('',*,*,#3115,.F.);
#1615=ORIENTED_EDGE('',*,*,#3116,.F.);
#1616=ORIENTED_EDGE('',*,*,#3117,.T.);
#1617=ORIENTED_EDGE('',*,*,#3118,.T.);
#1618=ORIENTED_EDGE('',*,*,#3119,.F.);
#1619=ORIENTED_EDGE('',*,*,#3120,.F.);
#1620=ORIENTED_EDGE('',*,*,#3121,.T.);
#1621=ORIENTED_EDGE('',*,*,#3122,.T.);
#1622=ORIENTED_EDGE('',*,*,#3123,.T.);
#1623=ORIENTED_EDGE('',*,*,#3124,.T.);
#1624=ORIENTED_EDGE('',*,*,#3125,.T.);
#1625=ORIENTED_EDGE('',*,*,#3126,.T.);
#1626=ORIENTED_EDGE('',*,*,#3127,.T.);
#1627=ORIENTED_EDGE('',*,*,#3128,.T.);
#1628=ORIENTED_EDGE('',*,*,#3129,.T.);
#1629=ORIENTED_EDGE('',*,*,#3130,.T.);
#1630=ORIENTED_EDGE('',*,*,#3114,.F.);
#1631=ORIENTED_EDGE('',*,*,#3131,.F.);
#1632=ORIENTED_EDGE('',*,*,#3132,.T.);
#1633=ORIENTED_EDGE('',*,*,#3133,.T.);
#1634=ORIENTED_EDGE('',*,*,#3134,.T.);
#1635=ORIENTED_EDGE('',*,*,#3135,.T.);
#1636=ORIENTED_EDGE('',*,*,#3136,.F.);
#1637=ORIENTED_EDGE('',*,*,#3137,.F.);
#1638=ORIENTED_EDGE('',*,*,#3112,.T.);
#1639=ORIENTED_EDGE('',*,*,#3138,.T.);
#1640=ORIENTED_EDGE('',*,*,#2858,.T.);
#1641=ORIENTED_EDGE('',*,*,#3137,.T.);
#1642=ORIENTED_EDGE('',*,*,#3139,.T.);
#1643=ORIENTED_EDGE('',*,*,#3131,.T.);
#1644=ORIENTED_EDGE('',*,*,#3113,.F.);
#1645=ORIENTED_EDGE('',*,*,#3140,.F.);
#1646=ORIENTED_EDGE('',*,*,#3132,.F.);
#1647=ORIENTED_EDGE('',*,*,#3139,.F.);
#1648=ORIENTED_EDGE('',*,*,#3136,.T.);
#1649=ORIENTED_EDGE('',*,*,#3141,.T.);
#1650=ORIENTED_EDGE('',*,*,#3142,.T.);
#1651=ORIENTED_EDGE('',*,*,#3118,.F.);
#1652=ORIENTED_EDGE('',*,*,#3143,.F.);
#1653=ORIENTED_EDGE('',*,*,#3144,.T.);
#1654=ORIENTED_EDGE('',*,*,#3145,.T.);
#1655=ORIENTED_EDGE('',*,*,#3146,.T.);
#1656=ORIENTED_EDGE('',*,*,#3147,.T.);
#1657=ORIENTED_EDGE('',*,*,#3148,.F.);
#1658=ORIENTED_EDGE('',*,*,#3149,.F.);
#1659=ORIENTED_EDGE('',*,*,#3116,.T.);
#1660=ORIENTED_EDGE('',*,*,#3150,.T.);
#1661=ORIENTED_EDGE('',*,*,#2862,.T.);
#1662=ORIENTED_EDGE('',*,*,#3149,.T.);
#1663=ORIENTED_EDGE('',*,*,#3151,.T.);
#1664=ORIENTED_EDGE('',*,*,#3143,.T.);
#1665=ORIENTED_EDGE('',*,*,#3117,.F.);
#1666=ORIENTED_EDGE('',*,*,#3152,.F.);
#1667=ORIENTED_EDGE('',*,*,#3144,.F.);
#1668=ORIENTED_EDGE('',*,*,#3151,.F.);
#1669=ORIENTED_EDGE('',*,*,#3148,.T.);
#1670=ORIENTED_EDGE('',*,*,#3153,.T.);
#1671=ORIENTED_EDGE('',*,*,#3154,.T.);
#1672=ORIENTED_EDGE('',*,*,#3106,.F.);
#1673=ORIENTED_EDGE('',*,*,#3155,.F.);
#1674=ORIENTED_EDGE('',*,*,#3156,.T.);
#1675=ORIENTED_EDGE('',*,*,#3157,.T.);
#1676=ORIENTED_EDGE('',*,*,#3158,.T.);
#1677=ORIENTED_EDGE('',*,*,#3159,.T.);
#1678=ORIENTED_EDGE('',*,*,#3160,.F.);
#1679=ORIENTED_EDGE('',*,*,#3161,.F.);
#1680=ORIENTED_EDGE('',*,*,#3120,.T.);
#1681=ORIENTED_EDGE('',*,*,#3162,.T.);
#1682=ORIENTED_EDGE('',*,*,#3163,.T.);
#1683=ORIENTED_EDGE('',*,*,#3161,.T.);
#1684=ORIENTED_EDGE('',*,*,#3164,.T.);
#1685=ORIENTED_EDGE('',*,*,#3155,.T.);
#1686=ORIENTED_EDGE('',*,*,#3105,.F.);
#1687=ORIENTED_EDGE('',*,*,#3165,.F.);
#1688=ORIENTED_EDGE('',*,*,#3156,.F.);
#1689=ORIENTED_EDGE('',*,*,#3164,.F.);
#1690=ORIENTED_EDGE('',*,*,#3160,.T.);
#1691=ORIENTED_EDGE('',*,*,#3166,.F.);
#1692=ORIENTED_EDGE('',*,*,#3167,.T.);
#1693=ORIENTED_EDGE('',*,*,#3168,.F.);
#1694=ORIENTED_EDGE('',*,*,#3169,.T.);
#1695=ORIENTED_EDGE('',*,*,#3170,.F.);
#1696=ORIENTED_EDGE('',*,*,#3171,.T.);
#1697=ORIENTED_EDGE('',*,*,#3172,.F.);
#1698=ORIENTED_EDGE('',*,*,#3173,.T.);
#1699=ORIENTED_EDGE('',*,*,#3167,.F.);
#1700=ORIENTED_EDGE('',*,*,#3174,.T.);
#1701=ORIENTED_EDGE('',*,*,#3169,.F.);
#1702=ORIENTED_EDGE('',*,*,#3175,.T.);
#1703=ORIENTED_EDGE('',*,*,#3171,.F.);
#1704=ORIENTED_EDGE('',*,*,#3176,.T.);
#1705=ORIENTED_EDGE('',*,*,#3173,.F.);
#1706=ORIENTED_EDGE('',*,*,#3177,.T.);
#1707=ORIENTED_EDGE('',*,*,#3178,.F.);
#1708=ORIENTED_EDGE('',*,*,#3166,.T.);
#1709=ORIENTED_EDGE('',*,*,#3179,.F.);
#1710=ORIENTED_EDGE('',*,*,#3168,.T.);
#1711=ORIENTED_EDGE('',*,*,#3180,.F.);
#1712=ORIENTED_EDGE('',*,*,#3170,.T.);
#1713=ORIENTED_EDGE('',*,*,#3181,.F.);
#1714=ORIENTED_EDGE('',*,*,#3172,.T.);
#1715=ORIENTED_EDGE('',*,*,#3174,.F.);
#1716=ORIENTED_EDGE('',*,*,#3182,.T.);
#1717=ORIENTED_EDGE('',*,*,#3175,.F.);
#1718=ORIENTED_EDGE('',*,*,#3183,.T.);
#1719=ORIENTED_EDGE('',*,*,#3176,.F.);
#1720=ORIENTED_EDGE('',*,*,#3184,.T.);
#1721=ORIENTED_EDGE('',*,*,#3177,.F.);
#1722=ORIENTED_EDGE('',*,*,#3185,.T.);
#1723=ORIENTED_EDGE('',*,*,#2991,.F.);
#1724=ORIENTED_EDGE('',*,*,#3186,.F.);
#1725=ORIENTED_EDGE('',*,*,#3187,.F.);
#1726=ORIENTED_EDGE('',*,*,#3000,.F.);
#1727=ORIENTED_EDGE('',*,*,#2995,.F.);
#1728=ORIENTED_EDGE('',*,*,#3002,.F.);
#1729=ORIENTED_EDGE('',*,*,#3188,.F.);
#1730=ORIENTED_EDGE('',*,*,#3189,.F.);
#1731=ORIENTED_EDGE('',*,*,#3190,.T.);
#1732=ORIENTED_EDGE('',*,*,#3191,.T.);
#1733=ORIENTED_EDGE('',*,*,#2996,.F.);
#1734=ORIENTED_EDGE('',*,*,#3189,.T.);
#1735=ORIENTED_EDGE('',*,*,#2997,.F.);
#1736=ORIENTED_EDGE('',*,*,#3191,.F.);
#1737=ORIENTED_EDGE('',*,*,#3192,.F.);
#1738=ORIENTED_EDGE('',*,*,#3193,.F.);
#1739=ORIENTED_EDGE('',*,*,#3194,.F.);
#1740=ORIENTED_EDGE('',*,*,#2998,.F.);
#1741=ORIENTED_EDGE('',*,*,#3193,.T.);
#1742=ORIENTED_EDGE('',*,*,#3195,.T.);
#1743=ORIENTED_EDGE('',*,*,#3196,.T.);
#1744=ORIENTED_EDGE('',*,*,#2988,.F.);
#1745=ORIENTED_EDGE('',*,*,#2989,.F.);
#1746=ORIENTED_EDGE('',*,*,#3196,.F.);
#1747=ORIENTED_EDGE('',*,*,#3197,.F.);
#1748=ORIENTED_EDGE('',*,*,#3198,.F.);
#1749=ORIENTED_EDGE('',*,*,#3199,.T.);
#1750=ORIENTED_EDGE('',*,*,#3186,.T.);
#1751=ORIENTED_EDGE('',*,*,#2990,.F.);
#1752=ORIENTED_EDGE('',*,*,#3198,.T.);
#1753=ORIENTED_EDGE('',*,*,#3017,.F.);
#1754=ORIENTED_EDGE('',*,*,#3200,.F.);
#1755=ORIENTED_EDGE('',*,*,#3201,.F.);
#1756=ORIENTED_EDGE('',*,*,#3202,.F.);
#1757=ORIENTED_EDGE('',*,*,#3018,.F.);
#1758=ORIENTED_EDGE('',*,*,#3202,.T.);
#1759=ORIENTED_EDGE('',*,*,#3203,.T.);
#1760=ORIENTED_EDGE('',*,*,#3204,.T.);
#1761=ORIENTED_EDGE('',*,*,#3019,.F.);
#1762=ORIENTED_EDGE('',*,*,#3204,.F.);
#1763=ORIENTED_EDGE('',*,*,#3205,.F.);
#1764=ORIENTED_EDGE('',*,*,#3028,.F.);
#1765=ORIENTED_EDGE('',*,*,#3023,.F.);
#1766=ORIENTED_EDGE('',*,*,#3030,.F.);
#1767=ORIENTED_EDGE('',*,*,#3206,.F.);
#1768=ORIENTED_EDGE('',*,*,#3207,.F.);
#1769=ORIENTED_EDGE('',*,*,#3024,.F.);
#1770=ORIENTED_EDGE('',*,*,#3207,.T.);
#1771=ORIENTED_EDGE('',*,*,#3208,.T.);
#1772=ORIENTED_EDGE('',*,*,#3209,.T.);
#1773=ORIENTED_EDGE('',*,*,#3025,.F.);
#1774=ORIENTED_EDGE('',*,*,#3209,.F.);
#1775=ORIENTED_EDGE('',*,*,#3210,.F.);
#1776=ORIENTED_EDGE('',*,*,#3211,.F.);
#1777=ORIENTED_EDGE('',*,*,#3212,.F.);
#1778=ORIENTED_EDGE('',*,*,#3026,.F.);
#1779=ORIENTED_EDGE('',*,*,#3211,.T.);
#1780=ORIENTED_EDGE('',*,*,#3213,.T.);
#1781=ORIENTED_EDGE('',*,*,#3200,.T.);
#1782=ORIENTED_EDGE('',*,*,#3016,.F.);
#1783=ORIENTED_EDGE('',*,*,#2967,.F.);
#1784=ORIENTED_EDGE('',*,*,#2974,.F.);
#1785=ORIENTED_EDGE('',*,*,#3214,.F.);
#1786=ORIENTED_EDGE('',*,*,#3215,.F.);
#1787=ORIENTED_EDGE('',*,*,#2968,.F.);
#1788=ORIENTED_EDGE('',*,*,#3215,.T.);
#1789=ORIENTED_EDGE('',*,*,#3216,.T.);
#1790=ORIENTED_EDGE('',*,*,#3217,.T.);
#1791=ORIENTED_EDGE('',*,*,#2969,.F.);
#1792=ORIENTED_EDGE('',*,*,#3217,.F.);
#1793=ORIENTED_EDGE('',*,*,#3218,.F.);
#1794=ORIENTED_EDGE('',*,*,#3219,.F.);
#1795=ORIENTED_EDGE('',*,*,#3220,.F.);
#1796=ORIENTED_EDGE('',*,*,#2970,.F.);
#1797=ORIENTED_EDGE('',*,*,#3219,.T.);
#1798=ORIENTED_EDGE('',*,*,#3221,.T.);
#1799=ORIENTED_EDGE('',*,*,#3222,.T.);
#1800=ORIENTED_EDGE('',*,*,#2960,.F.);
#1801=ORIENTED_EDGE('',*,*,#2961,.F.);
#1802=ORIENTED_EDGE('',*,*,#3222,.F.);
#1803=ORIENTED_EDGE('',*,*,#3223,.F.);
#1804=ORIENTED_EDGE('',*,*,#3224,.F.);
#1805=ORIENTED_EDGE('',*,*,#3225,.T.);
#1806=ORIENTED_EDGE('',*,*,#3226,.T.);
#1807=ORIENTED_EDGE('',*,*,#2962,.F.);
#1808=ORIENTED_EDGE('',*,*,#3224,.T.);
#1809=ORIENTED_EDGE('',*,*,#2963,.F.);
#1810=ORIENTED_EDGE('',*,*,#3226,.F.);
#1811=ORIENTED_EDGE('',*,*,#3227,.F.);
#1812=ORIENTED_EDGE('',*,*,#2972,.F.);
#1813=ORIENTED_EDGE('',*,*,#3228,.F.);
#1814=ORIENTED_EDGE('',*,*,#3229,.T.);
#1815=ORIENTED_EDGE('',*,*,#3230,.F.);
#1816=ORIENTED_EDGE('',*,*,#3231,.T.);
#1817=ORIENTED_EDGE('',*,*,#3232,.F.);
#1818=ORIENTED_EDGE('',*,*,#3233,.T.);
#1819=ORIENTED_EDGE('',*,*,#3234,.F.);
#1820=ORIENTED_EDGE('',*,*,#3235,.T.);
#1821=ORIENTED_EDGE('',*,*,#3236,.F.);
#1822=ORIENTED_EDGE('',*,*,#3178,.T.);
#1823=ORIENTED_EDGE('',*,*,#3237,.F.);
#1824=ORIENTED_EDGE('',*,*,#3179,.T.);
#1825=ORIENTED_EDGE('',*,*,#3238,.F.);
#1826=ORIENTED_EDGE('',*,*,#3180,.T.);
#1827=ORIENTED_EDGE('',*,*,#3239,.F.);
#1828=ORIENTED_EDGE('',*,*,#3181,.T.);
#1829=ORIENTED_EDGE('',*,*,#3240,.T.);
#1830=ORIENTED_EDGE('',*,*,#3241,.F.);
#1831=ORIENTED_EDGE('',*,*,#3242,.T.);
#1832=ORIENTED_EDGE('',*,*,#3243,.F.);
#1833=ORIENTED_EDGE('',*,*,#2843,.F.);
#1834=ORIENTED_EDGE('',*,*,#3244,.F.);
#1835=ORIENTED_EDGE('',*,*,#3245,.F.);
#1836=ORIENTED_EDGE('',*,*,#3246,.F.);
#1837=ORIENTED_EDGE('',*,*,#3247,.F.);
#1838=ORIENTED_EDGE('',*,*,#3248,.T.);
#1839=ORIENTED_EDGE('',*,*,#3249,.F.);
#1840=ORIENTED_EDGE('',*,*,#3250,.T.);
#1841=ORIENTED_EDGE('',*,*,#3251,.F.);
#1842=ORIENTED_EDGE('',*,*,#2973,.F.);
#1843=ORIENTED_EDGE('',*,*,#3227,.T.);
#1844=ORIENTED_EDGE('',*,*,#3225,.F.);
#1845=ORIENTED_EDGE('',*,*,#3223,.T.);
#1846=ORIENTED_EDGE('',*,*,#3221,.F.);
#1847=ORIENTED_EDGE('',*,*,#3218,.T.);
#1848=ORIENTED_EDGE('',*,*,#3216,.F.);
#1849=ORIENTED_EDGE('',*,*,#3214,.T.);
#1850=ORIENTED_EDGE('',*,*,#3213,.F.);
#1851=ORIENTED_EDGE('',*,*,#3210,.T.);
#1852=ORIENTED_EDGE('',*,*,#3208,.F.);
#1853=ORIENTED_EDGE('',*,*,#3206,.T.);
#1854=ORIENTED_EDGE('',*,*,#3029,.F.);
#1855=ORIENTED_EDGE('',*,*,#3205,.T.);
#1856=ORIENTED_EDGE('',*,*,#3203,.F.);
#1857=ORIENTED_EDGE('',*,*,#3201,.T.);
#1858=ORIENTED_EDGE('',*,*,#3199,.F.);
#1859=ORIENTED_EDGE('',*,*,#3197,.T.);
#1860=ORIENTED_EDGE('',*,*,#3195,.F.);
#1861=ORIENTED_EDGE('',*,*,#3192,.T.);
#1862=ORIENTED_EDGE('',*,*,#3190,.F.);
#1863=ORIENTED_EDGE('',*,*,#3188,.T.);
#1864=ORIENTED_EDGE('',*,*,#3001,.F.);
#1865=ORIENTED_EDGE('',*,*,#3187,.T.);
#1866=ORIENTED_EDGE('',*,*,#3185,.F.);
#1867=ORIENTED_EDGE('',*,*,#3184,.F.);
#1868=ORIENTED_EDGE('',*,*,#3183,.F.);
#1869=ORIENTED_EDGE('',*,*,#3182,.F.);
#1870=ORIENTED_EDGE('',*,*,#3252,.T.);
#1871=ORIENTED_EDGE('',*,*,#3253,.T.);
#1872=ORIENTED_EDGE('',*,*,#3254,.T.);
#1873=ORIENTED_EDGE('',*,*,#3255,.T.);
#1874=ORIENTED_EDGE('',*,*,#3256,.F.);
#1875=ORIENTED_EDGE('',*,*,#3234,.T.);
#1876=ORIENTED_EDGE('',*,*,#3257,.F.);
#1877=ORIENTED_EDGE('',*,*,#3232,.T.);
#1878=ORIENTED_EDGE('',*,*,#3258,.F.);
#1879=ORIENTED_EDGE('',*,*,#3230,.T.);
#1880=ORIENTED_EDGE('',*,*,#3259,.F.);
#1881=ORIENTED_EDGE('',*,*,#3228,.T.);
#1882=ORIENTED_EDGE('',*,*,#3229,.F.);
#1883=ORIENTED_EDGE('',*,*,#3260,.T.);
#1884=ORIENTED_EDGE('',*,*,#3231,.F.);
#1885=ORIENTED_EDGE('',*,*,#3261,.T.);
#1886=ORIENTED_EDGE('',*,*,#3233,.F.);
#1887=ORIENTED_EDGE('',*,*,#3262,.T.);
#1888=ORIENTED_EDGE('',*,*,#3235,.F.);
#1889=ORIENTED_EDGE('',*,*,#3263,.T.);
#1890=ORIENTED_EDGE('',*,*,#2847,.F.);
#1891=ORIENTED_EDGE('',*,*,#3264,.F.);
#1892=ORIENTED_EDGE('',*,*,#3265,.F.);
#1893=ORIENTED_EDGE('',*,*,#3266,.F.);
#1894=ORIENTED_EDGE('',*,*,#3267,.F.);
#1895=ORIENTED_EDGE('',*,*,#3084,.F.);
#1896=ORIENTED_EDGE('',*,*,#3047,.F.);
#1897=ORIENTED_EDGE('',*,*,#3083,.F.);
#1898=ORIENTED_EDGE('',*,*,#3056,.F.);
#1899=ORIENTED_EDGE('',*,*,#3081,.F.);
#1900=ORIENTED_EDGE('',*,*,#3053,.F.);
#1901=ORIENTED_EDGE('',*,*,#3080,.F.);
#1902=ORIENTED_EDGE('',*,*,#3050,.F.);
#1903=ORIENTED_EDGE('',*,*,#3075,.T.);
#1904=ORIENTED_EDGE('',*,*,#3065,.F.);
#1905=ORIENTED_EDGE('',*,*,#3077,.T.);
#1906=ORIENTED_EDGE('',*,*,#3059,.F.);
#1907=ORIENTED_EDGE('',*,*,#3078,.T.);
#1908=ORIENTED_EDGE('',*,*,#3062,.F.);
#1909=ORIENTED_EDGE('',*,*,#3074,.T.);
#1910=ORIENTED_EDGE('',*,*,#3032,.F.);
#1911=ORIENTED_EDGE('',*,*,#3069,.T.);
#1912=ORIENTED_EDGE('',*,*,#3035,.F.);
#1913=ORIENTED_EDGE('',*,*,#3070,.T.);
#1914=ORIENTED_EDGE('',*,*,#3038,.F.);
#1915=ORIENTED_EDGE('',*,*,#3072,.T.);
#1916=ORIENTED_EDGE('',*,*,#3041,.F.);
#1917=ORIENTED_EDGE('',*,*,#3067,.T.);
#1918=ORIENTED_EDGE('',*,*,#3044,.F.);
#1919=ORIENTED_EDGE('',*,*,#3242,.F.);
#1920=ORIENTED_EDGE('',*,*,#3268,.F.);
#1921=ORIENTED_EDGE('',*,*,#3244,.T.);
#1922=ORIENTED_EDGE('',*,*,#3269,.T.);
#1923=ORIENTED_EDGE('',*,*,#3250,.F.);
#1924=ORIENTED_EDGE('',*,*,#3270,.F.);
#1925=ORIENTED_EDGE('',*,*,#3264,.T.);
#1926=ORIENTED_EDGE('',*,*,#3271,.T.);
#1927=ORIENTED_EDGE('',*,*,#3272,.F.);
#1928=ORIENTED_EDGE('',*,*,#3273,.F.);
#1929=ORIENTED_EDGE('',*,*,#3274,.F.);
#1930=ORIENTED_EDGE('',*,*,#3275,.F.);
#1931=ORIENTED_EDGE('',*,*,#3276,.F.);
#1932=ORIENTED_EDGE('',*,*,#3277,.F.);
#1933=ORIENTED_EDGE('',*,*,#3278,.T.);
#1934=ORIENTED_EDGE('',*,*,#3279,.T.);
#1935=ORIENTED_EDGE('',*,*,#3239,.T.);
#1936=ORIENTED_EDGE('',*,*,#3238,.T.);
#1937=ORIENTED_EDGE('',*,*,#3237,.T.);
#1938=ORIENTED_EDGE('',*,*,#3236,.T.);
#1939=ORIENTED_EDGE('',*,*,#2854,.F.);
#1940=ORIENTED_EDGE('',*,*,#3278,.F.);
#1941=ORIENTED_EDGE('',*,*,#3280,.F.);
#1942=ORIENTED_EDGE('',*,*,#3281,.F.);
#1943=ORIENTED_EDGE('',*,*,#3282,.F.);
#1944=ORIENTED_EDGE('',*,*,#3283,.F.);
#1945=ORIENTED_EDGE('',*,*,#3284,.F.);
#1946=ORIENTED_EDGE('',*,*,#3281,.T.);
#1947=ORIENTED_EDGE('',*,*,#3285,.T.);
#1948=ORIENTED_EDGE('',*,*,#3286,.T.);
#1949=ORIENTED_EDGE('',*,*,#3243,.T.);
#1950=ORIENTED_EDGE('',*,*,#3279,.F.);
#1951=ORIENTED_EDGE('',*,*,#3282,.T.);
#1952=ORIENTED_EDGE('',*,*,#3284,.T.);
#1953=ORIENTED_EDGE('',*,*,#3287,.F.);
#1954=ORIENTED_EDGE('',*,*,#3240,.F.);
#1955=ORIENTED_EDGE('',*,*,#3286,.F.);
#1956=ORIENTED_EDGE('',*,*,#3288,.T.);
#1957=ORIENTED_EDGE('',*,*,#3289,.F.);
#1958=ORIENTED_EDGE('',*,*,#3289,.T.);
#1959=ORIENTED_EDGE('',*,*,#3290,.F.);
#1960=ORIENTED_EDGE('',*,*,#3291,.F.);
#1961=ORIENTED_EDGE('',*,*,#3245,.T.);
#1962=ORIENTED_EDGE('',*,*,#3268,.T.);
#1963=ORIENTED_EDGE('',*,*,#3241,.T.);
#1964=ORIENTED_EDGE('',*,*,#3292,.F.);
#1965=ORIENTED_EDGE('',*,*,#3293,.F.);
#1966=ORIENTED_EDGE('',*,*,#3246,.T.);
#1967=ORIENTED_EDGE('',*,*,#3291,.T.);
#1968=ORIENTED_EDGE('',*,*,#3294,.T.);
#1969=ORIENTED_EDGE('',*,*,#3251,.T.);
#1970=ORIENTED_EDGE('',*,*,#3269,.F.);
#1971=ORIENTED_EDGE('',*,*,#3247,.T.);
#1972=ORIENTED_EDGE('',*,*,#3293,.T.);
#1973=ORIENTED_EDGE('',*,*,#3295,.F.);
#1974=ORIENTED_EDGE('',*,*,#3248,.F.);
#1975=ORIENTED_EDGE('',*,*,#3294,.F.);
#1976=ORIENTED_EDGE('',*,*,#3296,.T.);
#1977=ORIENTED_EDGE('',*,*,#3297,.F.);
#1978=ORIENTED_EDGE('',*,*,#3297,.T.);
#1979=ORIENTED_EDGE('',*,*,#3298,.F.);
#1980=ORIENTED_EDGE('',*,*,#3299,.F.);
#1981=ORIENTED_EDGE('',*,*,#3265,.T.);
#1982=ORIENTED_EDGE('',*,*,#3270,.T.);
#1983=ORIENTED_EDGE('',*,*,#3249,.T.);
#1984=ORIENTED_EDGE('',*,*,#3300,.F.);
#1985=ORIENTED_EDGE('',*,*,#3301,.F.);
#1986=ORIENTED_EDGE('',*,*,#3266,.T.);
#1987=ORIENTED_EDGE('',*,*,#3299,.T.);
#1988=ORIENTED_EDGE('',*,*,#3302,.F.);
#1989=ORIENTED_EDGE('',*,*,#3303,.F.);
#1990=ORIENTED_EDGE('',*,*,#3304,.F.);
#1991=ORIENTED_EDGE('',*,*,#3305,.T.);
#1992=ORIENTED_EDGE('',*,*,#3306,.F.);
#1993=ORIENTED_EDGE('',*,*,#3307,.F.);
#1994=ORIENTED_EDGE('',*,*,#3308,.F.);
#1995=ORIENTED_EDGE('',*,*,#3303,.T.);
#1996=ORIENTED_EDGE('',*,*,#3309,.F.);
#1997=ORIENTED_EDGE('',*,*,#3310,.F.);
#1998=ORIENTED_EDGE('',*,*,#3311,.F.);
#1999=ORIENTED_EDGE('',*,*,#3307,.T.);
#2000=ORIENTED_EDGE('',*,*,#3312,.F.);
#2001=ORIENTED_EDGE('',*,*,#3305,.F.);
#2002=ORIENTED_EDGE('',*,*,#3313,.F.);
#2003=ORIENTED_EDGE('',*,*,#3310,.T.);
#2004=ORIENTED_EDGE('',*,*,#3314,.F.);
#2005=ORIENTED_EDGE('',*,*,#3315,.F.);
#2006=ORIENTED_EDGE('',*,*,#3254,.F.);
#2007=ORIENTED_EDGE('',*,*,#3316,.T.);
#2008=ORIENTED_EDGE('',*,*,#3317,.F.);
#2009=ORIENTED_EDGE('',*,*,#3318,.F.);
#2010=ORIENTED_EDGE('',*,*,#3255,.F.);
#2011=ORIENTED_EDGE('',*,*,#3315,.T.);
#2012=ORIENTED_EDGE('',*,*,#3319,.F.);
#2013=ORIENTED_EDGE('',*,*,#3320,.F.);
#2014=ORIENTED_EDGE('',*,*,#3252,.F.);
#2015=ORIENTED_EDGE('',*,*,#3318,.T.);
#2016=ORIENTED_EDGE('',*,*,#3321,.F.);
#2017=ORIENTED_EDGE('',*,*,#3316,.F.);
#2018=ORIENTED_EDGE('',*,*,#3253,.F.);
#2019=ORIENTED_EDGE('',*,*,#3320,.T.);
#2020=ORIENTED_EDGE('',*,*,#3322,.F.);
#2021=ORIENTED_EDGE('',*,*,#3256,.T.);
#2022=ORIENTED_EDGE('',*,*,#3323,.F.);
#2023=ORIENTED_EDGE('',*,*,#3257,.T.);
#2024=ORIENTED_EDGE('',*,*,#3324,.F.);
#2025=ORIENTED_EDGE('',*,*,#3258,.T.);
#2026=ORIENTED_EDGE('',*,*,#3325,.F.);
#2027=ORIENTED_EDGE('',*,*,#3259,.T.);
#2028=ORIENTED_EDGE('',*,*,#3326,.T.);
#2029=ORIENTED_EDGE('',*,*,#3327,.T.);
#2030=ORIENTED_EDGE('',*,*,#3271,.F.);
#2031=ORIENTED_EDGE('',*,*,#3267,.T.);
#2032=ORIENTED_EDGE('',*,*,#3301,.T.);
#2033=ORIENTED_EDGE('',*,*,#3328,.F.);
#2034=ORIENTED_EDGE('',*,*,#3327,.F.);
#2035=ORIENTED_EDGE('',*,*,#3329,.T.);
#2036=ORIENTED_EDGE('',*,*,#3330,.T.);
#2037=ORIENTED_EDGE('',*,*,#3272,.T.);
#2038=ORIENTED_EDGE('',*,*,#3330,.F.);
#2039=ORIENTED_EDGE('',*,*,#3331,.T.);
#2040=ORIENTED_EDGE('',*,*,#3332,.T.);
#2041=ORIENTED_EDGE('',*,*,#3273,.T.);
#2042=ORIENTED_EDGE('',*,*,#3332,.F.);
#2043=ORIENTED_EDGE('',*,*,#3333,.T.);
#2044=ORIENTED_EDGE('',*,*,#3334,.T.);
#2045=ORIENTED_EDGE('',*,*,#3274,.T.);
#2046=ORIENTED_EDGE('',*,*,#3334,.F.);
#2047=ORIENTED_EDGE('',*,*,#3335,.T.);
#2048=ORIENTED_EDGE('',*,*,#3336,.T.);
#2049=ORIENTED_EDGE('',*,*,#3275,.T.);
#2050=ORIENTED_EDGE('',*,*,#3337,.T.);
#2051=ORIENTED_EDGE('',*,*,#3338,.F.);
#2052=ORIENTED_EDGE('',*,*,#3276,.T.);
#2053=ORIENTED_EDGE('',*,*,#3336,.F.);
#2054=ORIENTED_EDGE('',*,*,#3339,.T.);
#2055=ORIENTED_EDGE('',*,*,#3340,.F.);
#2056=ORIENTED_EDGE('',*,*,#3285,.F.);
#2057=ORIENTED_EDGE('',*,*,#3280,.T.);
#2058=ORIENTED_EDGE('',*,*,#3277,.T.);
#2059=ORIENTED_EDGE('',*,*,#3338,.T.);
#2060=ORIENTED_EDGE('',*,*,#3341,.F.);
#2061=ORIENTED_EDGE('',*,*,#3342,.F.);
#2062=ORIENTED_EDGE('',*,*,#3343,.T.);
#2063=ORIENTED_EDGE('',*,*,#3344,.T.);
#2064=ORIENTED_EDGE('',*,*,#3345,.F.);
#2065=ORIENTED_EDGE('',*,*,#3328,.T.);
#2066=ORIENTED_EDGE('',*,*,#3300,.T.);
#2067=ORIENTED_EDGE('',*,*,#3298,.T.);
#2068=ORIENTED_EDGE('',*,*,#3296,.F.);
#2069=ORIENTED_EDGE('',*,*,#3295,.T.);
#2070=ORIENTED_EDGE('',*,*,#3292,.T.);
#2071=ORIENTED_EDGE('',*,*,#3290,.T.);
#2072=ORIENTED_EDGE('',*,*,#3288,.F.);
#2073=ORIENTED_EDGE('',*,*,#3287,.T.);
#2074=ORIENTED_EDGE('',*,*,#3283,.T.);
#2075=ORIENTED_EDGE('',*,*,#3340,.T.);
#2076=ORIENTED_EDGE('',*,*,#2767,.F.);
#2077=ORIENTED_EDGE('',*,*,#2730,.F.);
#2078=ORIENTED_EDGE('',*,*,#2766,.F.);
#2079=ORIENTED_EDGE('',*,*,#2726,.F.);
#2080=ORIENTED_EDGE('',*,*,#2765,.F.);
#2081=ORIENTED_EDGE('',*,*,#2738,.F.);
#2082=ORIENTED_EDGE('',*,*,#2764,.F.);
#2083=ORIENTED_EDGE('',*,*,#2734,.F.);
#2084=ORIENTED_EDGE('',*,*,#2757,.T.);
#2085=ORIENTED_EDGE('',*,*,#2722,.F.);
#2086=ORIENTED_EDGE('',*,*,#2758,.T.);
#2087=ORIENTED_EDGE('',*,*,#2750,.F.);
#2088=ORIENTED_EDGE('',*,*,#2759,.T.);
#2089=ORIENTED_EDGE('',*,*,#2746,.F.);
#2090=ORIENTED_EDGE('',*,*,#2756,.T.);
#2091=ORIENTED_EDGE('',*,*,#2742,.F.);
#2092=ORIENTED_EDGE('',*,*,#2831,.T.);
#2093=ORIENTED_EDGE('',*,*,#2842,.T.);
#2094=ORIENTED_EDGE('',*,*,#3346,.T.);
#2095=ORIENTED_EDGE('',*,*,#3347,.T.);
#2096=ORIENTED_EDGE('',*,*,#3348,.F.);
#2097=ORIENTED_EDGE('',*,*,#3349,.F.);
#2098=ORIENTED_EDGE('',*,*,#3350,.T.);
#2099=ORIENTED_EDGE('',*,*,#3351,.T.);
#2100=ORIENTED_EDGE('',*,*,#3352,.F.);
#2101=ORIENTED_EDGE('',*,*,#3353,.F.);
#2102=ORIENTED_EDGE('',*,*,#3348,.T.);
#2103=ORIENTED_EDGE('',*,*,#2856,.F.);
#2104=ORIENTED_EDGE('',*,*,#2860,.F.);
#2105=ORIENTED_EDGE('',*,*,#3354,.F.);
#2106=ORIENTED_EDGE('',*,*,#3355,.F.);
#2107=ORIENTED_EDGE('',*,*,#3356,.F.);
#2108=ORIENTED_EDGE('',*,*,#3352,.T.);
#2109=ORIENTED_EDGE('',*,*,#3357,.T.);
#2110=ORIENTED_EDGE('',*,*,#3358,.T.);
#2111=ORIENTED_EDGE('',*,*,#2779,.F.);
#2112=ORIENTED_EDGE('',*,*,#3359,.F.);
#2113=ORIENTED_EDGE('',*,*,#3355,.T.);
#2114=ORIENTED_EDGE('',*,*,#3360,.T.);
#2115=ORIENTED_EDGE('',*,*,#3361,.F.);
#2116=ORIENTED_EDGE('',*,*,#3362,.F.);
#2117=ORIENTED_EDGE('',*,*,#2777,.T.);
#2118=ORIENTED_EDGE('',*,*,#2852,.T.);
#2119=ORIENTED_EDGE('',*,*,#2846,.T.);
#2120=ORIENTED_EDGE('',*,*,#2850,.T.);
#2121=ORIENTED_EDGE('',*,*,#3363,.T.);
#2122=ORIENTED_EDGE('',*,*,#3364,.F.);
#2123=ORIENTED_EDGE('',*,*,#3365,.F.);
#2124=ORIENTED_EDGE('',*,*,#3361,.T.);
#2125=ORIENTED_EDGE('',*,*,#3366,.T.);
#2126=ORIENTED_EDGE('',*,*,#3350,.F.);
#2127=ORIENTED_EDGE('',*,*,#3367,.F.);
#2128=ORIENTED_EDGE('',*,*,#3364,.T.);
#2129=ORIENTED_EDGE('',*,*,#3368,.F.);
#2130=ORIENTED_EDGE('',*,*,#3369,.F.);
#2131=ORIENTED_EDGE('',*,*,#3370,.F.);
#2132=ORIENTED_EDGE('',*,*,#3371,.T.);
#2133=ORIENTED_EDGE('',*,*,#3342,.T.);
#2134=ORIENTED_EDGE('',*,*,#3372,.F.);
#2135=ORIENTED_EDGE('',*,*,#3373,.F.);
#2136=ORIENTED_EDGE('',*,*,#2809,.T.);
#2137=ORIENTED_EDGE('',*,*,#3374,.F.);
#2138=ORIENTED_EDGE('',*,*,#3375,.F.);
#2139=ORIENTED_EDGE('',*,*,#3376,.F.);
#2140=ORIENTED_EDGE('',*,*,#2799,.T.);
#2141=ORIENTED_EDGE('',*,*,#3377,.F.);
#2142=ORIENTED_EDGE('',*,*,#3378,.F.);
#2143=ORIENTED_EDGE('',*,*,#3379,.F.);
#2144=ORIENTED_EDGE('',*,*,#2813,.T.);
#2145=ORIENTED_EDGE('',*,*,#3309,.T.);
#2146=ORIENTED_EDGE('',*,*,#3306,.T.);
#2147=ORIENTED_EDGE('',*,*,#3302,.T.);
#2148=ORIENTED_EDGE('',*,*,#3312,.T.);
#2149=ORIENTED_EDGE('',*,*,#3317,.T.);
#2150=ORIENTED_EDGE('',*,*,#3314,.T.);
#2151=ORIENTED_EDGE('',*,*,#3321,.T.);
#2152=ORIENTED_EDGE('',*,*,#3319,.T.);
#2153=ORIENTED_EDGE('',*,*,#3380,.F.);
#2154=ORIENTED_EDGE('',*,*,#3343,.F.);
#2155=ORIENTED_EDGE('',*,*,#3371,.F.);
#2156=ORIENTED_EDGE('',*,*,#3381,.F.);
#2157=ORIENTED_EDGE('',*,*,#3367,.T.);
#2158=ORIENTED_EDGE('',*,*,#3349,.T.);
#2159=ORIENTED_EDGE('',*,*,#3353,.T.);
#2160=ORIENTED_EDGE('',*,*,#3356,.T.);
#2161=ORIENTED_EDGE('',*,*,#3359,.T.);
#2162=ORIENTED_EDGE('',*,*,#2778,.T.);
#2163=ORIENTED_EDGE('',*,*,#3362,.T.);
#2164=ORIENTED_EDGE('',*,*,#3365,.T.);
#2165=ORIENTED_EDGE('',*,*,#3382,.F.);
#2166=ORIENTED_EDGE('',*,*,#3383,.F.);
#2167=ORIENTED_EDGE('',*,*,#3384,.F.);
#2168=ORIENTED_EDGE('',*,*,#3385,.F.);
#2169=ORIENTED_EDGE('',*,*,#3386,.F.);
#2170=ORIENTED_EDGE('',*,*,#2834,.F.);
#2171=ORIENTED_EDGE('',*,*,#3387,.F.);
#2172=ORIENTED_EDGE('',*,*,#3388,.F.);
#2173=ORIENTED_EDGE('',*,*,#3389,.F.);
#2174=ORIENTED_EDGE('',*,*,#2823,.F.);
#2175=ORIENTED_EDGE('',*,*,#3390,.F.);
#2176=ORIENTED_EDGE('',*,*,#3391,.F.);
#2177=ORIENTED_EDGE('',*,*,#3344,.F.);
#2178=ORIENTED_EDGE('',*,*,#3380,.T.);
#2179=ORIENTED_EDGE('',*,*,#3392,.T.);
#2180=ORIENTED_EDGE('',*,*,#3393,.F.);
#2181=ORIENTED_EDGE('',*,*,#3101,.F.);
#2182=ORIENTED_EDGE('',*,*,#3322,.T.);
#2183=ORIENTED_EDGE('',*,*,#3102,.F.);
#2184=ORIENTED_EDGE('',*,*,#3323,.T.);
#2185=ORIENTED_EDGE('',*,*,#3103,.F.);
#2186=ORIENTED_EDGE('',*,*,#3324,.T.);
#2187=ORIENTED_EDGE('',*,*,#3104,.F.);
#2188=ORIENTED_EDGE('',*,*,#3325,.T.);
#2189=ORIENTED_EDGE('',*,*,#3394,.F.);
#2190=ORIENTED_EDGE('',*,*,#3395,.T.);
#2191=ORIENTED_EDGE('',*,*,#3396,.T.);
#2192=ORIENTED_EDGE('',*,*,#3109,.T.);
#2193=ORIENTED_EDGE('',*,*,#3397,.F.);
#2194=ORIENTED_EDGE('',*,*,#3398,.T.);
#2195=ORIENTED_EDGE('',*,*,#3394,.T.);
#2196=ORIENTED_EDGE('',*,*,#3108,.T.);
#2197=ORIENTED_EDGE('',*,*,#3158,.F.);
#2198=ORIENTED_EDGE('',*,*,#3399,.F.);
#2199=ORIENTED_EDGE('',*,*,#3141,.F.);
#2200=ORIENTED_EDGE('',*,*,#3400,.T.);
#2201=ORIENTED_EDGE('',*,*,#3146,.F.);
#2202=ORIENTED_EDGE('',*,*,#3401,.F.);
#2203=ORIENTED_EDGE('',*,*,#3129,.F.);
#2204=ORIENTED_EDGE('',*,*,#3402,.T.);
#2205=ORIENTED_EDGE('',*,*,#2817,.F.);
#2206=ORIENTED_EDGE('',*,*,#3403,.T.);
#2207=ORIENTED_EDGE('',*,*,#3378,.T.);
#2208=ORIENTED_EDGE('',*,*,#3404,.F.);
#2209=ORIENTED_EDGE('',*,*,#2796,.F.);
#2210=ORIENTED_EDGE('',*,*,#3405,.T.);
#2211=ORIENTED_EDGE('',*,*,#3375,.T.);
#2212=ORIENTED_EDGE('',*,*,#3406,.F.);
#2213=ORIENTED_EDGE('',*,*,#2806,.F.);
#2214=ORIENTED_EDGE('',*,*,#3407,.T.);
#2215=ORIENTED_EDGE('',*,*,#3372,.T.);
#2216=ORIENTED_EDGE('',*,*,#3341,.T.);
#2217=ORIENTED_EDGE('',*,*,#3339,.F.);
#2218=ORIENTED_EDGE('',*,*,#3337,.F.);
#2219=ORIENTED_EDGE('',*,*,#3335,.F.);
#2220=ORIENTED_EDGE('',*,*,#3333,.F.);
#2221=ORIENTED_EDGE('',*,*,#3331,.F.);
#2222=ORIENTED_EDGE('',*,*,#3329,.F.);
#2223=ORIENTED_EDGE('',*,*,#3326,.F.);
#2224=ORIENTED_EDGE('',*,*,#3345,.T.);
#2225=ORIENTED_EDGE('',*,*,#3391,.T.);
#2226=ORIENTED_EDGE('',*,*,#3408,.F.);
#2227=ORIENTED_EDGE('',*,*,#2827,.F.);
#2228=ORIENTED_EDGE('',*,*,#3409,.T.);
#2229=ORIENTED_EDGE('',*,*,#3388,.T.);
#2230=ORIENTED_EDGE('',*,*,#3410,.F.);
#2231=ORIENTED_EDGE('',*,*,#2838,.F.);
#2232=ORIENTED_EDGE('',*,*,#3411,.T.);
#2233=ORIENTED_EDGE('',*,*,#3385,.T.);
#2234=ORIENTED_EDGE('',*,*,#3412,.F.);
#2235=ORIENTED_EDGE('',*,*,#3413,.F.);
#2236=ORIENTED_EDGE('',*,*,#3414,.T.);
#2237=ORIENTED_EDGE('',*,*,#3393,.T.);
#2238=ORIENTED_EDGE('',*,*,#3415,.T.);
#2239=ORIENTED_EDGE('',*,*,#3134,.F.);
#2240=ORIENTED_EDGE('',*,*,#3416,.F.);
#2241=ORIENTED_EDGE('',*,*,#3417,.F.);
#2242=ORIENTED_EDGE('',*,*,#3395,.F.);
#2243=ORIENTED_EDGE('',*,*,#3398,.F.);
#2244=ORIENTED_EDGE('',*,*,#3418,.F.);
#2245=ORIENTED_EDGE('',*,*,#3153,.F.);
#2246=ORIENTED_EDGE('',*,*,#3419,.T.);
#2247=ORIENTED_EDGE('',*,*,#3369,.T.);
#2248=ORIENTED_EDGE('',*,*,#3420,.F.);
#2249=ORIENTED_EDGE('',*,*,#3366,.F.);
#2250=ORIENTED_EDGE('',*,*,#3363,.F.);
#2251=ORIENTED_EDGE('',*,*,#3360,.F.);
#2252=ORIENTED_EDGE('',*,*,#2776,.F.);
#2253=ORIENTED_EDGE('',*,*,#3358,.F.);
#2254=ORIENTED_EDGE('',*,*,#3357,.F.);
#2255=ORIENTED_EDGE('',*,*,#3351,.F.);
#2256=ORIENTED_EDGE('',*,*,#3347,.F.);
#2257=ORIENTED_EDGE('',*,*,#3396,.F.);
#2258=ORIENTED_EDGE('',*,*,#3417,.T.);
#2259=ORIENTED_EDGE('',*,*,#3421,.T.);
#2260=ORIENTED_EDGE('',*,*,#3110,.T.);
#2261=ORIENTED_EDGE('',*,*,#3138,.F.);
#2262=ORIENTED_EDGE('',*,*,#3111,.T.);
#2263=ORIENTED_EDGE('',*,*,#3421,.F.);
#2264=ORIENTED_EDGE('',*,*,#3416,.T.);
#2265=ORIENTED_EDGE('',*,*,#3150,.F.);
#2266=ORIENTED_EDGE('',*,*,#3115,.T.);
#2267=ORIENTED_EDGE('',*,*,#3130,.F.);
#2268=ORIENTED_EDGE('',*,*,#3401,.T.);
#2269=ORIENTED_EDGE('',*,*,#3162,.F.);
#2270=ORIENTED_EDGE('',*,*,#3119,.T.);
#2271=ORIENTED_EDGE('',*,*,#3142,.F.);
#2272=ORIENTED_EDGE('',*,*,#3399,.T.);
#2273=ORIENTED_EDGE('',*,*,#3154,.F.);
#2274=ORIENTED_EDGE('',*,*,#3418,.T.);
#2275=ORIENTED_EDGE('',*,*,#3397,.T.);
#2276=ORIENTED_EDGE('',*,*,#3107,.T.);
#2277=ORIENTED_EDGE('',*,*,#3157,.F.);
#2278=ORIENTED_EDGE('',*,*,#3165,.T.);
#2279=ORIENTED_EDGE('',*,*,#3159,.F.);
#2280=ORIENTED_EDGE('',*,*,#3400,.F.);
#2281=ORIENTED_EDGE('',*,*,#3145,.F.);
#2282=ORIENTED_EDGE('',*,*,#3152,.T.);
#2283=ORIENTED_EDGE('',*,*,#3147,.F.);
#2284=ORIENTED_EDGE('',*,*,#3402,.F.);
#2285=ORIENTED_EDGE('',*,*,#3133,.F.);
#2286=ORIENTED_EDGE('',*,*,#3140,.T.);
#2287=ORIENTED_EDGE('',*,*,#3135,.F.);
#2288=ORIENTED_EDGE('',*,*,#3415,.F.);
#2289=ORIENTED_EDGE('',*,*,#3392,.F.);
#2290=ORIENTED_EDGE('',*,*,#3381,.T.);
#2291=ORIENTED_EDGE('',*,*,#3370,.T.);
#2292=ORIENTED_EDGE('',*,*,#3419,.F.);
#2293=ORIENTED_EDGE('',*,*,#2893,.F.);
#2294=ORIENTED_EDGE('',*,*,#3422,.F.);
#2295=ORIENTED_EDGE('',*,*,#3423,.F.);
#2296=ORIENTED_EDGE('',*,*,#3424,.F.);
#2297=ORIENTED_EDGE('',*,*,#3425,.F.);
#2298=ORIENTED_EDGE('',*,*,#2902,.F.);
#2299=ORIENTED_EDGE('',*,*,#3426,.T.);
#2300=ORIENTED_EDGE('',*,*,#3427,.T.);
#2301=ORIENTED_EDGE('',*,*,#3422,.T.);
#2302=ORIENTED_EDGE('',*,*,#2892,.F.);
#2303=ORIENTED_EDGE('',*,*,#2901,.F.);
#2304=ORIENTED_EDGE('',*,*,#3428,.F.);
#2305=ORIENTED_EDGE('',*,*,#3429,.F.);
#2306=ORIENTED_EDGE('',*,*,#3426,.F.);
#2307=ORIENTED_EDGE('',*,*,#3430,.T.);
#2308=ORIENTED_EDGE('',*,*,#3428,.T.);
#2309=ORIENTED_EDGE('',*,*,#2900,.F.);
#2310=ORIENTED_EDGE('',*,*,#3431,.T.);
#2311=ORIENTED_EDGE('',*,*,#3432,.T.);
#2312=ORIENTED_EDGE('',*,*,#3433,.T.);
#2313=ORIENTED_EDGE('',*,*,#2894,.F.);
#2314=ORIENTED_EDGE('',*,*,#3424,.T.);
#2315=ORIENTED_EDGE('',*,*,#2873,.F.);
#2316=ORIENTED_EDGE('',*,*,#3434,.F.);
#2317=ORIENTED_EDGE('',*,*,#3435,.F.);
#2318=ORIENTED_EDGE('',*,*,#3436,.F.);
#2319=ORIENTED_EDGE('',*,*,#2872,.F.);
#2320=ORIENTED_EDGE('',*,*,#3437,.T.);
#2321=ORIENTED_EDGE('',*,*,#3438,.T.);
#2322=ORIENTED_EDGE('',*,*,#3434,.T.);
#2323=ORIENTED_EDGE('',*,*,#2866,.F.);
#2324=ORIENTED_EDGE('',*,*,#3439,.T.);
#2325=ORIENTED_EDGE('',*,*,#3440,.T.);
#2326=ORIENTED_EDGE('',*,*,#3441,.T.);
#2327=ORIENTED_EDGE('',*,*,#2865,.F.);
#2328=ORIENTED_EDGE('',*,*,#3442,.F.);
#2329=ORIENTED_EDGE('',*,*,#3443,.F.);
#2330=ORIENTED_EDGE('',*,*,#3439,.F.);
#2331=ORIENTED_EDGE('',*,*,#3444,.F.);
#2332=ORIENTED_EDGE('',*,*,#2874,.F.);
#2333=ORIENTED_EDGE('',*,*,#3436,.T.);
#2334=ORIENTED_EDGE('',*,*,#3445,.T.);
#2335=ORIENTED_EDGE('',*,*,#3442,.T.);
#2336=ORIENTED_EDGE('',*,*,#2864,.F.);
#2337=ORIENTED_EDGE('',*,*,#2922,.F.);
#2338=ORIENTED_EDGE('',*,*,#3446,.T.);
#2339=ORIENTED_EDGE('',*,*,#3447,.T.);
#2340=ORIENTED_EDGE('',*,*,#3448,.T.);
#2341=ORIENTED_EDGE('',*,*,#2921,.F.);
#2342=ORIENTED_EDGE('',*,*,#3449,.F.);
#2343=ORIENTED_EDGE('',*,*,#3450,.F.);
#2344=ORIENTED_EDGE('',*,*,#3446,.F.);
#2345=ORIENTED_EDGE('',*,*,#3451,.F.);
#2346=ORIENTED_EDGE('',*,*,#2930,.F.);
#2347=ORIENTED_EDGE('',*,*,#3452,.T.);
#2348=ORIENTED_EDGE('',*,*,#3453,.T.);
#2349=ORIENTED_EDGE('',*,*,#3449,.T.);
#2350=ORIENTED_EDGE('',*,*,#2920,.F.);
#2351=ORIENTED_EDGE('',*,*,#2929,.F.);
#2352=ORIENTED_EDGE('',*,*,#3454,.F.);
#2353=ORIENTED_EDGE('',*,*,#3455,.F.);
#2354=ORIENTED_EDGE('',*,*,#3452,.F.);
#2355=ORIENTED_EDGE('',*,*,#3456,.T.);
#2356=ORIENTED_EDGE('',*,*,#3454,.T.);
#2357=ORIENTED_EDGE('',*,*,#2928,.F.);
#2358=ORIENTED_EDGE('',*,*,#3457,.T.);
#2359=ORIENTED_EDGE('',*,*,#2899,.F.);
#2360=ORIENTED_EDGE('',*,*,#2906,.F.);
#2361=ORIENTED_EDGE('',*,*,#3458,.F.);
#2362=ORIENTED_EDGE('',*,*,#3431,.F.);
#2363=ORIENTED_EDGE('',*,*,#2871,.F.);
#2364=ORIENTED_EDGE('',*,*,#2878,.F.);
#2365=ORIENTED_EDGE('',*,*,#3459,.F.);
#2366=ORIENTED_EDGE('',*,*,#3437,.F.);
#2367=ORIENTED_EDGE('',*,*,#2927,.F.);
#2368=ORIENTED_EDGE('',*,*,#2934,.F.);
#2369=ORIENTED_EDGE('',*,*,#3460,.F.);
#2370=ORIENTED_EDGE('',*,*,#3457,.F.);
#2371=ORIENTED_EDGE('',*,*,#3445,.F.);
#2372=ORIENTED_EDGE('',*,*,#3435,.T.);
#2373=ORIENTED_EDGE('',*,*,#3438,.F.);
#2374=ORIENTED_EDGE('',*,*,#3459,.T.);
#2375=ORIENTED_EDGE('',*,*,#2877,.F.);
#2376=ORIENTED_EDGE('',*,*,#3461,.T.);
#2377=ORIENTED_EDGE('',*,*,#3440,.F.);
#2378=ORIENTED_EDGE('',*,*,#3443,.T.);
#2379=ORIENTED_EDGE('',*,*,#3308,.T.);
#2380=ORIENTED_EDGE('',*,*,#3311,.T.);
#2381=ORIENTED_EDGE('',*,*,#3313,.T.);
#2382=ORIENTED_EDGE('',*,*,#3304,.T.);
#2383=ORIENTED_EDGE('',*,*,#3263,.F.);
#2384=ORIENTED_EDGE('',*,*,#3262,.F.);
#2385=ORIENTED_EDGE('',*,*,#3261,.F.);
#2386=ORIENTED_EDGE('',*,*,#3260,.F.);
#2387=ORIENTED_EDGE('',*,*,#3427,.F.);
#2388=ORIENTED_EDGE('',*,*,#3429,.T.);
#2389=ORIENTED_EDGE('',*,*,#3430,.F.);
#2390=ORIENTED_EDGE('',*,*,#3458,.T.);
#2391=ORIENTED_EDGE('',*,*,#2905,.F.);
#2392=ORIENTED_EDGE('',*,*,#3462,.T.);
#2393=ORIENTED_EDGE('',*,*,#3432,.F.);
#2394=ORIENTED_EDGE('',*,*,#3423,.T.);
#2395=ORIENTED_EDGE('',*,*,#2933,.F.);
#2396=ORIENTED_EDGE('',*,*,#3463,.T.);
#2397=ORIENTED_EDGE('',*,*,#3447,.F.);
#2398=ORIENTED_EDGE('',*,*,#3450,.T.);
#2399=ORIENTED_EDGE('',*,*,#3453,.F.);
#2400=ORIENTED_EDGE('',*,*,#3455,.T.);
#2401=ORIENTED_EDGE('',*,*,#3456,.F.);
#2402=ORIENTED_EDGE('',*,*,#3460,.T.);
#2403=ORIENTED_EDGE('',*,*,#2923,.F.);
#2404=ORIENTED_EDGE('',*,*,#3448,.F.);
#2405=ORIENTED_EDGE('',*,*,#3463,.F.);
#2406=ORIENTED_EDGE('',*,*,#2932,.F.);
#2407=ORIENTED_EDGE('',*,*,#2867,.F.);
#2408=ORIENTED_EDGE('',*,*,#3441,.F.);
#2409=ORIENTED_EDGE('',*,*,#3461,.F.);
#2410=ORIENTED_EDGE('',*,*,#2876,.F.);
#2411=ORIENTED_EDGE('',*,*,#2895,.F.);
#2412=ORIENTED_EDGE('',*,*,#3433,.F.);
#2413=ORIENTED_EDGE('',*,*,#3462,.F.);
#2414=ORIENTED_EDGE('',*,*,#2904,.F.);
#2415=ORIENTED_EDGE('',*,*,#2915,.T.);
#2416=ORIENTED_EDGE('',*,*,#3464,.T.);
#2417=ORIENTED_EDGE('',*,*,#2907,.T.);
#2418=ORIENTED_EDGE('',*,*,#3465,.T.);
#2419=ORIENTED_EDGE('',*,*,#3123,.F.);
#2420=ORIENTED_EDGE('',*,*,#3466,.T.);
#2421=ORIENTED_EDGE('',*,*,#2911,.T.);
#2422=ORIENTED_EDGE('',*,*,#3467,.T.);
#2423=ORIENTED_EDGE('',*,*,#3125,.F.);
#2424=ORIENTED_EDGE('',*,*,#3468,.T.);
#2425=ORIENTED_EDGE('',*,*,#2909,.T.);
#2426=ORIENTED_EDGE('',*,*,#3469,.T.);
#2427=ORIENTED_EDGE('',*,*,#2913,.T.);
#2428=ORIENTED_EDGE('',*,*,#3470,.T.);
#2429=ORIENTED_EDGE('',*,*,#3127,.F.);
#2430=ORIENTED_EDGE('',*,*,#3471,.T.);
#2431=ORIENTED_EDGE('',*,*,#2917,.T.);
#2432=ORIENTED_EDGE('',*,*,#3472,.T.);
#2433=ORIENTED_EDGE('',*,*,#3121,.F.);
#2434=ORIENTED_EDGE('',*,*,#3473,.T.);
#2435=ORIENTED_EDGE('',*,*,#3474,.F.);
#2436=ORIENTED_EDGE('',*,*,#2946,.F.);
#2437=ORIENTED_EDGE('',*,*,#3475,.T.);
#2438=ORIENTED_EDGE('',*,*,#3095,.T.);
#2439=ORIENTED_EDGE('',*,*,#3476,.T.);
#2440=ORIENTED_EDGE('',*,*,#2936,.F.);
#2441=ORIENTED_EDGE('',*,*,#3093,.T.);
#2442=ORIENTED_EDGE('',*,*,#3477,.T.);
#2443=ORIENTED_EDGE('',*,*,#2938,.F.);
#2444=ORIENTED_EDGE('',*,*,#3478,.T.);
#2445=ORIENTED_EDGE('',*,*,#3479,.F.);
#2446=ORIENTED_EDGE('',*,*,#2940,.F.);
#2447=ORIENTED_EDGE('',*,*,#3480,.T.);
#2448=ORIENTED_EDGE('',*,*,#3099,.T.);
#2449=ORIENTED_EDGE('',*,*,#3481,.T.);
#2450=ORIENTED_EDGE('',*,*,#2942,.F.);
#2451=ORIENTED_EDGE('',*,*,#3097,.T.);
#2452=ORIENTED_EDGE('',*,*,#3482,.T.);
#2453=ORIENTED_EDGE('',*,*,#2944,.F.);
#2454=ORIENTED_EDGE('',*,*,#3483,.T.);
#2455=ORIENTED_EDGE('',*,*,#3087,.T.);
#2456=ORIENTED_EDGE('',*,*,#3484,.T.);
#2457=ORIENTED_EDGE('',*,*,#2882,.F.);
#2458=ORIENTED_EDGE('',*,*,#3485,.T.);
#2459=ORIENTED_EDGE('',*,*,#3486,.F.);
#2460=ORIENTED_EDGE('',*,*,#2884,.F.);
#2461=ORIENTED_EDGE('',*,*,#3487,.T.);
#2462=ORIENTED_EDGE('',*,*,#3085,.T.);
#2463=ORIENTED_EDGE('',*,*,#3488,.T.);
#2464=ORIENTED_EDGE('',*,*,#2886,.F.);
#2465=ORIENTED_EDGE('',*,*,#3091,.T.);
#2466=ORIENTED_EDGE('',*,*,#3489,.T.);
#2467=ORIENTED_EDGE('',*,*,#2888,.F.);
#2468=ORIENTED_EDGE('',*,*,#3490,.T.);
#2469=ORIENTED_EDGE('',*,*,#3491,.F.);
#2470=ORIENTED_EDGE('',*,*,#2890,.F.);
#2471=ORIENTED_EDGE('',*,*,#3492,.T.);
#2472=ORIENTED_EDGE('',*,*,#3089,.T.);
#2473=ORIENTED_EDGE('',*,*,#3493,.T.);
#2474=ORIENTED_EDGE('',*,*,#2880,.F.);
#2475=ORIENTED_EDGE('',*,*,#2937,.F.);
#2476=ORIENTED_EDGE('',*,*,#3476,.F.);
#2477=ORIENTED_EDGE('',*,*,#3094,.F.);
#2478=ORIENTED_EDGE('',*,*,#3478,.F.);
#2479=ORIENTED_EDGE('',*,*,#2887,.F.);
#2480=ORIENTED_EDGE('',*,*,#3488,.F.);
#2481=ORIENTED_EDGE('',*,*,#3092,.F.);
#2482=ORIENTED_EDGE('',*,*,#3490,.F.);
#2483=ORIENTED_EDGE('',*,*,#2889,.F.);
#2484=ORIENTED_EDGE('',*,*,#3489,.F.);
#2485=ORIENTED_EDGE('',*,*,#3090,.F.);
#2486=ORIENTED_EDGE('',*,*,#3492,.F.);
#2487=ORIENTED_EDGE('',*,*,#2881,.F.);
#2488=ORIENTED_EDGE('',*,*,#3493,.F.);
#2489=ORIENTED_EDGE('',*,*,#3088,.F.);
#2490=ORIENTED_EDGE('',*,*,#3485,.F.);
#2491=ORIENTED_EDGE('',*,*,#2883,.F.);
#2492=ORIENTED_EDGE('',*,*,#3484,.F.);
#2493=ORIENTED_EDGE('',*,*,#3086,.F.);
#2494=ORIENTED_EDGE('',*,*,#3487,.F.);
#2495=ORIENTED_EDGE('',*,*,#2918,.F.);
#2496=ORIENTED_EDGE('',*,*,#3473,.F.);
#2497=ORIENTED_EDGE('',*,*,#3128,.F.);
#2498=ORIENTED_EDGE('',*,*,#3470,.F.);
#2499=ORIENTED_EDGE('',*,*,#2916,.F.);
#2500=ORIENTED_EDGE('',*,*,#3466,.F.);
#2501=ORIENTED_EDGE('',*,*,#3122,.F.);
#2502=ORIENTED_EDGE('',*,*,#3472,.F.);
#2503=ORIENTED_EDGE('',*,*,#2912,.F.);
#2504=ORIENTED_EDGE('',*,*,#3468,.F.);
#2505=ORIENTED_EDGE('',*,*,#3124,.F.);
#2506=ORIENTED_EDGE('',*,*,#3465,.F.);
#2507=ORIENTED_EDGE('',*,*,#2910,.F.);
#2508=ORIENTED_EDGE('',*,*,#3471,.F.);
#2509=ORIENTED_EDGE('',*,*,#3126,.F.);
#2510=ORIENTED_EDGE('',*,*,#3467,.F.);
#2511=ORIENTED_EDGE('',*,*,#2943,.F.);
#2512=ORIENTED_EDGE('',*,*,#3481,.F.);
#2513=ORIENTED_EDGE('',*,*,#3098,.F.);
#2514=ORIENTED_EDGE('',*,*,#3483,.F.);
#2515=ORIENTED_EDGE('',*,*,#2945,.F.);
#2516=ORIENTED_EDGE('',*,*,#3482,.F.);
#2517=ORIENTED_EDGE('',*,*,#3096,.F.);
#2518=ORIENTED_EDGE('',*,*,#3475,.F.);
#2519=ORIENTED_EDGE('',*,*,#2939,.F.);
#2520=ORIENTED_EDGE('',*,*,#3477,.F.);
#2521=ORIENTED_EDGE('',*,*,#3100,.F.);
#2522=ORIENTED_EDGE('',*,*,#3480,.F.);
#2523=ORIENTED_EDGE('',*,*,#3212,.T.);
#2524=ORIENTED_EDGE('',*,*,#3015,.T.);
#2525=ORIENTED_EDGE('',*,*,#3027,.F.);
#2526=ORIENTED_EDGE('',*,*,#3021,.T.);
#2527=ORIENTED_EDGE('',*,*,#3009,.T.);
#2528=ORIENTED_EDGE('',*,*,#3073,.T.);
#2529=ORIENTED_EDGE('',*,*,#3003,.T.);
#2530=ORIENTED_EDGE('',*,*,#3076,.T.);
#2531=ORIENTED_EDGE('',*,*,#3194,.T.);
#2532=ORIENTED_EDGE('',*,*,#2987,.T.);
#2533=ORIENTED_EDGE('',*,*,#2999,.F.);
#2534=ORIENTED_EDGE('',*,*,#2993,.T.);
#2535=ORIENTED_EDGE('',*,*,#3079,.F.);
#2536=ORIENTED_EDGE('',*,*,#2982,.F.);
#2537=ORIENTED_EDGE('',*,*,#3082,.F.);
#2538=ORIENTED_EDGE('',*,*,#2976,.F.);
#2539=ORIENTED_EDGE('',*,*,#3220,.T.);
#2540=ORIENTED_EDGE('',*,*,#2959,.T.);
#2541=ORIENTED_EDGE('',*,*,#2971,.F.);
#2542=ORIENTED_EDGE('',*,*,#2965,.T.);
#2543=ORIENTED_EDGE('',*,*,#2947,.T.);
#2544=ORIENTED_EDGE('',*,*,#3068,.T.);
#2545=ORIENTED_EDGE('',*,*,#2953,.T.);
#2546=ORIENTED_EDGE('',*,*,#3071,.T.);
#2547=ORIENTED_EDGE('',*,*,#2941,.T.);
#2548=ORIENTED_EDGE('',*,*,#3474,.T.);
#2549=ORIENTED_EDGE('',*,*,#2935,.T.);
#2550=ORIENTED_EDGE('',*,*,#3479,.T.);
#2551=ORIENTED_EDGE('',*,*,#3451,.T.);
#2552=ORIENTED_EDGE('',*,*,#2919,.T.);
#2553=ORIENTED_EDGE('',*,*,#2931,.F.);
#2554=ORIENTED_EDGE('',*,*,#2925,.T.);
#2555=ORIENTED_EDGE('',*,*,#3464,.F.);
#2556=ORIENTED_EDGE('',*,*,#2914,.F.);
#2557=ORIENTED_EDGE('',*,*,#3469,.F.);
#2558=ORIENTED_EDGE('',*,*,#2908,.F.);
#2559=ORIENTED_EDGE('',*,*,#3425,.T.);
#2560=ORIENTED_EDGE('',*,*,#2891,.T.);
#2561=ORIENTED_EDGE('',*,*,#2903,.F.);
#2562=ORIENTED_EDGE('',*,*,#2897,.T.);
#2563=ORIENTED_EDGE('',*,*,#2879,.T.);
#2564=ORIENTED_EDGE('',*,*,#3486,.T.);
#2565=ORIENTED_EDGE('',*,*,#2885,.T.);
#2566=ORIENTED_EDGE('',*,*,#3491,.T.);
#2567=ORIENTED_EDGE('',*,*,#3444,.T.);
#2568=ORIENTED_EDGE('',*,*,#2863,.T.);
#2569=ORIENTED_EDGE('',*,*,#2875,.F.);
#2570=ORIENTED_EDGE('',*,*,#2869,.T.);
#2571=ORIENTED_EDGE('',*,*,#3494,.F.);
#2572=ORIENTED_EDGE('',*,*,#3354,.T.);
#2573=ORIENTED_EDGE('',*,*,#3495,.F.);
#2574=ORIENTED_EDGE('',*,*,#3494,.T.);
#2575=ORIENTED_EDGE('',*,*,#3163,.F.);
#2576=ORIENTED_EDGE('',*,*,#3495,.T.);
#2577=ORIENTED_EDGE('',*,*,#3496,.F.);
#2578=ORIENTED_EDGE('',*,*,#3497,.T.);
#2579=ORIENTED_EDGE('',*,*,#3383,.T.);
#2580=ORIENTED_EDGE('',*,*,#3498,.F.);
#2581=ORIENTED_EDGE('',*,*,#3499,.F.);
#2582=ORIENTED_EDGE('',*,*,#3496,.T.);
#2583=ORIENTED_EDGE('',*,*,#3500,.T.);
#2584=ORIENTED_EDGE('',*,*,#3413,.T.);
#2585=ORIENTED_EDGE('',*,*,#3501,.T.);
#2586=ORIENTED_EDGE('',*,*,#3502,.F.);
#2587=ORIENTED_EDGE('',*,*,#3499,.T.);
#2588=ORIENTED_EDGE('',*,*,#3503,.F.);
#2589=ORIENTED_EDGE('',*,*,#3502,.T.);
#2590=ORIENTED_EDGE('',*,*,#3346,.F.);
#2591=ORIENTED_EDGE('',*,*,#3503,.T.);
#2592=ORIENTED_EDGE('',*,*,#3389,.T.);
#2593=ORIENTED_EDGE('',*,*,#3409,.F.);
#2594=ORIENTED_EDGE('',*,*,#2826,.F.);
#2595=ORIENTED_EDGE('',*,*,#2824,.T.);
#2596=ORIENTED_EDGE('',*,*,#3390,.T.);
#2597=ORIENTED_EDGE('',*,*,#2822,.F.);
#2598=ORIENTED_EDGE('',*,*,#2828,.F.);
#2599=ORIENTED_EDGE('',*,*,#3408,.T.);
#2600=ORIENTED_EDGE('',*,*,#3386,.T.);
#2601=ORIENTED_EDGE('',*,*,#3411,.F.);
#2602=ORIENTED_EDGE('',*,*,#2837,.F.);
#2603=ORIENTED_EDGE('',*,*,#2835,.T.);
#2604=ORIENTED_EDGE('',*,*,#3387,.T.);
#2605=ORIENTED_EDGE('',*,*,#2833,.F.);
#2606=ORIENTED_EDGE('',*,*,#2839,.F.);
#2607=ORIENTED_EDGE('',*,*,#3410,.T.);
#2608=ORIENTED_EDGE('',*,*,#3382,.T.);
#2609=ORIENTED_EDGE('',*,*,#3414,.F.);
#2610=ORIENTED_EDGE('',*,*,#3500,.F.);
#2611=ORIENTED_EDGE('',*,*,#3498,.T.);
#2612=ORIENTED_EDGE('',*,*,#3384,.T.);
#2613=ORIENTED_EDGE('',*,*,#3497,.F.);
#2614=ORIENTED_EDGE('',*,*,#3501,.F.);
#2615=ORIENTED_EDGE('',*,*,#3412,.T.);
#2616=ORIENTED_EDGE('',*,*,#3374,.T.);
#2617=ORIENTED_EDGE('',*,*,#2808,.F.);
#2618=ORIENTED_EDGE('',*,*,#2807,.F.);
#2619=ORIENTED_EDGE('',*,*,#3406,.T.);
#2620=ORIENTED_EDGE('',*,*,#3373,.T.);
#2621=ORIENTED_EDGE('',*,*,#3407,.F.);
#2622=ORIENTED_EDGE('',*,*,#2805,.F.);
#2623=ORIENTED_EDGE('',*,*,#2810,.T.);
#2624=ORIENTED_EDGE('',*,*,#3377,.T.);
#2625=ORIENTED_EDGE('',*,*,#2798,.F.);
#2626=ORIENTED_EDGE('',*,*,#2797,.F.);
#2627=ORIENTED_EDGE('',*,*,#3404,.T.);
#2628=ORIENTED_EDGE('',*,*,#3376,.T.);
#2629=ORIENTED_EDGE('',*,*,#3405,.F.);
#2630=ORIENTED_EDGE('',*,*,#2795,.F.);
#2631=ORIENTED_EDGE('',*,*,#2800,.T.);
#2632=ORIENTED_EDGE('',*,*,#3368,.T.);
#2633=ORIENTED_EDGE('',*,*,#2812,.F.);
#2634=ORIENTED_EDGE('',*,*,#2818,.F.);
#2635=ORIENTED_EDGE('',*,*,#3420,.T.);
#2636=ORIENTED_EDGE('',*,*,#3379,.T.);
#2637=ORIENTED_EDGE('',*,*,#3403,.F.);
#2638=ORIENTED_EDGE('',*,*,#2816,.F.);
#2639=ORIENTED_EDGE('',*,*,#2814,.T.);
#2640=ORIENTED_EDGE('',*,*,#3504,.F.);
#2641=ORIENTED_EDGE('',*,*,#3505,.T.);
#2642=ORIENTED_EDGE('',*,*,#3506,.F.);
#2643=ORIENTED_EDGE('',*,*,#3507,.T.);
#2644=ORIENTED_EDGE('',*,*,#3508,.F.);
#2645=ORIENTED_EDGE('',*,*,#3509,.T.);
#2646=ORIENTED_EDGE('',*,*,#3510,.F.);
#2647=ORIENTED_EDGE('',*,*,#3511,.T.);
#2648=ORIENTED_EDGE('',*,*,#3506,.T.);
#2649=ORIENTED_EDGE('',*,*,#3512,.T.);
#2650=ORIENTED_EDGE('',*,*,#2785,.F.);
#2651=ORIENTED_EDGE('',*,*,#3513,.T.);
#2652=ORIENTED_EDGE('',*,*,#2787,.F.);
#2653=ORIENTED_EDGE('',*,*,#3514,.T.);
#2654=ORIENTED_EDGE('',*,*,#3504,.T.);
#2655=ORIENTED_EDGE('',*,*,#3515,.T.);
#2656=ORIENTED_EDGE('',*,*,#3510,.T.);
#2657=ORIENTED_EDGE('',*,*,#3516,.T.);
#2658=ORIENTED_EDGE('',*,*,#2789,.F.);
#2659=ORIENTED_EDGE('',*,*,#3517,.T.);
#2660=ORIENTED_EDGE('',*,*,#3508,.T.);
#2661=ORIENTED_EDGE('',*,*,#3518,.T.);
#2662=ORIENTED_EDGE('',*,*,#2783,.F.);
#2663=ORIENTED_EDGE('',*,*,#3519,.T.);
#2664=ORIENTED_EDGE('',*,*,#3520,.T.);
#2665=ORIENTED_EDGE('',*,*,#3521,.T.);
#2666=ORIENTED_EDGE('',*,*,#3522,.T.);
#2667=ORIENTED_EDGE('',*,*,#3523,.T.);
#2668=ORIENTED_EDGE('',*,*,#3524,.T.);
#2669=ORIENTED_EDGE('',*,*,#3525,.T.);
#2670=ORIENTED_EDGE('',*,*,#3526,.T.);
#2671=ORIENTED_EDGE('',*,*,#3527,.T.);
#2672=ORIENTED_EDGE('',*,*,#3524,.F.);
#2673=ORIENTED_EDGE('',*,*,#3528,.T.);
#2674=ORIENTED_EDGE('',*,*,#2770,.T.);
#2675=ORIENTED_EDGE('',*,*,#3529,.T.);
#2676=ORIENTED_EDGE('',*,*,#3526,.F.);
#2677=ORIENTED_EDGE('',*,*,#3530,.T.);
#2678=ORIENTED_EDGE('',*,*,#2768,.T.);
#2679=ORIENTED_EDGE('',*,*,#3531,.T.);
#2680=ORIENTED_EDGE('',*,*,#2774,.T.);
#2681=ORIENTED_EDGE('',*,*,#3532,.T.);
#2682=ORIENTED_EDGE('',*,*,#3520,.F.);
#2683=ORIENTED_EDGE('',*,*,#3533,.T.);
#2684=ORIENTED_EDGE('',*,*,#3522,.F.);
#2685=ORIENTED_EDGE('',*,*,#3534,.T.);
#2686=ORIENTED_EDGE('',*,*,#2772,.T.);
#2687=ORIENTED_EDGE('',*,*,#3535,.T.);
#2688=ORIENTED_EDGE('',*,*,#3527,.F.);
#2689=ORIENTED_EDGE('',*,*,#3531,.F.);
#2690=ORIENTED_EDGE('',*,*,#2775,.F.);
#2691=ORIENTED_EDGE('',*,*,#3533,.F.);
#2692=ORIENTED_EDGE('',*,*,#3511,.F.);
#2693=ORIENTED_EDGE('',*,*,#3517,.F.);
#2694=ORIENTED_EDGE('',*,*,#2788,.F.);
#2695=ORIENTED_EDGE('',*,*,#3515,.F.);
#2696=ORIENTED_EDGE('',*,*,#3509,.F.);
#2697=ORIENTED_EDGE('',*,*,#3519,.F.);
#2698=ORIENTED_EDGE('',*,*,#2790,.F.);
#2699=ORIENTED_EDGE('',*,*,#3516,.F.);
#2700=ORIENTED_EDGE('',*,*,#3507,.F.);
#2701=ORIENTED_EDGE('',*,*,#3513,.F.);
#2702=ORIENTED_EDGE('',*,*,#2784,.F.);
#2703=ORIENTED_EDGE('',*,*,#3518,.F.);
#2704=ORIENTED_EDGE('',*,*,#3505,.F.);
#2705=ORIENTED_EDGE('',*,*,#3514,.F.);
#2706=ORIENTED_EDGE('',*,*,#2786,.F.);
#2707=ORIENTED_EDGE('',*,*,#3512,.F.);
#2708=ORIENTED_EDGE('',*,*,#3525,.F.);
#2709=ORIENTED_EDGE('',*,*,#3529,.F.);
#2710=ORIENTED_EDGE('',*,*,#2769,.F.);
#2711=ORIENTED_EDGE('',*,*,#3530,.F.);
#2712=ORIENTED_EDGE('',*,*,#3523,.F.);
#2713=ORIENTED_EDGE('',*,*,#3535,.F.);
#2714=ORIENTED_EDGE('',*,*,#2771,.F.);
#2715=ORIENTED_EDGE('',*,*,#3528,.F.);
#2716=ORIENTED_EDGE('',*,*,#3521,.F.);
#2717=ORIENTED_EDGE('',*,*,#3532,.F.);
#2718=ORIENTED_EDGE('',*,*,#2773,.F.);
#2719=ORIENTED_EDGE('',*,*,#3534,.F.);
#2720=EDGE_CURVE('',#3536,#3537,#4112,.F.);
#2721=EDGE_CURVE('',#3537,#3538,#176,.F.);
#2722=EDGE_CURVE('',#3538,#3539,#4113,.T.);
#2723=EDGE_CURVE('',#3539,#3536,#177,.F.);
#2724=EDGE_CURVE('',#3540,#3541,#4114,.T.);
#2725=EDGE_CURVE('',#3541,#3542,#178,.F.);
#2726=EDGE_CURVE('',#3542,#3543,#4115,.T.);
#2727=EDGE_CURVE('',#3543,#3540,#179,.F.);
#2728=EDGE_CURVE('',#3544,#3545,#4116,.T.);
#2729=EDGE_CURVE('',#3545,#3546,#180,.T.);
#2730=EDGE_CURVE('',#3546,#3547,#4117,.T.);
#2731=EDGE_CURVE('',#3547,#3544,#181,.T.);
#2732=EDGE_CURVE('',#3548,#3549,#4118,.T.);
#2733=EDGE_CURVE('',#3549,#3550,#182,.F.);
#2734=EDGE_CURVE('',#3550,#3551,#4119,.T.);
#2735=EDGE_CURVE('',#3551,#3548,#183,.F.);
#2736=EDGE_CURVE('',#3552,#3553,#4120,.T.);
#2737=EDGE_CURVE('',#3553,#3554,#184,.T.);
#2738=EDGE_CURVE('',#3554,#3555,#4121,.T.);
#2739=EDGE_CURVE('',#3555,#3552,#185,.T.);
#2740=EDGE_CURVE('',#3556,#3557,#4122,.F.);
#2741=EDGE_CURVE('',#3557,#3558,#186,.T.);
#2742=EDGE_CURVE('',#3558,#3559,#4123,.T.);
#2743=EDGE_CURVE('',#3559,#3556,#187,.T.);
#2744=EDGE_CURVE('',#3560,#3561,#4124,.F.);
#2745=EDGE_CURVE('',#3561,#3562,#188,.F.);
#2746=EDGE_CURVE('',#3562,#3563,#4125,.T.);
#2747=EDGE_CURVE('',#3563,#3560,#189,.F.);
#2748=EDGE_CURVE('',#3564,#3565,#4126,.F.);
#2749=EDGE_CURVE('',#3565,#3566,#190,.T.);
#2750=EDGE_CURVE('',#3566,#3567,#4127,.T.);
#2751=EDGE_CURVE('',#3567,#3564,#191,.T.);
#2752=EDGE_CURVE('',#3537,#3564,#192,.T.);
#2753=EDGE_CURVE('',#3557,#3536,#4128,.T.);
#2754=EDGE_CURVE('',#3561,#3556,#193,.T.);
#2755=EDGE_CURVE('',#3565,#3560,#4129,.T.);
#2756=EDGE_CURVE('',#3562,#3559,#194,.T.);
#2757=EDGE_CURVE('',#3558,#3539,#4130,.T.);
#2758=EDGE_CURVE('',#3538,#3567,#195,.T.);
#2759=EDGE_CURVE('',#3566,#3563,#4131,.T.);
#2760=EDGE_CURVE('',#3552,#3541,#196,.T.);
#2761=EDGE_CURVE('',#3540,#3545,#4132,.T.);
#2762=EDGE_CURVE('',#3544,#3549,#197,.T.);
#2763=EDGE_CURVE('',#3548,#3553,#4133,.T.);
#2764=EDGE_CURVE('',#3551,#3554,#4134,.T.);
#2765=EDGE_CURVE('',#3555,#3542,#198,.T.);
#2766=EDGE_CURVE('',#3543,#3546,#4135,.T.);
#2767=EDGE_CURVE('',#3547,#3550,#199,.T.);
#2768=EDGE_CURVE('',#3568,#3569,#4136,.T.);
#2769=EDGE_CURVE('',#3568,#3570,#4137,.T.);
#2770=EDGE_CURVE('',#3571,#3570,#200,.T.);
#2771=EDGE_CURVE('',#3571,#3572,#4138,.T.);
#2772=EDGE_CURVE('',#3573,#3572,#4139,.T.);
#2773=EDGE_CURVE('',#3573,#3574,#4140,.T.);
#2774=EDGE_CURVE('',#3575,#3574,#201,.T.);
#2775=EDGE_CURVE('',#3575,#3569,#4141,.T.);
#2776=EDGE_CURVE('',#3576,#3577,#202,.T.);
#2777=EDGE_CURVE('',#3578,#3577,#203,.T.);
#2778=EDGE_CURVE('',#3579,#3578,#204,.T.);
#2779=EDGE_CURVE('',#3579,#3576,#205,.T.);
#2780=EDGE_CURVE('',#3580,#3580,#4142,.T.);
#2781=EDGE_CURVE('',#3581,#3581,#4143,.T.);
#2782=EDGE_CURVE('',#3582,#3582,#4144,.T.);
#2783=EDGE_CURVE('',#3583,#3584,#206,.T.);
#2784=EDGE_CURVE('',#3584,#3585,#4145,.T.);
#2785=EDGE_CURVE('',#3585,#3586,#4146,.T.);
#2786=EDGE_CURVE('',#3586,#3587,#4147,.T.);
#2787=EDGE_CURVE('',#3587,#3588,#207,.T.);
#2788=EDGE_CURVE('',#3588,#3589,#4148,.T.);
#2789=EDGE_CURVE('',#3589,#3590,#4149,.T.);
#2790=EDGE_CURVE('',#3590,#3583,#4150,.T.);
#2791=EDGE_CURVE('',#3591,#3591,#4151,.T.);
#2792=EDGE_CURVE('',#3592,#3592,#4152,.T.);
#2793=EDGE_CURVE('',#3593,#3593,#4153,.T.);
#2794=EDGE_CURVE('',#3594,#3595,#4154,.T.);
#2795=EDGE_CURVE('',#3594,#3596,#208,.T.);
#2796=EDGE_CURVE('',#3596,#3597,#209,.T.);
#2797=EDGE_CURVE('',#3597,#3595,#210,.T.);
#2798=EDGE_CURVE('',#3595,#3598,#211,.T.);
#2799=EDGE_CURVE('',#3599,#3598,#4155,.T.);
#2800=EDGE_CURVE('',#3594,#3599,#212,.T.);
#2801=EDGE_CURVE('',#3600,#3600,#4156,.T.);
#2802=EDGE_CURVE('',#3601,#3601,#4157,.T.);
#2803=EDGE_CURVE('',#3602,#3602,#4158,.T.);
#2804=EDGE_CURVE('',#3603,#3604,#4159,.T.);
#2805=EDGE_CURVE('',#3603,#3605,#213,.T.);
#2806=EDGE_CURVE('',#3605,#3606,#214,.T.);
#2807=EDGE_CURVE('',#3606,#3604,#215,.T.);
#2808=EDGE_CURVE('',#3604,#3607,#216,.T.);
#2809=EDGE_CURVE('',#3608,#3607,#4160,.T.);
#2810=EDGE_CURVE('',#3603,#3608,#217,.T.);
#2811=EDGE_CURVE('',#3609,#3610,#4161,.T.);
#2812=EDGE_CURVE('',#3610,#3611,#218,.T.);
#2813=EDGE_CURVE('',#3612,#3611,#4162,.T.);
#2814=EDGE_CURVE('',#3609,#3612,#219,.T.);
#2815=EDGE_CURVE('',#3613,#3613,#4163,.T.);
#2816=EDGE_CURVE('',#3609,#3614,#220,.T.);
#2817=EDGE_CURVE('',#3614,#3615,#221,.T.);
#2818=EDGE_CURVE('',#3615,#3610,#222,.T.);
#2819=EDGE_CURVE('',#3616,#3616,#4164,.T.);
#2820=EDGE_CURVE('',#3617,#3617,#4165,.T.);
#2821=EDGE_CURVE('',#3618,#3619,#4166,.T.);
#2822=EDGE_CURVE('',#3618,#3620,#223,.T.);
#2823=EDGE_CURVE('',#3620,#3621,#4167,.T.);
#2824=EDGE_CURVE('',#3619,#3621,#224,.T.);
#2825=EDGE_CURVE('',#3622,#3622,#4168,.T.);
#2826=EDGE_CURVE('',#3619,#3623,#225,.T.);
#2827=EDGE_CURVE('',#3623,#3624,#226,.T.);
#2828=EDGE_CURVE('',#3624,#3618,#227,.T.);
#2829=EDGE_CURVE('',#3625,#3625,#4169,.T.);
#2830=EDGE_CURVE('',#3626,#3626,#4170,.T.);
#2831=EDGE_CURVE('',#3627,#3627,#4171,.T.);
#2832=EDGE_CURVE('',#3628,#3629,#4172,.T.);
#2833=EDGE_CURVE('',#3628,#3630,#228,.T.);
#2834=EDGE_CURVE('',#3630,#3631,#4173,.T.);
#2835=EDGE_CURVE('',#3629,#3631,#229,.T.);
#2836=EDGE_CURVE('',#3632,#3632,#4174,.T.);
#2837=EDGE_CURVE('',#3629,#3633,#230,.T.);
#2838=EDGE_CURVE('',#3633,#3634,#231,.T.);
#2839=EDGE_CURVE('',#3634,#3628,#232,.T.);
#2840=EDGE_CURVE('',#3635,#3635,#4175,.T.);
#2841=EDGE_CURVE('',#3636,#3636,#4176,.T.);
#2842=EDGE_CURVE('',#3637,#3637,#4177,.T.);
#2843=EDGE_CURVE('',#3638,#3638,#4178,.T.);
#2844=EDGE_CURVE('',#3639,#3639,#4179,.T.);
#2845=EDGE_CURVE('',#3640,#3640,#4180,.T.);
#2846=EDGE_CURVE('',#3641,#3641,#4181,.T.);
#2847=EDGE_CURVE('',#3642,#3642,#4182,.T.);
#2848=EDGE_CURVE('',#3643,#3643,#4183,.T.);
#2849=EDGE_CURVE('',#3644,#3644,#4184,.T.);
#2850=EDGE_CURVE('',#3645,#3645,#4185,.T.);
#2851=EDGE_CURVE('',#3646,#3646,#4186,.T.);
#2852=EDGE_CURVE('',#3647,#3647,#4187,.T.);
#2853=EDGE_CURVE('',#3648,#3648,#4188,.T.);
#2854=EDGE_CURVE('',#3649,#3649,#4189,.T.);
#2855=EDGE_CURVE('',#3650,#3650,#4190,.T.);
#2856=EDGE_CURVE('',#3651,#3651,#4191,.T.);
#2857=EDGE_CURVE('',#3652,#3652,#4192,.T.);
#2858=EDGE_CURVE('',#3653,#3653,#4193,.T.);
#2859=EDGE_CURVE('',#3654,#3654,#4194,.T.);
#2860=EDGE_CURVE('',#3655,#3655,#4195,.T.);
#2861=EDGE_CURVE('',#3656,#3656,#4196,.T.);
#2862=EDGE_CURVE('',#3657,#3657,#4197,.T.);
#2863=EDGE_CURVE('',#3658,#3659,#233,.F.);
#2864=EDGE_CURVE('',#3658,#3660,#234,.T.);
#2865=EDGE_CURVE('',#3660,#3661,#4198,.F.);
#2866=EDGE_CURVE('',#3661,#3662,#4199,.T.);
#2867=EDGE_CURVE('',#3662,#3663,#4200,.F.);
#2868=EDGE_CURVE('',#3663,#3659,#235,.T.);
#2869=EDGE_CURVE('',#3664,#3665,#236,.T.);
#2870=EDGE_CURVE('',#3664,#3666,#237,.T.);
#2871=EDGE_CURVE('',#3666,#3667,#4201,.F.);
#2872=EDGE_CURVE('',#3667,#3668,#4202,.T.);
#2873=EDGE_CURVE('',#3668,#3669,#4203,.F.);
#2874=EDGE_CURVE('',#3669,#3665,#238,.T.);
#2875=EDGE_CURVE('',#3664,#3659,#4204,.T.);
#2876=EDGE_CURVE('',#3663,#3670,#239,.F.);
#2877=EDGE_CURVE('',#3670,#3671,#240,.T.);
#2878=EDGE_CURVE('',#3671,#3666,#241,.T.);
#2879=EDGE_CURVE('',#3672,#3673,#242,.F.);
#2880=EDGE_CURVE('',#3672,#3674,#243,.T.);
#2881=EDGE_CURVE('',#3674,#3675,#4205,.F.);
#2882=EDGE_CURVE('',#3675,#3676,#4206,.T.);
#2883=EDGE_CURVE('',#3676,#3677,#4207,.F.);
#2884=EDGE_CURVE('',#3677,#3673,#244,.T.);
#2885=EDGE_CURVE('',#3678,#3679,#245,.T.);
#2886=EDGE_CURVE('',#3678,#3680,#246,.T.);
#2887=EDGE_CURVE('',#3680,#3681,#4208,.F.);
#2888=EDGE_CURVE('',#3681,#3682,#4209,.T.);
#2889=EDGE_CURVE('',#3682,#3683,#4210,.F.);
#2890=EDGE_CURVE('',#3683,#3679,#247,.T.);
#2891=EDGE_CURVE('',#3684,#3685,#248,.F.);
#2892=EDGE_CURVE('',#3684,#3686,#249,.T.);
#2893=EDGE_CURVE('',#3686,#3687,#4211,.F.);
#2894=EDGE_CURVE('',#3687,#3688,#4212,.T.);
#2895=EDGE_CURVE('',#3688,#3689,#4213,.F.);
#2896=EDGE_CURVE('',#3689,#3685,#250,.T.);
#2897=EDGE_CURVE('',#3690,#3691,#251,.T.);
#2898=EDGE_CURVE('',#3690,#3692,#252,.T.);
#2899=EDGE_CURVE('',#3692,#3693,#4214,.F.);
#2900=EDGE_CURVE('',#3693,#3694,#4215,.T.);
#2901=EDGE_CURVE('',#3694,#3695,#4216,.F.);
#2902=EDGE_CURVE('',#3695,#3691,#253,.T.);
#2903=EDGE_CURVE('',#3690,#3685,#4217,.T.);
#2904=EDGE_CURVE('',#3689,#3696,#254,.F.);
#2905=EDGE_CURVE('',#3696,#3697,#255,.T.);
#2906=EDGE_CURVE('',#3697,#3692,#256,.T.);
#2907=EDGE_CURVE('',#3698,#3699,#257,.T.);
#2908=EDGE_CURVE('',#3698,#3700,#258,.F.);
#2909=EDGE_CURVE('',#3701,#3700,#259,.T.);
#2910=EDGE_CURVE('',#3701,#3702,#4218,.T.);
#2911=EDGE_CURVE('',#3703,#3702,#4219,.T.);
#2912=EDGE_CURVE('',#3703,#3699,#4220,.T.);
#2913=EDGE_CURVE('',#3704,#3705,#260,.T.);
#2914=EDGE_CURVE('',#3704,#3706,#261,.T.);
#2915=EDGE_CURVE('',#3707,#3706,#262,.T.);
#2916=EDGE_CURVE('',#3707,#3708,#4221,.T.);
#2917=EDGE_CURVE('',#3709,#3708,#4222,.T.);
#2918=EDGE_CURVE('',#3709,#3705,#4223,.T.);
#2919=EDGE_CURVE('',#3710,#3711,#263,.F.);
#2920=EDGE_CURVE('',#3710,#3712,#264,.T.);
#2921=EDGE_CURVE('',#3712,#3713,#4224,.F.);
#2922=EDGE_CURVE('',#3713,#3714,#4225,.T.);
#2923=EDGE_CURVE('',#3714,#3715,#4226,.F.);
#2924=EDGE_CURVE('',#3715,#3711,#265,.T.);
#2925=EDGE_CURVE('',#3716,#3717,#266,.T.);
#2926=EDGE_CURVE('',#3716,#3718,#267,.T.);
#2927=EDGE_CURVE('',#3718,#3719,#4227,.F.);
#2928=EDGE_CURVE('',#3719,#3720,#4228,.T.);
#2929=EDGE_CURVE('',#3720,#3721,#4229,.F.);
#2930=EDGE_CURVE('',#3721,#3717,#268,.T.);
#2931=EDGE_CURVE('',#3716,#3711,#4230,.T.);
#2932=EDGE_CURVE('',#3715,#3722,#269,.F.);
#2933=EDGE_CURVE('',#3722,#3723,#270,.T.);
#2934=EDGE_CURVE('',#3723,#3718,#271,.T.);
#2935=EDGE_CURVE('',#3724,#3725,#272,.F.);
#2936=EDGE_CURVE('',#3724,#3726,#273,.T.);
#2937=EDGE_CURVE('',#3726,#3727,#4231,.F.);
#2938=EDGE_CURVE('',#3727,#3728,#4232,.T.);
#2939=EDGE_CURVE('',#3728,#3729,#4233,.F.);
#2940=EDGE_CURVE('',#3729,#3725,#274,.T.);
#2941=EDGE_CURVE('',#3730,#3731,#275,.T.);
#2942=EDGE_CURVE('',#3730,#3732,#276,.T.);
#2943=EDGE_CURVE('',#3732,#3733,#4234,.F.);
#2944=EDGE_CURVE('',#3733,#3734,#4235,.T.);
#2945=EDGE_CURVE('',#3734,#3735,#4236,.F.);
#2946=EDGE_CURVE('',#3735,#3731,#277,.T.);
#2947=EDGE_CURVE('',#3736,#3737,#278,.F.);
#2948=EDGE_CURVE('',#3738,#3736,#279,.T.);
#2949=EDGE_CURVE('',#3739,#3738,#4237,.F.);
#2950=EDGE_CURVE('',#3740,#3739,#4238,.T.);
#2951=EDGE_CURVE('',#3741,#3740,#4239,.F.);
#2952=EDGE_CURVE('',#3737,#3741,#280,.T.);
#2953=EDGE_CURVE('',#3742,#3743,#281,.T.);
#2954=EDGE_CURVE('',#3744,#3742,#282,.T.);
#2955=EDGE_CURVE('',#3745,#3744,#4240,.F.);
#2956=EDGE_CURVE('',#3746,#3745,#4241,.T.);
#2957=EDGE_CURVE('',#3747,#3746,#4242,.F.);
#2958=EDGE_CURVE('',#3743,#3747,#283,.T.);
#2959=EDGE_CURVE('',#3748,#3749,#284,.F.);
#2960=EDGE_CURVE('',#3748,#3750,#285,.T.);
#2961=EDGE_CURVE('',#3750,#3751,#4243,.F.);
#2962=EDGE_CURVE('',#3751,#3752,#4244,.T.);
#2963=EDGE_CURVE('',#3752,#3753,#4245,.F.);
#2964=EDGE_CURVE('',#3753,#3749,#286,.T.);
#2965=EDGE_CURVE('',#3754,#3755,#287,.T.);
#2966=EDGE_CURVE('',#3754,#3756,#288,.T.);
#2967=EDGE_CURVE('',#3756,#3757,#4246,.F.);
#2968=EDGE_CURVE('',#3757,#3758,#4247,.T.);
#2969=EDGE_CURVE('',#3758,#3759,#4248,.F.);
#2970=EDGE_CURVE('',#3759,#3755,#289,.T.);
#2971=EDGE_CURVE('',#3754,#3749,#4249,.T.);
#2972=EDGE_CURVE('',#3753,#3760,#290,.F.);
#2973=EDGE_CURVE('',#3760,#3761,#291,.T.);
#2974=EDGE_CURVE('',#3761,#3756,#292,.T.);
#2975=EDGE_CURVE('',#3762,#3763,#293,.T.);
#2976=EDGE_CURVE('',#3763,#3764,#294,.F.);
#2977=EDGE_CURVE('',#3764,#3765,#295,.T.);
#2978=EDGE_CURVE('',#3766,#3765,#4250,.T.);
#2979=EDGE_CURVE('',#3766,#3767,#4251,.T.);
#2980=EDGE_CURVE('',#3762,#3767,#4252,.T.);
#2981=EDGE_CURVE('',#3768,#3769,#296,.T.);
#2982=EDGE_CURVE('',#3769,#3770,#297,.T.);
#2983=EDGE_CURVE('',#3770,#3771,#298,.T.);
#2984=EDGE_CURVE('',#3772,#3771,#4253,.T.);
#2985=EDGE_CURVE('',#3772,#3773,#4254,.T.);
#2986=EDGE_CURVE('',#3768,#3773,#4255,.T.);
#2987=EDGE_CURVE('',#3774,#3775,#299,.F.);
#2988=EDGE_CURVE('',#3774,#3776,#300,.T.);
#2989=EDGE_CURVE('',#3776,#3777,#4256,.F.);
#2990=EDGE_CURVE('',#3777,#3778,#4257,.T.);
#2991=EDGE_CURVE('',#3778,#3779,#4258,.F.);
#2992=EDGE_CURVE('',#3779,#3775,#301,.T.);
#2993=EDGE_CURVE('',#3780,#3781,#302,.T.);
#2994=EDGE_CURVE('',#3780,#3782,#303,.T.);
#2995=EDGE_CURVE('',#3782,#3783,#4259,.F.);
#2996=EDGE_CURVE('',#3783,#3784,#4260,.T.);
#2997=EDGE_CURVE('',#3784,#3785,#4261,.F.);
#2998=EDGE_CURVE('',#3785,#3781,#304,.T.);
#2999=EDGE_CURVE('',#3780,#3775,#4262,.T.);
#3000=EDGE_CURVE('',#3779,#3786,#305,.F.);
#3001=EDGE_CURVE('',#3786,#3787,#306,.T.);
#3002=EDGE_CURVE('',#3787,#3782,#307,.T.);
#3003=EDGE_CURVE('',#3788,#3789,#308,.F.);
#3004=EDGE_CURVE('',#3790,#3788,#309,.T.);
#3005=EDGE_CURVE('',#3791,#3790,#4263,.F.);
#3006=EDGE_CURVE('',#3792,#3791,#4264,.T.);
#3007=EDGE_CURVE('',#3793,#3792,#4265,.F.);
#3008=EDGE_CURVE('',#3789,#3793,#310,.T.);
#3009=EDGE_CURVE('',#3794,#3795,#311,.T.);
#3010=EDGE_CURVE('',#3796,#3794,#312,.T.);
#3011=EDGE_CURVE('',#3797,#3796,#4266,.F.);
#3012=EDGE_CURVE('',#3798,#3797,#4267,.T.);
#3013=EDGE_CURVE('',#3799,#3798,#4268,.F.);
#3014=EDGE_CURVE('',#3795,#3799,#313,.T.);
#3015=EDGE_CURVE('',#3800,#3801,#314,.F.);
#3016=EDGE_CURVE('',#3800,#3802,#315,.T.);
#3017=EDGE_CURVE('',#3802,#3803,#4269,.F.);
#3018=EDGE_CURVE('',#3803,#3804,#4270,.T.);
#3019=EDGE_CURVE('',#3804,#3805,#4271,.F.);
#3020=EDGE_CURVE('',#3805,#3801,#316,.T.);
#3021=EDGE_CURVE('',#3806,#3807,#317,.T.);
#3022=EDGE_CURVE('',#3806,#3808,#318,.T.);
#3023=EDGE_CURVE('',#3808,#3809,#4272,.F.);
#3024=EDGE_CURVE('',#3809,#3810,#4273,.T.);
#3025=EDGE_CURVE('',#3810,#3811,#4274,.F.);
#3026=EDGE_CURVE('',#3811,#3807,#319,.T.);
#3027=EDGE_CURVE('',#3806,#3801,#4275,.T.);
#3028=EDGE_CURVE('',#3805,#3812,#320,.F.);
#3029=EDGE_CURVE('',#3812,#3813,#321,.T.);
#3030=EDGE_CURVE('',#3813,#3808,#322,.T.);
#3031=EDGE_CURVE('',#3798,#3814,#323,.T.);
#3032=EDGE_CURVE('',#3814,#3815,#4276,.T.);
#3033=EDGE_CURVE('',#3815,#3799,#324,.T.);
#3034=EDGE_CURVE('',#3740,#3816,#325,.T.);
#3035=EDGE_CURVE('',#3816,#3817,#4277,.T.);
#3036=EDGE_CURVE('',#3817,#3741,#326,.T.);
#3037=EDGE_CURVE('',#3738,#3818,#327,.F.);
#3038=EDGE_CURVE('',#3818,#3819,#4278,.T.);
#3039=EDGE_CURVE('',#3819,#3739,#328,.F.);
#3040=EDGE_CURVE('',#3746,#3820,#329,.T.);
#3041=EDGE_CURVE('',#3820,#3821,#4279,.T.);
#3042=EDGE_CURVE('',#3821,#3747,#330,.T.);
#3043=EDGE_CURVE('',#3744,#3822,#331,.F.);
#3044=EDGE_CURVE('',#3822,#3823,#4280,.T.);
#3045=EDGE_CURVE('',#3823,#3745,#332,.F.);
#3046=EDGE_CURVE('',#3765,#3824,#333,.F.);
#3047=EDGE_CURVE('',#3824,#3825,#4281,.T.);
#3048=EDGE_CURVE('',#3825,#3766,#334,.F.);
#3049=EDGE_CURVE('',#3767,#3826,#335,.T.);
#3050=EDGE_CURVE('',#3826,#3827,#4282,.T.);
#3051=EDGE_CURVE('',#3827,#3762,#336,.T.);
#3052=EDGE_CURVE('',#3771,#3828,#337,.F.);
#3053=EDGE_CURVE('',#3828,#3829,#4283,.T.);
#3054=EDGE_CURVE('',#3829,#3772,#338,.F.);
#3055=EDGE_CURVE('',#3773,#3830,#339,.T.);
#3056=EDGE_CURVE('',#3830,#3831,#4284,.T.);
#3057=EDGE_CURVE('',#3831,#3768,#340,.T.);
#3058=EDGE_CURVE('',#3792,#3832,#341,.T.);
#3059=EDGE_CURVE('',#3832,#3833,#4285,.T.);
#3060=EDGE_CURVE('',#3833,#3793,#342,.T.);
#3061=EDGE_CURVE('',#3790,#3834,#343,.F.);
#3062=EDGE_CURVE('',#3834,#3835,#4286,.T.);
#3063=EDGE_CURVE('',#3835,#3791,#344,.F.);
#3064=EDGE_CURVE('',#3796,#3836,#345,.F.);
#3065=EDGE_CURVE('',#3836,#3837,#4287,.T.);
#3066=EDGE_CURVE('',#3837,#3797,#346,.F.);
#3067=EDGE_CURVE('',#3820,#3823,#4288,.T.);
#3068=EDGE_CURVE('',#3737,#3742,#4289,.F.);
#3069=EDGE_CURVE('',#3822,#3817,#347,.T.);
#3070=EDGE_CURVE('',#3816,#3819,#4290,.T.);
#3071=EDGE_CURVE('',#3743,#3736,#4291,.F.);
#3072=EDGE_CURVE('',#3818,#3821,#348,.T.);
#3073=EDGE_CURVE('',#3795,#3788,#4292,.F.);
#3074=EDGE_CURVE('',#3834,#3815,#349,.T.);
#3075=EDGE_CURVE('',#3814,#3837,#4293,.T.);
#3076=EDGE_CURVE('',#3789,#3794,#4294,.F.);
#3077=EDGE_CURVE('',#3836,#3833,#350,.T.);
#3078=EDGE_CURVE('',#3832,#3835,#4295,.T.);
#3079=EDGE_CURVE('',#3770,#3763,#4296,.F.);
#3080=EDGE_CURVE('',#3827,#3828,#351,.T.);
#3081=EDGE_CURVE('',#3829,#3830,#4297,.T.);
#3082=EDGE_CURVE('',#3764,#3769,#4298,.F.);
#3083=EDGE_CURVE('',#3831,#3824,#352,.T.);
#3084=EDGE_CURVE('',#3825,#3826,#4299,.T.);
#3085=EDGE_CURVE('',#3838,#3839,#353,.T.);
#3086=EDGE_CURVE('',#3838,#3840,#4300,.T.);
#3087=EDGE_CURVE('',#3841,#3840,#4301,.T.);
#3088=EDGE_CURVE('',#3841,#3842,#4302,.T.);
#3089=EDGE_CURVE('',#3843,#3842,#354,.T.);
#3090=EDGE_CURVE('',#3843,#3844,#4303,.T.);
#3091=EDGE_CURVE('',#3845,#3844,#4304,.T.);
#3092=EDGE_CURVE('',#3845,#3839,#4305,.T.);
#3093=EDGE_CURVE('',#3846,#3847,#4306,.T.);
#3094=EDGE_CURVE('',#3846,#3848,#4307,.T.);
#3095=EDGE_CURVE('',#3849,#3848,#355,.T.);
#3096=EDGE_CURVE('',#3849,#3850,#4308,.T.);
#3097=EDGE_CURVE('',#3851,#3850,#4309,.T.);
#3098=EDGE_CURVE('',#3851,#3852,#4310,.T.);
#3099=EDGE_CURVE('',#3853,#3852,#356,.T.);
#3100=EDGE_CURVE('',#3853,#3847,#4311,.T.);
#3101=EDGE_CURVE('',#3854,#3854,#4312,.T.);
#3102=EDGE_CURVE('',#3855,#3855,#4313,.T.);
#3103=EDGE_CURVE('',#3856,#3856,#4314,.T.);
#3104=EDGE_CURVE('',#3857,#3857,#4315,.T.);
#3105=EDGE_CURVE('',#3858,#3859,#357,.T.);
#3106=EDGE_CURVE('',#3859,#3860,#358,.T.);
#3107=EDGE_CURVE('',#3861,#3860,#359,.T.);
#3108=EDGE_CURVE('',#3862,#3861,#4316,.T.);
#3109=EDGE_CURVE('',#3863,#3862,#360,.T.);
#3110=EDGE_CURVE('',#3864,#3863,#4317,.T.);
#3111=EDGE_CURVE('',#3865,#3864,#361,.T.);
#3112=EDGE_CURVE('',#3866,#3865,#362,.T.);
#3113=EDGE_CURVE('',#3866,#3867,#363,.T.);
#3114=EDGE_CURVE('',#3867,#3868,#364,.T.);
#3115=EDGE_CURVE('',#3869,#3868,#365,.T.);
#3116=EDGE_CURVE('',#3870,#3869,#366,.T.);
#3117=EDGE_CURVE('',#3870,#3871,#367,.T.);
#3118=EDGE_CURVE('',#3871,#3872,#368,.T.);
#3119=EDGE_CURVE('',#3873,#3872,#369,.T.);
#3120=EDGE_CURVE('',#3858,#3873,#370,.T.);
#3121=EDGE_CURVE('',#3874,#3875,#4318,.T.);
#3122=EDGE_CURVE('',#3875,#3876,#4319,.T.);
#3123=EDGE_CURVE('',#3876,#3877,#371,.T.);
#3124=EDGE_CURVE('',#3877,#3878,#4320,.T.);
#3125=EDGE_CURVE('',#3878,#3879,#4321,.T.);
#3126=EDGE_CURVE('',#3879,#3880,#4322,.T.);
#3127=EDGE_CURVE('',#3880,#3881,#372,.T.);
#3128=EDGE_CURVE('',#3881,#3874,#4323,.T.);
#3129=EDGE_CURVE('',#3882,#3883,#373,.T.);
#3130=EDGE_CURVE('',#3883,#3868,#374,.T.);
#3131=EDGE_CURVE('',#3884,#3867,#375,.T.);
#3132=EDGE_CURVE('',#3884,#3885,#376,.T.);
#3133=EDGE_CURVE('',#3885,#3882,#377,.T.);
#3134=EDGE_CURVE('',#3886,#3887,#378,.T.);
#3135=EDGE_CURVE('',#3887,#3888,#379,.T.);
#3136=EDGE_CURVE('',#3889,#3888,#380,.T.);
#3137=EDGE_CURVE('',#3866,#3889,#381,.T.);
#3138=EDGE_CURVE('',#3865,#3886,#382,.T.);
#3139=EDGE_CURVE('',#3889,#3884,#4324,.T.);
#3140=EDGE_CURVE('',#3885,#3888,#4325,.F.);
#3141=EDGE_CURVE('',#3890,#3891,#383,.T.);
#3142=EDGE_CURVE('',#3891,#3872,#384,.T.);
#3143=EDGE_CURVE('',#3892,#3871,#385,.T.);
#3144=EDGE_CURVE('',#3892,#3893,#386,.T.);
#3145=EDGE_CURVE('',#3893,#3890,#387,.T.);
#3146=EDGE_CURVE('',#3894,#3895,#388,.T.);
#3147=EDGE_CURVE('',#3895,#3896,#389,.T.);
#3148=EDGE_CURVE('',#3897,#3896,#390,.T.);
#3149=EDGE_CURVE('',#3870,#3897,#391,.T.);
#3150=EDGE_CURVE('',#3869,#3894,#392,.T.);
#3151=EDGE_CURVE('',#3897,#3892,#4326,.T.);
#3152=EDGE_CURVE('',#3893,#3896,#4327,.F.);
#3153=EDGE_CURVE('',#3898,#3899,#393,.T.);
#3154=EDGE_CURVE('',#3899,#3860,#394,.T.);
#3155=EDGE_CURVE('',#3900,#3859,#395,.T.);
#3156=EDGE_CURVE('',#3900,#3901,#396,.T.);
#3157=EDGE_CURVE('',#3901,#3898,#397,.T.);
#3158=EDGE_CURVE('',#3902,#3903,#398,.T.);
#3159=EDGE_CURVE('',#3903,#3904,#399,.T.);
#3160=EDGE_CURVE('',#3905,#3904,#400,.T.);
#3161=EDGE_CURVE('',#3858,#3905,#401,.T.);
#3162=EDGE_CURVE('',#3873,#3902,#402,.T.);
#3163=EDGE_CURVE('',#3906,#3906,#4328,.T.);
#3164=EDGE_CURVE('',#3905,#3900,#4329,.T.);
#3165=EDGE_CURVE('',#3901,#3904,#4330,.F.);
#3166=EDGE_CURVE('',#3907,#3907,#4331,.T.);
#3167=EDGE_CURVE('',#3908,#3908,#4332,.T.);
#3168=EDGE_CURVE('',#3909,#3909,#4333,.T.);
#3169=EDGE_CURVE('',#3910,#3910,#4334,.T.);
#3170=EDGE_CURVE('',#3911,#3911,#4335,.T.);
#3171=EDGE_CURVE('',#3912,#3912,#4336,.T.);
#3172=EDGE_CURVE('',#3913,#3913,#4337,.T.);
#3173=EDGE_CURVE('',#3914,#3914,#4338,.T.);
#3174=EDGE_CURVE('',#3915,#3915,#4339,.T.);
#3175=EDGE_CURVE('',#3916,#3916,#4340,.T.);
#3176=EDGE_CURVE('',#3917,#3917,#4341,.T.);
#3177=EDGE_CURVE('',#3918,#3918,#4342,.T.);
#3178=EDGE_CURVE('',#3919,#3919,#4343,.T.);
#3179=EDGE_CURVE('',#3920,#3920,#4344,.T.);
#3180=EDGE_CURVE('',#3921,#3921,#4345,.T.);
#3181=EDGE_CURVE('',#3922,#3922,#4346,.T.);
#3182=EDGE_CURVE('',#3923,#3923,#4347,.T.);
#3183=EDGE_CURVE('',#3924,#3924,#4348,.T.);
#3184=EDGE_CURVE('',#3925,#3925,#4349,.T.);
#3185=EDGE_CURVE('',#3926,#3926,#4350,.T.);
#3186=EDGE_CURVE('',#3927,#3778,#403,.F.);
#3187=EDGE_CURVE('',#3786,#3927,#4351,.F.);
#3188=EDGE_CURVE('',#3928,#3787,#4352,.F.);
#3189=EDGE_CURVE('',#3783,#3928,#404,.T.);
#3190=EDGE_CURVE('',#3928,#3929,#4353,.T.);
#3191=EDGE_CURVE('',#3929,#3784,#405,.F.);
#3192=EDGE_CURVE('',#3930,#3929,#4354,.F.);
#3193=EDGE_CURVE('',#3785,#3930,#406,.F.);
#3194=EDGE_CURVE('',#3781,#3774,#4355,.F.);
#3195=EDGE_CURVE('',#3930,#3931,#407,.T.);
#3196=EDGE_CURVE('',#3931,#3776,#408,.T.);
#3197=EDGE_CURVE('',#3932,#3931,#4356,.F.);
#3198=EDGE_CURVE('',#3777,#3932,#409,.T.);
#3199=EDGE_CURVE('',#3932,#3927,#4357,.T.);
#3200=EDGE_CURVE('',#3933,#3802,#410,.T.);
#3201=EDGE_CURVE('',#3934,#3933,#4358,.F.);
#3202=EDGE_CURVE('',#3803,#3934,#411,.T.);
#3203=EDGE_CURVE('',#3934,#3935,#4359,.T.);
#3204=EDGE_CURVE('',#3935,#3804,#412,.F.);
#3205=EDGE_CURVE('',#3812,#3935,#4360,.F.);
#3206=EDGE_CURVE('',#3936,#3813,#4361,.F.);
#3207=EDGE_CURVE('',#3809,#3936,#413,.T.);
#3208=EDGE_CURVE('',#3936,#3937,#4362,.T.);
#3209=EDGE_CURVE('',#3937,#3810,#414,.F.);
#3210=EDGE_CURVE('',#3938,#3937,#4363,.F.);
#3211=EDGE_CURVE('',#3811,#3938,#415,.F.);
#3212=EDGE_CURVE('',#3807,#3800,#4364,.F.);
#3213=EDGE_CURVE('',#3938,#3933,#416,.T.);
#3214=EDGE_CURVE('',#3939,#3761,#4365,.F.);
#3215=EDGE_CURVE('',#3757,#3939,#417,.T.);
#3216=EDGE_CURVE('',#3939,#3940,#4366,.T.);
#3217=EDGE_CURVE('',#3940,#3758,#418,.F.);
#3218=EDGE_CURVE('',#3941,#3940,#4367,.F.);
#3219=EDGE_CURVE('',#3759,#3941,#419,.F.);
#3220=EDGE_CURVE('',#3755,#3748,#4368,.F.);
#3221=EDGE_CURVE('',#3941,#3942,#420,.T.);
#3222=EDGE_CURVE('',#3942,#3750,#421,.T.);
#3223=EDGE_CURVE('',#3943,#3942,#4369,.F.);
#3224=EDGE_CURVE('',#3751,#3943,#422,.T.);
#3225=EDGE_CURVE('',#3943,#3944,#4370,.T.);
#3226=EDGE_CURVE('',#3944,#3752,#423,.F.);
#3227=EDGE_CURVE('',#3760,#3944,#4371,.F.);
#3228=EDGE_CURVE('',#3945,#3945,#4372,.T.);
#3229=EDGE_CURVE('',#3946,#3946,#4373,.T.);
#3230=EDGE_CURVE('',#3947,#3947,#4374,.T.);
#3231=EDGE_CURVE('',#3948,#3948,#4375,.T.);
#3232=EDGE_CURVE('',#3949,#3949,#4376,.T.);
#3233=EDGE_CURVE('',#3950,#3950,#4377,.T.);
#3234=EDGE_CURVE('',#3951,#3951,#4378,.T.);
#3235=EDGE_CURVE('',#3952,#3952,#4379,.T.);
#3236=EDGE_CURVE('',#3953,#3953,#4380,.T.);
#3237=EDGE_CURVE('',#3954,#3954,#4381,.T.);
#3238=EDGE_CURVE('',#3955,#3955,#4382,.T.);
#3239=EDGE_CURVE('',#3956,#3956,#4383,.T.);
#3240=EDGE_CURVE('',#3957,#3958,#424,.T.);
#3241=EDGE_CURVE('',#3959,#3958,#425,.T.);
#3242=EDGE_CURVE('',#3959,#3960,#426,.T.);
#3243=EDGE_CURVE('',#3957,#3960,#427,.T.);
#3244=EDGE_CURVE('',#3961,#3962,#428,.T.);
#3245=EDGE_CURVE('',#3963,#3961,#429,.T.);
#3246=EDGE_CURVE('',#3964,#3963,#4384,.T.);
#3247=EDGE_CURVE('',#3962,#3964,#430,.T.);
#3248=EDGE_CURVE('',#3965,#3966,#431,.T.);
#3249=EDGE_CURVE('',#3967,#3966,#432,.T.);
#3250=EDGE_CURVE('',#3967,#3968,#433,.T.);
#3251=EDGE_CURVE('',#3965,#3968,#434,.T.);
#3252=EDGE_CURVE('',#3969,#3970,#4385,.T.);
#3253=EDGE_CURVE('',#3970,#3971,#435,.T.);
#3254=EDGE_CURVE('',#3971,#3972,#4386,.T.);
#3255=EDGE_CURVE('',#3972,#3969,#436,.T.);
#3256=EDGE_CURVE('',#3973,#3973,#4387,.T.);
#3257=EDGE_CURVE('',#3974,#3974,#4388,.T.);
#3258=EDGE_CURVE('',#3975,#3975,#4389,.T.);
#3259=EDGE_CURVE('',#3976,#3976,#4390,.T.);
#3260=EDGE_CURVE('',#3977,#3977,#4391,.T.);
#3261=EDGE_CURVE('',#3978,#3978,#4392,.T.);
#3262=EDGE_CURVE('',#3979,#3979,#4393,.T.);
#3263=EDGE_CURVE('',#3980,#3980,#4394,.T.);
#3264=EDGE_CURVE('',#3981,#3982,#437,.T.);
#3265=EDGE_CURVE('',#3983,#3981,#438,.T.);
#3266=EDGE_CURVE('',#3984,#3983,#4395,.T.);
#3267=EDGE_CURVE('',#3982,#3984,#439,.T.);
#3268=EDGE_CURVE('',#3961,#3959,#440,.T.);
#3269=EDGE_CURVE('',#3962,#3968,#441,.T.);
#3270=EDGE_CURVE('',#3981,#3967,#442,.T.);
#3271=EDGE_CURVE('',#3982,#3985,#443,.T.);
#3272=EDGE_CURVE('',#3986,#3985,#444,.T.);
#3273=EDGE_CURVE('',#3987,#3986,#4396,.T.);
#3274=EDGE_CURVE('',#3988,#3987,#445,.T.);
#3275=EDGE_CURVE('',#3989,#3988,#4397,.T.);
#3276=EDGE_CURVE('',#3990,#3989,#446,.T.);
#3277=EDGE_CURVE('',#3991,#3990,#447,.T.);
#3278=EDGE_CURVE('',#3991,#3992,#448,.T.);
#3279=EDGE_CURVE('',#3992,#3960,#449,.T.);
#3280=EDGE_CURVE('',#3993,#3991,#450,.T.);
#3281=EDGE_CURVE('',#3994,#3993,#4398,.T.);
#3282=EDGE_CURVE('',#3992,#3994,#451,.T.);
#3283=EDGE_CURVE('',#3995,#3996,#4399,.T.);
#3284=EDGE_CURVE('',#3994,#3995,#452,.T.);
#3285=EDGE_CURVE('',#3993,#3996,#453,.T.);
#3286=EDGE_CURVE('',#3997,#3957,#454,.T.);
#3287=EDGE_CURVE('',#3997,#3995,#455,.T.);
#3288=EDGE_CURVE('',#3997,#3998,#456,.T.);
#3289=EDGE_CURVE('',#3958,#3998,#457,.T.);
#3290=EDGE_CURVE('',#3999,#3998,#458,.T.);
#3291=EDGE_CURVE('',#3963,#3999,#459,.T.);
#3292=EDGE_CURVE('',#4000,#3999,#4400,.T.);
#3293=EDGE_CURVE('',#3964,#4000,#460,.T.);
#3294=EDGE_CURVE('',#4001,#3965,#461,.T.);
#3295=EDGE_CURVE('',#4001,#4000,#462,.T.);
#3296=EDGE_CURVE('',#4001,#4002,#463,.T.);
#3297=EDGE_CURVE('',#3966,#4002,#464,.T.);
#3298=EDGE_CURVE('',#4003,#4002,#465,.T.);
#3299=EDGE_CURVE('',#3983,#4003,#466,.T.);
#3300=EDGE_CURVE('',#4004,#4003,#4401,.T.);
#3301=EDGE_CURVE('',#3984,#4004,#467,.T.);
#3302=EDGE_CURVE('',#4005,#4006,#468,.T.);
#3303=EDGE_CURVE('',#4007,#4005,#469,.T.);
#3304=EDGE_CURVE('',#4008,#4007,#470,.T.);
#3305=EDGE_CURVE('',#4008,#4006,#471,.T.);
#3306=EDGE_CURVE('',#4009,#4005,#4402,.F.);
#3307=EDGE_CURVE('',#4010,#4009,#472,.T.);
#3308=EDGE_CURVE('',#4007,#4010,#4403,.T.);
#3309=EDGE_CURVE('',#4011,#4009,#473,.T.);
#3310=EDGE_CURVE('',#4012,#4011,#474,.T.);
#3311=EDGE_CURVE('',#4010,#4012,#475,.T.);
#3312=EDGE_CURVE('',#4006,#4011,#4404,.F.);
#3313=EDGE_CURVE('',#4012,#4008,#4405,.T.);
#3314=EDGE_CURVE('',#4013,#4014,#4406,.F.);
#3315=EDGE_CURVE('',#3972,#4013,#476,.T.);
#3316=EDGE_CURVE('',#3971,#4014,#477,.T.);
#3317=EDGE_CURVE('',#4015,#4013,#478,.T.);
#3318=EDGE_CURVE('',#3969,#4015,#479,.T.);
#3319=EDGE_CURVE('',#4016,#4015,#4407,.F.);
#3320=EDGE_CURVE('',#3970,#4016,#480,.T.);
#3321=EDGE_CURVE('',#4014,#4016,#481,.T.);
#3322=EDGE_CURVE('',#4017,#4017,#4408,.T.);
#3323=EDGE_CURVE('',#4018,#4018,#4409,.T.);
#3324=EDGE_CURVE('',#4019,#4019,#4410,.T.);
#3325=EDGE_CURVE('',#4020,#4020,#4411,.T.);
#3326=EDGE_CURVE('',#4021,#4022,#482,.T.);
#3327=EDGE_CURVE('',#4022,#3985,#483,.T.);
#3328=EDGE_CURVE('',#4021,#4004,#484,.T.);
#3329=EDGE_CURVE('',#4022,#4023,#485,.T.);
#3330=EDGE_CURVE('',#4023,#3986,#486,.T.);
#3331=EDGE_CURVE('',#4023,#4024,#4412,.F.);
#3332=EDGE_CURVE('',#4024,#3987,#487,.T.);
#3333=EDGE_CURVE('',#4024,#4025,#488,.T.);
#3334=EDGE_CURVE('',#4025,#3988,#489,.T.);
#3335=EDGE_CURVE('',#4025,#4026,#4413,.F.);
#3336=EDGE_CURVE('',#4026,#3989,#490,.T.);
#3337=EDGE_CURVE('',#4026,#4027,#491,.T.);
#3338=EDGE_CURVE('',#3990,#4027,#492,.T.);
#3339=EDGE_CURVE('',#4027,#4028,#493,.T.);
#3340=EDGE_CURVE('',#3996,#4028,#494,.T.);
#3341=EDGE_CURVE('',#4029,#4028,#495,.T.);
#3342=EDGE_CURVE('',#4030,#4029,#496,.T.);
#3343=EDGE_CURVE('',#4030,#4031,#497,.T.);
#3344=EDGE_CURVE('',#4031,#4032,#498,.T.);
#3345=EDGE_CURVE('',#4021,#4032,#499,.T.);
#3346=EDGE_CURVE('',#4033,#4033,#4414,.T.);
#3347=EDGE_CURVE('',#4034,#4035,#500,.T.);
#3348=EDGE_CURVE('',#4036,#4035,#501,.T.);
#3349=EDGE_CURVE('',#4037,#4036,#502,.T.);
#3350=EDGE_CURVE('',#4037,#4034,#503,.T.);
#3351=EDGE_CURVE('',#4035,#4038,#4415,.T.);
#3352=EDGE_CURVE('',#4039,#4038,#504,.T.);
#3353=EDGE_CURVE('',#4036,#4039,#4416,.T.);
#3354=EDGE_CURVE('',#4040,#4040,#4417,.T.);
#3355=EDGE_CURVE('',#4041,#4042,#505,.T.);
#3356=EDGE_CURVE('',#4039,#4041,#506,.T.);
#3357=EDGE_CURVE('',#4038,#4042,#507,.T.);
#3358=EDGE_CURVE('',#4042,#3576,#4418,.T.);
#3359=EDGE_CURVE('',#4041,#3579,#4419,.T.);
#3360=EDGE_CURVE('',#3577,#4043,#4420,.T.);
#3361=EDGE_CURVE('',#4044,#4043,#508,.T.);
#3362=EDGE_CURVE('',#3578,#4044,#4421,.T.);
#3363=EDGE_CURVE('',#4043,#4045,#509,.T.);
#3364=EDGE_CURVE('',#4046,#4045,#510,.T.);
#3365=EDGE_CURVE('',#4044,#4046,#511,.T.);
#3366=EDGE_CURVE('',#4045,#4034,#4422,.T.);
#3367=EDGE_CURVE('',#4046,#4037,#4423,.T.);
#3368=EDGE_CURVE('',#4047,#3611,#512,.T.);
#3369=EDGE_CURVE('',#4048,#4047,#513,.T.);
#3370=EDGE_CURVE('',#4049,#4048,#514,.T.);
#3371=EDGE_CURVE('',#4049,#4030,#515,.T.);
#3372=EDGE_CURVE('',#4050,#4029,#516,.T.);
#3373=EDGE_CURVE('',#3608,#4050,#517,.T.);
#3374=EDGE_CURVE('',#4051,#3607,#518,.T.);
#3375=EDGE_CURVE('',#4052,#4051,#519,.T.);
#3376=EDGE_CURVE('',#3599,#4052,#520,.T.);
#3377=EDGE_CURVE('',#4053,#3598,#521,.T.);
#3378=EDGE_CURVE('',#4054,#4053,#522,.T.);
#3379=EDGE_CURVE('',#3612,#4054,#523,.T.);
#3380=EDGE_CURVE('',#4031,#4055,#524,.T.);
#3381=EDGE_CURVE('',#4055,#4049,#525,.T.);
#3382=EDGE_CURVE('',#4056,#4057,#526,.T.);
#3383=EDGE_CURVE('',#4058,#4056,#4424,.T.);
#3384=EDGE_CURVE('',#4059,#4058,#527,.T.);
#3385=EDGE_CURVE('',#4060,#4059,#528,.T.);
#3386=EDGE_CURVE('',#3631,#4060,#529,.T.);
#3387=EDGE_CURVE('',#4061,#3630,#530,.T.);
#3388=EDGE_CURVE('',#4062,#4061,#531,.T.);
#3389=EDGE_CURVE('',#3621,#4062,#532,.T.);
#3390=EDGE_CURVE('',#4063,#3620,#533,.T.);
#3391=EDGE_CURVE('',#4032,#4063,#534,.T.);
#3392=EDGE_CURVE('',#4055,#4064,#535,.T.);
#3393=EDGE_CURVE('',#4057,#4064,#536,.T.);
#3394=EDGE_CURVE('',#4065,#3862,#537,.T.);
#3395=EDGE_CURVE('',#4065,#4066,#538,.T.);
#3396=EDGE_CURVE('',#4066,#3863,#539,.T.);
#3397=EDGE_CURVE('',#4067,#3861,#540,.T.);
#3398=EDGE_CURVE('',#4067,#4065,#4425,.F.);
#3399=EDGE_CURVE('',#3891,#3902,#541,.T.);
#3400=EDGE_CURVE('',#3890,#3903,#542,.T.);
#3401=EDGE_CURVE('',#3883,#3894,#543,.T.);
#3402=EDGE_CURVE('',#3882,#3895,#544,.T.);
#3403=EDGE_CURVE('',#3614,#4054,#545,.T.);
#3404=EDGE_CURVE('',#3597,#4053,#546,.T.);
#3405=EDGE_CURVE('',#3596,#4052,#547,.T.);
#3406=EDGE_CURVE('',#3606,#4051,#548,.T.);
#3407=EDGE_CURVE('',#3605,#4050,#549,.T.);
#3408=EDGE_CURVE('',#3624,#4063,#550,.T.);
#3409=EDGE_CURVE('',#3623,#4062,#551,.T.);
#3410=EDGE_CURVE('',#3634,#4061,#552,.T.);
#3411=EDGE_CURVE('',#3633,#4060,#553,.T.);
#3412=EDGE_CURVE('',#4068,#4059,#554,.T.);
#3413=EDGE_CURVE('',#4069,#4068,#555,.T.);
#3414=EDGE_CURVE('',#4069,#4057,#556,.T.);
#3415=EDGE_CURVE('',#4064,#3887,#557,.T.);
#3416=EDGE_CURVE('',#4070,#3886,#558,.T.);
#3417=EDGE_CURVE('',#4066,#4070,#4426,.F.);
#3418=EDGE_CURVE('',#3899,#4067,#559,.T.);
#3419=EDGE_CURVE('',#3898,#4048,#560,.T.);
#3420=EDGE_CURVE('',#3615,#4047,#561,.T.);
#3421=EDGE_CURVE('',#4070,#3864,#562,.T.);
#3422=EDGE_CURVE('',#4071,#3686,#563,.T.);
#3423=EDGE_CURVE('',#4072,#4071,#4427,.F.);
#3424=EDGE_CURVE('',#3687,#4072,#564,.T.);
#3425=EDGE_CURVE('',#3691,#3684,#4428,.F.);
#3426=EDGE_CURVE('',#3695,#4073,#565,.F.);
#3427=EDGE_CURVE('',#4073,#4071,#566,.T.);
#3428=EDGE_CURVE('',#4074,#3694,#567,.F.);
#3429=EDGE_CURVE('',#4073,#4074,#4429,.F.);
#3430=EDGE_CURVE('',#4075,#4074,#4430,.T.);
#3431=EDGE_CURVE('',#3693,#4075,#568,.T.);
#3432=EDGE_CURVE('',#4072,#4076,#4431,.T.);
#3433=EDGE_CURVE('',#4076,#3688,#569,.F.);
#3434=EDGE_CURVE('',#4077,#3668,#570,.F.);
#3435=EDGE_CURVE('',#4078,#4077,#4432,.F.);
#3436=EDGE_CURVE('',#3669,#4078,#571,.F.);
#3437=EDGE_CURVE('',#3667,#4079,#572,.T.);
#3438=EDGE_CURVE('',#4079,#4077,#4433,.T.);
#3439=EDGE_CURVE('',#3661,#4080,#573,.T.);
#3440=EDGE_CURVE('',#4080,#4081,#4434,.T.);
#3441=EDGE_CURVE('',#4081,#3662,#574,.F.);
#3442=EDGE_CURVE('',#4082,#3660,#575,.T.);
#3443=EDGE_CURVE('',#4080,#4082,#4435,.F.);
#3444=EDGE_CURVE('',#3665,#3658,#4436,.F.);
#3445=EDGE_CURVE('',#4078,#4082,#576,.T.);
#3446=EDGE_CURVE('',#3713,#4083,#577,.T.);
#3447=EDGE_CURVE('',#4083,#4084,#4437,.T.);
#3448=EDGE_CURVE('',#4084,#3714,#578,.F.);
#3449=EDGE_CURVE('',#4085,#3712,#579,.T.);
#3450=EDGE_CURVE('',#4083,#4085,#4438,.F.);
#3451=EDGE_CURVE('',#3717,#3710,#4439,.F.);
#3452=EDGE_CURVE('',#3721,#4086,#580,.F.);
#3453=EDGE_CURVE('',#4086,#4085,#581,.T.);
#3454=EDGE_CURVE('',#4087,#3720,#582,.F.);
#3455=EDGE_CURVE('',#4086,#4087,#4440,.F.);
#3456=EDGE_CURVE('',#4088,#4087,#4441,.T.);
#3457=EDGE_CURVE('',#3719,#4088,#583,.T.);
#3458=EDGE_CURVE('',#4075,#3697,#4442,.F.);
#3459=EDGE_CURVE('',#4079,#3671,#4443,.F.);
#3460=EDGE_CURVE('',#4088,#3723,#4444,.F.);
#3461=EDGE_CURVE('',#3670,#4081,#4445,.F.);
#3462=EDGE_CURVE('',#3696,#4076,#4446,.F.);
#3463=EDGE_CURVE('',#3722,#4084,#4447,.F.);
#3464=EDGE_CURVE('',#3706,#3698,#4448,.F.);
#3465=EDGE_CURVE('',#3699,#3877,#584,.F.);
#3466=EDGE_CURVE('',#3876,#3707,#585,.T.);
#3467=EDGE_CURVE('',#3702,#3879,#586,.T.);
#3468=EDGE_CURVE('',#3878,#3703,#587,.F.);
#3469=EDGE_CURVE('',#3700,#3704,#4449,.F.);
#3470=EDGE_CURVE('',#3705,#3881,#588,.F.);
#3471=EDGE_CURVE('',#3880,#3701,#589,.T.);
#3472=EDGE_CURVE('',#3708,#3875,#590,.T.);
#3473=EDGE_CURVE('',#3874,#3709,#591,.F.);
#3474=EDGE_CURVE('',#3731,#3724,#4450,.F.);
#3475=EDGE_CURVE('',#3735,#3849,#592,.F.);
#3476=EDGE_CURVE('',#3848,#3726,#593,.T.);
#3477=EDGE_CURVE('',#3847,#3728,#594,.F.);
#3478=EDGE_CURVE('',#3727,#3846,#595,.T.);
#3479=EDGE_CURVE('',#3725,#3730,#4451,.F.);
#3480=EDGE_CURVE('',#3729,#3853,#596,.F.);
#3481=EDGE_CURVE('',#3852,#3732,#597,.T.);
#3482=EDGE_CURVE('',#3850,#3734,#598,.F.);
#3483=EDGE_CURVE('',#3733,#3851,#599,.T.);
#3484=EDGE_CURVE('',#3840,#3676,#600,.F.);
#3485=EDGE_CURVE('',#3675,#3841,#601,.T.);
#3486=EDGE_CURVE('',#3673,#3678,#4452,.F.);
#3487=EDGE_CURVE('',#3677,#3838,#602,.F.);
#3488=EDGE_CURVE('',#3839,#3680,#603,.T.);
#3489=EDGE_CURVE('',#3844,#3682,#604,.F.);
#3490=EDGE_CURVE('',#3681,#3845,#605,.T.);
#3491=EDGE_CURVE('',#3679,#3672,#4453,.F.);
#3492=EDGE_CURVE('',#3683,#3843,#606,.F.);
#3493=EDGE_CURVE('',#3842,#3674,#607,.T.);
#3494=EDGE_CURVE('',#4089,#4089,#4454,.T.);
#3495=EDGE_CURVE('',#4090,#4090,#4455,.T.);
#3496=EDGE_CURVE('',#4091,#4092,#4456,.T.);
#3497=EDGE_CURVE('',#4091,#4058,#608,.T.);
#3498=EDGE_CURVE('',#4092,#4056,#609,.T.);
#3499=EDGE_CURVE('',#4093,#4093,#4457,.T.);
#3500=EDGE_CURVE('',#4092,#4069,#610,.T.);
#3501=EDGE_CURVE('',#4068,#4091,#611,.T.);
#3502=EDGE_CURVE('',#4094,#4094,#4458,.T.);
#3503=EDGE_CURVE('',#4095,#4095,#4459,.T.);
#3504=EDGE_CURVE('',#4096,#4097,#612,.T.);
#3505=EDGE_CURVE('',#4096,#4098,#4460,.T.);
#3506=EDGE_CURVE('',#4099,#4098,#4461,.T.);
#3507=EDGE_CURVE('',#4099,#4100,#4462,.T.);
#3508=EDGE_CURVE('',#4101,#4100,#613,.T.);
#3509=EDGE_CURVE('',#4101,#4102,#4463,.T.);
#3510=EDGE_CURVE('',#4103,#4102,#4464,.T.);
#3511=EDGE_CURVE('',#4103,#4097,#4465,.T.);
#3512=EDGE_CURVE('',#4098,#3586,#614,.T.);
#3513=EDGE_CURVE('',#3585,#4099,#615,.F.);
#3514=EDGE_CURVE('',#3587,#4096,#616,.T.);
#3515=EDGE_CURVE('',#4097,#3588,#617,.F.);
#3516=EDGE_CURVE('',#4102,#3590,#618,.T.);
#3517=EDGE_CURVE('',#3589,#4103,#619,.F.);
#3518=EDGE_CURVE('',#4100,#3584,#620,.F.);
#3519=EDGE_CURVE('',#3583,#4101,#621,.T.);
#3520=EDGE_CURVE('',#4104,#4105,#622,.T.);
#3521=EDGE_CURVE('',#4105,#4106,#4466,.F.);
#3522=EDGE_CURVE('',#4106,#4107,#4467,.T.);
#3523=EDGE_CURVE('',#4107,#4108,#4468,.F.);
#3524=EDGE_CURVE('',#4108,#4109,#623,.T.);
#3525=EDGE_CURVE('',#4109,#4110,#4469,.F.);
#3526=EDGE_CURVE('',#4110,#4111,#4470,.T.);
#3527=EDGE_CURVE('',#4111,#4104,#4471,.F.);
#3528=EDGE_CURVE('',#4108,#3571,#624,.F.);
#3529=EDGE_CURVE('',#3570,#4109,#625,.T.);
#3530=EDGE_CURVE('',#4110,#3568,#626,.T.);
#3531=EDGE_CURVE('',#3569,#4111,#627,.F.);
#3532=EDGE_CURVE('',#3574,#4105,#628,.T.);
#3533=EDGE_CURVE('',#4104,#3575,#629,.F.);
#3534=EDGE_CURVE('',#4106,#3573,#630,.T.);
#3535=EDGE_CURVE('',#3572,#4107,#631,.F.);
#3536=VERTEX_POINT('',#8494);
#3537=VERTEX_POINT('',#8495);
#3538=VERTEX_POINT('',#8497);
#3539=VERTEX_POINT('',#8499);
#3540=VERTEX_POINT('',#8503);
#3541=VERTEX_POINT('',#8504);
#3542=VERTEX_POINT('',#8506);
#3543=VERTEX_POINT('',#8508);
#3544=VERTEX_POINT('',#8512);
#3545=VERTEX_POINT('',#8513);
#3546=VERTEX_POINT('',#8515);
#3547=VERTEX_POINT('',#8517);
#3548=VERTEX_POINT('',#8521);
#3549=VERTEX_POINT('',#8522);
#3550=VERTEX_POINT('',#8524);
#3551=VERTEX_POINT('',#8526);
#3552=VERTEX_POINT('',#8530);
#3553=VERTEX_POINT('',#8531);
#3554=VERTEX_POINT('',#8533);
#3555=VERTEX_POINT('',#8535);
#3556=VERTEX_POINT('',#8539);
#3557=VERTEX_POINT('',#8540);
#3558=VERTEX_POINT('',#8542);
#3559=VERTEX_POINT('',#8544);
#3560=VERTEX_POINT('',#8548);
#3561=VERTEX_POINT('',#8549);
#3562=VERTEX_POINT('',#8551);
#3563=VERTEX_POINT('',#8553);
#3564=VERTEX_POINT('',#8557);
#3565=VERTEX_POINT('',#8558);
#3566=VERTEX_POINT('',#8560);
#3567=VERTEX_POINT('',#8562);
#3568=VERTEX_POINT('',#8592);
#3569=VERTEX_POINT('',#8593);
#3570=VERTEX_POINT('',#8595);
#3571=VERTEX_POINT('',#8597);
#3572=VERTEX_POINT('',#8599);
#3573=VERTEX_POINT('',#8601);
#3574=VERTEX_POINT('',#8603);
#3575=VERTEX_POINT('',#8605);
#3576=VERTEX_POINT('',#8608);
#3577=VERTEX_POINT('',#8609);
#3578=VERTEX_POINT('',#8611);
#3579=VERTEX_POINT('',#8613);
#3580=VERTEX_POINT('',#8616);
#3581=VERTEX_POINT('',#8618);
#3582=VERTEX_POINT('',#8620);
#3583=VERTEX_POINT('',#8622);
#3584=VERTEX_POINT('',#8623);
#3585=VERTEX_POINT('',#8625);
#3586=VERTEX_POINT('',#8627);
#3587=VERTEX_POINT('',#8629);
#3588=VERTEX_POINT('',#8631);
#3589=VERTEX_POINT('',#8633);
#3590=VERTEX_POINT('',#8635);
#3591=VERTEX_POINT('',#8639);
#3592=VERTEX_POINT('',#8642);
#3593=VERTEX_POINT('',#8645);
#3594=VERTEX_POINT('',#8648);
#3595=VERTEX_POINT('',#8649);
#3596=VERTEX_POINT('',#8651);
#3597=VERTEX_POINT('',#8653);
#3598=VERTEX_POINT('',#8657);
#3599=VERTEX_POINT('',#8659);
#3600=VERTEX_POINT('',#8663);
#3601=VERTEX_POINT('',#8666);
#3602=VERTEX_POINT('',#8669);
#3603=VERTEX_POINT('',#8672);
#3604=VERTEX_POINT('',#8673);
#3605=VERTEX_POINT('',#8675);
#3606=VERTEX_POINT('',#8677);
#3607=VERTEX_POINT('',#8681);
#3608=VERTEX_POINT('',#8683);
#3609=VERTEX_POINT('',#8687);
#3610=VERTEX_POINT('',#8688);
#3611=VERTEX_POINT('',#8690);
#3612=VERTEX_POINT('',#8692);
#3613=VERTEX_POINT('',#8696);
#3614=VERTEX_POINT('',#8698);
#3615=VERTEX_POINT('',#8700);
#3616=VERTEX_POINT('',#8704);
#3617=VERTEX_POINT('',#8707);
#3618=VERTEX_POINT('',#8711);
#3619=VERTEX_POINT('',#8712);
#3620=VERTEX_POINT('',#8714);
#3621=VERTEX_POINT('',#8716);
#3622=VERTEX_POINT('',#8720);
#3623=VERTEX_POINT('',#8722);
#3624=VERTEX_POINT('',#8724);
#3625=VERTEX_POINT('',#8728);
#3626=VERTEX_POINT('',#8731);
#3627=VERTEX_POINT('',#8734);
#3628=VERTEX_POINT('',#8737);
#3629=VERTEX_POINT('',#8738);
#3630=VERTEX_POINT('',#8740);
#3631=VERTEX_POINT('',#8742);
#3632=VERTEX_POINT('',#8746);
#3633=VERTEX_POINT('',#8748);
#3634=VERTEX_POINT('',#8750);
#3635=VERTEX_POINT('',#8754);
#3636=VERTEX_POINT('',#8757);
#3637=VERTEX_POINT('',#8760);
#3638=VERTEX_POINT('',#8763);
#3639=VERTEX_POINT('',#8765);
#3640=VERTEX_POINT('',#8768);
#3641=VERTEX_POINT('',#8771);
#3642=VERTEX_POINT('',#8774);
#3643=VERTEX_POINT('',#8776);
#3644=VERTEX_POINT('',#8779);
#3645=VERTEX_POINT('',#8782);
#3646=VERTEX_POINT('',#8785);
#3647=VERTEX_POINT('',#8787);
#3648=VERTEX_POINT('',#8790);
#3649=VERTEX_POINT('',#8793);
#3650=VERTEX_POINT('',#8796);
#3651=VERTEX_POINT('',#8798);
#3652=VERTEX_POINT('',#8801);
#3653=VERTEX_POINT('',#8804);
#3654=VERTEX_POINT('',#8807);
#3655=VERTEX_POINT('',#8809);
#3656=VERTEX_POINT('',#8812);
#3657=VERTEX_POINT('',#8815);
#3658=VERTEX_POINT('',#8818);
#3659=VERTEX_POINT('',#8819);
#3660=VERTEX_POINT('',#8821);
#3661=VERTEX_POINT('',#8823);
#3662=VERTEX_POINT('',#8825);
#3663=VERTEX_POINT('',#8827);
#3664=VERTEX_POINT('',#8831);
#3665=VERTEX_POINT('',#8832);
#3666=VERTEX_POINT('',#8834);
#3667=VERTEX_POINT('',#8836);
#3668=VERTEX_POINT('',#8838);
#3669=VERTEX_POINT('',#8840);
#3670=VERTEX_POINT('',#8845);
#3671=VERTEX_POINT('',#8847);
#3672=VERTEX_POINT('',#8851);
#3673=VERTEX_POINT('',#8852);
#3674=VERTEX_POINT('',#8854);
#3675=VERTEX_POINT('',#8856);
#3676=VERTEX_POINT('',#8858);
#3677=VERTEX_POINT('',#8860);
#3678=VERTEX_POINT('',#8864);
#3679=VERTEX_POINT('',#8865);
#3680=VERTEX_POINT('',#8867);
#3681=VERTEX_POINT('',#8869);
#3682=VERTEX_POINT('',#8871);
#3683=VERTEX_POINT('',#8873);
#3684=VERTEX_POINT('',#8877);
#3685=VERTEX_POINT('',#8878);
#3686=VERTEX_POINT('',#8880);
#3687=VERTEX_POINT('',#8882);
#3688=VERTEX_POINT('',#8884);
#3689=VERTEX_POINT('',#8886);
#3690=VERTEX_POINT('',#8890);
#3691=VERTEX_POINT('',#8891);
#3692=VERTEX_POINT('',#8893);
#3693=VERTEX_POINT('',#8895);
#3694=VERTEX_POINT('',#8897);
#3695=VERTEX_POINT('',#8899);
#3696=VERTEX_POINT('',#8904);
#3697=VERTEX_POINT('',#8906);
#3698=VERTEX_POINT('',#8910);
#3699=VERTEX_POINT('',#8911);
#3700=VERTEX_POINT('',#8913);
#3701=VERTEX_POINT('',#8915);
#3702=VERTEX_POINT('',#8917);
#3703=VERTEX_POINT('',#8919);
#3704=VERTEX_POINT('',#8923);
#3705=VERTEX_POINT('',#8924);
#3706=VERTEX_POINT('',#8926);
#3707=VERTEX_POINT('',#8928);
#3708=VERTEX_POINT('',#8930);
#3709=VERTEX_POINT('',#8932);
#3710=VERTEX_POINT('',#8936);
#3711=VERTEX_POINT('',#8937);
#3712=VERTEX_POINT('',#8939);
#3713=VERTEX_POINT('',#8941);
#3714=VERTEX_POINT('',#8943);
#3715=VERTEX_POINT('',#8945);
#3716=VERTEX_POINT('',#8949);
#3717=VERTEX_POINT('',#8950);
#3718=VERTEX_POINT('',#8952);
#3719=VERTEX_POINT('',#8954);
#3720=VERTEX_POINT('',#8956);
#3721=VERTEX_POINT('',#8958);
#3722=VERTEX_POINT('',#8963);
#3723=VERTEX_POINT('',#8965);
#3724=VERTEX_POINT('',#8969);
#3725=VERTEX_POINT('',#8970);
#3726=VERTEX_POINT('',#8972);
#3727=VERTEX_POINT('',#8974);
#3728=VERTEX_POINT('',#8976);
#3729=VERTEX_POINT('',#8978);
#3730=VERTEX_POINT('',#8982);
#3731=VERTEX_POINT('',#8983);
#3732=VERTEX_POINT('',#8985);
#3733=VERTEX_POINT('',#8987);
#3734=VERTEX_POINT('',#8989);
#3735=VERTEX_POINT('',#8991);
#3736=VERTEX_POINT('',#8995);
#3737=VERTEX_POINT('',#8996);
#3738=VERTEX_POINT('',#8998);
#3739=VERTEX_POINT('',#9000);
#3740=VERTEX_POINT('',#9002);
#3741=VERTEX_POINT('',#9004);
#3742=VERTEX_POINT('',#9008);
#3743=VERTEX_POINT('',#9009);
#3744=VERTEX_POINT('',#9011);
#3745=VERTEX_POINT('',#9013);
#3746=VERTEX_POINT('',#9015);
#3747=VERTEX_POINT('',#9017);
#3748=VERTEX_POINT('',#9021);
#3749=VERTEX_POINT('',#9022);
#3750=VERTEX_POINT('',#9024);
#3751=VERTEX_POINT('',#9026);
#3752=VERTEX_POINT('',#9028);
#3753=VERTEX_POINT('',#9030);
#3754=VERTEX_POINT('',#9034);
#3755=VERTEX_POINT('',#9035);
#3756=VERTEX_POINT('',#9037);
#3757=VERTEX_POINT('',#9039);
#3758=VERTEX_POINT('',#9041);
#3759=VERTEX_POINT('',#9043);
#3760=VERTEX_POINT('',#9048);
#3761=VERTEX_POINT('',#9050);
#3762=VERTEX_POINT('',#9054);
#3763=VERTEX_POINT('',#9055);
#3764=VERTEX_POINT('',#9057);
#3765=VERTEX_POINT('',#9059);
#3766=VERTEX_POINT('',#9061);
#3767=VERTEX_POINT('',#9063);
#3768=VERTEX_POINT('',#9067);
#3769=VERTEX_POINT('',#9068);
#3770=VERTEX_POINT('',#9070);
#3771=VERTEX_POINT('',#9072);
#3772=VERTEX_POINT('',#9074);
#3773=VERTEX_POINT('',#9076);
#3774=VERTEX_POINT('',#9080);
#3775=VERTEX_POINT('',#9081);
#3776=VERTEX_POINT('',#9083);
#3777=VERTEX_POINT('',#9085);
#3778=VERTEX_POINT('',#9087);
#3779=VERTEX_POINT('',#9089);
#3780=VERTEX_POINT('',#9093);
#3781=VERTEX_POINT('',#9094);
#3782=VERTEX_POINT('',#9096);
#3783=VERTEX_POINT('',#9098);
#3784=VERTEX_POINT('',#9100);
#3785=VERTEX_POINT('',#9102);
#3786=VERTEX_POINT('',#9107);
#3787=VERTEX_POINT('',#9109);
#3788=VERTEX_POINT('',#9113);
#3789=VERTEX_POINT('',#9114);
#3790=VERTEX_POINT('',#9116);
#3791=VERTEX_POINT('',#9118);
#3792=VERTEX_POINT('',#9120);
#3793=VERTEX_POINT('',#9122);
#3794=VERTEX_POINT('',#9126);
#3795=VERTEX_POINT('',#9127);
#3796=VERTEX_POINT('',#9129);
#3797=VERTEX_POINT('',#9131);
#3798=VERTEX_POINT('',#9133);
#3799=VERTEX_POINT('',#9135);
#3800=VERTEX_POINT('',#9139);
#3801=VERTEX_POINT('',#9140);
#3802=VERTEX_POINT('',#9142);
#3803=VERTEX_POINT('',#9144);
#3804=VERTEX_POINT('',#9146);
#3805=VERTEX_POINT('',#9148);
#3806=VERTEX_POINT('',#9152);
#3807=VERTEX_POINT('',#9153);
#3808=VERTEX_POINT('',#9155);
#3809=VERTEX_POINT('',#9157);
#3810=VERTEX_POINT('',#9159);
#3811=VERTEX_POINT('',#9161);
#3812=VERTEX_POINT('',#9166);
#3813=VERTEX_POINT('',#9168);
#3814=VERTEX_POINT('',#9172);
#3815=VERTEX_POINT('',#9174);
#3816=VERTEX_POINT('',#9178);
#3817=VERTEX_POINT('',#9180);
#3818=VERTEX_POINT('',#9184);
#3819=VERTEX_POINT('',#9186);
#3820=VERTEX_POINT('',#9190);
#3821=VERTEX_POINT('',#9192);
#3822=VERTEX_POINT('',#9196);
#3823=VERTEX_POINT('',#9198);
#3824=VERTEX_POINT('',#9202);
#3825=VERTEX_POINT('',#9204);
#3826=VERTEX_POINT('',#9208);
#3827=VERTEX_POINT('',#9210);
#3828=VERTEX_POINT('',#9214);
#3829=VERTEX_POINT('',#9216);
#3830=VERTEX_POINT('',#9220);
#3831=VERTEX_POINT('',#9222);
#3832=VERTEX_POINT('',#9226);
#3833=VERTEX_POINT('',#9228);
#3834=VERTEX_POINT('',#9232);
#3835=VERTEX_POINT('',#9234);
#3836=VERTEX_POINT('',#9238);
#3837=VERTEX_POINT('',#9240);
#3838=VERTEX_POINT('',#9274);
#3839=VERTEX_POINT('',#9275);
#3840=VERTEX_POINT('',#9277);
#3841=VERTEX_POINT('',#9279);
#3842=VERTEX_POINT('',#9281);
#3843=VERTEX_POINT('',#9283);
#3844=VERTEX_POINT('',#9285);
#3845=VERTEX_POINT('',#9287);
#3846=VERTEX_POINT('',#9290);
#3847=VERTEX_POINT('',#9291);
#3848=VERTEX_POINT('',#9293);
#3849=VERTEX_POINT('',#9295);
#3850=VERTEX_POINT('',#9297);
#3851=VERTEX_POINT('',#9299);
#3852=VERTEX_POINT('',#9301);
#3853=VERTEX_POINT('',#9303);
#3854=VERTEX_POINT('',#9306);
#3855=VERTEX_POINT('',#9308);
#3856=VERTEX_POINT('',#9310);
#3857=VERTEX_POINT('',#9312);
#3858=VERTEX_POINT('',#9314);
#3859=VERTEX_POINT('',#9315);
#3860=VERTEX_POINT('',#9317);
#3861=VERTEX_POINT('',#9319);
#3862=VERTEX_POINT('',#9321);
#3863=VERTEX_POINT('',#9323);
#3864=VERTEX_POINT('',#9325);
#3865=VERTEX_POINT('',#9327);
#3866=VERTEX_POINT('',#9329);
#3867=VERTEX_POINT('',#9331);
#3868=VERTEX_POINT('',#9333);
#3869=VERTEX_POINT('',#9335);
#3870=VERTEX_POINT('',#9337);
#3871=VERTEX_POINT('',#9339);
#3872=VERTEX_POINT('',#9341);
#3873=VERTEX_POINT('',#9343);
#3874=VERTEX_POINT('',#9346);
#3875=VERTEX_POINT('',#9347);
#3876=VERTEX_POINT('',#9349);
#3877=VERTEX_POINT('',#9351);
#3878=VERTEX_POINT('',#9353);
#3879=VERTEX_POINT('',#9355);
#3880=VERTEX_POINT('',#9357);
#3881=VERTEX_POINT('',#9359);
#3882=VERTEX_POINT('',#9363);
#3883=VERTEX_POINT('',#9364);
#3884=VERTEX_POINT('',#9367);
#3885=VERTEX_POINT('',#9369);
#3886=VERTEX_POINT('',#9373);
#3887=VERTEX_POINT('',#9374);
#3888=VERTEX_POINT('',#9376);
#3889=VERTEX_POINT('',#9378);
#3890=VERTEX_POINT('',#9387);
#3891=VERTEX_POINT('',#9388);
#3892=VERTEX_POINT('',#9391);
#3893=VERTEX_POINT('',#9393);
#3894=VERTEX_POINT('',#9397);
#3895=VERTEX_POINT('',#9398);
#3896=VERTEX_POINT('',#9400);
#3897=VERTEX_POINT('',#9402);
#3898=VERTEX_POINT('',#9411);
#3899=VERTEX_POINT('',#9412);
#3900=VERTEX_POINT('',#9415);
#3901=VERTEX_POINT('',#9417);
#3902=VERTEX_POINT('',#9421);
#3903=VERTEX_POINT('',#9422);
#3904=VERTEX_POINT('',#9424);
#3905=VERTEX_POINT('',#9426);
#3906=VERTEX_POINT('',#9431);
#3907=VERTEX_POINT('',#9437);
#3908=VERTEX_POINT('',#9439);
#3909=VERTEX_POINT('',#9442);
#3910=VERTEX_POINT('',#9444);
#3911=VERTEX_POINT('',#9447);
#3912=VERTEX_POINT('',#9449);
#3913=VERTEX_POINT('',#9452);
#3914=VERTEX_POINT('',#9454);
#3915=VERTEX_POINT('',#9457);
#3916=VERTEX_POINT('',#9460);
#3917=VERTEX_POINT('',#9463);
#3918=VERTEX_POINT('',#9466);
#3919=VERTEX_POINT('',#9469);
#3920=VERTEX_POINT('',#9472);
#3921=VERTEX_POINT('',#9475);
#3922=VERTEX_POINT('',#9478);
#3923=VERTEX_POINT('',#9481);
#3924=VERTEX_POINT('',#9484);
#3925=VERTEX_POINT('',#9487);
#3926=VERTEX_POINT('',#9490);
#3927=VERTEX_POINT('',#9493);
#3928=VERTEX_POINT('',#9497);
#3929=VERTEX_POINT('',#9501);
#3930=VERTEX_POINT('',#9505);
#3931=VERTEX_POINT('',#9510);
#3932=VERTEX_POINT('',#9514);
#3933=VERTEX_POINT('',#9520);
#3934=VERTEX_POINT('',#9522);
#3935=VERTEX_POINT('',#9526);
#3936=VERTEX_POINT('',#9532);
#3937=VERTEX_POINT('',#9536);
#3938=VERTEX_POINT('',#9540);
#3939=VERTEX_POINT('',#9547);
#3940=VERTEX_POINT('',#9551);
#3941=VERTEX_POINT('',#9555);
#3942=VERTEX_POINT('',#9560);
#3943=VERTEX_POINT('',#9564);
#3944=VERTEX_POINT('',#9568);
#3945=VERTEX_POINT('',#9574);
#3946=VERTEX_POINT('',#9576);
#3947=VERTEX_POINT('',#9579);
#3948=VERTEX_POINT('',#9581);
#3949=VERTEX_POINT('',#9584);
#3950=VERTEX_POINT('',#9586);
#3951=VERTEX_POINT('',#9589);
#3952=VERTEX_POINT('',#9591);
#3953=VERTEX_POINT('',#9594);
#3954=VERTEX_POINT('',#9597);
#3955=VERTEX_POINT('',#9600);
#3956=VERTEX_POINT('',#9603);
#3957=VERTEX_POINT('',#9606);
#3958=VERTEX_POINT('',#9607);
#3959=VERTEX_POINT('',#9609);
#3960=VERTEX_POINT('',#9611);
#3961=VERTEX_POINT('',#9615);
#3962=VERTEX_POINT('',#9616);
#3963=VERTEX_POINT('',#9618);
#3964=VERTEX_POINT('',#9620);
#3965=VERTEX_POINT('',#9624);
#3966=VERTEX_POINT('',#9625);
#3967=VERTEX_POINT('',#9627);
#3968=VERTEX_POINT('',#9629);
#3969=VERTEX_POINT('',#9633);
#3970=VERTEX_POINT('',#9634);
#3971=VERTEX_POINT('',#9636);
#3972=VERTEX_POINT('',#9638);
#3973=VERTEX_POINT('',#9642);
#3974=VERTEX_POINT('',#9645);
#3975=VERTEX_POINT('',#9648);
#3976=VERTEX_POINT('',#9651);
#3977=VERTEX_POINT('',#9654);
#3978=VERTEX_POINT('',#9657);
#3979=VERTEX_POINT('',#9660);
#3980=VERTEX_POINT('',#9663);
#3981=VERTEX_POINT('',#9666);
#3982=VERTEX_POINT('',#9667);
#3983=VERTEX_POINT('',#9669);
#3984=VERTEX_POINT('',#9671);
#3985=VERTEX_POINT('',#9678);
#3986=VERTEX_POINT('',#9680);
#3987=VERTEX_POINT('',#9682);
#3988=VERTEX_POINT('',#9684);
#3989=VERTEX_POINT('',#9686);
#3990=VERTEX_POINT('',#9688);
#3991=VERTEX_POINT('',#9690);
#3992=VERTEX_POINT('',#9692);
#3993=VERTEX_POINT('',#9696);
#3994=VERTEX_POINT('',#9698);
#3995=VERTEX_POINT('',#9702);
#3996=VERTEX_POINT('',#9703);
#3997=VERTEX_POINT('',#9708);
#3998=VERTEX_POINT('',#9712);
#3999=VERTEX_POINT('',#9716);
#4000=VERTEX_POINT('',#9720);
#4001=VERTEX_POINT('',#9724);
#4002=VERTEX_POINT('',#9728);
#4003=VERTEX_POINT('',#9732);
#4004=VERTEX_POINT('',#9736);
#4005=VERTEX_POINT('',#9740);
#4006=VERTEX_POINT('',#9741);
#4007=VERTEX_POINT('',#9743);
#4008=VERTEX_POINT('',#9745);
#4009=VERTEX_POINT('',#9749);
#4010=VERTEX_POINT('',#9751);
#4011=VERTEX_POINT('',#9755);
#4012=VERTEX_POINT('',#9757);
#4013=VERTEX_POINT('',#9764);
#4014=VERTEX_POINT('',#9765);
#4015=VERTEX_POINT('',#9770);
#4016=VERTEX_POINT('',#9774);
#4017=VERTEX_POINT('',#9780);
#4018=VERTEX_POINT('',#9783);
#4019=VERTEX_POINT('',#9786);
#4020=VERTEX_POINT('',#9789);
#4021=VERTEX_POINT('',#9792);
#4022=VERTEX_POINT('',#9793);
#4023=VERTEX_POINT('',#9798);
#4024=VERTEX_POINT('',#9802);
#4025=VERTEX_POINT('',#9806);
#4026=VERTEX_POINT('',#9810);
#4027=VERTEX_POINT('',#9814);
#4028=VERTEX_POINT('',#9818);
#4029=VERTEX_POINT('',#9822);
#4030=VERTEX_POINT('',#9824);
#4031=VERTEX_POINT('',#9826);
#4032=VERTEX_POINT('',#9828);
#4033=VERTEX_POINT('',#9832);
#4034=VERTEX_POINT('',#9834);
#4035=VERTEX_POINT('',#9835);
#4036=VERTEX_POINT('',#9837);
#4037=VERTEX_POINT('',#9839);
#4038=VERTEX_POINT('',#9843);
#4039=VERTEX_POINT('',#9845);
#4040=VERTEX_POINT('',#9849);
#4041=VERTEX_POINT('',#9851);
#4042=VERTEX_POINT('',#9852);
#4043=VERTEX_POINT('',#9860);
#4044=VERTEX_POINT('',#9862);
#4045=VERTEX_POINT('',#9866);
#4046=VERTEX_POINT('',#9868);
#4047=VERTEX_POINT('',#9875);
#4048=VERTEX_POINT('',#9877);
#4049=VERTEX_POINT('',#9879);
#4050=VERTEX_POINT('',#9882);
#4051=VERTEX_POINT('',#9885);
#4052=VERTEX_POINT('',#9887);
#4053=VERTEX_POINT('',#9890);
#4054=VERTEX_POINT('',#9892);
#4055=VERTEX_POINT('',#9896);
#4056=VERTEX_POINT('',#9900);
#4057=VERTEX_POINT('',#9901);
#4058=VERTEX_POINT('',#9903);
#4059=VERTEX_POINT('',#9905);
#4060=VERTEX_POINT('',#9907);
#4061=VERTEX_POINT('',#9910);
#4062=VERTEX_POINT('',#9912);
#4063=VERTEX_POINT('',#9915);
#4064=VERTEX_POINT('',#9918);
#4065=VERTEX_POINT('',#9926);
#4066=VERTEX_POINT('',#9928);
#4067=VERTEX_POINT('',#9932);
#4068=VERTEX_POINT('',#9951);
#4069=VERTEX_POINT('',#9953);
#4070=VERTEX_POINT('',#9957);
#4071=VERTEX_POINT('',#9971);
#4072=VERTEX_POINT('',#9973);
#4073=VERTEX_POINT('',#9978);
#4074=VERTEX_POINT('',#9982);
#4075=VERTEX_POINT('',#9986);
#4076=VERTEX_POINT('',#9990);
#4077=VERTEX_POINT('',#9994);
#4078=VERTEX_POINT('',#9996);
#4079=VERTEX_POINT('',#10000);
#4080=VERTEX_POINT('',#10004);
#4081=VERTEX_POINT('',#10006);
#4082=VERTEX_POINT('',#10010);
#4083=VERTEX_POINT('',#10017);
#4084=VERTEX_POINT('',#10019);
#4085=VERTEX_POINT('',#10023);
#4086=VERTEX_POINT('',#10028);
#4087=VERTEX_POINT('',#10032);
#4088=VERTEX_POINT('',#10036);
#4089=VERTEX_POINT('',#10119);
#4090=VERTEX_POINT('',#10122);
#4091=VERTEX_POINT('',#10126);
#4092=VERTEX_POINT('',#10127);
#4093=VERTEX_POINT('',#10132);
#4094=VERTEX_POINT('',#10137);
#4095=VERTEX_POINT('',#10140);
#4096=VERTEX_POINT('',#10156);
#4097=VERTEX_POINT('',#10157);
#4098=VERTEX_POINT('',#10159);
#4099=VERTEX_POINT('',#10161);
#4100=VERTEX_POINT('',#10163);
#4101=VERTEX_POINT('',#10165);
#4102=VERTEX_POINT('',#10167);
#4103=VERTEX_POINT('',#10169);
#4104=VERTEX_POINT('',#10185);
#4105=VERTEX_POINT('',#10186);
#4106=VERTEX_POINT('',#10188);
#4107=VERTEX_POINT('',#10190);
#4108=VERTEX_POINT('',#10192);
#4109=VERTEX_POINT('',#10194);
#4110=VERTEX_POINT('',#10196);
#4111=VERTEX_POINT('',#10198);
#4112=CIRCLE('',#5946,0.5);
#4113=CIRCLE('',#5947,0.5);
#4114=CIRCLE('',#5949,0.5);
#4115=CIRCLE('',#5950,0.5);
#4116=CIRCLE('',#5952,0.5);
#4117=CIRCLE('',#5953,0.5);
#4118=CIRCLE('',#5955,0.5);
#4119=CIRCLE('',#5956,0.5);
#4120=CIRCLE('',#5958,0.5);
#4121=CIRCLE('',#5959,0.5);
#4122=CIRCLE('',#5961,0.5);
#4123=CIRCLE('',#5962,0.5);
#4124=CIRCLE('',#5964,0.5);
#4125=CIRCLE('',#5965,0.5);
#4126=CIRCLE('',#5967,0.5);
#4127=CIRCLE('',#5968,0.5);
#4128=CIRCLE('',#5970,3.6);
#4129=CIRCLE('',#5971,3.6);
#4130=CIRCLE('',#5974,3.6);
#4131=CIRCLE('',#5977,3.6);
#4132=CIRCLE('',#5979,3.6);
#4133=CIRCLE('',#5980,3.6);
#4134=CIRCLE('',#5982,3.6);
#4135=CIRCLE('',#5985,3.6);
#4136=CIRCLE('',#5988,3.6);
#4137=CIRCLE('',#5989,0.5);
#4138=CIRCLE('',#5990,0.5);
#4139=CIRCLE('',#5991,3.6);
#4140=CIRCLE('',#5992,0.5);
#4141=CIRCLE('',#5993,0.5);
#4142=CIRCLE('',#5994,3.1);
#4143=CIRCLE('',#5995,3.1);
#4144=CIRCLE('',#5996,3.1);
#4145=CIRCLE('',#5997,0.5);
#4146=CIRCLE('',#5998,3.6);
#4147=CIRCLE('',#5999,0.5);
#4148=CIRCLE('',#6000,0.5);
#4149=CIRCLE('',#6001,3.6);
#4150=CIRCLE('',#6002,0.5);
#4151=CIRCLE('',#6004,3.1);
#4152=CIRCLE('',#6006,2.4);
#4153=CIRCLE('',#6008,2.4);
#4154=CIRCLE('',#6010,3.1);
#4155=CIRCLE('',#6012,3.1);
#4156=CIRCLE('',#6014,3.1);
#4157=CIRCLE('',#6016,2.4);
#4158=CIRCLE('',#6018,2.4);
#4159=CIRCLE('',#6020,3.1);
#4160=CIRCLE('',#6022,3.1);
#4161=CIRCLE('',#6024,3.1);
#4162=CIRCLE('',#6025,3.1);
#4163=CIRCLE('',#6027,2.4);
#4164=CIRCLE('',#6029,2.4);
#4165=CIRCLE('',#6031,3.1);
#4166=CIRCLE('',#6034,3.1);
#4167=CIRCLE('',#6035,3.1);
#4168=CIRCLE('',#6037,2.4);
#4169=CIRCLE('',#6039,2.4);
#4170=CIRCLE('',#6041,3.1);
#4171=CIRCLE('',#6043,3.1);
#4172=CIRCLE('',#6045,3.1);
#4173=CIRCLE('',#6046,3.1);
#4174=CIRCLE('',#6048,2.4);
#4175=CIRCLE('',#6050,2.4);
#4176=CIRCLE('',#6052,3.1);
#4177=CIRCLE('',#6054,3.1);
#4178=CIRCLE('',#6056,2.4);
#4179=CIRCLE('',#6057,2.4);
#4180=CIRCLE('',#6059,3.1);
#4181=CIRCLE('',#6061,3.1);
#4182=CIRCLE('',#6063,2.4);
#4183=CIRCLE('',#6064,2.4);
#4184=CIRCLE('',#6066,3.1);
#4185=CIRCLE('',#6068,3.1);
#4186=CIRCLE('',#6070,3.1);
#4187=CIRCLE('',#6071,3.1);
#4188=CIRCLE('',#6073,2.4);
#4189=CIRCLE('',#6075,2.4);
#4190=CIRCLE('',#6077,3.1);
#4191=CIRCLE('',#6078,3.1);
#4192=CIRCLE('',#6080,2.4);
#4193=CIRCLE('',#6082,2.4);
#4194=CIRCLE('',#6084,3.1);
#4195=CIRCLE('',#6085,3.1);
#4196=CIRCLE('',#6087,2.4);
#4197=CIRCLE('',#6089,2.4);
#4198=CIRCLE('',#6091,0.5);
#4199=CIRCLE('',#6092,3.6);
#4200=CIRCLE('',#6093,0.5);
#4201=CIRCLE('',#6095,0.5);
#4202=CIRCLE('',#6096,3.6);
#4203=CIRCLE('',#6097,0.5);
#4204=CIRCLE('',#6099,3.6);
#4205=CIRCLE('',#6101,0.5);
#4206=CIRCLE('',#6102,3.59999999999998);
#4207=CIRCLE('',#6103,0.5);
#4208=CIRCLE('',#6105,0.5);
#4209=CIRCLE('',#6106,3.59999999999999);
#4210=CIRCLE('',#6107,0.5);
#4211=CIRCLE('',#6109,0.5);
#4212=CIRCLE('',#6110,3.6);
#4213=CIRCLE('',#6111,0.5);
#4214=CIRCLE('',#6113,0.5);
#4215=CIRCLE('',#6114,3.6);
#4216=CIRCLE('',#6115,0.5);
#4217=CIRCLE('',#6117,3.6);
#4218=CIRCLE('',#6119,0.5);
#4219=CIRCLE('',#6120,3.59999999999998);
#4220=CIRCLE('',#6121,0.5);
#4221=CIRCLE('',#6123,0.5);
#4222=CIRCLE('',#6124,3.59999999999998);
#4223=CIRCLE('',#6125,0.5);
#4224=CIRCLE('',#6127,0.5);
#4225=CIRCLE('',#6128,3.6);
#4226=CIRCLE('',#6129,0.5);
#4227=CIRCLE('',#6131,0.5);
#4228=CIRCLE('',#6132,3.6);
#4229=CIRCLE('',#6133,0.5);
#4230=CIRCLE('',#6135,3.6);
#4231=CIRCLE('',#6137,0.5);
#4232=CIRCLE('',#6138,3.59999999999998);
#4233=CIRCLE('',#6139,0.5);
#4234=CIRCLE('',#6141,0.5);
#4235=CIRCLE('',#6142,3.59999999999998);
#4236=CIRCLE('',#6143,0.5);
#4237=CIRCLE('',#6145,0.5);
#4238=CIRCLE('',#6146,3.59999999999999);
#4239=CIRCLE('',#6147,0.5);
#4240=CIRCLE('',#6149,0.5);
#4241=CIRCLE('',#6150,3.59999999999998);
#4242=CIRCLE('',#6151,0.5);
#4243=CIRCLE('',#6153,0.5);
#4244=CIRCLE('',#6154,3.6);
#4245=CIRCLE('',#6155,0.5);
#4246=CIRCLE('',#6157,0.5);
#4247=CIRCLE('',#6158,3.6);
#4248=CIRCLE('',#6159,0.5);
#4249=CIRCLE('',#6161,3.6);
#4250=CIRCLE('',#6163,0.5);
#4251=CIRCLE('',#6164,3.59999999999998);
#4252=CIRCLE('',#6165,0.5);
#4253=CIRCLE('',#6167,0.5);
#4254=CIRCLE('',#6168,3.59999999999998);
#4255=CIRCLE('',#6169,0.5);
#4256=CIRCLE('',#6171,0.5);
#4257=CIRCLE('',#6172,3.6);
#4258=CIRCLE('',#6173,0.5);
#4259=CIRCLE('',#6175,0.5);
#4260=CIRCLE('',#6176,3.6);
#4261=CIRCLE('',#6177,0.5);
#4262=CIRCLE('',#6179,3.6);
#4263=CIRCLE('',#6181,0.5);
#4264=CIRCLE('',#6182,3.59999999999998);
#4265=CIRCLE('',#6183,0.5);
#4266=CIRCLE('',#6185,0.5);
#4267=CIRCLE('',#6186,3.59999999999998);
#4268=CIRCLE('',#6187,0.5);
#4269=CIRCLE('',#6189,0.5);
#4270=CIRCLE('',#6190,3.6);
#4271=CIRCLE('',#6191,0.5);
#4272=CIRCLE('',#6193,0.5);
#4273=CIRCLE('',#6194,3.6);
#4274=CIRCLE('',#6195,0.5);
#4275=CIRCLE('',#6197,3.6);
#4276=CIRCLE('',#6199,0.5);
#4277=CIRCLE('',#6201,0.5);
#4278=CIRCLE('',#6203,0.5);
#4279=CIRCLE('',#6205,0.5);
#4280=CIRCLE('',#6207,0.5);
#4281=CIRCLE('',#6209,0.5);
#4282=CIRCLE('',#6211,0.5);
#4283=CIRCLE('',#6213,0.5);
#4284=CIRCLE('',#6215,0.5);
#4285=CIRCLE('',#6217,0.5);
#4286=CIRCLE('',#6219,0.5);
#4287=CIRCLE('',#6221,0.5);
#4288=CIRCLE('',#6223,3.59999999999998);
#4289=CIRCLE('',#6225,3.6);
#4290=CIRCLE('',#6227,3.59999999999999);
#4291=CIRCLE('',#6229,3.6);
#4292=CIRCLE('',#6231,3.6);
#4293=CIRCLE('',#6233,3.59999999999998);
#4294=CIRCLE('',#6235,3.6);
#4295=CIRCLE('',#6237,3.59999999999998);
#4296=CIRCLE('',#6239,3.6);
#4297=CIRCLE('',#6241,3.59999999999998);
#4298=CIRCLE('',#6243,3.6);
#4299=CIRCLE('',#6245,3.59999999999998);
#4300=CIRCLE('',#6247,0.5);
#4301=CIRCLE('',#6248,3.59999999999998);
#4302=CIRCLE('',#6249,0.5);
#4303=CIRCLE('',#6250,0.5);
#4304=CIRCLE('',#6251,3.59999999999999);
#4305=CIRCLE('',#6252,0.5);
#4306=CIRCLE('',#6253,3.59999999999998);
#4307=CIRCLE('',#6254,0.5);
#4308=CIRCLE('',#6255,0.5);
#4309=CIRCLE('',#6256,3.59999999999998);
#4310=CIRCLE('',#6257,0.5);
#4311=CIRCLE('',#6258,0.5);
#4312=CIRCLE('',#6259,3.10000000000007);
#4313=CIRCLE('',#6260,3.10000000000007);
#4314=CIRCLE('',#6261,3.10000000000007);
#4315=CIRCLE('',#6262,3.10000000000007);
#4316=CIRCLE('',#6263,3.6);
#4317=CIRCLE('',#6264,3.6);
#4318=CIRCLE('',#6265,3.59999999999998);
#4319=CIRCLE('',#6266,0.5);
#4320=CIRCLE('',#6267,0.5);
#4321=CIRCLE('',#6268,3.59999999999998);
#4322=CIRCLE('',#6269,0.5);
#4323=CIRCLE('',#6270,0.5);
#4324=CIRCLE('',#6274,3.1);
#4325=CIRCLE('',#6276,3.1);
#4326=CIRCLE('',#6280,3.1);
#4327=CIRCLE('',#6282,3.1);
#4328=CIRCLE('',#6286,2.4);
#4329=CIRCLE('',#6287,3.1);
#4330=CIRCLE('',#6289,3.1);
#4331=CIRCLE('',#6291,2.40000000000001);
#4332=CIRCLE('',#6292,2.40000000000001);
#4333=CIRCLE('',#6294,2.40000000000001);
#4334=CIRCLE('',#6295,2.40000000000001);
#4335=CIRCLE('',#6297,2.40000000000001);
#4336=CIRCLE('',#6298,2.40000000000001);
#4337=CIRCLE('',#6300,2.40000000000001);
#4338=CIRCLE('',#6301,2.40000000000001);
#4339=CIRCLE('',#6303,3.10000000000001);
#4340=CIRCLE('',#6305,3.10000000000001);
#4341=CIRCLE('',#6307,3.10000000000001);
#4342=CIRCLE('',#6309,3.10000000000001);
#4343=CIRCLE('',#6311,3.10000000000001);
#4344=CIRCLE('',#6313,3.10000000000001);
#4345=CIRCLE('',#6315,3.10000000000001);
#4346=CIRCLE('',#6317,3.10000000000001);
#4347=CIRCLE('',#6319,3.1);
#4348=CIRCLE('',#6321,3.1);
#4349=CIRCLE('',#6323,3.1);
#4350=CIRCLE('',#6325,3.1);
#4351=CIRCLE('',#6327,0.5);
#4352=CIRCLE('',#6329,0.5);
#4353=CIRCLE('',#6331,3.6);
#4354=CIRCLE('',#6333,0.5);
#4355=CIRCLE('',#6335,3.6);
#4356=CIRCLE('',#6337,0.5);
#4357=CIRCLE('',#6339,3.6);
#4358=CIRCLE('',#6341,0.5);
#4359=CIRCLE('',#6343,3.6);
#4360=CIRCLE('',#6345,0.5);
#4361=CIRCLE('',#6347,0.5);
#4362=CIRCLE('',#6349,3.6);
#4363=CIRCLE('',#6351,0.5);
#4364=CIRCLE('',#6353,3.6);
#4365=CIRCLE('',#6355,0.5);
#4366=CIRCLE('',#6357,3.6);
#4367=CIRCLE('',#6359,0.5);
#4368=CIRCLE('',#6361,3.6);
#4369=CIRCLE('',#6363,0.5);
#4370=CIRCLE('',#6365,3.6);
#4371=CIRCLE('',#6367,0.5);
#4372=CIRCLE('',#6369,2.40000000000001);
#4373=CIRCLE('',#6370,3.10000000000001);
#4374=CIRCLE('',#6372,2.40000000000001);
#4375=CIRCLE('',#6373,3.10000000000001);
#4376=CIRCLE('',#6375,2.40000000000001);
#4377=CIRCLE('',#6376,3.10000000000001);
#4378=CIRCLE('',#6378,2.40000000000001);
#4379=CIRCLE('',#6379,3.10000000000001);
#4380=CIRCLE('',#6381,3.10000000000007);
#4381=CIRCLE('',#6383,3.10000000000007);
#4382=CIRCLE('',#6385,3.10000000000007);
#4383=CIRCLE('',#6387,3.10000000000007);
#4384=CIRCLE('',#6390,3.1);
#4385=CIRCLE('',#6393,3.6);
#4386=CIRCLE('',#6394,3.6);
#4387=CIRCLE('',#6396,2.40000000000001);
#4388=CIRCLE('',#6398,2.40000000000001);
#4389=CIRCLE('',#6400,2.40000000000001);
#4390=CIRCLE('',#6402,2.40000000000001);
#4391=CIRCLE('',#6404,3.1);
#4392=CIRCLE('',#6406,3.1);
#4393=CIRCLE('',#6408,3.1);
#4394=CIRCLE('',#6410,3.1);
#4395=CIRCLE('',#6412,3.1);
#4396=CIRCLE('',#6414,3.6);
#4397=CIRCLE('',#6415,3.6);
#4398=CIRCLE('',#6417,3.1);
#4399=CIRCLE('',#6419,3.1);
#4400=CIRCLE('',#6424,3.1);
#4401=CIRCLE('',#6429,3.1);
#4402=CIRCLE('',#6432,3.6);
#4403=CIRCLE('',#6433,3.6);
#4404=CIRCLE('',#6436,3.6);
#4405=CIRCLE('',#6437,3.6);
#4406=CIRCLE('',#6439,3.6);
#4407=CIRCLE('',#6442,3.6);
#4408=CIRCLE('',#6445,3.10000000000001);
#4409=CIRCLE('',#6447,3.10000000000001);
#4410=CIRCLE('',#6449,3.10000000000001);
#4411=CIRCLE('',#6451,3.10000000000001);
#4412=CIRCLE('',#6455,3.6);
#4413=CIRCLE('',#6458,3.6);
#4414=CIRCLE('',#6463,3.1);
#4415=CIRCLE('',#6465,4.);
#4416=CIRCLE('',#6466,4.);
#4417=CIRCLE('',#6468,3.1);
#4418=CIRCLE('',#6470,4.);
#4419=CIRCLE('',#6471,4.);
#4420=CIRCLE('',#6473,4.);
#4421=CIRCLE('',#6474,4.);
#4422=CIRCLE('',#6477,4.);
#4423=CIRCLE('',#6478,4.);
#4424=CIRCLE('',#6482,3.1);
#4425=CIRCLE('',#6489,3.6);
#4426=CIRCLE('',#6493,3.6);
#4427=CIRCLE('',#6501,0.5);
#4428=CIRCLE('',#6503,3.6);
#4429=CIRCLE('',#6505,0.5);
#4430=CIRCLE('',#6507,3.6);
#4431=CIRCLE('',#6509,3.6);
#4432=CIRCLE('',#6511,0.5);
#4433=CIRCLE('',#6513,3.6);
#4434=CIRCLE('',#6515,3.6);
#4435=CIRCLE('',#6517,0.5);
#4436=CIRCLE('',#6519,3.6);
#4437=CIRCLE('',#6521,3.6);
#4438=CIRCLE('',#6523,0.5);
#4439=CIRCLE('',#6525,3.6);
#4440=CIRCLE('',#6527,0.5);
#4441=CIRCLE('',#6529,3.6);
#4442=CIRCLE('',#6531,0.5);
#4443=CIRCLE('',#6533,0.5);
#4444=CIRCLE('',#6535,0.5);
#4445=CIRCLE('',#6537,0.5);
#4446=CIRCLE('',#6538,0.5);
#4447=CIRCLE('',#6539,0.5);
#4448=CIRCLE('',#6544,3.6);
#4449=CIRCLE('',#6547,3.6);
#4450=CIRCLE('',#6550,3.6);
#4451=CIRCLE('',#6553,3.6);
#4452=CIRCLE('',#6557,3.6);
#4453=CIRCLE('',#6560,3.6);
#4454=CIRCLE('',#6586,3.1);
#4455=CIRCLE('',#6588,2.4);
#4456=CIRCLE('',#6591,3.1);
#4457=CIRCLE('',#6593,2.4);
#4458=CIRCLE('',#6595,2.4);
#4459=CIRCLE('',#6597,3.1);
#4460=CIRCLE('',#6612,0.5);
#4461=CIRCLE('',#6613,3.6);
#4462=CIRCLE('',#6614,0.5);
#4463=CIRCLE('',#6615,0.5);
#4464=CIRCLE('',#6616,3.6);
#4465=CIRCLE('',#6617,0.5);
#4466=CIRCLE('',#6623,0.5);
#4467=CIRCLE('',#6624,3.6);
#4468=CIRCLE('',#6625,0.5);
#4469=CIRCLE('',#6626,0.5);
#4470=CIRCLE('',#6627,3.6);
#4471=CIRCLE('',#6628,0.5);
#4472=EDGE_LOOP('',(#1088,#1089,#1090,#1091));
#4473=EDGE_LOOP('',(#1092,#1093,#1094,#1095));
#4474=EDGE_LOOP('',(#1096,#1097,#1098,#1099));
#4475=EDGE_LOOP('',(#1100,#1101,#1102,#1103));
#4476=EDGE_LOOP('',(#1104,#1105,#1106,#1107));
#4477=EDGE_LOOP('',(#1108,#1109,#1110,#1111));
#4478=EDGE_LOOP('',(#1112,#1113,#1114,#1115));
#4479=EDGE_LOOP('',(#1116,#1117,#1118,#1119));
#4480=EDGE_LOOP('',(#1120,#1121,#1122,#1123,#1124,#1125,#1126,#1127));
#4481=EDGE_LOOP('',(#1128,#1129,#1130,#1131));
#4482=EDGE_LOOP('',(#1132,#1133,#1134,#1135));
#4483=EDGE_LOOP('',(#1136,#1137,#1138,#1139));
#4484=EDGE_LOOP('',(#1140,#1141,#1142,#1143));
#4485=EDGE_LOOP('',(#1144,#1145,#1146,#1147,#1148,#1149,#1150,#1151));
#4486=EDGE_LOOP('',(#1152,#1153,#1154,#1155));
#4487=EDGE_LOOP('',(#1156,#1157,#1158,#1159));
#4488=EDGE_LOOP('',(#1160,#1161,#1162,#1163));
#4489=EDGE_LOOP('',(#1164,#1165,#1166,#1167));
#4490=EDGE_LOOP('',(#1168,#1169,#1170,#1171,#1172,#1173,#1174,#1175));
#4491=EDGE_LOOP('',(#1176,#1177,#1178,#1179));
#4492=EDGE_LOOP('',(#1180));
#4493=EDGE_LOOP('',(#1181));
#4494=EDGE_LOOP('',(#1182));
#4495=EDGE_LOOP('',(#1183,#1184,#1185,#1186,#1187,#1188,#1189,#1190));
#4496=EDGE_LOOP('',(#1191));
#4497=EDGE_LOOP('',(#1192));
#4498=EDGE_LOOP('',(#1193));
#4499=EDGE_LOOP('',(#1194));
#4500=EDGE_LOOP('',(#1195));
#4501=EDGE_LOOP('',(#1196));
#4502=EDGE_LOOP('',(#1197));
#4503=EDGE_LOOP('',(#1198,#1199,#1200,#1201));
#4504=EDGE_LOOP('',(#1202,#1203,#1204,#1205));
#4505=EDGE_LOOP('',(#1206));
#4506=EDGE_LOOP('',(#1207));
#4507=EDGE_LOOP('',(#1208));
#4508=EDGE_LOOP('',(#1209));
#4509=EDGE_LOOP('',(#1210));
#4510=EDGE_LOOP('',(#1211));
#4511=EDGE_LOOP('',(#1212));
#4512=EDGE_LOOP('',(#1213,#1214,#1215,#1216));
#4513=EDGE_LOOP('',(#1217,#1218,#1219,#1220));
#4514=EDGE_LOOP('',(#1221,#1222,#1223,#1224));
#4515=EDGE_LOOP('',(#1225));
#4516=EDGE_LOOP('',(#1226,#1227,#1228,#1229));
#4517=EDGE_LOOP('',(#1230));
#4518=EDGE_LOOP('',(#1231));
#4519=EDGE_LOOP('',(#1232));
#4520=EDGE_LOOP('',(#1233));
#4521=EDGE_LOOP('',(#1234));
#4522=EDGE_LOOP('',(#1235));
#4523=EDGE_LOOP('',(#1236,#1237,#1238,#1239));
#4524=EDGE_LOOP('',(#1240));
#4525=EDGE_LOOP('',(#1241,#1242,#1243,#1244));
#4526=EDGE_LOOP('',(#1245));
#4527=EDGE_LOOP('',(#1246));
#4528=EDGE_LOOP('',(#1247));
#4529=EDGE_LOOP('',(#1248));
#4530=EDGE_LOOP('',(#1249));
#4531=EDGE_LOOP('',(#1250));
#4532=EDGE_LOOP('',(#1251,#1252,#1253,#1254));
#4533=EDGE_LOOP('',(#1255));
#4534=EDGE_LOOP('',(#1256,#1257,#1258,#1259));
#4535=EDGE_LOOP('',(#1260));
#4536=EDGE_LOOP('',(#1261));
#4537=EDGE_LOOP('',(#1262));
#4538=EDGE_LOOP('',(#1263));
#4539=EDGE_LOOP('',(#1264));
#4540=EDGE_LOOP('',(#1265));
#4541=EDGE_LOOP('',(#1266));
#4542=EDGE_LOOP('',(#1267));
#4543=EDGE_LOOP('',(#1268));
#4544=EDGE_LOOP('',(#1269));
#4545=EDGE_LOOP('',(#1270));
#4546=EDGE_LOOP('',(#1271));
#4547=EDGE_LOOP('',(#1272));
#4548=EDGE_LOOP('',(#1273));
#4549=EDGE_LOOP('',(#1274));
#4550=EDGE_LOOP('',(#1275));
#4551=EDGE_LOOP('',(#1276));
#4552=EDGE_LOOP('',(#1277));
#4553=EDGE_LOOP('',(#1278));
#4554=EDGE_LOOP('',(#1279));
#4555=EDGE_LOOP('',(#1280));
#4556=EDGE_LOOP('',(#1281));
#4557=EDGE_LOOP('',(#1282));
#4558=EDGE_LOOP('',(#1283));
#4559=EDGE_LOOP('',(#1284));
#4560=EDGE_LOOP('',(#1285));
#4561=EDGE_LOOP('',(#1286));
#4562=EDGE_LOOP('',(#1287));
#4563=EDGE_LOOP('',(#1288));
#4564=EDGE_LOOP('',(#1289));
#4565=EDGE_LOOP('',(#1290));
#4566=EDGE_LOOP('',(#1291));
#4567=EDGE_LOOP('',(#1292));
#4568=EDGE_LOOP('',(#1293));
#4569=EDGE_LOOP('',(#1294));
#4570=EDGE_LOOP('',(#1295));
#4571=EDGE_LOOP('',(#1296,#1297,#1298,#1299,#1300,#1301));
#4572=EDGE_LOOP('',(#1302,#1303,#1304,#1305,#1306,#1307));
#4573=EDGE_LOOP('',(#1308,#1309,#1310,#1311,#1312,#1313));
#4574=EDGE_LOOP('',(#1314,#1315,#1316,#1317,#1318,#1319));
#4575=EDGE_LOOP('',(#1320,#1321,#1322,#1323,#1324,#1325));
#4576=EDGE_LOOP('',(#1326,#1327,#1328,#1329,#1330,#1331));
#4577=EDGE_LOOP('',(#1332,#1333,#1334,#1335,#1336,#1337));
#4578=EDGE_LOOP('',(#1338,#1339,#1340,#1341,#1342,#1343));
#4579=EDGE_LOOP('',(#1344,#1345,#1346,#1347,#1348,#1349));
#4580=EDGE_LOOP('',(#1350,#1351,#1352,#1353,#1354,#1355));
#4581=EDGE_LOOP('',(#1356,#1357,#1358,#1359,#1360,#1361));
#4582=EDGE_LOOP('',(#1362,#1363,#1364,#1365,#1366,#1367));
#4583=EDGE_LOOP('',(#1368,#1369,#1370,#1371,#1372,#1373));
#4584=EDGE_LOOP('',(#1374,#1375,#1376,#1377,#1378,#1379));
#4585=EDGE_LOOP('',(#1380,#1381,#1382,#1383,#1384,#1385));
#4586=EDGE_LOOP('',(#1386,#1387,#1388,#1389,#1390,#1391));
#4587=EDGE_LOOP('',(#1392,#1393,#1394,#1395,#1396,#1397));
#4588=EDGE_LOOP('',(#1398,#1399,#1400,#1401,#1402,#1403));
#4589=EDGE_LOOP('',(#1404,#1405,#1406,#1407,#1408,#1409));
#4590=EDGE_LOOP('',(#1410,#1411,#1412,#1413,#1414,#1415));
#4591=EDGE_LOOP('',(#1416,#1417,#1418,#1419,#1420,#1421));
#4592=EDGE_LOOP('',(#1422,#1423,#1424,#1425,#1426,#1427));
#4593=EDGE_LOOP('',(#1428,#1429,#1430,#1431,#1432,#1433));
#4594=EDGE_LOOP('',(#1434,#1435,#1436,#1437,#1438,#1439));
#4595=EDGE_LOOP('',(#1440,#1441,#1442,#1443,#1444,#1445));
#4596=EDGE_LOOP('',(#1446,#1447,#1448,#1449,#1450,#1451));
#4597=EDGE_LOOP('',(#1452,#1453,#1454,#1455,#1456,#1457));
#4598=EDGE_LOOP('',(#1458,#1459,#1460,#1461,#1462,#1463));
#4599=EDGE_LOOP('',(#1464,#1465,#1466,#1467,#1468,#1469));
#4600=EDGE_LOOP('',(#1470,#1471,#1472,#1473,#1474,#1475));
#4601=EDGE_LOOP('',(#1476,#1477,#1478,#1479));
#4602=EDGE_LOOP('',(#1480,#1481,#1482,#1483));
#4603=EDGE_LOOP('',(#1484,#1485,#1486,#1487));
#4604=EDGE_LOOP('',(#1488,#1489,#1490,#1491));
#4605=EDGE_LOOP('',(#1492,#1493,#1494,#1495));
#4606=EDGE_LOOP('',(#1496,#1497,#1498,#1499));
#4607=EDGE_LOOP('',(#1500,#1501,#1502,#1503));
#4608=EDGE_LOOP('',(#1504,#1505,#1506,#1507));
#4609=EDGE_LOOP('',(#1508,#1509,#1510,#1511));
#4610=EDGE_LOOP('',(#1512,#1513,#1514,#1515));
#4611=EDGE_LOOP('',(#1516,#1517,#1518,#1519));
#4612=EDGE_LOOP('',(#1520,#1521,#1522,#1523));
#4613=EDGE_LOOP('',(#1524,#1525,#1526,#1527));
#4614=EDGE_LOOP('',(#1528,#1529,#1530,#1531,#1532,#1533));
#4615=EDGE_LOOP('',(#1534,#1535,#1536,#1537));
#4616=EDGE_LOOP('',(#1538,#1539,#1540,#1541,#1542,#1543));
#4617=EDGE_LOOP('',(#1544,#1545,#1546,#1547,#1548,#1549));
#4618=EDGE_LOOP('',(#1550,#1551,#1552,#1553));
#4619=EDGE_LOOP('',(#1554,#1555,#1556,#1557,#1558,#1559));
#4620=EDGE_LOOP('',(#1560,#1561,#1562,#1563));
#4621=EDGE_LOOP('',(#1564,#1565,#1566,#1567,#1568,#1569));
#4622=EDGE_LOOP('',(#1570,#1571,#1572,#1573));
#4623=EDGE_LOOP('',(#1574,#1575,#1576,#1577,#1578,#1579));
#4624=EDGE_LOOP('',(#1580,#1581,#1582,#1583));
#4625=EDGE_LOOP('',(#1584,#1585,#1586,#1587,#1588,#1589,#1590,#1591));
#4626=EDGE_LOOP('',(#1592,#1593,#1594,#1595,#1596,#1597,#1598,#1599));
#4627=EDGE_LOOP('',(#1600));
#4628=EDGE_LOOP('',(#1601));
#4629=EDGE_LOOP('',(#1602));
#4630=EDGE_LOOP('',(#1603));
#4631=EDGE_LOOP('',(#1604,#1605,#1606,#1607,#1608,#1609,#1610,#1611,#1612,
#1613,#1614,#1615,#1616,#1617,#1618,#1619));
#4632=EDGE_LOOP('',(#1620,#1621,#1622,#1623,#1624,#1625,#1626,#1627));
#4633=EDGE_LOOP('',(#1628,#1629,#1630,#1631,#1632,#1633));
#4634=EDGE_LOOP('',(#1634,#1635,#1636,#1637,#1638,#1639));
#4635=EDGE_LOOP('',(#1640));
#4636=EDGE_LOOP('',(#1641,#1642,#1643,#1644));
#4637=EDGE_LOOP('',(#1645,#1646,#1647,#1648));
#4638=EDGE_LOOP('',(#1649,#1650,#1651,#1652,#1653,#1654));
#4639=EDGE_LOOP('',(#1655,#1656,#1657,#1658,#1659,#1660));
#4640=EDGE_LOOP('',(#1661));
#4641=EDGE_LOOP('',(#1662,#1663,#1664,#1665));
#4642=EDGE_LOOP('',(#1666,#1667,#1668,#1669));
#4643=EDGE_LOOP('',(#1670,#1671,#1672,#1673,#1674,#1675));
#4644=EDGE_LOOP('',(#1676,#1677,#1678,#1679,#1680,#1681));
#4645=EDGE_LOOP('',(#1682));
#4646=EDGE_LOOP('',(#1683,#1684,#1685,#1686));
#4647=EDGE_LOOP('',(#1687,#1688,#1689,#1690));
#4648=EDGE_LOOP('',(#1691));
#4649=EDGE_LOOP('',(#1692));
#4650=EDGE_LOOP('',(#1693));
#4651=EDGE_LOOP('',(#1694));
#4652=EDGE_LOOP('',(#1695));
#4653=EDGE_LOOP('',(#1696));
#4654=EDGE_LOOP('',(#1697));
#4655=EDGE_LOOP('',(#1698));
#4656=EDGE_LOOP('',(#1699));
#4657=EDGE_LOOP('',(#1700));
#4658=EDGE_LOOP('',(#1701));
#4659=EDGE_LOOP('',(#1702));
#4660=EDGE_LOOP('',(#1703));
#4661=EDGE_LOOP('',(#1704));
#4662=EDGE_LOOP('',(#1705));
#4663=EDGE_LOOP('',(#1706));
#4664=EDGE_LOOP('',(#1707));
#4665=EDGE_LOOP('',(#1708));
#4666=EDGE_LOOP('',(#1709));
#4667=EDGE_LOOP('',(#1710));
#4668=EDGE_LOOP('',(#1711));
#4669=EDGE_LOOP('',(#1712));
#4670=EDGE_LOOP('',(#1713));
#4671=EDGE_LOOP('',(#1714));
#4672=EDGE_LOOP('',(#1715));
#4673=EDGE_LOOP('',(#1716));
#4674=EDGE_LOOP('',(#1717));
#4675=EDGE_LOOP('',(#1718));
#4676=EDGE_LOOP('',(#1719));
#4677=EDGE_LOOP('',(#1720));
#4678=EDGE_LOOP('',(#1721));
#4679=EDGE_LOOP('',(#1722));
#4680=EDGE_LOOP('',(#1723,#1724,#1725,#1726));
#4681=EDGE_LOOP('',(#1727,#1728,#1729,#1730));
#4682=EDGE_LOOP('',(#1731,#1732,#1733,#1734));
#4683=EDGE_LOOP('',(#1735,#1736,#1737,#1738));
#4684=EDGE_LOOP('',(#1739,#1740,#1741,#1742,#1743,#1744));
#4685=EDGE_LOOP('',(#1745,#1746,#1747,#1748));
#4686=EDGE_LOOP('',(#1749,#1750,#1751,#1752));
#4687=EDGE_LOOP('',(#1753,#1754,#1755,#1756));
#4688=EDGE_LOOP('',(#1757,#1758,#1759,#1760));
#4689=EDGE_LOOP('',(#1761,#1762,#1763,#1764));
#4690=EDGE_LOOP('',(#1765,#1766,#1767,#1768));
#4691=EDGE_LOOP('',(#1769,#1770,#1771,#1772));
#4692=EDGE_LOOP('',(#1773,#1774,#1775,#1776));
#4693=EDGE_LOOP('',(#1777,#1778,#1779,#1780,#1781,#1782));
#4694=EDGE_LOOP('',(#1783,#1784,#1785,#1786));
#4695=EDGE_LOOP('',(#1787,#1788,#1789,#1790));
#4696=EDGE_LOOP('',(#1791,#1792,#1793,#1794));
#4697=EDGE_LOOP('',(#1795,#1796,#1797,#1798,#1799,#1800));
#4698=EDGE_LOOP('',(#1801,#1802,#1803,#1804));
#4699=EDGE_LOOP('',(#1805,#1806,#1807,#1808));
#4700=EDGE_LOOP('',(#1809,#1810,#1811,#1812));
#4701=EDGE_LOOP('',(#1813));
#4702=EDGE_LOOP('',(#1814));
#4703=EDGE_LOOP('',(#1815));
#4704=EDGE_LOOP('',(#1816));
#4705=EDGE_LOOP('',(#1817));
#4706=EDGE_LOOP('',(#1818));
#4707=EDGE_LOOP('',(#1819));
#4708=EDGE_LOOP('',(#1820));
#4709=EDGE_LOOP('',(#1821));
#4710=EDGE_LOOP('',(#1822));
#4711=EDGE_LOOP('',(#1823));
#4712=EDGE_LOOP('',(#1824));
#4713=EDGE_LOOP('',(#1825));
#4714=EDGE_LOOP('',(#1826));
#4715=EDGE_LOOP('',(#1827));
#4716=EDGE_LOOP('',(#1828));
#4717=EDGE_LOOP('',(#1829,#1830,#1831,#1832));
#4718=EDGE_LOOP('',(#1833));
#4719=EDGE_LOOP('',(#1834,#1835,#1836,#1837));
#4720=EDGE_LOOP('',(#1838,#1839,#1840,#1841));
#4721=EDGE_LOOP('',(#1842,#1843,#1844,#1845,#1846,#1847,#1848,#1849));
#4722=EDGE_LOOP('',(#1850,#1851,#1852,#1853,#1854,#1855,#1856,#1857));
#4723=EDGE_LOOP('',(#1858,#1859,#1860,#1861,#1862,#1863,#1864,#1865));
#4724=EDGE_LOOP('',(#1866));
#4725=EDGE_LOOP('',(#1867));
#4726=EDGE_LOOP('',(#1868));
#4727=EDGE_LOOP('',(#1869));
#4728=EDGE_LOOP('',(#1870,#1871,#1872,#1873));
#4729=EDGE_LOOP('',(#1874));
#4730=EDGE_LOOP('',(#1875));
#4731=EDGE_LOOP('',(#1876));
#4732=EDGE_LOOP('',(#1877));
#4733=EDGE_LOOP('',(#1878));
#4734=EDGE_LOOP('',(#1879));
#4735=EDGE_LOOP('',(#1880));
#4736=EDGE_LOOP('',(#1881));
#4737=EDGE_LOOP('',(#1882));
#4738=EDGE_LOOP('',(#1883));
#4739=EDGE_LOOP('',(#1884));
#4740=EDGE_LOOP('',(#1885));
#4741=EDGE_LOOP('',(#1886));
#4742=EDGE_LOOP('',(#1887));
#4743=EDGE_LOOP('',(#1888));
#4744=EDGE_LOOP('',(#1889));
#4745=EDGE_LOOP('',(#1890));
#4746=EDGE_LOOP('',(#1891,#1892,#1893,#1894));
#4747=EDGE_LOOP('',(#1895,#1896,#1897,#1898,#1899,#1900,#1901,#1902));
#4748=EDGE_LOOP('',(#1903,#1904,#1905,#1906,#1907,#1908,#1909,#1910));
#4749=EDGE_LOOP('',(#1911,#1912,#1913,#1914,#1915,#1916,#1917,#1918));
#4750=EDGE_LOOP('',(#1919,#1920,#1921,#1922,#1923,#1924,#1925,#1926,#1927,
#1928,#1929,#1930,#1931,#1932,#1933,#1934));
#4751=EDGE_LOOP('',(#1935));
#4752=EDGE_LOOP('',(#1936));
#4753=EDGE_LOOP('',(#1937));
#4754=EDGE_LOOP('',(#1938));
#4755=EDGE_LOOP('',(#1939));
#4756=EDGE_LOOP('',(#1940,#1941,#1942,#1943));
#4757=EDGE_LOOP('',(#1944,#1945,#1946,#1947));
#4758=EDGE_LOOP('',(#1948,#1949,#1950,#1951,#1952,#1953));
#4759=EDGE_LOOP('',(#1954,#1955,#1956,#1957));
#4760=EDGE_LOOP('',(#1958,#1959,#1960,#1961,#1962,#1963));
#4761=EDGE_LOOP('',(#1964,#1965,#1966,#1967));
#4762=EDGE_LOOP('',(#1968,#1969,#1970,#1971,#1972,#1973));
#4763=EDGE_LOOP('',(#1974,#1975,#1976,#1977));
#4764=EDGE_LOOP('',(#1978,#1979,#1980,#1981,#1982,#1983));
#4765=EDGE_LOOP('',(#1984,#1985,#1986,#1987));
#4766=EDGE_LOOP('',(#1988,#1989,#1990,#1991));
#4767=EDGE_LOOP('',(#1992,#1993,#1994,#1995));
#4768=EDGE_LOOP('',(#1996,#1997,#1998,#1999));
#4769=EDGE_LOOP('',(#2000,#2001,#2002,#2003));
#4770=EDGE_LOOP('',(#2004,#2005,#2006,#2007));
#4771=EDGE_LOOP('',(#2008,#2009,#2010,#2011));
#4772=EDGE_LOOP('',(#2012,#2013,#2014,#2015));
#4773=EDGE_LOOP('',(#2016,#2017,#2018,#2019));
#4774=EDGE_LOOP('',(#2020));
#4775=EDGE_LOOP('',(#2021));
#4776=EDGE_LOOP('',(#2022));
#4777=EDGE_LOOP('',(#2023));
#4778=EDGE_LOOP('',(#2024));
#4779=EDGE_LOOP('',(#2025));
#4780=EDGE_LOOP('',(#2026));
#4781=EDGE_LOOP('',(#2027));
#4782=EDGE_LOOP('',(#2028,#2029,#2030,#2031,#2032,#2033));
#4783=EDGE_LOOP('',(#2034,#2035,#2036,#2037));
#4784=EDGE_LOOP('',(#2038,#2039,#2040,#2041));
#4785=EDGE_LOOP('',(#2042,#2043,#2044,#2045));
#4786=EDGE_LOOP('',(#2046,#2047,#2048,#2049));
#4787=EDGE_LOOP('',(#2050,#2051,#2052,#2053));
#4788=EDGE_LOOP('',(#2054,#2055,#2056,#2057,#2058,#2059));
#4789=EDGE_LOOP('',(#2060,#2061,#2062,#2063,#2064,#2065,#2066,#2067,#2068,
#2069,#2070,#2071,#2072,#2073,#2074,#2075));
#4790=EDGE_LOOP('',(#2076,#2077,#2078,#2079,#2080,#2081,#2082,#2083));
#4791=EDGE_LOOP('',(#2084,#2085,#2086,#2087,#2088,#2089,#2090,#2091));
#4792=EDGE_LOOP('',(#2092));
#4793=EDGE_LOOP('',(#2093));
#4794=EDGE_LOOP('',(#2094));
#4795=EDGE_LOOP('',(#2095,#2096,#2097,#2098));
#4796=EDGE_LOOP('',(#2099,#2100,#2101,#2102));
#4797=EDGE_LOOP('',(#2103));
#4798=EDGE_LOOP('',(#2104));
#4799=EDGE_LOOP('',(#2105));
#4800=EDGE_LOOP('',(#2106,#2107,#2108,#2109));
#4801=EDGE_LOOP('',(#2110,#2111,#2112,#2113));
#4802=EDGE_LOOP('',(#2114,#2115,#2116,#2117));
#4803=EDGE_LOOP('',(#2118));
#4804=EDGE_LOOP('',(#2119));
#4805=EDGE_LOOP('',(#2120));
#4806=EDGE_LOOP('',(#2121,#2122,#2123,#2124));
#4807=EDGE_LOOP('',(#2125,#2126,#2127,#2128));
#4808=EDGE_LOOP('',(#2129,#2130,#2131,#2132,#2133,#2134,#2135,#2136,#2137,
#2138,#2139,#2140,#2141,#2142,#2143,#2144));
#4809=EDGE_LOOP('',(#2145,#2146,#2147,#2148));
#4810=EDGE_LOOP('',(#2149,#2150,#2151,#2152));
#4811=EDGE_LOOP('',(#2153,#2154,#2155,#2156));
#4812=EDGE_LOOP('',(#2157,#2158,#2159,#2160,#2161,#2162,#2163,#2164));
#4813=EDGE_LOOP('',(#2165,#2166,#2167,#2168,#2169,#2170,#2171,#2172,#2173,
#2174,#2175,#2176,#2177,#2178,#2179,#2180));
#4814=EDGE_LOOP('',(#2181));
#4815=EDGE_LOOP('',(#2182));
#4816=EDGE_LOOP('',(#2183));
#4817=EDGE_LOOP('',(#2184));
#4818=EDGE_LOOP('',(#2185));
#4819=EDGE_LOOP('',(#2186));
#4820=EDGE_LOOP('',(#2187));
#4821=EDGE_LOOP('',(#2188));
#4822=EDGE_LOOP('',(#2189,#2190,#2191,#2192));
#4823=EDGE_LOOP('',(#2193,#2194,#2195,#2196));
#4824=EDGE_LOOP('',(#2197,#2198,#2199,#2200));
#4825=EDGE_LOOP('',(#2201,#2202,#2203,#2204));
#4826=EDGE_LOOP('',(#2205,#2206,#2207,#2208,#2209,#2210,#2211,#2212,#2213,
#2214,#2215,#2216,#2217,#2218,#2219,#2220,#2221,#2222,#2223,#2224,#2225,
#2226,#2227,#2228,#2229,#2230,#2231,#2232,#2233,#2234,#2235,#2236,#2237,
#2238,#2239,#2240,#2241,#2242,#2243,#2244,#2245,#2246,#2247,#2248));
#4827=EDGE_LOOP('',(#2249,#2250,#2251,#2252,#2253,#2254,#2255,#2256));
#4828=EDGE_LOOP('',(#2257,#2258,#2259,#2260));
#4829=EDGE_LOOP('',(#2261,#2262,#2263,#2264));
#4830=EDGE_LOOP('',(#2265,#2266,#2267,#2268));
#4831=EDGE_LOOP('',(#2269,#2270,#2271,#2272));
#4832=EDGE_LOOP('',(#2273,#2274,#2275,#2276));
#4833=EDGE_LOOP('',(#2277,#2278,#2279,#2280,#2281,#2282,#2283,#2284,#2285,
#2286,#2287,#2288,#2289,#2290,#2291,#2292));
#4834=EDGE_LOOP('',(#2293,#2294,#2295,#2296));
#4835=EDGE_LOOP('',(#2297,#2298,#2299,#2300,#2301,#2302));
#4836=EDGE_LOOP('',(#2303,#2304,#2305,#2306));
#4837=EDGE_LOOP('',(#2307,#2308,#2309,#2310));
#4838=EDGE_LOOP('',(#2311,#2312,#2313,#2314));
#4839=EDGE_LOOP('',(#2315,#2316,#2317,#2318));
#4840=EDGE_LOOP('',(#2319,#2320,#2321,#2322));
#4841=EDGE_LOOP('',(#2323,#2324,#2325,#2326));
#4842=EDGE_LOOP('',(#2327,#2328,#2329,#2330));
#4843=EDGE_LOOP('',(#2331,#2332,#2333,#2334,#2335,#2336));
#4844=EDGE_LOOP('',(#2337,#2338,#2339,#2340));
#4845=EDGE_LOOP('',(#2341,#2342,#2343,#2344));
#4846=EDGE_LOOP('',(#2345,#2346,#2347,#2348,#2349,#2350));
#4847=EDGE_LOOP('',(#2351,#2352,#2353,#2354));
#4848=EDGE_LOOP('',(#2355,#2356,#2357,#2358));
#4849=EDGE_LOOP('',(#2359,#2360,#2361,#2362));
#4850=EDGE_LOOP('',(#2363,#2364,#2365,#2366));
#4851=EDGE_LOOP('',(#2367,#2368,#2369,#2370));
#4852=EDGE_LOOP('',(#2371,#2372,#2373,#2374,#2375,#2376,#2377,#2378));
#4853=EDGE_LOOP('',(#2379,#2380,#2381,#2382));
#4854=EDGE_LOOP('',(#2383));
#4855=EDGE_LOOP('',(#2384));
#4856=EDGE_LOOP('',(#2385));
#4857=EDGE_LOOP('',(#2386));
#4858=EDGE_LOOP('',(#2387,#2388,#2389,#2390,#2391,#2392,#2393,#2394));
#4859=EDGE_LOOP('',(#2395,#2396,#2397,#2398,#2399,#2400,#2401,#2402));
#4860=EDGE_LOOP('',(#2403,#2404,#2405,#2406));
#4861=EDGE_LOOP('',(#2407,#2408,#2409,#2410));
#4862=EDGE_LOOP('',(#2411,#2412,#2413,#2414));
#4863=EDGE_LOOP('',(#2415,#2416,#2417,#2418,#2419,#2420));
#4864=EDGE_LOOP('',(#2421,#2422,#2423,#2424));
#4865=EDGE_LOOP('',(#2425,#2426,#2427,#2428,#2429,#2430));
#4866=EDGE_LOOP('',(#2431,#2432,#2433,#2434));
#4867=EDGE_LOOP('',(#2435,#2436,#2437,#2438,#2439,#2440));
#4868=EDGE_LOOP('',(#2441,#2442,#2443,#2444));
#4869=EDGE_LOOP('',(#2445,#2446,#2447,#2448,#2449,#2450));
#4870=EDGE_LOOP('',(#2451,#2452,#2453,#2454));
#4871=EDGE_LOOP('',(#2455,#2456,#2457,#2458));
#4872=EDGE_LOOP('',(#2459,#2460,#2461,#2462,#2463,#2464));
#4873=EDGE_LOOP('',(#2465,#2466,#2467,#2468));
#4874=EDGE_LOOP('',(#2469,#2470,#2471,#2472,#2473,#2474));
#4875=EDGE_LOOP('',(#2475,#2476,#2477,#2478));
#4876=EDGE_LOOP('',(#2479,#2480,#2481,#2482));
#4877=EDGE_LOOP('',(#2483,#2484,#2485,#2486));
#4878=EDGE_LOOP('',(#2487,#2488,#2489,#2490));
#4879=EDGE_LOOP('',(#2491,#2492,#2493,#2494));
#4880=EDGE_LOOP('',(#2495,#2496,#2497,#2498));
#4881=EDGE_LOOP('',(#2499,#2500,#2501,#2502));
#4882=EDGE_LOOP('',(#2503,#2504,#2505,#2506));
#4883=EDGE_LOOP('',(#2507,#2508,#2509,#2510));
#4884=EDGE_LOOP('',(#2511,#2512,#2513,#2514));
#4885=EDGE_LOOP('',(#2515,#2516,#2517,#2518));
#4886=EDGE_LOOP('',(#2519,#2520,#2521,#2522));
#4887=EDGE_LOOP('',(#2523,#2524,#2525,#2526));
#4888=EDGE_LOOP('',(#2527,#2528,#2529,#2530));
#4889=EDGE_LOOP('',(#2531,#2532,#2533,#2534));
#4890=EDGE_LOOP('',(#2535,#2536,#2537,#2538));
#4891=EDGE_LOOP('',(#2539,#2540,#2541,#2542));
#4892=EDGE_LOOP('',(#2543,#2544,#2545,#2546));
#4893=EDGE_LOOP('',(#2547,#2548,#2549,#2550));
#4894=EDGE_LOOP('',(#2551,#2552,#2553,#2554));
#4895=EDGE_LOOP('',(#2555,#2556,#2557,#2558));
#4896=EDGE_LOOP('',(#2559,#2560,#2561,#2562));
#4897=EDGE_LOOP('',(#2563,#2564,#2565,#2566));
#4898=EDGE_LOOP('',(#2567,#2568,#2569,#2570));
#4899=EDGE_LOOP('',(#2571));
#4900=EDGE_LOOP('',(#2572));
#4901=EDGE_LOOP('',(#2573));
#4902=EDGE_LOOP('',(#2574));
#4903=EDGE_LOOP('',(#2575));
#4904=EDGE_LOOP('',(#2576));
#4905=EDGE_LOOP('',(#2577,#2578,#2579,#2580));
#4906=EDGE_LOOP('',(#2581));
#4907=EDGE_LOOP('',(#2582,#2583,#2584,#2585));
#4908=EDGE_LOOP('',(#2586));
#4909=EDGE_LOOP('',(#2587));
#4910=EDGE_LOOP('',(#2588));
#4911=EDGE_LOOP('',(#2589));
#4912=EDGE_LOOP('',(#2590));
#4913=EDGE_LOOP('',(#2591));
#4914=EDGE_LOOP('',(#2592,#2593,#2594,#2595));
#4915=EDGE_LOOP('',(#2596,#2597,#2598,#2599));
#4916=EDGE_LOOP('',(#2600,#2601,#2602,#2603));
#4917=EDGE_LOOP('',(#2604,#2605,#2606,#2607));
#4918=EDGE_LOOP('',(#2608,#2609,#2610,#2611));
#4919=EDGE_LOOP('',(#2612,#2613,#2614,#2615));
#4920=EDGE_LOOP('',(#2616,#2617,#2618,#2619));
#4921=EDGE_LOOP('',(#2620,#2621,#2622,#2623));
#4922=EDGE_LOOP('',(#2624,#2625,#2626,#2627));
#4923=EDGE_LOOP('',(#2628,#2629,#2630,#2631));
#4924=EDGE_LOOP('',(#2632,#2633,#2634,#2635));
#4925=EDGE_LOOP('',(#2636,#2637,#2638,#2639));
#4926=EDGE_LOOP('',(#2640,#2641,#2642,#2643,#2644,#2645,#2646,#2647));
#4927=EDGE_LOOP('',(#2648,#2649,#2650,#2651));
#4928=EDGE_LOOP('',(#2652,#2653,#2654,#2655));
#4929=EDGE_LOOP('',(#2656,#2657,#2658,#2659));
#4930=EDGE_LOOP('',(#2660,#2661,#2662,#2663));
#4931=EDGE_LOOP('',(#2664,#2665,#2666,#2667,#2668,#2669,#2670,#2671));
#4932=EDGE_LOOP('',(#2672,#2673,#2674,#2675));
#4933=EDGE_LOOP('',(#2676,#2677,#2678,#2679));
#4934=EDGE_LOOP('',(#2680,#2681,#2682,#2683));
#4935=EDGE_LOOP('',(#2684,#2685,#2686,#2687));
#4936=EDGE_LOOP('',(#2688,#2689,#2690,#2691));
#4937=EDGE_LOOP('',(#2692,#2693,#2694,#2695));
#4938=EDGE_LOOP('',(#2696,#2697,#2698,#2699));
#4939=EDGE_LOOP('',(#2700,#2701,#2702,#2703));
#4940=EDGE_LOOP('',(#2704,#2705,#2706,#2707));
#4941=EDGE_LOOP('',(#2708,#2709,#2710,#2711));
#4942=EDGE_LOOP('',(#2712,#2713,#2714,#2715));
#4943=EDGE_LOOP('',(#2716,#2717,#2718,#2719));
#4944=FACE_BOUND('',#4472,.T.);
#4945=FACE_BOUND('',#4473,.T.);
#4946=FACE_BOUND('',#4474,.T.);
#4947=FACE_BOUND('',#4475,.T.);
#4948=FACE_BOUND('',#4476,.T.);
#4949=FACE_BOUND('',#4477,.T.);
#4950=FACE_BOUND('',#4478,.T.);
#4951=FACE_BOUND('',#4479,.T.);
#4952=FACE_BOUND('',#4480,.T.);
#4953=FACE_BOUND('',#4481,.T.);
#4954=FACE_BOUND('',#4482,.T.);
#4955=FACE_BOUND('',#4483,.T.);
#4956=FACE_BOUND('',#4484,.T.);
#4957=FACE_BOUND('',#4485,.T.);
#4958=FACE_BOUND('',#4486,.T.);
#4959=FACE_BOUND('',#4487,.T.);
#4960=FACE_BOUND('',#4488,.T.);
#4961=FACE_BOUND('',#4489,.T.);
#4962=FACE_BOUND('',#4490,.T.);
#4963=FACE_BOUND('',#4491,.T.);
#4964=FACE_BOUND('',#4492,.T.);
#4965=FACE_BOUND('',#4493,.T.);
#4966=FACE_BOUND('',#4494,.T.);
#4967=FACE_BOUND('',#4495,.T.);
#4968=FACE_BOUND('',#4496,.T.);
#4969=FACE_BOUND('',#4497,.T.);
#4970=FACE_BOUND('',#4498,.T.);
#4971=FACE_BOUND('',#4499,.T.);
#4972=FACE_BOUND('',#4500,.T.);
#4973=FACE_BOUND('',#4501,.T.);
#4974=FACE_BOUND('',#4502,.T.);
#4975=FACE_BOUND('',#4503,.T.);
#4976=FACE_BOUND('',#4504,.T.);
#4977=FACE_BOUND('',#4505,.T.);
#4978=FACE_BOUND('',#4506,.T.);
#4979=FACE_BOUND('',#4507,.T.);
#4980=FACE_BOUND('',#4508,.T.);
#4981=FACE_BOUND('',#4509,.T.);
#4982=FACE_BOUND('',#4510,.T.);
#4983=FACE_BOUND('',#4511,.T.);
#4984=FACE_BOUND('',#4512,.T.);
#4985=FACE_BOUND('',#4513,.T.);
#4986=FACE_BOUND('',#4514,.T.);
#4987=FACE_BOUND('',#4515,.T.);
#4988=FACE_BOUND('',#4516,.T.);
#4989=FACE_BOUND('',#4517,.T.);
#4990=FACE_BOUND('',#4518,.T.);
#4991=FACE_BOUND('',#4519,.T.);
#4992=FACE_BOUND('',#4520,.T.);
#4993=FACE_BOUND('',#4521,.T.);
#4994=FACE_BOUND('',#4522,.T.);
#4995=FACE_BOUND('',#4523,.T.);
#4996=FACE_BOUND('',#4524,.T.);
#4997=FACE_BOUND('',#4525,.T.);
#4998=FACE_BOUND('',#4526,.T.);
#4999=FACE_BOUND('',#4527,.T.);
#5000=FACE_BOUND('',#4528,.T.);
#5001=FACE_BOUND('',#4529,.T.);
#5002=FACE_BOUND('',#4530,.T.);
#5003=FACE_BOUND('',#4531,.T.);
#5004=FACE_BOUND('',#4532,.T.);
#5005=FACE_BOUND('',#4533,.T.);
#5006=FACE_BOUND('',#4534,.T.);
#5007=FACE_BOUND('',#4535,.T.);
#5008=FACE_BOUND('',#4536,.T.);
#5009=FACE_BOUND('',#4537,.T.);
#5010=FACE_BOUND('',#4538,.T.);
#5011=FACE_BOUND('',#4539,.T.);
#5012=FACE_BOUND('',#4540,.T.);
#5013=FACE_BOUND('',#4541,.T.);
#5014=FACE_BOUND('',#4542,.T.);
#5015=FACE_BOUND('',#4543,.T.);
#5016=FACE_BOUND('',#4544,.T.);
#5017=FACE_BOUND('',#4545,.T.);
#5018=FACE_BOUND('',#4546,.T.);
#5019=FACE_BOUND('',#4547,.T.);
#5020=FACE_BOUND('',#4548,.T.);
#5021=FACE_BOUND('',#4549,.T.);
#5022=FACE_BOUND('',#4550,.T.);
#5023=FACE_BOUND('',#4551,.T.);
#5024=FACE_BOUND('',#4552,.T.);
#5025=FACE_BOUND('',#4553,.T.);
#5026=FACE_BOUND('',#4554,.T.);
#5027=FACE_BOUND('',#4555,.T.);
#5028=FACE_BOUND('',#4556,.T.);
#5029=FACE_BOUND('',#4557,.T.);
#5030=FACE_BOUND('',#4558,.T.);
#5031=FACE_BOUND('',#4559,.T.);
#5032=FACE_BOUND('',#4560,.T.);
#5033=FACE_BOUND('',#4561,.T.);
#5034=FACE_BOUND('',#4562,.T.);
#5035=FACE_BOUND('',#4563,.T.);
#5036=FACE_BOUND('',#4564,.T.);
#5037=FACE_BOUND('',#4565,.T.);
#5038=FACE_BOUND('',#4566,.T.);
#5039=FACE_BOUND('',#4567,.T.);
#5040=FACE_BOUND('',#4568,.T.);
#5041=FACE_BOUND('',#4569,.T.);
#5042=FACE_BOUND('',#4570,.T.);
#5043=FACE_BOUND('',#4571,.T.);
#5044=FACE_BOUND('',#4572,.T.);
#5045=FACE_BOUND('',#4573,.T.);
#5046=FACE_BOUND('',#4574,.T.);
#5047=FACE_BOUND('',#4575,.T.);
#5048=FACE_BOUND('',#4576,.T.);
#5049=FACE_BOUND('',#4577,.T.);
#5050=FACE_BOUND('',#4578,.T.);
#5051=FACE_BOUND('',#4579,.T.);
#5052=FACE_BOUND('',#4580,.T.);
#5053=FACE_BOUND('',#4581,.T.);
#5054=FACE_BOUND('',#4582,.T.);
#5055=FACE_BOUND('',#4583,.T.);
#5056=FACE_BOUND('',#4584,.T.);
#5057=FACE_BOUND('',#4585,.T.);
#5058=FACE_BOUND('',#4586,.T.);
#5059=FACE_BOUND('',#4587,.T.);
#5060=FACE_BOUND('',#4588,.T.);
#5061=FACE_BOUND('',#4589,.T.);
#5062=FACE_BOUND('',#4590,.T.);
#5063=FACE_BOUND('',#4591,.T.);
#5064=FACE_BOUND('',#4592,.T.);
#5065=FACE_BOUND('',#4593,.T.);
#5066=FACE_BOUND('',#4594,.T.);
#5067=FACE_BOUND('',#4595,.T.);
#5068=FACE_BOUND('',#4596,.T.);
#5069=FACE_BOUND('',#4597,.T.);
#5070=FACE_BOUND('',#4598,.T.);
#5071=FACE_BOUND('',#4599,.T.);
#5072=FACE_BOUND('',#4600,.T.);
#5073=FACE_BOUND('',#4601,.T.);
#5074=FACE_BOUND('',#4602,.T.);
#5075=FACE_BOUND('',#4603,.T.);
#5076=FACE_BOUND('',#4604,.T.);
#5077=FACE_BOUND('',#4605,.T.);
#5078=FACE_BOUND('',#4606,.T.);
#5079=FACE_BOUND('',#4607,.T.);
#5080=FACE_BOUND('',#4608,.T.);
#5081=FACE_BOUND('',#4609,.T.);
#5082=FACE_BOUND('',#4610,.T.);
#5083=FACE_BOUND('',#4611,.T.);
#5084=FACE_BOUND('',#4612,.T.);
#5085=FACE_BOUND('',#4613,.T.);
#5086=FACE_BOUND('',#4614,.T.);
#5087=FACE_BOUND('',#4615,.T.);
#5088=FACE_BOUND('',#4616,.T.);
#5089=FACE_BOUND('',#4617,.T.);
#5090=FACE_BOUND('',#4618,.T.);
#5091=FACE_BOUND('',#4619,.T.);
#5092=FACE_BOUND('',#4620,.T.);
#5093=FACE_BOUND('',#4621,.T.);
#5094=FACE_BOUND('',#4622,.T.);
#5095=FACE_BOUND('',#4623,.T.);
#5096=FACE_BOUND('',#4624,.T.);
#5097=FACE_BOUND('',#4625,.T.);
#5098=FACE_BOUND('',#4626,.T.);
#5099=FACE_BOUND('',#4627,.T.);
#5100=FACE_BOUND('',#4628,.T.);
#5101=FACE_BOUND('',#4629,.T.);
#5102=FACE_BOUND('',#4630,.T.);
#5103=FACE_BOUND('',#4631,.T.);
#5104=FACE_BOUND('',#4632,.T.);
#5105=FACE_BOUND('',#4633,.T.);
#5106=FACE_BOUND('',#4634,.T.);
#5107=FACE_BOUND('',#4635,.T.);
#5108=FACE_BOUND('',#4636,.T.);
#5109=FACE_BOUND('',#4637,.T.);
#5110=FACE_BOUND('',#4638,.T.);
#5111=FACE_BOUND('',#4639,.T.);
#5112=FACE_BOUND('',#4640,.T.);
#5113=FACE_BOUND('',#4641,.T.);
#5114=FACE_BOUND('',#4642,.T.);
#5115=FACE_BOUND('',#4643,.T.);
#5116=FACE_BOUND('',#4644,.T.);
#5117=FACE_BOUND('',#4645,.T.);
#5118=FACE_BOUND('',#4646,.T.);
#5119=FACE_BOUND('',#4647,.T.);
#5120=FACE_BOUND('',#4648,.T.);
#5121=FACE_BOUND('',#4649,.T.);
#5122=FACE_BOUND('',#4650,.T.);
#5123=FACE_BOUND('',#4651,.T.);
#5124=FACE_BOUND('',#4652,.T.);
#5125=FACE_BOUND('',#4653,.T.);
#5126=FACE_BOUND('',#4654,.T.);
#5127=FACE_BOUND('',#4655,.T.);
#5128=FACE_BOUND('',#4656,.T.);
#5129=FACE_BOUND('',#4657,.T.);
#5130=FACE_BOUND('',#4658,.T.);
#5131=FACE_BOUND('',#4659,.T.);
#5132=FACE_BOUND('',#4660,.T.);
#5133=FACE_BOUND('',#4661,.T.);
#5134=FACE_BOUND('',#4662,.T.);
#5135=FACE_BOUND('',#4663,.T.);
#5136=FACE_BOUND('',#4664,.T.);
#5137=FACE_BOUND('',#4665,.T.);
#5138=FACE_BOUND('',#4666,.T.);
#5139=FACE_BOUND('',#4667,.T.);
#5140=FACE_BOUND('',#4668,.T.);
#5141=FACE_BOUND('',#4669,.T.);
#5142=FACE_BOUND('',#4670,.T.);
#5143=FACE_BOUND('',#4671,.T.);
#5144=FACE_BOUND('',#4672,.T.);
#5145=FACE_BOUND('',#4673,.T.);
#5146=FACE_BOUND('',#4674,.T.);
#5147=FACE_BOUND('',#4675,.T.);
#5148=FACE_BOUND('',#4676,.T.);
#5149=FACE_BOUND('',#4677,.T.);
#5150=FACE_BOUND('',#4678,.T.);
#5151=FACE_BOUND('',#4679,.T.);
#5152=FACE_BOUND('',#4680,.T.);
#5153=FACE_BOUND('',#4681,.T.);
#5154=FACE_BOUND('',#4682,.T.);
#5155=FACE_BOUND('',#4683,.T.);
#5156=FACE_BOUND('',#4684,.T.);
#5157=FACE_BOUND('',#4685,.T.);
#5158=FACE_BOUND('',#4686,.T.);
#5159=FACE_BOUND('',#4687,.T.);
#5160=FACE_BOUND('',#4688,.T.);
#5161=FACE_BOUND('',#4689,.T.);
#5162=FACE_BOUND('',#4690,.T.);
#5163=FACE_BOUND('',#4691,.T.);
#5164=FACE_BOUND('',#4692,.T.);
#5165=FACE_BOUND('',#4693,.T.);
#5166=FACE_BOUND('',#4694,.T.);
#5167=FACE_BOUND('',#4695,.T.);
#5168=FACE_BOUND('',#4696,.T.);
#5169=FACE_BOUND('',#4697,.T.);
#5170=FACE_BOUND('',#4698,.T.);
#5171=FACE_BOUND('',#4699,.T.);
#5172=FACE_BOUND('',#4700,.T.);
#5173=FACE_BOUND('',#4701,.T.);
#5174=FACE_BOUND('',#4702,.T.);
#5175=FACE_BOUND('',#4703,.T.);
#5176=FACE_BOUND('',#4704,.T.);
#5177=FACE_BOUND('',#4705,.T.);
#5178=FACE_BOUND('',#4706,.T.);
#5179=FACE_BOUND('',#4707,.T.);
#5180=FACE_BOUND('',#4708,.T.);
#5181=FACE_BOUND('',#4709,.T.);
#5182=FACE_BOUND('',#4710,.T.);
#5183=FACE_BOUND('',#4711,.T.);
#5184=FACE_BOUND('',#4712,.T.);
#5185=FACE_BOUND('',#4713,.T.);
#5186=FACE_BOUND('',#4714,.T.);
#5187=FACE_BOUND('',#4715,.T.);
#5188=FACE_BOUND('',#4716,.T.);
#5189=FACE_BOUND('',#4717,.T.);
#5190=FACE_BOUND('',#4718,.T.);
#5191=FACE_BOUND('',#4719,.T.);
#5192=FACE_BOUND('',#4720,.T.);
#5193=FACE_BOUND('',#4721,.T.);
#5194=FACE_BOUND('',#4722,.T.);
#5195=FACE_BOUND('',#4723,.T.);
#5196=FACE_BOUND('',#4724,.T.);
#5197=FACE_BOUND('',#4725,.T.);
#5198=FACE_BOUND('',#4726,.T.);
#5199=FACE_BOUND('',#4727,.T.);
#5200=FACE_BOUND('',#4728,.T.);
#5201=FACE_BOUND('',#4729,.T.);
#5202=FACE_BOUND('',#4730,.T.);
#5203=FACE_BOUND('',#4731,.T.);
#5204=FACE_BOUND('',#4732,.T.);
#5205=FACE_BOUND('',#4733,.T.);
#5206=FACE_BOUND('',#4734,.T.);
#5207=FACE_BOUND('',#4735,.T.);
#5208=FACE_BOUND('',#4736,.T.);
#5209=FACE_BOUND('',#4737,.T.);
#5210=FACE_BOUND('',#4738,.T.);
#5211=FACE_BOUND('',#4739,.T.);
#5212=FACE_BOUND('',#4740,.T.);
#5213=FACE_BOUND('',#4741,.T.);
#5214=FACE_BOUND('',#4742,.T.);
#5215=FACE_BOUND('',#4743,.T.);
#5216=FACE_BOUND('',#4744,.T.);
#5217=FACE_BOUND('',#4745,.T.);
#5218=FACE_BOUND('',#4746,.T.);
#5219=FACE_BOUND('',#4747,.T.);
#5220=FACE_BOUND('',#4748,.T.);
#5221=FACE_BOUND('',#4749,.T.);
#5222=FACE_BOUND('',#4750,.T.);
#5223=FACE_BOUND('',#4751,.T.);
#5224=FACE_BOUND('',#4752,.T.);
#5225=FACE_BOUND('',#4753,.T.);
#5226=FACE_BOUND('',#4754,.T.);
#5227=FACE_BOUND('',#4755,.T.);
#5228=FACE_BOUND('',#4756,.T.);
#5229=FACE_BOUND('',#4757,.T.);
#5230=FACE_BOUND('',#4758,.T.);
#5231=FACE_BOUND('',#4759,.T.);
#5232=FACE_BOUND('',#4760,.T.);
#5233=FACE_BOUND('',#4761,.T.);
#5234=FACE_BOUND('',#4762,.T.);
#5235=FACE_BOUND('',#4763,.T.);
#5236=FACE_BOUND('',#4764,.T.);
#5237=FACE_BOUND('',#4765,.T.);
#5238=FACE_BOUND('',#4766,.T.);
#5239=FACE_BOUND('',#4767,.T.);
#5240=FACE_BOUND('',#4768,.T.);
#5241=FACE_BOUND('',#4769,.T.);
#5242=FACE_BOUND('',#4770,.T.);
#5243=FACE_BOUND('',#4771,.T.);
#5244=FACE_BOUND('',#4772,.T.);
#5245=FACE_BOUND('',#4773,.T.);
#5246=FACE_BOUND('',#4774,.T.);
#5247=FACE_BOUND('',#4775,.T.);
#5248=FACE_BOUND('',#4776,.T.);
#5249=FACE_BOUND('',#4777,.T.);
#5250=FACE_BOUND('',#4778,.T.);
#5251=FACE_BOUND('',#4779,.T.);
#5252=FACE_BOUND('',#4780,.T.);
#5253=FACE_BOUND('',#4781,.T.);
#5254=FACE_BOUND('',#4782,.T.);
#5255=FACE_BOUND('',#4783,.T.);
#5256=FACE_BOUND('',#4784,.T.);
#5257=FACE_BOUND('',#4785,.T.);
#5258=FACE_BOUND('',#4786,.T.);
#5259=FACE_BOUND('',#4787,.T.);
#5260=FACE_BOUND('',#4788,.T.);
#5261=FACE_BOUND('',#4789,.T.);
#5262=FACE_BOUND('',#4790,.T.);
#5263=FACE_BOUND('',#4791,.T.);
#5264=FACE_BOUND('',#4792,.T.);
#5265=FACE_BOUND('',#4793,.T.);
#5266=FACE_BOUND('',#4794,.T.);
#5267=FACE_BOUND('',#4795,.T.);
#5268=FACE_BOUND('',#4796,.T.);
#5269=FACE_BOUND('',#4797,.T.);
#5270=FACE_BOUND('',#4798,.T.);
#5271=FACE_BOUND('',#4799,.T.);
#5272=FACE_BOUND('',#4800,.T.);
#5273=FACE_BOUND('',#4801,.T.);
#5274=FACE_BOUND('',#4802,.T.);
#5275=FACE_BOUND('',#4803,.T.);
#5276=FACE_BOUND('',#4804,.T.);
#5277=FACE_BOUND('',#4805,.T.);
#5278=FACE_BOUND('',#4806,.T.);
#5279=FACE_BOUND('',#4807,.T.);
#5280=FACE_BOUND('',#4808,.T.);
#5281=FACE_BOUND('',#4809,.T.);
#5282=FACE_BOUND('',#4810,.T.);
#5283=FACE_BOUND('',#4811,.T.);
#5284=FACE_BOUND('',#4812,.T.);
#5285=FACE_BOUND('',#4813,.T.);
#5286=FACE_BOUND('',#4814,.T.);
#5287=FACE_BOUND('',#4815,.T.);
#5288=FACE_BOUND('',#4816,.T.);
#5289=FACE_BOUND('',#4817,.T.);
#5290=FACE_BOUND('',#4818,.T.);
#5291=FACE_BOUND('',#4819,.T.);
#5292=FACE_BOUND('',#4820,.T.);
#5293=FACE_BOUND('',#4821,.T.);
#5294=FACE_BOUND('',#4822,.T.);
#5295=FACE_BOUND('',#4823,.T.);
#5296=FACE_BOUND('',#4824,.T.);
#5297=FACE_BOUND('',#4825,.T.);
#5298=FACE_BOUND('',#4826,.T.);
#5299=FACE_BOUND('',#4827,.T.);
#5300=FACE_BOUND('',#4828,.T.);
#5301=FACE_BOUND('',#4829,.T.);
#5302=FACE_BOUND('',#4830,.T.);
#5303=FACE_BOUND('',#4831,.T.);
#5304=FACE_BOUND('',#4832,.T.);
#5305=FACE_BOUND('',#4833,.T.);
#5306=FACE_BOUND('',#4834,.T.);
#5307=FACE_BOUND('',#4835,.T.);
#5308=FACE_BOUND('',#4836,.T.);
#5309=FACE_BOUND('',#4837,.T.);
#5310=FACE_BOUND('',#4838,.T.);
#5311=FACE_BOUND('',#4839,.T.);
#5312=FACE_BOUND('',#4840,.T.);
#5313=FACE_BOUND('',#4841,.T.);
#5314=FACE_BOUND('',#4842,.T.);
#5315=FACE_BOUND('',#4843,.T.);
#5316=FACE_BOUND('',#4844,.T.);
#5317=FACE_BOUND('',#4845,.T.);
#5318=FACE_BOUND('',#4846,.T.);
#5319=FACE_BOUND('',#4847,.T.);
#5320=FACE_BOUND('',#4848,.T.);
#5321=FACE_BOUND('',#4849,.T.);
#5322=FACE_BOUND('',#4850,.T.);
#5323=FACE_BOUND('',#4851,.T.);
#5324=FACE_BOUND('',#4852,.T.);
#5325=FACE_BOUND('',#4853,.T.);
#5326=FACE_BOUND('',#4854,.T.);
#5327=FACE_BOUND('',#4855,.T.);
#5328=FACE_BOUND('',#4856,.T.);
#5329=FACE_BOUND('',#4857,.T.);
#5330=FACE_BOUND('',#4858,.T.);
#5331=FACE_BOUND('',#4859,.T.);
#5332=FACE_BOUND('',#4860,.T.);
#5333=FACE_BOUND('',#4861,.T.);
#5334=FACE_BOUND('',#4862,.T.);
#5335=FACE_BOUND('',#4863,.T.);
#5336=FACE_BOUND('',#4864,.T.);
#5337=FACE_BOUND('',#4865,.T.);
#5338=FACE_BOUND('',#4866,.T.);
#5339=FACE_BOUND('',#4867,.T.);
#5340=FACE_BOUND('',#4868,.T.);
#5341=FACE_BOUND('',#4869,.T.);
#5342=FACE_BOUND('',#4870,.T.);
#5343=FACE_BOUND('',#4871,.T.);
#5344=FACE_BOUND('',#4872,.T.);
#5345=FACE_BOUND('',#4873,.T.);
#5346=FACE_BOUND('',#4874,.T.);
#5347=FACE_BOUND('',#4875,.T.);
#5348=FACE_BOUND('',#4876,.T.);
#5349=FACE_BOUND('',#4877,.T.);
#5350=FACE_BOUND('',#4878,.T.);
#5351=FACE_BOUND('',#4879,.T.);
#5352=FACE_BOUND('',#4880,.T.);
#5353=FACE_BOUND('',#4881,.T.);
#5354=FACE_BOUND('',#4882,.T.);
#5355=FACE_BOUND('',#4883,.T.);
#5356=FACE_BOUND('',#4884,.T.);
#5357=FACE_BOUND('',#4885,.T.);
#5358=FACE_BOUND('',#4886,.T.);
#5359=FACE_BOUND('',#4887,.T.);
#5360=FACE_BOUND('',#4888,.T.);
#5361=FACE_BOUND('',#4889,.T.);
#5362=FACE_BOUND('',#4890,.T.);
#5363=FACE_BOUND('',#4891,.T.);
#5364=FACE_BOUND('',#4892,.T.);
#5365=FACE_BOUND('',#4893,.T.);
#5366=FACE_BOUND('',#4894,.T.);
#5367=FACE_BOUND('',#4895,.T.);
#5368=FACE_BOUND('',#4896,.T.);
#5369=FACE_BOUND('',#4897,.T.);
#5370=FACE_BOUND('',#4898,.T.);
#5371=FACE_BOUND('',#4899,.T.);
#5372=FACE_BOUND('',#4900,.T.);
#5373=FACE_BOUND('',#4901,.T.);
#5374=FACE_BOUND('',#4902,.T.);
#5375=FACE_BOUND('',#4903,.T.);
#5376=FACE_BOUND('',#4904,.T.);
#5377=FACE_BOUND('',#4905,.T.);
#5378=FACE_BOUND('',#4906,.T.);
#5379=FACE_BOUND('',#4907,.T.);
#5380=FACE_BOUND('',#4908,.T.);
#5381=FACE_BOUND('',#4909,.T.);
#5382=FACE_BOUND('',#4910,.T.);
#5383=FACE_BOUND('',#4911,.T.);
#5384=FACE_BOUND('',#4912,.T.);
#5385=FACE_BOUND('',#4913,.T.);
#5386=FACE_BOUND('',#4914,.T.);
#5387=FACE_BOUND('',#4915,.T.);
#5388=FACE_BOUND('',#4916,.T.);
#5389=FACE_BOUND('',#4917,.T.);
#5390=FACE_BOUND('',#4918,.T.);
#5391=FACE_BOUND('',#4919,.T.);
#5392=FACE_BOUND('',#4920,.T.);
#5393=FACE_BOUND('',#4921,.T.);
#5394=FACE_BOUND('',#4922,.T.);
#5395=FACE_BOUND('',#4923,.T.);
#5396=FACE_BOUND('',#4924,.T.);
#5397=FACE_BOUND('',#4925,.T.);
#5398=FACE_BOUND('',#4926,.T.);
#5399=FACE_BOUND('',#4927,.T.);
#5400=FACE_BOUND('',#4928,.T.);
#5401=FACE_BOUND('',#4929,.T.);
#5402=FACE_BOUND('',#4930,.T.);
#5403=FACE_BOUND('',#4931,.T.);
#5404=FACE_BOUND('',#4932,.T.);
#5405=FACE_BOUND('',#4933,.T.);
#5406=FACE_BOUND('',#4934,.T.);
#5407=FACE_BOUND('',#4935,.T.);
#5408=FACE_BOUND('',#4936,.T.);
#5409=FACE_BOUND('',#4937,.T.);
#5410=FACE_BOUND('',#4938,.T.);
#5411=FACE_BOUND('',#4939,.T.);
#5412=FACE_BOUND('',#4940,.T.);
#5413=FACE_BOUND('',#4941,.T.);
#5414=FACE_BOUND('',#4942,.T.);
#5415=FACE_BOUND('',#4943,.T.);
#5416=CYLINDRICAL_SURFACE('',#5945,0.5);
#5417=CYLINDRICAL_SURFACE('',#5948,0.5);
#5418=CYLINDRICAL_SURFACE('',#5951,0.5);
#5419=CYLINDRICAL_SURFACE('',#5954,0.5);
#5420=CYLINDRICAL_SURFACE('',#5957,0.5);
#5421=CYLINDRICAL_SURFACE('',#5960,0.5);
#5422=CYLINDRICAL_SURFACE('',#5963,0.5);
#5423=CYLINDRICAL_SURFACE('',#5966,0.5);
#5424=CYLINDRICAL_SURFACE('',#5973,3.6);
#5425=CYLINDRICAL_SURFACE('',#5976,3.6);
#5426=CYLINDRICAL_SURFACE('',#5981,3.6);
#5427=CYLINDRICAL_SURFACE('',#5984,3.6);
#5428=CYLINDRICAL_SURFACE('',#6003,3.1);
#5429=CYLINDRICAL_SURFACE('',#6007,2.4);
#5430=CYLINDRICAL_SURFACE('',#6011,3.1);
#5431=CYLINDRICAL_SURFACE('',#6013,3.1);
#5432=CYLINDRICAL_SURFACE('',#6017,2.4);
#5433=CYLINDRICAL_SURFACE('',#6021,3.1);
#5434=CYLINDRICAL_SURFACE('',#6023,3.1);
#5435=CYLINDRICAL_SURFACE('',#6028,2.4);
#5436=CYLINDRICAL_SURFACE('',#6032,3.1);
#5437=CYLINDRICAL_SURFACE('',#6033,3.1);
#5438=CYLINDRICAL_SURFACE('',#6038,2.4);
#5439=CYLINDRICAL_SURFACE('',#6042,3.1);
#5440=CYLINDRICAL_SURFACE('',#6044,3.1);
#5441=CYLINDRICAL_SURFACE('',#6049,2.4);
#5442=CYLINDRICAL_SURFACE('',#6053,3.1);
#5443=CYLINDRICAL_SURFACE('',#6055,2.4);
#5444=CYLINDRICAL_SURFACE('',#6060,3.1);
#5445=CYLINDRICAL_SURFACE('',#6062,2.4);
#5446=CYLINDRICAL_SURFACE('',#6067,3.1);
#5447=CYLINDRICAL_SURFACE('',#6069,3.1);
#5448=CYLINDRICAL_SURFACE('',#6074,2.4);
#5449=CYLINDRICAL_SURFACE('',#6076,3.1);
#5450=CYLINDRICAL_SURFACE('',#6081,2.4);
#5451=CYLINDRICAL_SURFACE('',#6083,3.1);
#5452=CYLINDRICAL_SURFACE('',#6088,2.4);
#5453=CYLINDRICAL_SURFACE('',#6198,0.5);
#5454=CYLINDRICAL_SURFACE('',#6200,0.5);
#5455=CYLINDRICAL_SURFACE('',#6202,0.5);
#5456=CYLINDRICAL_SURFACE('',#6204,0.5);
#5457=CYLINDRICAL_SURFACE('',#6206,0.5);
#5458=CYLINDRICAL_SURFACE('',#6208,0.5);
#5459=CYLINDRICAL_SURFACE('',#6210,0.5);
#5460=CYLINDRICAL_SURFACE('',#6212,0.5);
#5461=CYLINDRICAL_SURFACE('',#6214,0.5);
#5462=CYLINDRICAL_SURFACE('',#6216,0.5);
#5463=CYLINDRICAL_SURFACE('',#6218,0.5);
#5464=CYLINDRICAL_SURFACE('',#6220,0.5);
#5465=CYLINDRICAL_SURFACE('',#6222,3.59999999999998);
#5466=CYLINDRICAL_SURFACE('',#6226,3.59999999999999);
#5467=CYLINDRICAL_SURFACE('',#6232,3.59999999999998);
#5468=CYLINDRICAL_SURFACE('',#6236,3.59999999999998);
#5469=CYLINDRICAL_SURFACE('',#6240,3.59999999999998);
#5470=CYLINDRICAL_SURFACE('',#6244,3.59999999999998);
#5471=CYLINDRICAL_SURFACE('',#6275,3.1);
#5472=CYLINDRICAL_SURFACE('',#6281,3.1);
#5473=CYLINDRICAL_SURFACE('',#6288,3.1);
#5474=CYLINDRICAL_SURFACE('',#6290,2.40000000000001);
#5475=CYLINDRICAL_SURFACE('',#6293,2.40000000000001);
#5476=CYLINDRICAL_SURFACE('',#6296,2.40000000000001);
#5477=CYLINDRICAL_SURFACE('',#6299,2.40000000000001);
#5478=CYLINDRICAL_SURFACE('',#6318,3.10000000000001);
#5479=CYLINDRICAL_SURFACE('',#6320,3.10000000000001);
#5480=CYLINDRICAL_SURFACE('',#6322,3.10000000000001);
#5481=CYLINDRICAL_SURFACE('',#6324,3.10000000000001);
#5482=CYLINDRICAL_SURFACE('',#6326,0.5);
#5483=CYLINDRICAL_SURFACE('',#6328,0.5);
#5484=CYLINDRICAL_SURFACE('',#6330,3.6);
#5485=CYLINDRICAL_SURFACE('',#6332,0.5);
#5486=CYLINDRICAL_SURFACE('',#6336,0.5);
#5487=CYLINDRICAL_SURFACE('',#6338,3.6);
#5488=CYLINDRICAL_SURFACE('',#6340,0.5);
#5489=CYLINDRICAL_SURFACE('',#6342,3.6);
#5490=CYLINDRICAL_SURFACE('',#6344,0.5);
#5491=CYLINDRICAL_SURFACE('',#6346,0.5);
#5492=CYLINDRICAL_SURFACE('',#6348,3.6);
#5493=CYLINDRICAL_SURFACE('',#6350,0.5);
#5494=CYLINDRICAL_SURFACE('',#6354,0.5);
#5495=CYLINDRICAL_SURFACE('',#6356,3.6);
#5496=CYLINDRICAL_SURFACE('',#6358,0.5);
#5497=CYLINDRICAL_SURFACE('',#6362,0.5);
#5498=CYLINDRICAL_SURFACE('',#6364,3.6);
#5499=CYLINDRICAL_SURFACE('',#6366,0.5);
#5500=CYLINDRICAL_SURFACE('',#6380,3.10000000000004);
#5501=CYLINDRICAL_SURFACE('',#6382,3.10000000000004);
#5502=CYLINDRICAL_SURFACE('',#6384,3.10000000000004);
#5503=CYLINDRICAL_SURFACE('',#6386,3.10000000000004);
#5504=CYLINDRICAL_SURFACE('',#6395,2.40000000000001);
#5505=CYLINDRICAL_SURFACE('',#6397,2.40000000000001);
#5506=CYLINDRICAL_SURFACE('',#6399,2.40000000000001);
#5507=CYLINDRICAL_SURFACE('',#6401,2.40000000000001);
#5508=CYLINDRICAL_SURFACE('',#6403,3.10000000000001);
#5509=CYLINDRICAL_SURFACE('',#6405,3.10000000000001);
#5510=CYLINDRICAL_SURFACE('',#6407,3.10000000000001);
#5511=CYLINDRICAL_SURFACE('',#6409,3.10000000000001);
#5512=CYLINDRICAL_SURFACE('',#6418,3.1);
#5513=CYLINDRICAL_SURFACE('',#6423,3.1);
#5514=CYLINDRICAL_SURFACE('',#6428,3.1);
#5515=CYLINDRICAL_SURFACE('',#6431,3.6);
#5516=CYLINDRICAL_SURFACE('',#6435,3.6);
#5517=CYLINDRICAL_SURFACE('',#6438,3.6);
#5518=CYLINDRICAL_SURFACE('',#6441,3.6);
#5519=CYLINDRICAL_SURFACE('',#6454,3.6);
#5520=CYLINDRICAL_SURFACE('',#6457,3.6);
#5521=CYLINDRICAL_SURFACE('',#6464,4.);
#5522=CYLINDRICAL_SURFACE('',#6469,4.);
#5523=CYLINDRICAL_SURFACE('',#6472,4.);
#5524=CYLINDRICAL_SURFACE('',#6476,4.);
#5525=CYLINDRICAL_SURFACE('',#6483,3.10000000000004);
#5526=CYLINDRICAL_SURFACE('',#6484,3.10000000000004);
#5527=CYLINDRICAL_SURFACE('',#6485,3.10000000000004);
#5528=CYLINDRICAL_SURFACE('',#6486,3.10000000000004);
#5529=CYLINDRICAL_SURFACE('',#6488,3.6);
#5530=CYLINDRICAL_SURFACE('',#6494,3.6);
#5531=CYLINDRICAL_SURFACE('',#6500,0.5);
#5532=CYLINDRICAL_SURFACE('',#6504,0.5);
#5533=CYLINDRICAL_SURFACE('',#6506,3.6);
#5534=CYLINDRICAL_SURFACE('',#6508,3.6);
#5535=CYLINDRICAL_SURFACE('',#6510,0.5);
#5536=CYLINDRICAL_SURFACE('',#6512,3.6);
#5537=CYLINDRICAL_SURFACE('',#6514,3.6);
#5538=CYLINDRICAL_SURFACE('',#6516,0.5);
#5539=CYLINDRICAL_SURFACE('',#6520,3.6);
#5540=CYLINDRICAL_SURFACE('',#6522,0.5);
#5541=CYLINDRICAL_SURFACE('',#6526,0.5);
#5542=CYLINDRICAL_SURFACE('',#6528,3.6);
#5543=CYLINDRICAL_SURFACE('',#6530,0.5);
#5544=CYLINDRICAL_SURFACE('',#6532,0.5);
#5545=CYLINDRICAL_SURFACE('',#6534,0.5);
#5546=CYLINDRICAL_SURFACE('',#6540,0.5);
#5547=CYLINDRICAL_SURFACE('',#6541,0.5);
#5548=CYLINDRICAL_SURFACE('',#6542,0.5);
#5549=CYLINDRICAL_SURFACE('',#6545,3.59999999999998);
#5550=CYLINDRICAL_SURFACE('',#6548,3.59999999999998);
#5551=CYLINDRICAL_SURFACE('',#6551,3.59999999999998);
#5552=CYLINDRICAL_SURFACE('',#6554,3.59999999999998);
#5553=CYLINDRICAL_SURFACE('',#6555,3.59999999999998);
#5554=CYLINDRICAL_SURFACE('',#6558,3.59999999999999);
#5555=CYLINDRICAL_SURFACE('',#6561,0.5);
#5556=CYLINDRICAL_SURFACE('',#6562,0.5);
#5557=CYLINDRICAL_SURFACE('',#6563,0.5);
#5558=CYLINDRICAL_SURFACE('',#6564,0.5);
#5559=CYLINDRICAL_SURFACE('',#6565,0.5);
#5560=CYLINDRICAL_SURFACE('',#6566,0.5);
#5561=CYLINDRICAL_SURFACE('',#6567,0.5);
#5562=CYLINDRICAL_SURFACE('',#6568,0.5);
#5563=CYLINDRICAL_SURFACE('',#6569,0.5);
#5564=CYLINDRICAL_SURFACE('',#6570,0.5);
#5565=CYLINDRICAL_SURFACE('',#6571,0.5);
#5566=CYLINDRICAL_SURFACE('',#6572,0.5);
#5567=CYLINDRICAL_SURFACE('',#6573,3.6);
#5568=CYLINDRICAL_SURFACE('',#6574,3.6);
#5569=CYLINDRICAL_SURFACE('',#6575,3.6);
#5570=CYLINDRICAL_SURFACE('',#6576,3.6);
#5571=CYLINDRICAL_SURFACE('',#6577,3.6);
#5572=CYLINDRICAL_SURFACE('',#6578,3.6);
#5573=CYLINDRICAL_SURFACE('',#6579,3.6);
#5574=CYLINDRICAL_SURFACE('',#6580,3.6);
#5575=CYLINDRICAL_SURFACE('',#6581,3.6);
#5576=CYLINDRICAL_SURFACE('',#6582,3.6);
#5577=CYLINDRICAL_SURFACE('',#6583,3.6);
#5578=CYLINDRICAL_SURFACE('',#6584,3.6);
#5579=CYLINDRICAL_SURFACE('',#6585,3.1);
#5580=CYLINDRICAL_SURFACE('',#6589,2.4);
#5581=CYLINDRICAL_SURFACE('',#6590,3.1);
#5582=CYLINDRICAL_SURFACE('',#6594,2.4);
#5583=CYLINDRICAL_SURFACE('',#6598,3.1);
#5584=CYLINDRICAL_SURFACE('',#6618,3.6);
#5585=CYLINDRICAL_SURFACE('',#6620,3.6);
#5586=CYLINDRICAL_SURFACE('',#6630,3.6);
#5587=CYLINDRICAL_SURFACE('',#6632,3.6);
#5588=CYLINDRICAL_SURFACE('',#6633,0.5);
#5589=CYLINDRICAL_SURFACE('',#6634,0.5);
#5590=CYLINDRICAL_SURFACE('',#6635,0.5);
#5591=CYLINDRICAL_SURFACE('',#6636,0.5);
#5592=CYLINDRICAL_SURFACE('',#6637,0.5);
#5593=CYLINDRICAL_SURFACE('',#6638,0.5);
#5594=CYLINDRICAL_SURFACE('',#6639,0.5);
#5595=CYLINDRICAL_SURFACE('',#6640,0.5);
#5596=ADVANCED_FACE('',(#4944),#5416,.F.);
#5597=ADVANCED_FACE('',(#4945),#5417,.F.);
#5598=ADVANCED_FACE('',(#4946),#5418,.F.);
#5599=ADVANCED_FACE('',(#4947),#5419,.F.);
#5600=ADVANCED_FACE('',(#4948),#5420,.F.);
#5601=ADVANCED_FACE('',(#4949),#5421,.F.);
#5602=ADVANCED_FACE('',(#4950),#5422,.F.);
#5603=ADVANCED_FACE('',(#4951),#5423,.F.);
#5604=ADVANCED_FACE('',(#4952),#20,.F.);
#5605=ADVANCED_FACE('',(#4953),#21,.F.);
#5606=ADVANCED_FACE('',(#4954),#5424,.T.);
#5607=ADVANCED_FACE('',(#4955),#22,.F.);
#5608=ADVANCED_FACE('',(#4956),#5425,.T.);
#5609=ADVANCED_FACE('',(#4957),#23,.T.);
#5610=ADVANCED_FACE('',(#4958),#5426,.T.);
#5611=ADVANCED_FACE('',(#4959),#24,.T.);
#5612=ADVANCED_FACE('',(#4960),#5427,.T.);
#5613=ADVANCED_FACE('',(#4961),#25,.T.);
#5614=ADVANCED_FACE('',(#4962,#4963,#4964,#4965,#4966,#4967),#26,.F.);
#5615=ADVANCED_FACE('',(#4968,#4969),#5428,.F.);
#5616=ADVANCED_FACE('',(#4970,#4971),#27,.F.);
#5617=ADVANCED_FACE('',(#4972,#4973),#5429,.F.);
#5618=ADVANCED_FACE('',(#4974,#4975),#28,.F.);
#5619=ADVANCED_FACE('',(#4976),#5430,.F.);
#5620=ADVANCED_FACE('',(#4977,#4978),#5431,.F.);
#5621=ADVANCED_FACE('',(#4979,#4980),#29,.F.);
#5622=ADVANCED_FACE('',(#4981,#4982),#5432,.F.);
#5623=ADVANCED_FACE('',(#4983,#4984),#30,.F.);
#5624=ADVANCED_FACE('',(#4985),#5433,.F.);
#5625=ADVANCED_FACE('',(#4986),#5434,.F.);
#5626=ADVANCED_FACE('',(#4987,#4988),#31,.F.);
#5627=ADVANCED_FACE('',(#4989,#4990),#5435,.F.);
#5628=ADVANCED_FACE('',(#4991,#4992),#32,.F.);
#5629=ADVANCED_FACE('',(#4993,#4994),#5436,.F.);
#5630=ADVANCED_FACE('',(#4995),#5437,.F.);
#5631=ADVANCED_FACE('',(#4996,#4997),#33,.F.);
#5632=ADVANCED_FACE('',(#4998,#4999),#5438,.F.);
#5633=ADVANCED_FACE('',(#5000,#5001),#34,.F.);
#5634=ADVANCED_FACE('',(#5002,#5003),#5439,.F.);
#5635=ADVANCED_FACE('',(#5004),#5440,.F.);
#5636=ADVANCED_FACE('',(#5005,#5006),#35,.F.);
#5637=ADVANCED_FACE('',(#5007,#5008),#5441,.F.);
#5638=ADVANCED_FACE('',(#5009,#5010),#36,.F.);
#5639=ADVANCED_FACE('',(#5011,#5012),#5442,.F.);
#5640=ADVANCED_FACE('',(#5013,#5014),#5443,.F.);
#5641=ADVANCED_FACE('',(#5015,#5016),#37,.F.);
#5642=ADVANCED_FACE('',(#5017,#5018),#5444,.F.);
#5643=ADVANCED_FACE('',(#5019,#5020),#5445,.F.);
#5644=ADVANCED_FACE('',(#5021,#5022),#38,.F.);
#5645=ADVANCED_FACE('',(#5023,#5024),#5446,.F.);
#5646=ADVANCED_FACE('',(#5025,#5026),#5447,.F.);
#5647=ADVANCED_FACE('',(#5027,#5028),#39,.F.);
#5648=ADVANCED_FACE('',(#5029,#5030),#5448,.F.);
#5649=ADVANCED_FACE('',(#5031,#5032),#5449,.F.);
#5650=ADVANCED_FACE('',(#5033,#5034),#40,.F.);
#5651=ADVANCED_FACE('',(#5035,#5036),#5450,.F.);
#5652=ADVANCED_FACE('',(#5037,#5038),#5451,.F.);
#5653=ADVANCED_FACE('',(#5039,#5040),#41,.F.);
#5654=ADVANCED_FACE('',(#5041,#5042),#5452,.F.);
#5655=ADVANCED_FACE('',(#5043),#42,.F.);
#5656=ADVANCED_FACE('',(#5044),#43,.F.);
#5657=ADVANCED_FACE('',(#5045),#44,.F.);
#5658=ADVANCED_FACE('',(#5046),#45,.F.);
#5659=ADVANCED_FACE('',(#5047),#46,.F.);
#5660=ADVANCED_FACE('',(#5048),#47,.F.);
#5661=ADVANCED_FACE('',(#5049),#48,.F.);
#5662=ADVANCED_FACE('',(#5050),#49,.F.);
#5663=ADVANCED_FACE('',(#5051),#50,.T.);
#5664=ADVANCED_FACE('',(#5052),#51,.T.);
#5665=ADVANCED_FACE('',(#5053),#52,.F.);
#5666=ADVANCED_FACE('',(#5054),#53,.F.);
#5667=ADVANCED_FACE('',(#5055),#54,.F.);
#5668=ADVANCED_FACE('',(#5056),#55,.F.);
#5669=ADVANCED_FACE('',(#5057),#56,.F.);
#5670=ADVANCED_FACE('',(#5058),#57,.F.);
#5671=ADVANCED_FACE('',(#5059),#58,.F.);
#5672=ADVANCED_FACE('',(#5060),#59,.F.);
#5673=ADVANCED_FACE('',(#5061),#60,.F.);
#5674=ADVANCED_FACE('',(#5062),#61,.F.);
#5675=ADVANCED_FACE('',(#5063),#62,.T.);
#5676=ADVANCED_FACE('',(#5064),#63,.T.);
#5677=ADVANCED_FACE('',(#5065),#64,.F.);
#5678=ADVANCED_FACE('',(#5066),#65,.F.);
#5679=ADVANCED_FACE('',(#5067),#66,.F.);
#5680=ADVANCED_FACE('',(#5068),#67,.F.);
#5681=ADVANCED_FACE('',(#5069),#68,.F.);
#5682=ADVANCED_FACE('',(#5070),#69,.F.);
#5683=ADVANCED_FACE('',(#5071),#70,.F.);
#5684=ADVANCED_FACE('',(#5072),#71,.F.);
#5685=ADVANCED_FACE('',(#5073),#5453,.F.);
#5686=ADVANCED_FACE('',(#5074),#5454,.F.);
#5687=ADVANCED_FACE('',(#5075),#5455,.F.);
#5688=ADVANCED_FACE('',(#5076),#5456,.F.);
#5689=ADVANCED_FACE('',(#5077),#5457,.F.);
#5690=ADVANCED_FACE('',(#5078),#5458,.F.);
#5691=ADVANCED_FACE('',(#5079),#5459,.F.);
#5692=ADVANCED_FACE('',(#5080),#5460,.F.);
#5693=ADVANCED_FACE('',(#5081),#5461,.F.);
#5694=ADVANCED_FACE('',(#5082),#5462,.F.);
#5695=ADVANCED_FACE('',(#5083),#5463,.F.);
#5696=ADVANCED_FACE('',(#5084),#5464,.F.);
#5697=ADVANCED_FACE('',(#5085),#5465,.T.);
#5698=ADVANCED_FACE('',(#5086),#72,.F.);
#5699=ADVANCED_FACE('',(#5087),#5466,.T.);
#5700=ADVANCED_FACE('',(#5088),#73,.F.);
#5701=ADVANCED_FACE('',(#5089),#74,.F.);
#5702=ADVANCED_FACE('',(#5090),#5467,.T.);
#5703=ADVANCED_FACE('',(#5091),#75,.F.);
#5704=ADVANCED_FACE('',(#5092),#5468,.T.);
#5705=ADVANCED_FACE('',(#5093),#76,.T.);
#5706=ADVANCED_FACE('',(#5094),#5469,.T.);
#5707=ADVANCED_FACE('',(#5095),#77,.T.);
#5708=ADVANCED_FACE('',(#5096),#5470,.T.);
#5709=ADVANCED_FACE('',(#5097,#5098,#5099,#5100,#5101,#5102,#5103,#5104),
#78,.F.);
#5710=ADVANCED_FACE('',(#5105),#79,.T.);
#5711=ADVANCED_FACE('',(#5106),#80,.T.);
#5712=ADVANCED_FACE('',(#5107,#5108),#81,.F.);
#5713=ADVANCED_FACE('',(#5109),#5471,.F.);
#5714=ADVANCED_FACE('',(#5110),#82,.T.);
#5715=ADVANCED_FACE('',(#5111),#83,.T.);
#5716=ADVANCED_FACE('',(#5112,#5113),#84,.F.);
#5717=ADVANCED_FACE('',(#5114),#5472,.F.);
#5718=ADVANCED_FACE('',(#5115),#85,.T.);
#5719=ADVANCED_FACE('',(#5116),#86,.T.);
#5720=ADVANCED_FACE('',(#5117,#5118),#87,.F.);
#5721=ADVANCED_FACE('',(#5119),#5473,.F.);
#5722=ADVANCED_FACE('',(#5120,#5121),#5474,.F.);
#5723=ADVANCED_FACE('',(#5122,#5123),#5475,.F.);
#5724=ADVANCED_FACE('',(#5124,#5125),#5476,.F.);
#5725=ADVANCED_FACE('',(#5126,#5127),#5477,.F.);
#5726=ADVANCED_FACE('',(#5128,#5129),#88,.F.);
#5727=ADVANCED_FACE('',(#5130,#5131),#89,.F.);
#5728=ADVANCED_FACE('',(#5132,#5133),#90,.F.);
#5729=ADVANCED_FACE('',(#5134,#5135),#91,.F.);
#5730=ADVANCED_FACE('',(#5136,#5137),#92,.F.);
#5731=ADVANCED_FACE('',(#5138,#5139),#93,.F.);
#5732=ADVANCED_FACE('',(#5140,#5141),#94,.F.);
#5733=ADVANCED_FACE('',(#5142,#5143),#95,.F.);
#5734=ADVANCED_FACE('',(#5144,#5145),#5478,.F.);
#5735=ADVANCED_FACE('',(#5146,#5147),#5479,.F.);
#5736=ADVANCED_FACE('',(#5148,#5149),#5480,.F.);
#5737=ADVANCED_FACE('',(#5150,#5151),#5481,.F.);
#5738=ADVANCED_FACE('',(#5152),#5482,.F.);
#5739=ADVANCED_FACE('',(#5153),#5483,.F.);
#5740=ADVANCED_FACE('',(#5154),#5484,.T.);
#5741=ADVANCED_FACE('',(#5155),#5485,.F.);
#5742=ADVANCED_FACE('',(#5156),#96,.F.);
#5743=ADVANCED_FACE('',(#5157),#5486,.F.);
#5744=ADVANCED_FACE('',(#5158),#5487,.T.);
#5745=ADVANCED_FACE('',(#5159),#5488,.F.);
#5746=ADVANCED_FACE('',(#5160),#5489,.T.);
#5747=ADVANCED_FACE('',(#5161),#5490,.F.);
#5748=ADVANCED_FACE('',(#5162),#5491,.F.);
#5749=ADVANCED_FACE('',(#5163),#5492,.T.);
#5750=ADVANCED_FACE('',(#5164),#5493,.F.);
#5751=ADVANCED_FACE('',(#5165),#97,.F.);
#5752=ADVANCED_FACE('',(#5166),#5494,.F.);
#5753=ADVANCED_FACE('',(#5167),#5495,.T.);
#5754=ADVANCED_FACE('',(#5168),#5496,.F.);
#5755=ADVANCED_FACE('',(#5169),#98,.F.);
#5756=ADVANCED_FACE('',(#5170),#5497,.F.);
#5757=ADVANCED_FACE('',(#5171),#5498,.T.);
#5758=ADVANCED_FACE('',(#5172),#5499,.F.);
#5759=ADVANCED_FACE('',(#5173,#5174),#99,.F.);
#5760=ADVANCED_FACE('',(#5175,#5176),#100,.F.);
#5761=ADVANCED_FACE('',(#5177,#5178),#101,.F.);
#5762=ADVANCED_FACE('',(#5179,#5180),#102,.F.);
#5763=ADVANCED_FACE('',(#5181,#5182),#5500,.F.);
#5764=ADVANCED_FACE('',(#5183,#5184),#5501,.F.);
#5765=ADVANCED_FACE('',(#5185,#5186),#5502,.F.);
#5766=ADVANCED_FACE('',(#5187,#5188),#5503,.F.);
#5767=ADVANCED_FACE('',(#5189),#103,.F.);
#5768=ADVANCED_FACE('',(#5190,#5191),#104,.F.);
#5769=ADVANCED_FACE('',(#5192),#105,.F.);
#5770=ADVANCED_FACE('',(#5193,#5194,#5195,#5196,#5197,#5198,#5199,#5200),
#106,.T.);
#5771=ADVANCED_FACE('',(#5201,#5202),#5504,.F.);
#5772=ADVANCED_FACE('',(#5203,#5204),#5505,.F.);
#5773=ADVANCED_FACE('',(#5205,#5206),#5506,.F.);
#5774=ADVANCED_FACE('',(#5207,#5208),#5507,.F.);
#5775=ADVANCED_FACE('',(#5209,#5210),#5508,.F.);
#5776=ADVANCED_FACE('',(#5211,#5212),#5509,.F.);
#5777=ADVANCED_FACE('',(#5213,#5214),#5510,.F.);
#5778=ADVANCED_FACE('',(#5215,#5216),#5511,.F.);
#5779=ADVANCED_FACE('',(#5217,#5218),#107,.F.);
#5780=ADVANCED_FACE('',(#5219,#5220,#5221,#5222,#5223,#5224,#5225,#5226),
#108,.F.);
#5781=ADVANCED_FACE('',(#5227,#5228),#109,.F.);
#5782=ADVANCED_FACE('',(#5229),#5512,.F.);
#5783=ADVANCED_FACE('',(#5230),#110,.T.);
#5784=ADVANCED_FACE('',(#5231),#111,.F.);
#5785=ADVANCED_FACE('',(#5232),#112,.T.);
#5786=ADVANCED_FACE('',(#5233),#5513,.F.);
#5787=ADVANCED_FACE('',(#5234),#113,.T.);
#5788=ADVANCED_FACE('',(#5235),#114,.F.);
#5789=ADVANCED_FACE('',(#5236),#115,.T.);
#5790=ADVANCED_FACE('',(#5237),#5514,.F.);
#5791=ADVANCED_FACE('',(#5238),#116,.F.);
#5792=ADVANCED_FACE('',(#5239),#5515,.T.);
#5793=ADVANCED_FACE('',(#5240),#117,.F.);
#5794=ADVANCED_FACE('',(#5241),#5516,.T.);
#5795=ADVANCED_FACE('',(#5242),#5517,.T.);
#5796=ADVANCED_FACE('',(#5243),#118,.F.);
#5797=ADVANCED_FACE('',(#5244),#5518,.T.);
#5798=ADVANCED_FACE('',(#5245),#119,.F.);
#5799=ADVANCED_FACE('',(#5246,#5247),#120,.F.);
#5800=ADVANCED_FACE('',(#5248,#5249),#121,.F.);
#5801=ADVANCED_FACE('',(#5250,#5251),#122,.F.);
#5802=ADVANCED_FACE('',(#5252,#5253),#123,.F.);
#5803=ADVANCED_FACE('',(#5254),#124,.T.);
#5804=ADVANCED_FACE('',(#5255),#125,.F.);
#5805=ADVANCED_FACE('',(#5256),#5519,.T.);
#5806=ADVANCED_FACE('',(#5257),#126,.F.);
#5807=ADVANCED_FACE('',(#5258),#5520,.T.);
#5808=ADVANCED_FACE('',(#5259),#127,.F.);
#5809=ADVANCED_FACE('',(#5260),#128,.T.);
#5810=ADVANCED_FACE('',(#5261),#129,.T.);
#5811=ADVANCED_FACE('',(#5262,#5263,#5264,#5265,#5266,#5267),#130,.F.);
#5812=ADVANCED_FACE('',(#5268),#5521,.T.);
#5813=ADVANCED_FACE('',(#5269,#5270,#5271,#5272),#131,.F.);
#5814=ADVANCED_FACE('',(#5273),#5522,.T.);
#5815=ADVANCED_FACE('',(#5274),#5523,.T.);
#5816=ADVANCED_FACE('',(#5275,#5276,#5277,#5278),#132,.F.);
#5817=ADVANCED_FACE('',(#5279),#5524,.T.);
#5818=ADVANCED_FACE('',(#5280),#133,.T.);
#5819=ADVANCED_FACE('',(#5281,#5282,#5283,#5284),#134,.T.);
#5820=ADVANCED_FACE('',(#5285),#135,.T.);
#5821=ADVANCED_FACE('',(#5286,#5287),#5525,.F.);
#5822=ADVANCED_FACE('',(#5288,#5289),#5526,.F.);
#5823=ADVANCED_FACE('',(#5290,#5291),#5527,.F.);
#5824=ADVANCED_FACE('',(#5292,#5293),#5528,.F.);
#5825=ADVANCED_FACE('',(#5294),#136,.F.);
#5826=ADVANCED_FACE('',(#5295),#5529,.T.);
#5827=ADVANCED_FACE('',(#5296),#137,.F.);
#5828=ADVANCED_FACE('',(#5297),#138,.F.);
#5829=ADVANCED_FACE('',(#5298,#5299),#139,.F.);
#5830=ADVANCED_FACE('',(#5300),#5530,.T.);
#5831=ADVANCED_FACE('',(#5301),#140,.F.);
#5832=ADVANCED_FACE('',(#5302),#141,.F.);
#5833=ADVANCED_FACE('',(#5303),#142,.F.);
#5834=ADVANCED_FACE('',(#5304),#143,.F.);
#5835=ADVANCED_FACE('',(#5305),#144,.T.);
#5836=ADVANCED_FACE('',(#5306),#5531,.F.);
#5837=ADVANCED_FACE('',(#5307),#145,.F.);
#5838=ADVANCED_FACE('',(#5308),#5532,.F.);
#5839=ADVANCED_FACE('',(#5309),#5533,.T.);
#5840=ADVANCED_FACE('',(#5310),#5534,.T.);
#5841=ADVANCED_FACE('',(#5311),#5535,.F.);
#5842=ADVANCED_FACE('',(#5312),#5536,.T.);
#5843=ADVANCED_FACE('',(#5313),#5537,.T.);
#5844=ADVANCED_FACE('',(#5314),#5538,.F.);
#5845=ADVANCED_FACE('',(#5315),#146,.F.);
#5846=ADVANCED_FACE('',(#5316),#5539,.T.);
#5847=ADVANCED_FACE('',(#5317),#5540,.F.);
#5848=ADVANCED_FACE('',(#5318),#147,.F.);
#5849=ADVANCED_FACE('',(#5319),#5541,.F.);
#5850=ADVANCED_FACE('',(#5320),#5542,.T.);
#5851=ADVANCED_FACE('',(#5321),#5543,.F.);
#5852=ADVANCED_FACE('',(#5322),#5544,.F.);
#5853=ADVANCED_FACE('',(#5323),#5545,.F.);
#5854=ADVANCED_FACE('',(#5324,#5325,#5326,#5327,#5328,#5329,#5330,#5331),
#148,.T.);
#5855=ADVANCED_FACE('',(#5332),#5546,.F.);
#5856=ADVANCED_FACE('',(#5333),#5547,.F.);
#5857=ADVANCED_FACE('',(#5334),#5548,.F.);
#5858=ADVANCED_FACE('',(#5335),#149,.T.);
#5859=ADVANCED_FACE('',(#5336),#5549,.T.);
#5860=ADVANCED_FACE('',(#5337),#150,.T.);
#5861=ADVANCED_FACE('',(#5338),#5550,.T.);
#5862=ADVANCED_FACE('',(#5339),#151,.F.);
#5863=ADVANCED_FACE('',(#5340),#5551,.T.);
#5864=ADVANCED_FACE('',(#5341),#152,.F.);
#5865=ADVANCED_FACE('',(#5342),#5552,.T.);
#5866=ADVANCED_FACE('',(#5343),#5553,.T.);
#5867=ADVANCED_FACE('',(#5344),#153,.F.);
#5868=ADVANCED_FACE('',(#5345),#5554,.T.);
#5869=ADVANCED_FACE('',(#5346),#154,.F.);
#5870=ADVANCED_FACE('',(#5347),#5555,.F.);
#5871=ADVANCED_FACE('',(#5348),#5556,.F.);
#5872=ADVANCED_FACE('',(#5349),#5557,.F.);
#5873=ADVANCED_FACE('',(#5350),#5558,.F.);
#5874=ADVANCED_FACE('',(#5351),#5559,.F.);
#5875=ADVANCED_FACE('',(#5352),#5560,.F.);
#5876=ADVANCED_FACE('',(#5353),#5561,.F.);
#5877=ADVANCED_FACE('',(#5354),#5562,.F.);
#5878=ADVANCED_FACE('',(#5355),#5563,.F.);
#5879=ADVANCED_FACE('',(#5356),#5564,.F.);
#5880=ADVANCED_FACE('',(#5357),#5565,.F.);
#5881=ADVANCED_FACE('',(#5358),#5566,.F.);
#5882=ADVANCED_FACE('',(#5359),#5567,.T.);
#5883=ADVANCED_FACE('',(#5360),#5568,.T.);
#5884=ADVANCED_FACE('',(#5361),#5569,.T.);
#5885=ADVANCED_FACE('',(#5362),#5570,.T.);
#5886=ADVANCED_FACE('',(#5363),#5571,.T.);
#5887=ADVANCED_FACE('',(#5364),#5572,.T.);
#5888=ADVANCED_FACE('',(#5365),#5573,.T.);
#5889=ADVANCED_FACE('',(#5366),#5574,.T.);
#5890=ADVANCED_FACE('',(#5367),#5575,.T.);
#5891=ADVANCED_FACE('',(#5368),#5576,.T.);
#5892=ADVANCED_FACE('',(#5369),#5577,.T.);
#5893=ADVANCED_FACE('',(#5370),#5578,.T.);
#5894=ADVANCED_FACE('',(#5371,#5372),#5579,.F.);
#5895=ADVANCED_FACE('',(#5373,#5374),#155,.F.);
#5896=ADVANCED_FACE('',(#5375,#5376),#5580,.F.);
#5897=ADVANCED_FACE('',(#5377),#5581,.F.);
#5898=ADVANCED_FACE('',(#5378,#5379),#156,.F.);
#5899=ADVANCED_FACE('',(#5380,#5381),#5582,.F.);
#5900=ADVANCED_FACE('',(#5382,#5383),#157,.F.);
#5901=ADVANCED_FACE('',(#5384,#5385),#5583,.F.);
#5902=ADVANCED_FACE('',(#5386),#158,.F.);
#5903=ADVANCED_FACE('',(#5387),#159,.F.);
#5904=ADVANCED_FACE('',(#5388),#160,.F.);
#5905=ADVANCED_FACE('',(#5389),#161,.F.);
#5906=ADVANCED_FACE('',(#5390),#162,.F.);
#5907=ADVANCED_FACE('',(#5391),#163,.F.);
#5908=ADVANCED_FACE('',(#5392),#164,.F.);
#5909=ADVANCED_FACE('',(#5393),#165,.F.);
#5910=ADVANCED_FACE('',(#5394),#166,.F.);
#5911=ADVANCED_FACE('',(#5395),#167,.F.);
#5912=ADVANCED_FACE('',(#5396),#168,.F.);
#5913=ADVANCED_FACE('',(#5397),#169,.F.);
#5914=ADVANCED_FACE('',(#5398),#170,.T.);
#5915=ADVANCED_FACE('',(#5399),#5584,.T.);
#5916=ADVANCED_FACE('',(#5400),#171,.T.);
#5917=ADVANCED_FACE('',(#5401),#5585,.T.);
#5918=ADVANCED_FACE('',(#5402),#172,.T.);
#5919=ADVANCED_FACE('',(#5403),#173,.F.);
#5920=ADVANCED_FACE('',(#5404),#174,.F.);
#5921=ADVANCED_FACE('',(#5405),#5586,.T.);
#5922=ADVANCED_FACE('',(#5406),#175,.F.);
#5923=ADVANCED_FACE('',(#5407),#5587,.T.);
#5924=ADVANCED_FACE('',(#5408),#5588,.F.);
#5925=ADVANCED_FACE('',(#5409),#5589,.F.);
#5926=ADVANCED_FACE('',(#5410),#5590,.F.);
#5927=ADVANCED_FACE('',(#5411),#5591,.F.);
#5928=ADVANCED_FACE('',(#5412),#5592,.F.);
#5929=ADVANCED_FACE('',(#5413),#5593,.F.);
#5930=ADVANCED_FACE('',(#5414),#5594,.F.);
#5931=ADVANCED_FACE('',(#5415),#5595,.F.);
#5932=CLOSED_SHELL('',(#5596,#5597,#5598,#5599,#5600,#5601,#5602,#5603,
#5604,#5605,#5606,#5607,#5608,#5609,#5610,#5611,#5612,#5613,#5614,#5615,
#5616,#5617,#5618,#5619,#5620,#5621,#5622,#5623,#5624,#5625,#5626,#5627,
#5628,#5629,#5630,#5631,#5632,#5633,#5634,#5635,#5636,#5637,#5638,#5639,
#5640,#5641,#5642,#5643,#5644,#5645,#5646,#5647,#5648,#5649,#5650,#5651,
#5652,#5653,#5654,#5655,#5656,#5657,#5658,#5659,#5660,#5661,#5662,#5663,
#5664,#5665,#5666,#5667,#5668,#5669,#5670,#5671,#5672,#5673,#5674,#5675,
#5676,#5677,#5678,#5679,#5680,#5681,#5682,#5683,#5684,#5685,#5686,#5687,
#5688,#5689,#5690,#5691,#5692,#5693,#5694,#5695,#5696,#5697,#5698,#5699,
#5700,#5701,#5702,#5703,#5704,#5705,#5706,#5707,#5708,#5709,#5710,#5711,
#5712,#5713,#5714,#5715,#5716,#5717,#5718,#5719,#5720,#5721,#5722,#5723,
#5724,#5725,#5726,#5727,#5728,#5729,#5730,#5731,#5732,#5733,#5734,#5735,
#5736,#5737,#5738,#5739,#5740,#5741,#5742,#5743,#5744,#5745,#5746,#5747,
#5748,#5749,#5750,#5751,#5752,#5753,#5754,#5755,#5756,#5757,#5758,#5759,
#5760,#5761,#5762,#5763,#5764,#5765,#5766,#5767,#5768,#5769,#5770,#5771,
#5772,#5773,#5774,#5775,#5776,#5777,#5778,#5779,#5780,#5781,#5782,#5783,
#5784,#5785,#5786,#5787,#5788,#5789,#5790,#5791,#5792,#5793,#5794,#5795,
#5796,#5797,#5798,#5799,#5800,#5801,#5802,#5803,#5804,#5805,#5806,#5807,
#5808,#5809,#5810,#5811,#5812,#5813,#5814,#5815,#5816,#5817,#5818,#5819,
#5820,#5821,#5822,#5823,#5824,#5825,#5826,#5827,#5828,#5829,#5830,#5831,
#5832,#5833,#5834,#5835,#5836,#5837,#5838,#5839,#5840,#5841,#5842,#5843,
#5844,#5845,#5846,#5847,#5848,#5849,#5850,#5851,#5852,#5853,#5854,#5855,
#5856,#5857,#5858,#5859,#5860,#5861,#5862,#5863,#5864,#5865,#5866,#5867,
#5868,#5869,#5870,#5871,#5872,#5873,#5874,#5875,#5876,#5877,#5878,#5879,
#5880,#5881,#5882,#5883,#5884,#5885,#5886,#5887,#5888,#5889,#5890,#5891,
#5892,#5893,#5894,#5895,#5896,#5897,#5898,#5899,#5900,#5901,#5902,#5903,
#5904,#5905,#5906,#5907,#5908,#5909,#5910,#5911,#5912,#5913,#5914,#5915,
#5916,#5917,#5918,#5919,#5920,#5921,#5922,#5923,#5924,#5925,#5926,#5927,
#5928,#5929,#5930,#5931));
#5933=STYLED_ITEM('',(#5934),#5941);
#5934=PRESENTATION_STYLE_ASSIGNMENT((#5935));
#5935=SURFACE_STYLE_USAGE(.BOTH.,#5936);
#5936=SURFACE_SIDE_STYLE('',(#5937));
#5937=SURFACE_STYLE_FILL_AREA(#5938);
#5938=FILL_AREA_STYLE('',(#5939));
#5939=FILL_AREA_STYLE_COLOUR('',#5940);
#5940=COLOUR_RGB('',0.506983280181885,0.531564235687256,0.550000011920929);
#5941=MANIFOLD_SOLID_BREP('',#5932);
#5942=SHAPE_DEFINITION_REPRESENTATION(#10226,#5943);
#5943=SHAPE_REPRESENTATION('ClGray_4539880_AVV',(#5944),#10221);
#5944=AXIS2_PLACEMENT_3D('',#8491,#6641,#6642);
#5945=AXIS2_PLACEMENT_3D('',#8492,#6643,#6644);
#5946=AXIS2_PLACEMENT_3D('',#8493,#6645,#6646);
#5947=AXIS2_PLACEMENT_3D('',#8498,#6648,#6649);
#5948=AXIS2_PLACEMENT_3D('',#8501,#6651,#6652);
#5949=AXIS2_PLACEMENT_3D('',#8502,#6653,#6654);
#5950=AXIS2_PLACEMENT_3D('',#8507,#6656,#6657);
#5951=AXIS2_PLACEMENT_3D('',#8510,#6659,#6660);
#5952=AXIS2_PLACEMENT_3D('',#8511,#6661,#6662);
#5953=AXIS2_PLACEMENT_3D('',#8516,#6664,#6665);
#5954=AXIS2_PLACEMENT_3D('',#8519,#6667,#6668);
#5955=AXIS2_PLACEMENT_3D('',#8520,#6669,#6670);
#5956=AXIS2_PLACEMENT_3D('',#8525,#6672,#6673);
#5957=AXIS2_PLACEMENT_3D('',#8528,#6675,#6676);
#5958=AXIS2_PLACEMENT_3D('',#8529,#6677,#6678);
#5959=AXIS2_PLACEMENT_3D('',#8534,#6680,#6681);
#5960=AXIS2_PLACEMENT_3D('',#8537,#6683,#6684);
#5961=AXIS2_PLACEMENT_3D('',#8538,#6685,#6686);
#5962=AXIS2_PLACEMENT_3D('',#8543,#6688,#6689);
#5963=AXIS2_PLACEMENT_3D('',#8546,#6691,#6692);
#5964=AXIS2_PLACEMENT_3D('',#8547,#6693,#6694);
#5965=AXIS2_PLACEMENT_3D('',#8552,#6696,#6697);
#5966=AXIS2_PLACEMENT_3D('',#8555,#6699,#6700);
#5967=AXIS2_PLACEMENT_3D('',#8556,#6701,#6702);
#5968=AXIS2_PLACEMENT_3D('',#8561,#6704,#6705);
#5969=AXIS2_PLACEMENT_3D('',#8564,#6707,#6708);
#5970=AXIS2_PLACEMENT_3D('',#8566,#6710,#6711);
#5971=AXIS2_PLACEMENT_3D('',#8568,#6713,#6714);
#5972=AXIS2_PLACEMENT_3D('',#8569,#6715,#6716);
#5973=AXIS2_PLACEMENT_3D('',#8571,#6718,#6719);
#5974=AXIS2_PLACEMENT_3D('',#8572,#6720,#6721);
#5975=AXIS2_PLACEMENT_3D('',#8573,#6722,#6723);
#5976=AXIS2_PLACEMENT_3D('',#8575,#6725,#6726);
#5977=AXIS2_PLACEMENT_3D('',#8576,#6727,#6728);
#5978=AXIS2_PLACEMENT_3D('',#8577,#6729,#6730);
#5979=AXIS2_PLACEMENT_3D('',#8579,#6732,#6733);
#5980=AXIS2_PLACEMENT_3D('',#8581,#6735,#6736);
#5981=AXIS2_PLACEMENT_3D('',#8582,#6737,#6738);
#5982=AXIS2_PLACEMENT_3D('',#8583,#6739,#6740);
#5983=AXIS2_PLACEMENT_3D('',#8584,#6741,#6742);
#5984=AXIS2_PLACEMENT_3D('',#8586,#6744,#6745);
#5985=AXIS2_PLACEMENT_3D('',#8587,#6746,#6747);
#5986=AXIS2_PLACEMENT_3D('',#8588,#6748,#6749);
#5987=AXIS2_PLACEMENT_3D('',#8590,#6751,#6752);
#5988=AXIS2_PLACEMENT_3D('',#8591,#6753,#6754);
#5989=AXIS2_PLACEMENT_3D('',#8594,#6755,#6756);
#5990=AXIS2_PLACEMENT_3D('',#8598,#6758,#6759);
#5991=AXIS2_PLACEMENT_3D('',#8600,#6760,#6761);
#5992=AXIS2_PLACEMENT_3D('',#8602,#6762,#6763);
#5993=AXIS2_PLACEMENT_3D('',#8606,#6765,#6766);
#5994=AXIS2_PLACEMENT_3D('',#8615,#6771,#6772);
#5995=AXIS2_PLACEMENT_3D('',#8617,#6773,#6774);
#5996=AXIS2_PLACEMENT_3D('',#8619,#6775,#6776);
#5997=AXIS2_PLACEMENT_3D('',#8624,#6778,#6779);
#5998=AXIS2_PLACEMENT_3D('',#8626,#6780,#6781);
#5999=AXIS2_PLACEMENT_3D('',#8628,#6782,#6783);
#6000=AXIS2_PLACEMENT_3D('',#8632,#6785,#6786);
#6001=AXIS2_PLACEMENT_3D('',#8634,#6787,#6788);
#6002=AXIS2_PLACEMENT_3D('',#8636,#6789,#6790);
#6003=AXIS2_PLACEMENT_3D('',#8637,#6791,#6792);
#6004=AXIS2_PLACEMENT_3D('',#8638,#6793,#6794);
#6005=AXIS2_PLACEMENT_3D('',#8640,#6795,#6796);
#6006=AXIS2_PLACEMENT_3D('',#8641,#6797,#6798);
#6007=AXIS2_PLACEMENT_3D('',#8643,#6799,#6800);
#6008=AXIS2_PLACEMENT_3D('',#8644,#6801,#6802);
#6009=AXIS2_PLACEMENT_3D('',#8646,#6803,#6804);
#6010=AXIS2_PLACEMENT_3D('',#8647,#6805,#6806);
#6011=AXIS2_PLACEMENT_3D('',#8655,#6810,#6811);
#6012=AXIS2_PLACEMENT_3D('',#8658,#6813,#6814);
#6013=AXIS2_PLACEMENT_3D('',#8661,#6816,#6817);
#6014=AXIS2_PLACEMENT_3D('',#8662,#6818,#6819);
#6015=AXIS2_PLACEMENT_3D('',#8664,#6820,#6821);
#6016=AXIS2_PLACEMENT_3D('',#8665,#6822,#6823);
#6017=AXIS2_PLACEMENT_3D('',#8667,#6824,#6825);
#6018=AXIS2_PLACEMENT_3D('',#8668,#6826,#6827);
#6019=AXIS2_PLACEMENT_3D('',#8670,#6828,#6829);
#6020=AXIS2_PLACEMENT_3D('',#8671,#6830,#6831);
#6021=AXIS2_PLACEMENT_3D('',#8679,#6835,#6836);
#6022=AXIS2_PLACEMENT_3D('',#8682,#6838,#6839);
#6023=AXIS2_PLACEMENT_3D('',#8685,#6841,#6842);
#6024=AXIS2_PLACEMENT_3D('',#8686,#6843,#6844);
#6025=AXIS2_PLACEMENT_3D('',#8691,#6846,#6847);
#6026=AXIS2_PLACEMENT_3D('',#8694,#6849,#6850);
#6027=AXIS2_PLACEMENT_3D('',#8695,#6851,#6852);
#6028=AXIS2_PLACEMENT_3D('',#8702,#6856,#6857);
#6029=AXIS2_PLACEMENT_3D('',#8703,#6858,#6859);
#6030=AXIS2_PLACEMENT_3D('',#8705,#6860,#6861);
#6031=AXIS2_PLACEMENT_3D('',#8706,#6862,#6863);
#6032=AXIS2_PLACEMENT_3D('',#8708,#6864,#6865);
#6033=AXIS2_PLACEMENT_3D('',#8709,#6866,#6867);
#6034=AXIS2_PLACEMENT_3D('',#8710,#6868,#6869);
#6035=AXIS2_PLACEMENT_3D('',#8715,#6871,#6872);
#6036=AXIS2_PLACEMENT_3D('',#8718,#6874,#6875);
#6037=AXIS2_PLACEMENT_3D('',#8719,#6876,#6877);
#6038=AXIS2_PLACEMENT_3D('',#8726,#6881,#6882);
#6039=AXIS2_PLACEMENT_3D('',#8727,#6883,#6884);
#6040=AXIS2_PLACEMENT_3D('',#8729,#6885,#6886);
#6041=AXIS2_PLACEMENT_3D('',#8730,#6887,#6888);
#6042=AXIS2_PLACEMENT_3D('',#8732,#6889,#6890);
#6043=AXIS2_PLACEMENT_3D('',#8733,#6891,#6892);
#6044=AXIS2_PLACEMENT_3D('',#8735,#6893,#6894);
#6045=AXIS2_PLACEMENT_3D('',#8736,#6895,#6896);
#6046=AXIS2_PLACEMENT_3D('',#8741,#6898,#6899);
#6047=AXIS2_PLACEMENT_3D('',#8744,#6901,#6902);
#6048=AXIS2_PLACEMENT_3D('',#8745,#6903,#6904);
#6049=AXIS2_PLACEMENT_3D('',#8752,#6908,#6909);
#6050=AXIS2_PLACEMENT_3D('',#8753,#6910,#6911);
#6051=AXIS2_PLACEMENT_3D('',#8755,#6912,#6913);
#6052=AXIS2_PLACEMENT_3D('',#8756,#6914,#6915);
#6053=AXIS2_PLACEMENT_3D('',#8758,#6916,#6917);
#6054=AXIS2_PLACEMENT_3D('',#8759,#6918,#6919);
#6055=AXIS2_PLACEMENT_3D('',#8761,#6920,#6921);
#6056=AXIS2_PLACEMENT_3D('',#8762,#6922,#6923);
#6057=AXIS2_PLACEMENT_3D('',#8764,#6924,#6925);
#6058=AXIS2_PLACEMENT_3D('',#8766,#6926,#6927);
#6059=AXIS2_PLACEMENT_3D('',#8767,#6928,#6929);
#6060=AXIS2_PLACEMENT_3D('',#8769,#6930,#6931);
#6061=AXIS2_PLACEMENT_3D('',#8770,#6932,#6933);
#6062=AXIS2_PLACEMENT_3D('',#8772,#6934,#6935);
#6063=AXIS2_PLACEMENT_3D('',#8773,#6936,#6937);
#6064=AXIS2_PLACEMENT_3D('',#8775,#6938,#6939);
#6065=AXIS2_PLACEMENT_3D('',#8777,#6940,#6941);
#6066=AXIS2_PLACEMENT_3D('',#8778,#6942,#6943);
#6067=AXIS2_PLACEMENT_3D('',#8780,#6944,#6945);
#6068=AXIS2_PLACEMENT_3D('',#8781,#6946,#6947);
#6069=AXIS2_PLACEMENT_3D('',#8783,#6948,#6949);
#6070=AXIS2_PLACEMENT_3D('',#8784,#6950,#6951);
#6071=AXIS2_PLACEMENT_3D('',#8786,#6952,#6953);
#6072=AXIS2_PLACEMENT_3D('',#8788,#6954,#6955);
#6073=AXIS2_PLACEMENT_3D('',#8789,#6956,#6957);
#6074=AXIS2_PLACEMENT_3D('',#8791,#6958,#6959);
#6075=AXIS2_PLACEMENT_3D('',#8792,#6960,#6961);
#6076=AXIS2_PLACEMENT_3D('',#8794,#6962,#6963);
#6077=AXIS2_PLACEMENT_3D('',#8795,#6964,#6965);
#6078=AXIS2_PLACEMENT_3D('',#8797,#6966,#6967);
#6079=AXIS2_PLACEMENT_3D('',#8799,#6968,#6969);
#6080=AXIS2_PLACEMENT_3D('',#8800,#6970,#6971);
#6081=AXIS2_PLACEMENT_3D('',#8802,#6972,#6973);
#6082=AXIS2_PLACEMENT_3D('',#8803,#6974,#6975);
#6083=AXIS2_PLACEMENT_3D('',#8805,#6976,#6977);
#6084=AXIS2_PLACEMENT_3D('',#8806,#6978,#6979);
#6085=AXIS2_PLACEMENT_3D('',#8808,#6980,#6981);
#6086=AXIS2_PLACEMENT_3D('',#8810,#6982,#6983);
#6087=AXIS2_PLACEMENT_3D('',#8811,#6984,#6985);
#6088=AXIS2_PLACEMENT_3D('',#8813,#6986,#6987);
#6089=AXIS2_PLACEMENT_3D('',#8814,#6988,#6989);
#6090=AXIS2_PLACEMENT_3D('',#8816,#6990,#6991);
#6091=AXIS2_PLACEMENT_3D('',#8822,#6994,#6995);
#6092=AXIS2_PLACEMENT_3D('',#8824,#6996,#6997);
#6093=AXIS2_PLACEMENT_3D('',#8826,#6998,#6999);
#6094=AXIS2_PLACEMENT_3D('',#8829,#7001,#7002);
#6095=AXIS2_PLACEMENT_3D('',#8835,#7005,#7006);
#6096=AXIS2_PLACEMENT_3D('',#8837,#7007,#7008);
#6097=AXIS2_PLACEMENT_3D('',#8839,#7009,#7010);
#6098=AXIS2_PLACEMENT_3D('',#8842,#7012,#7013);
#6099=AXIS2_PLACEMENT_3D('',#8843,#7014,#7015);
#6100=AXIS2_PLACEMENT_3D('',#8849,#7019,#7020);
#6101=AXIS2_PLACEMENT_3D('',#8855,#7023,#7024);
#6102=AXIS2_PLACEMENT_3D('',#8857,#7025,#7026);
#6103=AXIS2_PLACEMENT_3D('',#8859,#7027,#7028);
#6104=AXIS2_PLACEMENT_3D('',#8862,#7030,#7031);
#6105=AXIS2_PLACEMENT_3D('',#8868,#7034,#7035);
#6106=AXIS2_PLACEMENT_3D('',#8870,#7036,#7037);
#6107=AXIS2_PLACEMENT_3D('',#8872,#7038,#7039);
#6108=AXIS2_PLACEMENT_3D('',#8875,#7041,#7042);
#6109=AXIS2_PLACEMENT_3D('',#8881,#7045,#7046);
#6110=AXIS2_PLACEMENT_3D('',#8883,#7047,#7048);
#6111=AXIS2_PLACEMENT_3D('',#8885,#7049,#7050);
#6112=AXIS2_PLACEMENT_3D('',#8888,#7052,#7053);
#6113=AXIS2_PLACEMENT_3D('',#8894,#7056,#7057);
#6114=AXIS2_PLACEMENT_3D('',#8896,#7058,#7059);
#6115=AXIS2_PLACEMENT_3D('',#8898,#7060,#7061);
#6116=AXIS2_PLACEMENT_3D('',#8901,#7063,#7064);
#6117=AXIS2_PLACEMENT_3D('',#8902,#7065,#7066);
#6118=AXIS2_PLACEMENT_3D('',#8908,#7070,#7071);
#6119=AXIS2_PLACEMENT_3D('',#8916,#7075,#7076);
#6120=AXIS2_PLACEMENT_3D('',#8918,#7077,#7078);
#6121=AXIS2_PLACEMENT_3D('',#8920,#7079,#7080);
#6122=AXIS2_PLACEMENT_3D('',#8921,#7081,#7082);
#6123=AXIS2_PLACEMENT_3D('',#8929,#7086,#7087);
#6124=AXIS2_PLACEMENT_3D('',#8931,#7088,#7089);
#6125=AXIS2_PLACEMENT_3D('',#8933,#7090,#7091);
#6126=AXIS2_PLACEMENT_3D('',#8934,#7092,#7093);
#6127=AXIS2_PLACEMENT_3D('',#8940,#7096,#7097);
#6128=AXIS2_PLACEMENT_3D('',#8942,#7098,#7099);
#6129=AXIS2_PLACEMENT_3D('',#8944,#7100,#7101);
#6130=AXIS2_PLACEMENT_3D('',#8947,#7103,#7104);
#6131=AXIS2_PLACEMENT_3D('',#8953,#7107,#7108);
#6132=AXIS2_PLACEMENT_3D('',#8955,#7109,#7110);
#6133=AXIS2_PLACEMENT_3D('',#8957,#7111,#7112);
#6134=AXIS2_PLACEMENT_3D('',#8960,#7114,#7115);
#6135=AXIS2_PLACEMENT_3D('',#8961,#7116,#7117);
#6136=AXIS2_PLACEMENT_3D('',#8967,#7121,#7122);
#6137=AXIS2_PLACEMENT_3D('',#8973,#7125,#7126);
#6138=AXIS2_PLACEMENT_3D('',#8975,#7127,#7128);
#6139=AXIS2_PLACEMENT_3D('',#8977,#7129,#7130);
#6140=AXIS2_PLACEMENT_3D('',#8980,#7132,#7133);
#6141=AXIS2_PLACEMENT_3D('',#8986,#7136,#7137);
#6142=AXIS2_PLACEMENT_3D('',#8988,#7138,#7139);
#6143=AXIS2_PLACEMENT_3D('',#8990,#7140,#7141);
#6144=AXIS2_PLACEMENT_3D('',#8993,#7143,#7144);
#6145=AXIS2_PLACEMENT_3D('',#8999,#7147,#7148);
#6146=AXIS2_PLACEMENT_3D('',#9001,#7149,#7150);
#6147=AXIS2_PLACEMENT_3D('',#9003,#7151,#7152);
#6148=AXIS2_PLACEMENT_3D('',#9006,#7154,#7155);
#6149=AXIS2_PLACEMENT_3D('',#9012,#7158,#7159);
#6150=AXIS2_PLACEMENT_3D('',#9014,#7160,#7161);
#6151=AXIS2_PLACEMENT_3D('',#9016,#7162,#7163);
#6152=AXIS2_PLACEMENT_3D('',#9019,#7165,#7166);
#6153=AXIS2_PLACEMENT_3D('',#9025,#7169,#7170);
#6154=AXIS2_PLACEMENT_3D('',#9027,#7171,#7172);
#6155=AXIS2_PLACEMENT_3D('',#9029,#7173,#7174);
#6156=AXIS2_PLACEMENT_3D('',#9032,#7176,#7177);
#6157=AXIS2_PLACEMENT_3D('',#9038,#7180,#7181);
#6158=AXIS2_PLACEMENT_3D('',#9040,#7182,#7183);
#6159=AXIS2_PLACEMENT_3D('',#9042,#7184,#7185);
#6160=AXIS2_PLACEMENT_3D('',#9045,#7187,#7188);
#6161=AXIS2_PLACEMENT_3D('',#9046,#7189,#7190);
#6162=AXIS2_PLACEMENT_3D('',#9052,#7194,#7195);
#6163=AXIS2_PLACEMENT_3D('',#9060,#7199,#7200);
#6164=AXIS2_PLACEMENT_3D('',#9062,#7201,#7202);
#6165=AXIS2_PLACEMENT_3D('',#9064,#7203,#7204);
#6166=AXIS2_PLACEMENT_3D('',#9065,#7205,#7206);
#6167=AXIS2_PLACEMENT_3D('',#9073,#7210,#7211);
#6168=AXIS2_PLACEMENT_3D('',#9075,#7212,#7213);
#6169=AXIS2_PLACEMENT_3D('',#9077,#7214,#7215);
#6170=AXIS2_PLACEMENT_3D('',#9078,#7216,#7217);
#6171=AXIS2_PLACEMENT_3D('',#9084,#7220,#7221);
#6172=AXIS2_PLACEMENT_3D('',#9086,#7222,#7223);
#6173=AXIS2_PLACEMENT_3D('',#9088,#7224,#7225);
#6174=AXIS2_PLACEMENT_3D('',#9091,#7227,#7228);
#6175=AXIS2_PLACEMENT_3D('',#9097,#7231,#7232);
#6176=AXIS2_PLACEMENT_3D('',#9099,#7233,#7234);
#6177=AXIS2_PLACEMENT_3D('',#9101,#7235,#7236);
#6178=AXIS2_PLACEMENT_3D('',#9104,#7238,#7239);
#6179=AXIS2_PLACEMENT_3D('',#9105,#7240,#7241);
#6180=AXIS2_PLACEMENT_3D('',#9111,#7245,#7246);
#6181=AXIS2_PLACEMENT_3D('',#9117,#7249,#7250);
#6182=AXIS2_PLACEMENT_3D('',#9119,#7251,#7252);
#6183=AXIS2_PLACEMENT_3D('',#9121,#7253,#7254);
#6184=AXIS2_PLACEMENT_3D('',#9124,#7256,#7257);
#6185=AXIS2_PLACEMENT_3D('',#9130,#7260,#7261);
#6186=AXIS2_PLACEMENT_3D('',#9132,#7262,#7263);
#6187=AXIS2_PLACEMENT_3D('',#9134,#7264,#7265);
#6188=AXIS2_PLACEMENT_3D('',#9137,#7267,#7268);
#6189=AXIS2_PLACEMENT_3D('',#9143,#7271,#7272);
#6190=AXIS2_PLACEMENT_3D('',#9145,#7273,#7274);
#6191=AXIS2_PLACEMENT_3D('',#9147,#7275,#7276);
#6192=AXIS2_PLACEMENT_3D('',#9150,#7278,#7279);
#6193=AXIS2_PLACEMENT_3D('',#9156,#7282,#7283);
#6194=AXIS2_PLACEMENT_3D('',#9158,#7284,#7285);
#6195=AXIS2_PLACEMENT_3D('',#9160,#7286,#7287);
#6196=AXIS2_PLACEMENT_3D('',#9163,#7289,#7290);
#6197=AXIS2_PLACEMENT_3D('',#9164,#7291,#7292);
#6198=AXIS2_PLACEMENT_3D('',#9170,#7296,#7297);
#6199=AXIS2_PLACEMENT_3D('',#9173,#7299,#7300);
#6200=AXIS2_PLACEMENT_3D('',#9176,#7302,#7303);
#6201=AXIS2_PLACEMENT_3D('',#9179,#7305,#7306);
#6202=AXIS2_PLACEMENT_3D('',#9182,#7308,#7309);
#6203=AXIS2_PLACEMENT_3D('',#9185,#7311,#7312);
#6204=AXIS2_PLACEMENT_3D('',#9188,#7314,#7315);
#6205=AXIS2_PLACEMENT_3D('',#9191,#7317,#7318);
#6206=AXIS2_PLACEMENT_3D('',#9194,#7320,#7321);
#6207=AXIS2_PLACEMENT_3D('',#9197,#7323,#7324);
#6208=AXIS2_PLACEMENT_3D('',#9200,#7326,#7327);
#6209=AXIS2_PLACEMENT_3D('',#9203,#7329,#7330);
#6210=AXIS2_PLACEMENT_3D('',#9206,#7332,#7333);
#6211=AXIS2_PLACEMENT_3D('',#9209,#7335,#7336);
#6212=AXIS2_PLACEMENT_3D('',#9212,#7338,#7339);
#6213=AXIS2_PLACEMENT_3D('',#9215,#7341,#7342);
#6214=AXIS2_PLACEMENT_3D('',#9218,#7344,#7345);
#6215=AXIS2_PLACEMENT_3D('',#9221,#7347,#7348);
#6216=AXIS2_PLACEMENT_3D('',#9224,#7350,#7351);
#6217=AXIS2_PLACEMENT_3D('',#9227,#7353,#7354);
#6218=AXIS2_PLACEMENT_3D('',#9230,#7356,#7357);
#6219=AXIS2_PLACEMENT_3D('',#9233,#7359,#7360);
#6220=AXIS2_PLACEMENT_3D('',#9236,#7362,#7363);
#6221=AXIS2_PLACEMENT_3D('',#9239,#7365,#7366);
#6222=AXIS2_PLACEMENT_3D('',#9242,#7368,#7369);
#6223=AXIS2_PLACEMENT_3D('',#9243,#7370,#7371);
#6224=AXIS2_PLACEMENT_3D('',#9244,#7372,#7373);
#6225=AXIS2_PLACEMENT_3D('',#9245,#7374,#7375);
#6226=AXIS2_PLACEMENT_3D('',#9247,#7377,#7378);
#6227=AXIS2_PLACEMENT_3D('',#9248,#7379,#7380);
#6228=AXIS2_PLACEMENT_3D('',#9249,#7381,#7382);
#6229=AXIS2_PLACEMENT_3D('',#9250,#7383,#7384);
#6230=AXIS2_PLACEMENT_3D('',#9252,#7386,#7387);
#6231=AXIS2_PLACEMENT_3D('',#9253,#7388,#7389);
#6232=AXIS2_PLACEMENT_3D('',#9255,#7391,#7392);
#6233=AXIS2_PLACEMENT_3D('',#9256,#7393,#7394);
#6234=AXIS2_PLACEMENT_3D('',#9257,#7395,#7396);
#6235=AXIS2_PLACEMENT_3D('',#9258,#7397,#7398);
#6236=AXIS2_PLACEMENT_3D('',#9260,#7400,#7401);
#6237=AXIS2_PLACEMENT_3D('',#9261,#7402,#7403);
#6238=AXIS2_PLACEMENT_3D('',#9262,#7404,#7405);
#6239=AXIS2_PLACEMENT_3D('',#9263,#7406,#7407);
#6240=AXIS2_PLACEMENT_3D('',#9265,#7409,#7410);
#6241=AXIS2_PLACEMENT_3D('',#9266,#7411,#7412);
#6242=AXIS2_PLACEMENT_3D('',#9267,#7413,#7414);
#6243=AXIS2_PLACEMENT_3D('',#9268,#7415,#7416);
#6244=AXIS2_PLACEMENT_3D('',#9270,#7418,#7419);
#6245=AXIS2_PLACEMENT_3D('',#9271,#7420,#7421);
#6246=AXIS2_PLACEMENT_3D('',#9272,#7422,#7423);
#6247=AXIS2_PLACEMENT_3D('',#9276,#7425,#7426);
#6248=AXIS2_PLACEMENT_3D('',#9278,#7427,#7428);
#6249=AXIS2_PLACEMENT_3D('',#9280,#7429,#7430);
#6250=AXIS2_PLACEMENT_3D('',#9284,#7432,#7433);
#6251=AXIS2_PLACEMENT_3D('',#9286,#7434,#7435);
#6252=AXIS2_PLACEMENT_3D('',#9288,#7436,#7437);
#6253=AXIS2_PLACEMENT_3D('',#9289,#7438,#7439);
#6254=AXIS2_PLACEMENT_3D('',#9292,#7440,#7441);
#6255=AXIS2_PLACEMENT_3D('',#9296,#7443,#7444);
#6256=AXIS2_PLACEMENT_3D('',#9298,#7445,#7446);
#6257=AXIS2_PLACEMENT_3D('',#9300,#7447,#7448);
#6258=AXIS2_PLACEMENT_3D('',#9304,#7450,#7451);
#6259=AXIS2_PLACEMENT_3D('',#9305,#7452,#7453);
#6260=AXIS2_PLACEMENT_3D('',#9307,#7454,#7455);
#6261=AXIS2_PLACEMENT_3D('',#9309,#7456,#7457);
#6262=AXIS2_PLACEMENT_3D('',#9311,#7458,#7459);
#6263=AXIS2_PLACEMENT_3D('',#9320,#7463,#7464);
#6264=AXIS2_PLACEMENT_3D('',#9324,#7466,#7467);
#6265=AXIS2_PLACEMENT_3D('',#9345,#7478,#7479);
#6266=AXIS2_PLACEMENT_3D('',#9348,#7480,#7481);
#6267=AXIS2_PLACEMENT_3D('',#9352,#7483,#7484);
#6268=AXIS2_PLACEMENT_3D('',#9354,#7485,#7486);
#6269=AXIS2_PLACEMENT_3D('',#9356,#7487,#7488);
#6270=AXIS2_PLACEMENT_3D('',#9360,#7490,#7491);
#6271=AXIS2_PLACEMENT_3D('',#9361,#7492,#7493);
#6272=AXIS2_PLACEMENT_3D('',#9371,#7499,#7500);
#6273=AXIS2_PLACEMENT_3D('',#9381,#7506,#7507);
#6274=AXIS2_PLACEMENT_3D('',#9382,#7508,#7509);
#6275=AXIS2_PLACEMENT_3D('',#9383,#7510,#7511);
#6276=AXIS2_PLACEMENT_3D('',#9384,#7512,#7513);
#6277=AXIS2_PLACEMENT_3D('',#9385,#7514,#7515);
#6278=AXIS2_PLACEMENT_3D('',#9395,#7521,#7522);
#6279=AXIS2_PLACEMENT_3D('',#9405,#7528,#7529);
#6280=AXIS2_PLACEMENT_3D('',#9406,#7530,#7531);
#6281=AXIS2_PLACEMENT_3D('',#9407,#7532,#7533);
#6282=AXIS2_PLACEMENT_3D('',#9408,#7534,#7535);
#6283=AXIS2_PLACEMENT_3D('',#9409,#7536,#7537);
#6284=AXIS2_PLACEMENT_3D('',#9419,#7543,#7544);
#6285=AXIS2_PLACEMENT_3D('',#9429,#7550,#7551);
#6286=AXIS2_PLACEMENT_3D('',#9430,#7552,#7553);
#6287=AXIS2_PLACEMENT_3D('',#9432,#7554,#7555);
#6288=AXIS2_PLACEMENT_3D('',#9433,#7556,#7557);
#6289=AXIS2_PLACEMENT_3D('',#9434,#7558,#7559);
#6290=AXIS2_PLACEMENT_3D('',#9435,#7560,#7561);
#6291=AXIS2_PLACEMENT_3D('',#9436,#7562,#7563);
#6292=AXIS2_PLACEMENT_3D('',#9438,#7564,#7565);
#6293=AXIS2_PLACEMENT_3D('',#9440,#7566,#7567);
#6294=AXIS2_PLACEMENT_3D('',#9441,#7568,#7569);
#6295=AXIS2_PLACEMENT_3D('',#9443,#7570,#7571);
#6296=AXIS2_PLACEMENT_3D('',#9445,#7572,#7573);
#6297=AXIS2_PLACEMENT_3D('',#9446,#7574,#7575);
#6298=AXIS2_PLACEMENT_3D('',#9448,#7576,#7577);
#6299=AXIS2_PLACEMENT_3D('',#9450,#7578,#7579);
#6300=AXIS2_PLACEMENT_3D('',#9451,#7580,#7581);
#6301=AXIS2_PLACEMENT_3D('',#9453,#7582,#7583);
#6302=AXIS2_PLACEMENT_3D('',#9455,#7584,#7585);
#6303=AXIS2_PLACEMENT_3D('',#9456,#7586,#7587);
#6304=AXIS2_PLACEMENT_3D('',#9458,#7588,#7589);
#6305=AXIS2_PLACEMENT_3D('',#9459,#7590,#7591);
#6306=AXIS2_PLACEMENT_3D('',#9461,#7592,#7593);
#6307=AXIS2_PLACEMENT_3D('',#9462,#7594,#7595);
#6308=AXIS2_PLACEMENT_3D('',#9464,#7596,#7597);
#6309=AXIS2_PLACEMENT_3D('',#9465,#7598,#7599);
#6310=AXIS2_PLACEMENT_3D('',#9467,#7600,#7601);
#6311=AXIS2_PLACEMENT_3D('',#9468,#7602,#7603);
#6312=AXIS2_PLACEMENT_3D('',#9470,#7604,#7605);
#6313=AXIS2_PLACEMENT_3D('',#9471,#7606,#7607);
#6314=AXIS2_PLACEMENT_3D('',#9473,#7608,#7609);
#6315=AXIS2_PLACEMENT_3D('',#9474,#7610,#7611);
#6316=AXIS2_PLACEMENT_3D('',#9476,#7612,#7613);
#6317=AXIS2_PLACEMENT_3D('',#9477,#7614,#7615);
#6318=AXIS2_PLACEMENT_3D('',#9479,#7616,#7617);
#6319=AXIS2_PLACEMENT_3D('',#9480,#7618,#7619);
#6320=AXIS2_PLACEMENT_3D('',#9482,#7620,#7621);
#6321=AXIS2_PLACEMENT_3D('',#9483,#7622,#7623);
#6322=AXIS2_PLACEMENT_3D('',#9485,#7624,#7625);
#6323=AXIS2_PLACEMENT_3D('',#9486,#7626,#7627);
#6324=AXIS2_PLACEMENT_3D('',#9488,#7628,#7629);
#6325=AXIS2_PLACEMENT_3D('',#9489,#7630,#7631);
#6326=AXIS2_PLACEMENT_3D('',#9491,#7632,#7633);
#6327=AXIS2_PLACEMENT_3D('',#9494,#7635,#7636);
#6328=AXIS2_PLACEMENT_3D('',#9495,#7637,#7638);
#6329=AXIS2_PLACEMENT_3D('',#9496,#7639,#7640);
#6330=AXIS2_PLACEMENT_3D('',#9499,#7642,#7643);
#6331=AXIS2_PLACEMENT_3D('',#9500,#7644,#7645);
#6332=AXIS2_PLACEMENT_3D('',#9503,#7647,#7648);
#6333=AXIS2_PLACEMENT_3D('',#9504,#7649,#7650);
#6334=AXIS2_PLACEMENT_3D('',#9507,#7652,#7653);
#6335=AXIS2_PLACEMENT_3D('',#9508,#7654,#7655);
#6336=AXIS2_PLACEMENT_3D('',#9512,#7658,#7659);
#6337=AXIS2_PLACEMENT_3D('',#9513,#7660,#7661);
#6338=AXIS2_PLACEMENT_3D('',#9516,#7663,#7664);
#6339=AXIS2_PLACEMENT_3D('',#9517,#7665,#7666);
#6340=AXIS2_PLACEMENT_3D('',#9518,#7667,#7668);
#6341=AXIS2_PLACEMENT_3D('',#9521,#7670,#7671);
#6342=AXIS2_PLACEMENT_3D('',#9524,#7673,#7674);
#6343=AXIS2_PLACEMENT_3D('',#9525,#7675,#7676);
#6344=AXIS2_PLACEMENT_3D('',#9528,#7678,#7679);
#6345=AXIS2_PLACEMENT_3D('',#9529,#7680,#7681);
#6346=AXIS2_PLACEMENT_3D('',#9530,#7682,#7683);
#6347=AXIS2_PLACEMENT_3D('',#9531,#7684,#7685);
#6348=AXIS2_PLACEMENT_3D('',#9534,#7687,#7688);
#6349=AXIS2_PLACEMENT_3D('',#9535,#7689,#7690);
#6350=AXIS2_PLACEMENT_3D('',#9538,#7692,#7693);
#6351=AXIS2_PLACEMENT_3D('',#9539,#7694,#7695);
#6352=AXIS2_PLACEMENT_3D('',#9542,#7697,#7698);
#6353=AXIS2_PLACEMENT_3D('',#9543,#7699,#7700);
#6354=AXIS2_PLACEMENT_3D('',#9545,#7702,#7703);
#6355=AXIS2_PLACEMENT_3D('',#9546,#7704,#7705);
#6356=AXIS2_PLACEMENT_3D('',#9549,#7707,#7708);
#6357=AXIS2_PLACEMENT_3D('',#9550,#7709,#7710);
#6358=AXIS2_PLACEMENT_3D('',#9553,#7712,#7713);
#6359=AXIS2_PLACEMENT_3D('',#9554,#7714,#7715);
#6360=AXIS2_PLACEMENT_3D('',#9557,#7717,#7718);
#6361=AXIS2_PLACEMENT_3D('',#9558,#7719,#7720);
#6362=AXIS2_PLACEMENT_3D('',#9562,#7723,#7724);
#6363=AXIS2_PLACEMENT_3D('',#9563,#7725,#7726);
#6364=AXIS2_PLACEMENT_3D('',#9566,#7728,#7729);
#6365=AXIS2_PLACEMENT_3D('',#9567,#7730,#7731);
#6366=AXIS2_PLACEMENT_3D('',#9570,#7733,#7734);
#6367=AXIS2_PLACEMENT_3D('',#9571,#7735,#7736);
#6368=AXIS2_PLACEMENT_3D('',#9572,#7737,#7738);
#6369=AXIS2_PLACEMENT_3D('',#9573,#7739,#7740);
#6370=AXIS2_PLACEMENT_3D('',#9575,#7741,#7742);
#6371=AXIS2_PLACEMENT_3D('',#9577,#7743,#7744);
#6372=AXIS2_PLACEMENT_3D('',#9578,#7745,#7746);
#6373=AXIS2_PLACEMENT_3D('',#9580,#7747,#7748);
#6374=AXIS2_PLACEMENT_3D('',#9582,#7749,#7750);
#6375=AXIS2_PLACEMENT_3D('',#9583,#7751,#7752);
#6376=AXIS2_PLACEMENT_3D('',#9585,#7753,#7754);
#6377=AXIS2_PLACEMENT_3D('',#9587,#7755,#7756);
#6378=AXIS2_PLACEMENT_3D('',#9588,#7757,#7758);
#6379=AXIS2_PLACEMENT_3D('',#9590,#7759,#7760);
#6380=AXIS2_PLACEMENT_3D('',#9592,#7761,#7762);
#6381=AXIS2_PLACEMENT_3D('',#9593,#7763,#7764);
#6382=AXIS2_PLACEMENT_3D('',#9595,#7765,#7766);
#6383=AXIS2_PLACEMENT_3D('',#9596,#7767,#7768);
#6384=AXIS2_PLACEMENT_3D('',#9598,#7769,#7770);
#6385=AXIS2_PLACEMENT_3D('',#9599,#7771,#7772);
#6386=AXIS2_PLACEMENT_3D('',#9601,#7773,#7774);
#6387=AXIS2_PLACEMENT_3D('',#9602,#7775,#7776);
#6388=AXIS2_PLACEMENT_3D('',#9604,#7777,#7778);
#6389=AXIS2_PLACEMENT_3D('',#9613,#7783,#7784);
#6390=AXIS2_PLACEMENT_3D('',#9619,#7787,#7788);
#6391=AXIS2_PLACEMENT_3D('',#9622,#7790,#7791);
#6392=AXIS2_PLACEMENT_3D('',#9631,#7796,#7797);
#6393=AXIS2_PLACEMENT_3D('',#9632,#7798,#7799);
#6394=AXIS2_PLACEMENT_3D('',#9637,#7801,#7802);
#6395=AXIS2_PLACEMENT_3D('',#9640,#7804,#7805);
#6396=AXIS2_PLACEMENT_3D('',#9641,#7806,#7807);
#6397=AXIS2_PLACEMENT_3D('',#9643,#7808,#7809);
#6398=AXIS2_PLACEMENT_3D('',#9644,#7810,#7811);
#6399=AXIS2_PLACEMENT_3D('',#9646,#7812,#7813);
#6400=AXIS2_PLACEMENT_3D('',#9647,#7814,#7815);
#6401=AXIS2_PLACEMENT_3D('',#9649,#7816,#7817);
#6402=AXIS2_PLACEMENT_3D('',#9650,#7818,#7819);
#6403=AXIS2_PLACEMENT_3D('',#9652,#7820,#7821);
#6404=AXIS2_PLACEMENT_3D('',#9653,#7822,#7823);
#6405=AXIS2_PLACEMENT_3D('',#9655,#7824,#7825);
#6406=AXIS2_PLACEMENT_3D('',#9656,#7826,#7827);
#6407=AXIS2_PLACEMENT_3D('',#9658,#7828,#7829);
#6408=AXIS2_PLACEMENT_3D('',#9659,#7830,#7831);
#6409=AXIS2_PLACEMENT_3D('',#9661,#7832,#7833);
#6410=AXIS2_PLACEMENT_3D('',#9662,#7834,#7835);
#6411=AXIS2_PLACEMENT_3D('',#9664,#7836,#7837);
#6412=AXIS2_PLACEMENT_3D('',#9670,#7840,#7841);
#6413=AXIS2_PLACEMENT_3D('',#9673,#7843,#7844);
#6414=AXIS2_PLACEMENT_3D('',#9681,#7850,#7851);
#6415=AXIS2_PLACEMENT_3D('',#9685,#7853,#7854);
#6416=AXIS2_PLACEMENT_3D('',#9694,#7859,#7860);
#6417=AXIS2_PLACEMENT_3D('',#9697,#7862,#7863);
#6418=AXIS2_PLACEMENT_3D('',#9700,#7865,#7866);
#6419=AXIS2_PLACEMENT_3D('',#9701,#7867,#7868);
#6420=AXIS2_PLACEMENT_3D('',#9706,#7871,#7872);
#6421=AXIS2_PLACEMENT_3D('',#9710,#7875,#7876);
#6422=AXIS2_PLACEMENT_3D('',#9714,#7879,#7880);
#6423=AXIS2_PLACEMENT_3D('',#9718,#7883,#7884);
#6424=AXIS2_PLACEMENT_3D('',#9719,#7885,#7886);
#6425=AXIS2_PLACEMENT_3D('',#9722,#7888,#7889);
#6426=AXIS2_PLACEMENT_3D('',#9726,#7892,#7893);
#6427=AXIS2_PLACEMENT_3D('',#9730,#7896,#7897);
#6428=AXIS2_PLACEMENT_3D('',#9734,#7900,#7901);
#6429=AXIS2_PLACEMENT_3D('',#9735,#7902,#7903);
#6430=AXIS2_PLACEMENT_3D('',#9738,#7905,#7906);
#6431=AXIS2_PLACEMENT_3D('',#9747,#7911,#7912);
#6432=AXIS2_PLACEMENT_3D('',#9748,#7913,#7914);
#6433=AXIS2_PLACEMENT_3D('',#9752,#7916,#7917);
#6434=AXIS2_PLACEMENT_3D('',#9753,#7918,#7919);
#6435=AXIS2_PLACEMENT_3D('',#9759,#7923,#7924);
#6436=AXIS2_PLACEMENT_3D('',#9760,#7925,#7926);
#6437=AXIS2_PLACEMENT_3D('',#9761,#7927,#7928);
#6438=AXIS2_PLACEMENT_3D('',#9762,#7929,#7930);
#6439=AXIS2_PLACEMENT_3D('',#9763,#7931,#7932);
#6440=AXIS2_PLACEMENT_3D('',#9768,#7935,#7936);
#6441=AXIS2_PLACEMENT_3D('',#9772,#7939,#7940);
#6442=AXIS2_PLACEMENT_3D('',#9773,#7941,#7942);
#6443=AXIS2_PLACEMENT_3D('',#9776,#7944,#7945);
#6444=AXIS2_PLACEMENT_3D('',#9778,#7947,#7948);
#6445=AXIS2_PLACEMENT_3D('',#9779,#7949,#7950);
#6446=AXIS2_PLACEMENT_3D('',#9781,#7951,#7952);
#6447=AXIS2_PLACEMENT_3D('',#9782,#7953,#7954);
#6448=AXIS2_PLACEMENT_3D('',#9784,#7955,#7956);
#6449=AXIS2_PLACEMENT_3D('',#9785,#7957,#7958);
#6450=AXIS2_PLACEMENT_3D('',#9787,#7959,#7960);
#6451=AXIS2_PLACEMENT_3D('',#9788,#7961,#7962);
#6452=AXIS2_PLACEMENT_3D('',#9790,#7963,#7964);
#6453=AXIS2_PLACEMENT_3D('',#9796,#7968,#7969);
#6454=AXIS2_PLACEMENT_3D('',#9800,#7972,#7973);
#6455=AXIS2_PLACEMENT_3D('',#9801,#7974,#7975);
#6456=AXIS2_PLACEMENT_3D('',#9804,#7977,#7978);
#6457=AXIS2_PLACEMENT_3D('',#9808,#7981,#7982);
#6458=AXIS2_PLACEMENT_3D('',#9809,#7983,#7984);
#6459=AXIS2_PLACEMENT_3D('',#9812,#7986,#7987);
#6460=AXIS2_PLACEMENT_3D('',#9816,#7990,#7991);
#6461=AXIS2_PLACEMENT_3D('',#9820,#7994,#7995);
#6462=AXIS2_PLACEMENT_3D('',#9830,#8001,#8002);
#6463=AXIS2_PLACEMENT_3D('',#9831,#8003,#8004);
#6464=AXIS2_PLACEMENT_3D('',#9841,#8009,#8010);
#6465=AXIS2_PLACEMENT_3D('',#9842,#8011,#8012);
#6466=AXIS2_PLACEMENT_3D('',#9846,#8014,#8015);
#6467=AXIS2_PLACEMENT_3D('',#9847,#8016,#8017);
#6468=AXIS2_PLACEMENT_3D('',#9848,#8018,#8019);
#6469=AXIS2_PLACEMENT_3D('',#9855,#8023,#8024);
#6470=AXIS2_PLACEMENT_3D('',#9856,#8025,#8026);
#6471=AXIS2_PLACEMENT_3D('',#9857,#8027,#8028);
#6472=AXIS2_PLACEMENT_3D('',#9858,#8029,#8030);
#6473=AXIS2_PLACEMENT_3D('',#9859,#8031,#8032);
#6474=AXIS2_PLACEMENT_3D('',#9863,#8034,#8035);
#6475=AXIS2_PLACEMENT_3D('',#9864,#8036,#8037);
#6476=AXIS2_PLACEMENT_3D('',#9870,#8041,#8042);
#6477=AXIS2_PLACEMENT_3D('',#9871,#8043,#8044);
#6478=AXIS2_PLACEMENT_3D('',#9872,#8045,#8046);
#6479=AXIS2_PLACEMENT_3D('',#9873,#8047,#8048);
#6480=AXIS2_PLACEMENT_3D('',#9894,#8061,#8062);
#6481=AXIS2_PLACEMENT_3D('',#9898,#8065,#8066);
#6482=AXIS2_PLACEMENT_3D('',#9902,#8068,#8069);
#6483=AXIS2_PLACEMENT_3D('',#9920,#8080,#8081);
#6484=AXIS2_PLACEMENT_3D('',#9921,#8082,#8083);
#6485=AXIS2_PLACEMENT_3D('',#9922,#8084,#8085);
#6486=AXIS2_PLACEMENT_3D('',#9923,#8086,#8087);
#6487=AXIS2_PLACEMENT_3D('',#9924,#8088,#8089);
#6488=AXIS2_PLACEMENT_3D('',#9930,#8093,#8094);
#6489=AXIS2_PLACEMENT_3D('',#9933,#8096,#8097);
#6490=AXIS2_PLACEMENT_3D('',#9934,#8098,#8099);
#6491=AXIS2_PLACEMENT_3D('',#9937,#8102,#8103);
#6492=AXIS2_PLACEMENT_3D('',#9940,#8106,#8107);
#6493=AXIS2_PLACEMENT_3D('',#9958,#8122,#8123);
#6494=AXIS2_PLACEMENT_3D('',#9962,#8127,#8128);
#6495=AXIS2_PLACEMENT_3D('',#9964,#8130,#8131);
#6496=AXIS2_PLACEMENT_3D('',#9965,#8132,#8133);
#6497=AXIS2_PLACEMENT_3D('',#9966,#8134,#8135);
#6498=AXIS2_PLACEMENT_3D('',#9967,#8136,#8137);
#6499=AXIS2_PLACEMENT_3D('',#9968,#8138,#8139);
#6500=AXIS2_PLACEMENT_3D('',#9969,#8140,#8141);
#6501=AXIS2_PLACEMENT_3D('',#9972,#8143,#8144);
#6502=AXIS2_PLACEMENT_3D('',#9975,#8146,#8147);
#6503=AXIS2_PLACEMENT_3D('',#9976,#8148,#8149);
#6504=AXIS2_PLACEMENT_3D('',#9980,#8152,#8153);
#6505=AXIS2_PLACEMENT_3D('',#9983,#8155,#8156);
#6506=AXIS2_PLACEMENT_3D('',#9984,#8157,#8158);
#6507=AXIS2_PLACEMENT_3D('',#9985,#8159,#8160);
#6508=AXIS2_PLACEMENT_3D('',#9988,#8162,#8163);
#6509=AXIS2_PLACEMENT_3D('',#9989,#8164,#8165);
#6510=AXIS2_PLACEMENT_3D('',#9992,#8167,#8168);
#6511=AXIS2_PLACEMENT_3D('',#9995,#8170,#8171);
#6512=AXIS2_PLACEMENT_3D('',#9998,#8173,#8174);
#6513=AXIS2_PLACEMENT_3D('',#10001,#8176,#8177);
#6514=AXIS2_PLACEMENT_3D('',#10002,#8178,#8179);
#6515=AXIS2_PLACEMENT_3D('',#10005,#8181,#8182);
#6516=AXIS2_PLACEMENT_3D('',#10008,#8184,#8185);
#6517=AXIS2_PLACEMENT_3D('',#10011,#8187,#8188);
#6518=AXIS2_PLACEMENT_3D('',#10012,#8189,#8190);
#6519=AXIS2_PLACEMENT_3D('',#10013,#8191,#8192);
#6520=AXIS2_PLACEMENT_3D('',#10015,#8194,#8195);
#6521=AXIS2_PLACEMENT_3D('',#10018,#8197,#8198);
#6522=AXIS2_PLACEMENT_3D('',#10021,#8200,#8201);
#6523=AXIS2_PLACEMENT_3D('',#10024,#8203,#8204);
#6524=AXIS2_PLACEMENT_3D('',#10025,#8205,#8206);
#6525=AXIS2_PLACEMENT_3D('',#10026,#8207,#8208);
#6526=AXIS2_PLACEMENT_3D('',#10030,#8211,#8212);
#6527=AXIS2_PLACEMENT_3D('',#10033,#8214,#8215);
#6528=AXIS2_PLACEMENT_3D('',#10034,#8216,#8217);
#6529=AXIS2_PLACEMENT_3D('',#10035,#8218,#8219);
#6530=AXIS2_PLACEMENT_3D('',#10038,#8221,#8222);
#6531=AXIS2_PLACEMENT_3D('',#10039,#8223,#8224);
#6532=AXIS2_PLACEMENT_3D('',#10040,#8225,#8226);
#6533=AXIS2_PLACEMENT_3D('',#10041,#8227,#8228);
#6534=AXIS2_PLACEMENT_3D('',#10042,#8229,#8230);
#6535=AXIS2_PLACEMENT_3D('',#10043,#8231,#8232);
#6536=AXIS2_PLACEMENT_3D('',#10044,#8233,#8234);
#6537=AXIS2_PLACEMENT_3D('',#10045,#8235,#8236);
#6538=AXIS2_PLACEMENT_3D('',#10046,#8237,#8238);
#6539=AXIS2_PLACEMENT_3D('',#10047,#8239,#8240);
#6540=AXIS2_PLACEMENT_3D('',#10048,#8241,#8242);
#6541=AXIS2_PLACEMENT_3D('',#10049,#8243,#8244);
#6542=AXIS2_PLACEMENT_3D('',#10050,#8245,#8246);
#6543=AXIS2_PLACEMENT_3D('',#10051,#8247,#8248);
#6544=AXIS2_PLACEMENT_3D('',#10052,#8249,#8250);
#6545=AXIS2_PLACEMENT_3D('',#10055,#8253,#8254);
#6546=AXIS2_PLACEMENT_3D('',#10058,#8257,#8258);
#6547=AXIS2_PLACEMENT_3D('',#10059,#8259,#8260);
#6548=AXIS2_PLACEMENT_3D('',#10062,#8263,#8264);
#6549=AXIS2_PLACEMENT_3D('',#10065,#8267,#8268);
#6550=AXIS2_PLACEMENT_3D('',#10066,#8269,#8270);
#6551=AXIS2_PLACEMENT_3D('',#10069,#8273,#8274);
#6552=AXIS2_PLACEMENT_3D('',#10072,#8277,#8278);
#6553=AXIS2_PLACEMENT_3D('',#10073,#8279,#8280);
#6554=AXIS2_PLACEMENT_3D('',#10076,#8283,#8284);
#6555=AXIS2_PLACEMENT_3D('',#10079,#8287,#8288);
#6556=AXIS2_PLACEMENT_3D('',#10082,#8291,#8292);
#6557=AXIS2_PLACEMENT_3D('',#10083,#8293,#8294);
#6558=AXIS2_PLACEMENT_3D('',#10086,#8297,#8298);
#6559=AXIS2_PLACEMENT_3D('',#10089,#8301,#8302);
#6560=AXIS2_PLACEMENT_3D('',#10090,#8303,#8304);
#6561=AXIS2_PLACEMENT_3D('',#10093,#8307,#8308);
#6562=AXIS2_PLACEMENT_3D('',#10094,#8309,#8310);
#6563=AXIS2_PLACEMENT_3D('',#10095,#8311,#8312);
#6564=AXIS2_PLACEMENT_3D('',#10096,#8313,#8314);
#6565=AXIS2_PLACEMENT_3D('',#10097,#8315,#8316);
#6566=AXIS2_PLACEMENT_3D('',#10098,#8317,#8318);
#6567=AXIS2_PLACEMENT_3D('',#10099,#8319,#8320);
#6568=AXIS2_PLACEMENT_3D('',#10100,#8321,#8322);
#6569=AXIS2_PLACEMENT_3D('',#10101,#8323,#8324);
#6570=AXIS2_PLACEMENT_3D('',#10102,#8325,#8326);
#6571=AXIS2_PLACEMENT_3D('',#10103,#8327,#8328);
#6572=AXIS2_PLACEMENT_3D('',#10104,#8329,#8330);
#6573=AXIS2_PLACEMENT_3D('',#10105,#8331,#8332);
#6574=AXIS2_PLACEMENT_3D('',#10106,#8333,#8334);
#6575=AXIS2_PLACEMENT_3D('',#10107,#8335,#8336);
#6576=AXIS2_PLACEMENT_3D('',#10108,#8337,#8338);
#6577=AXIS2_PLACEMENT_3D('',#10109,#8339,#8340);
#6578=AXIS2_PLACEMENT_3D('',#10110,#8341,#8342);
#6579=AXIS2_PLACEMENT_3D('',#10111,#8343,#8344);
#6580=AXIS2_PLACEMENT_3D('',#10112,#8345,#8346);
#6581=AXIS2_PLACEMENT_3D('',#10113,#8347,#8348);
#6582=AXIS2_PLACEMENT_3D('',#10114,#8349,#8350);
#6583=AXIS2_PLACEMENT_3D('',#10115,#8351,#8352);
#6584=AXIS2_PLACEMENT_3D('',#10116,#8353,#8354);
#6585=AXIS2_PLACEMENT_3D('',#10117,#8355,#8356);
#6586=AXIS2_PLACEMENT_3D('',#10118,#8357,#8358);
#6587=AXIS2_PLACEMENT_3D('',#10120,#8359,#8360);
#6588=AXIS2_PLACEMENT_3D('',#10121,#8361,#8362);
#6589=AXIS2_PLACEMENT_3D('',#10123,#8363,#8364);
#6590=AXIS2_PLACEMENT_3D('',#10124,#8365,#8366);
#6591=AXIS2_PLACEMENT_3D('',#10125,#8367,#8368);
#6592=AXIS2_PLACEMENT_3D('',#10130,#8371,#8372);
#6593=AXIS2_PLACEMENT_3D('',#10131,#8373,#8374);
#6594=AXIS2_PLACEMENT_3D('',#10135,#8377,#8378);
#6595=AXIS2_PLACEMENT_3D('',#10136,#8379,#8380);
#6596=AXIS2_PLACEMENT_3D('',#10138,#8381,#8382);
#6597=AXIS2_PLACEMENT_3D('',#10139,#8383,#8384);
#6598=AXIS2_PLACEMENT_3D('',#10141,#8385,#8386);
#6599=AXIS2_PLACEMENT_3D('',#10142,#8387,#8388);
#6600=AXIS2_PLACEMENT_3D('',#10143,#8389,#8390);
#6601=AXIS2_PLACEMENT_3D('',#10144,#8391,#8392);
#6602=AXIS2_PLACEMENT_3D('',#10145,#8393,#8394);
#6603=AXIS2_PLACEMENT_3D('',#10146,#8395,#8396);
#6604=AXIS2_PLACEMENT_3D('',#10147,#8397,#8398);
#6605=AXIS2_PLACEMENT_3D('',#10148,#8399,#8400);
#6606=AXIS2_PLACEMENT_3D('',#10149,#8401,#8402);
#6607=AXIS2_PLACEMENT_3D('',#10150,#8403,#8404);
#6608=AXIS2_PLACEMENT_3D('',#10151,#8405,#8406);
#6609=AXIS2_PLACEMENT_3D('',#10152,#8407,#8408);
#6610=AXIS2_PLACEMENT_3D('',#10153,#8409,#8410);
#6611=AXIS2_PLACEMENT_3D('',#10154,#8411,#8412);
#6612=AXIS2_PLACEMENT_3D('',#10158,#8414,#8415);
#6613=AXIS2_PLACEMENT_3D('',#10160,#8416,#8417);
#6614=AXIS2_PLACEMENT_3D('',#10162,#8418,#8419);
#6615=AXIS2_PLACEMENT_3D('',#10166,#8421,#8422);
#6616=AXIS2_PLACEMENT_3D('',#10168,#8423,#8424);
#6617=AXIS2_PLACEMENT_3D('',#10170,#8425,#8426);
#6618=AXIS2_PLACEMENT_3D('',#10171,#8427,#8428);
#6619=AXIS2_PLACEMENT_3D('',#10174,#8431,#8432);
#6620=AXIS2_PLACEMENT_3D('',#10177,#8435,#8436);
#6621=AXIS2_PLACEMENT_3D('',#10180,#8439,#8440);
#6622=AXIS2_PLACEMENT_3D('',#10183,#8443,#8444);
#6623=AXIS2_PLACEMENT_3D('',#10187,#8446,#8447);
#6624=AXIS2_PLACEMENT_3D('',#10189,#8448,#8449);
#6625=AXIS2_PLACEMENT_3D('',#10191,#8450,#8451);
#6626=AXIS2_PLACEMENT_3D('',#10195,#8453,#8454);
#6627=AXIS2_PLACEMENT_3D('',#10197,#8455,#8456);
#6628=AXIS2_PLACEMENT_3D('',#10199,#8457,#8458);
#6629=AXIS2_PLACEMENT_3D('',#10200,#8459,#8460);
#6630=AXIS2_PLACEMENT_3D('',#10203,#8463,#8464);
#6631=AXIS2_PLACEMENT_3D('',#10206,#8467,#8468);
#6632=AXIS2_PLACEMENT_3D('',#10209,#8471,#8472);
#6633=AXIS2_PLACEMENT_3D('',#10212,#8475,#8476);
#6634=AXIS2_PLACEMENT_3D('',#10213,#8477,#8478);
#6635=AXIS2_PLACEMENT_3D('',#10214,#8479,#8480);
#6636=AXIS2_PLACEMENT_3D('',#10215,#8481,#8482);
#6637=AXIS2_PLACEMENT_3D('',#10216,#8483,#8484);
#6638=AXIS2_PLACEMENT_3D('',#10217,#8485,#8486);
#6639=AXIS2_PLACEMENT_3D('',#10218,#8487,#8488);
#6640=AXIS2_PLACEMENT_3D('',#10219,#8489,#8490);
#6641=DIRECTION('',(0.,0.,1.));
#6642=DIRECTION('',(1.,0.,0.));
#6643=DIRECTION('',(1.,0.,0.));
#6644=DIRECTION('',(0.,0.,1.));
#6645=DIRECTION('',(1.,0.,0.));
#6646=DIRECTION('',(0.,0.,-1.));
#6647=DIRECTION('',(-1.,0.,0.));
#6648=DIRECTION('',(1.,0.,0.));
#6649=DIRECTION('',(0.,0.,-1.));
#6650=DIRECTION('',(1.,0.,0.));
#6651=DIRECTION('',(1.,0.,0.));
#6652=DIRECTION('',(0.,0.,1.));
#6653=DIRECTION('',(-1.,0.,0.));
#6654=DIRECTION('',(0.,0.,1.));
#6655=DIRECTION('',(-1.,0.,0.));
#6656=DIRECTION('',(1.,0.,0.));
#6657=DIRECTION('',(0.,0.,-1.));
#6658=DIRECTION('',(1.,0.,0.));
#6659=DIRECTION('',(1.,0.,0.));
#6660=DIRECTION('',(0.,0.,1.));
#6661=DIRECTION('',(-1.,0.,0.));
#6662=DIRECTION('',(0.,0.,1.));
#6663=DIRECTION('',(1.,0.,0.));
#6664=DIRECTION('',(1.,0.,0.));
#6665=DIRECTION('',(0.,0.,-1.));
#6666=DIRECTION('',(-1.,0.,0.));
#6667=DIRECTION('',(1.,0.,0.));
#6668=DIRECTION('',(0.,0.,1.));
#6669=DIRECTION('',(-1.,0.,0.));
#6670=DIRECTION('',(0.,0.,1.));
#6671=DIRECTION('',(-1.,0.,0.));
#6672=DIRECTION('',(1.,0.,0.));
#6673=DIRECTION('',(0.,0.,-1.));
#6674=DIRECTION('',(1.,0.,0.));
#6675=DIRECTION('',(1.,0.,0.));
#6676=DIRECTION('',(0.,0.,1.));
#6677=DIRECTION('',(-1.,0.,0.));
#6678=DIRECTION('',(0.,0.,1.));
#6679=DIRECTION('',(1.,0.,0.));
#6680=DIRECTION('',(1.,0.,0.));
#6681=DIRECTION('',(0.,0.,-1.));
#6682=DIRECTION('',(-1.,0.,0.));
#6683=DIRECTION('',(1.,0.,0.));
#6684=DIRECTION('',(0.,0.,1.));
#6685=DIRECTION('',(1.,0.,0.));
#6686=DIRECTION('',(0.,0.,-1.));
#6687=DIRECTION('',(1.,0.,0.));
#6688=DIRECTION('',(1.,0.,0.));
#6689=DIRECTION('',(0.,0.,-1.));
#6690=DIRECTION('',(-1.,0.,0.));
#6691=DIRECTION('',(1.,0.,0.));
#6692=DIRECTION('',(0.,0.,1.));
#6693=DIRECTION('',(1.,0.,0.));
#6694=DIRECTION('',(0.,0.,-1.));
#6695=DIRECTION('',(-1.,0.,0.));
#6696=DIRECTION('',(1.,0.,0.));
#6697=DIRECTION('',(0.,0.,-1.));
#6698=DIRECTION('',(1.,0.,0.));
#6699=DIRECTION('',(1.,0.,0.));
#6700=DIRECTION('',(0.,0.,1.));
#6701=DIRECTION('',(1.,0.,0.));
#6702=DIRECTION('',(0.,0.,-1.));
#6703=DIRECTION('',(1.,0.,0.));
#6704=DIRECTION('',(1.,0.,0.));
#6705=DIRECTION('',(0.,0.,-1.));
#6706=DIRECTION('',(-1.,0.,0.));
#6707=DIRECTION('',(-1.,0.,0.));
#6708=DIRECTION('',(0.,0.,-1.));
#6709=DIRECTION('',(0.,1.,-2.56328906724571E-16));
#6710=DIRECTION('',(1.,0.,0.));
#6711=DIRECTION('',(0.,-1.,0.));
#6712=DIRECTION('',(0.,-1.,5.80016659196232E-16));
#6713=DIRECTION('',(1.,0.,0.));
#6714=DIRECTION('',(0.,1.,0.));
#6715=DIRECTION('',(0.,-5.80016659196232E-16,-1.));
#6716=DIRECTION('',(0.,1.,-5.80016659196232E-16));
#6717=DIRECTION('',(0.,-1.,5.80016659196232E-16));
#6718=DIRECTION('',(1.,0.,0.));
#6719=DIRECTION('',(0.,0.,1.));
#6720=DIRECTION('',(1.,0.,0.));
#6721=DIRECTION('',(0.,-1.,0.));
#6722=DIRECTION('',(0.,0.,1.));
#6723=DIRECTION('',(-1.,0.,0.));
#6724=DIRECTION('',(0.,1.,0.));
#6725=DIRECTION('',(1.,0.,0.));
#6726=DIRECTION('',(0.,0.,1.));
#6727=DIRECTION('',(1.,0.,0.));
#6728=DIRECTION('',(0.,1.,0.));
#6729=DIRECTION('',(1.,0.,0.));
#6730=DIRECTION('',(0.,0.,1.));
#6731=DIRECTION('',(0.,1.,-6.24088065867223E-16));
#6732=DIRECTION('',(-1.,0.,0.));
#6733=DIRECTION('',(0.,1.,0.));
#6734=DIRECTION('',(0.,-1.,1.24817613173445E-16));
#6735=DIRECTION('',(-1.,0.,0.));
#6736=DIRECTION('',(0.,-1.,0.));
#6737=DIRECTION('',(1.,0.,0.));
#6738=DIRECTION('',(0.,0.,1.));
#6739=DIRECTION('',(-1.,0.,0.));
#6740=DIRECTION('',(0.,-1.,0.));
#6741=DIRECTION('',(0.,6.24088065867223E-16,1.));
#6742=DIRECTION('',(0.,-1.,6.24088065867223E-16));
#6743=DIRECTION('',(0.,1.,-6.24088065867223E-16));
#6744=DIRECTION('',(1.,0.,0.));
#6745=DIRECTION('',(0.,0.,1.));
#6746=DIRECTION('',(-1.,0.,0.));
#6747=DIRECTION('',(0.,1.,0.));
#6748=DIRECTION('',(0.,-1.24817613173445E-16,-1.));
#6749=DIRECTION('',(0.,1.,-1.24817613173445E-16));
#6750=DIRECTION('',(0.,-1.,1.24817613173445E-16));
#6751=DIRECTION('',(1.,0.,0.));
#6752=DIRECTION('',(0.,0.,-1.));
#6753=DIRECTION('',(1.,0.,0.));
#6754=DIRECTION('',(0.,-1.,0.));
#6755=DIRECTION('',(1.,0.,0.));
#6756=DIRECTION('',(0.,0.,-1.));
#6757=DIRECTION('',(0.,-1.,5.80016659196232E-16));
#6758=DIRECTION('',(1.,0.,0.));
#6759=DIRECTION('',(0.,0.,-1.));
#6760=DIRECTION('',(1.,0.,0.));
#6761=DIRECTION('',(0.,1.,0.));
#6762=DIRECTION('',(1.,0.,0.));
#6763=DIRECTION('',(0.,0.,-1.));
#6764=DIRECTION('',(0.,1.,0.));
#6765=DIRECTION('',(1.,0.,0.));
#6766=DIRECTION('',(0.,0.,-1.));
#6767=DIRECTION('',(0.,-1.,0.));
#6768=DIRECTION('',(0.,0.,-1.));
#6769=DIRECTION('',(0.,-1.,0.));
#6770=DIRECTION('',(0.,0.,-1.));
#6771=DIRECTION('',(-1.,0.,0.));
#6772=DIRECTION('',(0.,0.,1.));
#6773=DIRECTION('',(-1.,0.,0.));
#6774=DIRECTION('',(0.,0.,1.));
#6775=DIRECTION('',(-1.,0.,0.));
#6776=DIRECTION('',(0.,0.,1.));
#6777=DIRECTION('',(0.,-1.,1.24817613173445E-16));
#6778=DIRECTION('',(1.,0.,0.));
#6779=DIRECTION('',(0.,0.,-1.));
#6780=DIRECTION('',(-1.,0.,0.));
#6781=DIRECTION('',(0.,-1.,0.));
#6782=DIRECTION('',(1.,0.,0.));
#6783=DIRECTION('',(0.,0.,-1.));
#6784=DIRECTION('',(0.,1.,-6.24088065867223E-16));
#6785=DIRECTION('',(1.,0.,0.));
#6786=DIRECTION('',(0.,0.,-1.));
#6787=DIRECTION('',(-1.,0.,0.));
#6788=DIRECTION('',(0.,1.,0.));
#6789=DIRECTION('',(1.,0.,0.));
#6790=DIRECTION('',(0.,0.,-1.));
#6791=DIRECTION('',(1.,0.,0.));
#6792=DIRECTION('',(0.,0.,1.));
#6793=DIRECTION('',(-1.,0.,0.));
#6794=DIRECTION('',(0.,0.,1.));
#6795=DIRECTION('',(1.,0.,0.));
#6796=DIRECTION('',(0.,0.,1.));
#6797=DIRECTION('',(-1.,0.,0.));
#6798=DIRECTION('',(0.,0.,1.));
#6799=DIRECTION('',(1.,0.,0.));
#6800=DIRECTION('',(0.,0.,1.));
#6801=DIRECTION('',(-1.,0.,0.));
#6802=DIRECTION('',(0.,0.,1.));
#6803=DIRECTION('',(-1.,0.,0.));
#6804=DIRECTION('',(0.,0.,-1.));
#6805=DIRECTION('',(-1.,0.,0.));
#6806=DIRECTION('',(0.,0.,1.));
#6807=DIRECTION('',(0.,4.8186763221578E-16,-1.));
#6808=DIRECTION('',(0.,1.,0.));
#6809=DIRECTION('',(0.,0.,1.));
#6810=DIRECTION('',(1.,0.,0.));
#6811=DIRECTION('',(0.,0.,1.));
#6812=DIRECTION('',(1.,0.,0.));
#6813=DIRECTION('',(-1.,0.,0.));
#6814=DIRECTION('',(0.,0.,1.));
#6815=DIRECTION('',(1.,0.,0.));
#6816=DIRECTION('',(1.,0.,0.));
#6817=DIRECTION('',(0.,0.,1.));
#6818=DIRECTION('',(-1.,0.,0.));
#6819=DIRECTION('',(0.,0.,1.));
#6820=DIRECTION('',(1.,0.,0.));
#6821=DIRECTION('',(0.,0.,1.));
#6822=DIRECTION('',(-1.,0.,0.));
#6823=DIRECTION('',(0.,0.,1.));
#6824=DIRECTION('',(1.,0.,0.));
#6825=DIRECTION('',(0.,0.,1.));
#6826=DIRECTION('',(-1.,0.,0.));
#6827=DIRECTION('',(0.,0.,1.));
#6828=DIRECTION('',(-1.,0.,0.));
#6829=DIRECTION('',(0.,0.,-1.));
#6830=DIRECTION('',(-1.,0.,0.));
#6831=DIRECTION('',(0.,0.,1.));
#6832=DIRECTION('',(0.,4.8186763221578E-16,-1.));
#6833=DIRECTION('',(0.,1.,0.));
#6834=DIRECTION('',(0.,0.,1.));
#6835=DIRECTION('',(1.,0.,0.));
#6836=DIRECTION('',(0.,0.,1.));
#6837=DIRECTION('',(1.,0.,0.));
#6838=DIRECTION('',(-1.,0.,0.));
#6839=DIRECTION('',(0.,0.,1.));
#6840=DIRECTION('',(1.,0.,0.));
#6841=DIRECTION('',(1.,0.,0.));
#6842=DIRECTION('',(0.,0.,1.));
#6843=DIRECTION('',(-1.,0.,0.));
#6844=DIRECTION('',(0.,0.,1.));
#6845=DIRECTION('',(1.,0.,0.));
#6846=DIRECTION('',(-1.,0.,0.));
#6847=DIRECTION('',(0.,0.,1.));
#6848=DIRECTION('',(1.,0.,0.));
#6849=DIRECTION('',(-1.,0.,0.));
#6850=DIRECTION('',(0.,0.,-1.));
#6851=DIRECTION('',(-1.,0.,0.));
#6852=DIRECTION('',(0.,0.,1.));
#6853=DIRECTION('',(0.,4.8186763221578E-16,-1.));
#6854=DIRECTION('',(0.,1.,0.));
#6855=DIRECTION('',(0.,0.,1.));
#6856=DIRECTION('',(1.,0.,0.));
#6857=DIRECTION('',(0.,0.,1.));
#6858=DIRECTION('',(-1.,0.,0.));
#6859=DIRECTION('',(0.,0.,1.));
#6860=DIRECTION('',(1.,0.,0.));
#6861=DIRECTION('',(0.,0.,1.));
#6862=DIRECTION('',(-1.,0.,0.));
#6863=DIRECTION('',(0.,0.,1.));
#6864=DIRECTION('',(1.,0.,0.));
#6865=DIRECTION('',(0.,0.,1.));
#6866=DIRECTION('',(-1.,0.,0.));
#6867=DIRECTION('',(0.,0.,1.));
#6868=DIRECTION('',(-1.,0.,0.));
#6869=DIRECTION('',(0.,0.,1.));
#6870=DIRECTION('',(-1.,0.,0.));
#6871=DIRECTION('',(-1.,0.,0.));
#6872=DIRECTION('',(0.,0.,1.));
#6873=DIRECTION('',(-1.,0.,0.));
#6874=DIRECTION('',(1.,0.,0.));
#6875=DIRECTION('',(0.,0.,-1.));
#6876=DIRECTION('',(-1.,0.,0.));
#6877=DIRECTION('',(0.,0.,1.));
#6878=DIRECTION('',(0.,0.,-1.));
#6879=DIRECTION('',(0.,-1.,0.));
#6880=DIRECTION('',(0.,-4.8186763221578E-16,1.));
#6881=DIRECTION('',(-1.,0.,0.));
#6882=DIRECTION('',(0.,0.,1.));
#6883=DIRECTION('',(-1.,0.,0.));
#6884=DIRECTION('',(0.,0.,1.));
#6885=DIRECTION('',(-1.,0.,0.));
#6886=DIRECTION('',(0.,0.,1.));
#6887=DIRECTION('',(-1.,0.,0.));
#6888=DIRECTION('',(0.,0.,1.));
#6889=DIRECTION('',(-1.,0.,0.));
#6890=DIRECTION('',(0.,0.,1.));
#6891=DIRECTION('',(-1.,0.,0.));
#6892=DIRECTION('',(0.,0.,1.));
#6893=DIRECTION('',(-1.,0.,0.));
#6894=DIRECTION('',(0.,0.,1.));
#6895=DIRECTION('',(-1.,0.,0.));
#6896=DIRECTION('',(0.,0.,1.));
#6897=DIRECTION('',(-1.,0.,0.));
#6898=DIRECTION('',(-1.,0.,0.));
#6899=DIRECTION('',(0.,0.,1.));
#6900=DIRECTION('',(-1.,0.,0.));
#6901=DIRECTION('',(1.,0.,0.));
#6902=DIRECTION('',(0.,0.,-1.));
#6903=DIRECTION('',(-1.,0.,0.));
#6904=DIRECTION('',(0.,0.,1.));
#6905=DIRECTION('',(0.,0.,-1.));
#6906=DIRECTION('',(0.,-1.,0.));
#6907=DIRECTION('',(0.,-4.8186763221578E-16,1.));
#6908=DIRECTION('',(-1.,0.,0.));
#6909=DIRECTION('',(0.,0.,1.));
#6910=DIRECTION('',(-1.,0.,0.));
#6911=DIRECTION('',(0.,0.,1.));
#6912=DIRECTION('',(-1.,0.,0.));
#6913=DIRECTION('',(0.,0.,1.));
#6914=DIRECTION('',(-1.,0.,0.));
#6915=DIRECTION('',(0.,0.,1.));
#6916=DIRECTION('',(-1.,0.,0.));
#6917=DIRECTION('',(0.,0.,1.));
#6918=DIRECTION('',(-1.,0.,0.));
#6919=DIRECTION('',(0.,0.,1.));
#6920=DIRECTION('',(0.,-1.,0.));
#6921=DIRECTION('',(0.,0.,1.));
#6922=DIRECTION('',(0.,1.,0.));
#6923=DIRECTION('',(0.,0.,1.));
#6924=DIRECTION('',(0.,1.,0.));
#6925=DIRECTION('',(0.,0.,1.));
#6926=DIRECTION('',(0.,1.,0.));
#6927=DIRECTION('',(0.,0.,-1.));
#6928=DIRECTION('',(0.,1.,0.));
#6929=DIRECTION('',(0.,0.,1.));
#6930=DIRECTION('',(0.,-1.,0.));
#6931=DIRECTION('',(0.,0.,1.));
#6932=DIRECTION('',(0.,1.,0.));
#6933=DIRECTION('',(0.,0.,1.));
#6934=DIRECTION('',(0.,-1.,0.));
#6935=DIRECTION('',(0.,0.,1.));
#6936=DIRECTION('',(0.,1.,0.));
#6937=DIRECTION('',(0.,0.,1.));
#6938=DIRECTION('',(0.,1.,0.));
#6939=DIRECTION('',(0.,0.,1.));
#6940=DIRECTION('',(0.,1.,0.));
#6941=DIRECTION('',(0.,0.,-1.));
#6942=DIRECTION('',(0.,1.,0.));
#6943=DIRECTION('',(0.,0.,1.));
#6944=DIRECTION('',(0.,-1.,0.));
#6945=DIRECTION('',(0.,0.,1.));
#6946=DIRECTION('',(0.,1.,0.));
#6947=DIRECTION('',(0.,0.,1.));
#6948=DIRECTION('',(0.,-1.,0.));
#6949=DIRECTION('',(0.,0.,1.));
#6950=DIRECTION('',(0.,1.,0.));
#6951=DIRECTION('',(0.,0.,1.));
#6952=DIRECTION('',(0.,1.,0.));
#6953=DIRECTION('',(0.,0.,1.));
#6954=DIRECTION('',(0.,1.,0.));
#6955=DIRECTION('',(0.,0.,-1.));
#6956=DIRECTION('',(0.,1.,0.));
#6957=DIRECTION('',(0.,0.,1.));
#6958=DIRECTION('',(0.,-1.,0.));
#6959=DIRECTION('',(0.,0.,1.));
#6960=DIRECTION('',(0.,1.,0.));
#6961=DIRECTION('',(0.,0.,1.));
#6962=DIRECTION('',(0.,1.,0.));
#6963=DIRECTION('',(0.,0.,1.));
#6964=DIRECTION('',(0.,1.,0.));
#6965=DIRECTION('',(0.,0.,1.));
#6966=DIRECTION('',(0.,1.,0.));
#6967=DIRECTION('',(0.,0.,1.));
#6968=DIRECTION('',(0.,-1.,0.));
#6969=DIRECTION('',(0.,0.,-1.));
#6970=DIRECTION('',(0.,1.,0.));
#6971=DIRECTION('',(0.,0.,1.));
#6972=DIRECTION('',(0.,1.,0.));
#6973=DIRECTION('',(0.,0.,1.));
#6974=DIRECTION('',(0.,1.,0.));
#6975=DIRECTION('',(0.,0.,1.));
#6976=DIRECTION('',(0.,1.,0.));
#6977=DIRECTION('',(0.,0.,1.));
#6978=DIRECTION('',(0.,1.,0.));
#6979=DIRECTION('',(0.,0.,1.));
#6980=DIRECTION('',(0.,1.,0.));
#6981=DIRECTION('',(0.,0.,1.));
#6982=DIRECTION('',(0.,-1.,0.));
#6983=DIRECTION('',(0.,0.,-1.));
#6984=DIRECTION('',(0.,1.,0.));
#6985=DIRECTION('',(0.,0.,1.));
#6986=DIRECTION('',(0.,1.,0.));
#6987=DIRECTION('',(0.,0.,1.));
#6988=DIRECTION('',(0.,1.,0.));
#6989=DIRECTION('',(0.,0.,1.));
#6990=DIRECTION('',(0.,0.,-1.));
#6991=DIRECTION('',(-1.,0.,0.));
#6992=DIRECTION('',(0.,1.,0.));
#6993=DIRECTION('',(-1.,5.46304407861969E-16,0.));
#6994=DIRECTION('',(0.,0.,-1.));
#6995=DIRECTION('',(-1.,0.,0.));
#6996=DIRECTION('',(0.,0.,-1.));
#6997=DIRECTION('',(-1.,0.,0.));
#6998=DIRECTION('',(0.,0.,-1.));
#6999=DIRECTION('',(-1.,0.,0.));
#7000=DIRECTION('',(1.,0.,0.));
#7001=DIRECTION('',(0.,0.,-1.));
#7002=DIRECTION('',(-1.,0.,0.));
#7003=DIRECTION('',(0.,1.,0.));
#7004=DIRECTION('',(1.,0.,0.));
#7005=DIRECTION('',(0.,0.,-1.));
#7006=DIRECTION('',(-1.,0.,0.));
#7007=DIRECTION('',(0.,0.,-1.));
#7008=DIRECTION('',(1.,0.,0.));
#7009=DIRECTION('',(0.,0.,-1.));
#7010=DIRECTION('',(-1.,0.,0.));
#7011=DIRECTION('',(-1.,5.46304407861969E-16,0.));
#7012=DIRECTION('',(0.,-1.,0.));
#7013=DIRECTION('',(0.,0.,-1.));
#7014=DIRECTION('',(0.,-1.,0.));
#7015=DIRECTION('',(-1.,0.,0.));
#7016=DIRECTION('',(0.,0.,-1.));
#7017=DIRECTION('',(1.,0.,0.));
#7018=DIRECTION('',(0.,0.,-1.));
#7019=DIRECTION('',(0.,0.,1.));
#7020=DIRECTION('',(1.,0.,0.));
#7021=DIRECTION('',(0.,1.,0.));
#7022=DIRECTION('',(1.,-6.82880509827462E-17,0.));
#7023=DIRECTION('',(0.,0.,1.));
#7024=DIRECTION('',(1.,0.,0.));
#7025=DIRECTION('',(0.,0.,1.));
#7026=DIRECTION('',(1.,0.,0.));
#7027=DIRECTION('',(0.,0.,1.));
#7028=DIRECTION('',(1.,0.,0.));
#7029=DIRECTION('',(-1.,2.85492463503678E-16,0.));
#7030=DIRECTION('',(0.,0.,1.));
#7031=DIRECTION('',(1.,0.,0.));
#7032=DIRECTION('',(0.,1.,0.));
#7033=DIRECTION('',(-1.,2.85492463503678E-16,0.));
#7034=DIRECTION('',(0.,0.,1.));
#7035=DIRECTION('',(1.,0.,0.));
#7036=DIRECTION('',(0.,0.,1.));
#7037=DIRECTION('',(-1.,0.,0.));
#7038=DIRECTION('',(0.,0.,1.));
#7039=DIRECTION('',(1.,0.,0.));
#7040=DIRECTION('',(1.,-6.82880509827462E-17,0.));
#7041=DIRECTION('',(0.,0.,-1.));
#7042=DIRECTION('',(-1.,0.,0.));
#7043=DIRECTION('',(0.,1.,0.));
#7044=DIRECTION('',(-1.,5.46304407861969E-16,0.));
#7045=DIRECTION('',(0.,0.,-1.));
#7046=DIRECTION('',(-1.,0.,0.));
#7047=DIRECTION('',(0.,0.,-1.));
#7048=DIRECTION('',(-1.,0.,0.));
#7049=DIRECTION('',(0.,0.,-1.));
#7050=DIRECTION('',(-1.,0.,0.));
#7051=DIRECTION('',(1.,0.,0.));
#7052=DIRECTION('',(0.,0.,-1.));
#7053=DIRECTION('',(-1.,0.,0.));
#7054=DIRECTION('',(0.,1.,0.));
#7055=DIRECTION('',(1.,0.,0.));
#7056=DIRECTION('',(0.,0.,-1.));
#7057=DIRECTION('',(-1.,0.,0.));
#7058=DIRECTION('',(0.,0.,-1.));
#7059=DIRECTION('',(1.,0.,0.));
#7060=DIRECTION('',(0.,0.,-1.));
#7061=DIRECTION('',(-1.,0.,0.));
#7062=DIRECTION('',(-1.,5.46304407861969E-16,0.));
#7063=DIRECTION('',(0.,-1.,0.));
#7064=DIRECTION('',(0.,0.,-1.));
#7065=DIRECTION('',(0.,-1.,0.));
#7066=DIRECTION('',(-1.,0.,0.));
#7067=DIRECTION('',(0.,0.,-1.));
#7068=DIRECTION('',(1.,0.,0.));
#7069=DIRECTION('',(0.,0.,-1.));
#7070=DIRECTION('',(0.,0.,-1.));
#7071=DIRECTION('',(-1.,0.,0.));
#7072=DIRECTION('',(-1.,6.82880509827461E-17,0.));
#7073=DIRECTION('',(0.,1.,0.));
#7074=DIRECTION('',(1.,-2.85492463503678E-16,0.));
#7075=DIRECTION('',(0.,0.,-1.));
#7076=DIRECTION('',(-1.,0.,0.));
#7077=DIRECTION('',(0.,0.,-1.));
#7078=DIRECTION('',(-1.,0.,0.));
#7079=DIRECTION('',(0.,0.,-1.));
#7080=DIRECTION('',(-1.,0.,0.));
#7081=DIRECTION('',(0.,0.,-1.));
#7082=DIRECTION('',(-1.,0.,0.));
#7083=DIRECTION('',(1.,-2.85492463503678E-16,0.));
#7084=DIRECTION('',(0.,1.,0.));
#7085=DIRECTION('',(-1.,6.82880509827461E-17,0.));
#7086=DIRECTION('',(0.,0.,-1.));
#7087=DIRECTION('',(-1.,0.,0.));
#7088=DIRECTION('',(0.,0.,-1.));
#7089=DIRECTION('',(1.,0.,0.));
#7090=DIRECTION('',(0.,0.,-1.));
#7091=DIRECTION('',(-1.,0.,0.));
#7092=DIRECTION('',(0.,0.,-1.));
#7093=DIRECTION('',(-1.,0.,0.));
#7094=DIRECTION('',(0.,1.,0.));
#7095=DIRECTION('',(-1.,5.4630440786197E-16,0.));
#7096=DIRECTION('',(0.,0.,-1.));
#7097=DIRECTION('',(-1.,0.,0.));
#7098=DIRECTION('',(0.,0.,-1.));
#7099=DIRECTION('',(-1.,0.,0.));
#7100=DIRECTION('',(0.,0.,-1.));
#7101=DIRECTION('',(-1.,0.,0.));
#7102=DIRECTION('',(1.,0.,0.));
#7103=DIRECTION('',(0.,0.,-1.));
#7104=DIRECTION('',(-1.,0.,0.));
#7105=DIRECTION('',(0.,1.,0.));
#7106=DIRECTION('',(1.,0.,0.));
#7107=DIRECTION('',(0.,0.,-1.));
#7108=DIRECTION('',(-1.,0.,0.));
#7109=DIRECTION('',(0.,0.,-1.));
#7110=DIRECTION('',(1.,0.,0.));
#7111=DIRECTION('',(0.,0.,-1.));
#7112=DIRECTION('',(-1.,0.,0.));
#7113=DIRECTION('',(-1.,5.4630440786197E-16,0.));
#7114=DIRECTION('',(0.,-1.,0.));
#7115=DIRECTION('',(0.,0.,-1.));
#7116=DIRECTION('',(0.,-1.,0.));
#7117=DIRECTION('',(-1.,0.,0.));
#7118=DIRECTION('',(0.,0.,-1.));
#7119=DIRECTION('',(1.,0.,0.));
#7120=DIRECTION('',(0.,0.,-1.));
#7121=DIRECTION('',(0.,0.,1.));
#7122=DIRECTION('',(1.,0.,0.));
#7123=DIRECTION('',(0.,1.,0.));
#7124=DIRECTION('',(1.,-6.82880509827462E-17,0.));
#7125=DIRECTION('',(0.,0.,1.));
#7126=DIRECTION('',(1.,0.,0.));
#7127=DIRECTION('',(0.,0.,1.));
#7128=DIRECTION('',(1.,0.,0.));
#7129=DIRECTION('',(0.,0.,1.));
#7130=DIRECTION('',(1.,0.,0.));
#7131=DIRECTION('',(-1.,2.85492463503678E-16,0.));
#7132=DIRECTION('',(0.,0.,1.));
#7133=DIRECTION('',(1.,0.,0.));
#7134=DIRECTION('',(0.,1.,0.));
#7135=DIRECTION('',(-1.,2.85492463503678E-16,0.));
#7136=DIRECTION('',(0.,0.,1.));
#7137=DIRECTION('',(1.,0.,0.));
#7138=DIRECTION('',(0.,0.,1.));
#7139=DIRECTION('',(-1.,0.,0.));
#7140=DIRECTION('',(0.,0.,1.));
#7141=DIRECTION('',(1.,0.,0.));
#7142=DIRECTION('',(1.,-6.82880509827462E-17,0.));
#7143=DIRECTION('',(0.,0.,1.));
#7144=DIRECTION('',(1.,0.,0.));
#7145=DIRECTION('',(0.,-1.,0.));
#7146=DIRECTION('',(1.,6.82880509827462E-17,0.));
#7147=DIRECTION('',(0.,0.,-1.));
#7148=DIRECTION('',(1.,0.,0.));
#7149=DIRECTION('',(0.,0.,-1.));
#7150=DIRECTION('',(-1.,0.,0.));
#7151=DIRECTION('',(0.,0.,-1.));
#7152=DIRECTION('',(1.,0.,0.));
#7153=DIRECTION('',(-1.,-2.85492463503678E-16,0.));
#7154=DIRECTION('',(0.,0.,1.));
#7155=DIRECTION('',(1.,0.,0.));
#7156=DIRECTION('',(0.,-1.,0.));
#7157=DIRECTION('',(-1.,-2.85492463503678E-16,0.));
#7158=DIRECTION('',(0.,0.,-1.));
#7159=DIRECTION('',(1.,0.,0.));
#7160=DIRECTION('',(0.,0.,-1.));
#7161=DIRECTION('',(1.,0.,0.));
#7162=DIRECTION('',(0.,0.,-1.));
#7163=DIRECTION('',(1.,0.,0.));
#7164=DIRECTION('',(1.,6.82880509827462E-17,0.));
#7165=DIRECTION('',(0.,0.,-1.));
#7166=DIRECTION('',(-1.,0.,0.));
#7167=DIRECTION('',(0.,-1.,0.));
#7168=DIRECTION('',(1.,0.,0.));
#7169=DIRECTION('',(0.,0.,-1.));
#7170=DIRECTION('',(-1.,0.,0.));
#7171=DIRECTION('',(0.,0.,-1.));
#7172=DIRECTION('',(1.,0.,0.));
#7173=DIRECTION('',(0.,0.,-1.));
#7174=DIRECTION('',(-1.,0.,0.));
#7175=DIRECTION('',(-1.,5.46304407861969E-16,0.));
#7176=DIRECTION('',(0.,0.,-1.));
#7177=DIRECTION('',(-1.,0.,0.));
#7178=DIRECTION('',(0.,-1.,0.));
#7179=DIRECTION('',(-1.,5.46304407861969E-16,0.));
#7180=DIRECTION('',(0.,0.,-1.));
#7181=DIRECTION('',(-1.,0.,0.));
#7182=DIRECTION('',(0.,0.,-1.));
#7183=DIRECTION('',(-1.,0.,0.));
#7184=DIRECTION('',(0.,0.,-1.));
#7185=DIRECTION('',(-1.,0.,0.));
#7186=DIRECTION('',(1.,0.,0.));
#7187=DIRECTION('',(5.46304407861969E-16,1.,0.));
#7188=DIRECTION('',(-1.,5.46304407861969E-16,0.));
#7189=DIRECTION('',(0.,1.,0.));
#7190=DIRECTION('',(-1.,0.,0.));
#7191=DIRECTION('',(0.,0.,-1.));
#7192=DIRECTION('',(-1.,5.46304407861969E-16,0.));
#7193=DIRECTION('',(0.,0.,-1.));
#7194=DIRECTION('',(0.,0.,-1.));
#7195=DIRECTION('',(-1.,0.,0.));
#7196=DIRECTION('',(-1.,-6.82880509827461E-17,0.));
#7197=DIRECTION('',(0.,-1.,0.));
#7198=DIRECTION('',(1.,2.85492463503678E-16,0.));
#7199=DIRECTION('',(0.,0.,1.));
#7200=DIRECTION('',(-1.,0.,0.));
#7201=DIRECTION('',(0.,0.,1.));
#7202=DIRECTION('',(1.,0.,0.));
#7203=DIRECTION('',(0.,0.,1.));
#7204=DIRECTION('',(-1.,0.,0.));
#7205=DIRECTION('',(0.,0.,-1.));
#7206=DIRECTION('',(-1.,0.,0.));
#7207=DIRECTION('',(1.,2.85492463503678E-16,0.));
#7208=DIRECTION('',(0.,-1.,0.));
#7209=DIRECTION('',(-1.,-6.82880509827461E-17,0.));
#7210=DIRECTION('',(0.,0.,1.));
#7211=DIRECTION('',(-1.,0.,0.));
#7212=DIRECTION('',(0.,0.,1.));
#7213=DIRECTION('',(-1.,0.,0.));
#7214=DIRECTION('',(0.,0.,1.));
#7215=DIRECTION('',(-1.,0.,0.));
#7216=DIRECTION('',(0.,0.,-1.));
#7217=DIRECTION('',(-1.,0.,0.));
#7218=DIRECTION('',(0.,-1.,0.));
#7219=DIRECTION('',(1.,0.,0.));
#7220=DIRECTION('',(0.,0.,-1.));
#7221=DIRECTION('',(-1.,0.,0.));
#7222=DIRECTION('',(0.,0.,-1.));
#7223=DIRECTION('',(1.,0.,0.));
#7224=DIRECTION('',(0.,0.,-1.));
#7225=DIRECTION('',(-1.,0.,0.));
#7226=DIRECTION('',(-1.,5.46304407861969E-16,0.));
#7227=DIRECTION('',(0.,0.,-1.));
#7228=DIRECTION('',(-1.,0.,0.));
#7229=DIRECTION('',(0.,-1.,0.));
#7230=DIRECTION('',(-1.,5.46304407861969E-16,0.));
#7231=DIRECTION('',(0.,0.,-1.));
#7232=DIRECTION('',(-1.,0.,0.));
#7233=DIRECTION('',(0.,0.,-1.));
#7234=DIRECTION('',(-1.,0.,0.));
#7235=DIRECTION('',(0.,0.,-1.));
#7236=DIRECTION('',(-1.,0.,0.));
#7237=DIRECTION('',(1.,0.,0.));
#7238=DIRECTION('',(5.46304407861969E-16,1.,0.));
#7239=DIRECTION('',(-1.,5.46304407861969E-16,0.));
#7240=DIRECTION('',(0.,1.,0.));
#7241=DIRECTION('',(-1.,0.,0.));
#7242=DIRECTION('',(0.,0.,-1.));
#7243=DIRECTION('',(-1.,5.46304407861969E-16,0.));
#7244=DIRECTION('',(0.,0.,-1.));
#7245=DIRECTION('',(0.,0.,1.));
#7246=DIRECTION('',(1.,0.,0.));
#7247=DIRECTION('',(0.,-1.,0.));
#7248=DIRECTION('',(1.,6.82880509827462E-17,0.));
#7249=DIRECTION('',(0.,0.,-1.));
#7250=DIRECTION('',(1.,0.,0.));
#7251=DIRECTION('',(0.,0.,-1.));
#7252=DIRECTION('',(-1.,0.,0.));
#7253=DIRECTION('',(0.,0.,-1.));
#7254=DIRECTION('',(1.,0.,0.));
#7255=DIRECTION('',(-1.,-2.85492463503678E-16,0.));
#7256=DIRECTION('',(0.,0.,1.));
#7257=DIRECTION('',(1.,0.,0.));
#7258=DIRECTION('',(0.,-1.,0.));
#7259=DIRECTION('',(-1.,-2.85492463503678E-16,0.));
#7260=DIRECTION('',(0.,0.,-1.));
#7261=DIRECTION('',(1.,0.,0.));
#7262=DIRECTION('',(0.,0.,-1.));
#7263=DIRECTION('',(1.,0.,0.));
#7264=DIRECTION('',(0.,0.,-1.));
#7265=DIRECTION('',(1.,0.,0.));
#7266=DIRECTION('',(1.,6.82880509827462E-17,0.));
#7267=DIRECTION('',(0.,0.,-1.));
#7268=DIRECTION('',(-1.,0.,0.));
#7269=DIRECTION('',(0.,-1.,0.));
#7270=DIRECTION('',(1.,0.,0.));
#7271=DIRECTION('',(0.,0.,-1.));
#7272=DIRECTION('',(-1.,0.,0.));
#7273=DIRECTION('',(0.,0.,-1.));
#7274=DIRECTION('',(1.,0.,0.));
#7275=DIRECTION('',(0.,0.,-1.));
#7276=DIRECTION('',(-1.,0.,0.));
#7277=DIRECTION('',(-1.,5.4630440786197E-16,0.));
#7278=DIRECTION('',(0.,0.,-1.));
#7279=DIRECTION('',(-1.,0.,0.));
#7280=DIRECTION('',(0.,-1.,0.));
#7281=DIRECTION('',(-1.,5.4630440786197E-16,0.));
#7282=DIRECTION('',(0.,0.,-1.));
#7283=DIRECTION('',(-1.,0.,0.));
#7284=DIRECTION('',(0.,0.,-1.));
#7285=DIRECTION('',(-1.,0.,0.));
#7286=DIRECTION('',(0.,0.,-1.));
#7287=DIRECTION('',(-1.,0.,0.));
#7288=DIRECTION('',(1.,0.,0.));
#7289=DIRECTION('',(5.4630440786197E-16,1.,0.));
#7290=DIRECTION('',(-1.,5.4630440786197E-16,0.));
#7291=DIRECTION('',(0.,1.,0.));
#7292=DIRECTION('',(-1.,0.,0.));
#7293=DIRECTION('',(0.,0.,-1.));
#7294=DIRECTION('',(-1.,5.4630440786197E-16,0.));
#7295=DIRECTION('',(0.,0.,-1.));
#7296=DIRECTION('',(0.,0.,-1.));
#7297=DIRECTION('',(-1.,0.,0.));
#7298=DIRECTION('',(0.,0.,-1.));
#7299=DIRECTION('',(0.,0.,-1.));
#7300=DIRECTION('',(1.,0.,0.));
#7301=DIRECTION('',(0.,0.,1.));
#7302=DIRECTION('',(0.,0.,-1.));
#7303=DIRECTION('',(-1.,0.,0.));
#7304=DIRECTION('',(0.,0.,-1.));
#7305=DIRECTION('',(0.,0.,-1.));
#7306=DIRECTION('',(1.,0.,0.));
#7307=DIRECTION('',(0.,0.,1.));
#7308=DIRECTION('',(0.,0.,-1.));
#7309=DIRECTION('',(-1.,0.,0.));
#7310=DIRECTION('',(0.,0.,1.));
#7311=DIRECTION('',(0.,0.,-1.));
#7312=DIRECTION('',(1.,0.,0.));
#7313=DIRECTION('',(0.,0.,-1.));
#7314=DIRECTION('',(0.,0.,-1.));
#7315=DIRECTION('',(-1.,0.,0.));
#7316=DIRECTION('',(0.,0.,-1.));
#7317=DIRECTION('',(0.,0.,-1.));
#7318=DIRECTION('',(1.,0.,0.));
#7319=DIRECTION('',(0.,0.,1.));
#7320=DIRECTION('',(0.,0.,-1.));
#7321=DIRECTION('',(-1.,0.,0.));
#7322=DIRECTION('',(0.,0.,1.));
#7323=DIRECTION('',(0.,0.,-1.));
#7324=DIRECTION('',(1.,0.,0.));
#7325=DIRECTION('',(0.,0.,-1.));
#7326=DIRECTION('',(0.,0.,-1.));
#7327=DIRECTION('',(-1.,0.,0.));
#7328=DIRECTION('',(0.,0.,1.));
#7329=DIRECTION('',(0.,0.,-1.));
#7330=DIRECTION('',(1.,0.,0.));
#7331=DIRECTION('',(0.,0.,-1.));
#7332=DIRECTION('',(0.,0.,-1.));
#7333=DIRECTION('',(-1.,0.,0.));
#7334=DIRECTION('',(0.,0.,-1.));
#7335=DIRECTION('',(0.,0.,-1.));
#7336=DIRECTION('',(1.,0.,0.));
#7337=DIRECTION('',(0.,0.,1.));
#7338=DIRECTION('',(0.,0.,-1.));
#7339=DIRECTION('',(-1.,0.,0.));
#7340=DIRECTION('',(0.,0.,1.));
#7341=DIRECTION('',(0.,0.,-1.));
#7342=DIRECTION('',(1.,0.,0.));
#7343=DIRECTION('',(0.,0.,-1.));
#7344=DIRECTION('',(0.,0.,-1.));
#7345=DIRECTION('',(-1.,0.,0.));
#7346=DIRECTION('',(0.,0.,-1.));
#7347=DIRECTION('',(0.,0.,-1.));
#7348=DIRECTION('',(1.,0.,0.));
#7349=DIRECTION('',(0.,0.,1.));
#7350=DIRECTION('',(0.,0.,-1.));
#7351=DIRECTION('',(-1.,0.,0.));
#7352=DIRECTION('',(0.,0.,-1.));
#7353=DIRECTION('',(0.,0.,-1.));
#7354=DIRECTION('',(1.,0.,0.));
#7355=DIRECTION('',(0.,0.,1.));
#7356=DIRECTION('',(0.,0.,-1.));
#7357=DIRECTION('',(-1.,0.,0.));
#7358=DIRECTION('',(0.,0.,1.));
#7359=DIRECTION('',(0.,0.,-1.));
#7360=DIRECTION('',(1.,0.,0.));
#7361=DIRECTION('',(0.,0.,-1.));
#7362=DIRECTION('',(0.,0.,-1.));
#7363=DIRECTION('',(-1.,0.,0.));
#7364=DIRECTION('',(0.,0.,1.));
#7365=DIRECTION('',(0.,0.,-1.));
#7366=DIRECTION('',(1.,0.,0.));
#7367=DIRECTION('',(0.,0.,-1.));
#7368=DIRECTION('',(0.,0.,-1.));
#7369=DIRECTION('',(-1.,0.,0.));
#7370=DIRECTION('',(0.,0.,-1.));
#7371=DIRECTION('',(1.,0.,0.));
#7372=DIRECTION('',(-2.85492463503678E-16,1.,0.));
#7373=DIRECTION('',(1.,2.85492463503678E-16,0.));
#7374=DIRECTION('',(-2.85492463503678E-16,1.,0.));
#7375=DIRECTION('',(-1.,-2.85492463503678E-16,0.));
#7376=DIRECTION('',(-1.,-2.85492463503678E-16,0.));
#7377=DIRECTION('',(0.,0.,-1.));
#7378=DIRECTION('',(-1.,0.,0.));
#7379=DIRECTION('',(0.,0.,-1.));
#7380=DIRECTION('',(-1.,0.,0.));
#7381=DIRECTION('',(6.82880509827462E-17,-1.,0.));
#7382=DIRECTION('',(-1.,-6.82880509827462E-17,0.));
#7383=DIRECTION('',(6.82880509827462E-17,-1.,0.));
#7384=DIRECTION('',(1.,6.82880509827462E-17,0.));
#7385=DIRECTION('',(1.,6.82880509827462E-17,0.));
#7386=DIRECTION('',(6.82880509827462E-17,-1.,0.));
#7387=DIRECTION('',(-1.,-6.82880509827462E-17,0.));
#7388=DIRECTION('',(6.82880509827462E-17,-1.,0.));
#7389=DIRECTION('',(1.,6.82880509827462E-17,0.));
#7390=DIRECTION('',(1.,6.82880509827462E-17,0.));
#7391=DIRECTION('',(0.,0.,-1.));
#7392=DIRECTION('',(-1.,0.,0.));
#7393=DIRECTION('',(0.,0.,-1.));
#7394=DIRECTION('',(1.,0.,0.));
#7395=DIRECTION('',(-2.85492463503678E-16,1.,0.));
#7396=DIRECTION('',(1.,2.85492463503678E-16,0.));
#7397=DIRECTION('',(-2.85492463503678E-16,1.,0.));
#7398=DIRECTION('',(-1.,-2.85492463503678E-16,0.));
#7399=DIRECTION('',(-1.,-2.85492463503678E-16,0.));
#7400=DIRECTION('',(0.,0.,-1.));
#7401=DIRECTION('',(-1.,0.,0.));
#7402=DIRECTION('',(0.,0.,-1.));
#7403=DIRECTION('',(-1.,0.,0.));
#7404=DIRECTION('',(-6.82880509827461E-17,1.,0.));
#7405=DIRECTION('',(1.,6.82880509827461E-17,0.));
#7406=DIRECTION('',(-6.82880509827461E-17,1.,0.));
#7407=DIRECTION('',(-1.,-6.82880509827461E-17,0.));
#7408=DIRECTION('',(-1.,-6.82880509827461E-17,0.));
#7409=DIRECTION('',(0.,0.,-1.));
#7410=DIRECTION('',(-1.,0.,0.));
#7411=DIRECTION('',(0.,0.,1.));
#7412=DIRECTION('',(-1.,0.,0.));
#7413=DIRECTION('',(2.85492463503678E-16,-1.,0.));
#7414=DIRECTION('',(-1.,-2.85492463503678E-16,0.));
#7415=DIRECTION('',(2.85492463503678E-16,-1.,0.));
#7416=DIRECTION('',(1.,2.85492463503678E-16,0.));
#7417=DIRECTION('',(1.,2.85492463503678E-16,0.));
#7418=DIRECTION('',(0.,0.,-1.));
#7419=DIRECTION('',(-1.,0.,0.));
#7420=DIRECTION('',(0.,0.,1.));
#7421=DIRECTION('',(1.,0.,0.));
#7422=DIRECTION('',(0.,0.,1.));
#7423=DIRECTION('',(1.,0.,0.));
#7424=DIRECTION('',(-1.,2.85492463503678E-16,0.));
#7425=DIRECTION('',(0.,0.,1.));
#7426=DIRECTION('',(1.,0.,0.));
#7427=DIRECTION('',(0.,0.,1.));
#7428=DIRECTION('',(1.,0.,0.));
#7429=DIRECTION('',(0.,0.,1.));
#7430=DIRECTION('',(1.,0.,0.));
#7431=DIRECTION('',(1.,-6.82880509827462E-17,0.));
#7432=DIRECTION('',(0.,0.,1.));
#7433=DIRECTION('',(1.,0.,0.));
#7434=DIRECTION('',(0.,0.,1.));
#7435=DIRECTION('',(-1.,0.,0.));
#7436=DIRECTION('',(0.,0.,1.));
#7437=DIRECTION('',(1.,0.,0.));
#7438=DIRECTION('',(0.,0.,1.));
#7439=DIRECTION('',(1.,0.,0.));
#7440=DIRECTION('',(0.,0.,1.));
#7441=DIRECTION('',(1.,0.,0.));
#7442=DIRECTION('',(1.,-6.82880509827462E-17,0.));
#7443=DIRECTION('',(0.,0.,1.));
#7444=DIRECTION('',(1.,0.,0.));
#7445=DIRECTION('',(0.,0.,1.));
#7446=DIRECTION('',(-1.,0.,0.));
#7447=DIRECTION('',(0.,0.,1.));
#7448=DIRECTION('',(1.,0.,0.));
#7449=DIRECTION('',(-1.,2.85492463503678E-16,0.));
#7450=DIRECTION('',(0.,0.,1.));
#7451=DIRECTION('',(1.,0.,0.));
#7452=DIRECTION('',(0.,0.,1.));
#7453=DIRECTION('',(1.,0.,0.));
#7454=DIRECTION('',(0.,0.,1.));
#7455=DIRECTION('',(1.,0.,0.));
#7456=DIRECTION('',(0.,0.,1.));
#7457=DIRECTION('',(1.,0.,0.));
#7458=DIRECTION('',(0.,0.,1.));
#7459=DIRECTION('',(1.,0.,0.));
#7460=DIRECTION('',(-1.,0.,0.));
#7461=DIRECTION('',(0.,-1.,0.));
#7462=DIRECTION('',(1.,7.2280144832367E-17,0.));
#7463=DIRECTION('',(0.,0.,1.));
#7464=DIRECTION('',(1.,0.,0.));
#7465=DIRECTION('',(-1.,-2.89120579329468E-16,0.));
#7466=DIRECTION('',(0.,0.,1.));
#7467=DIRECTION('',(-1.,0.,0.));
#7468=DIRECTION('',(1.,7.2280144832367E-17,0.));
#7469=DIRECTION('',(0.,-1.,0.));
#7470=DIRECTION('',(-1.,0.,0.));
#7471=DIRECTION('',(0.,-1.,0.));
#7472=DIRECTION('',(1.,7.2280144832367E-17,0.));
#7473=DIRECTION('',(0.,-1.,0.));
#7474=DIRECTION('',(-1.,0.,0.));
#7475=DIRECTION('',(0.,-1.,0.));
#7476=DIRECTION('',(1.,7.2280144832367E-17,0.));
#7477=DIRECTION('',(0.,-1.,0.));
#7478=DIRECTION('',(0.,0.,-1.));
#7479=DIRECTION('',(1.,0.,0.));
#7480=DIRECTION('',(0.,0.,1.));
#7481=DIRECTION('',(1.,0.,0.));
#7482=DIRECTION('',(-1.,6.82880509827461E-17,0.));
#7483=DIRECTION('',(0.,0.,1.));
#7484=DIRECTION('',(1.,0.,0.));
#7485=DIRECTION('',(0.,0.,-1.));
#7486=DIRECTION('',(-1.,0.,0.));
#7487=DIRECTION('',(0.,0.,1.));
#7488=DIRECTION('',(1.,0.,0.));
#7489=DIRECTION('',(1.,-2.85492463503678E-16,0.));
#7490=DIRECTION('',(0.,0.,1.));
#7491=DIRECTION('',(1.,0.,0.));
#7492=DIRECTION('',(1.,0.,-4.33680868994202E-16));
#7493=DIRECTION('',(-4.33680868994202E-16,0.,-1.));
#7494=DIRECTION('',(0.,1.,0.));
#7495=DIRECTION('',(-4.33680868994202E-16,-3.13465160219277E-32,-1.));
#7496=DIRECTION('',(-4.33680868994202E-16,0.,-1.));
#7497=DIRECTION('',(0.,-1.,0.));
#7498=DIRECTION('',(-4.33680868994202E-16,0.,-1.));
#7499=DIRECTION('',(-1.,0.,0.));
#7500=DIRECTION('',(0.,0.,1.));
#7501=DIRECTION('',(0.,-1.,0.));
#7502=DIRECTION('',(0.,0.,1.));
#7503=DIRECTION('',(0.,-1.,0.));
#7504=DIRECTION('',(0.,0.,1.));
#7505=DIRECTION('',(0.,0.,1.));
#7506=DIRECTION('',(0.,1.,0.));
#7507=DIRECTION('',(0.,0.,-1.));
#7508=DIRECTION('',(0.,-1.,0.));
#7509=DIRECTION('',(1.,0.,0.));
#7510=DIRECTION('',(0.,-1.,0.));
#7511=DIRECTION('',(0.,0.,1.));
#7512=DIRECTION('',(1.30104260698261E-16,-1.,0.));
#7513=DIRECTION('',(1.,1.30104260698261E-16,0.));
#7514=DIRECTION('',(1.,0.,-4.33680868994202E-16));
#7515=DIRECTION('',(-4.33680868994202E-16,0.,-1.));
#7516=DIRECTION('',(0.,1.,0.));
#7517=DIRECTION('',(-4.33680868994202E-16,-3.13465160219277E-32,-1.));
#7518=DIRECTION('',(-4.33680868994202E-16,0.,-1.));
#7519=DIRECTION('',(0.,-1.,0.));
#7520=DIRECTION('',(-4.33680868994202E-16,0.,-1.));
#7521=DIRECTION('',(-1.,0.,0.));
#7522=DIRECTION('',(0.,0.,1.));
#7523=DIRECTION('',(0.,-1.,0.));
#7524=DIRECTION('',(0.,0.,1.));
#7525=DIRECTION('',(0.,-1.,0.));
#7526=DIRECTION('',(0.,0.,1.));
#7527=DIRECTION('',(0.,0.,1.));
#7528=DIRECTION('',(0.,1.,0.));
#7529=DIRECTION('',(0.,0.,-1.));
#7530=DIRECTION('',(0.,-1.,0.));
#7531=DIRECTION('',(1.,0.,0.));
#7532=DIRECTION('',(0.,-1.,0.));
#7533=DIRECTION('',(0.,0.,1.));
#7534=DIRECTION('',(1.30104260698261E-16,-1.,0.));
#7535=DIRECTION('',(1.,1.30104260698261E-16,0.));
#7536=DIRECTION('',(1.,0.,-4.33680868994202E-16));
#7537=DIRECTION('',(-4.33680868994202E-16,0.,-1.));
#7538=DIRECTION('',(0.,1.,0.));
#7539=DIRECTION('',(-4.33680868994202E-16,-3.13465160219277E-32,-1.));
#7540=DIRECTION('',(-4.33680868994202E-16,0.,-1.));
#7541=DIRECTION('',(0.,-1.,0.));
#7542=DIRECTION('',(-4.33680868994202E-16,0.,-1.));
#7543=DIRECTION('',(-1.,0.,0.));
#7544=DIRECTION('',(0.,0.,1.));
#7545=DIRECTION('',(0.,-1.,0.));
#7546=DIRECTION('',(0.,0.,1.));
#7547=DIRECTION('',(0.,-1.,0.));
#7548=DIRECTION('',(0.,0.,1.));
#7549=DIRECTION('',(0.,0.,1.));
#7550=DIRECTION('',(0.,1.,0.));
#7551=DIRECTION('',(0.,0.,-1.));
#7552=DIRECTION('',(0.,1.,0.));
#7553=DIRECTION('',(0.,0.,1.));
#7554=DIRECTION('',(0.,-1.,0.));
#7555=DIRECTION('',(1.,0.,0.));
#7556=DIRECTION('',(0.,-1.,0.));
#7557=DIRECTION('',(0.,0.,1.));
#7558=DIRECTION('',(1.30104260698261E-16,-1.,0.));
#7559=DIRECTION('',(1.,1.30104260698261E-16,0.));
#7560=DIRECTION('',(0.,0.,1.));
#7561=DIRECTION('',(1.,0.,0.));
#7562=DIRECTION('',(0.,0.,1.));
#7563=DIRECTION('',(1.,0.,0.));
#7564=DIRECTION('',(0.,0.,1.));
#7565=DIRECTION('',(1.,0.,0.));
#7566=DIRECTION('',(0.,0.,1.));
#7567=DIRECTION('',(1.,0.,0.));
#7568=DIRECTION('',(0.,0.,1.));
#7569=DIRECTION('',(1.,0.,0.));
#7570=DIRECTION('',(0.,0.,1.));
#7571=DIRECTION('',(1.,0.,0.));
#7572=DIRECTION('',(0.,0.,1.));
#7573=DIRECTION('',(1.,0.,0.));
#7574=DIRECTION('',(0.,0.,1.));
#7575=DIRECTION('',(1.,0.,0.));
#7576=DIRECTION('',(0.,0.,1.));
#7577=DIRECTION('',(1.,0.,0.));
#7578=DIRECTION('',(0.,0.,1.));
#7579=DIRECTION('',(1.,0.,0.));
#7580=DIRECTION('',(0.,0.,1.));
#7581=DIRECTION('',(1.,0.,0.));
#7582=DIRECTION('',(0.,0.,1.));
#7583=DIRECTION('',(1.,0.,0.));
#7584=DIRECTION('',(0.,0.,-1.));
#7585=DIRECTION('',(-1.,0.,0.));
#7586=DIRECTION('',(0.,0.,1.));
#7587=DIRECTION('',(1.,0.,0.));
#7588=DIRECTION('',(0.,0.,-1.));
#7589=DIRECTION('',(-1.,0.,0.));
#7590=DIRECTION('',(0.,0.,1.));
#7591=DIRECTION('',(1.,0.,0.));
#7592=DIRECTION('',(0.,0.,-1.));
#7593=DIRECTION('',(-1.,0.,0.));
#7594=DIRECTION('',(0.,0.,1.));
#7595=DIRECTION('',(1.,0.,0.));
#7596=DIRECTION('',(0.,0.,-1.));
#7597=DIRECTION('',(-1.,0.,0.));
#7598=DIRECTION('',(0.,0.,1.));
#7599=DIRECTION('',(1.,0.,0.));
#7600=DIRECTION('',(0.,0.,1.));
#7601=DIRECTION('',(1.,0.,0.));
#7602=DIRECTION('',(0.,0.,1.));
#7603=DIRECTION('',(1.,0.,0.));
#7604=DIRECTION('',(0.,0.,1.));
#7605=DIRECTION('',(1.,0.,0.));
#7606=DIRECTION('',(0.,0.,1.));
#7607=DIRECTION('',(1.,0.,0.));
#7608=DIRECTION('',(0.,0.,1.));
#7609=DIRECTION('',(1.,0.,0.));
#7610=DIRECTION('',(0.,0.,1.));
#7611=DIRECTION('',(1.,0.,0.));
#7612=DIRECTION('',(0.,0.,1.));
#7613=DIRECTION('',(1.,0.,0.));
#7614=DIRECTION('',(0.,0.,1.));
#7615=DIRECTION('',(1.,0.,0.));
#7616=DIRECTION('',(0.,0.,1.));
#7617=DIRECTION('',(1.,0.,0.));
#7618=DIRECTION('',(0.,0.,1.));
#7619=DIRECTION('',(1.,0.,0.));
#7620=DIRECTION('',(0.,0.,1.));
#7621=DIRECTION('',(1.,0.,0.));
#7622=DIRECTION('',(0.,0.,1.));
#7623=DIRECTION('',(1.,0.,0.));
#7624=DIRECTION('',(0.,0.,1.));
#7625=DIRECTION('',(1.,0.,0.));
#7626=DIRECTION('',(0.,0.,1.));
#7627=DIRECTION('',(1.,0.,0.));
#7628=DIRECTION('',(0.,0.,1.));
#7629=DIRECTION('',(1.,0.,0.));
#7630=DIRECTION('',(0.,0.,1.));
#7631=DIRECTION('',(1.,0.,0.));
#7632=DIRECTION('',(0.,0.,1.));
#7633=DIRECTION('',(1.,0.,0.));
#7634=DIRECTION('',(0.,0.,1.));
#7635=DIRECTION('',(0.,0.,1.));
#7636=DIRECTION('',(1.,0.,0.));
#7637=DIRECTION('',(0.,0.,1.));
#7638=DIRECTION('',(1.,0.,0.));
#7639=DIRECTION('',(0.,0.,1.));
#7640=DIRECTION('',(1.,0.,0.));
#7641=DIRECTION('',(0.,0.,1.));
#7642=DIRECTION('',(0.,0.,1.));
#7643=DIRECTION('',(1.,0.,0.));
#7644=DIRECTION('',(0.,0.,-1.));
#7645=DIRECTION('',(-1.,0.,0.));
#7646=DIRECTION('',(0.,0.,1.));
#7647=DIRECTION('',(0.,0.,1.));
#7648=DIRECTION('',(1.,0.,0.));
#7649=DIRECTION('',(0.,0.,1.));
#7650=DIRECTION('',(1.,0.,0.));
#7651=DIRECTION('',(0.,0.,-1.));
#7652=DIRECTION('',(0.,-1.,0.));
#7653=DIRECTION('',(0.,0.,-1.));
#7654=DIRECTION('',(0.,-1.,0.));
#7655=DIRECTION('',(0.,0.,-1.));
#7656=DIRECTION('',(1.,0.,0.));
#7657=DIRECTION('',(0.,0.,-1.));
#7658=DIRECTION('',(0.,0.,1.));
#7659=DIRECTION('',(1.,0.,0.));
#7660=DIRECTION('',(0.,0.,1.));
#7661=DIRECTION('',(1.,0.,0.));
#7662=DIRECTION('',(0.,0.,1.));
#7663=DIRECTION('',(0.,0.,1.));
#7664=DIRECTION('',(1.,0.,0.));
#7665=DIRECTION('',(0.,0.,-1.));
#7666=DIRECTION('',(1.,0.,0.));
#7667=DIRECTION('',(0.,0.,1.));
#7668=DIRECTION('',(1.,0.,0.));
#7669=DIRECTION('',(0.,0.,-1.));
#7670=DIRECTION('',(0.,0.,1.));
#7671=DIRECTION('',(1.,0.,0.));
#7672=DIRECTION('',(0.,0.,1.));
#7673=DIRECTION('',(0.,0.,1.));
#7674=DIRECTION('',(1.,0.,0.));
#7675=DIRECTION('',(0.,0.,-1.));
#7676=DIRECTION('',(1.,0.,0.));
#7677=DIRECTION('',(0.,0.,1.));
#7678=DIRECTION('',(0.,0.,1.));
#7679=DIRECTION('',(1.,0.,0.));
#7680=DIRECTION('',(0.,0.,1.));
#7681=DIRECTION('',(1.,0.,0.));
#7682=DIRECTION('',(0.,0.,1.));
#7683=DIRECTION('',(1.,0.,0.));
#7684=DIRECTION('',(0.,0.,1.));
#7685=DIRECTION('',(1.,0.,0.));
#7686=DIRECTION('',(0.,0.,1.));
#7687=DIRECTION('',(0.,0.,1.));
#7688=DIRECTION('',(1.,0.,0.));
#7689=DIRECTION('',(0.,0.,-1.));
#7690=DIRECTION('',(-1.,0.,0.));
#7691=DIRECTION('',(0.,0.,1.));
#7692=DIRECTION('',(0.,0.,1.));
#7693=DIRECTION('',(1.,0.,0.));
#7694=DIRECTION('',(0.,0.,1.));
#7695=DIRECTION('',(1.,0.,0.));
#7696=DIRECTION('',(0.,0.,-1.));
#7697=DIRECTION('',(0.,-1.,0.));
#7698=DIRECTION('',(0.,0.,-1.));
#7699=DIRECTION('',(0.,-1.,0.));
#7700=DIRECTION('',(0.,0.,-1.));
#7701=DIRECTION('',(1.,0.,0.));
#7702=DIRECTION('',(0.,0.,1.));
#7703=DIRECTION('',(1.,0.,0.));
#7704=DIRECTION('',(0.,0.,1.));
#7705=DIRECTION('',(1.,0.,0.));
#7706=DIRECTION('',(0.,0.,1.));
#7707=DIRECTION('',(0.,0.,1.));
#7708=DIRECTION('',(1.,0.,0.));
#7709=DIRECTION('',(0.,0.,-1.));
#7710=DIRECTION('',(-1.,0.,0.));
#7711=DIRECTION('',(0.,0.,1.));
#7712=DIRECTION('',(0.,0.,1.));
#7713=DIRECTION('',(1.,0.,0.));
#7714=DIRECTION('',(0.,0.,1.));
#7715=DIRECTION('',(1.,0.,0.));
#7716=DIRECTION('',(0.,0.,-1.));
#7717=DIRECTION('',(0.,-1.,0.));
#7718=DIRECTION('',(0.,0.,-1.));
#7719=DIRECTION('',(0.,-1.,0.));
#7720=DIRECTION('',(0.,0.,-1.));
#7721=DIRECTION('',(1.,0.,0.));
#7722=DIRECTION('',(0.,0.,-1.));
#7723=DIRECTION('',(0.,0.,1.));
#7724=DIRECTION('',(1.,0.,0.));
#7725=DIRECTION('',(0.,0.,1.));
#7726=DIRECTION('',(1.,0.,0.));
#7727=DIRECTION('',(0.,0.,1.));
#7728=DIRECTION('',(0.,0.,1.));
#7729=DIRECTION('',(1.,0.,0.));
#7730=DIRECTION('',(0.,0.,-1.));
#7731=DIRECTION('',(1.,0.,0.));
#7732=DIRECTION('',(0.,0.,1.));
#7733=DIRECTION('',(0.,0.,1.));
#7734=DIRECTION('',(1.,0.,0.));
#7735=DIRECTION('',(0.,0.,1.));
#7736=DIRECTION('',(1.,0.,0.));
#7737=DIRECTION('',(0.,0.,-1.));
#7738=DIRECTION('',(-1.,0.,0.));
#7739=DIRECTION('',(0.,0.,1.));
#7740=DIRECTION('',(1.,0.,0.));
#7741=DIRECTION('',(0.,0.,1.));
#7742=DIRECTION('',(1.,0.,0.));
#7743=DIRECTION('',(0.,0.,-1.));
#7744=DIRECTION('',(-1.,0.,0.));
#7745=DIRECTION('',(0.,0.,1.));
#7746=DIRECTION('',(1.,0.,0.));
#7747=DIRECTION('',(0.,0.,1.));
#7748=DIRECTION('',(1.,0.,0.));
#7749=DIRECTION('',(0.,0.,-1.));
#7750=DIRECTION('',(-1.,0.,0.));
#7751=DIRECTION('',(0.,0.,1.));
#7752=DIRECTION('',(1.,0.,0.));
#7753=DIRECTION('',(0.,0.,1.));
#7754=DIRECTION('',(1.,0.,0.));
#7755=DIRECTION('',(0.,0.,-1.));
#7756=DIRECTION('',(-1.,0.,0.));
#7757=DIRECTION('',(0.,0.,1.));
#7758=DIRECTION('',(1.,0.,0.));
#7759=DIRECTION('',(0.,0.,1.));
#7760=DIRECTION('',(1.,0.,0.));
#7761=DIRECTION('',(0.,0.,1.));
#7762=DIRECTION('',(1.,0.,0.));
#7763=DIRECTION('',(0.,0.,1.));
#7764=DIRECTION('',(1.,0.,0.));
#7765=DIRECTION('',(0.,0.,1.));
#7766=DIRECTION('',(1.,0.,0.));
#7767=DIRECTION('',(0.,0.,1.));
#7768=DIRECTION('',(1.,0.,0.));
#7769=DIRECTION('',(0.,0.,1.));
#7770=DIRECTION('',(1.,0.,0.));
#7771=DIRECTION('',(0.,0.,1.));
#7772=DIRECTION('',(1.,0.,0.));
#7773=DIRECTION('',(0.,0.,1.));
#7774=DIRECTION('',(1.,0.,0.));
#7775=DIRECTION('',(0.,0.,1.));
#7776=DIRECTION('',(1.,0.,0.));
#7777=DIRECTION('',(2.89120579329468E-16,-1.,0.));
#7778=DIRECTION('',(1.,2.89120579329468E-16,0.));
#7779=DIRECTION('',(1.,2.89120579329468E-16,0.));
#7780=DIRECTION('',(4.33680868994202E-16,1.25386064087711E-31,1.));
#7781=DIRECTION('',(-1.,-2.89120579329468E-16,0.));
#7782=DIRECTION('',(0.,0.,-1.));
#7783=DIRECTION('',(0.,-1.,0.));
#7784=DIRECTION('',(0.,0.,-1.));
#7785=DIRECTION('',(1.,0.,0.));
#7786=DIRECTION('',(-4.33680868994202E-16,0.,-1.));
#7787=DIRECTION('',(0.,-1.,0.));
#7788=DIRECTION('',(1.,0.,0.));
#7789=DIRECTION('',(0.,0.,1.));
#7790=DIRECTION('',(2.89120579329468E-16,-1.,0.));
#7791=DIRECTION('',(1.,2.89120579329468E-16,0.));
#7792=DIRECTION('',(1.,2.89120579329468E-16,0.));
#7793=DIRECTION('',(4.33680868994202E-16,1.25386064087711E-31,1.));
#7794=DIRECTION('',(-1.,-2.89120579329468E-16,0.));
#7795=DIRECTION('',(0.,0.,-1.));
#7796=DIRECTION('',(0.,0.,1.));
#7797=DIRECTION('',(1.,0.,0.));
#7798=DIRECTION('',(0.,0.,1.));
#7799=DIRECTION('',(-1.,0.,0.));
#7800=DIRECTION('',(-1.,-2.89120579329468E-16,0.));
#7801=DIRECTION('',(0.,0.,1.));
#7802=DIRECTION('',(1.,0.,0.));
#7803=DIRECTION('',(1.,7.2280144832367E-17,0.));
#7804=DIRECTION('',(0.,0.,1.));
#7805=DIRECTION('',(1.,0.,0.));
#7806=DIRECTION('',(0.,0.,1.));
#7807=DIRECTION('',(1.,0.,0.));
#7808=DIRECTION('',(0.,0.,1.));
#7809=DIRECTION('',(1.,0.,0.));
#7810=DIRECTION('',(0.,0.,1.));
#7811=DIRECTION('',(1.,0.,0.));
#7812=DIRECTION('',(0.,0.,1.));
#7813=DIRECTION('',(1.,0.,0.));
#7814=DIRECTION('',(0.,0.,1.));
#7815=DIRECTION('',(1.,0.,0.));
#7816=DIRECTION('',(0.,0.,1.));
#7817=DIRECTION('',(1.,0.,0.));
#7818=DIRECTION('',(0.,0.,1.));
#7819=DIRECTION('',(1.,0.,0.));
#7820=DIRECTION('',(0.,0.,1.));
#7821=DIRECTION('',(1.,0.,0.));
#7822=DIRECTION('',(0.,0.,1.));
#7823=DIRECTION('',(1.,0.,0.));
#7824=DIRECTION('',(0.,0.,1.));
#7825=DIRECTION('',(1.,0.,0.));
#7826=DIRECTION('',(0.,0.,1.));
#7827=DIRECTION('',(1.,0.,0.));
#7828=DIRECTION('',(0.,0.,1.));
#7829=DIRECTION('',(1.,0.,0.));
#7830=DIRECTION('',(0.,0.,1.));
#7831=DIRECTION('',(1.,0.,0.));
#7832=DIRECTION('',(0.,0.,1.));
#7833=DIRECTION('',(1.,0.,0.));
#7834=DIRECTION('',(0.,0.,1.));
#7835=DIRECTION('',(1.,0.,0.));
#7836=DIRECTION('',(0.,-1.,0.));
#7837=DIRECTION('',(0.,0.,-1.));
#7838=DIRECTION('',(1.,0.,0.));
#7839=DIRECTION('',(-4.33680868994202E-16,0.,-1.));
#7840=DIRECTION('',(0.,-1.,0.));
#7841=DIRECTION('',(1.,0.,0.));
#7842=DIRECTION('',(0.,0.,1.));
#7843=DIRECTION('',(0.,0.,1.));
#7844=DIRECTION('',(1.,0.,0.));
#7845=DIRECTION('',(0.,1.,0.));
#7846=DIRECTION('',(0.,1.,0.));
#7847=DIRECTION('',(0.,1.,0.));
#7848=DIRECTION('',(0.,1.,0.));
#7849=DIRECTION('',(-1.,-2.89120579329468E-16,0.));
#7850=DIRECTION('',(0.,0.,1.));
#7851=DIRECTION('',(-1.,0.,0.));
#7852=DIRECTION('',(1.,7.2280144832367E-17,0.));
#7853=DIRECTION('',(0.,0.,1.));
#7854=DIRECTION('',(1.,0.,0.));
#7855=DIRECTION('',(-1.,-2.89120579329468E-16,0.));
#7856=DIRECTION('',(0.,1.,0.));
#7857=DIRECTION('',(1.,0.,0.));
#7858=DIRECTION('',(0.,1.,0.));
#7859=DIRECTION('',(0.,-1.,0.));
#7860=DIRECTION('',(0.,0.,-1.));
#7861=DIRECTION('',(-4.33680868994202E-16,0.,-1.));
#7862=DIRECTION('',(0.,-1.,0.));
#7863=DIRECTION('',(1.,0.,0.));
#7864=DIRECTION('',(0.,0.,1.));
#7865=DIRECTION('',(0.,1.,0.));
#7866=DIRECTION('',(0.,0.,1.));
#7867=DIRECTION('',(0.,-1.,0.));
#7868=DIRECTION('',(1.,0.,0.));
#7869=DIRECTION('',(0.,1.,0.));
#7870=DIRECTION('',(0.,1.,0.));
#7871=DIRECTION('',(-1.,0.,0.));
#7872=DIRECTION('',(0.,0.,1.));
#7873=DIRECTION('',(0.,-1.,0.));
#7874=DIRECTION('',(0.,0.,1.));
#7875=DIRECTION('',(0.,0.,1.));
#7876=DIRECTION('',(1.,0.,0.));
#7877=DIRECTION('',(1.,0.,0.));
#7878=DIRECTION('',(0.,1.,0.));
#7879=DIRECTION('',(1.,0.,-4.33680868994202E-16));
#7880=DIRECTION('',(-4.33680868994202E-16,0.,-1.));
#7881=DIRECTION('',(-4.33680868994202E-16,0.,-1.));
#7882=DIRECTION('',(0.,1.,0.));
#7883=DIRECTION('',(0.,1.,0.));
#7884=DIRECTION('',(0.,0.,1.));
#7885=DIRECTION('',(0.,-1.,0.));
#7886=DIRECTION('',(1.,0.,0.));
#7887=DIRECTION('',(0.,1.,0.));
#7888=DIRECTION('',(-1.,0.,0.));
#7889=DIRECTION('',(0.,0.,1.));
#7890=DIRECTION('',(0.,-1.,0.));
#7891=DIRECTION('',(0.,0.,1.));
#7892=DIRECTION('',(0.,0.,1.));
#7893=DIRECTION('',(1.,0.,0.));
#7894=DIRECTION('',(1.,0.,0.));
#7895=DIRECTION('',(0.,1.,0.));
#7896=DIRECTION('',(1.,0.,-4.33680868994202E-16));
#7897=DIRECTION('',(-4.33680868994202E-16,0.,-1.));
#7898=DIRECTION('',(-4.33680868994202E-16,0.,-1.));
#7899=DIRECTION('',(0.,1.,0.));
#7900=DIRECTION('',(0.,1.,0.));
#7901=DIRECTION('',(0.,0.,1.));
#7902=DIRECTION('',(0.,-1.,0.));
#7903=DIRECTION('',(1.,0.,0.));
#7904=DIRECTION('',(0.,1.,0.));
#7905=DIRECTION('',(-7.2280144832367E-17,1.,0.));
#7906=DIRECTION('',(-1.,-7.2280144832367E-17,0.));
#7907=DIRECTION('',(-1.,-7.2280144832367E-17,0.));
#7908=DIRECTION('',(0.,0.,-1.));
#7909=DIRECTION('',(1.,7.2280144832367E-17,0.));
#7910=DIRECTION('',(0.,0.,-1.));
#7911=DIRECTION('',(0.,0.,-1.));
#7912=DIRECTION('',(-1.,0.,0.));
#7913=DIRECTION('',(0.,0.,1.));
#7914=DIRECTION('',(1.,0.,0.));
#7915=DIRECTION('',(0.,0.,-1.));
#7916=DIRECTION('',(0.,0.,1.));
#7917=DIRECTION('',(-1.,0.,0.));
#7918=DIRECTION('',(2.89120579329468E-16,-1.,0.));
#7919=DIRECTION('',(1.,2.89120579329468E-16,0.));
#7920=DIRECTION('',(1.,2.89120579329468E-16,0.));
#7921=DIRECTION('',(0.,0.,-1.));
#7922=DIRECTION('',(-1.,-2.89120579329468E-16,0.));
#7923=DIRECTION('',(0.,0.,-1.));
#7924=DIRECTION('',(-1.,0.,0.));
#7925=DIRECTION('',(0.,0.,1.));
#7926=DIRECTION('',(1.,0.,0.));
#7927=DIRECTION('',(0.,0.,1.));
#7928=DIRECTION('',(1.,0.,0.));
#7929=DIRECTION('',(0.,0.,-1.));
#7930=DIRECTION('',(-1.,0.,0.));
#7931=DIRECTION('',(0.,0.,1.));
#7932=DIRECTION('',(1.,0.,0.));
#7933=DIRECTION('',(0.,0.,-1.));
#7934=DIRECTION('',(0.,0.,-1.));
#7935=DIRECTION('',(-7.2280144832367E-17,1.,0.));
#7936=DIRECTION('',(-1.,-7.2280144832367E-17,0.));
#7937=DIRECTION('',(-1.,-7.2280144832367E-17,0.));
#7938=DIRECTION('',(0.,0.,-1.));
#7939=DIRECTION('',(0.,0.,-1.));
#7940=DIRECTION('',(-1.,0.,0.));
#7941=DIRECTION('',(0.,0.,1.));
#7942=DIRECTION('',(1.,0.,0.));
#7943=DIRECTION('',(0.,0.,-1.));
#7944=DIRECTION('',(2.89120579329468E-16,-1.,0.));
#7945=DIRECTION('',(1.,2.89120579329468E-16,0.));
#7946=DIRECTION('',(1.,2.89120579329468E-16,0.));
#7947=DIRECTION('',(0.,0.,1.));
#7948=DIRECTION('',(1.,0.,0.));
#7949=DIRECTION('',(0.,0.,1.));
#7950=DIRECTION('',(1.,0.,0.));
#7951=DIRECTION('',(0.,0.,1.));
#7952=DIRECTION('',(1.,0.,0.));
#7953=DIRECTION('',(0.,0.,1.));
#7954=DIRECTION('',(1.,0.,0.));
#7955=DIRECTION('',(0.,0.,1.));
#7956=DIRECTION('',(1.,0.,0.));
#7957=DIRECTION('',(0.,0.,1.));
#7958=DIRECTION('',(1.,0.,0.));
#7959=DIRECTION('',(0.,0.,1.));
#7960=DIRECTION('',(1.,0.,0.));
#7961=DIRECTION('',(0.,0.,1.));
#7962=DIRECTION('',(1.,0.,0.));
#7963=DIRECTION('',(-1.,0.,0.));
#7964=DIRECTION('',(0.,0.,1.));
#7965=DIRECTION('',(0.,-1.,0.));
#7966=DIRECTION('',(0.,0.,-1.));
#7967=DIRECTION('',(0.,0.,1.));
#7968=DIRECTION('',(2.89120579329468E-16,-1.,0.));
#7969=DIRECTION('',(1.,2.89120579329468E-16,0.));
#7970=DIRECTION('',(1.,2.89120579329468E-16,0.));
#7971=DIRECTION('',(0.,0.,-1.));
#7972=DIRECTION('',(0.,0.,-1.));
#7973=DIRECTION('',(-1.,0.,0.));
#7974=DIRECTION('',(0.,0.,1.));
#7975=DIRECTION('',(1.,0.,0.));
#7976=DIRECTION('',(0.,0.,-1.));
#7977=DIRECTION('',(-7.2280144832367E-17,1.,0.));
#7978=DIRECTION('',(-1.,-7.2280144832367E-17,0.));
#7979=DIRECTION('',(-1.,-7.2280144832367E-17,0.));
#7980=DIRECTION('',(0.,0.,-1.));
#7981=DIRECTION('',(0.,0.,-1.));
#7982=DIRECTION('',(-1.,0.,0.));
#7983=DIRECTION('',(0.,0.,1.));
#7984=DIRECTION('',(1.,0.,0.));
#7985=DIRECTION('',(0.,0.,-1.));
#7986=DIRECTION('',(2.89120579329468E-16,-1.,0.));
#7987=DIRECTION('',(1.,2.89120579329468E-16,0.));
#7988=DIRECTION('',(1.,2.89120579329468E-16,0.));
#7989=DIRECTION('',(4.33680868994202E-16,1.25386064087711E-31,1.));
#7990=DIRECTION('',(1.,0.,-4.33680868994202E-16));
#7991=DIRECTION('',(-4.33680868994202E-16,0.,-1.));
#7992=DIRECTION('',(0.,1.,0.));
#7993=DIRECTION('',(-4.33680868994202E-16,0.,-1.));
#7994=DIRECTION('',(0.,1.,0.));
#7995=DIRECTION('',(0.,0.,1.));
#7996=DIRECTION('',(1.,0.,0.));
#7997=DIRECTION('',(0.,0.,-1.));
#7998=DIRECTION('',(1.,0.,0.));
#7999=DIRECTION('',(0.,0.,-1.));
#8000=DIRECTION('',(1.,0.,0.));
#8001=DIRECTION('',(-1.,-2.16840434497101E-16,0.));
#8002=DIRECTION('',(2.16840434497101E-16,-1.,0.));
#8003=DIRECTION('',(-1.,0.,0.));
#8004=DIRECTION('',(0.,0.,1.));
#8005=DIRECTION('',(-2.16840434497101E-16,1.,0.));
#8006=DIRECTION('',(0.,0.,-1.));
#8007=DIRECTION('',(-2.16840434497101E-16,1.,0.));
#8008=DIRECTION('',(0.,0.,-1.));
#8009=DIRECTION('',(0.,0.,-1.));
#8010=DIRECTION('',(-1.,0.,0.));
#8011=DIRECTION('',(0.,0.,1.));
#8012=DIRECTION('',(-1.,0.,0.));
#8013=DIRECTION('',(0.,0.,-1.));
#8014=DIRECTION('',(0.,0.,1.));
#8015=DIRECTION('',(-1.,0.,0.));
#8016=DIRECTION('',(2.16840434497101E-16,-1.,0.));
#8017=DIRECTION('',(1.,2.16840434497101E-16,0.));
#8018=DIRECTION('',(0.,1.,0.));
#8019=DIRECTION('',(0.,0.,1.));
#8020=DIRECTION('',(0.,0.,-1.));
#8021=DIRECTION('',(-1.,-2.16840434497101E-16,0.));
#8022=DIRECTION('',(-1.,-2.16840434497101E-16,0.));
#8023=DIRECTION('',(0.,0.,-1.));
#8024=DIRECTION('',(-1.,0.,0.));
#8025=DIRECTION('',(0.,0.,1.));
#8026=DIRECTION('',(1.,0.,0.));
#8027=DIRECTION('',(0.,0.,1.));
#8028=DIRECTION('',(1.,0.,0.));
#8029=DIRECTION('',(0.,0.,-1.));
#8030=DIRECTION('',(-1.,0.,0.));
#8031=DIRECTION('',(0.,0.,1.));
#8032=DIRECTION('',(1.,0.,0.));
#8033=DIRECTION('',(0.,0.,-1.));
#8034=DIRECTION('',(0.,0.,1.));
#8035=DIRECTION('',(1.,0.,0.));
#8036=DIRECTION('',(0.,1.,0.));
#8037=DIRECTION('',(0.,0.,1.));
#8038=DIRECTION('',(1.,0.,0.));
#8039=DIRECTION('',(0.,0.,-1.));
#8040=DIRECTION('',(1.,0.,0.));
#8041=DIRECTION('',(0.,0.,-1.));
#8042=DIRECTION('',(-1.,0.,0.));
#8043=DIRECTION('',(0.,0.,1.));
#8044=DIRECTION('',(-1.,0.,0.));
#8045=DIRECTION('',(0.,0.,1.));
#8046=DIRECTION('',(-1.,0.,0.));
#8047=DIRECTION('',(1.,1.44560289664734E-16,0.));
#8048=DIRECTION('',(-1.44560289664734E-16,1.,0.));
#8049=DIRECTION('',(0.,0.,1.));
#8050=DIRECTION('',(1.44560289664734E-16,-1.,0.));
#8051=DIRECTION('',(0.,0.,-1.));
#8052=DIRECTION('',(1.44560289664734E-16,-1.,0.));
#8053=DIRECTION('',(1.44560289664734E-16,-1.,0.));
#8054=DIRECTION('',(0.,4.8186763221578E-16,-1.));
#8055=DIRECTION('',(0.,0.,1.));
#8056=DIRECTION('',(1.44560289664734E-16,-1.,0.));
#8057=DIRECTION('',(0.,4.8186763221578E-16,-1.));
#8058=DIRECTION('',(0.,0.,1.));
#8059=DIRECTION('',(1.44560289664734E-16,-1.,0.));
#8060=DIRECTION('',(0.,4.8186763221578E-16,-1.));
#8061=DIRECTION('',(0.,0.,1.));
#8062=DIRECTION('',(1.,0.,0.));
#8063=DIRECTION('',(0.,1.,0.));
#8064=DIRECTION('',(-1.,-1.30104260698261E-16,0.));
#8065=DIRECTION('',(-1.,0.,0.));
#8066=DIRECTION('',(0.,0.,1.));
#8067=DIRECTION('',(0.,0.,-1.));
#8068=DIRECTION('',(-1.,0.,0.));
#8069=DIRECTION('',(0.,0.,1.));
#8070=DIRECTION('',(0.,-4.8186763221578E-16,1.));
#8071=DIRECTION('',(0.,1.,0.));
#8072=DIRECTION('',(0.,0.,-1.));
#8073=DIRECTION('',(0.,-4.8186763221578E-16,1.));
#8074=DIRECTION('',(0.,1.,0.));
#8075=DIRECTION('',(0.,0.,-1.));
#8076=DIRECTION('',(0.,-4.8186763221578E-16,1.));
#8077=DIRECTION('',(0.,1.,0.));
#8078=DIRECTION('',(0.,0.,-1.));
#8079=DIRECTION('',(0.,1.,0.));
#8080=DIRECTION('',(0.,0.,1.));
#8081=DIRECTION('',(1.,0.,0.));
#8082=DIRECTION('',(0.,0.,1.));
#8083=DIRECTION('',(1.,0.,0.));
#8084=DIRECTION('',(0.,0.,1.));
#8085=DIRECTION('',(1.,0.,0.));
#8086=DIRECTION('',(0.,0.,1.));
#8087=DIRECTION('',(1.,0.,0.));
#8088=DIRECTION('',(2.89120579329468E-16,-1.,0.));
#8089=DIRECTION('',(1.,2.89120579329468E-16,0.));
#8090=DIRECTION('',(0.,0.,-1.));
#8091=DIRECTION('',(1.,2.89120579329468E-16,0.));
#8092=DIRECTION('',(0.,0.,-1.));
#8093=DIRECTION('',(0.,0.,-1.));
#8094=DIRECTION('',(-1.,0.,0.));
#8095=DIRECTION('',(0.,0.,-1.));
#8096=DIRECTION('',(0.,0.,1.));
#8097=DIRECTION('',(1.,0.,0.));
#8098=DIRECTION('',(0.,0.,1.));
#8099=DIRECTION('',(1.,0.,0.));
#8100=DIRECTION('',(-1.,-7.2280144832367E-17,0.));
#8101=DIRECTION('',(-1.,-1.30104260698261E-16,0.));
#8102=DIRECTION('',(0.,0.,1.));
#8103=DIRECTION('',(1.,0.,0.));
#8104=DIRECTION('',(-1.,-7.2280144832367E-17,0.));
#8105=DIRECTION('',(-1.,-1.30104260698261E-16,0.));
#8106=DIRECTION('',(0.,0.,1.));
#8107=DIRECTION('',(1.,0.,0.));
#8108=DIRECTION('',(1.,0.,0.));
#8109=DIRECTION('',(1.,0.,0.));
#8110=DIRECTION('',(1.,0.,0.));
#8111=DIRECTION('',(1.,0.,0.));
#8112=DIRECTION('',(1.,0.,0.));
#8113=DIRECTION('',(-1.,0.,0.));
#8114=DIRECTION('',(-1.,0.,0.));
#8115=DIRECTION('',(-1.,0.,0.));
#8116=DIRECTION('',(-1.,0.,0.));
#8117=DIRECTION('',(-1.,0.,0.));
#8118=DIRECTION('',(0.,-1.,0.));
#8119=DIRECTION('',(-1.,0.,0.));
#8120=DIRECTION('',(-1.,-1.30104260698261E-16,0.));
#8121=DIRECTION('',(-1.,-7.2280144832367E-17,0.));
#8122=DIRECTION('',(0.,0.,1.));
#8123=DIRECTION('',(1.,0.,0.));
#8124=DIRECTION('',(-1.,-7.2280144832367E-17,0.));
#8125=DIRECTION('',(-1.,-1.30104260698261E-16,0.));
#8126=DIRECTION('',(1.,0.,0.));
#8127=DIRECTION('',(0.,0.,-1.));
#8128=DIRECTION('',(-1.,0.,0.));
#8129=DIRECTION('',(0.,0.,-1.));
#8130=DIRECTION('',(-7.2280144832367E-17,1.,0.));
#8131=DIRECTION('',(-1.,-7.2280144832367E-17,0.));
#8132=DIRECTION('',(-7.2280144832367E-17,1.,0.));
#8133=DIRECTION('',(-1.,-7.2280144832367E-17,0.));
#8134=DIRECTION('',(-7.2280144832367E-17,1.,0.));
#8135=DIRECTION('',(-1.,-7.2280144832367E-17,0.));
#8136=DIRECTION('',(-7.2280144832367E-17,1.,0.));
#8137=DIRECTION('',(-1.,-7.2280144832367E-17,0.));
#8138=DIRECTION('',(1.30104260698261E-16,-1.,0.));
#8139=DIRECTION('',(1.,1.30104260698261E-16,0.));
#8140=DIRECTION('',(0.,0.,1.));
#8141=DIRECTION('',(1.,0.,0.));
#8142=DIRECTION('',(0.,0.,-1.));
#8143=DIRECTION('',(0.,0.,1.));
#8144=DIRECTION('',(1.,0.,0.));
#8145=DIRECTION('',(0.,0.,1.));
#8146=DIRECTION('',(5.46304407861969E-16,1.,0.));
#8147=DIRECTION('',(-1.,5.46304407861969E-16,0.));
#8148=DIRECTION('',(5.46304407861969E-16,1.,0.));
#8149=DIRECTION('',(-1.,5.46304407861969E-16,0.));
#8150=DIRECTION('',(0.,0.,-1.));
#8151=DIRECTION('',(-1.,5.46304407861969E-16,0.));
#8152=DIRECTION('',(0.,0.,1.));
#8153=DIRECTION('',(1.,0.,0.));
#8154=DIRECTION('',(0.,0.,1.));
#8155=DIRECTION('',(0.,0.,1.));
#8156=DIRECTION('',(1.,0.,0.));
#8157=DIRECTION('',(0.,0.,1.));
#8158=DIRECTION('',(1.,0.,0.));
#8159=DIRECTION('',(0.,0.,-1.));
#8160=DIRECTION('',(1.,0.,0.));
#8161=DIRECTION('',(0.,0.,1.));
#8162=DIRECTION('',(0.,0.,1.));
#8163=DIRECTION('',(1.,0.,0.));
#8164=DIRECTION('',(0.,0.,-1.));
#8165=DIRECTION('',(-1.,0.,0.));
#8166=DIRECTION('',(0.,0.,1.));
#8167=DIRECTION('',(0.,0.,1.));
#8168=DIRECTION('',(1.,0.,0.));
#8169=DIRECTION('',(0.,0.,1.));
#8170=DIRECTION('',(0.,0.,1.));
#8171=DIRECTION('',(1.,0.,0.));
#8172=DIRECTION('',(0.,0.,-1.));
#8173=DIRECTION('',(0.,0.,1.));
#8174=DIRECTION('',(1.,0.,0.));
#8175=DIRECTION('',(0.,0.,1.));
#8176=DIRECTION('',(0.,0.,-1.));
#8177=DIRECTION('',(1.,0.,0.));
#8178=DIRECTION('',(0.,0.,1.));
#8179=DIRECTION('',(1.,0.,0.));
#8180=DIRECTION('',(0.,0.,1.));
#8181=DIRECTION('',(0.,0.,-1.));
#8182=DIRECTION('',(-1.,0.,0.));
#8183=DIRECTION('',(0.,0.,1.));
#8184=DIRECTION('',(0.,0.,1.));
#8185=DIRECTION('',(1.,0.,0.));
#8186=DIRECTION('',(0.,0.,-1.));
#8187=DIRECTION('',(0.,0.,1.));
#8188=DIRECTION('',(1.,0.,0.));
#8189=DIRECTION('',(5.46304407861969E-16,1.,0.));
#8190=DIRECTION('',(-1.,5.46304407861969E-16,0.));
#8191=DIRECTION('',(5.46304407861969E-16,1.,0.));
#8192=DIRECTION('',(-1.,5.46304407861969E-16,0.));
#8193=DIRECTION('',(-1.,5.46304407861969E-16,0.));
#8194=DIRECTION('',(0.,0.,1.));
#8195=DIRECTION('',(1.,0.,0.));
#8196=DIRECTION('',(0.,0.,1.));
#8197=DIRECTION('',(0.,0.,-1.));
#8198=DIRECTION('',(-1.,0.,0.));
#8199=DIRECTION('',(0.,0.,1.));
#8200=DIRECTION('',(0.,0.,1.));
#8201=DIRECTION('',(1.,0.,0.));
#8202=DIRECTION('',(0.,0.,-1.));
#8203=DIRECTION('',(0.,0.,1.));
#8204=DIRECTION('',(1.,0.,0.));
#8205=DIRECTION('',(5.4630440786197E-16,1.,0.));
#8206=DIRECTION('',(-1.,5.4630440786197E-16,0.));
#8207=DIRECTION('',(5.4630440786197E-16,1.,0.));
#8208=DIRECTION('',(-1.,5.4630440786197E-16,0.));
#8209=DIRECTION('',(0.,0.,-1.));
#8210=DIRECTION('',(-1.,5.4630440786197E-16,0.));
#8211=DIRECTION('',(0.,0.,1.));
#8212=DIRECTION('',(1.,0.,0.));
#8213=DIRECTION('',(0.,0.,1.));
#8214=DIRECTION('',(0.,0.,1.));
#8215=DIRECTION('',(1.,0.,0.));
#8216=DIRECTION('',(0.,0.,1.));
#8217=DIRECTION('',(1.,0.,0.));
#8218=DIRECTION('',(0.,0.,-1.));
#8219=DIRECTION('',(1.,0.,0.));
#8220=DIRECTION('',(0.,0.,1.));
#8221=DIRECTION('',(0.,0.,1.));
#8222=DIRECTION('',(1.,0.,0.));
#8223=DIRECTION('',(0.,0.,1.));
#8224=DIRECTION('',(1.,0.,0.));
#8225=DIRECTION('',(0.,0.,1.));
#8226=DIRECTION('',(1.,0.,0.));
#8227=DIRECTION('',(0.,0.,1.));
#8228=DIRECTION('',(1.,0.,0.));
#8229=DIRECTION('',(0.,0.,1.));
#8230=DIRECTION('',(1.,0.,0.));
#8231=DIRECTION('',(0.,0.,1.));
#8232=DIRECTION('',(1.,0.,0.));
#8233=DIRECTION('',(0.,0.,1.));
#8234=DIRECTION('',(1.,0.,0.));
#8235=DIRECTION('',(0.,0.,1.));
#8236=DIRECTION('',(1.,0.,0.));
#8237=DIRECTION('',(0.,0.,1.));
#8238=DIRECTION('',(1.,0.,0.));
#8239=DIRECTION('',(0.,0.,1.));
#8240=DIRECTION('',(1.,0.,0.));
#8241=DIRECTION('',(0.,0.,1.));
#8242=DIRECTION('',(1.,0.,0.));
#8243=DIRECTION('',(0.,0.,1.));
#8244=DIRECTION('',(1.,0.,0.));
#8245=DIRECTION('',(0.,0.,1.));
#8246=DIRECTION('',(1.,0.,0.));
#8247=DIRECTION('',(-6.82880509827461E-17,-1.,0.));
#8248=DIRECTION('',(1.,-6.82880509827461E-17,0.));
#8249=DIRECTION('',(-6.82880509827461E-17,-1.,0.));
#8250=DIRECTION('',(1.,-6.82880509827461E-17,0.));
#8251=DIRECTION('',(0.,0.,1.));
#8252=DIRECTION('',(0.,0.,1.));
#8253=DIRECTION('',(0.,0.,-1.));
#8254=DIRECTION('',(-1.,0.,0.));
#8255=DIRECTION('',(0.,0.,-1.));
#8256=DIRECTION('',(0.,0.,-1.));
#8257=DIRECTION('',(2.85492463503678E-16,1.,0.));
#8258=DIRECTION('',(-1.,2.85492463503678E-16,0.));
#8259=DIRECTION('',(2.85492463503678E-16,1.,0.));
#8260=DIRECTION('',(-1.,2.85492463503678E-16,0.));
#8261=DIRECTION('',(0.,0.,1.));
#8262=DIRECTION('',(0.,0.,1.));
#8263=DIRECTION('',(0.,0.,-1.));
#8264=DIRECTION('',(-1.,0.,0.));
#8265=DIRECTION('',(0.,0.,-1.));
#8266=DIRECTION('',(0.,0.,-1.));
#8267=DIRECTION('',(6.82880509827462E-17,1.,0.));
#8268=DIRECTION('',(-1.,6.82880509827462E-17,0.));
#8269=DIRECTION('',(6.82880509827462E-17,1.,0.));
#8270=DIRECTION('',(-1.,6.82880509827462E-17,0.));
#8271=DIRECTION('',(0.,0.,1.));
#8272=DIRECTION('',(0.,0.,1.));
#8273=DIRECTION('',(0.,0.,-1.));
#8274=DIRECTION('',(-1.,0.,0.));
#8275=DIRECTION('',(0.,0.,-1.));
#8276=DIRECTION('',(0.,0.,-1.));
#8277=DIRECTION('',(-2.85492463503678E-16,-1.,0.));
#8278=DIRECTION('',(1.,-2.85492463503678E-16,0.));
#8279=DIRECTION('',(-2.85492463503678E-16,-1.,0.));
#8280=DIRECTION('',(1.,-2.85492463503678E-16,0.));
#8281=DIRECTION('',(0.,0.,1.));
#8282=DIRECTION('',(0.,0.,1.));
#8283=DIRECTION('',(0.,0.,-1.));
#8284=DIRECTION('',(-1.,0.,0.));
#8285=DIRECTION('',(0.,0.,-1.));
#8286=DIRECTION('',(0.,0.,-1.));
#8287=DIRECTION('',(0.,0.,-1.));
#8288=DIRECTION('',(-1.,0.,0.));
#8289=DIRECTION('',(0.,0.,-1.));
#8290=DIRECTION('',(0.,0.,-1.));
#8291=DIRECTION('',(-2.85492463503678E-16,-1.,0.));
#8292=DIRECTION('',(1.,-2.85492463503678E-16,0.));
#8293=DIRECTION('',(-2.85492463503678E-16,-1.,0.));
#8294=DIRECTION('',(1.,-2.85492463503678E-16,0.));
#8295=DIRECTION('',(0.,0.,1.));
#8296=DIRECTION('',(0.,0.,1.));
#8297=DIRECTION('',(0.,0.,-1.));
#8298=DIRECTION('',(-1.,0.,0.));
#8299=DIRECTION('',(0.,0.,-1.));
#8300=DIRECTION('',(0.,0.,-1.));
#8301=DIRECTION('',(6.82880509827462E-17,1.,0.));
#8302=DIRECTION('',(-1.,6.82880509827462E-17,0.));
#8303=DIRECTION('',(6.82880509827462E-17,1.,0.));
#8304=DIRECTION('',(-1.,6.82880509827462E-17,0.));
#8305=DIRECTION('',(0.,0.,1.));
#8306=DIRECTION('',(0.,0.,1.));
#8307=DIRECTION('',(0.,0.,-1.));
#8308=DIRECTION('',(-1.,0.,0.));
#8309=DIRECTION('',(0.,0.,-1.));
#8310=DIRECTION('',(-1.,0.,0.));
#8311=DIRECTION('',(0.,0.,-1.));
#8312=DIRECTION('',(-1.,0.,0.));
#8313=DIRECTION('',(0.,0.,-1.));
#8314=DIRECTION('',(-1.,0.,0.));
#8315=DIRECTION('',(0.,0.,-1.));
#8316=DIRECTION('',(-1.,0.,0.));
#8317=DIRECTION('',(0.,0.,-1.));
#8318=DIRECTION('',(-1.,0.,0.));
#8319=DIRECTION('',(0.,0.,-1.));
#8320=DIRECTION('',(-1.,0.,0.));
#8321=DIRECTION('',(0.,0.,-1.));
#8322=DIRECTION('',(-1.,0.,0.));
#8323=DIRECTION('',(0.,0.,-1.));
#8324=DIRECTION('',(-1.,0.,0.));
#8325=DIRECTION('',(0.,0.,-1.));
#8326=DIRECTION('',(-1.,0.,0.));
#8327=DIRECTION('',(0.,0.,-1.));
#8328=DIRECTION('',(-1.,0.,0.));
#8329=DIRECTION('',(0.,0.,-1.));
#8330=DIRECTION('',(-1.,0.,0.));
#8331=DIRECTION('',(0.,-1.,0.));
#8332=DIRECTION('',(0.,0.,-1.));
#8333=DIRECTION('',(0.,-1.,0.));
#8334=DIRECTION('',(0.,0.,-1.));
#8335=DIRECTION('',(0.,-1.,0.));
#8336=DIRECTION('',(0.,0.,-1.));
#8337=DIRECTION('',(0.,-1.,0.));
#8338=DIRECTION('',(0.,0.,-1.));
#8339=DIRECTION('',(0.,-1.,0.));
#8340=DIRECTION('',(0.,0.,-1.));
#8341=DIRECTION('',(0.,-1.,0.));
#8342=DIRECTION('',(0.,0.,-1.));
#8343=DIRECTION('',(0.,1.,0.));
#8344=DIRECTION('',(0.,0.,1.));
#8345=DIRECTION('',(0.,1.,0.));
#8346=DIRECTION('',(0.,0.,1.));
#8347=DIRECTION('',(0.,1.,0.));
#8348=DIRECTION('',(0.,0.,1.));
#8349=DIRECTION('',(0.,1.,0.));
#8350=DIRECTION('',(0.,0.,1.));
#8351=DIRECTION('',(0.,1.,0.));
#8352=DIRECTION('',(0.,0.,1.));
#8353=DIRECTION('',(0.,1.,0.));
#8354=DIRECTION('',(0.,0.,1.));
#8355=DIRECTION('',(0.,1.,0.));
#8356=DIRECTION('',(0.,0.,1.));
#8357=DIRECTION('',(0.,1.,0.));
#8358=DIRECTION('',(0.,0.,1.));
#8359=DIRECTION('',(0.,-1.,0.));
#8360=DIRECTION('',(0.,0.,-1.));
#8361=DIRECTION('',(0.,1.,0.));
#8362=DIRECTION('',(0.,0.,1.));
#8363=DIRECTION('',(0.,1.,0.));
#8364=DIRECTION('',(0.,0.,1.));
#8365=DIRECTION('',(-1.,0.,0.));
#8366=DIRECTION('',(0.,0.,1.));
#8367=DIRECTION('',(-1.,0.,0.));
#8368=DIRECTION('',(0.,0.,1.));
#8369=DIRECTION('',(-1.,0.,0.));
#8370=DIRECTION('',(-1.,0.,0.));
#8371=DIRECTION('',(1.,0.,0.));
#8372=DIRECTION('',(0.,0.,-1.));
#8373=DIRECTION('',(-1.,0.,0.));
#8374=DIRECTION('',(0.,0.,1.));
#8375=DIRECTION('',(0.,0.,-1.));
#8376=DIRECTION('',(0.,-4.8186763221578E-16,1.));
#8377=DIRECTION('',(-1.,0.,0.));
#8378=DIRECTION('',(0.,0.,1.));
#8379=DIRECTION('',(-1.,0.,0.));
#8380=DIRECTION('',(0.,0.,1.));
#8381=DIRECTION('',(-1.,0.,0.));
#8382=DIRECTION('',(0.,0.,1.));
#8383=DIRECTION('',(-1.,0.,0.));
#8384=DIRECTION('',(0.,0.,1.));
#8385=DIRECTION('',(-1.,0.,0.));
#8386=DIRECTION('',(0.,0.,1.));
#8387=DIRECTION('',(0.,1.,0.));
#8388=DIRECTION('',(0.,0.,1.));
#8389=DIRECTION('',(0.,-1.,-4.8186763221578E-16));
#8390=DIRECTION('',(0.,4.8186763221578E-16,-1.));
#8391=DIRECTION('',(0.,1.,0.));
#8392=DIRECTION('',(0.,0.,1.));
#8393=DIRECTION('',(0.,-1.,-4.8186763221578E-16));
#8394=DIRECTION('',(0.,4.8186763221578E-16,-1.));
#8395=DIRECTION('',(0.,1.,0.));
#8396=DIRECTION('',(0.,0.,1.));
#8397=DIRECTION('',(0.,-1.,-4.8186763221578E-16));
#8398=DIRECTION('',(0.,4.8186763221578E-16,-1.));
#8399=DIRECTION('',(0.,1.,0.));
#8400=DIRECTION('',(0.,0.,1.));
#8401=DIRECTION('',(0.,-1.,-4.8186763221578E-16));
#8402=DIRECTION('',(0.,4.8186763221578E-16,-1.));
#8403=DIRECTION('',(0.,1.,0.));
#8404=DIRECTION('',(0.,0.,1.));
#8405=DIRECTION('',(0.,-1.,-4.8186763221578E-16));
#8406=DIRECTION('',(0.,4.8186763221578E-16,-1.));
#8407=DIRECTION('',(0.,1.,0.));
#8408=DIRECTION('',(0.,0.,1.));
#8409=DIRECTION('',(0.,-1.,-4.8186763221578E-16));
#8410=DIRECTION('',(0.,4.8186763221578E-16,-1.));
#8411=DIRECTION('',(-1.,0.,0.));
#8412=DIRECTION('',(0.,0.,1.));
#8413=DIRECTION('',(0.,1.,-6.24088065867223E-16));
#8414=DIRECTION('',(-1.,0.,0.));
#8415=DIRECTION('',(0.,0.,1.));
#8416=DIRECTION('',(-1.,0.,0.));
#8417=DIRECTION('',(0.,-1.,0.));
#8418=DIRECTION('',(-1.,0.,0.));
#8419=DIRECTION('',(0.,0.,1.));
#8420=DIRECTION('',(0.,-1.,1.24817613173445E-16));
#8421=DIRECTION('',(-1.,0.,0.));
#8422=DIRECTION('',(0.,0.,1.));
#8423=DIRECTION('',(-1.,0.,0.));
#8424=DIRECTION('',(0.,1.,0.));
#8425=DIRECTION('',(-1.,0.,0.));
#8426=DIRECTION('',(0.,0.,1.));
#8427=DIRECTION('',(-1.,0.,0.));
#8428=DIRECTION('',(0.,0.,1.));
#8429=DIRECTION('',(-1.,0.,0.));
#8430=DIRECTION('',(-1.,0.,0.));
#8431=DIRECTION('',(0.,6.24088065867223E-16,1.));
#8432=DIRECTION('',(0.,-1.,6.24088065867223E-16));
#8433=DIRECTION('',(1.,0.,0.));
#8434=DIRECTION('',(1.,0.,0.));
#8435=DIRECTION('',(-1.,0.,0.));
#8436=DIRECTION('',(0.,0.,1.));
#8437=DIRECTION('',(-1.,0.,0.));
#8438=DIRECTION('',(-1.,0.,0.));
#8439=DIRECTION('',(0.,-1.24817613173445E-16,-1.));
#8440=DIRECTION('',(0.,1.,-1.24817613173445E-16));
#8441=DIRECTION('',(1.,0.,0.));
#8442=DIRECTION('',(1.,0.,0.));
#8443=DIRECTION('',(1.,0.,0.));
#8444=DIRECTION('',(0.,0.,-1.));
#8445=DIRECTION('',(0.,1.,-2.56328906724571E-16));
#8446=DIRECTION('',(1.,0.,0.));
#8447=DIRECTION('',(0.,0.,-1.));
#8448=DIRECTION('',(1.,0.,0.));
#8449=DIRECTION('',(0.,1.,0.));
#8450=DIRECTION('',(1.,0.,0.));
#8451=DIRECTION('',(0.,0.,-1.));
#8452=DIRECTION('',(0.,-1.,5.80016659196232E-16));
#8453=DIRECTION('',(1.,0.,0.));
#8454=DIRECTION('',(0.,0.,-1.));
#8455=DIRECTION('',(1.,0.,0.));
#8456=DIRECTION('',(0.,-1.,0.));
#8457=DIRECTION('',(1.,0.,0.));
#8458=DIRECTION('',(0.,0.,-1.));
#8459=DIRECTION('',(0.,-5.80016659196232E-16,-1.));
#8460=DIRECTION('',(0.,1.,-5.80016659196232E-16));
#8461=DIRECTION('',(1.,0.,0.));
#8462=DIRECTION('',(1.,0.,0.));
#8463=DIRECTION('',(-1.,0.,0.));
#8464=DIRECTION('',(0.,0.,1.));
#8465=DIRECTION('',(-1.,0.,0.));
#8466=DIRECTION('',(-1.,0.,0.));
#8467=DIRECTION('',(0.,0.,1.));
#8468=DIRECTION('',(1.,0.,0.));
#8469=DIRECTION('',(1.,0.,0.));
#8470=DIRECTION('',(1.,0.,0.));
#8471=DIRECTION('',(-1.,0.,0.));
#8472=DIRECTION('',(0.,0.,1.));
#8473=DIRECTION('',(-1.,0.,0.));
#8474=DIRECTION('',(-1.,0.,0.));
#8475=DIRECTION('',(-1.,0.,0.));
#8476=DIRECTION('',(0.,0.,1.));
#8477=DIRECTION('',(-1.,0.,0.));
#8478=DIRECTION('',(0.,0.,1.));
#8479=DIRECTION('',(-1.,0.,0.));
#8480=DIRECTION('',(0.,0.,1.));
#8481=DIRECTION('',(-1.,0.,0.));
#8482=DIRECTION('',(0.,0.,1.));
#8483=DIRECTION('',(-1.,0.,0.));
#8484=DIRECTION('',(0.,0.,1.));
#8485=DIRECTION('',(-1.,0.,0.));
#8486=DIRECTION('',(0.,0.,1.));
#8487=DIRECTION('',(-1.,0.,0.));
#8488=DIRECTION('',(0.,0.,1.));
#8489=DIRECTION('',(-1.,0.,0.));
#8490=DIRECTION('',(0.,0.,1.));
#8491=CARTESIAN_POINT('',(0.,0.,0.));
#8492=CARTESIAN_POINT('',(24.9,-4.60588745030458,2.3));
#8493=CARTESIAN_POINT('',(24.9,-4.60588745030458,2.3));
#8494=CARTESIAN_POINT('',(24.9,-5.01980361490158,2.01951219512195));
#8495=CARTESIAN_POINT('',(24.9,-4.60588745030458,2.8));
#8496=CARTESIAN_POINT('',(28.,-4.60588745030458,2.8));
#8497=CARTESIAN_POINT('',(28.,-4.60588745030458,2.8));
#8498=CARTESIAN_POINT('',(28.,-4.60588745030458,2.3));
#8499=CARTESIAN_POINT('',(28.,-5.01980361490158,2.01951219512195));
#8500=CARTESIAN_POINT('',(24.9,-5.01980361490158,2.01951219512195));
#8501=CARTESIAN_POINT('',(24.9,4.60588745030457,-2.30000000000001));
#8502=CARTESIAN_POINT('',(24.9,4.60588745030457,-2.30000000000001));
#8503=CARTESIAN_POINT('',(24.9,5.01980361490158,-2.01951219512196));
#8504=CARTESIAN_POINT('',(24.9,4.60588745030457,-2.80000000000001));
#8505=CARTESIAN_POINT('',(28.,4.60588745030457,-2.80000000000001));
#8506=CARTESIAN_POINT('',(28.,4.60588745030457,-2.80000000000001));
#8507=CARTESIAN_POINT('',(28.,4.60588745030457,-2.30000000000001));
#8508=CARTESIAN_POINT('',(28.,5.01980361490158,-2.01951219512196));
#8509=CARTESIAN_POINT('',(24.9,5.01980361490158,-2.01951219512196));
#8510=CARTESIAN_POINT('',(24.9,4.60588745030457,2.3));
#8511=CARTESIAN_POINT('',(24.9,4.60588745030457,2.3));
#8512=CARTESIAN_POINT('',(24.9,4.60588745030457,2.8));
#8513=CARTESIAN_POINT('',(24.9,5.01980361490157,2.01951219512195));
#8514=CARTESIAN_POINT('',(24.9,5.01980361490157,2.01951219512195));
#8515=CARTESIAN_POINT('',(28.,5.01980361490157,2.01951219512195));
#8516=CARTESIAN_POINT('',(28.,4.60588745030457,2.3));
#8517=CARTESIAN_POINT('',(28.,4.60588745030457,2.8));
#8518=CARTESIAN_POINT('',(24.9,4.60588745030457,2.8));
#8519=CARTESIAN_POINT('',(24.9,3.39411254969543,2.3));
#8520=CARTESIAN_POINT('',(24.9,3.39411254969543,2.3));
#8521=CARTESIAN_POINT('',(24.9,2.98019638509842,2.01951219512195));
#8522=CARTESIAN_POINT('',(24.9,3.39411254969543,2.8));
#8523=CARTESIAN_POINT('',(28.,3.39411254969543,2.8));
#8524=CARTESIAN_POINT('',(28.,3.39411254969543,2.8));
#8525=CARTESIAN_POINT('',(28.,3.39411254969543,2.3));
#8526=CARTESIAN_POINT('',(28.,2.98019638509842,2.01951219512195));
#8527=CARTESIAN_POINT('',(24.9,2.98019638509842,2.01951219512195));
#8528=CARTESIAN_POINT('',(24.9,3.39411254969543,-2.30000000000001));
#8529=CARTESIAN_POINT('',(24.9,3.39411254969543,-2.30000000000001));
#8530=CARTESIAN_POINT('',(24.9,3.39411254969542,-2.80000000000001));
#8531=CARTESIAN_POINT('',(24.9,2.98019638509842,-2.01951219512196));
#8532=CARTESIAN_POINT('',(24.9,2.98019638509842,-2.01951219512196));
#8533=CARTESIAN_POINT('',(28.,2.98019638509842,-2.01951219512196));
#8534=CARTESIAN_POINT('',(28.,3.39411254969543,-2.30000000000001));
#8535=CARTESIAN_POINT('',(28.,3.39411254969542,-2.80000000000001));
#8536=CARTESIAN_POINT('',(24.9,3.39411254969542,-2.80000000000001));
#8537=CARTESIAN_POINT('',(24.9,-4.60588745030457,-2.3));
#8538=CARTESIAN_POINT('',(24.9,-4.60588745030457,-2.3));
#8539=CARTESIAN_POINT('',(24.9,-4.60588745030457,-2.8));
#8540=CARTESIAN_POINT('',(24.9,-5.01980361490158,-2.01951219512195));
#8541=CARTESIAN_POINT('',(24.9,-5.01980361490158,-2.01951219512195));
#8542=CARTESIAN_POINT('',(28.,-5.01980361490158,-2.01951219512195));
#8543=CARTESIAN_POINT('',(28.,-4.60588745030457,-2.3));
#8544=CARTESIAN_POINT('',(28.,-4.60588745030457,-2.8));
#8545=CARTESIAN_POINT('',(24.9,-4.60588745030457,-2.8));
#8546=CARTESIAN_POINT('',(24.9,-3.39411254969543,-2.3));
#8547=CARTESIAN_POINT('',(24.9,-3.39411254969543,-2.3));
#8548=CARTESIAN_POINT('',(24.9,-2.98019638509842,-2.01951219512195));
#8549=CARTESIAN_POINT('',(24.9,-3.39411254969543,-2.8));
#8550=CARTESIAN_POINT('',(28.,-3.39411254969543,-2.8));
#8551=CARTESIAN_POINT('',(28.,-3.39411254969543,-2.8));
#8552=CARTESIAN_POINT('',(28.,-3.39411254969543,-2.3));
#8553=CARTESIAN_POINT('',(28.,-2.98019638509842,-2.01951219512195));
#8554=CARTESIAN_POINT('',(24.9,-2.98019638509842,-2.01951219512195));
#8555=CARTESIAN_POINT('',(24.9,-3.39411254969543,2.3));
#8556=CARTESIAN_POINT('',(24.9,-3.39411254969543,2.3));
#8557=CARTESIAN_POINT('',(24.9,-3.39411254969543,2.8));
#8558=CARTESIAN_POINT('',(24.9,-2.98019638509842,2.01951219512195));
#8559=CARTESIAN_POINT('',(24.9,-2.98019638509843,2.01951219512195));
#8560=CARTESIAN_POINT('',(28.,-2.98019638509842,2.01951219512195));
#8561=CARTESIAN_POINT('',(28.,-3.39411254969543,2.3));
#8562=CARTESIAN_POINT('',(28.,-3.39411254969543,2.8));
#8563=CARTESIAN_POINT('',(24.9,-3.39411254969543,2.8));
#8564=CARTESIAN_POINT('',(24.9,-8.,-1.95943487863577E-15));
#8565=CARTESIAN_POINT('',(24.9,-4.04536613503186,2.8));
#8566=CARTESIAN_POINT('',(24.9,-8.,-1.95943487863577E-15));
#8567=CARTESIAN_POINT('',(24.9,-4.9895541401274,-2.8));
#8568=CARTESIAN_POINT('',(24.9,0.,0.));
#8569=CARTESIAN_POINT('',(24.9,-4.9895541401274,-2.8));
#8570=CARTESIAN_POINT('',(28.,-4.9895541401274,-2.8));
#8571=CARTESIAN_POINT('',(24.9,-8.,-1.95943487863577E-15));
#8572=CARTESIAN_POINT('',(28.,-8.,-1.95943487863577E-15));
#8573=CARTESIAN_POINT('',(24.9,-4.04536613503186,2.8));
#8574=CARTESIAN_POINT('',(28.,-4.04536613503186,2.8));
#8575=CARTESIAN_POINT('',(24.9,0.,0.));
#8576=CARTESIAN_POINT('',(28.,0.,0.));
#8577=CARTESIAN_POINT('',(24.9,0.,0.));
#8578=CARTESIAN_POINT('',(24.9,2.26274169979695,-2.8));
#8579=CARTESIAN_POINT('',(24.9,8.,0.));
#8580=CARTESIAN_POINT('',(24.9,2.26274169979695,2.8));
#8581=CARTESIAN_POINT('',(24.9,0.,0.));
#8582=CARTESIAN_POINT('',(24.9,0.,0.));
#8583=CARTESIAN_POINT('',(28.,0.,0.));
#8584=CARTESIAN_POINT('',(24.9,2.26274169979695,-2.8));
#8585=CARTESIAN_POINT('',(28.,2.26274169979695,-2.8));
#8586=CARTESIAN_POINT('',(24.9,8.,0.));
#8587=CARTESIAN_POINT('',(28.,8.,0.));
#8588=CARTESIAN_POINT('',(24.9,2.26274169979695,2.8));
#8589=CARTESIAN_POINT('',(28.,2.26274169979695,2.8));
#8590=CARTESIAN_POINT('',(-28.,16.,3.6));
#8591=CARTESIAN_POINT('',(-28.,-8.,-1.95943487863577E-15));
#8592=CARTESIAN_POINT('',(-28.,-5.01980361490158,-2.01951219512195));
#8593=CARTESIAN_POINT('',(-28.,-5.01980361490158,2.01951219512195));
#8594=CARTESIAN_POINT('',(-28.,-4.60588745030457,-2.3));
#8595=CARTESIAN_POINT('',(-28.,-4.60588745030457,-2.8));
#8596=CARTESIAN_POINT('',(-28.,-4.9895541401274,-2.8));
#8597=CARTESIAN_POINT('',(-28.,-3.39411254969543,-2.8));
#8598=CARTESIAN_POINT('',(-28.,-3.39411254969543,-2.3));
#8599=CARTESIAN_POINT('',(-28.,-2.98019638509842,-2.01951219512195));
#8600=CARTESIAN_POINT('',(-28.,0.,0.));
#8601=CARTESIAN_POINT('',(-28.,-2.98019638509842,2.01951219512195));
#8602=CARTESIAN_POINT('',(-28.,-3.39411254969543,2.3));
#8603=CARTESIAN_POINT('',(-28.,-3.39411254969543,2.8));
#8604=CARTESIAN_POINT('',(-28.,-4.04536613503186,2.8));
#8605=CARTESIAN_POINT('',(-28.,-4.60588745030458,2.8));
#8606=CARTESIAN_POINT('',(-28.,-4.60588745030458,2.3));
#8607=CARTESIAN_POINT('',(-28.,16.,-3.6));
#8608=CARTESIAN_POINT('',(-28.,16.,-3.6));
#8609=CARTESIAN_POINT('',(-28.,-16.,-3.6));
#8610=CARTESIAN_POINT('',(-28.,-16.,3.6));
#8611=CARTESIAN_POINT('',(-28.,-16.,3.6));
#8612=CARTESIAN_POINT('',(-28.,16.,3.6));
#8613=CARTESIAN_POINT('',(-28.,16.,3.6));
#8614=CARTESIAN_POINT('',(-28.,16.,3.6));
#8615=CARTESIAN_POINT('',(-28.,-8.,-1.95943487863577E-15));
#8616=CARTESIAN_POINT('',(-28.,-8.,3.1));
#8617=CARTESIAN_POINT('',(-28.,-1.73472347597681E-15,-9.79717439317883E-16));
#8618=CARTESIAN_POINT('',(-28.,-1.73472347597681E-15,3.1));
#8619=CARTESIAN_POINT('',(-28.,8.,0.));
#8620=CARTESIAN_POINT('',(-28.,8.,3.1));
#8621=CARTESIAN_POINT('',(-28.,2.26274169979695,2.8));
#8622=CARTESIAN_POINT('',(-28.,4.60588745030457,2.8));
#8623=CARTESIAN_POINT('',(-28.,3.39411254969543,2.8));
#8624=CARTESIAN_POINT('',(-28.,3.39411254969543,2.3));
#8625=CARTESIAN_POINT('',(-28.,2.98019638509842,2.01951219512195));
#8626=CARTESIAN_POINT('',(-28.,0.,0.));
#8627=CARTESIAN_POINT('',(-28.,2.98019638509842,-2.01951219512196));
#8628=CARTESIAN_POINT('',(-28.,3.39411254969543,-2.30000000000001));
#8629=CARTESIAN_POINT('',(-28.,3.39411254969542,-2.80000000000001));
#8630=CARTESIAN_POINT('',(-28.,2.26274169979695,-2.8));
#8631=CARTESIAN_POINT('',(-28.,4.60588745030457,-2.80000000000001));
#8632=CARTESIAN_POINT('',(-28.,4.60588745030457,-2.30000000000001));
#8633=CARTESIAN_POINT('',(-28.,5.01980361490158,-2.01951219512196));
#8634=CARTESIAN_POINT('',(-28.,8.,0.));
#8635=CARTESIAN_POINT('',(-28.,5.01980361490157,2.01951219512195));
#8636=CARTESIAN_POINT('',(-28.,4.60588745030457,2.3));
#8637=CARTESIAN_POINT('',(-28.,-1.73472347597681E-15,-9.79717439317883E-16));
#8638=CARTESIAN_POINT('',(-27.2,-1.73472347597681E-15,-9.79717439317883E-16));
#8639=CARTESIAN_POINT('',(-27.2,-1.73472347597681E-15,3.1));
#8640=CARTESIAN_POINT('',(-27.2,2.4,-9.79717439317883E-16));
#8641=CARTESIAN_POINT('',(-27.2,-1.73472347597681E-15,-9.79717439317883E-16));
#8642=CARTESIAN_POINT('',(-27.2,-1.73472347597681E-15,2.4));
#8643=CARTESIAN_POINT('',(-28.,-1.73472347597681E-15,-9.79717439317883E-16));
#8644=CARTESIAN_POINT('',(-20.8,-1.73472347597681E-15,-9.79717439317883E-16));
#8645=CARTESIAN_POINT('',(-20.8,-1.73472347597681E-15,2.4));
#8646=CARTESIAN_POINT('',(-20.8,3.1,-9.79717439317883E-16));
#8647=CARTESIAN_POINT('',(-20.8,-1.73472347597681E-15,-9.79717439317883E-16));
#8648=CARTESIAN_POINT('',(-20.8,-3.1,-5.09242848744184E-15));
#8649=CARTESIAN_POINT('',(-20.8,3.1,-2.33907538637144E-15));
#8650=CARTESIAN_POINT('',(-20.8,-3.1,-1.40016002998084E-15));
#8651=CARTESIAN_POINT('',(-20.8,-3.1,-3.6));
#8652=CARTESIAN_POINT('',(-20.8,-3.1,-3.6));
#8653=CARTESIAN_POINT('',(-20.8,3.1,-3.6));
#8654=CARTESIAN_POINT('',(-20.8,3.1,-3.6));
#8655=CARTESIAN_POINT('',(-28.,-1.73472347597681E-15,-9.79717439317883E-16));
#8656=CARTESIAN_POINT('',(-20.8,3.1,-2.33907538637144E-15));
#8657=CARTESIAN_POINT('',(-20.,3.1,-2.33907538637144E-15));
#8658=CARTESIAN_POINT('',(-20.,-1.73472347597681E-15,-9.79717439317883E-16));
#8659=CARTESIAN_POINT('',(-20.,-3.1,-5.09242848744184E-15));
#8660=CARTESIAN_POINT('',(-20.8,-3.1,-5.09242848744184E-15));
#8661=CARTESIAN_POINT('',(-28.,-8.,-1.95943487863577E-15));
#8662=CARTESIAN_POINT('',(-27.2,-8.,-1.95943487863577E-15));
#8663=CARTESIAN_POINT('',(-27.2,-8.,3.1));
#8664=CARTESIAN_POINT('',(-27.2,-5.6,-1.95943487863577E-15));
#8665=CARTESIAN_POINT('',(-27.2,-8.,-1.95943487863577E-15));
#8666=CARTESIAN_POINT('',(-27.2,-8.,2.4));
#8667=CARTESIAN_POINT('',(-28.,-8.,-1.95943487863577E-15));
#8668=CARTESIAN_POINT('',(-20.8,-8.,-1.95943487863577E-15));
#8669=CARTESIAN_POINT('',(-20.8,-8.,2.4));
#8670=CARTESIAN_POINT('',(-20.8,-4.9,-1.95943487863577E-15));
#8671=CARTESIAN_POINT('',(-20.8,-8.,-1.95943487863577E-15));
#8672=CARTESIAN_POINT('',(-20.8,-11.1,-5.09242848744184E-15));
#8673=CARTESIAN_POINT('',(-20.8,-4.9,-2.33907538637144E-15));
#8674=CARTESIAN_POINT('',(-20.8,-11.1,-1.40016002998084E-15));
#8675=CARTESIAN_POINT('',(-20.8,-11.1,-3.6));
#8676=CARTESIAN_POINT('',(-20.8,-11.1,-3.6));
#8677=CARTESIAN_POINT('',(-20.8,-4.9,-3.6));
#8678=CARTESIAN_POINT('',(-20.8,-4.9,-3.6));
#8679=CARTESIAN_POINT('',(-28.,-8.,-1.95943487863577E-15));
#8680=CARTESIAN_POINT('',(-20.8,-4.9,-2.33907538637144E-15));
#8681=CARTESIAN_POINT('',(-20.,-4.9,-2.33907538637144E-15));
#8682=CARTESIAN_POINT('',(-20.,-8.,-1.95943487863577E-15));
#8683=CARTESIAN_POINT('',(-20.,-11.1,-5.09242848744184E-15));
#8684=CARTESIAN_POINT('',(-20.8,-11.1,-5.09242848744184E-15));
#8685=CARTESIAN_POINT('',(-28.,8.,0.));
#8686=CARTESIAN_POINT('',(-20.8,8.,0.));
#8687=CARTESIAN_POINT('',(-20.8,4.9,-5.09242848744184E-15));
#8688=CARTESIAN_POINT('',(-20.8,11.1,-2.33907538637144E-15));
#8689=CARTESIAN_POINT('',(-20.8,11.1,-2.33907538637144E-15));
#8690=CARTESIAN_POINT('',(-20.,11.1,-2.33907538637144E-15));
#8691=CARTESIAN_POINT('',(-20.,8.,0.));
#8692=CARTESIAN_POINT('',(-20.,4.9,-5.09242848744184E-15));
#8693=CARTESIAN_POINT('',(-20.8,4.9,-5.09242848744184E-15));
#8694=CARTESIAN_POINT('',(-20.8,11.1,0.));
#8695=CARTESIAN_POINT('',(-20.8,8.,0.));
#8696=CARTESIAN_POINT('',(-20.8,8.,2.4));
#8697=CARTESIAN_POINT('',(-20.8,4.9,-1.40016002998084E-15));
#8698=CARTESIAN_POINT('',(-20.8,4.9,-3.6));
#8699=CARTESIAN_POINT('',(-20.8,4.9,-3.6));
#8700=CARTESIAN_POINT('',(-20.8,11.1,-3.6));
#8701=CARTESIAN_POINT('',(-20.8,11.1,-3.6));
#8702=CARTESIAN_POINT('',(-28.,8.,0.));
#8703=CARTESIAN_POINT('',(-27.2,8.,0.));
#8704=CARTESIAN_POINT('',(-27.2,8.,2.4));
#8705=CARTESIAN_POINT('',(-27.2,10.4,0.));
#8706=CARTESIAN_POINT('',(-27.2,8.,0.));
#8707=CARTESIAN_POINT('',(-27.2,8.,3.1));
#8708=CARTESIAN_POINT('',(-28.,8.,0.));
#8709=CARTESIAN_POINT('',(28.,-8.,-1.95943487863577E-15));
#8710=CARTESIAN_POINT('',(20.8,-8.,-1.95943487863577E-15));
#8711=CARTESIAN_POINT('',(20.8,-11.1,-1.40016002998084E-15));
#8712=CARTESIAN_POINT('',(20.8,-4.9,-1.95943487863577E-15));
#8713=CARTESIAN_POINT('',(20.8,-11.1,-1.40016002998084E-15));
#8714=CARTESIAN_POINT('',(20.,-11.1,-1.40016002998084E-15));
#8715=CARTESIAN_POINT('',(20.,-8.,-1.95943487863577E-15));
#8716=CARTESIAN_POINT('',(20.,-4.9,-1.95943487863577E-15));
#8717=CARTESIAN_POINT('',(20.8,-4.9,-1.95943487863577E-15));
#8718=CARTESIAN_POINT('',(20.8,-4.9,-1.95943487863577E-15));
#8719=CARTESIAN_POINT('',(20.8,-8.,-1.95943487863577E-15));
#8720=CARTESIAN_POINT('',(20.8,-8.,2.4));
#8721=CARTESIAN_POINT('',(20.8,-4.9,-1.95943487863577E-15));
#8722=CARTESIAN_POINT('',(20.8,-4.9,-3.6));
#8723=CARTESIAN_POINT('',(20.8,-11.1,-3.6));
#8724=CARTESIAN_POINT('',(20.8,-11.1,-3.6));
#8725=CARTESIAN_POINT('',(20.8,-11.1,-1.40016002998084E-15));
#8726=CARTESIAN_POINT('',(28.,-8.,-1.95943487863577E-15));
#8727=CARTESIAN_POINT('',(27.2,-8.,-1.95943487863577E-15));
#8728=CARTESIAN_POINT('',(27.2,-8.,2.4));
#8729=CARTESIAN_POINT('',(27.2,-5.6,-1.95943487863577E-15));
#8730=CARTESIAN_POINT('',(27.2,-8.,-1.95943487863577E-15));
#8731=CARTESIAN_POINT('',(27.2,-8.,3.1));
#8732=CARTESIAN_POINT('',(28.,-8.,-1.95943487863577E-15));
#8733=CARTESIAN_POINT('',(28.,-8.,-1.95943487863577E-15));
#8734=CARTESIAN_POINT('',(28.,-8.,3.1));
#8735=CARTESIAN_POINT('',(28.,-1.73472347597681E-15,-9.79717439317883E-16));
#8736=CARTESIAN_POINT('',(20.8,-1.73472347597681E-15,-9.79717439317883E-16));
#8737=CARTESIAN_POINT('',(20.8,-3.1,-1.40016002998084E-15));
#8738=CARTESIAN_POINT('',(20.8,3.1,-1.95943487863577E-15));
#8739=CARTESIAN_POINT('',(20.8,-3.1,-1.40016002998084E-15));
#8740=CARTESIAN_POINT('',(20.,-3.1,-1.40016002998084E-15));
#8741=CARTESIAN_POINT('',(20.,-1.73472347597681E-15,-9.79717439317883E-16));
#8742=CARTESIAN_POINT('',(20.,3.1,-1.95943487863577E-15));
#8743=CARTESIAN_POINT('',(20.8,3.1,-1.95943487863577E-15));
#8744=CARTESIAN_POINT('',(20.8,3.1,-9.79717439317883E-16));
#8745=CARTESIAN_POINT('',(20.8,-1.73472347597681E-15,-9.79717439317883E-16));
#8746=CARTESIAN_POINT('',(20.8,-1.73472347597681E-15,2.4));
#8747=CARTESIAN_POINT('',(20.8,3.1,-1.95943487863577E-15));
#8748=CARTESIAN_POINT('',(20.8,3.1,-3.6));
#8749=CARTESIAN_POINT('',(20.8,-3.1,-3.6));
#8750=CARTESIAN_POINT('',(20.8,-3.1,-3.6));
#8751=CARTESIAN_POINT('',(20.8,-3.1,-1.40016002998084E-15));
#8752=CARTESIAN_POINT('',(28.,-1.73472347597681E-15,-9.79717439317883E-16));
#8753=CARTESIAN_POINT('',(27.2,-1.73472347597681E-15,-9.79717439317883E-16));
#8754=CARTESIAN_POINT('',(27.2,-1.73472347597681E-15,2.4));
#8755=CARTESIAN_POINT('',(27.2,2.4,-9.79717439317883E-16));
#8756=CARTESIAN_POINT('',(27.2,-1.73472347597681E-15,-9.79717439317883E-16));
#8757=CARTESIAN_POINT('',(27.2,-1.73472347597681E-15,3.1));
#8758=CARTESIAN_POINT('',(28.,-1.73472347597681E-15,-9.79717439317883E-16));
#8759=CARTESIAN_POINT('',(28.,-1.73472347597681E-15,-9.79717439317883E-16));
#8760=CARTESIAN_POINT('',(28.,-1.73472347597681E-15,3.1));
#8761=CARTESIAN_POINT('',(0.,-12.8,0.));
#8762=CARTESIAN_POINT('',(0.,-12.8,0.));
#8763=CARTESIAN_POINT('',(0.,-12.8,2.4));
#8764=CARTESIAN_POINT('',(0.,-19.2,0.));
#8765=CARTESIAN_POINT('',(0.,-19.2,2.4));
#8766=CARTESIAN_POINT('',(3.1,-19.2,0.));
#8767=CARTESIAN_POINT('',(0.,-19.2,0.));
#8768=CARTESIAN_POINT('',(0.,-19.2,3.1));
#8769=CARTESIAN_POINT('',(0.,-12.8,0.));
#8770=CARTESIAN_POINT('',(0.,-20.,0.));
#8771=CARTESIAN_POINT('',(0.,-20.,3.1));
#8772=CARTESIAN_POINT('',(16.,-12.8,0.));
#8773=CARTESIAN_POINT('',(16.,-12.8,0.));
#8774=CARTESIAN_POINT('',(16.,-12.8,2.4));
#8775=CARTESIAN_POINT('',(16.,-19.2,0.));
#8776=CARTESIAN_POINT('',(16.,-19.2,2.4));
#8777=CARTESIAN_POINT('',(19.1,-19.2,0.));
#8778=CARTESIAN_POINT('',(16.,-19.2,0.));
#8779=CARTESIAN_POINT('',(16.,-19.2,3.1));
#8780=CARTESIAN_POINT('',(16.,-12.8,0.));
#8781=CARTESIAN_POINT('',(16.,-20.,0.));
#8782=CARTESIAN_POINT('',(16.,-20.,3.1));
#8783=CARTESIAN_POINT('',(-16.,-12.8,0.));
#8784=CARTESIAN_POINT('',(-16.,-19.2,0.));
#8785=CARTESIAN_POINT('',(-16.,-19.2,3.1));
#8786=CARTESIAN_POINT('',(-16.,-20.,0.));
#8787=CARTESIAN_POINT('',(-16.,-20.,3.1));
#8788=CARTESIAN_POINT('',(-12.9,-19.2,0.));
#8789=CARTESIAN_POINT('',(-16.,-19.2,0.));
#8790=CARTESIAN_POINT('',(-16.,-19.2,2.4));
#8791=CARTESIAN_POINT('',(-16.,-12.8,0.));
#8792=CARTESIAN_POINT('',(-16.,-12.8,0.));
#8793=CARTESIAN_POINT('',(-16.,-12.8,2.4));
#8794=CARTESIAN_POINT('',(16.,12.8,0.));
#8795=CARTESIAN_POINT('',(16.,19.2,0.));
#8796=CARTESIAN_POINT('',(16.,19.2,3.1));
#8797=CARTESIAN_POINT('',(16.,20.,0.));
#8798=CARTESIAN_POINT('',(16.,20.,3.1));
#8799=CARTESIAN_POINT('',(19.1,19.2,0.));
#8800=CARTESIAN_POINT('',(16.,19.2,0.));
#8801=CARTESIAN_POINT('',(16.,19.2,2.4));
#8802=CARTESIAN_POINT('',(16.,12.8,0.));
#8803=CARTESIAN_POINT('',(16.,12.8,0.));
#8804=CARTESIAN_POINT('',(16.,12.8,2.4));
#8805=CARTESIAN_POINT('',(0.,12.8,0.));
#8806=CARTESIAN_POINT('',(0.,19.2,0.));
#8807=CARTESIAN_POINT('',(0.,19.2,3.1));
#8808=CARTESIAN_POINT('',(0.,20.,0.));
#8809=CARTESIAN_POINT('',(0.,20.,3.1));
#8810=CARTESIAN_POINT('',(3.1,19.2,0.));
#8811=CARTESIAN_POINT('',(0.,19.2,0.));
#8812=CARTESIAN_POINT('',(0.,19.2,2.4));
#8813=CARTESIAN_POINT('',(0.,12.8,0.));
#8814=CARTESIAN_POINT('',(0.,12.8,0.));
#8815=CARTESIAN_POINT('',(0.,12.8,2.4));
#8816=CARTESIAN_POINT('',(-24.,16.,0.9));
#8817=CARTESIAN_POINT('',(-19.4856850115867,12.8,0.9));
#8818=CARTESIAN_POINT('',(-19.4856850115867,19.2,0.9));
#8819=CARTESIAN_POINT('',(-19.4856850115867,12.8,0.9));
#8820=CARTESIAN_POINT('',(-9.64924225024699,19.2,0.9));
#8821=CARTESIAN_POINT('',(-20.9145502758917,19.2,0.9));
#8822=CARTESIAN_POINT('',(-20.9145502758917,18.7,0.9));
#8823=CARTESIAN_POINT('',(-21.2908246324903,18.3707317073171,0.9));
#8824=CARTESIAN_POINT('',(-24.,16.,0.9));
#8825=CARTESIAN_POINT('',(-21.2908246324902,13.6292682926829,0.9));
#8826=CARTESIAN_POINT('',(-20.9145502758917,13.3,0.9));
#8827=CARTESIAN_POINT('',(-20.9145502758917,12.8,0.9));
#8828=CARTESIAN_POINT('',(-9.64924225024708,12.8,0.9));
#8829=CARTESIAN_POINT('',(-24.,16.,0.9));
#8830=CARTESIAN_POINT('',(-12.5143149884133,12.8,0.9));
#8831=CARTESIAN_POINT('',(-12.5143149884133,12.8,0.9));
#8832=CARTESIAN_POINT('',(-12.5143149884133,19.2,0.9));
#8833=CARTESIAN_POINT('',(-9.64924225024708,12.8,0.9));
#8834=CARTESIAN_POINT('',(-11.0854497241083,12.8,0.9));
#8835=CARTESIAN_POINT('',(-11.0854497241083,13.3,0.9));
#8836=CARTESIAN_POINT('',(-10.7091753675097,13.6292682926829,0.9));
#8837=CARTESIAN_POINT('',(-8.,16.,0.9));
#8838=CARTESIAN_POINT('',(-10.7091753675097,18.3707317073171,0.9));
#8839=CARTESIAN_POINT('',(-11.0854497241083,18.7,0.9));
#8840=CARTESIAN_POINT('',(-11.0854497241083,19.2,0.9));
#8841=CARTESIAN_POINT('',(-9.64924225024699,19.2,0.9));
#8842=CARTESIAN_POINT('',(-9.64924225024708,12.8,0.9));
#8843=CARTESIAN_POINT('',(-16.,12.8,1.0842021724855E-16));
#8844=CARTESIAN_POINT('',(-20.9145502758917,12.8,4.));
#8845=CARTESIAN_POINT('',(-20.9145502758917,12.8,4.));
#8846=CARTESIAN_POINT('',(-9.64924225024708,12.8,4.));
#8847=CARTESIAN_POINT('',(-11.0854497241083,12.8,4.));
#8848=CARTESIAN_POINT('',(-11.0854497241083,12.8,0.9));
#8849=CARTESIAN_POINT('',(-8.,16.,-0.9));
#8850=CARTESIAN_POINT('',(-12.5143149884133,12.8,-0.9));
#8851=CARTESIAN_POINT('',(-12.5143149884133,19.2,-0.9));
#8852=CARTESIAN_POINT('',(-12.5143149884133,13.6,-0.9));
#8853=CARTESIAN_POINT('',(-9.649242250247,19.2,-0.9));
#8854=CARTESIAN_POINT('',(-11.0854497241083,19.2,-0.9));
#8855=CARTESIAN_POINT('',(-11.0854497241083,18.7,-0.9));
#8856=CARTESIAN_POINT('',(-10.7091753675097,18.3707317073171,-0.9));
#8857=CARTESIAN_POINT('',(-8.,16.,-0.9));
#8858=CARTESIAN_POINT('',(-11.1901096413905,14.3317073170732,-0.9));
#8859=CARTESIAN_POINT('',(-11.633180424917,14.1,-0.9));
#8860=CARTESIAN_POINT('',(-11.633180424917,13.6,-0.9));
#8861=CARTESIAN_POINT('',(-10.6832815729997,13.6,-0.9));
#8862=CARTESIAN_POINT('',(-8.,16.,-0.9));
#8863=CARTESIAN_POINT('',(-19.4856850115867,12.8,-0.9));
#8864=CARTESIAN_POINT('',(-19.4856850115867,13.6,-0.9));
#8865=CARTESIAN_POINT('',(-19.4856850115867,19.2,-0.9));
#8866=CARTESIAN_POINT('',(-10.6832815729997,13.6,-0.9));
#8867=CARTESIAN_POINT('',(-20.366819575083,13.6,-0.9));
#8868=CARTESIAN_POINT('',(-20.366819575083,14.1,-0.9));
#8869=CARTESIAN_POINT('',(-20.8098903586095,14.3317073170732,-0.9));
#8870=CARTESIAN_POINT('',(-24.,16.,-0.9));
#8871=CARTESIAN_POINT('',(-21.2908246324903,18.3707317073171,-0.9));
#8872=CARTESIAN_POINT('',(-20.9145502758917,18.7,-0.9));
#8873=CARTESIAN_POINT('',(-20.9145502758917,19.2,-0.9));
#8874=CARTESIAN_POINT('',(-9.649242250247,19.2,-0.9));
#8875=CARTESIAN_POINT('',(8.,16.,0.9));
#8876=CARTESIAN_POINT('',(-3.48568501158667,12.8,0.9));
#8877=CARTESIAN_POINT('',(-3.48568501158667,19.2,0.9));
#8878=CARTESIAN_POINT('',(-3.48568501158667,12.8,0.9));
#8879=CARTESIAN_POINT('',(6.35075774975298,19.2,0.9));
#8880=CARTESIAN_POINT('',(-4.91455027589171,19.2,0.9));
#8881=CARTESIAN_POINT('',(-4.91455027589171,18.7,0.9));
#8882=CARTESIAN_POINT('',(-5.29082463249029,18.3707317073171,0.9));
#8883=CARTESIAN_POINT('',(-8.,16.,0.9));
#8884=CARTESIAN_POINT('',(-5.29082463249026,13.6292682926829,0.9));
#8885=CARTESIAN_POINT('',(-4.91455027589169,13.3,0.9));
#8886=CARTESIAN_POINT('',(-4.91455027589169,12.8,0.9));
#8887=CARTESIAN_POINT('',(6.3507577497529,12.8,0.9));
#8888=CARTESIAN_POINT('',(8.,16.,0.9));
#8889=CARTESIAN_POINT('',(3.48568501158668,12.8,0.9));
#8890=CARTESIAN_POINT('',(3.48568501158668,12.8,0.9));
#8891=CARTESIAN_POINT('',(3.48568501158668,19.2,0.9));
#8892=CARTESIAN_POINT('',(6.3507577497529,12.8,0.9));
#8893=CARTESIAN_POINT('',(4.91455027589168,12.8,0.9));
#8894=CARTESIAN_POINT('',(4.91455027589168,13.3,0.9));
#8895=CARTESIAN_POINT('',(5.29082463249026,13.6292682926829,0.9));
#8896=CARTESIAN_POINT('',(8.,16.,0.9));
#8897=CARTESIAN_POINT('',(5.29082463249029,18.3707317073171,0.9));
#8898=CARTESIAN_POINT('',(4.91455027589172,18.7,0.9));
#8899=CARTESIAN_POINT('',(4.91455027589172,19.2,0.9));
#8900=CARTESIAN_POINT('',(6.35075774975298,19.2,0.9));
#8901=CARTESIAN_POINT('',(6.3507577497529,12.8,0.9));
#8902=CARTESIAN_POINT('',(3.46944695195361E-15,12.8,1.0842021724855E-16));
#8903=CARTESIAN_POINT('',(-4.91455027589169,12.8,4.));
#8904=CARTESIAN_POINT('',(-4.91455027589169,12.8,4.));
#8905=CARTESIAN_POINT('',(6.3507577497529,12.8,4.));
#8906=CARTESIAN_POINT('',(4.91455027589168,12.8,4.));
#8907=CARTESIAN_POINT('',(4.91455027589168,12.8,0.9));
#8908=CARTESIAN_POINT('',(8.,16.,-0.9));
#8909=CARTESIAN_POINT('',(6.35075774975299,19.2,-0.9));
#8910=CARTESIAN_POINT('',(-3.48568501158667,19.2,-0.9));
#8911=CARTESIAN_POINT('',(-4.91455027589173,19.2,-0.9));
#8912=CARTESIAN_POINT('',(-3.48568501158667,12.8,-0.9));
#8913=CARTESIAN_POINT('',(-3.48568501158667,13.6,-0.9));
#8914=CARTESIAN_POINT('',(5.31671842700028,13.6,-0.9));
#8915=CARTESIAN_POINT('',(-4.36681957508302,13.6,-0.9));
#8916=CARTESIAN_POINT('',(-4.36681957508302,14.1,-0.9));
#8917=CARTESIAN_POINT('',(-4.80989035860949,14.3317073170732,-0.9));
#8918=CARTESIAN_POINT('',(-8.,16.,-0.9));
#8919=CARTESIAN_POINT('',(-5.2908246324903,18.3707317073171,-0.9));
#8920=CARTESIAN_POINT('',(-4.91455027589173,18.7,-0.9));
#8921=CARTESIAN_POINT('',(8.,16.,-0.9));
#8922=CARTESIAN_POINT('',(5.31671842700028,13.6,-0.9));
#8923=CARTESIAN_POINT('',(3.48568501158668,13.6,-0.9));
#8924=CARTESIAN_POINT('',(4.36681957508303,13.6,-0.9));
#8925=CARTESIAN_POINT('',(3.48568501158668,12.8,-0.9));
#8926=CARTESIAN_POINT('',(3.48568501158668,19.2,-0.9));
#8927=CARTESIAN_POINT('',(6.35075774975299,19.2,-0.9));
#8928=CARTESIAN_POINT('',(4.91455027589173,19.2,-0.9));
#8929=CARTESIAN_POINT('',(4.91455027589173,18.7,-0.9));
#8930=CARTESIAN_POINT('',(5.2908246324903,18.3707317073171,-0.9));
#8931=CARTESIAN_POINT('',(8.,16.,-0.9));
#8932=CARTESIAN_POINT('',(4.80989035860949,14.3317073170732,-0.9));
#8933=CARTESIAN_POINT('',(4.36681957508303,14.1,-0.9));
#8934=CARTESIAN_POINT('',(24.,16.,0.9));
#8935=CARTESIAN_POINT('',(12.5143149884133,12.8,0.9));
#8936=CARTESIAN_POINT('',(12.5143149884133,19.2,0.9));
#8937=CARTESIAN_POINT('',(12.5143149884133,12.8,0.9));
#8938=CARTESIAN_POINT('',(22.350757749753,19.2,0.9));
#8939=CARTESIAN_POINT('',(11.0854497241083,19.2,0.9));
#8940=CARTESIAN_POINT('',(11.0854497241083,18.7,0.9));
#8941=CARTESIAN_POINT('',(10.7091753675097,18.3707317073171,0.9));
#8942=CARTESIAN_POINT('',(8.,16.,0.9));
#8943=CARTESIAN_POINT('',(10.7091753675097,13.6292682926829,0.9));
#8944=CARTESIAN_POINT('',(11.0854497241083,13.3,0.9));
#8945=CARTESIAN_POINT('',(11.0854497241083,12.8,0.9));
#8946=CARTESIAN_POINT('',(17.9557548440937,12.8,0.9));
#8947=CARTESIAN_POINT('',(24.,16.,0.9));
#8948=CARTESIAN_POINT('',(19.4856850115867,12.8,0.9));
#8949=CARTESIAN_POINT('',(19.4856850115867,12.8,0.9));
#8950=CARTESIAN_POINT('',(19.4856850115867,19.2,0.9));
#8951=CARTESIAN_POINT('',(17.9557548440937,12.8,0.9));
#8952=CARTESIAN_POINT('',(20.9145502758917,12.8,0.9));
#8953=CARTESIAN_POINT('',(20.9145502758917,13.3,0.9));
#8954=CARTESIAN_POINT('',(21.2908246324903,13.6292682926829,0.9));
#8955=CARTESIAN_POINT('',(24.,16.,0.9));
#8956=CARTESIAN_POINT('',(21.2908246324903,18.3707317073171,0.9));
#8957=CARTESIAN_POINT('',(20.9145502758917,18.7,0.9));
#8958=CARTESIAN_POINT('',(20.9145502758917,19.2,0.9));
#8959=CARTESIAN_POINT('',(22.350757749753,19.2,0.9));
#8960=CARTESIAN_POINT('',(17.9557548440937,12.8,0.9));
#8961=CARTESIAN_POINT('',(16.,12.8,1.0842021724855E-16));
#8962=CARTESIAN_POINT('',(11.0854497241083,12.8,4.));
#8963=CARTESIAN_POINT('',(11.0854497241083,12.8,4.));
#8964=CARTESIAN_POINT('',(17.9557548440937,12.8,4.));
#8965=CARTESIAN_POINT('',(20.9145502758917,12.8,4.));
#8966=CARTESIAN_POINT('',(20.9145502758917,12.8,0.9));
#8967=CARTESIAN_POINT('',(24.,16.,-0.9));
#8968=CARTESIAN_POINT('',(19.4856850115867,12.8,-0.9));
#8969=CARTESIAN_POINT('',(19.4856850115867,19.2,-0.9));
#8970=CARTESIAN_POINT('',(19.4856850115867,13.6,-0.9));
#8971=CARTESIAN_POINT('',(22.350757749753,19.2,-0.9));
#8972=CARTESIAN_POINT('',(20.9145502758917,19.2,-0.9));
#8973=CARTESIAN_POINT('',(20.9145502758917,18.7,-0.9));
#8974=CARTESIAN_POINT('',(21.2908246324903,18.3707317073171,-0.9));
#8975=CARTESIAN_POINT('',(24.,16.,-0.9));
#8976=CARTESIAN_POINT('',(20.8098903586095,14.3317073170732,-0.9));
#8977=CARTESIAN_POINT('',(20.366819575083,14.1,-0.9));
#8978=CARTESIAN_POINT('',(20.366819575083,13.6,-0.9));
#8979=CARTESIAN_POINT('',(21.3167184270003,13.6,-0.9));
#8980=CARTESIAN_POINT('',(24.,16.,-0.9));
#8981=CARTESIAN_POINT('',(12.5143149884133,12.8,-0.9));
#8982=CARTESIAN_POINT('',(12.5143149884133,13.6,-0.9));
#8983=CARTESIAN_POINT('',(12.5143149884133,19.2,-0.9));
#8984=CARTESIAN_POINT('',(21.3167184270003,13.6,-0.9));
#8985=CARTESIAN_POINT('',(11.633180424917,13.6,-0.9));
#8986=CARTESIAN_POINT('',(11.633180424917,14.1,-0.9));
#8987=CARTESIAN_POINT('',(11.1901096413905,14.3317073170732,-0.9));
#8988=CARTESIAN_POINT('',(8.,16.,-0.9));
#8989=CARTESIAN_POINT('',(10.7091753675097,18.3707317073171,-0.9));
#8990=CARTESIAN_POINT('',(11.0854497241083,18.7,-0.9));
#8991=CARTESIAN_POINT('',(11.0854497241083,19.2,-0.9));
#8992=CARTESIAN_POINT('',(22.350757749753,19.2,-0.9));
#8993=CARTESIAN_POINT('',(-8.,-16.,-0.9));
#8994=CARTESIAN_POINT('',(-19.4856850115867,-12.8,-0.9));
#8995=CARTESIAN_POINT('',(-19.4856850115867,-19.2,-0.9));
#8996=CARTESIAN_POINT('',(-19.4856850115867,-13.6,-0.9));
#8997=CARTESIAN_POINT('',(-9.649242250247,-19.2,-0.9));
#8998=CARTESIAN_POINT('',(-20.9145502758917,-19.2,-0.9));
#8999=CARTESIAN_POINT('',(-20.9145502758917,-18.7,-0.9));
#9000=CARTESIAN_POINT('',(-21.2908246324903,-18.3707317073171,-0.9));
#9001=CARTESIAN_POINT('',(-24.,-16.,-0.9));
#9002=CARTESIAN_POINT('',(-20.8098903586095,-14.3317073170732,-0.9));
#9003=CARTESIAN_POINT('',(-20.366819575083,-14.1,-0.9));
#9004=CARTESIAN_POINT('',(-20.366819575083,-13.6,-0.9));
#9005=CARTESIAN_POINT('',(-10.6832815729997,-13.6,-0.9));
#9006=CARTESIAN_POINT('',(-8.,-16.,-0.9));
#9007=CARTESIAN_POINT('',(-12.5143149884133,-12.8,-0.9));
#9008=CARTESIAN_POINT('',(-12.5143149884133,-13.6,-0.9));
#9009=CARTESIAN_POINT('',(-12.5143149884133,-19.2,-0.9));
#9010=CARTESIAN_POINT('',(-10.6832815729997,-13.6,-0.9));
#9011=CARTESIAN_POINT('',(-11.633180424917,-13.6,-0.9));
#9012=CARTESIAN_POINT('',(-11.633180424917,-14.1,-0.9));
#9013=CARTESIAN_POINT('',(-11.1901096413905,-14.3317073170732,-0.9));
#9014=CARTESIAN_POINT('',(-8.,-16.,-0.9));
#9015=CARTESIAN_POINT('',(-10.7091753675097,-18.3707317073171,-0.9));
#9016=CARTESIAN_POINT('',(-11.0854497241083,-18.7,-0.9));
#9017=CARTESIAN_POINT('',(-11.0854497241083,-19.2,-0.9));
#9018=CARTESIAN_POINT('',(-9.649242250247,-19.2,-0.9));
#9019=CARTESIAN_POINT('',(-24.,-16.,0.9));
#9020=CARTESIAN_POINT('',(-12.5143149884133,-12.8,0.9));
#9021=CARTESIAN_POINT('',(-12.5143149884133,-19.2,0.9));
#9022=CARTESIAN_POINT('',(-12.5143149884133,-12.8,0.9));
#9023=CARTESIAN_POINT('',(-9.64924225024709,-19.2,0.9));
#9024=CARTESIAN_POINT('',(-11.0854497241083,-19.2,0.9));
#9025=CARTESIAN_POINT('',(-11.0854497241083,-18.7,0.9));
#9026=CARTESIAN_POINT('',(-10.7091753675097,-18.3707317073171,0.9));
#9027=CARTESIAN_POINT('',(-8.00000000000001,-16.,0.9));
#9028=CARTESIAN_POINT('',(-10.7091753675097,-13.6292682926829,0.9));
#9029=CARTESIAN_POINT('',(-11.0854497241083,-13.3,0.9));
#9030=CARTESIAN_POINT('',(-11.0854497241083,-12.8,0.9));
#9031=CARTESIAN_POINT('',(-9.64924225024699,-12.8,0.9));
#9032=CARTESIAN_POINT('',(-24.,-16.,0.9));
#9033=CARTESIAN_POINT('',(-19.4856850115867,-12.8,0.9));
#9034=CARTESIAN_POINT('',(-19.4856850115867,-12.8,0.9));
#9035=CARTESIAN_POINT('',(-19.4856850115867,-19.2,0.9));
#9036=CARTESIAN_POINT('',(-9.64924225024699,-12.8,0.9));
#9037=CARTESIAN_POINT('',(-20.9145502758917,-12.8,0.9));
#9038=CARTESIAN_POINT('',(-20.9145502758917,-13.3,0.9));
#9039=CARTESIAN_POINT('',(-21.2908246324903,-13.6292682926829,0.9));
#9040=CARTESIAN_POINT('',(-24.,-16.,0.9));
#9041=CARTESIAN_POINT('',(-21.2908246324903,-18.3707317073171,0.9));
#9042=CARTESIAN_POINT('',(-20.9145502758917,-18.7,0.9));
#9043=CARTESIAN_POINT('',(-20.9145502758917,-19.2,0.9));
#9044=CARTESIAN_POINT('',(-9.64924225024709,-19.2,0.9));
#9045=CARTESIAN_POINT('',(-9.64924225024699,-12.8,0.9));
#9046=CARTESIAN_POINT('',(-16.,-12.8,1.0842021724855E-16));
#9047=CARTESIAN_POINT('',(-11.0854497241083,-12.8,4.));
#9048=CARTESIAN_POINT('',(-11.0854497241083,-12.8,4.));
#9049=CARTESIAN_POINT('',(-9.64924225024699,-12.8,4.));
#9050=CARTESIAN_POINT('',(-20.9145502758917,-12.8,4.));
#9051=CARTESIAN_POINT('',(-20.9145502758917,-12.8,0.9));
#9052=CARTESIAN_POINT('',(8.,-16.,-0.9));
#9053=CARTESIAN_POINT('',(6.35075774975299,-19.2,-0.9));
#9054=CARTESIAN_POINT('',(4.91455027589173,-19.2,-0.9));
#9055=CARTESIAN_POINT('',(3.48568501158668,-19.2,-0.9));
#9056=CARTESIAN_POINT('',(3.48568501158668,-12.8,-0.9));
#9057=CARTESIAN_POINT('',(3.48568501158668,-13.6,-0.9));
#9058=CARTESIAN_POINT('',(5.31671842700028,-13.6,-0.9));
#9059=CARTESIAN_POINT('',(4.36681957508303,-13.6,-0.9));
#9060=CARTESIAN_POINT('',(4.36681957508303,-14.1,-0.9));
#9061=CARTESIAN_POINT('',(4.80989035860949,-14.3317073170732,-0.9));
#9062=CARTESIAN_POINT('',(8.,-16.,-0.9));
#9063=CARTESIAN_POINT('',(5.2908246324903,-18.3707317073171,-0.9));
#9064=CARTESIAN_POINT('',(4.91455027589173,-18.7,-0.9));
#9065=CARTESIAN_POINT('',(8.,-16.,-0.9));
#9066=CARTESIAN_POINT('',(5.31671842700028,-13.6,-0.9));
#9067=CARTESIAN_POINT('',(-4.36681957508302,-13.6,-0.9));
#9068=CARTESIAN_POINT('',(-3.48568501158667,-13.6,-0.9));
#9069=CARTESIAN_POINT('',(-3.48568501158667,-12.8,-0.9));
#9070=CARTESIAN_POINT('',(-3.48568501158667,-19.2,-0.9));
#9071=CARTESIAN_POINT('',(6.35075774975299,-19.2,-0.9));
#9072=CARTESIAN_POINT('',(-4.91455027589173,-19.2,-0.9));
#9073=CARTESIAN_POINT('',(-4.91455027589173,-18.7,-0.9));
#9074=CARTESIAN_POINT('',(-5.2908246324903,-18.3707317073171,-0.9));
#9075=CARTESIAN_POINT('',(-8.,-16.,-0.9));
#9076=CARTESIAN_POINT('',(-4.80989035860949,-14.3317073170732,-0.9));
#9077=CARTESIAN_POINT('',(-4.36681957508302,-14.1,-0.9));
#9078=CARTESIAN_POINT('',(8.,-16.,0.9));
#9079=CARTESIAN_POINT('',(3.48568501158668,-12.8,0.9));
#9080=CARTESIAN_POINT('',(3.48568501158668,-19.2,0.9));
#9081=CARTESIAN_POINT('',(3.48568501158668,-12.8,0.9));
#9082=CARTESIAN_POINT('',(6.35075774975289,-19.2,0.9));
#9083=CARTESIAN_POINT('',(4.91455027589168,-19.2,0.9));
#9084=CARTESIAN_POINT('',(4.91455027589168,-18.7,0.9));
#9085=CARTESIAN_POINT('',(5.29082463249025,-18.3707317073171,0.9));
#9086=CARTESIAN_POINT('',(8.,-16.,0.9));
#9087=CARTESIAN_POINT('',(5.29082463249029,-13.6292682926829,0.9));
#9088=CARTESIAN_POINT('',(4.91455027589171,-13.3,0.9));
#9089=CARTESIAN_POINT('',(4.91455027589171,-12.8,0.9));
#9090=CARTESIAN_POINT('',(6.35075774975297,-12.8,0.9));
#9091=CARTESIAN_POINT('',(8.,-16.,0.9));
#9092=CARTESIAN_POINT('',(-3.48568501158667,-12.8,0.9));
#9093=CARTESIAN_POINT('',(-3.48568501158667,-12.8,0.9));
#9094=CARTESIAN_POINT('',(-3.48568501158667,-19.2,0.9));
#9095=CARTESIAN_POINT('',(6.35075774975297,-12.8,0.9));
#9096=CARTESIAN_POINT('',(-4.91455027589172,-12.8,0.9));
#9097=CARTESIAN_POINT('',(-4.91455027589172,-13.3,0.9));
#9098=CARTESIAN_POINT('',(-5.29082463249029,-13.6292682926829,0.9));
#9099=CARTESIAN_POINT('',(-8.00000000000001,-16.,0.9));
#9100=CARTESIAN_POINT('',(-5.29082463249027,-18.3707317073171,0.9));
#9101=CARTESIAN_POINT('',(-4.91455027589169,-18.7,0.9));
#9102=CARTESIAN_POINT('',(-4.91455027589169,-19.2,0.9));
#9103=CARTESIAN_POINT('',(6.35075774975289,-19.2,0.9));
#9104=CARTESIAN_POINT('',(6.35075774975297,-12.8,0.9));
#9105=CARTESIAN_POINT('',(3.46944695195361E-15,-12.8,1.0842021724855E-16));
#9106=CARTESIAN_POINT('',(4.91455027589171,-12.8,4.));
#9107=CARTESIAN_POINT('',(4.91455027589171,-12.8,4.));
#9108=CARTESIAN_POINT('',(6.35075774975297,-12.8,4.));
#9109=CARTESIAN_POINT('',(-4.91455027589172,-12.8,4.));
#9110=CARTESIAN_POINT('',(-4.91455027589172,-12.8,0.9));
#9111=CARTESIAN_POINT('',(24.,-16.,-0.9));
#9112=CARTESIAN_POINT('',(12.5143149884133,-12.8,-0.9));
#9113=CARTESIAN_POINT('',(12.5143149884133,-19.2,-0.9));
#9114=CARTESIAN_POINT('',(12.5143149884133,-13.6,-0.9));
#9115=CARTESIAN_POINT('',(22.350757749753,-19.2,-0.9));
#9116=CARTESIAN_POINT('',(11.0854497241083,-19.2,-0.9));
#9117=CARTESIAN_POINT('',(11.0854497241083,-18.7,-0.9));
#9118=CARTESIAN_POINT('',(10.7091753675097,-18.3707317073171,-0.9));
#9119=CARTESIAN_POINT('',(8.,-16.,-0.9));
#9120=CARTESIAN_POINT('',(11.1901096413905,-14.3317073170732,-0.9));
#9121=CARTESIAN_POINT('',(11.633180424917,-14.1,-0.9));
#9122=CARTESIAN_POINT('',(11.633180424917,-13.6,-0.9));
#9123=CARTESIAN_POINT('',(21.3167184270003,-13.6,-0.9));
#9124=CARTESIAN_POINT('',(24.,-16.,-0.9));
#9125=CARTESIAN_POINT('',(19.4856850115867,-12.8,-0.9));
#9126=CARTESIAN_POINT('',(19.4856850115867,-13.6,-0.9));
#9127=CARTESIAN_POINT('',(19.4856850115867,-19.2,-0.9));
#9128=CARTESIAN_POINT('',(21.3167184270003,-13.6,-0.9));
#9129=CARTESIAN_POINT('',(20.366819575083,-13.6,-0.9));
#9130=CARTESIAN_POINT('',(20.366819575083,-14.1,-0.9));
#9131=CARTESIAN_POINT('',(20.8098903586095,-14.3317073170732,-0.9));
#9132=CARTESIAN_POINT('',(24.,-16.,-0.9));
#9133=CARTESIAN_POINT('',(21.2908246324903,-18.3707317073171,-0.9));
#9134=CARTESIAN_POINT('',(20.9145502758917,-18.7,-0.9));
#9135=CARTESIAN_POINT('',(20.9145502758917,-19.2,-0.9));
#9136=CARTESIAN_POINT('',(22.350757749753,-19.2,-0.9));
#9137=CARTESIAN_POINT('',(24.,-16.,0.9));
#9138=CARTESIAN_POINT('',(19.4856850115867,-12.8,0.9));
#9139=CARTESIAN_POINT('',(19.4856850115867,-19.2,0.9));
#9140=CARTESIAN_POINT('',(19.4856850115867,-12.8,0.9));
#9141=CARTESIAN_POINT('',(17.9557548440937,-19.2,0.9));
#9142=CARTESIAN_POINT('',(20.9145502758917,-19.2,0.9));
#9143=CARTESIAN_POINT('',(20.9145502758917,-18.7,0.9));
#9144=CARTESIAN_POINT('',(21.2908246324903,-18.3707317073171,0.9));
#9145=CARTESIAN_POINT('',(24.,-16.,0.9));
#9146=CARTESIAN_POINT('',(21.2908246324903,-13.6292682926829,0.9));
#9147=CARTESIAN_POINT('',(20.9145502758917,-13.3,0.9));
#9148=CARTESIAN_POINT('',(20.9145502758917,-12.8,0.9));
#9149=CARTESIAN_POINT('',(22.350757749753,-12.8,0.9));
#9150=CARTESIAN_POINT('',(24.,-16.,0.9));
#9151=CARTESIAN_POINT('',(12.5143149884133,-12.8,0.9));
#9152=CARTESIAN_POINT('',(12.5143149884133,-12.8,0.9));
#9153=CARTESIAN_POINT('',(12.5143149884133,-19.2,0.9));
#9154=CARTESIAN_POINT('',(22.350757749753,-12.8,0.9));
#9155=CARTESIAN_POINT('',(11.0854497241083,-12.8,0.9));
#9156=CARTESIAN_POINT('',(11.0854497241083,-13.3,0.9));
#9157=CARTESIAN_POINT('',(10.7091753675097,-13.6292682926829,0.9));
#9158=CARTESIAN_POINT('',(8.,-16.,0.9));
#9159=CARTESIAN_POINT('',(10.7091753675097,-18.3707317073171,0.9));
#9160=CARTESIAN_POINT('',(11.0854497241083,-18.7,0.9));
#9161=CARTESIAN_POINT('',(11.0854497241083,-19.2,0.9));
#9162=CARTESIAN_POINT('',(17.9557548440937,-19.2,0.9));
#9163=CARTESIAN_POINT('',(22.350757749753,-12.8,0.9));
#9164=CARTESIAN_POINT('',(16.,-12.8,1.0842021724855E-16));
#9165=CARTESIAN_POINT('',(20.9145502758917,-12.8,4.));
#9166=CARTESIAN_POINT('',(20.9145502758917,-12.8,4.));
#9167=CARTESIAN_POINT('',(22.350757749753,-12.8,4.));
#9168=CARTESIAN_POINT('',(11.0854497241083,-12.8,4.));
#9169=CARTESIAN_POINT('',(11.0854497241083,-12.8,0.9));
#9170=CARTESIAN_POINT('',(20.9145502758917,-18.7,-0.9));
#9171=CARTESIAN_POINT('',(21.2908246324903,-18.3707317073171,-0.9));
#9172=CARTESIAN_POINT('',(21.2908246324903,-18.3707317073171,-4.));
#9173=CARTESIAN_POINT('',(20.9145502758917,-18.7,-4.));
#9174=CARTESIAN_POINT('',(20.9145502758917,-19.2,-4.));
#9175=CARTESIAN_POINT('',(20.9145502758917,-19.2,-0.9));
#9176=CARTESIAN_POINT('',(-20.366819575083,-14.1,-0.9));
#9177=CARTESIAN_POINT('',(-20.8098903586095,-14.3317073170732,-0.9));
#9178=CARTESIAN_POINT('',(-20.8098903586095,-14.3317073170732,-4.));
#9179=CARTESIAN_POINT('',(-20.366819575083,-14.1,-4.));
#9180=CARTESIAN_POINT('',(-20.366819575083,-13.6,-4.));
#9181=CARTESIAN_POINT('',(-20.366819575083,-13.6,-0.9));
#9182=CARTESIAN_POINT('',(-20.9145502758917,-18.7,-0.9));
#9183=CARTESIAN_POINT('',(-20.9145502758917,-19.2,-4.));
#9184=CARTESIAN_POINT('',(-20.9145502758917,-19.2,-4.));
#9185=CARTESIAN_POINT('',(-20.9145502758917,-18.7,-4.));
#9186=CARTESIAN_POINT('',(-21.2908246324903,-18.3707317073171,-4.));
#9187=CARTESIAN_POINT('',(-21.2908246324903,-18.3707317073171,-0.9));
#9188=CARTESIAN_POINT('',(-11.0854497241083,-18.7,-0.9));
#9189=CARTESIAN_POINT('',(-10.7091753675097,-18.3707317073171,-0.9));
#9190=CARTESIAN_POINT('',(-10.7091753675097,-18.3707317073171,-4.));
#9191=CARTESIAN_POINT('',(-11.0854497241083,-18.7,-4.));
#9192=CARTESIAN_POINT('',(-11.0854497241083,-19.2,-4.));
#9193=CARTESIAN_POINT('',(-11.0854497241083,-19.2,-0.9));
#9194=CARTESIAN_POINT('',(-11.633180424917,-14.1,-0.9));
#9195=CARTESIAN_POINT('',(-11.633180424917,-13.6,-4.));
#9196=CARTESIAN_POINT('',(-11.633180424917,-13.6,-4.));
#9197=CARTESIAN_POINT('',(-11.633180424917,-14.1,-4.));
#9198=CARTESIAN_POINT('',(-11.1901096413905,-14.3317073170732,-4.));
#9199=CARTESIAN_POINT('',(-11.1901096413905,-14.3317073170732,-0.9));
#9200=CARTESIAN_POINT('',(4.36681957508303,-14.1,-0.9));
#9201=CARTESIAN_POINT('',(4.36681957508303,-13.6,-4.));
#9202=CARTESIAN_POINT('',(4.36681957508303,-13.6,-4.));
#9203=CARTESIAN_POINT('',(4.36681957508303,-14.1,-4.));
#9204=CARTESIAN_POINT('',(4.80989035860949,-14.3317073170732,-4.));
#9205=CARTESIAN_POINT('',(4.80989035860949,-14.3317073170732,-0.9));
#9206=CARTESIAN_POINT('',(4.91455027589173,-18.7,-0.9));
#9207=CARTESIAN_POINT('',(5.2908246324903,-18.3707317073171,-0.9));
#9208=CARTESIAN_POINT('',(5.2908246324903,-18.3707317073171,-4.));
#9209=CARTESIAN_POINT('',(4.91455027589173,-18.7,-4.));
#9210=CARTESIAN_POINT('',(4.91455027589173,-19.2,-4.));
#9211=CARTESIAN_POINT('',(4.91455027589173,-19.2,-0.9));
#9212=CARTESIAN_POINT('',(-4.91455027589173,-18.7,-0.9));
#9213=CARTESIAN_POINT('',(-4.91455027589173,-19.2,-4.));
#9214=CARTESIAN_POINT('',(-4.91455027589173,-19.2,-4.));
#9215=CARTESIAN_POINT('',(-4.91455027589173,-18.7,-4.));
#9216=CARTESIAN_POINT('',(-5.2908246324903,-18.3707317073171,-4.));
#9217=CARTESIAN_POINT('',(-5.2908246324903,-18.3707317073171,-0.9));
#9218=CARTESIAN_POINT('',(-4.36681957508302,-14.1,-0.9));
#9219=CARTESIAN_POINT('',(-4.80989035860949,-14.3317073170732,-0.9));
#9220=CARTESIAN_POINT('',(-4.80989035860949,-14.3317073170732,-4.));
#9221=CARTESIAN_POINT('',(-4.36681957508302,-14.1,-4.));
#9222=CARTESIAN_POINT('',(-4.36681957508302,-13.6,-4.));
#9223=CARTESIAN_POINT('',(-4.36681957508302,-13.6,-0.9));
#9224=CARTESIAN_POINT('',(11.633180424917,-14.1,-0.9));
#9225=CARTESIAN_POINT('',(11.1901096413905,-14.3317073170732,-0.9));
#9226=CARTESIAN_POINT('',(11.1901096413905,-14.3317073170732,-4.));
#9227=CARTESIAN_POINT('',(11.633180424917,-14.1,-4.));
#9228=CARTESIAN_POINT('',(11.633180424917,-13.6,-4.));
#9229=CARTESIAN_POINT('',(11.633180424917,-13.6,-0.9));
#9230=CARTESIAN_POINT('',(11.0854497241083,-18.7,-0.9));
#9231=CARTESIAN_POINT('',(11.0854497241083,-19.2,-4.));
#9232=CARTESIAN_POINT('',(11.0854497241083,-19.2,-4.));
#9233=CARTESIAN_POINT('',(11.0854497241083,-18.7,-4.));
#9234=CARTESIAN_POINT('',(10.7091753675097,-18.3707317073171,-4.));
#9235=CARTESIAN_POINT('',(10.7091753675097,-18.3707317073171,-0.9));
#9236=CARTESIAN_POINT('',(20.366819575083,-14.1,-0.9));
#9237=CARTESIAN_POINT('',(20.366819575083,-13.6,-4.));
#9238=CARTESIAN_POINT('',(20.366819575083,-13.6,-4.));
#9239=CARTESIAN_POINT('',(20.366819575083,-14.1,-4.));
#9240=CARTESIAN_POINT('',(20.8098903586095,-14.3317073170732,-4.));
#9241=CARTESIAN_POINT('',(20.8098903586095,-14.3317073170732,-0.9));
#9242=CARTESIAN_POINT('',(-8.,-16.,-0.9));
#9243=CARTESIAN_POINT('',(-8.,-16.,-4.));
#9244=CARTESIAN_POINT('',(-10.6832815729997,-13.6,-0.9));
#9245=CARTESIAN_POINT('',(-16.,-13.6,1.0842021724855E-16));
#9246=CARTESIAN_POINT('',(-10.6832815729997,-13.6,-4.));
#9247=CARTESIAN_POINT('',(-24.,-16.,-0.9));
#9248=CARTESIAN_POINT('',(-24.,-16.,-4.));
#9249=CARTESIAN_POINT('',(-9.649242250247,-19.2,-0.9));
#9250=CARTESIAN_POINT('',(-16.,-19.2,1.0842021724855E-16));
#9251=CARTESIAN_POINT('',(-9.649242250247,-19.2,-4.));
#9252=CARTESIAN_POINT('',(22.350757749753,-19.2,-0.9));
#9253=CARTESIAN_POINT('',(16.,-19.2,1.0842021724855E-16));
#9254=CARTESIAN_POINT('',(22.350757749753,-19.2,-4.));
#9255=CARTESIAN_POINT('',(24.,-16.,-0.9));
#9256=CARTESIAN_POINT('',(24.,-16.,-4.));
#9257=CARTESIAN_POINT('',(21.3167184270003,-13.6,-0.9));
#9258=CARTESIAN_POINT('',(16.,-13.6,1.0842021724855E-16));
#9259=CARTESIAN_POINT('',(21.3167184270003,-13.6,-4.));
#9260=CARTESIAN_POINT('',(8.,-16.,-0.9));
#9261=CARTESIAN_POINT('',(8.,-16.,-4.));
#9262=CARTESIAN_POINT('',(6.35075774975299,-19.2,-0.9));
#9263=CARTESIAN_POINT('',(3.46944695195361E-15,-19.2,1.0842021724855E-16));
#9264=CARTESIAN_POINT('',(6.35075774975299,-19.2,-4.));
#9265=CARTESIAN_POINT('',(-8.,-16.,-0.9));
#9266=CARTESIAN_POINT('',(-8.,-16.,-4.));
#9267=CARTESIAN_POINT('',(5.31671842700028,-13.6,-0.9));
#9268=CARTESIAN_POINT('',(3.46944695195361E-15,-13.6,1.0842021724855E-16));
#9269=CARTESIAN_POINT('',(5.31671842700028,-13.6,-4.));
#9270=CARTESIAN_POINT('',(8.,-16.,-0.9));
#9271=CARTESIAN_POINT('',(8.,-16.,-4.));
#9272=CARTESIAN_POINT('',(24.,16.,-4.));
#9273=CARTESIAN_POINT('',(-10.6832815729997,13.6,-4.));
#9274=CARTESIAN_POINT('',(-11.633180424917,13.6,-4.));
#9275=CARTESIAN_POINT('',(-20.366819575083,13.6,-4.));
#9276=CARTESIAN_POINT('',(-11.633180424917,14.1,-4.));
#9277=CARTESIAN_POINT('',(-11.1901096413905,14.3317073170732,-4.));
#9278=CARTESIAN_POINT('',(-8.,16.,-4.));
#9279=CARTESIAN_POINT('',(-10.7091753675097,18.3707317073171,-4.));
#9280=CARTESIAN_POINT('',(-11.0854497241083,18.7,-4.));
#9281=CARTESIAN_POINT('',(-11.0854497241083,19.2,-4.));
#9282=CARTESIAN_POINT('',(-9.649242250247,19.2,-4.));
#9283=CARTESIAN_POINT('',(-20.9145502758917,19.2,-4.));
#9284=CARTESIAN_POINT('',(-20.9145502758917,18.7,-4.));
#9285=CARTESIAN_POINT('',(-21.2908246324903,18.3707317073171,-4.));
#9286=CARTESIAN_POINT('',(-24.,16.,-4.));
#9287=CARTESIAN_POINT('',(-20.8098903586095,14.3317073170732,-4.));
#9288=CARTESIAN_POINT('',(-20.366819575083,14.1,-4.));
#9289=CARTESIAN_POINT('',(24.,16.,-4.));
#9290=CARTESIAN_POINT('',(21.2908246324903,18.3707317073171,-4.));
#9291=CARTESIAN_POINT('',(20.8098903586095,14.3317073170732,-4.));
#9292=CARTESIAN_POINT('',(20.9145502758917,18.7,-4.));
#9293=CARTESIAN_POINT('',(20.9145502758917,19.2,-4.));
#9294=CARTESIAN_POINT('',(22.350757749753,19.2,-4.));
#9295=CARTESIAN_POINT('',(11.0854497241083,19.2,-4.));
#9296=CARTESIAN_POINT('',(11.0854497241083,18.7,-4.));
#9297=CARTESIAN_POINT('',(10.7091753675097,18.3707317073171,-4.));
#9298=CARTESIAN_POINT('',(8.,16.,-4.));
#9299=CARTESIAN_POINT('',(11.1901096413905,14.3317073170732,-4.));
#9300=CARTESIAN_POINT('',(11.633180424917,14.1,-4.));
#9301=CARTESIAN_POINT('',(11.633180424917,13.6,-4.));
#9302=CARTESIAN_POINT('',(21.3167184270003,13.6,-4.));
#9303=CARTESIAN_POINT('',(20.366819575083,13.6,-4.));
#9304=CARTESIAN_POINT('',(20.366819575083,14.1,-4.));
#9305=CARTESIAN_POINT('',(24.,16.,-4.));
#9306=CARTESIAN_POINT('',(27.1000000000001,16.,-4.));
#9307=CARTESIAN_POINT('',(8.,16.,-4.));
#9308=CARTESIAN_POINT('',(11.1000000000001,16.,-4.));
#9309=CARTESIAN_POINT('',(-8.,16.,-4.));
#9310=CARTESIAN_POINT('',(-4.89999999999992,16.,-4.));
#9311=CARTESIAN_POINT('',(-24.,16.,-4.));
#9312=CARTESIAN_POINT('',(-20.8999999999999,16.,-4.));
#9313=CARTESIAN_POINT('',(24.,12.8,-4.));
#9314=CARTESIAN_POINT('',(-12.9,12.8,-4.));
#9315=CARTESIAN_POINT('',(-19.1,12.8,-4.));
#9316=CARTESIAN_POINT('',(-19.1,12.8,-4.));
#9317=CARTESIAN_POINT('',(-19.1,12.4,-4.));
#9318=CARTESIAN_POINT('',(-24.,12.4,-4.));
#9319=CARTESIAN_POINT('',(-24.,12.4,-4.));
#9320=CARTESIAN_POINT('',(-24.,16.,-4.));
#9321=CARTESIAN_POINT('',(-24.,19.6,-4.));
#9322=CARTESIAN_POINT('',(24.,19.6,-4.));
#9323=CARTESIAN_POINT('',(24.,19.6,-4.));
#9324=CARTESIAN_POINT('',(24.,16.,-4.));
#9325=CARTESIAN_POINT('',(24.,12.4,-4.));
#9326=CARTESIAN_POINT('',(-24.,12.4,-4.));
#9327=CARTESIAN_POINT('',(19.1,12.4,-4.));
#9328=CARTESIAN_POINT('',(19.1,12.8,-4.));
#9329=CARTESIAN_POINT('',(19.1,12.8,-4.));
#9330=CARTESIAN_POINT('',(24.,12.8,-4.));
#9331=CARTESIAN_POINT('',(12.9,12.8,-4.));
#9332=CARTESIAN_POINT('',(12.9,12.8,-4.));
#9333=CARTESIAN_POINT('',(12.9,12.4,-4.));
#9334=CARTESIAN_POINT('',(-24.,12.4,-4.));
#9335=CARTESIAN_POINT('',(3.1,12.4,-4.));
#9336=CARTESIAN_POINT('',(3.1,12.8,-4.));
#9337=CARTESIAN_POINT('',(3.1,12.8,-4.));
#9338=CARTESIAN_POINT('',(24.,12.8,-4.));
#9339=CARTESIAN_POINT('',(-3.1,12.8,-4.));
#9340=CARTESIAN_POINT('',(-3.1,12.8,-4.));
#9341=CARTESIAN_POINT('',(-3.10000000000001,12.4,-4.));
#9342=CARTESIAN_POINT('',(-24.,12.4,-4.));
#9343=CARTESIAN_POINT('',(-12.9,12.4,-4.));
#9344=CARTESIAN_POINT('',(-12.9,12.8,-4.));
#9345=CARTESIAN_POINT('',(8.,16.,-4.));
#9346=CARTESIAN_POINT('',(4.80989035860949,14.3317073170732,-4.));
#9347=CARTESIAN_POINT('',(5.2908246324903,18.3707317073171,-4.));
#9348=CARTESIAN_POINT('',(4.91455027589173,18.7,-4.));
#9349=CARTESIAN_POINT('',(4.91455027589173,19.2,-4.));
#9350=CARTESIAN_POINT('',(6.35075774975299,19.2,-4.));
#9351=CARTESIAN_POINT('',(-4.91455027589173,19.2,-4.));
#9352=CARTESIAN_POINT('',(-4.91455027589173,18.7,-4.));
#9353=CARTESIAN_POINT('',(-5.2908246324903,18.3707317073171,-4.));
#9354=CARTESIAN_POINT('',(-8.,16.,-4.));
#9355=CARTESIAN_POINT('',(-4.80989035860949,14.3317073170732,-4.));
#9356=CARTESIAN_POINT('',(-4.36681957508302,14.1,-4.));
#9357=CARTESIAN_POINT('',(-4.36681957508302,13.6,-4.));
#9358=CARTESIAN_POINT('',(5.31671842700028,13.6,-4.));
#9359=CARTESIAN_POINT('',(4.36681957508303,13.6,-4.));
#9360=CARTESIAN_POINT('',(4.36681957508303,14.1,-4.));
#9361=CARTESIAN_POINT('',(12.9,12.8,4.52589354882349E-16));
#9362=CARTESIAN_POINT('',(12.9,-16.,-3.6));
#9363=CARTESIAN_POINT('',(12.9,12.,-3.6));
#9364=CARTESIAN_POINT('',(12.9,12.4,-3.6));
#9365=CARTESIAN_POINT('',(12.9,12.4,3.99999999999998));
#9366=CARTESIAN_POINT('',(12.9,12.8,4.52589354882349E-16));
#9367=CARTESIAN_POINT('',(12.9,12.8,4.8806072498423E-16));
#9368=CARTESIAN_POINT('',(12.9,12.8,4.8806072498423E-16));
#9369=CARTESIAN_POINT('',(12.9,12.,4.8806072498423E-16));
#9370=CARTESIAN_POINT('',(12.9,12.,4.52589354882349E-16));
#9371=CARTESIAN_POINT('',(19.1,12.8,-2.78770062589473E-16));
#9372=CARTESIAN_POINT('',(19.1,-16.,-3.6));
#9373=CARTESIAN_POINT('',(19.1,12.4,-3.6));
#9374=CARTESIAN_POINT('',(19.1,12.,-3.6));
#9375=CARTESIAN_POINT('',(19.1,12.,-2.78770062589473E-16));
#9376=CARTESIAN_POINT('',(19.1,12.,1.0842021724855E-16));
#9377=CARTESIAN_POINT('',(19.1,12.8,-2.78770062589473E-16));
#9378=CARTESIAN_POINT('',(19.1,12.8,-2.78770062589473E-16));
#9379=CARTESIAN_POINT('',(19.1,12.8,-2.78770062589473E-16));
#9380=CARTESIAN_POINT('',(19.1,12.4,4.));
#9381=CARTESIAN_POINT('',(16.,12.8,1.0842021724855E-16));
#9382=CARTESIAN_POINT('',(16.,12.8,1.0842021724855E-16));
#9383=CARTESIAN_POINT('',(16.,12.8,1.0842021724855E-16));
#9384=CARTESIAN_POINT('',(16.,12.,1.0842021724855E-16));
#9385=CARTESIAN_POINT('',(-3.1,12.8,4.52589354882349E-16));
#9386=CARTESIAN_POINT('',(-3.1,-16.,-3.6));
#9387=CARTESIAN_POINT('',(-3.1,12.,-3.6));
#9388=CARTESIAN_POINT('',(-3.10000000000001,12.4,-3.6));
#9389=CARTESIAN_POINT('',(-3.1,12.4,3.99999999999999));
#9390=CARTESIAN_POINT('',(-3.1,12.8,4.52589354882349E-16));
#9391=CARTESIAN_POINT('',(-3.1,12.8,4.8806072498423E-16));
#9392=CARTESIAN_POINT('',(-3.1,12.8,4.8806072498423E-16));
#9393=CARTESIAN_POINT('',(-3.1,12.,4.8806072498423E-16));
#9394=CARTESIAN_POINT('',(-3.1,12.,4.52589354882349E-16));
#9395=CARTESIAN_POINT('',(3.1,12.8,-2.78770062589473E-16));
#9396=CARTESIAN_POINT('',(3.1,-16.,-3.6));
#9397=CARTESIAN_POINT('',(3.1,12.4,-3.6));
#9398=CARTESIAN_POINT('',(3.1,12.,-3.6));
#9399=CARTESIAN_POINT('',(3.1,12.,-2.78770062589473E-16));
#9400=CARTESIAN_POINT('',(3.1,12.,1.0842021724855E-16));
#9401=CARTESIAN_POINT('',(3.1,12.8,-2.78770062589473E-16));
#9402=CARTESIAN_POINT('',(3.1,12.8,-2.78770062589473E-16));
#9403=CARTESIAN_POINT('',(3.1,12.8,-2.78770062589473E-16));
#9404=CARTESIAN_POINT('',(3.1,12.4,4.));
#9405=CARTESIAN_POINT('',(0.,12.8,1.0842021724855E-16));
#9406=CARTESIAN_POINT('',(0.,12.8,1.0842021724855E-16));
#9407=CARTESIAN_POINT('',(0.,12.8,1.0842021724855E-16));
#9408=CARTESIAN_POINT('',(0.,12.,1.0842021724855E-16));
#9409=CARTESIAN_POINT('',(-19.1,12.8,4.52589354882349E-16));
#9410=CARTESIAN_POINT('',(-19.1,-16.,-3.6));
#9411=CARTESIAN_POINT('',(-19.1,12.,-3.6));
#9412=CARTESIAN_POINT('',(-19.1,12.4,-3.6));
#9413=CARTESIAN_POINT('',(-19.1,12.4,4.));
#9414=CARTESIAN_POINT('',(-19.1,12.8,4.52589354882349E-16));
#9415=CARTESIAN_POINT('',(-19.1,12.8,4.8806072498423E-16));
#9416=CARTESIAN_POINT('',(-19.1,12.8,4.8806072498423E-16));
#9417=CARTESIAN_POINT('',(-19.1,12.,4.8806072498423E-16));
#9418=CARTESIAN_POINT('',(-19.1,12.,4.52589354882349E-16));
#9419=CARTESIAN_POINT('',(-12.9,12.8,-2.78770062589473E-16));
#9420=CARTESIAN_POINT('',(-12.9,-16.,-3.6));
#9421=CARTESIAN_POINT('',(-12.9,12.4,-3.6));
#9422=CARTESIAN_POINT('',(-12.9,12.,-3.6));
#9423=CARTESIAN_POINT('',(-12.9,12.,-2.78770062589473E-16));
#9424=CARTESIAN_POINT('',(-12.9,12.,1.0842021724855E-16));
#9425=CARTESIAN_POINT('',(-12.9,12.8,-2.78770062589473E-16));
#9426=CARTESIAN_POINT('',(-12.9,12.8,-2.78770062589473E-16));
#9427=CARTESIAN_POINT('',(-12.9,12.8,-2.78770062589473E-16));
#9428=CARTESIAN_POINT('',(-12.9,12.4,4.));
#9429=CARTESIAN_POINT('',(-16.,12.8,1.0842021724855E-16));
#9430=CARTESIAN_POINT('',(-16.,12.8,0.));
#9431=CARTESIAN_POINT('',(-16.,12.8,2.4));
#9432=CARTESIAN_POINT('',(-16.,12.8,1.0842021724855E-16));
#9433=CARTESIAN_POINT('',(-16.,12.8,1.0842021724855E-16));
#9434=CARTESIAN_POINT('',(-16.,12.,1.0842021724855E-16));
#9435=CARTESIAN_POINT('',(24.,-16.,-4.));
#9436=CARTESIAN_POINT('',(24.,-16.,-3.2));
#9437=CARTESIAN_POINT('',(26.4,-16.,-3.2));
#9438=CARTESIAN_POINT('',(24.,-16.,3.2));
#9439=CARTESIAN_POINT('',(26.4,-16.,3.2));
#9440=CARTESIAN_POINT('',(8.,-16.,-4.));
#9441=CARTESIAN_POINT('',(8.,-16.,-3.2));
#9442=CARTESIAN_POINT('',(10.4,-16.,-3.2));
#9443=CARTESIAN_POINT('',(8.,-16.,3.2));
#9444=CARTESIAN_POINT('',(10.4,-16.,3.2));
#9445=CARTESIAN_POINT('',(-8.,-16.,-4.));
#9446=CARTESIAN_POINT('',(-8.,-16.,-3.2));
#9447=CARTESIAN_POINT('',(-5.59999999999999,-16.,-3.2));
#9448=CARTESIAN_POINT('',(-8.,-16.,3.2));
#9449=CARTESIAN_POINT('',(-5.59999999999999,-16.,3.2));
#9450=CARTESIAN_POINT('',(-24.,-16.,-4.));
#9451=CARTESIAN_POINT('',(-24.,-16.,-3.2));
#9452=CARTESIAN_POINT('',(-21.6,-16.,-3.2));
#9453=CARTESIAN_POINT('',(-24.,-16.,3.2));
#9454=CARTESIAN_POINT('',(-21.6,-16.,3.2));
#9455=CARTESIAN_POINT('',(27.1,-16.,3.2));
#9456=CARTESIAN_POINT('',(24.,-16.,3.2));
#9457=CARTESIAN_POINT('',(27.1,-16.,3.2));
#9458=CARTESIAN_POINT('',(11.1,-16.,3.2));
#9459=CARTESIAN_POINT('',(8.,-16.,3.2));
#9460=CARTESIAN_POINT('',(11.1,-16.,3.2));
#9461=CARTESIAN_POINT('',(-4.89999999999999,-16.,3.2));
#9462=CARTESIAN_POINT('',(-8.,-16.,3.2));
#9463=CARTESIAN_POINT('',(-4.89999999999999,-16.,3.2));
#9464=CARTESIAN_POINT('',(-20.9,-16.,3.2));
#9465=CARTESIAN_POINT('',(-24.,-16.,3.2));
#9466=CARTESIAN_POINT('',(-20.9,-16.,3.2));
#9467=CARTESIAN_POINT('',(26.4,-16.,-3.2));
#9468=CARTESIAN_POINT('',(24.,-16.,-3.2));
#9469=CARTESIAN_POINT('',(27.1,-16.,-3.2));
#9470=CARTESIAN_POINT('',(10.4,-16.,-3.2));
#9471=CARTESIAN_POINT('',(8.,-16.,-3.2));
#9472=CARTESIAN_POINT('',(11.1,-16.,-3.2));
#9473=CARTESIAN_POINT('',(-5.59999999999999,-16.,-3.2));
#9474=CARTESIAN_POINT('',(-8.,-16.,-3.2));
#9475=CARTESIAN_POINT('',(-4.89999999999999,-16.,-3.2));
#9476=CARTESIAN_POINT('',(-21.6,-16.,-3.2));
#9477=CARTESIAN_POINT('',(-24.,-16.,-3.2));
#9478=CARTESIAN_POINT('',(-20.9,-16.,-3.2));
#9479=CARTESIAN_POINT('',(24.,-16.,-4.));
#9480=CARTESIAN_POINT('',(24.,-16.,4.));
#9481=CARTESIAN_POINT('',(27.1,-16.,4.));
#9482=CARTESIAN_POINT('',(8.,-16.,-4.));
#9483=CARTESIAN_POINT('',(8.,-16.,4.));
#9484=CARTESIAN_POINT('',(11.1,-16.,4.));
#9485=CARTESIAN_POINT('',(-8.,-16.,-4.));
#9486=CARTESIAN_POINT('',(-8.,-16.,4.));
#9487=CARTESIAN_POINT('',(-4.9,-16.,4.));
#9488=CARTESIAN_POINT('',(-24.,-16.,-4.));
#9489=CARTESIAN_POINT('',(-24.,-16.,4.));
#9490=CARTESIAN_POINT('',(-20.9,-16.,4.));
#9491=CARTESIAN_POINT('',(4.91455027589171,-13.3,0.9));
#9492=CARTESIAN_POINT('',(5.29082463249029,-13.6292682926829,0.9));
#9493=CARTESIAN_POINT('',(5.29082463249029,-13.6292682926829,4.));
#9494=CARTESIAN_POINT('',(4.91455027589171,-13.3,4.));
#9495=CARTESIAN_POINT('',(-4.91455027589172,-13.3,0.9));
#9496=CARTESIAN_POINT('',(-4.91455027589172,-13.3,4.));
#9497=CARTESIAN_POINT('',(-5.29082463249029,-13.6292682926829,4.));
#9498=CARTESIAN_POINT('',(-5.29082463249029,-13.6292682926829,0.9));
#9499=CARTESIAN_POINT('',(-8.00000000000001,-16.,0.9));
#9500=CARTESIAN_POINT('',(-8.00000000000001,-16.,4.));
#9501=CARTESIAN_POINT('',(-5.29082463249027,-18.3707317073171,4.));
#9502=CARTESIAN_POINT('',(-5.29082463249027,-18.3707317073171,0.9));
#9503=CARTESIAN_POINT('',(-4.91455027589169,-18.7,0.9));
#9504=CARTESIAN_POINT('',(-4.91455027589169,-18.7,4.));
#9505=CARTESIAN_POINT('',(-4.91455027589169,-19.2,4.));
#9506=CARTESIAN_POINT('',(-4.91455027589169,-19.2,4.));
#9507=CARTESIAN_POINT('',(6.35075774975289,-19.2,0.9));
#9508=CARTESIAN_POINT('',(3.46944695195361E-15,-19.2,1.0842021724855E-16));
#9509=CARTESIAN_POINT('',(6.35075774975289,-19.2,4.));
#9510=CARTESIAN_POINT('',(4.91455027589168,-19.2,4.));
#9511=CARTESIAN_POINT('',(4.91455027589168,-19.2,0.9));
#9512=CARTESIAN_POINT('',(4.91455027589168,-18.7,0.9));
#9513=CARTESIAN_POINT('',(4.91455027589168,-18.7,4.));
#9514=CARTESIAN_POINT('',(5.29082463249025,-18.3707317073171,4.));
#9515=CARTESIAN_POINT('',(5.29082463249025,-18.3707317073171,0.9));
#9516=CARTESIAN_POINT('',(8.,-16.,0.9));
#9517=CARTESIAN_POINT('',(8.,-16.,4.));
#9518=CARTESIAN_POINT('',(20.9145502758917,-18.7,0.9));
#9519=CARTESIAN_POINT('',(20.9145502758917,-19.2,0.9));
#9520=CARTESIAN_POINT('',(20.9145502758917,-19.2,4.));
#9521=CARTESIAN_POINT('',(20.9145502758917,-18.7,4.));
#9522=CARTESIAN_POINT('',(21.2908246324903,-18.3707317073171,4.));
#9523=CARTESIAN_POINT('',(21.2908246324903,-18.3707317073171,0.9));
#9524=CARTESIAN_POINT('',(24.,-16.,0.9));
#9525=CARTESIAN_POINT('',(24.,-16.,4.));
#9526=CARTESIAN_POINT('',(21.2908246324903,-13.6292682926829,4.));
#9527=CARTESIAN_POINT('',(21.2908246324903,-13.6292682926829,0.9));
#9528=CARTESIAN_POINT('',(20.9145502758917,-13.3,0.9));
#9529=CARTESIAN_POINT('',(20.9145502758917,-13.3,4.));
#9530=CARTESIAN_POINT('',(11.0854497241083,-13.3,0.9));
#9531=CARTESIAN_POINT('',(11.0854497241083,-13.3,4.));
#9532=CARTESIAN_POINT('',(10.7091753675097,-13.6292682926829,4.));
#9533=CARTESIAN_POINT('',(10.7091753675097,-13.6292682926829,0.9));
#9534=CARTESIAN_POINT('',(8.,-16.,0.9));
#9535=CARTESIAN_POINT('',(8.,-16.,4.));
#9536=CARTESIAN_POINT('',(10.7091753675097,-18.3707317073171,4.));
#9537=CARTESIAN_POINT('',(10.7091753675097,-18.3707317073171,0.9));
#9538=CARTESIAN_POINT('',(11.0854497241083,-18.7,0.9));
#9539=CARTESIAN_POINT('',(11.0854497241083,-18.7,4.));
#9540=CARTESIAN_POINT('',(11.0854497241083,-19.2,4.));
#9541=CARTESIAN_POINT('',(11.0854497241083,-19.2,4.));
#9542=CARTESIAN_POINT('',(17.9557548440937,-19.2,0.9));
#9543=CARTESIAN_POINT('',(16.,-19.2,1.0842021724855E-16));
#9544=CARTESIAN_POINT('',(17.9557548440937,-19.2,4.));
#9545=CARTESIAN_POINT('',(-20.9145502758917,-13.3,0.9));
#9546=CARTESIAN_POINT('',(-20.9145502758917,-13.3,4.));
#9547=CARTESIAN_POINT('',(-21.2908246324903,-13.6292682926829,4.));
#9548=CARTESIAN_POINT('',(-21.2908246324903,-13.6292682926829,0.9));
#9549=CARTESIAN_POINT('',(-24.,-16.,0.9));
#9550=CARTESIAN_POINT('',(-24.,-16.,4.));
#9551=CARTESIAN_POINT('',(-21.2908246324903,-18.3707317073171,4.));
#9552=CARTESIAN_POINT('',(-21.2908246324903,-18.3707317073171,0.9));
#9553=CARTESIAN_POINT('',(-20.9145502758917,-18.7,0.9));
#9554=CARTESIAN_POINT('',(-20.9145502758917,-18.7,4.));
#9555=CARTESIAN_POINT('',(-20.9145502758917,-19.2,4.));
#9556=CARTESIAN_POINT('',(-20.9145502758917,-19.2,4.));
#9557=CARTESIAN_POINT('',(-9.64924225024709,-19.2,0.9));
#9558=CARTESIAN_POINT('',(-16.,-19.2,1.0842021724855E-16));
#9559=CARTESIAN_POINT('',(-9.64924225024709,-19.2,4.));
#9560=CARTESIAN_POINT('',(-11.0854497241083,-19.2,4.));
#9561=CARTESIAN_POINT('',(-11.0854497241083,-19.2,0.9));
#9562=CARTESIAN_POINT('',(-11.0854497241083,-18.7,0.9));
#9563=CARTESIAN_POINT('',(-11.0854497241083,-18.7,4.));
#9564=CARTESIAN_POINT('',(-10.7091753675097,-18.3707317073171,4.));
#9565=CARTESIAN_POINT('',(-10.7091753675097,-18.3707317073171,0.9));
#9566=CARTESIAN_POINT('',(-8.00000000000001,-16.,0.9));
#9567=CARTESIAN_POINT('',(-8.00000000000001,-16.,4.));
#9568=CARTESIAN_POINT('',(-10.7091753675097,-13.6292682926829,4.));
#9569=CARTESIAN_POINT('',(-10.7091753675097,-13.6292682926829,0.9));
#9570=CARTESIAN_POINT('',(-11.0854497241083,-13.3,0.9));
#9571=CARTESIAN_POINT('',(-11.0854497241083,-13.3,4.));
#9572=CARTESIAN_POINT('',(-20.9,16.,3.2));
#9573=CARTESIAN_POINT('',(-24.,16.,3.2));
#9574=CARTESIAN_POINT('',(-21.6,16.,3.2));
#9575=CARTESIAN_POINT('',(-24.,16.,3.2));
#9576=CARTESIAN_POINT('',(-20.9,16.,3.2));
#9577=CARTESIAN_POINT('',(-4.89999999999999,16.,3.2));
#9578=CARTESIAN_POINT('',(-8.,16.,3.2));
#9579=CARTESIAN_POINT('',(-5.59999999999999,16.,3.2));
#9580=CARTESIAN_POINT('',(-8.,16.,3.2));
#9581=CARTESIAN_POINT('',(-4.89999999999999,16.,3.2));
#9582=CARTESIAN_POINT('',(11.1,16.,3.2));
#9583=CARTESIAN_POINT('',(8.,16.,3.2));
#9584=CARTESIAN_POINT('',(10.4,16.,3.2));
#9585=CARTESIAN_POINT('',(8.,16.,3.2));
#9586=CARTESIAN_POINT('',(11.1,16.,3.2));
#9587=CARTESIAN_POINT('',(27.1,16.,3.2));
#9588=CARTESIAN_POINT('',(24.,16.,3.2));
#9589=CARTESIAN_POINT('',(26.4,16.,3.2));
#9590=CARTESIAN_POINT('',(24.,16.,3.2));
#9591=CARTESIAN_POINT('',(27.1,16.,3.2));
#9592=CARTESIAN_POINT('',(24.,-16.,-4.));
#9593=CARTESIAN_POINT('',(24.,-16.,-4.));
#9594=CARTESIAN_POINT('',(27.1000000000001,-16.,-4.));
#9595=CARTESIAN_POINT('',(8.,-16.,-4.));
#9596=CARTESIAN_POINT('',(8.,-16.,-4.));
#9597=CARTESIAN_POINT('',(11.1000000000001,-16.,-4.));
#9598=CARTESIAN_POINT('',(-8.,-16.,-4.));
#9599=CARTESIAN_POINT('',(-8.,-16.,-4.));
#9600=CARTESIAN_POINT('',(-4.89999999999992,-16.,-4.));
#9601=CARTESIAN_POINT('',(-24.,-16.,-4.));
#9602=CARTESIAN_POINT('',(-24.,-16.,-4.));
#9603=CARTESIAN_POINT('',(-20.8999999999999,-16.,-4.));
#9604=CARTESIAN_POINT('',(24.,-12.4,4.));
#9605=CARTESIAN_POINT('',(24.,-12.4,-3.6));
#9606=CARTESIAN_POINT('',(-12.9,-12.4,-3.6));
#9607=CARTESIAN_POINT('',(-3.1,-12.4,-3.6));
#9608=CARTESIAN_POINT('',(-3.1,-12.4,4.00000000000001));
#9609=CARTESIAN_POINT('',(-3.1,-12.4,-4.));
#9610=CARTESIAN_POINT('',(24.,-12.4,-4.));
#9611=CARTESIAN_POINT('',(-12.9,-12.4,-4.));
#9612=CARTESIAN_POINT('',(-12.9,-12.4,4.));
#9613=CARTESIAN_POINT('',(0.,-12.8,1.0842021724855E-16));
#9614=CARTESIAN_POINT('',(-3.1,-12.8,-4.));
#9615=CARTESIAN_POINT('',(-3.1,-12.8,-4.));
#9616=CARTESIAN_POINT('',(3.1,-12.8,-4.));
#9617=CARTESIAN_POINT('',(-3.1,-12.8,4.52589354882349E-16));
#9618=CARTESIAN_POINT('',(-3.1,-12.8,4.8806072498423E-16));
#9619=CARTESIAN_POINT('',(0.,-12.8,1.0842021724855E-16));
#9620=CARTESIAN_POINT('',(3.1,-12.8,-2.78770062589473E-16));
#9621=CARTESIAN_POINT('',(3.1,-12.8,-2.78770062589473E-16));
#9622=CARTESIAN_POINT('',(24.,-12.4,4.));
#9623=CARTESIAN_POINT('',(24.,-12.4,-3.6));
#9624=CARTESIAN_POINT('',(3.1,-12.4,-3.6));
#9625=CARTESIAN_POINT('',(12.9,-12.4,-3.6));
#9626=CARTESIAN_POINT('',(12.9,-12.4,4.00000000000001));
#9627=CARTESIAN_POINT('',(12.9,-12.4,-4.));
#9628=CARTESIAN_POINT('',(24.,-12.4,-4.));
#9629=CARTESIAN_POINT('',(3.1,-12.4,-4.));
#9630=CARTESIAN_POINT('',(3.1,-12.4,4.));
#9631=CARTESIAN_POINT('',(24.,-16.,4.));
#9632=CARTESIAN_POINT('',(24.,-16.,4.));
#9633=CARTESIAN_POINT('',(24.,-19.6,4.));
#9634=CARTESIAN_POINT('',(24.,-12.4,4.));
#9635=CARTESIAN_POINT('',(24.,-12.4,4.));
#9636=CARTESIAN_POINT('',(-24.,-12.4,4.));
#9637=CARTESIAN_POINT('',(-24.,-16.,4.));
#9638=CARTESIAN_POINT('',(-24.,-19.6,4.));
#9639=CARTESIAN_POINT('',(-24.,-19.6,4.));
#9640=CARTESIAN_POINT('',(24.,16.,-4.));
#9641=CARTESIAN_POINT('',(24.,16.,-3.2));
#9642=CARTESIAN_POINT('',(26.4,16.,-3.2));
#9643=CARTESIAN_POINT('',(8.,16.,-4.));
#9644=CARTESIAN_POINT('',(8.,16.,-3.2));
#9645=CARTESIAN_POINT('',(10.4,16.,-3.2));
#9646=CARTESIAN_POINT('',(-8.,16.,-4.));
#9647=CARTESIAN_POINT('',(-8.,16.,-3.2));
#9648=CARTESIAN_POINT('',(-5.59999999999999,16.,-3.2));
#9649=CARTESIAN_POINT('',(-24.,16.,-4.));
#9650=CARTESIAN_POINT('',(-24.,16.,-3.2));
#9651=CARTESIAN_POINT('',(-21.6,16.,-3.2));
#9652=CARTESIAN_POINT('',(-24.,16.,-4.));
#9653=CARTESIAN_POINT('',(-24.,16.,4.));
#9654=CARTESIAN_POINT('',(-20.9,16.,4.));
#9655=CARTESIAN_POINT('',(-8.,16.,-4.));
#9656=CARTESIAN_POINT('',(-8.,16.,4.));
#9657=CARTESIAN_POINT('',(-4.9,16.,4.));
#9658=CARTESIAN_POINT('',(8.,16.,-4.));
#9659=CARTESIAN_POINT('',(8.,16.,4.));
#9660=CARTESIAN_POINT('',(11.1,16.,4.));
#9661=CARTESIAN_POINT('',(24.,16.,-4.));
#9662=CARTESIAN_POINT('',(24.,16.,4.));
#9663=CARTESIAN_POINT('',(27.1,16.,4.));
#9664=CARTESIAN_POINT('',(16.,-12.8,1.0842021724855E-16));
#9665=CARTESIAN_POINT('',(12.9,-12.8,-4.));
#9666=CARTESIAN_POINT('',(12.9,-12.8,-4.));
#9667=CARTESIAN_POINT('',(19.1,-12.8,-4.));
#9668=CARTESIAN_POINT('',(12.9,-12.8,4.52589354882349E-16));
#9669=CARTESIAN_POINT('',(12.9,-12.8,4.8806072498423E-16));
#9670=CARTESIAN_POINT('',(16.,-12.8,1.0842021724855E-16));
#9671=CARTESIAN_POINT('',(19.1,-12.8,-2.78770062589473E-16));
#9672=CARTESIAN_POINT('',(19.1,-12.8,-2.78770062589473E-16));
#9673=CARTESIAN_POINT('',(24.,-16.,-4.));
#9674=CARTESIAN_POINT('',(-3.1,-12.8,-4.));
#9675=CARTESIAN_POINT('',(3.1,-12.8,-4.));
#9676=CARTESIAN_POINT('',(12.9,-12.8,-4.));
#9677=CARTESIAN_POINT('',(19.1,-12.8,-4.));
#9678=CARTESIAN_POINT('',(19.1,-12.4,-4.));
#9679=CARTESIAN_POINT('',(24.,-12.4,-4.));
#9680=CARTESIAN_POINT('',(24.,-12.4,-4.));
#9681=CARTESIAN_POINT('',(24.,-16.,-4.));
#9682=CARTESIAN_POINT('',(24.,-19.6,-4.));
#9683=CARTESIAN_POINT('',(-24.,-19.6,-4.));
#9684=CARTESIAN_POINT('',(-24.,-19.6,-4.));
#9685=CARTESIAN_POINT('',(-24.,-16.,-4.));
#9686=CARTESIAN_POINT('',(-24.,-12.4,-4.));
#9687=CARTESIAN_POINT('',(24.,-12.4,-4.));
#9688=CARTESIAN_POINT('',(-19.1,-12.4,-4.));
#9689=CARTESIAN_POINT('',(-19.1,-12.8,-4.));
#9690=CARTESIAN_POINT('',(-19.1,-12.8,-4.));
#9691=CARTESIAN_POINT('',(-19.1,-12.8,-4.));
#9692=CARTESIAN_POINT('',(-12.9,-12.8,-4.));
#9693=CARTESIAN_POINT('',(-12.9,-12.8,-4.));
#9694=CARTESIAN_POINT('',(-16.,-12.8,1.0842021724855E-16));
#9695=CARTESIAN_POINT('',(-19.1,-12.8,4.52589354882349E-16));
#9696=CARTESIAN_POINT('',(-19.1,-12.8,4.8806072498423E-16));
#9697=CARTESIAN_POINT('',(-16.,-12.8,1.0842021724855E-16));
#9698=CARTESIAN_POINT('',(-12.9,-12.8,-2.78770062589473E-16));
#9699=CARTESIAN_POINT('',(-12.9,-12.8,-2.78770062589473E-16));
#9700=CARTESIAN_POINT('',(-16.,-12.8,1.0842021724855E-16));
#9701=CARTESIAN_POINT('',(-16.,-12.,1.0842021724855E-16));
#9702=CARTESIAN_POINT('',(-12.9,-12.,-2.78770062589473E-16));
#9703=CARTESIAN_POINT('',(-19.1,-12.,4.8806072498423E-16));
#9704=CARTESIAN_POINT('',(-12.9,-12.8,-2.78770062589473E-16));
#9705=CARTESIAN_POINT('',(-19.1,-12.8,4.8806072498423E-16));
#9706=CARTESIAN_POINT('',(-12.9,-12.8,-2.78770062589473E-16));
#9707=CARTESIAN_POINT('',(-12.9,-16.,-3.6));
#9708=CARTESIAN_POINT('',(-12.9,-12.,-3.6));
#9709=CARTESIAN_POINT('',(-12.9,-12.,-2.78770062589473E-16));
#9710=CARTESIAN_POINT('',(24.,-16.,-3.6));
#9711=CARTESIAN_POINT('',(-20.,-12.,-3.6));
#9712=CARTESIAN_POINT('',(-3.1,-12.,-3.6));
#9713=CARTESIAN_POINT('',(-3.1,-16.,-3.6));
#9714=CARTESIAN_POINT('',(-3.1,-12.8,4.52589354882349E-16));
#9715=CARTESIAN_POINT('',(-3.1,-12.,4.52589354882349E-16));
#9716=CARTESIAN_POINT('',(-3.1,-12.,4.8806072498423E-16));
#9717=CARTESIAN_POINT('',(-3.1,-12.8,4.8806072498423E-16));
#9718=CARTESIAN_POINT('',(0.,-12.8,1.0842021724855E-16));
#9719=CARTESIAN_POINT('',(0.,-12.,1.0842021724855E-16));
#9720=CARTESIAN_POINT('',(3.1,-12.,-2.78770062589473E-16));
#9721=CARTESIAN_POINT('',(3.1,-12.8,-2.78770062589473E-16));
#9722=CARTESIAN_POINT('',(3.1,-12.8,-2.78770062589473E-16));
#9723=CARTESIAN_POINT('',(3.1,-16.,-3.6));
#9724=CARTESIAN_POINT('',(3.1,-12.,-3.6));
#9725=CARTESIAN_POINT('',(3.1,-12.,-2.78770062589473E-16));
#9726=CARTESIAN_POINT('',(24.,-16.,-3.6));
#9727=CARTESIAN_POINT('',(-20.,-12.,-3.6));
#9728=CARTESIAN_POINT('',(12.9,-12.,-3.6));
#9729=CARTESIAN_POINT('',(12.9,-16.,-3.6));
#9730=CARTESIAN_POINT('',(12.9,-12.8,4.52589354882349E-16));
#9731=CARTESIAN_POINT('',(12.9,-12.,4.52589354882349E-16));
#9732=CARTESIAN_POINT('',(12.9,-12.,4.8806072498423E-16));
#9733=CARTESIAN_POINT('',(12.9,-12.8,4.8806072498423E-16));
#9734=CARTESIAN_POINT('',(16.,-12.8,1.0842021724855E-16));
#9735=CARTESIAN_POINT('',(16.,-12.,1.0842021724855E-16));
#9736=CARTESIAN_POINT('',(19.1,-12.,-2.78770062589473E-16));
#9737=CARTESIAN_POINT('',(19.1,-12.8,-2.78770062589473E-16));
#9738=CARTESIAN_POINT('',(-24.,12.4,4.));
#9739=CARTESIAN_POINT('',(24.,12.4,3.6));
#9740=CARTESIAN_POINT('',(24.,12.4,3.6));
#9741=CARTESIAN_POINT('',(-24.,12.4,3.6));
#9742=CARTESIAN_POINT('',(24.,12.4,4.));
#9743=CARTESIAN_POINT('',(24.,12.4,4.));
#9744=CARTESIAN_POINT('',(-24.,12.4,4.));
#9745=CARTESIAN_POINT('',(-24.,12.4,4.));
#9746=CARTESIAN_POINT('',(-24.,12.4,4.));
#9747=CARTESIAN_POINT('',(24.,16.,4.));
#9748=CARTESIAN_POINT('',(24.,16.,3.6));
#9749=CARTESIAN_POINT('',(24.,19.6,3.6));
#9750=CARTESIAN_POINT('',(24.,19.6,4.));
#9751=CARTESIAN_POINT('',(24.,19.6,4.));
#9752=CARTESIAN_POINT('',(24.,16.,4.));
#9753=CARTESIAN_POINT('',(24.,19.6,4.));
#9754=CARTESIAN_POINT('',(24.,19.6,3.6));
#9755=CARTESIAN_POINT('',(-24.,19.6,3.6));
#9756=CARTESIAN_POINT('',(-24.,19.6,4.));
#9757=CARTESIAN_POINT('',(-24.,19.6,4.));
#9758=CARTESIAN_POINT('',(24.,19.6,4.));
#9759=CARTESIAN_POINT('',(-24.,16.,4.));
#9760=CARTESIAN_POINT('',(-24.,16.,3.6));
#9761=CARTESIAN_POINT('',(-24.,16.,4.));
#9762=CARTESIAN_POINT('',(-24.,-16.,4.));
#9763=CARTESIAN_POINT('',(-24.,-16.,3.6));
#9764=CARTESIAN_POINT('',(-24.,-19.6,3.6));
#9765=CARTESIAN_POINT('',(-24.,-12.4,3.6));
#9766=CARTESIAN_POINT('',(-24.,-19.6,4.));
#9767=CARTESIAN_POINT('',(-24.,-12.4,4.));
#9768=CARTESIAN_POINT('',(-24.,-19.6,4.));
#9769=CARTESIAN_POINT('',(24.,-19.6,3.6));
#9770=CARTESIAN_POINT('',(24.,-19.6,3.6));
#9771=CARTESIAN_POINT('',(24.,-19.6,4.));
#9772=CARTESIAN_POINT('',(24.,-16.,4.));
#9773=CARTESIAN_POINT('',(24.,-16.,3.6));
#9774=CARTESIAN_POINT('',(24.,-12.4,3.6));
#9775=CARTESIAN_POINT('',(24.,-12.4,4.));
#9776=CARTESIAN_POINT('',(24.,-12.4,4.));
#9777=CARTESIAN_POINT('',(24.,-12.4,3.6));
#9778=CARTESIAN_POINT('',(26.4,16.,-3.2));
#9779=CARTESIAN_POINT('',(24.,16.,-3.2));
#9780=CARTESIAN_POINT('',(27.1,16.,-3.2));
#9781=CARTESIAN_POINT('',(10.4,16.,-3.2));
#9782=CARTESIAN_POINT('',(8.,16.,-3.2));
#9783=CARTESIAN_POINT('',(11.1,16.,-3.2));
#9784=CARTESIAN_POINT('',(-5.59999999999999,16.,-3.2));
#9785=CARTESIAN_POINT('',(-8.,16.,-3.2));
#9786=CARTESIAN_POINT('',(-4.89999999999999,16.,-3.2));
#9787=CARTESIAN_POINT('',(-21.6,16.,-3.2));
#9788=CARTESIAN_POINT('',(-24.,16.,-3.2));
#9789=CARTESIAN_POINT('',(-20.9,16.,-3.2));
#9790=CARTESIAN_POINT('',(19.1,-12.8,-2.78770062589473E-16));
#9791=CARTESIAN_POINT('',(19.1,-16.,-3.6));
#9792=CARTESIAN_POINT('',(19.1,-12.,-3.6));
#9793=CARTESIAN_POINT('',(19.1,-12.4,-3.6));
#9794=CARTESIAN_POINT('',(19.1,-12.4,4.));
#9795=CARTESIAN_POINT('',(19.1,-12.,-2.78770062589473E-16));
#9796=CARTESIAN_POINT('',(24.,-12.4,4.));
#9797=CARTESIAN_POINT('',(24.,-12.4,-3.6));
#9798=CARTESIAN_POINT('',(24.,-12.4,-3.6));
#9799=CARTESIAN_POINT('',(24.,-12.4,4.));
#9800=CARTESIAN_POINT('',(24.,-16.,4.));
#9801=CARTESIAN_POINT('',(24.,-16.,-3.6));
#9802=CARTESIAN_POINT('',(24.,-19.6,-3.6));
#9803=CARTESIAN_POINT('',(24.,-19.6,4.));
#9804=CARTESIAN_POINT('',(-24.,-19.6,4.));
#9805=CARTESIAN_POINT('',(24.,-19.6,-3.6));
#9806=CARTESIAN_POINT('',(-24.,-19.6,-3.6));
#9807=CARTESIAN_POINT('',(-24.,-19.6,4.));
#9808=CARTESIAN_POINT('',(-24.,-16.,4.));
#9809=CARTESIAN_POINT('',(-24.,-16.,-3.6));
#9810=CARTESIAN_POINT('',(-24.,-12.4,-3.6));
#9811=CARTESIAN_POINT('',(-24.,-12.4,4.));
#9812=CARTESIAN_POINT('',(24.,-12.4,4.));
#9813=CARTESIAN_POINT('',(24.,-12.4,-3.6));
#9814=CARTESIAN_POINT('',(-19.1,-12.4,-3.6));
#9815=CARTESIAN_POINT('',(-19.1,-12.4,4.00000000000001));
#9816=CARTESIAN_POINT('',(-19.1,-12.8,4.52589354882349E-16));
#9817=CARTESIAN_POINT('',(-19.1,-16.,-3.6));
#9818=CARTESIAN_POINT('',(-19.1,-12.,-3.6));
#9819=CARTESIAN_POINT('',(-19.1,-12.,4.52589354882349E-16));
#9820=CARTESIAN_POINT('',(-20.,-12.,3.6));
#9821=CARTESIAN_POINT('',(-20.,-12.,-3.6));
#9822=CARTESIAN_POINT('',(-20.,-12.,-3.6));
#9823=CARTESIAN_POINT('',(-20.,-12.,3.6));
#9824=CARTESIAN_POINT('',(-20.,-12.,3.6));
#9825=CARTESIAN_POINT('',(-20.,-12.,3.6));
#9826=CARTESIAN_POINT('',(20.,-12.,3.6));
#9827=CARTESIAN_POINT('',(20.,-12.,3.6));
#9828=CARTESIAN_POINT('',(20.,-12.,-3.6));
#9829=CARTESIAN_POINT('',(-20.,-12.,-3.6));
#9830=CARTESIAN_POINT('',(28.,-16.,3.6));
#9831=CARTESIAN_POINT('',(28.,8.,0.));
#9832=CARTESIAN_POINT('',(28.,8.,3.1));
#9833=CARTESIAN_POINT('',(28.,-16.,-3.6));
#9834=CARTESIAN_POINT('',(28.,-16.,-3.6));
#9835=CARTESIAN_POINT('',(28.,16.,-3.6));
#9836=CARTESIAN_POINT('',(28.,16.,3.6));
#9837=CARTESIAN_POINT('',(28.,16.,3.6));
#9838=CARTESIAN_POINT('',(28.,-16.,3.6));
#9839=CARTESIAN_POINT('',(28.,-16.,3.6));
#9840=CARTESIAN_POINT('',(28.,-16.,3.6));
#9841=CARTESIAN_POINT('',(24.,16.,3.6));
#9842=CARTESIAN_POINT('',(24.,16.,-3.6));
#9843=CARTESIAN_POINT('',(24.,20.,-3.6));
#9844=CARTESIAN_POINT('',(24.,20.,3.6));
#9845=CARTESIAN_POINT('',(24.,20.,3.6));
#9846=CARTESIAN_POINT('',(24.,16.,3.6));
#9847=CARTESIAN_POINT('',(24.,20.,3.6));
#9848=CARTESIAN_POINT('',(-16.,20.,0.));
#9849=CARTESIAN_POINT('',(-16.,20.,3.1));
#9850=CARTESIAN_POINT('',(-24.,20.,3.6));
#9851=CARTESIAN_POINT('',(-24.,20.,3.6));
#9852=CARTESIAN_POINT('',(-24.,20.,-3.6));
#9853=CARTESIAN_POINT('',(24.,20.,3.6));
#9854=CARTESIAN_POINT('',(24.,20.,-3.6));
#9855=CARTESIAN_POINT('',(-24.,16.,3.6));
#9856=CARTESIAN_POINT('',(-24.,16.,-3.6));
#9857=CARTESIAN_POINT('',(-24.,16.,3.6));
#9858=CARTESIAN_POINT('',(-24.,-16.,3.6));
#9859=CARTESIAN_POINT('',(-24.,-16.,-3.6));
#9860=CARTESIAN_POINT('',(-24.,-20.,-3.6));
#9861=CARTESIAN_POINT('',(-24.,-20.,3.6));
#9862=CARTESIAN_POINT('',(-24.,-20.,3.6));
#9863=CARTESIAN_POINT('',(-24.,-16.,3.6));
#9864=CARTESIAN_POINT('',(-24.,-20.,3.6));
#9865=CARTESIAN_POINT('',(-24.,-20.,-3.6));
#9866=CARTESIAN_POINT('',(24.,-20.,-3.6));
#9867=CARTESIAN_POINT('',(24.,-20.,3.6));
#9868=CARTESIAN_POINT('',(24.,-20.,3.6));
#9869=CARTESIAN_POINT('',(-24.,-20.,3.6));
#9870=CARTESIAN_POINT('',(24.,-16.,3.6));
#9871=CARTESIAN_POINT('',(24.,-16.,-3.6));
#9872=CARTESIAN_POINT('',(24.,-16.,3.6));
#9873=CARTESIAN_POINT('',(-20.,12.,3.6));
#9874=CARTESIAN_POINT('',(-20.,11.1,-3.6));
#9875=CARTESIAN_POINT('',(-20.,11.1,-3.6));
#9876=CARTESIAN_POINT('',(-20.,12.,-3.6));
#9877=CARTESIAN_POINT('',(-20.,12.,-3.6));
#9878=CARTESIAN_POINT('',(-20.,12.,3.6));
#9879=CARTESIAN_POINT('',(-20.,12.,3.6));
#9880=CARTESIAN_POINT('',(-20.,12.,3.6));
#9881=CARTESIAN_POINT('',(-20.,12.,-3.6));
#9882=CARTESIAN_POINT('',(-20.,-11.1,-3.6));
#9883=CARTESIAN_POINT('',(-20.,-11.1,-1.40016002998084E-15));
#9884=CARTESIAN_POINT('',(-20.,-4.9,-3.6));
#9885=CARTESIAN_POINT('',(-20.,-4.9,-3.6));
#9886=CARTESIAN_POINT('',(-20.,12.,-3.6));
#9887=CARTESIAN_POINT('',(-20.,-3.1,-3.6));
#9888=CARTESIAN_POINT('',(-20.,-3.1,-1.40016002998084E-15));
#9889=CARTESIAN_POINT('',(-20.,3.1,-3.6));
#9890=CARTESIAN_POINT('',(-20.,3.1,-3.6));
#9891=CARTESIAN_POINT('',(-20.,12.,-3.6));
#9892=CARTESIAN_POINT('',(-20.,4.9,-3.6));
#9893=CARTESIAN_POINT('',(-20.,4.9,-1.40016002998084E-15));
#9894=CARTESIAN_POINT('',(24.,-16.,3.6));
#9895=CARTESIAN_POINT('',(20.,-12.,3.6));
#9896=CARTESIAN_POINT('',(20.,12.,3.6));
#9897=CARTESIAN_POINT('',(20.,12.,3.6));
#9898=CARTESIAN_POINT('',(20.,-12.,3.6));
#9899=CARTESIAN_POINT('',(20.,11.1,-1.95943487863577E-15));
#9900=CARTESIAN_POINT('',(20.,11.1,-1.95943487863577E-15));
#9901=CARTESIAN_POINT('',(20.,11.1,-3.6));
#9902=CARTESIAN_POINT('',(20.,8.,0.));
#9903=CARTESIAN_POINT('',(20.,4.9,-1.40016002998084E-15));
#9904=CARTESIAN_POINT('',(20.,4.9,-1.40016002998084E-15));
#9905=CARTESIAN_POINT('',(20.,4.9,-3.6));
#9906=CARTESIAN_POINT('',(20.,-12.,-3.6));
#9907=CARTESIAN_POINT('',(20.,3.1,-3.6));
#9908=CARTESIAN_POINT('',(20.,3.1,-1.95943487863577E-15));
#9909=CARTESIAN_POINT('',(20.,-3.1,-1.40016002998084E-15));
#9910=CARTESIAN_POINT('',(20.,-3.1,-3.6));
#9911=CARTESIAN_POINT('',(20.,-12.,-3.6));
#9912=CARTESIAN_POINT('',(20.,-4.9,-3.6));
#9913=CARTESIAN_POINT('',(20.,-4.9,-1.95943487863577E-15));
#9914=CARTESIAN_POINT('',(20.,-11.1,-1.40016002998084E-15));
#9915=CARTESIAN_POINT('',(20.,-11.1,-3.6));
#9916=CARTESIAN_POINT('',(20.,-12.,-3.6));
#9917=CARTESIAN_POINT('',(20.,12.,3.6));
#9918=CARTESIAN_POINT('',(20.,12.,-3.6));
#9919=CARTESIAN_POINT('',(20.,-12.,-3.6));
#9920=CARTESIAN_POINT('',(24.,16.,-4.));
#9921=CARTESIAN_POINT('',(8.,16.,-4.));
#9922=CARTESIAN_POINT('',(-8.,16.,-4.));
#9923=CARTESIAN_POINT('',(-24.,16.,-4.));
#9924=CARTESIAN_POINT('',(24.,19.6,4.));
#9925=CARTESIAN_POINT('',(-24.,19.6,4.));
#9926=CARTESIAN_POINT('',(-24.,19.6,-3.6));
#9927=CARTESIAN_POINT('',(24.,19.6,-3.6));
#9928=CARTESIAN_POINT('',(24.,19.6,-3.6));
#9929=CARTESIAN_POINT('',(24.,19.6,4.));
#9930=CARTESIAN_POINT('',(-24.,16.,4.));
#9931=CARTESIAN_POINT('',(-24.,12.4,4.));
#9932=CARTESIAN_POINT('',(-24.,12.4,-3.6));
#9933=CARTESIAN_POINT('',(-24.,16.,-3.6));
#9934=CARTESIAN_POINT('',(24.,-16.,-3.6));
#9935=CARTESIAN_POINT('',(24.,12.4,-3.6));
#9936=CARTESIAN_POINT('',(20.,12.,-3.6));
#9937=CARTESIAN_POINT('',(24.,-16.,-3.6));
#9938=CARTESIAN_POINT('',(24.,12.4,-3.6));
#9939=CARTESIAN_POINT('',(20.,12.,-3.6));
#9940=CARTESIAN_POINT('',(24.,-16.,-3.6));
#9941=CARTESIAN_POINT('',(-20.8,4.9,-3.6));
#9942=CARTESIAN_POINT('',(-20.8,3.1,-3.6));
#9943=CARTESIAN_POINT('',(-20.8,-3.1,-3.6));
#9944=CARTESIAN_POINT('',(-20.8,-4.9,-3.6));
#9945=CARTESIAN_POINT('',(-20.8,-11.1,-3.6));
#9946=CARTESIAN_POINT('',(20.8,-11.1,-3.6));
#9947=CARTESIAN_POINT('',(20.8,-4.9,-3.6));
#9948=CARTESIAN_POINT('',(20.8,-3.1,-3.6));
#9949=CARTESIAN_POINT('',(20.8,3.1,-3.6));
#9950=CARTESIAN_POINT('',(20.8,4.9,-3.6));
#9951=CARTESIAN_POINT('',(20.8,4.9,-3.6));
#9952=CARTESIAN_POINT('',(20.8,4.9,-3.6));
#9953=CARTESIAN_POINT('',(20.8,11.1,-3.6));
#9954=CARTESIAN_POINT('',(20.8,11.1,-3.6));
#9955=CARTESIAN_POINT('',(20.,12.,-3.6));
#9956=CARTESIAN_POINT('',(24.,12.4,-3.6));
#9957=CARTESIAN_POINT('',(24.,12.4,-3.6));
#9958=CARTESIAN_POINT('',(24.,16.,-3.6));
#9959=CARTESIAN_POINT('',(24.,12.4,-3.6));
#9960=CARTESIAN_POINT('',(20.,12.,-3.6));
#9961=CARTESIAN_POINT('',(-20.8,11.1,-3.6));
#9962=CARTESIAN_POINT('',(24.,16.,4.));
#9963=CARTESIAN_POINT('',(24.,12.4,4.));
#9964=CARTESIAN_POINT('',(-24.,12.4,4.));
#9965=CARTESIAN_POINT('',(-24.,12.4,4.));
#9966=CARTESIAN_POINT('',(-24.,12.4,4.));
#9967=CARTESIAN_POINT('',(-24.,12.4,4.));
#9968=CARTESIAN_POINT('',(20.,12.,3.6));
#9969=CARTESIAN_POINT('',(-4.91455027589171,18.7,0.9));
#9970=CARTESIAN_POINT('',(-4.91455027589171,19.2,0.9));
#9971=CARTESIAN_POINT('',(-4.91455027589171,19.2,4.));
#9972=CARTESIAN_POINT('',(-4.91455027589171,18.7,4.));
#9973=CARTESIAN_POINT('',(-5.29082463249029,18.3707317073171,4.));
#9974=CARTESIAN_POINT('',(-5.29082463249029,18.3707317073171,0.9));
#9975=CARTESIAN_POINT('',(6.35075774975298,19.2,0.9));
#9976=CARTESIAN_POINT('',(3.46944695195361E-15,19.2,1.0842021724855E-16));
#9977=CARTESIAN_POINT('',(4.91455027589172,19.2,4.));
#9978=CARTESIAN_POINT('',(4.91455027589172,19.2,4.));
#9979=CARTESIAN_POINT('',(6.35075774975298,19.2,4.));
#9980=CARTESIAN_POINT('',(4.91455027589172,18.7,0.9));
#9981=CARTESIAN_POINT('',(5.29082463249029,18.3707317073171,0.9));
#9982=CARTESIAN_POINT('',(5.29082463249029,18.3707317073171,4.));
#9983=CARTESIAN_POINT('',(4.91455027589172,18.7,4.));
#9984=CARTESIAN_POINT('',(8.,16.,0.9));
#9985=CARTESIAN_POINT('',(8.,16.,4.));
#9986=CARTESIAN_POINT('',(5.29082463249026,13.6292682926829,4.));
#9987=CARTESIAN_POINT('',(5.29082463249026,13.6292682926829,0.9));
#9988=CARTESIAN_POINT('',(-8.,16.,0.9));
#9989=CARTESIAN_POINT('',(-8.,16.,4.));
#9990=CARTESIAN_POINT('',(-5.29082463249026,13.6292682926829,4.));
#9991=CARTESIAN_POINT('',(-5.29082463249026,13.6292682926829,0.9));
#9992=CARTESIAN_POINT('',(-11.0854497241083,18.7,0.9));
#9993=CARTESIAN_POINT('',(-10.7091753675097,18.3707317073171,0.9));
#9994=CARTESIAN_POINT('',(-10.7091753675097,18.3707317073171,4.));
#9995=CARTESIAN_POINT('',(-11.0854497241083,18.7,4.));
#9996=CARTESIAN_POINT('',(-11.0854497241083,19.2,4.));
#9997=CARTESIAN_POINT('',(-11.0854497241083,19.2,4.));
#9998=CARTESIAN_POINT('',(-8.,16.,0.9));
#9999=CARTESIAN_POINT('',(-10.7091753675097,13.6292682926829,0.9));
#10000=CARTESIAN_POINT('',(-10.7091753675097,13.6292682926829,4.));
#10001=CARTESIAN_POINT('',(-8.,16.,4.));
#10002=CARTESIAN_POINT('',(-24.,16.,0.9));
#10003=CARTESIAN_POINT('',(-21.2908246324903,18.3707317073171,0.9));
#10004=CARTESIAN_POINT('',(-21.2908246324903,18.3707317073171,4.));
#10005=CARTESIAN_POINT('',(-24.,16.,4.));
#10006=CARTESIAN_POINT('',(-21.2908246324902,13.6292682926829,4.));
#10007=CARTESIAN_POINT('',(-21.2908246324902,13.6292682926829,0.9));
#10008=CARTESIAN_POINT('',(-20.9145502758917,18.7,0.9));
#10009=CARTESIAN_POINT('',(-20.9145502758917,19.2,0.9));
#10010=CARTESIAN_POINT('',(-20.9145502758917,19.2,4.));
#10011=CARTESIAN_POINT('',(-20.9145502758917,18.7,4.));
#10012=CARTESIAN_POINT('',(-9.64924225024699,19.2,0.9));
#10013=CARTESIAN_POINT('',(-16.,19.2,1.0842021724855E-16));
#10014=CARTESIAN_POINT('',(-9.64924225024699,19.2,4.));
#10015=CARTESIAN_POINT('',(8.,16.,0.9));
#10016=CARTESIAN_POINT('',(10.7091753675097,18.3707317073171,0.9));
#10017=CARTESIAN_POINT('',(10.7091753675097,18.3707317073171,4.));
#10018=CARTESIAN_POINT('',(8.,16.,4.));
#10019=CARTESIAN_POINT('',(10.7091753675097,13.6292682926829,4.));
#10020=CARTESIAN_POINT('',(10.7091753675097,13.6292682926829,0.9));
#10021=CARTESIAN_POINT('',(11.0854497241083,18.7,0.9));
#10022=CARTESIAN_POINT('',(11.0854497241083,19.2,0.9));
#10023=CARTESIAN_POINT('',(11.0854497241083,19.2,4.));
#10024=CARTESIAN_POINT('',(11.0854497241083,18.7,4.));
#10025=CARTESIAN_POINT('',(22.350757749753,19.2,0.9));
#10026=CARTESIAN_POINT('',(16.,19.2,1.0842021724855E-16));
#10027=CARTESIAN_POINT('',(20.9145502758917,19.2,4.));
#10028=CARTESIAN_POINT('',(20.9145502758917,19.2,4.));
#10029=CARTESIAN_POINT('',(22.350757749753,19.2,4.));
#10030=CARTESIAN_POINT('',(20.9145502758917,18.7,0.9));
#10031=CARTESIAN_POINT('',(21.2908246324903,18.3707317073171,0.9));
#10032=CARTESIAN_POINT('',(21.2908246324903,18.3707317073171,4.));
#10033=CARTESIAN_POINT('',(20.9145502758917,18.7,4.));
#10034=CARTESIAN_POINT('',(24.,16.,0.9));
#10035=CARTESIAN_POINT('',(24.,16.,4.));
#10036=CARTESIAN_POINT('',(21.2908246324903,13.6292682926829,4.));
#10037=CARTESIAN_POINT('',(21.2908246324903,13.6292682926829,0.9));
#10038=CARTESIAN_POINT('',(4.91455027589168,13.3,0.9));
#10039=CARTESIAN_POINT('',(4.91455027589168,13.3,4.));
#10040=CARTESIAN_POINT('',(-11.0854497241083,13.3,0.9));
#10041=CARTESIAN_POINT('',(-11.0854497241083,13.3,4.));
#10042=CARTESIAN_POINT('',(20.9145502758917,13.3,0.9));
#10043=CARTESIAN_POINT('',(20.9145502758917,13.3,4.));
#10044=CARTESIAN_POINT('',(24.,16.,4.));
#10045=CARTESIAN_POINT('',(-20.9145502758917,13.3,4.));
#10046=CARTESIAN_POINT('',(-4.91455027589169,13.3,4.));
#10047=CARTESIAN_POINT('',(11.0854497241083,13.3,4.));
#10048=CARTESIAN_POINT('',(11.0854497241083,13.3,0.9));
#10049=CARTESIAN_POINT('',(-20.9145502758917,13.3,0.9));
#10050=CARTESIAN_POINT('',(-4.91455027589169,13.3,0.9));
#10051=CARTESIAN_POINT('',(6.35075774975299,19.2,-0.9));
#10052=CARTESIAN_POINT('',(3.46944695195361E-15,19.2,1.0842021724855E-16));
#10053=CARTESIAN_POINT('',(-4.91455027589173,19.2,-4.));
#10054=CARTESIAN_POINT('',(4.91455027589173,19.2,-0.9));
#10055=CARTESIAN_POINT('',(-8.,16.,-0.9));
#10056=CARTESIAN_POINT('',(-4.80989035860949,14.3317073170732,-0.9));
#10057=CARTESIAN_POINT('',(-5.2908246324903,18.3707317073171,-0.9));
#10058=CARTESIAN_POINT('',(5.31671842700028,13.6,-0.9));
#10059=CARTESIAN_POINT('',(3.46944695195361E-15,13.6,1.0842021724855E-16));
#10060=CARTESIAN_POINT('',(4.36681957508303,13.6,-4.));
#10061=CARTESIAN_POINT('',(-4.36681957508302,13.6,-0.9));
#10062=CARTESIAN_POINT('',(8.,16.,-0.9));
#10063=CARTESIAN_POINT('',(5.2908246324903,18.3707317073171,-0.9));
#10064=CARTESIAN_POINT('',(4.80989035860949,14.3317073170732,-0.9));
#10065=CARTESIAN_POINT('',(22.350757749753,19.2,-0.9));
#10066=CARTESIAN_POINT('',(16.,19.2,1.0842021724855E-16));
#10067=CARTESIAN_POINT('',(11.0854497241083,19.2,-4.));
#10068=CARTESIAN_POINT('',(20.9145502758917,19.2,-0.9));
#10069=CARTESIAN_POINT('',(24.,16.,-0.9));
#10070=CARTESIAN_POINT('',(20.8098903586095,14.3317073170732,-0.9));
#10071=CARTESIAN_POINT('',(21.2908246324903,18.3707317073171,-0.9));
#10072=CARTESIAN_POINT('',(21.3167184270003,13.6,-0.9));
#10073=CARTESIAN_POINT('',(16.,13.6,1.0842021724855E-16));
#10074=CARTESIAN_POINT('',(20.366819575083,13.6,-4.));
#10075=CARTESIAN_POINT('',(11.633180424917,13.6,-0.9));
#10076=CARTESIAN_POINT('',(8.,16.,-0.9));
#10077=CARTESIAN_POINT('',(10.7091753675097,18.3707317073171,-0.9));
#10078=CARTESIAN_POINT('',(11.1901096413905,14.3317073170732,-0.9));
#10079=CARTESIAN_POINT('',(-8.,16.,-0.9));
#10080=CARTESIAN_POINT('',(-11.1901096413905,14.3317073170732,-0.9));
#10081=CARTESIAN_POINT('',(-10.7091753675097,18.3707317073171,-0.9));
#10082=CARTESIAN_POINT('',(-10.6832815729997,13.6,-0.9));
#10083=CARTESIAN_POINT('',(-16.,13.6,1.0842021724855E-16));
#10084=CARTESIAN_POINT('',(-11.633180424917,13.6,-4.));
#10085=CARTESIAN_POINT('',(-20.366819575083,13.6,-0.9));
#10086=CARTESIAN_POINT('',(-24.,16.,-0.9));
#10087=CARTESIAN_POINT('',(-21.2908246324903,18.3707317073171,-0.9));
#10088=CARTESIAN_POINT('',(-20.8098903586095,14.3317073170732,-0.9));
#10089=CARTESIAN_POINT('',(-9.649242250247,19.2,-0.9));
#10090=CARTESIAN_POINT('',(-16.,19.2,1.0842021724855E-16));
#10091=CARTESIAN_POINT('',(-20.9145502758917,19.2,-4.));
#10092=CARTESIAN_POINT('',(-11.0854497241083,19.2,-0.9));
#10093=CARTESIAN_POINT('',(20.9145502758917,18.7,-0.9));
#10094=CARTESIAN_POINT('',(-20.366819575083,14.1,-0.9));
#10095=CARTESIAN_POINT('',(-20.9145502758917,18.7,-0.9));
#10096=CARTESIAN_POINT('',(-11.0854497241083,18.7,-0.9));
#10097=CARTESIAN_POINT('',(-11.633180424917,14.1,-0.9));
#10098=CARTESIAN_POINT('',(4.36681957508303,14.1,-0.9));
#10099=CARTESIAN_POINT('',(4.91455027589173,18.7,-0.9));
#10100=CARTESIAN_POINT('',(-4.91455027589173,18.7,-0.9));
#10101=CARTESIAN_POINT('',(-4.36681957508302,14.1,-0.9));
#10102=CARTESIAN_POINT('',(11.633180424917,14.1,-0.9));
#10103=CARTESIAN_POINT('',(11.0854497241083,18.7,-0.9));
#10104=CARTESIAN_POINT('',(20.366819575083,14.1,-0.9));
#10105=CARTESIAN_POINT('',(16.,-12.8,1.0842021724855E-16));
#10106=CARTESIAN_POINT('',(16.,-12.8,1.0842021724855E-16));
#10107=CARTESIAN_POINT('',(3.46944695195361E-15,-12.8,1.0842021724855E-16));
#10108=CARTESIAN_POINT('',(3.46944695195361E-15,-12.8,1.0842021724855E-16));
#10109=CARTESIAN_POINT('',(-16.,-12.8,1.0842021724855E-16));
#10110=CARTESIAN_POINT('',(-16.,-12.8,1.0842021724855E-16));
#10111=CARTESIAN_POINT('',(16.,12.8,1.0842021724855E-16));
#10112=CARTESIAN_POINT('',(16.,12.8,1.0842021724855E-16));
#10113=CARTESIAN_POINT('',(3.46944695195361E-15,12.8,1.0842021724855E-16));
#10114=CARTESIAN_POINT('',(3.46944695195361E-15,12.8,1.0842021724855E-16));
#10115=CARTESIAN_POINT('',(-16.,12.8,1.0842021724855E-16));
#10116=CARTESIAN_POINT('',(-16.,12.8,1.0842021724855E-16));
#10117=CARTESIAN_POINT('',(-16.,12.8,0.));
#10118=CARTESIAN_POINT('',(-16.,19.2,0.));
#10119=CARTESIAN_POINT('',(-16.,19.2,3.1));
#10120=CARTESIAN_POINT('',(-12.9,19.2,0.));
#10121=CARTESIAN_POINT('',(-16.,19.2,0.));
#10122=CARTESIAN_POINT('',(-16.,19.2,2.4));
#10123=CARTESIAN_POINT('',(-16.,12.8,0.));
#10124=CARTESIAN_POINT('',(28.,8.,0.));
#10125=CARTESIAN_POINT('',(20.8,8.,0.));
#10126=CARTESIAN_POINT('',(20.8,4.9,-1.40016002998084E-15));
#10127=CARTESIAN_POINT('',(20.8,11.1,-1.95943487863577E-15));
#10128=CARTESIAN_POINT('',(20.8,4.9,-1.40016002998084E-15));
#10129=CARTESIAN_POINT('',(20.8,11.1,-1.95943487863577E-15));
#10130=CARTESIAN_POINT('',(20.8,11.1,0.));
#10131=CARTESIAN_POINT('',(20.8,8.,0.));
#10132=CARTESIAN_POINT('',(20.8,8.,2.4));
#10133=CARTESIAN_POINT('',(20.8,11.1,-1.95943487863577E-15));
#10134=CARTESIAN_POINT('',(20.8,4.9,-1.40016002998084E-15));
#10135=CARTESIAN_POINT('',(28.,8.,0.));
#10136=CARTESIAN_POINT('',(27.2,8.,0.));
#10137=CARTESIAN_POINT('',(27.2,8.,2.4));
#10138=CARTESIAN_POINT('',(27.2,10.4,0.));
#10139=CARTESIAN_POINT('',(27.2,8.,0.));
#10140=CARTESIAN_POINT('',(27.2,8.,3.1));
#10141=CARTESIAN_POINT('',(28.,8.,0.));
#10142=CARTESIAN_POINT('',(20.8,-4.9,-1.95943487863577E-15));
#10143=CARTESIAN_POINT('',(20.8,-11.1,-1.40016002998084E-15));
#10144=CARTESIAN_POINT('',(20.8,3.1,-1.95943487863577E-15));
#10145=CARTESIAN_POINT('',(20.8,-3.1,-1.40016002998084E-15));
#10146=CARTESIAN_POINT('',(20.8,11.1,-1.95943487863577E-15));
#10147=CARTESIAN_POINT('',(20.8,4.9,-1.40016002998084E-15));
#10148=CARTESIAN_POINT('',(-20.8,-4.9,-3.6));
#10149=CARTESIAN_POINT('',(-20.8,-11.1,-1.40016002998084E-15));
#10150=CARTESIAN_POINT('',(-20.8,3.1,-3.6));
#10151=CARTESIAN_POINT('',(-20.8,-3.1,-1.40016002998084E-15));
#10152=CARTESIAN_POINT('',(-20.8,11.1,-3.6));
#10153=CARTESIAN_POINT('',(-20.8,4.9,-1.40016002998084E-15));
#10154=CARTESIAN_POINT('',(-24.9,0.,0.));
#10155=CARTESIAN_POINT('',(-24.9,2.26274169979695,-2.8));
#10156=CARTESIAN_POINT('',(-24.9,3.39411254969542,-2.80000000000001));
#10157=CARTESIAN_POINT('',(-24.9,4.60588745030457,-2.80000000000001));
#10158=CARTESIAN_POINT('',(-24.9,3.39411254969543,-2.30000000000001));
#10159=CARTESIAN_POINT('',(-24.9,2.98019638509842,-2.01951219512196));
#10160=CARTESIAN_POINT('',(-24.9,0.,0.));
#10161=CARTESIAN_POINT('',(-24.9,2.98019638509842,2.01951219512195));
#10162=CARTESIAN_POINT('',(-24.9,3.39411254969543,2.3));
#10163=CARTESIAN_POINT('',(-24.9,3.39411254969543,2.8));
#10164=CARTESIAN_POINT('',(-24.9,2.26274169979695,2.8));
#10165=CARTESIAN_POINT('',(-24.9,4.60588745030457,2.8));
#10166=CARTESIAN_POINT('',(-24.9,4.60588745030457,2.3));
#10167=CARTESIAN_POINT('',(-24.9,5.01980361490157,2.01951219512195));
#10168=CARTESIAN_POINT('',(-24.9,8.,0.));
#10169=CARTESIAN_POINT('',(-24.9,5.01980361490158,-2.01951219512196));
#10170=CARTESIAN_POINT('',(-24.9,4.60588745030457,-2.30000000000001));
#10171=CARTESIAN_POINT('',(-24.9,0.,0.));
#10172=CARTESIAN_POINT('',(-24.9,2.98019638509842,-2.01951219512196));
#10173=CARTESIAN_POINT('',(-24.9,2.98019638509842,2.01951219512195));
#10174=CARTESIAN_POINT('',(-24.9,2.26274169979695,-2.8));
#10175=CARTESIAN_POINT('',(-24.9,3.39411254969542,-2.80000000000001));
#10176=CARTESIAN_POINT('',(-28.,4.60588745030457,-2.80000000000001));
#10177=CARTESIAN_POINT('',(-24.9,8.,0.));
#10178=CARTESIAN_POINT('',(-24.9,5.01980361490157,2.01951219512195));
#10179=CARTESIAN_POINT('',(-24.9,5.01980361490158,-2.01951219512196));
#10180=CARTESIAN_POINT('',(-24.9,2.26274169979695,2.8));
#10181=CARTESIAN_POINT('',(-28.,3.39411254969543,2.8));
#10182=CARTESIAN_POINT('',(-24.9,4.60588745030457,2.8));
#10183=CARTESIAN_POINT('',(-24.9,-8.,-1.95943487863577E-15));
#10184=CARTESIAN_POINT('',(-24.9,-4.04536613503186,2.8));
#10185=CARTESIAN_POINT('',(-24.9,-4.60588745030458,2.8));
#10186=CARTESIAN_POINT('',(-24.9,-3.39411254969543,2.8));
#10187=CARTESIAN_POINT('',(-24.9,-3.39411254969543,2.3));
#10188=CARTESIAN_POINT('',(-24.9,-2.98019638509842,2.01951219512195));
#10189=CARTESIAN_POINT('',(-24.9,0.,0.));
#10190=CARTESIAN_POINT('',(-24.9,-2.98019638509842,-2.01951219512195));
#10191=CARTESIAN_POINT('',(-24.9,-3.39411254969543,-2.3));
#10192=CARTESIAN_POINT('',(-24.9,-3.39411254969543,-2.8));
#10193=CARTESIAN_POINT('',(-24.9,-4.9895541401274,-2.8));
#10194=CARTESIAN_POINT('',(-24.9,-4.60588745030457,-2.8));
#10195=CARTESIAN_POINT('',(-24.9,-4.60588745030457,-2.3));
#10196=CARTESIAN_POINT('',(-24.9,-5.01980361490158,-2.01951219512195));
#10197=CARTESIAN_POINT('',(-24.9,-8.,-1.95943487863577E-15));
#10198=CARTESIAN_POINT('',(-24.9,-5.01980361490158,2.01951219512195));
#10199=CARTESIAN_POINT('',(-24.9,-4.60588745030458,2.3));
#10200=CARTESIAN_POINT('',(-24.9,-4.9895541401274,-2.8));
#10201=CARTESIAN_POINT('',(-28.,-3.39411254969543,-2.8));
#10202=CARTESIAN_POINT('',(-24.9,-4.60588745030457,-2.8));
#10203=CARTESIAN_POINT('',(-24.9,-8.,-1.95943487863577E-15));
#10204=CARTESIAN_POINT('',(-24.9,-5.01980361490158,-2.01951219512195));
#10205=CARTESIAN_POINT('',(-24.9,-5.01980361490158,2.01951219512195));
#10206=CARTESIAN_POINT('',(-24.9,-4.04536613503186,2.8));
#10207=CARTESIAN_POINT('',(-24.9,-3.39411254969543,2.8));
#10208=CARTESIAN_POINT('',(-28.,-4.60588745030458,2.8));
#10209=CARTESIAN_POINT('',(-24.9,0.,0.));
#10210=CARTESIAN_POINT('',(-24.9,-2.98019638509843,2.01951219512195));
#10211=CARTESIAN_POINT('',(-24.9,-2.98019638509842,-2.01951219512195));
#10212=CARTESIAN_POINT('',(-24.9,-4.60588745030458,2.3));
#10213=CARTESIAN_POINT('',(-24.9,4.60588745030457,-2.30000000000001));
#10214=CARTESIAN_POINT('',(-24.9,4.60588745030457,2.3));
#10215=CARTESIAN_POINT('',(-24.9,3.39411254969543,2.3));
#10216=CARTESIAN_POINT('',(-24.9,3.39411254969543,-2.30000000000001));
#10217=CARTESIAN_POINT('',(-24.9,-4.60588745030457,-2.3));
#10218=CARTESIAN_POINT('',(-24.9,-3.39411254969543,-2.3));
#10219=CARTESIAN_POINT('',(-24.9,-3.39411254969543,2.3));
#10220=MECHANICAL_DESIGN_GEOMETRIC_PRESENTATION_REPRESENTATION('',(#5933),
#10221);
#10221=(
GEOMETRIC_REPRESENTATION_CONTEXT(3)
GLOBAL_UNCERTAINTY_ASSIGNED_CONTEXT((#10222))
GLOBAL_UNIT_ASSIGNED_CONTEXT((#10225,#10224,#10223))
REPRESENTATION_CONTEXT('ClGray_4539880_AVV','TOP_LEVEL_ASSEMBLY_PART')
);
#10222=UNCERTAINTY_MEASURE_WITH_UNIT(LENGTH_MEASURE(0.005),#10225,
'DISTANCE_ACCURACY_VALUE','Maximum Tolerance applied to model');
#10223=(
NAMED_UNIT(*)
SI_UNIT($,.STERADIAN.)
SOLID_ANGLE_UNIT()
);
#10224=(
NAMED_UNIT(*)
PLANE_ANGLE_UNIT()
SI_UNIT($,.RADIAN.)
);
#10225=(
LENGTH_UNIT()
NAMED_UNIT(*)
SI_UNIT(.MILLI.,.METRE.)
);
#10226=PRODUCT_DEFINITION_SHAPE('','',#10227);
#10227=PRODUCT_DEFINITION('','',#10229,#10228);
#10228=PRODUCT_DEFINITION_CONTEXT('',#10235,'design');
#10229=PRODUCT_DEFINITION_FORMATION_WITH_SPECIFIED_SOURCE('','',#10231,
 .NOT_KNOWN.);
#10230=PRODUCT_RELATED_PRODUCT_CATEGORY('','',(#10231));
#10231=PRODUCT('ClGray_4539880_AVV','ClGray_4539880_AVV',
'ClGray_4539880_AVV',(#10233));
#10232=PRODUCT_CATEGORY('','');
#10233=PRODUCT_CONTEXT('',#10235,'mechanical');
#10234=APPLICATION_PROTOCOL_DEFINITION('international standard',
'automotive_design',2010,#10235);
#10235=APPLICATION_CONTEXT(
'core data for automotive mechanical design processes');
ENDSEC;
END-ISO-10303-21;
