ISO-10303-21;
HEADER;
/* Generated by software containing ST-Developer
 * from STEP Tools, Inc. (www.steptools.com) 
 */
/* OPTION: strings as raw bytes, not using required /X/ escapes */

FILE_DESCRIPTION(
/* description */ ('Unknown'),
/* implementation_level */ '2;1');

FILE_NAME(
/* name */ 'Gray_4528038_AVV',
/* time_stamp */ '2025-07-21T23:59:42+02:00',
/* author */ ('Unknown'),
/* organization */ ('Unknown'),
/* preprocessor_version */ 'ST-DEVELOPER v19.4',
/* originating_system */ 'Solid Edge',
/* authorisation */ 'Unknown');

FILE_SCHEMA (('AUTOMOTIVE_DESIGN {1 0 10303 214 3 1 1}'));
ENDSEC;

DATA;
#10=PROPERTY_DEFINITION_REPRESENTATION(#14,#12);
#11=PROPERTY_DEFINITION_REPRESENTATION(#15,#13);
#12=REPRESENTATION('',(#16),#4263);
#13=REPRESENTATION('',(#17),#4263);
#14=PROPERTY_DEFINITION('pmi validation property','',#4268);
#15=PROPERTY_DEFINITION('pmi validation property','',#4268);
#16=VALUE_REPRESENTATION_ITEM('number of annotations',COUNT_MEASURE(0.));
#17=VALUE_REPRESENTATION_ITEM('number of views',COUNT_MEASURE(0.));
#18=SHAPE_REPRESENTATION_RELATIONSHIP('','',#2483,#19);
#19=ADVANCED_BREP_SHAPE_REPRESENTATION('',(#2481),#4263);
#20=ELLIPSE('',#2708,10.7480230740355,7.6);
#21=ELLIPSE('',#2726,10.7480230740355,7.6);
#22=B_SPLINE_CURVE_WITH_KNOTS('',3,(#3711,#3712,#3713,#3714),
 .UNSPECIFIED.,.F.,.F.,(4,4),(3.46944695195361E-18,0.000725019992140341),
 .UNSPECIFIED.);
#23=B_SPLINE_CURVE_WITH_KNOTS('',3,(#3727,#3728,#3729,#3730),
 .UNSPECIFIED.,.F.,.F.,(4,4),(0.,0.000725019992140333),.UNSPECIFIED.);
#24=B_SPLINE_CURVE_WITH_KNOTS('',3,(#4042,#4043,#4044,#4045),
 .UNSPECIFIED.,.F.,.F.,(4,4),(1.75198483123204E-17,0.000725019992140324),
 .UNSPECIFIED.);
#25=B_SPLINE_CURVE_WITH_KNOTS('',3,(#4055,#4056,#4057,#4058),
 .UNSPECIFIED.,.F.,.F.,(4,4),(1.73472347597681E-18,0.00072501999214035),
 .UNSPECIFIED.);
#26=B_SPLINE_CURVE_WITH_KNOTS('',3,(#4107,#4108,#4109,#4110,#4111),
 .UNSPECIFIED.,.F.,.F.,(4,1,4),(0.,0.00239421923637882,0.00478843847275763),
 .UNSPECIFIED.);
#27=B_SPLINE_CURVE_WITH_KNOTS('',3,(#4121,#4122,#4123,#4124,#4125,#4126),
 .UNSPECIFIED.,.F.,.F.,(4,1,1,4),(1.0842021724855E-19,0.00119786243866306,
0.00239572487732612,0.00479144975465224),.UNSPECIFIED.);
#28=B_SPLINE_CURVE_WITH_KNOTS('',3,(#4141,#4142,#4143,#4144,#4145),
 .UNSPECIFIED.,.F.,.F.,(4,1,4),(0.,0.00239421923637881,0.00478843847275763),
 .UNSPECIFIED.);
#29=B_SPLINE_CURVE_WITH_KNOTS('',3,(#4155,#4156,#4157,#4158,#4159,#4160),
 .UNSPECIFIED.,.F.,.F.,(4,1,1,4),(1.2266347333467E-18,0.00119786243866306,
0.00239572487732612,0.00479144975465224),.UNSPECIFIED.);
#30=LINE('',#3564,#228);
#31=LINE('',#3566,#229);
#32=LINE('',#3570,#230);
#33=LINE('',#3572,#231);
#34=LINE('',#3592,#232);
#35=LINE('',#3594,#233);
#36=LINE('',#3596,#234);
#37=LINE('',#3598,#235);
#38=LINE('',#3601,#236);
#39=LINE('',#3602,#237);
#40=LINE('',#3606,#238);
#41=LINE('',#3608,#239);
#42=LINE('',#3610,#240);
#43=LINE('',#3612,#241);
#44=LINE('',#3614,#242);
#45=LINE('',#3616,#243);
#46=LINE('',#3618,#244);
#47=LINE('',#3623,#245);
#48=LINE('',#3625,#246);
#49=LINE('',#3627,#247);
#50=LINE('',#3629,#248);
#51=LINE('',#3630,#249);
#52=LINE('',#3632,#250);
#53=LINE('',#3637,#251);
#54=LINE('',#3645,#252);
#55=LINE('',#3649,#253);
#56=LINE('',#3657,#254);
#57=LINE('',#3661,#255);
#58=LINE('',#3669,#256);
#59=LINE('',#3673,#257);
#60=LINE('',#3681,#258);
#61=LINE('',#3685,#259);
#62=LINE('',#3693,#260);
#63=LINE('',#3701,#261);
#64=LINE('',#3705,#262);
#65=LINE('',#3708,#263);
#66=LINE('',#3709,#264);
#67=LINE('',#3719,#265);
#68=LINE('',#3721,#266);
#69=LINE('',#3723,#267);
#70=LINE('',#3725,#268);
#71=LINE('',#3734,#269);
#72=LINE('',#3738,#270);
#73=LINE('',#3740,#271);
#74=LINE('',#3742,#272);
#75=LINE('',#3746,#273);
#76=LINE('',#3750,#274);
#77=LINE('',#3754,#275);
#78=LINE('',#3756,#276);
#79=LINE('',#3758,#277);
#80=LINE('',#3762,#278);
#81=LINE('',#3764,#279);
#82=LINE('',#3766,#280);
#83=LINE('',#3770,#281);
#84=LINE('',#3774,#282);
#85=LINE('',#3778,#283);
#86=LINE('',#3780,#284);
#87=LINE('',#3782,#285);
#88=LINE('',#3786,#286);
#89=LINE('',#3788,#287);
#90=LINE('',#3790,#288);
#91=LINE('',#3794,#289);
#92=LINE('',#3798,#290);
#93=LINE('',#3802,#291);
#94=LINE('',#3804,#292);
#95=LINE('',#3806,#293);
#96=LINE('',#3810,#294);
#97=LINE('',#3812,#295);
#98=LINE('',#3814,#296);
#99=LINE('',#3818,#297);
#100=LINE('',#3822,#298);
#101=LINE('',#3826,#299);
#102=LINE('',#3828,#300);
#103=LINE('',#3830,#301);
#104=LINE('',#3834,#302);
#105=LINE('',#3838,#303);
#106=LINE('',#3842,#304);
#107=LINE('',#3844,#305);
#108=LINE('',#3846,#306);
#109=LINE('',#3850,#307);
#110=LINE('',#3854,#308);
#111=LINE('',#3858,#309);
#112=LINE('',#3860,#310);
#113=LINE('',#3865,#311);
#114=LINE('',#3870,#312);
#115=LINE('',#3876,#313);
#116=LINE('',#3880,#314);
#117=LINE('',#3884,#315);
#118=LINE('',#3888,#316);
#119=LINE('',#3892,#317);
#120=LINE('',#3896,#318);
#121=LINE('',#3904,#319);
#122=LINE('',#3912,#320);
#123=LINE('',#3920,#321);
#124=LINE('',#3924,#322);
#125=LINE('',#3926,#323);
#126=LINE('',#3930,#324);
#127=LINE('',#3932,#325);
#128=LINE('',#3934,#326);
#129=LINE('',#3938,#327);
#130=LINE('',#3940,#328);
#131=LINE('',#3942,#329);
#132=LINE('',#3946,#330);
#133=LINE('',#3948,#331);
#134=LINE('',#3950,#332);
#135=LINE('',#3954,#333);
#136=LINE('',#3956,#334);
#137=LINE('',#3958,#335);
#138=LINE('',#3962,#336);
#139=LINE('',#3964,#337);
#140=LINE('',#3966,#338);
#141=LINE('',#3970,#339);
#142=LINE('',#3974,#340);
#143=LINE('',#3978,#341);
#144=LINE('',#3980,#342);
#145=LINE('',#3982,#343);
#146=LINE('',#3986,#344);
#147=LINE('',#3990,#345);
#148=LINE('',#3994,#346);
#149=LINE('',#3996,#347);
#150=LINE('',#3998,#348);
#151=LINE('',#4002,#349);
#152=LINE('',#4006,#350);
#153=LINE('',#4010,#351);
#154=LINE('',#4012,#352);
#155=LINE('',#4014,#353);
#156=LINE('',#4018,#354);
#157=LINE('',#4020,#355);
#158=LINE('',#4022,#356);
#159=LINE('',#4026,#357);
#160=LINE('',#4028,#358);
#161=LINE('',#4030,#359);
#162=LINE('',#4033,#360);
#163=LINE('',#4034,#361);
#164=LINE('',#4036,#362);
#165=LINE('',#4040,#363);
#166=LINE('',#4047,#364);
#167=LINE('',#4051,#365);
#168=LINE('',#4053,#366);
#169=LINE('',#4061,#367);
#170=LINE('',#4071,#368);
#171=LINE('',#4073,#369);
#172=LINE('',#4077,#370);
#173=LINE('',#4078,#371);
#174=LINE('',#4079,#372);
#175=LINE('',#4081,#373);
#176=LINE('',#4083,#374);
#177=LINE('',#4087,#375);
#178=LINE('',#4089,#376);
#179=LINE('',#4091,#377);
#180=LINE('',#4093,#378);
#181=LINE('',#4095,#379);
#182=LINE('',#4097,#380);
#183=LINE('',#4101,#381);
#184=LINE('',#4103,#382);
#185=LINE('',#4105,#383);
#186=LINE('',#4114,#384);
#187=LINE('',#4117,#385);
#188=LINE('',#4119,#386);
#189=LINE('',#4130,#387);
#190=LINE('',#4132,#388);
#191=LINE('',#4133,#389);
#192=LINE('',#4135,#390);
#193=LINE('',#4139,#391);
#194=LINE('',#4148,#392);
#195=LINE('',#4151,#393);
#196=LINE('',#4153,#394);
#197=LINE('',#4164,#395);
#198=LINE('',#4166,#396);
#199=LINE('',#4167,#397);
#200=LINE('',#4171,#398);
#201=LINE('',#4175,#399);
#202=LINE('',#4199,#400);
#203=LINE('',#4203,#401);
#204=LINE('',#4205,#402);
#205=LINE('',#4207,#403);
#206=LINE('',#4209,#404);
#207=LINE('',#4211,#405);
#208=LINE('',#4213,#406);
#209=LINE('',#4215,#407);
#210=LINE('',#4220,#408);
#211=LINE('',#4221,#409);
#212=LINE('',#4229,#410);
#213=LINE('',#4231,#411);
#214=LINE('',#4233,#412);
#215=LINE('',#4235,#413);
#216=LINE('',#4237,#414);
#217=LINE('',#4239,#415);
#218=LINE('',#4240,#416);
#219=LINE('',#4242,#417);
#220=LINE('',#4244,#418);
#221=LINE('',#4246,#419);
#222=LINE('',#4250,#420);
#223=LINE('',#4252,#421);
#224=LINE('',#4254,#422);
#225=LINE('',#4256,#423);
#226=LINE('',#4258,#424);
#227=LINE('',#4260,#425);
#228=VECTOR('',#2828,1000.);
#229=VECTOR('',#2829,1000.);
#230=VECTOR('',#2832,1000.);
#231=VECTOR('',#2833,1000.);
#232=VECTOR('',#2858,1000.);
#233=VECTOR('',#2859,1000.);
#234=VECTOR('',#2860,1000.);
#235=VECTOR('',#2863,1000.);
#236=VECTOR('',#2864,1000.);
#237=VECTOR('',#2865,1000.);
#238=VECTOR('',#2870,1000.);
#239=VECTOR('',#2873,1000.);
#240=VECTOR('',#2874,1000.);
#241=VECTOR('',#2877,1000.);
#242=VECTOR('',#2878,1000.);
#243=VECTOR('',#2881,1000.);
#244=VECTOR('',#2882,1000.);
#245=VECTOR('',#2887,1000.);
#246=VECTOR('',#2888,1000.);
#247=VECTOR('',#2889,1000.);
#248=VECTOR('',#2892,1000.);
#249=VECTOR('',#2893,1000.);
#250=VECTOR('',#2896,1000.);
#251=VECTOR('',#2899,1000.);
#252=VECTOR('',#2906,1000.);
#253=VECTOR('',#2909,1000.);
#254=VECTOR('',#2916,1000.);
#255=VECTOR('',#2919,1000.);
#256=VECTOR('',#2926,1000.);
#257=VECTOR('',#2929,1000.);
#258=VECTOR('',#2936,1000.);
#259=VECTOR('',#2939,1000.);
#260=VECTOR('',#2946,1000.);
#261=VECTOR('',#2953,1000.);
#262=VECTOR('',#2958,1000.);
#263=VECTOR('',#2959,1000.);
#264=VECTOR('',#2960,1000.);
#265=VECTOR('',#2965,1000.);
#266=VECTOR('',#2968,1000.);
#267=VECTOR('',#2969,1000.);
#268=VECTOR('',#2970,1000.);
#269=VECTOR('',#2977,1000.);
#270=VECTOR('',#2980,1000.);
#271=VECTOR('',#2983,1000.);
#272=VECTOR('',#2984,1000.);
#273=VECTOR('',#2989,1000.);
#274=VECTOR('',#2994,1000.);
#275=VECTOR('',#2999,1000.);
#276=VECTOR('',#3002,1000.);
#277=VECTOR('',#3003,1000.);
#278=VECTOR('',#3008,1000.);
#279=VECTOR('',#3011,1000.);
#280=VECTOR('',#3012,1000.);
#281=VECTOR('',#3017,1000.);
#282=VECTOR('',#3022,1000.);
#283=VECTOR('',#3027,1000.);
#284=VECTOR('',#3030,1000.);
#285=VECTOR('',#3031,1000.);
#286=VECTOR('',#3036,1000.);
#287=VECTOR('',#3039,1000.);
#288=VECTOR('',#3040,1000.);
#289=VECTOR('',#3045,1000.);
#290=VECTOR('',#3050,1000.);
#291=VECTOR('',#3055,1000.);
#292=VECTOR('',#3058,1000.);
#293=VECTOR('',#3059,1000.);
#294=VECTOR('',#3064,1000.);
#295=VECTOR('',#3067,1000.);
#296=VECTOR('',#3068,1000.);
#297=VECTOR('',#3073,1000.);
#298=VECTOR('',#3078,1000.);
#299=VECTOR('',#3083,1000.);
#300=VECTOR('',#3086,1000.);
#301=VECTOR('',#3087,1000.);
#302=VECTOR('',#3092,1000.);
#303=VECTOR('',#3097,1000.);
#304=VECTOR('',#3102,1000.);
#305=VECTOR('',#3105,1000.);
#306=VECTOR('',#3106,1000.);
#307=VECTOR('',#3111,1000.);
#308=VECTOR('',#3116,1000.);
#309=VECTOR('',#3121,1000.);
#310=VECTOR('',#3124,1000.);
#311=VECTOR('',#3131,1000.);
#312=VECTOR('',#3134,1000.);
#313=VECTOR('',#3139,1000.);
#314=VECTOR('',#3142,1000.);
#315=VECTOR('',#3145,1000.);
#316=VECTOR('',#3148,1000.);
#317=VECTOR('',#3151,1000.);
#318=VECTOR('',#3154,1000.);
#319=VECTOR('',#3161,1000.);
#320=VECTOR('',#3168,1000.);
#321=VECTOR('',#3175,1000.);
#322=VECTOR('',#3178,1000.);
#323=VECTOR('',#3181,1000.);
#324=VECTOR('',#3184,1000.);
#325=VECTOR('',#3187,1000.);
#326=VECTOR('',#3188,1000.);
#327=VECTOR('',#3193,1000.);
#328=VECTOR('',#3196,1000.);
#329=VECTOR('',#3197,1000.);
#330=VECTOR('',#3202,1000.);
#331=VECTOR('',#3205,1000.);
#332=VECTOR('',#3206,1000.);
#333=VECTOR('',#3211,1000.);
#334=VECTOR('',#3214,1000.);
#335=VECTOR('',#3215,1000.);
#336=VECTOR('',#3220,1000.);
#337=VECTOR('',#3223,1000.);
#338=VECTOR('',#3224,1000.);
#339=VECTOR('',#3229,1000.);
#340=VECTOR('',#3234,1000.);
#341=VECTOR('',#3239,1000.);
#342=VECTOR('',#3242,1000.);
#343=VECTOR('',#3243,1000.);
#344=VECTOR('',#3248,1000.);
#345=VECTOR('',#3253,1000.);
#346=VECTOR('',#3258,1000.);
#347=VECTOR('',#3261,1000.);
#348=VECTOR('',#3262,1000.);
#349=VECTOR('',#3267,1000.);
#350=VECTOR('',#3272,1000.);
#351=VECTOR('',#3277,1000.);
#352=VECTOR('',#3280,1000.);
#353=VECTOR('',#3281,1000.);
#354=VECTOR('',#3286,1000.);
#355=VECTOR('',#3289,1000.);
#356=VECTOR('',#3290,1000.);
#357=VECTOR('',#3295,1000.);
#358=VECTOR('',#3298,1000.);
#359=VECTOR('',#3301,1000.);
#360=VECTOR('',#3302,1000.);
#361=VECTOR('',#3303,1000.);
#362=VECTOR('',#3306,1000.);
#363=VECTOR('',#3309,1000.);
#364=VECTOR('',#3310,1000.);
#365=VECTOR('',#3315,1000.);
#366=VECTOR('',#3318,1000.);
#367=VECTOR('',#3321,1000.);
#368=VECTOR('',#3334,1000.);
#369=VECTOR('',#3335,1000.);
#370=VECTOR('',#3340,1000.);
#371=VECTOR('',#3341,1000.);
#372=VECTOR('',#3342,1000.);
#373=VECTOR('',#3343,1000.);
#374=VECTOR('',#3346,1000.);
#375=VECTOR('',#3351,1000.);
#376=VECTOR('',#3352,1000.);
#377=VECTOR('',#3353,1000.);
#378=VECTOR('',#3356,1000.);
#379=VECTOR('',#3357,1000.);
#380=VECTOR('',#3358,1000.);
#381=VECTOR('',#3363,1000.);
#382=VECTOR('',#3366,1000.);
#383=VECTOR('',#3367,1000.);
#384=VECTOR('',#3370,1000.);
#385=VECTOR('',#3375,1000.);
#386=VECTOR('',#3376,1000.);
#387=VECTOR('',#3383,1000.);
#388=VECTOR('',#3384,1000.);
#389=VECTOR('',#3385,1000.);
#390=VECTOR('',#3386,1000.);
#391=VECTOR('',#3391,1000.);
#392=VECTOR('',#3394,1000.);
#393=VECTOR('',#3399,1000.);
#394=VECTOR('',#3400,1000.);
#395=VECTOR('',#3407,1000.);
#396=VECTOR('',#3408,1000.);
#397=VECTOR('',#3409,1000.);
#398=VECTOR('',#3414,1000.);
#399=VECTOR('',#3417,1000.);
#400=VECTOR('',#3446,1000.);
#401=VECTOR('',#3449,1000.);
#402=VECTOR('',#3452,1000.);
#403=VECTOR('',#3453,1000.);
#404=VECTOR('',#3454,1000.);
#405=VECTOR('',#3457,1000.);
#406=VECTOR('',#3458,1000.);
#407=VECTOR('',#3459,1000.);
#408=VECTOR('',#3464,1000.);
#409=VECTOR('',#3465,1000.);
#410=VECTOR('',#3476,1000.);
#411=VECTOR('',#3477,1000.);
#412=VECTOR('',#3480,1000.);
#413=VECTOR('',#3481,1000.);
#414=VECTOR('',#3482,1000.);
#415=VECTOR('',#3485,1000.);
#416=VECTOR('',#3486,1000.);
#417=VECTOR('',#3487,1000.);
#418=VECTOR('',#3490,1000.);
#419=VECTOR('',#3493,1000.);
#420=VECTOR('',#3496,1000.);
#421=VECTOR('',#3499,1000.);
#422=VECTOR('',#3500,1000.);
#423=VECTOR('',#3503,1000.);
#424=VECTOR('',#3504,1000.);
#425=VECTOR('',#3507,1000.);
#426=CYLINDRICAL_SURFACE('',#2494,2.4);
#427=CYLINDRICAL_SURFACE('',#2496,2.4);
#428=CYLINDRICAL_SURFACE('',#2501,2.4);
#429=CYLINDRICAL_SURFACE('',#2506,2.4);
#430=CYLINDRICAL_SURFACE('',#2508,2.4);
#431=CYLINDRICAL_SURFACE('',#2510,3.1);
#432=CYLINDRICAL_SURFACE('',#2512,3.1);
#433=CYLINDRICAL_SURFACE('',#2514,3.1);
#434=CYLINDRICAL_SURFACE('',#2519,3.1);
#435=CYLINDRICAL_SURFACE('',#2523,3.1);
#436=CYLINDRICAL_SURFACE('',#2532,3.1);
#437=CYLINDRICAL_SURFACE('',#2539,3.6);
#438=CYLINDRICAL_SURFACE('',#2566,3.6);
#439=CYLINDRICAL_SURFACE('',#2569,3.6);
#440=CYLINDRICAL_SURFACE('',#2571,0.5);
#441=CYLINDRICAL_SURFACE('',#2574,0.1);
#442=CYLINDRICAL_SURFACE('',#2576,2.4);
#443=CYLINDRICAL_SURFACE('',#2578,0.1);
#444=CYLINDRICAL_SURFACE('',#2581,0.5);
#445=CYLINDRICAL_SURFACE('',#2584,0.1);
#446=CYLINDRICAL_SURFACE('',#2586,2.4);
#447=CYLINDRICAL_SURFACE('',#2588,0.1);
#448=CYLINDRICAL_SURFACE('',#2591,0.5);
#449=CYLINDRICAL_SURFACE('',#2594,0.1);
#450=CYLINDRICAL_SURFACE('',#2596,2.4);
#451=CYLINDRICAL_SURFACE('',#2598,0.1);
#452=CYLINDRICAL_SURFACE('',#2601,0.5);
#453=CYLINDRICAL_SURFACE('',#2604,0.5);
#454=CYLINDRICAL_SURFACE('',#2606,3.6);
#455=CYLINDRICAL_SURFACE('',#2608,0.5);
#456=CYLINDRICAL_SURFACE('',#2611,0.5);
#457=CYLINDRICAL_SURFACE('',#2613,3.6);
#458=CYLINDRICAL_SURFACE('',#2615,0.5);
#459=CYLINDRICAL_SURFACE('',#2618,0.5);
#460=CYLINDRICAL_SURFACE('',#2620,3.6);
#461=CYLINDRICAL_SURFACE('',#2622,0.5);
#462=CYLINDRICAL_SURFACE('',#2625,3.1);
#463=CYLINDRICAL_SURFACE('',#2646,0.5);
#464=CYLINDRICAL_SURFACE('',#2649,2.4);
#465=CYLINDRICAL_SURFACE('',#2652,0.5);
#466=CYLINDRICAL_SURFACE('',#2655,2.4);
#467=CYLINDRICAL_SURFACE('',#2658,0.5);
#468=CYLINDRICAL_SURFACE('',#2661,0.5);
#469=CYLINDRICAL_SURFACE('',#2663,3.6);
#470=CYLINDRICAL_SURFACE('',#2665,0.5);
#471=CYLINDRICAL_SURFACE('',#2668,0.5);
#472=CYLINDRICAL_SURFACE('',#2670,3.6);
#473=CYLINDRICAL_SURFACE('',#2672,0.5);
#474=CYLINDRICAL_SURFACE('',#2675,0.5);
#475=CYLINDRICAL_SURFACE('',#2677,3.6);
#476=CYLINDRICAL_SURFACE('',#2679,0.5);
#477=CYLINDRICAL_SURFACE('',#2682,0.5);
#478=CYLINDRICAL_SURFACE('',#2685,2.4);
#479=CYLINDRICAL_SURFACE('',#2689,6.);
#480=CYLINDRICAL_SURFACE('',#2691,3.6);
#481=CYLINDRICAL_SURFACE('',#2694,3.6);
#482=CYLINDRICAL_SURFACE('',#2696,3.1);
#483=CYLINDRICAL_SURFACE('',#2698,3.1);
#484=CYLINDRICAL_SURFACE('',#2700,6.);
#485=CYLINDRICAL_SURFACE('',#2703,6.);
#486=CYLINDRICAL_SURFACE('',#2710,3.6);
#487=CYLINDRICAL_SURFACE('',#2713,3.6);
#488=CYLINDRICAL_SURFACE('',#2718,3.6);
#489=CYLINDRICAL_SURFACE('',#2721,3.6);
#490=CYLINDRICAL_SURFACE('',#2724,7.6);
#491=CYLINDRICAL_SURFACE('',#2729,2.4);
#492=CYLINDRICAL_SURFACE('',#2732,2.4);
#493=CYLINDRICAL_SURFACE('',#2739,3.1);
#494=CYLINDRICAL_SURFACE('',#2746,3.1);
#495=CYLINDRICAL_SURFACE('',#2748,3.1);
#496=CYLINDRICAL_SURFACE('',#2754,3.6);
#497=ORIENTED_EDGE('',*,*,#1189,.F.);
#498=ORIENTED_EDGE('',*,*,#1190,.T.);
#499=ORIENTED_EDGE('',*,*,#1191,.T.);
#500=ORIENTED_EDGE('',*,*,#1192,.F.);
#501=ORIENTED_EDGE('',*,*,#1193,.T.);
#502=ORIENTED_EDGE('',*,*,#1194,.F.);
#503=ORIENTED_EDGE('',*,*,#1193,.F.);
#504=ORIENTED_EDGE('',*,*,#1195,.F.);
#505=ORIENTED_EDGE('',*,*,#1191,.F.);
#506=ORIENTED_EDGE('',*,*,#1196,.F.);
#507=ORIENTED_EDGE('',*,*,#1197,.F.);
#508=ORIENTED_EDGE('',*,*,#1198,.T.);
#509=ORIENTED_EDGE('',*,*,#1199,.F.);
#510=ORIENTED_EDGE('',*,*,#1197,.T.);
#511=ORIENTED_EDGE('',*,*,#1200,.F.);
#512=ORIENTED_EDGE('',*,*,#1201,.T.);
#513=ORIENTED_EDGE('',*,*,#1201,.F.);
#514=ORIENTED_EDGE('',*,*,#1202,.T.);
#515=ORIENTED_EDGE('',*,*,#1190,.F.);
#516=ORIENTED_EDGE('',*,*,#1203,.T.);
#517=ORIENTED_EDGE('',*,*,#1204,.F.);
#518=ORIENTED_EDGE('',*,*,#1189,.T.);
#519=ORIENTED_EDGE('',*,*,#1192,.T.);
#520=ORIENTED_EDGE('',*,*,#1205,.F.);
#521=ORIENTED_EDGE('',*,*,#1194,.T.);
#522=ORIENTED_EDGE('',*,*,#1206,.F.);
#523=ORIENTED_EDGE('',*,*,#1196,.T.);
#524=ORIENTED_EDGE('',*,*,#1195,.T.);
#525=ORIENTED_EDGE('',*,*,#1207,.F.);
#526=ORIENTED_EDGE('',*,*,#1208,.F.);
#527=ORIENTED_EDGE('',*,*,#1209,.T.);
#528=ORIENTED_EDGE('',*,*,#1210,.T.);
#529=ORIENTED_EDGE('',*,*,#1211,.T.);
#530=ORIENTED_EDGE('',*,*,#1212,.F.);
#531=ORIENTED_EDGE('',*,*,#1198,.F.);
#532=ORIENTED_EDGE('',*,*,#1213,.T.);
#533=ORIENTED_EDGE('',*,*,#1214,.F.);
#534=ORIENTED_EDGE('',*,*,#1199,.T.);
#535=ORIENTED_EDGE('',*,*,#1215,.F.);
#536=ORIENTED_EDGE('',*,*,#1200,.T.);
#537=ORIENTED_EDGE('',*,*,#1202,.F.);
#538=ORIENTED_EDGE('',*,*,#1216,.T.);
#539=ORIENTED_EDGE('',*,*,#1203,.F.);
#540=ORIENTED_EDGE('',*,*,#1217,.T.);
#541=ORIENTED_EDGE('',*,*,#1204,.T.);
#542=ORIENTED_EDGE('',*,*,#1218,.T.);
#543=ORIENTED_EDGE('',*,*,#1219,.T.);
#544=ORIENTED_EDGE('',*,*,#1220,.T.);
#545=ORIENTED_EDGE('',*,*,#1221,.T.);
#546=ORIENTED_EDGE('',*,*,#1222,.T.);
#547=ORIENTED_EDGE('',*,*,#1223,.F.);
#548=ORIENTED_EDGE('',*,*,#1209,.F.);
#549=ORIENTED_EDGE('',*,*,#1224,.T.);
#550=ORIENTED_EDGE('',*,*,#1225,.T.);
#551=ORIENTED_EDGE('',*,*,#1226,.F.);
#552=ORIENTED_EDGE('',*,*,#1210,.F.);
#553=ORIENTED_EDGE('',*,*,#1223,.T.);
#554=ORIENTED_EDGE('',*,*,#1227,.T.);
#555=ORIENTED_EDGE('',*,*,#1228,.F.);
#556=ORIENTED_EDGE('',*,*,#1211,.F.);
#557=ORIENTED_EDGE('',*,*,#1226,.T.);
#558=ORIENTED_EDGE('',*,*,#1228,.T.);
#559=ORIENTED_EDGE('',*,*,#1229,.F.);
#560=ORIENTED_EDGE('',*,*,#1230,.T.);
#561=ORIENTED_EDGE('',*,*,#1212,.T.);
#562=ORIENTED_EDGE('',*,*,#1224,.F.);
#563=ORIENTED_EDGE('',*,*,#1208,.T.);
#564=ORIENTED_EDGE('',*,*,#1231,.F.);
#565=ORIENTED_EDGE('',*,*,#1232,.F.);
#566=ORIENTED_EDGE('',*,*,#1206,.T.);
#567=ORIENTED_EDGE('',*,*,#1205,.T.);
#568=ORIENTED_EDGE('',*,*,#1233,.F.);
#569=ORIENTED_EDGE('',*,*,#1234,.T.);
#570=ORIENTED_EDGE('',*,*,#1235,.T.);
#571=ORIENTED_EDGE('',*,*,#1236,.F.);
#572=ORIENTED_EDGE('',*,*,#1207,.T.);
#573=ORIENTED_EDGE('',*,*,#1237,.F.);
#574=ORIENTED_EDGE('',*,*,#1233,.T.);
#575=ORIENTED_EDGE('',*,*,#1238,.T.);
#576=ORIENTED_EDGE('',*,*,#1213,.F.);
#577=ORIENTED_EDGE('',*,*,#1239,.F.);
#578=ORIENTED_EDGE('',*,*,#1240,.F.);
#579=ORIENTED_EDGE('',*,*,#1241,.F.);
#580=ORIENTED_EDGE('',*,*,#1242,.F.);
#581=ORIENTED_EDGE('',*,*,#1243,.F.);
#582=ORIENTED_EDGE('',*,*,#1244,.T.);
#583=ORIENTED_EDGE('',*,*,#1245,.F.);
#584=ORIENTED_EDGE('',*,*,#1246,.T.);
#585=ORIENTED_EDGE('',*,*,#1247,.F.);
#586=ORIENTED_EDGE('',*,*,#1248,.T.);
#587=ORIENTED_EDGE('',*,*,#1249,.F.);
#588=ORIENTED_EDGE('',*,*,#1250,.T.);
#589=ORIENTED_EDGE('',*,*,#1251,.F.);
#590=ORIENTED_EDGE('',*,*,#1252,.T.);
#591=ORIENTED_EDGE('',*,*,#1253,.F.);
#592=ORIENTED_EDGE('',*,*,#1254,.T.);
#593=ORIENTED_EDGE('',*,*,#1255,.F.);
#594=ORIENTED_EDGE('',*,*,#1256,.T.);
#595=ORIENTED_EDGE('',*,*,#1257,.F.);
#596=ORIENTED_EDGE('',*,*,#1258,.T.);
#597=ORIENTED_EDGE('',*,*,#1259,.F.);
#598=ORIENTED_EDGE('',*,*,#1260,.T.);
#599=ORIENTED_EDGE('',*,*,#1261,.F.);
#600=ORIENTED_EDGE('',*,*,#1262,.T.);
#601=ORIENTED_EDGE('',*,*,#1263,.F.);
#602=ORIENTED_EDGE('',*,*,#1264,.T.);
#603=ORIENTED_EDGE('',*,*,#1265,.F.);
#604=ORIENTED_EDGE('',*,*,#1266,.T.);
#605=ORIENTED_EDGE('',*,*,#1267,.F.);
#606=ORIENTED_EDGE('',*,*,#1268,.T.);
#607=ORIENTED_EDGE('',*,*,#1269,.F.);
#608=ORIENTED_EDGE('',*,*,#1270,.T.);
#609=ORIENTED_EDGE('',*,*,#1271,.F.);
#610=ORIENTED_EDGE('',*,*,#1272,.T.);
#611=ORIENTED_EDGE('',*,*,#1273,.F.);
#612=ORIENTED_EDGE('',*,*,#1274,.T.);
#613=ORIENTED_EDGE('',*,*,#1275,.F.);
#614=ORIENTED_EDGE('',*,*,#1276,.F.);
#615=ORIENTED_EDGE('',*,*,#1241,.T.);
#616=ORIENTED_EDGE('',*,*,#1277,.T.);
#617=ORIENTED_EDGE('',*,*,#1278,.F.);
#618=ORIENTED_EDGE('',*,*,#1279,.F.);
#619=ORIENTED_EDGE('',*,*,#1280,.F.);
#620=ORIENTED_EDGE('',*,*,#1221,.F.);
#621=ORIENTED_EDGE('',*,*,#1281,.F.);
#622=ORIENTED_EDGE('',*,*,#1282,.F.);
#623=ORIENTED_EDGE('',*,*,#1283,.F.);
#624=ORIENTED_EDGE('',*,*,#1284,.F.);
#625=ORIENTED_EDGE('',*,*,#1282,.T.);
#626=ORIENTED_EDGE('',*,*,#1285,.F.);
#627=ORIENTED_EDGE('',*,*,#1246,.F.);
#628=ORIENTED_EDGE('',*,*,#1286,.F.);
#629=ORIENTED_EDGE('',*,*,#1287,.F.);
#630=ORIENTED_EDGE('',*,*,#1288,.F.);
#631=ORIENTED_EDGE('',*,*,#1289,.T.);
#632=ORIENTED_EDGE('',*,*,#1290,.T.);
#633=ORIENTED_EDGE('',*,*,#1247,.T.);
#634=ORIENTED_EDGE('',*,*,#1288,.T.);
#635=ORIENTED_EDGE('',*,*,#1248,.F.);
#636=ORIENTED_EDGE('',*,*,#1290,.F.);
#637=ORIENTED_EDGE('',*,*,#1291,.F.);
#638=ORIENTED_EDGE('',*,*,#1292,.F.);
#639=ORIENTED_EDGE('',*,*,#1293,.T.);
#640=ORIENTED_EDGE('',*,*,#1294,.T.);
#641=ORIENTED_EDGE('',*,*,#1249,.T.);
#642=ORIENTED_EDGE('',*,*,#1292,.T.);
#643=ORIENTED_EDGE('',*,*,#1250,.F.);
#644=ORIENTED_EDGE('',*,*,#1294,.F.);
#645=ORIENTED_EDGE('',*,*,#1295,.F.);
#646=ORIENTED_EDGE('',*,*,#1296,.F.);
#647=ORIENTED_EDGE('',*,*,#1251,.T.);
#648=ORIENTED_EDGE('',*,*,#1296,.T.);
#649=ORIENTED_EDGE('',*,*,#1297,.T.);
#650=ORIENTED_EDGE('',*,*,#1298,.T.);
#651=ORIENTED_EDGE('',*,*,#1252,.F.);
#652=ORIENTED_EDGE('',*,*,#1298,.F.);
#653=ORIENTED_EDGE('',*,*,#1299,.F.);
#654=ORIENTED_EDGE('',*,*,#1300,.F.);
#655=ORIENTED_EDGE('',*,*,#1301,.F.);
#656=ORIENTED_EDGE('',*,*,#1302,.T.);
#657=ORIENTED_EDGE('',*,*,#1253,.T.);
#658=ORIENTED_EDGE('',*,*,#1300,.T.);
#659=ORIENTED_EDGE('',*,*,#1254,.F.);
#660=ORIENTED_EDGE('',*,*,#1302,.F.);
#661=ORIENTED_EDGE('',*,*,#1303,.F.);
#662=ORIENTED_EDGE('',*,*,#1304,.F.);
#663=ORIENTED_EDGE('',*,*,#1305,.F.);
#664=ORIENTED_EDGE('',*,*,#1306,.T.);
#665=ORIENTED_EDGE('',*,*,#1255,.T.);
#666=ORIENTED_EDGE('',*,*,#1304,.T.);
#667=ORIENTED_EDGE('',*,*,#1256,.F.);
#668=ORIENTED_EDGE('',*,*,#1306,.F.);
#669=ORIENTED_EDGE('',*,*,#1307,.F.);
#670=ORIENTED_EDGE('',*,*,#1308,.F.);
#671=ORIENTED_EDGE('',*,*,#1257,.T.);
#672=ORIENTED_EDGE('',*,*,#1308,.T.);
#673=ORIENTED_EDGE('',*,*,#1309,.F.);
#674=ORIENTED_EDGE('',*,*,#1310,.T.);
#675=ORIENTED_EDGE('',*,*,#1258,.F.);
#676=ORIENTED_EDGE('',*,*,#1310,.F.);
#677=ORIENTED_EDGE('',*,*,#1311,.F.);
#678=ORIENTED_EDGE('',*,*,#1312,.F.);
#679=ORIENTED_EDGE('',*,*,#1313,.F.);
#680=ORIENTED_EDGE('',*,*,#1314,.T.);
#681=ORIENTED_EDGE('',*,*,#1259,.T.);
#682=ORIENTED_EDGE('',*,*,#1312,.T.);
#683=ORIENTED_EDGE('',*,*,#1260,.F.);
#684=ORIENTED_EDGE('',*,*,#1314,.F.);
#685=ORIENTED_EDGE('',*,*,#1315,.F.);
#686=ORIENTED_EDGE('',*,*,#1316,.F.);
#687=ORIENTED_EDGE('',*,*,#1261,.T.);
#688=ORIENTED_EDGE('',*,*,#1316,.T.);
#689=ORIENTED_EDGE('',*,*,#1317,.F.);
#690=ORIENTED_EDGE('',*,*,#1318,.T.);
#691=ORIENTED_EDGE('',*,*,#1262,.F.);
#692=ORIENTED_EDGE('',*,*,#1318,.F.);
#693=ORIENTED_EDGE('',*,*,#1319,.F.);
#694=ORIENTED_EDGE('',*,*,#1320,.F.);
#695=ORIENTED_EDGE('',*,*,#1263,.T.);
#696=ORIENTED_EDGE('',*,*,#1320,.T.);
#697=ORIENTED_EDGE('',*,*,#1321,.F.);
#698=ORIENTED_EDGE('',*,*,#1322,.T.);
#699=ORIENTED_EDGE('',*,*,#1264,.F.);
#700=ORIENTED_EDGE('',*,*,#1322,.F.);
#701=ORIENTED_EDGE('',*,*,#1323,.F.);
#702=ORIENTED_EDGE('',*,*,#1324,.F.);
#703=ORIENTED_EDGE('',*,*,#1265,.T.);
#704=ORIENTED_EDGE('',*,*,#1324,.T.);
#705=ORIENTED_EDGE('',*,*,#1325,.F.);
#706=ORIENTED_EDGE('',*,*,#1326,.T.);
#707=ORIENTED_EDGE('',*,*,#1266,.F.);
#708=ORIENTED_EDGE('',*,*,#1326,.F.);
#709=ORIENTED_EDGE('',*,*,#1327,.F.);
#710=ORIENTED_EDGE('',*,*,#1328,.F.);
#711=ORIENTED_EDGE('',*,*,#1267,.T.);
#712=ORIENTED_EDGE('',*,*,#1328,.T.);
#713=ORIENTED_EDGE('',*,*,#1329,.F.);
#714=ORIENTED_EDGE('',*,*,#1330,.T.);
#715=ORIENTED_EDGE('',*,*,#1268,.F.);
#716=ORIENTED_EDGE('',*,*,#1330,.F.);
#717=ORIENTED_EDGE('',*,*,#1331,.F.);
#718=ORIENTED_EDGE('',*,*,#1332,.F.);
#719=ORIENTED_EDGE('',*,*,#1333,.F.);
#720=ORIENTED_EDGE('',*,*,#1334,.T.);
#721=ORIENTED_EDGE('',*,*,#1269,.T.);
#722=ORIENTED_EDGE('',*,*,#1332,.T.);
#723=ORIENTED_EDGE('',*,*,#1270,.F.);
#724=ORIENTED_EDGE('',*,*,#1334,.F.);
#725=ORIENTED_EDGE('',*,*,#1335,.F.);
#726=ORIENTED_EDGE('',*,*,#1336,.F.);
#727=ORIENTED_EDGE('',*,*,#1271,.T.);
#728=ORIENTED_EDGE('',*,*,#1336,.T.);
#729=ORIENTED_EDGE('',*,*,#1337,.T.);
#730=ORIENTED_EDGE('',*,*,#1338,.T.);
#731=ORIENTED_EDGE('',*,*,#1272,.F.);
#732=ORIENTED_EDGE('',*,*,#1338,.F.);
#733=ORIENTED_EDGE('',*,*,#1339,.F.);
#734=ORIENTED_EDGE('',*,*,#1340,.F.);
#735=ORIENTED_EDGE('',*,*,#1273,.T.);
#736=ORIENTED_EDGE('',*,*,#1340,.T.);
#737=ORIENTED_EDGE('',*,*,#1341,.T.);
#738=ORIENTED_EDGE('',*,*,#1342,.T.);
#739=ORIENTED_EDGE('',*,*,#1274,.F.);
#740=ORIENTED_EDGE('',*,*,#1342,.F.);
#741=ORIENTED_EDGE('',*,*,#1343,.F.);
#742=ORIENTED_EDGE('',*,*,#1344,.F.);
#743=ORIENTED_EDGE('',*,*,#1345,.T.);
#744=ORIENTED_EDGE('',*,*,#1346,.T.);
#745=ORIENTED_EDGE('',*,*,#1243,.T.);
#746=ORIENTED_EDGE('',*,*,#1344,.T.);
#747=ORIENTED_EDGE('',*,*,#1244,.F.);
#748=ORIENTED_EDGE('',*,*,#1346,.F.);
#749=ORIENTED_EDGE('',*,*,#1347,.F.);
#750=ORIENTED_EDGE('',*,*,#1348,.F.);
#751=ORIENTED_EDGE('',*,*,#1245,.T.);
#752=ORIENTED_EDGE('',*,*,#1348,.T.);
#753=ORIENTED_EDGE('',*,*,#1349,.F.);
#754=ORIENTED_EDGE('',*,*,#1286,.T.);
#755=ORIENTED_EDGE('',*,*,#1350,.F.);
#756=ORIENTED_EDGE('',*,*,#1214,.T.);
#757=ORIENTED_EDGE('',*,*,#1215,.T.);
#758=ORIENTED_EDGE('',*,*,#1351,.F.);
#759=ORIENTED_EDGE('',*,*,#1352,.F.);
#760=ORIENTED_EDGE('',*,*,#1353,.F.);
#761=ORIENTED_EDGE('',*,*,#1354,.F.);
#762=ORIENTED_EDGE('',*,*,#1355,.F.);
#763=ORIENTED_EDGE('',*,*,#1356,.F.);
#764=ORIENTED_EDGE('',*,*,#1357,.T.);
#765=ORIENTED_EDGE('',*,*,#1358,.F.);
#766=ORIENTED_EDGE('',*,*,#1359,.F.);
#767=ORIENTED_EDGE('',*,*,#1360,.F.);
#768=ORIENTED_EDGE('',*,*,#1361,.T.);
#769=ORIENTED_EDGE('',*,*,#1362,.F.);
#770=ORIENTED_EDGE('',*,*,#1363,.F.);
#771=ORIENTED_EDGE('',*,*,#1364,.F.);
#772=ORIENTED_EDGE('',*,*,#1365,.T.);
#773=ORIENTED_EDGE('',*,*,#1366,.F.);
#774=ORIENTED_EDGE('',*,*,#1367,.T.);
#775=ORIENTED_EDGE('',*,*,#1368,.F.);
#776=ORIENTED_EDGE('',*,*,#1369,.T.);
#777=ORIENTED_EDGE('',*,*,#1370,.F.);
#778=ORIENTED_EDGE('',*,*,#1371,.T.);
#779=ORIENTED_EDGE('',*,*,#1372,.F.);
#780=ORIENTED_EDGE('',*,*,#1373,.T.);
#781=ORIENTED_EDGE('',*,*,#1374,.F.);
#782=ORIENTED_EDGE('',*,*,#1375,.T.);
#783=ORIENTED_EDGE('',*,*,#1376,.F.);
#784=ORIENTED_EDGE('',*,*,#1377,.T.);
#785=ORIENTED_EDGE('',*,*,#1378,.F.);
#786=ORIENTED_EDGE('',*,*,#1379,.T.);
#787=ORIENTED_EDGE('',*,*,#1380,.F.);
#788=ORIENTED_EDGE('',*,*,#1357,.F.);
#789=ORIENTED_EDGE('',*,*,#1381,.F.);
#790=ORIENTED_EDGE('',*,*,#1382,.F.);
#791=ORIENTED_EDGE('',*,*,#1383,.F.);
#792=ORIENTED_EDGE('',*,*,#1384,.F.);
#793=ORIENTED_EDGE('',*,*,#1385,.F.);
#794=ORIENTED_EDGE('',*,*,#1358,.T.);
#795=ORIENTED_EDGE('',*,*,#1383,.T.);
#796=ORIENTED_EDGE('',*,*,#1359,.T.);
#797=ORIENTED_EDGE('',*,*,#1385,.T.);
#798=ORIENTED_EDGE('',*,*,#1386,.F.);
#799=ORIENTED_EDGE('',*,*,#1387,.F.);
#800=ORIENTED_EDGE('',*,*,#1360,.T.);
#801=ORIENTED_EDGE('',*,*,#1387,.T.);
#802=ORIENTED_EDGE('',*,*,#1388,.F.);
#803=ORIENTED_EDGE('',*,*,#1389,.T.);
#804=ORIENTED_EDGE('',*,*,#1361,.F.);
#805=ORIENTED_EDGE('',*,*,#1389,.F.);
#806=ORIENTED_EDGE('',*,*,#1390,.F.);
#807=ORIENTED_EDGE('',*,*,#1391,.F.);
#808=ORIENTED_EDGE('',*,*,#1392,.F.);
#809=ORIENTED_EDGE('',*,*,#1393,.F.);
#810=ORIENTED_EDGE('',*,*,#1362,.T.);
#811=ORIENTED_EDGE('',*,*,#1391,.T.);
#812=ORIENTED_EDGE('',*,*,#1363,.T.);
#813=ORIENTED_EDGE('',*,*,#1393,.T.);
#814=ORIENTED_EDGE('',*,*,#1394,.T.);
#815=ORIENTED_EDGE('',*,*,#1395,.F.);
#816=ORIENTED_EDGE('',*,*,#1364,.T.);
#817=ORIENTED_EDGE('',*,*,#1395,.T.);
#818=ORIENTED_EDGE('',*,*,#1396,.F.);
#819=ORIENTED_EDGE('',*,*,#1397,.T.);
#820=ORIENTED_EDGE('',*,*,#1365,.F.);
#821=ORIENTED_EDGE('',*,*,#1397,.F.);
#822=ORIENTED_EDGE('',*,*,#1398,.F.);
#823=ORIENTED_EDGE('',*,*,#1399,.F.);
#824=ORIENTED_EDGE('',*,*,#1400,.F.);
#825=ORIENTED_EDGE('',*,*,#1401,.T.);
#826=ORIENTED_EDGE('',*,*,#1366,.T.);
#827=ORIENTED_EDGE('',*,*,#1399,.T.);
#828=ORIENTED_EDGE('',*,*,#1367,.F.);
#829=ORIENTED_EDGE('',*,*,#1401,.F.);
#830=ORIENTED_EDGE('',*,*,#1402,.F.);
#831=ORIENTED_EDGE('',*,*,#1403,.F.);
#832=ORIENTED_EDGE('',*,*,#1404,.F.);
#833=ORIENTED_EDGE('',*,*,#1405,.T.);
#834=ORIENTED_EDGE('',*,*,#1368,.T.);
#835=ORIENTED_EDGE('',*,*,#1403,.T.);
#836=ORIENTED_EDGE('',*,*,#1369,.F.);
#837=ORIENTED_EDGE('',*,*,#1405,.F.);
#838=ORIENTED_EDGE('',*,*,#1406,.F.);
#839=ORIENTED_EDGE('',*,*,#1407,.F.);
#840=ORIENTED_EDGE('',*,*,#1370,.T.);
#841=ORIENTED_EDGE('',*,*,#1407,.T.);
#842=ORIENTED_EDGE('',*,*,#1408,.T.);
#843=ORIENTED_EDGE('',*,*,#1409,.T.);
#844=ORIENTED_EDGE('',*,*,#1371,.F.);
#845=ORIENTED_EDGE('',*,*,#1409,.F.);
#846=ORIENTED_EDGE('',*,*,#1410,.F.);
#847=ORIENTED_EDGE('',*,*,#1411,.F.);
#848=ORIENTED_EDGE('',*,*,#1372,.T.);
#849=ORIENTED_EDGE('',*,*,#1411,.T.);
#850=ORIENTED_EDGE('',*,*,#1412,.F.);
#851=ORIENTED_EDGE('',*,*,#1413,.T.);
#852=ORIENTED_EDGE('',*,*,#1373,.F.);
#853=ORIENTED_EDGE('',*,*,#1413,.F.);
#854=ORIENTED_EDGE('',*,*,#1414,.F.);
#855=ORIENTED_EDGE('',*,*,#1415,.F.);
#856=ORIENTED_EDGE('',*,*,#1374,.T.);
#857=ORIENTED_EDGE('',*,*,#1415,.T.);
#858=ORIENTED_EDGE('',*,*,#1416,.F.);
#859=ORIENTED_EDGE('',*,*,#1417,.T.);
#860=ORIENTED_EDGE('',*,*,#1375,.F.);
#861=ORIENTED_EDGE('',*,*,#1417,.F.);
#862=ORIENTED_EDGE('',*,*,#1418,.F.);
#863=ORIENTED_EDGE('',*,*,#1419,.F.);
#864=ORIENTED_EDGE('',*,*,#1376,.T.);
#865=ORIENTED_EDGE('',*,*,#1419,.T.);
#866=ORIENTED_EDGE('',*,*,#1420,.F.);
#867=ORIENTED_EDGE('',*,*,#1421,.T.);
#868=ORIENTED_EDGE('',*,*,#1377,.F.);
#869=ORIENTED_EDGE('',*,*,#1421,.F.);
#870=ORIENTED_EDGE('',*,*,#1422,.F.);
#871=ORIENTED_EDGE('',*,*,#1423,.F.);
#872=ORIENTED_EDGE('',*,*,#1424,.F.);
#873=ORIENTED_EDGE('',*,*,#1425,.T.);
#874=ORIENTED_EDGE('',*,*,#1378,.T.);
#875=ORIENTED_EDGE('',*,*,#1423,.T.);
#876=ORIENTED_EDGE('',*,*,#1379,.F.);
#877=ORIENTED_EDGE('',*,*,#1425,.F.);
#878=ORIENTED_EDGE('',*,*,#1426,.F.);
#879=ORIENTED_EDGE('',*,*,#1427,.F.);
#880=ORIENTED_EDGE('',*,*,#1428,.F.);
#881=ORIENTED_EDGE('',*,*,#1429,.F.);
#882=ORIENTED_EDGE('',*,*,#1380,.T.);
#883=ORIENTED_EDGE('',*,*,#1427,.T.);
#884=ORIENTED_EDGE('',*,*,#1430,.F.);
#885=ORIENTED_EDGE('',*,*,#1431,.F.);
#886=ORIENTED_EDGE('',*,*,#1355,.T.);
#887=ORIENTED_EDGE('',*,*,#1429,.T.);
#888=ORIENTED_EDGE('',*,*,#1356,.T.);
#889=ORIENTED_EDGE('',*,*,#1431,.T.);
#890=ORIENTED_EDGE('',*,*,#1432,.F.);
#891=ORIENTED_EDGE('',*,*,#1381,.T.);
#892=ORIENTED_EDGE('',*,*,#1433,.F.);
#893=ORIENTED_EDGE('',*,*,#1434,.F.);
#894=ORIENTED_EDGE('',*,*,#1353,.T.);
#895=ORIENTED_EDGE('',*,*,#1435,.T.);
#896=ORIENTED_EDGE('',*,*,#1218,.F.);
#897=ORIENTED_EDGE('',*,*,#1283,.T.);
#898=ORIENTED_EDGE('',*,*,#1284,.T.);
#899=ORIENTED_EDGE('',*,*,#1436,.T.);
#900=ORIENTED_EDGE('',*,*,#1437,.T.);
#901=ORIENTED_EDGE('',*,*,#1438,.F.);
#902=ORIENTED_EDGE('',*,*,#1439,.T.);
#903=ORIENTED_EDGE('',*,*,#1440,.T.);
#904=ORIENTED_EDGE('',*,*,#1439,.F.);
#905=ORIENTED_EDGE('',*,*,#1441,.F.);
#906=ORIENTED_EDGE('',*,*,#1442,.F.);
#907=ORIENTED_EDGE('',*,*,#1219,.F.);
#908=ORIENTED_EDGE('',*,*,#1440,.F.);
#909=ORIENTED_EDGE('',*,*,#1442,.T.);
#910=ORIENTED_EDGE('',*,*,#1443,.F.);
#911=ORIENTED_EDGE('',*,*,#1444,.F.);
#912=ORIENTED_EDGE('',*,*,#1445,.T.);
#913=ORIENTED_EDGE('',*,*,#1446,.F.);
#914=ORIENTED_EDGE('',*,*,#1216,.F.);
#915=ORIENTED_EDGE('',*,*,#1447,.T.);
#916=ORIENTED_EDGE('',*,*,#1217,.F.);
#917=ORIENTED_EDGE('',*,*,#1448,.T.);
#918=ORIENTED_EDGE('',*,*,#1449,.F.);
#919=ORIENTED_EDGE('',*,*,#1444,.T.);
#920=ORIENTED_EDGE('',*,*,#1450,.F.);
#921=ORIENTED_EDGE('',*,*,#1451,.F.);
#922=ORIENTED_EDGE('',*,*,#1452,.F.);
#923=ORIENTED_EDGE('',*,*,#1220,.F.);
#924=ORIENTED_EDGE('',*,*,#1453,.F.);
#925=ORIENTED_EDGE('',*,*,#1445,.F.);
#926=ORIENTED_EDGE('',*,*,#1449,.T.);
#927=ORIENTED_EDGE('',*,*,#1454,.T.);
#928=ORIENTED_EDGE('',*,*,#1455,.F.);
#929=ORIENTED_EDGE('',*,*,#1280,.T.);
#930=ORIENTED_EDGE('',*,*,#1456,.T.);
#931=ORIENTED_EDGE('',*,*,#1278,.T.);
#932=ORIENTED_EDGE('',*,*,#1455,.T.);
#933=ORIENTED_EDGE('',*,*,#1457,.F.);
#934=ORIENTED_EDGE('',*,*,#1227,.F.);
#935=ORIENTED_EDGE('',*,*,#1225,.F.);
#936=ORIENTED_EDGE('',*,*,#1222,.F.);
#937=ORIENTED_EDGE('',*,*,#1232,.T.);
#938=ORIENTED_EDGE('',*,*,#1458,.F.);
#939=ORIENTED_EDGE('',*,*,#1459,.F.);
#940=ORIENTED_EDGE('',*,*,#1460,.T.);
#941=ORIENTED_EDGE('',*,*,#1229,.T.);
#942=ORIENTED_EDGE('',*,*,#1234,.F.);
#943=ORIENTED_EDGE('',*,*,#1237,.T.);
#944=ORIENTED_EDGE('',*,*,#1230,.F.);
#945=ORIENTED_EDGE('',*,*,#1460,.F.);
#946=ORIENTED_EDGE('',*,*,#1461,.F.);
#947=ORIENTED_EDGE('',*,*,#1462,.T.);
#948=ORIENTED_EDGE('',*,*,#1463,.F.);
#949=ORIENTED_EDGE('',*,*,#1464,.F.);
#950=ORIENTED_EDGE('',*,*,#1465,.F.);
#951=ORIENTED_EDGE('',*,*,#1235,.F.);
#952=ORIENTED_EDGE('',*,*,#1463,.T.);
#953=ORIENTED_EDGE('',*,*,#1238,.F.);
#954=ORIENTED_EDGE('',*,*,#1236,.T.);
#955=ORIENTED_EDGE('',*,*,#1465,.T.);
#956=ORIENTED_EDGE('',*,*,#1466,.F.);
#957=ORIENTED_EDGE('',*,*,#1467,.T.);
#958=ORIENTED_EDGE('',*,*,#1458,.T.);
#959=ORIENTED_EDGE('',*,*,#1231,.T.);
#960=ORIENTED_EDGE('',*,*,#1468,.F.);
#961=ORIENTED_EDGE('',*,*,#1469,.F.);
#962=ORIENTED_EDGE('',*,*,#1242,.T.);
#963=ORIENTED_EDGE('',*,*,#1276,.T.);
#964=ORIENTED_EDGE('',*,*,#1470,.F.);
#965=ORIENTED_EDGE('',*,*,#1471,.F.);
#966=ORIENTED_EDGE('',*,*,#1472,.F.);
#967=ORIENTED_EDGE('',*,*,#1239,.T.);
#968=ORIENTED_EDGE('',*,*,#1469,.T.);
#969=ORIENTED_EDGE('',*,*,#1473,.F.);
#970=ORIENTED_EDGE('',*,*,#1474,.F.);
#971=ORIENTED_EDGE('',*,*,#1277,.F.);
#972=ORIENTED_EDGE('',*,*,#1240,.T.);
#973=ORIENTED_EDGE('',*,*,#1472,.T.);
#974=ORIENTED_EDGE('',*,*,#1350,.T.);
#975=ORIENTED_EDGE('',*,*,#1349,.T.);
#976=ORIENTED_EDGE('',*,*,#1347,.T.);
#977=ORIENTED_EDGE('',*,*,#1345,.F.);
#978=ORIENTED_EDGE('',*,*,#1343,.T.);
#979=ORIENTED_EDGE('',*,*,#1341,.F.);
#980=ORIENTED_EDGE('',*,*,#1339,.T.);
#981=ORIENTED_EDGE('',*,*,#1337,.F.);
#982=ORIENTED_EDGE('',*,*,#1335,.T.);
#983=ORIENTED_EDGE('',*,*,#1333,.T.);
#984=ORIENTED_EDGE('',*,*,#1331,.T.);
#985=ORIENTED_EDGE('',*,*,#1329,.T.);
#986=ORIENTED_EDGE('',*,*,#1327,.T.);
#987=ORIENTED_EDGE('',*,*,#1325,.T.);
#988=ORIENTED_EDGE('',*,*,#1323,.T.);
#989=ORIENTED_EDGE('',*,*,#1321,.T.);
#990=ORIENTED_EDGE('',*,*,#1319,.T.);
#991=ORIENTED_EDGE('',*,*,#1317,.T.);
#992=ORIENTED_EDGE('',*,*,#1315,.T.);
#993=ORIENTED_EDGE('',*,*,#1313,.T.);
#994=ORIENTED_EDGE('',*,*,#1311,.T.);
#995=ORIENTED_EDGE('',*,*,#1309,.T.);
#996=ORIENTED_EDGE('',*,*,#1307,.T.);
#997=ORIENTED_EDGE('',*,*,#1305,.T.);
#998=ORIENTED_EDGE('',*,*,#1303,.T.);
#999=ORIENTED_EDGE('',*,*,#1301,.T.);
#1000=ORIENTED_EDGE('',*,*,#1299,.T.);
#1001=ORIENTED_EDGE('',*,*,#1297,.F.);
#1002=ORIENTED_EDGE('',*,*,#1295,.T.);
#1003=ORIENTED_EDGE('',*,*,#1293,.F.);
#1004=ORIENTED_EDGE('',*,*,#1291,.T.);
#1005=ORIENTED_EDGE('',*,*,#1289,.F.);
#1006=ORIENTED_EDGE('',*,*,#1287,.T.);
#1007=ORIENTED_EDGE('',*,*,#1436,.F.);
#1008=ORIENTED_EDGE('',*,*,#1285,.T.);
#1009=ORIENTED_EDGE('',*,*,#1281,.T.);
#1010=ORIENTED_EDGE('',*,*,#1452,.T.);
#1011=ORIENTED_EDGE('',*,*,#1279,.T.);
#1012=ORIENTED_EDGE('',*,*,#1456,.F.);
#1013=ORIENTED_EDGE('',*,*,#1475,.F.);
#1014=ORIENTED_EDGE('',*,*,#1476,.T.);
#1015=ORIENTED_EDGE('',*,*,#1470,.T.);
#1016=ORIENTED_EDGE('',*,*,#1275,.T.);
#1017=ORIENTED_EDGE('',*,*,#1474,.T.);
#1018=ORIENTED_EDGE('',*,*,#1477,.T.);
#1019=ORIENTED_EDGE('',*,*,#1478,.T.);
#1020=ORIENTED_EDGE('',*,*,#1437,.F.);
#1021=ORIENTED_EDGE('',*,*,#1478,.F.);
#1022=ORIENTED_EDGE('',*,*,#1479,.F.);
#1023=ORIENTED_EDGE('',*,*,#1480,.F.);
#1024=ORIENTED_EDGE('',*,*,#1481,.F.);
#1025=ORIENTED_EDGE('',*,*,#1482,.F.);
#1026=ORIENTED_EDGE('',*,*,#1354,.T.);
#1027=ORIENTED_EDGE('',*,*,#1434,.T.);
#1028=ORIENTED_EDGE('',*,*,#1483,.F.);
#1029=ORIENTED_EDGE('',*,*,#1484,.F.);
#1030=ORIENTED_EDGE('',*,*,#1485,.F.);
#1031=ORIENTED_EDGE('',*,*,#1351,.T.);
#1032=ORIENTED_EDGE('',*,*,#1482,.T.);
#1033=ORIENTED_EDGE('',*,*,#1486,.F.);
#1034=ORIENTED_EDGE('',*,*,#1487,.F.);
#1035=ORIENTED_EDGE('',*,*,#1435,.F.);
#1036=ORIENTED_EDGE('',*,*,#1352,.T.);
#1037=ORIENTED_EDGE('',*,*,#1485,.T.);
#1038=ORIENTED_EDGE('',*,*,#1447,.F.);
#1039=ORIENTED_EDGE('',*,*,#1487,.T.);
#1040=ORIENTED_EDGE('',*,*,#1488,.F.);
#1041=ORIENTED_EDGE('',*,*,#1489,.F.);
#1042=ORIENTED_EDGE('',*,*,#1450,.T.);
#1043=ORIENTED_EDGE('',*,*,#1446,.T.);
#1044=ORIENTED_EDGE('',*,*,#1453,.T.);
#1045=ORIENTED_EDGE('',*,*,#1443,.T.);
#1046=ORIENTED_EDGE('',*,*,#1441,.T.);
#1047=ORIENTED_EDGE('',*,*,#1438,.T.);
#1048=ORIENTED_EDGE('',*,*,#1480,.T.);
#1049=ORIENTED_EDGE('',*,*,#1490,.F.);
#1050=ORIENTED_EDGE('',*,*,#1483,.T.);
#1051=ORIENTED_EDGE('',*,*,#1433,.T.);
#1052=ORIENTED_EDGE('',*,*,#1432,.T.);
#1053=ORIENTED_EDGE('',*,*,#1430,.T.);
#1054=ORIENTED_EDGE('',*,*,#1428,.T.);
#1055=ORIENTED_EDGE('',*,*,#1426,.T.);
#1056=ORIENTED_EDGE('',*,*,#1424,.T.);
#1057=ORIENTED_EDGE('',*,*,#1422,.T.);
#1058=ORIENTED_EDGE('',*,*,#1420,.T.);
#1059=ORIENTED_EDGE('',*,*,#1418,.T.);
#1060=ORIENTED_EDGE('',*,*,#1416,.T.);
#1061=ORIENTED_EDGE('',*,*,#1414,.T.);
#1062=ORIENTED_EDGE('',*,*,#1412,.T.);
#1063=ORIENTED_EDGE('',*,*,#1410,.T.);
#1064=ORIENTED_EDGE('',*,*,#1408,.F.);
#1065=ORIENTED_EDGE('',*,*,#1406,.T.);
#1066=ORIENTED_EDGE('',*,*,#1404,.T.);
#1067=ORIENTED_EDGE('',*,*,#1402,.T.);
#1068=ORIENTED_EDGE('',*,*,#1400,.T.);
#1069=ORIENTED_EDGE('',*,*,#1398,.T.);
#1070=ORIENTED_EDGE('',*,*,#1396,.T.);
#1071=ORIENTED_EDGE('',*,*,#1394,.F.);
#1072=ORIENTED_EDGE('',*,*,#1392,.T.);
#1073=ORIENTED_EDGE('',*,*,#1390,.T.);
#1074=ORIENTED_EDGE('',*,*,#1388,.T.);
#1075=ORIENTED_EDGE('',*,*,#1386,.T.);
#1076=ORIENTED_EDGE('',*,*,#1384,.T.);
#1077=ORIENTED_EDGE('',*,*,#1382,.T.);
#1078=ORIENTED_EDGE('',*,*,#1491,.F.);
#1079=ORIENTED_EDGE('',*,*,#1492,.T.);
#1080=ORIENTED_EDGE('',*,*,#1493,.T.);
#1081=ORIENTED_EDGE('',*,*,#1494,.F.);
#1082=ORIENTED_EDGE('',*,*,#1495,.F.);
#1083=ORIENTED_EDGE('',*,*,#1488,.T.);
#1084=ORIENTED_EDGE('',*,*,#1486,.T.);
#1085=ORIENTED_EDGE('',*,*,#1484,.T.);
#1086=ORIENTED_EDGE('',*,*,#1481,.T.);
#1087=ORIENTED_EDGE('',*,*,#1490,.T.);
#1088=ORIENTED_EDGE('',*,*,#1479,.T.);
#1089=ORIENTED_EDGE('',*,*,#1477,.F.);
#1090=ORIENTED_EDGE('',*,*,#1473,.T.);
#1091=ORIENTED_EDGE('',*,*,#1471,.T.);
#1092=ORIENTED_EDGE('',*,*,#1468,.T.);
#1093=ORIENTED_EDGE('',*,*,#1476,.F.);
#1094=ORIENTED_EDGE('',*,*,#1496,.F.);
#1095=ORIENTED_EDGE('',*,*,#1466,.T.);
#1096=ORIENTED_EDGE('',*,*,#1464,.T.);
#1097=ORIENTED_EDGE('',*,*,#1462,.F.);
#1098=ORIENTED_EDGE('',*,*,#1497,.T.);
#1099=ORIENTED_EDGE('',*,*,#1498,.T.);
#1100=ORIENTED_EDGE('',*,*,#1499,.T.);
#1101=ORIENTED_EDGE('',*,*,#1500,.T.);
#1102=ORIENTED_EDGE('',*,*,#1499,.F.);
#1103=ORIENTED_EDGE('',*,*,#1501,.T.);
#1104=ORIENTED_EDGE('',*,*,#1497,.F.);
#1105=ORIENTED_EDGE('',*,*,#1502,.T.);
#1106=ORIENTED_EDGE('',*,*,#1503,.F.);
#1107=ORIENTED_EDGE('',*,*,#1504,.F.);
#1108=ORIENTED_EDGE('',*,*,#1505,.T.);
#1109=ORIENTED_EDGE('',*,*,#1506,.T.);
#1110=ORIENTED_EDGE('',*,*,#1507,.F.);
#1111=ORIENTED_EDGE('',*,*,#1506,.F.);
#1112=ORIENTED_EDGE('',*,*,#1508,.T.);
#1113=ORIENTED_EDGE('',*,*,#1509,.T.);
#1114=ORIENTED_EDGE('',*,*,#1510,.F.);
#1115=ORIENTED_EDGE('',*,*,#1511,.F.);
#1116=ORIENTED_EDGE('',*,*,#1512,.T.);
#1117=ORIENTED_EDGE('',*,*,#1504,.T.);
#1118=ORIENTED_EDGE('',*,*,#1500,.F.);
#1119=ORIENTED_EDGE('',*,*,#1498,.F.);
#1120=ORIENTED_EDGE('',*,*,#1513,.T.);
#1121=ORIENTED_EDGE('',*,*,#1514,.T.);
#1122=ORIENTED_EDGE('',*,*,#1508,.F.);
#1123=ORIENTED_EDGE('',*,*,#1505,.F.);
#1124=ORIENTED_EDGE('',*,*,#1512,.F.);
#1125=ORIENTED_EDGE('',*,*,#1515,.T.);
#1126=ORIENTED_EDGE('',*,*,#1501,.F.);
#1127=ORIENTED_EDGE('',*,*,#1516,.T.);
#1128=ORIENTED_EDGE('',*,*,#1502,.F.);
#1129=ORIENTED_EDGE('',*,*,#1517,.T.);
#1130=ORIENTED_EDGE('',*,*,#1509,.F.);
#1131=ORIENTED_EDGE('',*,*,#1514,.F.);
#1132=ORIENTED_EDGE('',*,*,#1518,.F.);
#1133=ORIENTED_EDGE('',*,*,#1519,.T.);
#1134=ORIENTED_EDGE('',*,*,#1520,.F.);
#1135=ORIENTED_EDGE('',*,*,#1491,.T.);
#1136=ORIENTED_EDGE('',*,*,#1461,.T.);
#1137=ORIENTED_EDGE('',*,*,#1459,.T.);
#1138=ORIENTED_EDGE('',*,*,#1467,.F.);
#1139=ORIENTED_EDGE('',*,*,#1496,.T.);
#1140=ORIENTED_EDGE('',*,*,#1475,.T.);
#1141=ORIENTED_EDGE('',*,*,#1457,.T.);
#1142=ORIENTED_EDGE('',*,*,#1454,.F.);
#1143=ORIENTED_EDGE('',*,*,#1451,.T.);
#1144=ORIENTED_EDGE('',*,*,#1489,.T.);
#1145=ORIENTED_EDGE('',*,*,#1495,.T.);
#1146=ORIENTED_EDGE('',*,*,#1521,.T.);
#1147=ORIENTED_EDGE('',*,*,#1522,.F.);
#1148=ORIENTED_EDGE('',*,*,#1448,.F.);
#1149=ORIENTED_EDGE('',*,*,#1507,.T.);
#1150=ORIENTED_EDGE('',*,*,#1519,.F.);
#1151=ORIENTED_EDGE('',*,*,#1523,.F.);
#1152=ORIENTED_EDGE('',*,*,#1522,.T.);
#1153=ORIENTED_EDGE('',*,*,#1524,.T.);
#1154=ORIENTED_EDGE('',*,*,#1525,.F.);
#1155=ORIENTED_EDGE('',*,*,#1510,.T.);
#1156=ORIENTED_EDGE('',*,*,#1503,.T.);
#1157=ORIENTED_EDGE('',*,*,#1511,.T.);
#1158=ORIENTED_EDGE('',*,*,#1525,.T.);
#1159=ORIENTED_EDGE('',*,*,#1526,.T.);
#1160=ORIENTED_EDGE('',*,*,#1515,.F.);
#1161=ORIENTED_EDGE('',*,*,#1513,.F.);
#1162=ORIENTED_EDGE('',*,*,#1527,.F.);
#1163=ORIENTED_EDGE('',*,*,#1528,.F.);
#1164=ORIENTED_EDGE('',*,*,#1529,.T.);
#1165=ORIENTED_EDGE('',*,*,#1527,.T.);
#1166=ORIENTED_EDGE('',*,*,#1526,.F.);
#1167=ORIENTED_EDGE('',*,*,#1524,.F.);
#1168=ORIENTED_EDGE('',*,*,#1521,.F.);
#1169=ORIENTED_EDGE('',*,*,#1494,.T.);
#1170=ORIENTED_EDGE('',*,*,#1530,.F.);
#1171=ORIENTED_EDGE('',*,*,#1531,.F.);
#1172=ORIENTED_EDGE('',*,*,#1517,.F.);
#1173=ORIENTED_EDGE('',*,*,#1516,.F.);
#1174=ORIENTED_EDGE('',*,*,#1528,.T.);
#1175=ORIENTED_EDGE('',*,*,#1531,.T.);
#1176=ORIENTED_EDGE('',*,*,#1532,.F.);
#1177=ORIENTED_EDGE('',*,*,#1533,.F.);
#1178=ORIENTED_EDGE('',*,*,#1533,.T.);
#1179=ORIENTED_EDGE('',*,*,#1534,.T.);
#1180=ORIENTED_EDGE('',*,*,#1492,.F.);
#1181=ORIENTED_EDGE('',*,*,#1520,.T.);
#1182=ORIENTED_EDGE('',*,*,#1523,.T.);
#1183=ORIENTED_EDGE('',*,*,#1518,.T.);
#1184=ORIENTED_EDGE('',*,*,#1529,.F.);
#1185=ORIENTED_EDGE('',*,*,#1493,.F.);
#1186=ORIENTED_EDGE('',*,*,#1534,.F.);
#1187=ORIENTED_EDGE('',*,*,#1532,.T.);
#1188=ORIENTED_EDGE('',*,*,#1530,.T.);
#1189=EDGE_CURVE('',#1535,#1535,#1775,.T.);
#1190=EDGE_CURVE('',#1536,#1536,#1776,.T.);
#1191=EDGE_CURVE('',#1537,#1537,#1777,.T.);
#1192=EDGE_CURVE('',#1538,#1538,#1778,.T.);
#1193=EDGE_CURVE('',#1539,#1539,#1779,.T.);
#1194=EDGE_CURVE('',#1540,#1540,#1780,.T.);
#1195=EDGE_CURVE('',#1541,#1541,#1781,.T.);
#1196=EDGE_CURVE('',#1542,#1542,#1782,.T.);
#1197=EDGE_CURVE('',#1543,#1543,#1783,.T.);
#1198=EDGE_CURVE('',#1544,#1544,#1784,.T.);
#1199=EDGE_CURVE('',#1545,#1545,#1785,.T.);
#1200=EDGE_CURVE('',#1546,#1546,#1786,.T.);
#1201=EDGE_CURVE('',#1547,#1547,#1787,.T.);
#1202=EDGE_CURVE('',#1548,#1548,#1788,.T.);
#1203=EDGE_CURVE('',#1549,#1549,#1789,.T.);
#1204=EDGE_CURVE('',#1550,#1550,#1790,.T.);
#1205=EDGE_CURVE('',#1551,#1551,#1791,.T.);
#1206=EDGE_CURVE('',#1552,#1552,#1792,.T.);
#1207=EDGE_CURVE('',#1553,#1554,#1793,.T.);
#1208=EDGE_CURVE('',#1555,#1553,#30,.T.);
#1209=EDGE_CURVE('',#1555,#1556,#31,.T.);
#1210=EDGE_CURVE('',#1556,#1557,#1794,.T.);
#1211=EDGE_CURVE('',#1557,#1558,#32,.T.);
#1212=EDGE_CURVE('',#1554,#1558,#33,.T.);
#1213=EDGE_CURVE('',#1559,#1559,#1795,.T.);
#1214=EDGE_CURVE('',#1560,#1560,#1796,.T.);
#1215=EDGE_CURVE('',#1561,#1561,#1797,.T.);
#1216=EDGE_CURVE('',#1562,#1562,#1798,.T.);
#1217=EDGE_CURVE('',#1563,#1563,#1799,.T.);
#1218=EDGE_CURVE('',#1564,#1565,#1800,.T.);
#1219=EDGE_CURVE('',#1565,#1566,#34,.T.);
#1220=EDGE_CURVE('',#1566,#1567,#35,.T.);
#1221=EDGE_CURVE('',#1567,#1564,#36,.T.);
#1222=EDGE_CURVE('',#1568,#1569,#37,.T.);
#1223=EDGE_CURVE('',#1556,#1569,#38,.T.);
#1224=EDGE_CURVE('',#1555,#1568,#39,.T.);
#1225=EDGE_CURVE('',#1569,#1570,#1801,.T.);
#1226=EDGE_CURVE('',#1557,#1570,#40,.T.);
#1227=EDGE_CURVE('',#1570,#1571,#41,.T.);
#1228=EDGE_CURVE('',#1558,#1571,#42,.T.);
#1229=EDGE_CURVE('',#1572,#1571,#43,.T.);
#1230=EDGE_CURVE('',#1572,#1554,#44,.T.);
#1231=EDGE_CURVE('',#1573,#1553,#45,.T.);
#1232=EDGE_CURVE('',#1568,#1573,#46,.T.);
#1233=EDGE_CURVE('',#1574,#1575,#1802,.F.);
#1234=EDGE_CURVE('',#1574,#1576,#47,.T.);
#1235=EDGE_CURVE('',#1576,#1577,#48,.T.);
#1236=EDGE_CURVE('',#1575,#1577,#49,.T.);
#1237=EDGE_CURVE('',#1574,#1554,#50,.T.);
#1238=EDGE_CURVE('',#1575,#1553,#51,.T.);
#1239=EDGE_CURVE('',#1578,#1579,#52,.T.);
#1240=EDGE_CURVE('',#1580,#1578,#1803,.T.);
#1241=EDGE_CURVE('',#1581,#1580,#53,.T.);
#1242=EDGE_CURVE('',#1579,#1581,#1804,.T.);
#1243=EDGE_CURVE('',#1582,#1583,#1805,.T.);
#1244=EDGE_CURVE('',#1582,#1584,#1806,.F.);
#1245=EDGE_CURVE('',#1585,#1584,#54,.T.);
#1246=EDGE_CURVE('',#1585,#1586,#1807,.F.);
#1247=EDGE_CURVE('',#1587,#1586,#55,.T.);
#1248=EDGE_CURVE('',#1587,#1588,#1808,.T.);
#1249=EDGE_CURVE('',#1589,#1588,#1809,.T.);
#1250=EDGE_CURVE('',#1589,#1590,#1810,.T.);
#1251=EDGE_CURVE('',#1591,#1590,#56,.T.);
#1252=EDGE_CURVE('',#1591,#1592,#1811,.F.);
#1253=EDGE_CURVE('',#1593,#1592,#57,.T.);
#1254=EDGE_CURVE('',#1593,#1594,#1812,.T.);
#1255=EDGE_CURVE('',#1595,#1594,#1813,.T.);
#1256=EDGE_CURVE('',#1595,#1596,#1814,.T.);
#1257=EDGE_CURVE('',#1597,#1596,#58,.T.);
#1258=EDGE_CURVE('',#1597,#1598,#1815,.F.);
#1259=EDGE_CURVE('',#1599,#1598,#59,.T.);
#1260=EDGE_CURVE('',#1599,#1600,#1816,.T.);
#1261=EDGE_CURVE('',#1601,#1600,#1817,.T.);
#1262=EDGE_CURVE('',#1601,#1602,#1818,.T.);
#1263=EDGE_CURVE('',#1603,#1602,#60,.T.);
#1264=EDGE_CURVE('',#1603,#1604,#1819,.F.);
#1265=EDGE_CURVE('',#1605,#1604,#61,.T.);
#1266=EDGE_CURVE('',#1605,#1606,#1820,.F.);
#1267=EDGE_CURVE('',#1607,#1606,#1821,.T.);
#1268=EDGE_CURVE('',#1607,#1608,#1822,.T.);
#1269=EDGE_CURVE('',#1609,#1608,#62,.T.);
#1270=EDGE_CURVE('',#1609,#1610,#1823,.T.);
#1271=EDGE_CURVE('',#1611,#1610,#1824,.T.);
#1272=EDGE_CURVE('',#1611,#1612,#1825,.T.);
#1273=EDGE_CURVE('',#1613,#1612,#63,.T.);
#1274=EDGE_CURVE('',#1613,#1583,#1826,.T.);
#1275=EDGE_CURVE('',#1614,#1615,#64,.T.);
#1276=EDGE_CURVE('',#1581,#1614,#65,.T.);
#1277=EDGE_CURVE('',#1580,#1615,#66,.T.);
#1278=EDGE_CURVE('',#1616,#1617,#22,.T.);
#1279=EDGE_CURVE('',#1618,#1616,#1827,.T.);
#1280=EDGE_CURVE('',#1617,#1618,#67,.T.);
#1281=EDGE_CURVE('',#1619,#1567,#68,.T.);
#1282=EDGE_CURVE('',#1620,#1619,#69,.T.);
#1283=EDGE_CURVE('',#1564,#1620,#70,.T.);
#1284=EDGE_CURVE('',#1620,#1621,#23,.T.);
#1285=EDGE_CURVE('',#1621,#1619,#1828,.T.);
#1286=EDGE_CURVE('',#1622,#1585,#71,.F.);
#1287=EDGE_CURVE('',#1623,#1622,#1829,.F.);
#1288=EDGE_CURVE('',#1586,#1623,#72,.T.);
#1289=EDGE_CURVE('',#1623,#1624,#73,.T.);
#1290=EDGE_CURVE('',#1624,#1587,#74,.T.);
#1291=EDGE_CURVE('',#1625,#1624,#1830,.T.);
#1292=EDGE_CURVE('',#1588,#1625,#75,.T.);
#1293=EDGE_CURVE('',#1625,#1626,#1831,.F.);
#1294=EDGE_CURVE('',#1626,#1589,#76,.F.);
#1295=EDGE_CURVE('',#1627,#1626,#1832,.T.);
#1296=EDGE_CURVE('',#1590,#1627,#77,.F.);
#1297=EDGE_CURVE('',#1627,#1628,#78,.T.);
#1298=EDGE_CURVE('',#1628,#1591,#79,.F.);
#1299=EDGE_CURVE('',#1629,#1628,#1833,.F.);
#1300=EDGE_CURVE('',#1592,#1629,#80,.T.);
#1301=EDGE_CURVE('',#1630,#1629,#81,.T.);
#1302=EDGE_CURVE('',#1630,#1593,#82,.T.);
#1303=EDGE_CURVE('',#1631,#1630,#1834,.T.);
#1304=EDGE_CURVE('',#1594,#1631,#83,.T.);
#1305=EDGE_CURVE('',#1632,#1631,#1835,.T.);
#1306=EDGE_CURVE('',#1632,#1595,#84,.F.);
#1307=EDGE_CURVE('',#1633,#1632,#1836,.T.);
#1308=EDGE_CURVE('',#1596,#1633,#85,.F.);
#1309=EDGE_CURVE('',#1634,#1633,#86,.T.);
#1310=EDGE_CURVE('',#1634,#1597,#87,.F.);
#1311=EDGE_CURVE('',#1635,#1634,#1837,.F.);
#1312=EDGE_CURVE('',#1598,#1635,#88,.T.);
#1313=EDGE_CURVE('',#1636,#1635,#89,.T.);
#1314=EDGE_CURVE('',#1636,#1599,#90,.T.);
#1315=EDGE_CURVE('',#1637,#1636,#1838,.T.);
#1316=EDGE_CURVE('',#1600,#1637,#91,.T.);
#1317=EDGE_CURVE('',#1638,#1637,#1839,.T.);
#1318=EDGE_CURVE('',#1638,#1601,#92,.F.);
#1319=EDGE_CURVE('',#1639,#1638,#1840,.T.);
#1320=EDGE_CURVE('',#1602,#1639,#93,.F.);
#1321=EDGE_CURVE('',#1640,#1639,#94,.T.);
#1322=EDGE_CURVE('',#1640,#1603,#95,.F.);
#1323=EDGE_CURVE('',#1641,#1640,#1841,.F.);
#1324=EDGE_CURVE('',#1604,#1641,#96,.T.);
#1325=EDGE_CURVE('',#1642,#1641,#97,.T.);
#1326=EDGE_CURVE('',#1642,#1605,#98,.F.);
#1327=EDGE_CURVE('',#1643,#1642,#1842,.F.);
#1328=EDGE_CURVE('',#1606,#1643,#99,.T.);
#1329=EDGE_CURVE('',#1644,#1643,#1843,.T.);
#1330=EDGE_CURVE('',#1644,#1607,#100,.F.);
#1331=EDGE_CURVE('',#1645,#1644,#1844,.T.);
#1332=EDGE_CURVE('',#1608,#1645,#101,.F.);
#1333=EDGE_CURVE('',#1646,#1645,#102,.T.);
#1334=EDGE_CURVE('',#1646,#1609,#103,.T.);
#1335=EDGE_CURVE('',#1647,#1646,#1845,.T.);
#1336=EDGE_CURVE('',#1610,#1647,#104,.T.);
#1337=EDGE_CURVE('',#1647,#1648,#1846,.T.);
#1338=EDGE_CURVE('',#1648,#1611,#105,.F.);
#1339=EDGE_CURVE('',#1649,#1648,#1847,.T.);
#1340=EDGE_CURVE('',#1612,#1649,#106,.F.);
#1341=EDGE_CURVE('',#1649,#1650,#107,.T.);
#1342=EDGE_CURVE('',#1650,#1613,#108,.T.);
#1343=EDGE_CURVE('',#1651,#1650,#1848,.T.);
#1344=EDGE_CURVE('',#1583,#1651,#109,.T.);
#1345=EDGE_CURVE('',#1651,#1652,#1849,.T.);
#1346=EDGE_CURVE('',#1652,#1582,#110,.F.);
#1347=EDGE_CURVE('',#1653,#1652,#1850,.F.);
#1348=EDGE_CURVE('',#1584,#1653,#111,.T.);
#1349=EDGE_CURVE('',#1622,#1653,#112,.T.);
#1350=EDGE_CURVE('',#1654,#1654,#1851,.T.);
#1351=EDGE_CURVE('',#1655,#1656,#113,.T.);
#1352=EDGE_CURVE('',#1657,#1655,#1852,.T.);
#1353=EDGE_CURVE('',#1658,#1657,#114,.T.);
#1354=EDGE_CURVE('',#1656,#1658,#1853,.T.);
#1355=EDGE_CURVE('',#1659,#1660,#1854,.T.);
#1356=EDGE_CURVE('',#1661,#1659,#115,.T.);
#1357=EDGE_CURVE('',#1661,#1662,#1855,.F.);
#1358=EDGE_CURVE('',#1663,#1662,#116,.T.);
#1359=EDGE_CURVE('',#1664,#1663,#1856,.T.);
#1360=EDGE_CURVE('',#1665,#1664,#117,.T.);
#1361=EDGE_CURVE('',#1665,#1666,#1857,.F.);
#1362=EDGE_CURVE('',#1667,#1666,#118,.T.);
#1363=EDGE_CURVE('',#1668,#1667,#1858,.T.);
#1364=EDGE_CURVE('',#1669,#1668,#119,.T.);
#1365=EDGE_CURVE('',#1669,#1670,#1859,.F.);
#1366=EDGE_CURVE('',#1671,#1670,#120,.T.);
#1367=EDGE_CURVE('',#1671,#1672,#1860,.F.);
#1368=EDGE_CURVE('',#1673,#1672,#1861,.T.);
#1369=EDGE_CURVE('',#1673,#1674,#1862,.T.);
#1370=EDGE_CURVE('',#1675,#1674,#121,.T.);
#1371=EDGE_CURVE('',#1675,#1676,#1863,.T.);
#1372=EDGE_CURVE('',#1677,#1676,#1864,.T.);
#1373=EDGE_CURVE('',#1677,#1678,#1865,.T.);
#1374=EDGE_CURVE('',#1679,#1678,#122,.T.);
#1375=EDGE_CURVE('',#1679,#1680,#1866,.T.);
#1376=EDGE_CURVE('',#1681,#1680,#1867,.T.);
#1377=EDGE_CURVE('',#1681,#1682,#1868,.F.);
#1378=EDGE_CURVE('',#1683,#1682,#123,.T.);
#1379=EDGE_CURVE('',#1683,#1684,#1869,.F.);
#1380=EDGE_CURVE('',#1660,#1684,#124,.T.);
#1381=EDGE_CURVE('',#1685,#1661,#125,.F.);
#1382=EDGE_CURVE('',#1686,#1685,#1870,.F.);
#1383=EDGE_CURVE('',#1662,#1686,#126,.T.);
#1384=EDGE_CURVE('',#1687,#1686,#127,.T.);
#1385=EDGE_CURVE('',#1663,#1687,#128,.T.);
#1386=EDGE_CURVE('',#1688,#1687,#1871,.T.);
#1387=EDGE_CURVE('',#1664,#1688,#129,.T.);
#1388=EDGE_CURVE('',#1689,#1688,#130,.T.);
#1389=EDGE_CURVE('',#1689,#1665,#131,.F.);
#1390=EDGE_CURVE('',#1690,#1689,#1872,.F.);
#1391=EDGE_CURVE('',#1666,#1690,#132,.T.);
#1392=EDGE_CURVE('',#1691,#1690,#133,.T.);
#1393=EDGE_CURVE('',#1667,#1691,#134,.T.);
#1394=EDGE_CURVE('',#1691,#1692,#1873,.F.);
#1395=EDGE_CURVE('',#1668,#1692,#135,.T.);
#1396=EDGE_CURVE('',#1693,#1692,#136,.T.);
#1397=EDGE_CURVE('',#1693,#1669,#137,.F.);
#1398=EDGE_CURVE('',#1694,#1693,#1874,.F.);
#1399=EDGE_CURVE('',#1670,#1694,#138,.T.);
#1400=EDGE_CURVE('',#1695,#1694,#139,.T.);
#1401=EDGE_CURVE('',#1695,#1671,#140,.F.);
#1402=EDGE_CURVE('',#1696,#1695,#1875,.F.);
#1403=EDGE_CURVE('',#1672,#1696,#141,.T.);
#1404=EDGE_CURVE('',#1697,#1696,#1876,.T.);
#1405=EDGE_CURVE('',#1697,#1673,#142,.F.);
#1406=EDGE_CURVE('',#1698,#1697,#1877,.T.);
#1407=EDGE_CURVE('',#1674,#1698,#143,.F.);
#1408=EDGE_CURVE('',#1698,#1699,#144,.T.);
#1409=EDGE_CURVE('',#1699,#1675,#145,.T.);
#1410=EDGE_CURVE('',#1700,#1699,#1878,.T.);
#1411=EDGE_CURVE('',#1676,#1700,#146,.T.);
#1412=EDGE_CURVE('',#1701,#1700,#1879,.T.);
#1413=EDGE_CURVE('',#1701,#1677,#147,.F.);
#1414=EDGE_CURVE('',#1702,#1701,#1880,.T.);
#1415=EDGE_CURVE('',#1678,#1702,#148,.F.);
#1416=EDGE_CURVE('',#1703,#1702,#149,.T.);
#1417=EDGE_CURVE('',#1703,#1679,#150,.T.);
#1418=EDGE_CURVE('',#1704,#1703,#1881,.T.);
#1419=EDGE_CURVE('',#1680,#1704,#151,.T.);
#1420=EDGE_CURVE('',#1705,#1704,#1882,.T.);
#1421=EDGE_CURVE('',#1705,#1681,#152,.F.);
#1422=EDGE_CURVE('',#1706,#1705,#1883,.F.);
#1423=EDGE_CURVE('',#1682,#1706,#153,.T.);
#1424=EDGE_CURVE('',#1707,#1706,#154,.T.);
#1425=EDGE_CURVE('',#1707,#1683,#155,.F.);
#1426=EDGE_CURVE('',#1708,#1707,#1884,.F.);
#1427=EDGE_CURVE('',#1684,#1708,#156,.T.);
#1428=EDGE_CURVE('',#1709,#1708,#157,.T.);
#1429=EDGE_CURVE('',#1660,#1709,#158,.T.);
#1430=EDGE_CURVE('',#1710,#1709,#1885,.T.);
#1431=EDGE_CURVE('',#1659,#1710,#159,.T.);
#1432=EDGE_CURVE('',#1685,#1710,#160,.T.);
#1433=EDGE_CURVE('',#1711,#1712,#161,.T.);
#1434=EDGE_CURVE('',#1658,#1711,#162,.T.);
#1435=EDGE_CURVE('',#1657,#1712,#163,.T.);
#1436=EDGE_CURVE('',#1621,#1713,#164,.T.);
#1437=EDGE_CURVE('',#1713,#1714,#1886,.T.);
#1438=EDGE_CURVE('',#1715,#1714,#165,.T.);
#1439=EDGE_CURVE('',#1715,#1716,#24,.T.);
#1440=EDGE_CURVE('',#1716,#1565,#166,.F.);
#1441=EDGE_CURVE('',#1717,#1715,#1887,.T.);
#1442=EDGE_CURVE('',#1716,#1717,#167,.T.);
#1443=EDGE_CURVE('',#1566,#1717,#168,.T.);
#1444=EDGE_CURVE('',#1718,#1719,#25,.T.);
#1445=EDGE_CURVE('',#1718,#1720,#169,.T.);
#1446=EDGE_CURVE('',#1719,#1720,#1888,.T.);
#1447=EDGE_CURVE('',#1721,#1721,#1889,.T.);
#1448=EDGE_CURVE('',#1722,#1722,#1890,.T.);
#1449=EDGE_CURVE('',#1718,#1723,#170,.T.);
#1450=EDGE_CURVE('',#1724,#1719,#171,.T.);
#1451=EDGE_CURVE('',#1723,#1724,#1891,.T.);
#1452=EDGE_CURVE('',#1567,#1618,#172,.T.);
#1453=EDGE_CURVE('',#1720,#1566,#173,.T.);
#1454=EDGE_CURVE('',#1723,#1725,#174,.T.);
#1455=EDGE_CURVE('',#1617,#1725,#175,.T.);
#1456=EDGE_CURVE('',#1726,#1616,#176,.T.);
#1457=EDGE_CURVE('',#1726,#1725,#1892,.T.);
#1458=EDGE_CURVE('',#1727,#1573,#177,.T.);
#1459=EDGE_CURVE('',#1728,#1727,#178,.T.);
#1460=EDGE_CURVE('',#1728,#1572,#179,.T.);
#1461=EDGE_CURVE('',#1729,#1728,#180,.T.);
#1462=EDGE_CURVE('',#1729,#1730,#181,.T.);
#1463=EDGE_CURVE('',#1576,#1730,#182,.T.);
#1464=EDGE_CURVE('',#1731,#1730,#20,.T.);
#1465=EDGE_CURVE('',#1577,#1731,#183,.T.);
#1466=EDGE_CURVE('',#1732,#1731,#184,.T.);
#1467=EDGE_CURVE('',#1732,#1727,#185,.T.);
#1468=EDGE_CURVE('',#1733,#1734,#26,.T.);
#1469=EDGE_CURVE('',#1579,#1733,#186,.T.);
#1470=EDGE_CURVE('',#1734,#1614,#1893,.T.);
#1471=EDGE_CURVE('',#1735,#1733,#187,.F.);
#1472=EDGE_CURVE('',#1578,#1735,#188,.T.);
#1473=EDGE_CURVE('',#1736,#1735,#27,.T.);
#1474=EDGE_CURVE('',#1615,#1736,#1894,.T.);
#1475=EDGE_CURVE('',#1737,#1726,#189,.T.);
#1476=EDGE_CURVE('',#1737,#1734,#190,.T.);
#1477=EDGE_CURVE('',#1736,#1738,#191,.T.);
#1478=EDGE_CURVE('',#1738,#1713,#192,.T.);
#1479=EDGE_CURVE('',#1739,#1738,#1895,.T.);
#1480=EDGE_CURVE('',#1714,#1739,#193,.T.);
#1481=EDGE_CURVE('',#1740,#1741,#28,.T.);
#1482=EDGE_CURVE('',#1656,#1740,#194,.T.);
#1483=EDGE_CURVE('',#1741,#1711,#1896,.T.);
#1484=EDGE_CURVE('',#1742,#1740,#195,.T.);
#1485=EDGE_CURVE('',#1655,#1742,#196,.T.);
#1486=EDGE_CURVE('',#1743,#1742,#29,.T.);
#1487=EDGE_CURVE('',#1712,#1743,#1897,.T.);
#1488=EDGE_CURVE('',#1744,#1743,#197,.T.);
#1489=EDGE_CURVE('',#1724,#1744,#198,.T.);
#1490=EDGE_CURVE('',#1741,#1739,#199,.T.);
#1491=EDGE_CURVE('',#1745,#1729,#1898,.T.);
#1492=EDGE_CURVE('',#1745,#1746,#200,.T.);
#1493=EDGE_CURVE('',#1746,#1747,#21,.T.);
#1494=EDGE_CURVE('',#1748,#1747,#201,.T.);
#1495=EDGE_CURVE('',#1744,#1748,#1899,.T.);
#1496=EDGE_CURVE('',#1732,#1737,#1900,.T.);
#1497=EDGE_CURVE('',#1749,#1749,#1901,.T.);
#1498=EDGE_CURVE('',#1750,#1750,#1902,.T.);
#1499=EDGE_CURVE('',#1751,#1751,#1903,.T.);
#1500=EDGE_CURVE('',#1752,#1752,#1904,.T.);
#1501=EDGE_CURVE('',#1753,#1753,#1905,.T.);
#1502=EDGE_CURVE('',#1754,#1754,#1906,.T.);
#1503=EDGE_CURVE('',#1755,#1756,#1907,.T.);
#1504=EDGE_CURVE('',#1757,#1755,#202,.T.);
#1505=EDGE_CURVE('',#1757,#1758,#1908,.T.);
#1506=EDGE_CURVE('',#1758,#1756,#203,.T.);
#1507=EDGE_CURVE('',#1756,#1759,#204,.T.);
#1508=EDGE_CURVE('',#1758,#1760,#205,.T.);
#1509=EDGE_CURVE('',#1760,#1759,#206,.T.);
#1510=EDGE_CURVE('',#1761,#1755,#207,.T.);
#1511=EDGE_CURVE('',#1762,#1761,#208,.T.);
#1512=EDGE_CURVE('',#1762,#1757,#209,.T.);
#1513=EDGE_CURVE('',#1763,#1764,#1909,.T.);
#1514=EDGE_CURVE('',#1764,#1760,#210,.T.);
#1515=EDGE_CURVE('',#1762,#1763,#211,.T.);
#1516=EDGE_CURVE('',#1765,#1765,#1910,.T.);
#1517=EDGE_CURVE('',#1766,#1766,#1911,.T.);
#1518=EDGE_CURVE('',#1767,#1764,#212,.T.);
#1519=EDGE_CURVE('',#1767,#1759,#213,.T.);
#1520=EDGE_CURVE('',#1745,#1768,#214,.T.);
#1521=EDGE_CURVE('',#1748,#1769,#215,.T.);
#1522=EDGE_CURVE('',#1768,#1769,#216,.T.);
#1523=EDGE_CURVE('',#1768,#1767,#217,.T.);
#1524=EDGE_CURVE('',#1769,#1770,#218,.T.);
#1525=EDGE_CURVE('',#1761,#1770,#219,.T.);
#1526=EDGE_CURVE('',#1770,#1763,#220,.T.);
#1527=EDGE_CURVE('',#1771,#1763,#221,.T.);
#1528=EDGE_CURVE('',#1772,#1771,#1912,.F.);
#1529=EDGE_CURVE('',#1772,#1764,#222,.T.);
#1530=EDGE_CURVE('',#1773,#1747,#223,.T.);
#1531=EDGE_CURVE('',#1771,#1773,#224,.T.);
#1532=EDGE_CURVE('',#1774,#1773,#225,.T.);
#1533=EDGE_CURVE('',#1772,#1774,#226,.T.);
#1534=EDGE_CURVE('',#1774,#1746,#227,.T.);
#1535=VERTEX_POINT('',#3513);
#1536=VERTEX_POINT('',#3515);
#1537=VERTEX_POINT('',#3518);
#1538=VERTEX_POINT('',#3520);
#1539=VERTEX_POINT('',#3523);
#1540=VERTEX_POINT('',#3525);
#1541=VERTEX_POINT('',#3528);
#1542=VERTEX_POINT('',#3531);
#1543=VERTEX_POINT('',#3534);
#1544=VERTEX_POINT('',#3536);
#1545=VERTEX_POINT('',#3539);
#1546=VERTEX_POINT('',#3542);
#1547=VERTEX_POINT('',#3544);
#1548=VERTEX_POINT('',#3547);
#1549=VERTEX_POINT('',#3550);
#1550=VERTEX_POINT('',#3553);
#1551=VERTEX_POINT('',#3556);
#1552=VERTEX_POINT('',#3559);
#1553=VERTEX_POINT('',#3562);
#1554=VERTEX_POINT('',#3563);
#1555=VERTEX_POINT('',#3565);
#1556=VERTEX_POINT('',#3567);
#1557=VERTEX_POINT('',#3569);
#1558=VERTEX_POINT('',#3571);
#1559=VERTEX_POINT('',#3575);
#1560=VERTEX_POINT('',#3578);
#1561=VERTEX_POINT('',#3581);
#1562=VERTEX_POINT('',#3584);
#1563=VERTEX_POINT('',#3587);
#1564=VERTEX_POINT('',#3590);
#1565=VERTEX_POINT('',#3591);
#1566=VERTEX_POINT('',#3593);
#1567=VERTEX_POINT('',#3595);
#1568=VERTEX_POINT('',#3599);
#1569=VERTEX_POINT('',#3600);
#1570=VERTEX_POINT('',#3605);
#1571=VERTEX_POINT('',#3609);
#1572=VERTEX_POINT('',#3613);
#1573=VERTEX_POINT('',#3617);
#1574=VERTEX_POINT('',#3621);
#1575=VERTEX_POINT('',#3622);
#1576=VERTEX_POINT('',#3624);
#1577=VERTEX_POINT('',#3626);
#1578=VERTEX_POINT('',#3633);
#1579=VERTEX_POINT('',#3634);
#1580=VERTEX_POINT('',#3636);
#1581=VERTEX_POINT('',#3638);
#1582=VERTEX_POINT('',#3641);
#1583=VERTEX_POINT('',#3642);
#1584=VERTEX_POINT('',#3644);
#1585=VERTEX_POINT('',#3646);
#1586=VERTEX_POINT('',#3648);
#1587=VERTEX_POINT('',#3650);
#1588=VERTEX_POINT('',#3652);
#1589=VERTEX_POINT('',#3654);
#1590=VERTEX_POINT('',#3656);
#1591=VERTEX_POINT('',#3658);
#1592=VERTEX_POINT('',#3660);
#1593=VERTEX_POINT('',#3662);
#1594=VERTEX_POINT('',#3664);
#1595=VERTEX_POINT('',#3666);
#1596=VERTEX_POINT('',#3668);
#1597=VERTEX_POINT('',#3670);
#1598=VERTEX_POINT('',#3672);
#1599=VERTEX_POINT('',#3674);
#1600=VERTEX_POINT('',#3676);
#1601=VERTEX_POINT('',#3678);
#1602=VERTEX_POINT('',#3680);
#1603=VERTEX_POINT('',#3682);
#1604=VERTEX_POINT('',#3684);
#1605=VERTEX_POINT('',#3686);
#1606=VERTEX_POINT('',#3688);
#1607=VERTEX_POINT('',#3690);
#1608=VERTEX_POINT('',#3692);
#1609=VERTEX_POINT('',#3694);
#1610=VERTEX_POINT('',#3696);
#1611=VERTEX_POINT('',#3698);
#1612=VERTEX_POINT('',#3700);
#1613=VERTEX_POINT('',#3702);
#1614=VERTEX_POINT('',#3706);
#1615=VERTEX_POINT('',#3707);
#1616=VERTEX_POINT('',#3715);
#1617=VERTEX_POINT('',#3716);
#1618=VERTEX_POINT('',#3718);
#1619=VERTEX_POINT('',#3722);
#1620=VERTEX_POINT('',#3724);
#1621=VERTEX_POINT('',#3731);
#1622=VERTEX_POINT('',#3735);
#1623=VERTEX_POINT('',#3737);
#1624=VERTEX_POINT('',#3741);
#1625=VERTEX_POINT('',#3745);
#1626=VERTEX_POINT('',#3749);
#1627=VERTEX_POINT('',#3753);
#1628=VERTEX_POINT('',#3757);
#1629=VERTEX_POINT('',#3761);
#1630=VERTEX_POINT('',#3765);
#1631=VERTEX_POINT('',#3769);
#1632=VERTEX_POINT('',#3773);
#1633=VERTEX_POINT('',#3777);
#1634=VERTEX_POINT('',#3781);
#1635=VERTEX_POINT('',#3785);
#1636=VERTEX_POINT('',#3789);
#1637=VERTEX_POINT('',#3793);
#1638=VERTEX_POINT('',#3797);
#1639=VERTEX_POINT('',#3801);
#1640=VERTEX_POINT('',#3805);
#1641=VERTEX_POINT('',#3809);
#1642=VERTEX_POINT('',#3813);
#1643=VERTEX_POINT('',#3817);
#1644=VERTEX_POINT('',#3821);
#1645=VERTEX_POINT('',#3825);
#1646=VERTEX_POINT('',#3829);
#1647=VERTEX_POINT('',#3833);
#1648=VERTEX_POINT('',#3837);
#1649=VERTEX_POINT('',#3841);
#1650=VERTEX_POINT('',#3845);
#1651=VERTEX_POINT('',#3849);
#1652=VERTEX_POINT('',#3853);
#1653=VERTEX_POINT('',#3857);
#1654=VERTEX_POINT('',#3863);
#1655=VERTEX_POINT('',#3866);
#1656=VERTEX_POINT('',#3867);
#1657=VERTEX_POINT('',#3869);
#1658=VERTEX_POINT('',#3871);
#1659=VERTEX_POINT('',#3874);
#1660=VERTEX_POINT('',#3875);
#1661=VERTEX_POINT('',#3877);
#1662=VERTEX_POINT('',#3879);
#1663=VERTEX_POINT('',#3881);
#1664=VERTEX_POINT('',#3883);
#1665=VERTEX_POINT('',#3885);
#1666=VERTEX_POINT('',#3887);
#1667=VERTEX_POINT('',#3889);
#1668=VERTEX_POINT('',#3891);
#1669=VERTEX_POINT('',#3893);
#1670=VERTEX_POINT('',#3895);
#1671=VERTEX_POINT('',#3897);
#1672=VERTEX_POINT('',#3899);
#1673=VERTEX_POINT('',#3901);
#1674=VERTEX_POINT('',#3903);
#1675=VERTEX_POINT('',#3905);
#1676=VERTEX_POINT('',#3907);
#1677=VERTEX_POINT('',#3909);
#1678=VERTEX_POINT('',#3911);
#1679=VERTEX_POINT('',#3913);
#1680=VERTEX_POINT('',#3915);
#1681=VERTEX_POINT('',#3917);
#1682=VERTEX_POINT('',#3919);
#1683=VERTEX_POINT('',#3921);
#1684=VERTEX_POINT('',#3923);
#1685=VERTEX_POINT('',#3927);
#1686=VERTEX_POINT('',#3929);
#1687=VERTEX_POINT('',#3933);
#1688=VERTEX_POINT('',#3937);
#1689=VERTEX_POINT('',#3941);
#1690=VERTEX_POINT('',#3945);
#1691=VERTEX_POINT('',#3949);
#1692=VERTEX_POINT('',#3953);
#1693=VERTEX_POINT('',#3957);
#1694=VERTEX_POINT('',#3961);
#1695=VERTEX_POINT('',#3965);
#1696=VERTEX_POINT('',#3969);
#1697=VERTEX_POINT('',#3973);
#1698=VERTEX_POINT('',#3977);
#1699=VERTEX_POINT('',#3981);
#1700=VERTEX_POINT('',#3985);
#1701=VERTEX_POINT('',#3989);
#1702=VERTEX_POINT('',#3993);
#1703=VERTEX_POINT('',#3997);
#1704=VERTEX_POINT('',#4001);
#1705=VERTEX_POINT('',#4005);
#1706=VERTEX_POINT('',#4009);
#1707=VERTEX_POINT('',#4013);
#1708=VERTEX_POINT('',#4017);
#1709=VERTEX_POINT('',#4021);
#1710=VERTEX_POINT('',#4025);
#1711=VERTEX_POINT('',#4031);
#1712=VERTEX_POINT('',#4032);
#1713=VERTEX_POINT('',#4037);
#1714=VERTEX_POINT('',#4039);
#1715=VERTEX_POINT('',#4041);
#1716=VERTEX_POINT('',#4046);
#1717=VERTEX_POINT('',#4050);
#1718=VERTEX_POINT('',#4059);
#1719=VERTEX_POINT('',#4060);
#1720=VERTEX_POINT('',#4062);
#1721=VERTEX_POINT('',#4066);
#1722=VERTEX_POINT('',#4069);
#1723=VERTEX_POINT('',#4072);
#1724=VERTEX_POINT('',#4074);
#1725=VERTEX_POINT('',#4080);
#1726=VERTEX_POINT('',#4084);
#1727=VERTEX_POINT('',#4088);
#1728=VERTEX_POINT('',#4090);
#1729=VERTEX_POINT('',#4094);
#1730=VERTEX_POINT('',#4096);
#1731=VERTEX_POINT('',#4100);
#1732=VERTEX_POINT('',#4104);
#1733=VERTEX_POINT('',#4112);
#1734=VERTEX_POINT('',#4113);
#1735=VERTEX_POINT('',#4118);
#1736=VERTEX_POINT('',#4127);
#1737=VERTEX_POINT('',#4131);
#1738=VERTEX_POINT('',#4134);
#1739=VERTEX_POINT('',#4138);
#1740=VERTEX_POINT('',#4146);
#1741=VERTEX_POINT('',#4147);
#1742=VERTEX_POINT('',#4152);
#1743=VERTEX_POINT('',#4161);
#1744=VERTEX_POINT('',#4165);
#1745=VERTEX_POINT('',#4170);
#1746=VERTEX_POINT('',#4172);
#1747=VERTEX_POINT('',#4174);
#1748=VERTEX_POINT('',#4176);
#1749=VERTEX_POINT('',#4181);
#1750=VERTEX_POINT('',#4183);
#1751=VERTEX_POINT('',#4186);
#1752=VERTEX_POINT('',#4188);
#1753=VERTEX_POINT('',#4191);
#1754=VERTEX_POINT('',#4194);
#1755=VERTEX_POINT('',#4197);
#1756=VERTEX_POINT('',#4198);
#1757=VERTEX_POINT('',#4200);
#1758=VERTEX_POINT('',#4202);
#1759=VERTEX_POINT('',#4206);
#1760=VERTEX_POINT('',#4208);
#1761=VERTEX_POINT('',#4212);
#1762=VERTEX_POINT('',#4214);
#1763=VERTEX_POINT('',#4218);
#1764=VERTEX_POINT('',#4219);
#1765=VERTEX_POINT('',#4224);
#1766=VERTEX_POINT('',#4227);
#1767=VERTEX_POINT('',#4230);
#1768=VERTEX_POINT('',#4234);
#1769=VERTEX_POINT('',#4236);
#1770=VERTEX_POINT('',#4241);
#1771=VERTEX_POINT('',#4247);
#1772=VERTEX_POINT('',#4249);
#1773=VERTEX_POINT('',#4253);
#1774=VERTEX_POINT('',#4257);
#1775=CIRCLE('',#2486,3.1);
#1776=CIRCLE('',#2487,2.4);
#1777=CIRCLE('',#2489,2.4);
#1778=CIRCLE('',#2490,3.1);
#1779=CIRCLE('',#2492,2.4);
#1780=CIRCLE('',#2493,3.1);
#1781=CIRCLE('',#2495,2.4);
#1782=CIRCLE('',#2497,2.4);
#1783=CIRCLE('',#2499,2.4);
#1784=CIRCLE('',#2500,3.1);
#1785=CIRCLE('',#2502,2.4);
#1786=CIRCLE('',#2504,3.1);
#1787=CIRCLE('',#2505,2.4);
#1788=CIRCLE('',#2507,2.4);
#1789=CIRCLE('',#2509,2.4);
#1790=CIRCLE('',#2511,3.1);
#1791=CIRCLE('',#2513,3.1);
#1792=CIRCLE('',#2515,3.1);
#1793=CIRCLE('',#2517,3.6);
#1794=CIRCLE('',#2518,3.1);
#1795=CIRCLE('',#2520,3.1);
#1796=CIRCLE('',#2522,3.1);
#1797=CIRCLE('',#2524,3.1);
#1798=CIRCLE('',#2526,3.1);
#1799=CIRCLE('',#2528,3.1);
#1800=CIRCLE('',#2530,6.);
#1801=CIRCLE('',#2533,3.1);
#1802=CIRCLE('',#2538,3.6);
#1803=CIRCLE('',#2541,3.6);
#1804=CIRCLE('',#2542,3.6);
#1805=CIRCLE('',#2543,3.6);
#1806=CIRCLE('',#2544,0.5);
#1807=CIRCLE('',#2545,0.5);
#1808=CIRCLE('',#2546,0.1);
#1809=CIRCLE('',#2547,2.4);
#1810=CIRCLE('',#2548,0.1);
#1811=CIRCLE('',#2549,0.5);
#1812=CIRCLE('',#2550,0.1);
#1813=CIRCLE('',#2551,2.4);
#1814=CIRCLE('',#2552,0.1);
#1815=CIRCLE('',#2553,0.5);
#1816=CIRCLE('',#2554,0.1);
#1817=CIRCLE('',#2555,2.4);
#1818=CIRCLE('',#2556,0.1);
#1819=CIRCLE('',#2557,0.5);
#1820=CIRCLE('',#2558,0.5);
#1821=CIRCLE('',#2559,3.6);
#1822=CIRCLE('',#2560,0.5);
#1823=CIRCLE('',#2561,0.5);
#1824=CIRCLE('',#2562,3.6);
#1825=CIRCLE('',#2563,0.5);
#1826=CIRCLE('',#2564,0.5);
#1827=CIRCLE('',#2567,3.6);
#1828=CIRCLE('',#2570,3.6);
#1829=CIRCLE('',#2572,0.5);
#1830=CIRCLE('',#2575,0.1);
#1831=CIRCLE('',#2577,2.4);
#1832=CIRCLE('',#2579,0.1);
#1833=CIRCLE('',#2582,0.5);
#1834=CIRCLE('',#2585,0.1);
#1835=CIRCLE('',#2587,2.4);
#1836=CIRCLE('',#2589,0.1);
#1837=CIRCLE('',#2592,0.5);
#1838=CIRCLE('',#2595,0.1);
#1839=CIRCLE('',#2597,2.4);
#1840=CIRCLE('',#2599,0.1);
#1841=CIRCLE('',#2602,0.5);
#1842=CIRCLE('',#2605,0.5);
#1843=CIRCLE('',#2607,3.6);
#1844=CIRCLE('',#2609,0.5);
#1845=CIRCLE('',#2612,0.5);
#1846=CIRCLE('',#2614,3.6);
#1847=CIRCLE('',#2616,0.5);
#1848=CIRCLE('',#2619,0.5);
#1849=CIRCLE('',#2621,3.6);
#1850=CIRCLE('',#2623,0.5);
#1851=CIRCLE('',#2626,3.1);
#1852=CIRCLE('',#2628,3.6);
#1853=CIRCLE('',#2629,3.6);
#1854=CIRCLE('',#2630,2.4);
#1855=CIRCLE('',#2631,0.5);
#1856=CIRCLE('',#2632,2.4);
#1857=CIRCLE('',#2633,0.5);
#1858=CIRCLE('',#2634,2.4);
#1859=CIRCLE('',#2635,0.5);
#1860=CIRCLE('',#2636,0.5);
#1861=CIRCLE('',#2637,3.6);
#1862=CIRCLE('',#2638,0.5);
#1863=CIRCLE('',#2639,0.5);
#1864=CIRCLE('',#2640,3.6);
#1865=CIRCLE('',#2641,0.5);
#1866=CIRCLE('',#2642,0.5);
#1867=CIRCLE('',#2643,3.6);
#1868=CIRCLE('',#2644,0.5);
#1869=CIRCLE('',#2645,0.5);
#1870=CIRCLE('',#2647,0.5);
#1871=CIRCLE('',#2650,2.4);
#1872=CIRCLE('',#2653,0.5);
#1873=CIRCLE('',#2656,2.4);
#1874=CIRCLE('',#2659,0.5);
#1875=CIRCLE('',#2662,0.5);
#1876=CIRCLE('',#2664,3.6);
#1877=CIRCLE('',#2666,0.5);
#1878=CIRCLE('',#2669,0.5);
#1879=CIRCLE('',#2671,3.6);
#1880=CIRCLE('',#2673,0.5);
#1881=CIRCLE('',#2676,0.5);
#1882=CIRCLE('',#2678,3.6);
#1883=CIRCLE('',#2680,0.5);
#1884=CIRCLE('',#2683,0.5);
#1885=CIRCLE('',#2686,2.4);
#1886=CIRCLE('',#2690,6.);
#1887=CIRCLE('',#2692,3.6);
#1888=CIRCLE('',#2695,3.6);
#1889=CIRCLE('',#2697,3.1);
#1890=CIRCLE('',#2699,3.1);
#1891=CIRCLE('',#2701,6.);
#1892=CIRCLE('',#2704,6.);
#1893=CIRCLE('',#2711,3.6);
#1894=CIRCLE('',#2714,3.6);
#1895=CIRCLE('',#2717,7.6);
#1896=CIRCLE('',#2719,3.6);
#1897=CIRCLE('',#2722,3.6);
#1898=CIRCLE('',#2725,7.6);
#1899=CIRCLE('',#2727,7.6);
#1900=CIRCLE('',#2728,7.6);
#1901=CIRCLE('',#2730,2.4);
#1902=CIRCLE('',#2731,2.4);
#1903=CIRCLE('',#2733,2.4);
#1904=CIRCLE('',#2734,2.4);
#1905=CIRCLE('',#2736,3.1);
#1906=CIRCLE('',#2738,3.1);
#1907=CIRCLE('',#2740,3.1);
#1908=CIRCLE('',#2741,3.1);
#1909=CIRCLE('',#2745,3.6);
#1910=CIRCLE('',#2747,3.1);
#1911=CIRCLE('',#2749,3.1);
#1912=CIRCLE('',#2755,3.6);
#1913=EDGE_LOOP('',(#497));
#1914=EDGE_LOOP('',(#498));
#1915=EDGE_LOOP('',(#499));
#1916=EDGE_LOOP('',(#500));
#1917=EDGE_LOOP('',(#501));
#1918=EDGE_LOOP('',(#502));
#1919=EDGE_LOOP('',(#503));
#1920=EDGE_LOOP('',(#504));
#1921=EDGE_LOOP('',(#505));
#1922=EDGE_LOOP('',(#506));
#1923=EDGE_LOOP('',(#507));
#1924=EDGE_LOOP('',(#508));
#1925=EDGE_LOOP('',(#509));
#1926=EDGE_LOOP('',(#510));
#1927=EDGE_LOOP('',(#511));
#1928=EDGE_LOOP('',(#512));
#1929=EDGE_LOOP('',(#513));
#1930=EDGE_LOOP('',(#514));
#1931=EDGE_LOOP('',(#515));
#1932=EDGE_LOOP('',(#516));
#1933=EDGE_LOOP('',(#517));
#1934=EDGE_LOOP('',(#518));
#1935=EDGE_LOOP('',(#519));
#1936=EDGE_LOOP('',(#520));
#1937=EDGE_LOOP('',(#521));
#1938=EDGE_LOOP('',(#522));
#1939=EDGE_LOOP('',(#523));
#1940=EDGE_LOOP('',(#524));
#1941=EDGE_LOOP('',(#525,#526,#527,#528,#529,#530));
#1942=EDGE_LOOP('',(#531));
#1943=EDGE_LOOP('',(#532));
#1944=EDGE_LOOP('',(#533));
#1945=EDGE_LOOP('',(#534));
#1946=EDGE_LOOP('',(#535));
#1947=EDGE_LOOP('',(#536));
#1948=EDGE_LOOP('',(#537));
#1949=EDGE_LOOP('',(#538));
#1950=EDGE_LOOP('',(#539));
#1951=EDGE_LOOP('',(#540));
#1952=EDGE_LOOP('',(#541));
#1953=EDGE_LOOP('',(#542,#543,#544,#545));
#1954=EDGE_LOOP('',(#546,#547,#548,#549));
#1955=EDGE_LOOP('',(#550,#551,#552,#553));
#1956=EDGE_LOOP('',(#554,#555,#556,#557));
#1957=EDGE_LOOP('',(#558,#559,#560,#561));
#1958=EDGE_LOOP('',(#562,#563,#564,#565));
#1959=EDGE_LOOP('',(#566));
#1960=EDGE_LOOP('',(#567));
#1961=EDGE_LOOP('',(#568,#569,#570,#571));
#1962=EDGE_LOOP('',(#572,#573,#574,#575));
#1963=EDGE_LOOP('',(#576));
#1964=EDGE_LOOP('',(#577,#578,#579,#580));
#1965=EDGE_LOOP('',(#581,#582,#583,#584,#585,#586,#587,#588,#589,#590,#591,
#592,#593,#594,#595,#596,#597,#598,#599,#600,#601,#602,#603,#604,#605,#606,
#607,#608,#609,#610,#611,#612));
#1966=EDGE_LOOP('',(#613,#614,#615,#616));
#1967=EDGE_LOOP('',(#617,#618,#619));
#1968=EDGE_LOOP('',(#620,#621,#622,#623));
#1969=EDGE_LOOP('',(#624,#625,#626));
#1970=EDGE_LOOP('',(#627,#628,#629,#630));
#1971=EDGE_LOOP('',(#631,#632,#633,#634));
#1972=EDGE_LOOP('',(#635,#636,#637,#638));
#1973=EDGE_LOOP('',(#639,#640,#641,#642));
#1974=EDGE_LOOP('',(#643,#644,#645,#646));
#1975=EDGE_LOOP('',(#647,#648,#649,#650));
#1976=EDGE_LOOP('',(#651,#652,#653,#654));
#1977=EDGE_LOOP('',(#655,#656,#657,#658));
#1978=EDGE_LOOP('',(#659,#660,#661,#662));
#1979=EDGE_LOOP('',(#663,#664,#665,#666));
#1980=EDGE_LOOP('',(#667,#668,#669,#670));
#1981=EDGE_LOOP('',(#671,#672,#673,#674));
#1982=EDGE_LOOP('',(#675,#676,#677,#678));
#1983=EDGE_LOOP('',(#679,#680,#681,#682));
#1984=EDGE_LOOP('',(#683,#684,#685,#686));
#1985=EDGE_LOOP('',(#687,#688,#689,#690));
#1986=EDGE_LOOP('',(#691,#692,#693,#694));
#1987=EDGE_LOOP('',(#695,#696,#697,#698));
#1988=EDGE_LOOP('',(#699,#700,#701,#702));
#1989=EDGE_LOOP('',(#703,#704,#705,#706));
#1990=EDGE_LOOP('',(#707,#708,#709,#710));
#1991=EDGE_LOOP('',(#711,#712,#713,#714));
#1992=EDGE_LOOP('',(#715,#716,#717,#718));
#1993=EDGE_LOOP('',(#719,#720,#721,#722));
#1994=EDGE_LOOP('',(#723,#724,#725,#726));
#1995=EDGE_LOOP('',(#727,#728,#729,#730));
#1996=EDGE_LOOP('',(#731,#732,#733,#734));
#1997=EDGE_LOOP('',(#735,#736,#737,#738));
#1998=EDGE_LOOP('',(#739,#740,#741,#742));
#1999=EDGE_LOOP('',(#743,#744,#745,#746));
#2000=EDGE_LOOP('',(#747,#748,#749,#750));
#2001=EDGE_LOOP('',(#751,#752,#753,#754));
#2002=EDGE_LOOP('',(#755));
#2003=EDGE_LOOP('',(#756));
#2004=EDGE_LOOP('',(#757));
#2005=EDGE_LOOP('',(#758,#759,#760,#761));
#2006=EDGE_LOOP('',(#762,#763,#764,#765,#766,#767,#768,#769,#770,#771,#772,
#773,#774,#775,#776,#777,#778,#779,#780,#781,#782,#783,#784,#785,#786,#787));
#2007=EDGE_LOOP('',(#788,#789,#790,#791));
#2008=EDGE_LOOP('',(#792,#793,#794,#795));
#2009=EDGE_LOOP('',(#796,#797,#798,#799));
#2010=EDGE_LOOP('',(#800,#801,#802,#803));
#2011=EDGE_LOOP('',(#804,#805,#806,#807));
#2012=EDGE_LOOP('',(#808,#809,#810,#811));
#2013=EDGE_LOOP('',(#812,#813,#814,#815));
#2014=EDGE_LOOP('',(#816,#817,#818,#819));
#2015=EDGE_LOOP('',(#820,#821,#822,#823));
#2016=EDGE_LOOP('',(#824,#825,#826,#827));
#2017=EDGE_LOOP('',(#828,#829,#830,#831));
#2018=EDGE_LOOP('',(#832,#833,#834,#835));
#2019=EDGE_LOOP('',(#836,#837,#838,#839));
#2020=EDGE_LOOP('',(#840,#841,#842,#843));
#2021=EDGE_LOOP('',(#844,#845,#846,#847));
#2022=EDGE_LOOP('',(#848,#849,#850,#851));
#2023=EDGE_LOOP('',(#852,#853,#854,#855));
#2024=EDGE_LOOP('',(#856,#857,#858,#859));
#2025=EDGE_LOOP('',(#860,#861,#862,#863));
#2026=EDGE_LOOP('',(#864,#865,#866,#867));
#2027=EDGE_LOOP('',(#868,#869,#870,#871));
#2028=EDGE_LOOP('',(#872,#873,#874,#875));
#2029=EDGE_LOOP('',(#876,#877,#878,#879));
#2030=EDGE_LOOP('',(#880,#881,#882,#883));
#2031=EDGE_LOOP('',(#884,#885,#886,#887));
#2032=EDGE_LOOP('',(#888,#889,#890,#891));
#2033=EDGE_LOOP('',(#892,#893,#894,#895));
#2034=EDGE_LOOP('',(#896,#897,#898,#899,#900,#901,#902,#903));
#2035=EDGE_LOOP('',(#904,#905,#906));
#2036=EDGE_LOOP('',(#907,#908,#909,#910));
#2037=EDGE_LOOP('',(#911,#912,#913));
#2038=EDGE_LOOP('',(#914));
#2039=EDGE_LOOP('',(#915));
#2040=EDGE_LOOP('',(#916));
#2041=EDGE_LOOP('',(#917));
#2042=EDGE_LOOP('',(#918,#919,#920,#921));
#2043=EDGE_LOOP('',(#922,#923,#924,#925,#926,#927,#928,#929));
#2044=EDGE_LOOP('',(#930,#931,#932,#933));
#2045=EDGE_LOOP('',(#934,#935,#936,#937,#938,#939,#940,#941));
#2046=EDGE_LOOP('',(#942,#943,#944,#945,#946,#947,#948));
#2047=EDGE_LOOP('',(#949,#950,#951,#952));
#2048=EDGE_LOOP('',(#953,#954,#955,#956,#957,#958,#959));
#2049=EDGE_LOOP('',(#960,#961,#962,#963,#964));
#2050=EDGE_LOOP('',(#965,#966,#967,#968));
#2051=EDGE_LOOP('',(#969,#970,#971,#972,#973));
#2052=EDGE_LOOP('',(#974));
#2053=EDGE_LOOP('',(#975,#976,#977,#978,#979,#980,#981,#982,#983,#984,#985,
#986,#987,#988,#989,#990,#991,#992,#993,#994,#995,#996,#997,#998,#999,#1000,
#1001,#1002,#1003,#1004,#1005,#1006));
#2054=EDGE_LOOP('',(#1007,#1008,#1009,#1010,#1011,#1012,#1013,#1014,#1015,
#1016,#1017,#1018,#1019));
#2055=EDGE_LOOP('',(#1020,#1021,#1022,#1023));
#2056=EDGE_LOOP('',(#1024,#1025,#1026,#1027,#1028));
#2057=EDGE_LOOP('',(#1029,#1030,#1031,#1032));
#2058=EDGE_LOOP('',(#1033,#1034,#1035,#1036,#1037));
#2059=EDGE_LOOP('',(#1038));
#2060=EDGE_LOOP('',(#1039,#1040,#1041,#1042,#1043,#1044,#1045,#1046,#1047,
#1048,#1049,#1050,#1051));
#2061=EDGE_LOOP('',(#1052,#1053,#1054,#1055,#1056,#1057,#1058,#1059,#1060,
#1061,#1062,#1063,#1064,#1065,#1066,#1067,#1068,#1069,#1070,#1071,#1072,
#1073,#1074,#1075,#1076,#1077));
#2062=EDGE_LOOP('',(#1078,#1079,#1080,#1081,#1082,#1083,#1084,#1085,#1086,
#1087,#1088,#1089,#1090,#1091,#1092,#1093,#1094,#1095,#1096,#1097));
#2063=EDGE_LOOP('',(#1098));
#2064=EDGE_LOOP('',(#1099));
#2065=EDGE_LOOP('',(#1100));
#2066=EDGE_LOOP('',(#1101));
#2067=EDGE_LOOP('',(#1102));
#2068=EDGE_LOOP('',(#1103));
#2069=EDGE_LOOP('',(#1104));
#2070=EDGE_LOOP('',(#1105));
#2071=EDGE_LOOP('',(#1106,#1107,#1108,#1109));
#2072=EDGE_LOOP('',(#1110,#1111,#1112,#1113));
#2073=EDGE_LOOP('',(#1114,#1115,#1116,#1117));
#2074=EDGE_LOOP('',(#1118));
#2075=EDGE_LOOP('',(#1119));
#2076=EDGE_LOOP('',(#1120,#1121,#1122,#1123,#1124,#1125));
#2077=EDGE_LOOP('',(#1126));
#2078=EDGE_LOOP('',(#1127));
#2079=EDGE_LOOP('',(#1128));
#2080=EDGE_LOOP('',(#1129));
#2081=EDGE_LOOP('',(#1130,#1131,#1132,#1133));
#2082=EDGE_LOOP('',(#1134,#1135,#1136,#1137,#1138,#1139,#1140,#1141,#1142,
#1143,#1144,#1145,#1146,#1147));
#2083=EDGE_LOOP('',(#1148));
#2084=EDGE_LOOP('',(#1149,#1150,#1151,#1152,#1153,#1154,#1155,#1156));
#2085=EDGE_LOOP('',(#1157,#1158,#1159,#1160));
#2086=EDGE_LOOP('',(#1161,#1162,#1163,#1164));
#2087=EDGE_LOOP('',(#1165,#1166,#1167,#1168,#1169,#1170,#1171));
#2088=EDGE_LOOP('',(#1172));
#2089=EDGE_LOOP('',(#1173));
#2090=EDGE_LOOP('',(#1174,#1175,#1176,#1177));
#2091=EDGE_LOOP('',(#1178,#1179,#1180,#1181,#1182,#1183,#1184));
#2092=EDGE_LOOP('',(#1185,#1186,#1187,#1188));
#2093=FACE_BOUND('',#1913,.T.);
#2094=FACE_BOUND('',#1914,.T.);
#2095=FACE_BOUND('',#1915,.T.);
#2096=FACE_BOUND('',#1916,.T.);
#2097=FACE_BOUND('',#1917,.T.);
#2098=FACE_BOUND('',#1918,.T.);
#2099=FACE_BOUND('',#1919,.T.);
#2100=FACE_BOUND('',#1920,.T.);
#2101=FACE_BOUND('',#1921,.T.);
#2102=FACE_BOUND('',#1922,.T.);
#2103=FACE_BOUND('',#1923,.T.);
#2104=FACE_BOUND('',#1924,.T.);
#2105=FACE_BOUND('',#1925,.T.);
#2106=FACE_BOUND('',#1926,.T.);
#2107=FACE_BOUND('',#1927,.T.);
#2108=FACE_BOUND('',#1928,.T.);
#2109=FACE_BOUND('',#1929,.T.);
#2110=FACE_BOUND('',#1930,.T.);
#2111=FACE_BOUND('',#1931,.T.);
#2112=FACE_BOUND('',#1932,.T.);
#2113=FACE_BOUND('',#1933,.T.);
#2114=FACE_BOUND('',#1934,.T.);
#2115=FACE_BOUND('',#1935,.T.);
#2116=FACE_BOUND('',#1936,.T.);
#2117=FACE_BOUND('',#1937,.T.);
#2118=FACE_BOUND('',#1938,.T.);
#2119=FACE_BOUND('',#1939,.T.);
#2120=FACE_BOUND('',#1940,.T.);
#2121=FACE_BOUND('',#1941,.T.);
#2122=FACE_BOUND('',#1942,.T.);
#2123=FACE_BOUND('',#1943,.T.);
#2124=FACE_BOUND('',#1944,.T.);
#2125=FACE_BOUND('',#1945,.T.);
#2126=FACE_BOUND('',#1946,.T.);
#2127=FACE_BOUND('',#1947,.T.);
#2128=FACE_BOUND('',#1948,.T.);
#2129=FACE_BOUND('',#1949,.T.);
#2130=FACE_BOUND('',#1950,.T.);
#2131=FACE_BOUND('',#1951,.T.);
#2132=FACE_BOUND('',#1952,.T.);
#2133=FACE_BOUND('',#1953,.T.);
#2134=FACE_BOUND('',#1954,.T.);
#2135=FACE_BOUND('',#1955,.T.);
#2136=FACE_BOUND('',#1956,.T.);
#2137=FACE_BOUND('',#1957,.T.);
#2138=FACE_BOUND('',#1958,.T.);
#2139=FACE_BOUND('',#1959,.T.);
#2140=FACE_BOUND('',#1960,.T.);
#2141=FACE_BOUND('',#1961,.T.);
#2142=FACE_BOUND('',#1962,.T.);
#2143=FACE_BOUND('',#1963,.T.);
#2144=FACE_BOUND('',#1964,.T.);
#2145=FACE_BOUND('',#1965,.T.);
#2146=FACE_BOUND('',#1966,.T.);
#2147=FACE_BOUND('',#1967,.T.);
#2148=FACE_BOUND('',#1968,.T.);
#2149=FACE_BOUND('',#1969,.T.);
#2150=FACE_BOUND('',#1970,.T.);
#2151=FACE_BOUND('',#1971,.T.);
#2152=FACE_BOUND('',#1972,.T.);
#2153=FACE_BOUND('',#1973,.T.);
#2154=FACE_BOUND('',#1974,.T.);
#2155=FACE_BOUND('',#1975,.T.);
#2156=FACE_BOUND('',#1976,.T.);
#2157=FACE_BOUND('',#1977,.T.);
#2158=FACE_BOUND('',#1978,.T.);
#2159=FACE_BOUND('',#1979,.T.);
#2160=FACE_BOUND('',#1980,.T.);
#2161=FACE_BOUND('',#1981,.T.);
#2162=FACE_BOUND('',#1982,.T.);
#2163=FACE_BOUND('',#1983,.T.);
#2164=FACE_BOUND('',#1984,.T.);
#2165=FACE_BOUND('',#1985,.T.);
#2166=FACE_BOUND('',#1986,.T.);
#2167=FACE_BOUND('',#1987,.T.);
#2168=FACE_BOUND('',#1988,.T.);
#2169=FACE_BOUND('',#1989,.T.);
#2170=FACE_BOUND('',#1990,.T.);
#2171=FACE_BOUND('',#1991,.T.);
#2172=FACE_BOUND('',#1992,.T.);
#2173=FACE_BOUND('',#1993,.T.);
#2174=FACE_BOUND('',#1994,.T.);
#2175=FACE_BOUND('',#1995,.T.);
#2176=FACE_BOUND('',#1996,.T.);
#2177=FACE_BOUND('',#1997,.T.);
#2178=FACE_BOUND('',#1998,.T.);
#2179=FACE_BOUND('',#1999,.T.);
#2180=FACE_BOUND('',#2000,.T.);
#2181=FACE_BOUND('',#2001,.T.);
#2182=FACE_BOUND('',#2002,.T.);
#2183=FACE_BOUND('',#2003,.T.);
#2184=FACE_BOUND('',#2004,.T.);
#2185=FACE_BOUND('',#2005,.T.);
#2186=FACE_BOUND('',#2006,.T.);
#2187=FACE_BOUND('',#2007,.T.);
#2188=FACE_BOUND('',#2008,.T.);
#2189=FACE_BOUND('',#2009,.T.);
#2190=FACE_BOUND('',#2010,.T.);
#2191=FACE_BOUND('',#2011,.T.);
#2192=FACE_BOUND('',#2012,.T.);
#2193=FACE_BOUND('',#2013,.T.);
#2194=FACE_BOUND('',#2014,.T.);
#2195=FACE_BOUND('',#2015,.T.);
#2196=FACE_BOUND('',#2016,.T.);
#2197=FACE_BOUND('',#2017,.T.);
#2198=FACE_BOUND('',#2018,.T.);
#2199=FACE_BOUND('',#2019,.T.);
#2200=FACE_BOUND('',#2020,.T.);
#2201=FACE_BOUND('',#2021,.T.);
#2202=FACE_BOUND('',#2022,.T.);
#2203=FACE_BOUND('',#2023,.T.);
#2204=FACE_BOUND('',#2024,.T.);
#2205=FACE_BOUND('',#2025,.T.);
#2206=FACE_BOUND('',#2026,.T.);
#2207=FACE_BOUND('',#2027,.T.);
#2208=FACE_BOUND('',#2028,.T.);
#2209=FACE_BOUND('',#2029,.T.);
#2210=FACE_BOUND('',#2030,.T.);
#2211=FACE_BOUND('',#2031,.T.);
#2212=FACE_BOUND('',#2032,.T.);
#2213=FACE_BOUND('',#2033,.T.);
#2214=FACE_BOUND('',#2034,.T.);
#2215=FACE_BOUND('',#2035,.T.);
#2216=FACE_BOUND('',#2036,.T.);
#2217=FACE_BOUND('',#2037,.T.);
#2218=FACE_BOUND('',#2038,.T.);
#2219=FACE_BOUND('',#2039,.T.);
#2220=FACE_BOUND('',#2040,.T.);
#2221=FACE_BOUND('',#2041,.T.);
#2222=FACE_BOUND('',#2042,.T.);
#2223=FACE_BOUND('',#2043,.T.);
#2224=FACE_BOUND('',#2044,.T.);
#2225=FACE_BOUND('',#2045,.T.);
#2226=FACE_BOUND('',#2046,.T.);
#2227=FACE_BOUND('',#2047,.T.);
#2228=FACE_BOUND('',#2048,.T.);
#2229=FACE_BOUND('',#2049,.T.);
#2230=FACE_BOUND('',#2050,.T.);
#2231=FACE_BOUND('',#2051,.T.);
#2232=FACE_BOUND('',#2052,.T.);
#2233=FACE_BOUND('',#2053,.T.);
#2234=FACE_BOUND('',#2054,.T.);
#2235=FACE_BOUND('',#2055,.T.);
#2236=FACE_BOUND('',#2056,.T.);
#2237=FACE_BOUND('',#2057,.T.);
#2238=FACE_BOUND('',#2058,.T.);
#2239=FACE_BOUND('',#2059,.T.);
#2240=FACE_BOUND('',#2060,.T.);
#2241=FACE_BOUND('',#2061,.T.);
#2242=FACE_BOUND('',#2062,.T.);
#2243=FACE_BOUND('',#2063,.T.);
#2244=FACE_BOUND('',#2064,.T.);
#2245=FACE_BOUND('',#2065,.T.);
#2246=FACE_BOUND('',#2066,.T.);
#2247=FACE_BOUND('',#2067,.T.);
#2248=FACE_BOUND('',#2068,.T.);
#2249=FACE_BOUND('',#2069,.T.);
#2250=FACE_BOUND('',#2070,.T.);
#2251=FACE_BOUND('',#2071,.T.);
#2252=FACE_BOUND('',#2072,.T.);
#2253=FACE_BOUND('',#2073,.T.);
#2254=FACE_BOUND('',#2074,.T.);
#2255=FACE_BOUND('',#2075,.T.);
#2256=FACE_BOUND('',#2076,.T.);
#2257=FACE_BOUND('',#2077,.T.);
#2258=FACE_BOUND('',#2078,.T.);
#2259=FACE_BOUND('',#2079,.T.);
#2260=FACE_BOUND('',#2080,.T.);
#2261=FACE_BOUND('',#2081,.T.);
#2262=FACE_BOUND('',#2082,.T.);
#2263=FACE_BOUND('',#2083,.T.);
#2264=FACE_BOUND('',#2084,.T.);
#2265=FACE_BOUND('',#2085,.T.);
#2266=FACE_BOUND('',#2086,.T.);
#2267=FACE_BOUND('',#2087,.T.);
#2268=FACE_BOUND('',#2088,.T.);
#2269=FACE_BOUND('',#2089,.T.);
#2270=FACE_BOUND('',#2090,.T.);
#2271=FACE_BOUND('',#2091,.T.);
#2272=FACE_BOUND('',#2092,.T.);
#2273=PLANE('',#2485);
#2274=PLANE('',#2488);
#2275=PLANE('',#2491);
#2276=PLANE('',#2498);
#2277=PLANE('',#2503);
#2278=PLANE('',#2516);
#2279=PLANE('',#2521);
#2280=PLANE('',#2525);
#2281=PLANE('',#2527);
#2282=PLANE('',#2529);
#2283=PLANE('',#2531);
#2284=PLANE('',#2534);
#2285=PLANE('',#2535);
#2286=PLANE('',#2536);
#2287=PLANE('',#2537);
#2288=PLANE('',#2540);
#2289=PLANE('',#2565);
#2290=PLANE('',#2568);
#2291=PLANE('',#2573);
#2292=PLANE('',#2580);
#2293=PLANE('',#2583);
#2294=PLANE('',#2590);
#2295=PLANE('',#2593);
#2296=PLANE('',#2600);
#2297=PLANE('',#2603);
#2298=PLANE('',#2610);
#2299=PLANE('',#2617);
#2300=PLANE('',#2624);
#2301=PLANE('',#2627);
#2302=PLANE('',#2648);
#2303=PLANE('',#2651);
#2304=PLANE('',#2654);
#2305=PLANE('',#2657);
#2306=PLANE('',#2660);
#2307=PLANE('',#2667);
#2308=PLANE('',#2674);
#2309=PLANE('',#2681);
#2310=PLANE('',#2684);
#2311=PLANE('',#2687);
#2312=PLANE('',#2688);
#2313=PLANE('',#2693);
#2314=PLANE('',#2702);
#2315=PLANE('',#2705);
#2316=PLANE('',#2706);
#2317=PLANE('',#2707);
#2318=PLANE('',#2709);
#2319=PLANE('',#2712);
#2320=PLANE('',#2715);
#2321=PLANE('',#2716);
#2322=PLANE('',#2720);
#2323=PLANE('',#2723);
#2324=PLANE('',#2735);
#2325=PLANE('',#2737);
#2326=PLANE('',#2742);
#2327=PLANE('',#2743);
#2328=PLANE('',#2744);
#2329=PLANE('',#2750);
#2330=PLANE('',#2751);
#2331=PLANE('',#2752);
#2332=PLANE('',#2753);
#2333=PLANE('',#2756);
#2334=PLANE('',#2757);
#2335=PLANE('',#2758);
#2336=PLANE('',#2759);
#2337=ADVANCED_FACE('',(#2093,#2094),#2273,.F.);
#2338=ADVANCED_FACE('',(#2095,#2096),#2274,.F.);
#2339=ADVANCED_FACE('',(#2097,#2098),#2275,.F.);
#2340=ADVANCED_FACE('',(#2099,#2100),#426,.F.);
#2341=ADVANCED_FACE('',(#2101,#2102),#427,.F.);
#2342=ADVANCED_FACE('',(#2103,#2104),#2276,.F.);
#2343=ADVANCED_FACE('',(#2105,#2106),#428,.F.);
#2344=ADVANCED_FACE('',(#2107,#2108),#2277,.F.);
#2345=ADVANCED_FACE('',(#2109,#2110),#429,.F.);
#2346=ADVANCED_FACE('',(#2111,#2112),#430,.F.);
#2347=ADVANCED_FACE('',(#2113,#2114),#431,.F.);
#2348=ADVANCED_FACE('',(#2115,#2116),#432,.F.);
#2349=ADVANCED_FACE('',(#2117,#2118),#433,.F.);
#2350=ADVANCED_FACE('',(#2119,#2120,#2121),#2278,.T.);
#2351=ADVANCED_FACE('',(#2122,#2123),#434,.F.);
#2352=ADVANCED_FACE('',(#2124,#2125),#2279,.F.);
#2353=ADVANCED_FACE('',(#2126,#2127),#435,.F.);
#2354=ADVANCED_FACE('',(#2128,#2129),#2280,.F.);
#2355=ADVANCED_FACE('',(#2130,#2131),#2281,.F.);
#2356=ADVANCED_FACE('',(#2132,#2133),#2282,.T.);
#2357=ADVANCED_FACE('',(#2134),#2283,.F.);
#2358=ADVANCED_FACE('',(#2135),#436,.F.);
#2359=ADVANCED_FACE('',(#2136),#2284,.F.);
#2360=ADVANCED_FACE('',(#2137),#2285,.T.);
#2361=ADVANCED_FACE('',(#2138),#2286,.T.);
#2362=ADVANCED_FACE('',(#2139,#2140,#2141),#2287,.T.);
#2363=ADVANCED_FACE('',(#2142),#437,.T.);
#2364=ADVANCED_FACE('',(#2143,#2144,#2145),#2288,.F.);
#2365=ADVANCED_FACE('',(#2146),#2289,.T.);
#2366=ADVANCED_FACE('',(#2147),#438,.T.);
#2367=ADVANCED_FACE('',(#2148),#2290,.T.);
#2368=ADVANCED_FACE('',(#2149),#439,.T.);
#2369=ADVANCED_FACE('',(#2150),#440,.T.);
#2370=ADVANCED_FACE('',(#2151),#2291,.T.);
#2371=ADVANCED_FACE('',(#2152),#441,.F.);
#2372=ADVANCED_FACE('',(#2153),#442,.F.);
#2373=ADVANCED_FACE('',(#2154),#443,.F.);
#2374=ADVANCED_FACE('',(#2155),#2292,.T.);
#2375=ADVANCED_FACE('',(#2156),#444,.T.);
#2376=ADVANCED_FACE('',(#2157),#2293,.T.);
#2377=ADVANCED_FACE('',(#2158),#445,.F.);
#2378=ADVANCED_FACE('',(#2159),#446,.F.);
#2379=ADVANCED_FACE('',(#2160),#447,.F.);
#2380=ADVANCED_FACE('',(#2161),#2294,.T.);
#2381=ADVANCED_FACE('',(#2162),#448,.T.);
#2382=ADVANCED_FACE('',(#2163),#2295,.T.);
#2383=ADVANCED_FACE('',(#2164),#449,.F.);
#2384=ADVANCED_FACE('',(#2165),#450,.F.);
#2385=ADVANCED_FACE('',(#2166),#451,.F.);
#2386=ADVANCED_FACE('',(#2167),#2296,.T.);
#2387=ADVANCED_FACE('',(#2168),#452,.T.);
#2388=ADVANCED_FACE('',(#2169),#2297,.T.);
#2389=ADVANCED_FACE('',(#2170),#453,.T.);
#2390=ADVANCED_FACE('',(#2171),#454,.T.);
#2391=ADVANCED_FACE('',(#2172),#455,.F.);
#2392=ADVANCED_FACE('',(#2173),#2298,.T.);
#2393=ADVANCED_FACE('',(#2174),#456,.F.);
#2394=ADVANCED_FACE('',(#2175),#457,.T.);
#2395=ADVANCED_FACE('',(#2176),#458,.F.);
#2396=ADVANCED_FACE('',(#2177),#2299,.T.);
#2397=ADVANCED_FACE('',(#2178),#459,.F.);
#2398=ADVANCED_FACE('',(#2179),#460,.T.);
#2399=ADVANCED_FACE('',(#2180),#461,.T.);
#2400=ADVANCED_FACE('',(#2181),#2300,.T.);
#2401=ADVANCED_FACE('',(#2182,#2183),#462,.F.);
#2402=ADVANCED_FACE('',(#2184,#2185,#2186),#2301,.F.);
#2403=ADVANCED_FACE('',(#2187),#463,.T.);
#2404=ADVANCED_FACE('',(#2188),#2302,.T.);
#2405=ADVANCED_FACE('',(#2189),#464,.F.);
#2406=ADVANCED_FACE('',(#2190),#2303,.T.);
#2407=ADVANCED_FACE('',(#2191),#465,.T.);
#2408=ADVANCED_FACE('',(#2192),#2304,.T.);
#2409=ADVANCED_FACE('',(#2193),#466,.F.);
#2410=ADVANCED_FACE('',(#2194),#2305,.T.);
#2411=ADVANCED_FACE('',(#2195),#467,.T.);
#2412=ADVANCED_FACE('',(#2196),#2306,.T.);
#2413=ADVANCED_FACE('',(#2197),#468,.T.);
#2414=ADVANCED_FACE('',(#2198),#469,.T.);
#2415=ADVANCED_FACE('',(#2199),#470,.F.);
#2416=ADVANCED_FACE('',(#2200),#2307,.T.);
#2417=ADVANCED_FACE('',(#2201),#471,.F.);
#2418=ADVANCED_FACE('',(#2202),#472,.T.);
#2419=ADVANCED_FACE('',(#2203),#473,.F.);
#2420=ADVANCED_FACE('',(#2204),#2308,.T.);
#2421=ADVANCED_FACE('',(#2205),#474,.F.);
#2422=ADVANCED_FACE('',(#2206),#475,.T.);
#2423=ADVANCED_FACE('',(#2207),#476,.T.);
#2424=ADVANCED_FACE('',(#2208),#2309,.T.);
#2425=ADVANCED_FACE('',(#2209),#477,.T.);
#2426=ADVANCED_FACE('',(#2210),#2310,.T.);
#2427=ADVANCED_FACE('',(#2211),#478,.F.);
#2428=ADVANCED_FACE('',(#2212),#2311,.T.);
#2429=ADVANCED_FACE('',(#2213),#2312,.T.);
#2430=ADVANCED_FACE('',(#2214),#479,.F.);
#2431=ADVANCED_FACE('',(#2215),#480,.T.);
#2432=ADVANCED_FACE('',(#2216),#2313,.T.);
#2433=ADVANCED_FACE('',(#2217),#481,.T.);
#2434=ADVANCED_FACE('',(#2218,#2219),#482,.F.);
#2435=ADVANCED_FACE('',(#2220,#2221),#483,.F.);
#2436=ADVANCED_FACE('',(#2222),#484,.F.);
#2437=ADVANCED_FACE('',(#2223),#2314,.F.);
#2438=ADVANCED_FACE('',(#2224),#485,.F.);
#2439=ADVANCED_FACE('',(#2225),#2315,.T.);
#2440=ADVANCED_FACE('',(#2226),#2316,.F.);
#2441=ADVANCED_FACE('',(#2227),#2317,.T.);
#2442=ADVANCED_FACE('',(#2228),#2318,.T.);
#2443=ADVANCED_FACE('',(#2229),#486,.T.);
#2444=ADVANCED_FACE('',(#2230),#2319,.T.);
#2445=ADVANCED_FACE('',(#2231),#487,.T.);
#2446=ADVANCED_FACE('',(#2232,#2233,#2234),#2320,.F.);
#2447=ADVANCED_FACE('',(#2235),#2321,.T.);
#2448=ADVANCED_FACE('',(#2236),#488,.T.);
#2449=ADVANCED_FACE('',(#2237),#2322,.T.);
#2450=ADVANCED_FACE('',(#2238),#489,.T.);
#2451=ADVANCED_FACE('',(#2239,#2240,#2241),#2323,.F.);
#2452=ADVANCED_FACE('',(#2242),#490,.T.);
#2453=ADVANCED_FACE('',(#2243,#2244),#491,.F.);
#2454=ADVANCED_FACE('',(#2245,#2246),#492,.F.);
#2455=ADVANCED_FACE('',(#2247,#2248),#2324,.F.);
#2456=ADVANCED_FACE('',(#2249,#2250),#2325,.F.);
#2457=ADVANCED_FACE('',(#2251),#493,.F.);
#2458=ADVANCED_FACE('',(#2252),#2326,.F.);
#2459=ADVANCED_FACE('',(#2253),#2327,.F.);
#2460=ADVANCED_FACE('',(#2254,#2255,#2256),#2328,.T.);
#2461=ADVANCED_FACE('',(#2257,#2258),#494,.F.);
#2462=ADVANCED_FACE('',(#2259,#2260),#495,.F.);
#2463=ADVANCED_FACE('',(#2261),#2329,.T.);
#2464=ADVANCED_FACE('',(#2262,#2263),#2330,.F.);
#2465=ADVANCED_FACE('',(#2264),#2331,.T.);
#2466=ADVANCED_FACE('',(#2265),#2332,.T.);
#2467=ADVANCED_FACE('',(#2266),#496,.T.);
#2468=ADVANCED_FACE('',(#2267),#2333,.T.);
#2469=ADVANCED_FACE('',(#2268,#2269,#2270),#2334,.T.);
#2470=ADVANCED_FACE('',(#2271),#2335,.F.);
#2471=ADVANCED_FACE('',(#2272),#2336,.T.);
#2472=CLOSED_SHELL('',(#2337,#2338,#2339,#2340,#2341,#2342,#2343,#2344,
#2345,#2346,#2347,#2348,#2349,#2350,#2351,#2352,#2353,#2354,#2355,#2356,
#2357,#2358,#2359,#2360,#2361,#2362,#2363,#2364,#2365,#2366,#2367,#2368,
#2369,#2370,#2371,#2372,#2373,#2374,#2375,#2376,#2377,#2378,#2379,#2380,
#2381,#2382,#2383,#2384,#2385,#2386,#2387,#2388,#2389,#2390,#2391,#2392,
#2393,#2394,#2395,#2396,#2397,#2398,#2399,#2400,#2401,#2402,#2403,#2404,
#2405,#2406,#2407,#2408,#2409,#2410,#2411,#2412,#2413,#2414,#2415,#2416,
#2417,#2418,#2419,#2420,#2421,#2422,#2423,#2424,#2425,#2426,#2427,#2428,
#2429,#2430,#2431,#2432,#2433,#2434,#2435,#2436,#2437,#2438,#2439,#2440,
#2441,#2442,#2443,#2444,#2445,#2446,#2447,#2448,#2449,#2450,#2451,#2452,
#2453,#2454,#2455,#2456,#2457,#2458,#2459,#2460,#2461,#2462,#2463,#2464,
#2465,#2466,#2467,#2468,#2469,#2470,#2471));
#2473=STYLED_ITEM('',(#2474),#2481);
#2474=PRESENTATION_STYLE_ASSIGNMENT((#2475));
#2475=SURFACE_STYLE_USAGE(.BOTH.,#2476);
#2476=SURFACE_SIDE_STYLE('',(#2477));
#2477=SURFACE_STYLE_FILL_AREA(#2478);
#2478=FILL_AREA_STYLE('',(#2479));
#2479=FILL_AREA_STYLE_COLOUR('',#2480);
#2480=COLOUR_RGB('',0.5,0.5,0.5);
#2481=MANIFOLD_SOLID_BREP('',#2472);
#2482=SHAPE_DEFINITION_REPRESENTATION(#4268,#2483);
#2483=SHAPE_REPRESENTATION('Gray_4528038_AVV',(#2484),#4263);
#2484=AXIS2_PLACEMENT_3D('',#3510,#2760,#2761);
#2485=AXIS2_PLACEMENT_3D('',#3511,#2762,#2763);
#2486=AXIS2_PLACEMENT_3D('',#3512,#2764,#2765);
#2487=AXIS2_PLACEMENT_3D('',#3514,#2766,#2767);
#2488=AXIS2_PLACEMENT_3D('',#3516,#2768,#2769);
#2489=AXIS2_PLACEMENT_3D('',#3517,#2770,#2771);
#2490=AXIS2_PLACEMENT_3D('',#3519,#2772,#2773);
#2491=AXIS2_PLACEMENT_3D('',#3521,#2774,#2775);
#2492=AXIS2_PLACEMENT_3D('',#3522,#2776,#2777);
#2493=AXIS2_PLACEMENT_3D('',#3524,#2778,#2779);
#2494=AXIS2_PLACEMENT_3D('',#3526,#2780,#2781);
#2495=AXIS2_PLACEMENT_3D('',#3527,#2782,#2783);
#2496=AXIS2_PLACEMENT_3D('',#3529,#2784,#2785);
#2497=AXIS2_PLACEMENT_3D('',#3530,#2786,#2787);
#2498=AXIS2_PLACEMENT_3D('',#3532,#2788,#2789);
#2499=AXIS2_PLACEMENT_3D('',#3533,#2790,#2791);
#2500=AXIS2_PLACEMENT_3D('',#3535,#2792,#2793);
#2501=AXIS2_PLACEMENT_3D('',#3537,#2794,#2795);
#2502=AXIS2_PLACEMENT_3D('',#3538,#2796,#2797);
#2503=AXIS2_PLACEMENT_3D('',#3540,#2798,#2799);
#2504=AXIS2_PLACEMENT_3D('',#3541,#2800,#2801);
#2505=AXIS2_PLACEMENT_3D('',#3543,#2802,#2803);
#2506=AXIS2_PLACEMENT_3D('',#3545,#2804,#2805);
#2507=AXIS2_PLACEMENT_3D('',#3546,#2806,#2807);
#2508=AXIS2_PLACEMENT_3D('',#3548,#2808,#2809);
#2509=AXIS2_PLACEMENT_3D('',#3549,#2810,#2811);
#2510=AXIS2_PLACEMENT_3D('',#3551,#2812,#2813);
#2511=AXIS2_PLACEMENT_3D('',#3552,#2814,#2815);
#2512=AXIS2_PLACEMENT_3D('',#3554,#2816,#2817);
#2513=AXIS2_PLACEMENT_3D('',#3555,#2818,#2819);
#2514=AXIS2_PLACEMENT_3D('',#3557,#2820,#2821);
#2515=AXIS2_PLACEMENT_3D('',#3558,#2822,#2823);
#2516=AXIS2_PLACEMENT_3D('',#3560,#2824,#2825);
#2517=AXIS2_PLACEMENT_3D('',#3561,#2826,#2827);
#2518=AXIS2_PLACEMENT_3D('',#3568,#2830,#2831);
#2519=AXIS2_PLACEMENT_3D('',#3573,#2834,#2835);
#2520=AXIS2_PLACEMENT_3D('',#3574,#2836,#2837);
#2521=AXIS2_PLACEMENT_3D('',#3576,#2838,#2839);
#2522=AXIS2_PLACEMENT_3D('',#3577,#2840,#2841);
#2523=AXIS2_PLACEMENT_3D('',#3579,#2842,#2843);
#2524=AXIS2_PLACEMENT_3D('',#3580,#2844,#2845);
#2525=AXIS2_PLACEMENT_3D('',#3582,#2846,#2847);
#2526=AXIS2_PLACEMENT_3D('',#3583,#2848,#2849);
#2527=AXIS2_PLACEMENT_3D('',#3585,#2850,#2851);
#2528=AXIS2_PLACEMENT_3D('',#3586,#2852,#2853);
#2529=AXIS2_PLACEMENT_3D('',#3588,#2854,#2855);
#2530=AXIS2_PLACEMENT_3D('',#3589,#2856,#2857);
#2531=AXIS2_PLACEMENT_3D('',#3597,#2861,#2862);
#2532=AXIS2_PLACEMENT_3D('',#3603,#2866,#2867);
#2533=AXIS2_PLACEMENT_3D('',#3604,#2868,#2869);
#2534=AXIS2_PLACEMENT_3D('',#3607,#2871,#2872);
#2535=AXIS2_PLACEMENT_3D('',#3611,#2875,#2876);
#2536=AXIS2_PLACEMENT_3D('',#3615,#2879,#2880);
#2537=AXIS2_PLACEMENT_3D('',#3619,#2883,#2884);
#2538=AXIS2_PLACEMENT_3D('',#3620,#2885,#2886);
#2539=AXIS2_PLACEMENT_3D('',#3628,#2890,#2891);
#2540=AXIS2_PLACEMENT_3D('',#3631,#2894,#2895);
#2541=AXIS2_PLACEMENT_3D('',#3635,#2897,#2898);
#2542=AXIS2_PLACEMENT_3D('',#3639,#2900,#2901);
#2543=AXIS2_PLACEMENT_3D('',#3640,#2902,#2903);
#2544=AXIS2_PLACEMENT_3D('',#3643,#2904,#2905);
#2545=AXIS2_PLACEMENT_3D('',#3647,#2907,#2908);
#2546=AXIS2_PLACEMENT_3D('',#3651,#2910,#2911);
#2547=AXIS2_PLACEMENT_3D('',#3653,#2912,#2913);
#2548=AXIS2_PLACEMENT_3D('',#3655,#2914,#2915);
#2549=AXIS2_PLACEMENT_3D('',#3659,#2917,#2918);
#2550=AXIS2_PLACEMENT_3D('',#3663,#2920,#2921);
#2551=AXIS2_PLACEMENT_3D('',#3665,#2922,#2923);
#2552=AXIS2_PLACEMENT_3D('',#3667,#2924,#2925);
#2553=AXIS2_PLACEMENT_3D('',#3671,#2927,#2928);
#2554=AXIS2_PLACEMENT_3D('',#3675,#2930,#2931);
#2555=AXIS2_PLACEMENT_3D('',#3677,#2932,#2933);
#2556=AXIS2_PLACEMENT_3D('',#3679,#2934,#2935);
#2557=AXIS2_PLACEMENT_3D('',#3683,#2937,#2938);
#2558=AXIS2_PLACEMENT_3D('',#3687,#2940,#2941);
#2559=AXIS2_PLACEMENT_3D('',#3689,#2942,#2943);
#2560=AXIS2_PLACEMENT_3D('',#3691,#2944,#2945);
#2561=AXIS2_PLACEMENT_3D('',#3695,#2947,#2948);
#2562=AXIS2_PLACEMENT_3D('',#3697,#2949,#2950);
#2563=AXIS2_PLACEMENT_3D('',#3699,#2951,#2952);
#2564=AXIS2_PLACEMENT_3D('',#3703,#2954,#2955);
#2565=AXIS2_PLACEMENT_3D('',#3704,#2956,#2957);
#2566=AXIS2_PLACEMENT_3D('',#3710,#2961,#2962);
#2567=AXIS2_PLACEMENT_3D('',#3717,#2963,#2964);
#2568=AXIS2_PLACEMENT_3D('',#3720,#2966,#2967);
#2569=AXIS2_PLACEMENT_3D('',#3726,#2971,#2972);
#2570=AXIS2_PLACEMENT_3D('',#3732,#2973,#2974);
#2571=AXIS2_PLACEMENT_3D('',#3733,#2975,#2976);
#2572=AXIS2_PLACEMENT_3D('',#3736,#2978,#2979);
#2573=AXIS2_PLACEMENT_3D('',#3739,#2981,#2982);
#2574=AXIS2_PLACEMENT_3D('',#3743,#2985,#2986);
#2575=AXIS2_PLACEMENT_3D('',#3744,#2987,#2988);
#2576=AXIS2_PLACEMENT_3D('',#3747,#2990,#2991);
#2577=AXIS2_PLACEMENT_3D('',#3748,#2992,#2993);
#2578=AXIS2_PLACEMENT_3D('',#3751,#2995,#2996);
#2579=AXIS2_PLACEMENT_3D('',#3752,#2997,#2998);
#2580=AXIS2_PLACEMENT_3D('',#3755,#3000,#3001);
#2581=AXIS2_PLACEMENT_3D('',#3759,#3004,#3005);
#2582=AXIS2_PLACEMENT_3D('',#3760,#3006,#3007);
#2583=AXIS2_PLACEMENT_3D('',#3763,#3009,#3010);
#2584=AXIS2_PLACEMENT_3D('',#3767,#3013,#3014);
#2585=AXIS2_PLACEMENT_3D('',#3768,#3015,#3016);
#2586=AXIS2_PLACEMENT_3D('',#3771,#3018,#3019);
#2587=AXIS2_PLACEMENT_3D('',#3772,#3020,#3021);
#2588=AXIS2_PLACEMENT_3D('',#3775,#3023,#3024);
#2589=AXIS2_PLACEMENT_3D('',#3776,#3025,#3026);
#2590=AXIS2_PLACEMENT_3D('',#3779,#3028,#3029);
#2591=AXIS2_PLACEMENT_3D('',#3783,#3032,#3033);
#2592=AXIS2_PLACEMENT_3D('',#3784,#3034,#3035);
#2593=AXIS2_PLACEMENT_3D('',#3787,#3037,#3038);
#2594=AXIS2_PLACEMENT_3D('',#3791,#3041,#3042);
#2595=AXIS2_PLACEMENT_3D('',#3792,#3043,#3044);
#2596=AXIS2_PLACEMENT_3D('',#3795,#3046,#3047);
#2597=AXIS2_PLACEMENT_3D('',#3796,#3048,#3049);
#2598=AXIS2_PLACEMENT_3D('',#3799,#3051,#3052);
#2599=AXIS2_PLACEMENT_3D('',#3800,#3053,#3054);
#2600=AXIS2_PLACEMENT_3D('',#3803,#3056,#3057);
#2601=AXIS2_PLACEMENT_3D('',#3807,#3060,#3061);
#2602=AXIS2_PLACEMENT_3D('',#3808,#3062,#3063);
#2603=AXIS2_PLACEMENT_3D('',#3811,#3065,#3066);
#2604=AXIS2_PLACEMENT_3D('',#3815,#3069,#3070);
#2605=AXIS2_PLACEMENT_3D('',#3816,#3071,#3072);
#2606=AXIS2_PLACEMENT_3D('',#3819,#3074,#3075);
#2607=AXIS2_PLACEMENT_3D('',#3820,#3076,#3077);
#2608=AXIS2_PLACEMENT_3D('',#3823,#3079,#3080);
#2609=AXIS2_PLACEMENT_3D('',#3824,#3081,#3082);
#2610=AXIS2_PLACEMENT_3D('',#3827,#3084,#3085);
#2611=AXIS2_PLACEMENT_3D('',#3831,#3088,#3089);
#2612=AXIS2_PLACEMENT_3D('',#3832,#3090,#3091);
#2613=AXIS2_PLACEMENT_3D('',#3835,#3093,#3094);
#2614=AXIS2_PLACEMENT_3D('',#3836,#3095,#3096);
#2615=AXIS2_PLACEMENT_3D('',#3839,#3098,#3099);
#2616=AXIS2_PLACEMENT_3D('',#3840,#3100,#3101);
#2617=AXIS2_PLACEMENT_3D('',#3843,#3103,#3104);
#2618=AXIS2_PLACEMENT_3D('',#3847,#3107,#3108);
#2619=AXIS2_PLACEMENT_3D('',#3848,#3109,#3110);
#2620=AXIS2_PLACEMENT_3D('',#3851,#3112,#3113);
#2621=AXIS2_PLACEMENT_3D('',#3852,#3114,#3115);
#2622=AXIS2_PLACEMENT_3D('',#3855,#3117,#3118);
#2623=AXIS2_PLACEMENT_3D('',#3856,#3119,#3120);
#2624=AXIS2_PLACEMENT_3D('',#3859,#3122,#3123);
#2625=AXIS2_PLACEMENT_3D('',#3861,#3125,#3126);
#2626=AXIS2_PLACEMENT_3D('',#3862,#3127,#3128);
#2627=AXIS2_PLACEMENT_3D('',#3864,#3129,#3130);
#2628=AXIS2_PLACEMENT_3D('',#3868,#3132,#3133);
#2629=AXIS2_PLACEMENT_3D('',#3872,#3135,#3136);
#2630=AXIS2_PLACEMENT_3D('',#3873,#3137,#3138);
#2631=AXIS2_PLACEMENT_3D('',#3878,#3140,#3141);
#2632=AXIS2_PLACEMENT_3D('',#3882,#3143,#3144);
#2633=AXIS2_PLACEMENT_3D('',#3886,#3146,#3147);
#2634=AXIS2_PLACEMENT_3D('',#3890,#3149,#3150);
#2635=AXIS2_PLACEMENT_3D('',#3894,#3152,#3153);
#2636=AXIS2_PLACEMENT_3D('',#3898,#3155,#3156);
#2637=AXIS2_PLACEMENT_3D('',#3900,#3157,#3158);
#2638=AXIS2_PLACEMENT_3D('',#3902,#3159,#3160);
#2639=AXIS2_PLACEMENT_3D('',#3906,#3162,#3163);
#2640=AXIS2_PLACEMENT_3D('',#3908,#3164,#3165);
#2641=AXIS2_PLACEMENT_3D('',#3910,#3166,#3167);
#2642=AXIS2_PLACEMENT_3D('',#3914,#3169,#3170);
#2643=AXIS2_PLACEMENT_3D('',#3916,#3171,#3172);
#2644=AXIS2_PLACEMENT_3D('',#3918,#3173,#3174);
#2645=AXIS2_PLACEMENT_3D('',#3922,#3176,#3177);
#2646=AXIS2_PLACEMENT_3D('',#3925,#3179,#3180);
#2647=AXIS2_PLACEMENT_3D('',#3928,#3182,#3183);
#2648=AXIS2_PLACEMENT_3D('',#3931,#3185,#3186);
#2649=AXIS2_PLACEMENT_3D('',#3935,#3189,#3190);
#2650=AXIS2_PLACEMENT_3D('',#3936,#3191,#3192);
#2651=AXIS2_PLACEMENT_3D('',#3939,#3194,#3195);
#2652=AXIS2_PLACEMENT_3D('',#3943,#3198,#3199);
#2653=AXIS2_PLACEMENT_3D('',#3944,#3200,#3201);
#2654=AXIS2_PLACEMENT_3D('',#3947,#3203,#3204);
#2655=AXIS2_PLACEMENT_3D('',#3951,#3207,#3208);
#2656=AXIS2_PLACEMENT_3D('',#3952,#3209,#3210);
#2657=AXIS2_PLACEMENT_3D('',#3955,#3212,#3213);
#2658=AXIS2_PLACEMENT_3D('',#3959,#3216,#3217);
#2659=AXIS2_PLACEMENT_3D('',#3960,#3218,#3219);
#2660=AXIS2_PLACEMENT_3D('',#3963,#3221,#3222);
#2661=AXIS2_PLACEMENT_3D('',#3967,#3225,#3226);
#2662=AXIS2_PLACEMENT_3D('',#3968,#3227,#3228);
#2663=AXIS2_PLACEMENT_3D('',#3971,#3230,#3231);
#2664=AXIS2_PLACEMENT_3D('',#3972,#3232,#3233);
#2665=AXIS2_PLACEMENT_3D('',#3975,#3235,#3236);
#2666=AXIS2_PLACEMENT_3D('',#3976,#3237,#3238);
#2667=AXIS2_PLACEMENT_3D('',#3979,#3240,#3241);
#2668=AXIS2_PLACEMENT_3D('',#3983,#3244,#3245);
#2669=AXIS2_PLACEMENT_3D('',#3984,#3246,#3247);
#2670=AXIS2_PLACEMENT_3D('',#3987,#3249,#3250);
#2671=AXIS2_PLACEMENT_3D('',#3988,#3251,#3252);
#2672=AXIS2_PLACEMENT_3D('',#3991,#3254,#3255);
#2673=AXIS2_PLACEMENT_3D('',#3992,#3256,#3257);
#2674=AXIS2_PLACEMENT_3D('',#3995,#3259,#3260);
#2675=AXIS2_PLACEMENT_3D('',#3999,#3263,#3264);
#2676=AXIS2_PLACEMENT_3D('',#4000,#3265,#3266);
#2677=AXIS2_PLACEMENT_3D('',#4003,#3268,#3269);
#2678=AXIS2_PLACEMENT_3D('',#4004,#3270,#3271);
#2679=AXIS2_PLACEMENT_3D('',#4007,#3273,#3274);
#2680=AXIS2_PLACEMENT_3D('',#4008,#3275,#3276);
#2681=AXIS2_PLACEMENT_3D('',#4011,#3278,#3279);
#2682=AXIS2_PLACEMENT_3D('',#4015,#3282,#3283);
#2683=AXIS2_PLACEMENT_3D('',#4016,#3284,#3285);
#2684=AXIS2_PLACEMENT_3D('',#4019,#3287,#3288);
#2685=AXIS2_PLACEMENT_3D('',#4023,#3291,#3292);
#2686=AXIS2_PLACEMENT_3D('',#4024,#3293,#3294);
#2687=AXIS2_PLACEMENT_3D('',#4027,#3296,#3297);
#2688=AXIS2_PLACEMENT_3D('',#4029,#3299,#3300);
#2689=AXIS2_PLACEMENT_3D('',#4035,#3304,#3305);
#2690=AXIS2_PLACEMENT_3D('',#4038,#3307,#3308);
#2691=AXIS2_PLACEMENT_3D('',#4048,#3311,#3312);
#2692=AXIS2_PLACEMENT_3D('',#4049,#3313,#3314);
#2693=AXIS2_PLACEMENT_3D('',#4052,#3316,#3317);
#2694=AXIS2_PLACEMENT_3D('',#4054,#3319,#3320);
#2695=AXIS2_PLACEMENT_3D('',#4063,#3322,#3323);
#2696=AXIS2_PLACEMENT_3D('',#4064,#3324,#3325);
#2697=AXIS2_PLACEMENT_3D('',#4065,#3326,#3327);
#2698=AXIS2_PLACEMENT_3D('',#4067,#3328,#3329);
#2699=AXIS2_PLACEMENT_3D('',#4068,#3330,#3331);
#2700=AXIS2_PLACEMENT_3D('',#4070,#3332,#3333);
#2701=AXIS2_PLACEMENT_3D('',#4075,#3336,#3337);
#2702=AXIS2_PLACEMENT_3D('',#4076,#3338,#3339);
#2703=AXIS2_PLACEMENT_3D('',#4082,#3344,#3345);
#2704=AXIS2_PLACEMENT_3D('',#4085,#3347,#3348);
#2705=AXIS2_PLACEMENT_3D('',#4086,#3349,#3350);
#2706=AXIS2_PLACEMENT_3D('',#4092,#3354,#3355);
#2707=AXIS2_PLACEMENT_3D('',#4098,#3359,#3360);
#2708=AXIS2_PLACEMENT_3D('',#4099,#3361,#3362);
#2709=AXIS2_PLACEMENT_3D('',#4102,#3364,#3365);
#2710=AXIS2_PLACEMENT_3D('',#4106,#3368,#3369);
#2711=AXIS2_PLACEMENT_3D('',#4115,#3371,#3372);
#2712=AXIS2_PLACEMENT_3D('',#4116,#3373,#3374);
#2713=AXIS2_PLACEMENT_3D('',#4120,#3377,#3378);
#2714=AXIS2_PLACEMENT_3D('',#4128,#3379,#3380);
#2715=AXIS2_PLACEMENT_3D('',#4129,#3381,#3382);
#2716=AXIS2_PLACEMENT_3D('',#4136,#3387,#3388);
#2717=AXIS2_PLACEMENT_3D('',#4137,#3389,#3390);
#2718=AXIS2_PLACEMENT_3D('',#4140,#3392,#3393);
#2719=AXIS2_PLACEMENT_3D('',#4149,#3395,#3396);
#2720=AXIS2_PLACEMENT_3D('',#4150,#3397,#3398);
#2721=AXIS2_PLACEMENT_3D('',#4154,#3401,#3402);
#2722=AXIS2_PLACEMENT_3D('',#4162,#3403,#3404);
#2723=AXIS2_PLACEMENT_3D('',#4163,#3405,#3406);
#2724=AXIS2_PLACEMENT_3D('',#4168,#3410,#3411);
#2725=AXIS2_PLACEMENT_3D('',#4169,#3412,#3413);
#2726=AXIS2_PLACEMENT_3D('',#4173,#3415,#3416);
#2727=AXIS2_PLACEMENT_3D('',#4177,#3418,#3419);
#2728=AXIS2_PLACEMENT_3D('',#4178,#3420,#3421);
#2729=AXIS2_PLACEMENT_3D('',#4179,#3422,#3423);
#2730=AXIS2_PLACEMENT_3D('',#4180,#3424,#3425);
#2731=AXIS2_PLACEMENT_3D('',#4182,#3426,#3427);
#2732=AXIS2_PLACEMENT_3D('',#4184,#3428,#3429);
#2733=AXIS2_PLACEMENT_3D('',#4185,#3430,#3431);
#2734=AXIS2_PLACEMENT_3D('',#4187,#3432,#3433);
#2735=AXIS2_PLACEMENT_3D('',#4189,#3434,#3435);
#2736=AXIS2_PLACEMENT_3D('',#4190,#3436,#3437);
#2737=AXIS2_PLACEMENT_3D('',#4192,#3438,#3439);
#2738=AXIS2_PLACEMENT_3D('',#4193,#3440,#3441);
#2739=AXIS2_PLACEMENT_3D('',#4195,#3442,#3443);
#2740=AXIS2_PLACEMENT_3D('',#4196,#3444,#3445);
#2741=AXIS2_PLACEMENT_3D('',#4201,#3447,#3448);
#2742=AXIS2_PLACEMENT_3D('',#4204,#3450,#3451);
#2743=AXIS2_PLACEMENT_3D('',#4210,#3455,#3456);
#2744=AXIS2_PLACEMENT_3D('',#4216,#3460,#3461);
#2745=AXIS2_PLACEMENT_3D('',#4217,#3462,#3463);
#2746=AXIS2_PLACEMENT_3D('',#4222,#3466,#3467);
#2747=AXIS2_PLACEMENT_3D('',#4223,#3468,#3469);
#2748=AXIS2_PLACEMENT_3D('',#4225,#3470,#3471);
#2749=AXIS2_PLACEMENT_3D('',#4226,#3472,#3473);
#2750=AXIS2_PLACEMENT_3D('',#4228,#3474,#3475);
#2751=AXIS2_PLACEMENT_3D('',#4232,#3478,#3479);
#2752=AXIS2_PLACEMENT_3D('',#4238,#3483,#3484);
#2753=AXIS2_PLACEMENT_3D('',#4243,#3488,#3489);
#2754=AXIS2_PLACEMENT_3D('',#4245,#3491,#3492);
#2755=AXIS2_PLACEMENT_3D('',#4248,#3494,#3495);
#2756=AXIS2_PLACEMENT_3D('',#4251,#3497,#3498);
#2757=AXIS2_PLACEMENT_3D('',#4255,#3501,#3502);
#2758=AXIS2_PLACEMENT_3D('',#4259,#3505,#3506);
#2759=AXIS2_PLACEMENT_3D('',#4261,#3508,#3509);
#2760=DIRECTION('',(0.,0.,1.));
#2761=DIRECTION('',(1.,0.,0.));
#2762=DIRECTION('',(-1.,-1.43995601033231E-17,0.));
#2763=DIRECTION('',(1.43995601033231E-17,-1.,0.));
#2764=DIRECTION('',(-1.,-1.43995601033231E-17,0.));
#2765=DIRECTION('',(1.43995601033231E-17,-1.,0.));
#2766=DIRECTION('',(-1.,-1.43995601033231E-17,0.));
#2767=DIRECTION('',(1.43995601033231E-17,-1.,0.));
#2768=DIRECTION('',(0.,-1.,0.));
#2769=DIRECTION('',(0.,0.,-1.));
#2770=DIRECTION('',(0.,-1.,0.));
#2771=DIRECTION('',(0.,0.,-1.));
#2772=DIRECTION('',(0.,-1.,0.));
#2773=DIRECTION('',(0.,0.,1.));
#2774=DIRECTION('',(0.,-1.,0.));
#2775=DIRECTION('',(0.,0.,-1.));
#2776=DIRECTION('',(0.,-1.,0.));
#2777=DIRECTION('',(0.,0.,-1.));
#2778=DIRECTION('',(0.,-1.,0.));
#2779=DIRECTION('',(0.,0.,1.));
#2780=DIRECTION('',(-4.8186763221578E-16,-1.,0.));
#2781=DIRECTION('',(1.,-4.8186763221578E-16,0.));
#2782=DIRECTION('',(4.72373838909731E-16,1.,0.));
#2783=DIRECTION('',(1.,-4.72373838909731E-16,0.));
#2784=DIRECTION('',(-4.8186763221578E-16,-1.,0.));
#2785=DIRECTION('',(1.,-4.8186763221578E-16,0.));
#2786=DIRECTION('',(4.72373838909731E-16,1.,0.));
#2787=DIRECTION('',(1.,-4.72373838909731E-16,0.));
#2788=DIRECTION('',(0.,-1.,0.));
#2789=DIRECTION('',(0.,0.,-1.));
#2790=DIRECTION('',(0.,1.,0.));
#2791=DIRECTION('',(0.,0.,1.));
#2792=DIRECTION('',(0.,1.,0.));
#2793=DIRECTION('',(0.,0.,1.));
#2794=DIRECTION('',(0.,1.,0.));
#2795=DIRECTION('',(0.,0.,1.));
#2796=DIRECTION('',(0.,1.,0.));
#2797=DIRECTION('',(0.,0.,1.));
#2798=DIRECTION('',(0.,1.,0.));
#2799=DIRECTION('',(0.,0.,1.));
#2800=DIRECTION('',(0.,1.,0.));
#2801=DIRECTION('',(0.,0.,1.));
#2802=DIRECTION('',(0.,1.,0.));
#2803=DIRECTION('',(0.,0.,1.));
#2804=DIRECTION('',(0.,1.,0.));
#2805=DIRECTION('',(0.,0.,1.));
#2806=DIRECTION('',(0.,1.,0.));
#2807=DIRECTION('',(0.,0.,1.));
#2808=DIRECTION('',(-1.,-1.43995601033231E-17,0.));
#2809=DIRECTION('',(1.43995601033231E-17,-1.,0.));
#2810=DIRECTION('',(-1.,-1.43995601033231E-17,0.));
#2811=DIRECTION('',(1.43995601033231E-17,-1.,0.));
#2812=DIRECTION('',(-1.,-1.43995601033231E-17,0.));
#2813=DIRECTION('',(1.43995601033231E-17,-1.,0.));
#2814=DIRECTION('',(-1.,-1.43995601033231E-17,0.));
#2815=DIRECTION('',(1.43995601033231E-17,-1.,0.));
#2816=DIRECTION('',(0.,1.,0.));
#2817=DIRECTION('',(0.,0.,1.));
#2818=DIRECTION('',(0.,-1.,0.));
#2819=DIRECTION('',(0.,0.,1.));
#2820=DIRECTION('',(0.,1.,0.));
#2821=DIRECTION('',(0.,0.,1.));
#2822=DIRECTION('',(0.,-1.,0.));
#2823=DIRECTION('',(0.,0.,1.));
#2824=DIRECTION('',(-4.8186763221578E-16,-1.,0.));
#2825=DIRECTION('',(1.,-4.8186763221578E-16,0.));
#2826=DIRECTION('',(4.72373838909731E-16,1.,0.));
#2827=DIRECTION('',(1.,-4.72373838909731E-16,0.));
#2828=DIRECTION('',(0.,0.,-1.));
#2829=DIRECTION('',(1.,4.33680868994202E-16,5.42101086242752E-17));
#2830=DIRECTION('',(4.33680868994202E-16,-1.,0.));
#2831=DIRECTION('',(-1.,-4.33680868994202E-16,0.));
#2832=DIRECTION('',(-1.,-4.33680868994202E-16,0.));
#2833=DIRECTION('',(0.,0.,-1.));
#2834=DIRECTION('',(0.,1.,0.));
#2835=DIRECTION('',(0.,0.,1.));
#2836=DIRECTION('',(0.,1.,0.));
#2837=DIRECTION('',(0.,0.,1.));
#2838=DIRECTION('',(0.,1.,0.));
#2839=DIRECTION('',(0.,0.,1.));
#2840=DIRECTION('',(0.,1.,0.));
#2841=DIRECTION('',(0.,0.,1.));
#2842=DIRECTION('',(0.,1.,0.));
#2843=DIRECTION('',(0.,0.,1.));
#2844=DIRECTION('',(0.,1.,0.));
#2845=DIRECTION('',(0.,0.,1.));
#2846=DIRECTION('',(0.,-1.,0.));
#2847=DIRECTION('',(0.,0.,-1.));
#2848=DIRECTION('',(0.,1.,0.));
#2849=DIRECTION('',(0.,0.,1.));
#2850=DIRECTION('',(1.,1.43995601033231E-17,0.));
#2851=DIRECTION('',(-1.43995601033231E-17,1.,0.));
#2852=DIRECTION('',(-1.,-1.43995601033231E-17,0.));
#2853=DIRECTION('',(1.43995601033231E-17,-1.,0.));
#2854=DIRECTION('',(1.,-6.12303176911189E-17,0.));
#2855=DIRECTION('',(6.12303176911189E-17,1.,0.));
#2856=DIRECTION('',(1.,-6.12303176911189E-17,0.));
#2857=DIRECTION('',(0.,0.,-1.));
#2858=DIRECTION('',(6.12303176911189E-17,1.,2.1262953977628E-16));
#2859=DIRECTION('',(6.12303176911189E-17,1.,2.1262953977628E-16));
#2860=DIRECTION('',(6.12303176911189E-17,1.,2.1262953977628E-16));
#2861=DIRECTION('',(5.42101086242752E-17,2.35098870164457E-32,-1.));
#2862=DIRECTION('',(-1.,0.,-5.42101086242752E-17));
#2863=DIRECTION('',(1.,4.33680868994202E-16,5.42101086242752E-17));
#2864=DIRECTION('',(4.33680868994202E-16,-1.,0.));
#2865=DIRECTION('',(4.33680868994202E-16,-1.,0.));
#2866=DIRECTION('',(4.33680868994202E-16,-1.,0.));
#2867=DIRECTION('',(1.,4.33680868994202E-16,0.));
#2868=DIRECTION('',(4.33680868994202E-16,-1.,0.));
#2869=DIRECTION('',(-1.,-4.33680868994202E-16,0.));
#2870=DIRECTION('',(4.33680868994202E-16,-1.,0.));
#2871=DIRECTION('',(0.,0.,1.));
#2872=DIRECTION('',(1.,0.,0.));
#2873=DIRECTION('',(-1.,-4.33680868994202E-16,0.));
#2874=DIRECTION('',(4.33680868994202E-16,-1.,0.));
#2875=DIRECTION('',(-1.,0.,0.));
#2876=DIRECTION('',(0.,0.,1.));
#2877=DIRECTION('',(0.,0.,-1.));
#2878=DIRECTION('',(0.,1.,0.));
#2879=DIRECTION('',(-1.,0.,0.));
#2880=DIRECTION('',(0.,0.,1.));
#2881=DIRECTION('',(0.,1.,0.));
#2882=DIRECTION('',(0.,0.,-1.));
#2883=DIRECTION('',(0.,1.,0.));
#2884=DIRECTION('',(0.,0.,1.));
#2885=DIRECTION('',(0.,1.,0.));
#2886=DIRECTION('',(0.,0.,1.));
#2887=DIRECTION('',(1.,0.,0.));
#2888=DIRECTION('',(0.,0.,-1.));
#2889=DIRECTION('',(1.,0.,0.));
#2890=DIRECTION('',(-4.8186763221578E-16,-1.,0.));
#2891=DIRECTION('',(1.,-4.8186763221578E-16,0.));
#2892=DIRECTION('',(-4.8186763221578E-16,-1.,0.));
#2893=DIRECTION('',(-4.8186763221578E-16,-1.,0.));
#2894=DIRECTION('',(0.,-1.,-4.35846631535527E-16));
#2895=DIRECTION('',(0.,4.35846631535527E-16,-1.));
#2896=DIRECTION('',(-1.,-4.72545864781308E-32,1.0842021724855E-16));
#2897=DIRECTION('',(0.,-1.,-4.35846631535527E-16));
#2898=DIRECTION('',(-1.,0.,0.));
#2899=DIRECTION('',(1.,0.,0.));
#2900=DIRECTION('',(0.,-1.,-4.35846631535527E-16));
#2901=DIRECTION('',(1.,0.,0.));
#2902=DIRECTION('',(0.,-1.,-4.35846631535527E-16));
#2903=DIRECTION('',(-1.,0.,0.));
#2904=DIRECTION('',(0.,-1.,-4.35846631535527E-16));
#2905=DIRECTION('',(0.,4.35846631535527E-16,-1.));
#2906=DIRECTION('',(1.,0.,0.));
#2907=DIRECTION('',(0.,-1.,-4.35846631535527E-16));
#2908=DIRECTION('',(0.,4.35846631535527E-16,-1.));
#2909=DIRECTION('',(0.,4.35846631535527E-16,-1.));
#2910=DIRECTION('',(0.,-1.,-4.35846631535527E-16));
#2911=DIRECTION('',(0.,4.35846631535527E-16,-1.));
#2912=DIRECTION('',(0.,1.,4.35846631535527E-16));
#2913=DIRECTION('',(-1.,0.,0.));
#2914=DIRECTION('',(0.,-1.,-4.35846631535527E-16));
#2915=DIRECTION('',(0.,4.35846631535527E-16,-1.));
#2916=DIRECTION('',(0.,-4.35846631535527E-16,1.));
#2917=DIRECTION('',(0.,-1.,-4.35846631535527E-16));
#2918=DIRECTION('',(0.,4.35846631535527E-16,-1.));
#2919=DIRECTION('',(1.,0.,0.));
#2920=DIRECTION('',(0.,-1.,-4.35846631535527E-16));
#2921=DIRECTION('',(0.,4.35846631535527E-16,-1.));
#2922=DIRECTION('',(0.,1.,4.35846631535527E-16));
#2923=DIRECTION('',(1.,0.,0.));
#2924=DIRECTION('',(0.,-1.,-4.35846631535527E-16));
#2925=DIRECTION('',(0.,4.35846631535527E-16,-1.));
#2926=DIRECTION('',(-1.,0.,0.));
#2927=DIRECTION('',(0.,-1.,-4.35846631535527E-16));
#2928=DIRECTION('',(0.,4.35846631535527E-16,-1.));
#2929=DIRECTION('',(0.,-4.35846631535527E-16,1.));
#2930=DIRECTION('',(0.,-1.,-4.35846631535527E-16));
#2931=DIRECTION('',(0.,4.35846631535527E-16,-1.));
#2932=DIRECTION('',(0.,1.,4.35846631535527E-16));
#2933=DIRECTION('',(-1.,0.,0.));
#2934=DIRECTION('',(0.,-1.,-4.35846631535527E-16));
#2935=DIRECTION('',(0.,4.35846631535527E-16,-1.));
#2936=DIRECTION('',(0.,4.35846631535527E-16,-1.));
#2937=DIRECTION('',(0.,-1.,-4.35846631535527E-16));
#2938=DIRECTION('',(0.,4.35846631535527E-16,-1.));
#2939=DIRECTION('',(-1.,0.,0.));
#2940=DIRECTION('',(0.,-1.,-4.35846631535527E-16));
#2941=DIRECTION('',(0.,4.35846631535527E-16,-1.));
#2942=DIRECTION('',(0.,-1.,-4.35846631535527E-16));
#2943=DIRECTION('',(-1.,0.,0.));
#2944=DIRECTION('',(0.,-1.,-4.35846631535527E-16));
#2945=DIRECTION('',(0.,4.35846631535527E-16,-1.));
#2946=DIRECTION('',(-1.,0.,0.));
#2947=DIRECTION('',(0.,-1.,-4.35846631535527E-16));
#2948=DIRECTION('',(0.,4.35846631535527E-16,-1.));
#2949=DIRECTION('',(0.,-1.,-4.35846631535527E-16));
#2950=DIRECTION('',(1.,0.,0.));
#2951=DIRECTION('',(0.,-1.,-4.35846631535527E-16));
#2952=DIRECTION('',(0.,4.35846631535527E-16,-1.));
#2953=DIRECTION('',(1.,0.,0.));
#2954=DIRECTION('',(0.,-1.,-4.35846631535527E-16));
#2955=DIRECTION('',(0.,4.35846631535527E-16,-1.));
#2956=DIRECTION('',(0.,4.35846631535527E-16,-1.));
#2957=DIRECTION('',(0.,1.,4.35846631535527E-16));
#2958=DIRECTION('',(1.,0.,0.));
#2959=DIRECTION('',(0.,-1.,-4.35846631535527E-16));
#2960=DIRECTION('',(0.,-1.,-4.35846631535527E-16));
#2961=DIRECTION('',(0.,-1.,-4.35846631535527E-16));
#2962=DIRECTION('',(0.,4.35846631535527E-16,-1.));
#2963=DIRECTION('',(0.,-1.,-4.35846631535527E-16));
#2964=DIRECTION('',(1.,0.,0.));
#2965=DIRECTION('',(0.,-1.,-4.35846631535527E-16));
#2966=DIRECTION('',(1.0842021724855E-16,-4.35846631535527E-16,1.));
#2967=DIRECTION('',(0.,-1.,-4.35846631535527E-16));
#2968=DIRECTION('',(-1.,-4.72545864781308E-32,1.0842021724855E-16));
#2969=DIRECTION('',(0.,-1.,-4.35846631535527E-16));
#2970=DIRECTION('',(1.,0.,0.));
#2971=DIRECTION('',(0.,-1.,-4.35846631535527E-16));
#2972=DIRECTION('',(0.,4.35846631535527E-16,-1.));
#2973=DIRECTION('',(0.,-1.,-4.35846631535527E-16));
#2974=DIRECTION('',(-1.,0.,0.));
#2975=DIRECTION('',(0.,-1.,-4.35846631535527E-16));
#2976=DIRECTION('',(0.,4.35846631535527E-16,-1.));
#2977=DIRECTION('',(0.,-1.,-4.35846631535527E-16));
#2978=DIRECTION('',(0.,1.,-4.35846631535527E-16));
#2979=DIRECTION('',(0.,4.35846631535527E-16,1.));
#2980=DIRECTION('',(0.,-1.,-4.35846631535527E-16));
#2981=DIRECTION('',(-1.,0.,0.));
#2982=DIRECTION('',(0.,0.,1.));
#2983=DIRECTION('',(0.,4.35846631535527E-16,1.));
#2984=DIRECTION('',(0.,1.,-4.35846631535527E-16));
#2985=DIRECTION('',(0.,-1.,4.35846631535527E-16));
#2986=DIRECTION('',(0.,-4.35846631535527E-16,-1.));
#2987=DIRECTION('',(0.,1.,-4.35846631535527E-16));
#2988=DIRECTION('',(0.,4.35846631535527E-16,1.));
#2989=DIRECTION('',(0.,-1.,4.35846631535527E-16));
#2990=DIRECTION('',(0.,-1.,4.35846631535527E-16));
#2991=DIRECTION('',(0.,-4.35846631535527E-16,-1.));
#2992=DIRECTION('',(0.,1.,-4.35846631535527E-16));
#2993=DIRECTION('',(0.,4.35846631535527E-16,1.));
#2994=DIRECTION('',(0.,-1.,4.35846631535527E-16));
#2995=DIRECTION('',(0.,-1.,4.35846631535527E-16));
#2996=DIRECTION('',(0.,-4.35846631535527E-16,-1.));
#2997=DIRECTION('',(0.,1.,-4.35846631535527E-16));
#2998=DIRECTION('',(0.,4.35846631535527E-16,1.));
#2999=DIRECTION('',(0.,1.,-4.35846631535527E-16));
#3000=DIRECTION('',(1.,0.,0.));
#3001=DIRECTION('',(0.,0.,-1.));
#3002=DIRECTION('',(0.,-4.35846631535527E-16,-1.));
#3003=DIRECTION('',(0.,-1.,-4.35846631535527E-16));
#3004=DIRECTION('',(0.,-1.,-4.35846631535527E-16));
#3005=DIRECTION('',(0.,4.35846631535527E-16,-1.));
#3006=DIRECTION('',(0.,1.,-4.35846631535527E-16));
#3007=DIRECTION('',(0.,4.35846631535527E-16,1.));
#3008=DIRECTION('',(0.,-1.,-4.35846631535527E-16));
#3009=DIRECTION('',(0.,4.35846631535527E-16,-1.));
#3010=DIRECTION('',(0.,1.,4.35846631535527E-16));
#3011=DIRECTION('',(1.,0.,0.));
#3012=DIRECTION('',(0.,1.,4.35846631535527E-16));
#3013=DIRECTION('',(0.,-1.,-4.35846631535527E-16));
#3014=DIRECTION('',(0.,4.35846631535527E-16,-1.));
#3015=DIRECTION('',(0.,1.,-4.35846631535527E-16));
#3016=DIRECTION('',(0.,4.35846631535527E-16,1.));
#3017=DIRECTION('',(0.,-1.,-4.35846631535527E-16));
#3018=DIRECTION('',(0.,-1.,-4.35846631535527E-16));
#3019=DIRECTION('',(0.,4.35846631535527E-16,-1.));
#3020=DIRECTION('',(0.,1.,4.35846631535527E-16));
#3021=DIRECTION('',(1.,0.,0.));
#3022=DIRECTION('',(0.,-1.,-4.35846631535527E-16));
#3023=DIRECTION('',(0.,-1.,-4.35846631535527E-16));
#3024=DIRECTION('',(0.,4.35846631535527E-16,-1.));
#3025=DIRECTION('',(0.,1.,-4.35846631535527E-16));
#3026=DIRECTION('',(0.,4.35846631535527E-16,1.));
#3027=DIRECTION('',(0.,1.,4.35846631535527E-16));
#3028=DIRECTION('',(0.,-4.35846631535527E-16,1.));
#3029=DIRECTION('',(0.,-1.,-4.35846631535527E-16));
#3030=DIRECTION('',(-1.,0.,0.));
#3031=DIRECTION('',(0.,-1.,-4.35846631535527E-16));
#3032=DIRECTION('',(0.,-1.,-4.35846631535527E-16));
#3033=DIRECTION('',(0.,4.35846631535527E-16,-1.));
#3034=DIRECTION('',(0.,1.,-4.35846631535527E-16));
#3035=DIRECTION('',(0.,4.35846631535527E-16,1.));
#3036=DIRECTION('',(0.,-1.,-4.35846631535527E-16));
#3037=DIRECTION('',(1.,0.,0.));
#3038=DIRECTION('',(0.,0.,-1.));
#3039=DIRECTION('',(0.,-4.35846631535527E-16,1.));
#3040=DIRECTION('',(0.,1.,4.35846631535527E-16));
#3041=DIRECTION('',(0.,-1.,-4.35846631535527E-16));
#3042=DIRECTION('',(0.,4.35846631535527E-16,-1.));
#3043=DIRECTION('',(0.,1.,-4.35846631535527E-16));
#3044=DIRECTION('',(0.,4.35846631535527E-16,1.));
#3045=DIRECTION('',(0.,-1.,-4.35846631535527E-16));
#3046=DIRECTION('',(0.,-1.,-4.35846631535527E-16));
#3047=DIRECTION('',(0.,4.35846631535527E-16,-1.));
#3048=DIRECTION('',(0.,1.,4.35846631535527E-16));
#3049=DIRECTION('',(-1.,0.,0.));
#3050=DIRECTION('',(0.,-1.,-4.35846631535527E-16));
#3051=DIRECTION('',(0.,-1.,-4.35846631535527E-16));
#3052=DIRECTION('',(0.,4.35846631535527E-16,-1.));
#3053=DIRECTION('',(0.,1.,-4.35846631535527E-16));
#3054=DIRECTION('',(0.,4.35846631535527E-16,1.));
#3055=DIRECTION('',(0.,1.,4.35846631535527E-16));
#3056=DIRECTION('',(-1.,0.,0.));
#3057=DIRECTION('',(0.,0.,1.));
#3058=DIRECTION('',(0.,4.35846631535527E-16,-1.));
#3059=DIRECTION('',(0.,-1.,-4.35846631535527E-16));
#3060=DIRECTION('',(0.,-1.,-4.35846631535527E-16));
#3061=DIRECTION('',(0.,4.35846631535527E-16,-1.));
#3062=DIRECTION('',(0.,1.,-4.35846631535527E-16));
#3063=DIRECTION('',(0.,4.35846631535527E-16,1.));
#3064=DIRECTION('',(0.,-1.,-4.35846631535527E-16));
#3065=DIRECTION('',(1.37586329234451E-15,-4.35846631535527E-16,1.));
#3066=DIRECTION('',(1.,0.,-1.37586329234451E-15));
#3067=DIRECTION('',(-1.,-5.99665381421734E-31,1.37586329234451E-15));
#3068=DIRECTION('',(0.,-1.,-4.35846631535527E-16));
#3069=DIRECTION('',(0.,-1.,-4.35846631535527E-16));
#3070=DIRECTION('',(0.,4.35846631535527E-16,-1.));
#3071=DIRECTION('',(0.,1.,-4.35846631535527E-16));
#3072=DIRECTION('',(0.,4.35846631535527E-16,1.));
#3073=DIRECTION('',(0.,-1.,-4.35846631535527E-16));
#3074=DIRECTION('',(0.,-1.,-4.35846631535527E-16));
#3075=DIRECTION('',(0.,4.35846631535527E-16,-1.));
#3076=DIRECTION('',(0.,-1.,-4.35846631535527E-16));
#3077=DIRECTION('',(-1.,0.,0.));
#3078=DIRECTION('',(0.,-1.,-4.35846631535527E-16));
#3079=DIRECTION('',(0.,-1.,-4.35846631535527E-16));
#3080=DIRECTION('',(0.,4.35846631535527E-16,-1.));
#3081=DIRECTION('',(0.,1.,-4.35846631535527E-16));
#3082=DIRECTION('',(0.,4.35846631535527E-16,1.));
#3083=DIRECTION('',(0.,1.,4.35846631535527E-16));
#3084=DIRECTION('',(0.,-4.35846631535527E-16,1.));
#3085=DIRECTION('',(0.,-1.,-4.35846631535527E-16));
#3086=DIRECTION('',(-1.,0.,0.));
#3087=DIRECTION('',(0.,1.,4.35846631535527E-16));
#3088=DIRECTION('',(0.,-1.,4.35846631535527E-16));
#3089=DIRECTION('',(0.,-4.35846631535527E-16,-1.));
#3090=DIRECTION('',(0.,1.,-4.35846631535527E-16));
#3091=DIRECTION('',(0.,4.35846631535527E-16,1.));
#3092=DIRECTION('',(0.,-1.,4.35846631535527E-16));
#3093=DIRECTION('',(0.,-1.,4.35846631535527E-16));
#3094=DIRECTION('',(0.,-4.35846631535527E-16,-1.));
#3095=DIRECTION('',(0.,1.,-4.35846631535527E-16));
#3096=DIRECTION('',(0.,4.35846631535527E-16,1.));
#3097=DIRECTION('',(0.,-1.,4.35846631535527E-16));
#3098=DIRECTION('',(0.,-1.,4.35846631535527E-16));
#3099=DIRECTION('',(0.,-4.35846631535527E-16,-1.));
#3100=DIRECTION('',(0.,1.,-4.35846631535527E-16));
#3101=DIRECTION('',(0.,4.35846631535527E-16,1.));
#3102=DIRECTION('',(0.,1.,-4.35846631535527E-16));
#3103=DIRECTION('',(0.,-4.35846631535527E-16,-1.));
#3104=DIRECTION('',(0.,1.,-4.35846631535527E-16));
#3105=DIRECTION('',(-1.,0.,0.));
#3106=DIRECTION('',(0.,1.,-4.35846631535527E-16));
#3107=DIRECTION('',(0.,-1.,4.35846631535527E-16));
#3108=DIRECTION('',(0.,-4.35846631535527E-16,-1.));
#3109=DIRECTION('',(0.,1.,-4.35846631535527E-16));
#3110=DIRECTION('',(0.,4.35846631535527E-16,1.));
#3111=DIRECTION('',(0.,-1.,4.35846631535527E-16));
#3112=DIRECTION('',(0.,-1.,4.35846631535527E-16));
#3113=DIRECTION('',(0.,-4.35846631535527E-16,-1.));
#3114=DIRECTION('',(0.,1.,-4.35846631535527E-16));
#3115=DIRECTION('',(0.,4.35846631535527E-16,1.));
#3116=DIRECTION('',(0.,-1.,4.35846631535527E-16));
#3117=DIRECTION('',(0.,-1.,4.35846631535527E-16));
#3118=DIRECTION('',(0.,-4.35846631535527E-16,-1.));
#3119=DIRECTION('',(0.,1.,-4.35846631535527E-16));
#3120=DIRECTION('',(0.,4.35846631535527E-16,1.));
#3121=DIRECTION('',(0.,-1.,-4.35846631535527E-16));
#3122=DIRECTION('',(0.,4.35846631535527E-16,-1.));
#3123=DIRECTION('',(0.,1.,4.35846631535527E-16));
#3124=DIRECTION('',(1.,0.,0.));
#3125=DIRECTION('',(0.,1.,0.));
#3126=DIRECTION('',(0.,0.,1.));
#3127=DIRECTION('',(0.,1.,0.));
#3128=DIRECTION('',(0.,0.,1.));
#3129=DIRECTION('',(0.,1.,-4.35846631535527E-16));
#3130=DIRECTION('',(0.,4.35846631535527E-16,1.));
#3131=DIRECTION('',(1.,0.,0.));
#3132=DIRECTION('',(0.,1.,-4.35846631535527E-16));
#3133=DIRECTION('',(1.,0.,0.));
#3134=DIRECTION('',(-1.,0.,0.));
#3135=DIRECTION('',(0.,1.,-4.35846631535527E-16));
#3136=DIRECTION('',(-1.,0.,0.));
#3137=DIRECTION('',(0.,-1.,4.35846631535527E-16));
#3138=DIRECTION('',(-1.,0.,0.));
#3139=DIRECTION('',(0.,-4.35846631535527E-16,-1.));
#3140=DIRECTION('',(0.,1.,-4.35846631535527E-16));
#3141=DIRECTION('',(0.,4.35846631535527E-16,1.));
#3142=DIRECTION('',(1.,0.,0.));
#3143=DIRECTION('',(0.,-1.,4.35846631535527E-16));
#3144=DIRECTION('',(1.,0.,0.));
#3145=DIRECTION('',(-1.,0.,0.));
#3146=DIRECTION('',(0.,1.,-4.35846631535527E-16));
#3147=DIRECTION('',(0.,4.35846631535527E-16,1.));
#3148=DIRECTION('',(0.,-4.35846631535527E-16,-1.));
#3149=DIRECTION('',(0.,-1.,4.35846631535527E-16));
#3150=DIRECTION('',(-1.,0.,0.));
#3151=DIRECTION('',(0.,4.35846631535527E-16,1.));
#3152=DIRECTION('',(0.,1.,-4.35846631535527E-16));
#3153=DIRECTION('',(0.,4.35846631535527E-16,1.));
#3154=DIRECTION('',(-1.,0.,0.));
#3155=DIRECTION('',(0.,1.,-4.35846631535527E-16));
#3156=DIRECTION('',(0.,4.35846631535527E-16,1.));
#3157=DIRECTION('',(0.,1.,-4.35846631535527E-16));
#3158=DIRECTION('',(-1.,0.,0.));
#3159=DIRECTION('',(0.,1.,-4.35846631535527E-16));
#3160=DIRECTION('',(0.,4.35846631535527E-16,1.));
#3161=DIRECTION('',(-1.,0.,0.));
#3162=DIRECTION('',(0.,1.,-4.35846631535527E-16));
#3163=DIRECTION('',(0.,4.35846631535527E-16,1.));
#3164=DIRECTION('',(0.,1.,-4.35846631535527E-16));
#3165=DIRECTION('',(1.,0.,0.));
#3166=DIRECTION('',(0.,1.,-4.35846631535527E-16));
#3167=DIRECTION('',(0.,4.35846631535527E-16,1.));
#3168=DIRECTION('',(1.,0.,0.));
#3169=DIRECTION('',(0.,1.,-4.35846631535527E-16));
#3170=DIRECTION('',(0.,4.35846631535527E-16,1.));
#3171=DIRECTION('',(0.,1.,-4.35846631535527E-16));
#3172=DIRECTION('',(-1.,0.,0.));
#3173=DIRECTION('',(0.,1.,-4.35846631535527E-16));
#3174=DIRECTION('',(0.,4.35846631535527E-16,1.));
#3175=DIRECTION('',(1.,-5.99665381421734E-31,-1.37586329234451E-15));
#3176=DIRECTION('',(0.,1.,-4.35846631535527E-16));
#3177=DIRECTION('',(0.,4.35846631535527E-16,1.));
#3178=DIRECTION('',(0.,4.35846631535527E-16,1.));
#3179=DIRECTION('',(0.,1.,-4.35846631535527E-16));
#3180=DIRECTION('',(0.,4.35846631535527E-16,1.));
#3181=DIRECTION('',(0.,1.,-4.35846631535527E-16));
#3182=DIRECTION('',(0.,-1.,4.35846631535527E-16));
#3183=DIRECTION('',(0.,-4.35846631535527E-16,-1.));
#3184=DIRECTION('',(0.,1.,-4.35846631535527E-16));
#3185=DIRECTION('',(0.,4.35846631535527E-16,1.));
#3186=DIRECTION('',(0.,-1.,4.35846631535527E-16));
#3187=DIRECTION('',(1.,0.,0.));
#3188=DIRECTION('',(0.,1.,4.35846631535527E-16));
#3189=DIRECTION('',(0.,1.,-4.35846631535527E-16));
#3190=DIRECTION('',(0.,4.35846631535527E-16,1.));
#3191=DIRECTION('',(0.,-1.,4.35846631535527E-16));
#3192=DIRECTION('',(1.,0.,0.));
#3193=DIRECTION('',(0.,1.,4.35846631535527E-16));
#3194=DIRECTION('',(0.,-4.35846631535527E-16,-1.));
#3195=DIRECTION('',(0.,1.,-4.35846631535527E-16));
#3196=DIRECTION('',(-1.,0.,0.));
#3197=DIRECTION('',(0.,1.,-4.35846631535527E-16));
#3198=DIRECTION('',(0.,1.,-4.35846631535527E-16));
#3199=DIRECTION('',(0.,4.35846631535527E-16,1.));
#3200=DIRECTION('',(0.,-1.,4.35846631535527E-16));
#3201=DIRECTION('',(0.,-4.35846631535527E-16,-1.));
#3202=DIRECTION('',(0.,1.,-4.35846631535527E-16));
#3203=DIRECTION('',(1.,0.,0.));
#3204=DIRECTION('',(0.,0.,-1.));
#3205=DIRECTION('',(0.,-4.35846631535527E-16,-1.));
#3206=DIRECTION('',(0.,1.,4.35846631535527E-16));
#3207=DIRECTION('',(0.,1.,-4.35846631535527E-16));
#3208=DIRECTION('',(0.,4.35846631535527E-16,1.));
#3209=DIRECTION('',(0.,-1.,4.35846631535527E-16));
#3210=DIRECTION('',(0.,-4.35846631535527E-16,-1.));
#3211=DIRECTION('',(0.,1.,4.35846631535527E-16));
#3212=DIRECTION('',(-1.,0.,0.));
#3213=DIRECTION('',(0.,0.,1.));
#3214=DIRECTION('',(0.,4.35846631535527E-16,1.));
#3215=DIRECTION('',(0.,1.,-4.35846631535527E-16));
#3216=DIRECTION('',(0.,1.,-4.35846631535527E-16));
#3217=DIRECTION('',(0.,4.35846631535527E-16,1.));
#3218=DIRECTION('',(0.,-1.,4.35846631535527E-16));
#3219=DIRECTION('',(0.,-4.35846631535527E-16,-1.));
#3220=DIRECTION('',(0.,1.,-4.35846631535527E-16));
#3221=DIRECTION('',(0.,-4.35846631535527E-16,-1.));
#3222=DIRECTION('',(0.,1.,-4.35846631535527E-16));
#3223=DIRECTION('',(-1.,0.,0.));
#3224=DIRECTION('',(0.,1.,-4.35846631535527E-16));
#3225=DIRECTION('',(0.,1.,-4.35846631535527E-16));
#3226=DIRECTION('',(0.,4.35846631535527E-16,1.));
#3227=DIRECTION('',(0.,-1.,4.35846631535527E-16));
#3228=DIRECTION('',(0.,-4.35846631535527E-16,-1.));
#3229=DIRECTION('',(0.,1.,-4.35846631535527E-16));
#3230=DIRECTION('',(0.,1.,-4.35846631535527E-16));
#3231=DIRECTION('',(0.,4.35846631535527E-16,1.));
#3232=DIRECTION('',(0.,1.,-4.35846631535527E-16));
#3233=DIRECTION('',(-1.,0.,0.));
#3234=DIRECTION('',(0.,1.,-4.35846631535527E-16));
#3235=DIRECTION('',(0.,1.,-4.35846631535527E-16));
#3236=DIRECTION('',(0.,4.35846631535527E-16,1.));
#3237=DIRECTION('',(0.,-1.,4.35846631535527E-16));
#3238=DIRECTION('',(0.,-4.35846631535527E-16,-1.));
#3239=DIRECTION('',(0.,-1.,4.35846631535527E-16));
#3240=DIRECTION('',(0.,-4.35846631535527E-16,-1.));
#3241=DIRECTION('',(0.,1.,-4.35846631535527E-16));
#3242=DIRECTION('',(1.,0.,0.));
#3243=DIRECTION('',(0.,-1.,4.35846631535527E-16));
#3244=DIRECTION('',(0.,1.,-4.35846631535527E-16));
#3245=DIRECTION('',(0.,4.35846631535527E-16,1.));
#3246=DIRECTION('',(0.,-1.,4.35846631535527E-16));
#3247=DIRECTION('',(0.,-4.35846631535527E-16,-1.));
#3248=DIRECTION('',(0.,1.,-4.35846631535527E-16));
#3249=DIRECTION('',(0.,1.,-4.35846631535527E-16));
#3250=DIRECTION('',(0.,4.35846631535527E-16,1.));
#3251=DIRECTION('',(0.,1.,-4.35846631535527E-16));
#3252=DIRECTION('',(1.,0.,0.));
#3253=DIRECTION('',(0.,1.,-4.35846631535527E-16));
#3254=DIRECTION('',(0.,1.,-4.35846631535527E-16));
#3255=DIRECTION('',(0.,4.35846631535527E-16,1.));
#3256=DIRECTION('',(0.,-1.,4.35846631535527E-16));
#3257=DIRECTION('',(0.,-4.35846631535527E-16,-1.));
#3258=DIRECTION('',(0.,-1.,4.35846631535527E-16));
#3259=DIRECTION('',(0.,4.35846631535527E-16,1.));
#3260=DIRECTION('',(0.,-1.,4.35846631535527E-16));
#3261=DIRECTION('',(1.,0.,0.));
#3262=DIRECTION('',(0.,-1.,4.35846631535527E-16));
#3263=DIRECTION('',(0.,1.,-4.35846631535527E-16));
#3264=DIRECTION('',(0.,4.35846631535527E-16,1.));
#3265=DIRECTION('',(0.,-1.,4.35846631535527E-16));
#3266=DIRECTION('',(0.,-4.35846631535527E-16,-1.));
#3267=DIRECTION('',(0.,1.,-4.35846631535527E-16));
#3268=DIRECTION('',(0.,1.,-4.35846631535527E-16));
#3269=DIRECTION('',(0.,4.35846631535527E-16,1.));
#3270=DIRECTION('',(0.,1.,-4.35846631535527E-16));
#3271=DIRECTION('',(-1.,0.,0.));
#3272=DIRECTION('',(0.,1.,-4.35846631535527E-16));
#3273=DIRECTION('',(0.,1.,-4.35846631535527E-16));
#3274=DIRECTION('',(0.,4.35846631535527E-16,1.));
#3275=DIRECTION('',(0.,-1.,4.35846631535527E-16));
#3276=DIRECTION('',(0.,-4.35846631535527E-16,-1.));
#3277=DIRECTION('',(0.,1.,-4.35846631535527E-16));
#3278=DIRECTION('',(0.,4.35846631535527E-16,1.));
#3279=DIRECTION('',(0.,-1.,4.35846631535527E-16));
#3280=DIRECTION('',(1.,0.,0.));
#3281=DIRECTION('',(0.,1.,-4.35846631535527E-16));
#3282=DIRECTION('',(0.,1.,-4.35846631535527E-16));
#3283=DIRECTION('',(0.,4.35846631535527E-16,1.));
#3284=DIRECTION('',(0.,-1.,4.35846631535527E-16));
#3285=DIRECTION('',(0.,-4.35846631535527E-16,-1.));
#3286=DIRECTION('',(0.,1.,-4.35846631535527E-16));
#3287=DIRECTION('',(-1.,0.,0.));
#3288=DIRECTION('',(0.,0.,1.));
#3289=DIRECTION('',(0.,4.35846631535527E-16,1.));
#3290=DIRECTION('',(0.,1.,4.35846631535527E-16));
#3291=DIRECTION('',(0.,1.,-4.35846631535527E-16));
#3292=DIRECTION('',(0.,4.35846631535527E-16,1.));
#3293=DIRECTION('',(0.,-1.,4.35846631535527E-16));
#3294=DIRECTION('',(-1.,0.,0.));
#3295=DIRECTION('',(0.,1.,4.35846631535527E-16));
#3296=DIRECTION('',(1.,0.,0.));
#3297=DIRECTION('',(0.,0.,-1.));
#3298=DIRECTION('',(0.,-4.35846631535527E-16,-1.));
#3299=DIRECTION('',(0.,-4.35846631535527E-16,-1.));
#3300=DIRECTION('',(0.,1.,-4.35846631535527E-16));
#3301=DIRECTION('',(-1.,0.,0.));
#3302=DIRECTION('',(0.,1.,-4.35846631535527E-16));
#3303=DIRECTION('',(0.,1.,-4.35846631535527E-16));
#3304=DIRECTION('',(1.,0.,0.));
#3305=DIRECTION('',(0.,0.,-1.));
#3306=DIRECTION('',(1.,0.,0.));
#3307=DIRECTION('',(1.,-6.12303176911189E-17,0.));
#3308=DIRECTION('',(0.,0.,-1.));
#3309=DIRECTION('',(1.,0.,0.));
#3310=DIRECTION('',(1.,0.,0.));
#3311=DIRECTION('',(0.,1.,-4.35846631535527E-16));
#3312=DIRECTION('',(0.,4.35846631535527E-16,1.));
#3313=DIRECTION('',(0.,1.,-4.35846631535527E-16));
#3314=DIRECTION('',(-1.,0.,0.));
#3315=DIRECTION('',(0.,1.,-4.35846631535527E-16));
#3316=DIRECTION('',(0.,4.35846631535527E-16,1.));
#3317=DIRECTION('',(0.,-1.,4.35846631535527E-16));
#3318=DIRECTION('',(1.,0.,0.));
#3319=DIRECTION('',(0.,1.,-4.35846631535527E-16));
#3320=DIRECTION('',(0.,4.35846631535527E-16,1.));
#3321=DIRECTION('',(0.,1.,-4.35846631535527E-16));
#3322=DIRECTION('',(0.,1.,-4.35846631535527E-16));
#3323=DIRECTION('',(1.,0.,0.));
#3324=DIRECTION('',(0.,1.,0.));
#3325=DIRECTION('',(0.,0.,1.));
#3326=DIRECTION('',(0.,1.,0.));
#3327=DIRECTION('',(0.,0.,1.));
#3328=DIRECTION('',(-1.,-1.43995601033231E-17,0.));
#3329=DIRECTION('',(1.43995601033231E-17,-1.,0.));
#3330=DIRECTION('',(-1.,-1.43995601033231E-17,0.));
#3331=DIRECTION('',(1.43995601033231E-17,-1.,0.));
#3332=DIRECTION('',(1.,0.,0.));
#3333=DIRECTION('',(0.,0.,-1.));
#3334=DIRECTION('',(-1.,6.12303176911189E-17,0.));
#3335=DIRECTION('',(1.,0.,0.));
#3336=DIRECTION('',(1.,-6.12303176911189E-17,0.));
#3337=DIRECTION('',(0.,0.,-1.));
#3338=DIRECTION('',(-1.3019374271018E-32,-2.1262953977628E-16,1.));
#3339=DIRECTION('',(0.,-1.,-2.1262953977628E-16));
#3340=DIRECTION('',(-1.,-4.72545864781308E-32,1.0842021724855E-16));
#3341=DIRECTION('',(1.,0.,0.));
#3342=DIRECTION('',(6.12303176911189E-17,1.,2.1262953977628E-16));
#3343=DIRECTION('',(-1.,6.12303176911189E-17,0.));
#3344=DIRECTION('',(1.,0.,0.));
#3345=DIRECTION('',(0.,0.,-1.));
#3346=DIRECTION('',(1.,0.,0.));
#3347=DIRECTION('',(1.,-6.12303176911189E-17,0.));
#3348=DIRECTION('',(0.,0.,-1.));
#3349=DIRECTION('',(4.33680868994202E-16,-1.,0.));
#3350=DIRECTION('',(1.,4.33680868994202E-16,0.));
#3351=DIRECTION('',(-1.,-4.33680868994202E-16,0.));
#3352=DIRECTION('',(0.,0.,-1.));
#3353=DIRECTION('',(-1.,0.,0.));
#3354=DIRECTION('',(0.,0.,-1.));
#3355=DIRECTION('',(-1.,0.,0.));
#3356=DIRECTION('',(0.,1.,0.));
#3357=DIRECTION('',(1.,0.,0.));
#3358=DIRECTION('',(0.707106781186547,-0.707106781186548,0.));
#3359=DIRECTION('',(0.707106781186547,0.707106781186547,0.));
#3360=DIRECTION('',(-0.707106781186548,0.707106781186548,0.));
#3361=DIRECTION('',(0.707106781186547,0.707106781186547,0.));
#3362=DIRECTION('',(0.707106781186548,-0.707106781186548,0.));
#3363=DIRECTION('',(0.707106781186548,-0.707106781186548,0.));
#3364=DIRECTION('',(0.,0.,-1.));
#3365=DIRECTION('',(-1.,0.,0.));
#3366=DIRECTION('',(1.,0.,0.));
#3367=DIRECTION('',(0.,1.,0.));
#3368=DIRECTION('',(0.,-1.,-4.35846631535527E-16));
#3369=DIRECTION('',(0.,4.35846631535527E-16,-1.));
#3370=DIRECTION('',(0.,-1.,-4.35846631535527E-16));
#3371=DIRECTION('',(0.,-1.,-4.35846631535527E-16));
#3372=DIRECTION('',(1.,0.,0.));
#3373=DIRECTION('',(1.0842021724855E-16,-4.35846631535527E-16,1.));
#3374=DIRECTION('',(0.,-1.,-4.35846631535527E-16));
#3375=DIRECTION('',(1.,0.,0.));
#3376=DIRECTION('',(0.,-1.,-4.35846631535527E-16));
#3377=DIRECTION('',(0.,-1.,-4.35846631535527E-16));
#3378=DIRECTION('',(0.,4.35846631535527E-16,-1.));
#3379=DIRECTION('',(0.,-1.,-4.35846631535527E-16));
#3380=DIRECTION('',(-1.,0.,0.));
#3381=DIRECTION('',(0.,1.,-4.35846631535527E-16));
#3382=DIRECTION('',(0.,4.35846631535527E-16,1.));
#3383=DIRECTION('',(2.66870277135243E-32,4.35846631535527E-16,1.));
#3384=DIRECTION('',(1.,0.,0.));
#3385=DIRECTION('',(1.,0.,0.));
#3386=DIRECTION('',(2.66870277135243E-32,4.35846631535527E-16,1.));
#3387=DIRECTION('',(1.,-6.12303176911189E-17,0.));
#3388=DIRECTION('',(6.12303176911189E-17,1.,0.));
#3389=DIRECTION('',(-1.,6.12303176911189E-17,0.));
#3390=DIRECTION('',(0.,0.,-1.));
#3391=DIRECTION('',(-2.66870277135244E-32,-4.35846631535527E-16,-1.));
#3392=DIRECTION('',(0.,1.,-4.35846631535527E-16));
#3393=DIRECTION('',(0.,4.35846631535527E-16,1.));
#3394=DIRECTION('',(0.,1.,-4.35846631535527E-16));
#3395=DIRECTION('',(0.,1.,-4.35846631535527E-16));
#3396=DIRECTION('',(-1.,0.,0.));
#3397=DIRECTION('',(0.,4.35846631535527E-16,1.));
#3398=DIRECTION('',(0.,-1.,4.35846631535527E-16));
#3399=DIRECTION('',(1.,0.,0.));
#3400=DIRECTION('',(0.,1.,-4.35846631535527E-16));
#3401=DIRECTION('',(0.,1.,-4.35846631535527E-16));
#3402=DIRECTION('',(0.,4.35846631535527E-16,1.));
#3403=DIRECTION('',(0.,1.,-4.35846631535527E-16));
#3404=DIRECTION('',(1.,0.,0.));
#3405=DIRECTION('',(0.,-1.,4.35846631535527E-16));
#3406=DIRECTION('',(0.,-4.35846631535527E-16,-1.));
#3407=DIRECTION('',(1.,0.,0.));
#3408=DIRECTION('',(-2.66870277135244E-32,-4.35846631535527E-16,-1.));
#3409=DIRECTION('',(1.,0.,0.));
#3410=DIRECTION('',(1.,0.,0.));
#3411=DIRECTION('',(0.,0.,-1.));
#3412=DIRECTION('',(-1.,6.12303176911189E-17,0.));
#3413=DIRECTION('',(0.,0.,-1.));
#3414=DIRECTION('',(1.,0.,0.));
#3415=DIRECTION('',(0.707106781186547,-0.707106781186547,0.));
#3416=DIRECTION('',(0.707106781186548,0.707106781186548,0.));
#3417=DIRECTION('',(1.,0.,0.));
#3418=DIRECTION('',(-1.,6.12303176911189E-17,0.));
#3419=DIRECTION('',(0.,0.,-1.));
#3420=DIRECTION('',(-1.,6.12303176911189E-17,0.));
#3421=DIRECTION('',(0.,0.,-1.));
#3422=DIRECTION('',(-4.8186763221578E-16,1.,0.));
#3423=DIRECTION('',(1.,4.8186763221578E-16,0.));
#3424=DIRECTION('',(0.,-1.,0.));
#3425=DIRECTION('',(0.,0.,-1.));
#3426=DIRECTION('',(-4.72373838909731E-16,1.,0.));
#3427=DIRECTION('',(1.,4.72373838909731E-16,0.));
#3428=DIRECTION('',(-4.8186763221578E-16,1.,0.));
#3429=DIRECTION('',(1.,4.8186763221578E-16,0.));
#3430=DIRECTION('',(0.,-1.,0.));
#3431=DIRECTION('',(0.,0.,-1.));
#3432=DIRECTION('',(-4.72373838909731E-16,1.,0.));
#3433=DIRECTION('',(1.,4.72373838909731E-16,0.));
#3434=DIRECTION('',(0.,1.,0.));
#3435=DIRECTION('',(0.,0.,-1.));
#3436=DIRECTION('',(0.,-1.,0.));
#3437=DIRECTION('',(0.,0.,1.));
#3438=DIRECTION('',(0.,1.,0.));
#3439=DIRECTION('',(0.,0.,-1.));
#3440=DIRECTION('',(0.,-1.,0.));
#3441=DIRECTION('',(0.,0.,1.));
#3442=DIRECTION('',(4.33680868994202E-16,1.,0.));
#3443=DIRECTION('',(1.,-4.33680868994202E-16,0.));
#3444=DIRECTION('',(-4.33680868994202E-16,-1.,0.));
#3445=DIRECTION('',(-1.,4.33680868994202E-16,0.));
#3446=DIRECTION('',(4.33680868994202E-16,1.,0.));
#3447=DIRECTION('',(-4.33680868994202E-16,-1.,0.));
#3448=DIRECTION('',(-1.,4.33680868994202E-16,0.));
#3449=DIRECTION('',(4.33680868994202E-16,1.,0.));
#3450=DIRECTION('',(0.,0.,1.));
#3451=DIRECTION('',(1.,0.,0.));
#3452=DIRECTION('',(-1.,4.33680868994202E-16,0.));
#3453=DIRECTION('',(-1.,4.33680868994202E-16,0.));
#3454=DIRECTION('',(4.33680868994202E-16,1.,0.));
#3455=DIRECTION('',(5.42101086242752E-17,-2.35098870164457E-32,-1.));
#3456=DIRECTION('',(-1.,0.,-5.42101086242752E-17));
#3457=DIRECTION('',(1.,-4.33680868994202E-16,5.42101086242752E-17));
#3458=DIRECTION('',(4.33680868994202E-16,1.,0.));
#3459=DIRECTION('',(1.,-4.33680868994202E-16,5.42101086242752E-17));
#3460=DIRECTION('',(-4.8186763221578E-16,1.,0.));
#3461=DIRECTION('',(1.,4.8186763221578E-16,0.));
#3462=DIRECTION('',(-4.72373838909731E-16,1.,0.));
#3463=DIRECTION('',(1.,4.72373838909731E-16,0.));
#3464=DIRECTION('',(0.,0.,-1.));
#3465=DIRECTION('',(0.,0.,-1.));
#3466=DIRECTION('',(0.,-1.,0.));
#3467=DIRECTION('',(0.,0.,1.));
#3468=DIRECTION('',(0.,-1.,0.));
#3469=DIRECTION('',(0.,0.,1.));
#3470=DIRECTION('',(0.,-1.,0.));
#3471=DIRECTION('',(0.,0.,1.));
#3472=DIRECTION('',(0.,-1.,0.));
#3473=DIRECTION('',(0.,0.,1.));
#3474=DIRECTION('',(-1.,0.,0.));
#3475=DIRECTION('',(0.,0.,1.));
#3476=DIRECTION('',(0.,-1.,0.));
#3477=DIRECTION('',(0.,0.,-1.));
#3478=DIRECTION('',(1.,6.12303176911189E-17,0.));
#3479=DIRECTION('',(6.12303176911189E-17,-1.,0.));
#3480=DIRECTION('',(0.,-1.,0.));
#3481=DIRECTION('',(0.,-1.,0.));
#3482=DIRECTION('',(0.,0.,-1.));
#3483=DIRECTION('',(4.33680868994202E-16,1.,0.));
#3484=DIRECTION('',(1.,-4.33680868994202E-16,0.));
#3485=DIRECTION('',(-1.,0.,0.));
#3486=DIRECTION('',(-1.,4.33680868994202E-16,0.));
#3487=DIRECTION('',(0.,0.,-1.));
#3488=DIRECTION('',(-1.,0.,0.));
#3489=DIRECTION('',(0.,0.,1.));
#3490=DIRECTION('',(0.,-1.,0.));
#3491=DIRECTION('',(-4.8186763221578E-16,1.,0.));
#3492=DIRECTION('',(1.,4.8186763221578E-16,0.));
#3493=DIRECTION('',(-4.8186763221578E-16,1.,0.));
#3494=DIRECTION('',(0.,1.,0.));
#3495=DIRECTION('',(0.,0.,1.));
#3496=DIRECTION('',(-4.8186763221578E-16,1.,0.));
#3497=DIRECTION('',(0.,0.,-1.));
#3498=DIRECTION('',(-1.,0.,0.));
#3499=DIRECTION('',(0.707106781186548,0.707106781186548,0.));
#3500=DIRECTION('',(1.,0.,0.));
#3501=DIRECTION('',(0.,-1.,0.));
#3502=DIRECTION('',(0.,0.,1.));
#3503=DIRECTION('',(0.,0.,-1.));
#3504=DIRECTION('',(1.,0.,0.));
#3505=DIRECTION('',(0.,0.,-1.));
#3506=DIRECTION('',(-1.,0.,0.));
#3507=DIRECTION('',(0.707106781186547,0.707106781186548,0.));
#3508=DIRECTION('',(0.707106781186547,-0.707106781186547,0.));
#3509=DIRECTION('',(-0.707106781186548,-0.707106781186548,0.));
#3510=CARTESIAN_POINT('',(0.,0.,0.));
#3511=CARTESIAN_POINT('',(-8.8,3.1,0.));
#3512=CARTESIAN_POINT('',(-8.8,9.7103857073233E-16,0.));
#3513=CARTESIAN_POINT('',(-8.8,-3.1,0.));
#3514=CARTESIAN_POINT('',(-8.8,9.7103857073233E-16,0.));
#3515=CARTESIAN_POINT('',(-8.8,-2.4,0.));
#3516=CARTESIAN_POINT('',(-28.,11.2,0.));
#3517=CARTESIAN_POINT('',(-28.,11.2,0.));
#3518=CARTESIAN_POINT('',(-28.,11.2,-2.4));
#3519=CARTESIAN_POINT('',(-28.,11.2,0.));
#3520=CARTESIAN_POINT('',(-28.,11.2,3.1));
#3521=CARTESIAN_POINT('',(-20.,11.2,0.));
#3522=CARTESIAN_POINT('',(-20.,11.2,0.));
#3523=CARTESIAN_POINT('',(-20.,11.2,-2.4));
#3524=CARTESIAN_POINT('',(-20.,11.2,0.));
#3525=CARTESIAN_POINT('',(-20.,11.2,3.1));
#3526=CARTESIAN_POINT('',(-20.,38.8,0.));
#3527=CARTESIAN_POINT('',(-20.,8.79999999999999,0.));
#3528=CARTESIAN_POINT('',(-17.6,8.79999999999999,0.));
#3529=CARTESIAN_POINT('',(-28.,38.8,0.));
#3530=CARTESIAN_POINT('',(-28.,8.8,0.));
#3531=CARTESIAN_POINT('',(-25.6,8.79999999999999,0.));
#3532=CARTESIAN_POINT('',(-0.899999999999999,7.2,-8.));
#3533=CARTESIAN_POINT('',(-4.,7.2,-8.));
#3534=CARTESIAN_POINT('',(-4.,7.2,-5.6));
#3535=CARTESIAN_POINT('',(-4.,7.2,-8.));
#3536=CARTESIAN_POINT('',(-4.,7.2,-4.9));
#3537=CARTESIAN_POINT('',(-4.,4.,-8.));
#3538=CARTESIAN_POINT('',(-4.,4.8,-8.));
#3539=CARTESIAN_POINT('',(-4.,4.8,-5.6));
#3540=CARTESIAN_POINT('',(-1.6,-7.2,-8.));
#3541=CARTESIAN_POINT('',(-4.,-7.2,-8.));
#3542=CARTESIAN_POINT('',(-4.,-7.2,-4.9));
#3543=CARTESIAN_POINT('',(-4.,-7.2,-8.));
#3544=CARTESIAN_POINT('',(-4.,-7.2,-5.6));
#3545=CARTESIAN_POINT('',(-4.,-4.,-8.));
#3546=CARTESIAN_POINT('',(-4.,-4.8,-8.));
#3547=CARTESIAN_POINT('',(-4.,-4.8,-5.6));
#3548=CARTESIAN_POINT('',(-16.,8.67361737988404E-16,0.));
#3549=CARTESIAN_POINT('',(-15.2,8.78881386071062E-16,0.));
#3550=CARTESIAN_POINT('',(-15.2,-2.4,0.));
#3551=CARTESIAN_POINT('',(-16.,8.67361737988404E-16,0.));
#3552=CARTESIAN_POINT('',(-8.,9.82558218814988E-16,0.));
#3553=CARTESIAN_POINT('',(-8.,-3.1,0.));
#3554=CARTESIAN_POINT('',(-28.,11.2,0.));
#3555=CARTESIAN_POINT('',(-28.,12.,0.));
#3556=CARTESIAN_POINT('',(-28.,12.,3.1));
#3557=CARTESIAN_POINT('',(-20.,11.2,0.));
#3558=CARTESIAN_POINT('',(-20.,12.,0.));
#3559=CARTESIAN_POINT('',(-20.,12.,3.1));
#3560=CARTESIAN_POINT('',(-31.6,8.8,3.6));
#3561=CARTESIAN_POINT('',(-28.,8.8,0.));
#3562=CARTESIAN_POINT('',(-28.,8.8,-3.6));
#3563=CARTESIAN_POINT('',(-28.,8.8,3.6));
#3564=CARTESIAN_POINT('',(-28.,8.8,3.6));
#3565=CARTESIAN_POINT('',(-28.,8.8,-3.1));
#3566=CARTESIAN_POINT('',(-28.,8.8,-3.1));
#3567=CARTESIAN_POINT('',(-20.,8.8,-3.1));
#3568=CARTESIAN_POINT('',(-20.,8.8,1.0842021724855E-16));
#3569=CARTESIAN_POINT('',(-20.,8.8,3.1));
#3570=CARTESIAN_POINT('',(-28.,8.8,3.1));
#3571=CARTESIAN_POINT('',(-28.,8.8,3.1));
#3572=CARTESIAN_POINT('',(-28.,8.8,3.6));
#3573=CARTESIAN_POINT('',(-4.,4.,-8.));
#3574=CARTESIAN_POINT('',(-4.,8.,-8.));
#3575=CARTESIAN_POINT('',(-4.,8.,-4.9));
#3576=CARTESIAN_POINT('',(-1.6,4.8,-8.));
#3577=CARTESIAN_POINT('',(-4.,4.8,-8.));
#3578=CARTESIAN_POINT('',(-4.,4.8,-4.9));
#3579=CARTESIAN_POINT('',(-4.,-4.,-8.));
#3580=CARTESIAN_POINT('',(-4.,-8.,-8.));
#3581=CARTESIAN_POINT('',(-4.,-8.,-4.9));
#3582=CARTESIAN_POINT('',(-0.9,-4.8,-8.));
#3583=CARTESIAN_POINT('',(-4.,-4.8,-8.));
#3584=CARTESIAN_POINT('',(-4.,-4.8,-4.9));
#3585=CARTESIAN_POINT('',(-15.2,2.4,0.));
#3586=CARTESIAN_POINT('',(-15.2,8.78881386071062E-16,0.));
#3587=CARTESIAN_POINT('',(-15.2,-3.1,0.));
#3588=CARTESIAN_POINT('',(-8.,4.89842541528951E-16,0.));
#3589=CARTESIAN_POINT('',(-8.,4.89842541528951E-16,0.));
#3590=CARTESIAN_POINT('',(-8.,4.07921561087423,-4.4));
#3591=CARTESIAN_POINT('',(-8.,-4.07921561087422,-4.4));
#3592=CARTESIAN_POINT('',(-8.,-3.0004481971907E-15,-4.4));
#3593=CARTESIAN_POINT('',(-8.,-4.,-4.4));
#3594=CARTESIAN_POINT('',(-8.,-3.0004481971907E-15,-4.4));
#3595=CARTESIAN_POINT('',(-8.,4.,-4.4));
#3596=CARTESIAN_POINT('',(-8.,-3.0004481971907E-15,-4.4));
#3597=CARTESIAN_POINT('',(-28.,8.8,-3.1));
#3598=CARTESIAN_POINT('',(-28.,8.,-3.1));
#3599=CARTESIAN_POINT('',(-28.,8.,-3.1));
#3600=CARTESIAN_POINT('',(-20.,8.,-3.1));
#3601=CARTESIAN_POINT('',(-20.,8.8,-3.1));
#3602=CARTESIAN_POINT('',(-28.,8.8,-3.1));
#3603=CARTESIAN_POINT('',(-20.,8.8,1.0842021724855E-16));
#3604=CARTESIAN_POINT('',(-20.,8.,1.0842021724855E-16));
#3605=CARTESIAN_POINT('',(-20.,8.,3.1));
#3606=CARTESIAN_POINT('',(-20.,8.8,3.1));
#3607=CARTESIAN_POINT('',(-28.,8.8,3.1));
#3608=CARTESIAN_POINT('',(-28.,8.,3.1));
#3609=CARTESIAN_POINT('',(-28.,8.,3.1));
#3610=CARTESIAN_POINT('',(-28.,8.8,3.1));
#3611=CARTESIAN_POINT('',(-28.,8.8,3.6));
#3612=CARTESIAN_POINT('',(-28.,8.,3.6));
#3613=CARTESIAN_POINT('',(-28.,8.,3.6));
#3614=CARTESIAN_POINT('',(-28.,8.8,3.6));
#3615=CARTESIAN_POINT('',(-28.,8.8,3.6));
#3616=CARTESIAN_POINT('',(-28.,8.8,-3.6));
#3617=CARTESIAN_POINT('',(-28.,8.,-3.6));
#3618=CARTESIAN_POINT('',(-28.,8.,3.6));
#3619=CARTESIAN_POINT('',(-31.6,12.,3.6));
#3620=CARTESIAN_POINT('',(-28.,12.,0.));
#3621=CARTESIAN_POINT('',(-28.,12.,3.6));
#3622=CARTESIAN_POINT('',(-28.,12.,-3.6));
#3623=CARTESIAN_POINT('',(-31.6,12.,3.6));
#3624=CARTESIAN_POINT('',(-16.,12.,3.6));
#3625=CARTESIAN_POINT('',(-16.,12.,3.6));
#3626=CARTESIAN_POINT('',(-16.,12.,-3.6));
#3627=CARTESIAN_POINT('',(-31.6,12.,-3.6));
#3628=CARTESIAN_POINT('',(-28.,38.8,0.));
#3629=CARTESIAN_POINT('',(-28.,38.8,3.6));
#3630=CARTESIAN_POINT('',(-28.,38.8,-3.6));
#3631=CARTESIAN_POINT('',(-12.,8.,-7.99999999999999));
#3632=CARTESIAN_POINT('',(-8.,8.,-4.39999999999999));
#3633=CARTESIAN_POINT('',(-4.,8.,-4.4));
#3634=CARTESIAN_POINT('',(-12.,8.,-4.39999999999999));
#3635=CARTESIAN_POINT('',(-4.,8.,-7.99999999999999));
#3636=CARTESIAN_POINT('',(-4.,8.,-11.6));
#3637=CARTESIAN_POINT('',(-12.,8.,-11.6));
#3638=CARTESIAN_POINT('',(-12.,8.,-11.6));
#3639=CARTESIAN_POINT('',(-12.,8.,-7.99999999999999));
#3640=CARTESIAN_POINT('',(-12.,8.,-7.99999999999999));
#3641=CARTESIAN_POINT('',(-8.78802967294313,8.,-6.37419354838708));
#3642=CARTESIAN_POINT('',(-9.01980361490158,8.,-5.98048780487804));
#3643=CARTESIAN_POINT('',(-9.23413666281214,8.,-6.59999999999998));
#3644=CARTESIAN_POINT('',(-9.23413666281214,8.,-7.09999999999999));
#3645=CARTESIAN_POINT('',(-9.7751404538713,8.,-7.09999999999999));
#3646=CARTESIAN_POINT('',(-10.6,8.,-7.09999999999999));
#3647=CARTESIAN_POINT('',(-10.6,8.,-6.59999999999999));
#3648=CARTESIAN_POINT('',(-11.1,8.,-6.59999999999999));
#3649=CARTESIAN_POINT('',(-11.1,8.,-5.77514045387129));
#3650=CARTESIAN_POINT('',(-11.1,8.,-5.84361413471521));
#3651=CARTESIAN_POINT('',(-11.2,8.,-5.84361413471521));
#3652=CARTESIAN_POINT('',(-11.1652173913043,8.,-5.74985822752892));
#3653=CARTESIAN_POINT('',(-12.,8.,-7.99999999999999));
#3654=CARTESIAN_POINT('',(-12.8347826086957,8.,-5.74985822752892));
#3655=CARTESIAN_POINT('',(-12.8,8.,-5.84361413471521));
#3656=CARTESIAN_POINT('',(-12.9,8.,-5.84361413471521));
#3657=CARTESIAN_POINT('',(-12.9,8.,-7.09999999999999));
#3658=CARTESIAN_POINT('',(-12.9,8.,-6.59999999999999));
#3659=CARTESIAN_POINT('',(-13.4,8.,-6.59999999999999));
#3660=CARTESIAN_POINT('',(-13.4,8.,-7.09999999999999));
#3661=CARTESIAN_POINT('',(-14.2248595461287,8.,-7.09999999999999));
#3662=CARTESIAN_POINT('',(-14.1563858652848,8.,-7.09999999999999));
#3663=CARTESIAN_POINT('',(-14.1563858652848,8.,-7.19999999999999));
#3664=CARTESIAN_POINT('',(-14.2501417724711,8.,-7.16521739130434));
#3665=CARTESIAN_POINT('',(-12.,8.,-7.99999999999999));
#3666=CARTESIAN_POINT('',(-14.2501417724711,8.,-8.83478260869564));
#3667=CARTESIAN_POINT('',(-14.1563858652848,8.,-8.79999999999999));
#3668=CARTESIAN_POINT('',(-14.1563858652848,8.,-8.89999999999999));
#3669=CARTESIAN_POINT('',(-12.9,8.,-8.89999999999999));
#3670=CARTESIAN_POINT('',(-13.4,8.,-8.89999999999999));
#3671=CARTESIAN_POINT('',(-13.4,8.,-9.39999999999999));
#3672=CARTESIAN_POINT('',(-12.9,8.,-9.39999999999999));
#3673=CARTESIAN_POINT('',(-12.9,8.,-10.2248595461287));
#3674=CARTESIAN_POINT('',(-12.9,8.,-10.1563858652848));
#3675=CARTESIAN_POINT('',(-12.8,8.,-10.1563858652848));
#3676=CARTESIAN_POINT('',(-12.8347826086957,8.,-10.2501417724711));
#3677=CARTESIAN_POINT('',(-12.,8.,-7.99999999999999));
#3678=CARTESIAN_POINT('',(-11.1652173913043,8.,-10.2501417724711));
#3679=CARTESIAN_POINT('',(-11.2,8.,-10.1563858652848));
#3680=CARTESIAN_POINT('',(-11.1,8.,-10.1563858652848));
#3681=CARTESIAN_POINT('',(-11.1,8.,-8.89999999999999));
#3682=CARTESIAN_POINT('',(-11.1,8.,-9.39999999999999));
#3683=CARTESIAN_POINT('',(-10.6,8.,-9.39999999999999));
#3684=CARTESIAN_POINT('',(-10.6,8.,-8.89999999999999));
#3685=CARTESIAN_POINT('',(-9.7751404538713,8.,-8.89999999999999));
#3686=CARTESIAN_POINT('',(-9.23413666281213,8.,-8.89999999999999));
#3687=CARTESIAN_POINT('',(-9.23413666281213,8.,-9.39999999999999));
#3688=CARTESIAN_POINT('',(-8.78802967294312,8.,-9.62580645161289));
#3689=CARTESIAN_POINT('',(-12.,8.,-7.99999999999999));
#3690=CARTESIAN_POINT('',(-9.01980361490158,8.,-10.0195121951219));
#3691=CARTESIAN_POINT('',(-8.60588745030458,8.,-10.3));
#3692=CARTESIAN_POINT('',(-8.60588745030458,8.,-10.8));
#3693=CARTESIAN_POINT('',(-6.26274169979695,8.,-10.8));
#3694=CARTESIAN_POINT('',(-7.39411254969544,8.,-10.8));
#3695=CARTESIAN_POINT('',(-7.39411254969544,8.,-10.3));
#3696=CARTESIAN_POINT('',(-6.98019638509843,8.,-10.0195121951219));
#3697=CARTESIAN_POINT('',(-4.,8.,-7.99999999999999));
#3698=CARTESIAN_POINT('',(-6.98019638509842,8.,-5.98048780487804));
#3699=CARTESIAN_POINT('',(-7.39411254969543,8.,-5.7));
#3700=CARTESIAN_POINT('',(-7.39411254969543,8.,-5.19999999999999));
#3701=CARTESIAN_POINT('',(-9.73725830020305,8.,-5.19999999999999));
#3702=CARTESIAN_POINT('',(-8.60588745030458,8.,-5.19999999999999));
#3703=CARTESIAN_POINT('',(-8.60588745030458,8.,-5.7));
#3704=CARTESIAN_POINT('',(-12.,8.,-11.6));
#3705=CARTESIAN_POINT('',(-12.,4.,-11.6));
#3706=CARTESIAN_POINT('',(-12.,4.,-11.6));
#3707=CARTESIAN_POINT('',(-4.,4.,-11.6));
#3708=CARTESIAN_POINT('',(-12.,8.,-11.6));
#3709=CARTESIAN_POINT('',(-4.,8.,-11.6));
#3710=CARTESIAN_POINT('',(-12.,8.,-7.99999999999999));
#3711=CARTESIAN_POINT('',(-12.7170601648351,4.,-4.47213595499958));
#3712=CARTESIAN_POINT('',(-12.4833500953546,4.05310998606626,-4.42463293934829));
#3713=CARTESIAN_POINT('',(-12.2443560595431,4.07921561087424,-4.4));
#3714=CARTESIAN_POINT('',(-12.,4.07921561087424,-4.4));
#3715=CARTESIAN_POINT('',(-12.7170601648351,4.,-4.47213595499958));
#3716=CARTESIAN_POINT('',(-12.,4.07921561087423,-4.4));
#3717=CARTESIAN_POINT('',(-12.,4.,-7.99999999999999));
#3718=CARTESIAN_POINT('',(-12.,4.,-4.4));
#3719=CARTESIAN_POINT('',(-12.,8.,-4.39999999999999));
#3720=CARTESIAN_POINT('',(-8.,8.,-4.39999999999999));
#3721=CARTESIAN_POINT('',(-8.,4.,-4.4));
#3722=CARTESIAN_POINT('',(-4.,4.,-4.4));
#3723=CARTESIAN_POINT('',(-4.,8.,-4.4));
#3724=CARTESIAN_POINT('',(-4.,4.07921561087423,-4.4));
#3725=CARTESIAN_POINT('',(-16.,4.07921561087423,-4.4));
#3726=CARTESIAN_POINT('',(-4.,8.,-7.99999999999999));
#3727=CARTESIAN_POINT('',(-4.,4.07921561087423,-4.4));
#3728=CARTESIAN_POINT('',(-3.75564394045695,4.07921561087423,-4.4));
#3729=CARTESIAN_POINT('',(-3.51664990464538,4.05310998606626,-4.42463293934829));
#3730=CARTESIAN_POINT('',(-3.28293983516494,4.,-4.47213595499958));
#3731=CARTESIAN_POINT('',(-3.28293983516494,4.,-4.47213595499958));
#3732=CARTESIAN_POINT('',(-4.,4.,-8.));
#3733=CARTESIAN_POINT('',(-10.6,22.,-6.59999999999999));
#3734=CARTESIAN_POINT('',(-10.6,8.,-7.09999999999999));
#3735=CARTESIAN_POINT('',(-10.6,4.,-7.1));
#3736=CARTESIAN_POINT('',(-10.6,4.,-6.6));
#3737=CARTESIAN_POINT('',(-11.1,4.,-6.6));
#3738=CARTESIAN_POINT('',(-11.1,22.,-6.59999999999999));
#3739=CARTESIAN_POINT('',(-11.1,22.,-5.7751404538713));
#3740=CARTESIAN_POINT('',(-11.1,4.,-4.47213595499958));
#3741=CARTESIAN_POINT('',(-11.1,4.,-5.84361413471521));
#3742=CARTESIAN_POINT('',(-11.1,8.,-5.84361413471521));
#3743=CARTESIAN_POINT('',(-11.2,22.,-5.84361413471522));
#3744=CARTESIAN_POINT('',(-11.2,4.,-5.84361413471521));
#3745=CARTESIAN_POINT('',(-11.1652173913043,4.,-5.74985822752892));
#3746=CARTESIAN_POINT('',(-11.1652173913043,22.,-5.74985822752893));
#3747=CARTESIAN_POINT('',(-12.,22.,-8.));
#3748=CARTESIAN_POINT('',(-12.,4.,-7.99999999999999));
#3749=CARTESIAN_POINT('',(-12.8347826086957,4.,-5.74985822752892));
#3750=CARTESIAN_POINT('',(-12.8347826086957,22.,-5.74985822752893));
#3751=CARTESIAN_POINT('',(-12.8,22.,-5.84361413471522));
#3752=CARTESIAN_POINT('',(-12.8,4.,-5.84361413471521));
#3753=CARTESIAN_POINT('',(-12.9,4.,-5.84361413471521));
#3754=CARTESIAN_POINT('',(-12.9,4.,-5.84361413471521));
#3755=CARTESIAN_POINT('',(-12.9,22.,-7.10000000000001));
#3756=CARTESIAN_POINT('',(-12.9,4.,-4.47213595499958));
#3757=CARTESIAN_POINT('',(-12.9,4.,-6.59999999999999));
#3758=CARTESIAN_POINT('',(-12.9,22.,-6.59999999999999));
#3759=CARTESIAN_POINT('',(-13.4,8.,-6.59999999999999));
#3760=CARTESIAN_POINT('',(-13.4,4.,-6.59999999999999));
#3761=CARTESIAN_POINT('',(-13.4,4.,-7.1));
#3762=CARTESIAN_POINT('',(-13.4,8.,-7.09999999999999));
#3763=CARTESIAN_POINT('',(-14.2248595461287,8.,-7.09999999999999));
#3764=CARTESIAN_POINT('',(-14.2248595461287,4.,-7.1));
#3765=CARTESIAN_POINT('',(-14.1563858652848,4.,-7.1));
#3766=CARTESIAN_POINT('',(-14.1563858652848,8.,-7.09999999999999));
#3767=CARTESIAN_POINT('',(-14.1563858652848,8.,-7.19999999999999));
#3768=CARTESIAN_POINT('',(-14.1563858652848,4.,-7.2));
#3769=CARTESIAN_POINT('',(-14.2501417724711,4.,-7.16521739130434));
#3770=CARTESIAN_POINT('',(-14.2501417724711,8.,-7.16521739130434));
#3771=CARTESIAN_POINT('',(-12.,8.,-7.99999999999999));
#3772=CARTESIAN_POINT('',(-12.,4.,-7.99999999999999));
#3773=CARTESIAN_POINT('',(-14.2501417724711,4.,-8.83478260869565));
#3774=CARTESIAN_POINT('',(-14.2501417724711,8.,-8.83478260869564));
#3775=CARTESIAN_POINT('',(-14.1563858652848,8.,-8.79999999999999));
#3776=CARTESIAN_POINT('',(-14.1563858652848,4.,-8.79999999999999));
#3777=CARTESIAN_POINT('',(-14.1563858652848,4.,-8.89999999999999));
#3778=CARTESIAN_POINT('',(-14.1563858652848,4.,-8.89999999999999));
#3779=CARTESIAN_POINT('',(-12.9,8.,-8.89999999999999));
#3780=CARTESIAN_POINT('',(-12.9,4.,-8.89999999999999));
#3781=CARTESIAN_POINT('',(-13.4,4.,-8.89999999999999));
#3782=CARTESIAN_POINT('',(-13.4,8.,-8.89999999999999));
#3783=CARTESIAN_POINT('',(-13.4,8.,-9.39999999999999));
#3784=CARTESIAN_POINT('',(-13.4,4.,-9.39999999999999));
#3785=CARTESIAN_POINT('',(-12.9,4.,-9.39999999999999));
#3786=CARTESIAN_POINT('',(-12.9,8.,-9.39999999999999));
#3787=CARTESIAN_POINT('',(-12.9,8.,-10.2248595461287));
#3788=CARTESIAN_POINT('',(-12.9,4.,-10.2248595461287));
#3789=CARTESIAN_POINT('',(-12.9,4.,-10.1563858652848));
#3790=CARTESIAN_POINT('',(-12.9,8.,-10.1563858652848));
#3791=CARTESIAN_POINT('',(-12.8,8.,-10.1563858652848));
#3792=CARTESIAN_POINT('',(-12.8,4.,-10.1563858652848));
#3793=CARTESIAN_POINT('',(-12.8347826086957,4.,-10.2501417724711));
#3794=CARTESIAN_POINT('',(-12.8347826086957,8.,-10.2501417724711));
#3795=CARTESIAN_POINT('',(-12.,8.,-7.99999999999999));
#3796=CARTESIAN_POINT('',(-12.,4.,-7.99999999999999));
#3797=CARTESIAN_POINT('',(-11.1652173913043,4.,-10.2501417724711));
#3798=CARTESIAN_POINT('',(-11.1652173913043,8.,-10.2501417724711));
#3799=CARTESIAN_POINT('',(-11.2,8.,-10.1563858652848));
#3800=CARTESIAN_POINT('',(-11.2,4.,-10.1563858652848));
#3801=CARTESIAN_POINT('',(-11.1,4.,-10.1563858652848));
#3802=CARTESIAN_POINT('',(-11.1,4.,-10.1563858652848));
#3803=CARTESIAN_POINT('',(-11.1,8.,-8.89999999999999));
#3804=CARTESIAN_POINT('',(-11.1,4.,-8.89999999999999));
#3805=CARTESIAN_POINT('',(-11.1,4.,-9.39999999999999));
#3806=CARTESIAN_POINT('',(-11.1,8.,-9.39999999999999));
#3807=CARTESIAN_POINT('',(-10.6,8.,-9.39999999999999));
#3808=CARTESIAN_POINT('',(-10.6,4.,-9.39999999999999));
#3809=CARTESIAN_POINT('',(-10.6,4.,-8.89999999999999));
#3810=CARTESIAN_POINT('',(-10.6,8.,-8.89999999999999));
#3811=CARTESIAN_POINT('',(-8.51431498841332,8.,-8.89999999999999));
#3812=CARTESIAN_POINT('',(-8.51431498841332,4.,-8.89999999999999));
#3813=CARTESIAN_POINT('',(-9.23413666281213,4.,-8.89999999999999));
#3814=CARTESIAN_POINT('',(-9.23413666281213,8.,-8.89999999999999));
#3815=CARTESIAN_POINT('',(-9.23413666281213,8.,-9.39999999999999));
#3816=CARTESIAN_POINT('',(-9.23413666281213,4.,-9.39999999999999));
#3817=CARTESIAN_POINT('',(-8.78802967294312,4.,-9.62580645161289));
#3818=CARTESIAN_POINT('',(-8.78802967294312,8.,-9.62580645161289));
#3819=CARTESIAN_POINT('',(-12.,8.,-7.99999999999999));
#3820=CARTESIAN_POINT('',(-12.,4.,-7.99999999999999));
#3821=CARTESIAN_POINT('',(-9.01980361490158,4.,-10.0195121951219));
#3822=CARTESIAN_POINT('',(-9.01980361490158,8.,-10.0195121951219));
#3823=CARTESIAN_POINT('',(-8.60588745030458,8.,-10.3));
#3824=CARTESIAN_POINT('',(-8.60588745030458,4.,-10.3));
#3825=CARTESIAN_POINT('',(-8.60588745030458,4.,-10.8));
#3826=CARTESIAN_POINT('',(-8.60588745030458,4.,-10.8));
#3827=CARTESIAN_POINT('',(-6.26274169979695,8.,-10.8));
#3828=CARTESIAN_POINT('',(-6.26274169979695,4.,-10.8));
#3829=CARTESIAN_POINT('',(-7.39411254969544,4.,-10.8));
#3830=CARTESIAN_POINT('',(-7.39411254969544,8.,-10.8));
#3831=CARTESIAN_POINT('',(-7.39411254969544,22.,-10.3));
#3832=CARTESIAN_POINT('',(-7.39411254969544,4.,-10.3));
#3833=CARTESIAN_POINT('',(-6.98019638509843,4.,-10.0195121951219));
#3834=CARTESIAN_POINT('',(-6.98019638509843,22.,-10.0195121951219));
#3835=CARTESIAN_POINT('',(-4.,22.,-8.));
#3836=CARTESIAN_POINT('',(-4.,4.,-7.99999999999999));
#3837=CARTESIAN_POINT('',(-6.98019638509842,4.,-5.98048780487804));
#3838=CARTESIAN_POINT('',(-6.98019638509842,22.,-5.98048780487805));
#3839=CARTESIAN_POINT('',(-7.39411254969543,22.,-5.7));
#3840=CARTESIAN_POINT('',(-7.39411254969543,4.,-5.69999999999999));
#3841=CARTESIAN_POINT('',(-7.39411254969543,4.,-5.19999999999999));
#3842=CARTESIAN_POINT('',(-7.39411254969543,4.,-5.19999999999999));
#3843=CARTESIAN_POINT('',(-6.26274169979695,22.,-5.2));
#3844=CARTESIAN_POINT('',(-16.,4.,-5.19999999999999));
#3845=CARTESIAN_POINT('',(-8.60588745030458,4.,-5.19999999999999));
#3846=CARTESIAN_POINT('',(-8.60588745030458,8.,-5.2));
#3847=CARTESIAN_POINT('',(-8.60588745030458,22.,-5.7));
#3848=CARTESIAN_POINT('',(-8.60588745030458,4.,-5.69999999999999));
#3849=CARTESIAN_POINT('',(-9.01980361490158,4.,-5.98048780487804));
#3850=CARTESIAN_POINT('',(-9.01980361490158,22.,-5.98048780487805));
#3851=CARTESIAN_POINT('',(-12.,22.,-8.));
#3852=CARTESIAN_POINT('',(-12.,4.,-7.99999999999999));
#3853=CARTESIAN_POINT('',(-8.78802967294313,4.,-6.37419354838707));
#3854=CARTESIAN_POINT('',(-8.78802967294313,22.,-6.37419354838708));
#3855=CARTESIAN_POINT('',(-9.23413666281214,22.,-6.59999999999999));
#3856=CARTESIAN_POINT('',(-9.23413666281214,4.,-6.59999999999998));
#3857=CARTESIAN_POINT('',(-9.23413666281214,4.,-7.1));
#3858=CARTESIAN_POINT('',(-9.23413666281214,8.,-7.09999999999999));
#3859=CARTESIAN_POINT('',(-11.1,8.,-7.09999999999999));
#3860=CARTESIAN_POINT('',(-11.1,4.,-7.1));
#3861=CARTESIAN_POINT('',(-4.,4.,-8.));
#3862=CARTESIAN_POINT('',(-4.,4.,-8.));
#3863=CARTESIAN_POINT('',(-4.,4.,-4.9));
#3864=CARTESIAN_POINT('',(-4.,-8.,-7.99999999999999));
#3865=CARTESIAN_POINT('',(-8.,-8.,-4.39999999999999));
#3866=CARTESIAN_POINT('',(-12.,-8.,-4.39999999999999));
#3867=CARTESIAN_POINT('',(-4.,-8.,-4.39999999999999));
#3868=CARTESIAN_POINT('',(-12.,-8.,-7.99999999999999));
#3869=CARTESIAN_POINT('',(-12.,-8.,-11.6));
#3870=CARTESIAN_POINT('',(-4.,-8.,-11.6));
#3871=CARTESIAN_POINT('',(-4.,-8.,-11.6));
#3872=CARTESIAN_POINT('',(-4.,-8.,-7.99999999999999));
#3873=CARTESIAN_POINT('',(-12.,-8.,-7.99999999999999));
#3874=CARTESIAN_POINT('',(-12.9,-8.,-10.2248595461287));
#3875=CARTESIAN_POINT('',(-11.1,-8.,-10.2248595461287));
#3876=CARTESIAN_POINT('',(-12.9,-8.,-8.89999999999999));
#3877=CARTESIAN_POINT('',(-12.9,-8.,-9.39999999999999));
#3878=CARTESIAN_POINT('',(-13.4,-8.,-9.39999999999999));
#3879=CARTESIAN_POINT('',(-13.4,-8.,-8.89999999999999));
#3880=CARTESIAN_POINT('',(-12.9,-8.,-8.89999999999999));
#3881=CARTESIAN_POINT('',(-14.2248595461287,-8.,-8.9));
#3882=CARTESIAN_POINT('',(-12.,-8.,-7.99999999999999));
#3883=CARTESIAN_POINT('',(-14.2248595461287,-8.,-7.1));
#3884=CARTESIAN_POINT('',(-14.2248595461287,-8.,-7.09999999999999));
#3885=CARTESIAN_POINT('',(-13.4,-8.,-7.09999999999999));
#3886=CARTESIAN_POINT('',(-13.4,-8.,-6.59999999999999));
#3887=CARTESIAN_POINT('',(-12.9,-8.,-6.59999999999999));
#3888=CARTESIAN_POINT('',(-12.9,-8.,-5.77514045387129));
#3889=CARTESIAN_POINT('',(-12.9,-8.,-5.77514045387129));
#3890=CARTESIAN_POINT('',(-12.,-8.,-7.99999999999999));
#3891=CARTESIAN_POINT('',(-11.1,-8.,-5.7751404538713));
#3892=CARTESIAN_POINT('',(-11.1,-8.,-7.09999999999999));
#3893=CARTESIAN_POINT('',(-11.1,-8.,-6.59999999999999));
#3894=CARTESIAN_POINT('',(-10.6,-8.,-6.59999999999999));
#3895=CARTESIAN_POINT('',(-10.6,-8.,-7.09999999999999));
#3896=CARTESIAN_POINT('',(-11.1,-8.,-7.09999999999999));
#3897=CARTESIAN_POINT('',(-9.23413666281213,-8.,-7.09999999999999));
#3898=CARTESIAN_POINT('',(-9.23413666281213,-8.,-6.59999999999999));
#3899=CARTESIAN_POINT('',(-8.78802967294312,-8.,-6.37419354838709));
#3900=CARTESIAN_POINT('',(-12.,-8.,-7.99999999999999));
#3901=CARTESIAN_POINT('',(-9.01980361490157,-8.,-5.98048780487804));
#3902=CARTESIAN_POINT('',(-8.60588745030457,-8.,-5.69999999999999));
#3903=CARTESIAN_POINT('',(-8.60588745030457,-8.,-5.19999999999999));
#3904=CARTESIAN_POINT('',(-6.26274169979695,-8.,-5.19999999999999));
#3905=CARTESIAN_POINT('',(-7.39411254969543,-8.,-5.19999999999999));
#3906=CARTESIAN_POINT('',(-7.39411254969543,-8.,-5.69999999999999));
#3907=CARTESIAN_POINT('',(-6.98019638509843,-8.,-5.98048780487804));
#3908=CARTESIAN_POINT('',(-4.,-8.,-7.99999999999999));
#3909=CARTESIAN_POINT('',(-6.98019638509843,-8.,-10.0195121951219));
#3910=CARTESIAN_POINT('',(-7.39411254969543,-8.,-10.3));
#3911=CARTESIAN_POINT('',(-7.39411254969543,-8.,-10.8));
#3912=CARTESIAN_POINT('',(-6.26274169979695,-8.,-10.8));
#3913=CARTESIAN_POINT('',(-8.60588745030458,-8.,-10.8));
#3914=CARTESIAN_POINT('',(-8.60588745030458,-8.,-10.3));
#3915=CARTESIAN_POINT('',(-9.01980361490158,-8.,-10.0195121951219));
#3916=CARTESIAN_POINT('',(-12.,-8.,-7.99999999999999));
#3917=CARTESIAN_POINT('',(-8.78802967294312,-8.,-9.6258064516129));
#3918=CARTESIAN_POINT('',(-9.23413666281213,-8.,-9.39999999999999));
#3919=CARTESIAN_POINT('',(-9.23413666281213,-8.,-8.89999999999999));
#3920=CARTESIAN_POINT('',(-9.7751404538713,-8.,-8.89999999999999));
#3921=CARTESIAN_POINT('',(-10.6,-8.,-8.89999999999999));
#3922=CARTESIAN_POINT('',(-10.6,-8.,-9.39999999999999));
#3923=CARTESIAN_POINT('',(-11.1,-8.,-9.39999999999999));
#3924=CARTESIAN_POINT('',(-11.1,-8.,-10.2248595461287));
#3925=CARTESIAN_POINT('',(-13.4,-8.,-9.39999999999999));
#3926=CARTESIAN_POINT('',(-12.9,-8.,-9.39999999999999));
#3927=CARTESIAN_POINT('',(-12.9,-4.,-9.39999999999999));
#3928=CARTESIAN_POINT('',(-13.4,-4.,-9.39999999999999));
#3929=CARTESIAN_POINT('',(-13.4,-4.,-8.89999999999999));
#3930=CARTESIAN_POINT('',(-13.4,-8.,-8.89999999999999));
#3931=CARTESIAN_POINT('',(-12.9,-8.,-8.89999999999999));
#3932=CARTESIAN_POINT('',(-12.9,-4.,-8.89999999999999));
#3933=CARTESIAN_POINT('',(-14.2248595461287,-4.,-8.9));
#3934=CARTESIAN_POINT('',(-14.2248595461287,-22.,-8.9));
#3935=CARTESIAN_POINT('',(-12.,-8.,-7.99999999999999));
#3936=CARTESIAN_POINT('',(-12.,-4.,-7.99999999999999));
#3937=CARTESIAN_POINT('',(-14.2248595461287,-4.,-7.1));
#3938=CARTESIAN_POINT('',(-14.2248595461287,-22.,-7.10000000000001));
#3939=CARTESIAN_POINT('',(-14.2248595461287,-8.,-7.09999999999999));
#3940=CARTESIAN_POINT('',(-14.2248595461287,-4.,-7.1));
#3941=CARTESIAN_POINT('',(-13.4,-4.,-7.1));
#3942=CARTESIAN_POINT('',(-13.4,-8.,-7.09999999999999));
#3943=CARTESIAN_POINT('',(-13.4,-8.,-6.59999999999999));
#3944=CARTESIAN_POINT('',(-13.4,-4.,-6.59999999999999));
#3945=CARTESIAN_POINT('',(-12.9,-4.,-6.59999999999999));
#3946=CARTESIAN_POINT('',(-12.9,-8.,-6.59999999999999));
#3947=CARTESIAN_POINT('',(-12.9,-8.,-5.77514045387129));
#3948=CARTESIAN_POINT('',(-12.9,-4.,-5.7751404538713));
#3949=CARTESIAN_POINT('',(-12.9,-4.,-5.77514045387129));
#3950=CARTESIAN_POINT('',(-12.9,-22.,-5.7751404538713));
#3951=CARTESIAN_POINT('',(-12.,-8.,-7.99999999999999));
#3952=CARTESIAN_POINT('',(-12.,-4.,-7.99999999999999));
#3953=CARTESIAN_POINT('',(-11.1,-4.,-5.7751404538713));
#3954=CARTESIAN_POINT('',(-11.1,-22.,-5.7751404538713));
#3955=CARTESIAN_POINT('',(-11.1,-8.,-7.09999999999999));
#3956=CARTESIAN_POINT('',(-11.1,-4.,-7.1));
#3957=CARTESIAN_POINT('',(-11.1,-4.,-6.6));
#3958=CARTESIAN_POINT('',(-11.1,-8.,-6.59999999999999));
#3959=CARTESIAN_POINT('',(-10.6,-8.,-6.59999999999999));
#3960=CARTESIAN_POINT('',(-10.6,-4.,-6.6));
#3961=CARTESIAN_POINT('',(-10.6,-4.,-7.1));
#3962=CARTESIAN_POINT('',(-10.6,-8.,-7.09999999999999));
#3963=CARTESIAN_POINT('',(-9.7751404538713,-8.,-7.09999999999999));
#3964=CARTESIAN_POINT('',(-9.7751404538713,-4.,-7.1));
#3965=CARTESIAN_POINT('',(-9.23413666281213,-4.,-7.1));
#3966=CARTESIAN_POINT('',(-9.23413666281213,-8.,-7.09999999999999));
#3967=CARTESIAN_POINT('',(-9.23413666281213,-8.,-6.59999999999999));
#3968=CARTESIAN_POINT('',(-9.23413666281213,-4.,-6.6));
#3969=CARTESIAN_POINT('',(-8.78802967294312,-4.,-6.37419354838709));
#3970=CARTESIAN_POINT('',(-8.78802967294312,-8.,-6.37419354838709));
#3971=CARTESIAN_POINT('',(-12.,-8.,-7.99999999999999));
#3972=CARTESIAN_POINT('',(-12.,-4.,-7.99999999999999));
#3973=CARTESIAN_POINT('',(-9.01980361490157,-4.,-5.98048780487805));
#3974=CARTESIAN_POINT('',(-9.01980361490157,-8.,-5.98048780487804));
#3975=CARTESIAN_POINT('',(-8.60588745030457,-8.,-5.69999999999999));
#3976=CARTESIAN_POINT('',(-8.60588745030457,-4.,-5.7));
#3977=CARTESIAN_POINT('',(-8.60588745030457,-4.,-5.19999999999999));
#3978=CARTESIAN_POINT('',(-8.60588745030457,-4.,-5.2));
#3979=CARTESIAN_POINT('',(-6.26274169979695,-8.,-5.19999999999999));
#3980=CARTESIAN_POINT('',(-16.,-4.,-5.19999999999999));
#3981=CARTESIAN_POINT('',(-7.39411254969543,-4.,-5.19999999999999));
#3982=CARTESIAN_POINT('',(-7.39411254969543,-8.,-5.19999999999999));
#3983=CARTESIAN_POINT('',(-7.39411254969543,-8.,-5.69999999999999));
#3984=CARTESIAN_POINT('',(-7.39411254969543,-4.,-5.7));
#3985=CARTESIAN_POINT('',(-6.98019638509843,-4.,-5.98048780487805));
#3986=CARTESIAN_POINT('',(-6.98019638509843,-8.,-5.98048780487804));
#3987=CARTESIAN_POINT('',(-4.,-8.,-7.99999999999999));
#3988=CARTESIAN_POINT('',(-4.,-4.,-8.));
#3989=CARTESIAN_POINT('',(-6.98019638509843,-4.,-10.0195121951219));
#3990=CARTESIAN_POINT('',(-6.98019638509843,-8.,-10.0195121951219));
#3991=CARTESIAN_POINT('',(-7.39411254969543,-8.,-10.3));
#3992=CARTESIAN_POINT('',(-7.39411254969543,-4.,-10.3));
#3993=CARTESIAN_POINT('',(-7.39411254969543,-4.,-10.8));
#3994=CARTESIAN_POINT('',(-7.39411254969543,-4.,-10.8));
#3995=CARTESIAN_POINT('',(-6.26274169979695,-8.,-10.8));
#3996=CARTESIAN_POINT('',(-6.26274169979695,-4.,-10.8));
#3997=CARTESIAN_POINT('',(-8.60588745030458,-4.,-10.8));
#3998=CARTESIAN_POINT('',(-8.60588745030458,-8.,-10.8));
#3999=CARTESIAN_POINT('',(-8.60588745030458,-8.,-10.3));
#4000=CARTESIAN_POINT('',(-8.60588745030458,-4.,-10.3));
#4001=CARTESIAN_POINT('',(-9.01980361490158,-4.,-10.0195121951219));
#4002=CARTESIAN_POINT('',(-9.01980361490158,-8.,-10.0195121951219));
#4003=CARTESIAN_POINT('',(-12.,-8.,-7.99999999999999));
#4004=CARTESIAN_POINT('',(-12.,-4.,-7.99999999999999));
#4005=CARTESIAN_POINT('',(-8.78802967294312,-4.,-9.6258064516129));
#4006=CARTESIAN_POINT('',(-8.78802967294312,-8.,-9.6258064516129));
#4007=CARTESIAN_POINT('',(-9.23413666281213,-8.,-9.39999999999999));
#4008=CARTESIAN_POINT('',(-9.23413666281213,-4.,-9.39999999999999));
#4009=CARTESIAN_POINT('',(-9.23413666281213,-4.,-8.89999999999999));
#4010=CARTESIAN_POINT('',(-9.23413666281213,-8.,-8.89999999999999));
#4011=CARTESIAN_POINT('',(-9.7751404538713,-8.,-8.89999999999999));
#4012=CARTESIAN_POINT('',(-9.7751404538713,-4.,-8.89999999999999));
#4013=CARTESIAN_POINT('',(-10.6,-4.,-8.89999999999999));
#4014=CARTESIAN_POINT('',(-10.6,-8.,-8.89999999999999));
#4015=CARTESIAN_POINT('',(-10.6,-8.,-9.39999999999999));
#4016=CARTESIAN_POINT('',(-10.6,-4.,-9.39999999999999));
#4017=CARTESIAN_POINT('',(-11.1,-4.,-9.39999999999999));
#4018=CARTESIAN_POINT('',(-11.1,-8.,-9.39999999999999));
#4019=CARTESIAN_POINT('',(-11.1,-8.,-10.2248595461287));
#4020=CARTESIAN_POINT('',(-11.1,-4.,-10.2248595461287));
#4021=CARTESIAN_POINT('',(-11.1,-4.,-10.2248595461287));
#4022=CARTESIAN_POINT('',(-11.1,-22.,-10.2248595461287));
#4023=CARTESIAN_POINT('',(-12.,-8.,-7.99999999999999));
#4024=CARTESIAN_POINT('',(-12.,-4.,-7.99999999999999));
#4025=CARTESIAN_POINT('',(-12.9,-4.,-10.2248595461287));
#4026=CARTESIAN_POINT('',(-12.9,-22.,-10.2248595461287));
#4027=CARTESIAN_POINT('',(-12.9,-8.,-8.89999999999999));
#4028=CARTESIAN_POINT('',(-12.9,-4.,-8.89999999999999));
#4029=CARTESIAN_POINT('',(-4.,-8.,-11.6));
#4030=CARTESIAN_POINT('',(-4.,-4.,-11.6));
#4031=CARTESIAN_POINT('',(-4.,-4.,-11.6));
#4032=CARTESIAN_POINT('',(-12.,-4.,-11.6));
#4033=CARTESIAN_POINT('',(-4.,-8.,-11.6));
#4034=CARTESIAN_POINT('',(-12.,-8.,-11.6));
#4035=CARTESIAN_POINT('',(-16.,0.,0.));
#4036=CARTESIAN_POINT('',(-16.,4.,-4.47213595499958));
#4037=CARTESIAN_POINT('',(2.44921270764476E-16,4.,-4.47213595499958));
#4038=CARTESIAN_POINT('',(0.,0.,0.));
#4039=CARTESIAN_POINT('',(-2.44921270764475E-16,-4.,-4.47213595499958));
#4040=CARTESIAN_POINT('',(-16.,-4.,-4.47213595499958));
#4041=CARTESIAN_POINT('',(-3.28293983516493,-4.,-4.47213595499958));
#4042=CARTESIAN_POINT('',(-3.28293983516494,-4.,-4.47213595499958));
#4043=CARTESIAN_POINT('',(-3.51664990464538,-4.05310998606626,-4.42463293934829));
#4044=CARTESIAN_POINT('',(-3.75564394045695,-4.07921561087423,-4.4));
#4045=CARTESIAN_POINT('',(-4.,-4.07921561087423,-4.4));
#4046=CARTESIAN_POINT('',(-4.,-4.07921561087423,-4.4));
#4047=CARTESIAN_POINT('',(-16.,-4.07921561087423,-4.4));
#4048=CARTESIAN_POINT('',(-4.,-8.,-7.99999999999999));
#4049=CARTESIAN_POINT('',(-4.,-4.,-8.));
#4050=CARTESIAN_POINT('',(-4.,-4.,-4.4));
#4051=CARTESIAN_POINT('',(-4.,-8.,-4.39999999999999));
#4052=CARTESIAN_POINT('',(-8.,-8.,-4.39999999999999));
#4053=CARTESIAN_POINT('',(-8.,-4.,-4.4));
#4054=CARTESIAN_POINT('',(-12.,-8.,-7.99999999999999));
#4055=CARTESIAN_POINT('',(-12.,-4.07921561087423,-4.4));
#4056=CARTESIAN_POINT('',(-12.2443560595431,-4.07921561087423,-4.4));
#4057=CARTESIAN_POINT('',(-12.4833500953546,-4.05310998606626,-4.42463293934829));
#4058=CARTESIAN_POINT('',(-12.7170601648351,-4.00000000000001,-4.47213595499958));
#4059=CARTESIAN_POINT('',(-12.,-4.07921561087422,-4.4));
#4060=CARTESIAN_POINT('',(-12.7170601648351,-4.,-4.47213595499958));
#4061=CARTESIAN_POINT('',(-12.,-8.,-4.39999999999999));
#4062=CARTESIAN_POINT('',(-12.,-4.,-4.4));
#4063=CARTESIAN_POINT('',(-12.,-4.,-7.99999999999999));
#4064=CARTESIAN_POINT('',(-4.,-4.,-8.));
#4065=CARTESIAN_POINT('',(-4.,-4.,-8.));
#4066=CARTESIAN_POINT('',(-4.,-4.,-4.9));
#4067=CARTESIAN_POINT('',(-16.,8.67361737988404E-16,0.));
#4068=CARTESIAN_POINT('',(-16.,8.67361737988404E-16,0.));
#4069=CARTESIAN_POINT('',(-16.,-3.1,0.));
#4070=CARTESIAN_POINT('',(-16.,0.,0.));
#4071=CARTESIAN_POINT('',(-8.,-4.07921561087422,-4.4));
#4072=CARTESIAN_POINT('',(-16.,-4.07921561087422,-4.4));
#4073=CARTESIAN_POINT('',(-16.,-4.,-4.47213595499958));
#4074=CARTESIAN_POINT('',(-16.,-4.,-4.47213595499958));
#4075=CARTESIAN_POINT('',(-16.,0.,0.));
#4076=CARTESIAN_POINT('',(-8.,-3.0004481971907E-15,-4.4));
#4077=CARTESIAN_POINT('',(-8.,4.,-4.4));
#4078=CARTESIAN_POINT('',(-8.,-4.,-4.4));
#4079=CARTESIAN_POINT('',(-16.,-2.51060565566175E-15,-4.4));
#4080=CARTESIAN_POINT('',(-16.,4.07921561087423,-4.4));
#4081=CARTESIAN_POINT('',(-8.,4.07921561087423,-4.4));
#4082=CARTESIAN_POINT('',(-16.,0.,0.));
#4083=CARTESIAN_POINT('',(-16.,4.,-4.47213595499958));
#4084=CARTESIAN_POINT('',(-16.,4.,-4.47213595499958));
#4085=CARTESIAN_POINT('',(-16.,0.,0.));
#4086=CARTESIAN_POINT('',(-20.,8.,3.6));
#4087=CARTESIAN_POINT('',(-20.,8.,-3.6));
#4088=CARTESIAN_POINT('',(-16.,8.,-3.6));
#4089=CARTESIAN_POINT('',(-16.,8.,3.6));
#4090=CARTESIAN_POINT('',(-16.,8.,3.6));
#4091=CARTESIAN_POINT('',(-20.,8.,3.6));
#4092=CARTESIAN_POINT('',(0.,0.,3.6));
#4093=CARTESIAN_POINT('',(-16.,7.6,3.6));
#4094=CARTESIAN_POINT('',(-16.,6.6932802122726,3.6));
#4095=CARTESIAN_POINT('',(-16.,6.6932802122726,3.6));
#4096=CARTESIAN_POINT('',(-10.6932802122726,6.6932802122726,3.6));
#4097=CARTESIAN_POINT('',(-16.,12.,3.6));
#4098=CARTESIAN_POINT('',(-11.6,7.6,3.6));
#4099=CARTESIAN_POINT('',(-4.00000000000001,0.,0.));
#4100=CARTESIAN_POINT('',(-10.6932802122726,6.6932802122726,-3.6));
#4101=CARTESIAN_POINT('',(-11.6,7.6,-3.6));
#4102=CARTESIAN_POINT('',(0.,0.,-3.6));
#4103=CARTESIAN_POINT('',(-16.,6.6932802122726,-3.6));
#4104=CARTESIAN_POINT('',(-16.,6.6932802122726,-3.6));
#4105=CARTESIAN_POINT('',(-16.,8.,-3.6));
#4106=CARTESIAN_POINT('',(-12.,8.,-7.99999999999999));
#4107=CARTESIAN_POINT('',(-12.,6.19677335393187,-4.39999999999999));
#4108=CARTESIAN_POINT('',(-12.8099638965176,6.19677335393187,-4.39999999999999));
#4109=CARTESIAN_POINT('',(-14.3762088035915,5.80761614823898,-5.00853008856334));
#4110=CARTESIAN_POINT('',(-15.0602522545823,4.66602996306117,-6.04993557113909));
#4111=CARTESIAN_POINT('',(-15.2550213973156,4.,-6.4621977685614));
#4112=CARTESIAN_POINT('',(-12.,6.19677335393187,-4.4));
#4113=CARTESIAN_POINT('',(-15.2550213973156,4.,-6.4621977685614));
#4114=CARTESIAN_POINT('',(-12.,8.,-4.39999999999999));
#4115=CARTESIAN_POINT('',(-12.,4.,-7.99999999999999));
#4116=CARTESIAN_POINT('',(-8.,8.,-4.39999999999999));
#4117=CARTESIAN_POINT('',(-16.,6.19677335393187,-4.39999999999999));
#4118=CARTESIAN_POINT('',(-4.,6.19677335393187,-4.4));
#4119=CARTESIAN_POINT('',(-4.,8.,-4.4));
#4120=CARTESIAN_POINT('',(-4.,8.,-7.99999999999999));
#4121=CARTESIAN_POINT('',(-0.744978602684387,4.,-6.4621977685614));
#4122=CARTESIAN_POINT('',(-0.842470735017528,4.33338279557712,-6.25583899867106));
#4123=CARTESIAN_POINT('',(-1.10110088181282,4.94470707727366,-5.80667346929918));
#4124=CARTESIAN_POINT('',(-2.01741055072609,5.90603968619826,-4.84932511682026));
#4125=CARTESIAN_POINT('',(-3.18746269735263,6.19677335393188,-4.4));
#4126=CARTESIAN_POINT('',(-4.,6.19677335393188,-4.39999999999999));
#4127=CARTESIAN_POINT('',(-0.744978602684388,4.,-6.4621977685614));
#4128=CARTESIAN_POINT('',(-4.,4.,-8.));
#4129=CARTESIAN_POINT('',(-16.,4.,-4.47213595499958));
#4130=CARTESIAN_POINT('',(-16.,4.,-4.47213595499958));
#4131=CARTESIAN_POINT('',(-16.,4.,-6.4621977685614));
#4132=CARTESIAN_POINT('',(-16.,4.,-6.4621977685614));
#4133=CARTESIAN_POINT('',(-16.,4.,-6.4621977685614));
#4134=CARTESIAN_POINT('',(2.44921270764476E-16,4.,-6.4621977685614));
#4135=CARTESIAN_POINT('',(2.44921270764476E-16,4.,-4.47213595499958));
#4136=CARTESIAN_POINT('',(0.,0.,0.));
#4137=CARTESIAN_POINT('',(0.,0.,0.));
#4138=CARTESIAN_POINT('',(-2.44921270764475E-16,-4.,-6.4621977685614));
#4139=CARTESIAN_POINT('',(-2.44921270764475E-16,-4.,-4.47213595499958));
#4140=CARTESIAN_POINT('',(-4.,-8.,-7.99999999999999));
#4141=CARTESIAN_POINT('',(-4.,-6.19677335393187,-4.4));
#4142=CARTESIAN_POINT('',(-3.1900361034824,-6.19677335393187,-4.4));
#4143=CARTESIAN_POINT('',(-1.62379119640847,-5.80761614823898,-5.00853008856334));
#4144=CARTESIAN_POINT('',(-0.939747745417718,-4.66602996306117,-6.04993557113909));
#4145=CARTESIAN_POINT('',(-0.744978602684388,-4.,-6.4621977685614));
#4146=CARTESIAN_POINT('',(-4.,-6.19677335393187,-4.4));
#4147=CARTESIAN_POINT('',(-0.744978602684388,-4.,-6.4621977685614));
#4148=CARTESIAN_POINT('',(-4.,-8.,-4.39999999999999));
#4149=CARTESIAN_POINT('',(-4.,-4.,-8.));
#4150=CARTESIAN_POINT('',(-8.,-8.,-4.39999999999999));
#4151=CARTESIAN_POINT('',(-16.,-6.19677335393187,-4.4));
#4152=CARTESIAN_POINT('',(-12.,-6.19677335393187,-4.39999999999999));
#4153=CARTESIAN_POINT('',(-12.,-8.,-4.39999999999999));
#4154=CARTESIAN_POINT('',(-12.,-8.,-7.99999999999999));
#4155=CARTESIAN_POINT('',(-15.2550213973156,-4.,-6.4621977685614));
#4156=CARTESIAN_POINT('',(-15.1575292649825,-4.33338279557712,-6.25583899867105));
#4157=CARTESIAN_POINT('',(-14.8988991181872,-4.94470707727366,-5.80667346929918));
#4158=CARTESIAN_POINT('',(-13.9825894492739,-5.90603968619827,-4.84932511682026));
#4159=CARTESIAN_POINT('',(-12.8125373026474,-6.19677335393188,-4.39999999999999));
#4160=CARTESIAN_POINT('',(-12.,-6.19677335393188,-4.39999999999999));
#4161=CARTESIAN_POINT('',(-15.2550213973156,-4.,-6.4621977685614));
#4162=CARTESIAN_POINT('',(-12.,-4.,-7.99999999999999));
#4163=CARTESIAN_POINT('',(-16.,-4.,-4.47213595499958));
#4164=CARTESIAN_POINT('',(-16.,-4.,-6.4621977685614));
#4165=CARTESIAN_POINT('',(-16.,-4.,-6.4621977685614));
#4166=CARTESIAN_POINT('',(-16.,-4.,-4.47213595499958));
#4167=CARTESIAN_POINT('',(-16.,-4.,-6.4621977685614));
#4168=CARTESIAN_POINT('',(-16.,0.,0.));
#4169=CARTESIAN_POINT('',(-16.,0.,0.));
#4170=CARTESIAN_POINT('',(-16.,-6.6932802122726,3.6));
#4171=CARTESIAN_POINT('',(-16.,-6.6932802122726,3.6));
#4172=CARTESIAN_POINT('',(-10.6932802122726,-6.69328021227261,3.6));
#4173=CARTESIAN_POINT('',(-4.00000000000001,0.,0.));
#4174=CARTESIAN_POINT('',(-10.6932802122726,-6.69328021227261,-3.6));
#4175=CARTESIAN_POINT('',(-16.,-6.6932802122726,-3.6));
#4176=CARTESIAN_POINT('',(-16.,-6.6932802122726,-3.6));
#4177=CARTESIAN_POINT('',(-16.,0.,0.));
#4178=CARTESIAN_POINT('',(-16.,0.,0.));
#4179=CARTESIAN_POINT('',(-20.,-38.8,0.));
#4180=CARTESIAN_POINT('',(-20.,-11.2,0.));
#4181=CARTESIAN_POINT('',(-20.,-11.2,-2.4));
#4182=CARTESIAN_POINT('',(-20.,-8.79999999999999,0.));
#4183=CARTESIAN_POINT('',(-17.6,-8.79999999999999,0.));
#4184=CARTESIAN_POINT('',(-28.,-38.8,0.));
#4185=CARTESIAN_POINT('',(-28.,-11.2,0.));
#4186=CARTESIAN_POINT('',(-28.,-11.2,-2.4));
#4187=CARTESIAN_POINT('',(-28.,-8.8,0.));
#4188=CARTESIAN_POINT('',(-25.6,-8.79999999999999,0.));
#4189=CARTESIAN_POINT('',(-28.,-11.2,0.));
#4190=CARTESIAN_POINT('',(-28.,-11.2,0.));
#4191=CARTESIAN_POINT('',(-28.,-11.2,3.1));
#4192=CARTESIAN_POINT('',(-20.,-11.2,0.));
#4193=CARTESIAN_POINT('',(-20.,-11.2,0.));
#4194=CARTESIAN_POINT('',(-20.,-11.2,3.1));
#4195=CARTESIAN_POINT('',(-20.,-8.8,1.0842021724855E-16));
#4196=CARTESIAN_POINT('',(-20.,-8.,1.0842021724855E-16));
#4197=CARTESIAN_POINT('',(-20.,-8.,-3.1));
#4198=CARTESIAN_POINT('',(-20.,-8.,3.1));
#4199=CARTESIAN_POINT('',(-20.,-8.8,-3.1));
#4200=CARTESIAN_POINT('',(-20.,-8.8,-3.1));
#4201=CARTESIAN_POINT('',(-20.,-8.8,1.0842021724855E-16));
#4202=CARTESIAN_POINT('',(-20.,-8.8,3.1));
#4203=CARTESIAN_POINT('',(-20.,-8.8,3.1));
#4204=CARTESIAN_POINT('',(-28.,-8.8,3.1));
#4205=CARTESIAN_POINT('',(-28.,-8.,3.1));
#4206=CARTESIAN_POINT('',(-28.,-8.,3.1));
#4207=CARTESIAN_POINT('',(-28.,-8.8,3.1));
#4208=CARTESIAN_POINT('',(-28.,-8.8,3.1));
#4209=CARTESIAN_POINT('',(-28.,-8.8,3.1));
#4210=CARTESIAN_POINT('',(-28.,-8.8,-3.1));
#4211=CARTESIAN_POINT('',(-28.,-8.,-3.1));
#4212=CARTESIAN_POINT('',(-28.,-8.,-3.1));
#4213=CARTESIAN_POINT('',(-28.,-8.8,-3.1));
#4214=CARTESIAN_POINT('',(-28.,-8.8,-3.1));
#4215=CARTESIAN_POINT('',(-28.,-8.8,-3.1));
#4216=CARTESIAN_POINT('',(-31.6,-8.8,3.6));
#4217=CARTESIAN_POINT('',(-28.,-8.8,0.));
#4218=CARTESIAN_POINT('',(-28.,-8.8,-3.6));
#4219=CARTESIAN_POINT('',(-28.,-8.8,3.6));
#4220=CARTESIAN_POINT('',(-28.,-8.8,3.6));
#4221=CARTESIAN_POINT('',(-28.,-8.8,3.6));
#4222=CARTESIAN_POINT('',(-28.,-11.2,0.));
#4223=CARTESIAN_POINT('',(-28.,-12.,0.));
#4224=CARTESIAN_POINT('',(-28.,-12.,3.1));
#4225=CARTESIAN_POINT('',(-20.,-11.2,0.));
#4226=CARTESIAN_POINT('',(-20.,-12.,0.));
#4227=CARTESIAN_POINT('',(-20.,-12.,3.1));
#4228=CARTESIAN_POINT('',(-28.,-8.8,3.6));
#4229=CARTESIAN_POINT('',(-28.,-8.8,3.6));
#4230=CARTESIAN_POINT('',(-28.,-8.,3.6));
#4231=CARTESIAN_POINT('',(-28.,-8.,3.6));
#4232=CARTESIAN_POINT('',(-16.,0.,0.));
#4233=CARTESIAN_POINT('',(-16.,-7.6,3.6));
#4234=CARTESIAN_POINT('',(-16.,-8.,3.6));
#4235=CARTESIAN_POINT('',(-16.,-8.,-3.6));
#4236=CARTESIAN_POINT('',(-16.,-8.,-3.6));
#4237=CARTESIAN_POINT('',(-16.,-8.,3.6));
#4238=CARTESIAN_POINT('',(-20.,-8.,3.6));
#4239=CARTESIAN_POINT('',(-20.,-8.,3.6));
#4240=CARTESIAN_POINT('',(-20.,-8.,-3.6));
#4241=CARTESIAN_POINT('',(-28.,-8.,-3.6));
#4242=CARTESIAN_POINT('',(-28.,-8.,3.6));
#4243=CARTESIAN_POINT('',(-28.,-8.8,3.6));
#4244=CARTESIAN_POINT('',(-28.,-8.8,-3.6));
#4245=CARTESIAN_POINT('',(-28.,-38.8,0.));
#4246=CARTESIAN_POINT('',(-28.,-38.8,-3.6));
#4247=CARTESIAN_POINT('',(-28.,-12.,-3.6));
#4248=CARTESIAN_POINT('',(-28.,-12.,0.));
#4249=CARTESIAN_POINT('',(-28.,-12.,3.6));
#4250=CARTESIAN_POINT('',(-28.,-38.8,3.6));
#4251=CARTESIAN_POINT('',(0.,0.,-3.6));
#4252=CARTESIAN_POINT('',(-11.6,-7.6,-3.6));
#4253=CARTESIAN_POINT('',(-16.,-12.,-3.6));
#4254=CARTESIAN_POINT('',(-31.6,-12.,-3.6));
#4255=CARTESIAN_POINT('',(-31.6,-12.,3.6));
#4256=CARTESIAN_POINT('',(-16.,-12.,3.6));
#4257=CARTESIAN_POINT('',(-16.,-12.,3.6));
#4258=CARTESIAN_POINT('',(-31.6,-12.,3.6));
#4259=CARTESIAN_POINT('',(0.,0.,3.6));
#4260=CARTESIAN_POINT('',(-16.,-12.,3.6));
#4261=CARTESIAN_POINT('',(-11.6,-7.6,3.6));
#4262=MECHANICAL_DESIGN_GEOMETRIC_PRESENTATION_REPRESENTATION('',(#2473),
#4263);
#4263=(
GEOMETRIC_REPRESENTATION_CONTEXT(3)
GLOBAL_UNCERTAINTY_ASSIGNED_CONTEXT((#4264))
GLOBAL_UNIT_ASSIGNED_CONTEXT((#4267,#4266,#4265))
REPRESENTATION_CONTEXT('Gray_4528038_AVV','TOP_LEVEL_ASSEMBLY_PART')
);
#4264=UNCERTAINTY_MEASURE_WITH_UNIT(LENGTH_MEASURE(0.005),#4267,
'DISTANCE_ACCURACY_VALUE','Maximum Tolerance applied to model');
#4265=(
NAMED_UNIT(*)
SI_UNIT($,.STERADIAN.)
SOLID_ANGLE_UNIT()
);
#4266=(
NAMED_UNIT(*)
PLANE_ANGLE_UNIT()
SI_UNIT($,.RADIAN.)
);
#4267=(
LENGTH_UNIT()
NAMED_UNIT(*)
SI_UNIT(.MILLI.,.METRE.)
);
#4268=PRODUCT_DEFINITION_SHAPE('','',#4269);
#4269=PRODUCT_DEFINITION('','',#4271,#4270);
#4270=PRODUCT_DEFINITION_CONTEXT('',#4277,'design');
#4271=PRODUCT_DEFINITION_FORMATION_WITH_SPECIFIED_SOURCE('','',#4273,
 .NOT_KNOWN.);
#4272=PRODUCT_RELATED_PRODUCT_CATEGORY('','',(#4273));
#4273=PRODUCT('Gray_4528038_AVV','Gray_4528038_AVV','Gray_4528038_AVV',
(#4275));
#4274=PRODUCT_CATEGORY('','');
#4275=PRODUCT_CONTEXT('',#4277,'mechanical');
#4276=APPLICATION_PROTOCOL_DEFINITION('international standard',
'automotive_design',2010,#4277);
#4277=APPLICATION_CONTEXT(
'core data for automotive mechanical design processes');
ENDSEC;
END-ISO-10303-21;
