ISO-10303-21;
HEADER;
/* Generated by software containing ST-Developer
 * from STEP Tools, Inc. (www.steptools.com) 
 */
/* OPTION: strings as raw bytes, not using required /X/ escapes */

FILE_DESCRIPTION(
/* description */ ('Unknown'),
/* implementation_level */ '2;1');

FILE_NAME(
/* name */ 'Gray_4638507_d)_AVV',
/* time_stamp */ '2025-07-22T00:01:21+02:00',
/* author */ ('Unknown'),
/* organization */ ('Unknown'),
/* preprocessor_version */ 'ST-DEVELOPER v19.4',
/* originating_system */ 'Solid Edge',
/* authorisation */ 'Unknown');

FILE_SCHEMA (('AUTOMOTIVE_DESIGN {1 0 10303 214 3 1 1}'));
ENDSEC;

DATA;
#10=PROPERTY_DEFINITION_REPRESENTATION(#14,#12);
#11=PROPERTY_DEFINITION_REPRESENTATION(#15,#13);
#12=REPRESENTATION('',(#16),#2422);
#13=REPRESENTATION('',(#17),#2422);
#14=PROPERTY_DEFINITION('pmi validation property','',#2427);
#15=PROPERTY_DEFINITION('pmi validation property','',#2427);
#16=VALUE_REPRESENTATION_ITEM('number of annotations',COUNT_MEASURE(0.));
#17=VALUE_REPRESENTATION_ITEM('number of views',COUNT_MEASURE(0.));
#18=SHAPE_REPRESENTATION_RELATIONSHIP('','',#915,#19);
#19=ADVANCED_BREP_SHAPE_REPRESENTATION('',(#913),#2422);
#20=LINE('',#2187,#80);
#21=LINE('',#2190,#81);
#22=LINE('',#2192,#82);
#23=LINE('',#2194,#83);
#24=LINE('',#2196,#84);
#25=LINE('',#2199,#85);
#26=LINE('',#2201,#86);
#27=LINE('',#2203,#87);
#28=LINE('',#2208,#88);
#29=LINE('',#2212,#89);
#30=LINE('',#2214,#90);
#31=LINE('',#2217,#91);
#32=LINE('',#2219,#92);
#33=LINE('',#2221,#93);
#34=LINE('',#2223,#94);
#35=LINE('',#2226,#95);
#36=LINE('',#2228,#96);
#37=LINE('',#2230,#97);
#38=LINE('',#2235,#98);
#39=LINE('',#2239,#99);
#40=LINE('',#2244,#100);
#41=LINE('',#2248,#101);
#42=LINE('',#2253,#102);
#43=LINE('',#2257,#103);
#44=LINE('',#2259,#104);
#45=LINE('',#2262,#105);
#46=LINE('',#2264,#106);
#47=LINE('',#2266,#107);
#48=LINE('',#2271,#108);
#49=LINE('',#2275,#109);
#50=LINE('',#2277,#110);
#51=LINE('',#2280,#111);
#52=LINE('',#2282,#112);
#53=LINE('',#2284,#113);
#54=LINE('',#2289,#114);
#55=LINE('',#2293,#115);
#56=LINE('',#2295,#116);
#57=LINE('',#2298,#117);
#58=LINE('',#2300,#118);
#59=LINE('',#2302,#119);
#60=LINE('',#2307,#120);
#61=LINE('',#2311,#121);
#62=LINE('',#2313,#122);
#63=LINE('',#2316,#123);
#64=LINE('',#2318,#124);
#65=LINE('',#2320,#125);
#66=LINE('',#2322,#126);
#67=LINE('',#2325,#127);
#68=LINE('',#2327,#128);
#69=LINE('',#2329,#129);
#70=LINE('',#2331,#130);
#71=LINE('',#2333,#131);
#72=LINE('',#2335,#132);
#73=LINE('',#2341,#133);
#74=LINE('',#2343,#134);
#75=LINE('',#2344,#135);
#76=LINE('',#2346,#136);
#77=LINE('',#2349,#137);
#78=LINE('',#2351,#138);
#79=LINE('',#2353,#139);
#80=VECTOR('',#1048,1000.);
#81=VECTOR('',#1049,1000.);
#82=VECTOR('',#1050,1000.);
#83=VECTOR('',#1051,1000.);
#84=VECTOR('',#1054,1000.);
#85=VECTOR('',#1055,1000.);
#86=VECTOR('',#1056,1000.);
#87=VECTOR('',#1057,1000.);
#88=VECTOR('',#1062,1000.);
#89=VECTOR('',#1065,1000.);
#90=VECTOR('',#1068,1000.);
#91=VECTOR('',#1069,1000.);
#92=VECTOR('',#1070,1000.);
#93=VECTOR('',#1071,1000.);
#94=VECTOR('',#1074,1000.);
#95=VECTOR('',#1075,1000.);
#96=VECTOR('',#1076,1000.);
#97=VECTOR('',#1077,1000.);
#98=VECTOR('',#1082,1000.);
#99=VECTOR('',#1085,1000.);
#100=VECTOR('',#1090,1000.);
#101=VECTOR('',#1093,1000.);
#102=VECTOR('',#1098,1000.);
#103=VECTOR('',#1101,1000.);
#104=VECTOR('',#1104,1000.);
#105=VECTOR('',#1105,1000.);
#106=VECTOR('',#1106,1000.);
#107=VECTOR('',#1107,1000.);
#108=VECTOR('',#1112,1000.);
#109=VECTOR('',#1115,1000.);
#110=VECTOR('',#1118,1000.);
#111=VECTOR('',#1119,1000.);
#112=VECTOR('',#1120,1000.);
#113=VECTOR('',#1121,1000.);
#114=VECTOR('',#1126,1000.);
#115=VECTOR('',#1129,1000.);
#116=VECTOR('',#1132,1000.);
#117=VECTOR('',#1133,1000.);
#118=VECTOR('',#1134,1000.);
#119=VECTOR('',#1135,1000.);
#120=VECTOR('',#1140,1000.);
#121=VECTOR('',#1143,1000.);
#122=VECTOR('',#1146,1000.);
#123=VECTOR('',#1147,1000.);
#124=VECTOR('',#1148,1000.);
#125=VECTOR('',#1149,1000.);
#126=VECTOR('',#1152,1000.);
#127=VECTOR('',#1153,1000.);
#128=VECTOR('',#1154,1000.);
#129=VECTOR('',#1155,1000.);
#130=VECTOR('',#1158,1000.);
#131=VECTOR('',#1159,1000.);
#132=VECTOR('',#1160,1000.);
#133=VECTOR('',#1167,1000.);
#134=VECTOR('',#1170,1000.);
#135=VECTOR('',#1171,1000.);
#136=VECTOR('',#1174,1000.);
#137=VECTOR('',#1175,1000.);
#138=VECTOR('',#1176,1000.);
#139=VECTOR('',#1177,1000.);
#140=(
BOUNDED_SURFACE()
B_SPLINE_SURFACE(1,2,((#1639,#1640,#1641,#1642,#1643,#1644,#1645,#1646,
#1647,#1648,#1649,#1650,#1651,#1652,#1653,#1654,#1655,#1656,#1657,#1658,
#1659,#1660,#1661,#1662,#1663,#1664,#1665,#1666,#1667,#1668,#1669,#1670,
#1671,#1672,#1673,#1674,#1675,#1676,#1677,#1678,#1679,#1680,#1681,#1682,
#1683,#1684,#1685,#1686,#1687,#1688,#1689,#1690,#1691,#1692,#1693,#1694,
#1695,#1696,#1697,#1698,#1699,#1700,#1701,#1702,#1703,#1704,#1705),(#1706,
#1707,#1708,#1709,#1710,#1711,#1712,#1713,#1714,#1715,#1716,#1717,#1718,
#1719,#1720,#1721,#1722,#1723,#1724,#1725,#1726,#1727,#1728,#1729,#1730,
#1731,#1732,#1733,#1734,#1735,#1736,#1737,#1738,#1739,#1740,#1741,#1742,
#1743,#1744,#1745,#1746,#1747,#1748,#1749,#1750,#1751,#1752,#1753,#1754,
#1755,#1756,#1757,#1758,#1759,#1760,#1761,#1762,#1763,#1764,#1765,#1766,
#1767,#1768,#1769,#1770,#1771,#1772)),.UNSPECIFIED.,.F.,.F.,.F.)
B_SPLINE_SURFACE_WITH_KNOTS((2,2),(3,2,2,2,2,2,2,2,2,2,2,2,2,2,2,2,2,2,
2,2,2,2,2,2,2,2,2,2,2,2,2,2,2,3),(0.,1.),(0.0687352315576429,0.0714285714285714,
0.0857142857142857,0.1,0.114285714285714,0.128571428571429,0.142857142857143,
0.157142857142857,0.171428571428571,0.185714285714286,0.2,0.214285714285714,
0.228571428571429,0.242857142857143,0.257142857142857,0.271428571428571,
0.285714285714286,0.3,0.314285714285714,0.328571428571429,0.342857142857143,
0.357142857142857,0.371428571428571,0.385714285714286,0.4,0.414285714285714,
0.428571428571429,0.442857142857143,0.457142857142857,0.471428571428571,
0.485714285714286,0.5,0.514285714285714,0.521871884851114),
 .PIECEWISE_BEZIER_KNOTS.)
GEOMETRIC_REPRESENTATION_ITEM()
RATIONAL_B_SPLINE_SURFACE(((0.985024390258746,0.990772499474092,1.,0.951056516295154,
1.,0.951056516295154,1.,0.951056516295154,1.,0.951056516295154,1.,0.951056516295154,
1.,0.951056516295154,1.,0.951056516295154,1.,0.951056516295154,1.,0.951056516295154,
1.,0.951056516295154,1.,0.951056516295154,1.,0.951056516295154,1.,0.951056516295154,
1.,0.951056516295154,1.,0.951056516295154,1.,0.951056516295154,1.,0.951056516295154,
1.,0.951056516295154,1.,0.951056516295154,1.,0.951056516295154,1.,0.951056516295154,
1.,0.951056516295154,1.,0.951056516295154,1.,0.951056516295154,1.,0.951056516295154,
1.,0.951056516295154,1.,0.951056516295154,1.,0.951056516295154,1.,0.951056516295154,
1.,0.951056516295154,1.,0.951056516295154,1.,0.97400944691851,0.975622521464158),
(0.985024390258746,0.990772499474092,1.,0.951056516295154,1.,0.951056516295154,
1.,0.951056516295154,1.,0.951056516295154,1.,0.951056516295154,1.,0.951056516295154,
1.,0.951056516295154,1.,0.951056516295154,1.,0.951056516295154,1.,0.951056516295154,
1.,0.951056516295154,1.,0.951056516295154,1.,0.951056516295154,1.,0.951056516295154,
1.,0.951056516295154,1.,0.951056516295154,1.,0.951056516295154,1.,0.951056516295154,
1.,0.951056516295154,1.,0.951056516295154,1.,0.951056516295154,1.,0.951056516295154,
1.,0.951056516295154,1.,0.951056516295154,1.,0.951056516295154,1.,0.951056516295154,
1.,0.951056516295154,1.,0.951056516295154,1.,0.951056516295154,1.,0.951056516295154,
1.,0.951056516295154,1.,0.97400944691851,0.975622521464158)))
REPRESENTATION_ITEM('')
SURFACE()
);
#141=(
BOUNDED_SURFACE()
B_SPLINE_SURFACE(1,2,((#2056,#2057,#2058,#2059,#2060,#2061,#2062,#2063,
#2064,#2065,#2066,#2067,#2068,#2069,#2070,#2071,#2072,#2073,#2074,#2075,
#2076,#2077,#2078,#2079,#2080,#2081,#2082,#2083,#2084,#2085,#2086,#2087,
#2088,#2089,#2090,#2091,#2092,#2093,#2094,#2095,#2096,#2097,#2098,#2099,
#2100,#2101,#2102,#2103,#2104,#2105,#2106,#2107,#2108,#2109,#2110,#2111,
#2112,#2113,#2114,#2115,#2116,#2117,#2118,#2119,#2120),(#2121,#2122,#2123,
#2124,#2125,#2126,#2127,#2128,#2129,#2130,#2131,#2132,#2133,#2134,#2135,
#2136,#2137,#2138,#2139,#2140,#2141,#2142,#2143,#2144,#2145,#2146,#2147,
#2148,#2149,#2150,#2151,#2152,#2153,#2154,#2155,#2156,#2157,#2158,#2159,
#2160,#2161,#2162,#2163,#2164,#2165,#2166,#2167,#2168,#2169,#2170,#2171,
#2172,#2173,#2174,#2175,#2176,#2177,#2178,#2179,#2180,#2181,#2182,#2183,
#2184,#2185)),.UNSPECIFIED.,.F.,.F.,.F.)
B_SPLINE_SURFACE_WITH_KNOTS((2,2),(3,2,2,2,2,2,2,2,2,2,2,2,2,2,2,2,2,2,
2,2,2,2,2,2,2,2,2,2,2,2,2,2,3),(0.,1.),(0.,0.0142857142857143,0.0285714285714286,
0.0428571428571429,0.0571428571428571,0.0714285714285714,0.0857142857142857,
0.1,0.114285714285714,0.128571428571429,0.142857142857143,0.157142857142857,
0.171428571428571,0.185714285714286,0.2,0.214285714285714,0.228571428571429,
0.242857142857143,0.257142857142857,0.271428571428571,0.285714285714286,
0.3,0.314285714285714,0.328571428571429,0.342857142857143,0.357142857142857,
0.371428571428571,0.385714285714286,0.4,0.414285714285714,0.428571428571429,
0.442857142857143,0.450449628601058),.PIECEWISE_BEZIER_KNOTS.)
GEOMETRIC_REPRESENTATION_ITEM()
RATIONAL_B_SPLINE_SURFACE(((1.,0.951056516295154,1.,0.951056516295154,1.,
0.951056516295154,1.,0.951056516295154,1.,0.951056516295154,1.,0.951056516295154,
1.,0.951056516295154,1.,0.951056516295154,1.,0.951056516295154,1.,0.951056516295154,
1.,0.951056516295154,1.,0.951056516295154,1.,0.951056516295154,1.,0.951056516295154,
1.,0.951056516295154,1.,0.951056516295154,1.,0.951056516295154,1.,0.951056516295154,
1.,0.951056516295154,1.,0.951056516295154,1.,0.951056516295154,1.,0.951056516295154,
1.,0.951056516295154,1.,0.951056516295154,1.,0.951056516295154,1.,0.951056516295154,
1.,0.951056516295154,1.,0.951056516295154,1.,0.951056516295154,1.,0.951056516295154,
1.,0.951056516295154,1.,0.973987810839937,0.975625226231088),(1.,0.951056516295154,
1.,0.951056516295154,1.,0.951056516295154,1.,0.951056516295154,1.,0.951056516295154,
1.,0.951056516295154,1.,0.951056516295154,1.,0.951056516295154,1.,0.951056516295154,
1.,0.951056516295154,1.,0.951056516295154,1.,0.951056516295154,1.,0.951056516295154,
1.,0.951056516295154,1.,0.951056516295154,1.,0.951056516295154,1.,0.951056516295154,
1.,0.951056516295154,1.,0.951056516295154,1.,0.951056516295154,1.,0.951056516295154,
1.,0.951056516295154,1.,0.951056516295154,1.,0.951056516295154,1.,0.951056516295154,
1.,0.951056516295154,1.,0.951056516295154,1.,0.951056516295154,1.,0.951056516295154,
1.,0.951056516295154,1.,0.951056516295154,1.,0.973987810839937,0.975625226231088)))
REPRESENTATION_ITEM('')
SURFACE()
);
#142=PLANE('',#922);
#143=PLANE('',#924);
#144=PLANE('',#927);
#145=PLANE('',#928);
#146=PLANE('',#932);
#147=PLANE('',#933);
#148=PLANE('',#943);
#149=PLANE('',#947);
#150=PLANE('',#951);
#151=PLANE('',#955);
#152=PLANE('',#956);
#153=PLANE('',#957);
#154=PLANE('',#961);
#155=PLANE('',#962);
#156=PLANE('',#963);
#157=PLANE('',#981);
#158=PLANE('',#1001);
#159=PLANE('',#1005);
#160=B_SPLINE_CURVE_WITH_KNOTS('',3,(#1591,#1592,#1593,#1594,#1595,#1596,
#1597,#1598,#1599,#1600,#1601,#1602,#1603,#1604,#1605,#1606,#1607,#1608,
#1609),.UNSPECIFIED.,.T.,.F.,(1,1,1,1,1,1,1,1,1,1,1,1,1,1,1,1,1,1,1,1,1,
1,1),(-0.00290685395381374,-0.00193790263587582,-0.000968951317937911,3.58632640181781E-19,
0.000968951317937913,0.00193790263587582,0.00290685395381374,0.00387580527175165,
0.00484475658968956,0.00581370790762747,0.00678265922556539,0.0077516105435033,
0.00872056186144121,0.00968951317937912,0.010658464497317,0.0116274158152549,
0.0125963671331929,0.0135653184511308,0.0145342697690687,0.0155032210870066,
0.0164721724049445,0.0174411237228824,0.0184100750408203),.UNSPECIFIED.);
#161=B_SPLINE_CURVE_WITH_KNOTS('',3,(#1614,#1615,#1616,#1617,#1618),
 .UNSPECIFIED.,.F.,.F.,(4,1,4),(1.21755844661331E-17,0.0019505520589348,
0.00390110411786958),.UNSPECIFIED.);
#162=B_SPLINE_CURVE_WITH_KNOTS('',3,(#1622,#1623,#1624,#1625),
 .UNSPECIFIED.,.F.,.F.,(4,4),(0.,0.00390123011836773),.UNSPECIFIED.);
#163=B_SPLINE_CURVE_WITH_KNOTS('',3,(#1630,#1631,#1632,#1633,#1634),
 .UNSPECIFIED.,.F.,.F.,(4,1,4),(2.57949833191747E-17,0.00195055205893483,
0.00390110411786963),.UNSPECIFIED.);
#164=B_SPLINE_CURVE_WITH_KNOTS('',3,(#1635,#1636,#1637,#1638),
 .UNSPECIFIED.,.F.,.F.,(4,4),(3.57982993426352E-18,0.00390123011836776),
 .UNSPECIFIED.);
#165=CIRCLE('',#918,5.);
#166=CIRCLE('',#919,5.);
#167=CIRCLE('',#921,2.4);
#168=CIRCLE('',#923,3.99990040063702);
#169=CIRCLE('',#925,3.99990040063702);
#170=CIRCLE('',#930,2.4);
#171=CIRCLE('',#931,2.4);
#172=CIRCLE('',#935,3.6);
#173=CIRCLE('',#936,3.6);
#174=CIRCLE('',#938,2.4);
#175=CIRCLE('',#939,2.4);
#176=CIRCLE('',#941,2.4);
#177=CIRCLE('',#942,2.4);
#178=CIRCLE('',#945,3.6);
#179=CIRCLE('',#946,3.6);
#180=CIRCLE('',#949,3.60000000000001);
#181=CIRCLE('',#950,3.60000000000001);
#182=CIRCLE('',#953,3.6);
#183=CIRCLE('',#954,3.6);
#184=CIRCLE('',#959,3.60000000000001);
#185=CIRCLE('',#960,3.60000000000001);
#186=CIRCLE('',#964,3.10000000000001);
#187=CIRCLE('',#965,0.5);
#188=CIRCLE('',#966,0.5);
#189=CIRCLE('',#967,0.5);
#190=CIRCLE('',#968,0.5);
#191=CIRCLE('',#969,0.5);
#192=CIRCLE('',#970,0.5);
#193=CIRCLE('',#971,0.5);
#194=CIRCLE('',#972,0.5);
#195=CIRCLE('',#973,0.1);
#196=CIRCLE('',#974,0.1);
#197=CIRCLE('',#975,0.5);
#198=CIRCLE('',#976,0.1);
#199=CIRCLE('',#977,0.1);
#200=CIRCLE('',#978,0.5);
#201=CIRCLE('',#979,0.1);
#202=CIRCLE('',#980,0.1);
#203=CIRCLE('',#982,3.09999999999987);
#204=CIRCLE('',#983,0.5);
#205=CIRCLE('',#984,0.1);
#206=CIRCLE('',#985,0.1);
#207=CIRCLE('',#986,0.5);
#208=CIRCLE('',#987,0.1);
#209=CIRCLE('',#988,0.1);
#210=CIRCLE('',#989,0.5);
#211=CIRCLE('',#990,0.1);
#212=CIRCLE('',#991,0.1);
#213=CIRCLE('',#992,0.5);
#214=CIRCLE('',#993,0.5);
#215=CIRCLE('',#994,0.5);
#216=CIRCLE('',#995,0.5);
#217=CIRCLE('',#996,0.5);
#218=CIRCLE('',#997,0.5);
#219=CIRCLE('',#998,0.5);
#220=CIRCLE('',#1000,3.09999999999999);
#221=CIRCLE('',#1002,2.39999999999999);
#222=CIRCLE('',#1004,2.39999999999999);
#223=CIRCLE('',#1006,3.09999999999999);
#224=ORIENTED_EDGE('',*,*,#480,.F.);
#225=ORIENTED_EDGE('',*,*,#481,.T.);
#226=ORIENTED_EDGE('',*,*,#482,.T.);
#227=ORIENTED_EDGE('',*,*,#483,.F.);
#228=ORIENTED_EDGE('',*,*,#484,.T.);
#229=ORIENTED_EDGE('',*,*,#485,.F.);
#230=ORIENTED_EDGE('',*,*,#481,.F.);
#231=ORIENTED_EDGE('',*,*,#486,.F.);
#232=ORIENTED_EDGE('',*,*,#487,.F.);
#233=ORIENTED_EDGE('',*,*,#488,.F.);
#234=ORIENTED_EDGE('',*,*,#485,.T.);
#235=ORIENTED_EDGE('',*,*,#489,.T.);
#236=ORIENTED_EDGE('',*,*,#490,.T.);
#237=ORIENTED_EDGE('',*,*,#483,.T.);
#238=ORIENTED_EDGE('',*,*,#491,.T.);
#239=ORIENTED_EDGE('',*,*,#492,.F.);
#240=ORIENTED_EDGE('',*,*,#486,.T.);
#241=ORIENTED_EDGE('',*,*,#480,.T.);
#242=ORIENTED_EDGE('',*,*,#490,.F.);
#243=ORIENTED_EDGE('',*,*,#493,.F.);
#244=ORIENTED_EDGE('',*,*,#487,.T.);
#245=ORIENTED_EDGE('',*,*,#492,.T.);
#246=ORIENTED_EDGE('',*,*,#489,.F.);
#247=ORIENTED_EDGE('',*,*,#482,.F.);
#248=ORIENTED_EDGE('',*,*,#488,.T.);
#249=ORIENTED_EDGE('',*,*,#493,.T.);
#250=ORIENTED_EDGE('',*,*,#491,.F.);
#251=ORIENTED_EDGE('',*,*,#494,.F.);
#252=ORIENTED_EDGE('',*,*,#495,.T.);
#253=ORIENTED_EDGE('',*,*,#496,.T.);
#254=ORIENTED_EDGE('',*,*,#497,.T.);
#255=ORIENTED_EDGE('',*,*,#498,.T.);
#256=ORIENTED_EDGE('',*,*,#499,.T.);
#257=ORIENTED_EDGE('',*,*,#500,.F.);
#258=ORIENTED_EDGE('',*,*,#501,.T.);
#259=ORIENTED_EDGE('',*,*,#502,.T.);
#260=ORIENTED_EDGE('',*,*,#503,.T.);
#261=ORIENTED_EDGE('',*,*,#504,.F.);
#262=ORIENTED_EDGE('',*,*,#505,.T.);
#263=ORIENTED_EDGE('',*,*,#506,.F.);
#264=ORIENTED_EDGE('',*,*,#507,.T.);
#265=ORIENTED_EDGE('',*,*,#508,.T.);
#266=ORIENTED_EDGE('',*,*,#509,.T.);
#267=ORIENTED_EDGE('',*,*,#510,.T.);
#268=ORIENTED_EDGE('',*,*,#511,.T.);
#269=ORIENTED_EDGE('',*,*,#512,.F.);
#270=ORIENTED_EDGE('',*,*,#513,.T.);
#271=ORIENTED_EDGE('',*,*,#514,.F.);
#272=ORIENTED_EDGE('',*,*,#515,.F.);
#273=ORIENTED_EDGE('',*,*,#516,.T.);
#274=ORIENTED_EDGE('',*,*,#517,.T.);
#275=ORIENTED_EDGE('',*,*,#484,.F.);
#276=ORIENTED_EDGE('',*,*,#518,.T.);
#277=ORIENTED_EDGE('',*,*,#519,.T.);
#278=ORIENTED_EDGE('',*,*,#520,.F.);
#279=ORIENTED_EDGE('',*,*,#521,.T.);
#280=ORIENTED_EDGE('',*,*,#522,.T.);
#281=ORIENTED_EDGE('',*,*,#523,.T.);
#282=ORIENTED_EDGE('',*,*,#524,.F.);
#283=ORIENTED_EDGE('',*,*,#525,.T.);
#284=ORIENTED_EDGE('',*,*,#526,.F.);
#285=ORIENTED_EDGE('',*,*,#527,.T.);
#286=ORIENTED_EDGE('',*,*,#528,.T.);
#287=ORIENTED_EDGE('',*,*,#529,.T.);
#288=ORIENTED_EDGE('',*,*,#530,.F.);
#289=ORIENTED_EDGE('',*,*,#531,.T.);
#290=ORIENTED_EDGE('',*,*,#532,.T.);
#291=ORIENTED_EDGE('',*,*,#533,.T.);
#292=ORIENTED_EDGE('',*,*,#534,.T.);
#293=ORIENTED_EDGE('',*,*,#535,.T.);
#294=ORIENTED_EDGE('',*,*,#536,.F.);
#295=ORIENTED_EDGE('',*,*,#537,.T.);
#296=ORIENTED_EDGE('',*,*,#538,.T.);
#297=ORIENTED_EDGE('',*,*,#539,.T.);
#298=ORIENTED_EDGE('',*,*,#540,.F.);
#299=ORIENTED_EDGE('',*,*,#541,.T.);
#300=ORIENTED_EDGE('',*,*,#542,.T.);
#301=ORIENTED_EDGE('',*,*,#543,.T.);
#302=ORIENTED_EDGE('',*,*,#544,.F.);
#303=ORIENTED_EDGE('',*,*,#545,.T.);
#304=ORIENTED_EDGE('',*,*,#546,.T.);
#305=ORIENTED_EDGE('',*,*,#547,.T.);
#306=ORIENTED_EDGE('',*,*,#548,.F.);
#307=ORIENTED_EDGE('',*,*,#549,.T.);
#308=ORIENTED_EDGE('',*,*,#550,.T.);
#309=ORIENTED_EDGE('',*,*,#551,.T.);
#310=ORIENTED_EDGE('',*,*,#552,.F.);
#311=ORIENTED_EDGE('',*,*,#553,.T.);
#312=ORIENTED_EDGE('',*,*,#554,.T.);
#313=ORIENTED_EDGE('',*,*,#555,.T.);
#314=ORIENTED_EDGE('',*,*,#556,.F.);
#315=ORIENTED_EDGE('',*,*,#557,.T.);
#316=ORIENTED_EDGE('',*,*,#558,.F.);
#317=ORIENTED_EDGE('',*,*,#517,.F.);
#318=ORIENTED_EDGE('',*,*,#559,.T.);
#319=ORIENTED_EDGE('',*,*,#560,.T.);
#320=ORIENTED_EDGE('',*,*,#561,.F.);
#321=ORIENTED_EDGE('',*,*,#560,.F.);
#322=ORIENTED_EDGE('',*,*,#562,.T.);
#323=ORIENTED_EDGE('',*,*,#563,.T.);
#324=ORIENTED_EDGE('',*,*,#564,.F.);
#325=ORIENTED_EDGE('',*,*,#563,.F.);
#326=ORIENTED_EDGE('',*,*,#565,.T.);
#327=ORIENTED_EDGE('',*,*,#515,.T.);
#328=ORIENTED_EDGE('',*,*,#566,.F.);
#329=ORIENTED_EDGE('',*,*,#567,.T.);
#330=ORIENTED_EDGE('',*,*,#568,.T.);
#331=ORIENTED_EDGE('',*,*,#569,.T.);
#332=ORIENTED_EDGE('',*,*,#570,.F.);
#333=ORIENTED_EDGE('',*,*,#516,.F.);
#334=ORIENTED_EDGE('',*,*,#565,.F.);
#335=ORIENTED_EDGE('',*,*,#562,.F.);
#336=ORIENTED_EDGE('',*,*,#559,.F.);
#337=ORIENTED_EDGE('',*,*,#554,.F.);
#338=ORIENTED_EDGE('',*,*,#571,.T.);
#339=ORIENTED_EDGE('',*,*,#550,.F.);
#340=ORIENTED_EDGE('',*,*,#572,.T.);
#341=ORIENTED_EDGE('',*,*,#546,.F.);
#342=ORIENTED_EDGE('',*,*,#573,.T.);
#343=ORIENTED_EDGE('',*,*,#542,.F.);
#344=ORIENTED_EDGE('',*,*,#574,.T.);
#345=ORIENTED_EDGE('',*,*,#538,.F.);
#346=ORIENTED_EDGE('',*,*,#575,.T.);
#347=ORIENTED_EDGE('',*,*,#534,.F.);
#348=ORIENTED_EDGE('',*,*,#576,.T.);
#349=ORIENTED_EDGE('',*,*,#532,.F.);
#350=ORIENTED_EDGE('',*,*,#577,.T.);
#351=ORIENTED_EDGE('',*,*,#528,.F.);
#352=ORIENTED_EDGE('',*,*,#578,.T.);
#353=ORIENTED_EDGE('',*,*,#568,.F.);
#354=ORIENTED_EDGE('',*,*,#579,.T.);
#355=ORIENTED_EDGE('',*,*,#522,.F.);
#356=ORIENTED_EDGE('',*,*,#580,.T.);
#357=ORIENTED_EDGE('',*,*,#510,.F.);
#358=ORIENTED_EDGE('',*,*,#581,.T.);
#359=ORIENTED_EDGE('',*,*,#508,.F.);
#360=ORIENTED_EDGE('',*,*,#582,.T.);
#361=ORIENTED_EDGE('',*,*,#502,.F.);
#362=ORIENTED_EDGE('',*,*,#583,.T.);
#363=ORIENTED_EDGE('',*,*,#498,.F.);
#364=ORIENTED_EDGE('',*,*,#584,.T.);
#365=ORIENTED_EDGE('',*,*,#496,.F.);
#366=ORIENTED_EDGE('',*,*,#585,.T.);
#367=ORIENTED_EDGE('',*,*,#518,.F.);
#368=ORIENTED_EDGE('',*,*,#586,.T.);
#369=ORIENTED_EDGE('',*,*,#587,.T.);
#370=ORIENTED_EDGE('',*,*,#514,.T.);
#371=ORIENTED_EDGE('',*,*,#558,.T.);
#372=ORIENTED_EDGE('',*,*,#561,.T.);
#373=ORIENTED_EDGE('',*,*,#564,.T.);
#374=ORIENTED_EDGE('',*,*,#552,.T.);
#375=ORIENTED_EDGE('',*,*,#588,.T.);
#376=ORIENTED_EDGE('',*,*,#556,.T.);
#377=ORIENTED_EDGE('',*,*,#589,.T.);
#378=ORIENTED_EDGE('',*,*,#520,.T.);
#379=ORIENTED_EDGE('',*,*,#590,.T.);
#380=ORIENTED_EDGE('',*,*,#494,.T.);
#381=ORIENTED_EDGE('',*,*,#591,.T.);
#382=ORIENTED_EDGE('',*,*,#500,.T.);
#383=ORIENTED_EDGE('',*,*,#592,.T.);
#384=ORIENTED_EDGE('',*,*,#504,.T.);
#385=ORIENTED_EDGE('',*,*,#593,.T.);
#386=ORIENTED_EDGE('',*,*,#506,.T.);
#387=ORIENTED_EDGE('',*,*,#594,.T.);
#388=ORIENTED_EDGE('',*,*,#512,.T.);
#389=ORIENTED_EDGE('',*,*,#595,.T.);
#390=ORIENTED_EDGE('',*,*,#524,.T.);
#391=ORIENTED_EDGE('',*,*,#596,.T.);
#392=ORIENTED_EDGE('',*,*,#566,.T.);
#393=ORIENTED_EDGE('',*,*,#597,.T.);
#394=ORIENTED_EDGE('',*,*,#526,.T.);
#395=ORIENTED_EDGE('',*,*,#598,.T.);
#396=ORIENTED_EDGE('',*,*,#530,.T.);
#397=ORIENTED_EDGE('',*,*,#599,.T.);
#398=ORIENTED_EDGE('',*,*,#536,.T.);
#399=ORIENTED_EDGE('',*,*,#600,.T.);
#400=ORIENTED_EDGE('',*,*,#540,.T.);
#401=ORIENTED_EDGE('',*,*,#601,.T.);
#402=ORIENTED_EDGE('',*,*,#544,.T.);
#403=ORIENTED_EDGE('',*,*,#602,.T.);
#404=ORIENTED_EDGE('',*,*,#548,.T.);
#405=ORIENTED_EDGE('',*,*,#603,.T.);
#406=ORIENTED_EDGE('',*,*,#604,.T.);
#407=ORIENTED_EDGE('',*,*,#587,.F.);
#408=ORIENTED_EDGE('',*,*,#605,.T.);
#409=ORIENTED_EDGE('',*,*,#604,.F.);
#410=ORIENTED_EDGE('',*,*,#606,.T.);
#411=ORIENTED_EDGE('',*,*,#605,.F.);
#412=ORIENTED_EDGE('',*,*,#607,.T.);
#413=ORIENTED_EDGE('',*,*,#606,.F.);
#414=ORIENTED_EDGE('',*,*,#570,.T.);
#415=ORIENTED_EDGE('',*,*,#607,.F.);
#416=ORIENTED_EDGE('',*,*,#584,.F.);
#417=ORIENTED_EDGE('',*,*,#501,.F.);
#418=ORIENTED_EDGE('',*,*,#591,.F.);
#419=ORIENTED_EDGE('',*,*,#497,.F.);
#420=ORIENTED_EDGE('',*,*,#576,.F.);
#421=ORIENTED_EDGE('',*,*,#537,.F.);
#422=ORIENTED_EDGE('',*,*,#599,.F.);
#423=ORIENTED_EDGE('',*,*,#533,.F.);
#424=ORIENTED_EDGE('',*,*,#575,.F.);
#425=ORIENTED_EDGE('',*,*,#541,.F.);
#426=ORIENTED_EDGE('',*,*,#600,.F.);
#427=ORIENTED_EDGE('',*,*,#535,.F.);
#428=ORIENTED_EDGE('',*,*,#574,.F.);
#429=ORIENTED_EDGE('',*,*,#545,.F.);
#430=ORIENTED_EDGE('',*,*,#601,.F.);
#431=ORIENTED_EDGE('',*,*,#539,.F.);
#432=ORIENTED_EDGE('',*,*,#573,.F.);
#433=ORIENTED_EDGE('',*,*,#549,.F.);
#434=ORIENTED_EDGE('',*,*,#602,.F.);
#435=ORIENTED_EDGE('',*,*,#543,.F.);
#436=ORIENTED_EDGE('',*,*,#572,.F.);
#437=ORIENTED_EDGE('',*,*,#553,.F.);
#438=ORIENTED_EDGE('',*,*,#603,.F.);
#439=ORIENTED_EDGE('',*,*,#547,.F.);
#440=ORIENTED_EDGE('',*,*,#577,.F.);
#441=ORIENTED_EDGE('',*,*,#531,.F.);
#442=ORIENTED_EDGE('',*,*,#598,.F.);
#443=ORIENTED_EDGE('',*,*,#529,.F.);
#444=ORIENTED_EDGE('',*,*,#581,.F.);
#445=ORIENTED_EDGE('',*,*,#513,.F.);
#446=ORIENTED_EDGE('',*,*,#594,.F.);
#447=ORIENTED_EDGE('',*,*,#509,.F.);
#448=ORIENTED_EDGE('',*,*,#578,.F.);
#449=ORIENTED_EDGE('',*,*,#527,.F.);
#450=ORIENTED_EDGE('',*,*,#597,.F.);
#451=ORIENTED_EDGE('',*,*,#569,.F.);
#452=ORIENTED_EDGE('',*,*,#571,.F.);
#453=ORIENTED_EDGE('',*,*,#557,.F.);
#454=ORIENTED_EDGE('',*,*,#588,.F.);
#455=ORIENTED_EDGE('',*,*,#551,.F.);
#456=ORIENTED_EDGE('',*,*,#580,.F.);
#457=ORIENTED_EDGE('',*,*,#525,.F.);
#458=ORIENTED_EDGE('',*,*,#595,.F.);
#459=ORIENTED_EDGE('',*,*,#511,.F.);
#460=ORIENTED_EDGE('',*,*,#579,.F.);
#461=ORIENTED_EDGE('',*,*,#567,.F.);
#462=ORIENTED_EDGE('',*,*,#596,.F.);
#463=ORIENTED_EDGE('',*,*,#523,.F.);
#464=ORIENTED_EDGE('',*,*,#586,.F.);
#465=ORIENTED_EDGE('',*,*,#521,.F.);
#466=ORIENTED_EDGE('',*,*,#589,.F.);
#467=ORIENTED_EDGE('',*,*,#555,.F.);
#468=ORIENTED_EDGE('',*,*,#585,.F.);
#469=ORIENTED_EDGE('',*,*,#495,.F.);
#470=ORIENTED_EDGE('',*,*,#590,.F.);
#471=ORIENTED_EDGE('',*,*,#519,.F.);
#472=ORIENTED_EDGE('',*,*,#583,.F.);
#473=ORIENTED_EDGE('',*,*,#505,.F.);
#474=ORIENTED_EDGE('',*,*,#592,.F.);
#475=ORIENTED_EDGE('',*,*,#499,.F.);
#476=ORIENTED_EDGE('',*,*,#582,.F.);
#477=ORIENTED_EDGE('',*,*,#507,.F.);
#478=ORIENTED_EDGE('',*,*,#593,.F.);
#479=ORIENTED_EDGE('',*,*,#503,.F.);
#480=EDGE_CURVE('',#608,#609,#696,.T.);
#481=EDGE_CURVE('',#608,#610,#165,.T.);
#482=EDGE_CURVE('',#610,#611,#697,.T.);
#483=EDGE_CURVE('',#609,#611,#166,.T.);
#484=EDGE_CURVE('',#612,#612,#160,.T.);
#485=EDGE_CURVE('',#613,#613,#167,.T.);
#486=EDGE_CURVE('',#614,#608,#161,.T.);
#487=EDGE_CURVE('',#615,#614,#168,.T.);
#488=EDGE_CURVE('',#610,#615,#162,.T.);
#489=EDGE_CURVE('',#616,#617,#169,.T.);
#490=EDGE_CURVE('',#617,#609,#163,.T.);
#491=EDGE_CURVE('',#611,#616,#164,.T.);
#492=EDGE_CURVE('',#614,#617,#698,.T.);
#493=EDGE_CURVE('',#615,#616,#699,.T.);
#494=EDGE_CURVE('',#618,#619,#20,.T.);
#495=EDGE_CURVE('',#618,#620,#21,.T.);
#496=EDGE_CURVE('',#620,#621,#22,.T.);
#497=EDGE_CURVE('',#621,#619,#23,.T.);
#498=EDGE_CURVE('',#622,#623,#24,.T.);
#499=EDGE_CURVE('',#623,#624,#25,.F.);
#500=EDGE_CURVE('',#625,#624,#26,.T.);
#501=EDGE_CURVE('',#625,#622,#27,.F.);
#502=EDGE_CURVE('',#626,#627,#170,.T.);
#503=EDGE_CURVE('',#627,#628,#28,.T.);
#504=EDGE_CURVE('',#629,#628,#171,.T.);
#505=EDGE_CURVE('',#629,#626,#29,.F.);
#506=EDGE_CURVE('',#630,#631,#30,.T.);
#507=EDGE_CURVE('',#630,#632,#31,.T.);
#508=EDGE_CURVE('',#632,#633,#32,.T.);
#509=EDGE_CURVE('',#633,#631,#33,.T.);
#510=EDGE_CURVE('',#634,#635,#34,.T.);
#511=EDGE_CURVE('',#635,#636,#35,.F.);
#512=EDGE_CURVE('',#637,#636,#36,.T.);
#513=EDGE_CURVE('',#637,#634,#37,.F.);
#514=EDGE_CURVE('',#638,#639,#172,.T.);
#515=EDGE_CURVE('',#640,#638,#38,.T.);
#516=EDGE_CURVE('',#640,#641,#173,.T.);
#517=EDGE_CURVE('',#641,#639,#39,.T.);
#518=EDGE_CURVE('',#642,#643,#174,.T.);
#519=EDGE_CURVE('',#643,#644,#40,.T.);
#520=EDGE_CURVE('',#645,#644,#175,.T.);
#521=EDGE_CURVE('',#645,#642,#41,.F.);
#522=EDGE_CURVE('',#646,#647,#176,.T.);
#523=EDGE_CURVE('',#647,#648,#42,.T.);
#524=EDGE_CURVE('',#649,#648,#177,.T.);
#525=EDGE_CURVE('',#649,#646,#43,.F.);
#526=EDGE_CURVE('',#650,#651,#44,.T.);
#527=EDGE_CURVE('',#650,#652,#45,.F.);
#528=EDGE_CURVE('',#652,#653,#46,.T.);
#529=EDGE_CURVE('',#653,#651,#47,.T.);
#530=EDGE_CURVE('',#654,#655,#178,.T.);
#531=EDGE_CURVE('',#654,#656,#48,.F.);
#532=EDGE_CURVE('',#656,#657,#179,.T.);
#533=EDGE_CURVE('',#657,#655,#49,.T.);
#534=EDGE_CURVE('',#658,#659,#50,.T.);
#535=EDGE_CURVE('',#659,#660,#51,.F.);
#536=EDGE_CURVE('',#661,#660,#52,.T.);
#537=EDGE_CURVE('',#661,#658,#53,.T.);
#538=EDGE_CURVE('',#662,#663,#180,.T.);
#539=EDGE_CURVE('',#663,#664,#54,.T.);
#540=EDGE_CURVE('',#665,#664,#181,.T.);
#541=EDGE_CURVE('',#665,#662,#55,.F.);
#542=EDGE_CURVE('',#666,#667,#56,.T.);
#543=EDGE_CURVE('',#667,#668,#57,.F.);
#544=EDGE_CURVE('',#669,#668,#58,.T.);
#545=EDGE_CURVE('',#669,#666,#59,.T.);
#546=EDGE_CURVE('',#670,#671,#182,.T.);
#547=EDGE_CURVE('',#671,#672,#60,.T.);
#548=EDGE_CURVE('',#673,#672,#183,.T.);
#549=EDGE_CURVE('',#673,#670,#61,.F.);
#550=EDGE_CURVE('',#674,#675,#62,.T.);
#551=EDGE_CURVE('',#675,#676,#63,.T.);
#552=EDGE_CURVE('',#677,#676,#64,.T.);
#553=EDGE_CURVE('',#677,#674,#65,.F.);
#554=EDGE_CURVE('',#678,#679,#66,.T.);
#555=EDGE_CURVE('',#679,#680,#67,.F.);
#556=EDGE_CURVE('',#681,#680,#68,.T.);
#557=EDGE_CURVE('',#681,#678,#69,.F.);
#558=EDGE_CURVE('',#639,#682,#70,.T.);
#559=EDGE_CURVE('',#641,#683,#71,.T.);
#560=EDGE_CURVE('',#683,#682,#72,.T.);
#561=EDGE_CURVE('',#682,#684,#184,.T.);
#562=EDGE_CURVE('',#683,#685,#185,.T.);
#563=EDGE_CURVE('',#685,#684,#73,.T.);
#564=EDGE_CURVE('',#684,#638,#74,.T.);
#565=EDGE_CURVE('',#685,#640,#75,.T.);
#566=EDGE_CURVE('',#686,#687,#76,.T.);
#567=EDGE_CURVE('',#686,#688,#77,.T.);
#568=EDGE_CURVE('',#688,#689,#78,.T.);
#569=EDGE_CURVE('',#689,#687,#79,.T.);
#570=EDGE_CURVE('',#690,#690,#186,.T.);
#571=EDGE_CURVE('',#678,#675,#187,.F.);
#572=EDGE_CURVE('',#674,#671,#188,.F.);
#573=EDGE_CURVE('',#670,#667,#189,.T.);
#574=EDGE_CURVE('',#666,#663,#190,.T.);
#575=EDGE_CURVE('',#662,#659,#191,.T.);
#576=EDGE_CURVE('',#658,#657,#192,.T.);
#577=EDGE_CURVE('',#656,#653,#193,.F.);
#578=EDGE_CURVE('',#652,#689,#194,.F.);
#579=EDGE_CURVE('',#688,#647,#195,.T.);
#580=EDGE_CURVE('',#646,#635,#196,.T.);
#581=EDGE_CURVE('',#634,#633,#197,.F.);
#582=EDGE_CURVE('',#632,#627,#198,.T.);
#583=EDGE_CURVE('',#626,#623,#199,.T.);
#584=EDGE_CURVE('',#622,#621,#200,.F.);
#585=EDGE_CURVE('',#620,#643,#201,.T.);
#586=EDGE_CURVE('',#642,#679,#202,.T.);
#587=EDGE_CURVE('',#691,#691,#203,.T.);
#588=EDGE_CURVE('',#676,#681,#204,.T.);
#589=EDGE_CURVE('',#680,#645,#205,.F.);
#590=EDGE_CURVE('',#644,#618,#206,.F.);
#591=EDGE_CURVE('',#619,#625,#207,.T.);
#592=EDGE_CURVE('',#624,#629,#208,.F.);
#593=EDGE_CURVE('',#628,#630,#209,.F.);
#594=EDGE_CURVE('',#631,#637,#210,.T.);
#595=EDGE_CURVE('',#636,#649,#211,.F.);
#596=EDGE_CURVE('',#648,#686,#212,.F.);
#597=EDGE_CURVE('',#687,#650,#213,.T.);
#598=EDGE_CURVE('',#651,#654,#214,.T.);
#599=EDGE_CURVE('',#655,#661,#215,.F.);
#600=EDGE_CURVE('',#660,#665,#216,.F.);
#601=EDGE_CURVE('',#664,#669,#217,.F.);
#602=EDGE_CURVE('',#668,#673,#218,.F.);
#603=EDGE_CURVE('',#672,#677,#219,.T.);
#604=EDGE_CURVE('',#692,#692,#220,.T.);
#605=EDGE_CURVE('',#693,#693,#221,.T.);
#606=EDGE_CURVE('',#694,#694,#222,.T.);
#607=EDGE_CURVE('',#695,#695,#223,.T.);
#608=VERTEX_POINT('',#1443);
#609=VERTEX_POINT('',#1444);
#610=VERTEX_POINT('',#1446);
#611=VERTEX_POINT('',#1588);
#612=VERTEX_POINT('',#1610);
#613=VERTEX_POINT('',#1612);
#614=VERTEX_POINT('',#1619);
#615=VERTEX_POINT('',#1621);
#616=VERTEX_POINT('',#1628);
#617=VERTEX_POINT('',#1629);
#618=VERTEX_POINT('',#2188);
#619=VERTEX_POINT('',#2189);
#620=VERTEX_POINT('',#2191);
#621=VERTEX_POINT('',#2193);
#622=VERTEX_POINT('',#2197);
#623=VERTEX_POINT('',#2198);
#624=VERTEX_POINT('',#2200);
#625=VERTEX_POINT('',#2202);
#626=VERTEX_POINT('',#2206);
#627=VERTEX_POINT('',#2207);
#628=VERTEX_POINT('',#2209);
#629=VERTEX_POINT('',#2211);
#630=VERTEX_POINT('',#2215);
#631=VERTEX_POINT('',#2216);
#632=VERTEX_POINT('',#2218);
#633=VERTEX_POINT('',#2220);
#634=VERTEX_POINT('',#2224);
#635=VERTEX_POINT('',#2225);
#636=VERTEX_POINT('',#2227);
#637=VERTEX_POINT('',#2229);
#638=VERTEX_POINT('',#2233);
#639=VERTEX_POINT('',#2234);
#640=VERTEX_POINT('',#2236);
#641=VERTEX_POINT('',#2238);
#642=VERTEX_POINT('',#2242);
#643=VERTEX_POINT('',#2243);
#644=VERTEX_POINT('',#2245);
#645=VERTEX_POINT('',#2247);
#646=VERTEX_POINT('',#2251);
#647=VERTEX_POINT('',#2252);
#648=VERTEX_POINT('',#2254);
#649=VERTEX_POINT('',#2256);
#650=VERTEX_POINT('',#2260);
#651=VERTEX_POINT('',#2261);
#652=VERTEX_POINT('',#2263);
#653=VERTEX_POINT('',#2265);
#654=VERTEX_POINT('',#2269);
#655=VERTEX_POINT('',#2270);
#656=VERTEX_POINT('',#2272);
#657=VERTEX_POINT('',#2274);
#658=VERTEX_POINT('',#2278);
#659=VERTEX_POINT('',#2279);
#660=VERTEX_POINT('',#2281);
#661=VERTEX_POINT('',#2283);
#662=VERTEX_POINT('',#2287);
#663=VERTEX_POINT('',#2288);
#664=VERTEX_POINT('',#2290);
#665=VERTEX_POINT('',#2292);
#666=VERTEX_POINT('',#2296);
#667=VERTEX_POINT('',#2297);
#668=VERTEX_POINT('',#2299);
#669=VERTEX_POINT('',#2301);
#670=VERTEX_POINT('',#2305);
#671=VERTEX_POINT('',#2306);
#672=VERTEX_POINT('',#2308);
#673=VERTEX_POINT('',#2310);
#674=VERTEX_POINT('',#2314);
#675=VERTEX_POINT('',#2315);
#676=VERTEX_POINT('',#2317);
#677=VERTEX_POINT('',#2319);
#678=VERTEX_POINT('',#2323);
#679=VERTEX_POINT('',#2324);
#680=VERTEX_POINT('',#2326);
#681=VERTEX_POINT('',#2328);
#682=VERTEX_POINT('',#2332);
#683=VERTEX_POINT('',#2334);
#684=VERTEX_POINT('',#2338);
#685=VERTEX_POINT('',#2340);
#686=VERTEX_POINT('',#2347);
#687=VERTEX_POINT('',#2348);
#688=VERTEX_POINT('',#2350);
#689=VERTEX_POINT('',#2352);
#690=VERTEX_POINT('',#2356);
#691=VERTEX_POINT('',#2375);
#692=VERTEX_POINT('',#2394);
#693=VERTEX_POINT('',#2397);
#694=VERTEX_POINT('',#2400);
#695=VERTEX_POINT('',#2403);
#696=(
BOUNDED_CURVE()
B_SPLINE_CURVE(2,(#1302,#1303,#1304,#1305,#1306,#1307,#1308,#1309,#1310,
#1311,#1312,#1313,#1314,#1315,#1316,#1317,#1318,#1319,#1320,#1321,#1322,
#1323,#1324,#1325,#1326,#1327,#1328,#1329,#1330,#1331,#1332,#1333,#1334,
#1335,#1336,#1337,#1338,#1339,#1340,#1341,#1342,#1343,#1344,#1345,#1346,
#1347,#1348,#1349,#1350,#1351,#1352,#1353,#1354,#1355,#1356,#1357,#1358,
#1359,#1360,#1361,#1362,#1363,#1364,#1365,#1366,#1367,#1368,#1369,#1370,
#1371,#1372,#1373,#1374,#1375,#1376,#1377,#1378,#1379,#1380,#1381,#1382,
#1383,#1384,#1385,#1386,#1387,#1388,#1389,#1390,#1391,#1392,#1393,#1394,
#1395,#1396,#1397,#1398,#1399,#1400,#1401,#1402,#1403,#1404,#1405,#1406,
#1407,#1408,#1409,#1410,#1411,#1412,#1413,#1414,#1415,#1416,#1417,#1418,
#1419,#1420,#1421,#1422,#1423,#1424,#1425,#1426,#1427,#1428,#1429,#1430,
#1431,#1432,#1433,#1434,#1435,#1436,#1437,#1438,#1439,#1440,#1441,#1442),
 .UNSPECIFIED.,.F.,.F.)
B_SPLINE_CURVE_WITH_KNOTS((3,2,2,2,2,2,2,2,2,2,2,2,2,2,2,2,2,2,2,2,2,2,
2,2,2,2,2,2,2,2,2,2,2,2,2,2,2,2,2,2,2,2,2,2,2,2,2,2,2,2,2,2,2,2,2,2,2,2,
2,2,2,2,2,2,2,2,2,2,2,2,3),(0.,0.0142857142857143,0.0285714285714286,0.0428571428571429,
0.0571428571428571,0.0714285714285714,0.0857142857142857,0.1,0.114285714285714,
0.128571428571429,0.142857142857143,0.157142857142857,0.171428571428571,
0.185714285714286,0.2,0.214285714285714,0.228571428571429,0.242857142857143,
0.257142857142857,0.271428571428571,0.285714285714286,0.3,0.314285714285714,
0.328571428571429,0.342857142857143,0.357142857142857,0.371428571428571,
0.385714285714286,0.4,0.414285714285714,0.428571428571429,0.442857142857143,
0.457142857142857,0.471428571428571,0.485714285714286,0.5,0.514285714285714,
0.528571428571429,0.542857142857143,0.557142857142857,0.571428571428571,
0.585714285714286,0.6,0.614285714285714,0.628571428571429,0.642857142857143,
0.657142857142857,0.671428571428571,0.685714285714286,0.7,0.714285714285714,
0.728571428571429,0.742857142857143,0.757142857142857,0.771428571428571,
0.785714285714286,0.8,0.814285714285714,0.828571428571429,0.842857142857143,
0.857142857142857,0.871428571428571,0.885714285714286,0.9,0.914285714285714,
0.928571428571429,0.942857142857143,0.957142857142857,0.971428571428571,
0.985714285714286,1.),.UNSPECIFIED.)
CURVE()
GEOMETRIC_REPRESENTATION_ITEM()
RATIONAL_B_SPLINE_CURVE((1.,0.951056516295154,1.,0.951056516295154,1.,0.951056516295154,
1.,0.951056516295154,1.,0.951056516295154,1.,0.951056516295154,1.,0.951056516295154,
1.,0.951056516295154,1.,0.951056516295154,1.,0.951056516295154,1.,0.951056516295154,
1.,0.951056516295154,1.,0.951056516295154,1.,0.951056516295154,1.,0.951056516295154,
1.,0.951056516295154,1.,0.951056516295154,1.,0.951056516295154,1.,0.951056516295154,
1.,0.951056516295154,1.,0.951056516295154,1.,0.951056516295154,1.,0.951056516295154,
1.,0.951056516295154,1.,0.951056516295154,1.,0.951056516295154,1.,0.951056516295154,
1.,0.951056516295154,1.,0.951056516295154,1.,0.951056516295154,1.,0.951056516295154,
1.,0.951056516295154,1.,0.951056516295154,1.,0.951056516295154,1.,0.951056516295154,
1.,0.951056516295154,1.,0.951056516295154,1.,0.951056516295154,1.,0.951056516295154,
1.,0.951056516295154,1.,0.951056516295154,1.,0.951056516295154,1.,0.951056516295154,
1.,0.951056516295154,1.,0.951056516295154,1.,0.951056516295154,1.,0.951056516295154,
1.,0.951056516295154,1.,0.951056516295154,1.,0.951056516295154,1.,0.951056516295154,
1.,0.951056516295154,1.,0.951056516295154,1.,0.951056516295154,1.,0.951056516295154,
1.,0.951056516295154,1.,0.951056516295154,1.,0.951056516295154,1.,0.951056516295154,
1.,0.951056516295154,1.,0.951056516295154,1.,0.951056516295154,1.,0.951056516295154,
1.,0.951056516295154,1.,0.951056516295154,1.,0.951056516295154,1.,0.951056516295154,
1.,0.951056516295154,1.,0.951056516295154,1.,0.951056516295154,1.))
REPRESENTATION_ITEM('')
);
#697=(
BOUNDED_CURVE()
B_SPLINE_CURVE(2,(#1447,#1448,#1449,#1450,#1451,#1452,#1453,#1454,#1455,
#1456,#1457,#1458,#1459,#1460,#1461,#1462,#1463,#1464,#1465,#1466,#1467,
#1468,#1469,#1470,#1471,#1472,#1473,#1474,#1475,#1476,#1477,#1478,#1479,
#1480,#1481,#1482,#1483,#1484,#1485,#1486,#1487,#1488,#1489,#1490,#1491,
#1492,#1493,#1494,#1495,#1496,#1497,#1498,#1499,#1500,#1501,#1502,#1503,
#1504,#1505,#1506,#1507,#1508,#1509,#1510,#1511,#1512,#1513,#1514,#1515,
#1516,#1517,#1518,#1519,#1520,#1521,#1522,#1523,#1524,#1525,#1526,#1527,
#1528,#1529,#1530,#1531,#1532,#1533,#1534,#1535,#1536,#1537,#1538,#1539,
#1540,#1541,#1542,#1543,#1544,#1545,#1546,#1547,#1548,#1549,#1550,#1551,
#1552,#1553,#1554,#1555,#1556,#1557,#1558,#1559,#1560,#1561,#1562,#1563,
#1564,#1565,#1566,#1567,#1568,#1569,#1570,#1571,#1572,#1573,#1574,#1575,
#1576,#1577,#1578,#1579,#1580,#1581,#1582,#1583,#1584,#1585,#1586,#1587),
 .UNSPECIFIED.,.F.,.F.)
B_SPLINE_CURVE_WITH_KNOTS((3,2,2,2,2,2,2,2,2,2,2,2,2,2,2,2,2,2,2,2,2,2,
2,2,2,2,2,2,2,2,2,2,2,2,2,2,2,2,2,2,2,2,2,2,2,2,2,2,2,2,2,2,2,2,2,2,2,2,
2,2,2,2,2,2,2,2,2,2,2,2,3),(0.,0.0142857142857143,0.0285714285714286,0.0428571428571429,
0.0571428571428571,0.0714285714285714,0.0857142857142857,0.1,0.114285714285714,
0.128571428571429,0.142857142857143,0.157142857142857,0.171428571428571,
0.185714285714286,0.2,0.214285714285714,0.228571428571429,0.242857142857143,
0.257142857142857,0.271428571428571,0.285714285714286,0.3,0.314285714285714,
0.328571428571429,0.342857142857143,0.357142857142857,0.371428571428571,
0.385714285714286,0.4,0.414285714285714,0.428571428571429,0.442857142857143,
0.457142857142857,0.471428571428571,0.485714285714286,0.5,0.514285714285714,
0.528571428571429,0.542857142857143,0.557142857142857,0.571428571428571,
0.585714285714286,0.6,0.614285714285714,0.628571428571429,0.642857142857143,
0.657142857142857,0.671428571428571,0.685714285714286,0.7,0.714285714285714,
0.728571428571429,0.742857142857143,0.757142857142857,0.771428571428571,
0.785714285714286,0.8,0.814285714285714,0.828571428571429,0.842857142857143,
0.857142857142857,0.871428571428571,0.885714285714286,0.9,0.914285714285714,
0.928571428571429,0.942857142857143,0.957142857142857,0.971428571428571,
0.985714285714286,1.),.UNSPECIFIED.)
CURVE()
GEOMETRIC_REPRESENTATION_ITEM()
RATIONAL_B_SPLINE_CURVE((1.,0.951056516295154,1.,0.951056516295154,1.,0.951056516295154,
1.,0.951056516295154,1.,0.951056516295154,1.,0.951056516295154,1.,0.951056516295154,
1.,0.951056516295154,1.,0.951056516295154,1.,0.951056516295154,1.,0.951056516295154,
1.,0.951056516295154,1.,0.951056516295154,1.,0.951056516295154,1.,0.951056516295154,
1.,0.951056516295154,1.,0.951056516295154,1.,0.951056516295154,1.,0.951056516295154,
1.,0.951056516295154,1.,0.951056516295154,1.,0.951056516295154,1.,0.951056516295154,
1.,0.951056516295154,1.,0.951056516295154,1.,0.951056516295154,1.,0.951056516295154,
1.,0.951056516295154,1.,0.951056516295154,1.,0.951056516295154,1.,0.951056516295154,
1.,0.951056516295154,1.,0.951056516295154,1.,0.951056516295154,1.,0.951056516295154,
1.,0.951056516295154,1.,0.951056516295154,1.,0.951056516295154,1.,0.951056516295154,
1.,0.951056516295154,1.,0.951056516295154,1.,0.951056516295154,1.,0.951056516295154,
1.,0.951056516295154,1.,0.951056516295154,1.,0.951056516295154,1.,0.951056516295154,
1.,0.951056516295154,1.,0.951056516295154,1.,0.951056516295154,1.,0.951056516295154,
1.,0.951056516295154,1.,0.951056516295154,1.,0.951056516295154,1.,0.951056516295154,
1.,0.951056516295154,1.,0.951056516295154,1.,0.951056516295154,1.,0.951056516295154,
1.,0.951056516295154,1.,0.951056516295154,1.,0.951056516295154,1.,0.951056516295154,
1.,0.951056516295154,1.,0.951056516295154,1.,0.951056516295154,1.,0.951056516295154,
1.,0.951056516295154,1.,0.951056516295154,1.,0.951056516295154,1.))
REPRESENTATION_ITEM('')
);
#698=(
BOUNDED_CURVE()
B_SPLINE_CURVE(2,(#1773,#1774,#1775,#1776,#1777,#1778,#1779,#1780,#1781,
#1782,#1783,#1784,#1785,#1786,#1787,#1788,#1789,#1790,#1791,#1792,#1793,
#1794,#1795,#1796,#1797,#1798,#1799,#1800,#1801,#1802,#1803,#1804,#1805,
#1806,#1807,#1808,#1809,#1810,#1811,#1812,#1813,#1814,#1815,#1816,#1817,
#1818,#1819,#1820,#1821,#1822,#1823,#1824,#1825,#1826,#1827,#1828,#1829,
#1830,#1831,#1832,#1833,#1834,#1835,#1836,#1837,#1838,#1839,#1840,#1841,
#1842,#1843,#1844,#1845,#1846,#1847,#1848,#1849,#1850,#1851,#1852,#1853,
#1854,#1855,#1856,#1857,#1858,#1859,#1860,#1861,#1862,#1863,#1864,#1865,
#1866,#1867,#1868,#1869,#1870,#1871,#1872,#1873,#1874,#1875,#1876,#1877,
#1878,#1879,#1880,#1881,#1882,#1883,#1884,#1885,#1886,#1887,#1888,#1889,
#1890,#1891,#1892,#1893,#1894,#1895,#1896,#1897,#1898,#1899,#1900,#1901,
#1902,#1903,#1904,#1905,#1906,#1907,#1908,#1909,#1910,#1911,#1912,#1913),
 .UNSPECIFIED.,.F.,.F.)
B_SPLINE_CURVE_WITH_KNOTS((3,2,2,2,2,2,2,2,2,2,2,2,2,2,2,2,2,2,2,2,2,2,
2,2,2,2,2,2,2,2,2,2,2,2,2,2,2,2,2,2,2,2,2,2,2,2,2,2,2,2,2,2,2,2,2,2,2,2,
2,2,2,2,2,2,2,2,2,2,2,2,3),(0.,0.0142857142857143,0.0285714285714286,0.0428571428571429,
0.0571428571428571,0.0714285714285714,0.0857142857142857,0.1,0.114285714285714,
0.128571428571429,0.142857142857143,0.157142857142857,0.171428571428571,
0.185714285714286,0.2,0.214285714285714,0.228571428571429,0.242857142857143,
0.257142857142857,0.271428571428571,0.285714285714286,0.3,0.314285714285714,
0.328571428571429,0.342857142857143,0.357142857142857,0.371428571428571,
0.385714285714286,0.4,0.414285714285714,0.428571428571429,0.442857142857143,
0.457142857142857,0.471428571428571,0.485714285714286,0.5,0.514285714285714,
0.528571428571429,0.542857142857143,0.557142857142857,0.571428571428571,
0.585714285714286,0.6,0.614285714285714,0.628571428571429,0.642857142857143,
0.657142857142857,0.671428571428571,0.685714285714286,0.7,0.714285714285714,
0.728571428571429,0.742857142857143,0.757142857142857,0.771428571428571,
0.785714285714286,0.8,0.814285714285714,0.828571428571429,0.842857142857143,
0.857142857142857,0.871428571428571,0.885714285714286,0.9,0.914285714285714,
0.928571428571429,0.942857142857143,0.957142857142857,0.971428571428571,
0.985714285714286,1.),.UNSPECIFIED.)
CURVE()
GEOMETRIC_REPRESENTATION_ITEM()
RATIONAL_B_SPLINE_CURVE((1.,0.951056516295154,1.,0.951056516295154,1.,0.951056516295154,
1.,0.951056516295154,1.,0.951056516295154,1.,0.951056516295154,1.,0.951056516295154,
1.,0.951056516295154,1.,0.951056516295154,1.,0.951056516295154,1.,0.951056516295154,
1.,0.951056516295154,1.,0.951056516295154,1.,0.951056516295154,1.,0.951056516295154,
1.,0.951056516295154,1.,0.951056516295154,1.,0.951056516295154,1.,0.951056516295154,
1.,0.951056516295154,1.,0.951056516295154,1.,0.951056516295154,1.,0.951056516295154,
1.,0.951056516295154,1.,0.951056516295154,1.,0.951056516295154,1.,0.951056516295154,
1.,0.951056516295154,1.,0.951056516295154,1.,0.951056516295154,1.,0.951056516295154,
1.,0.951056516295154,1.,0.951056516295154,1.,0.951056516295154,1.,0.951056516295154,
1.,0.951056516295154,1.,0.951056516295154,1.,0.951056516295154,1.,0.951056516295154,
1.,0.951056516295154,1.,0.951056516295154,1.,0.951056516295154,1.,0.951056516295154,
1.,0.951056516295154,1.,0.951056516295154,1.,0.951056516295154,1.,0.951056516295154,
1.,0.951056516295154,1.,0.951056516295154,1.,0.951056516295154,1.,0.951056516295154,
1.,0.951056516295154,1.,0.951056516295154,1.,0.951056516295154,1.,0.951056516295154,
1.,0.951056516295154,1.,0.951056516295154,1.,0.951056516295154,1.,0.951056516295154,
1.,0.951056516295154,1.,0.951056516295154,1.,0.951056516295154,1.,0.951056516295154,
1.,0.951056516295154,1.,0.951056516295154,1.,0.951056516295154,1.,0.951056516295154,
1.,0.951056516295154,1.,0.951056516295154,1.,0.951056516295154,1.))
REPRESENTATION_ITEM('')
);
#699=(
BOUNDED_CURVE()
B_SPLINE_CURVE(2,(#1915,#1916,#1917,#1918,#1919,#1920,#1921,#1922,#1923,
#1924,#1925,#1926,#1927,#1928,#1929,#1930,#1931,#1932,#1933,#1934,#1935,
#1936,#1937,#1938,#1939,#1940,#1941,#1942,#1943,#1944,#1945,#1946,#1947,
#1948,#1949,#1950,#1951,#1952,#1953,#1954,#1955,#1956,#1957,#1958,#1959,
#1960,#1961,#1962,#1963,#1964,#1965,#1966,#1967,#1968,#1969,#1970,#1971,
#1972,#1973,#1974,#1975,#1976,#1977,#1978,#1979,#1980,#1981,#1982,#1983,
#1984,#1985,#1986,#1987,#1988,#1989,#1990,#1991,#1992,#1993,#1994,#1995,
#1996,#1997,#1998,#1999,#2000,#2001,#2002,#2003,#2004,#2005,#2006,#2007,
#2008,#2009,#2010,#2011,#2012,#2013,#2014,#2015,#2016,#2017,#2018,#2019,
#2020,#2021,#2022,#2023,#2024,#2025,#2026,#2027,#2028,#2029,#2030,#2031,
#2032,#2033,#2034,#2035,#2036,#2037,#2038,#2039,#2040,#2041,#2042,#2043,
#2044,#2045,#2046,#2047,#2048,#2049,#2050,#2051,#2052,#2053,#2054,#2055),
 .UNSPECIFIED.,.F.,.F.)
B_SPLINE_CURVE_WITH_KNOTS((3,2,2,2,2,2,2,2,2,2,2,2,2,2,2,2,2,2,2,2,2,2,
2,2,2,2,2,2,2,2,2,2,2,2,2,2,2,2,2,2,2,2,2,2,2,2,2,2,2,2,2,2,2,2,2,2,2,2,
2,2,2,2,2,2,2,2,2,2,2,2,3),(0.,0.0142857142857143,0.0285714285714286,0.0428571428571429,
0.0571428571428571,0.0714285714285714,0.0857142857142857,0.1,0.114285714285714,
0.128571428571429,0.142857142857143,0.157142857142857,0.171428571428571,
0.185714285714286,0.2,0.214285714285714,0.228571428571429,0.242857142857143,
0.257142857142857,0.271428571428571,0.285714285714286,0.3,0.314285714285714,
0.328571428571429,0.342857142857143,0.357142857142857,0.371428571428571,
0.385714285714286,0.4,0.414285714285714,0.428571428571429,0.442857142857143,
0.457142857142857,0.471428571428571,0.485714285714286,0.5,0.514285714285714,
0.528571428571429,0.542857142857143,0.557142857142857,0.571428571428571,
0.585714285714286,0.6,0.614285714285714,0.628571428571429,0.642857142857143,
0.657142857142857,0.671428571428571,0.685714285714286,0.7,0.714285714285714,
0.728571428571429,0.742857142857143,0.757142857142857,0.771428571428571,
0.785714285714286,0.8,0.814285714285714,0.828571428571429,0.842857142857143,
0.857142857142857,0.871428571428571,0.885714285714286,0.9,0.914285714285714,
0.928571428571429,0.942857142857143,0.957142857142857,0.971428571428571,
0.985714285714286,1.),.UNSPECIFIED.)
CURVE()
GEOMETRIC_REPRESENTATION_ITEM()
RATIONAL_B_SPLINE_CURVE((1.,0.951056516295154,1.,0.951056516295154,1.,0.951056516295154,
1.,0.951056516295154,1.,0.951056516295154,1.,0.951056516295154,1.,0.951056516295154,
1.,0.951056516295154,1.,0.951056516295154,1.,0.951056516295154,1.,0.951056516295154,
1.,0.951056516295154,1.,0.951056516295154,1.,0.951056516295154,1.,0.951056516295154,
1.,0.951056516295154,1.,0.951056516295154,1.,0.951056516295154,1.,0.951056516295154,
1.,0.951056516295154,1.,0.951056516295154,1.,0.951056516295154,1.,0.951056516295154,
1.,0.951056516295154,1.,0.951056516295154,1.,0.951056516295154,1.,0.951056516295154,
1.,0.951056516295154,1.,0.951056516295154,1.,0.951056516295154,1.,0.951056516295154,
1.,0.951056516295154,1.,0.951056516295154,1.,0.951056516295154,1.,0.951056516295154,
1.,0.951056516295154,1.,0.951056516295154,1.,0.951056516295154,1.,0.951056516295154,
1.,0.951056516295154,1.,0.951056516295154,1.,0.951056516295154,1.,0.951056516295154,
1.,0.951056516295154,1.,0.951056516295154,1.,0.951056516295154,1.,0.951056516295154,
1.,0.951056516295154,1.,0.951056516295154,1.,0.951056516295154,1.,0.951056516295154,
1.,0.951056516295154,1.,0.951056516295154,1.,0.951056516295154,1.,0.951056516295154,
1.,0.951056516295154,1.,0.951056516295154,1.,0.951056516295154,1.,0.951056516295154,
1.,0.951056516295154,1.,0.951056516295154,1.,0.951056516295154,1.,0.951056516295154,
1.,0.951056516295154,1.,0.951056516295154,1.,0.951056516295154,1.,0.951056516295154,
1.,0.951056516295154,1.,0.951056516295154,1.,0.951056516295154,1.))
REPRESENTATION_ITEM('')
);
#700=EDGE_LOOP('',(#224,#225,#226,#227));
#701=EDGE_LOOP('',(#228));
#702=EDGE_LOOP('',(#229));
#703=EDGE_LOOP('',(#230,#231,#232,#233));
#704=EDGE_LOOP('',(#234));
#705=EDGE_LOOP('',(#235,#236,#237,#238));
#706=EDGE_LOOP('',(#239,#240,#241,#242));
#707=EDGE_LOOP('',(#243,#244,#245,#246));
#708=EDGE_LOOP('',(#247,#248,#249,#250));
#709=EDGE_LOOP('',(#251,#252,#253,#254));
#710=EDGE_LOOP('',(#255,#256,#257,#258));
#711=EDGE_LOOP('',(#259,#260,#261,#262));
#712=EDGE_LOOP('',(#263,#264,#265,#266));
#713=EDGE_LOOP('',(#267,#268,#269,#270));
#714=EDGE_LOOP('',(#271,#272,#273,#274));
#715=EDGE_LOOP('',(#275));
#716=EDGE_LOOP('',(#276,#277,#278,#279));
#717=EDGE_LOOP('',(#280,#281,#282,#283));
#718=EDGE_LOOP('',(#284,#285,#286,#287));
#719=EDGE_LOOP('',(#288,#289,#290,#291));
#720=EDGE_LOOP('',(#292,#293,#294,#295));
#721=EDGE_LOOP('',(#296,#297,#298,#299));
#722=EDGE_LOOP('',(#300,#301,#302,#303));
#723=EDGE_LOOP('',(#304,#305,#306,#307));
#724=EDGE_LOOP('',(#308,#309,#310,#311));
#725=EDGE_LOOP('',(#312,#313,#314,#315));
#726=EDGE_LOOP('',(#316,#317,#318,#319));
#727=EDGE_LOOP('',(#320,#321,#322,#323));
#728=EDGE_LOOP('',(#324,#325,#326,#327));
#729=EDGE_LOOP('',(#328,#329,#330,#331));
#730=EDGE_LOOP('',(#332));
#731=EDGE_LOOP('',(#333,#334,#335,#336));
#732=EDGE_LOOP('',(#337,#338,#339,#340,#341,#342,#343,#344,#345,#346,#347,
#348,#349,#350,#351,#352,#353,#354,#355,#356,#357,#358,#359,#360,#361,#362,
#363,#364,#365,#366,#367,#368));
#733=EDGE_LOOP('',(#369));
#734=EDGE_LOOP('',(#370,#371,#372,#373));
#735=EDGE_LOOP('',(#374,#375,#376,#377,#378,#379,#380,#381,#382,#383,#384,
#385,#386,#387,#388,#389,#390,#391,#392,#393,#394,#395,#396,#397,#398,#399,
#400,#401,#402,#403,#404,#405));
#736=EDGE_LOOP('',(#406));
#737=EDGE_LOOP('',(#407));
#738=EDGE_LOOP('',(#408));
#739=EDGE_LOOP('',(#409));
#740=EDGE_LOOP('',(#410));
#741=EDGE_LOOP('',(#411));
#742=EDGE_LOOP('',(#412));
#743=EDGE_LOOP('',(#413));
#744=EDGE_LOOP('',(#414));
#745=EDGE_LOOP('',(#415));
#746=EDGE_LOOP('',(#416,#417,#418,#419));
#747=EDGE_LOOP('',(#420,#421,#422,#423));
#748=EDGE_LOOP('',(#424,#425,#426,#427));
#749=EDGE_LOOP('',(#428,#429,#430,#431));
#750=EDGE_LOOP('',(#432,#433,#434,#435));
#751=EDGE_LOOP('',(#436,#437,#438,#439));
#752=EDGE_LOOP('',(#440,#441,#442,#443));
#753=EDGE_LOOP('',(#444,#445,#446,#447));
#754=EDGE_LOOP('',(#448,#449,#450,#451));
#755=EDGE_LOOP('',(#452,#453,#454,#455));
#756=EDGE_LOOP('',(#456,#457,#458,#459));
#757=EDGE_LOOP('',(#460,#461,#462,#463));
#758=EDGE_LOOP('',(#464,#465,#466,#467));
#759=EDGE_LOOP('',(#468,#469,#470,#471));
#760=EDGE_LOOP('',(#472,#473,#474,#475));
#761=EDGE_LOOP('',(#476,#477,#478,#479));
#762=FACE_BOUND('',#700,.T.);
#763=FACE_BOUND('',#701,.T.);
#764=FACE_BOUND('',#702,.T.);
#765=FACE_BOUND('',#703,.T.);
#766=FACE_BOUND('',#704,.T.);
#767=FACE_BOUND('',#705,.T.);
#768=FACE_BOUND('',#706,.T.);
#769=FACE_BOUND('',#707,.T.);
#770=FACE_BOUND('',#708,.T.);
#771=FACE_BOUND('',#709,.T.);
#772=FACE_BOUND('',#710,.T.);
#773=FACE_BOUND('',#711,.T.);
#774=FACE_BOUND('',#712,.T.);
#775=FACE_BOUND('',#713,.T.);
#776=FACE_BOUND('',#714,.T.);
#777=FACE_BOUND('',#715,.T.);
#778=FACE_BOUND('',#716,.T.);
#779=FACE_BOUND('',#717,.T.);
#780=FACE_BOUND('',#718,.T.);
#781=FACE_BOUND('',#719,.T.);
#782=FACE_BOUND('',#720,.T.);
#783=FACE_BOUND('',#721,.T.);
#784=FACE_BOUND('',#722,.T.);
#785=FACE_BOUND('',#723,.T.);
#786=FACE_BOUND('',#724,.T.);
#787=FACE_BOUND('',#725,.T.);
#788=FACE_BOUND('',#726,.T.);
#789=FACE_BOUND('',#727,.T.);
#790=FACE_BOUND('',#728,.T.);
#791=FACE_BOUND('',#729,.T.);
#792=FACE_BOUND('',#730,.T.);
#793=FACE_BOUND('',#731,.T.);
#794=FACE_BOUND('',#732,.T.);
#795=FACE_BOUND('',#733,.T.);
#796=FACE_BOUND('',#734,.T.);
#797=FACE_BOUND('',#735,.T.);
#798=FACE_BOUND('',#736,.T.);
#799=FACE_BOUND('',#737,.T.);
#800=FACE_BOUND('',#738,.T.);
#801=FACE_BOUND('',#739,.T.);
#802=FACE_BOUND('',#740,.T.);
#803=FACE_BOUND('',#741,.T.);
#804=FACE_BOUND('',#742,.T.);
#805=FACE_BOUND('',#743,.T.);
#806=FACE_BOUND('',#744,.T.);
#807=FACE_BOUND('',#745,.T.);
#808=FACE_BOUND('',#746,.T.);
#809=FACE_BOUND('',#747,.T.);
#810=FACE_BOUND('',#748,.T.);
#811=FACE_BOUND('',#749,.T.);
#812=FACE_BOUND('',#750,.T.);
#813=FACE_BOUND('',#751,.T.);
#814=FACE_BOUND('',#752,.T.);
#815=FACE_BOUND('',#753,.T.);
#816=FACE_BOUND('',#754,.T.);
#817=FACE_BOUND('',#755,.T.);
#818=FACE_BOUND('',#756,.T.);
#819=FACE_BOUND('',#757,.T.);
#820=FACE_BOUND('',#758,.T.);
#821=FACE_BOUND('',#759,.T.);
#822=FACE_BOUND('',#760,.T.);
#823=FACE_BOUND('',#761,.T.);
#824=CYLINDRICAL_SURFACE('',#917,5.);
#825=CYLINDRICAL_SURFACE('',#920,2.4);
#826=CYLINDRICAL_SURFACE('',#926,3.99990040063702);
#827=CYLINDRICAL_SURFACE('',#929,2.4);
#828=CYLINDRICAL_SURFACE('',#934,3.6);
#829=CYLINDRICAL_SURFACE('',#937,2.4);
#830=CYLINDRICAL_SURFACE('',#940,2.4);
#831=CYLINDRICAL_SURFACE('',#944,3.6);
#832=CYLINDRICAL_SURFACE('',#948,3.60000000000001);
#833=CYLINDRICAL_SURFACE('',#952,3.6);
#834=CYLINDRICAL_SURFACE('',#958,3.60000000000001);
#835=CYLINDRICAL_SURFACE('',#999,3.09999999999993);
#836=CYLINDRICAL_SURFACE('',#1003,2.39999999999999);
#837=CYLINDRICAL_SURFACE('',#1007,3.1);
#838=CYLINDRICAL_SURFACE('',#1008,0.5);
#839=CYLINDRICAL_SURFACE('',#1009,0.5);
#840=CYLINDRICAL_SURFACE('',#1010,0.5);
#841=CYLINDRICAL_SURFACE('',#1011,0.5);
#842=CYLINDRICAL_SURFACE('',#1012,0.5);
#843=CYLINDRICAL_SURFACE('',#1013,0.5);
#844=CYLINDRICAL_SURFACE('',#1014,0.5);
#845=CYLINDRICAL_SURFACE('',#1015,0.5);
#846=CYLINDRICAL_SURFACE('',#1016,0.5);
#847=CYLINDRICAL_SURFACE('',#1017,0.5);
#848=CYLINDRICAL_SURFACE('',#1018,0.1);
#849=CYLINDRICAL_SURFACE('',#1019,0.1);
#850=CYLINDRICAL_SURFACE('',#1020,0.1);
#851=CYLINDRICAL_SURFACE('',#1021,0.1);
#852=CYLINDRICAL_SURFACE('',#1022,0.1);
#853=CYLINDRICAL_SURFACE('',#1023,0.1);
#854=ADVANCED_FACE('',(#762),#824,.T.);
#855=ADVANCED_FACE('',(#763,#764),#825,.T.);
#856=ADVANCED_FACE('',(#765,#766),#142,.F.);
#857=ADVANCED_FACE('',(#767),#143,.F.);
#858=ADVANCED_FACE('',(#768),#140,.F.);
#859=ADVANCED_FACE('',(#769),#826,.T.);
#860=ADVANCED_FACE('',(#770),#141,.F.);
#861=ADVANCED_FACE('',(#771),#144,.T.);
#862=ADVANCED_FACE('',(#772),#145,.T.);
#863=ADVANCED_FACE('',(#773),#827,.F.);
#864=ADVANCED_FACE('',(#774),#146,.T.);
#865=ADVANCED_FACE('',(#775),#147,.T.);
#866=ADVANCED_FACE('',(#776,#777),#828,.T.);
#867=ADVANCED_FACE('',(#778),#829,.F.);
#868=ADVANCED_FACE('',(#779),#830,.F.);
#869=ADVANCED_FACE('',(#780),#148,.T.);
#870=ADVANCED_FACE('',(#781),#831,.T.);
#871=ADVANCED_FACE('',(#782),#149,.T.);
#872=ADVANCED_FACE('',(#783),#832,.T.);
#873=ADVANCED_FACE('',(#784),#150,.T.);
#874=ADVANCED_FACE('',(#785),#833,.T.);
#875=ADVANCED_FACE('',(#786),#151,.T.);
#876=ADVANCED_FACE('',(#787),#152,.T.);
#877=ADVANCED_FACE('',(#788),#153,.T.);
#878=ADVANCED_FACE('',(#789),#834,.T.);
#879=ADVANCED_FACE('',(#790),#154,.T.);
#880=ADVANCED_FACE('',(#791),#155,.T.);
#881=ADVANCED_FACE('',(#792,#793,#794),#156,.F.);
#882=ADVANCED_FACE('',(#795,#796,#797),#157,.T.);
#883=ADVANCED_FACE('',(#798,#799),#835,.F.);
#884=ADVANCED_FACE('',(#800,#801),#158,.T.);
#885=ADVANCED_FACE('',(#802,#803),#836,.F.);
#886=ADVANCED_FACE('',(#804,#805),#159,.T.);
#887=ADVANCED_FACE('',(#806,#807),#837,.F.);
#888=ADVANCED_FACE('',(#808),#838,.T.);
#889=ADVANCED_FACE('',(#809),#839,.F.);
#890=ADVANCED_FACE('',(#810),#840,.F.);
#891=ADVANCED_FACE('',(#811),#841,.F.);
#892=ADVANCED_FACE('',(#812),#842,.F.);
#893=ADVANCED_FACE('',(#813),#843,.T.);
#894=ADVANCED_FACE('',(#814),#844,.T.);
#895=ADVANCED_FACE('',(#815),#845,.T.);
#896=ADVANCED_FACE('',(#816),#846,.T.);
#897=ADVANCED_FACE('',(#817),#847,.T.);
#898=ADVANCED_FACE('',(#818),#848,.F.);
#899=ADVANCED_FACE('',(#819),#849,.F.);
#900=ADVANCED_FACE('',(#820),#850,.F.);
#901=ADVANCED_FACE('',(#821),#851,.F.);
#902=ADVANCED_FACE('',(#822),#852,.F.);
#903=ADVANCED_FACE('',(#823),#853,.F.);
#904=CLOSED_SHELL('',(#854,#855,#856,#857,#858,#859,#860,#861,#862,#863,
#864,#865,#866,#867,#868,#869,#870,#871,#872,#873,#874,#875,#876,#877,#878,
#879,#880,#881,#882,#883,#884,#885,#886,#887,#888,#889,#890,#891,#892,#893,
#894,#895,#896,#897,#898,#899,#900,#901,#902,#903));
#905=STYLED_ITEM('',(#906),#913);
#906=PRESENTATION_STYLE_ASSIGNMENT((#907));
#907=SURFACE_STYLE_USAGE(.BOTH.,#908);
#908=SURFACE_SIDE_STYLE('',(#909));
#909=SURFACE_STYLE_FILL_AREA(#910);
#910=FILL_AREA_STYLE('',(#911));
#911=FILL_AREA_STYLE_COLOUR('',#912);
#912=COLOUR_RGB('',0.5,0.5,0.5);
#913=MANIFOLD_SOLID_BREP('',#904);
#914=SHAPE_DEFINITION_REPRESENTATION(#2427,#915);
#915=SHAPE_REPRESENTATION('Gray_4638507_d)_AVV',(#916),#2422);
#916=AXIS2_PLACEMENT_3D('',#1300,#1024,#1025);
#917=AXIS2_PLACEMENT_3D('',#1301,#1026,#1027);
#918=AXIS2_PLACEMENT_3D('',#1445,#1028,#1029);
#919=AXIS2_PLACEMENT_3D('',#1589,#1030,#1031);
#920=AXIS2_PLACEMENT_3D('',#1590,#1032,#1033);
#921=AXIS2_PLACEMENT_3D('',#1611,#1034,#1035);
#922=AXIS2_PLACEMENT_3D('',#1613,#1036,#1037);
#923=AXIS2_PLACEMENT_3D('',#1620,#1038,#1039);
#924=AXIS2_PLACEMENT_3D('',#1626,#1040,#1041);
#925=AXIS2_PLACEMENT_3D('',#1627,#1042,#1043);
#926=AXIS2_PLACEMENT_3D('',#1914,#1044,#1045);
#927=AXIS2_PLACEMENT_3D('',#2186,#1046,#1047);
#928=AXIS2_PLACEMENT_3D('',#2195,#1052,#1053);
#929=AXIS2_PLACEMENT_3D('',#2204,#1058,#1059);
#930=AXIS2_PLACEMENT_3D('',#2205,#1060,#1061);
#931=AXIS2_PLACEMENT_3D('',#2210,#1063,#1064);
#932=AXIS2_PLACEMENT_3D('',#2213,#1066,#1067);
#933=AXIS2_PLACEMENT_3D('',#2222,#1072,#1073);
#934=AXIS2_PLACEMENT_3D('',#2231,#1078,#1079);
#935=AXIS2_PLACEMENT_3D('',#2232,#1080,#1081);
#936=AXIS2_PLACEMENT_3D('',#2237,#1083,#1084);
#937=AXIS2_PLACEMENT_3D('',#2240,#1086,#1087);
#938=AXIS2_PLACEMENT_3D('',#2241,#1088,#1089);
#939=AXIS2_PLACEMENT_3D('',#2246,#1091,#1092);
#940=AXIS2_PLACEMENT_3D('',#2249,#1094,#1095);
#941=AXIS2_PLACEMENT_3D('',#2250,#1096,#1097);
#942=AXIS2_PLACEMENT_3D('',#2255,#1099,#1100);
#943=AXIS2_PLACEMENT_3D('',#2258,#1102,#1103);
#944=AXIS2_PLACEMENT_3D('',#2267,#1108,#1109);
#945=AXIS2_PLACEMENT_3D('',#2268,#1110,#1111);
#946=AXIS2_PLACEMENT_3D('',#2273,#1113,#1114);
#947=AXIS2_PLACEMENT_3D('',#2276,#1116,#1117);
#948=AXIS2_PLACEMENT_3D('',#2285,#1122,#1123);
#949=AXIS2_PLACEMENT_3D('',#2286,#1124,#1125);
#950=AXIS2_PLACEMENT_3D('',#2291,#1127,#1128);
#951=AXIS2_PLACEMENT_3D('',#2294,#1130,#1131);
#952=AXIS2_PLACEMENT_3D('',#2303,#1136,#1137);
#953=AXIS2_PLACEMENT_3D('',#2304,#1138,#1139);
#954=AXIS2_PLACEMENT_3D('',#2309,#1141,#1142);
#955=AXIS2_PLACEMENT_3D('',#2312,#1144,#1145);
#956=AXIS2_PLACEMENT_3D('',#2321,#1150,#1151);
#957=AXIS2_PLACEMENT_3D('',#2330,#1156,#1157);
#958=AXIS2_PLACEMENT_3D('',#2336,#1161,#1162);
#959=AXIS2_PLACEMENT_3D('',#2337,#1163,#1164);
#960=AXIS2_PLACEMENT_3D('',#2339,#1165,#1166);
#961=AXIS2_PLACEMENT_3D('',#2342,#1168,#1169);
#962=AXIS2_PLACEMENT_3D('',#2345,#1172,#1173);
#963=AXIS2_PLACEMENT_3D('',#2354,#1178,#1179);
#964=AXIS2_PLACEMENT_3D('',#2355,#1180,#1181);
#965=AXIS2_PLACEMENT_3D('',#2357,#1182,#1183);
#966=AXIS2_PLACEMENT_3D('',#2358,#1184,#1185);
#967=AXIS2_PLACEMENT_3D('',#2359,#1186,#1187);
#968=AXIS2_PLACEMENT_3D('',#2360,#1188,#1189);
#969=AXIS2_PLACEMENT_3D('',#2361,#1190,#1191);
#970=AXIS2_PLACEMENT_3D('',#2362,#1192,#1193);
#971=AXIS2_PLACEMENT_3D('',#2363,#1194,#1195);
#972=AXIS2_PLACEMENT_3D('',#2364,#1196,#1197);
#973=AXIS2_PLACEMENT_3D('',#2365,#1198,#1199);
#974=AXIS2_PLACEMENT_3D('',#2366,#1200,#1201);
#975=AXIS2_PLACEMENT_3D('',#2367,#1202,#1203);
#976=AXIS2_PLACEMENT_3D('',#2368,#1204,#1205);
#977=AXIS2_PLACEMENT_3D('',#2369,#1206,#1207);
#978=AXIS2_PLACEMENT_3D('',#2370,#1208,#1209);
#979=AXIS2_PLACEMENT_3D('',#2371,#1210,#1211);
#980=AXIS2_PLACEMENT_3D('',#2372,#1212,#1213);
#981=AXIS2_PLACEMENT_3D('',#2373,#1214,#1215);
#982=AXIS2_PLACEMENT_3D('',#2374,#1216,#1217);
#983=AXIS2_PLACEMENT_3D('',#2376,#1218,#1219);
#984=AXIS2_PLACEMENT_3D('',#2377,#1220,#1221);
#985=AXIS2_PLACEMENT_3D('',#2378,#1222,#1223);
#986=AXIS2_PLACEMENT_3D('',#2379,#1224,#1225);
#987=AXIS2_PLACEMENT_3D('',#2380,#1226,#1227);
#988=AXIS2_PLACEMENT_3D('',#2381,#1228,#1229);
#989=AXIS2_PLACEMENT_3D('',#2382,#1230,#1231);
#990=AXIS2_PLACEMENT_3D('',#2383,#1232,#1233);
#991=AXIS2_PLACEMENT_3D('',#2384,#1234,#1235);
#992=AXIS2_PLACEMENT_3D('',#2385,#1236,#1237);
#993=AXIS2_PLACEMENT_3D('',#2386,#1238,#1239);
#994=AXIS2_PLACEMENT_3D('',#2387,#1240,#1241);
#995=AXIS2_PLACEMENT_3D('',#2388,#1242,#1243);
#996=AXIS2_PLACEMENT_3D('',#2389,#1244,#1245);
#997=AXIS2_PLACEMENT_3D('',#2390,#1246,#1247);
#998=AXIS2_PLACEMENT_3D('',#2391,#1248,#1249);
#999=AXIS2_PLACEMENT_3D('',#2392,#1250,#1251);
#1000=AXIS2_PLACEMENT_3D('',#2393,#1252,#1253);
#1001=AXIS2_PLACEMENT_3D('',#2395,#1254,#1255);
#1002=AXIS2_PLACEMENT_3D('',#2396,#1256,#1257);
#1003=AXIS2_PLACEMENT_3D('',#2398,#1258,#1259);
#1004=AXIS2_PLACEMENT_3D('',#2399,#1260,#1261);
#1005=AXIS2_PLACEMENT_3D('',#2401,#1262,#1263);
#1006=AXIS2_PLACEMENT_3D('',#2402,#1264,#1265);
#1007=AXIS2_PLACEMENT_3D('',#2404,#1266,#1267);
#1008=AXIS2_PLACEMENT_3D('',#2405,#1268,#1269);
#1009=AXIS2_PLACEMENT_3D('',#2406,#1270,#1271);
#1010=AXIS2_PLACEMENT_3D('',#2407,#1272,#1273);
#1011=AXIS2_PLACEMENT_3D('',#2408,#1274,#1275);
#1012=AXIS2_PLACEMENT_3D('',#2409,#1276,#1277);
#1013=AXIS2_PLACEMENT_3D('',#2410,#1278,#1279);
#1014=AXIS2_PLACEMENT_3D('',#2411,#1280,#1281);
#1015=AXIS2_PLACEMENT_3D('',#2412,#1282,#1283);
#1016=AXIS2_PLACEMENT_3D('',#2413,#1284,#1285);
#1017=AXIS2_PLACEMENT_3D('',#2414,#1286,#1287);
#1018=AXIS2_PLACEMENT_3D('',#2415,#1288,#1289);
#1019=AXIS2_PLACEMENT_3D('',#2416,#1290,#1291);
#1020=AXIS2_PLACEMENT_3D('',#2417,#1292,#1293);
#1021=AXIS2_PLACEMENT_3D('',#2418,#1294,#1295);
#1022=AXIS2_PLACEMENT_3D('',#2419,#1296,#1297);
#1023=AXIS2_PLACEMENT_3D('',#2420,#1298,#1299);
#1024=DIRECTION('',(0.,0.,1.));
#1025=DIRECTION('',(1.,0.,0.));
#1026=DIRECTION('',(-1.,0.,0.));
#1027=DIRECTION('',(0.,0.,1.));
#1028=DIRECTION('',(-1.,0.,0.));
#1029=DIRECTION('',(0.,0.,1.));
#1030=DIRECTION('',(-1.,0.,0.));
#1031=DIRECTION('',(0.,0.,1.));
#1032=DIRECTION('',(-1.,0.,0.));
#1033=DIRECTION('',(0.,0.,1.));
#1034=DIRECTION('',(-1.,0.,0.));
#1035=DIRECTION('',(0.,0.,1.));
#1036=DIRECTION('',(-1.,0.,0.));
#1037=DIRECTION('',(0.,0.,1.));
#1038=DIRECTION('',(-1.,0.,0.));
#1039=DIRECTION('',(0.,0.,1.));
#1040=DIRECTION('',(1.,0.,0.));
#1041=DIRECTION('',(0.,0.,-1.));
#1042=DIRECTION('',(-1.,0.,0.));
#1043=DIRECTION('',(0.,0.,1.));
#1044=DIRECTION('',(-1.,0.,0.));
#1045=DIRECTION('',(0.,0.,1.));
#1046=DIRECTION('',(1.,0.,0.));
#1047=DIRECTION('',(0.,0.,-1.));
#1048=DIRECTION('',(0.,-1.,0.));
#1049=DIRECTION('',(0.,0.,1.));
#1050=DIRECTION('',(0.,-1.,0.));
#1051=DIRECTION('',(0.,0.,-1.));
#1052=DIRECTION('',(0.,-1.,0.));
#1053=DIRECTION('',(0.,0.,-1.));
#1054=DIRECTION('',(-1.,0.,0.));
#1055=DIRECTION('',(0.,0.,1.));
#1056=DIRECTION('',(-1.,0.,0.));
#1057=DIRECTION('',(0.,0.,-1.));
#1058=DIRECTION('',(0.,0.,-1.));
#1059=DIRECTION('',(-1.,0.,0.));
#1060=DIRECTION('',(0.,0.,1.));
#1061=DIRECTION('',(1.,0.,0.));
#1062=DIRECTION('',(0.,0.,-1.));
#1063=DIRECTION('',(0.,0.,1.));
#1064=DIRECTION('',(1.,0.,0.));
#1065=DIRECTION('',(0.,0.,-1.));
#1066=DIRECTION('',(-8.18352538315185E-17,1.,0.));
#1067=DIRECTION('',(-1.,-8.18352538315185E-17,0.));
#1068=DIRECTION('',(1.,8.18352538315185E-17,0.));
#1069=DIRECTION('',(0.,0.,1.));
#1070=DIRECTION('',(1.,8.18352538315185E-17,0.));
#1071=DIRECTION('',(0.,0.,-1.));
#1072=DIRECTION('',(1.,0.,0.));
#1073=DIRECTION('',(0.,0.,-1.));
#1074=DIRECTION('',(0.,-1.,0.));
#1075=DIRECTION('',(0.,0.,1.));
#1076=DIRECTION('',(0.,-1.,0.));
#1077=DIRECTION('',(0.,0.,-1.));
#1078=DIRECTION('',(0.,0.,-1.));
#1079=DIRECTION('',(-1.,0.,0.));
#1080=DIRECTION('',(0.,0.,-1.));
#1081=DIRECTION('',(1.,0.,0.));
#1082=DIRECTION('',(0.,0.,-1.));
#1083=DIRECTION('',(0.,0.,-1.));
#1084=DIRECTION('',(1.,0.,0.));
#1085=DIRECTION('',(0.,0.,-1.));
#1086=DIRECTION('',(0.,0.,-1.));
#1087=DIRECTION('',(-1.,0.,0.));
#1088=DIRECTION('',(0.,0.,1.));
#1089=DIRECTION('',(1.,0.,0.));
#1090=DIRECTION('',(0.,0.,-1.));
#1091=DIRECTION('',(0.,0.,1.));
#1092=DIRECTION('',(1.,0.,0.));
#1093=DIRECTION('',(0.,0.,-1.));
#1094=DIRECTION('',(0.,0.,-1.));
#1095=DIRECTION('',(-1.,0.,0.));
#1096=DIRECTION('',(0.,0.,1.));
#1097=DIRECTION('',(1.,0.,0.));
#1098=DIRECTION('',(0.,0.,-1.));
#1099=DIRECTION('',(0.,0.,1.));
#1100=DIRECTION('',(1.,0.,0.));
#1101=DIRECTION('',(0.,0.,-1.));
#1102=DIRECTION('',(-1.25792836439138E-16,1.,0.));
#1103=DIRECTION('',(-1.,-1.25792836439138E-16,0.));
#1104=DIRECTION('',(1.,1.25792836439138E-16,0.));
#1105=DIRECTION('',(0.,0.,-1.));
#1106=DIRECTION('',(1.,1.25792836439138E-16,0.));
#1107=DIRECTION('',(0.,0.,-1.));
#1108=DIRECTION('',(0.,0.,-1.));
#1109=DIRECTION('',(-1.,0.,0.));
#1110=DIRECTION('',(0.,0.,-1.));
#1111=DIRECTION('',(1.,0.,0.));
#1112=DIRECTION('',(0.,0.,-1.));
#1113=DIRECTION('',(0.,0.,-1.));
#1114=DIRECTION('',(1.,0.,0.));
#1115=DIRECTION('',(0.,0.,-1.));
#1116=DIRECTION('',(0.,1.,0.));
#1117=DIRECTION('',(0.,0.,1.));
#1118=DIRECTION('',(1.,0.,0.));
#1119=DIRECTION('',(0.,0.,1.));
#1120=DIRECTION('',(1.,0.,0.));
#1121=DIRECTION('',(0.,0.,1.));
#1122=DIRECTION('',(0.,0.,-1.));
#1123=DIRECTION('',(-1.,0.,0.));
#1124=DIRECTION('',(0.,0.,-1.));
#1125=DIRECTION('',(1.,0.,0.));
#1126=DIRECTION('',(0.,0.,-1.));
#1127=DIRECTION('',(0.,0.,-1.));
#1128=DIRECTION('',(1.,0.,0.));
#1129=DIRECTION('',(0.,0.,-1.));
#1130=DIRECTION('',(0.,-1.,0.));
#1131=DIRECTION('',(0.,0.,-1.));
#1132=DIRECTION('',(-1.,0.,0.));
#1133=DIRECTION('',(0.,0.,1.));
#1134=DIRECTION('',(-1.,0.,0.));
#1135=DIRECTION('',(0.,0.,1.));
#1136=DIRECTION('',(0.,0.,-1.));
#1137=DIRECTION('',(-1.,0.,0.));
#1138=DIRECTION('',(0.,0.,-1.));
#1139=DIRECTION('',(1.,0.,0.));
#1140=DIRECTION('',(0.,0.,-1.));
#1141=DIRECTION('',(0.,0.,-1.));
#1142=DIRECTION('',(1.,0.,0.));
#1143=DIRECTION('',(0.,0.,-1.));
#1144=DIRECTION('',(0.,-1.,0.));
#1145=DIRECTION('',(0.,0.,-1.));
#1146=DIRECTION('',(-1.,0.,0.));
#1147=DIRECTION('',(0.,0.,-1.));
#1148=DIRECTION('',(-1.,0.,0.));
#1149=DIRECTION('',(0.,0.,-1.));
#1150=DIRECTION('',(-1.,-5.23745624521709E-15,0.));
#1151=DIRECTION('',(5.23745624521709E-15,-1.,0.));
#1152=DIRECTION('',(-5.23745624521709E-15,1.,0.));
#1153=DIRECTION('',(0.,0.,1.));
#1154=DIRECTION('',(-5.23745624521709E-15,1.,0.));
#1155=DIRECTION('',(0.,0.,-1.));
#1156=DIRECTION('',(0.,1.,0.));
#1157=DIRECTION('',(0.,0.,1.));
#1158=DIRECTION('',(1.,0.,0.));
#1159=DIRECTION('',(1.,0.,0.));
#1160=DIRECTION('',(0.,0.,-1.));
#1161=DIRECTION('',(0.,0.,-1.));
#1162=DIRECTION('',(-1.,0.,0.));
#1163=DIRECTION('',(0.,0.,-1.));
#1164=DIRECTION('',(-1.,0.,0.));
#1165=DIRECTION('',(0.,0.,-1.));
#1166=DIRECTION('',(-1.,0.,0.));
#1167=DIRECTION('',(0.,0.,-1.));
#1168=DIRECTION('',(0.,-1.,0.));
#1169=DIRECTION('',(0.,0.,-1.));
#1170=DIRECTION('',(-1.,0.,0.));
#1171=DIRECTION('',(-1.,0.,0.));
#1172=DIRECTION('',(-1.,-5.23745624521726E-15,0.));
#1173=DIRECTION('',(5.23745624521726E-15,-1.,0.));
#1174=DIRECTION('',(-5.23745624521726E-15,1.,0.));
#1175=DIRECTION('',(0.,0.,1.));
#1176=DIRECTION('',(-5.23745624521726E-15,1.,0.));
#1177=DIRECTION('',(0.,0.,-1.));
#1178=DIRECTION('',(0.,0.,-1.));
#1179=DIRECTION('',(-1.,0.,0.));
#1180=DIRECTION('',(0.,0.,1.));
#1181=DIRECTION('',(1.,0.,0.));
#1182=DIRECTION('',(0.,0.,-1.));
#1183=DIRECTION('',(-1.,0.,0.));
#1184=DIRECTION('',(0.,0.,-1.));
#1185=DIRECTION('',(-1.,0.,0.));
#1186=DIRECTION('',(0.,0.,-1.));
#1187=DIRECTION('',(-1.,0.,0.));
#1188=DIRECTION('',(0.,0.,-1.));
#1189=DIRECTION('',(-1.,0.,0.));
#1190=DIRECTION('',(0.,0.,-1.));
#1191=DIRECTION('',(-1.,0.,0.));
#1192=DIRECTION('',(0.,0.,-1.));
#1193=DIRECTION('',(-1.,0.,0.));
#1194=DIRECTION('',(0.,0.,-1.));
#1195=DIRECTION('',(-1.,0.,0.));
#1196=DIRECTION('',(0.,0.,-1.));
#1197=DIRECTION('',(-1.,0.,0.));
#1198=DIRECTION('',(0.,0.,-1.));
#1199=DIRECTION('',(-1.,0.,0.));
#1200=DIRECTION('',(0.,0.,-1.));
#1201=DIRECTION('',(-1.,0.,0.));
#1202=DIRECTION('',(0.,0.,-1.));
#1203=DIRECTION('',(-1.,0.,0.));
#1204=DIRECTION('',(0.,0.,-1.));
#1205=DIRECTION('',(-1.,0.,0.));
#1206=DIRECTION('',(0.,0.,-1.));
#1207=DIRECTION('',(-1.,0.,0.));
#1208=DIRECTION('',(0.,0.,-1.));
#1209=DIRECTION('',(-1.,0.,0.));
#1210=DIRECTION('',(0.,0.,-1.));
#1211=DIRECTION('',(-1.,0.,0.));
#1212=DIRECTION('',(0.,0.,-1.));
#1213=DIRECTION('',(-1.,0.,0.));
#1214=DIRECTION('',(0.,0.,-1.));
#1215=DIRECTION('',(-1.,0.,0.));
#1216=DIRECTION('',(0.,0.,1.));
#1217=DIRECTION('',(1.,0.,0.));
#1218=DIRECTION('',(0.,0.,-1.));
#1219=DIRECTION('',(-1.,0.,0.));
#1220=DIRECTION('',(0.,0.,-1.));
#1221=DIRECTION('',(-1.,0.,0.));
#1222=DIRECTION('',(0.,0.,-1.));
#1223=DIRECTION('',(-1.,0.,0.));
#1224=DIRECTION('',(0.,0.,-1.));
#1225=DIRECTION('',(-1.,0.,0.));
#1226=DIRECTION('',(0.,0.,-1.));
#1227=DIRECTION('',(-1.,0.,0.));
#1228=DIRECTION('',(0.,0.,-1.));
#1229=DIRECTION('',(-1.,0.,0.));
#1230=DIRECTION('',(0.,0.,-1.));
#1231=DIRECTION('',(-1.,0.,0.));
#1232=DIRECTION('',(0.,0.,-1.));
#1233=DIRECTION('',(-1.,0.,0.));
#1234=DIRECTION('',(0.,0.,-1.));
#1235=DIRECTION('',(-1.,0.,0.));
#1236=DIRECTION('',(0.,0.,-1.));
#1237=DIRECTION('',(-1.,0.,0.));
#1238=DIRECTION('',(0.,0.,-1.));
#1239=DIRECTION('',(-1.,0.,0.));
#1240=DIRECTION('',(0.,0.,-1.));
#1241=DIRECTION('',(-1.,0.,0.));
#1242=DIRECTION('',(0.,0.,-1.));
#1243=DIRECTION('',(-1.,0.,0.));
#1244=DIRECTION('',(0.,0.,-1.));
#1245=DIRECTION('',(-1.,0.,0.));
#1246=DIRECTION('',(0.,0.,-1.));
#1247=DIRECTION('',(-1.,0.,0.));
#1248=DIRECTION('',(0.,0.,-1.));
#1249=DIRECTION('',(-1.,0.,0.));
#1250=DIRECTION('',(0.,0.,1.));
#1251=DIRECTION('',(1.,0.,0.));
#1252=DIRECTION('',(0.,0.,1.));
#1253=DIRECTION('',(1.,0.,0.));
#1254=DIRECTION('',(0.,0.,-1.));
#1255=DIRECTION('',(-1.,0.,0.));
#1256=DIRECTION('',(0.,0.,1.));
#1257=DIRECTION('',(1.,0.,0.));
#1258=DIRECTION('',(0.,0.,1.));
#1259=DIRECTION('',(1.,0.,0.));
#1260=DIRECTION('',(0.,0.,1.));
#1261=DIRECTION('',(1.,0.,0.));
#1262=DIRECTION('',(0.,0.,1.));
#1263=DIRECTION('',(1.,0.,0.));
#1264=DIRECTION('',(0.,0.,1.));
#1265=DIRECTION('',(1.,0.,0.));
#1266=DIRECTION('',(0.,0.,1.));
#1267=DIRECTION('',(1.,0.,0.));
#1268=DIRECTION('',(0.,0.,-1.));
#1269=DIRECTION('',(-1.,0.,0.));
#1270=DIRECTION('',(0.,0.,-1.));
#1271=DIRECTION('',(-1.,0.,0.));
#1272=DIRECTION('',(0.,0.,-1.));
#1273=DIRECTION('',(-1.,0.,0.));
#1274=DIRECTION('',(0.,0.,-1.));
#1275=DIRECTION('',(-1.,0.,0.));
#1276=DIRECTION('',(0.,0.,-1.));
#1277=DIRECTION('',(-1.,0.,0.));
#1278=DIRECTION('',(0.,0.,-1.));
#1279=DIRECTION('',(-1.,0.,0.));
#1280=DIRECTION('',(0.,0.,-1.));
#1281=DIRECTION('',(-1.,0.,0.));
#1282=DIRECTION('',(0.,0.,-1.));
#1283=DIRECTION('',(-1.,0.,0.));
#1284=DIRECTION('',(0.,0.,-1.));
#1285=DIRECTION('',(-1.,0.,0.));
#1286=DIRECTION('',(0.,0.,-1.));
#1287=DIRECTION('',(-1.,0.,0.));
#1288=DIRECTION('',(0.,0.,-1.));
#1289=DIRECTION('',(-1.,0.,0.));
#1290=DIRECTION('',(0.,0.,-1.));
#1291=DIRECTION('',(-1.,0.,0.));
#1292=DIRECTION('',(0.,0.,-1.));
#1293=DIRECTION('',(-1.,0.,0.));
#1294=DIRECTION('',(0.,0.,-1.));
#1295=DIRECTION('',(-1.,0.,0.));
#1296=DIRECTION('',(0.,0.,-1.));
#1297=DIRECTION('',(-1.,0.,0.));
#1298=DIRECTION('',(0.,0.,-1.));
#1299=DIRECTION('',(-1.,0.,0.));
#1300=CARTESIAN_POINT('',(0.,0.,0.));
#1301=CARTESIAN_POINT('',(6.00000000000001,0.,0.));
#1302=CARTESIAN_POINT('',(7.26788588,0.,-5.));
#1303=CARTESIAN_POINT('',(7.16788588,-1.62459848116453,-5.));
#1304=CARTESIAN_POINT('',(7.06788588,-2.93892626146237,-4.04508497187474));
#1305=CARTESIAN_POINT('',(6.96788588,-4.2532540417602,-3.09016994374947));
#1306=CARTESIAN_POINT('',(6.86788588,-4.75528258147577,-1.54508497187474));
#1307=CARTESIAN_POINT('',(6.76788588,-5.25731112119134,-3.21917461834438E-16));
#1308=CARTESIAN_POINT('',(6.66788588,-4.75528258147577,1.54508497187474));
#1309=CARTESIAN_POINT('',(6.56788588,-4.2532540417602,3.09016994374947));
#1310=CARTESIAN_POINT('',(6.46788588,-2.93892626146237,4.04508497187474));
#1311=CARTESIAN_POINT('',(6.36788588,-1.62459848116453,5.));
#1312=CARTESIAN_POINT('',(6.26788588,-6.12323399573677E-16,5.));
#1313=CARTESIAN_POINT('',(6.16788588,1.62459848116453,5.));
#1314=CARTESIAN_POINT('',(6.06788588,2.93892626146237,4.04508497187474));
#1315=CARTESIAN_POINT('',(5.96788588,4.2532540417602,3.09016994374947));
#1316=CARTESIAN_POINT('',(5.86788588,4.75528258147577,1.54508497187474));
#1317=CARTESIAN_POINT('',(5.76788588,5.25731112119134,9.65752385503313E-16));
#1318=CARTESIAN_POINT('',(5.66788588,4.75528258147577,-1.54508497187474));
#1319=CARTESIAN_POINT('',(5.56788588,4.2532540417602,-3.09016994374947));
#1320=CARTESIAN_POINT('',(5.46788588,2.93892626146237,-4.04508497187474));
#1321=CARTESIAN_POINT('',(5.36788588,1.62459848116453,-5.));
#1322=CARTESIAN_POINT('',(5.26788588,1.22464679914735E-15,-5.));
#1323=CARTESIAN_POINT('',(5.16788588,-1.62459848116453,-5.));
#1324=CARTESIAN_POINT('',(5.06788588,-2.93892626146236,-4.04508497187474));
#1325=CARTESIAN_POINT('',(4.96788588,-4.2532540417602,-3.09016994374948));
#1326=CARTESIAN_POINT('',(4.86788588,-4.75528258147577,-1.54508497187474));
#1327=CARTESIAN_POINT('',(4.76788588,-5.25731112119134,-1.60958730917219E-15));
#1328=CARTESIAN_POINT('',(4.66788588,-4.75528258147577,1.54508497187474));
#1329=CARTESIAN_POINT('',(4.56788588,-4.2532540417602,3.09016994374947));
#1330=CARTESIAN_POINT('',(4.46788588,-2.93892626146237,4.04508497187474));
#1331=CARTESIAN_POINT('',(4.36788588,-1.62459848116453,5.));
#1332=CARTESIAN_POINT('',(4.26788588,-1.83697019872103E-15,5.));
#1333=CARTESIAN_POINT('',(4.16788588,1.62459848116453,5.));
#1334=CARTESIAN_POINT('',(4.06788588,2.93892626146236,4.04508497187474));
#1335=CARTESIAN_POINT('',(3.96788588,4.2532540417602,3.09016994374948));
#1336=CARTESIAN_POINT('',(3.86788588,4.75528258147577,1.54508497187474));
#1337=CARTESIAN_POINT('',(3.76788588,5.25731112119134,2.25342223284106E-15));
#1338=CARTESIAN_POINT('',(3.66788588,4.75528258147577,-1.54508497187474));
#1339=CARTESIAN_POINT('',(3.56788588,4.2532540417602,-3.09016994374947));
#1340=CARTESIAN_POINT('',(3.46788588,2.93892626146237,-4.04508497187474));
#1341=CARTESIAN_POINT('',(3.36788588,1.62459848116453,-5.));
#1342=CARTESIAN_POINT('',(3.26788588,2.44929359829471E-15,-5.));
#1343=CARTESIAN_POINT('',(3.16788588,-1.62459848116453,-5.));
#1344=CARTESIAN_POINT('',(3.06788588,-2.93892626146236,-4.04508497187474));
#1345=CARTESIAN_POINT('',(2.96788588,-4.2532540417602,-3.09016994374948));
#1346=CARTESIAN_POINT('',(2.86788588,-4.75528258147577,-1.54508497187474));
#1347=CARTESIAN_POINT('',(2.76788588,-5.25731112119134,-2.89725715650994E-15));
#1348=CARTESIAN_POINT('',(2.66788588,-4.75528258147577,1.54508497187473));
#1349=CARTESIAN_POINT('',(2.56788588,-4.2532540417602,3.09016994374947));
#1350=CARTESIAN_POINT('',(2.46788588,-2.93892626146237,4.04508497187474));
#1351=CARTESIAN_POINT('',(2.36788588,-1.62459848116453,5.));
#1352=CARTESIAN_POINT('',(2.26788588,-3.06161699786838E-15,5.));
#1353=CARTESIAN_POINT('',(2.16788588,1.62459848116452,5.));
#1354=CARTESIAN_POINT('',(2.06788588,2.93892626146236,4.04508497187474));
#1355=CARTESIAN_POINT('',(1.96788588,4.2532540417602,3.09016994374947));
#1356=CARTESIAN_POINT('',(1.86788588,4.75528258147577,1.54508497187474));
#1357=CARTESIAN_POINT('',(1.76788588,5.25731112119134,1.2879952647162E-14));
#1358=CARTESIAN_POINT('',(1.66788588,4.75528258147577,-1.54508497187473));
#1359=CARTESIAN_POINT('',(1.56788588,4.2532540417602,-3.09016994374948));
#1360=CARTESIAN_POINT('',(1.46788588,2.93892626146237,-4.04508497187474));
#1361=CARTESIAN_POINT('',(1.36788588,1.62459848116454,-5.));
#1362=CARTESIAN_POINT('',(1.26788588,3.67394039744206E-15,-5.));
#1363=CARTESIAN_POINT('',(1.16788588,-1.62459848116454,-5.));
#1364=CARTESIAN_POINT('',(1.06788588,-2.93892626146236,-4.04508497187474));
#1365=CARTESIAN_POINT('',(0.967885880000002,-4.25325404176019,-3.09016994374949));
#1366=CARTESIAN_POINT('',(0.867885880000001,-4.75528258147577,-1.54508497187474));
#1367=CARTESIAN_POINT('',(0.767885880000001,-5.25731112119134,5.15393356313554E-15));
#1368=CARTESIAN_POINT('',(0.667885880000002,-4.75528258147577,1.54508497187473));
#1369=CARTESIAN_POINT('',(0.567885880000001,-4.25325404176021,3.09016994374946));
#1370=CARTESIAN_POINT('',(0.467885880000001,-2.93892626146237,4.04508497187473));
#1371=CARTESIAN_POINT('',(0.367885880000001,-1.62459848116453,5.));
#1372=CARTESIAN_POINT('',(0.267885880000002,-4.28626379701574E-15,5.));
#1373=CARTESIAN_POINT('',(0.167885880000001,1.62459848116452,5.));
#1374=CARTESIAN_POINT('',(0.067885880000001,2.93892626146236,4.04508497187474));
#1375=CARTESIAN_POINT('',(-0.0321141199999984,4.2532540417602,3.09016994374947));
#1376=CARTESIAN_POINT('',(-0.132114119999999,4.75528258147577,1.54508497187474));
#1377=CARTESIAN_POINT('',(-0.232114119999999,5.25731112119134,1.41676224944998E-14));
#1378=CARTESIAN_POINT('',(-0.332114119999998,4.75528258147577,-1.54508497187473));
#1379=CARTESIAN_POINT('',(-0.432114119999999,4.2532540417602,-3.09016994374948));
#1380=CARTESIAN_POINT('',(-0.532114119999999,2.93892626146237,-4.04508497187473));
#1381=CARTESIAN_POINT('',(-0.632114119999999,1.62459848116455,-5.));
#1382=CARTESIAN_POINT('',(-0.732114119999999,4.89858719658941E-15,-5.));
#1383=CARTESIAN_POINT('',(-0.832114119999998,-1.62459848116454,-5.));
#1384=CARTESIAN_POINT('',(-0.932114119999999,-2.93892626146236,-4.04508497187474));
#1385=CARTESIAN_POINT('',(-1.03211412,-4.25325404176019,-3.09016994374949));
#1386=CARTESIAN_POINT('',(-1.13211412,-4.75528258147577,-1.54508497187474));
#1387=CARTESIAN_POINT('',(-1.23211412,-5.25731112119134,3.86626371579779E-15));
#1388=CARTESIAN_POINT('',(-1.33211412,-4.75528258147577,1.54508497187473));
#1389=CARTESIAN_POINT('',(-1.43211412,-4.25325404176021,3.09016994374946));
#1390=CARTESIAN_POINT('',(-1.53211412,-2.93892626146237,4.04508497187473));
#1391=CARTESIAN_POINT('',(-1.63211412,-1.62459848116453,5.));
#1392=CARTESIAN_POINT('',(-1.73211412,-5.51091059616309E-15,5.));
#1393=CARTESIAN_POINT('',(-1.83211412,1.62459848116452,5.));
#1394=CARTESIAN_POINT('',(-1.93211412,2.93892626146236,4.04508497187474));
#1395=CARTESIAN_POINT('',(-2.03211412,4.2532540417602,3.09016994374947));
#1396=CARTESIAN_POINT('',(-2.13211412,4.75528258147577,1.54508497187474));
#1397=CARTESIAN_POINT('',(-2.23211412,5.25731112119134,1.54552923418375E-14));
#1398=CARTESIAN_POINT('',(-2.33211412,4.75528258147577,-1.54508497187473));
#1399=CARTESIAN_POINT('',(-2.43211412,4.2532540417602,-3.09016994374948));
#1400=CARTESIAN_POINT('',(-2.53211412,2.93892626146237,-4.04508497187473));
#1401=CARTESIAN_POINT('',(-2.63211412,1.62459848116455,-5.));
#1402=CARTESIAN_POINT('',(-2.73211412,6.12323399573677E-15,-5.));
#1403=CARTESIAN_POINT('',(-2.83211412,-1.62459848116453,-5.));
#1404=CARTESIAN_POINT('',(-2.93211412,-2.93892626146235,-4.04508497187475));
#1405=CARTESIAN_POINT('',(-3.03211412,-4.25325404176019,-3.09016994374949));
#1406=CARTESIAN_POINT('',(-3.13211412,-4.75528258147577,-1.54508497187474));
#1407=CARTESIAN_POINT('',(-3.23211412,-5.25731112119134,2.57859386846004E-15));
#1408=CARTESIAN_POINT('',(-3.33211412,-4.75528258147576,1.54508497187475));
#1409=CARTESIAN_POINT('',(-3.43211412,-4.25325404176021,3.09016994374946));
#1410=CARTESIAN_POINT('',(-3.53211412,-2.93892626146237,4.04508497187473));
#1411=CARTESIAN_POINT('',(-3.63211412,-1.62459848116453,5.));
#1412=CARTESIAN_POINT('',(-3.73211412,-2.44991257893129E-14,5.));
#1413=CARTESIAN_POINT('',(-3.83211412,1.62459848116452,5.00000000000001));
#1414=CARTESIAN_POINT('',(-3.93211412,2.93892626146236,4.04508497187474));
#1415=CARTESIAN_POINT('',(-4.03211412,4.2532540417602,3.09016994374947));
#1416=CARTESIAN_POINT('',(-4.13211412,4.75528258147577,1.54508497187473));
#1417=CARTESIAN_POINT('',(-4.23211412,5.25731112119134,1.67429621891753E-14));
#1418=CARTESIAN_POINT('',(-4.33211412,4.75528258147577,-1.54508497187473));
#1419=CARTESIAN_POINT('',(-4.43211412,4.2532540417602,-3.09016994374948));
#1420=CARTESIAN_POINT('',(-4.53211412,2.93892626146239,-4.04508497187472));
#1421=CARTESIAN_POINT('',(-4.63211412,1.62459848116455,-4.99999999999999));
#1422=CARTESIAN_POINT('',(-4.73211412,7.34788079488412E-15,-5.));
#1423=CARTESIAN_POINT('',(-4.83211412,-1.62459848116453,-5.));
#1424=CARTESIAN_POINT('',(-4.93211412,-2.93892626146237,-4.04508497187473));
#1425=CARTESIAN_POINT('',(-5.03211412,-4.25325404176019,-3.09016994374949));
#1426=CARTESIAN_POINT('',(-5.13211412,-4.75528258147577,-1.54508497187474));
#1427=CARTESIAN_POINT('',(-5.23211412,-5.25731112119134,1.29092402112229E-15));
#1428=CARTESIAN_POINT('',(-5.33211412,-4.75528258147578,1.54508497187471));
#1429=CARTESIAN_POINT('',(-5.43211412,-4.25325404176021,3.09016994374946));
#1430=CARTESIAN_POINT('',(-5.53211412,-2.93892626146237,4.04508497187473));
#1431=CARTESIAN_POINT('',(-5.63211412,-1.62459848116453,5.));
#1432=CARTESIAN_POINT('',(-5.73211412,9.80336419954471E-15,5.));
#1433=CARTESIAN_POINT('',(-5.83211412,1.62459848116452,5.00000000000001));
#1434=CARTESIAN_POINT('',(-5.93211412,2.93892626146236,4.04508497187474));
#1435=CARTESIAN_POINT('',(-6.03211412,4.2532540417602,3.09016994374947));
#1436=CARTESIAN_POINT('',(-6.13211412,4.75528258147576,1.54508497187476));
#1437=CARTESIAN_POINT('',(-6.23211412,5.25731112119134,1.8030632036513E-14));
#1438=CARTESIAN_POINT('',(-6.33211412,4.75528258147577,-1.54508497187473));
#1439=CARTESIAN_POINT('',(-6.43211412,4.2532540417602,-3.09016994374947));
#1440=CARTESIAN_POINT('',(-6.53211412,2.93892626146236,-4.04508497187474));
#1441=CARTESIAN_POINT('',(-6.63211412,1.62459848116455,-4.99999999999999));
#1442=CARTESIAN_POINT('',(-6.73211412,8.57252759403147E-15,-5.));
#1443=CARTESIAN_POINT('',(6.,3.73346386545034,3.32584539108128));
#1444=CARTESIAN_POINT('',(-1.36156934824705E-15,3.73346386545035,3.32584539108127));
#1445=CARTESIAN_POINT('',(6.,0.,0.));
#1446=CARTESIAN_POINT('',(6.,0.,-5.));
#1447=CARTESIAN_POINT('',(6.,0.,-5.));
#1448=CARTESIAN_POINT('',(5.9,-1.62459848116453,-5.));
#1449=CARTESIAN_POINT('',(5.8,-2.93892626146237,-4.04508497187474));
#1450=CARTESIAN_POINT('',(5.7,-4.2532540417602,-3.09016994374947));
#1451=CARTESIAN_POINT('',(5.6,-4.75528258147577,-1.54508497187474));
#1452=CARTESIAN_POINT('',(5.5,-5.25731112119134,-3.21917461834438E-16));
#1453=CARTESIAN_POINT('',(5.4,-4.75528258147577,1.54508497187474));
#1454=CARTESIAN_POINT('',(5.3,-4.2532540417602,3.09016994374947));
#1455=CARTESIAN_POINT('',(5.2,-2.93892626146237,4.04508497187474));
#1456=CARTESIAN_POINT('',(5.1,-1.62459848116453,5.));
#1457=CARTESIAN_POINT('',(5.,-6.12323399573677E-16,5.));
#1458=CARTESIAN_POINT('',(4.9,1.62459848116453,5.));
#1459=CARTESIAN_POINT('',(4.8,2.93892626146237,4.04508497187474));
#1460=CARTESIAN_POINT('',(4.7,4.2532540417602,3.09016994374947));
#1461=CARTESIAN_POINT('',(4.6,4.75528258147577,1.54508497187474));
#1462=CARTESIAN_POINT('',(4.5,5.25731112119134,9.65752385503313E-16));
#1463=CARTESIAN_POINT('',(4.4,4.75528258147577,-1.54508497187474));
#1464=CARTESIAN_POINT('',(4.3,4.2532540417602,-3.09016994374947));
#1465=CARTESIAN_POINT('',(4.2,2.93892626146237,-4.04508497187474));
#1466=CARTESIAN_POINT('',(4.1,1.62459848116453,-5.));
#1467=CARTESIAN_POINT('',(4.,1.22464679914735E-15,-5.));
#1468=CARTESIAN_POINT('',(3.9,-1.62459848116453,-5.));
#1469=CARTESIAN_POINT('',(3.8,-2.93892626146236,-4.04508497187474));
#1470=CARTESIAN_POINT('',(3.7,-4.2532540417602,-3.09016994374948));
#1471=CARTESIAN_POINT('',(3.6,-4.75528258147577,-1.54508497187474));
#1472=CARTESIAN_POINT('',(3.5,-5.25731112119134,-1.60958730917219E-15));
#1473=CARTESIAN_POINT('',(3.4,-4.75528258147577,1.54508497187474));
#1474=CARTESIAN_POINT('',(3.3,-4.2532540417602,3.09016994374947));
#1475=CARTESIAN_POINT('',(3.2,-2.93892626146237,4.04508497187474));
#1476=CARTESIAN_POINT('',(3.1,-1.62459848116453,5.));
#1477=CARTESIAN_POINT('',(3.,-1.83697019872103E-15,5.));
#1478=CARTESIAN_POINT('',(2.9,1.62459848116453,5.));
#1479=CARTESIAN_POINT('',(2.8,2.93892626146236,4.04508497187474));
#1480=CARTESIAN_POINT('',(2.7,4.2532540417602,3.09016994374948));
#1481=CARTESIAN_POINT('',(2.6,4.75528258147577,1.54508497187474));
#1482=CARTESIAN_POINT('',(2.5,5.25731112119134,2.25342223284106E-15));
#1483=CARTESIAN_POINT('',(2.4,4.75528258147577,-1.54508497187474));
#1484=CARTESIAN_POINT('',(2.3,4.2532540417602,-3.09016994374947));
#1485=CARTESIAN_POINT('',(2.2,2.93892626146237,-4.04508497187474));
#1486=CARTESIAN_POINT('',(2.1,1.62459848116453,-5.));
#1487=CARTESIAN_POINT('',(2.,2.44929359829471E-15,-5.));
#1488=CARTESIAN_POINT('',(1.9,-1.62459848116453,-5.));
#1489=CARTESIAN_POINT('',(1.8,-2.93892626146236,-4.04508497187474));
#1490=CARTESIAN_POINT('',(1.7,-4.2532540417602,-3.09016994374948));
#1491=CARTESIAN_POINT('',(1.6,-4.75528258147577,-1.54508497187474));
#1492=CARTESIAN_POINT('',(1.5,-5.25731112119134,-2.89725715650994E-15));
#1493=CARTESIAN_POINT('',(1.4,-4.75528258147577,1.54508497187473));
#1494=CARTESIAN_POINT('',(1.3,-4.2532540417602,3.09016994374947));
#1495=CARTESIAN_POINT('',(1.2,-2.93892626146237,4.04508497187474));
#1496=CARTESIAN_POINT('',(1.1,-1.62459848116453,5.));
#1497=CARTESIAN_POINT('',(1.,-3.06161699786838E-15,5.));
#1498=CARTESIAN_POINT('',(0.900000000000001,1.62459848116452,5.));
#1499=CARTESIAN_POINT('',(0.8,2.93892626146236,4.04508497187474));
#1500=CARTESIAN_POINT('',(0.700000000000001,4.2532540417602,3.09016994374947));
#1501=CARTESIAN_POINT('',(0.600000000000001,4.75528258147577,1.54508497187474));
#1502=CARTESIAN_POINT('',(0.5,5.25731112119134,1.2879952647162E-14));
#1503=CARTESIAN_POINT('',(0.400000000000001,4.75528258147577,-1.54508497187473));
#1504=CARTESIAN_POINT('',(0.300000000000001,4.2532540417602,-3.09016994374948));
#1505=CARTESIAN_POINT('',(0.200000000000001,2.93892626146237,-4.04508497187474));
#1506=CARTESIAN_POINT('',(0.100000000000001,1.62459848116454,-5.));
#1507=CARTESIAN_POINT('',(8.67361737988404E-16,3.67394039744206E-15,-5.));
#1508=CARTESIAN_POINT('',(-0.0999999999999994,-1.62459848116454,-5.));
#1509=CARTESIAN_POINT('',(-0.2,-2.93892626146236,-4.04508497187474));
#1510=CARTESIAN_POINT('',(-0.299999999999999,-4.25325404176019,-3.09016994374949));
#1511=CARTESIAN_POINT('',(-0.399999999999999,-4.75528258147577,-1.54508497187474));
#1512=CARTESIAN_POINT('',(-0.5,-5.25731112119134,5.15393356313554E-15));
#1513=CARTESIAN_POINT('',(-0.599999999999999,-4.75528258147577,1.54508497187473));
#1514=CARTESIAN_POINT('',(-0.699999999999999,-4.25325404176021,3.09016994374946));
#1515=CARTESIAN_POINT('',(-0.799999999999999,-2.93892626146237,4.04508497187473));
#1516=CARTESIAN_POINT('',(-0.9,-1.62459848116453,5.));
#1517=CARTESIAN_POINT('',(-0.999999999999999,-4.28626379701574E-15,5.));
#1518=CARTESIAN_POINT('',(-1.1,1.62459848116452,5.));
#1519=CARTESIAN_POINT('',(-1.2,2.93892626146236,4.04508497187474));
#1520=CARTESIAN_POINT('',(-1.3,4.2532540417602,3.09016994374947));
#1521=CARTESIAN_POINT('',(-1.4,4.75528258147577,1.54508497187474));
#1522=CARTESIAN_POINT('',(-1.5,5.25731112119134,1.41676224944998E-14));
#1523=CARTESIAN_POINT('',(-1.6,4.75528258147577,-1.54508497187473));
#1524=CARTESIAN_POINT('',(-1.7,4.2532540417602,-3.09016994374948));
#1525=CARTESIAN_POINT('',(-1.8,2.93892626146237,-4.04508497187473));
#1526=CARTESIAN_POINT('',(-1.9,1.62459848116455,-5.));
#1527=CARTESIAN_POINT('',(-2.,4.89858719658941E-15,-5.));
#1528=CARTESIAN_POINT('',(-2.1,-1.62459848116454,-5.));
#1529=CARTESIAN_POINT('',(-2.2,-2.93892626146236,-4.04508497187474));
#1530=CARTESIAN_POINT('',(-2.3,-4.25325404176019,-3.09016994374949));
#1531=CARTESIAN_POINT('',(-2.4,-4.75528258147577,-1.54508497187474));
#1532=CARTESIAN_POINT('',(-2.5,-5.25731112119134,3.86626371579779E-15));
#1533=CARTESIAN_POINT('',(-2.6,-4.75528258147577,1.54508497187473));
#1534=CARTESIAN_POINT('',(-2.7,-4.25325404176021,3.09016994374946));
#1535=CARTESIAN_POINT('',(-2.8,-2.93892626146237,4.04508497187473));
#1536=CARTESIAN_POINT('',(-2.9,-1.62459848116453,5.));
#1537=CARTESIAN_POINT('',(-3.,-5.51091059616309E-15,5.));
#1538=CARTESIAN_POINT('',(-3.1,1.62459848116452,5.));
#1539=CARTESIAN_POINT('',(-3.2,2.93892626146236,4.04508497187474));
#1540=CARTESIAN_POINT('',(-3.3,4.2532540417602,3.09016994374947));
#1541=CARTESIAN_POINT('',(-3.4,4.75528258147577,1.54508497187474));
#1542=CARTESIAN_POINT('',(-3.5,5.25731112119134,1.54552923418375E-14));
#1543=CARTESIAN_POINT('',(-3.6,4.75528258147577,-1.54508497187473));
#1544=CARTESIAN_POINT('',(-3.7,4.2532540417602,-3.09016994374948));
#1545=CARTESIAN_POINT('',(-3.8,2.93892626146237,-4.04508497187473));
#1546=CARTESIAN_POINT('',(-3.9,1.62459848116455,-5.));
#1547=CARTESIAN_POINT('',(-4.,6.12323399573677E-15,-5.));
#1548=CARTESIAN_POINT('',(-4.1,-1.62459848116453,-5.));
#1549=CARTESIAN_POINT('',(-4.2,-2.93892626146235,-4.04508497187475));
#1550=CARTESIAN_POINT('',(-4.3,-4.25325404176019,-3.09016994374949));
#1551=CARTESIAN_POINT('',(-4.4,-4.75528258147577,-1.54508497187474));
#1552=CARTESIAN_POINT('',(-4.5,-5.25731112119134,2.57859386846004E-15));
#1553=CARTESIAN_POINT('',(-4.6,-4.75528258147576,1.54508497187475));
#1554=CARTESIAN_POINT('',(-4.7,-4.25325404176021,3.09016994374946));
#1555=CARTESIAN_POINT('',(-4.8,-2.93892626146237,4.04508497187473));
#1556=CARTESIAN_POINT('',(-4.9,-1.62459848116453,5.));
#1557=CARTESIAN_POINT('',(-5.,-2.44991257893129E-14,5.));
#1558=CARTESIAN_POINT('',(-5.1,1.62459848116452,5.00000000000001));
#1559=CARTESIAN_POINT('',(-5.2,2.93892626146236,4.04508497187474));
#1560=CARTESIAN_POINT('',(-5.3,4.2532540417602,3.09016994374947));
#1561=CARTESIAN_POINT('',(-5.4,4.75528258147577,1.54508497187473));
#1562=CARTESIAN_POINT('',(-5.5,5.25731112119134,1.67429621891753E-14));
#1563=CARTESIAN_POINT('',(-5.6,4.75528258147577,-1.54508497187473));
#1564=CARTESIAN_POINT('',(-5.7,4.2532540417602,-3.09016994374948));
#1565=CARTESIAN_POINT('',(-5.8,2.93892626146239,-4.04508497187472));
#1566=CARTESIAN_POINT('',(-5.9,1.62459848116455,-4.99999999999999));
#1567=CARTESIAN_POINT('',(-6.,7.34788079488412E-15,-5.));
#1568=CARTESIAN_POINT('',(-6.1,-1.62459848116453,-5.));
#1569=CARTESIAN_POINT('',(-6.2,-2.93892626146237,-4.04508497187473));
#1570=CARTESIAN_POINT('',(-6.3,-4.25325404176019,-3.09016994374949));
#1571=CARTESIAN_POINT('',(-6.4,-4.75528258147577,-1.54508497187474));
#1572=CARTESIAN_POINT('',(-6.5,-5.25731112119134,1.29092402112229E-15));
#1573=CARTESIAN_POINT('',(-6.6,-4.75528258147578,1.54508497187471));
#1574=CARTESIAN_POINT('',(-6.7,-4.25325404176021,3.09016994374946));
#1575=CARTESIAN_POINT('',(-6.8,-2.93892626146237,4.04508497187473));
#1576=CARTESIAN_POINT('',(-6.9,-1.62459848116453,5.));
#1577=CARTESIAN_POINT('',(-7.,9.80336419954471E-15,5.));
#1578=CARTESIAN_POINT('',(-7.1,1.62459848116452,5.00000000000001));
#1579=CARTESIAN_POINT('',(-7.2,2.93892626146236,4.04508497187474));
#1580=CARTESIAN_POINT('',(-7.3,4.2532540417602,3.09016994374947));
#1581=CARTESIAN_POINT('',(-7.4,4.75528258147576,1.54508497187476));
#1582=CARTESIAN_POINT('',(-7.5,5.25731112119134,1.8030632036513E-14));
#1583=CARTESIAN_POINT('',(-7.6,4.75528258147577,-1.54508497187473));
#1584=CARTESIAN_POINT('',(-7.7,4.2532540417602,-3.09016994374947));
#1585=CARTESIAN_POINT('',(-7.8,2.93892626146236,-4.04508497187474));
#1586=CARTESIAN_POINT('',(-7.9,1.62459848116455,-4.99999999999999));
#1587=CARTESIAN_POINT('',(-8.,8.57252759403147E-15,-5.));
#1588=CARTESIAN_POINT('',(8.67361737988404E-16,3.67394039744206E-15,-5.));
#1589=CARTESIAN_POINT('',(0.,0.,0.));
#1590=CARTESIAN_POINT('',(6.00000000000001,0.,0.));
#1591=CARTESIAN_POINT('',(48.0940684155472,-0.975591680311756,2.26213528837499));
#1592=CARTESIAN_POINT('',(47.9531795156533,0.000926419347272887,2.46858296510899));
#1593=CARTESIAN_POINT('',(48.0932135218396,0.971886002922665,2.26353285118904));
#1594=CARTESIAN_POINT('',(48.4210137674253,1.74308056573046,1.73042236717928));
#1595=CARTESIAN_POINT('',(48.7849680334946,2.25988726873673,0.975310851199542));
#1596=CARTESIAN_POINT('',(48.981511865845,2.46871768966007,0.00409450776817227));
#1597=CARTESIAN_POINT('',(48.7892707083263,2.26521474084556,-0.963683981844298));
#1598=CARTESIAN_POINT('',(48.4223690313555,1.74563494628284,-1.72867368111282));
#1599=CARTESIAN_POINT('',(48.0948590923845,0.977524372221917,-2.26083583202614));
#1600=CARTESIAN_POINT('',(47.9532983044033,0.00556586672792201,-2.46843998957729));
#1601=CARTESIAN_POINT('',(48.0919696250594,-0.96900482457204,-2.26537130705819));
#1602=CARTESIAN_POINT('',(48.4212275632542,-1.74387684440245,-1.73051578362008));
#1603=CARTESIAN_POINT('',(48.7865384270912,-2.26178768445479,-0.97088444615355));
#1604=CARTESIAN_POINT('',(48.9817206051732,-2.46894501171666,-0.00138290705473277));
#1605=CARTESIAN_POINT('',(48.7868886761304,-2.26243110806203,0.970634573229316));
#1606=CARTESIAN_POINT('',(48.4210436197632,-1.74286800057009,1.73058450540107));
#1607=CARTESIAN_POINT('',(48.0940684155472,-0.975591680311756,2.26213528837499));
#1608=CARTESIAN_POINT('',(47.9531795156533,0.000926419347272887,2.46858296510899));
#1609=CARTESIAN_POINT('',(48.0932135218396,0.971886002922665,2.26353285118904));
#1610=CARTESIAN_POINT('',(48.,-3.70344454053409E-16,2.4));
#1611=CARTESIAN_POINT('',(6.,0.,0.));
#1612=CARTESIAN_POINT('',(6.,0.,2.4));
#1613=CARTESIAN_POINT('',(6.,0.,2.4));
#1614=CARTESIAN_POINT('',(6.,-0.00116962621711516,3.99990022962957));
#1615=CARTESIAN_POINT('',(6.,0.632705272484236,4.18214101376029));
#1616=CARTESIAN_POINT('',(6.,1.96713209182792,4.2413818714669));
#1617=CARTESIAN_POINT('',(6.,3.1919723212869,3.70205098404599));
#1618=CARTESIAN_POINT('',(6.,3.73346386545035,3.32584539108127));
#1619=CARTESIAN_POINT('',(6.,-0.00116962621712716,3.99990022962957));
#1620=CARTESIAN_POINT('',(6.,0.,0.));
#1621=CARTESIAN_POINT('',(5.99999999999999,-2.98744022232451,-2.65977520348128));
#1622=CARTESIAN_POINT('',(6.,0.,-5.));
#1623=CARTESIAN_POINT('',(6.,-1.28563014366804,-4.70466320930745));
#1624=CARTESIAN_POINT('',(6.,-2.43048292734571,-3.85656487869757));
#1625=CARTESIAN_POINT('',(6.,-2.98744022232448,-2.65977520348131));
#1626=CARTESIAN_POINT('',(0.,0.,0.));
#1627=CARTESIAN_POINT('',(0.,0.,0.));
#1628=CARTESIAN_POINT('',(-7.95125963250316E-15,-2.98744022232453,-2.65977520348126));
#1629=CARTESIAN_POINT('',(-1.8019474855605E-16,-0.00116962621711809,3.99990022962957));
#1630=CARTESIAN_POINT('',(2.03747325224712E-15,-0.00116962621714397,3.99990022962957));
#1631=CARTESIAN_POINT('',(2.03747325224712E-15,0.632705272484213,4.1821410137603));
#1632=CARTESIAN_POINT('',(4.80278921466143E-15,1.96713209182788,4.24138187146695));
#1633=CARTESIAN_POINT('',(-1.08544447024377E-14,3.19197232128701,3.7020509840459));
#1634=CARTESIAN_POINT('',(-1.08544447024377E-14,3.73346386545045,3.32584539108116));
#1635=CARTESIAN_POINT('',(8.67361737988404E-16,0.,-5.));
#1636=CARTESIAN_POINT('',(8.67361737988404E-16,-1.28563014366805,-4.70466320930745));
#1637=CARTESIAN_POINT('',(-3.18396845414832E-15,-2.43048292734571,-3.85656487869757));
#1638=CARTESIAN_POINT('',(-3.18396845414832E-15,-2.98744022232449,-2.6597752034813));
#1639=CARTESIAN_POINT('',(6.3046455760816,-0.586001224644118,4.96554151777181));
#1640=CARTESIAN_POINT('',(6.28598350488707,-0.294013739042222,5.));
#1641=CARTESIAN_POINT('',(6.26788588,-6.12323399573677E-16,5.));
#1642=CARTESIAN_POINT('',(6.16788588,1.62459848116453,5.));
#1643=CARTESIAN_POINT('',(6.06788588,2.93892626146237,4.04508497187474));
#1644=CARTESIAN_POINT('',(5.96788588,4.2532540417602,3.09016994374947));
#1645=CARTESIAN_POINT('',(5.86788588,4.75528258147577,1.54508497187474));
#1646=CARTESIAN_POINT('',(5.76788588,5.25731112119134,9.65752385503313E-16));
#1647=CARTESIAN_POINT('',(5.66788588,4.75528258147577,-1.54508497187474));
#1648=CARTESIAN_POINT('',(5.56788588,4.2532540417602,-3.09016994374947));
#1649=CARTESIAN_POINT('',(5.46788588,2.93892626146237,-4.04508497187474));
#1650=CARTESIAN_POINT('',(5.36788588,1.62459848116453,-5.));
#1651=CARTESIAN_POINT('',(5.26788588,0.,-5.));
#1652=CARTESIAN_POINT('',(5.16788588,-1.62459848116453,-5.));
#1653=CARTESIAN_POINT('',(5.06788588,-2.93892626146237,-4.04508497187474));
#1654=CARTESIAN_POINT('',(4.96788588,-4.2532540417602,-3.09016994374947));
#1655=CARTESIAN_POINT('',(4.86788588,-4.75528258147577,-1.54508497187474));
#1656=CARTESIAN_POINT('',(4.76788588,-5.25731112119134,-3.21917461834438E-16));
#1657=CARTESIAN_POINT('',(4.66788588,-4.75528258147577,1.54508497187474));
#1658=CARTESIAN_POINT('',(4.56788588,-4.2532540417602,3.09016994374947));
#1659=CARTESIAN_POINT('',(4.46788588,-2.93892626146237,4.04508497187474));
#1660=CARTESIAN_POINT('',(4.36788588,-1.62459848116453,5.));
#1661=CARTESIAN_POINT('',(4.26788588,-6.12323399573677E-16,5.));
#1662=CARTESIAN_POINT('',(4.16788588,1.62459848116453,5.));
#1663=CARTESIAN_POINT('',(4.06788588,2.93892626146237,4.04508497187474));
#1664=CARTESIAN_POINT('',(3.96788588,4.2532540417602,3.09016994374947));
#1665=CARTESIAN_POINT('',(3.86788588,4.75528258147577,1.54508497187474));
#1666=CARTESIAN_POINT('',(3.76788588,5.25731112119134,9.65752385503313E-16));
#1667=CARTESIAN_POINT('',(3.66788588,4.75528258147577,-1.54508497187474));
#1668=CARTESIAN_POINT('',(3.56788588,4.2532540417602,-3.09016994374947));
#1669=CARTESIAN_POINT('',(3.46788588,2.93892626146237,-4.04508497187474));
#1670=CARTESIAN_POINT('',(3.36788588,1.62459848116453,-5.));
#1671=CARTESIAN_POINT('',(3.26788588,0.,-5.));
#1672=CARTESIAN_POINT('',(3.16788588,-1.62459848116453,-5.));
#1673=CARTESIAN_POINT('',(3.06788588,-2.93892626146237,-4.04508497187474));
#1674=CARTESIAN_POINT('',(2.96788588,-4.2532540417602,-3.09016994374947));
#1675=CARTESIAN_POINT('',(2.86788588,-4.75528258147577,-1.54508497187474));
#1676=CARTESIAN_POINT('',(2.76788588,-5.25731112119134,-3.21917461834438E-16));
#1677=CARTESIAN_POINT('',(2.66788588,-4.75528258147577,1.54508497187474));
#1678=CARTESIAN_POINT('',(2.56788588,-4.2532540417602,3.09016994374947));
#1679=CARTESIAN_POINT('',(2.46788588,-2.93892626146237,4.04508497187474));
#1680=CARTESIAN_POINT('',(2.36788588,-1.62459848116453,5.));
#1681=CARTESIAN_POINT('',(2.26788588,-6.12323399573677E-16,5.));
#1682=CARTESIAN_POINT('',(2.16788588,1.62459848116453,5.));
#1683=CARTESIAN_POINT('',(2.06788588,2.93892626146237,4.04508497187474));
#1684=CARTESIAN_POINT('',(1.96788588,4.2532540417602,3.09016994374947));
#1685=CARTESIAN_POINT('',(1.86788588,4.75528258147577,1.54508497187474));
#1686=CARTESIAN_POINT('',(1.76788588,5.25731112119134,9.65752385503313E-16));
#1687=CARTESIAN_POINT('',(1.66788588,4.75528258147577,-1.54508497187474));
#1688=CARTESIAN_POINT('',(1.56788588,4.2532540417602,-3.09016994374947));
#1689=CARTESIAN_POINT('',(1.46788588,2.93892626146237,-4.04508497187474));
#1690=CARTESIAN_POINT('',(1.36788588,1.62459848116453,-5.));
#1691=CARTESIAN_POINT('',(1.26788588,0.,-5.));
#1692=CARTESIAN_POINT('',(1.16788588,-1.62459848116453,-5.));
#1693=CARTESIAN_POINT('',(1.06788588,-2.93892626146237,-4.04508497187474));
#1694=CARTESIAN_POINT('',(0.967885880000002,-4.2532540417602,-3.09016994374947));
#1695=CARTESIAN_POINT('',(0.867885880000001,-4.75528258147577,-1.54508497187474));
#1696=CARTESIAN_POINT('',(0.767885880000001,-5.25731112119134,-3.21917461834438E-16));
#1697=CARTESIAN_POINT('',(0.667885880000002,-4.75528258147577,1.54508497187474));
#1698=CARTESIAN_POINT('',(0.567885880000001,-4.2532540417602,3.09016994374947));
#1699=CARTESIAN_POINT('',(0.467885880000001,-2.93892626146237,4.04508497187474));
#1700=CARTESIAN_POINT('',(0.367885880000001,-1.62459848116453,5.));
#1701=CARTESIAN_POINT('',(0.267885880000002,-6.12323399573677E-16,5.));
#1702=CARTESIAN_POINT('',(0.167885880000001,1.62459848116453,5.));
#1703=CARTESIAN_POINT('',(0.067885880000001,2.93892626146237,4.04508497187474));
#1704=CARTESIAN_POINT('',(0.0160340845072233,3.62042881420717,3.54994438436142));
#1705=CARTESIAN_POINT('',(-0.038475584376906,4.10207674082319,2.85884004666183));
#1706=CARTESIAN_POINT('',(6.0366696960816,-0.468789306645558,3.97233430126305));
#1707=CARTESIAN_POINT('',(6.01800762488707,-0.235205134517555,3.99990040063702));
#1708=CARTESIAN_POINT('',(5.99991,-4.89846522254834E-16,3.99990040063702));
#1709=CARTESIAN_POINT('',(5.89991,1.29964642313686,3.99990040063702));
#1710=CARTESIAN_POINT('',(5.79991,2.35108246613319,3.23598739992251));
#1711=CARTESIAN_POINT('',(5.69991,3.40251850912953,2.472074399208));
#1712=CARTESIAN_POINT('',(5.59991,3.80413134055743,1.236037199604));
#1713=CARTESIAN_POINT('',(5.49991,4.20574417198534,7.72582670738172E-16));
#1714=CARTESIAN_POINT('',(5.39991,3.80413134055743,-1.236037199604));
#1715=CARTESIAN_POINT('',(5.29991,3.40251850912953,-2.472074399208));
#1716=CARTESIAN_POINT('',(5.19991,2.3510824661332,-3.23598739992251));
#1717=CARTESIAN_POINT('',(5.09991,1.29964642313686,-3.99990040063702));
#1718=CARTESIAN_POINT('',(4.99991,0.,-3.99990040063702));
#1719=CARTESIAN_POINT('',(4.89991,-1.29964642313686,-3.99990040063702));
#1720=CARTESIAN_POINT('',(4.79991,-2.35108246613319,-3.23598739992251));
#1721=CARTESIAN_POINT('',(4.69991,-3.40251850912953,-2.472074399208));
#1722=CARTESIAN_POINT('',(4.59991,-3.80413134055743,-1.236037199604));
#1723=CARTESIAN_POINT('',(4.49991,-4.20574417198534,-2.57527556912724E-16));
#1724=CARTESIAN_POINT('',(4.39991,-3.80413134055743,1.236037199604));
#1725=CARTESIAN_POINT('',(4.29991,-3.40251850912953,2.472074399208));
#1726=CARTESIAN_POINT('',(4.19991,-2.3510824661332,3.23598739992251));
#1727=CARTESIAN_POINT('',(4.09991,-1.29964642313686,3.99990040063702));
#1728=CARTESIAN_POINT('',(3.99991,-4.89846522254834E-16,3.99990040063702));
#1729=CARTESIAN_POINT('',(3.89991,1.29964642313686,3.99990040063702));
#1730=CARTESIAN_POINT('',(3.79991,2.35108246613319,3.23598739992251));
#1731=CARTESIAN_POINT('',(3.69991,3.40251850912953,2.472074399208));
#1732=CARTESIAN_POINT('',(3.59991,3.80413134055743,1.236037199604));
#1733=CARTESIAN_POINT('',(3.49991,4.20574417198534,7.72582670738172E-16));
#1734=CARTESIAN_POINT('',(3.39991,3.80413134055743,-1.236037199604));
#1735=CARTESIAN_POINT('',(3.29991,3.40251850912953,-2.472074399208));
#1736=CARTESIAN_POINT('',(3.19991,2.3510824661332,-3.23598739992251));
#1737=CARTESIAN_POINT('',(3.09991,1.29964642313686,-3.99990040063702));
#1738=CARTESIAN_POINT('',(2.99991,0.,-3.99990040063702));
#1739=CARTESIAN_POINT('',(2.89991,-1.29964642313686,-3.99990040063702));
#1740=CARTESIAN_POINT('',(2.79991,-2.35108246613319,-3.23598739992251));
#1741=CARTESIAN_POINT('',(2.69991,-3.40251850912953,-2.472074399208));
#1742=CARTESIAN_POINT('',(2.59991,-3.80413134055743,-1.236037199604));
#1743=CARTESIAN_POINT('',(2.49991,-4.20574417198534,-2.57527556912724E-16));
#1744=CARTESIAN_POINT('',(2.39991,-3.80413134055743,1.236037199604));
#1745=CARTESIAN_POINT('',(2.29991,-3.40251850912953,2.472074399208));
#1746=CARTESIAN_POINT('',(2.19991,-2.3510824661332,3.23598739992251));
#1747=CARTESIAN_POINT('',(2.09991,-1.29964642313686,3.99990040063702));
#1748=CARTESIAN_POINT('',(1.99991,-4.89846522254834E-16,3.99990040063702));
#1749=CARTESIAN_POINT('',(1.89991,1.29964642313686,3.99990040063702));
#1750=CARTESIAN_POINT('',(1.79991,2.35108246613319,3.23598739992251));
#1751=CARTESIAN_POINT('',(1.69991,3.40251850912953,2.472074399208));
#1752=CARTESIAN_POINT('',(1.59991,3.80413134055743,1.236037199604));
#1753=CARTESIAN_POINT('',(1.49991,4.20574417198534,7.72582670738172E-16));
#1754=CARTESIAN_POINT('',(1.39991,3.80413134055743,-1.236037199604));
#1755=CARTESIAN_POINT('',(1.29991,3.40251850912953,-2.472074399208));
#1756=CARTESIAN_POINT('',(1.19991,2.3510824661332,-3.23598739992251));
#1757=CARTESIAN_POINT('',(1.09991,1.29964642313686,-3.99990040063702));
#1758=CARTESIAN_POINT('',(0.999910000000001,0.,-3.99990040063702));
#1759=CARTESIAN_POINT('',(0.899910000000001,-1.29964642313686,-3.99990040063702));
#1760=CARTESIAN_POINT('',(0.799910000000001,-2.35108246613319,-3.23598739992251));
#1761=CARTESIAN_POINT('',(0.699910000000001,-3.40251850912953,-2.472074399208));
#1762=CARTESIAN_POINT('',(0.599910000000001,-3.80413134055743,-1.236037199604));
#1763=CARTESIAN_POINT('',(0.499910000000001,-4.20574417198534,-2.57527556912724E-16));
#1764=CARTESIAN_POINT('',(0.399910000000002,-3.80413134055743,1.236037199604));
#1765=CARTESIAN_POINT('',(0.299910000000001,-3.40251850912953,2.472074399208));
#1766=CARTESIAN_POINT('',(0.199910000000001,-2.3510824661332,3.23598739992251));
#1767=CARTESIAN_POINT('',(0.0999100000000008,-1.29964642313686,3.99990040063702));
#1768=CARTESIAN_POINT('',(-8.99999999985981E-5,-4.89846522254834E-16,3.99990040063702));
#1769=CARTESIAN_POINT('',(-0.100089999999999,1.29964642313686,3.99990040063702));
#1770=CARTESIAN_POINT('',(-0.200089999999999,2.35108246613319,3.23598739992251));
#1771=CARTESIAN_POINT('',(-0.251941795492777,2.89627093288501,2.83988479304928));
#1772=CARTESIAN_POINT('',(-0.306451464376906,3.2815796798125,2.28701508959996));
#1773=CARTESIAN_POINT('',(6.99991,0.,-3.99990040063702));
#1774=CARTESIAN_POINT('',(6.89991,-1.29964642313686,-3.99990040063702));
#1775=CARTESIAN_POINT('',(6.79991,-2.35108246613319,-3.23598739992251));
#1776=CARTESIAN_POINT('',(6.69991,-3.40251850912953,-2.472074399208));
#1777=CARTESIAN_POINT('',(6.59991,-3.80413134055743,-1.236037199604));
#1778=CARTESIAN_POINT('',(6.49991,-4.20574417198534,-2.57527556912724E-16));
#1779=CARTESIAN_POINT('',(6.39991,-3.80413134055743,1.236037199604));
#1780=CARTESIAN_POINT('',(6.29991,-3.40251850912953,2.472074399208));
#1781=CARTESIAN_POINT('',(6.19991,-2.3510824661332,3.23598739992251));
#1782=CARTESIAN_POINT('',(6.09991,-1.29964642313686,3.99990040063702));
#1783=CARTESIAN_POINT('',(5.99991,-4.89846522254834E-16,3.99990040063702));
#1784=CARTESIAN_POINT('',(5.89991,1.29964642313686,3.99990040063702));
#1785=CARTESIAN_POINT('',(5.79991,2.35108246613319,3.23598739992251));
#1786=CARTESIAN_POINT('',(5.69991,3.40251850912953,2.472074399208));
#1787=CARTESIAN_POINT('',(5.59991,3.80413134055743,1.236037199604));
#1788=CARTESIAN_POINT('',(5.49991,4.20574417198534,7.72582670738172E-16));
#1789=CARTESIAN_POINT('',(5.39991,3.80413134055743,-1.236037199604));
#1790=CARTESIAN_POINT('',(5.29991,3.40251850912953,-2.472074399208));
#1791=CARTESIAN_POINT('',(5.19991,2.3510824661332,-3.23598739992251));
#1792=CARTESIAN_POINT('',(5.09991,1.29964642313686,-3.99990040063702));
#1793=CARTESIAN_POINT('',(4.99991,9.79693044509668E-16,-3.99990040063702));
#1794=CARTESIAN_POINT('',(4.89991,-1.29964642313686,-3.99990040063702));
#1795=CARTESIAN_POINT('',(4.79991,-2.35108246613319,-3.23598739992251));
#1796=CARTESIAN_POINT('',(4.69991,-3.40251850912953,-2.472074399208));
#1797=CARTESIAN_POINT('',(4.59991,-3.80413134055743,-1.236037199604));
#1798=CARTESIAN_POINT('',(4.49991,-4.20574417198534,-1.28763778456362E-15));
#1799=CARTESIAN_POINT('',(4.39991,-3.80413134055743,1.236037199604));
#1800=CARTESIAN_POINT('',(4.29991,-3.40251850912953,2.472074399208));
#1801=CARTESIAN_POINT('',(4.19991,-2.3510824661332,3.23598739992251));
#1802=CARTESIAN_POINT('',(4.09991,-1.29964642313686,3.99990040063702));
#1803=CARTESIAN_POINT('',(3.99991,-1.4695395667645E-15,3.99990040063702));
#1804=CARTESIAN_POINT('',(3.89991,1.29964642313686,3.99990040063702));
#1805=CARTESIAN_POINT('',(3.79991,2.35108246613319,3.23598739992251));
#1806=CARTESIAN_POINT('',(3.69991,3.40251850912953,2.472074399208));
#1807=CARTESIAN_POINT('',(3.59991,3.80413134055743,1.236037199604));
#1808=CARTESIAN_POINT('',(3.49991,4.20574417198534,1.80269289838907E-15));
#1809=CARTESIAN_POINT('',(3.39991,3.80413134055743,-1.236037199604));
#1810=CARTESIAN_POINT('',(3.29991,3.40251850912953,-2.472074399208));
#1811=CARTESIAN_POINT('',(3.19991,2.3510824661332,-3.23598739992251));
#1812=CARTESIAN_POINT('',(3.09991,1.29964642313686,-3.99990040063702));
#1813=CARTESIAN_POINT('',(2.99991,1.95938608901934E-15,-3.99990040063702));
#1814=CARTESIAN_POINT('',(2.89991,-1.29964642313686,-3.99990040063702));
#1815=CARTESIAN_POINT('',(2.79991,-2.35108246613319,-3.23598739992251));
#1816=CARTESIAN_POINT('',(2.69991,-3.40251850912953,-2.472074399208));
#1817=CARTESIAN_POINT('',(2.59991,-3.80413134055743,-1.236037199604));
#1818=CARTESIAN_POINT('',(2.49991,-4.20574417198534,-2.31774801221451E-15));
#1819=CARTESIAN_POINT('',(2.39991,-3.80413134055743,1.236037199604));
#1820=CARTESIAN_POINT('',(2.29991,-3.40251850912953,2.472074399208));
#1821=CARTESIAN_POINT('',(2.19991,-2.3510824661332,3.23598739992251));
#1822=CARTESIAN_POINT('',(2.09991,-1.29964642313686,3.99990040063702));
#1823=CARTESIAN_POINT('',(1.99991,-2.44923261127417E-15,3.99990040063702));
#1824=CARTESIAN_POINT('',(1.89991,1.29964642313685,3.99990040063702));
#1825=CARTESIAN_POINT('',(1.79991,2.35108246613319,3.23598739992251));
#1826=CARTESIAN_POINT('',(1.69991,3.40251850912953,2.472074399208));
#1827=CARTESIAN_POINT('',(1.59991,3.80413134055743,1.236037199604));
#1828=CARTESIAN_POINT('',(1.49991,4.20574417198534,1.03037055507139E-14));
#1829=CARTESIAN_POINT('',(1.39991,3.80413134055743,-1.236037199604));
#1830=CARTESIAN_POINT('',(1.29991,3.40251850912953,-2.472074399208));
#1831=CARTESIAN_POINT('',(1.19991,2.3510824661332,-3.23598739992251));
#1832=CARTESIAN_POINT('',(1.09991,1.29964642313687,-3.99990040063702));
#1833=CARTESIAN_POINT('',(0.999910000000001,2.939079133529E-15,-3.99990040063702));
#1834=CARTESIAN_POINT('',(0.899910000000001,-1.29964642313686,-3.99990040063702));
#1835=CARTESIAN_POINT('',(0.799910000000001,-2.35108246613319,-3.23598739992251));
#1836=CARTESIAN_POINT('',(0.699910000000001,-3.40251850912952,-2.47207439920801));
#1837=CARTESIAN_POINT('',(0.599910000000001,-3.80413134055743,-1.236037199604));
#1838=CARTESIAN_POINT('',(0.499910000000001,-4.20574417198534,4.12304418480848E-15));
#1839=CARTESIAN_POINT('',(0.399910000000002,-3.80413134055743,1.236037199604));
#1840=CARTESIAN_POINT('',(0.299910000000001,-3.40251850912954,2.47207439920799));
#1841=CARTESIAN_POINT('',(0.199910000000001,-2.3510824661332,3.23598739992251));
#1842=CARTESIAN_POINT('',(0.0999100000000008,-1.29964642313686,3.99990040063702));
#1843=CARTESIAN_POINT('',(-8.99999999985981E-5,-3.42892565578384E-15,3.99990040063702));
#1844=CARTESIAN_POINT('',(-0.100089999999999,1.29964642313685,3.99990040063702));
#1845=CARTESIAN_POINT('',(-0.200089999999999,2.35108246613319,3.23598739992251));
#1846=CARTESIAN_POINT('',(-0.300089999999999,3.40251850912953,2.472074399208));
#1847=CARTESIAN_POINT('',(-0.400089999999999,3.80413134055743,1.236037199604));
#1848=CARTESIAN_POINT('',(-0.500089999999999,4.20574417198534,1.13338157783648E-14));
#1849=CARTESIAN_POINT('',(-0.600089999999998,3.80413134055743,-1.236037199604));
#1850=CARTESIAN_POINT('',(-0.700089999999999,3.40251850912953,-2.472074399208));
#1851=CARTESIAN_POINT('',(-0.800089999999999,2.3510824661332,-3.23598739992251));
#1852=CARTESIAN_POINT('',(-0.900089999999999,1.29964642313687,-3.99990040063702));
#1853=CARTESIAN_POINT('',(-1.00009,3.91877217803867E-15,-3.99990040063702));
#1854=CARTESIAN_POINT('',(-1.10009,-1.29964642313686,-3.99990040063702));
#1855=CARTESIAN_POINT('',(-1.20009,-2.35108246613319,-3.23598739992251));
#1856=CARTESIAN_POINT('',(-1.30009,-3.40251850912952,-2.47207439920801));
#1857=CARTESIAN_POINT('',(-1.40009,-3.80413134055743,-1.236037199604));
#1858=CARTESIAN_POINT('',(-1.50009,-4.20574417198534,3.09293395715759E-15));
#1859=CARTESIAN_POINT('',(-1.60009,-3.80413134055743,1.236037199604));
#1860=CARTESIAN_POINT('',(-1.70009,-3.40251850912954,2.47207439920799));
#1861=CARTESIAN_POINT('',(-1.80009,-2.3510824661332,3.23598739992251));
#1862=CARTESIAN_POINT('',(-1.90009,-1.29964642313686,3.99990040063702));
#1863=CARTESIAN_POINT('',(-2.00009,-4.40861870029351E-15,3.99990040063702));
#1864=CARTESIAN_POINT('',(-2.10009,1.29964642313685,3.99990040063702));
#1865=CARTESIAN_POINT('',(-2.20009,2.35108246613319,3.23598739992251));
#1866=CARTESIAN_POINT('',(-2.30009,3.40251850912953,2.472074399208));
#1867=CARTESIAN_POINT('',(-2.40009,3.80413134055743,1.236037199604));
#1868=CARTESIAN_POINT('',(-2.50009,4.20574417198534,1.23639260060156E-14));
#1869=CARTESIAN_POINT('',(-2.60009,3.80413134055743,-1.236037199604));
#1870=CARTESIAN_POINT('',(-2.70009,3.40251850912953,-2.472074399208));
#1871=CARTESIAN_POINT('',(-2.80009,2.3510824661332,-3.23598739992251));
#1872=CARTESIAN_POINT('',(-2.90009,1.29964642313687,-3.99990040063702));
#1873=CARTESIAN_POINT('',(-3.00009,4.89846522254834E-15,-3.99990040063702));
#1874=CARTESIAN_POINT('',(-3.10009,-1.29964642313686,-3.99990040063702));
#1875=CARTESIAN_POINT('',(-3.20009,-2.35108246613318,-3.23598739992252));
#1876=CARTESIAN_POINT('',(-3.30009,-3.40251850912952,-2.47207439920801));
#1877=CARTESIAN_POINT('',(-3.40009,-3.80413134055743,-1.236037199604));
#1878=CARTESIAN_POINT('',(-3.50009,-4.20574417198534,2.06282372950669E-15));
#1879=CARTESIAN_POINT('',(-3.60009,-3.80413134055743,1.23603719960401));
#1880=CARTESIAN_POINT('',(-3.70009,-3.40251850912954,2.47207439920799));
#1881=CARTESIAN_POINT('',(-3.80009,-2.3510824661332,3.23598739992251));
#1882=CARTESIAN_POINT('',(-3.90009,-1.29964642313686,3.99990040063702));
#1883=CARTESIAN_POINT('',(-4.00009,-1.95988126119859E-14,3.99990040063702));
#1884=CARTESIAN_POINT('',(-4.10009,1.29964642313685,3.99990040063702));
#1885=CARTESIAN_POINT('',(-4.20009,2.35108246613319,3.23598739992251));
#1886=CARTESIAN_POINT('',(-4.30009,3.40251850912953,2.472074399208));
#1887=CARTESIAN_POINT('',(-4.40009,3.80413134055743,1.23603719960399));
#1888=CARTESIAN_POINT('',(-4.50009,4.20574417198534,1.33940362336665E-14));
#1889=CARTESIAN_POINT('',(-4.60009,3.80413134055743,-1.23603719960399));
#1890=CARTESIAN_POINT('',(-4.70009,3.40251850912953,-2.472074399208));
#1891=CARTESIAN_POINT('',(-4.80009,2.35108246613321,-3.2359873999225));
#1892=CARTESIAN_POINT('',(-4.90009,1.29964642313687,-3.99990040063701));
#1893=CARTESIAN_POINT('',(-5.00009,5.87815826705801E-15,-3.99990040063702));
#1894=CARTESIAN_POINT('',(-5.10009,-1.29964642313686,-3.99990040063702));
#1895=CARTESIAN_POINT('',(-5.20009,-2.3510824661332,-3.2359873999225));
#1896=CARTESIAN_POINT('',(-5.30009,-3.40251850912952,-2.47207439920801));
#1897=CARTESIAN_POINT('',(-5.40009,-3.80413134055743,-1.23603719960401));
#1898=CARTESIAN_POINT('',(-5.50009,-4.20574417198534,1.0327135018558E-15));
#1899=CARTESIAN_POINT('',(-5.60009,-3.80413134055744,1.23603719960398));
#1900=CARTESIAN_POINT('',(-5.70009,-3.40251850912954,2.47207439920799));
#1901=CARTESIAN_POINT('',(-5.80009,-2.3510824661332,3.23598739992251));
#1902=CARTESIAN_POINT('',(-5.90009,-1.29964642313686,3.99990040063702));
#1903=CARTESIAN_POINT('',(-6.00009,7.8424960778699E-15,3.99990040063702));
#1904=CARTESIAN_POINT('',(-6.10009,1.29964642313685,3.99990040063702));
#1905=CARTESIAN_POINT('',(-6.20009,2.35108246613319,3.23598739992251));
#1906=CARTESIAN_POINT('',(-6.30009,3.40251850912953,2.472074399208));
#1907=CARTESIAN_POINT('',(-6.40009,3.80413134055743,1.23603719960402));
#1908=CARTESIAN_POINT('',(-6.50009,4.20574417198534,1.44241464613174E-14));
#1909=CARTESIAN_POINT('',(-6.60009,3.80413134055743,-1.23603719960399));
#1910=CARTESIAN_POINT('',(-6.70009,3.40251850912953,-2.472074399208));
#1911=CARTESIAN_POINT('',(-6.80009,2.35108246613319,-3.23598739992251));
#1912=CARTESIAN_POINT('',(-6.90009,1.29964642313687,-3.99990040063701));
#1913=CARTESIAN_POINT('',(-7.00009,6.85785131156768E-15,-3.99990040063702));
#1914=CARTESIAN_POINT('',(10.,0.,0.));
#1915=CARTESIAN_POINT('',(6.26797588,0.,-3.99990040063702));
#1916=CARTESIAN_POINT('',(6.16797588,-1.29964642313686,-3.99990040063702));
#1917=CARTESIAN_POINT('',(6.06797588,-2.35108246613319,-3.23598739992251));
#1918=CARTESIAN_POINT('',(5.96797588,-3.40251850912953,-2.472074399208));
#1919=CARTESIAN_POINT('',(5.86797588,-3.80413134055743,-1.236037199604));
#1920=CARTESIAN_POINT('',(5.76797588,-4.20574417198534,-2.57527556912724E-16));
#1921=CARTESIAN_POINT('',(5.66797588,-3.80413134055743,1.236037199604));
#1922=CARTESIAN_POINT('',(5.56797588,-3.40251850912953,2.472074399208));
#1923=CARTESIAN_POINT('',(5.46797588,-2.3510824661332,3.23598739992251));
#1924=CARTESIAN_POINT('',(5.36797588,-1.29964642313686,3.99990040063702));
#1925=CARTESIAN_POINT('',(5.26797588,-4.89846522254834E-16,3.99990040063702));
#1926=CARTESIAN_POINT('',(5.16797588,1.29964642313686,3.99990040063702));
#1927=CARTESIAN_POINT('',(5.06797588,2.35108246613319,3.23598739992251));
#1928=CARTESIAN_POINT('',(4.96797588,3.40251850912953,2.472074399208));
#1929=CARTESIAN_POINT('',(4.86797588,3.80413134055743,1.236037199604));
#1930=CARTESIAN_POINT('',(4.76797588,4.20574417198534,7.72582670738172E-16));
#1931=CARTESIAN_POINT('',(4.66797588,3.80413134055743,-1.236037199604));
#1932=CARTESIAN_POINT('',(4.56797588,3.40251850912953,-2.472074399208));
#1933=CARTESIAN_POINT('',(4.46797588,2.3510824661332,-3.23598739992251));
#1934=CARTESIAN_POINT('',(4.36797588,1.29964642313686,-3.99990040063702));
#1935=CARTESIAN_POINT('',(4.26797588,9.79693044509668E-16,-3.99990040063702));
#1936=CARTESIAN_POINT('',(4.16797588,-1.29964642313686,-3.99990040063702));
#1937=CARTESIAN_POINT('',(4.06797588,-2.35108246613319,-3.23598739992251));
#1938=CARTESIAN_POINT('',(3.96797588,-3.40251850912953,-2.472074399208));
#1939=CARTESIAN_POINT('',(3.86797588,-3.80413134055743,-1.236037199604));
#1940=CARTESIAN_POINT('',(3.76797588,-4.20574417198534,-1.28763778456362E-15));
#1941=CARTESIAN_POINT('',(3.66797588,-3.80413134055743,1.236037199604));
#1942=CARTESIAN_POINT('',(3.56797588,-3.40251850912953,2.472074399208));
#1943=CARTESIAN_POINT('',(3.46797588,-2.3510824661332,3.23598739992251));
#1944=CARTESIAN_POINT('',(3.36797588,-1.29964642313686,3.99990040063702));
#1945=CARTESIAN_POINT('',(3.26797588,-1.4695395667645E-15,3.99990040063702));
#1946=CARTESIAN_POINT('',(3.16797588,1.29964642313686,3.99990040063702));
#1947=CARTESIAN_POINT('',(3.06797588,2.35108246613319,3.23598739992251));
#1948=CARTESIAN_POINT('',(2.96797588,3.40251850912953,2.472074399208));
#1949=CARTESIAN_POINT('',(2.86797588,3.80413134055743,1.236037199604));
#1950=CARTESIAN_POINT('',(2.76797588,4.20574417198534,1.80269289838907E-15));
#1951=CARTESIAN_POINT('',(2.66797588,3.80413134055743,-1.236037199604));
#1952=CARTESIAN_POINT('',(2.56797588,3.40251850912953,-2.472074399208));
#1953=CARTESIAN_POINT('',(2.46797588,2.3510824661332,-3.23598739992251));
#1954=CARTESIAN_POINT('',(2.36797588,1.29964642313686,-3.99990040063702));
#1955=CARTESIAN_POINT('',(2.26797588,1.95938608901934E-15,-3.99990040063702));
#1956=CARTESIAN_POINT('',(2.16797588,-1.29964642313686,-3.99990040063702));
#1957=CARTESIAN_POINT('',(2.06797588,-2.35108246613319,-3.23598739992251));
#1958=CARTESIAN_POINT('',(1.96797588,-3.40251850912953,-2.472074399208));
#1959=CARTESIAN_POINT('',(1.86797588,-3.80413134055743,-1.236037199604));
#1960=CARTESIAN_POINT('',(1.76797588,-4.20574417198534,-2.31774801221451E-15));
#1961=CARTESIAN_POINT('',(1.66797588,-3.80413134055743,1.236037199604));
#1962=CARTESIAN_POINT('',(1.56797588,-3.40251850912953,2.472074399208));
#1963=CARTESIAN_POINT('',(1.46797588,-2.3510824661332,3.23598739992251));
#1964=CARTESIAN_POINT('',(1.36797588,-1.29964642313686,3.99990040063702));
#1965=CARTESIAN_POINT('',(1.26797588,-2.44923261127417E-15,3.99990040063702));
#1966=CARTESIAN_POINT('',(1.16797588,1.29964642313685,3.99990040063702));
#1967=CARTESIAN_POINT('',(1.06797588,2.35108246613319,3.23598739992251));
#1968=CARTESIAN_POINT('',(0.967975880000001,3.40251850912953,2.472074399208));
#1969=CARTESIAN_POINT('',(0.867975880000001,3.80413134055743,1.236037199604));
#1970=CARTESIAN_POINT('',(0.76797588,4.20574417198534,1.03037055507139E-14));
#1971=CARTESIAN_POINT('',(0.667975880000001,3.80413134055743,-1.236037199604));
#1972=CARTESIAN_POINT('',(0.567975880000001,3.40251850912953,-2.472074399208));
#1973=CARTESIAN_POINT('',(0.467975880000001,2.3510824661332,-3.23598739992251));
#1974=CARTESIAN_POINT('',(0.367975880000001,1.29964642313687,-3.99990040063702));
#1975=CARTESIAN_POINT('',(0.267975880000001,2.939079133529E-15,-3.99990040063702));
#1976=CARTESIAN_POINT('',(0.167975880000001,-1.29964642313686,-3.99990040063702));
#1977=CARTESIAN_POINT('',(0.0679758800000005,-2.35108246613319,-3.23598739992251));
#1978=CARTESIAN_POINT('',(-0.0320241199999989,-3.40251850912952,-2.47207439920801));
#1979=CARTESIAN_POINT('',(-0.132024119999999,-3.80413134055743,-1.236037199604));
#1980=CARTESIAN_POINT('',(-0.232024119999999,-4.20574417198534,4.12304418480848E-15));
#1981=CARTESIAN_POINT('',(-0.332024119999999,-3.80413134055743,1.236037199604));
#1982=CARTESIAN_POINT('',(-0.432024119999999,-3.40251850912954,2.47207439920799));
#1983=CARTESIAN_POINT('',(-0.532024119999999,-2.3510824661332,3.23598739992251));
#1984=CARTESIAN_POINT('',(-0.63202412,-1.29964642313686,3.99990040063702));
#1985=CARTESIAN_POINT('',(-0.732024119999999,-3.42892565578384E-15,3.99990040063702));
#1986=CARTESIAN_POINT('',(-0.832024119999999,1.29964642313685,3.99990040063702));
#1987=CARTESIAN_POINT('',(-0.93202412,2.35108246613319,3.23598739992251));
#1988=CARTESIAN_POINT('',(-1.03202412,3.40251850912953,2.472074399208));
#1989=CARTESIAN_POINT('',(-1.13202412,3.80413134055743,1.236037199604));
#1990=CARTESIAN_POINT('',(-1.23202412,4.20574417198534,1.13338157783648E-14));
#1991=CARTESIAN_POINT('',(-1.33202412,3.80413134055743,-1.236037199604));
#1992=CARTESIAN_POINT('',(-1.43202412,3.40251850912953,-2.472074399208));
#1993=CARTESIAN_POINT('',(-1.53202412,2.3510824661332,-3.23598739992251));
#1994=CARTESIAN_POINT('',(-1.63202412,1.29964642313687,-3.99990040063702));
#1995=CARTESIAN_POINT('',(-1.73202412,3.91877217803867E-15,-3.99990040063702));
#1996=CARTESIAN_POINT('',(-1.83202412,-1.29964642313686,-3.99990040063702));
#1997=CARTESIAN_POINT('',(-1.93202412,-2.35108246613319,-3.23598739992251));
#1998=CARTESIAN_POINT('',(-2.03202412,-3.40251850912952,-2.47207439920801));
#1999=CARTESIAN_POINT('',(-2.13202412,-3.80413134055743,-1.236037199604));
#2000=CARTESIAN_POINT('',(-2.23202412,-4.20574417198534,3.09293395715759E-15));
#2001=CARTESIAN_POINT('',(-2.33202412,-3.80413134055743,1.236037199604));
#2002=CARTESIAN_POINT('',(-2.43202412,-3.40251850912954,2.47207439920799));
#2003=CARTESIAN_POINT('',(-2.53202412,-2.3510824661332,3.23598739992251));
#2004=CARTESIAN_POINT('',(-2.63202412,-1.29964642313686,3.99990040063702));
#2005=CARTESIAN_POINT('',(-2.73202412,-4.40861870029351E-15,3.99990040063702));
#2006=CARTESIAN_POINT('',(-2.83202412,1.29964642313685,3.99990040063702));
#2007=CARTESIAN_POINT('',(-2.93202412,2.35108246613319,3.23598739992251));
#2008=CARTESIAN_POINT('',(-3.03202412,3.40251850912953,2.472074399208));
#2009=CARTESIAN_POINT('',(-3.13202412,3.80413134055743,1.236037199604));
#2010=CARTESIAN_POINT('',(-3.23202412,4.20574417198534,1.23639260060156E-14));
#2011=CARTESIAN_POINT('',(-3.33202412,3.80413134055743,-1.236037199604));
#2012=CARTESIAN_POINT('',(-3.43202412,3.40251850912953,-2.472074399208));
#2013=CARTESIAN_POINT('',(-3.53202412,2.3510824661332,-3.23598739992251));
#2014=CARTESIAN_POINT('',(-3.63202412,1.29964642313687,-3.99990040063702));
#2015=CARTESIAN_POINT('',(-3.73202412,4.89846522254834E-15,-3.99990040063702));
#2016=CARTESIAN_POINT('',(-3.83202412,-1.29964642313686,-3.99990040063702));
#2017=CARTESIAN_POINT('',(-3.93202412,-2.35108246613318,-3.23598739992252));
#2018=CARTESIAN_POINT('',(-4.03202412,-3.40251850912952,-2.47207439920801));
#2019=CARTESIAN_POINT('',(-4.13202412,-3.80413134055743,-1.236037199604));
#2020=CARTESIAN_POINT('',(-4.23202412,-4.20574417198534,2.06282372950669E-15));
#2021=CARTESIAN_POINT('',(-4.33202412,-3.80413134055743,1.23603719960401));
#2022=CARTESIAN_POINT('',(-4.43202412,-3.40251850912954,2.47207439920799));
#2023=CARTESIAN_POINT('',(-4.53202412,-2.3510824661332,3.23598739992251));
#2024=CARTESIAN_POINT('',(-4.63202412,-1.29964642313686,3.99990040063702));
#2025=CARTESIAN_POINT('',(-4.73202412,-1.95988126119859E-14,3.99990040063702));
#2026=CARTESIAN_POINT('',(-4.83202412,1.29964642313685,3.99990040063702));
#2027=CARTESIAN_POINT('',(-4.93202412,2.35108246613319,3.23598739992251));
#2028=CARTESIAN_POINT('',(-5.03202412,3.40251850912953,2.472074399208));
#2029=CARTESIAN_POINT('',(-5.13202412,3.80413134055743,1.23603719960399));
#2030=CARTESIAN_POINT('',(-5.23202412,4.20574417198534,1.33940362336665E-14));
#2031=CARTESIAN_POINT('',(-5.33202412,3.80413134055743,-1.23603719960399));
#2032=CARTESIAN_POINT('',(-5.43202412,3.40251850912953,-2.472074399208));
#2033=CARTESIAN_POINT('',(-5.53202412,2.35108246613321,-3.2359873999225));
#2034=CARTESIAN_POINT('',(-5.63202412,1.29964642313687,-3.99990040063701));
#2035=CARTESIAN_POINT('',(-5.73202412,5.87815826705801E-15,-3.99990040063702));
#2036=CARTESIAN_POINT('',(-5.83202412,-1.29964642313686,-3.99990040063702));
#2037=CARTESIAN_POINT('',(-5.93202412,-2.3510824661332,-3.2359873999225));
#2038=CARTESIAN_POINT('',(-6.03202412,-3.40251850912952,-2.47207439920801));
#2039=CARTESIAN_POINT('',(-6.13202412,-3.80413134055743,-1.23603719960401));
#2040=CARTESIAN_POINT('',(-6.23202412,-4.20574417198534,1.0327135018558E-15));
#2041=CARTESIAN_POINT('',(-6.33202412,-3.80413134055744,1.23603719960398));
#2042=CARTESIAN_POINT('',(-6.43202412,-3.40251850912954,2.47207439920799));
#2043=CARTESIAN_POINT('',(-6.53202412,-2.3510824661332,3.23598739992251));
#2044=CARTESIAN_POINT('',(-6.63202412,-1.29964642313686,3.99990040063702));
#2045=CARTESIAN_POINT('',(-6.73202412,7.8424960778699E-15,3.99990040063702));
#2046=CARTESIAN_POINT('',(-6.83202412,1.29964642313685,3.99990040063702));
#2047=CARTESIAN_POINT('',(-6.93202412,2.35108246613319,3.23598739992251));
#2048=CARTESIAN_POINT('',(-7.03202412,3.40251850912953,2.472074399208));
#2049=CARTESIAN_POINT('',(-7.13202412,3.80413134055743,1.23603719960402));
#2050=CARTESIAN_POINT('',(-7.23202412,4.20574417198534,1.44241464613174E-14));
#2051=CARTESIAN_POINT('',(-7.33202412,3.80413134055743,-1.23603719960399));
#2052=CARTESIAN_POINT('',(-7.43202412,3.40251850912953,-2.472074399208));
#2053=CARTESIAN_POINT('',(-7.53202412,2.35108246613319,-3.23598739992251));
#2054=CARTESIAN_POINT('',(-7.63202412,1.29964642313687,-3.99990040063701));
#2055=CARTESIAN_POINT('',(-7.73202412,6.85785131156768E-15,-3.99990040063702));
#2056=CARTESIAN_POINT('',(6.26797588,0.,-3.99990040063702));
#2057=CARTESIAN_POINT('',(6.16797588,-1.29964642313686,-3.99990040063702));
#2058=CARTESIAN_POINT('',(6.06797588,-2.35108246613319,-3.23598739992251));
#2059=CARTESIAN_POINT('',(5.96797588,-3.40251850912953,-2.472074399208));
#2060=CARTESIAN_POINT('',(5.86797588,-3.80413134055743,-1.236037199604));
#2061=CARTESIAN_POINT('',(5.76797588,-4.20574417198534,-2.57527556912724E-16));
#2062=CARTESIAN_POINT('',(5.66797588,-3.80413134055743,1.236037199604));
#2063=CARTESIAN_POINT('',(5.56797588,-3.40251850912953,2.472074399208));
#2064=CARTESIAN_POINT('',(5.46797588,-2.3510824661332,3.23598739992251));
#2065=CARTESIAN_POINT('',(5.36797588,-1.29964642313686,3.99990040063702));
#2066=CARTESIAN_POINT('',(5.26797588,-4.89846522254834E-16,3.99990040063702));
#2067=CARTESIAN_POINT('',(5.16797588,1.29964642313686,3.99990040063702));
#2068=CARTESIAN_POINT('',(5.06797588,2.35108246613319,3.23598739992251));
#2069=CARTESIAN_POINT('',(4.96797588,3.40251850912953,2.472074399208));
#2070=CARTESIAN_POINT('',(4.86797588,3.80413134055743,1.236037199604));
#2071=CARTESIAN_POINT('',(4.76797588,4.20574417198534,7.72582670738172E-16));
#2072=CARTESIAN_POINT('',(4.66797588,3.80413134055743,-1.236037199604));
#2073=CARTESIAN_POINT('',(4.56797588,3.40251850912953,-2.472074399208));
#2074=CARTESIAN_POINT('',(4.46797588,2.3510824661332,-3.23598739992251));
#2075=CARTESIAN_POINT('',(4.36797588,1.29964642313686,-3.99990040063702));
#2076=CARTESIAN_POINT('',(4.26797588,0.,-3.99990040063702));
#2077=CARTESIAN_POINT('',(4.16797588,-1.29964642313686,-3.99990040063702));
#2078=CARTESIAN_POINT('',(4.06797588,-2.35108246613319,-3.23598739992251));
#2079=CARTESIAN_POINT('',(3.96797588,-3.40251850912953,-2.472074399208));
#2080=CARTESIAN_POINT('',(3.86797588,-3.80413134055743,-1.236037199604));
#2081=CARTESIAN_POINT('',(3.76797588,-4.20574417198534,-2.57527556912724E-16));
#2082=CARTESIAN_POINT('',(3.66797588,-3.80413134055743,1.236037199604));
#2083=CARTESIAN_POINT('',(3.56797588,-3.40251850912953,2.472074399208));
#2084=CARTESIAN_POINT('',(3.46797588,-2.3510824661332,3.23598739992251));
#2085=CARTESIAN_POINT('',(3.36797588,-1.29964642313686,3.99990040063702));
#2086=CARTESIAN_POINT('',(3.26797588,-4.89846522254834E-16,3.99990040063702));
#2087=CARTESIAN_POINT('',(3.16797588,1.29964642313686,3.99990040063702));
#2088=CARTESIAN_POINT('',(3.06797588,2.35108246613319,3.23598739992251));
#2089=CARTESIAN_POINT('',(2.96797588,3.40251850912953,2.472074399208));
#2090=CARTESIAN_POINT('',(2.86797588,3.80413134055743,1.236037199604));
#2091=CARTESIAN_POINT('',(2.76797588,4.20574417198534,7.72582670738172E-16));
#2092=CARTESIAN_POINT('',(2.66797588,3.80413134055743,-1.236037199604));
#2093=CARTESIAN_POINT('',(2.56797588,3.40251850912953,-2.472074399208));
#2094=CARTESIAN_POINT('',(2.46797588,2.3510824661332,-3.23598739992251));
#2095=CARTESIAN_POINT('',(2.36797588,1.29964642313686,-3.99990040063702));
#2096=CARTESIAN_POINT('',(2.26797588,0.,-3.99990040063702));
#2097=CARTESIAN_POINT('',(2.16797588,-1.29964642313686,-3.99990040063702));
#2098=CARTESIAN_POINT('',(2.06797588,-2.35108246613319,-3.23598739992251));
#2099=CARTESIAN_POINT('',(1.96797588,-3.40251850912953,-2.472074399208));
#2100=CARTESIAN_POINT('',(1.86797588,-3.80413134055743,-1.236037199604));
#2101=CARTESIAN_POINT('',(1.76797588,-4.20574417198534,-2.57527556912724E-16));
#2102=CARTESIAN_POINT('',(1.66797588,-3.80413134055743,1.236037199604));
#2103=CARTESIAN_POINT('',(1.56797588,-3.40251850912953,2.472074399208));
#2104=CARTESIAN_POINT('',(1.46797588,-2.3510824661332,3.23598739992251));
#2105=CARTESIAN_POINT('',(1.36797588,-1.29964642313686,3.99990040063702));
#2106=CARTESIAN_POINT('',(1.26797588,-4.89846522254834E-16,3.99990040063702));
#2107=CARTESIAN_POINT('',(1.16797588,1.29964642313686,3.99990040063702));
#2108=CARTESIAN_POINT('',(1.06797588,2.35108246613319,3.23598739992251));
#2109=CARTESIAN_POINT('',(0.967975880000001,3.40251850912953,2.472074399208));
#2110=CARTESIAN_POINT('',(0.867975880000001,3.80413134055743,1.236037199604));
#2111=CARTESIAN_POINT('',(0.76797588,4.20574417198534,7.72582670738172E-16));
#2112=CARTESIAN_POINT('',(0.667975880000001,3.80413134055743,-1.236037199604));
#2113=CARTESIAN_POINT('',(0.567975880000001,3.40251850912953,-2.472074399208));
#2114=CARTESIAN_POINT('',(0.467975880000001,2.3510824661332,-3.23598739992251));
#2115=CARTESIAN_POINT('',(0.367975880000001,1.29964642313686,-3.99990040063702));
#2116=CARTESIAN_POINT('',(0.267975880000001,0.,-3.99990040063702));
#2117=CARTESIAN_POINT('',(0.167975880000001,-1.29964642313686,-3.99990040063702));
#2118=CARTESIAN_POINT('',(0.0679758800000005,-2.35108246613319,-3.23598739992251));
#2119=CARTESIAN_POINT('',(0.0160797672059266,-2.89673690096412,-2.83954624742311));
#2120=CARTESIAN_POINT('',(-0.0384761881154735,-3.28221999731931,-2.28609604002399));
#2121=CARTESIAN_POINT('',(6.,0.,-5.));
#2122=CARTESIAN_POINT('',(5.9,-1.62459848116453,-5.));
#2123=CARTESIAN_POINT('',(5.8,-2.93892626146237,-4.04508497187474));
#2124=CARTESIAN_POINT('',(5.7,-4.2532540417602,-3.09016994374947));
#2125=CARTESIAN_POINT('',(5.6,-4.75528258147577,-1.54508497187474));
#2126=CARTESIAN_POINT('',(5.5,-5.25731112119134,-3.21917461834438E-16));
#2127=CARTESIAN_POINT('',(5.4,-4.75528258147577,1.54508497187474));
#2128=CARTESIAN_POINT('',(5.3,-4.2532540417602,3.09016994374947));
#2129=CARTESIAN_POINT('',(5.2,-2.93892626146237,4.04508497187474));
#2130=CARTESIAN_POINT('',(5.1,-1.62459848116453,5.));
#2131=CARTESIAN_POINT('',(5.,-6.12323399573677E-16,5.));
#2132=CARTESIAN_POINT('',(4.9,1.62459848116453,5.));
#2133=CARTESIAN_POINT('',(4.8,2.93892626146237,4.04508497187474));
#2134=CARTESIAN_POINT('',(4.7,4.2532540417602,3.09016994374947));
#2135=CARTESIAN_POINT('',(4.6,4.75528258147577,1.54508497187474));
#2136=CARTESIAN_POINT('',(4.5,5.25731112119134,9.65752385503313E-16));
#2137=CARTESIAN_POINT('',(4.4,4.75528258147577,-1.54508497187474));
#2138=CARTESIAN_POINT('',(4.3,4.2532540417602,-3.09016994374947));
#2139=CARTESIAN_POINT('',(4.2,2.93892626146237,-4.04508497187474));
#2140=CARTESIAN_POINT('',(4.1,1.62459848116453,-5.));
#2141=CARTESIAN_POINT('',(4.,0.,-5.));
#2142=CARTESIAN_POINT('',(3.9,-1.62459848116453,-5.));
#2143=CARTESIAN_POINT('',(3.8,-2.93892626146237,-4.04508497187474));
#2144=CARTESIAN_POINT('',(3.7,-4.2532540417602,-3.09016994374947));
#2145=CARTESIAN_POINT('',(3.6,-4.75528258147577,-1.54508497187474));
#2146=CARTESIAN_POINT('',(3.5,-5.25731112119134,-3.21917461834438E-16));
#2147=CARTESIAN_POINT('',(3.4,-4.75528258147577,1.54508497187474));
#2148=CARTESIAN_POINT('',(3.3,-4.2532540417602,3.09016994374947));
#2149=CARTESIAN_POINT('',(3.2,-2.93892626146237,4.04508497187474));
#2150=CARTESIAN_POINT('',(3.1,-1.62459848116453,5.));
#2151=CARTESIAN_POINT('',(3.,-6.12323399573677E-16,5.));
#2152=CARTESIAN_POINT('',(2.9,1.62459848116453,5.));
#2153=CARTESIAN_POINT('',(2.8,2.93892626146237,4.04508497187474));
#2154=CARTESIAN_POINT('',(2.7,4.2532540417602,3.09016994374947));
#2155=CARTESIAN_POINT('',(2.6,4.75528258147577,1.54508497187474));
#2156=CARTESIAN_POINT('',(2.5,5.25731112119134,9.65752385503313E-16));
#2157=CARTESIAN_POINT('',(2.4,4.75528258147577,-1.54508497187474));
#2158=CARTESIAN_POINT('',(2.3,4.2532540417602,-3.09016994374947));
#2159=CARTESIAN_POINT('',(2.2,2.93892626146237,-4.04508497187474));
#2160=CARTESIAN_POINT('',(2.1,1.62459848116453,-5.));
#2161=CARTESIAN_POINT('',(2.,0.,-5.));
#2162=CARTESIAN_POINT('',(1.9,-1.62459848116453,-5.));
#2163=CARTESIAN_POINT('',(1.8,-2.93892626146237,-4.04508497187474));
#2164=CARTESIAN_POINT('',(1.7,-4.2532540417602,-3.09016994374947));
#2165=CARTESIAN_POINT('',(1.6,-4.75528258147577,-1.54508497187474));
#2166=CARTESIAN_POINT('',(1.5,-5.25731112119134,-3.21917461834438E-16));
#2167=CARTESIAN_POINT('',(1.4,-4.75528258147577,1.54508497187474));
#2168=CARTESIAN_POINT('',(1.3,-4.2532540417602,3.09016994374947));
#2169=CARTESIAN_POINT('',(1.2,-2.93892626146237,4.04508497187474));
#2170=CARTESIAN_POINT('',(1.1,-1.62459848116453,5.));
#2171=CARTESIAN_POINT('',(1.,-6.12323399573677E-16,5.));
#2172=CARTESIAN_POINT('',(0.900000000000001,1.62459848116453,5.));
#2173=CARTESIAN_POINT('',(0.8,2.93892626146237,4.04508497187474));
#2174=CARTESIAN_POINT('',(0.700000000000001,4.2532540417602,3.09016994374947));
#2175=CARTESIAN_POINT('',(0.600000000000001,4.75528258147577,1.54508497187474));
#2176=CARTESIAN_POINT('',(0.5,5.25731112119134,9.65752385503313E-16));
#2177=CARTESIAN_POINT('',(0.400000000000001,4.75528258147577,-1.54508497187474));
#2178=CARTESIAN_POINT('',(0.300000000000001,4.2532540417602,-3.09016994374947));
#2179=CARTESIAN_POINT('',(0.200000000000001,2.93892626146237,-4.04508497187474));
#2180=CARTESIAN_POINT('',(0.100000000000001,1.62459848116453,-5.));
#2181=CARTESIAN_POINT('',(8.67361737988404E-16,0.,-5.));
#2182=CARTESIAN_POINT('',(-0.0999999999999994,-1.62459848116453,-5.));
#2183=CARTESIAN_POINT('',(-0.2,-2.93892626146237,-4.04508497187474));
#2184=CARTESIAN_POINT('',(-0.251896112794073,-3.62101128880958,-3.54952119179129));
#2185=CARTESIAN_POINT('',(-0.306452068115474,-4.10287715763696,-2.85769120608592));
#2186=CARTESIAN_POINT('',(50.7,0.9,4.));
#2187=CARTESIAN_POINT('',(50.7,0.9,-4.));
#2188=CARTESIAN_POINT('',(50.7,2.15638586528478,-4.));
#2189=CARTESIAN_POINT('',(50.7,1.4,-4.));
#2190=CARTESIAN_POINT('',(50.7,2.15638586528478,4.));
#2191=CARTESIAN_POINT('',(50.7,2.15638586528478,4.));
#2192=CARTESIAN_POINT('',(50.7,0.9,4.));
#2193=CARTESIAN_POINT('',(50.7,1.4,4.));
#2194=CARTESIAN_POINT('',(50.7,1.4,4.));
#2195=CARTESIAN_POINT('',(49.3751404538713,0.9,4.));
#2196=CARTESIAN_POINT('',(49.3751404538713,0.9,4.));
#2197=CARTESIAN_POINT('',(50.2,0.9,4.));
#2198=CARTESIAN_POINT('',(49.4436141347152,0.9,4.));
#2199=CARTESIAN_POINT('',(49.4436141347152,0.9,-4.));
#2200=CARTESIAN_POINT('',(49.4436141347152,0.9,-4.));
#2201=CARTESIAN_POINT('',(49.3751404538713,0.9,-4.));
#2202=CARTESIAN_POINT('',(50.2,0.9,-4.));
#2203=CARTESIAN_POINT('',(50.2,0.9,4.));
#2204=CARTESIAN_POINT('',(51.6,4.40457132572236E-16,4.));
#2205=CARTESIAN_POINT('',(51.6,4.40457132572236E-16,4.));
#2206=CARTESIAN_POINT('',(49.3498582275289,0.834782608695651,4.));
#2207=CARTESIAN_POINT('',(49.3498582275289,-0.834782608695691,4.));
#2208=CARTESIAN_POINT('',(49.3498582275289,-0.834782608695692,4.));
#2209=CARTESIAN_POINT('',(49.3498582275289,-0.834782608695691,-4.));
#2210=CARTESIAN_POINT('',(51.6,4.40457132572236E-16,-4.));
#2211=CARTESIAN_POINT('',(49.3498582275289,0.834782608695651,-4.));
#2212=CARTESIAN_POINT('',(49.3498582275289,0.834782608695651,4.));
#2213=CARTESIAN_POINT('',(50.7,-0.900000000000038,4.));
#2214=CARTESIAN_POINT('',(50.7,-0.900000000000038,-4.));
#2215=CARTESIAN_POINT('',(49.4436141347152,-0.900000000000038,-4.));
#2216=CARTESIAN_POINT('',(50.2,-0.900000000000038,-4.));
#2217=CARTESIAN_POINT('',(49.4436141347152,-0.900000000000038,4.));
#2218=CARTESIAN_POINT('',(49.4436141347152,-0.900000000000038,4.));
#2219=CARTESIAN_POINT('',(50.7,-0.900000000000038,4.));
#2220=CARTESIAN_POINT('',(50.2,-0.900000000000038,4.));
#2221=CARTESIAN_POINT('',(50.2,-0.900000000000038,4.));
#2222=CARTESIAN_POINT('',(50.7,-2.22485954612869,4.));
#2223=CARTESIAN_POINT('',(50.7,-2.22485954612869,4.));
#2224=CARTESIAN_POINT('',(50.7,-1.40000000000004,4.));
#2225=CARTESIAN_POINT('',(50.7,-2.15638586528478,4.));
#2226=CARTESIAN_POINT('',(50.7,-2.15638586528478,-4.));
#2227=CARTESIAN_POINT('',(50.7,-2.15638586528478,-4.));
#2228=CARTESIAN_POINT('',(50.7,-2.22485954612869,-4.));
#2229=CARTESIAN_POINT('',(50.7,-1.40000000000004,-4.));
#2230=CARTESIAN_POINT('',(50.7,-1.40000000000004,4.));
#2231=CARTESIAN_POINT('',(51.6,4.40457132572236E-16,4.));
#2232=CARTESIAN_POINT('',(51.6,4.40457132572236E-16,-4.));
#2233=CARTESIAN_POINT('',(51.6,-3.6,-4.));
#2234=CARTESIAN_POINT('',(51.6,3.6,-4.));
#2235=CARTESIAN_POINT('',(51.6,-3.6,4.));
#2236=CARTESIAN_POINT('',(51.6,-3.6,4.));
#2237=CARTESIAN_POINT('',(51.6,4.40457132572236E-16,4.));
#2238=CARTESIAN_POINT('',(51.6,3.6,4.));
#2239=CARTESIAN_POINT('',(51.6,3.6,4.));
#2240=CARTESIAN_POINT('',(51.6,4.40457132572236E-16,4.));
#2241=CARTESIAN_POINT('',(51.6,4.40457132572236E-16,4.));
#2242=CARTESIAN_POINT('',(52.4347826086956,2.25014177247108,4.));
#2243=CARTESIAN_POINT('',(50.7652173913043,2.25014177247107,4.));
#2244=CARTESIAN_POINT('',(50.7652173913043,2.25014177247107,4.));
#2245=CARTESIAN_POINT('',(50.7652173913043,2.25014177247107,-4.));
#2246=CARTESIAN_POINT('',(51.6,4.40457132572236E-16,-4.));
#2247=CARTESIAN_POINT('',(52.4347826086956,2.25014177247108,-4.));
#2248=CARTESIAN_POINT('',(52.4347826086956,2.25014177247108,4.));
#2249=CARTESIAN_POINT('',(51.6,4.40457132572236E-16,4.));
#2250=CARTESIAN_POINT('',(51.6,4.40457132572236E-16,4.));
#2251=CARTESIAN_POINT('',(50.7652173913043,-2.25014177247107,4.));
#2252=CARTESIAN_POINT('',(52.4347826086957,-2.25014177247107,4.));
#2253=CARTESIAN_POINT('',(52.4347826086957,-2.25014177247107,4.));
#2254=CARTESIAN_POINT('',(52.4347826086957,-2.25014177247107,-4.));
#2255=CARTESIAN_POINT('',(51.6,4.40457132572236E-16,-4.));
#2256=CARTESIAN_POINT('',(50.7652173913043,-2.25014177247107,-4.));
#2257=CARTESIAN_POINT('',(50.7652173913043,-2.25014177247107,4.));
#2258=CARTESIAN_POINT('',(55.0856850115867,-0.900000000000037,4.));
#2259=CARTESIAN_POINT('',(55.0856850115867,-0.900000000000037,-4.));
#2260=CARTESIAN_POINT('',(53.,-0.900000000000037,-4.));
#2261=CARTESIAN_POINT('',(54.3658633371878,-0.900000000000037,-4.));
#2262=CARTESIAN_POINT('',(53.,-0.900000000000037,4.));
#2263=CARTESIAN_POINT('',(53.,-0.900000000000037,4.));
#2264=CARTESIAN_POINT('',(55.0856850115867,-0.900000000000037,4.));
#2265=CARTESIAN_POINT('',(54.3658633371878,-0.900000000000037,4.));
#2266=CARTESIAN_POINT('',(54.3658633371878,-0.900000000000037,4.));
#2267=CARTESIAN_POINT('',(51.6,4.40457132572236E-16,4.));
#2268=CARTESIAN_POINT('',(51.6,4.40457132572236E-16,-4.));
#2269=CARTESIAN_POINT('',(54.8119703270569,-1.62580645161294,-4.));
#2270=CARTESIAN_POINT('',(54.5801963850984,-2.01951219512195,-4.));
#2271=CARTESIAN_POINT('',(54.8119703270569,-1.62580645161295,4.));
#2272=CARTESIAN_POINT('',(54.8119703270569,-1.62580645161294,4.));
#2273=CARTESIAN_POINT('',(51.6,4.40457132572236E-16,4.));
#2274=CARTESIAN_POINT('',(54.5801963850984,-2.01951219512195,4.));
#2275=CARTESIAN_POINT('',(54.5801963850984,-2.01951219512195,4.));
#2276=CARTESIAN_POINT('',(53.8627416997969,-2.8,4.));
#2277=CARTESIAN_POINT('',(53.8627416997969,-2.8,4.));
#2278=CARTESIAN_POINT('',(54.9941125496954,-2.8,4.));
#2279=CARTESIAN_POINT('',(56.2058874503046,-2.8,4.));
#2280=CARTESIAN_POINT('',(56.2058874503046,-2.8,-4.));
#2281=CARTESIAN_POINT('',(56.2058874503046,-2.8,-4.));
#2282=CARTESIAN_POINT('',(53.8627416997969,-2.8,-4.));
#2283=CARTESIAN_POINT('',(54.9941125496954,-2.8,-4.));
#2284=CARTESIAN_POINT('',(54.9941125496954,-2.8,4.));
#2285=CARTESIAN_POINT('',(59.6,0.,4.));
#2286=CARTESIAN_POINT('',(59.6,0.,4.));
#2287=CARTESIAN_POINT('',(56.6198036149016,-2.01951219512195,4.));
#2288=CARTESIAN_POINT('',(56.6198036149016,2.01951219512195,4.));
#2289=CARTESIAN_POINT('',(56.6198036149016,2.01951219512195,4.));
#2290=CARTESIAN_POINT('',(56.6198036149016,2.01951219512195,-4.));
#2291=CARTESIAN_POINT('',(59.6,0.,-4.));
#2292=CARTESIAN_POINT('',(56.6198036149016,-2.01951219512195,-4.));
#2293=CARTESIAN_POINT('',(56.6198036149016,-2.01951219512195,4.));
#2294=CARTESIAN_POINT('',(53.862741699797,2.8,4.));
#2295=CARTESIAN_POINT('',(53.862741699797,2.8,4.));
#2296=CARTESIAN_POINT('',(56.2058874503046,2.8,4.));
#2297=CARTESIAN_POINT('',(54.9941125496954,2.8,4.));
#2298=CARTESIAN_POINT('',(54.9941125496954,2.8,-4.));
#2299=CARTESIAN_POINT('',(54.9941125496954,2.8,-4.));
#2300=CARTESIAN_POINT('',(53.862741699797,2.8,-4.));
#2301=CARTESIAN_POINT('',(56.2058874503046,2.8,-4.));
#2302=CARTESIAN_POINT('',(56.2058874503046,2.8,4.));
#2303=CARTESIAN_POINT('',(51.6,4.40457132572236E-16,4.));
#2304=CARTESIAN_POINT('',(51.6,4.40457132572236E-16,4.));
#2305=CARTESIAN_POINT('',(54.5801963850984,2.01951219512195,4.));
#2306=CARTESIAN_POINT('',(54.8119703270569,1.6258064516129,4.));
#2307=CARTESIAN_POINT('',(54.8119703270569,1.6258064516129,4.));
#2308=CARTESIAN_POINT('',(54.8119703270569,1.6258064516129,-4.));
#2309=CARTESIAN_POINT('',(51.6,4.40457132572236E-16,-4.));
#2310=CARTESIAN_POINT('',(54.5801963850984,2.01951219512195,-4.));
#2311=CARTESIAN_POINT('',(54.5801963850984,2.01951219512195,4.));
#2312=CARTESIAN_POINT('',(52.5,0.9,4.));
#2313=CARTESIAN_POINT('',(52.5,0.9,4.));
#2314=CARTESIAN_POINT('',(54.3658633371879,0.9,4.));
#2315=CARTESIAN_POINT('',(53.,0.9,4.));
#2316=CARTESIAN_POINT('',(53.,0.9,4.));
#2317=CARTESIAN_POINT('',(53.,0.9,-4.));
#2318=CARTESIAN_POINT('',(52.5,0.9,-4.));
#2319=CARTESIAN_POINT('',(54.3658633371879,0.9,-4.));
#2320=CARTESIAN_POINT('',(54.3658633371879,0.9,4.));
#2321=CARTESIAN_POINT('',(52.5,2.2248595461287,4.));
#2322=CARTESIAN_POINT('',(52.5,2.2248595461287,4.));
#2323=CARTESIAN_POINT('',(52.5,1.4,4.));
#2324=CARTESIAN_POINT('',(52.5,2.15638586528478,4.));
#2325=CARTESIAN_POINT('',(52.5,2.15638586528478,-4.));
#2326=CARTESIAN_POINT('',(52.5,2.15638586528478,-4.));
#2327=CARTESIAN_POINT('',(52.5,2.2248595461287,-4.));
#2328=CARTESIAN_POINT('',(52.5,1.4,-4.));
#2329=CARTESIAN_POINT('',(52.5,1.4,4.));
#2330=CARTESIAN_POINT('',(51.6,3.6,4.));
#2331=CARTESIAN_POINT('',(51.6,3.6,-4.));
#2332=CARTESIAN_POINT('',(59.6,3.6,-4.));
#2333=CARTESIAN_POINT('',(51.6,3.6,4.));
#2334=CARTESIAN_POINT('',(59.6,3.6,4.));
#2335=CARTESIAN_POINT('',(59.6,3.6,4.));
#2336=CARTESIAN_POINT('',(59.6,0.,4.));
#2337=CARTESIAN_POINT('',(59.6,0.,-4.));
#2338=CARTESIAN_POINT('',(59.6,-3.60000000000001,-4.));
#2339=CARTESIAN_POINT('',(59.6,0.,4.));
#2340=CARTESIAN_POINT('',(59.6,-3.60000000000001,4.));
#2341=CARTESIAN_POINT('',(59.6,-3.60000000000001,4.));
#2342=CARTESIAN_POINT('',(51.6,-3.6,4.));
#2343=CARTESIAN_POINT('',(51.6,-3.6,-4.));
#2344=CARTESIAN_POINT('',(51.6,-3.6,4.));
#2345=CARTESIAN_POINT('',(52.5,-0.900000000000037,4.));
#2346=CARTESIAN_POINT('',(52.5,-0.900000000000037,-4.));
#2347=CARTESIAN_POINT('',(52.5,-2.15638586528478,-4.));
#2348=CARTESIAN_POINT('',(52.5,-1.40000000000004,-4.));
#2349=CARTESIAN_POINT('',(52.5,-2.15638586528478,4.));
#2350=CARTESIAN_POINT('',(52.5,-2.15638586528478,4.));
#2351=CARTESIAN_POINT('',(52.5,-0.900000000000037,4.));
#2352=CARTESIAN_POINT('',(52.5,-1.40000000000004,4.));
#2353=CARTESIAN_POINT('',(52.5,-1.40000000000004,4.));
#2354=CARTESIAN_POINT('',(51.6,4.40457132572236E-16,4.));
#2355=CARTESIAN_POINT('',(59.6,0.,4.));
#2356=CARTESIAN_POINT('',(62.7,0.,4.));
#2357=CARTESIAN_POINT('',(53.,1.4,4.));
#2358=CARTESIAN_POINT('',(54.3658633371879,1.4,4.));
#2359=CARTESIAN_POINT('',(54.9941125496954,2.3,4.));
#2360=CARTESIAN_POINT('',(56.2058874503046,2.3,4.));
#2361=CARTESIAN_POINT('',(56.2058874503046,-2.3,4.));
#2362=CARTESIAN_POINT('',(54.9941125496954,-2.3,4.));
#2363=CARTESIAN_POINT('',(54.3658633371878,-1.40000000000004,4.));
#2364=CARTESIAN_POINT('',(53.,-1.40000000000004,4.));
#2365=CARTESIAN_POINT('',(52.4,-2.15638586528478,4.));
#2366=CARTESIAN_POINT('',(50.8,-2.15638586528478,4.));
#2367=CARTESIAN_POINT('',(50.2,-1.40000000000004,4.));
#2368=CARTESIAN_POINT('',(49.4436141347152,-0.800000000000038,4.));
#2369=CARTESIAN_POINT('',(49.4436141347152,0.8,4.));
#2370=CARTESIAN_POINT('',(50.2,1.4,4.));
#2371=CARTESIAN_POINT('',(50.8,2.15638586528478,4.));
#2372=CARTESIAN_POINT('',(52.4,2.15638586528478,4.));
#2373=CARTESIAN_POINT('',(51.6,4.40457132572236E-16,-4.));
#2374=CARTESIAN_POINT('',(59.6,0.,-4.));
#2375=CARTESIAN_POINT('',(62.6999999999999,0.,-4.));
#2376=CARTESIAN_POINT('',(53.,1.4,-4.));
#2377=CARTESIAN_POINT('',(52.4,2.15638586528478,-4.));
#2378=CARTESIAN_POINT('',(50.8,2.15638586528478,-4.));
#2379=CARTESIAN_POINT('',(50.2,1.4,-4.));
#2380=CARTESIAN_POINT('',(49.4436141347152,0.8,-4.));
#2381=CARTESIAN_POINT('',(49.4436141347152,-0.800000000000038,-4.));
#2382=CARTESIAN_POINT('',(50.2,-1.40000000000004,-4.));
#2383=CARTESIAN_POINT('',(50.8,-2.15638586528478,-4.));
#2384=CARTESIAN_POINT('',(52.4,-2.15638586528478,-4.));
#2385=CARTESIAN_POINT('',(53.,-1.40000000000004,-4.));
#2386=CARTESIAN_POINT('',(54.3658633371878,-1.40000000000004,-4.));
#2387=CARTESIAN_POINT('',(54.9941125496954,-2.3,-4.));
#2388=CARTESIAN_POINT('',(56.2058874503046,-2.3,-4.));
#2389=CARTESIAN_POINT('',(56.2058874503046,2.3,-4.));
#2390=CARTESIAN_POINT('',(54.9941125496954,2.3,-4.));
#2391=CARTESIAN_POINT('',(54.3658633371879,1.4,-4.));
#2392=CARTESIAN_POINT('',(59.6,0.,-4.));
#2393=CARTESIAN_POINT('',(59.6,0.,-3.2));
#2394=CARTESIAN_POINT('',(62.7,0.,-3.2));
#2395=CARTESIAN_POINT('',(62.,0.,-3.2));
#2396=CARTESIAN_POINT('',(59.6,0.,-3.2));
#2397=CARTESIAN_POINT('',(62.,0.,-3.2));
#2398=CARTESIAN_POINT('',(59.6,0.,-4.));
#2399=CARTESIAN_POINT('',(59.6,0.,3.2));
#2400=CARTESIAN_POINT('',(62.,0.,3.2));
#2401=CARTESIAN_POINT('',(62.7,0.,3.2));
#2402=CARTESIAN_POINT('',(59.6,0.,3.2));
#2403=CARTESIAN_POINT('',(62.7,0.,3.2));
#2404=CARTESIAN_POINT('',(59.6,0.,-4.));
#2405=CARTESIAN_POINT('',(50.2,1.4,4.));
#2406=CARTESIAN_POINT('',(54.9941125496954,-2.3,4.));
#2407=CARTESIAN_POINT('',(56.2058874503046,-2.3,4.));
#2408=CARTESIAN_POINT('',(56.2058874503046,2.3,4.));
#2409=CARTESIAN_POINT('',(54.9941125496954,2.3,4.));
#2410=CARTESIAN_POINT('',(54.3658633371879,1.4,4.));
#2411=CARTESIAN_POINT('',(54.3658633371878,-1.40000000000004,4.));
#2412=CARTESIAN_POINT('',(50.2,-1.40000000000004,4.));
#2413=CARTESIAN_POINT('',(53.,-1.40000000000004,4.));
#2414=CARTESIAN_POINT('',(53.,1.4,4.));
#2415=CARTESIAN_POINT('',(50.8,-2.15638586528478,4.));
#2416=CARTESIAN_POINT('',(52.4,-2.15638586528478,4.));
#2417=CARTESIAN_POINT('',(52.4,2.15638586528478,4.));
#2418=CARTESIAN_POINT('',(50.8,2.15638586528478,4.));
#2419=CARTESIAN_POINT('',(49.4436141347152,0.8,4.));
#2420=CARTESIAN_POINT('',(49.4436141347152,-0.800000000000038,4.));
#2421=MECHANICAL_DESIGN_GEOMETRIC_PRESENTATION_REPRESENTATION('',(#905),
#2422);
#2422=(
GEOMETRIC_REPRESENTATION_CONTEXT(3)
GLOBAL_UNCERTAINTY_ASSIGNED_CONTEXT((#2423))
GLOBAL_UNIT_ASSIGNED_CONTEXT((#2426,#2425,#2424))
REPRESENTATION_CONTEXT('Gray_4638507_d)_AVV','TOP_LEVEL_ASSEMBLY_PART')
);
#2423=UNCERTAINTY_MEASURE_WITH_UNIT(LENGTH_MEASURE(0.005),#2426,
'DISTANCE_ACCURACY_VALUE','Maximum Tolerance applied to model');
#2424=(
NAMED_UNIT(*)
SI_UNIT($,.STERADIAN.)
SOLID_ANGLE_UNIT()
);
#2425=(
NAMED_UNIT(*)
PLANE_ANGLE_UNIT()
SI_UNIT($,.RADIAN.)
);
#2426=(
LENGTH_UNIT()
NAMED_UNIT(*)
SI_UNIT(.MILLI.,.METRE.)
);
#2427=PRODUCT_DEFINITION_SHAPE('','',#2428);
#2428=PRODUCT_DEFINITION('','',#2430,#2429);
#2429=PRODUCT_DEFINITION_CONTEXT('',#2436,'design');
#2430=PRODUCT_DEFINITION_FORMATION_WITH_SPECIFIED_SOURCE('','',#2432,
 .NOT_KNOWN.);
#2431=PRODUCT_RELATED_PRODUCT_CATEGORY('','',(#2432));
#2432=PRODUCT('Gray_4638507_d)_AVV','Gray_4638507_d)_AVV',
'Gray_4638507_d)_AVV',(#2434));
#2433=PRODUCT_CATEGORY('','');
#2434=PRODUCT_CONTEXT('',#2436,'mechanical');
#2435=APPLICATION_PROTOCOL_DEFINITION('international standard',
'automotive_design',2010,#2436);
#2436=APPLICATION_CONTEXT(
'core data for automotive mechanical design processes');
ENDSEC;
END-ISO-10303-21;
