ISO-10303-21;
HEADER;
/* Generated by software containing ST-Developer
 * from STEP Tools, Inc. (www.steptools.com) 
 */
/* OPTION: strings as raw bytes, not using required /X/ escapes */

FILE_DESCRIPTION(
/* description */ ('Unknown'),
/* implementation_level */ '2;1');

FILE_NAME(
/* name */ 'Sand_4565452_AVV',
/* time_stamp */ '2025-07-22T00:04:42+02:00',
/* author */ ('Unknown'),
/* organization */ ('Unknown'),
/* preprocessor_version */ 'ST-DEVELOPER v19.4',
/* originating_system */ 'Solid Edge',
/* authorisation */ 'Unknown');

FILE_SCHEMA (('AUTOMOTIVE_DESIGN {1 0 10303 214 3 1 1}'));
ENDSEC;

DATA;
#10=PROPERTY_DEFINITION_REPRESENTATION(#14,#12);
#11=PROPERTY_DEFINITION_REPRESENTATION(#15,#13);
#12=REPRESENTATION('',(#16),#3509);
#13=REPRESENTATION('',(#17),#3509);
#14=PROPERTY_DEFINITION('pmi validation property','',#3514);
#15=PROPERTY_DEFINITION('pmi validation property','',#3514);
#16=VALUE_REPRESENTATION_ITEM('number of annotations',COUNT_MEASURE(0.));
#17=VALUE_REPRESENTATION_ITEM('number of views',COUNT_MEASURE(0.));
#18=SHAPE_REPRESENTATION_RELATIONSHIP('','',#2043,#19);
#19=ADVANCED_BREP_SHAPE_REPRESENTATION('',(#2041),#3509);
#20=CYLINDRICAL_SURFACE('',#2075,3.6);
#21=CYLINDRICAL_SURFACE('',#2104,4.8);
#22=CYLINDRICAL_SURFACE('',#2107,4.);
#23=CYLINDRICAL_SURFACE('',#2110,4.);
#24=CYLINDRICAL_SURFACE('',#2113,4.);
#25=CYLINDRICAL_SURFACE('',#2116,4.);
#26=CYLINDRICAL_SURFACE('',#2119,4.);
#27=CYLINDRICAL_SURFACE('',#2122,4.);
#28=CYLINDRICAL_SURFACE('',#2125,4.);
#29=CYLINDRICAL_SURFACE('',#2128,4.);
#30=CYLINDRICAL_SURFACE('',#2131,4.);
#31=CYLINDRICAL_SURFACE('',#2134,4.);
#32=CYLINDRICAL_SURFACE('',#2137,4.);
#33=CYLINDRICAL_SURFACE('',#2206,4.);
#34=CYLINDRICAL_SURFACE('',#2236,6.4);
#35=CYLINDRICAL_SURFACE('',#2240,2.4);
#36=CYLINDRICAL_SURFACE('',#2243,2.4);
#37=CYLINDRICAL_SURFACE('',#2246,2.4);
#38=CYLINDRICAL_SURFACE('',#2249,2.4);
#39=CYLINDRICAL_SURFACE('',#2252,2.4);
#40=CYLINDRICAL_SURFACE('',#2255,2.4);
#41=CYLINDRICAL_SURFACE('',#2258,2.4);
#42=CYLINDRICAL_SURFACE('',#2261,2.4);
#43=CYLINDRICAL_SURFACE('',#2263,0.5);
#44=CYLINDRICAL_SURFACE('',#2264,0.5);
#45=CYLINDRICAL_SURFACE('',#2265,0.5);
#46=CYLINDRICAL_SURFACE('',#2266,0.5);
#47=CYLINDRICAL_SURFACE('',#2267,0.1);
#48=CYLINDRICAL_SURFACE('',#2268,0.1);
#49=CYLINDRICAL_SURFACE('',#2269,0.1);
#50=CYLINDRICAL_SURFACE('',#2270,0.1);
#51=CYLINDRICAL_SURFACE('',#2271,0.1);
#52=CYLINDRICAL_SURFACE('',#2272,0.1);
#53=CYLINDRICAL_SURFACE('',#2273,0.1);
#54=CYLINDRICAL_SURFACE('',#2274,0.1);
#55=ELLIPSE('',#2067,14.4815929990635,6.4);
#56=ELLIPSE('',#2141,14.4815929990635,6.4);
#57=ELLIPSE('',#2143,14.4815929990635,6.4);
#58=ELLIPSE('',#2147,14.4815929990635,6.4);
#59=ELLIPSE('',#2149,14.4815929990635,6.4);
#60=ELLIPSE('',#2153,14.4815929990635,6.4);
#61=ELLIPSE('',#2155,14.4815929990635,6.4);
#62=ELLIPSE('',#2159,14.4815929990635,6.4);
#63=ELLIPSE('',#2161,14.4815929990635,6.4);
#64=ELLIPSE('',#2165,14.4815929990635,6.4);
#65=ELLIPSE('',#2167,14.4815929990635,6.4);
#66=ELLIPSE('',#2171,14.4815929990635,6.4);
#67=ELLIPSE('',#2173,14.4815929990635,6.4);
#68=ELLIPSE('',#2177,14.4815929990635,6.4);
#69=ELLIPSE('',#2179,14.4815929990635,6.4);
#70=ELLIPSE('',#2183,14.4815929990635,6.4);
#71=ELLIPSE('',#2185,14.4815929990635,6.4);
#72=ELLIPSE('',#2189,14.4815929990635,6.4);
#73=ELLIPSE('',#2191,14.4815929990635,6.4);
#74=ELLIPSE('',#2195,14.4815929990635,6.4);
#75=ELLIPSE('',#2197,14.4815929990635,6.4);
#76=ELLIPSE('',#2201,14.4815929990635,6.4);
#77=ELLIPSE('',#2203,14.4815929990635,6.4);
#78=ELLIPSE('',#2237,14.4815929990635,6.4);
#79=CIRCLE('',#2046,0.5);
#80=CIRCLE('',#2047,0.1);
#81=CIRCLE('',#2048,2.4);
#82=CIRCLE('',#2049,3.6);
#83=CIRCLE('',#2050,2.4);
#84=CIRCLE('',#2051,0.1);
#85=CIRCLE('',#2053,0.5);
#86=CIRCLE('',#2054,0.1);
#87=CIRCLE('',#2055,2.4);
#88=CIRCLE('',#2056,3.6);
#89=CIRCLE('',#2057,2.4);
#90=CIRCLE('',#2058,0.1);
#91=CIRCLE('',#2060,0.5);
#92=CIRCLE('',#2061,0.1);
#93=CIRCLE('',#2062,2.4);
#94=CIRCLE('',#2063,3.6);
#95=CIRCLE('',#2064,2.4);
#96=CIRCLE('',#2065,0.1);
#97=CIRCLE('',#2069,0.5);
#98=CIRCLE('',#2070,0.1);
#99=CIRCLE('',#2071,2.4);
#100=CIRCLE('',#2072,3.6);
#101=CIRCLE('',#2073,2.4);
#102=CIRCLE('',#2074,0.1);
#103=CIRCLE('',#2076,3.6);
#104=CIRCLE('',#2077,3.6);
#105=CIRCLE('',#2078,3.6);
#106=CIRCLE('',#2079,3.6);
#107=CIRCLE('',#2080,3.6);
#108=CIRCLE('',#2082,4.8);
#109=CIRCLE('',#2105,4.8);
#110=CIRCLE('',#2108,4.);
#111=CIRCLE('',#2109,4.);
#112=CIRCLE('',#2111,4.);
#113=CIRCLE('',#2112,4.);
#114=CIRCLE('',#2114,4.);
#115=CIRCLE('',#2115,4.);
#116=CIRCLE('',#2117,4.);
#117=CIRCLE('',#2118,4.);
#118=CIRCLE('',#2120,4.);
#119=CIRCLE('',#2121,4.);
#120=CIRCLE('',#2123,4.);
#121=CIRCLE('',#2124,4.);
#122=CIRCLE('',#2126,4.);
#123=CIRCLE('',#2127,4.);
#124=CIRCLE('',#2129,4.);
#125=CIRCLE('',#2130,4.);
#126=CIRCLE('',#2132,4.);
#127=CIRCLE('',#2133,4.);
#128=CIRCLE('',#2135,4.);
#129=CIRCLE('',#2136,4.);
#130=CIRCLE('',#2138,4.);
#131=CIRCLE('',#2139,4.);
#132=CIRCLE('',#2145,6.4);
#133=CIRCLE('',#2151,6.4);
#134=CIRCLE('',#2157,6.4);
#135=CIRCLE('',#2163,6.4);
#136=CIRCLE('',#2169,6.4);
#137=CIRCLE('',#2175,6.4);
#138=CIRCLE('',#2181,6.4);
#139=CIRCLE('',#2187,6.4);
#140=CIRCLE('',#2193,6.4);
#141=CIRCLE('',#2199,6.4);
#142=CIRCLE('',#2205,6.4);
#143=CIRCLE('',#2207,4.);
#144=CIRCLE('',#2208,4.);
#145=CIRCLE('',#2210,6.4);
#146=CIRCLE('',#2213,6.4);
#147=CIRCLE('',#2216,2.4);
#148=CIRCLE('',#2217,0.1);
#149=CIRCLE('',#2218,0.5);
#150=CIRCLE('',#2219,0.1);
#151=CIRCLE('',#2220,2.4);
#152=CIRCLE('',#2221,2.4);
#153=CIRCLE('',#2222,0.1);
#154=CIRCLE('',#2223,0.5);
#155=CIRCLE('',#2224,0.1);
#156=CIRCLE('',#2225,2.4);
#157=CIRCLE('',#2226,2.4);
#158=CIRCLE('',#2227,0.1);
#159=CIRCLE('',#2228,0.5);
#160=CIRCLE('',#2229,0.1);
#161=CIRCLE('',#2230,2.4);
#162=CIRCLE('',#2231,2.4);
#163=CIRCLE('',#2232,0.1);
#164=CIRCLE('',#2233,0.5);
#165=CIRCLE('',#2234,0.1);
#166=CIRCLE('',#2235,2.4);
#167=ORIENTED_EDGE('',*,*,#751,.F.);
#168=ORIENTED_EDGE('',*,*,#752,.T.);
#169=ORIENTED_EDGE('',*,*,#753,.F.);
#170=ORIENTED_EDGE('',*,*,#754,.T.);
#171=ORIENTED_EDGE('',*,*,#755,.F.);
#172=ORIENTED_EDGE('',*,*,#756,.F.);
#173=ORIENTED_EDGE('',*,*,#757,.F.);
#174=ORIENTED_EDGE('',*,*,#758,.F.);
#175=ORIENTED_EDGE('',*,*,#759,.F.);
#176=ORIENTED_EDGE('',*,*,#760,.T.);
#177=ORIENTED_EDGE('',*,*,#761,.F.);
#178=ORIENTED_EDGE('',*,*,#762,.T.);
#179=ORIENTED_EDGE('',*,*,#763,.F.);
#180=ORIENTED_EDGE('',*,*,#764,.T.);
#181=ORIENTED_EDGE('',*,*,#765,.F.);
#182=ORIENTED_EDGE('',*,*,#766,.F.);
#183=ORIENTED_EDGE('',*,*,#767,.F.);
#184=ORIENTED_EDGE('',*,*,#768,.F.);
#185=ORIENTED_EDGE('',*,*,#769,.F.);
#186=ORIENTED_EDGE('',*,*,#770,.T.);
#187=ORIENTED_EDGE('',*,*,#771,.F.);
#188=ORIENTED_EDGE('',*,*,#772,.T.);
#189=ORIENTED_EDGE('',*,*,#773,.F.);
#190=ORIENTED_EDGE('',*,*,#774,.T.);
#191=ORIENTED_EDGE('',*,*,#775,.F.);
#192=ORIENTED_EDGE('',*,*,#776,.F.);
#193=ORIENTED_EDGE('',*,*,#777,.F.);
#194=ORIENTED_EDGE('',*,*,#778,.F.);
#195=ORIENTED_EDGE('',*,*,#779,.F.);
#196=ORIENTED_EDGE('',*,*,#780,.T.);
#197=ORIENTED_EDGE('',*,*,#781,.F.);
#198=ORIENTED_EDGE('',*,*,#782,.F.);
#199=ORIENTED_EDGE('',*,*,#783,.T.);
#200=ORIENTED_EDGE('',*,*,#784,.T.);
#201=ORIENTED_EDGE('',*,*,#785,.F.);
#202=ORIENTED_EDGE('',*,*,#786,.T.);
#203=ORIENTED_EDGE('',*,*,#787,.F.);
#204=ORIENTED_EDGE('',*,*,#788,.T.);
#205=ORIENTED_EDGE('',*,*,#789,.F.);
#206=ORIENTED_EDGE('',*,*,#790,.F.);
#207=ORIENTED_EDGE('',*,*,#791,.F.);
#208=ORIENTED_EDGE('',*,*,#792,.F.);
#209=ORIENTED_EDGE('',*,*,#793,.F.);
#210=ORIENTED_EDGE('',*,*,#794,.T.);
#211=ORIENTED_EDGE('',*,*,#767,.T.);
#212=ORIENTED_EDGE('',*,*,#795,.T.);
#213=ORIENTED_EDGE('',*,*,#796,.F.);
#214=ORIENTED_EDGE('',*,*,#797,.F.);
#215=ORIENTED_EDGE('',*,*,#757,.T.);
#216=ORIENTED_EDGE('',*,*,#798,.T.);
#217=ORIENTED_EDGE('',*,*,#799,.F.);
#218=ORIENTED_EDGE('',*,*,#800,.F.);
#219=ORIENTED_EDGE('',*,*,#791,.T.);
#220=ORIENTED_EDGE('',*,*,#801,.T.);
#221=ORIENTED_EDGE('',*,*,#802,.F.);
#222=ORIENTED_EDGE('',*,*,#803,.F.);
#223=ORIENTED_EDGE('',*,*,#777,.T.);
#224=ORIENTED_EDGE('',*,*,#804,.T.);
#225=ORIENTED_EDGE('',*,*,#805,.F.);
#226=ORIENTED_EDGE('',*,*,#806,.F.);
#227=ORIENTED_EDGE('',*,*,#807,.F.);
#228=ORIENTED_EDGE('',*,*,#808,.F.);
#229=ORIENTED_EDGE('',*,*,#807,.T.);
#230=ORIENTED_EDGE('',*,*,#809,.F.);
#231=ORIENTED_EDGE('',*,*,#810,.T.);
#232=ORIENTED_EDGE('',*,*,#811,.F.);
#233=ORIENTED_EDGE('',*,*,#812,.T.);
#234=ORIENTED_EDGE('',*,*,#813,.T.);
#235=ORIENTED_EDGE('',*,*,#814,.T.);
#236=ORIENTED_EDGE('',*,*,#815,.F.);
#237=ORIENTED_EDGE('',*,*,#816,.T.);
#238=ORIENTED_EDGE('',*,*,#817,.F.);
#239=ORIENTED_EDGE('',*,*,#818,.T.);
#240=ORIENTED_EDGE('',*,*,#819,.T.);
#241=ORIENTED_EDGE('',*,*,#820,.T.);
#242=ORIENTED_EDGE('',*,*,#821,.F.);
#243=ORIENTED_EDGE('',*,*,#822,.T.);
#244=ORIENTED_EDGE('',*,*,#823,.F.);
#245=ORIENTED_EDGE('',*,*,#824,.T.);
#246=ORIENTED_EDGE('',*,*,#825,.T.);
#247=ORIENTED_EDGE('',*,*,#826,.T.);
#248=ORIENTED_EDGE('',*,*,#827,.F.);
#249=ORIENTED_EDGE('',*,*,#828,.T.);
#250=ORIENTED_EDGE('',*,*,#829,.F.);
#251=ORIENTED_EDGE('',*,*,#830,.T.);
#252=ORIENTED_EDGE('',*,*,#831,.T.);
#253=ORIENTED_EDGE('',*,*,#832,.T.);
#254=ORIENTED_EDGE('',*,*,#833,.F.);
#255=ORIENTED_EDGE('',*,*,#834,.T.);
#256=ORIENTED_EDGE('',*,*,#835,.F.);
#257=ORIENTED_EDGE('',*,*,#836,.T.);
#258=ORIENTED_EDGE('',*,*,#837,.T.);
#259=ORIENTED_EDGE('',*,*,#838,.T.);
#260=ORIENTED_EDGE('',*,*,#839,.F.);
#261=ORIENTED_EDGE('',*,*,#840,.T.);
#262=ORIENTED_EDGE('',*,*,#841,.F.);
#263=ORIENTED_EDGE('',*,*,#842,.T.);
#264=ORIENTED_EDGE('',*,*,#843,.T.);
#265=ORIENTED_EDGE('',*,*,#844,.T.);
#266=ORIENTED_EDGE('',*,*,#845,.F.);
#267=ORIENTED_EDGE('',*,*,#846,.T.);
#268=ORIENTED_EDGE('',*,*,#847,.F.);
#269=ORIENTED_EDGE('',*,*,#848,.T.);
#270=ORIENTED_EDGE('',*,*,#849,.T.);
#271=ORIENTED_EDGE('',*,*,#850,.T.);
#272=ORIENTED_EDGE('',*,*,#851,.F.);
#273=ORIENTED_EDGE('',*,*,#852,.T.);
#274=ORIENTED_EDGE('',*,*,#853,.F.);
#275=ORIENTED_EDGE('',*,*,#854,.T.);
#276=ORIENTED_EDGE('',*,*,#855,.T.);
#277=ORIENTED_EDGE('',*,*,#856,.T.);
#278=ORIENTED_EDGE('',*,*,#857,.F.);
#279=ORIENTED_EDGE('',*,*,#858,.T.);
#280=ORIENTED_EDGE('',*,*,#859,.F.);
#281=ORIENTED_EDGE('',*,*,#860,.T.);
#282=ORIENTED_EDGE('',*,*,#861,.T.);
#283=ORIENTED_EDGE('',*,*,#862,.T.);
#284=ORIENTED_EDGE('',*,*,#863,.F.);
#285=ORIENTED_EDGE('',*,*,#864,.T.);
#286=ORIENTED_EDGE('',*,*,#865,.F.);
#287=ORIENTED_EDGE('',*,*,#866,.T.);
#288=ORIENTED_EDGE('',*,*,#867,.T.);
#289=ORIENTED_EDGE('',*,*,#868,.T.);
#290=ORIENTED_EDGE('',*,*,#869,.F.);
#291=ORIENTED_EDGE('',*,*,#870,.T.);
#292=ORIENTED_EDGE('',*,*,#871,.F.);
#293=ORIENTED_EDGE('',*,*,#872,.F.);
#294=ORIENTED_EDGE('',*,*,#808,.T.);
#295=ORIENTED_EDGE('',*,*,#873,.T.);
#296=ORIENTED_EDGE('',*,*,#874,.T.);
#297=ORIENTED_EDGE('',*,*,#875,.T.);
#298=ORIENTED_EDGE('',*,*,#876,.F.);
#299=ORIENTED_EDGE('',*,*,#877,.F.);
#300=ORIENTED_EDGE('',*,*,#871,.T.);
#301=ORIENTED_EDGE('',*,*,#878,.T.);
#302=ORIENTED_EDGE('',*,*,#867,.F.);
#303=ORIENTED_EDGE('',*,*,#879,.F.);
#304=ORIENTED_EDGE('',*,*,#865,.T.);
#305=ORIENTED_EDGE('',*,*,#880,.T.);
#306=ORIENTED_EDGE('',*,*,#861,.F.);
#307=ORIENTED_EDGE('',*,*,#881,.F.);
#308=ORIENTED_EDGE('',*,*,#859,.T.);
#309=ORIENTED_EDGE('',*,*,#882,.T.);
#310=ORIENTED_EDGE('',*,*,#855,.F.);
#311=ORIENTED_EDGE('',*,*,#883,.F.);
#312=ORIENTED_EDGE('',*,*,#853,.T.);
#313=ORIENTED_EDGE('',*,*,#884,.T.);
#314=ORIENTED_EDGE('',*,*,#849,.F.);
#315=ORIENTED_EDGE('',*,*,#885,.F.);
#316=ORIENTED_EDGE('',*,*,#847,.T.);
#317=ORIENTED_EDGE('',*,*,#886,.T.);
#318=ORIENTED_EDGE('',*,*,#843,.F.);
#319=ORIENTED_EDGE('',*,*,#887,.F.);
#320=ORIENTED_EDGE('',*,*,#841,.T.);
#321=ORIENTED_EDGE('',*,*,#888,.T.);
#322=ORIENTED_EDGE('',*,*,#837,.F.);
#323=ORIENTED_EDGE('',*,*,#889,.F.);
#324=ORIENTED_EDGE('',*,*,#835,.T.);
#325=ORIENTED_EDGE('',*,*,#890,.T.);
#326=ORIENTED_EDGE('',*,*,#831,.F.);
#327=ORIENTED_EDGE('',*,*,#891,.F.);
#328=ORIENTED_EDGE('',*,*,#829,.T.);
#329=ORIENTED_EDGE('',*,*,#892,.T.);
#330=ORIENTED_EDGE('',*,*,#825,.F.);
#331=ORIENTED_EDGE('',*,*,#893,.F.);
#332=ORIENTED_EDGE('',*,*,#823,.T.);
#333=ORIENTED_EDGE('',*,*,#894,.T.);
#334=ORIENTED_EDGE('',*,*,#819,.F.);
#335=ORIENTED_EDGE('',*,*,#895,.F.);
#336=ORIENTED_EDGE('',*,*,#817,.T.);
#337=ORIENTED_EDGE('',*,*,#896,.T.);
#338=ORIENTED_EDGE('',*,*,#813,.F.);
#339=ORIENTED_EDGE('',*,*,#897,.F.);
#340=ORIENTED_EDGE('',*,*,#811,.T.);
#341=ORIENTED_EDGE('',*,*,#898,.T.);
#342=ORIENTED_EDGE('',*,*,#899,.T.);
#343=ORIENTED_EDGE('',*,*,#900,.T.);
#344=ORIENTED_EDGE('',*,*,#901,.F.);
#345=ORIENTED_EDGE('',*,*,#873,.F.);
#346=ORIENTED_EDGE('',*,*,#900,.F.);
#347=ORIENTED_EDGE('',*,*,#902,.F.);
#348=ORIENTED_EDGE('',*,*,#809,.T.);
#349=ORIENTED_EDGE('',*,*,#903,.T.);
#350=ORIENTED_EDGE('',*,*,#814,.F.);
#351=ORIENTED_EDGE('',*,*,#898,.F.);
#352=ORIENTED_EDGE('',*,*,#810,.F.);
#353=ORIENTED_EDGE('',*,*,#904,.T.);
#354=ORIENTED_EDGE('',*,*,#905,.T.);
#355=ORIENTED_EDGE('',*,*,#906,.T.);
#356=ORIENTED_EDGE('',*,*,#907,.F.);
#357=ORIENTED_EDGE('',*,*,#812,.F.);
#358=ORIENTED_EDGE('',*,*,#906,.F.);
#359=ORIENTED_EDGE('',*,*,#908,.F.);
#360=ORIENTED_EDGE('',*,*,#815,.T.);
#361=ORIENTED_EDGE('',*,*,#909,.T.);
#362=ORIENTED_EDGE('',*,*,#820,.F.);
#363=ORIENTED_EDGE('',*,*,#896,.F.);
#364=ORIENTED_EDGE('',*,*,#816,.F.);
#365=ORIENTED_EDGE('',*,*,#910,.T.);
#366=ORIENTED_EDGE('',*,*,#911,.T.);
#367=ORIENTED_EDGE('',*,*,#912,.T.);
#368=ORIENTED_EDGE('',*,*,#913,.F.);
#369=ORIENTED_EDGE('',*,*,#818,.F.);
#370=ORIENTED_EDGE('',*,*,#912,.F.);
#371=ORIENTED_EDGE('',*,*,#914,.F.);
#372=ORIENTED_EDGE('',*,*,#821,.T.);
#373=ORIENTED_EDGE('',*,*,#915,.T.);
#374=ORIENTED_EDGE('',*,*,#826,.F.);
#375=ORIENTED_EDGE('',*,*,#894,.F.);
#376=ORIENTED_EDGE('',*,*,#822,.F.);
#377=ORIENTED_EDGE('',*,*,#916,.T.);
#378=ORIENTED_EDGE('',*,*,#917,.T.);
#379=ORIENTED_EDGE('',*,*,#918,.T.);
#380=ORIENTED_EDGE('',*,*,#919,.F.);
#381=ORIENTED_EDGE('',*,*,#824,.F.);
#382=ORIENTED_EDGE('',*,*,#918,.F.);
#383=ORIENTED_EDGE('',*,*,#920,.F.);
#384=ORIENTED_EDGE('',*,*,#827,.T.);
#385=ORIENTED_EDGE('',*,*,#921,.T.);
#386=ORIENTED_EDGE('',*,*,#832,.F.);
#387=ORIENTED_EDGE('',*,*,#892,.F.);
#388=ORIENTED_EDGE('',*,*,#828,.F.);
#389=ORIENTED_EDGE('',*,*,#922,.T.);
#390=ORIENTED_EDGE('',*,*,#923,.T.);
#391=ORIENTED_EDGE('',*,*,#924,.T.);
#392=ORIENTED_EDGE('',*,*,#925,.F.);
#393=ORIENTED_EDGE('',*,*,#830,.F.);
#394=ORIENTED_EDGE('',*,*,#924,.F.);
#395=ORIENTED_EDGE('',*,*,#926,.F.);
#396=ORIENTED_EDGE('',*,*,#833,.T.);
#397=ORIENTED_EDGE('',*,*,#927,.T.);
#398=ORIENTED_EDGE('',*,*,#838,.F.);
#399=ORIENTED_EDGE('',*,*,#890,.F.);
#400=ORIENTED_EDGE('',*,*,#834,.F.);
#401=ORIENTED_EDGE('',*,*,#928,.T.);
#402=ORIENTED_EDGE('',*,*,#929,.T.);
#403=ORIENTED_EDGE('',*,*,#930,.T.);
#404=ORIENTED_EDGE('',*,*,#931,.F.);
#405=ORIENTED_EDGE('',*,*,#836,.F.);
#406=ORIENTED_EDGE('',*,*,#930,.F.);
#407=ORIENTED_EDGE('',*,*,#932,.F.);
#408=ORIENTED_EDGE('',*,*,#839,.T.);
#409=ORIENTED_EDGE('',*,*,#933,.T.);
#410=ORIENTED_EDGE('',*,*,#844,.F.);
#411=ORIENTED_EDGE('',*,*,#888,.F.);
#412=ORIENTED_EDGE('',*,*,#840,.F.);
#413=ORIENTED_EDGE('',*,*,#934,.T.);
#414=ORIENTED_EDGE('',*,*,#935,.T.);
#415=ORIENTED_EDGE('',*,*,#936,.T.);
#416=ORIENTED_EDGE('',*,*,#937,.F.);
#417=ORIENTED_EDGE('',*,*,#842,.F.);
#418=ORIENTED_EDGE('',*,*,#936,.F.);
#419=ORIENTED_EDGE('',*,*,#938,.F.);
#420=ORIENTED_EDGE('',*,*,#845,.T.);
#421=ORIENTED_EDGE('',*,*,#939,.T.);
#422=ORIENTED_EDGE('',*,*,#850,.F.);
#423=ORIENTED_EDGE('',*,*,#886,.F.);
#424=ORIENTED_EDGE('',*,*,#846,.F.);
#425=ORIENTED_EDGE('',*,*,#940,.T.);
#426=ORIENTED_EDGE('',*,*,#941,.T.);
#427=ORIENTED_EDGE('',*,*,#942,.T.);
#428=ORIENTED_EDGE('',*,*,#943,.F.);
#429=ORIENTED_EDGE('',*,*,#848,.F.);
#430=ORIENTED_EDGE('',*,*,#942,.F.);
#431=ORIENTED_EDGE('',*,*,#944,.F.);
#432=ORIENTED_EDGE('',*,*,#851,.T.);
#433=ORIENTED_EDGE('',*,*,#945,.T.);
#434=ORIENTED_EDGE('',*,*,#856,.F.);
#435=ORIENTED_EDGE('',*,*,#884,.F.);
#436=ORIENTED_EDGE('',*,*,#852,.F.);
#437=ORIENTED_EDGE('',*,*,#946,.T.);
#438=ORIENTED_EDGE('',*,*,#947,.T.);
#439=ORIENTED_EDGE('',*,*,#948,.T.);
#440=ORIENTED_EDGE('',*,*,#949,.F.);
#441=ORIENTED_EDGE('',*,*,#854,.F.);
#442=ORIENTED_EDGE('',*,*,#948,.F.);
#443=ORIENTED_EDGE('',*,*,#950,.F.);
#444=ORIENTED_EDGE('',*,*,#857,.T.);
#445=ORIENTED_EDGE('',*,*,#951,.T.);
#446=ORIENTED_EDGE('',*,*,#862,.F.);
#447=ORIENTED_EDGE('',*,*,#882,.F.);
#448=ORIENTED_EDGE('',*,*,#858,.F.);
#449=ORIENTED_EDGE('',*,*,#952,.T.);
#450=ORIENTED_EDGE('',*,*,#953,.T.);
#451=ORIENTED_EDGE('',*,*,#954,.T.);
#452=ORIENTED_EDGE('',*,*,#955,.F.);
#453=ORIENTED_EDGE('',*,*,#860,.F.);
#454=ORIENTED_EDGE('',*,*,#954,.F.);
#455=ORIENTED_EDGE('',*,*,#956,.F.);
#456=ORIENTED_EDGE('',*,*,#863,.T.);
#457=ORIENTED_EDGE('',*,*,#957,.T.);
#458=ORIENTED_EDGE('',*,*,#868,.F.);
#459=ORIENTED_EDGE('',*,*,#880,.F.);
#460=ORIENTED_EDGE('',*,*,#864,.F.);
#461=ORIENTED_EDGE('',*,*,#958,.T.);
#462=ORIENTED_EDGE('',*,*,#959,.T.);
#463=ORIENTED_EDGE('',*,*,#960,.T.);
#464=ORIENTED_EDGE('',*,*,#961,.F.);
#465=ORIENTED_EDGE('',*,*,#866,.F.);
#466=ORIENTED_EDGE('',*,*,#960,.F.);
#467=ORIENTED_EDGE('',*,*,#962,.F.);
#468=ORIENTED_EDGE('',*,*,#869,.T.);
#469=ORIENTED_EDGE('',*,*,#963,.T.);
#470=ORIENTED_EDGE('',*,*,#964,.F.);
#471=ORIENTED_EDGE('',*,*,#878,.F.);
#472=ORIENTED_EDGE('',*,*,#870,.F.);
#473=ORIENTED_EDGE('',*,*,#965,.T.);
#474=ORIENTED_EDGE('',*,*,#966,.F.);
#475=ORIENTED_EDGE('',*,*,#967,.T.);
#476=ORIENTED_EDGE('',*,*,#968,.T.);
#477=ORIENTED_EDGE('',*,*,#874,.F.);
#478=ORIENTED_EDGE('',*,*,#969,.F.);
#479=ORIENTED_EDGE('',*,*,#970,.T.);
#480=ORIENTED_EDGE('',*,*,#875,.F.);
#481=ORIENTED_EDGE('',*,*,#968,.F.);
#482=ORIENTED_EDGE('',*,*,#783,.F.);
#483=ORIENTED_EDGE('',*,*,#969,.T.);
#484=ORIENTED_EDGE('',*,*,#967,.F.);
#485=ORIENTED_EDGE('',*,*,#971,.F.);
#486=ORIENTED_EDGE('',*,*,#872,.T.);
#487=ORIENTED_EDGE('',*,*,#972,.T.);
#488=ORIENTED_EDGE('',*,*,#876,.T.);
#489=ORIENTED_EDGE('',*,*,#964,.T.);
#490=ORIENTED_EDGE('',*,*,#973,.T.);
#491=ORIENTED_EDGE('',*,*,#974,.T.);
#492=ORIENTED_EDGE('',*,*,#975,.T.);
#493=ORIENTED_EDGE('',*,*,#976,.T.);
#494=ORIENTED_EDGE('',*,*,#977,.T.);
#495=ORIENTED_EDGE('',*,*,#978,.T.);
#496=ORIENTED_EDGE('',*,*,#979,.T.);
#497=ORIENTED_EDGE('',*,*,#980,.T.);
#498=ORIENTED_EDGE('',*,*,#805,.T.);
#499=ORIENTED_EDGE('',*,*,#981,.T.);
#500=ORIENTED_EDGE('',*,*,#982,.T.);
#501=ORIENTED_EDGE('',*,*,#983,.T.);
#502=ORIENTED_EDGE('',*,*,#984,.T.);
#503=ORIENTED_EDGE('',*,*,#985,.T.);
#504=ORIENTED_EDGE('',*,*,#986,.T.);
#505=ORIENTED_EDGE('',*,*,#987,.T.);
#506=ORIENTED_EDGE('',*,*,#988,.T.);
#507=ORIENTED_EDGE('',*,*,#989,.T.);
#508=ORIENTED_EDGE('',*,*,#802,.T.);
#509=ORIENTED_EDGE('',*,*,#990,.T.);
#510=ORIENTED_EDGE('',*,*,#991,.T.);
#511=ORIENTED_EDGE('',*,*,#992,.T.);
#512=ORIENTED_EDGE('',*,*,#993,.T.);
#513=ORIENTED_EDGE('',*,*,#994,.T.);
#514=ORIENTED_EDGE('',*,*,#995,.T.);
#515=ORIENTED_EDGE('',*,*,#996,.T.);
#516=ORIENTED_EDGE('',*,*,#997,.T.);
#517=ORIENTED_EDGE('',*,*,#998,.T.);
#518=ORIENTED_EDGE('',*,*,#799,.T.);
#519=ORIENTED_EDGE('',*,*,#999,.T.);
#520=ORIENTED_EDGE('',*,*,#1000,.T.);
#521=ORIENTED_EDGE('',*,*,#1001,.T.);
#522=ORIENTED_EDGE('',*,*,#1002,.T.);
#523=ORIENTED_EDGE('',*,*,#1003,.T.);
#524=ORIENTED_EDGE('',*,*,#1004,.T.);
#525=ORIENTED_EDGE('',*,*,#1005,.T.);
#526=ORIENTED_EDGE('',*,*,#1006,.T.);
#527=ORIENTED_EDGE('',*,*,#1007,.T.);
#528=ORIENTED_EDGE('',*,*,#796,.T.);
#529=ORIENTED_EDGE('',*,*,#1008,.T.);
#530=ORIENTED_EDGE('',*,*,#784,.F.);
#531=ORIENTED_EDGE('',*,*,#966,.T.);
#532=ORIENTED_EDGE('',*,*,#901,.T.);
#533=ORIENTED_EDGE('',*,*,#903,.F.);
#534=ORIENTED_EDGE('',*,*,#897,.T.);
#535=ORIENTED_EDGE('',*,*,#907,.T.);
#536=ORIENTED_EDGE('',*,*,#909,.F.);
#537=ORIENTED_EDGE('',*,*,#895,.T.);
#538=ORIENTED_EDGE('',*,*,#913,.T.);
#539=ORIENTED_EDGE('',*,*,#915,.F.);
#540=ORIENTED_EDGE('',*,*,#893,.T.);
#541=ORIENTED_EDGE('',*,*,#919,.T.);
#542=ORIENTED_EDGE('',*,*,#921,.F.);
#543=ORIENTED_EDGE('',*,*,#891,.T.);
#544=ORIENTED_EDGE('',*,*,#925,.T.);
#545=ORIENTED_EDGE('',*,*,#927,.F.);
#546=ORIENTED_EDGE('',*,*,#889,.T.);
#547=ORIENTED_EDGE('',*,*,#931,.T.);
#548=ORIENTED_EDGE('',*,*,#933,.F.);
#549=ORIENTED_EDGE('',*,*,#887,.T.);
#550=ORIENTED_EDGE('',*,*,#937,.T.);
#551=ORIENTED_EDGE('',*,*,#939,.F.);
#552=ORIENTED_EDGE('',*,*,#885,.T.);
#553=ORIENTED_EDGE('',*,*,#943,.T.);
#554=ORIENTED_EDGE('',*,*,#945,.F.);
#555=ORIENTED_EDGE('',*,*,#883,.T.);
#556=ORIENTED_EDGE('',*,*,#949,.T.);
#557=ORIENTED_EDGE('',*,*,#951,.F.);
#558=ORIENTED_EDGE('',*,*,#881,.T.);
#559=ORIENTED_EDGE('',*,*,#955,.T.);
#560=ORIENTED_EDGE('',*,*,#957,.F.);
#561=ORIENTED_EDGE('',*,*,#879,.T.);
#562=ORIENTED_EDGE('',*,*,#961,.T.);
#563=ORIENTED_EDGE('',*,*,#963,.F.);
#564=ORIENTED_EDGE('',*,*,#877,.T.);
#565=ORIENTED_EDGE('',*,*,#1009,.T.);
#566=ORIENTED_EDGE('',*,*,#971,.T.);
#567=ORIENTED_EDGE('',*,*,#970,.F.);
#568=ORIENTED_EDGE('',*,*,#782,.T.);
#569=ORIENTED_EDGE('',*,*,#1010,.F.);
#570=ORIENTED_EDGE('',*,*,#965,.F.);
#571=ORIENTED_EDGE('',*,*,#962,.T.);
#572=ORIENTED_EDGE('',*,*,#959,.F.);
#573=ORIENTED_EDGE('',*,*,#958,.F.);
#574=ORIENTED_EDGE('',*,*,#956,.T.);
#575=ORIENTED_EDGE('',*,*,#953,.F.);
#576=ORIENTED_EDGE('',*,*,#952,.F.);
#577=ORIENTED_EDGE('',*,*,#950,.T.);
#578=ORIENTED_EDGE('',*,*,#947,.F.);
#579=ORIENTED_EDGE('',*,*,#946,.F.);
#580=ORIENTED_EDGE('',*,*,#944,.T.);
#581=ORIENTED_EDGE('',*,*,#941,.F.);
#582=ORIENTED_EDGE('',*,*,#940,.F.);
#583=ORIENTED_EDGE('',*,*,#938,.T.);
#584=ORIENTED_EDGE('',*,*,#935,.F.);
#585=ORIENTED_EDGE('',*,*,#934,.F.);
#586=ORIENTED_EDGE('',*,*,#932,.T.);
#587=ORIENTED_EDGE('',*,*,#929,.F.);
#588=ORIENTED_EDGE('',*,*,#928,.F.);
#589=ORIENTED_EDGE('',*,*,#926,.T.);
#590=ORIENTED_EDGE('',*,*,#923,.F.);
#591=ORIENTED_EDGE('',*,*,#922,.F.);
#592=ORIENTED_EDGE('',*,*,#920,.T.);
#593=ORIENTED_EDGE('',*,*,#917,.F.);
#594=ORIENTED_EDGE('',*,*,#916,.F.);
#595=ORIENTED_EDGE('',*,*,#914,.T.);
#596=ORIENTED_EDGE('',*,*,#911,.F.);
#597=ORIENTED_EDGE('',*,*,#910,.F.);
#598=ORIENTED_EDGE('',*,*,#908,.T.);
#599=ORIENTED_EDGE('',*,*,#905,.F.);
#600=ORIENTED_EDGE('',*,*,#904,.F.);
#601=ORIENTED_EDGE('',*,*,#902,.T.);
#602=ORIENTED_EDGE('',*,*,#899,.F.);
#603=ORIENTED_EDGE('',*,*,#1010,.T.);
#604=ORIENTED_EDGE('',*,*,#781,.T.);
#605=ORIENTED_EDGE('',*,*,#1009,.F.);
#606=ORIENTED_EDGE('',*,*,#972,.F.);
#607=ORIENTED_EDGE('',*,*,#756,.T.);
#608=ORIENTED_EDGE('',*,*,#1011,.T.);
#609=ORIENTED_EDGE('',*,*,#999,.F.);
#610=ORIENTED_EDGE('',*,*,#798,.F.);
#611=ORIENTED_EDGE('',*,*,#755,.T.);
#612=ORIENTED_EDGE('',*,*,#1012,.T.);
#613=ORIENTED_EDGE('',*,*,#1000,.F.);
#614=ORIENTED_EDGE('',*,*,#1011,.F.);
#615=ORIENTED_EDGE('',*,*,#1002,.F.);
#616=ORIENTED_EDGE('',*,*,#1013,.T.);
#617=ORIENTED_EDGE('',*,*,#753,.T.);
#618=ORIENTED_EDGE('',*,*,#1014,.T.);
#619=ORIENTED_EDGE('',*,*,#751,.T.);
#620=ORIENTED_EDGE('',*,*,#1015,.T.);
#621=ORIENTED_EDGE('',*,*,#1004,.F.);
#622=ORIENTED_EDGE('',*,*,#1016,.T.);
#623=ORIENTED_EDGE('',*,*,#1006,.F.);
#624=ORIENTED_EDGE('',*,*,#1017,.T.);
#625=ORIENTED_EDGE('',*,*,#759,.T.);
#626=ORIENTED_EDGE('',*,*,#1018,.T.);
#627=ORIENTED_EDGE('',*,*,#758,.T.);
#628=ORIENTED_EDGE('',*,*,#797,.T.);
#629=ORIENTED_EDGE('',*,*,#1007,.F.);
#630=ORIENTED_EDGE('',*,*,#1018,.F.);
#631=ORIENTED_EDGE('',*,*,#766,.T.);
#632=ORIENTED_EDGE('',*,*,#1019,.T.);
#633=ORIENTED_EDGE('',*,*,#1008,.F.);
#634=ORIENTED_EDGE('',*,*,#795,.F.);
#635=ORIENTED_EDGE('',*,*,#765,.T.);
#636=ORIENTED_EDGE('',*,*,#1020,.T.);
#637=ORIENTED_EDGE('',*,*,#973,.F.);
#638=ORIENTED_EDGE('',*,*,#1019,.F.);
#639=ORIENTED_EDGE('',*,*,#975,.F.);
#640=ORIENTED_EDGE('',*,*,#1021,.T.);
#641=ORIENTED_EDGE('',*,*,#763,.T.);
#642=ORIENTED_EDGE('',*,*,#1022,.T.);
#643=ORIENTED_EDGE('',*,*,#761,.T.);
#644=ORIENTED_EDGE('',*,*,#1023,.T.);
#645=ORIENTED_EDGE('',*,*,#977,.F.);
#646=ORIENTED_EDGE('',*,*,#1024,.T.);
#647=ORIENTED_EDGE('',*,*,#979,.F.);
#648=ORIENTED_EDGE('',*,*,#1025,.T.);
#649=ORIENTED_EDGE('',*,*,#769,.T.);
#650=ORIENTED_EDGE('',*,*,#1026,.T.);
#651=ORIENTED_EDGE('',*,*,#768,.T.);
#652=ORIENTED_EDGE('',*,*,#806,.T.);
#653=ORIENTED_EDGE('',*,*,#980,.F.);
#654=ORIENTED_EDGE('',*,*,#1026,.F.);
#655=ORIENTED_EDGE('',*,*,#776,.T.);
#656=ORIENTED_EDGE('',*,*,#1027,.T.);
#657=ORIENTED_EDGE('',*,*,#981,.F.);
#658=ORIENTED_EDGE('',*,*,#804,.F.);
#659=ORIENTED_EDGE('',*,*,#775,.T.);
#660=ORIENTED_EDGE('',*,*,#1028,.T.);
#661=ORIENTED_EDGE('',*,*,#982,.F.);
#662=ORIENTED_EDGE('',*,*,#1027,.F.);
#663=ORIENTED_EDGE('',*,*,#984,.F.);
#664=ORIENTED_EDGE('',*,*,#1029,.T.);
#665=ORIENTED_EDGE('',*,*,#773,.T.);
#666=ORIENTED_EDGE('',*,*,#1030,.T.);
#667=ORIENTED_EDGE('',*,*,#771,.T.);
#668=ORIENTED_EDGE('',*,*,#1031,.T.);
#669=ORIENTED_EDGE('',*,*,#986,.F.);
#670=ORIENTED_EDGE('',*,*,#1032,.T.);
#671=ORIENTED_EDGE('',*,*,#988,.F.);
#672=ORIENTED_EDGE('',*,*,#1033,.T.);
#673=ORIENTED_EDGE('',*,*,#779,.T.);
#674=ORIENTED_EDGE('',*,*,#1034,.T.);
#675=ORIENTED_EDGE('',*,*,#778,.T.);
#676=ORIENTED_EDGE('',*,*,#803,.T.);
#677=ORIENTED_EDGE('',*,*,#989,.F.);
#678=ORIENTED_EDGE('',*,*,#1034,.F.);
#679=ORIENTED_EDGE('',*,*,#790,.T.);
#680=ORIENTED_EDGE('',*,*,#1035,.T.);
#681=ORIENTED_EDGE('',*,*,#990,.F.);
#682=ORIENTED_EDGE('',*,*,#801,.F.);
#683=ORIENTED_EDGE('',*,*,#789,.T.);
#684=ORIENTED_EDGE('',*,*,#1036,.T.);
#685=ORIENTED_EDGE('',*,*,#991,.F.);
#686=ORIENTED_EDGE('',*,*,#1035,.F.);
#687=ORIENTED_EDGE('',*,*,#993,.F.);
#688=ORIENTED_EDGE('',*,*,#1037,.T.);
#689=ORIENTED_EDGE('',*,*,#787,.T.);
#690=ORIENTED_EDGE('',*,*,#1038,.T.);
#691=ORIENTED_EDGE('',*,*,#785,.T.);
#692=ORIENTED_EDGE('',*,*,#1039,.T.);
#693=ORIENTED_EDGE('',*,*,#995,.F.);
#694=ORIENTED_EDGE('',*,*,#1040,.T.);
#695=ORIENTED_EDGE('',*,*,#997,.F.);
#696=ORIENTED_EDGE('',*,*,#1041,.T.);
#697=ORIENTED_EDGE('',*,*,#793,.T.);
#698=ORIENTED_EDGE('',*,*,#1042,.T.);
#699=ORIENTED_EDGE('',*,*,#792,.T.);
#700=ORIENTED_EDGE('',*,*,#800,.T.);
#701=ORIENTED_EDGE('',*,*,#998,.F.);
#702=ORIENTED_EDGE('',*,*,#1042,.F.);
#703=ORIENTED_EDGE('',*,*,#752,.F.);
#704=ORIENTED_EDGE('',*,*,#1016,.F.);
#705=ORIENTED_EDGE('',*,*,#1003,.F.);
#706=ORIENTED_EDGE('',*,*,#1014,.F.);
#707=ORIENTED_EDGE('',*,*,#786,.F.);
#708=ORIENTED_EDGE('',*,*,#1040,.F.);
#709=ORIENTED_EDGE('',*,*,#994,.F.);
#710=ORIENTED_EDGE('',*,*,#1038,.F.);
#711=ORIENTED_EDGE('',*,*,#772,.F.);
#712=ORIENTED_EDGE('',*,*,#1032,.F.);
#713=ORIENTED_EDGE('',*,*,#985,.F.);
#714=ORIENTED_EDGE('',*,*,#1030,.F.);
#715=ORIENTED_EDGE('',*,*,#762,.F.);
#716=ORIENTED_EDGE('',*,*,#1024,.F.);
#717=ORIENTED_EDGE('',*,*,#976,.F.);
#718=ORIENTED_EDGE('',*,*,#1022,.F.);
#719=ORIENTED_EDGE('',*,*,#788,.F.);
#720=ORIENTED_EDGE('',*,*,#1037,.F.);
#721=ORIENTED_EDGE('',*,*,#992,.F.);
#722=ORIENTED_EDGE('',*,*,#1036,.F.);
#723=ORIENTED_EDGE('',*,*,#794,.F.);
#724=ORIENTED_EDGE('',*,*,#1041,.F.);
#725=ORIENTED_EDGE('',*,*,#996,.F.);
#726=ORIENTED_EDGE('',*,*,#1039,.F.);
#727=ORIENTED_EDGE('',*,*,#754,.F.);
#728=ORIENTED_EDGE('',*,*,#1013,.F.);
#729=ORIENTED_EDGE('',*,*,#1001,.F.);
#730=ORIENTED_EDGE('',*,*,#1012,.F.);
#731=ORIENTED_EDGE('',*,*,#760,.F.);
#732=ORIENTED_EDGE('',*,*,#1017,.F.);
#733=ORIENTED_EDGE('',*,*,#1005,.F.);
#734=ORIENTED_EDGE('',*,*,#1015,.F.);
#735=ORIENTED_EDGE('',*,*,#764,.F.);
#736=ORIENTED_EDGE('',*,*,#1021,.F.);
#737=ORIENTED_EDGE('',*,*,#974,.F.);
#738=ORIENTED_EDGE('',*,*,#1020,.F.);
#739=ORIENTED_EDGE('',*,*,#770,.F.);
#740=ORIENTED_EDGE('',*,*,#1025,.F.);
#741=ORIENTED_EDGE('',*,*,#978,.F.);
#742=ORIENTED_EDGE('',*,*,#1023,.F.);
#743=ORIENTED_EDGE('',*,*,#774,.F.);
#744=ORIENTED_EDGE('',*,*,#1029,.F.);
#745=ORIENTED_EDGE('',*,*,#983,.F.);
#746=ORIENTED_EDGE('',*,*,#1028,.F.);
#747=ORIENTED_EDGE('',*,*,#780,.F.);
#748=ORIENTED_EDGE('',*,*,#1033,.F.);
#749=ORIENTED_EDGE('',*,*,#987,.F.);
#750=ORIENTED_EDGE('',*,*,#1031,.F.);
#751=EDGE_CURVE('',#1043,#1044,#1223,.T.);
#752=EDGE_CURVE('',#1043,#1045,#79,.F.);
#753=EDGE_CURVE('',#1046,#1045,#1224,.T.);
#754=EDGE_CURVE('',#1046,#1047,#80,.T.);
#755=EDGE_CURVE('',#1048,#1047,#81,.F.);
#756=EDGE_CURVE('',#1049,#1048,#1225,.T.);
#757=EDGE_CURVE('',#1050,#1049,#82,.T.);
#758=EDGE_CURVE('',#1051,#1050,#1226,.T.);
#759=EDGE_CURVE('',#1052,#1051,#83,.F.);
#760=EDGE_CURVE('',#1052,#1044,#84,.T.);
#761=EDGE_CURVE('',#1053,#1054,#1227,.T.);
#762=EDGE_CURVE('',#1053,#1055,#85,.F.);
#763=EDGE_CURVE('',#1056,#1055,#1228,.T.);
#764=EDGE_CURVE('',#1056,#1057,#86,.T.);
#765=EDGE_CURVE('',#1058,#1057,#87,.F.);
#766=EDGE_CURVE('',#1059,#1058,#1229,.T.);
#767=EDGE_CURVE('',#1060,#1059,#88,.T.);
#768=EDGE_CURVE('',#1061,#1060,#1230,.T.);
#769=EDGE_CURVE('',#1062,#1061,#89,.F.);
#770=EDGE_CURVE('',#1062,#1054,#90,.T.);
#771=EDGE_CURVE('',#1063,#1064,#1231,.T.);
#772=EDGE_CURVE('',#1063,#1065,#91,.F.);
#773=EDGE_CURVE('',#1066,#1065,#1232,.T.);
#774=EDGE_CURVE('',#1066,#1067,#92,.T.);
#775=EDGE_CURVE('',#1068,#1067,#93,.F.);
#776=EDGE_CURVE('',#1069,#1068,#1233,.T.);
#777=EDGE_CURVE('',#1070,#1069,#94,.T.);
#778=EDGE_CURVE('',#1071,#1070,#1234,.T.);
#779=EDGE_CURVE('',#1072,#1071,#95,.F.);
#780=EDGE_CURVE('',#1072,#1064,#96,.T.);
#781=EDGE_CURVE('',#1073,#1074,#1235,.T.);
#782=EDGE_CURVE('',#1075,#1073,#55,.T.);
#783=EDGE_CURVE('',#1075,#1076,#1236,.T.);
#784=EDGE_CURVE('',#1076,#1074,#1237,.T.);
#785=EDGE_CURVE('',#1077,#1078,#1238,.T.);
#786=EDGE_CURVE('',#1077,#1079,#97,.F.);
#787=EDGE_CURVE('',#1080,#1079,#1239,.T.);
#788=EDGE_CURVE('',#1080,#1081,#98,.T.);
#789=EDGE_CURVE('',#1082,#1081,#99,.F.);
#790=EDGE_CURVE('',#1083,#1082,#1240,.T.);
#791=EDGE_CURVE('',#1084,#1083,#100,.T.);
#792=EDGE_CURVE('',#1085,#1084,#1241,.T.);
#793=EDGE_CURVE('',#1086,#1085,#101,.F.);
#794=EDGE_CURVE('',#1086,#1078,#102,.T.);
#795=EDGE_CURVE('',#1059,#1087,#1242,.T.);
#796=EDGE_CURVE('',#1088,#1087,#103,.T.);
#797=EDGE_CURVE('',#1050,#1088,#1243,.T.);
#798=EDGE_CURVE('',#1049,#1089,#1244,.T.);
#799=EDGE_CURVE('',#1090,#1089,#104,.T.);
#800=EDGE_CURVE('',#1084,#1090,#1245,.T.);
#801=EDGE_CURVE('',#1083,#1091,#1246,.T.);
#802=EDGE_CURVE('',#1092,#1091,#105,.T.);
#803=EDGE_CURVE('',#1070,#1092,#1247,.T.);
#804=EDGE_CURVE('',#1069,#1093,#1248,.T.);
#805=EDGE_CURVE('',#1094,#1093,#106,.T.);
#806=EDGE_CURVE('',#1060,#1094,#1249,.T.);
#807=EDGE_CURVE('',#1095,#1095,#107,.T.);
#808=EDGE_CURVE('',#1096,#1096,#108,.T.);
#809=EDGE_CURVE('',#1097,#1098,#1250,.T.);
#810=EDGE_CURVE('',#1097,#1099,#1251,.T.);
#811=EDGE_CURVE('',#1098,#1099,#1252,.T.);
#812=EDGE_CURVE('',#1100,#1101,#1253,.T.);
#813=EDGE_CURVE('',#1101,#1102,#1254,.T.);
#814=EDGE_CURVE('',#1102,#1100,#1255,.T.);
#815=EDGE_CURVE('',#1103,#1104,#1256,.T.);
#816=EDGE_CURVE('',#1103,#1105,#1257,.T.);
#817=EDGE_CURVE('',#1104,#1105,#1258,.T.);
#818=EDGE_CURVE('',#1106,#1107,#1259,.T.);
#819=EDGE_CURVE('',#1107,#1108,#1260,.T.);
#820=EDGE_CURVE('',#1108,#1106,#1261,.T.);
#821=EDGE_CURVE('',#1109,#1110,#1262,.T.);
#822=EDGE_CURVE('',#1109,#1111,#1263,.T.);
#823=EDGE_CURVE('',#1110,#1111,#1264,.T.);
#824=EDGE_CURVE('',#1112,#1113,#1265,.T.);
#825=EDGE_CURVE('',#1113,#1114,#1266,.T.);
#826=EDGE_CURVE('',#1114,#1112,#1267,.T.);
#827=EDGE_CURVE('',#1115,#1116,#1268,.T.);
#828=EDGE_CURVE('',#1115,#1117,#1269,.T.);
#829=EDGE_CURVE('',#1116,#1117,#1270,.T.);
#830=EDGE_CURVE('',#1118,#1119,#1271,.T.);
#831=EDGE_CURVE('',#1119,#1120,#1272,.T.);
#832=EDGE_CURVE('',#1120,#1118,#1273,.T.);
#833=EDGE_CURVE('',#1121,#1122,#1274,.T.);
#834=EDGE_CURVE('',#1121,#1123,#1275,.T.);
#835=EDGE_CURVE('',#1122,#1123,#1276,.T.);
#836=EDGE_CURVE('',#1124,#1125,#1277,.T.);
#837=EDGE_CURVE('',#1125,#1126,#1278,.T.);
#838=EDGE_CURVE('',#1126,#1124,#1279,.T.);
#839=EDGE_CURVE('',#1127,#1128,#1280,.T.);
#840=EDGE_CURVE('',#1127,#1129,#1281,.T.);
#841=EDGE_CURVE('',#1128,#1129,#1282,.T.);
#842=EDGE_CURVE('',#1130,#1131,#1283,.T.);
#843=EDGE_CURVE('',#1131,#1132,#1284,.T.);
#844=EDGE_CURVE('',#1132,#1130,#1285,.T.);
#845=EDGE_CURVE('',#1133,#1134,#1286,.T.);
#846=EDGE_CURVE('',#1133,#1135,#1287,.T.);
#847=EDGE_CURVE('',#1134,#1135,#1288,.T.);
#848=EDGE_CURVE('',#1136,#1137,#1289,.T.);
#849=EDGE_CURVE('',#1137,#1138,#1290,.T.);
#850=EDGE_CURVE('',#1138,#1136,#1291,.T.);
#851=EDGE_CURVE('',#1139,#1140,#1292,.T.);
#852=EDGE_CURVE('',#1139,#1141,#1293,.T.);
#853=EDGE_CURVE('',#1140,#1141,#1294,.T.);
#854=EDGE_CURVE('',#1142,#1143,#1295,.T.);
#855=EDGE_CURVE('',#1143,#1144,#1296,.T.);
#856=EDGE_CURVE('',#1144,#1142,#1297,.T.);
#857=EDGE_CURVE('',#1145,#1146,#1298,.T.);
#858=EDGE_CURVE('',#1145,#1147,#1299,.T.);
#859=EDGE_CURVE('',#1146,#1147,#1300,.T.);
#860=EDGE_CURVE('',#1148,#1149,#1301,.T.);
#861=EDGE_CURVE('',#1149,#1150,#1302,.T.);
#862=EDGE_CURVE('',#1150,#1148,#1303,.T.);
#863=EDGE_CURVE('',#1151,#1152,#1304,.T.);
#864=EDGE_CURVE('',#1151,#1153,#1305,.T.);
#865=EDGE_CURVE('',#1152,#1153,#1306,.T.);
#866=EDGE_CURVE('',#1154,#1155,#1307,.T.);
#867=EDGE_CURVE('',#1155,#1156,#1308,.T.);
#868=EDGE_CURVE('',#1156,#1154,#1309,.T.);
#869=EDGE_CURVE('',#1157,#1158,#1310,.T.);
#870=EDGE_CURVE('',#1157,#1159,#1311,.T.);
#871=EDGE_CURVE('',#1158,#1159,#1312,.T.);
#872=EDGE_CURVE('',#1160,#1160,#109,.T.);
#873=EDGE_CURVE('',#1161,#1162,#1313,.T.);
#874=EDGE_CURVE('',#1162,#1163,#1314,.T.);
#875=EDGE_CURVE('',#1163,#1161,#1315,.T.);
#876=EDGE_CURVE('',#1164,#1165,#1316,.T.);
#877=EDGE_CURVE('',#1158,#1164,#110,.T.);
#878=EDGE_CURVE('',#1159,#1165,#111,.T.);
#879=EDGE_CURVE('',#1152,#1155,#112,.T.);
#880=EDGE_CURVE('',#1153,#1156,#113,.T.);
#881=EDGE_CURVE('',#1146,#1149,#114,.T.);
#882=EDGE_CURVE('',#1147,#1150,#115,.T.);
#883=EDGE_CURVE('',#1140,#1143,#116,.T.);
#884=EDGE_CURVE('',#1141,#1144,#117,.T.);
#885=EDGE_CURVE('',#1134,#1137,#118,.T.);
#886=EDGE_CURVE('',#1135,#1138,#119,.T.);
#887=EDGE_CURVE('',#1128,#1131,#120,.T.);
#888=EDGE_CURVE('',#1129,#1132,#121,.T.);
#889=EDGE_CURVE('',#1122,#1125,#122,.T.);
#890=EDGE_CURVE('',#1123,#1126,#123,.T.);
#891=EDGE_CURVE('',#1116,#1119,#124,.T.);
#892=EDGE_CURVE('',#1117,#1120,#125,.T.);
#893=EDGE_CURVE('',#1110,#1113,#126,.T.);
#894=EDGE_CURVE('',#1111,#1114,#127,.T.);
#895=EDGE_CURVE('',#1104,#1107,#128,.T.);
#896=EDGE_CURVE('',#1105,#1108,#129,.T.);
#897=EDGE_CURVE('',#1098,#1101,#130,.T.);
#898=EDGE_CURVE('',#1099,#1102,#131,.T.);
#899=EDGE_CURVE('',#1161,#1166,#56,.T.);
#900=EDGE_CURVE('',#1166,#1167,#1317,.T.);
#901=EDGE_CURVE('',#1162,#1167,#1318,.T.);
#902=EDGE_CURVE('',#1097,#1166,#57,.T.);
#903=EDGE_CURVE('',#1098,#1167,#1319,.T.);
#904=EDGE_CURVE('',#1097,#1100,#132,.T.);
#905=EDGE_CURVE('',#1100,#1168,#58,.T.);
#906=EDGE_CURVE('',#1168,#1169,#1320,.T.);
#907=EDGE_CURVE('',#1101,#1169,#1321,.T.);
#908=EDGE_CURVE('',#1103,#1168,#59,.T.);
#909=EDGE_CURVE('',#1104,#1169,#1322,.T.);
#910=EDGE_CURVE('',#1103,#1106,#133,.T.);
#911=EDGE_CURVE('',#1106,#1170,#60,.T.);
#912=EDGE_CURVE('',#1170,#1171,#1323,.T.);
#913=EDGE_CURVE('',#1107,#1171,#1324,.T.);
#914=EDGE_CURVE('',#1109,#1170,#61,.T.);
#915=EDGE_CURVE('',#1110,#1171,#1325,.T.);
#916=EDGE_CURVE('',#1109,#1112,#134,.T.);
#917=EDGE_CURVE('',#1112,#1172,#62,.T.);
#918=EDGE_CURVE('',#1172,#1173,#1326,.T.);
#919=EDGE_CURVE('',#1113,#1173,#1327,.T.);
#920=EDGE_CURVE('',#1115,#1172,#63,.T.);
#921=EDGE_CURVE('',#1116,#1173,#1328,.T.);
#922=EDGE_CURVE('',#1115,#1118,#135,.T.);
#923=EDGE_CURVE('',#1118,#1174,#64,.T.);
#924=EDGE_CURVE('',#1174,#1175,#1329,.T.);
#925=EDGE_CURVE('',#1119,#1175,#1330,.T.);
#926=EDGE_CURVE('',#1121,#1174,#65,.T.);
#927=EDGE_CURVE('',#1122,#1175,#1331,.T.);
#928=EDGE_CURVE('',#1121,#1124,#136,.T.);
#929=EDGE_CURVE('',#1124,#1176,#66,.T.);
#930=EDGE_CURVE('',#1176,#1177,#1332,.T.);
#931=EDGE_CURVE('',#1125,#1177,#1333,.T.);
#932=EDGE_CURVE('',#1127,#1176,#67,.T.);
#933=EDGE_CURVE('',#1128,#1177,#1334,.T.);
#934=EDGE_CURVE('',#1127,#1130,#137,.T.);
#935=EDGE_CURVE('',#1130,#1178,#68,.T.);
#936=EDGE_CURVE('',#1178,#1179,#1335,.T.);
#937=EDGE_CURVE('',#1131,#1179,#1336,.T.);
#938=EDGE_CURVE('',#1133,#1178,#69,.T.);
#939=EDGE_CURVE('',#1134,#1179,#1337,.T.);
#940=EDGE_CURVE('',#1133,#1136,#138,.T.);
#941=EDGE_CURVE('',#1136,#1180,#70,.T.);
#942=EDGE_CURVE('',#1180,#1181,#1338,.T.);
#943=EDGE_CURVE('',#1137,#1181,#1339,.T.);
#944=EDGE_CURVE('',#1139,#1180,#71,.T.);
#945=EDGE_CURVE('',#1140,#1181,#1340,.T.);
#946=EDGE_CURVE('',#1139,#1142,#139,.T.);
#947=EDGE_CURVE('',#1142,#1182,#72,.T.);
#948=EDGE_CURVE('',#1182,#1183,#1341,.T.);
#949=EDGE_CURVE('',#1143,#1183,#1342,.T.);
#950=EDGE_CURVE('',#1145,#1182,#73,.T.);
#951=EDGE_CURVE('',#1146,#1183,#1343,.T.);
#952=EDGE_CURVE('',#1145,#1148,#140,.T.);
#953=EDGE_CURVE('',#1148,#1184,#74,.T.);
#954=EDGE_CURVE('',#1184,#1185,#1344,.T.);
#955=EDGE_CURVE('',#1149,#1185,#1345,.T.);
#956=EDGE_CURVE('',#1151,#1184,#75,.T.);
#957=EDGE_CURVE('',#1152,#1185,#1346,.T.);
#958=EDGE_CURVE('',#1151,#1154,#141,.T.);
#959=EDGE_CURVE('',#1154,#1186,#76,.T.);
#960=EDGE_CURVE('',#1186,#1187,#1347,.T.);
#961=EDGE_CURVE('',#1155,#1187,#1348,.T.);
#962=EDGE_CURVE('',#1157,#1186,#77,.T.);
#963=EDGE_CURVE('',#1158,#1187,#1349,.T.);
#964=EDGE_CURVE('',#1165,#1188,#1350,.T.);
#965=EDGE_CURVE('',#1157,#1188,#142,.T.);
#966=EDGE_CURVE('',#1076,#1162,#143,.T.);
#967=EDGE_CURVE('',#1076,#1189,#1351,.T.);
#968=EDGE_CURVE('',#1189,#1163,#144,.T.);
#969=EDGE_CURVE('',#1075,#1189,#1352,.T.);
#970=EDGE_CURVE('',#1075,#1161,#145,.T.);
#971=EDGE_CURVE('',#1190,#1190,#146,.T.);
#972=EDGE_CURVE('',#1188,#1164,#1353,.T.);
#973=EDGE_CURVE('',#1191,#1192,#147,.T.);
#974=EDGE_CURVE('',#1192,#1193,#148,.T.);
#975=EDGE_CURVE('',#1193,#1194,#1354,.T.);
#976=EDGE_CURVE('',#1194,#1195,#149,.F.);
#977=EDGE_CURVE('',#1195,#1196,#1355,.T.);
#978=EDGE_CURVE('',#1196,#1197,#150,.T.);
#979=EDGE_CURVE('',#1197,#1198,#151,.T.);
#980=EDGE_CURVE('',#1198,#1094,#1356,.T.);
#981=EDGE_CURVE('',#1093,#1199,#1357,.T.);
#982=EDGE_CURVE('',#1199,#1200,#152,.T.);
#983=EDGE_CURVE('',#1200,#1201,#153,.T.);
#984=EDGE_CURVE('',#1201,#1202,#1358,.T.);
#985=EDGE_CURVE('',#1202,#1203,#154,.F.);
#986=EDGE_CURVE('',#1203,#1204,#1359,.T.);
#987=EDGE_CURVE('',#1204,#1205,#155,.T.);
#988=EDGE_CURVE('',#1205,#1206,#156,.T.);
#989=EDGE_CURVE('',#1206,#1092,#1360,.T.);
#990=EDGE_CURVE('',#1091,#1207,#1361,.T.);
#991=EDGE_CURVE('',#1207,#1208,#157,.T.);
#992=EDGE_CURVE('',#1208,#1209,#158,.T.);
#993=EDGE_CURVE('',#1209,#1210,#1362,.T.);
#994=EDGE_CURVE('',#1210,#1211,#159,.F.);
#995=EDGE_CURVE('',#1211,#1212,#1363,.T.);
#996=EDGE_CURVE('',#1212,#1213,#160,.T.);
#997=EDGE_CURVE('',#1213,#1214,#161,.T.);
#998=EDGE_CURVE('',#1214,#1090,#1364,.T.);
#999=EDGE_CURVE('',#1089,#1215,#1365,.T.);
#1000=EDGE_CURVE('',#1215,#1216,#162,.T.);
#1001=EDGE_CURVE('',#1216,#1217,#163,.T.);
#1002=EDGE_CURVE('',#1217,#1218,#1366,.T.);
#1003=EDGE_CURVE('',#1218,#1219,#164,.F.);
#1004=EDGE_CURVE('',#1219,#1220,#1367,.T.);
#1005=EDGE_CURVE('',#1220,#1221,#165,.T.);
#1006=EDGE_CURVE('',#1221,#1222,#166,.T.);
#1007=EDGE_CURVE('',#1222,#1088,#1368,.T.);
#1008=EDGE_CURVE('',#1087,#1191,#1369,.T.);
#1009=EDGE_CURVE('',#1164,#1074,#1370,.T.);
#1010=EDGE_CURVE('',#1188,#1073,#78,.T.);
#1011=EDGE_CURVE('',#1048,#1215,#1371,.T.);
#1012=EDGE_CURVE('',#1047,#1216,#1372,.T.);
#1013=EDGE_CURVE('',#1217,#1046,#1373,.T.);
#1014=EDGE_CURVE('',#1045,#1218,#1374,.T.);
#1015=EDGE_CURVE('',#1044,#1220,#1375,.F.);
#1016=EDGE_CURVE('',#1219,#1043,#1376,.F.);
#1017=EDGE_CURVE('',#1221,#1052,#1377,.F.);
#1018=EDGE_CURVE('',#1051,#1222,#1378,.T.);
#1019=EDGE_CURVE('',#1058,#1191,#1379,.T.);
#1020=EDGE_CURVE('',#1057,#1192,#1380,.T.);
#1021=EDGE_CURVE('',#1193,#1056,#1381,.T.);
#1022=EDGE_CURVE('',#1055,#1194,#1382,.T.);
#1023=EDGE_CURVE('',#1054,#1196,#1383,.F.);
#1024=EDGE_CURVE('',#1195,#1053,#1384,.F.);
#1025=EDGE_CURVE('',#1197,#1062,#1385,.F.);
#1026=EDGE_CURVE('',#1061,#1198,#1386,.T.);
#1027=EDGE_CURVE('',#1068,#1199,#1387,.T.);
#1028=EDGE_CURVE('',#1067,#1200,#1388,.T.);
#1029=EDGE_CURVE('',#1201,#1066,#1389,.T.);
#1030=EDGE_CURVE('',#1065,#1202,#1390,.T.);
#1031=EDGE_CURVE('',#1064,#1204,#1391,.F.);
#1032=EDGE_CURVE('',#1203,#1063,#1392,.F.);
#1033=EDGE_CURVE('',#1205,#1072,#1393,.F.);
#1034=EDGE_CURVE('',#1071,#1206,#1394,.T.);
#1035=EDGE_CURVE('',#1082,#1207,#1395,.T.);
#1036=EDGE_CURVE('',#1081,#1208,#1396,.T.);
#1037=EDGE_CURVE('',#1209,#1080,#1397,.T.);
#1038=EDGE_CURVE('',#1079,#1210,#1398,.T.);
#1039=EDGE_CURVE('',#1078,#1212,#1399,.F.);
#1040=EDGE_CURVE('',#1211,#1077,#1400,.F.);
#1041=EDGE_CURVE('',#1213,#1086,#1401,.F.);
#1042=EDGE_CURVE('',#1085,#1214,#1402,.T.);
#1043=VERTEX_POINT('',#2920);
#1044=VERTEX_POINT('',#2921);
#1045=VERTEX_POINT('',#2923);
#1046=VERTEX_POINT('',#2925);
#1047=VERTEX_POINT('',#2927);
#1048=VERTEX_POINT('',#2929);
#1049=VERTEX_POINT('',#2931);
#1050=VERTEX_POINT('',#2933);
#1051=VERTEX_POINT('',#2935);
#1052=VERTEX_POINT('',#2937);
#1053=VERTEX_POINT('',#2941);
#1054=VERTEX_POINT('',#2942);
#1055=VERTEX_POINT('',#2944);
#1056=VERTEX_POINT('',#2946);
#1057=VERTEX_POINT('',#2948);
#1058=VERTEX_POINT('',#2950);
#1059=VERTEX_POINT('',#2952);
#1060=VERTEX_POINT('',#2954);
#1061=VERTEX_POINT('',#2956);
#1062=VERTEX_POINT('',#2958);
#1063=VERTEX_POINT('',#2962);
#1064=VERTEX_POINT('',#2963);
#1065=VERTEX_POINT('',#2965);
#1066=VERTEX_POINT('',#2967);
#1067=VERTEX_POINT('',#2969);
#1068=VERTEX_POINT('',#2971);
#1069=VERTEX_POINT('',#2973);
#1070=VERTEX_POINT('',#2975);
#1071=VERTEX_POINT('',#2977);
#1072=VERTEX_POINT('',#2979);
#1073=VERTEX_POINT('',#2983);
#1074=VERTEX_POINT('',#2984);
#1075=VERTEX_POINT('',#2986);
#1076=VERTEX_POINT('',#2988);
#1077=VERTEX_POINT('',#2992);
#1078=VERTEX_POINT('',#2993);
#1079=VERTEX_POINT('',#2995);
#1080=VERTEX_POINT('',#2997);
#1081=VERTEX_POINT('',#2999);
#1082=VERTEX_POINT('',#3001);
#1083=VERTEX_POINT('',#3003);
#1084=VERTEX_POINT('',#3005);
#1085=VERTEX_POINT('',#3007);
#1086=VERTEX_POINT('',#3009);
#1087=VERTEX_POINT('',#3013);
#1088=VERTEX_POINT('',#3015);
#1089=VERTEX_POINT('',#3018);
#1090=VERTEX_POINT('',#3020);
#1091=VERTEX_POINT('',#3023);
#1092=VERTEX_POINT('',#3025);
#1093=VERTEX_POINT('',#3028);
#1094=VERTEX_POINT('',#3030);
#1095=VERTEX_POINT('',#3033);
#1096=VERTEX_POINT('',#3036);
#1097=VERTEX_POINT('',#3039);
#1098=VERTEX_POINT('',#3040);
#1099=VERTEX_POINT('',#3042);
#1100=VERTEX_POINT('',#3046);
#1101=VERTEX_POINT('',#3047);
#1102=VERTEX_POINT('',#3049);
#1103=VERTEX_POINT('',#3053);
#1104=VERTEX_POINT('',#3054);
#1105=VERTEX_POINT('',#3056);
#1106=VERTEX_POINT('',#3060);
#1107=VERTEX_POINT('',#3061);
#1108=VERTEX_POINT('',#3063);
#1109=VERTEX_POINT('',#3067);
#1110=VERTEX_POINT('',#3068);
#1111=VERTEX_POINT('',#3070);
#1112=VERTEX_POINT('',#3074);
#1113=VERTEX_POINT('',#3075);
#1114=VERTEX_POINT('',#3077);
#1115=VERTEX_POINT('',#3081);
#1116=VERTEX_POINT('',#3082);
#1117=VERTEX_POINT('',#3084);
#1118=VERTEX_POINT('',#3088);
#1119=VERTEX_POINT('',#3089);
#1120=VERTEX_POINT('',#3091);
#1121=VERTEX_POINT('',#3095);
#1122=VERTEX_POINT('',#3096);
#1123=VERTEX_POINT('',#3098);
#1124=VERTEX_POINT('',#3102);
#1125=VERTEX_POINT('',#3103);
#1126=VERTEX_POINT('',#3105);
#1127=VERTEX_POINT('',#3109);
#1128=VERTEX_POINT('',#3110);
#1129=VERTEX_POINT('',#3112);
#1130=VERTEX_POINT('',#3116);
#1131=VERTEX_POINT('',#3117);
#1132=VERTEX_POINT('',#3119);
#1133=VERTEX_POINT('',#3123);
#1134=VERTEX_POINT('',#3124);
#1135=VERTEX_POINT('',#3126);
#1136=VERTEX_POINT('',#3130);
#1137=VERTEX_POINT('',#3131);
#1138=VERTEX_POINT('',#3133);
#1139=VERTEX_POINT('',#3137);
#1140=VERTEX_POINT('',#3138);
#1141=VERTEX_POINT('',#3140);
#1142=VERTEX_POINT('',#3144);
#1143=VERTEX_POINT('',#3145);
#1144=VERTEX_POINT('',#3147);
#1145=VERTEX_POINT('',#3151);
#1146=VERTEX_POINT('',#3152);
#1147=VERTEX_POINT('',#3154);
#1148=VERTEX_POINT('',#3158);
#1149=VERTEX_POINT('',#3159);
#1150=VERTEX_POINT('',#3161);
#1151=VERTEX_POINT('',#3165);
#1152=VERTEX_POINT('',#3166);
#1153=VERTEX_POINT('',#3168);
#1154=VERTEX_POINT('',#3172);
#1155=VERTEX_POINT('',#3173);
#1156=VERTEX_POINT('',#3175);
#1157=VERTEX_POINT('',#3179);
#1158=VERTEX_POINT('',#3180);
#1159=VERTEX_POINT('',#3182);
#1160=VERTEX_POINT('',#3186);
#1161=VERTEX_POINT('',#3189);
#1162=VERTEX_POINT('',#3190);
#1163=VERTEX_POINT('',#3192);
#1164=VERTEX_POINT('',#3196);
#1165=VERTEX_POINT('',#3197);
#1166=VERTEX_POINT('',#3232);
#1167=VERTEX_POINT('',#3234);
#1168=VERTEX_POINT('',#3243);
#1169=VERTEX_POINT('',#3245);
#1170=VERTEX_POINT('',#3254);
#1171=VERTEX_POINT('',#3256);
#1172=VERTEX_POINT('',#3265);
#1173=VERTEX_POINT('',#3267);
#1174=VERTEX_POINT('',#3276);
#1175=VERTEX_POINT('',#3278);
#1176=VERTEX_POINT('',#3287);
#1177=VERTEX_POINT('',#3289);
#1178=VERTEX_POINT('',#3298);
#1179=VERTEX_POINT('',#3300);
#1180=VERTEX_POINT('',#3309);
#1181=VERTEX_POINT('',#3311);
#1182=VERTEX_POINT('',#3320);
#1183=VERTEX_POINT('',#3322);
#1184=VERTEX_POINT('',#3331);
#1185=VERTEX_POINT('',#3333);
#1186=VERTEX_POINT('',#3342);
#1187=VERTEX_POINT('',#3344);
#1188=VERTEX_POINT('',#3351);
#1189=VERTEX_POINT('',#3356);
#1190=VERTEX_POINT('',#3364);
#1191=VERTEX_POINT('',#3369);
#1192=VERTEX_POINT('',#3370);
#1193=VERTEX_POINT('',#3372);
#1194=VERTEX_POINT('',#3374);
#1195=VERTEX_POINT('',#3376);
#1196=VERTEX_POINT('',#3378);
#1197=VERTEX_POINT('',#3380);
#1198=VERTEX_POINT('',#3382);
#1199=VERTEX_POINT('',#3385);
#1200=VERTEX_POINT('',#3387);
#1201=VERTEX_POINT('',#3389);
#1202=VERTEX_POINT('',#3391);
#1203=VERTEX_POINT('',#3393);
#1204=VERTEX_POINT('',#3395);
#1205=VERTEX_POINT('',#3397);
#1206=VERTEX_POINT('',#3399);
#1207=VERTEX_POINT('',#3402);
#1208=VERTEX_POINT('',#3404);
#1209=VERTEX_POINT('',#3406);
#1210=VERTEX_POINT('',#3408);
#1211=VERTEX_POINT('',#3410);
#1212=VERTEX_POINT('',#3412);
#1213=VERTEX_POINT('',#3414);
#1214=VERTEX_POINT('',#3416);
#1215=VERTEX_POINT('',#3419);
#1216=VERTEX_POINT('',#3421);
#1217=VERTEX_POINT('',#3423);
#1218=VERTEX_POINT('',#3425);
#1219=VERTEX_POINT('',#3427);
#1220=VERTEX_POINT('',#3429);
#1221=VERTEX_POINT('',#3431);
#1222=VERTEX_POINT('',#3433);
#1223=LINE('',#2919,#1403);
#1224=LINE('',#2924,#1404);
#1225=LINE('',#2930,#1405);
#1226=LINE('',#2934,#1406);
#1227=LINE('',#2940,#1407);
#1228=LINE('',#2945,#1408);
#1229=LINE('',#2951,#1409);
#1230=LINE('',#2955,#1410);
#1231=LINE('',#2961,#1411);
#1232=LINE('',#2966,#1412);
#1233=LINE('',#2972,#1413);
#1234=LINE('',#2976,#1414);
#1235=LINE('',#2982,#1415);
#1236=LINE('',#2987,#1416);
#1237=LINE('',#2989,#1417);
#1238=LINE('',#2991,#1418);
#1239=LINE('',#2996,#1419);
#1240=LINE('',#3002,#1420);
#1241=LINE('',#3006,#1421);
#1242=LINE('',#3012,#1422);
#1243=LINE('',#3016,#1423);
#1244=LINE('',#3017,#1424);
#1245=LINE('',#3021,#1425);
#1246=LINE('',#3022,#1426);
#1247=LINE('',#3026,#1427);
#1248=LINE('',#3027,#1428);
#1249=LINE('',#3031,#1429);
#1250=LINE('',#3038,#1430);
#1251=LINE('',#3041,#1431);
#1252=LINE('',#3043,#1432);
#1253=LINE('',#3045,#1433);
#1254=LINE('',#3048,#1434);
#1255=LINE('',#3050,#1435);
#1256=LINE('',#3052,#1436);
#1257=LINE('',#3055,#1437);
#1258=LINE('',#3057,#1438);
#1259=LINE('',#3059,#1439);
#1260=LINE('',#3062,#1440);
#1261=LINE('',#3064,#1441);
#1262=LINE('',#3066,#1442);
#1263=LINE('',#3069,#1443);
#1264=LINE('',#3071,#1444);
#1265=LINE('',#3073,#1445);
#1266=LINE('',#3076,#1446);
#1267=LINE('',#3078,#1447);
#1268=LINE('',#3080,#1448);
#1269=LINE('',#3083,#1449);
#1270=LINE('',#3085,#1450);
#1271=LINE('',#3087,#1451);
#1272=LINE('',#3090,#1452);
#1273=LINE('',#3092,#1453);
#1274=LINE('',#3094,#1454);
#1275=LINE('',#3097,#1455);
#1276=LINE('',#3099,#1456);
#1277=LINE('',#3101,#1457);
#1278=LINE('',#3104,#1458);
#1279=LINE('',#3106,#1459);
#1280=LINE('',#3108,#1460);
#1281=LINE('',#3111,#1461);
#1282=LINE('',#3113,#1462);
#1283=LINE('',#3115,#1463);
#1284=LINE('',#3118,#1464);
#1285=LINE('',#3120,#1465);
#1286=LINE('',#3122,#1466);
#1287=LINE('',#3125,#1467);
#1288=LINE('',#3127,#1468);
#1289=LINE('',#3129,#1469);
#1290=LINE('',#3132,#1470);
#1291=LINE('',#3134,#1471);
#1292=LINE('',#3136,#1472);
#1293=LINE('',#3139,#1473);
#1294=LINE('',#3141,#1474);
#1295=LINE('',#3143,#1475);
#1296=LINE('',#3146,#1476);
#1297=LINE('',#3148,#1477);
#1298=LINE('',#3150,#1478);
#1299=LINE('',#3153,#1479);
#1300=LINE('',#3155,#1480);
#1301=LINE('',#3157,#1481);
#1302=LINE('',#3160,#1482);
#1303=LINE('',#3162,#1483);
#1304=LINE('',#3164,#1484);
#1305=LINE('',#3167,#1485);
#1306=LINE('',#3169,#1486);
#1307=LINE('',#3171,#1487);
#1308=LINE('',#3174,#1488);
#1309=LINE('',#3176,#1489);
#1310=LINE('',#3178,#1490);
#1311=LINE('',#3181,#1491);
#1312=LINE('',#3183,#1492);
#1313=LINE('',#3188,#1493);
#1314=LINE('',#3191,#1494);
#1315=LINE('',#3193,#1495);
#1316=LINE('',#3195,#1496);
#1317=LINE('',#3233,#1497);
#1318=LINE('',#3235,#1498);
#1319=LINE('',#3238,#1499);
#1320=LINE('',#3244,#1500);
#1321=LINE('',#3246,#1501);
#1322=LINE('',#3249,#1502);
#1323=LINE('',#3255,#1503);
#1324=LINE('',#3257,#1504);
#1325=LINE('',#3260,#1505);
#1326=LINE('',#3266,#1506);
#1327=LINE('',#3268,#1507);
#1328=LINE('',#3271,#1508);
#1329=LINE('',#3277,#1509);
#1330=LINE('',#3279,#1510);
#1331=LINE('',#3282,#1511);
#1332=LINE('',#3288,#1512);
#1333=LINE('',#3290,#1513);
#1334=LINE('',#3293,#1514);
#1335=LINE('',#3299,#1515);
#1336=LINE('',#3301,#1516);
#1337=LINE('',#3304,#1517);
#1338=LINE('',#3310,#1518);
#1339=LINE('',#3312,#1519);
#1340=LINE('',#3315,#1520);
#1341=LINE('',#3321,#1521);
#1342=LINE('',#3323,#1522);
#1343=LINE('',#3326,#1523);
#1344=LINE('',#3332,#1524);
#1345=LINE('',#3334,#1525);
#1346=LINE('',#3337,#1526);
#1347=LINE('',#3343,#1527);
#1348=LINE('',#3345,#1528);
#1349=LINE('',#3348,#1529);
#1350=LINE('',#3350,#1530);
#1351=LINE('',#3355,#1531);
#1352=LINE('',#3359,#1532);
#1353=LINE('',#3366,#1533);
#1354=LINE('',#3373,#1534);
#1355=LINE('',#3377,#1535);
#1356=LINE('',#3383,#1536);
#1357=LINE('',#3384,#1537);
#1358=LINE('',#3390,#1538);
#1359=LINE('',#3394,#1539);
#1360=LINE('',#3400,#1540);
#1361=LINE('',#3401,#1541);
#1362=LINE('',#3407,#1542);
#1363=LINE('',#3411,#1543);
#1364=LINE('',#3417,#1544);
#1365=LINE('',#3418,#1545);
#1366=LINE('',#3424,#1546);
#1367=LINE('',#3428,#1547);
#1368=LINE('',#3434,#1548);
#1369=LINE('',#3435,#1549);
#1370=LINE('',#3436,#1550);
#1371=LINE('',#3441,#1551);
#1372=LINE('',#3443,#1552);
#1373=LINE('',#3445,#1553);
#1374=LINE('',#3446,#1554);
#1375=LINE('',#3448,#1555);
#1376=LINE('',#3449,#1556);
#1377=LINE('',#3451,#1557);
#1378=LINE('',#3452,#1558);
#1379=LINE('',#3455,#1559);
#1380=LINE('',#3457,#1560);
#1381=LINE('',#3459,#1561);
#1382=LINE('',#3460,#1562);
#1383=LINE('',#3462,#1563);
#1384=LINE('',#3463,#1564);
#1385=LINE('',#3465,#1565);
#1386=LINE('',#3466,#1566);
#1387=LINE('',#3469,#1567);
#1388=LINE('',#3471,#1568);
#1389=LINE('',#3473,#1569);
#1390=LINE('',#3474,#1570);
#1391=LINE('',#3476,#1571);
#1392=LINE('',#3477,#1572);
#1393=LINE('',#3479,#1573);
#1394=LINE('',#3480,#1574);
#1395=LINE('',#3483,#1575);
#1396=LINE('',#3485,#1576);
#1397=LINE('',#3487,#1577);
#1398=LINE('',#3488,#1578);
#1399=LINE('',#3490,#1579);
#1400=LINE('',#3491,#1580);
#1401=LINE('',#3493,#1581);
#1402=LINE('',#3494,#1582);
#1403=VECTOR('',#2279,1000.);
#1404=VECTOR('',#2282,1000.);
#1405=VECTOR('',#2287,1000.);
#1406=VECTOR('',#2290,1000.);
#1407=VECTOR('',#2297,1000.);
#1408=VECTOR('',#2300,1000.);
#1409=VECTOR('',#2305,1000.);
#1410=VECTOR('',#2308,1000.);
#1411=VECTOR('',#2315,1000.);
#1412=VECTOR('',#2318,1000.);
#1413=VECTOR('',#2323,1000.);
#1414=VECTOR('',#2326,1000.);
#1415=VECTOR('',#2333,1000.);
#1416=VECTOR('',#2336,1000.);
#1417=VECTOR('',#2337,1000.);
#1418=VECTOR('',#2340,1000.);
#1419=VECTOR('',#2343,1000.);
#1420=VECTOR('',#2348,1000.);
#1421=VECTOR('',#2351,1000.);
#1422=VECTOR('',#2358,1000.);
#1423=VECTOR('',#2361,1000.);
#1424=VECTOR('',#2362,1000.);
#1425=VECTOR('',#2365,1000.);
#1426=VECTOR('',#2366,1000.);
#1427=VECTOR('',#2369,1000.);
#1428=VECTOR('',#2370,1000.);
#1429=VECTOR('',#2373,1000.);
#1430=VECTOR('',#2382,1000.);
#1431=VECTOR('',#2383,1000.);
#1432=VECTOR('',#2384,1000.);
#1433=VECTOR('',#2387,1000.);
#1434=VECTOR('',#2388,1000.);
#1435=VECTOR('',#2389,1000.);
#1436=VECTOR('',#2392,1000.);
#1437=VECTOR('',#2393,1000.);
#1438=VECTOR('',#2394,1000.);
#1439=VECTOR('',#2397,1000.);
#1440=VECTOR('',#2398,1000.);
#1441=VECTOR('',#2399,1000.);
#1442=VECTOR('',#2402,1000.);
#1443=VECTOR('',#2403,1000.);
#1444=VECTOR('',#2404,1000.);
#1445=VECTOR('',#2407,1000.);
#1446=VECTOR('',#2408,1000.);
#1447=VECTOR('',#2409,1000.);
#1448=VECTOR('',#2412,1000.);
#1449=VECTOR('',#2413,1000.);
#1450=VECTOR('',#2414,1000.);
#1451=VECTOR('',#2417,1000.);
#1452=VECTOR('',#2418,1000.);
#1453=VECTOR('',#2419,1000.);
#1454=VECTOR('',#2422,1000.);
#1455=VECTOR('',#2423,1000.);
#1456=VECTOR('',#2424,1000.);
#1457=VECTOR('',#2427,1000.);
#1458=VECTOR('',#2428,1000.);
#1459=VECTOR('',#2429,1000.);
#1460=VECTOR('',#2432,1000.);
#1461=VECTOR('',#2433,1000.);
#1462=VECTOR('',#2434,1000.);
#1463=VECTOR('',#2437,1000.);
#1464=VECTOR('',#2438,1000.);
#1465=VECTOR('',#2439,1000.);
#1466=VECTOR('',#2442,1000.);
#1467=VECTOR('',#2443,1000.);
#1468=VECTOR('',#2444,1000.);
#1469=VECTOR('',#2447,1000.);
#1470=VECTOR('',#2448,1000.);
#1471=VECTOR('',#2449,1000.);
#1472=VECTOR('',#2452,1000.);
#1473=VECTOR('',#2453,1000.);
#1474=VECTOR('',#2454,1000.);
#1475=VECTOR('',#2457,1000.);
#1476=VECTOR('',#2458,1000.);
#1477=VECTOR('',#2459,1000.);
#1478=VECTOR('',#2462,1000.);
#1479=VECTOR('',#2463,1000.);
#1480=VECTOR('',#2464,1000.);
#1481=VECTOR('',#2467,1000.);
#1482=VECTOR('',#2468,1000.);
#1483=VECTOR('',#2469,1000.);
#1484=VECTOR('',#2472,1000.);
#1485=VECTOR('',#2473,1000.);
#1486=VECTOR('',#2474,1000.);
#1487=VECTOR('',#2477,1000.);
#1488=VECTOR('',#2478,1000.);
#1489=VECTOR('',#2479,1000.);
#1490=VECTOR('',#2482,1000.);
#1491=VECTOR('',#2483,1000.);
#1492=VECTOR('',#2484,1000.);
#1493=VECTOR('',#2491,1000.);
#1494=VECTOR('',#2492,1000.);
#1495=VECTOR('',#2493,1000.);
#1496=VECTOR('',#2496,1000.);
#1497=VECTOR('',#2565,1000.);
#1498=VECTOR('',#2566,1000.);
#1499=VECTOR('',#2571,1000.);
#1500=VECTOR('',#2580,1000.);
#1501=VECTOR('',#2581,1000.);
#1502=VECTOR('',#2586,1000.);
#1503=VECTOR('',#2595,1000.);
#1504=VECTOR('',#2596,1000.);
#1505=VECTOR('',#2601,1000.);
#1506=VECTOR('',#2610,1000.);
#1507=VECTOR('',#2611,1000.);
#1508=VECTOR('',#2616,1000.);
#1509=VECTOR('',#2625,1000.);
#1510=VECTOR('',#2626,1000.);
#1511=VECTOR('',#2631,1000.);
#1512=VECTOR('',#2640,1000.);
#1513=VECTOR('',#2641,1000.);
#1514=VECTOR('',#2646,1000.);
#1515=VECTOR('',#2655,1000.);
#1516=VECTOR('',#2656,1000.);
#1517=VECTOR('',#2661,1000.);
#1518=VECTOR('',#2670,1000.);
#1519=VECTOR('',#2671,1000.);
#1520=VECTOR('',#2676,1000.);
#1521=VECTOR('',#2685,1000.);
#1522=VECTOR('',#2686,1000.);
#1523=VECTOR('',#2691,1000.);
#1524=VECTOR('',#2700,1000.);
#1525=VECTOR('',#2701,1000.);
#1526=VECTOR('',#2706,1000.);
#1527=VECTOR('',#2715,1000.);
#1528=VECTOR('',#2716,1000.);
#1529=VECTOR('',#2721,1000.);
#1530=VECTOR('',#2724,1000.);
#1531=VECTOR('',#2731,1000.);
#1532=VECTOR('',#2736,1000.);
#1533=VECTOR('',#2747,1000.);
#1534=VECTOR('',#2754,1000.);
#1535=VECTOR('',#2757,1000.);
#1536=VECTOR('',#2762,1000.);
#1537=VECTOR('',#2763,1000.);
#1538=VECTOR('',#2768,1000.);
#1539=VECTOR('',#2771,1000.);
#1540=VECTOR('',#2776,1000.);
#1541=VECTOR('',#2777,1000.);
#1542=VECTOR('',#2782,1000.);
#1543=VECTOR('',#2785,1000.);
#1544=VECTOR('',#2790,1000.);
#1545=VECTOR('',#2791,1000.);
#1546=VECTOR('',#2796,1000.);
#1547=VECTOR('',#2799,1000.);
#1548=VECTOR('',#2804,1000.);
#1549=VECTOR('',#2805,1000.);
#1550=VECTOR('',#2806,1000.);
#1551=VECTOR('',#2815,1000.);
#1552=VECTOR('',#2818,1000.);
#1553=VECTOR('',#2821,1000.);
#1554=VECTOR('',#2822,1000.);
#1555=VECTOR('',#2825,1000.);
#1556=VECTOR('',#2826,1000.);
#1557=VECTOR('',#2829,1000.);
#1558=VECTOR('',#2830,1000.);
#1559=VECTOR('',#2835,1000.);
#1560=VECTOR('',#2838,1000.);
#1561=VECTOR('',#2841,1000.);
#1562=VECTOR('',#2842,1000.);
#1563=VECTOR('',#2845,1000.);
#1564=VECTOR('',#2846,1000.);
#1565=VECTOR('',#2849,1000.);
#1566=VECTOR('',#2850,1000.);
#1567=VECTOR('',#2855,1000.);
#1568=VECTOR('',#2858,1000.);
#1569=VECTOR('',#2861,1000.);
#1570=VECTOR('',#2862,1000.);
#1571=VECTOR('',#2865,1000.);
#1572=VECTOR('',#2866,1000.);
#1573=VECTOR('',#2869,1000.);
#1574=VECTOR('',#2870,1000.);
#1575=VECTOR('',#2875,1000.);
#1576=VECTOR('',#2878,1000.);
#1577=VECTOR('',#2881,1000.);
#1578=VECTOR('',#2882,1000.);
#1579=VECTOR('',#2885,1000.);
#1580=VECTOR('',#2886,1000.);
#1581=VECTOR('',#2889,1000.);
#1582=VECTOR('',#2890,1000.);
#1583=EDGE_LOOP('',(#167,#168,#169,#170,#171,#172,#173,#174,#175,#176));
#1584=EDGE_LOOP('',(#177,#178,#179,#180,#181,#182,#183,#184,#185,#186));
#1585=EDGE_LOOP('',(#187,#188,#189,#190,#191,#192,#193,#194,#195,#196));
#1586=EDGE_LOOP('',(#197,#198,#199,#200));
#1587=EDGE_LOOP('',(#201,#202,#203,#204,#205,#206,#207,#208,#209,#210));
#1588=EDGE_LOOP('',(#211,#212,#213,#214,#215,#216,#217,#218,#219,#220,#221,
#222,#223,#224,#225,#226));
#1589=EDGE_LOOP('',(#227));
#1590=EDGE_LOOP('',(#228));
#1591=EDGE_LOOP('',(#229));
#1592=EDGE_LOOP('',(#230,#231,#232));
#1593=EDGE_LOOP('',(#233,#234,#235));
#1594=EDGE_LOOP('',(#236,#237,#238));
#1595=EDGE_LOOP('',(#239,#240,#241));
#1596=EDGE_LOOP('',(#242,#243,#244));
#1597=EDGE_LOOP('',(#245,#246,#247));
#1598=EDGE_LOOP('',(#248,#249,#250));
#1599=EDGE_LOOP('',(#251,#252,#253));
#1600=EDGE_LOOP('',(#254,#255,#256));
#1601=EDGE_LOOP('',(#257,#258,#259));
#1602=EDGE_LOOP('',(#260,#261,#262));
#1603=EDGE_LOOP('',(#263,#264,#265));
#1604=EDGE_LOOP('',(#266,#267,#268));
#1605=EDGE_LOOP('',(#269,#270,#271));
#1606=EDGE_LOOP('',(#272,#273,#274));
#1607=EDGE_LOOP('',(#275,#276,#277));
#1608=EDGE_LOOP('',(#278,#279,#280));
#1609=EDGE_LOOP('',(#281,#282,#283));
#1610=EDGE_LOOP('',(#284,#285,#286));
#1611=EDGE_LOOP('',(#287,#288,#289));
#1612=EDGE_LOOP('',(#290,#291,#292));
#1613=EDGE_LOOP('',(#293));
#1614=EDGE_LOOP('',(#294));
#1615=EDGE_LOOP('',(#295,#296,#297));
#1616=EDGE_LOOP('',(#298,#299,#300,#301));
#1617=EDGE_LOOP('',(#302,#303,#304,#305));
#1618=EDGE_LOOP('',(#306,#307,#308,#309));
#1619=EDGE_LOOP('',(#310,#311,#312,#313));
#1620=EDGE_LOOP('',(#314,#315,#316,#317));
#1621=EDGE_LOOP('',(#318,#319,#320,#321));
#1622=EDGE_LOOP('',(#322,#323,#324,#325));
#1623=EDGE_LOOP('',(#326,#327,#328,#329));
#1624=EDGE_LOOP('',(#330,#331,#332,#333));
#1625=EDGE_LOOP('',(#334,#335,#336,#337));
#1626=EDGE_LOOP('',(#338,#339,#340,#341));
#1627=EDGE_LOOP('',(#342,#343,#344,#345));
#1628=EDGE_LOOP('',(#346,#347,#348,#349));
#1629=EDGE_LOOP('',(#350,#351,#352,#353));
#1630=EDGE_LOOP('',(#354,#355,#356,#357));
#1631=EDGE_LOOP('',(#358,#359,#360,#361));
#1632=EDGE_LOOP('',(#362,#363,#364,#365));
#1633=EDGE_LOOP('',(#366,#367,#368,#369));
#1634=EDGE_LOOP('',(#370,#371,#372,#373));
#1635=EDGE_LOOP('',(#374,#375,#376,#377));
#1636=EDGE_LOOP('',(#378,#379,#380,#381));
#1637=EDGE_LOOP('',(#382,#383,#384,#385));
#1638=EDGE_LOOP('',(#386,#387,#388,#389));
#1639=EDGE_LOOP('',(#390,#391,#392,#393));
#1640=EDGE_LOOP('',(#394,#395,#396,#397));
#1641=EDGE_LOOP('',(#398,#399,#400,#401));
#1642=EDGE_LOOP('',(#402,#403,#404,#405));
#1643=EDGE_LOOP('',(#406,#407,#408,#409));
#1644=EDGE_LOOP('',(#410,#411,#412,#413));
#1645=EDGE_LOOP('',(#414,#415,#416,#417));
#1646=EDGE_LOOP('',(#418,#419,#420,#421));
#1647=EDGE_LOOP('',(#422,#423,#424,#425));
#1648=EDGE_LOOP('',(#426,#427,#428,#429));
#1649=EDGE_LOOP('',(#430,#431,#432,#433));
#1650=EDGE_LOOP('',(#434,#435,#436,#437));
#1651=EDGE_LOOP('',(#438,#439,#440,#441));
#1652=EDGE_LOOP('',(#442,#443,#444,#445));
#1653=EDGE_LOOP('',(#446,#447,#448,#449));
#1654=EDGE_LOOP('',(#450,#451,#452,#453));
#1655=EDGE_LOOP('',(#454,#455,#456,#457));
#1656=EDGE_LOOP('',(#458,#459,#460,#461));
#1657=EDGE_LOOP('',(#462,#463,#464,#465));
#1658=EDGE_LOOP('',(#466,#467,#468,#469));
#1659=EDGE_LOOP('',(#470,#471,#472,#473));
#1660=EDGE_LOOP('',(#474,#475,#476,#477));
#1661=EDGE_LOOP('',(#478,#479,#480,#481));
#1662=EDGE_LOOP('',(#482,#483,#484));
#1663=EDGE_LOOP('',(#485));
#1664=EDGE_LOOP('',(#486));
#1665=EDGE_LOOP('',(#487,#488,#489));
#1666=EDGE_LOOP('',(#490,#491,#492,#493,#494,#495,#496,#497,#498,#499,#500,
#501,#502,#503,#504,#505,#506,#507,#508,#509,#510,#511,#512,#513,#514,#515,
#516,#517,#518,#519,#520,#521,#522,#523,#524,#525,#526,#527,#528,#529));
#1667=EDGE_LOOP('',(#530,#531,#532,#533,#534,#535,#536,#537,#538,#539,#540,
#541,#542,#543,#544,#545,#546,#547,#548,#549,#550,#551,#552,#553,#554,#555,
#556,#557,#558,#559,#560,#561,#562,#563,#564,#565));
#1668=EDGE_LOOP('',(#566));
#1669=EDGE_LOOP('',(#567,#568,#569,#570,#571,#572,#573,#574,#575,#576,#577,
#578,#579,#580,#581,#582,#583,#584,#585,#586,#587,#588,#589,#590,#591,#592,
#593,#594,#595,#596,#597,#598,#599,#600,#601,#602));
#1670=EDGE_LOOP('',(#603,#604,#605,#606));
#1671=EDGE_LOOP('',(#607,#608,#609,#610));
#1672=EDGE_LOOP('',(#611,#612,#613,#614));
#1673=EDGE_LOOP('',(#615,#616,#617,#618));
#1674=EDGE_LOOP('',(#619,#620,#621,#622));
#1675=EDGE_LOOP('',(#623,#624,#625,#626));
#1676=EDGE_LOOP('',(#627,#628,#629,#630));
#1677=EDGE_LOOP('',(#631,#632,#633,#634));
#1678=EDGE_LOOP('',(#635,#636,#637,#638));
#1679=EDGE_LOOP('',(#639,#640,#641,#642));
#1680=EDGE_LOOP('',(#643,#644,#645,#646));
#1681=EDGE_LOOP('',(#647,#648,#649,#650));
#1682=EDGE_LOOP('',(#651,#652,#653,#654));
#1683=EDGE_LOOP('',(#655,#656,#657,#658));
#1684=EDGE_LOOP('',(#659,#660,#661,#662));
#1685=EDGE_LOOP('',(#663,#664,#665,#666));
#1686=EDGE_LOOP('',(#667,#668,#669,#670));
#1687=EDGE_LOOP('',(#671,#672,#673,#674));
#1688=EDGE_LOOP('',(#675,#676,#677,#678));
#1689=EDGE_LOOP('',(#679,#680,#681,#682));
#1690=EDGE_LOOP('',(#683,#684,#685,#686));
#1691=EDGE_LOOP('',(#687,#688,#689,#690));
#1692=EDGE_LOOP('',(#691,#692,#693,#694));
#1693=EDGE_LOOP('',(#695,#696,#697,#698));
#1694=EDGE_LOOP('',(#699,#700,#701,#702));
#1695=EDGE_LOOP('',(#703,#704,#705,#706));
#1696=EDGE_LOOP('',(#707,#708,#709,#710));
#1697=EDGE_LOOP('',(#711,#712,#713,#714));
#1698=EDGE_LOOP('',(#715,#716,#717,#718));
#1699=EDGE_LOOP('',(#719,#720,#721,#722));
#1700=EDGE_LOOP('',(#723,#724,#725,#726));
#1701=EDGE_LOOP('',(#727,#728,#729,#730));
#1702=EDGE_LOOP('',(#731,#732,#733,#734));
#1703=EDGE_LOOP('',(#735,#736,#737,#738));
#1704=EDGE_LOOP('',(#739,#740,#741,#742));
#1705=EDGE_LOOP('',(#743,#744,#745,#746));
#1706=EDGE_LOOP('',(#747,#748,#749,#750));
#1707=FACE_BOUND('',#1583,.T.);
#1708=FACE_BOUND('',#1584,.T.);
#1709=FACE_BOUND('',#1585,.T.);
#1710=FACE_BOUND('',#1586,.T.);
#1711=FACE_BOUND('',#1587,.T.);
#1712=FACE_BOUND('',#1588,.T.);
#1713=FACE_BOUND('',#1589,.T.);
#1714=FACE_BOUND('',#1590,.T.);
#1715=FACE_BOUND('',#1591,.T.);
#1716=FACE_BOUND('',#1592,.T.);
#1717=FACE_BOUND('',#1593,.T.);
#1718=FACE_BOUND('',#1594,.T.);
#1719=FACE_BOUND('',#1595,.T.);
#1720=FACE_BOUND('',#1596,.T.);
#1721=FACE_BOUND('',#1597,.T.);
#1722=FACE_BOUND('',#1598,.T.);
#1723=FACE_BOUND('',#1599,.T.);
#1724=FACE_BOUND('',#1600,.T.);
#1725=FACE_BOUND('',#1601,.T.);
#1726=FACE_BOUND('',#1602,.T.);
#1727=FACE_BOUND('',#1603,.T.);
#1728=FACE_BOUND('',#1604,.T.);
#1729=FACE_BOUND('',#1605,.T.);
#1730=FACE_BOUND('',#1606,.T.);
#1731=FACE_BOUND('',#1607,.T.);
#1732=FACE_BOUND('',#1608,.T.);
#1733=FACE_BOUND('',#1609,.T.);
#1734=FACE_BOUND('',#1610,.T.);
#1735=FACE_BOUND('',#1611,.T.);
#1736=FACE_BOUND('',#1612,.T.);
#1737=FACE_BOUND('',#1613,.T.);
#1738=FACE_BOUND('',#1614,.T.);
#1739=FACE_BOUND('',#1615,.T.);
#1740=FACE_BOUND('',#1616,.T.);
#1741=FACE_BOUND('',#1617,.T.);
#1742=FACE_BOUND('',#1618,.T.);
#1743=FACE_BOUND('',#1619,.T.);
#1744=FACE_BOUND('',#1620,.T.);
#1745=FACE_BOUND('',#1621,.T.);
#1746=FACE_BOUND('',#1622,.T.);
#1747=FACE_BOUND('',#1623,.T.);
#1748=FACE_BOUND('',#1624,.T.);
#1749=FACE_BOUND('',#1625,.T.);
#1750=FACE_BOUND('',#1626,.T.);
#1751=FACE_BOUND('',#1627,.T.);
#1752=FACE_BOUND('',#1628,.T.);
#1753=FACE_BOUND('',#1629,.T.);
#1754=FACE_BOUND('',#1630,.T.);
#1755=FACE_BOUND('',#1631,.T.);
#1756=FACE_BOUND('',#1632,.T.);
#1757=FACE_BOUND('',#1633,.T.);
#1758=FACE_BOUND('',#1634,.T.);
#1759=FACE_BOUND('',#1635,.T.);
#1760=FACE_BOUND('',#1636,.T.);
#1761=FACE_BOUND('',#1637,.T.);
#1762=FACE_BOUND('',#1638,.T.);
#1763=FACE_BOUND('',#1639,.T.);
#1764=FACE_BOUND('',#1640,.T.);
#1765=FACE_BOUND('',#1641,.T.);
#1766=FACE_BOUND('',#1642,.T.);
#1767=FACE_BOUND('',#1643,.T.);
#1768=FACE_BOUND('',#1644,.T.);
#1769=FACE_BOUND('',#1645,.T.);
#1770=FACE_BOUND('',#1646,.T.);
#1771=FACE_BOUND('',#1647,.T.);
#1772=FACE_BOUND('',#1648,.T.);
#1773=FACE_BOUND('',#1649,.T.);
#1774=FACE_BOUND('',#1650,.T.);
#1775=FACE_BOUND('',#1651,.T.);
#1776=FACE_BOUND('',#1652,.T.);
#1777=FACE_BOUND('',#1653,.T.);
#1778=FACE_BOUND('',#1654,.T.);
#1779=FACE_BOUND('',#1655,.T.);
#1780=FACE_BOUND('',#1656,.T.);
#1781=FACE_BOUND('',#1657,.T.);
#1782=FACE_BOUND('',#1658,.T.);
#1783=FACE_BOUND('',#1659,.T.);
#1784=FACE_BOUND('',#1660,.T.);
#1785=FACE_BOUND('',#1661,.T.);
#1786=FACE_BOUND('',#1662,.T.);
#1787=FACE_BOUND('',#1663,.T.);
#1788=FACE_BOUND('',#1664,.T.);
#1789=FACE_BOUND('',#1665,.T.);
#1790=FACE_BOUND('',#1666,.T.);
#1791=FACE_BOUND('',#1667,.T.);
#1792=FACE_BOUND('',#1668,.T.);
#1793=FACE_BOUND('',#1669,.T.);
#1794=FACE_BOUND('',#1670,.T.);
#1795=FACE_BOUND('',#1671,.T.);
#1796=FACE_BOUND('',#1672,.T.);
#1797=FACE_BOUND('',#1673,.T.);
#1798=FACE_BOUND('',#1674,.T.);
#1799=FACE_BOUND('',#1675,.T.);
#1800=FACE_BOUND('',#1676,.T.);
#1801=FACE_BOUND('',#1677,.T.);
#1802=FACE_BOUND('',#1678,.T.);
#1803=FACE_BOUND('',#1679,.T.);
#1804=FACE_BOUND('',#1680,.T.);
#1805=FACE_BOUND('',#1681,.T.);
#1806=FACE_BOUND('',#1682,.T.);
#1807=FACE_BOUND('',#1683,.T.);
#1808=FACE_BOUND('',#1684,.T.);
#1809=FACE_BOUND('',#1685,.T.);
#1810=FACE_BOUND('',#1686,.T.);
#1811=FACE_BOUND('',#1687,.T.);
#1812=FACE_BOUND('',#1688,.T.);
#1813=FACE_BOUND('',#1689,.T.);
#1814=FACE_BOUND('',#1690,.T.);
#1815=FACE_BOUND('',#1691,.T.);
#1816=FACE_BOUND('',#1692,.T.);
#1817=FACE_BOUND('',#1693,.T.);
#1818=FACE_BOUND('',#1694,.T.);
#1819=FACE_BOUND('',#1695,.T.);
#1820=FACE_BOUND('',#1696,.T.);
#1821=FACE_BOUND('',#1697,.T.);
#1822=FACE_BOUND('',#1698,.T.);
#1823=FACE_BOUND('',#1699,.T.);
#1824=FACE_BOUND('',#1700,.T.);
#1825=FACE_BOUND('',#1701,.T.);
#1826=FACE_BOUND('',#1702,.T.);
#1827=FACE_BOUND('',#1703,.T.);
#1828=FACE_BOUND('',#1704,.T.);
#1829=FACE_BOUND('',#1705,.T.);
#1830=FACE_BOUND('',#1706,.T.);
#1831=PLANE('',#2045);
#1832=PLANE('',#2052);
#1833=PLANE('',#2059);
#1834=PLANE('',#2066);
#1835=PLANE('',#2068);
#1836=PLANE('',#2081);
#1837=PLANE('',#2083);
#1838=PLANE('',#2084);
#1839=PLANE('',#2085);
#1840=PLANE('',#2086);
#1841=PLANE('',#2087);
#1842=PLANE('',#2088);
#1843=PLANE('',#2089);
#1844=PLANE('',#2090);
#1845=PLANE('',#2091);
#1846=PLANE('',#2092);
#1847=PLANE('',#2093);
#1848=PLANE('',#2094);
#1849=PLANE('',#2095);
#1850=PLANE('',#2096);
#1851=PLANE('',#2097);
#1852=PLANE('',#2098);
#1853=PLANE('',#2099);
#1854=PLANE('',#2100);
#1855=PLANE('',#2101);
#1856=PLANE('',#2102);
#1857=PLANE('',#2103);
#1858=PLANE('',#2106);
#1859=PLANE('',#2140);
#1860=PLANE('',#2142);
#1861=PLANE('',#2144);
#1862=PLANE('',#2146);
#1863=PLANE('',#2148);
#1864=PLANE('',#2150);
#1865=PLANE('',#2152);
#1866=PLANE('',#2154);
#1867=PLANE('',#2156);
#1868=PLANE('',#2158);
#1869=PLANE('',#2160);
#1870=PLANE('',#2162);
#1871=PLANE('',#2164);
#1872=PLANE('',#2166);
#1873=PLANE('',#2168);
#1874=PLANE('',#2170);
#1875=PLANE('',#2172);
#1876=PLANE('',#2174);
#1877=PLANE('',#2176);
#1878=PLANE('',#2178);
#1879=PLANE('',#2180);
#1880=PLANE('',#2182);
#1881=PLANE('',#2184);
#1882=PLANE('',#2186);
#1883=PLANE('',#2188);
#1884=PLANE('',#2190);
#1885=PLANE('',#2192);
#1886=PLANE('',#2194);
#1887=PLANE('',#2196);
#1888=PLANE('',#2198);
#1889=PLANE('',#2200);
#1890=PLANE('',#2202);
#1891=PLANE('',#2204);
#1892=PLANE('',#2209);
#1893=PLANE('',#2211);
#1894=PLANE('',#2212);
#1895=PLANE('',#2214);
#1896=PLANE('',#2215);
#1897=PLANE('',#2238);
#1898=PLANE('',#2239);
#1899=PLANE('',#2241);
#1900=PLANE('',#2242);
#1901=PLANE('',#2244);
#1902=PLANE('',#2245);
#1903=PLANE('',#2247);
#1904=PLANE('',#2248);
#1905=PLANE('',#2250);
#1906=PLANE('',#2251);
#1907=PLANE('',#2253);
#1908=PLANE('',#2254);
#1909=PLANE('',#2256);
#1910=PLANE('',#2257);
#1911=PLANE('',#2259);
#1912=PLANE('',#2260);
#1913=PLANE('',#2262);
#1914=ADVANCED_FACE('',(#1707),#1831,.F.);
#1915=ADVANCED_FACE('',(#1708),#1832,.F.);
#1916=ADVANCED_FACE('',(#1709),#1833,.F.);
#1917=ADVANCED_FACE('',(#1710),#1834,.T.);
#1918=ADVANCED_FACE('',(#1711),#1835,.F.);
#1919=ADVANCED_FACE('',(#1712,#1713),#20,.F.);
#1920=ADVANCED_FACE('',(#1714,#1715),#1836,.F.);
#1921=ADVANCED_FACE('',(#1716),#1837,.F.);
#1922=ADVANCED_FACE('',(#1717),#1838,.F.);
#1923=ADVANCED_FACE('',(#1718),#1839,.F.);
#1924=ADVANCED_FACE('',(#1719),#1840,.F.);
#1925=ADVANCED_FACE('',(#1720),#1841,.F.);
#1926=ADVANCED_FACE('',(#1721),#1842,.F.);
#1927=ADVANCED_FACE('',(#1722),#1843,.F.);
#1928=ADVANCED_FACE('',(#1723),#1844,.F.);
#1929=ADVANCED_FACE('',(#1724),#1845,.F.);
#1930=ADVANCED_FACE('',(#1725),#1846,.F.);
#1931=ADVANCED_FACE('',(#1726),#1847,.F.);
#1932=ADVANCED_FACE('',(#1727),#1848,.F.);
#1933=ADVANCED_FACE('',(#1728),#1849,.F.);
#1934=ADVANCED_FACE('',(#1729),#1850,.F.);
#1935=ADVANCED_FACE('',(#1730),#1851,.F.);
#1936=ADVANCED_FACE('',(#1731),#1852,.F.);
#1937=ADVANCED_FACE('',(#1732),#1853,.F.);
#1938=ADVANCED_FACE('',(#1733),#1854,.F.);
#1939=ADVANCED_FACE('',(#1734),#1855,.F.);
#1940=ADVANCED_FACE('',(#1735),#1856,.F.);
#1941=ADVANCED_FACE('',(#1736),#1857,.F.);
#1942=ADVANCED_FACE('',(#1737,#1738),#21,.T.);
#1943=ADVANCED_FACE('',(#1739),#1858,.F.);
#1944=ADVANCED_FACE('',(#1740),#22,.T.);
#1945=ADVANCED_FACE('',(#1741),#23,.T.);
#1946=ADVANCED_FACE('',(#1742),#24,.T.);
#1947=ADVANCED_FACE('',(#1743),#25,.T.);
#1948=ADVANCED_FACE('',(#1744),#26,.T.);
#1949=ADVANCED_FACE('',(#1745),#27,.T.);
#1950=ADVANCED_FACE('',(#1746),#28,.T.);
#1951=ADVANCED_FACE('',(#1747),#29,.T.);
#1952=ADVANCED_FACE('',(#1748),#30,.T.);
#1953=ADVANCED_FACE('',(#1749),#31,.T.);
#1954=ADVANCED_FACE('',(#1750),#32,.T.);
#1955=ADVANCED_FACE('',(#1751),#1859,.T.);
#1956=ADVANCED_FACE('',(#1752),#1860,.T.);
#1957=ADVANCED_FACE('',(#1753),#1861,.F.);
#1958=ADVANCED_FACE('',(#1754),#1862,.T.);
#1959=ADVANCED_FACE('',(#1755),#1863,.T.);
#1960=ADVANCED_FACE('',(#1756),#1864,.F.);
#1961=ADVANCED_FACE('',(#1757),#1865,.T.);
#1962=ADVANCED_FACE('',(#1758),#1866,.T.);
#1963=ADVANCED_FACE('',(#1759),#1867,.F.);
#1964=ADVANCED_FACE('',(#1760),#1868,.T.);
#1965=ADVANCED_FACE('',(#1761),#1869,.T.);
#1966=ADVANCED_FACE('',(#1762),#1870,.F.);
#1967=ADVANCED_FACE('',(#1763),#1871,.T.);
#1968=ADVANCED_FACE('',(#1764),#1872,.T.);
#1969=ADVANCED_FACE('',(#1765),#1873,.F.);
#1970=ADVANCED_FACE('',(#1766),#1874,.T.);
#1971=ADVANCED_FACE('',(#1767),#1875,.T.);
#1972=ADVANCED_FACE('',(#1768),#1876,.F.);
#1973=ADVANCED_FACE('',(#1769),#1877,.T.);
#1974=ADVANCED_FACE('',(#1770),#1878,.T.);
#1975=ADVANCED_FACE('',(#1771),#1879,.F.);
#1976=ADVANCED_FACE('',(#1772),#1880,.T.);
#1977=ADVANCED_FACE('',(#1773),#1881,.T.);
#1978=ADVANCED_FACE('',(#1774),#1882,.F.);
#1979=ADVANCED_FACE('',(#1775),#1883,.T.);
#1980=ADVANCED_FACE('',(#1776),#1884,.T.);
#1981=ADVANCED_FACE('',(#1777),#1885,.F.);
#1982=ADVANCED_FACE('',(#1778),#1886,.T.);
#1983=ADVANCED_FACE('',(#1779),#1887,.T.);
#1984=ADVANCED_FACE('',(#1780),#1888,.F.);
#1985=ADVANCED_FACE('',(#1781),#1889,.T.);
#1986=ADVANCED_FACE('',(#1782),#1890,.T.);
#1987=ADVANCED_FACE('',(#1783),#1891,.F.);
#1988=ADVANCED_FACE('',(#1784),#33,.T.);
#1989=ADVANCED_FACE('',(#1785),#1892,.F.);
#1990=ADVANCED_FACE('',(#1786),#1893,.F.);
#1991=ADVANCED_FACE('',(#1787,#1788),#1894,.F.);
#1992=ADVANCED_FACE('',(#1789),#1895,.F.);
#1993=ADVANCED_FACE('',(#1790,#1791),#1896,.F.);
#1994=ADVANCED_FACE('',(#1792,#1793),#34,.T.);
#1995=ADVANCED_FACE('',(#1794),#1897,.T.);
#1996=ADVANCED_FACE('',(#1795),#1898,.T.);
#1997=ADVANCED_FACE('',(#1796),#35,.F.);
#1998=ADVANCED_FACE('',(#1797),#1899,.T.);
#1999=ADVANCED_FACE('',(#1798),#1900,.T.);
#2000=ADVANCED_FACE('',(#1799),#36,.F.);
#2001=ADVANCED_FACE('',(#1800),#1901,.T.);
#2002=ADVANCED_FACE('',(#1801),#1902,.T.);
#2003=ADVANCED_FACE('',(#1802),#37,.F.);
#2004=ADVANCED_FACE('',(#1803),#1903,.T.);
#2005=ADVANCED_FACE('',(#1804),#1904,.T.);
#2006=ADVANCED_FACE('',(#1805),#38,.F.);
#2007=ADVANCED_FACE('',(#1806),#1905,.T.);
#2008=ADVANCED_FACE('',(#1807),#1906,.T.);
#2009=ADVANCED_FACE('',(#1808),#39,.F.);
#2010=ADVANCED_FACE('',(#1809),#1907,.T.);
#2011=ADVANCED_FACE('',(#1810),#1908,.T.);
#2012=ADVANCED_FACE('',(#1811),#40,.F.);
#2013=ADVANCED_FACE('',(#1812),#1909,.T.);
#2014=ADVANCED_FACE('',(#1813),#1910,.T.);
#2015=ADVANCED_FACE('',(#1814),#41,.F.);
#2016=ADVANCED_FACE('',(#1815),#1911,.T.);
#2017=ADVANCED_FACE('',(#1816),#1912,.T.);
#2018=ADVANCED_FACE('',(#1817),#42,.F.);
#2019=ADVANCED_FACE('',(#1818),#1913,.T.);
#2020=ADVANCED_FACE('',(#1819),#43,.T.);
#2021=ADVANCED_FACE('',(#1820),#44,.T.);
#2022=ADVANCED_FACE('',(#1821),#45,.T.);
#2023=ADVANCED_FACE('',(#1822),#46,.T.);
#2024=ADVANCED_FACE('',(#1823),#47,.F.);
#2025=ADVANCED_FACE('',(#1824),#48,.F.);
#2026=ADVANCED_FACE('',(#1825),#49,.F.);
#2027=ADVANCED_FACE('',(#1826),#50,.F.);
#2028=ADVANCED_FACE('',(#1827),#51,.F.);
#2029=ADVANCED_FACE('',(#1828),#52,.F.);
#2030=ADVANCED_FACE('',(#1829),#53,.F.);
#2031=ADVANCED_FACE('',(#1830),#54,.F.);
#2032=CLOSED_SHELL('',(#1914,#1915,#1916,#1917,#1918,#1919,#1920,#1921,
#1922,#1923,#1924,#1925,#1926,#1927,#1928,#1929,#1930,#1931,#1932,#1933,
#1934,#1935,#1936,#1937,#1938,#1939,#1940,#1941,#1942,#1943,#1944,#1945,
#1946,#1947,#1948,#1949,#1950,#1951,#1952,#1953,#1954,#1955,#1956,#1957,
#1958,#1959,#1960,#1961,#1962,#1963,#1964,#1965,#1966,#1967,#1968,#1969,
#1970,#1971,#1972,#1973,#1974,#1975,#1976,#1977,#1978,#1979,#1980,#1981,
#1982,#1983,#1984,#1985,#1986,#1987,#1988,#1989,#1990,#1991,#1992,#1993,
#1994,#1995,#1996,#1997,#1998,#1999,#2000,#2001,#2002,#2003,#2004,#2005,
#2006,#2007,#2008,#2009,#2010,#2011,#2012,#2013,#2014,#2015,#2016,#2017,
#2018,#2019,#2020,#2021,#2022,#2023,#2024,#2025,#2026,#2027,#2028,#2029,
#2030,#2031));
#2033=STYLED_ITEM('',(#2034),#2041);
#2034=PRESENTATION_STYLE_ASSIGNMENT((#2035));
#2035=SURFACE_STYLE_USAGE(.BOTH.,#2036);
#2036=SURFACE_SIDE_STYLE('',(#2037));
#2037=SURFACE_STYLE_FILL_AREA(#2038);
#2038=FILL_AREA_STYLE('',(#2039));
#2039=FILL_AREA_STYLE_COLOUR('',#2040);
#2040=COLOUR_RGB('',0.660000026226044,0.608167588710785,0.532146632671356);
#2041=MANIFOLD_SOLID_BREP('',#2032);
#2042=SHAPE_DEFINITION_REPRESENTATION(#3514,#2043);
#2043=SHAPE_REPRESENTATION('Sand_4565452_AVV',(#2044),#3509);
#2044=AXIS2_PLACEMENT_3D('',#2917,#2275,#2276);
#2045=AXIS2_PLACEMENT_3D('',#2918,#2277,#2278);
#2046=AXIS2_PLACEMENT_3D('',#2922,#2280,#2281);
#2047=AXIS2_PLACEMENT_3D('',#2926,#2283,#2284);
#2048=AXIS2_PLACEMENT_3D('',#2928,#2285,#2286);
#2049=AXIS2_PLACEMENT_3D('',#2932,#2288,#2289);
#2050=AXIS2_PLACEMENT_3D('',#2936,#2291,#2292);
#2051=AXIS2_PLACEMENT_3D('',#2938,#2293,#2294);
#2052=AXIS2_PLACEMENT_3D('',#2939,#2295,#2296);
#2053=AXIS2_PLACEMENT_3D('',#2943,#2298,#2299);
#2054=AXIS2_PLACEMENT_3D('',#2947,#2301,#2302);
#2055=AXIS2_PLACEMENT_3D('',#2949,#2303,#2304);
#2056=AXIS2_PLACEMENT_3D('',#2953,#2306,#2307);
#2057=AXIS2_PLACEMENT_3D('',#2957,#2309,#2310);
#2058=AXIS2_PLACEMENT_3D('',#2959,#2311,#2312);
#2059=AXIS2_PLACEMENT_3D('',#2960,#2313,#2314);
#2060=AXIS2_PLACEMENT_3D('',#2964,#2316,#2317);
#2061=AXIS2_PLACEMENT_3D('',#2968,#2319,#2320);
#2062=AXIS2_PLACEMENT_3D('',#2970,#2321,#2322);
#2063=AXIS2_PLACEMENT_3D('',#2974,#2324,#2325);
#2064=AXIS2_PLACEMENT_3D('',#2978,#2327,#2328);
#2065=AXIS2_PLACEMENT_3D('',#2980,#2329,#2330);
#2066=AXIS2_PLACEMENT_3D('',#2981,#2331,#2332);
#2067=AXIS2_PLACEMENT_3D('',#2985,#2334,#2335);
#2068=AXIS2_PLACEMENT_3D('',#2990,#2338,#2339);
#2069=AXIS2_PLACEMENT_3D('',#2994,#2341,#2342);
#2070=AXIS2_PLACEMENT_3D('',#2998,#2344,#2345);
#2071=AXIS2_PLACEMENT_3D('',#3000,#2346,#2347);
#2072=AXIS2_PLACEMENT_3D('',#3004,#2349,#2350);
#2073=AXIS2_PLACEMENT_3D('',#3008,#2352,#2353);
#2074=AXIS2_PLACEMENT_3D('',#3010,#2354,#2355);
#2075=AXIS2_PLACEMENT_3D('',#3011,#2356,#2357);
#2076=AXIS2_PLACEMENT_3D('',#3014,#2359,#2360);
#2077=AXIS2_PLACEMENT_3D('',#3019,#2363,#2364);
#2078=AXIS2_PLACEMENT_3D('',#3024,#2367,#2368);
#2079=AXIS2_PLACEMENT_3D('',#3029,#2371,#2372);
#2080=AXIS2_PLACEMENT_3D('',#3032,#2374,#2375);
#2081=AXIS2_PLACEMENT_3D('',#3034,#2376,#2377);
#2082=AXIS2_PLACEMENT_3D('',#3035,#2378,#2379);
#2083=AXIS2_PLACEMENT_3D('',#3037,#2380,#2381);
#2084=AXIS2_PLACEMENT_3D('',#3044,#2385,#2386);
#2085=AXIS2_PLACEMENT_3D('',#3051,#2390,#2391);
#2086=AXIS2_PLACEMENT_3D('',#3058,#2395,#2396);
#2087=AXIS2_PLACEMENT_3D('',#3065,#2400,#2401);
#2088=AXIS2_PLACEMENT_3D('',#3072,#2405,#2406);
#2089=AXIS2_PLACEMENT_3D('',#3079,#2410,#2411);
#2090=AXIS2_PLACEMENT_3D('',#3086,#2415,#2416);
#2091=AXIS2_PLACEMENT_3D('',#3093,#2420,#2421);
#2092=AXIS2_PLACEMENT_3D('',#3100,#2425,#2426);
#2093=AXIS2_PLACEMENT_3D('',#3107,#2430,#2431);
#2094=AXIS2_PLACEMENT_3D('',#3114,#2435,#2436);
#2095=AXIS2_PLACEMENT_3D('',#3121,#2440,#2441);
#2096=AXIS2_PLACEMENT_3D('',#3128,#2445,#2446);
#2097=AXIS2_PLACEMENT_3D('',#3135,#2450,#2451);
#2098=AXIS2_PLACEMENT_3D('',#3142,#2455,#2456);
#2099=AXIS2_PLACEMENT_3D('',#3149,#2460,#2461);
#2100=AXIS2_PLACEMENT_3D('',#3156,#2465,#2466);
#2101=AXIS2_PLACEMENT_3D('',#3163,#2470,#2471);
#2102=AXIS2_PLACEMENT_3D('',#3170,#2475,#2476);
#2103=AXIS2_PLACEMENT_3D('',#3177,#2480,#2481);
#2104=AXIS2_PLACEMENT_3D('',#3184,#2485,#2486);
#2105=AXIS2_PLACEMENT_3D('',#3185,#2487,#2488);
#2106=AXIS2_PLACEMENT_3D('',#3187,#2489,#2490);
#2107=AXIS2_PLACEMENT_3D('',#3194,#2494,#2495);
#2108=AXIS2_PLACEMENT_3D('',#3198,#2497,#2498);
#2109=AXIS2_PLACEMENT_3D('',#3199,#2499,#2500);
#2110=AXIS2_PLACEMENT_3D('',#3200,#2501,#2502);
#2111=AXIS2_PLACEMENT_3D('',#3201,#2503,#2504);
#2112=AXIS2_PLACEMENT_3D('',#3202,#2505,#2506);
#2113=AXIS2_PLACEMENT_3D('',#3203,#2507,#2508);
#2114=AXIS2_PLACEMENT_3D('',#3204,#2509,#2510);
#2115=AXIS2_PLACEMENT_3D('',#3205,#2511,#2512);
#2116=AXIS2_PLACEMENT_3D('',#3206,#2513,#2514);
#2117=AXIS2_PLACEMENT_3D('',#3207,#2515,#2516);
#2118=AXIS2_PLACEMENT_3D('',#3208,#2517,#2518);
#2119=AXIS2_PLACEMENT_3D('',#3209,#2519,#2520);
#2120=AXIS2_PLACEMENT_3D('',#3210,#2521,#2522);
#2121=AXIS2_PLACEMENT_3D('',#3211,#2523,#2524);
#2122=AXIS2_PLACEMENT_3D('',#3212,#2525,#2526);
#2123=AXIS2_PLACEMENT_3D('',#3213,#2527,#2528);
#2124=AXIS2_PLACEMENT_3D('',#3214,#2529,#2530);
#2125=AXIS2_PLACEMENT_3D('',#3215,#2531,#2532);
#2126=AXIS2_PLACEMENT_3D('',#3216,#2533,#2534);
#2127=AXIS2_PLACEMENT_3D('',#3217,#2535,#2536);
#2128=AXIS2_PLACEMENT_3D('',#3218,#2537,#2538);
#2129=AXIS2_PLACEMENT_3D('',#3219,#2539,#2540);
#2130=AXIS2_PLACEMENT_3D('',#3220,#2541,#2542);
#2131=AXIS2_PLACEMENT_3D('',#3221,#2543,#2544);
#2132=AXIS2_PLACEMENT_3D('',#3222,#2545,#2546);
#2133=AXIS2_PLACEMENT_3D('',#3223,#2547,#2548);
#2134=AXIS2_PLACEMENT_3D('',#3224,#2549,#2550);
#2135=AXIS2_PLACEMENT_3D('',#3225,#2551,#2552);
#2136=AXIS2_PLACEMENT_3D('',#3226,#2553,#2554);
#2137=AXIS2_PLACEMENT_3D('',#3227,#2555,#2556);
#2138=AXIS2_PLACEMENT_3D('',#3228,#2557,#2558);
#2139=AXIS2_PLACEMENT_3D('',#3229,#2559,#2560);
#2140=AXIS2_PLACEMENT_3D('',#3230,#2561,#2562);
#2141=AXIS2_PLACEMENT_3D('',#3231,#2563,#2564);
#2142=AXIS2_PLACEMENT_3D('',#3236,#2567,#2568);
#2143=AXIS2_PLACEMENT_3D('',#3237,#2569,#2570);
#2144=AXIS2_PLACEMENT_3D('',#3239,#2572,#2573);
#2145=AXIS2_PLACEMENT_3D('',#3240,#2574,#2575);
#2146=AXIS2_PLACEMENT_3D('',#3241,#2576,#2577);
#2147=AXIS2_PLACEMENT_3D('',#3242,#2578,#2579);
#2148=AXIS2_PLACEMENT_3D('',#3247,#2582,#2583);
#2149=AXIS2_PLACEMENT_3D('',#3248,#2584,#2585);
#2150=AXIS2_PLACEMENT_3D('',#3250,#2587,#2588);
#2151=AXIS2_PLACEMENT_3D('',#3251,#2589,#2590);
#2152=AXIS2_PLACEMENT_3D('',#3252,#2591,#2592);
#2153=AXIS2_PLACEMENT_3D('',#3253,#2593,#2594);
#2154=AXIS2_PLACEMENT_3D('',#3258,#2597,#2598);
#2155=AXIS2_PLACEMENT_3D('',#3259,#2599,#2600);
#2156=AXIS2_PLACEMENT_3D('',#3261,#2602,#2603);
#2157=AXIS2_PLACEMENT_3D('',#3262,#2604,#2605);
#2158=AXIS2_PLACEMENT_3D('',#3263,#2606,#2607);
#2159=AXIS2_PLACEMENT_3D('',#3264,#2608,#2609);
#2160=AXIS2_PLACEMENT_3D('',#3269,#2612,#2613);
#2161=AXIS2_PLACEMENT_3D('',#3270,#2614,#2615);
#2162=AXIS2_PLACEMENT_3D('',#3272,#2617,#2618);
#2163=AXIS2_PLACEMENT_3D('',#3273,#2619,#2620);
#2164=AXIS2_PLACEMENT_3D('',#3274,#2621,#2622);
#2165=AXIS2_PLACEMENT_3D('',#3275,#2623,#2624);
#2166=AXIS2_PLACEMENT_3D('',#3280,#2627,#2628);
#2167=AXIS2_PLACEMENT_3D('',#3281,#2629,#2630);
#2168=AXIS2_PLACEMENT_3D('',#3283,#2632,#2633);
#2169=AXIS2_PLACEMENT_3D('',#3284,#2634,#2635);
#2170=AXIS2_PLACEMENT_3D('',#3285,#2636,#2637);
#2171=AXIS2_PLACEMENT_3D('',#3286,#2638,#2639);
#2172=AXIS2_PLACEMENT_3D('',#3291,#2642,#2643);
#2173=AXIS2_PLACEMENT_3D('',#3292,#2644,#2645);
#2174=AXIS2_PLACEMENT_3D('',#3294,#2647,#2648);
#2175=AXIS2_PLACEMENT_3D('',#3295,#2649,#2650);
#2176=AXIS2_PLACEMENT_3D('',#3296,#2651,#2652);
#2177=AXIS2_PLACEMENT_3D('',#3297,#2653,#2654);
#2178=AXIS2_PLACEMENT_3D('',#3302,#2657,#2658);
#2179=AXIS2_PLACEMENT_3D('',#3303,#2659,#2660);
#2180=AXIS2_PLACEMENT_3D('',#3305,#2662,#2663);
#2181=AXIS2_PLACEMENT_3D('',#3306,#2664,#2665);
#2182=AXIS2_PLACEMENT_3D('',#3307,#2666,#2667);
#2183=AXIS2_PLACEMENT_3D('',#3308,#2668,#2669);
#2184=AXIS2_PLACEMENT_3D('',#3313,#2672,#2673);
#2185=AXIS2_PLACEMENT_3D('',#3314,#2674,#2675);
#2186=AXIS2_PLACEMENT_3D('',#3316,#2677,#2678);
#2187=AXIS2_PLACEMENT_3D('',#3317,#2679,#2680);
#2188=AXIS2_PLACEMENT_3D('',#3318,#2681,#2682);
#2189=AXIS2_PLACEMENT_3D('',#3319,#2683,#2684);
#2190=AXIS2_PLACEMENT_3D('',#3324,#2687,#2688);
#2191=AXIS2_PLACEMENT_3D('',#3325,#2689,#2690);
#2192=AXIS2_PLACEMENT_3D('',#3327,#2692,#2693);
#2193=AXIS2_PLACEMENT_3D('',#3328,#2694,#2695);
#2194=AXIS2_PLACEMENT_3D('',#3329,#2696,#2697);
#2195=AXIS2_PLACEMENT_3D('',#3330,#2698,#2699);
#2196=AXIS2_PLACEMENT_3D('',#3335,#2702,#2703);
#2197=AXIS2_PLACEMENT_3D('',#3336,#2704,#2705);
#2198=AXIS2_PLACEMENT_3D('',#3338,#2707,#2708);
#2199=AXIS2_PLACEMENT_3D('',#3339,#2709,#2710);
#2200=AXIS2_PLACEMENT_3D('',#3340,#2711,#2712);
#2201=AXIS2_PLACEMENT_3D('',#3341,#2713,#2714);
#2202=AXIS2_PLACEMENT_3D('',#3346,#2717,#2718);
#2203=AXIS2_PLACEMENT_3D('',#3347,#2719,#2720);
#2204=AXIS2_PLACEMENT_3D('',#3349,#2722,#2723);
#2205=AXIS2_PLACEMENT_3D('',#3352,#2725,#2726);
#2206=AXIS2_PLACEMENT_3D('',#3353,#2727,#2728);
#2207=AXIS2_PLACEMENT_3D('',#3354,#2729,#2730);
#2208=AXIS2_PLACEMENT_3D('',#3357,#2732,#2733);
#2209=AXIS2_PLACEMENT_3D('',#3358,#2734,#2735);
#2210=AXIS2_PLACEMENT_3D('',#3360,#2737,#2738);
#2211=AXIS2_PLACEMENT_3D('',#3361,#2739,#2740);
#2212=AXIS2_PLACEMENT_3D('',#3362,#2741,#2742);
#2213=AXIS2_PLACEMENT_3D('',#3363,#2743,#2744);
#2214=AXIS2_PLACEMENT_3D('',#3365,#2745,#2746);
#2215=AXIS2_PLACEMENT_3D('',#3367,#2748,#2749);
#2216=AXIS2_PLACEMENT_3D('',#3368,#2750,#2751);
#2217=AXIS2_PLACEMENT_3D('',#3371,#2752,#2753);
#2218=AXIS2_PLACEMENT_3D('',#3375,#2755,#2756);
#2219=AXIS2_PLACEMENT_3D('',#3379,#2758,#2759);
#2220=AXIS2_PLACEMENT_3D('',#3381,#2760,#2761);
#2221=AXIS2_PLACEMENT_3D('',#3386,#2764,#2765);
#2222=AXIS2_PLACEMENT_3D('',#3388,#2766,#2767);
#2223=AXIS2_PLACEMENT_3D('',#3392,#2769,#2770);
#2224=AXIS2_PLACEMENT_3D('',#3396,#2772,#2773);
#2225=AXIS2_PLACEMENT_3D('',#3398,#2774,#2775);
#2226=AXIS2_PLACEMENT_3D('',#3403,#2778,#2779);
#2227=AXIS2_PLACEMENT_3D('',#3405,#2780,#2781);
#2228=AXIS2_PLACEMENT_3D('',#3409,#2783,#2784);
#2229=AXIS2_PLACEMENT_3D('',#3413,#2786,#2787);
#2230=AXIS2_PLACEMENT_3D('',#3415,#2788,#2789);
#2231=AXIS2_PLACEMENT_3D('',#3420,#2792,#2793);
#2232=AXIS2_PLACEMENT_3D('',#3422,#2794,#2795);
#2233=AXIS2_PLACEMENT_3D('',#3426,#2797,#2798);
#2234=AXIS2_PLACEMENT_3D('',#3430,#2800,#2801);
#2235=AXIS2_PLACEMENT_3D('',#3432,#2802,#2803);
#2236=AXIS2_PLACEMENT_3D('',#3437,#2807,#2808);
#2237=AXIS2_PLACEMENT_3D('',#3438,#2809,#2810);
#2238=AXIS2_PLACEMENT_3D('',#3439,#2811,#2812);
#2239=AXIS2_PLACEMENT_3D('',#3440,#2813,#2814);
#2240=AXIS2_PLACEMENT_3D('',#3442,#2816,#2817);
#2241=AXIS2_PLACEMENT_3D('',#3444,#2819,#2820);
#2242=AXIS2_PLACEMENT_3D('',#3447,#2823,#2824);
#2243=AXIS2_PLACEMENT_3D('',#3450,#2827,#2828);
#2244=AXIS2_PLACEMENT_3D('',#3453,#2831,#2832);
#2245=AXIS2_PLACEMENT_3D('',#3454,#2833,#2834);
#2246=AXIS2_PLACEMENT_3D('',#3456,#2836,#2837);
#2247=AXIS2_PLACEMENT_3D('',#3458,#2839,#2840);
#2248=AXIS2_PLACEMENT_3D('',#3461,#2843,#2844);
#2249=AXIS2_PLACEMENT_3D('',#3464,#2847,#2848);
#2250=AXIS2_PLACEMENT_3D('',#3467,#2851,#2852);
#2251=AXIS2_PLACEMENT_3D('',#3468,#2853,#2854);
#2252=AXIS2_PLACEMENT_3D('',#3470,#2856,#2857);
#2253=AXIS2_PLACEMENT_3D('',#3472,#2859,#2860);
#2254=AXIS2_PLACEMENT_3D('',#3475,#2863,#2864);
#2255=AXIS2_PLACEMENT_3D('',#3478,#2867,#2868);
#2256=AXIS2_PLACEMENT_3D('',#3481,#2871,#2872);
#2257=AXIS2_PLACEMENT_3D('',#3482,#2873,#2874);
#2258=AXIS2_PLACEMENT_3D('',#3484,#2876,#2877);
#2259=AXIS2_PLACEMENT_3D('',#3486,#2879,#2880);
#2260=AXIS2_PLACEMENT_3D('',#3489,#2883,#2884);
#2261=AXIS2_PLACEMENT_3D('',#3492,#2887,#2888);
#2262=AXIS2_PLACEMENT_3D('',#3495,#2891,#2892);
#2263=AXIS2_PLACEMENT_3D('',#3496,#2893,#2894);
#2264=AXIS2_PLACEMENT_3D('',#3497,#2895,#2896);
#2265=AXIS2_PLACEMENT_3D('',#3498,#2897,#2898);
#2266=AXIS2_PLACEMENT_3D('',#3499,#2899,#2900);
#2267=AXIS2_PLACEMENT_3D('',#3500,#2901,#2902);
#2268=AXIS2_PLACEMENT_3D('',#3501,#2903,#2904);
#2269=AXIS2_PLACEMENT_3D('',#3502,#2905,#2906);
#2270=AXIS2_PLACEMENT_3D('',#3503,#2907,#2908);
#2271=AXIS2_PLACEMENT_3D('',#3504,#2909,#2910);
#2272=AXIS2_PLACEMENT_3D('',#3505,#2911,#2912);
#2273=AXIS2_PLACEMENT_3D('',#3506,#2913,#2914);
#2274=AXIS2_PLACEMENT_3D('',#3507,#2915,#2916);
#2275=DIRECTION('',(0.,0.,1.));
#2276=DIRECTION('',(1.,0.,0.));
#2277=DIRECTION('',(0.,0.,1.));
#2278=DIRECTION('',(1.,0.,0.));
#2279=DIRECTION('',(-5.55111512312578E-17,1.,0.));
#2280=DIRECTION('',(0.,0.,1.));
#2281=DIRECTION('',(1.,0.,0.));
#2282=DIRECTION('',(1.,1.4432899320127E-15,0.));
#2283=DIRECTION('',(0.,0.,1.));
#2284=DIRECTION('',(1.,0.,0.));
#2285=DIRECTION('',(0.,0.,1.));
#2286=DIRECTION('',(1.,0.,0.));
#2287=DIRECTION('',(1.,0.,0.));
#2288=DIRECTION('',(0.,0.,1.));
#2289=DIRECTION('',(1.,0.,0.));
#2290=DIRECTION('',(-3.33066907387547E-16,1.,0.));
#2291=DIRECTION('',(0.,0.,1.));
#2292=DIRECTION('',(1.,0.,0.));
#2293=DIRECTION('',(0.,0.,1.));
#2294=DIRECTION('',(1.,0.,0.));
#2295=DIRECTION('',(0.,0.,1.));
#2296=DIRECTION('',(1.,0.,0.));
#2297=DIRECTION('',(1.,1.11022302462516E-15,0.));
#2298=DIRECTION('',(0.,0.,1.));
#2299=DIRECTION('',(1.,0.,0.));
#2300=DIRECTION('',(7.7715611723761E-16,-1.,0.));
#2301=DIRECTION('',(0.,0.,1.));
#2302=DIRECTION('',(1.,0.,0.));
#2303=DIRECTION('',(0.,0.,1.));
#2304=DIRECTION('',(1.,0.,0.));
#2305=DIRECTION('',(-3.33066907387547E-16,-1.,0.));
#2306=DIRECTION('',(0.,0.,1.));
#2307=DIRECTION('',(1.,0.,0.));
#2308=DIRECTION('',(1.,-3.71924713249427E-15,0.));
#2309=DIRECTION('',(0.,0.,1.));
#2310=DIRECTION('',(1.,0.,0.));
#2311=DIRECTION('',(0.,0.,1.));
#2312=DIRECTION('',(1.,0.,0.));
#2313=DIRECTION('',(0.,0.,1.));
#2314=DIRECTION('',(1.,0.,0.));
#2315=DIRECTION('',(7.7715611723761E-16,-1.,0.));
#2316=DIRECTION('',(0.,0.,1.));
#2317=DIRECTION('',(1.,0.,0.));
#2318=DIRECTION('',(-1.,-9.99200722162641E-16,0.));
#2319=DIRECTION('',(0.,0.,1.));
#2320=DIRECTION('',(1.,0.,0.));
#2321=DIRECTION('',(0.,0.,1.));
#2322=DIRECTION('',(1.,0.,0.));
#2323=DIRECTION('',(-1.,-3.33066907387547E-16,0.));
#2324=DIRECTION('',(0.,0.,1.));
#2325=DIRECTION('',(1.,0.,0.));
#2326=DIRECTION('',(-4.99600361081321E-16,-1.,0.));
#2327=DIRECTION('',(0.,0.,1.));
#2328=DIRECTION('',(1.,0.,0.));
#2329=DIRECTION('',(0.,0.,1.));
#2330=DIRECTION('',(1.,0.,0.));
#2331=DIRECTION('',(0.73544812830376,0.513619309039724,0.441940330764293));
#2332=DIRECTION('',(0.383873709860548,0.221629589722807,-0.896393496092648));
#2333=DIRECTION('',(-0.656579419288036,0.379076304470316,0.652077159204732));
#2334=DIRECTION('',(-0.73544812830376,-0.513619309039724,-0.441940330764293));
#2335=DIRECTION('',(-0.362327852684809,-0.253041070035812,0.897044449313381));
#2336=DIRECTION('',(-0.625253840373816,0.26309815864868,0.734736002938109));
#2337=DIRECTION('',(0.572568404422835,-0.819856952313444,4.44089209850063E-16));
#2338=DIRECTION('',(0.,0.,1.));
#2339=DIRECTION('',(1.,0.,0.));
#2340=DIRECTION('',(-1.,-9.43689570931383E-16,0.));
#2341=DIRECTION('',(0.,0.,1.));
#2342=DIRECTION('',(1.,0.,0.));
#2343=DIRECTION('',(0.,1.,0.));
#2344=DIRECTION('',(0.,0.,1.));
#2345=DIRECTION('',(1.,0.,0.));
#2346=DIRECTION('',(0.,0.,1.));
#2347=DIRECTION('',(1.,0.,0.));
#2348=DIRECTION('',(-1.22124532708767E-15,1.,0.));
#2349=DIRECTION('',(0.,0.,1.));
#2350=DIRECTION('',(1.,0.,0.));
#2351=DIRECTION('',(-1.,1.22124532708767E-15,0.));
#2352=DIRECTION('',(0.,0.,1.));
#2353=DIRECTION('',(1.,0.,0.));
#2354=DIRECTION('',(0.,0.,1.));
#2355=DIRECTION('',(1.,0.,0.));
#2356=DIRECTION('',(0.,0.,1.));
#2357=DIRECTION('',(1.,0.,0.));
#2358=DIRECTION('',(0.,0.,1.));
#2359=DIRECTION('',(0.,0.,-1.));
#2360=DIRECTION('',(0.572568404422835,-0.819856952313444,0.));
#2361=DIRECTION('',(0.,0.,1.));
#2362=DIRECTION('',(0.,0.,1.));
#2363=DIRECTION('',(0.,0.,-1.));
#2364=DIRECTION('',(0.572568404422835,-0.819856952313444,0.));
#2365=DIRECTION('',(0.,0.,1.));
#2366=DIRECTION('',(0.,0.,1.));
#2367=DIRECTION('',(0.,0.,-1.));
#2368=DIRECTION('',(0.572568404422835,-0.819856952313444,0.));
#2369=DIRECTION('',(0.,0.,1.));
#2370=DIRECTION('',(0.,0.,1.));
#2371=DIRECTION('',(0.,0.,-1.));
#2372=DIRECTION('',(0.572568404422835,-0.819856952313444,0.));
#2373=DIRECTION('',(0.,0.,1.));
#2374=DIRECTION('',(0.,0.,1.));
#2375=DIRECTION('',(1.,0.,0.));
#2376=DIRECTION('',(0.,0.,1.));
#2377=DIRECTION('',(1.,0.,0.));
#2378=DIRECTION('',(0.,0.,1.));
#2379=DIRECTION('',(1.,0.,0.));
#2380=DIRECTION('',(0.124975066746436,-0.99215988262564,0.));
#2381=DIRECTION('',(0.99215988262564,0.124975066746436,0.));
#2382=DIRECTION('',(-0.673034788901845,-0.0847772311082433,0.734736002938109));
#2383=DIRECTION('',(-0.99215988262564,-0.124975066746436,0.));
#2384=DIRECTION('',(0.,0.,-1.));
#2385=DIRECTION('',(-0.387848358670751,0.921723196342809,0.));
#2386=DIRECTION('',(-0.921723196342809,-0.387848358670751,0.));
#2387=DIRECTION('',(-0.625253840373816,-0.263098158648679,0.734736002938109));
#2388=DIRECTION('',(0.,0.,-1.));
#2389=DIRECTION('',(0.921723196342809,0.387848358670751,0.));
#2390=DIRECTION('',(0.604311523954889,-0.796748129596373,0.));
#2391=DIRECTION('',(0.796748129596373,0.604311523954889,0.));
#2392=DIRECTION('',(-0.540476609265573,-0.409936630253165,0.734736002938109));
#2393=DIRECTION('',(-0.796748129596373,-0.604311523954889,0.));
#2394=DIRECTION('',(0.,0.,-1.));
#2395=DIRECTION('',(-0.796748129596373,0.60431152395489,0.));
#2396=DIRECTION('',(-0.60431152395489,-0.796748129596373,0.));
#2397=DIRECTION('',(-0.409936630253166,-0.540476609265573,0.734736002938109));
#2398=DIRECTION('',(0.,0.,-1.));
#2399=DIRECTION('',(0.60431152395489,0.796748129596373,0.));
#2400=DIRECTION('',(0.921723196342809,-0.387848358670751,0.));
#2401=DIRECTION('',(0.387848358670751,0.921723196342809,0.));
#2402=DIRECTION('',(-0.26309815864868,-0.625253840373816,0.734736002938109));
#2403=DIRECTION('',(-0.387848358670751,-0.921723196342809,0.));
#2404=DIRECTION('',(0.,0.,-1.));
#2405=DIRECTION('',(-0.99215988262564,0.124975066746436,0.));
#2406=DIRECTION('',(-0.124975066746436,-0.99215988262564,0.));
#2407=DIRECTION('',(-0.0847772311082434,-0.673034788901845,0.734736002938109));
#2408=DIRECTION('',(0.,0.,-1.));
#2409=DIRECTION('',(0.124975066746436,0.99215988262564,0.));
#2410=DIRECTION('',(0.99215988262564,0.124975066746436,0.));
#2411=DIRECTION('',(-0.124975066746436,0.99215988262564,0.));
#2412=DIRECTION('',(0.084777231108243,-0.673034788901845,0.734736002938109));
#2413=DIRECTION('',(0.124975066746436,-0.99215988262564,0.));
#2414=DIRECTION('',(0.,0.,-1.));
#2415=DIRECTION('',(-0.921723196342809,-0.387848358670751,0.));
#2416=DIRECTION('',(0.387848358670751,-0.921723196342809,0.));
#2417=DIRECTION('',(0.263098158648679,-0.625253840373816,0.734736002938109));
#2418=DIRECTION('',(0.,0.,-1.));
#2419=DIRECTION('',(-0.387848358670751,0.921723196342809,0.));
#2420=DIRECTION('',(0.796748129596373,0.604311523954889,0.));
#2421=DIRECTION('',(-0.604311523954889,0.796748129596373,0.));
#2422=DIRECTION('',(0.409936630253165,-0.540476609265573,0.734736002938109));
#2423=DIRECTION('',(0.604311523954889,-0.796748129596374,0.));
#2424=DIRECTION('',(0.,0.,-1.));
#2425=DIRECTION('',(-0.60431152395489,-0.796748129596373,0.));
#2426=DIRECTION('',(0.796748129596373,-0.60431152395489,0.));
#2427=DIRECTION('',(0.540476609265573,-0.409936630253166,0.734736002938109));
#2428=DIRECTION('',(0.,0.,-1.));
#2429=DIRECTION('',(-0.796748129596373,0.60431152395489,0.));
#2430=DIRECTION('',(0.387848358670751,0.921723196342809,0.));
#2431=DIRECTION('',(-0.921723196342809,0.387848358670751,0.));
#2432=DIRECTION('',(0.625253840373816,-0.26309815864868,0.734736002938109));
#2433=DIRECTION('',(0.921723196342809,-0.387848358670751,0.));
#2434=DIRECTION('',(0.,0.,-1.));
#2435=DIRECTION('',(-0.124975066746436,-0.99215988262564,0.));
#2436=DIRECTION('',(0.99215988262564,-0.124975066746436,0.));
#2437=DIRECTION('',(0.673034788901845,-0.0847772311082436,0.734736002938109));
#2438=DIRECTION('',(0.,0.,-1.));
#2439=DIRECTION('',(-0.99215988262564,0.124975066746436,0.));
#2440=DIRECTION('',(-0.124975066746435,0.99215988262564,0.));
#2441=DIRECTION('',(-0.99215988262564,-0.124975066746435,0.));
#2442=DIRECTION('',(0.673034788901845,0.0847772311082428,0.734736002938109));
#2443=DIRECTION('',(0.99215988262564,0.124975066746435,0.));
#2444=DIRECTION('',(0.,0.,-1.));
#2445=DIRECTION('',(0.38784835867075,-0.92172319634281,0.));
#2446=DIRECTION('',(0.92172319634281,0.38784835867075,0.));
#2447=DIRECTION('',(0.625253840373817,0.263098158648679,0.734736002938109));
#2448=DIRECTION('',(0.,0.,-1.));
#2449=DIRECTION('',(-0.92172319634281,-0.38784835867075,0.));
#2450=DIRECTION('',(-0.604311523954888,0.796748129596374,0.));
#2451=DIRECTION('',(-0.796748129596374,-0.604311523954888,0.));
#2452=DIRECTION('',(0.540476609265574,0.409936630253165,0.734736002938109));
#2453=DIRECTION('',(0.796748129596374,0.604311523954888,0.));
#2454=DIRECTION('',(0.,0.,-1.));
#2455=DIRECTION('',(0.796748129596372,-0.604311523954891,0.));
#2456=DIRECTION('',(0.604311523954891,0.796748129596372,0.));
#2457=DIRECTION('',(0.409936630253166,0.540476609265573,0.734736002938109));
#2458=DIRECTION('',(0.,0.,-1.));
#2459=DIRECTION('',(-0.604311523954891,-0.796748129596373,0.));
#2460=DIRECTION('',(-0.921723196342809,0.387848358670752,0.));
#2461=DIRECTION('',(-0.387848358670752,-0.921723196342809,0.));
#2462=DIRECTION('',(0.26309815864868,0.625253840373816,0.734736002938109));
#2463=DIRECTION('',(0.387848358670752,0.921723196342809,0.));
#2464=DIRECTION('',(0.,0.,-1.));
#2465=DIRECTION('',(0.99215988262564,-0.124975066746437,0.));
#2466=DIRECTION('',(0.124975066746437,0.99215988262564,0.));
#2467=DIRECTION('',(0.084777231108244,0.673034788901845,0.734736002938109));
#2468=DIRECTION('',(0.,0.,-1.));
#2469=DIRECTION('',(-0.124975066746437,-0.99215988262564,0.));
#2470=DIRECTION('',(-0.99215988262564,-0.124975066746435,0.));
#2471=DIRECTION('',(0.124975066746435,-0.99215988262564,0.));
#2472=DIRECTION('',(-0.0847772311082425,0.673034788901845,0.734736002938109));
#2473=DIRECTION('',(-0.124975066746435,0.99215988262564,0.));
#2474=DIRECTION('',(0.,0.,-1.));
#2475=DIRECTION('',(0.92172319634281,0.38784835867075,0.));
#2476=DIRECTION('',(-0.38784835867075,0.92172319634281,0.));
#2477=DIRECTION('',(-0.263098158648679,0.625253840373817,0.734736002938109));
#2478=DIRECTION('',(0.,0.,-1.));
#2479=DIRECTION('',(0.38784835867075,-0.92172319634281,0.));
#2480=DIRECTION('',(-0.796748129596374,-0.604311523954889,0.));
#2481=DIRECTION('',(0.604311523954889,-0.796748129596374,0.));
#2482=DIRECTION('',(-0.409936630253165,0.540476609265574,0.734736002938109));
#2483=DIRECTION('',(-0.604311523954889,0.796748129596374,0.));
#2484=DIRECTION('',(0.,0.,-1.));
#2485=DIRECTION('',(0.,0.,1.));
#2486=DIRECTION('',(1.,0.,0.));
#2487=DIRECTION('',(0.,0.,1.));
#2488=DIRECTION('',(1.,0.,0.));
#2489=DIRECTION('',(0.124975066746436,0.99215988262564,0.));
#2490=DIRECTION('',(-0.99215988262564,0.124975066746436,0.));
#2491=DIRECTION('',(-0.673034788901845,0.0847772311082433,0.734736002938109));
#2492=DIRECTION('',(0.,0.,-1.));
#2493=DIRECTION('',(0.99215988262564,-0.124975066746436,0.));
#2494=DIRECTION('',(0.,0.,1.));
#2495=DIRECTION('',(1.,0.,0.));
#2496=DIRECTION('',(0.,0.,-1.));
#2497=DIRECTION('',(0.,0.,1.));
#2498=DIRECTION('',(1.,0.,0.));
#2499=DIRECTION('',(0.,0.,1.));
#2500=DIRECTION('',(1.,0.,0.));
#2501=DIRECTION('',(0.,0.,1.));
#2502=DIRECTION('',(1.,0.,0.));
#2503=DIRECTION('',(0.,0.,1.));
#2504=DIRECTION('',(1.,0.,0.));
#2505=DIRECTION('',(0.,0.,1.));
#2506=DIRECTION('',(1.,0.,0.));
#2507=DIRECTION('',(0.,0.,1.));
#2508=DIRECTION('',(1.,0.,0.));
#2509=DIRECTION('',(0.,0.,1.));
#2510=DIRECTION('',(1.,0.,0.));
#2511=DIRECTION('',(0.,0.,1.));
#2512=DIRECTION('',(1.,0.,0.));
#2513=DIRECTION('',(0.,0.,1.));
#2514=DIRECTION('',(1.,0.,0.));
#2515=DIRECTION('',(0.,0.,1.));
#2516=DIRECTION('',(1.,0.,0.));
#2517=DIRECTION('',(0.,0.,1.));
#2518=DIRECTION('',(1.,0.,0.));
#2519=DIRECTION('',(0.,0.,1.));
#2520=DIRECTION('',(1.,0.,0.));
#2521=DIRECTION('',(0.,0.,1.));
#2522=DIRECTION('',(1.,0.,0.));
#2523=DIRECTION('',(0.,0.,1.));
#2524=DIRECTION('',(1.,0.,0.));
#2525=DIRECTION('',(0.,0.,1.));
#2526=DIRECTION('',(1.,0.,0.));
#2527=DIRECTION('',(0.,0.,1.));
#2528=DIRECTION('',(1.,0.,0.));
#2529=DIRECTION('',(0.,0.,1.));
#2530=DIRECTION('',(1.,0.,0.));
#2531=DIRECTION('',(0.,0.,1.));
#2532=DIRECTION('',(1.,0.,0.));
#2533=DIRECTION('',(0.,0.,1.));
#2534=DIRECTION('',(1.,0.,0.));
#2535=DIRECTION('',(0.,0.,1.));
#2536=DIRECTION('',(1.,0.,0.));
#2537=DIRECTION('',(0.,0.,1.));
#2538=DIRECTION('',(1.,0.,0.));
#2539=DIRECTION('',(0.,0.,1.));
#2540=DIRECTION('',(1.,0.,0.));
#2541=DIRECTION('',(0.,0.,1.));
#2542=DIRECTION('',(1.,0.,0.));
#2543=DIRECTION('',(0.,0.,1.));
#2544=DIRECTION('',(1.,0.,0.));
#2545=DIRECTION('',(0.,0.,1.));
#2546=DIRECTION('',(1.,0.,0.));
#2547=DIRECTION('',(0.,0.,1.));
#2548=DIRECTION('',(1.,0.,0.));
#2549=DIRECTION('',(0.,0.,1.));
#2550=DIRECTION('',(1.,0.,0.));
#2551=DIRECTION('',(0.,0.,1.));
#2552=DIRECTION('',(1.,0.,0.));
#2553=DIRECTION('',(0.,0.,1.));
#2554=DIRECTION('',(1.,0.,0.));
#2555=DIRECTION('',(0.,0.,1.));
#2556=DIRECTION('',(1.,0.,0.));
#2557=DIRECTION('',(0.,0.,1.));
#2558=DIRECTION('',(1.,0.,0.));
#2559=DIRECTION('',(0.,0.,1.));
#2560=DIRECTION('',(1.,0.,0.));
#2561=DIRECTION('',(0.380107107756911,-0.812531433654491,0.441940330764293));
#2562=DIRECTION('',(0.,-0.477803043462784,-0.878466989509396));
#2563=DIRECTION('',(0.380107107756911,-0.812531433654491,0.441940330764293));
#2564=DIRECTION('',(-0.187264589905804,0.400303921194215,0.897044449313381));
#2565=DIRECTION('',(-0.758152608940632,0.,0.652077159204732));
#2566=DIRECTION('',(0.90578725979122,0.423732745961311,4.44089209850063E-16));
#2567=DIRECTION('',(0.380107107756911,0.812531433654491,0.441940330764293));
#2568=DIRECTION('',(0.,0.477803043462784,-0.878466989509396));
#2569=DIRECTION('',(-0.380107107756911,-0.812531433654491,-0.441940330764293));
#2570=DIRECTION('',(-0.187264589905804,-0.400303921194215,0.897044449313381));
#2571=DIRECTION('',(0.90578725979122,-0.423732745961311,4.44089209850063E-16));
#2572=DIRECTION('',(0.,0.,-1.));
#2573=DIRECTION('',(-1.,0.,0.));
#2574=DIRECTION('',(0.,0.,1.));
#2575=DIRECTION('',(1.,0.,0.));
#2576=DIRECTION('',(0.73544812830376,-0.513619309039724,0.441940330764293));
#2577=DIRECTION('',(0.572568404422836,0.819856952313443,0.));
#2578=DIRECTION('',(0.73544812830376,-0.513619309039724,0.441940330764293));
#2579=DIRECTION('',(-0.362327852684809,0.253041070035812,0.897044449313381));
#2580=DIRECTION('',(-0.656579419288036,-0.379076304470316,0.652077159204732));
#2581=DIRECTION('',(0.572568404422836,0.819856952313443,4.44089209850063E-16));
#2582=DIRECTION('',(-0.0770833053507315,0.893726416796635,0.441940330764293));
#2583=DIRECTION('',(0.996301150384147,0.0859303074777764,0.));
#2584=DIRECTION('',(0.0770833053507315,-0.893726416796635,-0.441940330764293));
#2585=DIRECTION('',(0.0379760685094059,-0.440305659941616,0.897044449313381));
#2586=DIRECTION('',(0.996301150384147,0.0859303074777761,4.44089209850063E-16));
#2587=DIRECTION('',(0.,0.,-1.));
#2588=DIRECTION('',(-1.,0.,0.));
#2589=DIRECTION('',(0.,0.,1.));
#2590=DIRECTION('',(1.,0.,0.));
#2591=DIRECTION('',(0.893726416796635,-0.0770833053507316,0.441940330764293));
#2592=DIRECTION('',(0.443259179445615,0.,-0.896393496092648));
#2593=DIRECTION('',(0.893726416796635,-0.0770833053507316,0.441940330764293));
#2594=DIRECTION('',(-0.440305659941616,0.037976068509406,0.897044449313381));
#2595=DIRECTION('',(-0.379076304470316,-0.656579419288036,0.652077159204732));
#2596=DIRECTION('',(0.0859303074777763,0.996301150384147,5.55111512312578E-16));
#2597=DIRECTION('',(-0.513619309039724,0.73544812830376,0.441940330764293));
#2598=DIRECTION('',(-0.221629589722807,0.383873709860548,-0.896393496092648));
#2599=DIRECTION('',(0.513619309039724,-0.73544812830376,-0.441940330764293));
#2600=DIRECTION('',(0.253041070035812,-0.362327852684809,0.897044449313381));
#2601=DIRECTION('',(0.819856952313444,0.572568404422836,5.55111512312578E-16));
#2602=DIRECTION('',(0.,0.,-1.));
#2603=DIRECTION('',(-1.,0.,0.));
#2604=DIRECTION('',(0.,0.,1.));
#2605=DIRECTION('',(1.,0.,0.));
#2606=DIRECTION('',(0.812531433654491,0.380107107756911,0.441940330764294));
#2607=DIRECTION('',(0.477803043462784,0.,-0.878466989509396));
#2608=DIRECTION('',(0.812531433654491,0.380107107756911,0.441940330764294));
#2609=DIRECTION('',(-0.400303921194215,-0.187264589905804,0.897044449313381));
#2610=DIRECTION('',(-2.05102573242818E-16,-0.758152608940632,0.652077159204732));
#2611=DIRECTION('',(-0.423732745961311,0.90578725979122,4.44089209850063E-16));
#2612=DIRECTION('',(-0.812531433654491,0.380107107756911,0.441940330764294));
#2613=DIRECTION('',(-0.477803043462784,2.70701172815299E-16,-0.878466989509396));
#2614=DIRECTION('',(0.812531433654491,-0.380107107756911,-0.441940330764294));
#2615=DIRECTION('',(0.400303921194215,-0.187264589905804,0.897044449313381));
#2616=DIRECTION('',(0.423732745961312,0.90578725979122,4.44089209850063E-16));
#2617=DIRECTION('',(0.,0.,-1.));
#2618=DIRECTION('',(-1.,0.,0.));
#2619=DIRECTION('',(0.,0.,1.));
#2620=DIRECTION('',(1.,0.,0.));
#2621=DIRECTION('',(0.513619309039724,0.73544812830376,0.441940330764293));
#2622=DIRECTION('',(-0.819856952313443,0.572568404422836,0.));
#2623=DIRECTION('',(0.513619309039724,0.73544812830376,0.441940330764293));
#2624=DIRECTION('',(-0.253041070035812,-0.362327852684809,0.897044449313381));
#2625=DIRECTION('',(0.379076304470316,-0.656579419288036,0.652077159204732));
#2626=DIRECTION('',(-0.819856952313443,0.572568404422836,4.44089209850063E-16));
#2627=DIRECTION('',(-0.893726416796635,-0.0770833053507314,0.441940330764293));
#2628=DIRECTION('',(-0.0859303074777761,0.996301150384147,0.));
#2629=DIRECTION('',(0.893726416796635,0.0770833053507314,-0.441940330764293));
#2630=DIRECTION('',(0.440305659941616,0.0379760685094059,0.897044449313381));
#2631=DIRECTION('',(-0.0859303074777759,0.996301150384147,4.44089209850063E-16));
#2632=DIRECTION('',(0.,0.,-1.));
#2633=DIRECTION('',(-1.,0.,0.));
#2634=DIRECTION('',(0.,0.,1.));
#2635=DIRECTION('',(1.,0.,0.));
#2636=DIRECTION('',(0.0770833053507319,0.893726416796635,0.441940330764293));
#2637=DIRECTION('',(0.,-0.443259179445615,0.896393496092648));
#2638=DIRECTION('',(0.0770833053507319,0.893726416796635,0.441940330764293));
#2639=DIRECTION('',(-0.0379760685094062,-0.440305659941616,0.897044449313381));
#2640=DIRECTION('',(0.656579419288036,-0.379076304470316,0.652077159204732));
#2641=DIRECTION('',(-0.996301150384147,0.0859303074777765,6.10622663543836E-16));
#2642=DIRECTION('',(-0.73544812830376,-0.513619309039724,0.441940330764293));
#2643=DIRECTION('',(0.383873709860548,0.221629589722807,0.896393496092648));
#2644=DIRECTION('',(0.73544812830376,0.513619309039724,-0.441940330764293));
#2645=DIRECTION('',(0.362327852684809,0.253041070035812,0.897044449313381));
#2646=DIRECTION('',(-0.572568404422835,0.819856952313444,6.10622663543836E-16));
#2647=DIRECTION('',(0.,0.,-1.));
#2648=DIRECTION('',(-1.,0.,0.));
#2649=DIRECTION('',(0.,0.,1.));
#2650=DIRECTION('',(1.,0.,0.));
#2651=DIRECTION('',(-0.380107107756911,0.812531433654491,0.441940330764293));
#2652=DIRECTION('',(0.,-0.477803043462784,0.878466989509396));
#2653=DIRECTION('',(-0.380107107756911,0.812531433654491,0.441940330764293));
#2654=DIRECTION('',(0.187264589905804,-0.400303921194215,0.897044449313381));
#2655=DIRECTION('',(0.758152608940632,-3.9189057469655E-16,0.652077159204732));
#2656=DIRECTION('',(-0.90578725979122,-0.423732745961311,5.55111512312578E-16));
#2657=DIRECTION('',(-0.380107107756912,-0.812531433654491,0.441940330764293));
#2658=DIRECTION('',(5.41402345630598E-16,0.477803043462784,0.878466989509396));
#2659=DIRECTION('',(0.380107107756912,0.812531433654491,-0.441940330764293));
#2660=DIRECTION('',(0.187264589905804,0.400303921194215,0.897044449313381));
#2661=DIRECTION('',(-0.90578725979122,0.423732745961312,5.55111512312578E-16));
#2662=DIRECTION('',(0.,0.,-1.));
#2663=DIRECTION('',(-1.,0.,0.));
#2664=DIRECTION('',(0.,0.,1.));
#2665=DIRECTION('',(1.,0.,0.));
#2666=DIRECTION('',(-0.735448128303759,0.513619309039725,0.441940330764293));
#2667=DIRECTION('',(-0.572568404422837,-0.819856952313443,0.));
#2668=DIRECTION('',(-0.735448128303759,0.513619309039725,0.441940330764293));
#2669=DIRECTION('',(0.362327852684809,-0.253041070035812,0.897044449313381));
#2670=DIRECTION('',(0.656579419288037,0.379076304470315,0.652077159204732));
#2671=DIRECTION('',(-0.572568404422837,-0.819856952313443,4.44089209850063E-16));
#2672=DIRECTION('',(0.0770833053507304,-0.893726416796635,0.441940330764293));
#2673=DIRECTION('',(-0.996301150384147,-0.085930307477775,0.));
#2674=DIRECTION('',(-0.0770833053507304,0.893726416796635,-0.441940330764293));
#2675=DIRECTION('',(-0.0379760685094054,0.440305659941616,0.897044449313381));
#2676=DIRECTION('',(-0.996301150384147,-0.0859303074777749,4.44089209850063E-16));
#2677=DIRECTION('',(0.,0.,-1.));
#2678=DIRECTION('',(-1.,0.,0.));
#2679=DIRECTION('',(0.,0.,1.));
#2680=DIRECTION('',(1.,0.,0.));
#2681=DIRECTION('',(-0.893726416796635,0.0770833053507326,0.441940330764293));
#2682=DIRECTION('',(0.443259179445615,0.,0.896393496092648));
#2683=DIRECTION('',(-0.893726416796635,0.0770833053507326,0.441940330764293));
#2684=DIRECTION('',(0.440305659941616,-0.0379760685094065,0.897044449313381));
#2685=DIRECTION('',(0.379076304470317,0.656579419288036,0.652077159204732));
#2686=DIRECTION('',(-0.0859303074777775,-0.996301150384147,4.44089209850063E-16));
#2687=DIRECTION('',(0.513619309039723,-0.73544812830376,0.441940330764293));
#2688=DIRECTION('',(-0.221629589722807,0.383873709860548,0.896393496092648));
#2689=DIRECTION('',(-0.513619309039723,0.73544812830376,-0.441940330764293));
#2690=DIRECTION('',(-0.253041070035811,0.362327852684809,0.897044449313381));
#2691=DIRECTION('',(-0.819856952313444,-0.572568404422834,4.44089209850062E-16));
#2692=DIRECTION('',(0.,0.,-1.));
#2693=DIRECTION('',(-1.,0.,0.));
#2694=DIRECTION('',(0.,0.,1.));
#2695=DIRECTION('',(1.,0.,0.));
#2696=DIRECTION('',(-0.812531433654492,-0.38010710775691,0.441940330764293));
#2697=DIRECTION('',(0.477803043462784,0.,0.878466989509396));
#2698=DIRECTION('',(-0.812531433654492,-0.38010710775691,0.441940330764293));
#2699=DIRECTION('',(0.400303921194215,0.187264589905804,0.897044449313381));
#2700=DIRECTION('',(8.20410292971273E-16,0.758152608940632,0.652077159204732));
#2701=DIRECTION('',(0.42373274596131,-0.90578725979122,5.55111512312578E-16));
#2702=DIRECTION('',(0.812531433654491,-0.380107107756912,0.441940330764293));
#2703=DIRECTION('',(-0.477803043462784,1.02429069448124E-15,0.878466989509396));
#2704=DIRECTION('',(-0.812531433654491,0.380107107756912,-0.441940330764293));
#2705=DIRECTION('',(-0.400303921194214,0.187264589905804,0.897044449313381));
#2706=DIRECTION('',(-0.423732745961312,-0.905787259791219,5.55111512312578E-16));
#2707=DIRECTION('',(0.,0.,-1.));
#2708=DIRECTION('',(-1.,0.,0.));
#2709=DIRECTION('',(0.,0.,1.));
#2710=DIRECTION('',(1.,0.,0.));
#2711=DIRECTION('',(-0.513619309039725,-0.735448128303759,0.441940330764293));
#2712=DIRECTION('',(0.819856952313443,-0.572568404422837,0.));
#2713=DIRECTION('',(-0.513619309039725,-0.735448128303759,0.441940330764293));
#2714=DIRECTION('',(0.253041070035812,0.362327852684808,0.897044449313381));
#2715=DIRECTION('',(-0.379076304470315,0.656579419288037,0.652077159204732));
#2716=DIRECTION('',(0.819856952313443,-0.572568404422836,5.55111512312578E-16));
#2717=DIRECTION('',(0.893726416796635,0.0770833053507309,0.441940330764293));
#2718=DIRECTION('',(0.0859303074777758,-0.996301150384147,0.));
#2719=DIRECTION('',(-0.893726416796635,-0.0770833053507309,-0.441940330764293));
#2720=DIRECTION('',(-0.440305659941616,-0.0379760685094057,0.897044449313381));
#2721=DIRECTION('',(0.0859303074777756,-0.996301150384147,5.55111512312578E-16));
#2722=DIRECTION('',(0.,0.,-1.));
#2723=DIRECTION('',(-1.,0.,0.));
#2724=DIRECTION('',(0.796748129596373,-0.60431152395489,0.));
#2725=DIRECTION('',(0.,0.,1.));
#2726=DIRECTION('',(1.,0.,0.));
#2727=DIRECTION('',(0.,0.,1.));
#2728=DIRECTION('',(1.,0.,0.));
#2729=DIRECTION('',(0.,0.,1.));
#2730=DIRECTION('',(1.,0.,0.));
#2731=DIRECTION('',(0.,0.,-1.));
#2732=DIRECTION('',(0.,0.,1.));
#2733=DIRECTION('',(1.,0.,0.));
#2734=DIRECTION('',(0.,0.,-1.));
#2735=DIRECTION('',(-1.,0.,0.));
#2736=DIRECTION('',(-0.921723196342809,0.387848358670751,0.));
#2737=DIRECTION('',(0.,0.,1.));
#2738=DIRECTION('',(1.,0.,0.));
#2739=DIRECTION('',(-0.387848358670751,-0.921723196342809,0.));
#2740=DIRECTION('',(0.921723196342809,-0.387848358670751,0.));
#2741=DIRECTION('',(0.,0.,1.));
#2742=DIRECTION('',(1.,0.,0.));
#2743=DIRECTION('',(0.,0.,1.));
#2744=DIRECTION('',(1.,0.,0.));
#2745=DIRECTION('',(0.60431152395489,0.796748129596373,0.));
#2746=DIRECTION('',(-0.796748129596373,0.60431152395489,0.));
#2747=DIRECTION('',(-0.540476609265573,0.409936630253166,0.734736002938109));
#2748=DIRECTION('',(0.,0.,-1.));
#2749=DIRECTION('',(-1.,0.,0.));
#2750=DIRECTION('',(0.,0.,-1.));
#2751=DIRECTION('',(0.572568404422835,-0.819856952313444,0.));
#2752=DIRECTION('',(0.,0.,-1.));
#2753=DIRECTION('',(-1.,0.,0.));
#2754=DIRECTION('',(7.7715611723761E-16,-1.,0.));
#2755=DIRECTION('',(0.,0.,-1.));
#2756=DIRECTION('',(-1.,0.,0.));
#2757=DIRECTION('',(1.,1.11022302462516E-15,0.));
#2758=DIRECTION('',(0.,0.,-1.));
#2759=DIRECTION('',(-1.,0.,0.));
#2760=DIRECTION('',(0.,0.,-1.));
#2761=DIRECTION('',(0.572568404422835,-0.819856952313444,0.));
#2762=DIRECTION('',(1.,-3.71924713249427E-15,0.));
#2763=DIRECTION('',(-1.,-3.33066907387547E-16,0.));
#2764=DIRECTION('',(0.,0.,-1.));
#2765=DIRECTION('',(0.572568404422835,-0.819856952313444,0.));
#2766=DIRECTION('',(0.,0.,-1.));
#2767=DIRECTION('',(-1.,0.,0.));
#2768=DIRECTION('',(-1.,-9.99200722162641E-16,0.));
#2769=DIRECTION('',(0.,0.,-1.));
#2770=DIRECTION('',(-1.,0.,0.));
#2771=DIRECTION('',(7.7715611723761E-16,-1.,0.));
#2772=DIRECTION('',(0.,0.,-1.));
#2773=DIRECTION('',(-1.,0.,0.));
#2774=DIRECTION('',(0.,0.,-1.));
#2775=DIRECTION('',(0.572568404422835,-0.819856952313444,0.));
#2776=DIRECTION('',(-4.9960036108132E-16,-1.,0.));
#2777=DIRECTION('',(-1.22124532708767E-15,1.,0.));
#2778=DIRECTION('',(0.,0.,-1.));
#2779=DIRECTION('',(0.572568404422835,-0.819856952313444,0.));
#2780=DIRECTION('',(0.,0.,-1.));
#2781=DIRECTION('',(-1.,0.,0.));
#2782=DIRECTION('',(0.,1.,0.));
#2783=DIRECTION('',(0.,0.,-1.));
#2784=DIRECTION('',(-1.,0.,0.));
#2785=DIRECTION('',(-1.,-9.43689570931383E-16,0.));
#2786=DIRECTION('',(0.,0.,-1.));
#2787=DIRECTION('',(-1.,0.,0.));
#2788=DIRECTION('',(0.,0.,-1.));
#2789=DIRECTION('',(0.572568404422835,-0.819856952313444,0.));
#2790=DIRECTION('',(-1.,1.22124532708767E-15,0.));
#2791=DIRECTION('',(1.,0.,0.));
#2792=DIRECTION('',(0.,0.,-1.));
#2793=DIRECTION('',(0.572568404422835,-0.819856952313444,0.));
#2794=DIRECTION('',(0.,0.,-1.));
#2795=DIRECTION('',(-1.,0.,0.));
#2796=DIRECTION('',(1.,1.4432899320127E-15,0.));
#2797=DIRECTION('',(0.,0.,-1.));
#2798=DIRECTION('',(-1.,0.,0.));
#2799=DIRECTION('',(-5.55111512312578E-17,1.,0.));
#2800=DIRECTION('',(0.,0.,-1.));
#2801=DIRECTION('',(-1.,0.,0.));
#2802=DIRECTION('',(0.,0.,-1.));
#2803=DIRECTION('',(0.572568404422835,-0.819856952313444,0.));
#2804=DIRECTION('',(-3.33066907387547E-16,1.,0.));
#2805=DIRECTION('',(-3.33066907387547E-16,-1.,0.));
#2806=DIRECTION('',(0.996301150384147,-0.0859303074777768,4.44089209850063E-16));
#2807=DIRECTION('',(0.,0.,1.));
#2808=DIRECTION('',(1.,0.,0.));
#2809=DIRECTION('',(-0.077083305350732,-0.893726416796635,0.441940330764293));
#2810=DIRECTION('',(0.0379760685094062,0.440305659941616,0.897044449313381));
#2811=DIRECTION('',(-0.077083305350732,-0.893726416796635,0.441940330764293));
#2812=DIRECTION('',(0.,-0.443259179445615,-0.896393496092648));
#2813=DIRECTION('',(0.,-1.,0.));
#2814=DIRECTION('',(0.,0.,-1.));
#2815=DIRECTION('',(0.,0.,1.));
#2816=DIRECTION('',(0.,0.,1.));
#2817=DIRECTION('',(1.,0.,0.));
#2818=DIRECTION('',(0.,0.,1.));
#2819=DIRECTION('',(1.4432899320127E-15,-1.,0.));
#2820=DIRECTION('',(1.,1.4432899320127E-15,0.));
#2821=DIRECTION('',(0.,0.,-1.));
#2822=DIRECTION('',(0.,0.,1.));
#2823=DIRECTION('',(1.,5.55111512312578E-17,0.));
#2824=DIRECTION('',(-5.55111512312578E-17,1.,0.));
#2825=DIRECTION('',(0.,0.,-1.));
#2826=DIRECTION('',(0.,0.,1.));
#2827=DIRECTION('',(0.,0.,1.));
#2828=DIRECTION('',(1.,0.,0.));
#2829=DIRECTION('',(0.,0.,1.));
#2830=DIRECTION('',(0.,0.,1.));
#2831=DIRECTION('',(1.,3.33066907387547E-16,0.));
#2832=DIRECTION('',(-3.33066907387547E-16,1.,0.));
#2833=DIRECTION('',(-1.,3.33066907387547E-16,0.));
#2834=DIRECTION('',(-3.33066907387547E-16,-1.,0.));
#2835=DIRECTION('',(0.,0.,1.));
#2836=DIRECTION('',(0.,0.,1.));
#2837=DIRECTION('',(1.,0.,0.));
#2838=DIRECTION('',(0.,0.,1.));
#2839=DIRECTION('',(-1.,-7.7715611723761E-16,0.));
#2840=DIRECTION('',(7.7715611723761E-16,-1.,0.));
#2841=DIRECTION('',(0.,0.,-1.));
#2842=DIRECTION('',(0.,0.,1.));
#2843=DIRECTION('',(1.11022302462516E-15,-1.,0.));
#2844=DIRECTION('',(1.,1.11022302462516E-15,0.));
#2845=DIRECTION('',(0.,0.,-1.));
#2846=DIRECTION('',(0.,0.,1.));
#2847=DIRECTION('',(0.,0.,1.));
#2848=DIRECTION('',(1.,0.,0.));
#2849=DIRECTION('',(0.,0.,1.));
#2850=DIRECTION('',(0.,0.,1.));
#2851=DIRECTION('',(-3.71924713249427E-15,-1.,0.));
#2852=DIRECTION('',(1.,-3.71924713249427E-15,0.));
#2853=DIRECTION('',(-3.33066907387547E-16,1.,0.));
#2854=DIRECTION('',(-1.,-3.33066907387547E-16,0.));
#2855=DIRECTION('',(0.,0.,1.));
#2856=DIRECTION('',(0.,0.,1.));
#2857=DIRECTION('',(1.,0.,0.));
#2858=DIRECTION('',(0.,0.,1.));
#2859=DIRECTION('',(-9.99200722162641E-16,1.,0.));
#2860=DIRECTION('',(-1.,-9.99200722162641E-16,0.));
#2861=DIRECTION('',(0.,0.,-1.));
#2862=DIRECTION('',(0.,0.,1.));
#2863=DIRECTION('',(-1.,-7.7715611723761E-16,0.));
#2864=DIRECTION('',(7.7715611723761E-16,-1.,0.));
#2865=DIRECTION('',(0.,0.,-1.));
#2866=DIRECTION('',(0.,0.,1.));
#2867=DIRECTION('',(0.,0.,1.));
#2868=DIRECTION('',(1.,0.,0.));
#2869=DIRECTION('',(0.,0.,1.));
#2870=DIRECTION('',(0.,0.,1.));
#2871=DIRECTION('',(-1.,4.99600361081321E-16,0.));
#2872=DIRECTION('',(-4.99600361081321E-16,-1.,0.));
#2873=DIRECTION('',(1.,1.22124532708767E-15,0.));
#2874=DIRECTION('',(-1.22124532708767E-15,1.,0.));
#2875=DIRECTION('',(0.,0.,1.));
#2876=DIRECTION('',(0.,0.,1.));
#2877=DIRECTION('',(1.,0.,0.));
#2878=DIRECTION('',(0.,0.,1.));
#2879=DIRECTION('',(1.,0.,0.));
#2880=DIRECTION('',(0.,0.,-1.));
#2881=DIRECTION('',(0.,0.,-1.));
#2882=DIRECTION('',(0.,0.,1.));
#2883=DIRECTION('',(-9.43689570931383E-16,1.,0.));
#2884=DIRECTION('',(-1.,-9.43689570931383E-16,0.));
#2885=DIRECTION('',(0.,0.,-1.));
#2886=DIRECTION('',(0.,0.,1.));
#2887=DIRECTION('',(0.,0.,1.));
#2888=DIRECTION('',(1.,0.,0.));
#2889=DIRECTION('',(0.,0.,1.));
#2890=DIRECTION('',(0.,0.,1.));
#2891=DIRECTION('',(1.22124532708767E-15,1.,0.));
#2892=DIRECTION('',(-1.,1.22124532708767E-15,0.));
#2893=DIRECTION('',(0.,0.,1.));
#2894=DIRECTION('',(1.,0.,0.));
#2895=DIRECTION('',(0.,0.,1.));
#2896=DIRECTION('',(1.,0.,0.));
#2897=DIRECTION('',(0.,0.,1.));
#2898=DIRECTION('',(1.,0.,0.));
#2899=DIRECTION('',(0.,0.,1.));
#2900=DIRECTION('',(1.,0.,0.));
#2901=DIRECTION('',(0.,0.,1.));
#2902=DIRECTION('',(1.,0.,0.));
#2903=DIRECTION('',(0.,0.,1.));
#2904=DIRECTION('',(1.,0.,0.));
#2905=DIRECTION('',(0.,0.,1.));
#2906=DIRECTION('',(1.,0.,0.));
#2907=DIRECTION('',(0.,0.,1.));
#2908=DIRECTION('',(1.,0.,0.));
#2909=DIRECTION('',(0.,0.,1.));
#2910=DIRECTION('',(1.,0.,0.));
#2911=DIRECTION('',(0.,0.,1.));
#2912=DIRECTION('',(1.,0.,0.));
#2913=DIRECTION('',(0.,0.,1.));
#2914=DIRECTION('',(1.,0.,0.));
#2915=DIRECTION('',(0.,0.,1.));
#2916=DIRECTION('',(1.,0.,0.));
#2917=CARTESIAN_POINT('',(0.,0.,0.));
#2918=CARTESIAN_POINT('',(0.,0.,0.));
#2919=CARTESIAN_POINT('',(-0.899999999999991,-4.99600361081315E-17,0.));
#2920=CARTESIAN_POINT('',(-0.899999999999991,1.4,0.));
#2921=CARTESIAN_POINT('',(-0.899999999999991,2.15638586528478,0.));
#2922=CARTESIAN_POINT('',(-1.39999999999999,1.4,0.));
#2923=CARTESIAN_POINT('',(-1.39999999999999,0.899999999999998,0.));
#2924=CARTESIAN_POINT('',(-1.29896093881143E-15,0.9,0.));
#2925=CARTESIAN_POINT('',(-2.15638586528477,0.899999999999997,0.));
#2926=CARTESIAN_POINT('',(-2.15638586528477,0.799999999999997,0.));
#2927=CARTESIAN_POINT('',(-2.25014177247107,0.834782608695649,0.));
#2928=CARTESIAN_POINT('',(8.79453008151481E-15,-1.71590899746422E-15,0.));
#2929=CARTESIAN_POINT('',(-2.36643191323984,0.399999999999999,0.));
#2930=CARTESIAN_POINT('',(0.,0.400000000000005,0.));
#2931=CARTESIAN_POINT('',(-3.57770876399966,0.400000000000007,0.));
#2932=CARTESIAN_POINT('',(0.,0.,0.));
#2933=CARTESIAN_POINT('',(-0.399999999999995,3.57770876399966,0.));
#2934=CARTESIAN_POINT('',(-0.399999999999994,-1.33226762955017E-16,0.));
#2935=CARTESIAN_POINT('',(-0.399999999999995,2.36643191323984,0.));
#2936=CARTESIAN_POINT('',(8.79453008151481E-15,-1.71590899746422E-15,0.));
#2937=CARTESIAN_POINT('',(-0.834782608695643,2.25014177247108,0.));
#2938=CARTESIAN_POINT('',(-0.799999999999991,2.15638586528478,0.));
#2939=CARTESIAN_POINT('',(0.,0.,0.));
#2940=CARTESIAN_POINT('',(-9.99200722162641E-16,0.9,0.));
#2941=CARTESIAN_POINT('',(1.40000000000001,0.900000000000002,0.));
#2942=CARTESIAN_POINT('',(2.15638586528479,0.900000000000002,0.));
#2943=CARTESIAN_POINT('',(1.40000000000001,1.4,0.));
#2944=CARTESIAN_POINT('',(0.900000000000008,1.4,0.));
#2945=CARTESIAN_POINT('',(0.900000000000009,6.99440505513856E-16,0.));
#2946=CARTESIAN_POINT('',(0.900000000000008,2.15638586528478,0.));
#2947=CARTESIAN_POINT('',(0.800000000000008,2.15638586528478,0.));
#2948=CARTESIAN_POINT('',(0.83478260869566,2.25014177247108,0.));
#2949=CARTESIAN_POINT('',(8.79453008151481E-15,-1.71590899746422E-15,0.));
#2950=CARTESIAN_POINT('',(0.395808545911566,2.36713658139605,0.));
#2951=CARTESIAN_POINT('',(0.395808545911565,-1.31830728304327E-16,0.));
#2952=CARTESIAN_POINT('',(0.395808545911565,3.57817489720435,0.));
#2953=CARTESIAN_POINT('',(0.,0.,0.));
#2954=CARTESIAN_POINT('',(3.57770876399967,0.399999999999976,0.));
#2955=CARTESIAN_POINT('',(1.48769885299767E-15,0.39999999999999,0.));
#2956=CARTESIAN_POINT('',(2.36643191323986,0.399999999999981,0.));
#2957=CARTESIAN_POINT('',(8.79453008151481E-15,-1.71590899746422E-15,0.));
#2958=CARTESIAN_POINT('',(2.25014177247108,0.834782608695655,0.));
#2959=CARTESIAN_POINT('',(2.15638586528479,0.800000000000002,0.));
#2960=CARTESIAN_POINT('',(0.,0.,0.));
#2961=CARTESIAN_POINT('',(0.900000000000009,6.99440505513856E-16,0.));
#2962=CARTESIAN_POINT('',(0.90000000000001,-1.4,0.));
#2963=CARTESIAN_POINT('',(0.900000000000011,-2.15638586528478,0.));
#2964=CARTESIAN_POINT('',(1.40000000000001,-1.4,0.));
#2965=CARTESIAN_POINT('',(1.40000000000001,-0.900000000000001,0.));
#2966=CARTESIAN_POINT('',(8.99280649946379E-16,-0.900000000000002,0.));
#2967=CARTESIAN_POINT('',(2.15638586528479,-0.9,0.));
#2968=CARTESIAN_POINT('',(2.15638586528479,-0.8,0.));
#2969=CARTESIAN_POINT('',(2.25014177247109,-0.834782608695652,0.));
#2970=CARTESIAN_POINT('',(8.79453008151481E-15,-1.71590899746422E-15,0.));
#2971=CARTESIAN_POINT('',(2.36643191323985,-0.400000000000001,0.));
#2972=CARTESIAN_POINT('',(1.33226762955019E-16,-0.400000000000002,0.));
#2973=CARTESIAN_POINT('',(3.57770876399966,-0.4,0.));
#2974=CARTESIAN_POINT('',(0.,0.,0.));
#2975=CARTESIAN_POINT('',(0.395808545911566,-3.57817489720435,0.));
#2976=CARTESIAN_POINT('',(0.395808545911568,-1.97746092456492E-16,0.));
#2977=CARTESIAN_POINT('',(0.395808545911567,-2.36713658139605,0.));
#2978=CARTESIAN_POINT('',(8.79453008151481E-15,-1.71590899746422E-15,0.));
#2979=CARTESIAN_POINT('',(0.834782608695663,-2.25014177247108,0.));
#2980=CARTESIAN_POINT('',(0.800000000000011,-2.15638586528478,0.));
#2981=CARTESIAN_POINT('',(2.37415753045914,1.65805459748513,1.42666209065976));
#2982=CARTESIAN_POINT('',(3.12737602261567,-1.80559138851434,4.19862527788092));
#2983=CARTESIAN_POINT('',(5.5425625842204,-3.2,1.8));
#2984=CARTESIAN_POINT('',(4.53565809443764,-2.61866342177568,2.8));
#2985=CARTESIAN_POINT('',(0.,0.,7.30455643058676));
#2986=CARTESIAN_POINT('',(5.93748576307948,-2.38877851908219,0.199999999999999));
#2987=CARTESIAN_POINT('',(5.93748576307948,-2.38877851908219,0.2));
#2988=CARTESIAN_POINT('',(3.72490875790874,-1.45775675105786,2.8));
#2989=CARTESIAN_POINT('',(4.53565809443764,-2.61866342177568,2.8));
#2990=CARTESIAN_POINT('',(0.,0.,0.));
#2991=CARTESIAN_POINT('',(8.49320613838247E-16,-0.900000000000002,0.));
#2992=CARTESIAN_POINT('',(-1.39999999999999,-0.900000000000003,0.));
#2993=CARTESIAN_POINT('',(-2.15638586528477,-0.900000000000004,0.));
#2994=CARTESIAN_POINT('',(-1.39999999999999,-1.4,0.));
#2995=CARTESIAN_POINT('',(-0.89999999999999,-1.4,0.));
#2996=CARTESIAN_POINT('',(-0.89999999999999,0.,0.));
#2997=CARTESIAN_POINT('',(-0.89999999999999,-2.15638586528478,0.));
#2998=CARTESIAN_POINT('',(-0.79999999999999,-2.15638586528478,0.));
#2999=CARTESIAN_POINT('',(-0.834782608695642,-2.25014177247108,0.));
#3000=CARTESIAN_POINT('',(8.79453008151481E-15,-1.71590899746422E-15,0.));
#3001=CARTESIAN_POINT('',(-0.399999999999995,-2.36643191323985,0.));
#3002=CARTESIAN_POINT('',(-0.399999999999997,-4.88498130835066E-16,0.));
#3003=CARTESIAN_POINT('',(-0.399999999999993,-3.57770876399966,0.));
#3004=CARTESIAN_POINT('',(0.,0.,0.));
#3005=CARTESIAN_POINT('',(-3.57770876399966,-0.400000000000001,0.));
#3006=CARTESIAN_POINT('',(-4.88498130835076E-16,-0.400000000000006,0.));
#3007=CARTESIAN_POINT('',(-2.36643191323984,-0.400000000000003,0.));
#3008=CARTESIAN_POINT('',(8.79453008151481E-15,-1.71590899746422E-15,0.));
#3009=CARTESIAN_POINT('',(-2.25014177247107,-0.834782608695656,0.));
#3010=CARTESIAN_POINT('',(-2.15638586528477,-0.800000000000004,0.));
#3011=CARTESIAN_POINT('',(0.,0.,54.));
#3012=CARTESIAN_POINT('',(0.395808545911565,3.57817489720435,-27.2));
#3013=CARTESIAN_POINT('',(0.395808545911565,3.57817489720435,2.8));
#3014=CARTESIAN_POINT('',(-8.67361737988404E-16,0.,2.8));
#3015=CARTESIAN_POINT('',(-0.399999999999995,3.57770876399966,2.8));
#3016=CARTESIAN_POINT('',(-0.399999999999995,3.57770876399966,-27.2));
#3017=CARTESIAN_POINT('',(-3.57770876399966,0.400000000000007,-27.2));
#3018=CARTESIAN_POINT('',(-3.57770876399966,0.400000000000007,2.8));
#3019=CARTESIAN_POINT('',(-8.67361737988404E-16,0.,2.8));
#3020=CARTESIAN_POINT('',(-3.57770876399966,-0.400000000000001,2.8));
#3021=CARTESIAN_POINT('',(-3.57770876399966,-0.400000000000001,-27.2));
#3022=CARTESIAN_POINT('',(-0.399999999999993,-3.57770876399966,-27.2));
#3023=CARTESIAN_POINT('',(-0.399999999999993,-3.57770876399966,2.8));
#3024=CARTESIAN_POINT('',(-8.67361737988404E-16,0.,2.8));
#3025=CARTESIAN_POINT('',(0.395808545911566,-3.57817489720435,2.8));
#3026=CARTESIAN_POINT('',(0.395808545911566,-3.57817489720435,-27.2));
#3027=CARTESIAN_POINT('',(3.57770876399966,-0.4,-27.2));
#3028=CARTESIAN_POINT('',(3.57770876399966,-0.4,2.8));
#3029=CARTESIAN_POINT('',(-8.67361737988404E-16,0.,2.8));
#3030=CARTESIAN_POINT('',(3.57770876399967,0.399999999999976,2.8));
#3031=CARTESIAN_POINT('',(3.57770876399967,0.399999999999976,-27.2));
#3032=CARTESIAN_POINT('',(0.,0.,-1.2));
#3033=CARTESIAN_POINT('',(3.6,0.,-1.2));
#3034=CARTESIAN_POINT('',(3.6,0.,-1.2));
#3035=CARTESIAN_POINT('',(0.,0.,-1.2));
#3036=CARTESIAN_POINT('',(4.8,0.,-1.2));
#3037=CARTESIAN_POINT('',(3.95474398665704,0.6,2.8));
#3038=CARTESIAN_POINT('',(6.33640276497636,0.9,0.2));
#3039=CARTESIAN_POINT('',(6.33640276497636,0.9,0.2));
#3040=CARTESIAN_POINT('',(3.95474398665704,0.6,2.8));
#3041=CARTESIAN_POINT('',(3.95474398665704,0.6,0.2));
#3042=CARTESIAN_POINT('',(3.95474398665704,0.6,0.199999999999999));
#3043=CARTESIAN_POINT('',(3.95474398665704,0.6,2.8));
#3044=CARTESIAN_POINT('',(3.72490875790874,1.45775675105785,2.8));
#3045=CARTESIAN_POINT('',(5.93748576307948,2.38877851908218,0.2));
#3046=CARTESIAN_POINT('',(5.93748576307948,2.38877851908218,0.2));
#3047=CARTESIAN_POINT('',(3.72490875790874,1.45775675105786,2.8));
#3048=CARTESIAN_POINT('',(3.72490875790874,1.45775675105785,2.8));
#3049=CARTESIAN_POINT('',(3.72490875790874,1.45775675105786,0.199999999999999));
#3050=CARTESIAN_POINT('',(3.72490875790874,1.45775675105785,0.2));
#3051=CARTESIAN_POINT('',(3.12490875790874,2.49698723559918,2.8));
#3052=CARTESIAN_POINT('',(5.03748576307949,3.94762424589417,0.2));
#3053=CARTESIAN_POINT('',(5.03748576307948,3.94762424589417,0.199999999999999));
#3054=CARTESIAN_POINT('',(3.12490875790874,2.49698723559918,2.8));
#3055=CARTESIAN_POINT('',(3.12490875790874,2.49698723559918,0.2));
#3056=CARTESIAN_POINT('',(3.12490875790874,2.49698723559918,0.199999999999999));
#3057=CARTESIAN_POINT('',(3.12490875790874,2.49698723559918,2.8));
#3058=CARTESIAN_POINT('',(2.49698723559918,3.12490875790874,2.8));
#3059=CARTESIAN_POINT('',(3.94762424589417,5.03748576307948,0.2));
#3060=CARTESIAN_POINT('',(3.94762424589417,5.03748576307948,0.2));
#3061=CARTESIAN_POINT('',(2.49698723559918,3.12490875790874,2.8));
#3062=CARTESIAN_POINT('',(2.49698723559918,3.12490875790874,2.8));
#3063=CARTESIAN_POINT('',(2.49698723559918,3.12490875790874,0.199999999999999));
#3064=CARTESIAN_POINT('',(2.49698723559918,3.12490875790874,0.2));
#3065=CARTESIAN_POINT('',(1.45775675105786,3.72490875790874,2.8));
#3066=CARTESIAN_POINT('',(2.38877851908219,5.93748576307948,0.2));
#3067=CARTESIAN_POINT('',(2.38877851908218,5.93748576307948,0.199999999999999));
#3068=CARTESIAN_POINT('',(1.45775675105786,3.72490875790874,2.8));
#3069=CARTESIAN_POINT('',(1.45775675105786,3.72490875790874,0.2));
#3070=CARTESIAN_POINT('',(1.45775675105786,3.72490875790874,0.199999999999999));
#3071=CARTESIAN_POINT('',(1.45775675105786,3.72490875790874,2.8));
#3072=CARTESIAN_POINT('',(0.600000000000001,3.95474398665704,2.8));
#3073=CARTESIAN_POINT('',(0.900000000000001,6.33640276497636,0.2));
#3074=CARTESIAN_POINT('',(0.900000000000001,6.33640276497636,0.2));
#3075=CARTESIAN_POINT('',(0.600000000000001,3.95474398665704,2.8));
#3076=CARTESIAN_POINT('',(0.600000000000001,3.95474398665704,2.8));
#3077=CARTESIAN_POINT('',(0.600000000000001,3.95474398665704,0.199999999999999));
#3078=CARTESIAN_POINT('',(0.600000000000001,3.95474398665704,0.2));
#3079=CARTESIAN_POINT('',(-0.599999999999999,3.95474398665704,2.8));
#3080=CARTESIAN_POINT('',(-0.899999999999997,6.33640276497636,0.2));
#3081=CARTESIAN_POINT('',(-0.899999999999998,6.33640276497636,0.199999999999999));
#3082=CARTESIAN_POINT('',(-0.6,3.95474398665704,2.8));
#3083=CARTESIAN_POINT('',(-0.599999999999999,3.95474398665704,0.2));
#3084=CARTESIAN_POINT('',(-0.599999999999999,3.95474398665704,0.199999999999999));
#3085=CARTESIAN_POINT('',(-0.599999999999999,3.95474398665704,2.8));
#3086=CARTESIAN_POINT('',(-1.45775675105786,3.72490875790874,2.8));
#3087=CARTESIAN_POINT('',(-2.38877851908218,5.93748576307948,0.2));
#3088=CARTESIAN_POINT('',(-2.38877851908218,5.93748576307948,0.2));
#3089=CARTESIAN_POINT('',(-1.45775675105786,3.72490875790874,2.8));
#3090=CARTESIAN_POINT('',(-1.45775675105786,3.72490875790874,2.8));
#3091=CARTESIAN_POINT('',(-1.45775675105786,3.72490875790874,0.199999999999999));
#3092=CARTESIAN_POINT('',(-1.45775675105786,3.72490875790874,0.2));
#3093=CARTESIAN_POINT('',(-2.49698723559918,3.12490875790874,2.8));
#3094=CARTESIAN_POINT('',(-3.94762424589417,5.03748576307949,0.2));
#3095=CARTESIAN_POINT('',(-3.94762424589417,5.03748576307948,0.199999999999999));
#3096=CARTESIAN_POINT('',(-2.49698723559918,3.12490875790874,2.8));
#3097=CARTESIAN_POINT('',(-2.49698723559918,3.12490875790874,0.2));
#3098=CARTESIAN_POINT('',(-2.49698723559918,3.12490875790874,0.199999999999999));
#3099=CARTESIAN_POINT('',(-2.49698723559918,3.12490875790874,2.8));
#3100=CARTESIAN_POINT('',(-3.12490875790874,2.49698723559918,2.8));
#3101=CARTESIAN_POINT('',(-5.03748576307948,3.94762424589418,0.2));
#3102=CARTESIAN_POINT('',(-5.03748576307948,3.94762424589418,0.2));
#3103=CARTESIAN_POINT('',(-3.12490875790874,2.49698723559918,2.8));
#3104=CARTESIAN_POINT('',(-3.12490875790874,2.49698723559918,2.8));
#3105=CARTESIAN_POINT('',(-3.12490875790874,2.49698723559918,0.199999999999999));
#3106=CARTESIAN_POINT('',(-3.12490875790874,2.49698723559918,0.2));
#3107=CARTESIAN_POINT('',(-3.72490875790874,1.45775675105786,2.8));
#3108=CARTESIAN_POINT('',(-5.93748576307948,2.38877851908219,0.2));
#3109=CARTESIAN_POINT('',(-5.93748576307948,2.38877851908218,0.199999999999999));
#3110=CARTESIAN_POINT('',(-3.72490875790874,1.45775675105786,2.8));
#3111=CARTESIAN_POINT('',(-3.72490875790874,1.45775675105786,0.2));
#3112=CARTESIAN_POINT('',(-3.72490875790874,1.45775675105786,0.199999999999999));
#3113=CARTESIAN_POINT('',(-3.72490875790874,1.45775675105786,2.8));
#3114=CARTESIAN_POINT('',(-3.95474398665704,0.600000000000002,2.8));
#3115=CARTESIAN_POINT('',(-6.33640276497636,0.900000000000002,0.2));
#3116=CARTESIAN_POINT('',(-6.33640276497636,0.900000000000002,0.2));
#3117=CARTESIAN_POINT('',(-3.95474398665704,0.600000000000002,2.8));
#3118=CARTESIAN_POINT('',(-3.95474398665704,0.600000000000002,2.8));
#3119=CARTESIAN_POINT('',(-3.95474398665704,0.600000000000002,0.199999999999999));
#3120=CARTESIAN_POINT('',(-3.95474398665704,0.600000000000002,0.2));
#3121=CARTESIAN_POINT('',(-3.95474398665704,-0.599999999999998,2.8));
#3122=CARTESIAN_POINT('',(-6.33640276497636,-0.899999999999995,0.2));
#3123=CARTESIAN_POINT('',(-6.33640276497636,-0.899999999999996,0.199999999999999));
#3124=CARTESIAN_POINT('',(-3.95474398665704,-0.599999999999998,2.8));
#3125=CARTESIAN_POINT('',(-3.95474398665704,-0.599999999999998,0.2));
#3126=CARTESIAN_POINT('',(-3.95474398665704,-0.599999999999998,0.199999999999999));
#3127=CARTESIAN_POINT('',(-3.95474398665704,-0.599999999999998,2.8));
#3128=CARTESIAN_POINT('',(-3.72490875790874,-1.45775675105785,2.8));
#3129=CARTESIAN_POINT('',(-5.93748576307949,-2.38877851908218,0.2));
#3130=CARTESIAN_POINT('',(-5.93748576307949,-2.38877851908218,0.2));
#3131=CARTESIAN_POINT('',(-3.72490875790874,-1.45775675105785,2.8));
#3132=CARTESIAN_POINT('',(-3.72490875790874,-1.45775675105785,2.8));
#3133=CARTESIAN_POINT('',(-3.72490875790874,-1.45775675105785,0.199999999999999));
#3134=CARTESIAN_POINT('',(-3.72490875790874,-1.45775675105785,0.2));
#3135=CARTESIAN_POINT('',(-3.12490875790875,-2.49698723559918,2.8));
#3136=CARTESIAN_POINT('',(-5.03748576307949,-3.94762424589417,0.2));
#3137=CARTESIAN_POINT('',(-5.03748576307949,-3.94762424589417,0.199999999999999));
#3138=CARTESIAN_POINT('',(-3.12490875790874,-2.49698723559918,2.8));
#3139=CARTESIAN_POINT('',(-3.12490875790875,-2.49698723559918,0.2));
#3140=CARTESIAN_POINT('',(-3.12490875790874,-2.49698723559918,0.199999999999999));
#3141=CARTESIAN_POINT('',(-3.12490875790875,-2.49698723559918,2.8));
#3142=CARTESIAN_POINT('',(-2.49698723559919,-3.12490875790874,2.8));
#3143=CARTESIAN_POINT('',(-3.94762424589418,-5.03748576307948,0.2));
#3144=CARTESIAN_POINT('',(-3.94762424589418,-5.03748576307948,0.2));
#3145=CARTESIAN_POINT('',(-2.49698723559919,-3.12490875790874,2.8));
#3146=CARTESIAN_POINT('',(-2.49698723559919,-3.12490875790874,2.8));
#3147=CARTESIAN_POINT('',(-2.49698723559919,-3.12490875790874,0.199999999999999));
#3148=CARTESIAN_POINT('',(-2.49698723559919,-3.12490875790874,0.2));
#3149=CARTESIAN_POINT('',(-1.45775675105786,-3.72490875790874,2.8));
#3150=CARTESIAN_POINT('',(-2.38877851908219,-5.93748576307948,0.2));
#3151=CARTESIAN_POINT('',(-2.38877851908219,-5.93748576307948,0.199999999999999));
#3152=CARTESIAN_POINT('',(-1.45775675105786,-3.72490875790874,2.8));
#3153=CARTESIAN_POINT('',(-1.45775675105786,-3.72490875790874,0.2));
#3154=CARTESIAN_POINT('',(-1.45775675105786,-3.72490875790874,0.199999999999999));
#3155=CARTESIAN_POINT('',(-1.45775675105786,-3.72490875790874,2.8));
#3156=CARTESIAN_POINT('',(-0.600000000000004,-3.95474398665704,2.8));
#3157=CARTESIAN_POINT('',(-0.900000000000006,-6.33640276497636,0.2));
#3158=CARTESIAN_POINT('',(-0.900000000000006,-6.33640276497636,0.2));
#3159=CARTESIAN_POINT('',(-0.600000000000004,-3.95474398665704,2.8));
#3160=CARTESIAN_POINT('',(-0.600000000000004,-3.95474398665704,2.8));
#3161=CARTESIAN_POINT('',(-0.600000000000004,-3.95474398665704,0.199999999999999));
#3162=CARTESIAN_POINT('',(-0.600000000000004,-3.95474398665704,0.2));
#3163=CARTESIAN_POINT('',(0.599999999999996,-3.95474398665704,2.8));
#3164=CARTESIAN_POINT('',(0.899999999999993,-6.33640276497636,0.2));
#3165=CARTESIAN_POINT('',(0.899999999999992,-6.33640276497636,0.199999999999999));
#3166=CARTESIAN_POINT('',(0.599999999999996,-3.95474398665704,2.8));
#3167=CARTESIAN_POINT('',(0.599999999999996,-3.95474398665704,0.2));
#3168=CARTESIAN_POINT('',(0.599999999999996,-3.95474398665704,0.199999999999999));
#3169=CARTESIAN_POINT('',(0.599999999999996,-3.95474398665704,2.8));
#3170=CARTESIAN_POINT('',(1.45775675105785,-3.72490875790874,2.8));
#3171=CARTESIAN_POINT('',(2.38877851908218,-5.93748576307949,0.2));
#3172=CARTESIAN_POINT('',(2.38877851908218,-5.93748576307949,0.2));
#3173=CARTESIAN_POINT('',(1.45775675105785,-3.72490875790874,2.8));
#3174=CARTESIAN_POINT('',(1.45775675105785,-3.72490875790874,2.8));
#3175=CARTESIAN_POINT('',(1.45775675105785,-3.72490875790874,0.199999999999999));
#3176=CARTESIAN_POINT('',(1.45775675105785,-3.72490875790874,0.2));
#3177=CARTESIAN_POINT('',(2.49698723559918,-3.12490875790874,2.8));
#3178=CARTESIAN_POINT('',(3.94762424589417,-5.03748576307949,0.2));
#3179=CARTESIAN_POINT('',(3.94762424589417,-5.03748576307948,0.199999999999999));
#3180=CARTESIAN_POINT('',(2.49698723559918,-3.12490875790874,2.8));
#3181=CARTESIAN_POINT('',(2.49698723559918,-3.12490875790874,0.2));
#3182=CARTESIAN_POINT('',(2.49698723559918,-3.12490875790874,0.199999999999999));
#3183=CARTESIAN_POINT('',(2.49698723559918,-3.12490875790874,2.8));
#3184=CARTESIAN_POINT('',(0.,0.,54.));
#3185=CARTESIAN_POINT('',(0.,0.,0.));
#3186=CARTESIAN_POINT('',(4.8,0.,0.));
#3187=CARTESIAN_POINT('',(3.95474398665704,-0.6,2.8));
#3188=CARTESIAN_POINT('',(6.33640276497636,-0.9,0.2));
#3189=CARTESIAN_POINT('',(6.33640276497636,-0.9,0.2));
#3190=CARTESIAN_POINT('',(3.95474398665704,-0.6,2.8));
#3191=CARTESIAN_POINT('',(3.95474398665704,-0.6,2.8));
#3192=CARTESIAN_POINT('',(3.95474398665704,-0.6,0.2));
#3193=CARTESIAN_POINT('',(3.95474398665704,-0.6,0.2));
#3194=CARTESIAN_POINT('',(0.,0.,54.));
#3195=CARTESIAN_POINT('',(3.12490875790874,-2.49698723559918,2.8));
#3196=CARTESIAN_POINT('',(3.12490875790874,-2.49698723559918,2.8));
#3197=CARTESIAN_POINT('',(3.12490875790874,-2.49698723559918,0.199999999999999));
#3198=CARTESIAN_POINT('',(0.,0.,2.8));
#3199=CARTESIAN_POINT('',(0.,0.,0.199999999999999));
#3200=CARTESIAN_POINT('',(0.,0.,54.));
#3201=CARTESIAN_POINT('',(0.,0.,2.8));
#3202=CARTESIAN_POINT('',(0.,0.,0.199999999999999));
#3203=CARTESIAN_POINT('',(0.,0.,54.));
#3204=CARTESIAN_POINT('',(0.,0.,2.8));
#3205=CARTESIAN_POINT('',(0.,0.,0.199999999999999));
#3206=CARTESIAN_POINT('',(0.,0.,54.));
#3207=CARTESIAN_POINT('',(0.,0.,2.8));
#3208=CARTESIAN_POINT('',(0.,0.,0.199999999999999));
#3209=CARTESIAN_POINT('',(0.,0.,54.));
#3210=CARTESIAN_POINT('',(0.,0.,2.8));
#3211=CARTESIAN_POINT('',(0.,0.,0.199999999999999));
#3212=CARTESIAN_POINT('',(0.,0.,54.));
#3213=CARTESIAN_POINT('',(0.,0.,2.8));
#3214=CARTESIAN_POINT('',(0.,0.,0.199999999999999));
#3215=CARTESIAN_POINT('',(0.,0.,54.));
#3216=CARTESIAN_POINT('',(0.,0.,2.8));
#3217=CARTESIAN_POINT('',(0.,0.,0.199999999999999));
#3218=CARTESIAN_POINT('',(0.,0.,54.));
#3219=CARTESIAN_POINT('',(0.,0.,2.8));
#3220=CARTESIAN_POINT('',(0.,0.,0.199999999999999));
#3221=CARTESIAN_POINT('',(0.,0.,54.));
#3222=CARTESIAN_POINT('',(0.,0.,2.8));
#3223=CARTESIAN_POINT('',(0.,0.,0.199999999999999));
#3224=CARTESIAN_POINT('',(0.,0.,54.));
#3225=CARTESIAN_POINT('',(0.,0.,2.8));
#3226=CARTESIAN_POINT('',(0.,0.,0.199999999999999));
#3227=CARTESIAN_POINT('',(0.,0.,54.));
#3228=CARTESIAN_POINT('',(0.,0.,2.8));
#3229=CARTESIAN_POINT('',(0.,0.,0.199999999999999));
#3230=CARTESIAN_POINT('',(1.22705343522118,-2.62299616751328,1.42666209065976));
#3231=CARTESIAN_POINT('',(0.,0.,7.30455643058676));
#3232=CARTESIAN_POINT('',(6.4,0.,1.8));
#3233=CARTESIAN_POINT('',(3.61118277702868,0.,4.19862527788092));
#3234=CARTESIAN_POINT('',(5.23732684355135,-4.01980210214385E-16,2.8));
#3235=CARTESIAN_POINT('',(5.23732684355135,-1.0842021724855E-16,2.8));
#3236=CARTESIAN_POINT('',(1.22705343522118,2.62299616751328,1.42666209065976));
#3237=CARTESIAN_POINT('',(0.,0.,7.30455643058676));
#3238=CARTESIAN_POINT('',(5.23732684355135,1.0842021724855E-16,2.8));
#3239=CARTESIAN_POINT('',(6.4,0.,0.2));
#3240=CARTESIAN_POINT('',(0.,0.,0.199999999999999));
#3241=CARTESIAN_POINT('',(2.37415753045914,-1.65805459748513,1.42666209065976));
#3242=CARTESIAN_POINT('',(0.,0.,7.30455643058676));
#3243=CARTESIAN_POINT('',(5.54256258422041,3.2,1.8));
#3244=CARTESIAN_POINT('',(3.12737602261567,1.80559138851434,4.19862527788092));
#3245=CARTESIAN_POINT('',(4.53565809443764,2.61866342177568,2.8));
#3246=CARTESIAN_POINT('',(4.53565809443764,2.61866342177568,2.8));
#3247=CARTESIAN_POINT('',(-0.248838637054133,2.88510803270631,1.42666209065976));
#3248=CARTESIAN_POINT('',(0.,0.,7.30455643058676));
#3249=CARTESIAN_POINT('',(4.53565809443764,2.61866342177568,2.8));
#3250=CARTESIAN_POINT('',(6.4,0.,0.2));
#3251=CARTESIAN_POINT('',(0.,0.,0.199999999999999));
#3252=CARTESIAN_POINT('',(2.88510803270631,-0.248838637054133,1.42666209065976));
#3253=CARTESIAN_POINT('',(0.,0.,7.30455643058676));
#3254=CARTESIAN_POINT('',(3.2,5.54256258422041,1.8));
#3255=CARTESIAN_POINT('',(1.80559138851434,3.12737602261567,4.19862527788092));
#3256=CARTESIAN_POINT('',(2.61866342177568,4.53565809443764,2.8));
#3257=CARTESIAN_POINT('',(2.61866342177568,4.53565809443764,2.8));
#3258=CARTESIAN_POINT('',(-1.65805459748513,2.37415753045914,1.42666209065976));
#3259=CARTESIAN_POINT('',(0.,0.,7.30455643058676));
#3260=CARTESIAN_POINT('',(2.61866342177568,4.53565809443764,2.8));
#3261=CARTESIAN_POINT('',(6.4,0.,0.2));
#3262=CARTESIAN_POINT('',(0.,0.,0.199999999999999));
#3263=CARTESIAN_POINT('',(2.62299616751328,1.22705343522118,1.42666209065976));
#3264=CARTESIAN_POINT('',(0.,0.,7.30455643058676));
#3265=CARTESIAN_POINT('',(1.62181879846671E-15,6.4,1.8));
#3266=CARTESIAN_POINT('',(8.67361737988404E-16,3.61118277702868,4.19862527788092));
#3267=CARTESIAN_POINT('',(1.56602139902972E-15,5.23732684355135,2.8));
#3268=CARTESIAN_POINT('',(4.33680868994202E-16,5.23732684355135,2.8));
#3269=CARTESIAN_POINT('',(-2.62299616751328,1.22705343522118,1.42666209065976));
#3270=CARTESIAN_POINT('',(0.,0.,7.30455643058676));
#3271=CARTESIAN_POINT('',(2.53354702618941E-15,5.23732684355135,2.8));
#3272=CARTESIAN_POINT('',(6.4,0.,0.2));
#3273=CARTESIAN_POINT('',(0.,0.,0.199999999999999));
#3274=CARTESIAN_POINT('',(1.65805459748513,2.37415753045914,1.42666209065976));
#3275=CARTESIAN_POINT('',(0.,0.,7.30455643058676));
#3276=CARTESIAN_POINT('',(-3.2,5.54256258422041,1.8));
#3277=CARTESIAN_POINT('',(-1.80559138851434,3.12737602261567,4.19862527788092));
#3278=CARTESIAN_POINT('',(-2.61866342177568,4.53565809443764,2.8));
#3279=CARTESIAN_POINT('',(-2.61866342177568,4.53565809443764,2.8));
#3280=CARTESIAN_POINT('',(-2.88510803270631,-0.248838637054132,1.42666209065976));
#3281=CARTESIAN_POINT('',(0.,0.,7.30455643058676));
#3282=CARTESIAN_POINT('',(-2.61866342177567,4.53565809443764,2.8));
#3283=CARTESIAN_POINT('',(6.4,0.,0.2));
#3284=CARTESIAN_POINT('',(0.,0.,0.199999999999999));
#3285=CARTESIAN_POINT('',(0.248838637054134,2.88510803270631,1.42666209065976));
#3286=CARTESIAN_POINT('',(0.,0.,7.30455643058676));
#3287=CARTESIAN_POINT('',(-5.5425625842204,3.2,1.8));
#3288=CARTESIAN_POINT('',(-3.12737602261567,1.80559138851434,4.19862527788092));
#3289=CARTESIAN_POINT('',(-4.53565809443764,2.61866342177568,2.8));
#3290=CARTESIAN_POINT('',(-4.53565809443764,2.61866342177568,2.8));
#3291=CARTESIAN_POINT('',(-2.37415753045914,-1.65805459748513,1.42666209065976));
#3292=CARTESIAN_POINT('',(0.,0.,7.30455643058676));
#3293=CARTESIAN_POINT('',(-4.53565809443764,2.61866342177568,2.8));
#3294=CARTESIAN_POINT('',(6.4,0.,0.2));
#3295=CARTESIAN_POINT('',(0.,0.,0.199999999999999));
#3296=CARTESIAN_POINT('',(-1.22705343522118,2.62299616751328,1.42666209065976));
#3297=CARTESIAN_POINT('',(0.,0.,7.30455643058676));
#3298=CARTESIAN_POINT('',(-6.4,3.60994945257275E-15,1.8));
#3299=CARTESIAN_POINT('',(-3.61118277702868,2.16840434497101E-15,4.19862527788092));
#3300=CARTESIAN_POINT('',(-5.23732684355135,2.82803276245606E-15,2.8));
#3301=CARTESIAN_POINT('',(-5.23732684355135,1.95156391047391E-15,2.8));
#3302=CARTESIAN_POINT('',(-1.22705343522118,-2.62299616751328,1.42666209065976));
#3303=CARTESIAN_POINT('',(0.,0.,7.30455643058676));
#3304=CARTESIAN_POINT('',(-5.23732684355135,3.98289187989331E-15,2.8));
#3305=CARTESIAN_POINT('',(6.4,0.,0.2));
#3306=CARTESIAN_POINT('',(0.,0.,0.199999999999999));
#3307=CARTESIAN_POINT('',(-2.37415753045914,1.65805459748513,1.42666209065976));
#3308=CARTESIAN_POINT('',(0.,0.,7.30455643058676));
#3309=CARTESIAN_POINT('',(-5.54256258422041,-3.19999999999999,1.8));
#3310=CARTESIAN_POINT('',(-3.12737602261567,-1.80559138851434,4.19862527788092));
#3311=CARTESIAN_POINT('',(-4.53565809443764,-2.61866342177567,2.8));
#3312=CARTESIAN_POINT('',(-4.53565809443764,-2.61866342177567,2.8));
#3313=CARTESIAN_POINT('',(0.248838637054129,-2.88510803270631,1.42666209065976));
#3314=CARTESIAN_POINT('',(0.,0.,7.30455643058676));
#3315=CARTESIAN_POINT('',(-4.53565809443765,-2.61866342177567,2.8));
#3316=CARTESIAN_POINT('',(6.4,0.,0.2));
#3317=CARTESIAN_POINT('',(0.,0.,0.199999999999999));
#3318=CARTESIAN_POINT('',(-2.88510803270631,0.248838637054137,1.42666209065976));
#3319=CARTESIAN_POINT('',(0.,0.,7.30455643058676));
#3320=CARTESIAN_POINT('',(-3.20000000000001,-5.5425625842204,1.8));
#3321=CARTESIAN_POINT('',(-1.80559138851434,-3.12737602261567,4.19862527788092));
#3322=CARTESIAN_POINT('',(-2.61866342177568,-4.53565809443764,2.8));
#3323=CARTESIAN_POINT('',(-2.61866342177568,-4.53565809443764,2.8));
#3324=CARTESIAN_POINT('',(1.65805459748513,-2.37415753045915,1.42666209065976));
#3325=CARTESIAN_POINT('',(0.,0.,7.30455643058676));
#3326=CARTESIAN_POINT('',(-2.61866342177568,-4.53565809443764,2.8));
#3327=CARTESIAN_POINT('',(6.4,0.,0.2));
#3328=CARTESIAN_POINT('',(0.,0.,0.199999999999999));
#3329=CARTESIAN_POINT('',(-2.62299616751328,-1.22705343522118,1.42666209065976));
#3330=CARTESIAN_POINT('',(0.,0.,7.30455643058676));
#3331=CARTESIAN_POINT('',(-6.92095606286104E-15,-6.4,1.8));
#3332=CARTESIAN_POINT('',(-3.90312782094782E-15,-3.61118277702868,4.19862527788092));
#3333=CARTESIAN_POINT('',(-5.6943162700645E-15,-5.23732684355135,2.8));
#3334=CARTESIAN_POINT('',(-5.20417042793042E-15,-5.23732684355135,2.8));
#3335=CARTESIAN_POINT('',(2.62299616751328,-1.22705343522118,1.42666209065976));
#3336=CARTESIAN_POINT('',(0.,0.,7.30455643058676));
#3337=CARTESIAN_POINT('',(-6.02335359729965E-15,-5.23732684355135,2.8));
#3338=CARTESIAN_POINT('',(6.4,0.,0.2));
#3339=CARTESIAN_POINT('',(0.,0.,0.199999999999999));
#3340=CARTESIAN_POINT('',(-1.65805459748513,-2.37415753045914,1.42666209065976));
#3341=CARTESIAN_POINT('',(0.,0.,7.30455643058676));
#3342=CARTESIAN_POINT('',(3.2,-5.54256258422041,1.8));
#3343=CARTESIAN_POINT('',(1.80559138851434,-3.12737602261567,4.19862527788092));
#3344=CARTESIAN_POINT('',(2.61866342177567,-4.53565809443764,2.8));
#3345=CARTESIAN_POINT('',(2.61866342177567,-4.53565809443764,2.8));
#3346=CARTESIAN_POINT('',(2.88510803270631,0.248838637054131,1.42666209065976));
#3347=CARTESIAN_POINT('',(0.,0.,7.30455643058676));
#3348=CARTESIAN_POINT('',(2.61866342177567,-4.53565809443764,2.8));
#3349=CARTESIAN_POINT('',(6.4,0.,0.2));
#3350=CARTESIAN_POINT('',(3.12490875790874,-2.49698723559918,0.2));
#3351=CARTESIAN_POINT('',(5.03748576307948,-3.94762424589418,0.2));
#3352=CARTESIAN_POINT('',(0.,0.,0.199999999999999));
#3353=CARTESIAN_POINT('',(0.,0.,54.));
#3354=CARTESIAN_POINT('',(0.,0.,2.8));
#3355=CARTESIAN_POINT('',(3.72490875790874,-1.45775675105786,2.8));
#3356=CARTESIAN_POINT('',(3.72490875790874,-1.45775675105786,0.199999999999999));
#3357=CARTESIAN_POINT('',(0.,0.,0.199999999999999));
#3358=CARTESIAN_POINT('',(6.4,0.,0.2));
#3359=CARTESIAN_POINT('',(3.72490875790874,-1.45775675105786,0.2));
#3360=CARTESIAN_POINT('',(0.,0.,0.199999999999999));
#3361=CARTESIAN_POINT('',(3.72490875790874,-1.45775675105786,2.8));
#3362=CARTESIAN_POINT('',(4.8,0.,0.));
#3363=CARTESIAN_POINT('',(0.,0.,0.));
#3364=CARTESIAN_POINT('',(6.4,0.,0.));
#3365=CARTESIAN_POINT('',(3.12490875790874,-2.49698723559918,2.8));
#3366=CARTESIAN_POINT('',(5.03748576307948,-3.94762424589418,0.2));
#3367=CARTESIAN_POINT('',(-3.52365706057789E-16,0.,2.8));
#3368=CARTESIAN_POINT('',(8.79453008151481E-15,-1.71590899746422E-15,2.8));
#3369=CARTESIAN_POINT('',(0.395808545911566,2.36713658139605,2.8));
#3370=CARTESIAN_POINT('',(0.83478260869566,2.25014177247108,2.8));
#3371=CARTESIAN_POINT('',(0.800000000000008,2.15638586528478,2.8));
#3372=CARTESIAN_POINT('',(0.900000000000008,2.15638586528478,2.8));
#3373=CARTESIAN_POINT('',(0.900000000000009,0.9,2.8));
#3374=CARTESIAN_POINT('',(0.900000000000008,1.4,2.8));
#3375=CARTESIAN_POINT('',(1.40000000000001,1.4,2.8));
#3376=CARTESIAN_POINT('',(1.40000000000001,0.900000000000002,2.8));
#3377=CARTESIAN_POINT('',(0.900000000000008,0.900000000000001,2.8));
#3378=CARTESIAN_POINT('',(2.15638586528479,0.900000000000002,2.8));
#3379=CARTESIAN_POINT('',(2.15638586528479,0.800000000000002,2.8));
#3380=CARTESIAN_POINT('',(2.25014177247108,0.834782608695655,2.8));
#3381=CARTESIAN_POINT('',(8.79453008151481E-15,-1.71590899746422E-15,2.8));
#3382=CARTESIAN_POINT('',(2.36643191323986,0.399999999999981,2.8));
#3383=CARTESIAN_POINT('',(3.57770876399967,0.399999999999976,2.8));
#3384=CARTESIAN_POINT('',(2.36643191323985,-0.400000000000001,2.8));
#3385=CARTESIAN_POINT('',(2.36643191323985,-0.400000000000001,2.8));
#3386=CARTESIAN_POINT('',(8.79453008151481E-15,-1.71590899746422E-15,2.8));
#3387=CARTESIAN_POINT('',(2.25014177247109,-0.834782608695652,2.8));
#3388=CARTESIAN_POINT('',(2.15638586528479,-0.8,2.8));
#3389=CARTESIAN_POINT('',(2.15638586528479,-0.9,2.8));
#3390=CARTESIAN_POINT('',(2.22485954612871,-0.9,2.8));
#3391=CARTESIAN_POINT('',(1.40000000000001,-0.900000000000001,2.8));
#3392=CARTESIAN_POINT('',(1.40000000000001,-1.4,2.8));
#3393=CARTESIAN_POINT('',(0.90000000000001,-1.4,2.8));
#3394=CARTESIAN_POINT('',(0.900000000000011,-2.2248595461287,2.8));
#3395=CARTESIAN_POINT('',(0.900000000000011,-2.15638586528478,2.8));
#3396=CARTESIAN_POINT('',(0.800000000000011,-2.15638586528478,2.8));
#3397=CARTESIAN_POINT('',(0.834782608695663,-2.25014177247108,2.8));
#3398=CARTESIAN_POINT('',(8.79453008151481E-15,-1.71590899746422E-15,2.8));
#3399=CARTESIAN_POINT('',(0.395808545911567,-2.36713658139605,2.8));
#3400=CARTESIAN_POINT('',(0.395808545911566,-3.57817489720435,2.8));
#3401=CARTESIAN_POINT('',(-0.399999999999995,-2.36643191323985,2.8));
#3402=CARTESIAN_POINT('',(-0.399999999999995,-2.36643191323985,2.8));
#3403=CARTESIAN_POINT('',(8.79453008151481E-15,-1.71590899746422E-15,2.8));
#3404=CARTESIAN_POINT('',(-0.834782608695642,-2.25014177247108,2.8));
#3405=CARTESIAN_POINT('',(-0.79999999999999,-2.15638586528478,2.8));
#3406=CARTESIAN_POINT('',(-0.89999999999999,-2.15638586528478,2.8));
#3407=CARTESIAN_POINT('',(-0.89999999999999,-0.900000000000003,2.8));
#3408=CARTESIAN_POINT('',(-0.89999999999999,-1.4,2.8));
#3409=CARTESIAN_POINT('',(-1.39999999999999,-1.4,2.8));
#3410=CARTESIAN_POINT('',(-1.39999999999999,-0.900000000000003,2.8));
#3411=CARTESIAN_POINT('',(-0.89999999999999,-0.900000000000003,2.8));
#3412=CARTESIAN_POINT('',(-2.15638586528477,-0.900000000000004,2.8));
#3413=CARTESIAN_POINT('',(-2.15638586528477,-0.800000000000004,2.8));
#3414=CARTESIAN_POINT('',(-2.25014177247107,-0.834782608695656,2.8));
#3415=CARTESIAN_POINT('',(8.79453008151481E-15,-1.71590899746422E-15,2.8));
#3416=CARTESIAN_POINT('',(-2.36643191323984,-0.400000000000003,2.8));
#3417=CARTESIAN_POINT('',(-2.36643191323984,-0.400000000000003,2.8));
#3418=CARTESIAN_POINT('',(-3.57770876399966,0.400000000000005,2.8));
#3419=CARTESIAN_POINT('',(-2.36643191323984,0.399999999999999,2.8));
#3420=CARTESIAN_POINT('',(8.79453008151481E-15,-1.71590899746422E-15,2.8));
#3421=CARTESIAN_POINT('',(-2.25014177247107,0.834782608695649,2.8));
#3422=CARTESIAN_POINT('',(-2.15638586528477,0.799999999999997,2.8));
#3423=CARTESIAN_POINT('',(-2.15638586528477,0.899999999999997,2.8));
#3424=CARTESIAN_POINT('',(-2.22485954612869,0.899999999999997,2.8));
#3425=CARTESIAN_POINT('',(-1.39999999999999,0.899999999999998,2.8));
#3426=CARTESIAN_POINT('',(-1.39999999999999,1.4,2.8));
#3427=CARTESIAN_POINT('',(-0.899999999999991,1.4,2.8));
#3428=CARTESIAN_POINT('',(-0.899999999999991,2.2248595461287,2.8));
#3429=CARTESIAN_POINT('',(-0.899999999999991,2.15638586528478,2.8));
#3430=CARTESIAN_POINT('',(-0.799999999999991,2.15638586528478,2.8));
#3431=CARTESIAN_POINT('',(-0.834782608695643,2.25014177247108,2.8));
#3432=CARTESIAN_POINT('',(8.79453008151481E-15,-1.71590899746422E-15,2.8));
#3433=CARTESIAN_POINT('',(-0.399999999999995,2.36643191323984,2.8));
#3434=CARTESIAN_POINT('',(-0.399999999999995,3.57770876399966,2.8));
#3435=CARTESIAN_POINT('',(0.395808545911566,3.57817489720435,2.8));
#3436=CARTESIAN_POINT('',(4.53565809443764,-2.61866342177568,2.8));
#3437=CARTESIAN_POINT('',(0.,0.,54.));
#3438=CARTESIAN_POINT('',(0.,0.,7.30455643058676));
#3439=CARTESIAN_POINT('',(-0.248838637054135,-2.88510803270631,1.42666209065976));
#3440=CARTESIAN_POINT('',(-3.57770876399966,0.400000000000005,-27.2));
#3441=CARTESIAN_POINT('',(-2.36643191323984,0.399999999999999,-27.2));
#3442=CARTESIAN_POINT('',(8.79453008151481E-15,-1.71590899746422E-15,-27.2));
#3443=CARTESIAN_POINT('',(-2.25014177247107,0.834782608695649,-27.2));
#3444=CARTESIAN_POINT('',(-2.22485954612869,0.899999999999997,-27.2));
#3445=CARTESIAN_POINT('',(-2.15638586528477,0.899999999999997,0.));
#3446=CARTESIAN_POINT('',(-1.39999999999999,0.899999999999998,-27.2));
#3447=CARTESIAN_POINT('',(-0.899999999999991,2.2248595461287,-27.2));
#3448=CARTESIAN_POINT('',(-0.899999999999991,2.15638586528478,2.8));
#3449=CARTESIAN_POINT('',(-0.899999999999991,1.4,-27.2));
#3450=CARTESIAN_POINT('',(8.79453008151481E-15,-1.71590899746422E-15,-27.2));
#3451=CARTESIAN_POINT('',(-0.834782608695643,2.25014177247108,-27.2));
#3452=CARTESIAN_POINT('',(-0.399999999999995,2.36643191323984,-27.2));
#3453=CARTESIAN_POINT('',(-0.399999999999995,3.57770876399966,-27.2));
#3454=CARTESIAN_POINT('',(0.395808545911566,3.57817489720435,-27.2));
#3455=CARTESIAN_POINT('',(0.395808545911566,2.36713658139605,-27.2));
#3456=CARTESIAN_POINT('',(8.79453008151481E-15,-1.71590899746422E-15,-27.2));
#3457=CARTESIAN_POINT('',(0.83478260869566,2.25014177247108,-27.2));
#3458=CARTESIAN_POINT('',(0.900000000000009,0.9,-27.2));
#3459=CARTESIAN_POINT('',(0.900000000000008,2.15638586528478,0.));
#3460=CARTESIAN_POINT('',(0.900000000000008,1.4,-27.2));
#3461=CARTESIAN_POINT('',(0.900000000000008,0.900000000000001,-27.2));
#3462=CARTESIAN_POINT('',(2.15638586528479,0.900000000000002,2.8));
#3463=CARTESIAN_POINT('',(1.40000000000001,0.900000000000002,-27.2));
#3464=CARTESIAN_POINT('',(8.79453008151481E-15,-1.71590899746422E-15,-27.2));
#3465=CARTESIAN_POINT('',(2.25014177247108,0.834782608695655,-27.2));
#3466=CARTESIAN_POINT('',(2.36643191323986,0.399999999999981,-27.2));
#3467=CARTESIAN_POINT('',(3.57770876399967,0.399999999999976,-27.2));
#3468=CARTESIAN_POINT('',(2.36643191323985,-0.400000000000001,-27.2));
#3469=CARTESIAN_POINT('',(2.36643191323985,-0.400000000000001,-27.2));
#3470=CARTESIAN_POINT('',(8.79453008151481E-15,-1.71590899746422E-15,-27.2));
#3471=CARTESIAN_POINT('',(2.25014177247109,-0.834782608695652,-27.2));
#3472=CARTESIAN_POINT('',(2.22485954612871,-0.9,-27.2));
#3473=CARTESIAN_POINT('',(2.15638586528479,-0.9,0.));
#3474=CARTESIAN_POINT('',(1.40000000000001,-0.900000000000001,-27.2));
#3475=CARTESIAN_POINT('',(0.900000000000011,-2.2248595461287,-27.2));
#3476=CARTESIAN_POINT('',(0.900000000000011,-2.15638586528478,2.8));
#3477=CARTESIAN_POINT('',(0.90000000000001,-1.4,-27.2));
#3478=CARTESIAN_POINT('',(8.79453008151481E-15,-1.71590899746422E-15,-27.2));
#3479=CARTESIAN_POINT('',(0.834782608695663,-2.25014177247108,-27.2));
#3480=CARTESIAN_POINT('',(0.395808545911567,-2.36713658139605,-27.2));
#3481=CARTESIAN_POINT('',(0.395808545911566,-3.57817489720435,-27.2));
#3482=CARTESIAN_POINT('',(-0.399999999999995,-2.36643191323985,-27.2));
#3483=CARTESIAN_POINT('',(-0.399999999999995,-2.36643191323985,-27.2));
#3484=CARTESIAN_POINT('',(8.79453008151481E-15,-1.71590899746422E-15,-27.2));
#3485=CARTESIAN_POINT('',(-0.834782608695642,-2.25014177247108,-27.2));
#3486=CARTESIAN_POINT('',(-0.89999999999999,-0.900000000000003,-27.2));
#3487=CARTESIAN_POINT('',(-0.89999999999999,-2.15638586528478,0.));
#3488=CARTESIAN_POINT('',(-0.89999999999999,-1.4,-27.2));
#3489=CARTESIAN_POINT('',(-0.89999999999999,-0.900000000000003,-27.2));
#3490=CARTESIAN_POINT('',(-2.15638586528477,-0.900000000000004,2.8));
#3491=CARTESIAN_POINT('',(-1.39999999999999,-0.900000000000003,-27.2));
#3492=CARTESIAN_POINT('',(8.79453008151481E-15,-1.71590899746422E-15,-27.2));
#3493=CARTESIAN_POINT('',(-2.25014177247107,-0.834782608695656,-27.2));
#3494=CARTESIAN_POINT('',(-2.36643191323984,-0.400000000000003,-27.2));
#3495=CARTESIAN_POINT('',(-2.36643191323984,-0.400000000000003,-27.2));
#3496=CARTESIAN_POINT('',(-1.39999999999999,1.4,-27.2));
#3497=CARTESIAN_POINT('',(-1.39999999999999,-1.4,-27.2));
#3498=CARTESIAN_POINT('',(1.40000000000001,-1.4,-27.2));
#3499=CARTESIAN_POINT('',(1.40000000000001,1.4,-27.2));
#3500=CARTESIAN_POINT('',(-0.79999999999999,-2.15638586528478,-27.2));
#3501=CARTESIAN_POINT('',(-2.15638586528477,-0.800000000000004,-27.2));
#3502=CARTESIAN_POINT('',(-2.15638586528477,0.799999999999997,-27.2));
#3503=CARTESIAN_POINT('',(-0.799999999999991,2.15638586528478,-27.2));
#3504=CARTESIAN_POINT('',(0.800000000000008,2.15638586528478,-27.2));
#3505=CARTESIAN_POINT('',(2.15638586528479,0.800000000000002,-27.2));
#3506=CARTESIAN_POINT('',(2.15638586528479,-0.8,-27.2));
#3507=CARTESIAN_POINT('',(0.800000000000011,-2.15638586528478,-27.2));
#3508=MECHANICAL_DESIGN_GEOMETRIC_PRESENTATION_REPRESENTATION('',(#2033),
#3509);
#3509=(
GEOMETRIC_REPRESENTATION_CONTEXT(3)
GLOBAL_UNCERTAINTY_ASSIGNED_CONTEXT((#3510))
GLOBAL_UNIT_ASSIGNED_CONTEXT((#3513,#3512,#3511))
REPRESENTATION_CONTEXT('Sand_4565452_AVV','TOP_LEVEL_ASSEMBLY_PART')
);
#3510=UNCERTAINTY_MEASURE_WITH_UNIT(LENGTH_MEASURE(0.005),#3513,
'DISTANCE_ACCURACY_VALUE','Maximum Tolerance applied to model');
#3511=(
NAMED_UNIT(*)
SI_UNIT($,.STERADIAN.)
SOLID_ANGLE_UNIT()
);
#3512=(
NAMED_UNIT(*)
PLANE_ANGLE_UNIT()
SI_UNIT($,.RADIAN.)
);
#3513=(
LENGTH_UNIT()
NAMED_UNIT(*)
SI_UNIT(.MILLI.,.METRE.)
);
#3514=PRODUCT_DEFINITION_SHAPE('','',#3515);
#3515=PRODUCT_DEFINITION('','',#3517,#3516);
#3516=PRODUCT_DEFINITION_CONTEXT('',#3523,'design');
#3517=PRODUCT_DEFINITION_FORMATION_WITH_SPECIFIED_SOURCE('','',#3519,
 .NOT_KNOWN.);
#3518=PRODUCT_RELATED_PRODUCT_CATEGORY('','',(#3519));
#3519=PRODUCT('Sand_4565452_AVV','Sand_4565452_AVV','Sand_4565452_AVV',
(#3521));
#3520=PRODUCT_CATEGORY('','');
#3521=PRODUCT_CONTEXT('',#3523,'mechanical');
#3522=APPLICATION_PROTOCOL_DEFINITION('international standard',
'automotive_design',2010,#3523);
#3523=APPLICATION_CONTEXT(
'core data for automotive mechanical design processes');
ENDSEC;
END-ISO-10303-21;
