ISO-10303-21;
HEADER;
/* Generated by software containing ST-Developer
 * from STEP Tools, Inc. (www.steptools.com) 
 */
/* OPTION: strings as raw bytes, not using required /X/ escapes */

FILE_DESCRIPTION(
/* description */ ('Unknown'),
/* implementation_level */ '2;1');

FILE_NAME(
/* name */ 'Chain4',
/* time_stamp */ '2025-07-22T13:54:49+02:00',
/* author */ ('Unknown'),
/* organization */ ('Unknown'),
/* preprocessor_version */ 'ST-DEVELOPER v19.4',
/* originating_system */ 'Solid Edge',
/* authorisation */ 'Unknown');

FILE_SCHEMA (('AUTOMOTIVE_DESIGN {1 0 10303 214 3 1 1}'));
ENDSEC;

DATA;
#10=PROPERTY_DEFINITION_REPRESENTATION(#14,#12);
#11=PROPERTY_DEFINITION_REPRESENTATION(#15,#13);
#12=REPRESENTATION('',(#16),#4489);
#13=REPRESENTATION('',(#17),#4489);
#14=PROPERTY_DEFINITION('pmi validation property','',#4496);
#15=PROPERTY_DEFINITION('pmi validation property','',#4496);
#16=VALUE_REPRESENTATION_ITEM('number of annotations',COUNT_MEASURE(0.));
#17=VALUE_REPRESENTATION_ITEM('number of views',COUNT_MEASURE(0.));
#18=CONTEXT_DEPENDENT_SHAPE_REPRESENTATION(#86,#4498);
#19=CONTEXT_DEPENDENT_SHAPE_REPRESENTATION(#87,#4499);
#20=CONTEXT_DEPENDENT_SHAPE_REPRESENTATION(#88,#4500);
#21=CONTEXT_DEPENDENT_SHAPE_REPRESENTATION(#89,#4501);
#22=CONTEXT_DEPENDENT_SHAPE_REPRESENTATION(#90,#4502);
#23=CONTEXT_DEPENDENT_SHAPE_REPRESENTATION(#91,#4503);
#24=CONTEXT_DEPENDENT_SHAPE_REPRESENTATION(#92,#4504);
#25=CONTEXT_DEPENDENT_SHAPE_REPRESENTATION(#93,#4505);
#26=CONTEXT_DEPENDENT_SHAPE_REPRESENTATION(#94,#4506);
#27=CONTEXT_DEPENDENT_SHAPE_REPRESENTATION(#95,#4507);
#28=CONTEXT_DEPENDENT_SHAPE_REPRESENTATION(#96,#4508);
#29=CONTEXT_DEPENDENT_SHAPE_REPRESENTATION(#97,#4509);
#30=CONTEXT_DEPENDENT_SHAPE_REPRESENTATION(#98,#4510);
#31=CONTEXT_DEPENDENT_SHAPE_REPRESENTATION(#99,#4511);
#32=CONTEXT_DEPENDENT_SHAPE_REPRESENTATION(#100,#4512);
#33=CONTEXT_DEPENDENT_SHAPE_REPRESENTATION(#101,#4513);
#34=CONTEXT_DEPENDENT_SHAPE_REPRESENTATION(#102,#4514);
#35=CONTEXT_DEPENDENT_SHAPE_REPRESENTATION(#103,#4515);
#36=CONTEXT_DEPENDENT_SHAPE_REPRESENTATION(#104,#4516);
#37=CONTEXT_DEPENDENT_SHAPE_REPRESENTATION(#105,#4517);
#38=CONTEXT_DEPENDENT_SHAPE_REPRESENTATION(#106,#4518);
#39=CONTEXT_DEPENDENT_SHAPE_REPRESENTATION(#107,#4519);
#40=CONTEXT_DEPENDENT_SHAPE_REPRESENTATION(#108,#4520);
#41=CONTEXT_DEPENDENT_SHAPE_REPRESENTATION(#109,#4521);
#42=CONTEXT_DEPENDENT_SHAPE_REPRESENTATION(#110,#4522);
#43=CONTEXT_DEPENDENT_SHAPE_REPRESENTATION(#111,#4523);
#44=CONTEXT_DEPENDENT_SHAPE_REPRESENTATION(#112,#4524);
#45=CONTEXT_DEPENDENT_SHAPE_REPRESENTATION(#113,#4525);
#46=CONTEXT_DEPENDENT_SHAPE_REPRESENTATION(#114,#4526);
#47=CONTEXT_DEPENDENT_SHAPE_REPRESENTATION(#115,#4527);
#48=CONTEXT_DEPENDENT_SHAPE_REPRESENTATION(#116,#4528);
#49=CONTEXT_DEPENDENT_SHAPE_REPRESENTATION(#117,#4529);
#50=CONTEXT_DEPENDENT_SHAPE_REPRESENTATION(#118,#4530);
#51=CONTEXT_DEPENDENT_SHAPE_REPRESENTATION(#119,#4531);
#52=NEXT_ASSEMBLY_USAGE_OCCURRENCE('Gray_4566742_AVV',
'Gray_4566742_AVV','Gray_4566742_AVV',#4532,#4533,'');
#53=NEXT_ASSEMBLY_USAGE_OCCURRENCE('Gray_4566742_AVV',
'Gray_4566742_AVV','Gray_4566742_AVV',#4532,#4533,'');
#54=NEXT_ASSEMBLY_USAGE_OCCURRENCE('Gray_4566742_AVV',
'Gray_4566742_AVV','Gray_4566742_AVV',#4532,#4533,'');
#55=NEXT_ASSEMBLY_USAGE_OCCURRENCE('Gray_4566742_AVV',
'Gray_4566742_AVV','Gray_4566742_AVV',#4532,#4533,'');
#56=NEXT_ASSEMBLY_USAGE_OCCURRENCE('Gray_4566742_AVV',
'Gray_4566742_AVV','Gray_4566742_AVV',#4532,#4533,'');
#57=NEXT_ASSEMBLY_USAGE_OCCURRENCE('Gray_4566742_AVV',
'Gray_4566742_AVV','Gray_4566742_AVV',#4532,#4533,'');
#58=NEXT_ASSEMBLY_USAGE_OCCURRENCE('Gray_4566742_AVV',
'Gray_4566742_AVV','Gray_4566742_AVV',#4532,#4533,'');
#59=NEXT_ASSEMBLY_USAGE_OCCURRENCE('Gray_4566742_AVV',
'Gray_4566742_AVV','Gray_4566742_AVV',#4532,#4533,'');
#60=NEXT_ASSEMBLY_USAGE_OCCURRENCE('Gray_4566742_AVV',
'Gray_4566742_AVV','Gray_4566742_AVV',#4532,#4533,'');
#61=NEXT_ASSEMBLY_USAGE_OCCURRENCE('Gray_4566742_AVV',
'Gray_4566742_AVV','Gray_4566742_AVV',#4532,#4533,'');
#62=NEXT_ASSEMBLY_USAGE_OCCURRENCE('Gray_4566742_AVV',
'Gray_4566742_AVV','Gray_4566742_AVV',#4532,#4533,'');
#63=NEXT_ASSEMBLY_USAGE_OCCURRENCE('Gray_4566742_AVV',
'Gray_4566742_AVV','Gray_4566742_AVV',#4532,#4533,'');
#64=NEXT_ASSEMBLY_USAGE_OCCURRENCE('Gray_4566742_AVV',
'Gray_4566742_AVV','Gray_4566742_AVV',#4532,#4533,'');
#65=NEXT_ASSEMBLY_USAGE_OCCURRENCE('Gray_4566742_AVV',
'Gray_4566742_AVV','Gray_4566742_AVV',#4532,#4533,'');
#66=NEXT_ASSEMBLY_USAGE_OCCURRENCE('Gray_4566742_AVV',
'Gray_4566742_AVV','Gray_4566742_AVV',#4532,#4533,'');
#67=NEXT_ASSEMBLY_USAGE_OCCURRENCE('Gray_4566742_AVV',
'Gray_4566742_AVV','Gray_4566742_AVV',#4532,#4533,'');
#68=NEXT_ASSEMBLY_USAGE_OCCURRENCE('Gray_4566742_AVV',
'Gray_4566742_AVV','Gray_4566742_AVV',#4532,#4533,'');
#69=NEXT_ASSEMBLY_USAGE_OCCURRENCE('Gray_4566742_AVV',
'Gray_4566742_AVV','Gray_4566742_AVV',#4532,#4533,'');
#70=NEXT_ASSEMBLY_USAGE_OCCURRENCE('Gray_4566742_AVV',
'Gray_4566742_AVV','Gray_4566742_AVV',#4532,#4533,'');
#71=NEXT_ASSEMBLY_USAGE_OCCURRENCE('Gray_4566742_AVV',
'Gray_4566742_AVV','Gray_4566742_AVV',#4532,#4533,'');
#72=NEXT_ASSEMBLY_USAGE_OCCURRENCE('Gray_4566742_AVV',
'Gray_4566742_AVV','Gray_4566742_AVV',#4532,#4533,'');
#73=NEXT_ASSEMBLY_USAGE_OCCURRENCE('Gray_4566742_AVV',
'Gray_4566742_AVV','Gray_4566742_AVV',#4532,#4533,'');
#74=NEXT_ASSEMBLY_USAGE_OCCURRENCE('Gray_4566742_AVV',
'Gray_4566742_AVV','Gray_4566742_AVV',#4532,#4533,'');
#75=NEXT_ASSEMBLY_USAGE_OCCURRENCE('Gray_4566742_AVV',
'Gray_4566742_AVV','Gray_4566742_AVV',#4532,#4533,'');
#76=NEXT_ASSEMBLY_USAGE_OCCURRENCE('Gray_4566742_AVV',
'Gray_4566742_AVV','Gray_4566742_AVV',#4532,#4533,'');
#77=NEXT_ASSEMBLY_USAGE_OCCURRENCE('Gray_4566742_AVV',
'Gray_4566742_AVV','Gray_4566742_AVV',#4532,#4533,'');
#78=NEXT_ASSEMBLY_USAGE_OCCURRENCE('Gray_4566742_AVV',
'Gray_4566742_AVV','Gray_4566742_AVV',#4532,#4533,'');
#79=NEXT_ASSEMBLY_USAGE_OCCURRENCE('Gray_4566742_AVV',
'Gray_4566742_AVV','Gray_4566742_AVV',#4532,#4533,'');
#80=NEXT_ASSEMBLY_USAGE_OCCURRENCE('Gray_4566742_AVV',
'Gray_4566742_AVV','Gray_4566742_AVV',#4532,#4533,'');
#81=NEXT_ASSEMBLY_USAGE_OCCURRENCE('Gray_4566742_AVV',
'Gray_4566742_AVV','Gray_4566742_AVV',#4532,#4533,'');
#82=NEXT_ASSEMBLY_USAGE_OCCURRENCE('Gray_4566742_AVV',
'Gray_4566742_AVV','Gray_4566742_AVV',#4532,#4533,'');
#83=NEXT_ASSEMBLY_USAGE_OCCURRENCE('Gray_4566742_AVV',
'Gray_4566742_AVV','Gray_4566742_AVV',#4532,#4533,'');
#84=NEXT_ASSEMBLY_USAGE_OCCURRENCE('Gray_4566742_AVV',
'Gray_4566742_AVV','Gray_4566742_AVV',#4532,#4533,'');
#85=NEXT_ASSEMBLY_USAGE_OCCURRENCE('Gray_4566742_AVV',
'Gray_4566742_AVV','Gray_4566742_AVV',#4532,#4533,'');
#86=(
REPRESENTATION_RELATIONSHIP(' ',' ',#2699,#2700)
REPRESENTATION_RELATIONSHIP_WITH_TRANSFORMATION(#120)
SHAPE_REPRESENTATION_RELATIONSHIP()
);
#87=(
REPRESENTATION_RELATIONSHIP(' ',' ',#2699,#2700)
REPRESENTATION_RELATIONSHIP_WITH_TRANSFORMATION(#121)
SHAPE_REPRESENTATION_RELATIONSHIP()
);
#88=(
REPRESENTATION_RELATIONSHIP(' ',' ',#2699,#2700)
REPRESENTATION_RELATIONSHIP_WITH_TRANSFORMATION(#122)
SHAPE_REPRESENTATION_RELATIONSHIP()
);
#89=(
REPRESENTATION_RELATIONSHIP(' ',' ',#2699,#2700)
REPRESENTATION_RELATIONSHIP_WITH_TRANSFORMATION(#123)
SHAPE_REPRESENTATION_RELATIONSHIP()
);
#90=(
REPRESENTATION_RELATIONSHIP(' ',' ',#2699,#2700)
REPRESENTATION_RELATIONSHIP_WITH_TRANSFORMATION(#124)
SHAPE_REPRESENTATION_RELATIONSHIP()
);
#91=(
REPRESENTATION_RELATIONSHIP(' ',' ',#2699,#2700)
REPRESENTATION_RELATIONSHIP_WITH_TRANSFORMATION(#125)
SHAPE_REPRESENTATION_RELATIONSHIP()
);
#92=(
REPRESENTATION_RELATIONSHIP(' ',' ',#2699,#2700)
REPRESENTATION_RELATIONSHIP_WITH_TRANSFORMATION(#126)
SHAPE_REPRESENTATION_RELATIONSHIP()
);
#93=(
REPRESENTATION_RELATIONSHIP(' ',' ',#2699,#2700)
REPRESENTATION_RELATIONSHIP_WITH_TRANSFORMATION(#127)
SHAPE_REPRESENTATION_RELATIONSHIP()
);
#94=(
REPRESENTATION_RELATIONSHIP(' ',' ',#2699,#2700)
REPRESENTATION_RELATIONSHIP_WITH_TRANSFORMATION(#128)
SHAPE_REPRESENTATION_RELATIONSHIP()
);
#95=(
REPRESENTATION_RELATIONSHIP(' ',' ',#2699,#2700)
REPRESENTATION_RELATIONSHIP_WITH_TRANSFORMATION(#129)
SHAPE_REPRESENTATION_RELATIONSHIP()
);
#96=(
REPRESENTATION_RELATIONSHIP(' ',' ',#2699,#2700)
REPRESENTATION_RELATIONSHIP_WITH_TRANSFORMATION(#130)
SHAPE_REPRESENTATION_RELATIONSHIP()
);
#97=(
REPRESENTATION_RELATIONSHIP(' ',' ',#2699,#2700)
REPRESENTATION_RELATIONSHIP_WITH_TRANSFORMATION(#131)
SHAPE_REPRESENTATION_RELATIONSHIP()
);
#98=(
REPRESENTATION_RELATIONSHIP(' ',' ',#2699,#2700)
REPRESENTATION_RELATIONSHIP_WITH_TRANSFORMATION(#132)
SHAPE_REPRESENTATION_RELATIONSHIP()
);
#99=(
REPRESENTATION_RELATIONSHIP(' ',' ',#2699,#2700)
REPRESENTATION_RELATIONSHIP_WITH_TRANSFORMATION(#133)
SHAPE_REPRESENTATION_RELATIONSHIP()
);
#100=(
REPRESENTATION_RELATIONSHIP(' ',' ',#2699,#2700)
REPRESENTATION_RELATIONSHIP_WITH_TRANSFORMATION(#134)
SHAPE_REPRESENTATION_RELATIONSHIP()
);
#101=(
REPRESENTATION_RELATIONSHIP(' ',' ',#2699,#2700)
REPRESENTATION_RELATIONSHIP_WITH_TRANSFORMATION(#135)
SHAPE_REPRESENTATION_RELATIONSHIP()
);
#102=(
REPRESENTATION_RELATIONSHIP(' ',' ',#2699,#2700)
REPRESENTATION_RELATIONSHIP_WITH_TRANSFORMATION(#136)
SHAPE_REPRESENTATION_RELATIONSHIP()
);
#103=(
REPRESENTATION_RELATIONSHIP(' ',' ',#2699,#2700)
REPRESENTATION_RELATIONSHIP_WITH_TRANSFORMATION(#137)
SHAPE_REPRESENTATION_RELATIONSHIP()
);
#104=(
REPRESENTATION_RELATIONSHIP(' ',' ',#2699,#2700)
REPRESENTATION_RELATIONSHIP_WITH_TRANSFORMATION(#138)
SHAPE_REPRESENTATION_RELATIONSHIP()
);
#105=(
REPRESENTATION_RELATIONSHIP(' ',' ',#2699,#2700)
REPRESENTATION_RELATIONSHIP_WITH_TRANSFORMATION(#139)
SHAPE_REPRESENTATION_RELATIONSHIP()
);
#106=(
REPRESENTATION_RELATIONSHIP(' ',' ',#2699,#2700)
REPRESENTATION_RELATIONSHIP_WITH_TRANSFORMATION(#140)
SHAPE_REPRESENTATION_RELATIONSHIP()
);
#107=(
REPRESENTATION_RELATIONSHIP(' ',' ',#2699,#2700)
REPRESENTATION_RELATIONSHIP_WITH_TRANSFORMATION(#141)
SHAPE_REPRESENTATION_RELATIONSHIP()
);
#108=(
REPRESENTATION_RELATIONSHIP(' ',' ',#2699,#2700)
REPRESENTATION_RELATIONSHIP_WITH_TRANSFORMATION(#142)
SHAPE_REPRESENTATION_RELATIONSHIP()
);
#109=(
REPRESENTATION_RELATIONSHIP(' ',' ',#2699,#2700)
REPRESENTATION_RELATIONSHIP_WITH_TRANSFORMATION(#143)
SHAPE_REPRESENTATION_RELATIONSHIP()
);
#110=(
REPRESENTATION_RELATIONSHIP(' ',' ',#2699,#2700)
REPRESENTATION_RELATIONSHIP_WITH_TRANSFORMATION(#144)
SHAPE_REPRESENTATION_RELATIONSHIP()
);
#111=(
REPRESENTATION_RELATIONSHIP(' ',' ',#2699,#2700)
REPRESENTATION_RELATIONSHIP_WITH_TRANSFORMATION(#145)
SHAPE_REPRESENTATION_RELATIONSHIP()
);
#112=(
REPRESENTATION_RELATIONSHIP(' ',' ',#2699,#2700)
REPRESENTATION_RELATIONSHIP_WITH_TRANSFORMATION(#146)
SHAPE_REPRESENTATION_RELATIONSHIP()
);
#113=(
REPRESENTATION_RELATIONSHIP(' ',' ',#2699,#2700)
REPRESENTATION_RELATIONSHIP_WITH_TRANSFORMATION(#147)
SHAPE_REPRESENTATION_RELATIONSHIP()
);
#114=(
REPRESENTATION_RELATIONSHIP(' ',' ',#2699,#2700)
REPRESENTATION_RELATIONSHIP_WITH_TRANSFORMATION(#148)
SHAPE_REPRESENTATION_RELATIONSHIP()
);
#115=(
REPRESENTATION_RELATIONSHIP(' ',' ',#2699,#2700)
REPRESENTATION_RELATIONSHIP_WITH_TRANSFORMATION(#149)
SHAPE_REPRESENTATION_RELATIONSHIP()
);
#116=(
REPRESENTATION_RELATIONSHIP(' ',' ',#2699,#2700)
REPRESENTATION_RELATIONSHIP_WITH_TRANSFORMATION(#150)
SHAPE_REPRESENTATION_RELATIONSHIP()
);
#117=(
REPRESENTATION_RELATIONSHIP(' ',' ',#2699,#2700)
REPRESENTATION_RELATIONSHIP_WITH_TRANSFORMATION(#151)
SHAPE_REPRESENTATION_RELATIONSHIP()
);
#118=(
REPRESENTATION_RELATIONSHIP(' ',' ',#2699,#2700)
REPRESENTATION_RELATIONSHIP_WITH_TRANSFORMATION(#152)
SHAPE_REPRESENTATION_RELATIONSHIP()
);
#119=(
REPRESENTATION_RELATIONSHIP(' ',' ',#2699,#2700)
REPRESENTATION_RELATIONSHIP_WITH_TRANSFORMATION(#153)
SHAPE_REPRESENTATION_RELATIONSHIP()
);
#120=ITEM_DEFINED_TRANSFORMATION(' ',' ',#2701,#2913);
#121=ITEM_DEFINED_TRANSFORMATION(' ',' ',#2701,#2914);
#122=ITEM_DEFINED_TRANSFORMATION(' ',' ',#2701,#2915);
#123=ITEM_DEFINED_TRANSFORMATION(' ',' ',#2701,#2916);
#124=ITEM_DEFINED_TRANSFORMATION(' ',' ',#2701,#2917);
#125=ITEM_DEFINED_TRANSFORMATION(' ',' ',#2701,#2918);
#126=ITEM_DEFINED_TRANSFORMATION(' ',' ',#2701,#2919);
#127=ITEM_DEFINED_TRANSFORMATION(' ',' ',#2701,#2920);
#128=ITEM_DEFINED_TRANSFORMATION(' ',' ',#2701,#2921);
#129=ITEM_DEFINED_TRANSFORMATION(' ',' ',#2701,#2922);
#130=ITEM_DEFINED_TRANSFORMATION(' ',' ',#2701,#2923);
#131=ITEM_DEFINED_TRANSFORMATION(' ',' ',#2701,#2924);
#132=ITEM_DEFINED_TRANSFORMATION(' ',' ',#2701,#2925);
#133=ITEM_DEFINED_TRANSFORMATION(' ',' ',#2701,#2926);
#134=ITEM_DEFINED_TRANSFORMATION(' ',' ',#2701,#2927);
#135=ITEM_DEFINED_TRANSFORMATION(' ',' ',#2701,#2928);
#136=ITEM_DEFINED_TRANSFORMATION(' ',' ',#2701,#2929);
#137=ITEM_DEFINED_TRANSFORMATION(' ',' ',#2701,#2930);
#138=ITEM_DEFINED_TRANSFORMATION(' ',' ',#2701,#2931);
#139=ITEM_DEFINED_TRANSFORMATION(' ',' ',#2701,#2932);
#140=ITEM_DEFINED_TRANSFORMATION(' ',' ',#2701,#2933);
#141=ITEM_DEFINED_TRANSFORMATION(' ',' ',#2701,#2934);
#142=ITEM_DEFINED_TRANSFORMATION(' ',' ',#2701,#2935);
#143=ITEM_DEFINED_TRANSFORMATION(' ',' ',#2701,#2936);
#144=ITEM_DEFINED_TRANSFORMATION(' ',' ',#2701,#2937);
#145=ITEM_DEFINED_TRANSFORMATION(' ',' ',#2701,#2938);
#146=ITEM_DEFINED_TRANSFORMATION(' ',' ',#2701,#2939);
#147=ITEM_DEFINED_TRANSFORMATION(' ',' ',#2701,#2940);
#148=ITEM_DEFINED_TRANSFORMATION(' ',' ',#2701,#2941);
#149=ITEM_DEFINED_TRANSFORMATION(' ',' ',#2701,#2942);
#150=ITEM_DEFINED_TRANSFORMATION(' ',' ',#2701,#2943);
#151=ITEM_DEFINED_TRANSFORMATION(' ',' ',#2701,#2944);
#152=ITEM_DEFINED_TRANSFORMATION(' ',' ',#2701,#2945);
#153=ITEM_DEFINED_TRANSFORMATION(' ',' ',#2701,#2946);
#154=SHAPE_REPRESENTATION_RELATIONSHIP('','',#2699,#155);
#155=ADVANCED_BREP_SHAPE_REPRESENTATION('',(#2696),#4490);
#156=ELLIPSE('',#2774,134.866186088612,4.21251192660551);
#157=ELLIPSE('',#2820,134.866186088612,4.21251192660551);
#158=ELLIPSE('',#2863,4.,2.4);
#159=ELLIPSE('',#2865,4.,2.4);
#160=CYLINDRICAL_SURFACE('',#2725,2.);
#161=CYLINDRICAL_SURFACE('',#2822,4.21251192660551);
#162=CYLINDRICAL_SURFACE('',#2831,3.1);
#163=CYLINDRICAL_SURFACE('',#2832,3.6);
#164=CYLINDRICAL_SURFACE('',#2833,3.6);
#165=CYLINDRICAL_SURFACE('',#2834,3.6);
#166=CYLINDRICAL_SURFACE('',#2835,3.6);
#167=CYLINDRICAL_SURFACE('',#2836,2.4);
#168=CYLINDRICAL_SURFACE('',#2838,3.6);
#169=CYLINDRICAL_SURFACE('',#2840,1.19137219173658);
#170=CYLINDRICAL_SURFACE('',#2842,1.);
#171=CYLINDRICAL_SURFACE('',#2844,1.6);
#172=CYLINDRICAL_SURFACE('',#2846,1.);
#173=CYLINDRICAL_SURFACE('',#2851,0.5);
#174=CYLINDRICAL_SURFACE('',#2852,2.56329380889842);
#175=CYLINDRICAL_SURFACE('',#2854,2.42175353004325);
#176=CYLINDRICAL_SURFACE('',#2860,2.6);
#177=CYLINDRICAL_SURFACE('',#2864,2.4);
#178=CYLINDRICAL_SURFACE('',#2869,4.21251192660551);
#179=CYLINDRICAL_SURFACE('',#2874,3.6);
#180=CYLINDRICAL_SURFACE('',#2875,3.6);
#181=CYLINDRICAL_SURFACE('',#2876,3.1);
#182=CYLINDRICAL_SURFACE('',#2877,3.6);
#183=CYLINDRICAL_SURFACE('',#2878,3.6);
#184=CYLINDRICAL_SURFACE('',#2879,2.4);
#185=CYLINDRICAL_SURFACE('',#2882,3.6);
#186=CYLINDRICAL_SURFACE('',#2884,1.19137219173658);
#187=CYLINDRICAL_SURFACE('',#2886,1.);
#188=CYLINDRICAL_SURFACE('',#2888,1.6);
#189=CYLINDRICAL_SURFACE('',#2890,1.);
#190=CYLINDRICAL_SURFACE('',#2893,0.5);
#191=CYLINDRICAL_SURFACE('',#2894,2.56329380889842);
#192=CYLINDRICAL_SURFACE('',#2896,2.42175353004325);
#193=CYLINDRICAL_SURFACE('',#2907,5.2);
#194=CYLINDRICAL_SURFACE('',#2910,1.6);
#195=CIRCLE('',#2704,2.4);
#196=CIRCLE('',#2705,3.6);
#197=CIRCLE('',#2706,3.6);
#198=CIRCLE('',#2708,2.4);
#199=CIRCLE('',#2709,3.6);
#200=CIRCLE('',#2710,0.5);
#201=CIRCLE('',#2711,0.5);
#202=CIRCLE('',#2712,3.6);
#203=CIRCLE('',#2715,3.6);
#204=CIRCLE('',#2716,3.6);
#205=CIRCLE('',#2717,3.6);
#206=CIRCLE('',#2718,3.6);
#207=CIRCLE('',#2719,3.6);
#208=CIRCLE('',#2720,3.6);
#209=CIRCLE('',#2721,3.6);
#210=CIRCLE('',#2722,3.6);
#211=CIRCLE('',#2723,3.1);
#212=CIRCLE('',#2724,3.1);
#213=CIRCLE('',#2726,2.);
#214=CIRCLE('',#2727,2.);
#215=CIRCLE('',#2735,1.6);
#216=CIRCLE('',#2736,2.42175353004325);
#217=CIRCLE('',#2738,2.42175353004325);
#218=CIRCLE('',#2742,2.56329380889842);
#219=CIRCLE('',#2743,2.4);
#220=CIRCLE('',#2745,1.);
#221=CIRCLE('',#2746,1.6);
#222=CIRCLE('',#2747,1.);
#223=CIRCLE('',#2748,1.19137219173658);
#224=CIRCLE('',#2749,3.6);
#225=CIRCLE('',#2750,2.6);
#226=CIRCLE('',#2752,2.56329380889842);
#227=CIRCLE('',#2753,0.5);
#228=CIRCLE('',#2757,3.1);
#229=CIRCLE('',#2758,2.4);
#230=CIRCLE('',#2764,3.6);
#231=CIRCLE('',#2771,4.21251192660551);
#232=CIRCLE('',#2776,3.6);
#233=CIRCLE('',#2781,2.6);
#234=CIRCLE('',#2782,3.6);
#235=CIRCLE('',#2783,1.19137219173658);
#236=CIRCLE('',#2784,1.);
#237=CIRCLE('',#2785,1.6);
#238=CIRCLE('',#2786,1.);
#239=CIRCLE('',#2790,1.6);
#240=CIRCLE('',#2791,2.42175353004325);
#241=CIRCLE('',#2793,2.42175353004325);
#242=CIRCLE('',#2796,2.56329380889842);
#243=CIRCLE('',#2797,2.4);
#244=CIRCLE('',#2803,2.56329380889842);
#245=CIRCLE('',#2804,0.5);
#246=CIRCLE('',#2813,3.6);
#247=CIRCLE('',#2815,4.21251192660551);
#248=CIRCLE('',#2818,3.6);
#249=CIRCLE('',#2823,4.21251192660551);
#250=CIRCLE('',#2829,2.4);
#251=CIRCLE('',#2830,3.1);
#252=CIRCLE('',#2839,3.6);
#253=CIRCLE('',#2841,1.19137219173658);
#254=CIRCLE('',#2843,1.);
#255=CIRCLE('',#2845,1.6);
#256=CIRCLE('',#2847,1.);
#257=CIRCLE('',#2866,2.4);
#258=CIRCLE('',#2870,4.21251192660551);
#259=CIRCLE('',#2883,3.6);
#260=CIRCLE('',#2885,1.19137219173658);
#261=CIRCLE('',#2887,1.);
#262=CIRCLE('',#2889,1.6);
#263=CIRCLE('',#2891,1.);
#264=CIRCLE('',#2903,5.2);
#265=CIRCLE('',#2905,5.2);
#266=ORIENTED_EDGE('',*,*,#984,.T.);
#267=ORIENTED_EDGE('',*,*,#985,.T.);
#268=ORIENTED_EDGE('',*,*,#986,.T.);
#269=ORIENTED_EDGE('',*,*,#987,.F.);
#270=ORIENTED_EDGE('',*,*,#988,.T.);
#271=ORIENTED_EDGE('',*,*,#989,.T.);
#272=ORIENTED_EDGE('',*,*,#990,.T.);
#273=ORIENTED_EDGE('',*,*,#991,.F.);
#274=ORIENTED_EDGE('',*,*,#992,.F.);
#275=ORIENTED_EDGE('',*,*,#993,.F.);
#276=ORIENTED_EDGE('',*,*,#994,.T.);
#277=ORIENTED_EDGE('',*,*,#995,.T.);
#278=ORIENTED_EDGE('',*,*,#996,.T.);
#279=ORIENTED_EDGE('',*,*,#997,.F.);
#280=ORIENTED_EDGE('',*,*,#998,.F.);
#281=ORIENTED_EDGE('',*,*,#999,.T.);
#282=ORIENTED_EDGE('',*,*,#1000,.F.);
#283=ORIENTED_EDGE('',*,*,#1001,.F.);
#284=ORIENTED_EDGE('',*,*,#1002,.F.);
#285=ORIENTED_EDGE('',*,*,#1003,.T.);
#286=ORIENTED_EDGE('',*,*,#1004,.F.);
#287=ORIENTED_EDGE('',*,*,#1005,.T.);
#288=ORIENTED_EDGE('',*,*,#1006,.T.);
#289=ORIENTED_EDGE('',*,*,#1007,.F.);
#290=ORIENTED_EDGE('',*,*,#1008,.F.);
#291=ORIENTED_EDGE('',*,*,#1009,.F.);
#292=ORIENTED_EDGE('',*,*,#1010,.F.);
#293=ORIENTED_EDGE('',*,*,#1011,.F.);
#294=ORIENTED_EDGE('',*,*,#1012,.F.);
#295=ORIENTED_EDGE('',*,*,#1013,.F.);
#296=ORIENTED_EDGE('',*,*,#1014,.F.);
#297=ORIENTED_EDGE('',*,*,#1015,.F.);
#298=ORIENTED_EDGE('',*,*,#1016,.T.);
#299=ORIENTED_EDGE('',*,*,#1017,.F.);
#300=ORIENTED_EDGE('',*,*,#1018,.F.);
#301=ORIENTED_EDGE('',*,*,#1019,.F.);
#302=ORIENTED_EDGE('',*,*,#1020,.T.);
#303=ORIENTED_EDGE('',*,*,#998,.T.);
#304=ORIENTED_EDGE('',*,*,#1021,.T.);
#305=ORIENTED_EDGE('',*,*,#1022,.T.);
#306=ORIENTED_EDGE('',*,*,#1023,.F.);
#307=ORIENTED_EDGE('',*,*,#1024,.T.);
#308=ORIENTED_EDGE('',*,*,#1025,.T.);
#309=ORIENTED_EDGE('',*,*,#1026,.T.);
#310=ORIENTED_EDGE('',*,*,#1027,.F.);
#311=ORIENTED_EDGE('',*,*,#1019,.T.);
#312=ORIENTED_EDGE('',*,*,#1028,.T.);
#313=ORIENTED_EDGE('',*,*,#1029,.T.);
#314=ORIENTED_EDGE('',*,*,#1030,.F.);
#315=ORIENTED_EDGE('',*,*,#1031,.T.);
#316=ORIENTED_EDGE('',*,*,#1032,.F.);
#317=ORIENTED_EDGE('',*,*,#1033,.T.);
#318=ORIENTED_EDGE('',*,*,#1034,.T.);
#319=ORIENTED_EDGE('',*,*,#1035,.T.);
#320=ORIENTED_EDGE('',*,*,#1036,.F.);
#321=ORIENTED_EDGE('',*,*,#1037,.T.);
#322=ORIENTED_EDGE('',*,*,#1038,.T.);
#323=ORIENTED_EDGE('',*,*,#1039,.T.);
#324=ORIENTED_EDGE('',*,*,#1040,.F.);
#325=ORIENTED_EDGE('',*,*,#1041,.T.);
#326=ORIENTED_EDGE('',*,*,#1042,.T.);
#327=ORIENTED_EDGE('',*,*,#1043,.T.);
#328=ORIENTED_EDGE('',*,*,#1044,.F.);
#329=ORIENTED_EDGE('',*,*,#1045,.T.);
#330=ORIENTED_EDGE('',*,*,#1046,.T.);
#331=ORIENTED_EDGE('',*,*,#1047,.T.);
#332=ORIENTED_EDGE('',*,*,#1048,.F.);
#333=ORIENTED_EDGE('',*,*,#1049,.T.);
#334=ORIENTED_EDGE('',*,*,#1050,.T.);
#335=ORIENTED_EDGE('',*,*,#1051,.T.);
#336=ORIENTED_EDGE('',*,*,#1052,.F.);
#337=ORIENTED_EDGE('',*,*,#1053,.T.);
#338=ORIENTED_EDGE('',*,*,#1054,.F.);
#339=ORIENTED_EDGE('',*,*,#1055,.T.);
#340=ORIENTED_EDGE('',*,*,#1056,.F.);
#341=ORIENTED_EDGE('',*,*,#1057,.T.);
#342=ORIENTED_EDGE('',*,*,#1058,.F.);
#343=ORIENTED_EDGE('',*,*,#1059,.T.);
#344=ORIENTED_EDGE('',*,*,#1060,.F.);
#345=ORIENTED_EDGE('',*,*,#1061,.T.);
#346=ORIENTED_EDGE('',*,*,#1062,.F.);
#347=ORIENTED_EDGE('',*,*,#1063,.F.);
#348=ORIENTED_EDGE('',*,*,#1064,.T.);
#349=ORIENTED_EDGE('',*,*,#1065,.T.);
#350=ORIENTED_EDGE('',*,*,#1066,.F.);
#351=ORIENTED_EDGE('',*,*,#1062,.T.);
#352=ORIENTED_EDGE('',*,*,#1067,.T.);
#353=ORIENTED_EDGE('',*,*,#1068,.F.);
#354=ORIENTED_EDGE('',*,*,#1069,.F.);
#355=ORIENTED_EDGE('',*,*,#1060,.T.);
#356=ORIENTED_EDGE('',*,*,#1066,.T.);
#357=ORIENTED_EDGE('',*,*,#1070,.F.);
#358=ORIENTED_EDGE('',*,*,#1071,.T.);
#359=ORIENTED_EDGE('',*,*,#1072,.F.);
#360=ORIENTED_EDGE('',*,*,#1073,.T.);
#361=ORIENTED_EDGE('',*,*,#1074,.T.);
#362=ORIENTED_EDGE('',*,*,#1075,.T.);
#363=ORIENTED_EDGE('',*,*,#1076,.T.);
#364=ORIENTED_EDGE('',*,*,#1063,.T.);
#365=ORIENTED_EDGE('',*,*,#1077,.F.);
#366=ORIENTED_EDGE('',*,*,#1078,.T.);
#367=ORIENTED_EDGE('',*,*,#1079,.T.);
#368=ORIENTED_EDGE('',*,*,#995,.F.);
#369=ORIENTED_EDGE('',*,*,#1080,.F.);
#370=ORIENTED_EDGE('',*,*,#1081,.F.);
#371=ORIENTED_EDGE('',*,*,#1082,.F.);
#372=ORIENTED_EDGE('',*,*,#1083,.T.);
#373=ORIENTED_EDGE('',*,*,#1084,.F.);
#374=ORIENTED_EDGE('',*,*,#1010,.T.);
#375=ORIENTED_EDGE('',*,*,#1085,.F.);
#376=ORIENTED_EDGE('',*,*,#1054,.T.);
#377=ORIENTED_EDGE('',*,*,#1086,.F.);
#378=ORIENTED_EDGE('',*,*,#1087,.T.);
#379=ORIENTED_EDGE('',*,*,#1088,.F.);
#380=ORIENTED_EDGE('',*,*,#1089,.F.);
#381=ORIENTED_EDGE('',*,*,#1090,.F.);
#382=ORIENTED_EDGE('',*,*,#1091,.T.);
#383=ORIENTED_EDGE('',*,*,#1092,.T.);
#384=ORIENTED_EDGE('',*,*,#1093,.T.);
#385=ORIENTED_EDGE('',*,*,#1094,.F.);
#386=ORIENTED_EDGE('',*,*,#1095,.F.);
#387=ORIENTED_EDGE('',*,*,#1096,.F.);
#388=ORIENTED_EDGE('',*,*,#1097,.F.);
#389=ORIENTED_EDGE('',*,*,#1098,.T.);
#390=ORIENTED_EDGE('',*,*,#1099,.T.);
#391=ORIENTED_EDGE('',*,*,#1100,.F.);
#392=ORIENTED_EDGE('',*,*,#1083,.F.);
#393=ORIENTED_EDGE('',*,*,#1101,.F.);
#394=ORIENTED_EDGE('',*,*,#1095,.T.);
#395=ORIENTED_EDGE('',*,*,#1102,.F.);
#396=ORIENTED_EDGE('',*,*,#1098,.F.);
#397=ORIENTED_EDGE('',*,*,#1103,.T.);
#398=ORIENTED_EDGE('',*,*,#1088,.T.);
#399=ORIENTED_EDGE('',*,*,#1104,.F.);
#400=ORIENTED_EDGE('',*,*,#1105,.T.);
#401=ORIENTED_EDGE('',*,*,#1106,.F.);
#402=ORIENTED_EDGE('',*,*,#1107,.T.);
#403=ORIENTED_EDGE('',*,*,#1108,.T.);
#404=ORIENTED_EDGE('',*,*,#1109,.F.);
#405=ORIENTED_EDGE('',*,*,#1092,.F.);
#406=ORIENTED_EDGE('',*,*,#1110,.T.);
#407=ORIENTED_EDGE('',*,*,#1111,.T.);
#408=ORIENTED_EDGE('',*,*,#1112,.T.);
#409=ORIENTED_EDGE('',*,*,#1099,.F.);
#410=ORIENTED_EDGE('',*,*,#1107,.F.);
#411=ORIENTED_EDGE('',*,*,#1113,.T.);
#412=ORIENTED_EDGE('',*,*,#1114,.F.);
#413=ORIENTED_EDGE('',*,*,#1115,.F.);
#414=ORIENTED_EDGE('',*,*,#1065,.F.);
#415=ORIENTED_EDGE('',*,*,#1116,.F.);
#416=ORIENTED_EDGE('',*,*,#1117,.F.);
#417=ORIENTED_EDGE('',*,*,#1118,.F.);
#418=ORIENTED_EDGE('',*,*,#1119,.F.);
#419=ORIENTED_EDGE('',*,*,#1120,.F.);
#420=ORIENTED_EDGE('',*,*,#1121,.F.);
#421=ORIENTED_EDGE('',*,*,#1122,.F.);
#422=ORIENTED_EDGE('',*,*,#1123,.F.);
#423=ORIENTED_EDGE('',*,*,#1124,.T.);
#424=ORIENTED_EDGE('',*,*,#1125,.T.);
#425=ORIENTED_EDGE('',*,*,#1077,.T.);
#426=ORIENTED_EDGE('',*,*,#1126,.T.);
#427=ORIENTED_EDGE('',*,*,#1127,.T.);
#428=ORIENTED_EDGE('',*,*,#1128,.T.);
#429=ORIENTED_EDGE('',*,*,#1129,.T.);
#430=ORIENTED_EDGE('',*,*,#1130,.F.);
#431=ORIENTED_EDGE('',*,*,#1131,.F.);
#432=ORIENTED_EDGE('',*,*,#1102,.T.);
#433=ORIENTED_EDGE('',*,*,#1094,.T.);
#434=ORIENTED_EDGE('',*,*,#1132,.T.);
#435=ORIENTED_EDGE('',*,*,#1133,.T.);
#436=ORIENTED_EDGE('',*,*,#1134,.F.);
#437=ORIENTED_EDGE('',*,*,#1116,.T.);
#438=ORIENTED_EDGE('',*,*,#1135,.T.);
#439=ORIENTED_EDGE('',*,*,#1069,.T.);
#440=ORIENTED_EDGE('',*,*,#1136,.T.);
#441=ORIENTED_EDGE('',*,*,#1137,.F.);
#442=ORIENTED_EDGE('',*,*,#1138,.F.);
#443=ORIENTED_EDGE('',*,*,#1129,.F.);
#444=ORIENTED_EDGE('',*,*,#1139,.F.);
#445=ORIENTED_EDGE('',*,*,#1137,.T.);
#446=ORIENTED_EDGE('',*,*,#1140,.T.);
#447=ORIENTED_EDGE('',*,*,#1141,.F.);
#448=ORIENTED_EDGE('',*,*,#1142,.T.);
#449=ORIENTED_EDGE('',*,*,#1143,.T.);
#450=ORIENTED_EDGE('',*,*,#1049,.F.);
#451=ORIENTED_EDGE('',*,*,#1144,.F.);
#452=ORIENTED_EDGE('',*,*,#1002,.T.);
#453=ORIENTED_EDGE('',*,*,#1145,.T.);
#454=ORIENTED_EDGE('',*,*,#1024,.F.);
#455=ORIENTED_EDGE('',*,*,#1146,.F.);
#456=ORIENTED_EDGE('',*,*,#1055,.F.);
#457=ORIENTED_EDGE('',*,*,#1085,.T.);
#458=ORIENTED_EDGE('',*,*,#1009,.T.);
#459=ORIENTED_EDGE('',*,*,#1147,.T.);
#460=ORIENTED_EDGE('',*,*,#1148,.T.);
#461=ORIENTED_EDGE('',*,*,#1149,.T.);
#462=ORIENTED_EDGE('',*,*,#1045,.F.);
#463=ORIENTED_EDGE('',*,*,#1150,.F.);
#464=ORIENTED_EDGE('',*,*,#1151,.F.);
#465=ORIENTED_EDGE('',*,*,#1142,.F.);
#466=ORIENTED_EDGE('',*,*,#1152,.T.);
#467=ORIENTED_EDGE('',*,*,#1153,.F.);
#468=ORIENTED_EDGE('',*,*,#1022,.F.);
#469=ORIENTED_EDGE('',*,*,#1154,.T.);
#470=ORIENTED_EDGE('',*,*,#1007,.T.);
#471=ORIENTED_EDGE('',*,*,#1155,.T.);
#472=ORIENTED_EDGE('',*,*,#1047,.F.);
#473=ORIENTED_EDGE('',*,*,#1156,.T.);
#474=ORIENTED_EDGE('',*,*,#1157,.T.);
#475=ORIENTED_EDGE('',*,*,#1158,.F.);
#476=ORIENTED_EDGE('',*,*,#1051,.F.);
#477=ORIENTED_EDGE('',*,*,#1159,.T.);
#478=ORIENTED_EDGE('',*,*,#1153,.T.);
#479=ORIENTED_EDGE('',*,*,#1160,.F.);
#480=ORIENTED_EDGE('',*,*,#1161,.T.);
#481=ORIENTED_EDGE('',*,*,#1086,.T.);
#482=ORIENTED_EDGE('',*,*,#1053,.F.);
#483=ORIENTED_EDGE('',*,*,#1162,.F.);
#484=ORIENTED_EDGE('',*,*,#1026,.F.);
#485=ORIENTED_EDGE('',*,*,#1163,.T.);
#486=ORIENTED_EDGE('',*,*,#1000,.T.);
#487=ORIENTED_EDGE('',*,*,#1164,.T.);
#488=ORIENTED_EDGE('',*,*,#1165,.F.);
#489=ORIENTED_EDGE('',*,*,#1166,.T.);
#490=ORIENTED_EDGE('',*,*,#1152,.F.);
#491=ORIENTED_EDGE('',*,*,#1167,.T.);
#492=ORIENTED_EDGE('',*,*,#1168,.F.);
#493=ORIENTED_EDGE('',*,*,#1169,.T.);
#494=ORIENTED_EDGE('',*,*,#986,.F.);
#495=ORIENTED_EDGE('',*,*,#1170,.T.);
#496=ORIENTED_EDGE('',*,*,#1171,.T.);
#497=ORIENTED_EDGE('',*,*,#1172,.F.);
#498=ORIENTED_EDGE('',*,*,#1105,.F.);
#499=ORIENTED_EDGE('',*,*,#985,.F.);
#500=ORIENTED_EDGE('',*,*,#1173,.T.);
#501=ORIENTED_EDGE('',*,*,#1174,.F.);
#502=ORIENTED_EDGE('',*,*,#1170,.F.);
#503=ORIENTED_EDGE('',*,*,#1172,.T.);
#504=ORIENTED_EDGE('',*,*,#1175,.T.);
#505=ORIENTED_EDGE('',*,*,#1113,.F.);
#506=ORIENTED_EDGE('',*,*,#1106,.T.);
#507=ORIENTED_EDGE('',*,*,#1176,.F.);
#508=ORIENTED_EDGE('',*,*,#1148,.F.);
#509=ORIENTED_EDGE('',*,*,#1168,.T.);
#510=ORIENTED_EDGE('',*,*,#1157,.F.);
#511=ORIENTED_EDGE('',*,*,#1177,.F.);
#512=ORIENTED_EDGE('',*,*,#1178,.T.);
#513=ORIENTED_EDGE('',*,*,#1179,.T.);
#514=ORIENTED_EDGE('',*,*,#1180,.T.);
#515=ORIENTED_EDGE('',*,*,#1181,.T.);
#516=ORIENTED_EDGE('',*,*,#1182,.F.);
#517=ORIENTED_EDGE('',*,*,#1183,.F.);
#518=ORIENTED_EDGE('',*,*,#1184,.T.);
#519=ORIENTED_EDGE('',*,*,#1185,.T.);
#520=ORIENTED_EDGE('',*,*,#1186,.F.);
#521=ORIENTED_EDGE('',*,*,#1187,.T.);
#522=ORIENTED_EDGE('',*,*,#1188,.F.);
#523=ORIENTED_EDGE('',*,*,#1189,.T.);
#524=ORIENTED_EDGE('',*,*,#1073,.F.);
#525=ORIENTED_EDGE('',*,*,#1072,.T.);
#526=ORIENTED_EDGE('',*,*,#1190,.F.);
#527=ORIENTED_EDGE('',*,*,#1191,.F.);
#528=ORIENTED_EDGE('',*,*,#1192,.F.);
#529=ORIENTED_EDGE('',*,*,#1193,.F.);
#530=ORIENTED_EDGE('',*,*,#1194,.F.);
#531=ORIENTED_EDGE('',*,*,#1195,.F.);
#532=ORIENTED_EDGE('',*,*,#1196,.F.);
#533=ORIENTED_EDGE('',*,*,#1197,.F.);
#534=ORIENTED_EDGE('',*,*,#1198,.F.);
#535=ORIENTED_EDGE('',*,*,#1187,.F.);
#536=ORIENTED_EDGE('',*,*,#1188,.T.);
#537=ORIENTED_EDGE('',*,*,#1199,.F.);
#538=ORIENTED_EDGE('',*,*,#1200,.T.);
#539=ORIENTED_EDGE('',*,*,#1177,.T.);
#540=ORIENTED_EDGE('',*,*,#1201,.F.);
#541=ORIENTED_EDGE('',*,*,#1179,.F.);
#542=ORIENTED_EDGE('',*,*,#1185,.F.);
#543=ORIENTED_EDGE('',*,*,#1202,.F.);
#544=ORIENTED_EDGE('',*,*,#1201,.T.);
#545=ORIENTED_EDGE('',*,*,#1203,.F.);
#546=ORIENTED_EDGE('',*,*,#1204,.F.);
#547=ORIENTED_EDGE('',*,*,#1205,.F.);
#548=ORIENTED_EDGE('',*,*,#1206,.F.);
#549=ORIENTED_EDGE('',*,*,#1207,.T.);
#550=ORIENTED_EDGE('',*,*,#1208,.F.);
#551=ORIENTED_EDGE('',*,*,#1032,.T.);
#552=ORIENTED_EDGE('',*,*,#1209,.F.);
#553=ORIENTED_EDGE('',*,*,#1014,.T.);
#554=ORIENTED_EDGE('',*,*,#1210,.T.);
#555=ORIENTED_EDGE('',*,*,#1211,.T.);
#556=ORIENTED_EDGE('',*,*,#1212,.T.);
#557=ORIENTED_EDGE('',*,*,#1213,.T.);
#558=ORIENTED_EDGE('',*,*,#1214,.T.);
#559=ORIENTED_EDGE('',*,*,#1215,.F.);
#560=ORIENTED_EDGE('',*,*,#1216,.T.);
#561=ORIENTED_EDGE('',*,*,#1217,.T.);
#562=ORIENTED_EDGE('',*,*,#1218,.F.);
#563=ORIENTED_EDGE('',*,*,#1219,.F.);
#564=ORIENTED_EDGE('',*,*,#1220,.F.);
#565=ORIENTED_EDGE('',*,*,#1221,.F.);
#566=ORIENTED_EDGE('',*,*,#1222,.F.);
#567=ORIENTED_EDGE('',*,*,#1223,.F.);
#568=ORIENTED_EDGE('',*,*,#1211,.F.);
#569=ORIENTED_EDGE('',*,*,#1224,.T.);
#570=ORIENTED_EDGE('',*,*,#1221,.T.);
#571=ORIENTED_EDGE('',*,*,#1225,.F.);
#572=ORIENTED_EDGE('',*,*,#1226,.T.);
#573=ORIENTED_EDGE('',*,*,#1227,.F.);
#574=ORIENTED_EDGE('',*,*,#1228,.F.);
#575=ORIENTED_EDGE('',*,*,#1229,.F.);
#576=ORIENTED_EDGE('',*,*,#1217,.F.);
#577=ORIENTED_EDGE('',*,*,#1230,.T.);
#578=ORIENTED_EDGE('',*,*,#1231,.T.);
#579=ORIENTED_EDGE('',*,*,#1232,.T.);
#580=ORIENTED_EDGE('',*,*,#1213,.F.);
#581=ORIENTED_EDGE('',*,*,#1233,.F.);
#582=ORIENTED_EDGE('',*,*,#1015,.T.);
#583=ORIENTED_EDGE('',*,*,#1209,.T.);
#584=ORIENTED_EDGE('',*,*,#1031,.F.);
#585=ORIENTED_EDGE('',*,*,#1234,.T.);
#586=ORIENTED_EDGE('',*,*,#1033,.F.);
#587=ORIENTED_EDGE('',*,*,#1208,.T.);
#588=ORIENTED_EDGE('',*,*,#1235,.T.);
#589=ORIENTED_EDGE('',*,*,#1236,.F.);
#590=ORIENTED_EDGE('',*,*,#1237,.F.);
#591=ORIENTED_EDGE('',*,*,#1238,.F.);
#592=ORIENTED_EDGE('',*,*,#1206,.T.);
#593=ORIENTED_EDGE('',*,*,#1239,.F.);
#594=ORIENTED_EDGE('',*,*,#1218,.T.);
#595=ORIENTED_EDGE('',*,*,#1229,.T.);
#596=ORIENTED_EDGE('',*,*,#1240,.F.);
#597=ORIENTED_EDGE('',*,*,#1207,.F.);
#598=ORIENTED_EDGE('',*,*,#1238,.T.);
#599=ORIENTED_EDGE('',*,*,#1241,.T.);
#600=ORIENTED_EDGE('',*,*,#1235,.F.);
#601=ORIENTED_EDGE('',*,*,#1242,.T.);
#602=ORIENTED_EDGE('',*,*,#1243,.T.);
#603=ORIENTED_EDGE('',*,*,#1244,.T.);
#604=ORIENTED_EDGE('',*,*,#1222,.T.);
#605=ORIENTED_EDGE('',*,*,#1224,.F.);
#606=ORIENTED_EDGE('',*,*,#1245,.F.);
#607=ORIENTED_EDGE('',*,*,#1246,.F.);
#608=ORIENTED_EDGE('',*,*,#1247,.T.);
#609=ORIENTED_EDGE('',*,*,#1248,.F.);
#610=ORIENTED_EDGE('',*,*,#1183,.T.);
#611=ORIENTED_EDGE('',*,*,#1249,.T.);
#612=ORIENTED_EDGE('',*,*,#1247,.F.);
#613=ORIENTED_EDGE('',*,*,#1182,.T.);
#614=ORIENTED_EDGE('',*,*,#1250,.T.);
#615=ORIENTED_EDGE('',*,*,#1242,.F.);
#616=ORIENTED_EDGE('',*,*,#1249,.F.);
#617=ORIENTED_EDGE('',*,*,#1251,.F.);
#618=ORIENTED_EDGE('',*,*,#1252,.T.);
#619=ORIENTED_EDGE('',*,*,#989,.F.);
#620=ORIENTED_EDGE('',*,*,#1253,.T.);
#621=ORIENTED_EDGE('',*,*,#1254,.T.);
#622=ORIENTED_EDGE('',*,*,#1255,.T.);
#623=ORIENTED_EDGE('',*,*,#1039,.F.);
#624=ORIENTED_EDGE('',*,*,#1256,.F.);
#625=ORIENTED_EDGE('',*,*,#1037,.F.);
#626=ORIENTED_EDGE('',*,*,#1257,.T.);
#627=ORIENTED_EDGE('',*,*,#1258,.T.);
#628=ORIENTED_EDGE('',*,*,#1259,.F.);
#629=ORIENTED_EDGE('',*,*,#1029,.F.);
#630=ORIENTED_EDGE('',*,*,#1260,.T.);
#631=ORIENTED_EDGE('',*,*,#1017,.T.);
#632=ORIENTED_EDGE('',*,*,#1261,.T.);
#633=ORIENTED_EDGE('',*,*,#1041,.F.);
#634=ORIENTED_EDGE('',*,*,#1262,.T.);
#635=ORIENTED_EDGE('',*,*,#1263,.T.);
#636=ORIENTED_EDGE('',*,*,#1264,.F.);
#637=ORIENTED_EDGE('',*,*,#1258,.F.);
#638=ORIENTED_EDGE('',*,*,#1265,.T.);
#639=ORIENTED_EDGE('',*,*,#1266,.F.);
#640=ORIENTED_EDGE('',*,*,#1267,.T.);
#641=ORIENTED_EDGE('',*,*,#1268,.F.);
#642=ORIENTED_EDGE('',*,*,#1241,.F.);
#643=ORIENTED_EDGE('',*,*,#1237,.T.);
#644=ORIENTED_EDGE('',*,*,#1269,.T.);
#645=ORIENTED_EDGE('',*,*,#1270,.T.);
#646=ORIENTED_EDGE('',*,*,#1253,.F.);
#647=ORIENTED_EDGE('',*,*,#988,.F.);
#648=ORIENTED_EDGE('',*,*,#1271,.F.);
#649=ORIENTED_EDGE('',*,*,#1272,.F.);
#650=ORIENTED_EDGE('',*,*,#1273,.F.);
#651=ORIENTED_EDGE('',*,*,#1267,.F.);
#652=ORIENTED_EDGE('',*,*,#1266,.T.);
#653=ORIENTED_EDGE('',*,*,#1274,.T.);
#654=ORIENTED_EDGE('',*,*,#1035,.F.);
#655=ORIENTED_EDGE('',*,*,#1275,.F.);
#656=ORIENTED_EDGE('',*,*,#1263,.F.);
#657=ORIENTED_EDGE('',*,*,#1276,.T.);
#658=ORIENTED_EDGE('',*,*,#1254,.F.);
#659=ORIENTED_EDGE('',*,*,#1272,.T.);
#660=ORIENTED_EDGE('',*,*,#1228,.T.);
#661=ORIENTED_EDGE('',*,*,#1277,.T.);
#662=ORIENTED_EDGE('',*,*,#1269,.F.);
#663=ORIENTED_EDGE('',*,*,#1240,.T.);
#664=ORIENTED_EDGE('',*,*,#1087,.F.);
#665=ORIENTED_EDGE('',*,*,#1161,.F.);
#666=ORIENTED_EDGE('',*,*,#1165,.T.);
#667=ORIENTED_EDGE('',*,*,#1104,.T.);
#668=ORIENTED_EDGE('',*,*,#1251,.T.);
#669=ORIENTED_EDGE('',*,*,#1270,.F.);
#670=ORIENTED_EDGE('',*,*,#1277,.F.);
#671=ORIENTED_EDGE('',*,*,#1227,.T.);
#672=ORIENTED_EDGE('',*,*,#1278,.T.);
#673=ORIENTED_EDGE('',*,*,#987,.T.);
#674=ORIENTED_EDGE('',*,*,#1279,.T.);
#675=ORIENTED_EDGE('',*,*,#1043,.F.);
#676=ORIENTED_EDGE('',*,*,#1280,.T.);
#677=ORIENTED_EDGE('',*,*,#1264,.T.);
#678=ORIENTED_EDGE('',*,*,#1271,.T.);
#679=ORIENTED_EDGE('',*,*,#1280,.F.);
#680=ORIENTED_EDGE('',*,*,#1042,.F.);
#681=ORIENTED_EDGE('',*,*,#1256,.T.);
#682=ORIENTED_EDGE('',*,*,#1038,.F.);
#683=ORIENTED_EDGE('',*,*,#1259,.T.);
#684=ORIENTED_EDGE('',*,*,#1273,.T.);
#685=ORIENTED_EDGE('',*,*,#1275,.T.);
#686=ORIENTED_EDGE('',*,*,#1034,.F.);
#687=ORIENTED_EDGE('',*,*,#1236,.T.);
#688=ORIENTED_EDGE('',*,*,#1268,.T.);
#689=ORIENTED_EDGE('',*,*,#1281,.T.);
#690=ORIENTED_EDGE('',*,*,#1282,.F.);
#691=ORIENTED_EDGE('',*,*,#1282,.T.);
#692=ORIENTED_EDGE('',*,*,#1057,.F.);
#693=ORIENTED_EDGE('',*,*,#1020,.F.);
#694=ORIENTED_EDGE('',*,*,#1027,.T.);
#695=ORIENTED_EDGE('',*,*,#1164,.F.);
#696=ORIENTED_EDGE('',*,*,#999,.F.);
#697=ORIENTED_EDGE('',*,*,#1255,.F.);
#698=ORIENTED_EDGE('',*,*,#1276,.F.);
#699=ORIENTED_EDGE('',*,*,#1262,.F.);
#700=ORIENTED_EDGE('',*,*,#1040,.T.);
#701=ORIENTED_EDGE('',*,*,#1234,.F.);
#702=ORIENTED_EDGE('',*,*,#1030,.T.);
#703=ORIENTED_EDGE('',*,*,#1261,.F.);
#704=ORIENTED_EDGE('',*,*,#1016,.F.);
#705=ORIENTED_EDGE('',*,*,#1274,.F.);
#706=ORIENTED_EDGE('',*,*,#1265,.F.);
#707=ORIENTED_EDGE('',*,*,#1257,.F.);
#708=ORIENTED_EDGE('',*,*,#1036,.T.);
#709=ORIENTED_EDGE('',*,*,#1233,.T.);
#710=ORIENTED_EDGE('',*,*,#1281,.F.);
#711=ORIENTED_EDGE('',*,*,#1283,.T.);
#712=ORIENTED_EDGE('',*,*,#1284,.T.);
#713=ORIENTED_EDGE('',*,*,#1285,.F.);
#714=ORIENTED_EDGE('',*,*,#1193,.T.);
#715=ORIENTED_EDGE('',*,*,#1285,.T.);
#716=ORIENTED_EDGE('',*,*,#1286,.T.);
#717=ORIENTED_EDGE('',*,*,#1287,.F.);
#718=ORIENTED_EDGE('',*,*,#1194,.T.);
#719=ORIENTED_EDGE('',*,*,#1287,.T.);
#720=ORIENTED_EDGE('',*,*,#1288,.T.);
#721=ORIENTED_EDGE('',*,*,#1289,.F.);
#722=ORIENTED_EDGE('',*,*,#1195,.T.);
#723=ORIENTED_EDGE('',*,*,#1290,.T.);
#724=ORIENTED_EDGE('',*,*,#1291,.F.);
#725=ORIENTED_EDGE('',*,*,#1196,.T.);
#726=ORIENTED_EDGE('',*,*,#1289,.T.);
#727=ORIENTED_EDGE('',*,*,#1291,.T.);
#728=ORIENTED_EDGE('',*,*,#1292,.T.);
#729=ORIENTED_EDGE('',*,*,#1293,.F.);
#730=ORIENTED_EDGE('',*,*,#1197,.T.);
#731=ORIENTED_EDGE('',*,*,#1293,.T.);
#732=ORIENTED_EDGE('',*,*,#1294,.T.);
#733=ORIENTED_EDGE('',*,*,#1180,.F.);
#734=ORIENTED_EDGE('',*,*,#1198,.T.);
#735=ORIENTED_EDGE('',*,*,#991,.T.);
#736=ORIENTED_EDGE('',*,*,#1295,.T.);
#737=ORIENTED_EDGE('',*,*,#1296,.F.);
#738=ORIENTED_EDGE('',*,*,#1297,.T.);
#739=ORIENTED_EDGE('',*,*,#1296,.T.);
#740=ORIENTED_EDGE('',*,*,#1298,.T.);
#741=ORIENTED_EDGE('',*,*,#1283,.F.);
#742=ORIENTED_EDGE('',*,*,#1192,.T.);
#743=ORIENTED_EDGE('',*,*,#1299,.T.);
#744=ORIENTED_EDGE('',*,*,#1300,.T.);
#745=ORIENTED_EDGE('',*,*,#1199,.T.);
#746=ORIENTED_EDGE('',*,*,#1202,.T.);
#747=ORIENTED_EDGE('',*,*,#1184,.F.);
#748=ORIENTED_EDGE('',*,*,#1248,.T.);
#749=ORIENTED_EDGE('',*,*,#1246,.T.);
#750=ORIENTED_EDGE('',*,*,#1301,.F.);
#751=ORIENTED_EDGE('',*,*,#1012,.T.);
#752=ORIENTED_EDGE('',*,*,#1302,.T.);
#753=ORIENTED_EDGE('',*,*,#1130,.T.);
#754=ORIENTED_EDGE('',*,*,#1138,.T.);
#755=ORIENTED_EDGE('',*,*,#1136,.F.);
#756=ORIENTED_EDGE('',*,*,#1070,.T.);
#757=ORIENTED_EDGE('',*,*,#1068,.T.);
#758=ORIENTED_EDGE('',*,*,#1303,.F.);
#759=ORIENTED_EDGE('',*,*,#1013,.T.);
#760=ORIENTED_EDGE('',*,*,#1301,.T.);
#761=ORIENTED_EDGE('',*,*,#1245,.T.);
#762=ORIENTED_EDGE('',*,*,#1210,.F.);
#763=ORIENTED_EDGE('',*,*,#1244,.F.);
#764=ORIENTED_EDGE('',*,*,#1304,.T.);
#765=ORIENTED_EDGE('',*,*,#1225,.T.);
#766=ORIENTED_EDGE('',*,*,#1212,.F.);
#767=ORIENTED_EDGE('',*,*,#1205,.T.);
#768=ORIENTED_EDGE('',*,*,#1305,.F.);
#769=ORIENTED_EDGE('',*,*,#1219,.T.);
#770=ORIENTED_EDGE('',*,*,#1239,.T.);
#771=ORIENTED_EDGE('',*,*,#1204,.T.);
#772=ORIENTED_EDGE('',*,*,#1223,.T.);
#773=ORIENTED_EDGE('',*,*,#1220,.T.);
#774=ORIENTED_EDGE('',*,*,#1305,.T.);
#775=ORIENTED_EDGE('',*,*,#1306,.F.);
#776=ORIENTED_EDGE('',*,*,#1214,.F.);
#777=ORIENTED_EDGE('',*,*,#1232,.F.);
#778=ORIENTED_EDGE('',*,*,#1307,.F.);
#779=ORIENTED_EDGE('',*,*,#1230,.F.);
#780=ORIENTED_EDGE('',*,*,#1216,.F.);
#781=ORIENTED_EDGE('',*,*,#1306,.T.);
#782=ORIENTED_EDGE('',*,*,#1231,.F.);
#783=ORIENTED_EDGE('',*,*,#1307,.T.);
#784=ORIENTED_EDGE('',*,*,#1215,.T.);
#785=ORIENTED_EDGE('',*,*,#1308,.F.);
#786=ORIENTED_EDGE('',*,*,#1309,.F.);
#787=ORIENTED_EDGE('',*,*,#992,.T.);
#788=ORIENTED_EDGE('',*,*,#1297,.F.);
#789=ORIENTED_EDGE('',*,*,#1124,.F.);
#790=ORIENTED_EDGE('',*,*,#1310,.F.);
#791=ORIENTED_EDGE('',*,*,#1311,.F.);
#792=ORIENTED_EDGE('',*,*,#1308,.T.);
#793=ORIENTED_EDGE('',*,*,#1191,.T.);
#794=ORIENTED_EDGE('',*,*,#1312,.T.);
#795=ORIENTED_EDGE('',*,*,#1071,.F.);
#796=ORIENTED_EDGE('',*,*,#1125,.F.);
#797=ORIENTED_EDGE('',*,*,#1312,.F.);
#798=ORIENTED_EDGE('',*,*,#1190,.T.);
#799=ORIENTED_EDGE('',*,*,#1186,.T.);
#800=ORIENTED_EDGE('',*,*,#1178,.F.);
#801=ORIENTED_EDGE('',*,*,#1313,.F.);
#802=ORIENTED_EDGE('',*,*,#1189,.F.);
#803=ORIENTED_EDGE('',*,*,#1314,.F.);
#804=ORIENTED_EDGE('',*,*,#1003,.F.);
#805=ORIENTED_EDGE('',*,*,#1146,.T.);
#806=ORIENTED_EDGE('',*,*,#1023,.T.);
#807=ORIENTED_EDGE('',*,*,#1155,.F.);
#808=ORIENTED_EDGE('',*,*,#1006,.F.);
#809=ORIENTED_EDGE('',*,*,#1005,.F.);
#810=ORIENTED_EDGE('',*,*,#1315,.T.);
#811=ORIENTED_EDGE('',*,*,#996,.F.);
#812=ORIENTED_EDGE('',*,*,#1314,.T.);
#813=ORIENTED_EDGE('',*,*,#1316,.T.);
#814=ORIENTED_EDGE('',*,*,#1058,.T.);
#815=ORIENTED_EDGE('',*,*,#1316,.F.);
#816=ORIENTED_EDGE('',*,*,#1059,.F.);
#817=ORIENTED_EDGE('',*,*,#1174,.T.);
#818=ORIENTED_EDGE('',*,*,#1317,.T.);
#819=ORIENTED_EDGE('',*,*,#1114,.T.);
#820=ORIENTED_EDGE('',*,*,#1175,.F.);
#821=ORIENTED_EDGE('',*,*,#1171,.F.);
#822=ORIENTED_EDGE('',*,*,#1150,.T.);
#823=ORIENTED_EDGE('',*,*,#1044,.T.);
#824=ORIENTED_EDGE('',*,*,#1279,.F.);
#825=ORIENTED_EDGE('',*,*,#1169,.F.);
#826=ORIENTED_EDGE('',*,*,#1160,.T.);
#827=ORIENTED_EDGE('',*,*,#1166,.F.);
#828=ORIENTED_EDGE('',*,*,#1162,.T.);
#829=ORIENTED_EDGE('',*,*,#1052,.T.);
#830=ORIENTED_EDGE('',*,*,#1144,.T.);
#831=ORIENTED_EDGE('',*,*,#1048,.T.);
#832=ORIENTED_EDGE('',*,*,#1158,.T.);
#833=ORIENTED_EDGE('',*,*,#1167,.F.);
#834=ORIENTED_EDGE('',*,*,#1145,.F.);
#835=ORIENTED_EDGE('',*,*,#1001,.T.);
#836=ORIENTED_EDGE('',*,*,#1163,.F.);
#837=ORIENTED_EDGE('',*,*,#1025,.F.);
#838=ORIENTED_EDGE('',*,*,#1156,.F.);
#839=ORIENTED_EDGE('',*,*,#1046,.F.);
#840=ORIENTED_EDGE('',*,*,#1149,.F.);
#841=ORIENTED_EDGE('',*,*,#1176,.T.);
#842=ORIENTED_EDGE('',*,*,#1056,.T.);
#843=ORIENTED_EDGE('',*,*,#1140,.F.);
#844=ORIENTED_EDGE('',*,*,#1143,.F.);
#845=ORIENTED_EDGE('',*,*,#1151,.T.);
#846=ORIENTED_EDGE('',*,*,#1159,.F.);
#847=ORIENTED_EDGE('',*,*,#1050,.F.);
#848=ORIENTED_EDGE('',*,*,#1154,.F.);
#849=ORIENTED_EDGE('',*,*,#1021,.F.);
#850=ORIENTED_EDGE('',*,*,#1147,.F.);
#851=ORIENTED_EDGE('',*,*,#1008,.T.);
#852=ORIENTED_EDGE('',*,*,#1141,.T.);
#853=ORIENTED_EDGE('',*,*,#1115,.T.);
#854=ORIENTED_EDGE('',*,*,#1128,.F.);
#855=ORIENTED_EDGE('',*,*,#1318,.T.);
#856=ORIENTED_EDGE('',*,*,#1132,.F.);
#857=ORIENTED_EDGE('',*,*,#1139,.T.);
#858=ORIENTED_EDGE('',*,*,#1319,.T.);
#859=ORIENTED_EDGE('',*,*,#1320,.T.);
#860=ORIENTED_EDGE('',*,*,#1321,.T.);
#861=ORIENTED_EDGE('',*,*,#1122,.T.);
#862=ORIENTED_EDGE('',*,*,#1322,.T.);
#863=ORIENTED_EDGE('',*,*,#1323,.T.);
#864=ORIENTED_EDGE('',*,*,#1319,.F.);
#865=ORIENTED_EDGE('',*,*,#1121,.T.);
#866=ORIENTED_EDGE('',*,*,#1324,.T.);
#867=ORIENTED_EDGE('',*,*,#1325,.T.);
#868=ORIENTED_EDGE('',*,*,#1322,.F.);
#869=ORIENTED_EDGE('',*,*,#1120,.T.);
#870=ORIENTED_EDGE('',*,*,#1326,.T.);
#871=ORIENTED_EDGE('',*,*,#1324,.F.);
#872=ORIENTED_EDGE('',*,*,#1119,.T.);
#873=ORIENTED_EDGE('',*,*,#1327,.T.);
#874=ORIENTED_EDGE('',*,*,#1328,.T.);
#875=ORIENTED_EDGE('',*,*,#1329,.T.);
#876=ORIENTED_EDGE('',*,*,#1327,.F.);
#877=ORIENTED_EDGE('',*,*,#1118,.T.);
#878=ORIENTED_EDGE('',*,*,#1134,.T.);
#879=ORIENTED_EDGE('',*,*,#1330,.T.);
#880=ORIENTED_EDGE('',*,*,#1328,.F.);
#881=ORIENTED_EDGE('',*,*,#1117,.T.);
#882=ORIENTED_EDGE('',*,*,#1321,.F.);
#883=ORIENTED_EDGE('',*,*,#1331,.T.);
#884=ORIENTED_EDGE('',*,*,#1078,.F.);
#885=ORIENTED_EDGE('',*,*,#1123,.T.);
#886=ORIENTED_EDGE('',*,*,#1011,.T.);
#887=ORIENTED_EDGE('',*,*,#1084,.T.);
#888=ORIENTED_EDGE('',*,*,#1131,.T.);
#889=ORIENTED_EDGE('',*,*,#1302,.F.);
#890=ORIENTED_EDGE('',*,*,#1109,.T.);
#891=ORIENTED_EDGE('',*,*,#1332,.T.);
#892=ORIENTED_EDGE('',*,*,#1126,.F.);
#893=ORIENTED_EDGE('',*,*,#1093,.F.);
#894=ORIENTED_EDGE('',*,*,#1089,.T.);
#895=ORIENTED_EDGE('',*,*,#1103,.F.);
#896=ORIENTED_EDGE('',*,*,#1097,.T.);
#897=ORIENTED_EDGE('',*,*,#1333,.T.);
#898=ORIENTED_EDGE('',*,*,#1101,.T.);
#899=ORIENTED_EDGE('',*,*,#1082,.T.);
#900=ORIENTED_EDGE('',*,*,#1333,.F.);
#901=ORIENTED_EDGE('',*,*,#1096,.T.);
#902=ORIENTED_EDGE('',*,*,#1334,.F.);
#903=ORIENTED_EDGE('',*,*,#1110,.F.);
#904=ORIENTED_EDGE('',*,*,#1091,.F.);
#905=ORIENTED_EDGE('',*,*,#1335,.F.);
#906=ORIENTED_EDGE('',*,*,#1100,.T.);
#907=ORIENTED_EDGE('',*,*,#1112,.F.);
#908=ORIENTED_EDGE('',*,*,#1334,.T.);
#909=ORIENTED_EDGE('',*,*,#1090,.T.);
#910=ORIENTED_EDGE('',*,*,#1335,.T.);
#911=ORIENTED_EDGE('',*,*,#1111,.F.);
#912=ORIENTED_EDGE('',*,*,#1310,.T.);
#913=ORIENTED_EDGE('',*,*,#1080,.T.);
#914=ORIENTED_EDGE('',*,*,#994,.F.);
#915=ORIENTED_EDGE('',*,*,#1336,.F.);
#916=ORIENTED_EDGE('',*,*,#993,.T.);
#917=ORIENTED_EDGE('',*,*,#1309,.T.);
#918=ORIENTED_EDGE('',*,*,#1311,.T.);
#919=ORIENTED_EDGE('',*,*,#1336,.T.);
#920=ORIENTED_EDGE('',*,*,#1337,.F.);
#921=ORIENTED_EDGE('',*,*,#1076,.F.);
#922=ORIENTED_EDGE('',*,*,#1338,.F.);
#923=ORIENTED_EDGE('',*,*,#1339,.T.);
#924=ORIENTED_EDGE('',*,*,#1303,.T.);
#925=ORIENTED_EDGE('',*,*,#1067,.F.);
#926=ORIENTED_EDGE('',*,*,#1340,.T.);
#927=ORIENTED_EDGE('',*,*,#1341,.T.);
#928=ORIENTED_EDGE('',*,*,#1074,.F.);
#929=ORIENTED_EDGE('',*,*,#1313,.T.);
#930=ORIENTED_EDGE('',*,*,#1200,.F.);
#931=ORIENTED_EDGE('',*,*,#1300,.F.);
#932=ORIENTED_EDGE('',*,*,#1339,.F.);
#933=ORIENTED_EDGE('',*,*,#1342,.F.);
#934=ORIENTED_EDGE('',*,*,#1340,.F.);
#935=ORIENTED_EDGE('',*,*,#1299,.F.);
#936=ORIENTED_EDGE('',*,*,#1341,.F.);
#937=ORIENTED_EDGE('',*,*,#1342,.T.);
#938=ORIENTED_EDGE('',*,*,#1338,.T.);
#939=ORIENTED_EDGE('',*,*,#1075,.F.);
#940=ORIENTED_EDGE('',*,*,#1337,.T.);
#941=ORIENTED_EDGE('',*,*,#1061,.F.);
#942=ORIENTED_EDGE('',*,*,#1135,.F.);
#943=ORIENTED_EDGE('',*,*,#1064,.F.);
#944=ORIENTED_EDGE('',*,*,#1315,.F.);
#945=ORIENTED_EDGE('',*,*,#1004,.T.);
#946=ORIENTED_EDGE('',*,*,#1260,.F.);
#947=ORIENTED_EDGE('',*,*,#1028,.F.);
#948=ORIENTED_EDGE('',*,*,#1018,.T.);
#949=ORIENTED_EDGE('',*,*,#997,.T.);
#950=ORIENTED_EDGE('',*,*,#1203,.T.);
#951=ORIENTED_EDGE('',*,*,#1081,.T.);
#952=ORIENTED_EDGE('',*,*,#1181,.F.);
#953=ORIENTED_EDGE('',*,*,#1294,.F.);
#954=ORIENTED_EDGE('',*,*,#1292,.F.);
#955=ORIENTED_EDGE('',*,*,#1290,.F.);
#956=ORIENTED_EDGE('',*,*,#1288,.F.);
#957=ORIENTED_EDGE('',*,*,#1286,.F.);
#958=ORIENTED_EDGE('',*,*,#1284,.F.);
#959=ORIENTED_EDGE('',*,*,#1298,.F.);
#960=ORIENTED_EDGE('',*,*,#1295,.F.);
#961=ORIENTED_EDGE('',*,*,#990,.F.);
#962=ORIENTED_EDGE('',*,*,#1252,.F.);
#963=ORIENTED_EDGE('',*,*,#1278,.F.);
#964=ORIENTED_EDGE('',*,*,#1226,.F.);
#965=ORIENTED_EDGE('',*,*,#1304,.F.);
#966=ORIENTED_EDGE('',*,*,#1243,.F.);
#967=ORIENTED_EDGE('',*,*,#1250,.F.);
#968=ORIENTED_EDGE('',*,*,#1318,.F.);
#969=ORIENTED_EDGE('',*,*,#1127,.F.);
#970=ORIENTED_EDGE('',*,*,#1332,.F.);
#971=ORIENTED_EDGE('',*,*,#1108,.F.);
#972=ORIENTED_EDGE('',*,*,#1317,.F.);
#973=ORIENTED_EDGE('',*,*,#1173,.F.);
#974=ORIENTED_EDGE('',*,*,#984,.F.);
#975=ORIENTED_EDGE('',*,*,#1079,.F.);
#976=ORIENTED_EDGE('',*,*,#1331,.F.);
#977=ORIENTED_EDGE('',*,*,#1320,.F.);
#978=ORIENTED_EDGE('',*,*,#1323,.F.);
#979=ORIENTED_EDGE('',*,*,#1325,.F.);
#980=ORIENTED_EDGE('',*,*,#1326,.F.);
#981=ORIENTED_EDGE('',*,*,#1329,.F.);
#982=ORIENTED_EDGE('',*,*,#1330,.F.);
#983=ORIENTED_EDGE('',*,*,#1133,.F.);
#984=EDGE_CURVE('',#1343,#1344,#1578,.T.);
#985=EDGE_CURVE('',#1344,#1345,#1579,.T.);
#986=EDGE_CURVE('',#1345,#1346,#1580,.T.);
#987=EDGE_CURVE('',#1347,#1346,#1581,.T.);
#988=EDGE_CURVE('',#1347,#1348,#1582,.T.);
#989=EDGE_CURVE('',#1348,#1349,#1583,.T.);
#990=EDGE_CURVE('',#1349,#1350,#1584,.T.);
#991=EDGE_CURVE('',#1351,#1350,#1585,.T.);
#992=EDGE_CURVE('',#1352,#1351,#1586,.T.);
#993=EDGE_CURVE('',#1353,#1352,#1587,.T.);
#994=EDGE_CURVE('',#1353,#1354,#1588,.T.);
#995=EDGE_CURVE('',#1354,#1343,#1589,.T.);
#996=EDGE_CURVE('',#1355,#1356,#195,.T.);
#997=EDGE_CURVE('',#1357,#1356,#1590,.T.);
#998=EDGE_CURVE('',#1358,#1357,#1591,.T.);
#999=EDGE_CURVE('',#1358,#1359,#196,.T.);
#1000=EDGE_CURVE('',#1360,#1359,#1592,.T.);
#1001=EDGE_CURVE('',#1361,#1360,#197,.T.);
#1002=EDGE_CURVE('',#1362,#1361,#1593,.T.);
#1003=EDGE_CURVE('',#1362,#1355,#1594,.T.);
#1004=EDGE_CURVE('',#1363,#1364,#1595,.T.);
#1005=EDGE_CURVE('',#1363,#1365,#198,.T.);
#1006=EDGE_CURVE('',#1365,#1366,#1596,.T.);
#1007=EDGE_CURVE('',#1367,#1366,#1597,.T.);
#1008=EDGE_CURVE('',#1368,#1367,#199,.T.);
#1009=EDGE_CURVE('',#1369,#1368,#1598,.T.);
#1010=EDGE_CURVE('',#1370,#1369,#1599,.T.);
#1011=EDGE_CURVE('',#1371,#1370,#200,.T.);
#1012=EDGE_CURVE('',#1372,#1371,#1600,.T.);
#1013=EDGE_CURVE('',#1373,#1372,#201,.T.);
#1014=EDGE_CURVE('',#1374,#1373,#1601,.T.);
#1015=EDGE_CURVE('',#1375,#1374,#1602,.T.);
#1016=EDGE_CURVE('',#1375,#1376,#202,.T.);
#1017=EDGE_CURVE('',#1364,#1376,#1603,.T.);
#1018=EDGE_CURVE('',#1377,#1357,#1604,.T.);
#1019=EDGE_CURVE('',#1378,#1377,#1605,.T.);
#1020=EDGE_CURVE('',#1378,#1358,#1606,.T.);
#1021=EDGE_CURVE('',#1379,#1380,#203,.T.);
#1022=EDGE_CURVE('',#1380,#1381,#1607,.T.);
#1023=EDGE_CURVE('',#1382,#1381,#1608,.T.);
#1024=EDGE_CURVE('',#1382,#1383,#1609,.T.);
#1025=EDGE_CURVE('',#1383,#1384,#204,.T.);
#1026=EDGE_CURVE('',#1384,#1385,#1610,.T.);
#1027=EDGE_CURVE('',#1378,#1385,#205,.T.);
#1028=EDGE_CURVE('',#1377,#1386,#1611,.T.);
#1029=EDGE_CURVE('',#1386,#1387,#1612,.T.);
#1030=EDGE_CURVE('',#1388,#1387,#206,.T.);
#1031=EDGE_CURVE('',#1388,#1389,#1613,.T.);
#1032=EDGE_CURVE('',#1390,#1389,#1614,.T.);
#1033=EDGE_CURVE('',#1390,#1391,#1615,.T.);
#1034=EDGE_CURVE('',#1391,#1392,#1616,.T.);
#1035=EDGE_CURVE('',#1392,#1393,#1617,.T.);
#1036=EDGE_CURVE('',#1394,#1393,#207,.T.);
#1037=EDGE_CURVE('',#1394,#1395,#1618,.T.);
#1038=EDGE_CURVE('',#1395,#1396,#1619,.T.);
#1039=EDGE_CURVE('',#1396,#1397,#1620,.T.);
#1040=EDGE_CURVE('',#1398,#1397,#208,.T.);
#1041=EDGE_CURVE('',#1398,#1399,#1621,.T.);
#1042=EDGE_CURVE('',#1399,#1400,#1622,.T.);
#1043=EDGE_CURVE('',#1400,#1401,#1623,.T.);
#1044=EDGE_CURVE('',#1402,#1401,#1624,.T.);
#1045=EDGE_CURVE('',#1402,#1403,#1625,.T.);
#1046=EDGE_CURVE('',#1403,#1404,#209,.T.);
#1047=EDGE_CURVE('',#1404,#1405,#1626,.T.);
#1048=EDGE_CURVE('',#1406,#1405,#1627,.T.);
#1049=EDGE_CURVE('',#1406,#1407,#1628,.T.);
#1050=EDGE_CURVE('',#1407,#1408,#210,.T.);
#1051=EDGE_CURVE('',#1408,#1409,#1629,.T.);
#1052=EDGE_CURVE('',#1410,#1409,#1630,.T.);
#1053=EDGE_CURVE('',#1410,#1411,#1631,.T.);
#1054=EDGE_CURVE('',#1412,#1411,#1632,.T.);
#1055=EDGE_CURVE('',#1412,#1379,#1633,.T.);
#1056=EDGE_CURVE('',#1413,#1413,#211,.T.);
#1057=EDGE_CURVE('',#1414,#1414,#212,.T.);
#1058=EDGE_CURVE('',#1415,#1415,#213,.T.);
#1059=EDGE_CURVE('',#1416,#1416,#214,.T.);
#1060=EDGE_CURVE('',#1417,#1418,#1634,.T.);
#1061=EDGE_CURVE('',#1417,#1419,#1635,.T.);
#1062=EDGE_CURVE('',#1418,#1419,#1636,.T.);
#1063=EDGE_CURVE('',#1420,#1421,#1637,.T.);
#1064=EDGE_CURVE('',#1420,#1422,#1638,.T.);
#1065=EDGE_CURVE('',#1422,#1421,#1639,.T.);
#1066=EDGE_CURVE('',#1418,#1423,#1640,.T.);
#1067=EDGE_CURVE('',#1419,#1424,#1641,.T.);
#1068=EDGE_CURVE('',#1423,#1424,#1642,.T.);
#1069=EDGE_CURVE('',#1417,#1425,#1643,.T.);
#1070=EDGE_CURVE('',#1425,#1423,#1644,.T.);
#1071=EDGE_CURVE('',#1426,#1427,#1645,.T.);
#1072=EDGE_CURVE('',#1428,#1427,#1646,.T.);
#1073=EDGE_CURVE('',#1428,#1429,#1647,.T.);
#1074=EDGE_CURVE('',#1429,#1430,#1648,.T.);
#1075=EDGE_CURVE('',#1430,#1431,#1649,.T.);
#1076=EDGE_CURVE('',#1431,#1420,#1650,.T.);
#1077=EDGE_CURVE('',#1426,#1421,#1651,.T.);
#1078=EDGE_CURVE('',#1432,#1433,#1652,.T.);
#1079=EDGE_CURVE('',#1433,#1343,#1653,.T.);
#1080=EDGE_CURVE('',#1432,#1354,#1654,.T.);
#1081=EDGE_CURVE('',#1434,#1434,#215,.F.);
#1082=EDGE_CURVE('',#1435,#1436,#216,.T.);
#1083=EDGE_CURVE('',#1435,#1437,#1655,.T.);
#1084=EDGE_CURVE('',#1370,#1437,#1656,.T.);
#1085=EDGE_CURVE('',#1412,#1369,#1657,.T.);
#1086=EDGE_CURVE('',#1438,#1411,#1658,.T.);
#1087=EDGE_CURVE('',#1438,#1439,#1659,.T.);
#1088=EDGE_CURVE('',#1440,#1439,#1660,.T.);
#1089=EDGE_CURVE('',#1436,#1440,#1661,.T.);
#1090=EDGE_CURVE('',#1441,#1442,#1662,.T.);
#1091=EDGE_CURVE('',#1441,#1443,#1663,.T.);
#1092=EDGE_CURVE('',#1443,#1444,#1664,.T.);
#1093=EDGE_CURVE('',#1444,#1445,#1665,.F.);
#1094=EDGE_CURVE('',#1446,#1445,#1666,.T.);
#1095=EDGE_CURVE('',#1447,#1446,#1667,.T.);
#1096=EDGE_CURVE('',#1448,#1447,#217,.T.);
#1097=EDGE_CURVE('',#1449,#1448,#1668,.T.);
#1098=EDGE_CURVE('',#1449,#1450,#1669,.T.);
#1099=EDGE_CURVE('',#1450,#1451,#1670,.T.);
#1100=EDGE_CURVE('',#1442,#1451,#1671,.T.);
#1101=EDGE_CURVE('',#1447,#1435,#1672,.T.);
#1102=EDGE_CURVE('',#1437,#1446,#1673,.T.);
#1103=EDGE_CURVE('',#1449,#1440,#1674,.T.);
#1104=EDGE_CURVE('',#1452,#1439,#1675,.T.);
#1105=EDGE_CURVE('',#1452,#1453,#1676,.T.);
#1106=EDGE_CURVE('',#1454,#1453,#1677,.T.);
#1107=EDGE_CURVE('',#1454,#1450,#1678,.T.);
#1108=EDGE_CURVE('',#1455,#1456,#1679,.T.);
#1109=EDGE_CURVE('',#1444,#1456,#218,.T.);
#1110=EDGE_CURVE('',#1443,#1457,#1680,.T.);
#1111=EDGE_CURVE('',#1457,#1458,#1681,.T.);
#1112=EDGE_CURVE('',#1458,#1451,#1682,.T.);
#1113=EDGE_CURVE('',#1454,#1459,#1683,.T.);
#1114=EDGE_CURVE('',#1455,#1459,#1684,.T.);
#1115=EDGE_CURVE('',#1460,#1460,#219,.F.);
#1116=EDGE_CURVE('',#1461,#1422,#1685,.T.);
#1117=EDGE_CURVE('',#1462,#1461,#220,.F.);
#1118=EDGE_CURVE('',#1463,#1462,#221,.T.);
#1119=EDGE_CURVE('',#1464,#1463,#222,.F.);
#1120=EDGE_CURVE('',#1465,#1464,#223,.T.);
#1121=EDGE_CURVE('',#1466,#1465,#224,.F.);
#1122=EDGE_CURVE('',#1467,#1466,#1686,.T.);
#1123=EDGE_CURVE('',#1432,#1467,#1687,.T.);
#1124=EDGE_CURVE('',#1432,#1468,#1688,.T.);
#1125=EDGE_CURVE('',#1468,#1426,#225,.T.);
#1126=EDGE_CURVE('',#1445,#1469,#226,.T.);
#1127=EDGE_CURVE('',#1469,#1470,#1689,.T.);
#1128=EDGE_CURVE('',#1470,#1471,#1690,.T.);
#1129=EDGE_CURVE('',#1471,#1472,#1691,.T.);
#1130=EDGE_CURVE('',#1473,#1472,#1692,.T.);
#1131=EDGE_CURVE('',#1437,#1473,#227,.T.);
#1132=EDGE_CURVE('',#1474,#1475,#1693,.T.);
#1133=EDGE_CURVE('',#1475,#1476,#1694,.T.);
#1134=EDGE_CURVE('',#1461,#1476,#1695,.T.);
#1135=EDGE_CURVE('',#1422,#1417,#1696,.T.);
#1136=EDGE_CURVE('',#1425,#1477,#1697,.T.);
#1137=EDGE_CURVE('',#1474,#1477,#1698,.T.);
#1138=EDGE_CURVE('',#1472,#1477,#1699,.T.);
#1139=EDGE_CURVE('',#1474,#1471,#1700,.T.);
#1140=EDGE_CURVE('',#1478,#1478,#228,.T.);
#1141=EDGE_CURVE('',#1479,#1479,#229,.T.);
#1142=EDGE_CURVE('',#1480,#1481,#1701,.T.);
#1143=EDGE_CURVE('',#1481,#1407,#1702,.T.);
#1144=EDGE_CURVE('',#1480,#1406,#1703,.T.);
#1145=EDGE_CURVE('',#1361,#1383,#1704,.T.);
#1146=EDGE_CURVE('',#1362,#1382,#1705,.T.);
#1147=EDGE_CURVE('',#1368,#1379,#1706,.T.);
#1148=EDGE_CURVE('',#1482,#1483,#1707,.T.);
#1149=EDGE_CURVE('',#1483,#1403,#1708,.T.);
#1150=EDGE_CURVE('',#1482,#1402,#1709,.T.);
#1151=EDGE_CURVE('',#1481,#1484,#230,.T.);
#1152=EDGE_CURVE('',#1480,#1485,#1710,.T.);
#1153=EDGE_CURVE('',#1484,#1485,#1711,.T.);
#1154=EDGE_CURVE('',#1380,#1367,#1712,.F.);
#1155=EDGE_CURVE('',#1366,#1381,#1713,.T.);
#1156=EDGE_CURVE('',#1404,#1486,#1714,.F.);
#1157=EDGE_CURVE('',#1486,#1487,#1715,.T.);
#1158=EDGE_CURVE('',#1405,#1487,#1716,.T.);
#1159=EDGE_CURVE('',#1408,#1484,#1717,.F.);
#1160=EDGE_CURVE('',#1409,#1485,#1718,.T.);
#1161=EDGE_CURVE('',#1488,#1438,#1719,.T.);
#1162=EDGE_CURVE('',#1488,#1410,#1720,.T.);
#1163=EDGE_CURVE('',#1384,#1360,#1721,.F.);
#1164=EDGE_CURVE('',#1359,#1385,#1722,.F.);
#1165=EDGE_CURVE('',#1488,#1452,#1723,.T.);
#1166=EDGE_CURVE('',#1488,#1485,#1724,.T.);
#1167=EDGE_CURVE('',#1480,#1487,#1725,.T.);
#1168=EDGE_CURVE('',#1482,#1487,#1726,.T.);
#1169=EDGE_CURVE('',#1482,#1346,#1727,.T.);
#1170=EDGE_CURVE('',#1345,#1489,#1728,.T.);
#1171=EDGE_CURVE('',#1489,#1490,#231,.T.);
#1172=EDGE_CURVE('',#1453,#1490,#1729,.T.);
#1173=EDGE_CURVE('',#1344,#1491,#1730,.T.);
#1174=EDGE_CURVE('',#1489,#1491,#1731,.F.);
#1175=EDGE_CURVE('',#1490,#1459,#156,.F.);
#1176=EDGE_CURVE('',#1483,#1486,#232,.T.);
#1177=EDGE_CURVE('',#1492,#1493,#1732,.T.);
#1178=EDGE_CURVE('',#1492,#1494,#1733,.T.);
#1179=EDGE_CURVE('',#1494,#1493,#1734,.T.);
#1180=EDGE_CURVE('',#1495,#1496,#1735,.T.);
#1181=EDGE_CURVE('',#1496,#1497,#1736,.T.);
#1182=EDGE_CURVE('',#1498,#1497,#1737,.T.);
#1183=EDGE_CURVE('',#1499,#1498,#1738,.T.);
#1184=EDGE_CURVE('',#1499,#1500,#1739,.T.);
#1185=EDGE_CURVE('',#1500,#1494,#1740,.T.);
#1186=EDGE_CURVE('',#1501,#1494,#1741,.T.);
#1187=EDGE_CURVE('',#1501,#1495,#1742,.T.);
#1188=EDGE_CURVE('',#1501,#1428,#1743,.T.);
#1189=EDGE_CURVE('',#1501,#1429,#1744,.T.);
#1190=EDGE_CURVE('',#1502,#1427,#233,.T.);
#1191=EDGE_CURVE('',#1503,#1502,#1745,.T.);
#1192=EDGE_CURVE('',#1504,#1503,#1746,.T.);
#1193=EDGE_CURVE('',#1505,#1504,#1747,.T.);
#1194=EDGE_CURVE('',#1506,#1505,#234,.F.);
#1195=EDGE_CURVE('',#1507,#1506,#235,.T.);
#1196=EDGE_CURVE('',#1508,#1507,#236,.F.);
#1197=EDGE_CURVE('',#1509,#1508,#237,.T.);
#1198=EDGE_CURVE('',#1495,#1509,#238,.F.);
#1199=EDGE_CURVE('',#1510,#1511,#1748,.T.);
#1200=EDGE_CURVE('',#1510,#1492,#1749,.T.);
#1201=EDGE_CURVE('',#1511,#1493,#1750,.T.);
#1202=EDGE_CURVE('',#1511,#1500,#1751,.T.);
#1203=EDGE_CURVE('',#1512,#1512,#239,.F.);
#1204=EDGE_CURVE('',#1513,#1514,#240,.T.);
#1205=EDGE_CURVE('',#1515,#1513,#1752,.T.);
#1206=EDGE_CURVE('',#1516,#1515,#1753,.T.);
#1207=EDGE_CURVE('',#1516,#1517,#1754,.T.);
#1208=EDGE_CURVE('',#1390,#1517,#1755,.T.);
#1209=EDGE_CURVE('',#1374,#1389,#1756,.T.);
#1210=EDGE_CURVE('',#1373,#1518,#1757,.T.);
#1211=EDGE_CURVE('',#1518,#1514,#1758,.T.);
#1212=EDGE_CURVE('',#1519,#1520,#1759,.T.);
#1213=EDGE_CURVE('',#1520,#1521,#1760,.T.);
#1214=EDGE_CURVE('',#1521,#1522,#1761,.T.);
#1215=EDGE_CURVE('',#1523,#1522,#1762,.T.);
#1216=EDGE_CURVE('',#1523,#1524,#1763,.T.);
#1217=EDGE_CURVE('',#1524,#1525,#1764,.T.);
#1218=EDGE_CURVE('',#1526,#1525,#1765,.T.);
#1219=EDGE_CURVE('',#1527,#1526,#1766,.T.);
#1220=EDGE_CURVE('',#1528,#1527,#241,.T.);
#1221=EDGE_CURVE('',#1529,#1528,#1767,.T.);
#1222=EDGE_CURVE('',#1519,#1529,#1768,.T.);
#1223=EDGE_CURVE('',#1514,#1528,#1769,.F.);
#1224=EDGE_CURVE('',#1518,#1529,#1770,.T.);
#1225=EDGE_CURVE('',#1530,#1520,#242,.T.);
#1226=EDGE_CURVE('',#1530,#1531,#1771,.T.);
#1227=EDGE_CURVE('',#1532,#1531,#1772,.F.);
#1228=EDGE_CURVE('',#1533,#1532,#1773,.T.);
#1229=EDGE_CURVE('',#1525,#1533,#1774,.T.);
#1230=EDGE_CURVE('',#1524,#1534,#1775,.T.);
#1231=EDGE_CURVE('',#1534,#1535,#1776,.T.);
#1232=EDGE_CURVE('',#1535,#1521,#1777,.T.);
#1233=EDGE_CURVE('',#1536,#1536,#243,.F.);
#1234=EDGE_CURVE('',#1388,#1375,#1778,.T.);
#1235=EDGE_CURVE('',#1517,#1537,#1779,.T.);
#1236=EDGE_CURVE('',#1391,#1537,#1780,.T.);
#1237=EDGE_CURVE('',#1538,#1539,#1781,.T.);
#1238=EDGE_CURVE('',#1516,#1538,#1782,.T.);
#1239=EDGE_CURVE('',#1526,#1515,#1783,.T.);
#1240=EDGE_CURVE('',#1539,#1533,#1784,.T.);
#1241=EDGE_CURVE('',#1538,#1537,#1785,.T.);
#1242=EDGE_CURVE('',#1540,#1541,#1786,.T.);
#1243=EDGE_CURVE('',#1541,#1542,#1787,.T.);
#1244=EDGE_CURVE('',#1542,#1519,#244,.T.);
#1245=EDGE_CURVE('',#1543,#1518,#245,.T.);
#1246=EDGE_CURVE('',#1544,#1543,#1788,.T.);
#1247=EDGE_CURVE('',#1544,#1540,#1789,.T.);
#1248=EDGE_CURVE('',#1499,#1544,#1790,.T.);
#1249=EDGE_CURVE('',#1498,#1540,#1791,.T.);
#1250=EDGE_CURVE('',#1497,#1541,#1792,.T.);
#1251=EDGE_CURVE('',#1545,#1546,#1793,.T.);
#1252=EDGE_CURVE('',#1545,#1349,#1794,.T.);
#1253=EDGE_CURVE('',#1348,#1546,#1795,.T.);
#1254=EDGE_CURVE('',#1547,#1548,#1796,.T.);
#1255=EDGE_CURVE('',#1548,#1397,#1797,.F.);
#1256=EDGE_CURVE('',#1547,#1396,#1798,.T.);
#1257=EDGE_CURVE('',#1394,#1549,#1799,.T.);
#1258=EDGE_CURVE('',#1549,#1550,#1800,.T.);
#1259=EDGE_CURVE('',#1395,#1550,#1801,.T.);
#1260=EDGE_CURVE('',#1386,#1364,#1802,.T.);
#1261=EDGE_CURVE('',#1376,#1387,#1803,.F.);
#1262=EDGE_CURVE('',#1398,#1551,#1804,.T.);
#1263=EDGE_CURVE('',#1551,#1552,#1805,.T.);
#1264=EDGE_CURVE('',#1399,#1552,#1806,.T.);
#1265=EDGE_CURVE('',#1549,#1553,#246,.T.);
#1266=EDGE_CURVE('',#1554,#1553,#1807,.T.);
#1267=EDGE_CURVE('',#1554,#1550,#1808,.T.);
#1268=EDGE_CURVE('',#1537,#1554,#1809,.T.);
#1269=EDGE_CURVE('',#1539,#1555,#1810,.T.);
#1270=EDGE_CURVE('',#1555,#1546,#247,.T.);
#1271=EDGE_CURVE('',#1552,#1347,#1811,.T.);
#1272=EDGE_CURVE('',#1547,#1552,#1812,.T.);
#1273=EDGE_CURVE('',#1550,#1547,#1813,.T.);
#1274=EDGE_CURVE('',#1553,#1393,#1814,.F.);
#1275=EDGE_CURVE('',#1554,#1392,#1815,.T.);
#1276=EDGE_CURVE('',#1551,#1548,#248,.T.);
#1277=EDGE_CURVE('',#1532,#1555,#157,.F.);
#1278=EDGE_CURVE('',#1531,#1545,#249,.T.);
#1279=EDGE_CURVE('',#1346,#1401,#1816,.T.);
#1280=EDGE_CURVE('',#1400,#1347,#1817,.T.);
#1281=EDGE_CURVE('',#1556,#1556,#250,.T.);
#1282=EDGE_CURVE('',#1557,#1557,#251,.T.);
#1283=EDGE_CURVE('',#1504,#1558,#1818,.T.);
#1284=EDGE_CURVE('',#1558,#1559,#1819,.T.);
#1285=EDGE_CURVE('',#1505,#1559,#1820,.T.);
#1286=EDGE_CURVE('',#1559,#1560,#252,.T.);
#1287=EDGE_CURVE('',#1506,#1560,#1821,.T.);
#1288=EDGE_CURVE('',#1560,#1561,#253,.F.);
#1289=EDGE_CURVE('',#1507,#1561,#1822,.T.);
#1290=EDGE_CURVE('',#1561,#1562,#254,.T.);
#1291=EDGE_CURVE('',#1508,#1562,#1823,.T.);
#1292=EDGE_CURVE('',#1562,#1563,#255,.T.);
#1293=EDGE_CURVE('',#1509,#1563,#1824,.T.);
#1294=EDGE_CURVE('',#1563,#1496,#256,.T.);
#1295=EDGE_CURVE('',#1350,#1564,#1825,.T.);
#1296=EDGE_CURVE('',#1503,#1564,#1826,.T.);
#1297=EDGE_CURVE('',#1503,#1351,#1827,.T.);
#1298=EDGE_CURVE('',#1564,#1558,#1828,.T.);
#1299=EDGE_CURVE('',#1565,#1566,#1829,.T.);
#1300=EDGE_CURVE('',#1566,#1510,#1830,.T.);
#1301=EDGE_CURVE('',#1372,#1543,#1831,.T.);
#1302=EDGE_CURVE('',#1371,#1473,#1832,.T.);
#1303=EDGE_CURVE('',#1565,#1424,#1833,.T.);
#1304=EDGE_CURVE('',#1542,#1530,#1834,.T.);
#1305=EDGE_CURVE('',#1527,#1513,#1835,.T.);
#1306=EDGE_CURVE('',#1522,#1535,#1836,.T.);
#1307=EDGE_CURVE('',#1534,#1523,#1837,.T.);
#1308=EDGE_CURVE('',#1567,#1503,#1838,.T.);
#1309=EDGE_CURVE('',#1352,#1567,#1839,.T.);
#1310=EDGE_CURVE('',#1568,#1432,#1840,.T.);
#1311=EDGE_CURVE('',#1567,#1568,#1841,.T.);
#1312=EDGE_CURVE('',#1502,#1468,#1842,.T.);
#1313=EDGE_CURVE('',#1429,#1492,#1843,.T.);
#1314=EDGE_CURVE('',#1355,#1365,#158,.T.);
#1315=EDGE_CURVE('',#1363,#1356,#159,.T.);
#1316=EDGE_CURVE('',#1569,#1569,#257,.T.);
#1317=EDGE_CURVE('',#1491,#1455,#258,.T.);
#1318=EDGE_CURVE('',#1470,#1475,#1844,.T.);
#1319=EDGE_CURVE('',#1466,#1570,#1845,.T.);
#1320=EDGE_CURVE('',#1570,#1571,#1846,.T.);
#1321=EDGE_CURVE('',#1571,#1467,#1847,.T.);
#1322=EDGE_CURVE('',#1465,#1572,#1848,.T.);
#1323=EDGE_CURVE('',#1572,#1570,#259,.T.);
#1324=EDGE_CURVE('',#1464,#1573,#1849,.T.);
#1325=EDGE_CURVE('',#1573,#1572,#260,.F.);
#1326=EDGE_CURVE('',#1574,#1573,#261,.T.);
#1327=EDGE_CURVE('',#1463,#1574,#1850,.T.);
#1328=EDGE_CURVE('',#1462,#1575,#1851,.T.);
#1329=EDGE_CURVE('',#1575,#1574,#262,.T.);
#1330=EDGE_CURVE('',#1476,#1575,#263,.T.);
#1331=EDGE_CURVE('',#1571,#1433,#1852,.T.);
#1332=EDGE_CURVE('',#1456,#1469,#1853,.F.);
#1333=EDGE_CURVE('',#1448,#1436,#1854,.T.);
#1334=EDGE_CURVE('',#1457,#1441,#1855,.T.);
#1335=EDGE_CURVE('',#1442,#1458,#1856,.T.);
#1336=EDGE_CURVE('',#1568,#1353,#1857,.T.);
#1337=EDGE_CURVE('',#1420,#1419,#1858,.T.);
#1338=EDGE_CURVE('',#1576,#1431,#264,.T.);
#1339=EDGE_CURVE('',#1576,#1565,#1859,.T.);
#1340=EDGE_CURVE('',#1566,#1577,#1860,.T.);
#1341=EDGE_CURVE('',#1577,#1430,#265,.T.);
#1342=EDGE_CURVE('',#1577,#1576,#1861,.T.);
#1343=VERTEX_POINT('',#3726);
#1344=VERTEX_POINT('',#3727);
#1345=VERTEX_POINT('',#3729);
#1346=VERTEX_POINT('',#3731);
#1347=VERTEX_POINT('',#3733);
#1348=VERTEX_POINT('',#3735);
#1349=VERTEX_POINT('',#3737);
#1350=VERTEX_POINT('',#3739);
#1351=VERTEX_POINT('',#3741);
#1352=VERTEX_POINT('',#3743);
#1353=VERTEX_POINT('',#3745);
#1354=VERTEX_POINT('',#3747);
#1355=VERTEX_POINT('',#3751);
#1356=VERTEX_POINT('',#3752);
#1357=VERTEX_POINT('',#3754);
#1358=VERTEX_POINT('',#3756);
#1359=VERTEX_POINT('',#3758);
#1360=VERTEX_POINT('',#3760);
#1361=VERTEX_POINT('',#3762);
#1362=VERTEX_POINT('',#3764);
#1363=VERTEX_POINT('',#3768);
#1364=VERTEX_POINT('',#3769);
#1365=VERTEX_POINT('',#3771);
#1366=VERTEX_POINT('',#3773);
#1367=VERTEX_POINT('',#3775);
#1368=VERTEX_POINT('',#3777);
#1369=VERTEX_POINT('',#3779);
#1370=VERTEX_POINT('',#3781);
#1371=VERTEX_POINT('',#3783);
#1372=VERTEX_POINT('',#3785);
#1373=VERTEX_POINT('',#3787);
#1374=VERTEX_POINT('',#3789);
#1375=VERTEX_POINT('',#3791);
#1376=VERTEX_POINT('',#3793);
#1377=VERTEX_POINT('',#3797);
#1378=VERTEX_POINT('',#3799);
#1379=VERTEX_POINT('',#3803);
#1380=VERTEX_POINT('',#3804);
#1381=VERTEX_POINT('',#3806);
#1382=VERTEX_POINT('',#3808);
#1383=VERTEX_POINT('',#3810);
#1384=VERTEX_POINT('',#3812);
#1385=VERTEX_POINT('',#3814);
#1386=VERTEX_POINT('',#3817);
#1387=VERTEX_POINT('',#3819);
#1388=VERTEX_POINT('',#3821);
#1389=VERTEX_POINT('',#3823);
#1390=VERTEX_POINT('',#3825);
#1391=VERTEX_POINT('',#3827);
#1392=VERTEX_POINT('',#3829);
#1393=VERTEX_POINT('',#3831);
#1394=VERTEX_POINT('',#3833);
#1395=VERTEX_POINT('',#3835);
#1396=VERTEX_POINT('',#3837);
#1397=VERTEX_POINT('',#3839);
#1398=VERTEX_POINT('',#3841);
#1399=VERTEX_POINT('',#3843);
#1400=VERTEX_POINT('',#3845);
#1401=VERTEX_POINT('',#3847);
#1402=VERTEX_POINT('',#3849);
#1403=VERTEX_POINT('',#3851);
#1404=VERTEX_POINT('',#3853);
#1405=VERTEX_POINT('',#3855);
#1406=VERTEX_POINT('',#3857);
#1407=VERTEX_POINT('',#3859);
#1408=VERTEX_POINT('',#3861);
#1409=VERTEX_POINT('',#3863);
#1410=VERTEX_POINT('',#3865);
#1411=VERTEX_POINT('',#3867);
#1412=VERTEX_POINT('',#3869);
#1413=VERTEX_POINT('',#3872);
#1414=VERTEX_POINT('',#3874);
#1415=VERTEX_POINT('',#3877);
#1416=VERTEX_POINT('',#3879);
#1417=VERTEX_POINT('',#3882);
#1418=VERTEX_POINT('',#3883);
#1419=VERTEX_POINT('',#3885);
#1420=VERTEX_POINT('',#3889);
#1421=VERTEX_POINT('',#3890);
#1422=VERTEX_POINT('',#3892);
#1423=VERTEX_POINT('',#3896);
#1424=VERTEX_POINT('',#3898);
#1425=VERTEX_POINT('',#3902);
#1426=VERTEX_POINT('',#3906);
#1427=VERTEX_POINT('',#3907);
#1428=VERTEX_POINT('',#3909);
#1429=VERTEX_POINT('',#3911);
#1430=VERTEX_POINT('',#3913);
#1431=VERTEX_POINT('',#3915);
#1432=VERTEX_POINT('',#3920);
#1433=VERTEX_POINT('',#3921);
#1434=VERTEX_POINT('',#3926);
#1435=VERTEX_POINT('',#3928);
#1436=VERTEX_POINT('',#3929);
#1437=VERTEX_POINT('',#3931);
#1438=VERTEX_POINT('',#3935);
#1439=VERTEX_POINT('',#3937);
#1440=VERTEX_POINT('',#3939);
#1441=VERTEX_POINT('',#3943);
#1442=VERTEX_POINT('',#3944);
#1443=VERTEX_POINT('',#3946);
#1444=VERTEX_POINT('',#3948);
#1445=VERTEX_POINT('',#3950);
#1446=VERTEX_POINT('',#3952);
#1447=VERTEX_POINT('',#3954);
#1448=VERTEX_POINT('',#3956);
#1449=VERTEX_POINT('',#3958);
#1450=VERTEX_POINT('',#3960);
#1451=VERTEX_POINT('',#3962);
#1452=VERTEX_POINT('',#3970);
#1453=VERTEX_POINT('',#3972);
#1454=VERTEX_POINT('',#3974);
#1455=VERTEX_POINT('',#3978);
#1456=VERTEX_POINT('',#3979);
#1457=VERTEX_POINT('',#3982);
#1458=VERTEX_POINT('',#3984);
#1459=VERTEX_POINT('',#3987);
#1460=VERTEX_POINT('',#3990);
#1461=VERTEX_POINT('',#3993);
#1462=VERTEX_POINT('',#3995);
#1463=VERTEX_POINT('',#3997);
#1464=VERTEX_POINT('',#3999);
#1465=VERTEX_POINT('',#4001);
#1466=VERTEX_POINT('',#4003);
#1467=VERTEX_POINT('',#4005);
#1468=VERTEX_POINT('',#4008);
#1469=VERTEX_POINT('',#4012);
#1470=VERTEX_POINT('',#4014);
#1471=VERTEX_POINT('',#4016);
#1472=VERTEX_POINT('',#4018);
#1473=VERTEX_POINT('',#4020);
#1474=VERTEX_POINT('',#4024);
#1475=VERTEX_POINT('',#4025);
#1476=VERTEX_POINT('',#4027);
#1477=VERTEX_POINT('',#4031);
#1478=VERTEX_POINT('',#4038);
#1479=VERTEX_POINT('',#4040);
#1480=VERTEX_POINT('',#4043);
#1481=VERTEX_POINT('',#4044);
#1482=VERTEX_POINT('',#4054);
#1483=VERTEX_POINT('',#4055);
#1484=VERTEX_POINT('',#4060);
#1485=VERTEX_POINT('',#4062);
#1486=VERTEX_POINT('',#4069);
#1487=VERTEX_POINT('',#4071);
#1488=VERTEX_POINT('',#4078);
#1489=VERTEX_POINT('',#4090);
#1490=VERTEX_POINT('',#4092);
#1491=VERTEX_POINT('',#4096);
#1492=VERTEX_POINT('',#4104);
#1493=VERTEX_POINT('',#4105);
#1494=VERTEX_POINT('',#4107);
#1495=VERTEX_POINT('',#4111);
#1496=VERTEX_POINT('',#4112);
#1497=VERTEX_POINT('',#4114);
#1498=VERTEX_POINT('',#4116);
#1499=VERTEX_POINT('',#4118);
#1500=VERTEX_POINT('',#4120);
#1501=VERTEX_POINT('',#4123);
#1502=VERTEX_POINT('',#4130);
#1503=VERTEX_POINT('',#4132);
#1504=VERTEX_POINT('',#4134);
#1505=VERTEX_POINT('',#4136);
#1506=VERTEX_POINT('',#4138);
#1507=VERTEX_POINT('',#4140);
#1508=VERTEX_POINT('',#4142);
#1509=VERTEX_POINT('',#4144);
#1510=VERTEX_POINT('',#4148);
#1511=VERTEX_POINT('',#4149);
#1512=VERTEX_POINT('',#4156);
#1513=VERTEX_POINT('',#4158);
#1514=VERTEX_POINT('',#4159);
#1515=VERTEX_POINT('',#4161);
#1516=VERTEX_POINT('',#4163);
#1517=VERTEX_POINT('',#4165);
#1518=VERTEX_POINT('',#4169);
#1519=VERTEX_POINT('',#4173);
#1520=VERTEX_POINT('',#4174);
#1521=VERTEX_POINT('',#4176);
#1522=VERTEX_POINT('',#4178);
#1523=VERTEX_POINT('',#4180);
#1524=VERTEX_POINT('',#4182);
#1525=VERTEX_POINT('',#4184);
#1526=VERTEX_POINT('',#4186);
#1527=VERTEX_POINT('',#4188);
#1528=VERTEX_POINT('',#4190);
#1529=VERTEX_POINT('',#4192);
#1530=VERTEX_POINT('',#4199);
#1531=VERTEX_POINT('',#4201);
#1532=VERTEX_POINT('',#4203);
#1533=VERTEX_POINT('',#4205);
#1534=VERTEX_POINT('',#4208);
#1535=VERTEX_POINT('',#4210);
#1536=VERTEX_POINT('',#4213);
#1537=VERTEX_POINT('',#4218);
#1538=VERTEX_POINT('',#4222);
#1539=VERTEX_POINT('',#4223);
#1540=VERTEX_POINT('',#4231);
#1541=VERTEX_POINT('',#4232);
#1542=VERTEX_POINT('',#4234);
#1543=VERTEX_POINT('',#4237);
#1544=VERTEX_POINT('',#4239);
#1545=VERTEX_POINT('',#4248);
#1546=VERTEX_POINT('',#4249);
#1547=VERTEX_POINT('',#4254);
#1548=VERTEX_POINT('',#4255);
#1549=VERTEX_POINT('',#4260);
#1550=VERTEX_POINT('',#4262);
#1551=VERTEX_POINT('',#4269);
#1552=VERTEX_POINT('',#4271);
#1553=VERTEX_POINT('',#4275);
#1554=VERTEX_POINT('',#4277);
#1555=VERTEX_POINT('',#4282);
#1556=VERTEX_POINT('',#4305);
#1557=VERTEX_POINT('',#4307);
#1558=VERTEX_POINT('',#4316);
#1559=VERTEX_POINT('',#4318);
#1560=VERTEX_POINT('',#4322);
#1561=VERTEX_POINT('',#4326);
#1562=VERTEX_POINT('',#4330);
#1563=VERTEX_POINT('',#4334);
#1564=VERTEX_POINT('',#4340);
#1565=VERTEX_POINT('',#4347);
#1566=VERTEX_POINT('',#4348);
#1567=VERTEX_POINT('',#4366);
#1568=VERTEX_POINT('',#4370);
#1569=VERTEX_POINT('',#4381);
#1570=VERTEX_POINT('',#4399);
#1571=VERTEX_POINT('',#4401);
#1572=VERTEX_POINT('',#4405);
#1573=VERTEX_POINT('',#4409);
#1574=VERTEX_POINT('',#4413);
#1575=VERTEX_POINT('',#4417);
#1576=VERTEX_POINT('',#4440);
#1577=VERTEX_POINT('',#4444);
#1578=LINE('',#3725,#1862);
#1579=LINE('',#3728,#1863);
#1580=LINE('',#3730,#1864);
#1581=LINE('',#3732,#1865);
#1582=LINE('',#3734,#1866);
#1583=LINE('',#3736,#1867);
#1584=LINE('',#3738,#1868);
#1585=LINE('',#3740,#1869);
#1586=LINE('',#3742,#1870);
#1587=LINE('',#3744,#1871);
#1588=LINE('',#3746,#1872);
#1589=LINE('',#3748,#1873);
#1590=LINE('',#3753,#1874);
#1591=LINE('',#3755,#1875);
#1592=LINE('',#3759,#1876);
#1593=LINE('',#3763,#1877);
#1594=LINE('',#3765,#1878);
#1595=LINE('',#3767,#1879);
#1596=LINE('',#3772,#1880);
#1597=LINE('',#3774,#1881);
#1598=LINE('',#3778,#1882);
#1599=LINE('',#3780,#1883);
#1600=LINE('',#3784,#1884);
#1601=LINE('',#3788,#1885);
#1602=LINE('',#3790,#1886);
#1603=LINE('',#3794,#1887);
#1604=LINE('',#3796,#1888);
#1605=LINE('',#3798,#1889);
#1606=LINE('',#3800,#1890);
#1607=LINE('',#3805,#1891);
#1608=LINE('',#3807,#1892);
#1609=LINE('',#3809,#1893);
#1610=LINE('',#3813,#1894);
#1611=LINE('',#3816,#1895);
#1612=LINE('',#3818,#1896);
#1613=LINE('',#3822,#1897);
#1614=LINE('',#3824,#1898);
#1615=LINE('',#3826,#1899);
#1616=LINE('',#3828,#1900);
#1617=LINE('',#3830,#1901);
#1618=LINE('',#3834,#1902);
#1619=LINE('',#3836,#1903);
#1620=LINE('',#3838,#1904);
#1621=LINE('',#3842,#1905);
#1622=LINE('',#3844,#1906);
#1623=LINE('',#3846,#1907);
#1624=LINE('',#3848,#1908);
#1625=LINE('',#3850,#1909);
#1626=LINE('',#3854,#1910);
#1627=LINE('',#3856,#1911);
#1628=LINE('',#3858,#1912);
#1629=LINE('',#3862,#1913);
#1630=LINE('',#3864,#1914);
#1631=LINE('',#3866,#1915);
#1632=LINE('',#3868,#1916);
#1633=LINE('',#3870,#1917);
#1634=LINE('',#3881,#1918);
#1635=LINE('',#3884,#1919);
#1636=LINE('',#3886,#1920);
#1637=LINE('',#3888,#1921);
#1638=LINE('',#3891,#1922);
#1639=LINE('',#3893,#1923);
#1640=LINE('',#3895,#1924);
#1641=LINE('',#3897,#1925);
#1642=LINE('',#3899,#1926);
#1643=LINE('',#3901,#1927);
#1644=LINE('',#3903,#1928);
#1645=LINE('',#3905,#1929);
#1646=LINE('',#3908,#1930);
#1647=LINE('',#3910,#1931);
#1648=LINE('',#3912,#1932);
#1649=LINE('',#3914,#1933);
#1650=LINE('',#3916,#1934);
#1651=LINE('',#3917,#1935);
#1652=LINE('',#3919,#1936);
#1653=LINE('',#3922,#1937);
#1654=LINE('',#3923,#1938);
#1655=LINE('',#3930,#1939);
#1656=LINE('',#3932,#1940);
#1657=LINE('',#3933,#1941);
#1658=LINE('',#3934,#1942);
#1659=LINE('',#3936,#1943);
#1660=LINE('',#3938,#1944);
#1661=LINE('',#3940,#1945);
#1662=LINE('',#3942,#1946);
#1663=LINE('',#3945,#1947);
#1664=LINE('',#3947,#1948);
#1665=LINE('',#3949,#1949);
#1666=LINE('',#3951,#1950);
#1667=LINE('',#3953,#1951);
#1668=LINE('',#3957,#1952);
#1669=LINE('',#3959,#1953);
#1670=LINE('',#3961,#1954);
#1671=LINE('',#3963,#1955);
#1672=LINE('',#3965,#1956);
#1673=LINE('',#3966,#1957);
#1674=LINE('',#3968,#1958);
#1675=LINE('',#3969,#1959);
#1676=LINE('',#3971,#1960);
#1677=LINE('',#3973,#1961);
#1678=LINE('',#3975,#1962);
#1679=LINE('',#3977,#1963);
#1680=LINE('',#3981,#1964);
#1681=LINE('',#3983,#1965);
#1682=LINE('',#3985,#1966);
#1683=LINE('',#3986,#1967);
#1684=LINE('',#3988,#1968);
#1685=LINE('',#3992,#1969);
#1686=LINE('',#4004,#1970);
#1687=LINE('',#4006,#1971);
#1688=LINE('',#4007,#1972);
#1689=LINE('',#4013,#1973);
#1690=LINE('',#4015,#1974);
#1691=LINE('',#4017,#1975);
#1692=LINE('',#4019,#1976);
#1693=LINE('',#4023,#1977);
#1694=LINE('',#4026,#1978);
#1695=LINE('',#4028,#1979);
#1696=LINE('',#4029,#1980);
#1697=LINE('',#4030,#1981);
#1698=LINE('',#4032,#1982);
#1699=LINE('',#4034,#1983);
#1700=LINE('',#4035,#1984);
#1701=LINE('',#4042,#1985);
#1702=LINE('',#4045,#1986);
#1703=LINE('',#4046,#1987);
#1704=LINE('',#4048,#1988);
#1705=LINE('',#4049,#1989);
#1706=LINE('',#4051,#1990);
#1707=LINE('',#4053,#1991);
#1708=LINE('',#4056,#1992);
#1709=LINE('',#4057,#1993);
#1710=LINE('',#4061,#1994);
#1711=LINE('',#4063,#1995);
#1712=LINE('',#4065,#1996);
#1713=LINE('',#4066,#1997);
#1714=LINE('',#4068,#1998);
#1715=LINE('',#4070,#1999);
#1716=LINE('',#4072,#2000);
#1717=LINE('',#4074,#2001);
#1718=LINE('',#4075,#2002);
#1719=LINE('',#4077,#2003);
#1720=LINE('',#4079,#2004);
#1721=LINE('',#4081,#2005);
#1722=LINE('',#4082,#2006);
#1723=LINE('',#4084,#2007);
#1724=LINE('',#4085,#2008);
#1725=LINE('',#4086,#2009);
#1726=LINE('',#4087,#2010);
#1727=LINE('',#4088,#2011);
#1728=LINE('',#4089,#2012);
#1729=LINE('',#4093,#2013);
#1730=LINE('',#4095,#2014);
#1731=LINE('',#4097,#2015);
#1732=LINE('',#4103,#2016);
#1733=LINE('',#4106,#2017);
#1734=LINE('',#4108,#2018);
#1735=LINE('',#4110,#2019);
#1736=LINE('',#4113,#2020);
#1737=LINE('',#4115,#2021);
#1738=LINE('',#4117,#2022);
#1739=LINE('',#4119,#2023);
#1740=LINE('',#4121,#2024);
#1741=LINE('',#4122,#2025);
#1742=LINE('',#4124,#2026);
#1743=LINE('',#4126,#2027);
#1744=LINE('',#4127,#2028);
#1745=LINE('',#4131,#2029);
#1746=LINE('',#4133,#2030);
#1747=LINE('',#4135,#2031);
#1748=LINE('',#4147,#2032);
#1749=LINE('',#4150,#2033);
#1750=LINE('',#4151,#2034);
#1751=LINE('',#4153,#2035);
#1752=LINE('',#4160,#2036);
#1753=LINE('',#4162,#2037);
#1754=LINE('',#4164,#2038);
#1755=LINE('',#4166,#2039);
#1756=LINE('',#4167,#2040);
#1757=LINE('',#4168,#2041);
#1758=LINE('',#4170,#2042);
#1759=LINE('',#4172,#2043);
#1760=LINE('',#4175,#2044);
#1761=LINE('',#4177,#2045);
#1762=LINE('',#4179,#2046);
#1763=LINE('',#4181,#2047);
#1764=LINE('',#4183,#2048);
#1765=LINE('',#4185,#2049);
#1766=LINE('',#4187,#2050);
#1767=LINE('',#4191,#2051);
#1768=LINE('',#4193,#2052);
#1769=LINE('',#4195,#2053);
#1770=LINE('',#4196,#2054);
#1771=LINE('',#4200,#2055);
#1772=LINE('',#4202,#2056);
#1773=LINE('',#4204,#2057);
#1774=LINE('',#4206,#2058);
#1775=LINE('',#4207,#2059);
#1776=LINE('',#4209,#2060);
#1777=LINE('',#4211,#2061);
#1778=LINE('',#4215,#2062);
#1779=LINE('',#4217,#2063);
#1780=LINE('',#4219,#2064);
#1781=LINE('',#4221,#2065);
#1782=LINE('',#4224,#2066);
#1783=LINE('',#4225,#2067);
#1784=LINE('',#4226,#2068);
#1785=LINE('',#4228,#2069);
#1786=LINE('',#4230,#2070);
#1787=LINE('',#4233,#2071);
#1788=LINE('',#4238,#2072);
#1789=LINE('',#4240,#2073);
#1790=LINE('',#4242,#2074);
#1791=LINE('',#4243,#2075);
#1792=LINE('',#4245,#2076);
#1793=LINE('',#4247,#2077);
#1794=LINE('',#4250,#2078);
#1795=LINE('',#4251,#2079);
#1796=LINE('',#4253,#2080);
#1797=LINE('',#4256,#2081);
#1798=LINE('',#4257,#2082);
#1799=LINE('',#4259,#2083);
#1800=LINE('',#4261,#2084);
#1801=LINE('',#4263,#2085);
#1802=LINE('',#4265,#2086);
#1803=LINE('',#4266,#2087);
#1804=LINE('',#4268,#2088);
#1805=LINE('',#4270,#2089);
#1806=LINE('',#4272,#2090);
#1807=LINE('',#4276,#2091);
#1808=LINE('',#4278,#2092);
#1809=LINE('',#4280,#2093);
#1810=LINE('',#4281,#2094);
#1811=LINE('',#4284,#2095);
#1812=LINE('',#4285,#2096);
#1813=LINE('',#4286,#2097);
#1814=LINE('',#4288,#2098);
#1815=LINE('',#4289,#2099);
#1816=LINE('',#4298,#2100);
#1817=LINE('',#4299,#2101);
#1818=LINE('',#4315,#2102);
#1819=LINE('',#4317,#2103);
#1820=LINE('',#4319,#2104);
#1821=LINE('',#4323,#2105);
#1822=LINE('',#4327,#2106);
#1823=LINE('',#4331,#2107);
#1824=LINE('',#4335,#2108);
#1825=LINE('',#4339,#2109);
#1826=LINE('',#4341,#2110);
#1827=LINE('',#4342,#2111);
#1828=LINE('',#4344,#2112);
#1829=LINE('',#4346,#2113);
#1830=LINE('',#4349,#2114);
#1831=LINE('',#4350,#2115);
#1832=LINE('',#4351,#2116);
#1833=LINE('',#4352,#2117);
#1834=LINE('',#4355,#2118);
#1835=LINE('',#4357,#2119);
#1836=LINE('',#4360,#2120);
#1837=LINE('',#4362,#2121);
#1838=LINE('',#4365,#2122);
#1839=LINE('',#4367,#2123);
#1840=LINE('',#4369,#2124);
#1841=LINE('',#4371,#2125);
#1842=LINE('',#4372,#2126);
#1843=LINE('',#4375,#2127);
#1844=LINE('',#4396,#2128);
#1845=LINE('',#4398,#2129);
#1846=LINE('',#4400,#2130);
#1847=LINE('',#4402,#2131);
#1848=LINE('',#4404,#2132);
#1849=LINE('',#4408,#2133);
#1850=LINE('',#4414,#2134);
#1851=LINE('',#4416,#2135);
#1852=LINE('',#4422,#2136);
#1853=LINE('',#4425,#2137);
#1854=LINE('',#4427,#2138);
#1855=LINE('',#4430,#2139);
#1856=LINE('',#4432,#2140);
#1857=LINE('',#4435,#2141);
#1858=LINE('',#4438,#2142);
#1859=LINE('',#4441,#2143);
#1860=LINE('',#4443,#2144);
#1861=LINE('',#4447,#2145);
#1862=VECTOR('',#2951,1000.);
#1863=VECTOR('',#2952,1000.);
#1864=VECTOR('',#2953,1000.);
#1865=VECTOR('',#2954,1000.);
#1866=VECTOR('',#2955,1000.);
#1867=VECTOR('',#2956,1000.);
#1868=VECTOR('',#2957,1000.);
#1869=VECTOR('',#2958,1000.);
#1870=VECTOR('',#2959,1000.);
#1871=VECTOR('',#2960,1000.);
#1872=VECTOR('',#2961,1000.);
#1873=VECTOR('',#2962,1000.);
#1874=VECTOR('',#2967,1000.);
#1875=VECTOR('',#2968,1000.);
#1876=VECTOR('',#2971,1000.);
#1877=VECTOR('',#2974,1000.);
#1878=VECTOR('',#2975,1000.);
#1879=VECTOR('',#2978,1000.);
#1880=VECTOR('',#2981,1000.);
#1881=VECTOR('',#2982,1000.);
#1882=VECTOR('',#2985,1000.);
#1883=VECTOR('',#2986,1000.);
#1884=VECTOR('',#2989,1000.);
#1885=VECTOR('',#2992,1000.);
#1886=VECTOR('',#2993,1000.);
#1887=VECTOR('',#2996,1000.);
#1888=VECTOR('',#2999,1000.);
#1889=VECTOR('',#3000,1000.);
#1890=VECTOR('',#3001,1000.);
#1891=VECTOR('',#3006,1000.);
#1892=VECTOR('',#3007,1000.);
#1893=VECTOR('',#3008,1000.);
#1894=VECTOR('',#3011,1000.);
#1895=VECTOR('',#3014,1000.);
#1896=VECTOR('',#3015,1000.);
#1897=VECTOR('',#3018,1000.);
#1898=VECTOR('',#3019,1000.);
#1899=VECTOR('',#3020,1000.);
#1900=VECTOR('',#3021,1000.);
#1901=VECTOR('',#3022,1000.);
#1902=VECTOR('',#3025,1000.);
#1903=VECTOR('',#3026,1000.);
#1904=VECTOR('',#3027,1000.);
#1905=VECTOR('',#3030,1000.);
#1906=VECTOR('',#3031,1000.);
#1907=VECTOR('',#3032,1000.);
#1908=VECTOR('',#3033,1000.);
#1909=VECTOR('',#3034,1000.);
#1910=VECTOR('',#3037,1000.);
#1911=VECTOR('',#3038,1000.);
#1912=VECTOR('',#3039,1000.);
#1913=VECTOR('',#3042,1000.);
#1914=VECTOR('',#3043,1000.);
#1915=VECTOR('',#3044,1000.);
#1916=VECTOR('',#3045,1000.);
#1917=VECTOR('',#3046,1000.);
#1918=VECTOR('',#3059,1000.);
#1919=VECTOR('',#3060,1000.);
#1920=VECTOR('',#3061,1000.);
#1921=VECTOR('',#3064,1000.);
#1922=VECTOR('',#3065,1000.);
#1923=VECTOR('',#3066,1000.);
#1924=VECTOR('',#3069,1000.);
#1925=VECTOR('',#3070,1000.);
#1926=VECTOR('',#3071,1000.);
#1927=VECTOR('',#3074,1000.);
#1928=VECTOR('',#3075,1000.);
#1929=VECTOR('',#3078,1000.);
#1930=VECTOR('',#3079,1000.);
#1931=VECTOR('',#3080,1000.);
#1932=VECTOR('',#3081,1000.);
#1933=VECTOR('',#3082,1000.);
#1934=VECTOR('',#3083,1000.);
#1935=VECTOR('',#3084,1000.);
#1936=VECTOR('',#3087,1000.);
#1937=VECTOR('',#3088,1000.);
#1938=VECTOR('',#3089,1000.);
#1939=VECTOR('',#3096,1000.);
#1940=VECTOR('',#3097,1000.);
#1941=VECTOR('',#3098,1000.);
#1942=VECTOR('',#3099,1000.);
#1943=VECTOR('',#3100,1000.);
#1944=VECTOR('',#3101,1000.);
#1945=VECTOR('',#3102,1000.);
#1946=VECTOR('',#3105,1000.);
#1947=VECTOR('',#3106,1000.);
#1948=VECTOR('',#3107,1000.);
#1949=VECTOR('',#3108,1000.);
#1950=VECTOR('',#3109,1000.);
#1951=VECTOR('',#3110,1000.);
#1952=VECTOR('',#3113,1000.);
#1953=VECTOR('',#3114,1000.);
#1954=VECTOR('',#3115,1000.);
#1955=VECTOR('',#3116,1000.);
#1956=VECTOR('',#3119,1000.);
#1957=VECTOR('',#3120,1000.);
#1958=VECTOR('',#3123,1000.);
#1959=VECTOR('',#3124,1000.);
#1960=VECTOR('',#3125,1000.);
#1961=VECTOR('',#3126,1000.);
#1962=VECTOR('',#3127,1000.);
#1963=VECTOR('',#3130,1000.);
#1964=VECTOR('',#3133,1000.);
#1965=VECTOR('',#3134,1000.);
#1966=VECTOR('',#3135,1000.);
#1967=VECTOR('',#3136,1000.);
#1968=VECTOR('',#3137,1000.);
#1969=VECTOR('',#3142,1000.);
#1970=VECTOR('',#3153,1000.);
#1971=VECTOR('',#3154,1000.);
#1972=VECTOR('',#3155,1000.);
#1973=VECTOR('',#3162,1000.);
#1974=VECTOR('',#3163,1000.);
#1975=VECTOR('',#3164,1000.);
#1976=VECTOR('',#3165,1000.);
#1977=VECTOR('',#3170,1000.);
#1978=VECTOR('',#3171,1000.);
#1979=VECTOR('',#3172,1000.);
#1980=VECTOR('',#3173,1000.);
#1981=VECTOR('',#3174,1000.);
#1982=VECTOR('',#3175,1000.);
#1983=VECTOR('',#3178,1000.);
#1984=VECTOR('',#3179,1000.);
#1985=VECTOR('',#3188,1000.);
#1986=VECTOR('',#3189,1000.);
#1987=VECTOR('',#3190,1000.);
#1988=VECTOR('',#3193,1000.);
#1989=VECTOR('',#3194,1000.);
#1990=VECTOR('',#3197,1000.);
#1991=VECTOR('',#3200,1000.);
#1992=VECTOR('',#3201,1000.);
#1993=VECTOR('',#3202,1000.);
#1994=VECTOR('',#3207,1000.);
#1995=VECTOR('',#3208,1000.);
#1996=VECTOR('',#3211,1000.);
#1997=VECTOR('',#3212,1000.);
#1998=VECTOR('',#3215,1000.);
#1999=VECTOR('',#3216,1000.);
#2000=VECTOR('',#3217,1000.);
#2001=VECTOR('',#3220,1000.);
#2002=VECTOR('',#3221,1000.);
#2003=VECTOR('',#3224,1000.);
#2004=VECTOR('',#3225,1000.);
#2005=VECTOR('',#3228,1000.);
#2006=VECTOR('',#3229,1000.);
#2007=VECTOR('',#3232,1000.);
#2008=VECTOR('',#3233,1000.);
#2009=VECTOR('',#3234,1000.);
#2010=VECTOR('',#3235,1000.);
#2011=VECTOR('',#3236,1000.);
#2012=VECTOR('',#3237,1000.);
#2013=VECTOR('',#3240,1000.);
#2014=VECTOR('',#3243,1000.);
#2015=VECTOR('',#3244,1000.);
#2016=VECTOR('',#3255,1000.);
#2017=VECTOR('',#3256,1000.);
#2018=VECTOR('',#3257,1000.);
#2019=VECTOR('',#3260,1000.);
#2020=VECTOR('',#3261,1000.);
#2021=VECTOR('',#3262,1000.);
#2022=VECTOR('',#3263,1000.);
#2023=VECTOR('',#3264,1000.);
#2024=VECTOR('',#3265,1000.);
#2025=VECTOR('',#3266,1000.);
#2026=VECTOR('',#3267,1000.);
#2027=VECTOR('',#3270,1000.);
#2028=VECTOR('',#3271,1000.);
#2029=VECTOR('',#3276,1000.);
#2030=VECTOR('',#3277,1000.);
#2031=VECTOR('',#3278,1000.);
#2032=VECTOR('',#3291,1000.);
#2033=VECTOR('',#3292,1000.);
#2034=VECTOR('',#3293,1000.);
#2035=VECTOR('',#3296,1000.);
#2036=VECTOR('',#3303,1000.);
#2037=VECTOR('',#3304,1000.);
#2038=VECTOR('',#3305,1000.);
#2039=VECTOR('',#3306,1000.);
#2040=VECTOR('',#3307,1000.);
#2041=VECTOR('',#3308,1000.);
#2042=VECTOR('',#3309,1000.);
#2043=VECTOR('',#3312,1000.);
#2044=VECTOR('',#3313,1000.);
#2045=VECTOR('',#3314,1000.);
#2046=VECTOR('',#3315,1000.);
#2047=VECTOR('',#3316,1000.);
#2048=VECTOR('',#3317,1000.);
#2049=VECTOR('',#3318,1000.);
#2050=VECTOR('',#3319,1000.);
#2051=VECTOR('',#3322,1000.);
#2052=VECTOR('',#3323,1000.);
#2053=VECTOR('',#3326,1000.);
#2054=VECTOR('',#3327,1000.);
#2055=VECTOR('',#3332,1000.);
#2056=VECTOR('',#3333,1000.);
#2057=VECTOR('',#3334,1000.);
#2058=VECTOR('',#3335,1000.);
#2059=VECTOR('',#3336,1000.);
#2060=VECTOR('',#3337,1000.);
#2061=VECTOR('',#3338,1000.);
#2062=VECTOR('',#3343,1000.);
#2063=VECTOR('',#3346,1000.);
#2064=VECTOR('',#3347,1000.);
#2065=VECTOR('',#3350,1000.);
#2066=VECTOR('',#3351,1000.);
#2067=VECTOR('',#3352,1000.);
#2068=VECTOR('',#3353,1000.);
#2069=VECTOR('',#3356,1000.);
#2070=VECTOR('',#3359,1000.);
#2071=VECTOR('',#3360,1000.);
#2072=VECTOR('',#3365,1000.);
#2073=VECTOR('',#3366,1000.);
#2074=VECTOR('',#3369,1000.);
#2075=VECTOR('',#3370,1000.);
#2076=VECTOR('',#3373,1000.);
#2077=VECTOR('',#3376,1000.);
#2078=VECTOR('',#3377,1000.);
#2079=VECTOR('',#3378,1000.);
#2080=VECTOR('',#3381,1000.);
#2081=VECTOR('',#3382,1000.);
#2082=VECTOR('',#3383,1000.);
#2083=VECTOR('',#3386,1000.);
#2084=VECTOR('',#3387,1000.);
#2085=VECTOR('',#3388,1000.);
#2086=VECTOR('',#3391,1000.);
#2087=VECTOR('',#3392,1000.);
#2088=VECTOR('',#3395,1000.);
#2089=VECTOR('',#3396,1000.);
#2090=VECTOR('',#3397,1000.);
#2091=VECTOR('',#3402,1000.);
#2092=VECTOR('',#3403,1000.);
#2093=VECTOR('',#3406,1000.);
#2094=VECTOR('',#3407,1000.);
#2095=VECTOR('',#3410,1000.);
#2096=VECTOR('',#3411,1000.);
#2097=VECTOR('',#3412,1000.);
#2098=VECTOR('',#3415,1000.);
#2099=VECTOR('',#3416,1000.);
#2100=VECTOR('',#3433,1000.);
#2101=VECTOR('',#3434,1000.);
#2102=VECTOR('',#3461,1000.);
#2103=VECTOR('',#3462,1000.);
#2104=VECTOR('',#3463,1000.);
#2105=VECTOR('',#3468,1000.);
#2106=VECTOR('',#3473,1000.);
#2107=VECTOR('',#3478,1000.);
#2108=VECTOR('',#3483,1000.);
#2109=VECTOR('',#3490,1000.);
#2110=VECTOR('',#3491,1000.);
#2111=VECTOR('',#3492,1000.);
#2112=VECTOR('',#3495,1000.);
#2113=VECTOR('',#3498,1000.);
#2114=VECTOR('',#3499,1000.);
#2115=VECTOR('',#3500,1000.);
#2116=VECTOR('',#3501,1000.);
#2117=VECTOR('',#3502,1000.);
#2118=VECTOR('',#3507,1000.);
#2119=VECTOR('',#3510,1000.);
#2120=VECTOR('',#3515,1000.);
#2121=VECTOR('',#3518,1000.);
#2122=VECTOR('',#3523,1000.);
#2123=VECTOR('',#3524,1000.);
#2124=VECTOR('',#3527,1000.);
#2125=VECTOR('',#3528,1000.);
#2126=VECTOR('',#3529,1000.);
#2127=VECTOR('',#3534,1000.);
#2128=VECTOR('',#3573,1000.);
#2129=VECTOR('',#3576,1000.);
#2130=VECTOR('',#3577,1000.);
#2131=VECTOR('',#3578,1000.);
#2132=VECTOR('',#3581,1000.);
#2133=VECTOR('',#3586,1000.);
#2134=VECTOR('',#3593,1000.);
#2135=VECTOR('',#3596,1000.);
#2136=VECTOR('',#3605,1000.);
#2137=VECTOR('',#3610,1000.);
#2138=VECTOR('',#3613,1000.);
#2139=VECTOR('',#3618,1000.);
#2140=VECTOR('',#3621,1000.);
#2141=VECTOR('',#3626,1000.);
#2142=VECTOR('',#3631,1000.);
#2143=VECTOR('',#3634,1000.);
#2144=VECTOR('',#3637,1000.);
#2145=VECTOR('',#3642,1000.);
#2146=EDGE_LOOP('',(#266,#267,#268,#269,#270,#271,#272,#273,#274,#275,#276,
#277));
#2147=EDGE_LOOP('',(#278,#279,#280,#281,#282,#283,#284,#285));
#2148=EDGE_LOOP('',(#286,#287,#288,#289,#290,#291,#292,#293,#294,#295,#296,
#297,#298,#299));
#2149=EDGE_LOOP('',(#300,#301,#302,#303));
#2150=EDGE_LOOP('',(#304,#305,#306,#307,#308,#309,#310,#311,#312,#313,#314,
#315,#316,#317,#318,#319,#320,#321,#322,#323,#324,#325,#326,#327,#328,#329,
#330,#331,#332,#333,#334,#335,#336,#337,#338,#339));
#2151=EDGE_LOOP('',(#340));
#2152=EDGE_LOOP('',(#341));
#2153=EDGE_LOOP('',(#342));
#2154=EDGE_LOOP('',(#343));
#2155=EDGE_LOOP('',(#344,#345,#346));
#2156=EDGE_LOOP('',(#347,#348,#349));
#2157=EDGE_LOOP('',(#350,#351,#352,#353));
#2158=EDGE_LOOP('',(#354,#355,#356,#357));
#2159=EDGE_LOOP('',(#358,#359,#360,#361,#362,#363,#364,#365));
#2160=EDGE_LOOP('',(#366,#367,#368,#369));
#2161=EDGE_LOOP('',(#370));
#2162=EDGE_LOOP('',(#371,#372,#373,#374,#375,#376,#377,#378,#379,#380));
#2163=EDGE_LOOP('',(#381,#382,#383,#384,#385,#386,#387,#388,#389,#390,#391));
#2164=EDGE_LOOP('',(#392,#393,#394,#395));
#2165=EDGE_LOOP('',(#396,#397,#398,#399,#400,#401,#402));
#2166=EDGE_LOOP('',(#403,#404,#405,#406,#407,#408,#409,#410,#411,#412));
#2167=EDGE_LOOP('',(#413));
#2168=EDGE_LOOP('',(#414,#415,#416,#417,#418,#419,#420,#421,#422,#423,#424,
#425));
#2169=EDGE_LOOP('',(#426,#427,#428,#429,#430,#431,#432,#433));
#2170=EDGE_LOOP('',(#434,#435,#436,#437,#438,#439,#440,#441));
#2171=EDGE_LOOP('',(#442,#443,#444,#445));
#2172=EDGE_LOOP('',(#446));
#2173=EDGE_LOOP('',(#447));
#2174=EDGE_LOOP('',(#448,#449,#450,#451));
#2175=EDGE_LOOP('',(#452,#453,#454,#455));
#2176=EDGE_LOOP('',(#456,#457,#458,#459));
#2177=EDGE_LOOP('',(#460,#461,#462,#463));
#2178=EDGE_LOOP('',(#464,#465,#466,#467));
#2179=EDGE_LOOP('',(#468,#469,#470,#471));
#2180=EDGE_LOOP('',(#472,#473,#474,#475));
#2181=EDGE_LOOP('',(#476,#477,#478,#479));
#2182=EDGE_LOOP('',(#480,#481,#482,#483));
#2183=EDGE_LOOP('',(#484,#485,#486,#487));
#2184=EDGE_LOOP('',(#488,#489,#490,#491,#492,#493,#494,#495,#496,#497,#498));
#2185=EDGE_LOOP('',(#499,#500,#501,#502));
#2186=EDGE_LOOP('',(#503,#504,#505,#506));
#2187=EDGE_LOOP('',(#507,#508,#509,#510));
#2188=EDGE_LOOP('',(#511,#512,#513));
#2189=EDGE_LOOP('',(#514,#515,#516,#517,#518,#519,#520,#521));
#2190=EDGE_LOOP('',(#522,#523,#524));
#2191=EDGE_LOOP('',(#525,#526,#527,#528,#529,#530,#531,#532,#533,#534,#535,
#536));
#2192=EDGE_LOOP('',(#537,#538,#539,#540));
#2193=EDGE_LOOP('',(#541,#542,#543,#544));
#2194=EDGE_LOOP('',(#545));
#2195=EDGE_LOOP('',(#546,#547,#548,#549,#550,#551,#552,#553,#554,#555));
#2196=EDGE_LOOP('',(#556,#557,#558,#559,#560,#561,#562,#563,#564,#565,#566));
#2197=EDGE_LOOP('',(#567,#568,#569,#570));
#2198=EDGE_LOOP('',(#571,#572,#573,#574,#575,#576,#577,#578,#579,#580));
#2199=EDGE_LOOP('',(#581));
#2200=EDGE_LOOP('',(#582,#583,#584,#585));
#2201=EDGE_LOOP('',(#586,#587,#588,#589));
#2202=EDGE_LOOP('',(#590,#591,#592,#593,#594,#595,#596));
#2203=EDGE_LOOP('',(#597,#598,#599,#600));
#2204=EDGE_LOOP('',(#601,#602,#603,#604,#605,#606,#607,#608));
#2205=EDGE_LOOP('',(#609,#610,#611,#612));
#2206=EDGE_LOOP('',(#613,#614,#615,#616));
#2207=EDGE_LOOP('',(#617,#618,#619,#620));
#2208=EDGE_LOOP('',(#621,#622,#623,#624));
#2209=EDGE_LOOP('',(#625,#626,#627,#628));
#2210=EDGE_LOOP('',(#629,#630,#631,#632));
#2211=EDGE_LOOP('',(#633,#634,#635,#636));
#2212=EDGE_LOOP('',(#637,#638,#639,#640));
#2213=EDGE_LOOP('',(#641,#642,#643,#644,#645,#646,#647,#648,#649,#650,#651));
#2214=EDGE_LOOP('',(#652,#653,#654,#655));
#2215=EDGE_LOOP('',(#656,#657,#658,#659));
#2216=EDGE_LOOP('',(#660,#661,#662,#663));
#2217=EDGE_LOOP('',(#664,#665,#666,#667));
#2218=EDGE_LOOP('',(#668,#669,#670,#671,#672));
#2219=EDGE_LOOP('',(#673,#674,#675,#676));
#2220=EDGE_LOOP('',(#677,#678,#679,#680));
#2221=EDGE_LOOP('',(#681,#682,#683,#684));
#2222=EDGE_LOOP('',(#685,#686,#687,#688));
#2223=EDGE_LOOP('',(#689));
#2224=EDGE_LOOP('',(#690));
#2225=EDGE_LOOP('',(#691));
#2226=EDGE_LOOP('',(#692));
#2227=EDGE_LOOP('',(#693,#694,#695,#696));
#2228=EDGE_LOOP('',(#697,#698,#699,#700));
#2229=EDGE_LOOP('',(#701,#702,#703,#704));
#2230=EDGE_LOOP('',(#705,#706,#707,#708));
#2231=EDGE_LOOP('',(#709));
#2232=EDGE_LOOP('',(#710));
#2233=EDGE_LOOP('',(#711,#712,#713,#714));
#2234=EDGE_LOOP('',(#715,#716,#717,#718));
#2235=EDGE_LOOP('',(#719,#720,#721,#722));
#2236=EDGE_LOOP('',(#723,#724,#725,#726));
#2237=EDGE_LOOP('',(#727,#728,#729,#730));
#2238=EDGE_LOOP('',(#731,#732,#733,#734));
#2239=EDGE_LOOP('',(#735,#736,#737,#738));
#2240=EDGE_LOOP('',(#739,#740,#741,#742));
#2241=EDGE_LOOP('',(#743,#744,#745,#746,#747,#748,#749,#750,#751,#752,#753,
#754,#755,#756,#757,#758));
#2242=EDGE_LOOP('',(#759,#760,#761,#762));
#2243=EDGE_LOOP('',(#763,#764,#765,#766));
#2244=EDGE_LOOP('',(#767,#768,#769,#770));
#2245=EDGE_LOOP('',(#771,#772,#773,#774));
#2246=EDGE_LOOP('',(#775,#776,#777));
#2247=EDGE_LOOP('',(#778,#779,#780));
#2248=EDGE_LOOP('',(#781,#782,#783,#784));
#2249=EDGE_LOOP('',(#785,#786,#787,#788));
#2250=EDGE_LOOP('',(#789,#790,#791,#792,#793,#794));
#2251=EDGE_LOOP('',(#795,#796,#797,#798));
#2252=EDGE_LOOP('',(#799,#800,#801,#802));
#2253=EDGE_LOOP('',(#803,#804,#805,#806,#807,#808));
#2254=EDGE_LOOP('',(#809,#810,#811,#812));
#2255=EDGE_LOOP('',(#813));
#2256=EDGE_LOOP('',(#814));
#2257=EDGE_LOOP('',(#815));
#2258=EDGE_LOOP('',(#816));
#2259=EDGE_LOOP('',(#817,#818,#819,#820,#821));
#2260=EDGE_LOOP('',(#822,#823,#824,#825));
#2261=EDGE_LOOP('',(#826,#827,#828,#829));
#2262=EDGE_LOOP('',(#830,#831,#832,#833));
#2263=EDGE_LOOP('',(#834,#835,#836,#837));
#2264=EDGE_LOOP('',(#838,#839,#840,#841));
#2265=EDGE_LOOP('',(#842));
#2266=EDGE_LOOP('',(#843));
#2267=EDGE_LOOP('',(#844,#845,#846,#847));
#2268=EDGE_LOOP('',(#848,#849,#850,#851));
#2269=EDGE_LOOP('',(#852));
#2270=EDGE_LOOP('',(#853));
#2271=EDGE_LOOP('',(#854,#855,#856,#857));
#2272=EDGE_LOOP('',(#858,#859,#860,#861));
#2273=EDGE_LOOP('',(#862,#863,#864,#865));
#2274=EDGE_LOOP('',(#866,#867,#868,#869));
#2275=EDGE_LOOP('',(#870,#871,#872,#873));
#2276=EDGE_LOOP('',(#874,#875,#876,#877));
#2277=EDGE_LOOP('',(#878,#879,#880,#881));
#2278=EDGE_LOOP('',(#882,#883,#884,#885));
#2279=EDGE_LOOP('',(#886,#887,#888,#889));
#2280=EDGE_LOOP('',(#890,#891,#892,#893));
#2281=EDGE_LOOP('',(#894,#895,#896,#897));
#2282=EDGE_LOOP('',(#898,#899,#900,#901));
#2283=EDGE_LOOP('',(#902,#903,#904));
#2284=EDGE_LOOP('',(#905,#906,#907));
#2285=EDGE_LOOP('',(#908,#909,#910,#911));
#2286=EDGE_LOOP('',(#912,#913,#914,#915));
#2287=EDGE_LOOP('',(#916,#917,#918,#919));
#2288=EDGE_LOOP('',(#920,#921,#922,#923,#924,#925));
#2289=EDGE_LOOP('',(#926,#927,#928,#929,#930,#931));
#2290=EDGE_LOOP('',(#932,#933,#934,#935));
#2291=EDGE_LOOP('',(#936,#937,#938,#939));
#2292=EDGE_LOOP('',(#940,#941,#942,#943));
#2293=EDGE_LOOP('',(#944,#945,#946,#947,#948,#949));
#2294=EDGE_LOOP('',(#950));
#2295=EDGE_LOOP('',(#951));
#2296=EDGE_LOOP('',(#952,#953,#954,#955,#956,#957,#958,#959,#960,#961,#962,
#963,#964,#965,#966,#967));
#2297=EDGE_LOOP('',(#968,#969,#970,#971,#972,#973,#974,#975,#976,#977,#978,
#979,#980,#981,#982,#983));
#2298=FACE_BOUND('',#2146,.T.);
#2299=FACE_BOUND('',#2147,.T.);
#2300=FACE_BOUND('',#2148,.T.);
#2301=FACE_BOUND('',#2149,.T.);
#2302=FACE_BOUND('',#2150,.T.);
#2303=FACE_BOUND('',#2151,.T.);
#2304=FACE_BOUND('',#2152,.T.);
#2305=FACE_BOUND('',#2153,.T.);
#2306=FACE_BOUND('',#2154,.T.);
#2307=FACE_BOUND('',#2155,.T.);
#2308=FACE_BOUND('',#2156,.T.);
#2309=FACE_BOUND('',#2157,.T.);
#2310=FACE_BOUND('',#2158,.T.);
#2311=FACE_BOUND('',#2159,.T.);
#2312=FACE_BOUND('',#2160,.T.);
#2313=FACE_BOUND('',#2161,.T.);
#2314=FACE_BOUND('',#2162,.T.);
#2315=FACE_BOUND('',#2163,.T.);
#2316=FACE_BOUND('',#2164,.T.);
#2317=FACE_BOUND('',#2165,.T.);
#2318=FACE_BOUND('',#2166,.T.);
#2319=FACE_BOUND('',#2167,.T.);
#2320=FACE_BOUND('',#2168,.T.);
#2321=FACE_BOUND('',#2169,.T.);
#2322=FACE_BOUND('',#2170,.T.);
#2323=FACE_BOUND('',#2171,.T.);
#2324=FACE_BOUND('',#2172,.T.);
#2325=FACE_BOUND('',#2173,.T.);
#2326=FACE_BOUND('',#2174,.T.);
#2327=FACE_BOUND('',#2175,.T.);
#2328=FACE_BOUND('',#2176,.T.);
#2329=FACE_BOUND('',#2177,.T.);
#2330=FACE_BOUND('',#2178,.T.);
#2331=FACE_BOUND('',#2179,.T.);
#2332=FACE_BOUND('',#2180,.T.);
#2333=FACE_BOUND('',#2181,.T.);
#2334=FACE_BOUND('',#2182,.T.);
#2335=FACE_BOUND('',#2183,.T.);
#2336=FACE_BOUND('',#2184,.T.);
#2337=FACE_BOUND('',#2185,.T.);
#2338=FACE_BOUND('',#2186,.T.);
#2339=FACE_BOUND('',#2187,.T.);
#2340=FACE_BOUND('',#2188,.T.);
#2341=FACE_BOUND('',#2189,.T.);
#2342=FACE_BOUND('',#2190,.T.);
#2343=FACE_BOUND('',#2191,.T.);
#2344=FACE_BOUND('',#2192,.T.);
#2345=FACE_BOUND('',#2193,.T.);
#2346=FACE_BOUND('',#2194,.T.);
#2347=FACE_BOUND('',#2195,.T.);
#2348=FACE_BOUND('',#2196,.T.);
#2349=FACE_BOUND('',#2197,.T.);
#2350=FACE_BOUND('',#2198,.T.);
#2351=FACE_BOUND('',#2199,.T.);
#2352=FACE_BOUND('',#2200,.T.);
#2353=FACE_BOUND('',#2201,.T.);
#2354=FACE_BOUND('',#2202,.T.);
#2355=FACE_BOUND('',#2203,.T.);
#2356=FACE_BOUND('',#2204,.T.);
#2357=FACE_BOUND('',#2205,.T.);
#2358=FACE_BOUND('',#2206,.T.);
#2359=FACE_BOUND('',#2207,.T.);
#2360=FACE_BOUND('',#2208,.T.);
#2361=FACE_BOUND('',#2209,.T.);
#2362=FACE_BOUND('',#2210,.T.);
#2363=FACE_BOUND('',#2211,.T.);
#2364=FACE_BOUND('',#2212,.T.);
#2365=FACE_BOUND('',#2213,.T.);
#2366=FACE_BOUND('',#2214,.T.);
#2367=FACE_BOUND('',#2215,.T.);
#2368=FACE_BOUND('',#2216,.T.);
#2369=FACE_BOUND('',#2217,.T.);
#2370=FACE_BOUND('',#2218,.T.);
#2371=FACE_BOUND('',#2219,.T.);
#2372=FACE_BOUND('',#2220,.T.);
#2373=FACE_BOUND('',#2221,.T.);
#2374=FACE_BOUND('',#2222,.T.);
#2375=FACE_BOUND('',#2223,.T.);
#2376=FACE_BOUND('',#2224,.T.);
#2377=FACE_BOUND('',#2225,.T.);
#2378=FACE_BOUND('',#2226,.T.);
#2379=FACE_BOUND('',#2227,.T.);
#2380=FACE_BOUND('',#2228,.T.);
#2381=FACE_BOUND('',#2229,.T.);
#2382=FACE_BOUND('',#2230,.T.);
#2383=FACE_BOUND('',#2231,.T.);
#2384=FACE_BOUND('',#2232,.T.);
#2385=FACE_BOUND('',#2233,.T.);
#2386=FACE_BOUND('',#2234,.T.);
#2387=FACE_BOUND('',#2235,.T.);
#2388=FACE_BOUND('',#2236,.T.);
#2389=FACE_BOUND('',#2237,.T.);
#2390=FACE_BOUND('',#2238,.T.);
#2391=FACE_BOUND('',#2239,.T.);
#2392=FACE_BOUND('',#2240,.T.);
#2393=FACE_BOUND('',#2241,.T.);
#2394=FACE_BOUND('',#2242,.T.);
#2395=FACE_BOUND('',#2243,.T.);
#2396=FACE_BOUND('',#2244,.T.);
#2397=FACE_BOUND('',#2245,.T.);
#2398=FACE_BOUND('',#2246,.T.);
#2399=FACE_BOUND('',#2247,.T.);
#2400=FACE_BOUND('',#2248,.T.);
#2401=FACE_BOUND('',#2249,.T.);
#2402=FACE_BOUND('',#2250,.T.);
#2403=FACE_BOUND('',#2251,.T.);
#2404=FACE_BOUND('',#2252,.T.);
#2405=FACE_BOUND('',#2253,.T.);
#2406=FACE_BOUND('',#2254,.T.);
#2407=FACE_BOUND('',#2255,.T.);
#2408=FACE_BOUND('',#2256,.T.);
#2409=FACE_BOUND('',#2257,.T.);
#2410=FACE_BOUND('',#2258,.T.);
#2411=FACE_BOUND('',#2259,.T.);
#2412=FACE_BOUND('',#2260,.T.);
#2413=FACE_BOUND('',#2261,.T.);
#2414=FACE_BOUND('',#2262,.T.);
#2415=FACE_BOUND('',#2263,.T.);
#2416=FACE_BOUND('',#2264,.T.);
#2417=FACE_BOUND('',#2265,.T.);
#2418=FACE_BOUND('',#2266,.T.);
#2419=FACE_BOUND('',#2267,.T.);
#2420=FACE_BOUND('',#2268,.T.);
#2421=FACE_BOUND('',#2269,.T.);
#2422=FACE_BOUND('',#2270,.T.);
#2423=FACE_BOUND('',#2271,.T.);
#2424=FACE_BOUND('',#2272,.T.);
#2425=FACE_BOUND('',#2273,.T.);
#2426=FACE_BOUND('',#2274,.T.);
#2427=FACE_BOUND('',#2275,.T.);
#2428=FACE_BOUND('',#2276,.T.);
#2429=FACE_BOUND('',#2277,.T.);
#2430=FACE_BOUND('',#2278,.T.);
#2431=FACE_BOUND('',#2279,.T.);
#2432=FACE_BOUND('',#2280,.T.);
#2433=FACE_BOUND('',#2281,.T.);
#2434=FACE_BOUND('',#2282,.T.);
#2435=FACE_BOUND('',#2283,.T.);
#2436=FACE_BOUND('',#2284,.T.);
#2437=FACE_BOUND('',#2285,.T.);
#2438=FACE_BOUND('',#2286,.T.);
#2439=FACE_BOUND('',#2287,.T.);
#2440=FACE_BOUND('',#2288,.T.);
#2441=FACE_BOUND('',#2289,.T.);
#2442=FACE_BOUND('',#2290,.T.);
#2443=FACE_BOUND('',#2291,.T.);
#2444=FACE_BOUND('',#2292,.T.);
#2445=FACE_BOUND('',#2293,.T.);
#2446=FACE_BOUND('',#2294,.T.);
#2447=FACE_BOUND('',#2295,.T.);
#2448=FACE_BOUND('',#2296,.T.);
#2449=FACE_BOUND('',#2297,.T.);
#2450=PLANE('',#2702);
#2451=PLANE('',#2703);
#2452=PLANE('',#2707);
#2453=PLANE('',#2713);
#2454=PLANE('',#2714);
#2455=PLANE('',#2728);
#2456=PLANE('',#2729);
#2457=PLANE('',#2730);
#2458=PLANE('',#2731);
#2459=PLANE('',#2732);
#2460=PLANE('',#2733);
#2461=PLANE('',#2734);
#2462=PLANE('',#2737);
#2463=PLANE('',#2739);
#2464=PLANE('',#2740);
#2465=PLANE('',#2741);
#2466=PLANE('',#2744);
#2467=PLANE('',#2751);
#2468=PLANE('',#2754);
#2469=PLANE('',#2755);
#2470=PLANE('',#2756);
#2471=PLANE('',#2759);
#2472=PLANE('',#2760);
#2473=PLANE('',#2761);
#2474=PLANE('',#2762);
#2475=PLANE('',#2763);
#2476=PLANE('',#2765);
#2477=PLANE('',#2766);
#2478=PLANE('',#2767);
#2479=PLANE('',#2768);
#2480=PLANE('',#2769);
#2481=PLANE('',#2770);
#2482=PLANE('',#2772);
#2483=PLANE('',#2773);
#2484=PLANE('',#2775);
#2485=PLANE('',#2777);
#2486=PLANE('',#2778);
#2487=PLANE('',#2779);
#2488=PLANE('',#2780);
#2489=PLANE('',#2787);
#2490=PLANE('',#2788);
#2491=PLANE('',#2789);
#2492=PLANE('',#2792);
#2493=PLANE('',#2794);
#2494=PLANE('',#2795);
#2495=PLANE('',#2798);
#2496=PLANE('',#2799);
#2497=PLANE('',#2800);
#2498=PLANE('',#2801);
#2499=PLANE('',#2802);
#2500=PLANE('',#2805);
#2501=PLANE('',#2806);
#2502=PLANE('',#2807);
#2503=PLANE('',#2808);
#2504=PLANE('',#2809);
#2505=PLANE('',#2810);
#2506=PLANE('',#2811);
#2507=PLANE('',#2812);
#2508=PLANE('',#2814);
#2509=PLANE('',#2816);
#2510=PLANE('',#2817);
#2511=PLANE('',#2819);
#2512=PLANE('',#2821);
#2513=PLANE('',#2824);
#2514=PLANE('',#2825);
#2515=PLANE('',#2826);
#2516=PLANE('',#2827);
#2517=PLANE('',#2828);
#2518=PLANE('',#2837);
#2519=PLANE('',#2848);
#2520=PLANE('',#2849);
#2521=PLANE('',#2850);
#2522=PLANE('',#2853);
#2523=PLANE('',#2855);
#2524=PLANE('',#2856);
#2525=PLANE('',#2857);
#2526=PLANE('',#2858);
#2527=PLANE('',#2859);
#2528=PLANE('',#2861);
#2529=PLANE('',#2862);
#2530=PLANE('',#2867);
#2531=PLANE('',#2868);
#2532=PLANE('',#2871);
#2533=PLANE('',#2872);
#2534=PLANE('',#2873);
#2535=PLANE('',#2880);
#2536=PLANE('',#2881);
#2537=PLANE('',#2892);
#2538=PLANE('',#2895);
#2539=PLANE('',#2897);
#2540=PLANE('',#2898);
#2541=PLANE('',#2899);
#2542=PLANE('',#2900);
#2543=PLANE('',#2901);
#2544=PLANE('',#2902);
#2545=PLANE('',#2904);
#2546=PLANE('',#2906);
#2547=PLANE('',#2908);
#2548=PLANE('',#2909);
#2549=PLANE('',#2911);
#2550=PLANE('',#2912);
#2551=ADVANCED_FACE('',(#2298),#2450,.T.);
#2552=ADVANCED_FACE('',(#2299),#2451,.T.);
#2553=ADVANCED_FACE('',(#2300),#2452,.T.);
#2554=ADVANCED_FACE('',(#2301),#2453,.F.);
#2555=ADVANCED_FACE('',(#2302,#2303,#2304),#2454,.T.);
#2556=ADVANCED_FACE('',(#2305,#2306),#160,.F.);
#2557=ADVANCED_FACE('',(#2307),#2455,.T.);
#2558=ADVANCED_FACE('',(#2308),#2456,.T.);
#2559=ADVANCED_FACE('',(#2309),#2457,.F.);
#2560=ADVANCED_FACE('',(#2310),#2458,.T.);
#2561=ADVANCED_FACE('',(#2311),#2459,.F.);
#2562=ADVANCED_FACE('',(#2312),#2460,.F.);
#2563=ADVANCED_FACE('',(#2313,#2314),#2461,.F.);
#2564=ADVANCED_FACE('',(#2315),#2462,.F.);
#2565=ADVANCED_FACE('',(#2316),#2463,.F.);
#2566=ADVANCED_FACE('',(#2317),#2464,.F.);
#2567=ADVANCED_FACE('',(#2318,#2319),#2465,.F.);
#2568=ADVANCED_FACE('',(#2320),#2466,.T.);
#2569=ADVANCED_FACE('',(#2321),#2467,.F.);
#2570=ADVANCED_FACE('',(#2322),#2468,.F.);
#2571=ADVANCED_FACE('',(#2323),#2469,.T.);
#2572=ADVANCED_FACE('',(#2324,#2325),#2470,.T.);
#2573=ADVANCED_FACE('',(#2326),#2471,.F.);
#2574=ADVANCED_FACE('',(#2327),#2472,.F.);
#2575=ADVANCED_FACE('',(#2328),#2473,.F.);
#2576=ADVANCED_FACE('',(#2329),#2474,.F.);
#2577=ADVANCED_FACE('',(#2330),#2475,.T.);
#2578=ADVANCED_FACE('',(#2331),#2476,.F.);
#2579=ADVANCED_FACE('',(#2332),#2477,.F.);
#2580=ADVANCED_FACE('',(#2333),#2478,.F.);
#2581=ADVANCED_FACE('',(#2334),#2479,.F.);
#2582=ADVANCED_FACE('',(#2335),#2480,.F.);
#2583=ADVANCED_FACE('',(#2336),#2481,.F.);
#2584=ADVANCED_FACE('',(#2337),#2482,.F.);
#2585=ADVANCED_FACE('',(#2338),#2483,.T.);
#2586=ADVANCED_FACE('',(#2339),#2484,.T.);
#2587=ADVANCED_FACE('',(#2340),#2485,.T.);
#2588=ADVANCED_FACE('',(#2341),#2486,.F.);
#2589=ADVANCED_FACE('',(#2342),#2487,.T.);
#2590=ADVANCED_FACE('',(#2343),#2488,.T.);
#2591=ADVANCED_FACE('',(#2344),#2489,.F.);
#2592=ADVANCED_FACE('',(#2345),#2490,.T.);
#2593=ADVANCED_FACE('',(#2346,#2347),#2491,.F.);
#2594=ADVANCED_FACE('',(#2348),#2492,.F.);
#2595=ADVANCED_FACE('',(#2349),#2493,.F.);
#2596=ADVANCED_FACE('',(#2350,#2351),#2494,.F.);
#2597=ADVANCED_FACE('',(#2352),#2495,.F.);
#2598=ADVANCED_FACE('',(#2353),#2496,.F.);
#2599=ADVANCED_FACE('',(#2354),#2497,.F.);
#2600=ADVANCED_FACE('',(#2355),#2498,.T.);
#2601=ADVANCED_FACE('',(#2356),#2499,.F.);
#2602=ADVANCED_FACE('',(#2357),#2500,.T.);
#2603=ADVANCED_FACE('',(#2358),#2501,.F.);
#2604=ADVANCED_FACE('',(#2359),#2502,.F.);
#2605=ADVANCED_FACE('',(#2360),#2503,.F.);
#2606=ADVANCED_FACE('',(#2361),#2504,.F.);
#2607=ADVANCED_FACE('',(#2362),#2505,.F.);
#2608=ADVANCED_FACE('',(#2363),#2506,.F.);
#2609=ADVANCED_FACE('',(#2364),#2507,.T.);
#2610=ADVANCED_FACE('',(#2365),#2508,.F.);
#2611=ADVANCED_FACE('',(#2366),#2509,.F.);
#2612=ADVANCED_FACE('',(#2367),#2510,.T.);
#2613=ADVANCED_FACE('',(#2368),#2511,.T.);
#2614=ADVANCED_FACE('',(#2369),#2512,.T.);
#2615=ADVANCED_FACE('',(#2370),#161,.F.);
#2616=ADVANCED_FACE('',(#2371),#2513,.F.);
#2617=ADVANCED_FACE('',(#2372),#2514,.T.);
#2618=ADVANCED_FACE('',(#2373),#2515,.T.);
#2619=ADVANCED_FACE('',(#2374),#2516,.T.);
#2620=ADVANCED_FACE('',(#2375,#2376),#2517,.T.);
#2621=ADVANCED_FACE('',(#2377,#2378),#162,.F.);
#2622=ADVANCED_FACE('',(#2379),#163,.T.);
#2623=ADVANCED_FACE('',(#2380),#164,.T.);
#2624=ADVANCED_FACE('',(#2381),#165,.T.);
#2625=ADVANCED_FACE('',(#2382),#166,.T.);
#2626=ADVANCED_FACE('',(#2383,#2384),#167,.F.);
#2627=ADVANCED_FACE('',(#2385),#2518,.F.);
#2628=ADVANCED_FACE('',(#2386),#168,.T.);
#2629=ADVANCED_FACE('',(#2387),#169,.F.);
#2630=ADVANCED_FACE('',(#2388),#170,.T.);
#2631=ADVANCED_FACE('',(#2389),#171,.F.);
#2632=ADVANCED_FACE('',(#2390),#172,.T.);
#2633=ADVANCED_FACE('',(#2391),#2519,.F.);
#2634=ADVANCED_FACE('',(#2392),#2520,.F.);
#2635=ADVANCED_FACE('',(#2393),#2521,.F.);
#2636=ADVANCED_FACE('',(#2394),#173,.F.);
#2637=ADVANCED_FACE('',(#2395),#174,.F.);
#2638=ADVANCED_FACE('',(#2396),#2522,.T.);
#2639=ADVANCED_FACE('',(#2397),#175,.T.);
#2640=ADVANCED_FACE('',(#2398),#2523,.T.);
#2641=ADVANCED_FACE('',(#2399),#2524,.T.);
#2642=ADVANCED_FACE('',(#2400),#2525,.F.);
#2643=ADVANCED_FACE('',(#2401),#2526,.F.);
#2644=ADVANCED_FACE('',(#2402),#2527,.F.);
#2645=ADVANCED_FACE('',(#2403),#176,.F.);
#2646=ADVANCED_FACE('',(#2404),#2528,.T.);
#2647=ADVANCED_FACE('',(#2405),#2529,.T.);
#2648=ADVANCED_FACE('',(#2406,#2407),#177,.T.);
#2649=ADVANCED_FACE('',(#2408,#2409),#2530,.F.);
#2650=ADVANCED_FACE('',(#2410),#2531,.T.);
#2651=ADVANCED_FACE('',(#2411),#178,.F.);
#2652=ADVANCED_FACE('',(#2412),#2532,.T.);
#2653=ADVANCED_FACE('',(#2413),#2533,.T.);
#2654=ADVANCED_FACE('',(#2414),#2534,.T.);
#2655=ADVANCED_FACE('',(#2415),#179,.T.);
#2656=ADVANCED_FACE('',(#2416),#180,.T.);
#2657=ADVANCED_FACE('',(#2417,#2418),#181,.F.);
#2658=ADVANCED_FACE('',(#2419),#182,.T.);
#2659=ADVANCED_FACE('',(#2420),#183,.T.);
#2660=ADVANCED_FACE('',(#2421,#2422),#184,.F.);
#2661=ADVANCED_FACE('',(#2423),#2535,.F.);
#2662=ADVANCED_FACE('',(#2424),#2536,.F.);
#2663=ADVANCED_FACE('',(#2425),#185,.T.);
#2664=ADVANCED_FACE('',(#2426),#186,.F.);
#2665=ADVANCED_FACE('',(#2427),#187,.T.);
#2666=ADVANCED_FACE('',(#2428),#188,.F.);
#2667=ADVANCED_FACE('',(#2429),#189,.T.);
#2668=ADVANCED_FACE('',(#2430),#2537,.F.);
#2669=ADVANCED_FACE('',(#2431),#190,.F.);
#2670=ADVANCED_FACE('',(#2432),#191,.F.);
#2671=ADVANCED_FACE('',(#2433),#2538,.T.);
#2672=ADVANCED_FACE('',(#2434),#192,.T.);
#2673=ADVANCED_FACE('',(#2435),#2539,.T.);
#2674=ADVANCED_FACE('',(#2436),#2540,.T.);
#2675=ADVANCED_FACE('',(#2437),#2541,.F.);
#2676=ADVANCED_FACE('',(#2438),#2542,.F.);
#2677=ADVANCED_FACE('',(#2439),#2543,.T.);
#2678=ADVANCED_FACE('',(#2440),#2544,.T.);
#2679=ADVANCED_FACE('',(#2441),#2545,.T.);
#2680=ADVANCED_FACE('',(#2442),#2546,.F.);
#2681=ADVANCED_FACE('',(#2443),#193,.F.);
#2682=ADVANCED_FACE('',(#2444),#2547,.T.);
#2683=ADVANCED_FACE('',(#2445),#2548,.T.);
#2684=ADVANCED_FACE('',(#2446,#2447),#194,.T.);
#2685=ADVANCED_FACE('',(#2448),#2549,.F.);
#2686=ADVANCED_FACE('',(#2449),#2550,.F.);
#2687=CLOSED_SHELL('',(#2551,#2552,#2553,#2554,#2555,#2556,#2557,#2558,
#2559,#2560,#2561,#2562,#2563,#2564,#2565,#2566,#2567,#2568,#2569,#2570,
#2571,#2572,#2573,#2574,#2575,#2576,#2577,#2578,#2579,#2580,#2581,#2582,
#2583,#2584,#2585,#2586,#2587,#2588,#2589,#2590,#2591,#2592,#2593,#2594,
#2595,#2596,#2597,#2598,#2599,#2600,#2601,#2602,#2603,#2604,#2605,#2606,
#2607,#2608,#2609,#2610,#2611,#2612,#2613,#2614,#2615,#2616,#2617,#2618,
#2619,#2620,#2621,#2622,#2623,#2624,#2625,#2626,#2627,#2628,#2629,#2630,
#2631,#2632,#2633,#2634,#2635,#2636,#2637,#2638,#2639,#2640,#2641,#2642,
#2643,#2644,#2645,#2646,#2647,#2648,#2649,#2650,#2651,#2652,#2653,#2654,
#2655,#2656,#2657,#2658,#2659,#2660,#2661,#2662,#2663,#2664,#2665,#2666,
#2667,#2668,#2669,#2670,#2671,#2672,#2673,#2674,#2675,#2676,#2677,#2678,
#2679,#2680,#2681,#2682,#2683,#2684,#2685,#2686));
#2688=STYLED_ITEM('',(#2689),#2696);
#2689=PRESENTATION_STYLE_ASSIGNMENT((#2690));
#2690=SURFACE_STYLE_USAGE(.BOTH.,#2691);
#2691=SURFACE_SIDE_STYLE('',(#2692));
#2692=SURFACE_STYLE_FILL_AREA(#2693);
#2693=FILL_AREA_STYLE('',(#2694));
#2694=FILL_AREA_STYLE_COLOUR('',#2695);
#2695=COLOUR_RGB('',0.5,0.5,0.5);
#2696=MANIFOLD_SOLID_BREP('',#2687);
#2697=SHAPE_DEFINITION_REPRESENTATION(#4497,#2699);
#2698=SHAPE_DEFINITION_REPRESENTATION(#4496,#2700);
#2699=SHAPE_REPRESENTATION('Gray_4566742_AVV',(#2701),#4490);
#2700=SHAPE_REPRESENTATION('Chain4',(#2701,#2913,#2914,#2915,#2916,#2917,
#2918,#2919,#2920,#2921,#2922,#2923,#2924,#2925,#2926,#2927,#2928,#2929,
#2930,#2931,#2932,#2933,#2934,#2935,#2936,#2937,#2938,#2939,#2940,#2941,
#2942,#2943,#2944,#2945,#2946),#4489);
#2701=AXIS2_PLACEMENT_3D('',#3723,#2947,#2948);
#2702=AXIS2_PLACEMENT_3D('',#3724,#2949,#2950);
#2703=AXIS2_PLACEMENT_3D('',#3749,#2963,#2964);
#2704=AXIS2_PLACEMENT_3D('',#3750,#2965,#2966);
#2705=AXIS2_PLACEMENT_3D('',#3757,#2969,#2970);
#2706=AXIS2_PLACEMENT_3D('',#3761,#2972,#2973);
#2707=AXIS2_PLACEMENT_3D('',#3766,#2976,#2977);
#2708=AXIS2_PLACEMENT_3D('',#3770,#2979,#2980);
#2709=AXIS2_PLACEMENT_3D('',#3776,#2983,#2984);
#2710=AXIS2_PLACEMENT_3D('',#3782,#2987,#2988);
#2711=AXIS2_PLACEMENT_3D('',#3786,#2990,#2991);
#2712=AXIS2_PLACEMENT_3D('',#3792,#2994,#2995);
#2713=AXIS2_PLACEMENT_3D('',#3795,#2997,#2998);
#2714=AXIS2_PLACEMENT_3D('',#3801,#3002,#3003);
#2715=AXIS2_PLACEMENT_3D('',#3802,#3004,#3005);
#2716=AXIS2_PLACEMENT_3D('',#3811,#3009,#3010);
#2717=AXIS2_PLACEMENT_3D('',#3815,#3012,#3013);
#2718=AXIS2_PLACEMENT_3D('',#3820,#3016,#3017);
#2719=AXIS2_PLACEMENT_3D('',#3832,#3023,#3024);
#2720=AXIS2_PLACEMENT_3D('',#3840,#3028,#3029);
#2721=AXIS2_PLACEMENT_3D('',#3852,#3035,#3036);
#2722=AXIS2_PLACEMENT_3D('',#3860,#3040,#3041);
#2723=AXIS2_PLACEMENT_3D('',#3871,#3047,#3048);
#2724=AXIS2_PLACEMENT_3D('',#3873,#3049,#3050);
#2725=AXIS2_PLACEMENT_3D('',#3875,#3051,#3052);
#2726=AXIS2_PLACEMENT_3D('',#3876,#3053,#3054);
#2727=AXIS2_PLACEMENT_3D('',#3878,#3055,#3056);
#2728=AXIS2_PLACEMENT_3D('',#3880,#3057,#3058);
#2729=AXIS2_PLACEMENT_3D('',#3887,#3062,#3063);
#2730=AXIS2_PLACEMENT_3D('',#3894,#3067,#3068);
#2731=AXIS2_PLACEMENT_3D('',#3900,#3072,#3073);
#2732=AXIS2_PLACEMENT_3D('',#3904,#3076,#3077);
#2733=AXIS2_PLACEMENT_3D('',#3918,#3085,#3086);
#2734=AXIS2_PLACEMENT_3D('',#3924,#3090,#3091);
#2735=AXIS2_PLACEMENT_3D('',#3925,#3092,#3093);
#2736=AXIS2_PLACEMENT_3D('',#3927,#3094,#3095);
#2737=AXIS2_PLACEMENT_3D('',#3941,#3103,#3104);
#2738=AXIS2_PLACEMENT_3D('',#3955,#3111,#3112);
#2739=AXIS2_PLACEMENT_3D('',#3964,#3117,#3118);
#2740=AXIS2_PLACEMENT_3D('',#3967,#3121,#3122);
#2741=AXIS2_PLACEMENT_3D('',#3976,#3128,#3129);
#2742=AXIS2_PLACEMENT_3D('',#3980,#3131,#3132);
#2743=AXIS2_PLACEMENT_3D('',#3989,#3138,#3139);
#2744=AXIS2_PLACEMENT_3D('',#3991,#3140,#3141);
#2745=AXIS2_PLACEMENT_3D('',#3994,#3143,#3144);
#2746=AXIS2_PLACEMENT_3D('',#3996,#3145,#3146);
#2747=AXIS2_PLACEMENT_3D('',#3998,#3147,#3148);
#2748=AXIS2_PLACEMENT_3D('',#4000,#3149,#3150);
#2749=AXIS2_PLACEMENT_3D('',#4002,#3151,#3152);
#2750=AXIS2_PLACEMENT_3D('',#4009,#3156,#3157);
#2751=AXIS2_PLACEMENT_3D('',#4010,#3158,#3159);
#2752=AXIS2_PLACEMENT_3D('',#4011,#3160,#3161);
#2753=AXIS2_PLACEMENT_3D('',#4021,#3166,#3167);
#2754=AXIS2_PLACEMENT_3D('',#4022,#3168,#3169);
#2755=AXIS2_PLACEMENT_3D('',#4033,#3176,#3177);
#2756=AXIS2_PLACEMENT_3D('',#4036,#3180,#3181);
#2757=AXIS2_PLACEMENT_3D('',#4037,#3182,#3183);
#2758=AXIS2_PLACEMENT_3D('',#4039,#3184,#3185);
#2759=AXIS2_PLACEMENT_3D('',#4041,#3186,#3187);
#2760=AXIS2_PLACEMENT_3D('',#4047,#3191,#3192);
#2761=AXIS2_PLACEMENT_3D('',#4050,#3195,#3196);
#2762=AXIS2_PLACEMENT_3D('',#4052,#3198,#3199);
#2763=AXIS2_PLACEMENT_3D('',#4058,#3203,#3204);
#2764=AXIS2_PLACEMENT_3D('',#4059,#3205,#3206);
#2765=AXIS2_PLACEMENT_3D('',#4064,#3209,#3210);
#2766=AXIS2_PLACEMENT_3D('',#4067,#3213,#3214);
#2767=AXIS2_PLACEMENT_3D('',#4073,#3218,#3219);
#2768=AXIS2_PLACEMENT_3D('',#4076,#3222,#3223);
#2769=AXIS2_PLACEMENT_3D('',#4080,#3226,#3227);
#2770=AXIS2_PLACEMENT_3D('',#4083,#3230,#3231);
#2771=AXIS2_PLACEMENT_3D('',#4091,#3238,#3239);
#2772=AXIS2_PLACEMENT_3D('',#4094,#3241,#3242);
#2773=AXIS2_PLACEMENT_3D('',#4098,#3245,#3246);
#2774=AXIS2_PLACEMENT_3D('',#4099,#3247,#3248);
#2775=AXIS2_PLACEMENT_3D('',#4100,#3249,#3250);
#2776=AXIS2_PLACEMENT_3D('',#4101,#3251,#3252);
#2777=AXIS2_PLACEMENT_3D('',#4102,#3253,#3254);
#2778=AXIS2_PLACEMENT_3D('',#4109,#3258,#3259);
#2779=AXIS2_PLACEMENT_3D('',#4125,#3268,#3269);
#2780=AXIS2_PLACEMENT_3D('',#4128,#3272,#3273);
#2781=AXIS2_PLACEMENT_3D('',#4129,#3274,#3275);
#2782=AXIS2_PLACEMENT_3D('',#4137,#3279,#3280);
#2783=AXIS2_PLACEMENT_3D('',#4139,#3281,#3282);
#2784=AXIS2_PLACEMENT_3D('',#4141,#3283,#3284);
#2785=AXIS2_PLACEMENT_3D('',#4143,#3285,#3286);
#2786=AXIS2_PLACEMENT_3D('',#4145,#3287,#3288);
#2787=AXIS2_PLACEMENT_3D('',#4146,#3289,#3290);
#2788=AXIS2_PLACEMENT_3D('',#4152,#3294,#3295);
#2789=AXIS2_PLACEMENT_3D('',#4154,#3297,#3298);
#2790=AXIS2_PLACEMENT_3D('',#4155,#3299,#3300);
#2791=AXIS2_PLACEMENT_3D('',#4157,#3301,#3302);
#2792=AXIS2_PLACEMENT_3D('',#4171,#3310,#3311);
#2793=AXIS2_PLACEMENT_3D('',#4189,#3320,#3321);
#2794=AXIS2_PLACEMENT_3D('',#4194,#3324,#3325);
#2795=AXIS2_PLACEMENT_3D('',#4197,#3328,#3329);
#2796=AXIS2_PLACEMENT_3D('',#4198,#3330,#3331);
#2797=AXIS2_PLACEMENT_3D('',#4212,#3339,#3340);
#2798=AXIS2_PLACEMENT_3D('',#4214,#3341,#3342);
#2799=AXIS2_PLACEMENT_3D('',#4216,#3344,#3345);
#2800=AXIS2_PLACEMENT_3D('',#4220,#3348,#3349);
#2801=AXIS2_PLACEMENT_3D('',#4227,#3354,#3355);
#2802=AXIS2_PLACEMENT_3D('',#4229,#3357,#3358);
#2803=AXIS2_PLACEMENT_3D('',#4235,#3361,#3362);
#2804=AXIS2_PLACEMENT_3D('',#4236,#3363,#3364);
#2805=AXIS2_PLACEMENT_3D('',#4241,#3367,#3368);
#2806=AXIS2_PLACEMENT_3D('',#4244,#3371,#3372);
#2807=AXIS2_PLACEMENT_3D('',#4246,#3374,#3375);
#2808=AXIS2_PLACEMENT_3D('',#4252,#3379,#3380);
#2809=AXIS2_PLACEMENT_3D('',#4258,#3384,#3385);
#2810=AXIS2_PLACEMENT_3D('',#4264,#3389,#3390);
#2811=AXIS2_PLACEMENT_3D('',#4267,#3393,#3394);
#2812=AXIS2_PLACEMENT_3D('',#4273,#3398,#3399);
#2813=AXIS2_PLACEMENT_3D('',#4274,#3400,#3401);
#2814=AXIS2_PLACEMENT_3D('',#4279,#3404,#3405);
#2815=AXIS2_PLACEMENT_3D('',#4283,#3408,#3409);
#2816=AXIS2_PLACEMENT_3D('',#4287,#3413,#3414);
#2817=AXIS2_PLACEMENT_3D('',#4290,#3417,#3418);
#2818=AXIS2_PLACEMENT_3D('',#4291,#3419,#3420);
#2819=AXIS2_PLACEMENT_3D('',#4292,#3421,#3422);
#2820=AXIS2_PLACEMENT_3D('',#4293,#3423,#3424);
#2821=AXIS2_PLACEMENT_3D('',#4294,#3425,#3426);
#2822=AXIS2_PLACEMENT_3D('',#4295,#3427,#3428);
#2823=AXIS2_PLACEMENT_3D('',#4296,#3429,#3430);
#2824=AXIS2_PLACEMENT_3D('',#4297,#3431,#3432);
#2825=AXIS2_PLACEMENT_3D('',#4300,#3435,#3436);
#2826=AXIS2_PLACEMENT_3D('',#4301,#3437,#3438);
#2827=AXIS2_PLACEMENT_3D('',#4302,#3439,#3440);
#2828=AXIS2_PLACEMENT_3D('',#4303,#3441,#3442);
#2829=AXIS2_PLACEMENT_3D('',#4304,#3443,#3444);
#2830=AXIS2_PLACEMENT_3D('',#4306,#3445,#3446);
#2831=AXIS2_PLACEMENT_3D('',#4308,#3447,#3448);
#2832=AXIS2_PLACEMENT_3D('',#4309,#3449,#3450);
#2833=AXIS2_PLACEMENT_3D('',#4310,#3451,#3452);
#2834=AXIS2_PLACEMENT_3D('',#4311,#3453,#3454);
#2835=AXIS2_PLACEMENT_3D('',#4312,#3455,#3456);
#2836=AXIS2_PLACEMENT_3D('',#4313,#3457,#3458);
#2837=AXIS2_PLACEMENT_3D('',#4314,#3459,#3460);
#2838=AXIS2_PLACEMENT_3D('',#4320,#3464,#3465);
#2839=AXIS2_PLACEMENT_3D('',#4321,#3466,#3467);
#2840=AXIS2_PLACEMENT_3D('',#4324,#3469,#3470);
#2841=AXIS2_PLACEMENT_3D('',#4325,#3471,#3472);
#2842=AXIS2_PLACEMENT_3D('',#4328,#3474,#3475);
#2843=AXIS2_PLACEMENT_3D('',#4329,#3476,#3477);
#2844=AXIS2_PLACEMENT_3D('',#4332,#3479,#3480);
#2845=AXIS2_PLACEMENT_3D('',#4333,#3481,#3482);
#2846=AXIS2_PLACEMENT_3D('',#4336,#3484,#3485);
#2847=AXIS2_PLACEMENT_3D('',#4337,#3486,#3487);
#2848=AXIS2_PLACEMENT_3D('',#4338,#3488,#3489);
#2849=AXIS2_PLACEMENT_3D('',#4343,#3493,#3494);
#2850=AXIS2_PLACEMENT_3D('',#4345,#3496,#3497);
#2851=AXIS2_PLACEMENT_3D('',#4353,#3503,#3504);
#2852=AXIS2_PLACEMENT_3D('',#4354,#3505,#3506);
#2853=AXIS2_PLACEMENT_3D('',#4356,#3508,#3509);
#2854=AXIS2_PLACEMENT_3D('',#4358,#3511,#3512);
#2855=AXIS2_PLACEMENT_3D('',#4359,#3513,#3514);
#2856=AXIS2_PLACEMENT_3D('',#4361,#3516,#3517);
#2857=AXIS2_PLACEMENT_3D('',#4363,#3519,#3520);
#2858=AXIS2_PLACEMENT_3D('',#4364,#3521,#3522);
#2859=AXIS2_PLACEMENT_3D('',#4368,#3525,#3526);
#2860=AXIS2_PLACEMENT_3D('',#4373,#3530,#3531);
#2861=AXIS2_PLACEMENT_3D('',#4374,#3532,#3533);
#2862=AXIS2_PLACEMENT_3D('',#4376,#3535,#3536);
#2863=AXIS2_PLACEMENT_3D('',#4377,#3537,#3538);
#2864=AXIS2_PLACEMENT_3D('',#4378,#3539,#3540);
#2865=AXIS2_PLACEMENT_3D('',#4379,#3541,#3542);
#2866=AXIS2_PLACEMENT_3D('',#4380,#3543,#3544);
#2867=AXIS2_PLACEMENT_3D('',#4382,#3545,#3546);
#2868=AXIS2_PLACEMENT_3D('',#4383,#3547,#3548);
#2869=AXIS2_PLACEMENT_3D('',#4384,#3549,#3550);
#2870=AXIS2_PLACEMENT_3D('',#4385,#3551,#3552);
#2871=AXIS2_PLACEMENT_3D('',#4386,#3553,#3554);
#2872=AXIS2_PLACEMENT_3D('',#4387,#3555,#3556);
#2873=AXIS2_PLACEMENT_3D('',#4388,#3557,#3558);
#2874=AXIS2_PLACEMENT_3D('',#4389,#3559,#3560);
#2875=AXIS2_PLACEMENT_3D('',#4390,#3561,#3562);
#2876=AXIS2_PLACEMENT_3D('',#4391,#3563,#3564);
#2877=AXIS2_PLACEMENT_3D('',#4392,#3565,#3566);
#2878=AXIS2_PLACEMENT_3D('',#4393,#3567,#3568);
#2879=AXIS2_PLACEMENT_3D('',#4394,#3569,#3570);
#2880=AXIS2_PLACEMENT_3D('',#4395,#3571,#3572);
#2881=AXIS2_PLACEMENT_3D('',#4397,#3574,#3575);
#2882=AXIS2_PLACEMENT_3D('',#4403,#3579,#3580);
#2883=AXIS2_PLACEMENT_3D('',#4406,#3582,#3583);
#2884=AXIS2_PLACEMENT_3D('',#4407,#3584,#3585);
#2885=AXIS2_PLACEMENT_3D('',#4410,#3587,#3588);
#2886=AXIS2_PLACEMENT_3D('',#4411,#3589,#3590);
#2887=AXIS2_PLACEMENT_3D('',#4412,#3591,#3592);
#2888=AXIS2_PLACEMENT_3D('',#4415,#3594,#3595);
#2889=AXIS2_PLACEMENT_3D('',#4418,#3597,#3598);
#2890=AXIS2_PLACEMENT_3D('',#4419,#3599,#3600);
#2891=AXIS2_PLACEMENT_3D('',#4420,#3601,#3602);
#2892=AXIS2_PLACEMENT_3D('',#4421,#3603,#3604);
#2893=AXIS2_PLACEMENT_3D('',#4423,#3606,#3607);
#2894=AXIS2_PLACEMENT_3D('',#4424,#3608,#3609);
#2895=AXIS2_PLACEMENT_3D('',#4426,#3611,#3612);
#2896=AXIS2_PLACEMENT_3D('',#4428,#3614,#3615);
#2897=AXIS2_PLACEMENT_3D('',#4429,#3616,#3617);
#2898=AXIS2_PLACEMENT_3D('',#4431,#3619,#3620);
#2899=AXIS2_PLACEMENT_3D('',#4433,#3622,#3623);
#2900=AXIS2_PLACEMENT_3D('',#4434,#3624,#3625);
#2901=AXIS2_PLACEMENT_3D('',#4436,#3627,#3628);
#2902=AXIS2_PLACEMENT_3D('',#4437,#3629,#3630);
#2903=AXIS2_PLACEMENT_3D('',#4439,#3632,#3633);
#2904=AXIS2_PLACEMENT_3D('',#4442,#3635,#3636);
#2905=AXIS2_PLACEMENT_3D('',#4445,#3638,#3639);
#2906=AXIS2_PLACEMENT_3D('',#4446,#3640,#3641);
#2907=AXIS2_PLACEMENT_3D('',#4448,#3643,#3644);
#2908=AXIS2_PLACEMENT_3D('',#4449,#3645,#3646);
#2909=AXIS2_PLACEMENT_3D('',#4450,#3647,#3648);
#2910=AXIS2_PLACEMENT_3D('',#4451,#3649,#3650);
#2911=AXIS2_PLACEMENT_3D('',#4452,#3651,#3652);
#2912=AXIS2_PLACEMENT_3D('',#4453,#3653,#3654);
#2913=AXIS2_PLACEMENT_3D('',#4454,#3655,#3656);
#2914=AXIS2_PLACEMENT_3D('',#4455,#3657,#3658);
#2915=AXIS2_PLACEMENT_3D('',#4456,#3659,#3660);
#2916=AXIS2_PLACEMENT_3D('',#4457,#3661,#3662);
#2917=AXIS2_PLACEMENT_3D('',#4458,#3663,#3664);
#2918=AXIS2_PLACEMENT_3D('',#4459,#3665,#3666);
#2919=AXIS2_PLACEMENT_3D('',#4460,#3667,#3668);
#2920=AXIS2_PLACEMENT_3D('',#4461,#3669,#3670);
#2921=AXIS2_PLACEMENT_3D('',#4462,#3671,#3672);
#2922=AXIS2_PLACEMENT_3D('',#4463,#3673,#3674);
#2923=AXIS2_PLACEMENT_3D('',#4464,#3675,#3676);
#2924=AXIS2_PLACEMENT_3D('',#4465,#3677,#3678);
#2925=AXIS2_PLACEMENT_3D('',#4466,#3679,#3680);
#2926=AXIS2_PLACEMENT_3D('',#4467,#3681,#3682);
#2927=AXIS2_PLACEMENT_3D('',#4468,#3683,#3684);
#2928=AXIS2_PLACEMENT_3D('',#4469,#3685,#3686);
#2929=AXIS2_PLACEMENT_3D('',#4470,#3687,#3688);
#2930=AXIS2_PLACEMENT_3D('',#4471,#3689,#3690);
#2931=AXIS2_PLACEMENT_3D('',#4472,#3691,#3692);
#2932=AXIS2_PLACEMENT_3D('',#4473,#3693,#3694);
#2933=AXIS2_PLACEMENT_3D('',#4474,#3695,#3696);
#2934=AXIS2_PLACEMENT_3D('',#4475,#3697,#3698);
#2935=AXIS2_PLACEMENT_3D('',#4476,#3699,#3700);
#2936=AXIS2_PLACEMENT_3D('',#4477,#3701,#3702);
#2937=AXIS2_PLACEMENT_3D('',#4478,#3703,#3704);
#2938=AXIS2_PLACEMENT_3D('',#4479,#3705,#3706);
#2939=AXIS2_PLACEMENT_3D('',#4480,#3707,#3708);
#2940=AXIS2_PLACEMENT_3D('',#4481,#3709,#3710);
#2941=AXIS2_PLACEMENT_3D('',#4482,#3711,#3712);
#2942=AXIS2_PLACEMENT_3D('',#4483,#3713,#3714);
#2943=AXIS2_PLACEMENT_3D('',#4484,#3715,#3716);
#2944=AXIS2_PLACEMENT_3D('',#4485,#3717,#3718);
#2945=AXIS2_PLACEMENT_3D('',#4486,#3719,#3720);
#2946=AXIS2_PLACEMENT_3D('',#4487,#3721,#3722);
#2947=DIRECTION('',(0.,0.,1.));
#2948=DIRECTION('',(1.,0.,0.));
#2949=DIRECTION('',(0.,0.,1.));
#2950=DIRECTION('',(1.,0.,0.));
#2951=DIRECTION('',(-1.,0.,-1.81843325693305E-16));
#2952=DIRECTION('',(0.,1.,0.));
#2953=DIRECTION('',(-1.,0.,0.));
#2954=DIRECTION('',(-1.35525271560688E-16,1.,0.));
#2955=DIRECTION('',(1.,0.,0.));
#2956=DIRECTION('',(0.,1.,0.));
#2957=DIRECTION('',(1.,0.,1.81843325693305E-16));
#2958=DIRECTION('',(0.,-1.,0.));
#2959=DIRECTION('',(-1.,0.,0.));
#2960=DIRECTION('',(0.,-1.,-4.78324487861252E-17));
#2961=DIRECTION('',(-1.,0.,0.));
#2962=DIRECTION('',(0.,1.,0.));
#2963=DIRECTION('',(0.,0.,1.));
#2964=DIRECTION('',(1.,0.,0.));
#2965=DIRECTION('',(0.,0.,-1.));
#2966=DIRECTION('',(0.,-1.,0.));
#2967=DIRECTION('',(-1.,1.05438810508817E-16,0.));
#2968=DIRECTION('',(-1.07290839985545E-16,1.,0.));
#2969=DIRECTION('',(0.,0.,-1.));
#2970=DIRECTION('',(-1.,0.,0.));
#2971=DIRECTION('',(1.35525271560688E-16,-1.,0.));
#2972=DIRECTION('',(0.,0.,1.));
#2973=DIRECTION('',(1.,0.,0.));
#2974=DIRECTION('',(-1.07290839985545E-16,1.,0.));
#2975=DIRECTION('',(-1.,-1.05438810508817E-16,0.));
#2976=DIRECTION('',(0.,0.,1.));
#2977=DIRECTION('',(1.,0.,0.));
#2978=DIRECTION('',(-1.,1.05438810508817E-16,0.));
#2979=DIRECTION('',(0.,0.,-1.));
#2980=DIRECTION('',(0.,-1.,0.));
#2981=DIRECTION('',(-1.,-1.05438810508817E-16,0.));
#2982=DIRECTION('',(1.07290839985545E-16,-1.,0.));
#2983=DIRECTION('',(0.,0.,1.));
#2984=DIRECTION('',(1.,0.,0.));
#2985=DIRECTION('',(-1.35525271560688E-16,1.,0.));
#2986=DIRECTION('',(-1.,-1.04753833090387E-16,0.));
#2987=DIRECTION('',(0.,0.,1.));
#2988=DIRECTION('',(1.,0.,0.));
#2989=DIRECTION('',(0.,1.,0.));
#2990=DIRECTION('',(0.,0.,1.));
#2991=DIRECTION('',(1.,0.,0.));
#2992=DIRECTION('',(1.,-1.04753833090387E-16,0.));
#2993=DIRECTION('',(-1.35525271560688E-16,1.,0.));
#2994=DIRECTION('',(0.,0.,-1.));
#2995=DIRECTION('',(-1.,0.,0.));
#2996=DIRECTION('',(1.07290839985545E-16,-1.,0.));
#2997=DIRECTION('',(-1.,-1.07290839985545E-16,0.));
#2998=DIRECTION('',(1.07290839985545E-16,-1.,0.));
#2999=DIRECTION('',(-6.43745039913268E-17,0.599999999999999,-0.8));
#3000=DIRECTION('',(-1.07290839985545E-16,1.,0.));
#3001=DIRECTION('',(0.,0.,-1.));
#3002=DIRECTION('',(0.,0.,1.));
#3003=DIRECTION('',(1.,0.,0.));
#3004=DIRECTION('',(0.,0.,1.));
#3005=DIRECTION('',(1.,0.,0.));
#3006=DIRECTION('',(1.07290839985545E-16,-1.,0.));
#3007=DIRECTION('',(-1.,-1.05438810508817E-16,0.));
#3008=DIRECTION('',(-1.07290839985545E-16,1.,0.));
#3009=DIRECTION('',(0.,0.,1.));
#3010=DIRECTION('',(1.,0.,0.));
#3011=DIRECTION('',(1.35525271560688E-16,-1.,0.));
#3012=DIRECTION('',(0.,0.,-1.));
#3013=DIRECTION('',(-1.,0.,0.));
#3014=DIRECTION('',(-1.,1.05438810508817E-16,0.));
#3015=DIRECTION('',(1.07290839985545E-16,-1.,0.));
#3016=DIRECTION('',(0.,0.,-1.));
#3017=DIRECTION('',(-1.,0.,0.));
#3018=DIRECTION('',(-1.35525271560688E-16,1.,0.));
#3019=DIRECTION('',(1.,-1.04753833090387E-16,0.));
#3020=DIRECTION('',(1.35525271560688E-16,-1.,0.));
#3021=DIRECTION('',(1.,1.35525271560688E-16,0.));
#3022=DIRECTION('',(-1.35525271560688E-16,1.,0.));
#3023=DIRECTION('',(0.,0.,-1.));
#3024=DIRECTION('',(-1.,0.,0.));
#3025=DIRECTION('',(1.07290839985545E-16,-1.,0.));
#3026=DIRECTION('',(1.,1.35525271560688E-16,0.));
#3027=DIRECTION('',(-1.07290839985545E-16,1.,0.));
#3028=DIRECTION('',(0.,0.,-1.));
#3029=DIRECTION('',(-1.,0.,0.));
#3030=DIRECTION('',(1.35525271560688E-16,-1.,0.));
#3031=DIRECTION('',(1.,1.35525271560688E-16,0.));
#3032=DIRECTION('',(-1.35525271560688E-16,1.,0.));
#3033=DIRECTION('',(1.,-1.35525271560688E-16,0.));
#3034=DIRECTION('',(1.35525271560688E-16,-1.,0.));
#3035=DIRECTION('',(0.,0.,1.));
#3036=DIRECTION('',(1.,0.,0.));
#3037=DIRECTION('',(-1.07290839985545E-16,1.,0.));
#3038=DIRECTION('',(1.,-1.35525271560688E-16,0.));
#3039=DIRECTION('',(1.07290839985545E-16,-1.,0.));
#3040=DIRECTION('',(0.,0.,1.));
#3041=DIRECTION('',(1.,0.,0.));
#3042=DIRECTION('',(-1.35525271560688E-16,1.,0.));
#3043=DIRECTION('',(1.,-1.35525271560688E-16,0.));
#3044=DIRECTION('',(1.35525271560688E-16,-1.,0.));
#3045=DIRECTION('',(-1.,-1.04753833090387E-16,0.));
#3046=DIRECTION('',(-1.35525271560688E-16,1.,0.));
#3047=DIRECTION('',(0.,0.,1.));
#3048=DIRECTION('',(1.,0.,0.));
#3049=DIRECTION('',(0.,0.,-1.));
#3050=DIRECTION('',(-1.,0.,0.));
#3051=DIRECTION('',(0.,0.,-1.));
#3052=DIRECTION('',(-1.,0.,0.));
#3053=DIRECTION('',(0.,0.,-1.));
#3054=DIRECTION('',(0.,-1.,0.));
#3055=DIRECTION('',(0.,0.,-1.));
#3056=DIRECTION('',(0.,-1.,0.));
#3057=DIRECTION('',(-1.,0.,0.));
#3058=DIRECTION('',(0.,0.,1.));
#3059=DIRECTION('',(0.,0.,1.));
#3060=DIRECTION('',(0.,-0.206010481049842,0.978549784986749));
#3061=DIRECTION('',(0.,-1.,0.));
#3062=DIRECTION('',(1.,0.,0.));
#3063=DIRECTION('',(0.,0.,-1.));
#3064=DIRECTION('',(0.,1.,0.));
#3065=DIRECTION('',(0.,0.206010481049842,-0.978549784986749));
#3066=DIRECTION('',(0.,0.,1.));
#3067=DIRECTION('',(0.,0.,1.));
#3068=DIRECTION('',(1.,0.,0.));
#3069=DIRECTION('',(-1.,-2.97958779558811E-16,0.));
#3070=DIRECTION('',(-1.,-1.35525271560688E-16,0.));
#3071=DIRECTION('',(-6.37872959950597E-17,-1.,0.));
#3072=DIRECTION('',(0.,-1.,0.));
#3073=DIRECTION('',(0.,0.,-1.));
#3074=DIRECTION('',(-1.,0.,-5.42101086242752E-16));
#3075=DIRECTION('',(0.,0.,1.));
#3076=DIRECTION('',(0.,0.,1.));
#3077=DIRECTION('',(1.,0.,0.));
#3078=DIRECTION('',(0.,-1.,0.));
#3079=DIRECTION('',(1.,-2.97958779558811E-16,0.));
#3080=DIRECTION('',(0.,1.,0.));
#3081=DIRECTION('',(1.,1.35525271560688E-16,0.));
#3082=DIRECTION('',(-1.35525271560688E-16,1.,0.));
#3083=DIRECTION('',(-1.,-1.35525271560688E-16,0.));
#3084=DIRECTION('',(-1.,-2.97958779558811E-16,0.));
#3085=DIRECTION('',(-1.,0.,0.));
#3086=DIRECTION('',(0.,0.,1.));
#3087=DIRECTION('',(0.,1.,0.));
#3088=DIRECTION('',(0.,0.,1.));
#3089=DIRECTION('',(0.,-4.29478857594362E-15,1.));
#3090=DIRECTION('',(-1.04753833090387E-16,1.,0.));
#3091=DIRECTION('',(-1.,-1.04753833090387E-16,0.));
#3092=DIRECTION('',(-1.04753833090387E-16,1.,0.));
#3093=DIRECTION('',(-1.,-1.04753833090387E-16,0.));
#3094=DIRECTION('',(-1.04753833090387E-16,1.,0.));
#3095=DIRECTION('',(-1.,-1.04753833090387E-16,0.));
#3096=DIRECTION('',(0.995227399981831,1.04253884944676E-16,-0.0975828997591494));
#3097=DIRECTION('',(0.,0.,-1.));
#3098=DIRECTION('',(0.,0.,-1.));
#3099=DIRECTION('',(0.,0.,1.));
#3100=DIRECTION('',(-1.,-1.04753833090387E-16,0.));
#3101=DIRECTION('',(0.,0.,1.));
#3102=DIRECTION('',(1.,1.04753833090387E-16,-6.93662135041934E-16));
#3103=DIRECTION('',(0.,-1.,0.));
#3104=DIRECTION('',(0.,0.,-1.));
#3105=DIRECTION('',(-1.,0.,0.));
#3106=DIRECTION('',(0.,0.,1.));
#3107=DIRECTION('',(1.,0.,0.));
#3108=DIRECTION('',(0.,0.,1.));
#3109=DIRECTION('',(1.,0.,0.));
#3110=DIRECTION('',(0.995227399981831,0.,-0.0975828997591494));
#3111=DIRECTION('',(0.,-1.,0.));
#3112=DIRECTION('',(0.,0.,-1.));
#3113=DIRECTION('',(-1.,0.,6.93662135041934E-16));
#3114=DIRECTION('',(0.,0.,-1.));
#3115=DIRECTION('',(1.,0.,0.));
#3116=DIRECTION('',(0.,0.,1.));
#3117=DIRECTION('',(0.0975828997591494,0.,0.995227399981831));
#3118=DIRECTION('',(0.995227399981831,0.,-0.0975828997591494));
#3119=DIRECTION('',(0.,-1.,0.));
#3120=DIRECTION('',(0.,1.,0.));
#3121=DIRECTION('',(1.,0.,0.));
#3122=DIRECTION('',(0.,0.,-1.));
#3123=DIRECTION('',(0.,-1.,0.));
#3124=DIRECTION('',(0.,-1.,0.));
#3125=DIRECTION('',(0.,0.,-1.));
#3126=DIRECTION('',(0.,0.999512076087079,0.0312347523777215));
#3127=DIRECTION('',(0.,-1.,0.));
#3128=DIRECTION('',(0.,0.,1.));
#3129=DIRECTION('',(1.,0.,0.));
#3130=DIRECTION('',(-1.,0.,0.));
#3131=DIRECTION('',(0.,0.,1.));
#3132=DIRECTION('',(1.,0.,0.));
#3133=DIRECTION('',(0.,1.,0.));
#3134=DIRECTION('',(-1.,0.,0.));
#3135=DIRECTION('',(0.,-1.,0.));
#3136=DIRECTION('',(1.,0.,0.));
#3137=DIRECTION('',(0.,1.,0.));
#3138=DIRECTION('',(0.,0.,1.));
#3139=DIRECTION('',(1.,0.,0.));
#3140=DIRECTION('',(0.,-1.,0.));
#3141=DIRECTION('',(0.,0.,-1.));
#3142=DIRECTION('',(-1.,0.,-5.42101086242752E-16));
#3143=DIRECTION('',(0.,-1.,0.));
#3144=DIRECTION('',(0.,0.,-1.));
#3145=DIRECTION('',(0.,-1.,0.));
#3146=DIRECTION('',(0.,0.,-1.));
#3147=DIRECTION('',(0.,-1.,0.));
#3148=DIRECTION('',(0.,0.,-1.));
#3149=DIRECTION('',(0.,-1.,0.));
#3150=DIRECTION('',(0.,0.,-1.));
#3151=DIRECTION('',(0.,-1.,0.));
#3152=DIRECTION('',(0.,0.,-1.));
#3153=DIRECTION('',(0.26492344647533,0.,-0.964269447565168));
#3154=DIRECTION('',(0.268688492464007,0.,-0.96322712483475));
#3155=DIRECTION('',(-1.,0.,0.));
#3156=DIRECTION('',(0.,-1.,0.));
#3157=DIRECTION('',(0.,0.,1.));
#3158=DIRECTION('',(0.,0.,1.));
#3159=DIRECTION('',(1.,0.,0.));
#3160=DIRECTION('',(0.,0.,1.));
#3161=DIRECTION('',(1.,0.,0.));
#3162=DIRECTION('',(1.,0.,0.));
#3163=DIRECTION('',(0.,-1.,0.));
#3164=DIRECTION('',(-1.,0.,0.));
#3165=DIRECTION('',(5.06336420452668E-17,-1.,0.));
#3166=DIRECTION('',(0.,0.,-1.));
#3167=DIRECTION('',(-1.,0.,0.));
#3168=DIRECTION('',(-5.42101086242752E-16,0.,1.));
#3169=DIRECTION('',(1.,0.,5.42101086242752E-16));
#3170=DIRECTION('',(0.,1.,0.));
#3171=DIRECTION('',(1.,0.,5.42101086242752E-16));
#3172=DIRECTION('',(0.,1.,0.));
#3173=DIRECTION('',(-1.,0.,0.));
#3174=DIRECTION('',(-5.06336420452668E-17,1.,-2.74485523531658E-32));
#3175=DIRECTION('',(-1.,0.,0.));
#3176=DIRECTION('',(0.,-1.,0.));
#3177=DIRECTION('',(0.,0.,-1.));
#3178=DIRECTION('',(0.,0.,1.));
#3179=DIRECTION('',(0.,0.,-1.));
#3180=DIRECTION('',(0.,0.,1.));
#3181=DIRECTION('',(1.,0.,0.));
#3182=DIRECTION('',(0.,0.,1.));
#3183=DIRECTION('',(1.,0.,0.));
#3184=DIRECTION('',(0.,0.,1.));
#3185=DIRECTION('',(1.,0.,0.));
#3186=DIRECTION('',(1.,1.07290839985545E-16,0.));
#3187=DIRECTION('',(-1.07290839985545E-16,1.,0.));
#3188=DIRECTION('',(1.07290839985545E-16,-1.,0.));
#3189=DIRECTION('',(0.,0.,1.));
#3190=DIRECTION('',(7.58660805129796E-17,-0.707106781186548,0.707106781186547));
#3191=DIRECTION('',(-1.,-1.07290839985545E-16,0.));
#3192=DIRECTION('',(1.07290839985545E-16,-1.,0.));
#3193=DIRECTION('',(0.,0.,1.));
#3194=DIRECTION('',(-6.43745039913268E-17,0.599999999999999,0.8));
#3195=DIRECTION('',(-1.,-1.35525271560688E-16,0.));
#3196=DIRECTION('',(1.35525271560688E-16,-1.,0.));
#3197=DIRECTION('',(0.,0.,1.));
#3198=DIRECTION('',(1.,1.35525271560688E-16,0.));
#3199=DIRECTION('',(-1.35525271560688E-16,1.,0.));
#3200=DIRECTION('',(1.35525271560688E-16,-1.,0.));
#3201=DIRECTION('',(0.,0.,1.));
#3202=DIRECTION('',(9.5830838542711E-17,-0.707106781186548,0.707106781186547));
#3203=DIRECTION('',(0.,0.,1.));
#3204=DIRECTION('',(1.,0.,0.));
#3205=DIRECTION('',(0.,0.,1.));
#3206=DIRECTION('',(1.,0.,0.));
#3207=DIRECTION('',(-1.,0.,0.));
#3208=DIRECTION('',(-1.35525271560688E-16,1.,0.));
#3209=DIRECTION('',(1.,1.07290839985545E-16,0.));
#3210=DIRECTION('',(-1.07290839985545E-16,1.,0.));
#3211=DIRECTION('',(0.,0.,1.));
#3212=DIRECTION('',(-6.32632863052903E-17,0.599999999999999,0.8));
#3213=DIRECTION('',(-1.,-1.07290839985545E-16,0.));
#3214=DIRECTION('',(1.07290839985545E-16,-1.,0.));
#3215=DIRECTION('',(0.,0.,1.));
#3216=DIRECTION('',(-1.07290839985545E-16,1.,0.));
#3217=DIRECTION('',(-7.58660805129795E-17,0.707106781186548,-0.707106781186547));
#3218=DIRECTION('',(-1.,-1.35525271560688E-16,0.));
#3219=DIRECTION('',(1.35525271560688E-16,-1.,0.));
#3220=DIRECTION('',(0.,0.,1.));
#3221=DIRECTION('',(-9.5830838542711E-17,0.707106781186548,-0.707106781186547));
#3222=DIRECTION('',(1.,1.35525271560688E-16,0.));
#3223=DIRECTION('',(-1.35525271560688E-16,1.,0.));
#3224=DIRECTION('',(1.35525271560688E-16,-1.,0.));
#3225=DIRECTION('',(9.5830838542711E-17,-0.707106781186548,0.707106781186547));
#3226=DIRECTION('',(1.,1.35525271560688E-16,0.));
#3227=DIRECTION('',(-1.35525271560688E-16,1.,0.));
#3228=DIRECTION('',(0.,0.,1.));
#3229=DIRECTION('',(0.,0.,-1.));
#3230=DIRECTION('',(0.,-1.,0.));
#3231=DIRECTION('',(0.,0.,-1.));
#3232=DIRECTION('',(-1.,0.,0.));
#3233=DIRECTION('',(1.,-1.35525271560688E-16,0.));
#3234=DIRECTION('',(1.,-1.35525271560688E-16,0.));
#3235=DIRECTION('',(-1.,0.,0.));
#3236=DIRECTION('',(1.,-1.35525271560688E-16,0.));
#3237=DIRECTION('',(0.,0.,-1.));
#3238=DIRECTION('',(0.,-1.,0.));
#3239=DIRECTION('',(1.,0.,0.));
#3240=DIRECTION('',(1.,0.,0.));
#3241=DIRECTION('',(-1.,0.,0.));
#3242=DIRECTION('',(0.,0.,1.));
#3243=DIRECTION('',(0.,0.,-1.));
#3244=DIRECTION('',(0.,1.,0.));
#3245=DIRECTION('',(0.,0.0312347523777215,-0.999512076087079));
#3246=DIRECTION('',(0.,0.999512076087079,0.0312347523777215));
#3247=DIRECTION('',(0.,0.0312347523777215,-0.999512076087079));
#3248=DIRECTION('',(0.,0.999512076087079,0.0312347523777215));
#3249=DIRECTION('',(0.,0.,1.));
#3250=DIRECTION('',(1.,0.,0.));
#3251=DIRECTION('',(0.,0.,1.));
#3252=DIRECTION('',(1.,0.,0.));
#3253=DIRECTION('',(-1.,0.,0.));
#3254=DIRECTION('',(0.,0.,1.));
#3255=DIRECTION('',(0.,-1.,0.));
#3256=DIRECTION('',(0.,-0.206010481049842,-0.978549784986749));
#3257=DIRECTION('',(0.,0.,1.));
#3258=DIRECTION('',(-5.42101086242752E-16,0.,1.));
#3259=DIRECTION('',(1.,0.,5.42101086242752E-16));
#3260=DIRECTION('',(0.,-1.,0.));
#3261=DIRECTION('',(-1.,0.,0.));
#3262=DIRECTION('',(0.,-1.,0.));
#3263=DIRECTION('',(1.,0.,0.));
#3264=DIRECTION('',(0.,1.,0.));
#3265=DIRECTION('',(1.,0.,5.42101086242752E-16));
#3266=DIRECTION('',(-1.,0.,0.));
#3267=DIRECTION('',(1.,0.,5.42101086242752E-16));
#3268=DIRECTION('',(1.,0.,0.));
#3269=DIRECTION('',(0.,0.,-1.));
#3270=DIRECTION('',(0.,0.,1.));
#3271=DIRECTION('',(0.,0.206010481049842,0.978549784986749));
#3272=DIRECTION('',(0.,1.,0.));
#3273=DIRECTION('',(0.,0.,1.));
#3274=DIRECTION('',(0.,-1.,0.));
#3275=DIRECTION('',(0.,0.,1.));
#3276=DIRECTION('',(-1.,0.,0.));
#3277=DIRECTION('',(-0.268688492464007,0.,0.96322712483475));
#3278=DIRECTION('',(-0.26492344647533,0.,0.964269447565168));
#3279=DIRECTION('',(0.,1.,0.));
#3280=DIRECTION('',(0.,0.,1.));
#3281=DIRECTION('',(0.,1.,0.));
#3282=DIRECTION('',(0.,0.,1.));
#3283=DIRECTION('',(0.,1.,0.));
#3284=DIRECTION('',(0.,0.,1.));
#3285=DIRECTION('',(0.,1.,0.));
#3286=DIRECTION('',(0.,0.,1.));
#3287=DIRECTION('',(0.,1.,0.));
#3288=DIRECTION('',(0.,0.,1.));
#3289=DIRECTION('',(0.,0.,1.));
#3290=DIRECTION('',(1.,0.,0.));
#3291=DIRECTION('',(-6.37872959950597E-17,-1.,0.));
#3292=DIRECTION('',(1.,1.35525271560688E-16,0.));
#3293=DIRECTION('',(1.,-2.97958779558811E-16,0.));
#3294=DIRECTION('',(0.,1.,0.));
#3295=DIRECTION('',(0.,0.,1.));
#3296=DIRECTION('',(0.,0.,-1.));
#3297=DIRECTION('',(-1.04753833090387E-16,-1.,0.));
#3298=DIRECTION('',(1.,-1.04753833090387E-16,0.));
#3299=DIRECTION('',(-1.04753833090387E-16,-1.,0.));
#3300=DIRECTION('',(1.,-1.04753833090387E-16,0.));
#3301=DIRECTION('',(-1.04753833090387E-16,-1.,0.));
#3302=DIRECTION('',(1.,-1.04753833090387E-16,0.));
#3303=DIRECTION('',(-1.,1.04753833090387E-16,6.93662135041934E-16));
#3304=DIRECTION('',(0.,0.,-1.));
#3305=DIRECTION('',(1.,-1.04753833090387E-16,0.));
#3306=DIRECTION('',(0.,0.,-1.));
#3307=DIRECTION('',(0.,0.,1.));
#3308=DIRECTION('',(0.,0.,-1.));
#3309=DIRECTION('',(-0.995227399981831,1.04253884944676E-16,0.0975828997591494));
#3310=DIRECTION('',(0.,1.,0.));
#3311=DIRECTION('',(0.,0.,1.));
#3312=DIRECTION('',(0.,0.,1.));
#3313=DIRECTION('',(-1.,0.,0.));
#3314=DIRECTION('',(0.,0.,-1.));
#3315=DIRECTION('',(1.,0.,0.));
#3316=DIRECTION('',(0.,0.,1.));
#3317=DIRECTION('',(-1.,0.,0.));
#3318=DIRECTION('',(0.,0.,-1.));
#3319=DIRECTION('',(1.,0.,-6.93662135041934E-16));
#3320=DIRECTION('',(0.,1.,0.));
#3321=DIRECTION('',(0.,0.,1.));
#3322=DIRECTION('',(-0.995227399981831,0.,0.0975828997591494));
#3323=DIRECTION('',(-1.,0.,0.));
#3324=DIRECTION('',(0.0975828997591494,0.,0.995227399981831));
#3325=DIRECTION('',(0.995227399981831,0.,-0.0975828997591494));
#3326=DIRECTION('',(0.,1.,0.));
#3327=DIRECTION('',(0.,-1.,0.));
#3328=DIRECTION('',(0.,0.,1.));
#3329=DIRECTION('',(1.,0.,0.));
#3330=DIRECTION('',(0.,0.,1.));
#3331=DIRECTION('',(1.,0.,0.));
#3332=DIRECTION('',(1.,0.,3.3230441831116E-15));
#3333=DIRECTION('',(0.,-1.,0.));
#3334=DIRECTION('',(1.,0.,0.));
#3335=DIRECTION('',(0.,-1.,0.));
#3336=DIRECTION('',(0.,-1.,0.));
#3337=DIRECTION('',(1.,0.,0.));
#3338=DIRECTION('',(0.,1.,0.));
#3339=DIRECTION('',(0.,0.,1.));
#3340=DIRECTION('',(1.,0.,0.));
#3341=DIRECTION('',(-1.,-1.35525271560688E-16,0.));
#3342=DIRECTION('',(1.35525271560688E-16,-1.,0.));
#3343=DIRECTION('',(0.,0.,-1.));
#3344=DIRECTION('',(1.,1.35525271560688E-16,0.));
#3345=DIRECTION('',(-1.35525271560688E-16,1.,0.));
#3346=DIRECTION('',(1.35525271560688E-16,-1.,0.));
#3347=DIRECTION('',(9.5830838542711E-17,-0.707106781186548,-0.707106781186547));
#3348=DIRECTION('',(1.,0.,0.));
#3349=DIRECTION('',(0.,0.,-1.));
#3350=DIRECTION('',(0.,0.,-1.));
#3351=DIRECTION('',(0.,-1.,0.));
#3352=DIRECTION('',(0.,1.,0.));
#3353=DIRECTION('',(0.,0.999512076087079,-0.0312347523777215));
#3354=DIRECTION('',(0.,0.,1.));
#3355=DIRECTION('',(1.,0.,0.));
#3356=DIRECTION('',(1.,0.,0.));
#3357=DIRECTION('',(0.,0.,1.));
#3358=DIRECTION('',(1.,0.,0.));
#3359=DIRECTION('',(0.,-1.,0.));
#3360=DIRECTION('',(-1.,0.,-5.82385200102013E-16));
#3361=DIRECTION('',(0.,0.,1.));
#3362=DIRECTION('',(1.,0.,0.));
#3363=DIRECTION('',(0.,0.,-1.));
#3364=DIRECTION('',(-1.,0.,0.));
#3365=DIRECTION('',(0.,-1.,0.));
#3366=DIRECTION('',(1.,0.,0.));
#3367=DIRECTION('',(0.,1.,0.));
#3368=DIRECTION('',(0.,0.,1.));
#3369=DIRECTION('',(0.,0.,-1.));
#3370=DIRECTION('',(0.,0.,-1.));
#3371=DIRECTION('',(-1.,0.,0.));
#3372=DIRECTION('',(0.,0.,1.));
#3373=DIRECTION('',(0.,0.,-1.));
#3374=DIRECTION('',(-1.,0.,0.));
#3375=DIRECTION('',(0.,0.,1.));
#3376=DIRECTION('',(0.,-1.,0.));
#3377=DIRECTION('',(0.,0.,1.));
#3378=DIRECTION('',(0.,0.,-1.));
#3379=DIRECTION('',(-1.,-1.07290839985545E-16,0.));
#3380=DIRECTION('',(1.07290839985545E-16,-1.,0.));
#3381=DIRECTION('',(-1.07290839985545E-16,1.,0.));
#3382=DIRECTION('',(0.,0.,-1.));
#3383=DIRECTION('',(-7.58660805129795E-17,0.707106781186548,0.707106781186547));
#3384=DIRECTION('',(1.,1.07290839985545E-16,0.));
#3385=DIRECTION('',(-1.07290839985545E-16,1.,0.));
#3386=DIRECTION('',(0.,0.,-1.));
#3387=DIRECTION('',(1.07290839985545E-16,-1.,0.));
#3388=DIRECTION('',(7.58660805129796E-17,-0.707106781186548,-0.707106781186547));
#3389=DIRECTION('',(1.,1.07290839985545E-16,0.));
#3390=DIRECTION('',(-1.07290839985545E-16,1.,0.));
#3391=DIRECTION('',(6.32632863052904E-17,0.599999999999999,-0.8));
#3392=DIRECTION('',(0.,0.,-1.));
#3393=DIRECTION('',(1.,1.35525271560688E-16,0.));
#3394=DIRECTION('',(-1.35525271560688E-16,1.,0.));
#3395=DIRECTION('',(0.,0.,-1.));
#3396=DIRECTION('',(1.35525271560688E-16,-1.,0.));
#3397=DIRECTION('',(9.5830838542711E-17,-0.707106781186548,-0.707106781186547));
#3398=DIRECTION('',(0.,0.,1.));
#3399=DIRECTION('',(1.,0.,0.));
#3400=DIRECTION('',(0.,0.,-1.));
#3401=DIRECTION('',(-1.,0.,0.));
#3402=DIRECTION('',(-1.35525271560688E-16,1.,0.));
#3403=DIRECTION('',(1.,0.,0.));
#3404=DIRECTION('',(0.,1.,0.));
#3405=DIRECTION('',(0.,0.,1.));
#3406=DIRECTION('',(1.,1.35525271560688E-16,0.));
#3407=DIRECTION('',(1.,0.,0.));
#3408=DIRECTION('',(0.,1.,0.));
#3409=DIRECTION('',(1.,0.,0.));
#3410=DIRECTION('',(1.,1.35525271560688E-16,0.));
#3411=DIRECTION('',(1.,0.,0.));
#3412=DIRECTION('',(1.,1.35525271560688E-16,0.));
#3413=DIRECTION('',(-1.,-1.35525271560688E-16,0.));
#3414=DIRECTION('',(1.35525271560688E-16,-1.,0.));
#3415=DIRECTION('',(0.,0.,-1.));
#3416=DIRECTION('',(-9.5830838542711E-17,0.707106781186548,0.707106781186547));
#3417=DIRECTION('',(0.,0.,1.));
#3418=DIRECTION('',(1.,0.,0.));
#3419=DIRECTION('',(0.,0.,-1.));
#3420=DIRECTION('',(-1.,0.,0.));
#3421=DIRECTION('',(0.,-0.0312347523777215,-0.999512076087079));
#3422=DIRECTION('',(0.,0.999512076087079,-0.0312347523777215));
#3423=DIRECTION('',(0.,-0.0312347523777215,-0.999512076087079));
#3424=DIRECTION('',(0.,-0.999512076087079,0.0312347523777215));
#3425=DIRECTION('',(0.,0.,1.));
#3426=DIRECTION('',(1.,0.,0.));
#3427=DIRECTION('',(0.,-1.,0.));
#3428=DIRECTION('',(0.,0.,-1.));
#3429=DIRECTION('',(0.,1.,0.));
#3430=DIRECTION('',(-1.,0.,0.));
#3431=DIRECTION('',(-1.,-1.35525271560688E-16,0.));
#3432=DIRECTION('',(1.35525271560688E-16,-1.,0.));
#3433=DIRECTION('',(-9.5830838542711E-17,-0.707106781186548,0.707106781186547));
#3434=DIRECTION('',(9.5830838542711E-17,-0.707106781186548,-0.707106781186547));
#3435=DIRECTION('',(9.58308385427108E-17,-0.707106781186547,0.707106781186548));
#3436=DIRECTION('',(0.,-0.707106781186548,-0.707106781186547));
#3437=DIRECTION('',(9.58308385427108E-17,-0.707106781186547,0.707106781186548));
#3438=DIRECTION('',(0.,-0.707106781186548,-0.707106781186547));
#3439=DIRECTION('',(9.58308385427108E-17,-0.707106781186547,0.707106781186548));
#3440=DIRECTION('',(0.,-0.707106781186548,-0.707106781186547));
#3441=DIRECTION('',(0.,0.,1.));
#3442=DIRECTION('',(1.,0.,0.));
#3443=DIRECTION('',(0.,0.,-1.));
#3444=DIRECTION('',(-1.,0.,0.));
#3445=DIRECTION('',(0.,0.,-1.));
#3446=DIRECTION('',(-1.,0.,0.));
#3447=DIRECTION('',(0.,0.,-1.));
#3448=DIRECTION('',(-1.,0.,0.));
#3449=DIRECTION('',(0.,0.,-1.));
#3450=DIRECTION('',(-1.,0.,0.));
#3451=DIRECTION('',(0.,0.,-1.));
#3452=DIRECTION('',(-1.,0.,0.));
#3453=DIRECTION('',(0.,0.,-1.));
#3454=DIRECTION('',(-1.,0.,0.));
#3455=DIRECTION('',(0.,0.,-1.));
#3456=DIRECTION('',(-1.,0.,0.));
#3457=DIRECTION('',(0.,0.,-1.));
#3458=DIRECTION('',(-1.,0.,0.));
#3459=DIRECTION('',(-0.964269447565167,0.,-0.26492344647533));
#3460=DIRECTION('',(-0.26492344647533,0.,0.964269447565168));
#3461=DIRECTION('',(0.,-1.,0.));
#3462=DIRECTION('',(0.26492344647533,0.,-0.964269447565168));
#3463=DIRECTION('',(0.,-1.,0.));
#3464=DIRECTION('',(0.,-1.,0.));
#3465=DIRECTION('',(0.,0.,-1.));
#3466=DIRECTION('',(0.,1.,0.));
#3467=DIRECTION('',(0.,0.,1.));
#3468=DIRECTION('',(0.,-1.,0.));
#3469=DIRECTION('',(0.,-1.,0.));
#3470=DIRECTION('',(0.,0.,-1.));
#3471=DIRECTION('',(0.,1.,0.));
#3472=DIRECTION('',(0.,0.,1.));
#3473=DIRECTION('',(0.,-1.,0.));
#3474=DIRECTION('',(0.,-1.,0.));
#3475=DIRECTION('',(0.,0.,-1.));
#3476=DIRECTION('',(0.,1.,0.));
#3477=DIRECTION('',(0.,0.,1.));
#3478=DIRECTION('',(0.,-1.,0.));
#3479=DIRECTION('',(0.,-1.,0.));
#3480=DIRECTION('',(0.,0.,-1.));
#3481=DIRECTION('',(0.,-1.,0.));
#3482=DIRECTION('',(0.,0.,-1.));
#3483=DIRECTION('',(0.,-1.,0.));
#3484=DIRECTION('',(0.,-1.,0.));
#3485=DIRECTION('',(0.,0.,-1.));
#3486=DIRECTION('',(0.,1.,0.));
#3487=DIRECTION('',(-1.,0.,0.));
#3488=DIRECTION('',(-1.,0.,0.));
#3489=DIRECTION('',(0.,0.,1.));
#3490=DIRECTION('',(0.,0.,-1.));
#3491=DIRECTION('',(0.,-1.,0.));
#3492=DIRECTION('',(0.,0.,1.));
#3493=DIRECTION('',(-0.96322712483475,0.,-0.268688492464007));
#3494=DIRECTION('',(-0.268688492464007,0.,0.96322712483475));
#3495=DIRECTION('',(0.268688492464007,0.,-0.96322712483475));
#3496=DIRECTION('',(1.,0.,0.));
#3497=DIRECTION('',(0.,0.,-1.));
#3498=DIRECTION('',(8.34001671142696E-17,-1.,0.));
#3499=DIRECTION('',(0.,0.,-1.));
#3500=DIRECTION('',(0.,0.,-1.));
#3501=DIRECTION('',(0.,0.,-1.));
#3502=DIRECTION('',(0.,0.,-1.));
#3503=DIRECTION('',(0.,0.,-1.));
#3504=DIRECTION('',(-1.,0.,0.));
#3505=DIRECTION('',(0.,0.,1.));
#3506=DIRECTION('',(1.,0.,0.));
#3507=DIRECTION('',(0.,0.,1.));
#3508=DIRECTION('',(6.93662135041934E-16,0.,1.));
#3509=DIRECTION('',(1.,0.,-6.93662135041934E-16));
#3510=DIRECTION('',(0.,1.,0.));
#3511=DIRECTION('',(0.,1.,0.));
#3512=DIRECTION('',(0.,0.,1.));
#3513=DIRECTION('',(1.,0.,0.));
#3514=DIRECTION('',(0.,0.,-1.));
#3515=DIRECTION('',(0.,-0.93334560620306,0.358979079308869));
#3516=DIRECTION('',(-1.,0.,0.));
#3517=DIRECTION('',(0.,0.,1.));
#3518=DIRECTION('',(0.,0.93334560620306,-0.358979079308869));
#3519=DIRECTION('',(0.,0.358979079308869,0.93334560620306));
#3520=DIRECTION('',(0.,-0.93334560620306,0.358979079308869));
#3521=DIRECTION('',(0.,1.,-4.29478857594362E-15));
#3522=DIRECTION('',(0.,4.29478857594362E-15,1.));
#3523=DIRECTION('',(-1.,0.,0.));
#3524=DIRECTION('',(0.,0.,-1.));
#3525=DIRECTION('',(0.,-1.59441495953751E-17,1.));
#3526=DIRECTION('',(0.,-1.,-1.59441495953751E-17));
#3527=DIRECTION('',(-1.,0.,0.));
#3528=DIRECTION('',(0.,1.,-1.59441495953751E-17));
#3529=DIRECTION('',(0.,1.,1.59441495953751E-17));
#3530=DIRECTION('',(0.,-1.,0.));
#3531=DIRECTION('',(0.,0.,-1.));
#3532=DIRECTION('',(0.,0.978549784986749,-0.206010481049842));
#3533=DIRECTION('',(0.,0.206010481049842,0.978549784986749));
#3534=DIRECTION('',(-1.,0.,0.));
#3535=DIRECTION('',(8.43510484070539E-17,-0.8,0.599999999999999));
#3536=DIRECTION('',(0.,-0.599999999999999,-0.8));
#3537=DIRECTION('',(8.43510484070539E-17,-0.8,0.599999999999999));
#3538=DIRECTION('',(6.32632863052904E-17,-0.599999999999999,-0.8));
#3539=DIRECTION('',(0.,0.,-1.));
#3540=DIRECTION('',(-1.,0.,0.));
#3541=DIRECTION('',(8.4351048407054E-17,0.8,0.599999999999999));
#3542=DIRECTION('',(6.32632863052904E-17,0.599999999999999,-0.8));
#3543=DIRECTION('',(0.,0.,-1.));
#3544=DIRECTION('',(0.,-1.,0.));
#3545=DIRECTION('',(0.,0.,-1.));
#3546=DIRECTION('',(-1.,0.,0.));
#3547=DIRECTION('',(0.,0.,1.));
#3548=DIRECTION('',(1.,0.,0.));
#3549=DIRECTION('',(0.,1.,0.));
#3550=DIRECTION('',(0.,0.,1.));
#3551=DIRECTION('',(0.,-1.,0.));
#3552=DIRECTION('',(-1.,0.,0.));
#3553=DIRECTION('',(9.58308385427108E-17,0.707106781186547,0.707106781186548));
#3554=DIRECTION('',(0.,-0.707106781186548,0.707106781186547));
#3555=DIRECTION('',(9.58308385427108E-17,0.707106781186547,0.707106781186548));
#3556=DIRECTION('',(0.,-0.707106781186548,0.707106781186547));
#3557=DIRECTION('',(9.58308385427108E-17,0.707106781186547,0.707106781186548));
#3558=DIRECTION('',(0.,-0.707106781186548,0.707106781186547));
#3559=DIRECTION('',(0.,0.,1.));
#3560=DIRECTION('',(1.,0.,0.));
#3561=DIRECTION('',(0.,0.,1.));
#3562=DIRECTION('',(1.,0.,0.));
#3563=DIRECTION('',(0.,0.,1.));
#3564=DIRECTION('',(1.,0.,0.));
#3565=DIRECTION('',(0.,0.,1.));
#3566=DIRECTION('',(1.,0.,0.));
#3567=DIRECTION('',(0.,0.,1.));
#3568=DIRECTION('',(1.,0.,0.));
#3569=DIRECTION('',(0.,0.,1.));
#3570=DIRECTION('',(1.,0.,0.));
#3571=DIRECTION('',(-1.,0.,0.));
#3572=DIRECTION('',(0.,0.,1.));
#3573=DIRECTION('',(0.,0.,1.));
#3574=DIRECTION('',(-0.964269447565167,0.,-0.26492344647533));
#3575=DIRECTION('',(-0.26492344647533,0.,0.964269447565168));
#3576=DIRECTION('',(0.,1.,0.));
#3577=DIRECTION('',(-0.26492344647533,0.,0.964269447565168));
#3578=DIRECTION('',(0.,-1.,0.));
#3579=DIRECTION('',(0.,1.,0.));
#3580=DIRECTION('',(0.,0.,1.));
#3581=DIRECTION('',(0.,1.,0.));
#3582=DIRECTION('',(0.,-1.,0.));
#3583=DIRECTION('',(0.,0.,-1.));
#3584=DIRECTION('',(0.,1.,0.));
#3585=DIRECTION('',(0.,0.,1.));
#3586=DIRECTION('',(0.,1.,0.));
#3587=DIRECTION('',(0.,-1.,0.));
#3588=DIRECTION('',(0.,0.,-1.));
#3589=DIRECTION('',(0.,1.,0.));
#3590=DIRECTION('',(0.,0.,1.));
#3591=DIRECTION('',(0.,-1.,0.));
#3592=DIRECTION('',(1.,0.,0.));
#3593=DIRECTION('',(0.,1.,0.));
#3594=DIRECTION('',(0.,1.,0.));
#3595=DIRECTION('',(0.,0.,1.));
#3596=DIRECTION('',(0.,1.,0.));
#3597=DIRECTION('',(0.,1.,0.));
#3598=DIRECTION('',(0.,0.,-1.));
#3599=DIRECTION('',(0.,1.,0.));
#3600=DIRECTION('',(0.,0.,1.));
#3601=DIRECTION('',(0.,-1.,0.));
#3602=DIRECTION('',(-1.,0.,0.));
#3603=DIRECTION('',(-0.96322712483475,0.,-0.268688492464007));
#3604=DIRECTION('',(-0.268688492464007,0.,0.96322712483475));
#3605=DIRECTION('',(-0.268688492464007,0.,0.96322712483475));
#3606=DIRECTION('',(0.,0.,-1.));
#3607=DIRECTION('',(-1.,0.,0.));
#3608=DIRECTION('',(0.,0.,1.));
#3609=DIRECTION('',(1.,0.,0.));
#3610=DIRECTION('',(0.,0.,1.));
#3611=DIRECTION('',(6.93662135041934E-16,0.,1.));
#3612=DIRECTION('',(1.,0.,-6.93662135041934E-16));
#3613=DIRECTION('',(0.,-1.,0.));
#3614=DIRECTION('',(0.,-1.,0.));
#3615=DIRECTION('',(0.,0.,-1.));
#3616=DIRECTION('',(1.,0.,0.));
#3617=DIRECTION('',(0.,0.,-1.));
#3618=DIRECTION('',(0.,-0.93334560620306,-0.358979079308869));
#3619=DIRECTION('',(-1.,0.,0.));
#3620=DIRECTION('',(0.,0.,1.));
#3621=DIRECTION('',(0.,0.93334560620306,0.358979079308869));
#3622=DIRECTION('',(0.,-0.358979079308869,0.93334560620306));
#3623=DIRECTION('',(0.,-0.93334560620306,-0.358979079308869));
#3624=DIRECTION('',(0.,-1.,-4.29478857594362E-15));
#3625=DIRECTION('',(0.,4.29478857594362E-15,-1.));
#3626=DIRECTION('',(0.,-4.29478857594362E-15,1.));
#3627=DIRECTION('',(1.,0.,0.));
#3628=DIRECTION('',(0.,0.,-1.));
#3629=DIRECTION('',(1.35525271560688E-16,-1.,0.));
#3630=DIRECTION('',(1.,1.35525271560688E-16,0.));
#3631=DIRECTION('',(-1.,0.,0.));
#3632=DIRECTION('',(-1.35525271560688E-16,1.,0.));
#3633=DIRECTION('',(1.,1.35525271560688E-16,0.));
#3634=DIRECTION('',(-1.,-1.35525271560688E-16,0.));
#3635=DIRECTION('',(-1.35525271560688E-16,1.,0.));
#3636=DIRECTION('',(-1.,-1.35525271560688E-16,0.));
#3637=DIRECTION('',(1.,1.35525271560688E-16,0.));
#3638=DIRECTION('',(-1.35525271560688E-16,1.,0.));
#3639=DIRECTION('',(1.,1.35525271560688E-16,0.));
#3640=DIRECTION('',(0.,0.,1.));
#3641=DIRECTION('',(1.,0.,0.));
#3642=DIRECTION('',(0.,1.,0.));
#3643=DIRECTION('',(-1.35525271560688E-16,1.,0.));
#3644=DIRECTION('',(-1.,-1.35525271560688E-16,0.));
#3645=DIRECTION('',(0.,-0.978549784986749,-0.206010481049842));
#3646=DIRECTION('',(0.,0.206010481049842,-0.978549784986749));
#3647=DIRECTION('',(8.4351048407054E-17,0.8,0.599999999999999));
#3648=DIRECTION('',(0.,-0.599999999999999,0.8));
#3649=DIRECTION('',(0.,-1.,0.));
#3650=DIRECTION('',(0.,0.,-1.));
#3651=DIRECTION('',(0.,1.,0.));
#3652=DIRECTION('',(0.,0.,1.));
#3653=DIRECTION('',(0.,-1.,0.));
#3654=DIRECTION('',(0.,0.,-1.));
#3655=DIRECTION('',(0.986382930713165,-5.53234725807844E-16,0.164464932425448));
#3656=DIRECTION('',(0.164464932425448,-2.21824476441298E-15,-0.986382930713165));
#3657=DIRECTION('',(0.893216899093559,3.10460654423676E-17,-0.449626034804133));
#3658=DIRECTION('',(-0.449626034804133,3.93668377419632E-18,-0.893216899093559));
#3659=DIRECTION('',(0.45546399510145,-4.00696107824007E-17,-0.890254204801205));
#3660=DIRECTION('',(-0.890254204801205,-2.84023216805446E-18,-0.45546399510145));
#3661=DIRECTION('',(0.0198306047302379,1.30590154788405E-17,-0.999803354223236));
#3662=DIRECTION('',(-0.999803354223236,7.43267666339837E-18,-0.0198306047302379));
#3663=DIRECTION('',(-4.39326050220613E-6,6.12143805116276E-19,-0.99999999999035));
#3664=DIRECTION('',(-0.99999999999035,-2.18860670069427E-18,4.39326050220613E-6));
#3665=DIRECTION('',(-2.72261551729499E-8,-5.10200585209758E-20,-1.));
#3666=DIRECTION('',(-1.,-8.35377610748629E-21,2.72261551729499E-8));
#3667=DIRECTION('',(5.99906947545556E-8,-1.21276308168529E-26,-0.999999999999998));
#3668=DIRECTION('',(-0.999999999999998,7.40562687037245E-26,-5.99906947545556E-8));
#3669=DIRECTION('',(-3.5882076467503E-8,2.66621993806889E-32,-0.999999999999999));
#3670=DIRECTION('',(-0.999999999999999,4.366298674416E-33,3.5882076467503E-8));
#3671=DIRECTION('',(-5.2927517692713E-10,-1.44557720043598E-47,-1.));
#3672=DIRECTION('',(-1.,-2.36732955924852E-48,5.2927517692713E-10));
#3673=DIRECTION('',(1.11998201916346E-9,6.25087815881761E-57,-1.));
#3674=DIRECTION('',(-1.,-3.81701284196946E-56,-1.11998201916346E-9));
#3675=DIRECTION('',(3.32440900617923E-9,1.28738295832757E-40,-1.));
#3676=DIRECTION('',(-1.,-7.8612273723725E-40,-3.32440900617923E-9));
#3677=DIRECTION('',(-5.55616174365524E-8,-2.61360409479549E-64,-0.999999999999999));
#3678=DIRECTION('',(-0.999999999999999,-4.28013124887671E-65,5.55616174365524E-8));
#3679=DIRECTION('',(3.39357317941102E-8,0.,-0.999999999999999));
#3680=DIRECTION('',(-0.999999999999999,0.,-3.39357317941102E-8));
#3681=DIRECTION('',(5.18177657379826E-7,0.,-0.999999999999866));
#3682=DIRECTION('',(-0.999999999999866,0.,-5.18177657379826E-7));
#3683=DIRECTION('',(4.70238670754325E-6,0.,-0.999999999988944));
#3684=DIRECTION('',(-0.999999999988944,0.,-4.70238670754325E-6));
#3685=DIRECTION('',(-0.175848292780337,0.,-0.984417278356207));
#3686=DIRECTION('',(-0.984417278356207,0.,0.175848292780337));
#3687=DIRECTION('',(-0.98851703782672,0.,-0.151109450155466));
#3688=DIRECTION('',(-0.151109450155466,0.,0.98851703782672));
#3689=DIRECTION('',(-0.887073999272231,0.,0.461627252028269));
#3690=DIRECTION('',(0.461627252028269,0.,0.887073999272231));
#3691=DIRECTION('',(-0.0479102686464676,0.,0.998851643718036));
#3692=DIRECTION('',(0.998851643718036,0.,0.0479102686464676));
#3693=DIRECTION('',(-0.0479102804342244,0.,0.998851643152633));
#3694=DIRECTION('',(0.998851643152633,0.,0.0479102804342244));
#3695=DIRECTION('',(-2.82643295053398E-5,0.,0.999999999600564));
#3696=DIRECTION('',(0.999999999600564,0.,2.82643295053398E-5));
#3697=DIRECTION('',(-0.70860421562822,0.,-0.705606168902962));
#3698=DIRECTION('',(-0.705606168902962,0.,0.70860421562822));
#3699=DIRECTION('',(-0.443391992409631,0.,0.896327808933215));
#3700=DIRECTION('',(0.896327808933215,0.,0.443391992409631));
#3701=DIRECTION('',(-0.0534151579551758,0.,0.998572391417179));
#3702=DIRECTION('',(0.998572391417179,0.,0.0534151579551758));
#3703=DIRECTION('',(-0.0479105539141347,0.,0.998851630035032));
#3704=DIRECTION('',(0.998851630035032,0.,0.0479105539141347));
#3705=DIRECTION('',(-0.0421858259480635,0.,0.999109781800318));
#3706=DIRECTION('',(0.999109781800318,0.,0.0421858259480635));
#3707=DIRECTION('',(0.0479168447588161,0.,0.998851328270809));
#3708=DIRECTION('',(0.998851328270809,0.,-0.0479168447588161));
#3709=DIRECTION('',(0.0479168626547552,0.,0.998851327412306));
#3710=DIRECTION('',(0.998851327412306,0.,-0.0479168626547552));
#3711=DIRECTION('',(-2.82644433902251E-5,0.,0.999999999600561));
#3712=DIRECTION('',(0.999999999600561,0.,2.82644433902251E-5));
#3713=DIRECTION('',(0.0195604819809749,0.,0.999808675469798));
#3714=DIRECTION('',(0.999808675469798,0.,-0.0195604819809749));
#3715=DIRECTION('',(0.0479168406166009,0.,0.998851328469519));
#3716=DIRECTION('',(0.998851328469519,0.,-0.0479168406166009));
#3717=DIRECTION('',(0.0479207390128678,0.,0.998851141448244));
#3718=DIRECTION('',(0.998851141448244,0.,-0.0479207390128678));
#3719=DIRECTION('',(0.191645629679215,0.,0.981464188151996));
#3720=DIRECTION('',(0.981464188151996,0.,-0.191645629679215));
#3721=DIRECTION('',(0.712628797175661,0.,0.701541301304471));
#3722=DIRECTION('',(0.701541301304471,0.,-0.712628797175661));
#3723=CARTESIAN_POINT('',(0.,0.,0.));
#3724=CARTESIAN_POINT('',(0.,0.,1.6));
#3725=CARTESIAN_POINT('',(7.98491496644559,5.5,1.6));
#3726=CARTESIAN_POINT('',(7.98491496644559,5.5,1.6));
#3727=CARTESIAN_POINT('',(5.6,5.5,1.6));
#3728=CARTESIAN_POINT('',(5.6,-19.2,1.6));
#3729=CARTESIAN_POINT('',(5.6,19.2,1.6));
#3730=CARTESIAN_POINT('',(5.6,19.2,1.6));
#3731=CARTESIAN_POINT('',(4.40000000000001,19.2,1.6));
#3732=CARTESIAN_POINT('',(4.40000000000001,-19.2,1.6));
#3733=CARTESIAN_POINT('',(4.40000000000001,-19.2,1.6));
#3734=CARTESIAN_POINT('',(-5.6,-19.2,1.6));
#3735=CARTESIAN_POINT('',(5.6,-19.2,1.6));
#3736=CARTESIAN_POINT('',(5.6,-19.2,1.6));
#3737=CARTESIAN_POINT('',(5.6,-5.5,1.6));
#3738=CARTESIAN_POINT('',(5.6,-5.5,1.6));
#3739=CARTESIAN_POINT('',(7.98491496644559,-5.5,1.6));
#3740=CARTESIAN_POINT('',(7.98491496644559,0.439229539688482,1.6));
#3741=CARTESIAN_POINT('',(7.98491496644559,-3.4,1.6));
#3742=CARTESIAN_POINT('',(7.99,-3.4,1.6));
#3743=CARTESIAN_POINT('',(7.99,-3.4,1.6));
#3744=CARTESIAN_POINT('',(7.99,3.4,1.6));
#3745=CARTESIAN_POINT('',(7.99,3.4,1.6));
#3746=CARTESIAN_POINT('',(7.99,3.4,1.6));
#3747=CARTESIAN_POINT('',(7.98491496644559,3.4,1.6));
#3748=CARTESIAN_POINT('',(7.98491496644559,-0.439229539688482,1.6));
#3749=CARTESIAN_POINT('',(0.,0.,1.6));
#3750=CARTESIAN_POINT('',(0.,0.,1.6));
#3751=CARTESIAN_POINT('',(0.393280662822097,2.36755788107708,1.6));
#3752=CARTESIAN_POINT('',(0.393280662822094,-2.36755788107708,1.6));
#3753=CARTESIAN_POINT('',(2.24506522045798,-2.36755788107708,1.6));
#3754=CARTESIAN_POINT('',(0.600000000000003,-2.36755788107708,1.6));
#3755=CARTESIAN_POINT('',(0.600000000000004,-19.2,1.6));
#3756=CARTESIAN_POINT('',(0.600000000000003,-4.45035213014023,1.6));
#3757=CARTESIAN_POINT('',(-4.89842541528951E-16,-8.,1.6));
#3758=CARTESIAN_POINT('',(3.2,-6.35075774975294,1.6));
#3759=CARTESIAN_POINT('',(3.2,19.2,1.6));
#3760=CARTESIAN_POINT('',(3.2,6.35075774975294,1.6));
#3761=CARTESIAN_POINT('',(-4.89842541528951E-16,8.,1.6));
#3762=CARTESIAN_POINT('',(0.600000000000001,4.45035213014023,1.6));
#3763=CARTESIAN_POINT('',(0.600000000000004,-19.2,1.6));
#3764=CARTESIAN_POINT('',(0.600000000000002,2.36755788107708,1.6));
#3765=CARTESIAN_POINT('',(2.24506522045798,2.36755788107708,1.6));
#3766=CARTESIAN_POINT('',(0.,0.,1.6));
#3767=CARTESIAN_POINT('',(2.24506522045798,-2.36755788107708,1.6));
#3768=CARTESIAN_POINT('',(-0.393280662822097,-2.36755788107708,1.6));
#3769=CARTESIAN_POINT('',(-0.599999999999998,-2.36755788107708,1.6));
#3770=CARTESIAN_POINT('',(0.,0.,1.6));
#3771=CARTESIAN_POINT('',(-0.393280662822095,2.36755788107708,1.6));
#3772=CARTESIAN_POINT('',(2.24506522045798,2.36755788107708,1.6));
#3773=CARTESIAN_POINT('',(-0.599999999999998,2.36755788107708,1.6));
#3774=CARTESIAN_POINT('',(-0.6,19.2,1.6));
#3775=CARTESIAN_POINT('',(-0.599999999999998,4.45035213014023,1.6));
#3776=CARTESIAN_POINT('',(-4.89842541528951E-16,8.,1.6));
#3777=CARTESIAN_POINT('',(-3.2,6.35075774975293,1.6));
#3778=CARTESIAN_POINT('',(-3.19999999999999,-19.2,1.6));
#3779=CARTESIAN_POINT('',(-3.2,5.49751568417205,1.6));
#3780=CARTESIAN_POINT('',(-5.75885840391543E-16,5.49751568417205,1.6));
#3781=CARTESIAN_POINT('',(-2.91040952096364,5.49751568417205,1.6));
#3782=CARTESIAN_POINT('',(-2.91040952096364,4.99751568417205,1.6));
#3783=CARTESIAN_POINT('',(-2.41040952096364,4.99751568417205,1.6));
#3784=CARTESIAN_POINT('',(-2.41040952096364,0.,1.6));
#3785=CARTESIAN_POINT('',(-2.41040952096364,-4.99751568417205,1.6));
#3786=CARTESIAN_POINT('',(-2.91040952096364,-4.99751568417205,1.6));
#3787=CARTESIAN_POINT('',(-2.91040952096364,-5.49751568417205,1.6));
#3788=CARTESIAN_POINT('',(-5.75885840391543E-16,-5.49751568417205,1.6));
#3789=CARTESIAN_POINT('',(-3.2,-5.49751568417205,1.6));
#3790=CARTESIAN_POINT('',(-3.19999999999999,-19.2,1.6));
#3791=CARTESIAN_POINT('',(-3.2,-6.35075774975292,1.6));
#3792=CARTESIAN_POINT('',(-4.89842541528951E-16,-8.,1.6));
#3793=CARTESIAN_POINT('',(-0.599999999999997,-4.45035213014023,1.6));
#3794=CARTESIAN_POINT('',(-0.6,19.2,1.6));
#3795=CARTESIAN_POINT('',(0.600000000000004,-19.2,3.2));
#3796=CARTESIAN_POINT('',(0.600000000000003,-9.19523704388932,10.703572217083));
#3797=CARTESIAN_POINT('',(0.600000000000003,-3.56755788107708,3.2));
#3798=CARTESIAN_POINT('',(0.600000000000004,-19.2,3.2));
#3799=CARTESIAN_POINT('',(0.600000000000003,-4.45035213014023,3.2));
#3800=CARTESIAN_POINT('',(0.600000000000003,-4.45035213014023,2.4));
#3801=CARTESIAN_POINT('',(0.,0.,3.2));
#3802=CARTESIAN_POINT('',(-4.89842541528951E-16,8.,3.2));
#3803=CARTESIAN_POINT('',(-3.2,6.35075774975293,3.2));
#3804=CARTESIAN_POINT('',(-0.599999999999998,4.45035213014023,3.2));
#3805=CARTESIAN_POINT('',(-0.6,19.2,3.2));
#3806=CARTESIAN_POINT('',(-0.599999999999998,3.56755788107708,3.2));
#3807=CARTESIAN_POINT('',(2.24506522045798,3.56755788107708,3.2));
#3808=CARTESIAN_POINT('',(0.600000000000002,3.56755788107708,3.2));
#3809=CARTESIAN_POINT('',(0.600000000000004,-19.2,3.2));
#3810=CARTESIAN_POINT('',(0.600000000000001,4.45035213014023,3.2));
#3811=CARTESIAN_POINT('',(-4.89842541528951E-16,8.,3.2));
#3812=CARTESIAN_POINT('',(3.2,6.35075774975294,3.2));
#3813=CARTESIAN_POINT('',(3.2,19.2,3.2));
#3814=CARTESIAN_POINT('',(3.2,-6.35075774975294,3.2));
#3815=CARTESIAN_POINT('',(-4.89842541528951E-16,-8.,3.2));
#3816=CARTESIAN_POINT('',(2.24506522045798,-3.56755788107708,3.2));
#3817=CARTESIAN_POINT('',(-0.599999999999998,-3.56755788107708,3.2));
#3818=CARTESIAN_POINT('',(-0.6,19.2,3.2));
#3819=CARTESIAN_POINT('',(-0.599999999999997,-4.45035213014023,3.2));
#3820=CARTESIAN_POINT('',(-4.89842541528951E-16,-8.,3.2));
#3821=CARTESIAN_POINT('',(-3.2,-6.35075774975292,3.2));
#3822=CARTESIAN_POINT('',(-3.19999999999999,-19.2,3.2));
#3823=CARTESIAN_POINT('',(-3.2,-5.49751568417205,3.2));
#3824=CARTESIAN_POINT('',(-5.75885840391543E-16,-5.49751568417205,3.2));
#3825=CARTESIAN_POINT('',(-4.4,-5.49751568417205,3.2));
#3826=CARTESIAN_POINT('',(-4.4,19.2,3.2));
#3827=CARTESIAN_POINT('',(-4.39999999999999,-17.6,3.2));
#3828=CARTESIAN_POINT('',(-8.,-17.6,3.2));
#3829=CARTESIAN_POINT('',(-3.19999999999999,-17.6,3.2));
#3830=CARTESIAN_POINT('',(-3.19999999999999,-19.2,3.2));
#3831=CARTESIAN_POINT('',(-3.2,-9.64924225024707,3.2));
#3832=CARTESIAN_POINT('',(-4.89842541528951E-16,-8.,3.2));
#3833=CARTESIAN_POINT('',(-0.599999999999996,-11.5496478698598,3.2));
#3834=CARTESIAN_POINT('',(-0.6,19.2,3.2));
#3835=CARTESIAN_POINT('',(-0.599999999999996,-17.6,3.2));
#3836=CARTESIAN_POINT('',(-8.,-17.6,3.2));
#3837=CARTESIAN_POINT('',(0.600000000000005,-17.6,3.2));
#3838=CARTESIAN_POINT('',(0.600000000000004,-19.2,3.2));
#3839=CARTESIAN_POINT('',(0.600000000000004,-11.5496478698598,3.2));
#3840=CARTESIAN_POINT('',(-4.89842541528951E-16,-8.,3.2));
#3841=CARTESIAN_POINT('',(3.20000000000001,-9.64924225024705,3.2));
#3842=CARTESIAN_POINT('',(3.2,19.2,3.2));
#3843=CARTESIAN_POINT('',(3.20000000000001,-17.6,3.2));
#3844=CARTESIAN_POINT('',(-8.,-17.6,3.2));
#3845=CARTESIAN_POINT('',(4.40000000000001,-17.6,3.2));
#3846=CARTESIAN_POINT('',(4.40000000000001,-19.2,3.2));
#3847=CARTESIAN_POINT('',(4.40000000000001,17.6,3.2));
#3848=CARTESIAN_POINT('',(-8.,17.6,3.2));
#3849=CARTESIAN_POINT('',(3.2,17.6,3.2));
#3850=CARTESIAN_POINT('',(3.2,19.2,3.2));
#3851=CARTESIAN_POINT('',(3.2,9.64924225024706,3.2));
#3852=CARTESIAN_POINT('',(-4.89842541528951E-16,8.,3.2));
#3853=CARTESIAN_POINT('',(0.600000000000001,11.5496478698598,3.2));
#3854=CARTESIAN_POINT('',(0.600000000000004,-19.2,3.2));
#3855=CARTESIAN_POINT('',(0.600000000000001,17.6,3.2));
#3856=CARTESIAN_POINT('',(-8.,17.6,3.2));
#3857=CARTESIAN_POINT('',(-0.6,17.6,3.2));
#3858=CARTESIAN_POINT('',(-0.6,19.2,3.2));
#3859=CARTESIAN_POINT('',(-0.599999999999999,11.5496478698598,3.2));
#3860=CARTESIAN_POINT('',(-4.89842541528951E-16,8.,3.2));
#3861=CARTESIAN_POINT('',(-3.2,9.64924225024707,3.2));
#3862=CARTESIAN_POINT('',(-3.19999999999999,-19.2,3.2));
#3863=CARTESIAN_POINT('',(-3.2,17.6,3.2));
#3864=CARTESIAN_POINT('',(-8.,17.6,3.2));
#3865=CARTESIAN_POINT('',(-4.4,17.6,3.2));
#3866=CARTESIAN_POINT('',(-4.4,19.2,3.2));
#3867=CARTESIAN_POINT('',(-4.4,5.49751568417205,3.2));
#3868=CARTESIAN_POINT('',(-5.75885840391543E-16,5.49751568417205,3.2));
#3869=CARTESIAN_POINT('',(-3.2,5.49751568417205,3.2));
#3870=CARTESIAN_POINT('',(-3.19999999999999,-19.2,3.2));
#3871=CARTESIAN_POINT('',(-4.89842541528951E-16,8.,3.2));
#3872=CARTESIAN_POINT('',(3.1,8.,3.2));
#3873=CARTESIAN_POINT('',(-4.89842541528951E-16,-8.,3.2));
#3874=CARTESIAN_POINT('',(-3.1,-8.,3.2));
#3875=CARTESIAN_POINT('',(3.19839640883224E-15,0.,1.8));
#3876=CARTESIAN_POINT('',(3.19839640883224E-15,0.,1.8));
#3877=CARTESIAN_POINT('',(3.19839640883224E-15,-2.,1.8));
#3878=CARTESIAN_POINT('',(3.19839640883224E-15,0.,1.6));
#3879=CARTESIAN_POINT('',(3.19839640883224E-15,-2.,1.6));
#3880=CARTESIAN_POINT('',(-0.810409520963644,3.4,-4.2));
#3881=CARTESIAN_POINT('',(-0.810409520963644,3.4,-4.2));
#3882=CARTESIAN_POINT('',(-0.810409520963644,3.4,-4.2));
#3883=CARTESIAN_POINT('',(-0.810409520963644,3.4,-0.4));
#3884=CARTESIAN_POINT('',(-0.810409520963644,3.4,-4.2));
#3885=CARTESIAN_POINT('',(-0.810409520963644,2.6,-0.400000000000001));
#3886=CARTESIAN_POINT('',(-0.810409520963644,3.4,-0.4));
#3887=CARTESIAN_POINT('',(-0.00795648514481575,2.6,-4.2));
#3888=CARTESIAN_POINT('',(-0.00795648514481575,2.6,-0.4));
#3889=CARTESIAN_POINT('',(-0.00795648514481575,2.6,-0.400000000000001));
#3890=CARTESIAN_POINT('',(-0.00795648514481575,3.4,-0.4));
#3891=CARTESIAN_POINT('',(-0.00795648514481575,3.36604774535809,-4.03872679045093));
#3892=CARTESIAN_POINT('',(-0.00795648514481575,3.4,-4.2));
#3893=CARTESIAN_POINT('',(-0.00795648514481575,3.4,-4.2));
#3894=CARTESIAN_POINT('',(0.,0.,-0.4));
#3895=CARTESIAN_POINT('',(3.41161552070629,3.4,-0.4));
#3896=CARTESIAN_POINT('',(-2.41040952096364,3.4,-0.4));
#3897=CARTESIAN_POINT('',(0.789590479036356,2.6,-0.4));
#3898=CARTESIAN_POINT('',(-2.41040952096364,2.6,-0.4));
#3899=CARTESIAN_POINT('',(-2.41040952096364,3.39885958840127,-0.4));
#3900=CARTESIAN_POINT('',(5.6,3.4,-1.40391359092587));
#3901=CARTESIAN_POINT('',(5.6,3.4,-4.2));
#3902=CARTESIAN_POINT('',(-2.41040952096364,3.4,-4.2));
#3903=CARTESIAN_POINT('',(-2.41040952096364,3.4,-1.40391359092587));
#3904=CARTESIAN_POINT('',(0.,0.,-0.4));
#3905=CARTESIAN_POINT('',(3.20163441027972,3.4,-0.4));
#3906=CARTESIAN_POINT('',(3.20163441027972,3.4,-0.4));
#3907=CARTESIAN_POINT('',(3.20163441027972,-3.4,-0.4));
#3908=CARTESIAN_POINT('',(3.41161552070629,-3.4,-0.4));
#3909=CARTESIAN_POINT('',(-0.00795648514481575,-3.4,-0.4));
#3910=CARTESIAN_POINT('',(-0.00795648514481575,-3.4,-0.4));
#3911=CARTESIAN_POINT('',(-0.00795648514481575,-2.6,-0.4));
#3912=CARTESIAN_POINT('',(-2.41040952096364,-2.6,-0.4));
#3913=CARTESIAN_POINT('',(2.78959047903636,-2.6,-0.4));
#3914=CARTESIAN_POINT('',(2.78959047903636,-2.6,-0.4));
#3915=CARTESIAN_POINT('',(2.78959047903635,2.6,-0.4));
#3916=CARTESIAN_POINT('',(0.789590479036356,2.6,-0.4));
#3917=CARTESIAN_POINT('',(3.41161552070629,3.4,-0.4));
#3918=CARTESIAN_POINT('',(7.98491496644559,-0.439229539688482,1.19608640907413));
#3919=CARTESIAN_POINT('',(7.98491496644559,-0.439229539688482,1.19608640907413));
#3920=CARTESIAN_POINT('',(7.98491496644559,3.4,1.19608640907413));
#3921=CARTESIAN_POINT('',(7.98491496644559,5.5,1.19608640907413));
#3922=CARTESIAN_POINT('',(7.98491496644559,5.5,1.19608640907413));
#3923=CARTESIAN_POINT('',(7.98491496644559,3.4,1.19608640907414));
#3924=CARTESIAN_POINT('',(-7.05040952096364,5.49751568417205,3.86955225953945));
#3925=CARTESIAN_POINT('',(-6.81040952096364,5.49751568417205,-2.2));
#3926=CARTESIAN_POINT('',(-8.41040952096364,5.49751568417205,-2.2));
#3927=CARTESIAN_POINT('',(-6.81040952096364,5.49751568417205,-2.2));
#3928=CARTESIAN_POINT('',(-7.31911202893177,5.49751568417205,-4.56772293959067));
#3929=CARTESIAN_POINT('',(-6.85040952096364,5.49751568417205,0.221423168361319));
#3930=CARTESIAN_POINT('',(-7.87237255690811,5.49751568417205,-4.51347527052208));
#3931=CARTESIAN_POINT('',(-2.91040952096364,5.49751568417205,-5.));
#3932=CARTESIAN_POINT('',(-2.91040952096364,5.49751568417205,3.86955225953945));
#3933=CARTESIAN_POINT('',(-3.2,5.49751568417205,3.2));
#3934=CARTESIAN_POINT('',(-4.4,5.49751568417205,3.2));
#3935=CARTESIAN_POINT('',(-4.4,5.49751568417205,1.6));
#3936=CARTESIAN_POINT('',(-5.75885840391543E-16,5.49751568417205,1.6));
#3937=CARTESIAN_POINT('',(-5.6,5.49751568417205,1.6));
#3938=CARTESIAN_POINT('',(-5.6,5.49751568417205,3.86955225953945));
#3939=CARTESIAN_POINT('',(-5.6,5.49751568417205,0.221423168361319));
#3940=CARTESIAN_POINT('',(-7.05040952096365,5.49751568417205,0.22142316836132));
#3941=CARTESIAN_POINT('',(-10.0775605458874,7.35692725030827,-5.));
#3942=CARTESIAN_POINT('',(-10.0775605458874,7.35692725030827,-2.));
#3943=CARTESIAN_POINT('',(-2.6,7.35692725030827,-2.));
#3944=CARTESIAN_POINT('',(-3.79985106643125,7.35692725030827,-2.));
#3945=CARTESIAN_POINT('',(-2.6,7.35692725030827,-5.));
#3946=CARTESIAN_POINT('',(-2.6,7.35692725030827,0.));
#3947=CARTESIAN_POINT('',(-10.0775605458874,7.35692725030827,0.));
#3948=CARTESIAN_POINT('',(-2.48131670476401,7.35692725030827,0.));
#3949=CARTESIAN_POINT('',(-2.48131670476401,7.35692725030827,-12.942259904424));
#3950=CARTESIAN_POINT('',(-2.48131670476401,7.35692725030827,-5.));
#3951=CARTESIAN_POINT('',(-10.0775605458874,7.35692725030827,-5.));
#3952=CARTESIAN_POINT('',(-2.91040952096364,7.35692725030827,-5.));
#3953=CARTESIAN_POINT('',(-8.46287143977812,7.35692725030827,-4.45557634883238));
#3954=CARTESIAN_POINT('',(-7.31911202893177,7.35692725030827,-4.56772293959067));
#3955=CARTESIAN_POINT('',(-6.81040952096364,7.35692725030827,-2.2));
#3956=CARTESIAN_POINT('',(-6.85040952096364,7.35692725030827,0.221423168361319));
#3957=CARTESIAN_POINT('',(-10.0775605458874,7.35692725030827,0.221423168361322));
#3958=CARTESIAN_POINT('',(-5.6,7.35692725030827,0.221423168361319));
#3959=CARTESIAN_POINT('',(-5.6,7.35692725030827,1.61633498948223));
#3960=CARTESIAN_POINT('',(-5.6,7.35692725030827,0.));
#3961=CARTESIAN_POINT('',(-10.0775605458874,7.35692725030827,0.));
#3962=CARTESIAN_POINT('',(-3.79985106643124,7.35692725030827,0.));
#3963=CARTESIAN_POINT('',(-3.79985106643124,7.35692725030827,-2.));
#3964=CARTESIAN_POINT('',(-8.46287143977812,1.81614667078514,-4.45557634883238));
#3965=CARTESIAN_POINT('',(-7.31911202893177,11.5008963457861,-4.56772293959067));
#3966=CARTESIAN_POINT('',(-2.91040952096364,1.81614667078514,-5.));
#3967=CARTESIAN_POINT('',(-5.6,19.2,1.6));
#3968=CARTESIAN_POINT('',(-5.6,11.5008963457861,0.221423168361319));
#3969=CARTESIAN_POINT('',(-5.6,19.2,1.6));
#3970=CARTESIAN_POINT('',(-5.6,19.2,1.6));
#3971=CARTESIAN_POINT('',(-5.6,19.2,1.6));
#3972=CARTESIAN_POINT('',(-5.6,19.2,0.2));
#3973=CARTESIAN_POINT('',(-5.6,19.2437073170732,0.201365853658537));
#3974=CARTESIAN_POINT('',(-5.6,12.8,-1.21972744404619E-16));
#3975=CARTESIAN_POINT('',(-5.6,19.2,0.));
#3976=CARTESIAN_POINT('',(0.,0.,0.));
#3977=CARTESIAN_POINT('',(3.80301454324371,5.5,0.));
#3978=CARTESIAN_POINT('',(3.80301454324371,5.5,4.33680868994202E-16));
#3979=CARTESIAN_POINT('',(0.56610524704951,5.5,0.));
#3980=CARTESIAN_POINT('',(-5.42101086242752E-16,8.,0.));
#3981=CARTESIAN_POINT('',(-2.6,7.33802173831292,0.));
#3982=CARTESIAN_POINT('',(-2.6,12.5569272503083,0.));
#3983=CARTESIAN_POINT('',(-2.6,12.5569272503083,0.));
#3984=CARTESIAN_POINT('',(-3.79985106643125,12.5569272503083,0.));
#3985=CARTESIAN_POINT('',(-3.79985106643124,12.5569272503083,0.));
#3986=CARTESIAN_POINT('',(-13.,12.8,-1.40946282423116E-15));
#3987=CARTESIAN_POINT('',(3.8030145432437,12.8,-1.40946282423116E-15));
#3988=CARTESIAN_POINT('',(3.80301454324371,5.6,0.));
#3989=CARTESIAN_POINT('',(-4.89842541528951E-16,8.,0.));
#3990=CARTESIAN_POINT('',(2.4,8.,0.));
#3991=CARTESIAN_POINT('',(5.6,3.4,-1.40391359092587));
#3992=CARTESIAN_POINT('',(5.6,3.4,-4.2));
#3993=CARTESIAN_POINT('',(2.78959047903636,3.4,-4.2));
#3994=CARTESIAN_POINT('',(2.78959047903636,3.4,-3.2));
#3995=CARTESIAN_POINT('',(3.71266740211318,3.4,-2.81538461538437));
#3996=CARTESIAN_POINT('',(5.18959047903636,3.4,-2.2));
#3997=CARTESIAN_POINT('',(6.56718484240281,3.4,-3.01377746959534));
#3998=CARTESIAN_POINT('',(7.48959047835123,3.4,-3.39999999971313));
#3999=CARTESIAN_POINT('',(8.35330507103744,3.4,-3.90398125172642));
#4000=CARTESIAN_POINT('',(9.38231061836089,3.4,-4.50441050053162));
#4001=CARTESIAN_POINT('',(8.397202421743,3.4,-3.8343884559693));
#4002=CARTESIAN_POINT('',(5.18959047903636,3.4,-2.2));
#4003=CARTESIAN_POINT('',(8.66096049027096,3.4,-1.24627559268881));
#4004=CARTESIAN_POINT('',(8.48639853777348,3.4,-0.610904281692704));
#4005=CARTESIAN_POINT('',(8.31855865838995,3.4,0.));
#4006=CARTESIAN_POINT('',(8.48564050813551,3.4,-0.598975297626653));
#4007=CARTESIAN_POINT('',(7.99,3.4,1.19608640907413));
#4008=CARTESIAN_POINT('',(5.6,3.4,1.19608640907413));
#4009=CARTESIAN_POINT('',(5.6,3.4,-1.40391359092587));
#4010=CARTESIAN_POINT('',(0.,0.,-5.));
#4011=CARTESIAN_POINT('',(-5.42101086242752E-16,8.,-5.));
#4012=CARTESIAN_POINT('',(0.56610524704951,5.5,-5.));
#4013=CARTESIAN_POINT('',(0.0761943374444672,5.5,-5.));
#4014=CARTESIAN_POINT('',(2.38959047903636,5.5,-5.));
#4015=CARTESIAN_POINT('',(2.38959047903636,0.,-5.));
#4016=CARTESIAN_POINT('',(2.38959047903636,3.99751568417205,-5.));
#4017=CARTESIAN_POINT('',(2.38959047903636,3.99751568417205,-5.));
#4018=CARTESIAN_POINT('',(-2.41040952096364,3.99751568417205,-5.));
#4019=CARTESIAN_POINT('',(-2.41040952096364,3.99751568417205,-5.));
#4020=CARTESIAN_POINT('',(-2.41040952096364,4.99751568417205,-5.));
#4021=CARTESIAN_POINT('',(-2.91040952096364,4.99751568417205,-5.));
#4022=CARTESIAN_POINT('',(2.38959047903636,-47.3806151014651,-4.2));
#4023=CARTESIAN_POINT('',(2.38959047903636,-47.3806151014651,-4.2));
#4024=CARTESIAN_POINT('',(2.38959047903636,3.99751568417205,-4.2));
#4025=CARTESIAN_POINT('',(2.38959047903636,5.5,-4.2));
#4026=CARTESIAN_POINT('',(2.38959047903636,5.5,-4.2));
#4027=CARTESIAN_POINT('',(2.78959047903636,5.5,-4.2));
#4028=CARTESIAN_POINT('',(2.78959047903636,-47.3806151014651,-4.2));
#4029=CARTESIAN_POINT('',(4.63904330359838,3.4,-4.2));
#4030=CARTESIAN_POINT('',(-2.41040952096364,-47.3806151014651,-4.2));
#4031=CARTESIAN_POINT('',(-2.41040952096364,3.99751568417205,-4.2));
#4032=CARTESIAN_POINT('',(2.38959047903636,3.99751568417205,-4.2));
#4033=CARTESIAN_POINT('',(2.38959047903636,3.99751568417205,-4.2));
#4034=CARTESIAN_POINT('',(-2.41040952096364,3.99751568417205,-4.2));
#4035=CARTESIAN_POINT('',(2.38959047903636,3.99751568417205,-4.2));
#4036=CARTESIAN_POINT('',(-5.94446345813602E-16,9.70836618572409,2.4));
#4037=CARTESIAN_POINT('',(-4.89842541528951E-16,8.,2.4));
#4038=CARTESIAN_POINT('',(3.1,8.,2.4));
#4039=CARTESIAN_POINT('',(-4.89842541528951E-16,8.,2.4));
#4040=CARTESIAN_POINT('',(2.4,8.,2.4));
#4041=CARTESIAN_POINT('',(-0.6,19.2,3.2));
#4042=CARTESIAN_POINT('',(-0.6,19.2,1.6));
#4043=CARTESIAN_POINT('',(-0.6,19.2,1.6));
#4044=CARTESIAN_POINT('',(-0.599999999999999,11.5496478698598,1.6));
#4045=CARTESIAN_POINT('',(-0.599999999999999,11.5496478698598,2.4));
#4046=CARTESIAN_POINT('',(-0.6,18.4,2.4));
#4047=CARTESIAN_POINT('',(0.600000000000004,-19.2,3.2));
#4048=CARTESIAN_POINT('',(0.600000000000002,4.45035213014023,2.4));
#4049=CARTESIAN_POINT('',(0.600000000000003,-4.62876295611065,-7.72842778291699));
#4050=CARTESIAN_POINT('',(-3.19999999999999,-19.2,3.2));
#4051=CARTESIAN_POINT('',(-3.2,6.35075774975293,2.4));
#4052=CARTESIAN_POINT('',(3.2,19.2,3.2));
#4053=CARTESIAN_POINT('',(3.2,19.2,1.6));
#4054=CARTESIAN_POINT('',(3.2,19.2,1.6));
#4055=CARTESIAN_POINT('',(3.2,9.64924225024706,1.6));
#4056=CARTESIAN_POINT('',(3.2,9.64924225024706,2.4));
#4057=CARTESIAN_POINT('',(3.2,18.4,2.4));
#4058=CARTESIAN_POINT('',(0.,0.,1.6));
#4059=CARTESIAN_POINT('',(-4.89842541528951E-16,8.,1.6));
#4060=CARTESIAN_POINT('',(-3.2,9.64924225024707,1.6));
#4061=CARTESIAN_POINT('',(5.6,19.2,1.6));
#4062=CARTESIAN_POINT('',(-3.2,19.2,1.6));
#4063=CARTESIAN_POINT('',(-3.19999999999999,-19.2,1.6));
#4064=CARTESIAN_POINT('',(-0.6,19.2,3.2));
#4065=CARTESIAN_POINT('',(-0.599999999999998,4.45035213014023,2.4));
#4066=CARTESIAN_POINT('',(-0.599999999999998,3.56755788107708,3.2));
#4067=CARTESIAN_POINT('',(0.600000000000004,-19.2,3.2));
#4068=CARTESIAN_POINT('',(0.600000000000001,11.5496478698598,2.4));
#4069=CARTESIAN_POINT('',(0.600000000000001,11.5496478698598,1.6));
#4070=CARTESIAN_POINT('',(0.600000000000004,-19.2,1.6));
#4071=CARTESIAN_POINT('',(0.6,19.2,1.6));
#4072=CARTESIAN_POINT('',(0.600000000000002,-0.800000000000044,21.6));
#4073=CARTESIAN_POINT('',(-3.19999999999999,-19.2,3.2));
#4074=CARTESIAN_POINT('',(-3.2,9.64924225024707,2.4));
#4075=CARTESIAN_POINT('',(-3.2,-0.800000000000044,21.6));
#4076=CARTESIAN_POINT('',(-4.4,19.2,3.2));
#4077=CARTESIAN_POINT('',(-4.4,19.2,1.6));
#4078=CARTESIAN_POINT('',(-4.4,19.2,1.6));
#4079=CARTESIAN_POINT('',(-4.4,18.4,2.4));
#4080=CARTESIAN_POINT('',(3.2,19.2,3.2));
#4081=CARTESIAN_POINT('',(3.2,6.35075774975294,2.4));
#4082=CARTESIAN_POINT('',(3.2,-6.35075774975294,2.4));
#4083=CARTESIAN_POINT('',(5.6,19.2,1.6));
#4084=CARTESIAN_POINT('',(5.6,19.2,1.6));
#4085=CARTESIAN_POINT('',(-8.,19.2,1.6));
#4086=CARTESIAN_POINT('',(-8.,19.2,1.6));
#4087=CARTESIAN_POINT('',(5.6,19.2,1.6));
#4088=CARTESIAN_POINT('',(-8.,19.2,1.6));
#4089=CARTESIAN_POINT('',(5.6,19.2,1.6));
#4090=CARTESIAN_POINT('',(5.6,19.2,0.402511926605505));
#4091=CARTESIAN_POINT('',(5.6,19.2,-3.81));
#4092=CARTESIAN_POINT('',(4.30959047903636,19.2,0.2));
#4093=CARTESIAN_POINT('',(-13.,19.2,0.2));
#4094=CARTESIAN_POINT('',(5.6,-19.2,1.6));
#4095=CARTESIAN_POINT('',(5.6,5.5,1.6));
#4096=CARTESIAN_POINT('',(5.6,5.5,0.402511926605504));
#4097=CARTESIAN_POINT('',(5.6,5.6,0.402511926605505));
#4098=CARTESIAN_POINT('',(-13.,12.8,-1.40946282423116E-15));
#4099=CARTESIAN_POINT('',(5.6,-109.119999999999,-3.81));
#4100=CARTESIAN_POINT('',(0.,0.,1.6));
#4101=CARTESIAN_POINT('',(-4.89842541528951E-16,8.,1.6));
#4102=CARTESIAN_POINT('',(-0.810409520963644,-2.6,-4.2));
#4103=CARTESIAN_POINT('',(-0.810409520963644,-2.6,-0.4));
#4104=CARTESIAN_POINT('',(-0.810409520963644,-2.6,-0.4));
#4105=CARTESIAN_POINT('',(-0.810409520963644,-3.4,-0.4));
#4106=CARTESIAN_POINT('',(-0.810409520963644,-2.6,-0.4));
#4107=CARTESIAN_POINT('',(-0.810409520963644,-3.4,-4.2));
#4108=CARTESIAN_POINT('',(-0.810409520963644,-3.4,-4.2));
#4109=CARTESIAN_POINT('',(2.38959047903636,47.3806151014651,-4.2));
#4110=CARTESIAN_POINT('',(2.78959047903636,47.3806151014651,-4.2));
#4111=CARTESIAN_POINT('',(2.78959047903636,-3.4,-4.2));
#4112=CARTESIAN_POINT('',(2.78959047903636,-5.5,-4.2));
#4113=CARTESIAN_POINT('',(2.78959047903636,-5.5,-4.2));
#4114=CARTESIAN_POINT('',(2.38959047903636,-5.5,-4.2));
#4115=CARTESIAN_POINT('',(2.38959047903636,47.3806151014651,-4.2));
#4116=CARTESIAN_POINT('',(2.38959047903636,-3.99751568417205,-4.2));
#4117=CARTESIAN_POINT('',(-9.29371367815807,-3.99751568417205,-4.2));
#4118=CARTESIAN_POINT('',(-2.41040952096364,-3.99751568417205,-4.2));
#4119=CARTESIAN_POINT('',(-2.41040952096364,47.3806151014651,-4.2));
#4120=CARTESIAN_POINT('',(-2.41040952096364,-3.4,-4.2));
#4121=CARTESIAN_POINT('',(11.1943581696,-3.4,-4.2));
#4122=CARTESIAN_POINT('',(4.63904330359838,-3.4,-4.2));
#4123=CARTESIAN_POINT('',(-0.00795648514481575,-3.4,-4.2));
#4124=CARTESIAN_POINT('',(11.1943581696,-3.4,-4.2));
#4125=CARTESIAN_POINT('',(-0.00795648514481575,-3.4,-4.2));
#4126=CARTESIAN_POINT('',(-0.00795648514481575,-3.4,-4.2));
#4127=CARTESIAN_POINT('',(-0.00795648514481575,-3.4,-4.2));
#4128=CARTESIAN_POINT('',(11.1943581696,-3.4,-5.));
#4129=CARTESIAN_POINT('',(5.6,-3.4,-1.40391359092587));
#4130=CARTESIAN_POINT('',(5.6,-3.4,1.19608640907413));
#4131=CARTESIAN_POINT('',(7.99,-3.4,1.19608640907413));
#4132=CARTESIAN_POINT('',(7.98491496644559,-3.4,1.19608640907413));
#4133=CARTESIAN_POINT('',(9.82021292796864,-3.4,-5.38331251672741));
#4134=CARTESIAN_POINT('',(8.31855865838995,-3.4,-2.16840434497101E-16));
#4135=CARTESIAN_POINT('',(9.79768294194518,-3.4,-5.38372263670837));
#4136=CARTESIAN_POINT('',(8.66096049027096,-3.4,-1.24627559268881));
#4137=CARTESIAN_POINT('',(5.18959047903636,-3.4,-2.2));
#4138=CARTESIAN_POINT('',(8.397202421743,-3.4,-3.8343884559693));
#4139=CARTESIAN_POINT('',(9.38231061836089,-3.4,-4.50441050053162));
#4140=CARTESIAN_POINT('',(8.35330507103744,-3.4,-3.90398125172641));
#4141=CARTESIAN_POINT('',(7.48959047835123,-3.4,-3.39999999971313));
#4142=CARTESIAN_POINT('',(6.56718484240281,-3.4,-3.01377746959534));
#4143=CARTESIAN_POINT('',(5.18959047903636,-3.4,-2.2));
#4144=CARTESIAN_POINT('',(3.71266740211318,-3.4,-2.81538461538437));
#4145=CARTESIAN_POINT('',(2.78959047903636,-3.4,-3.2));
#4146=CARTESIAN_POINT('',(0.,0.,-0.4));
#4147=CARTESIAN_POINT('',(-2.41040952096364,3.39885958840127,-0.4));
#4148=CARTESIAN_POINT('',(-2.41040952096364,-2.6,-0.4));
#4149=CARTESIAN_POINT('',(-2.41040952096364,-3.4,-0.4));
#4150=CARTESIAN_POINT('',(-2.41040952096364,-2.6,-0.4));
#4151=CARTESIAN_POINT('',(3.41161552070629,-3.4,-0.4));
#4152=CARTESIAN_POINT('',(11.1943581696,-3.4,-5.));
#4153=CARTESIAN_POINT('',(-2.41040952096364,-3.4,-5.));
#4154=CARTESIAN_POINT('',(-2.91040952096364,-5.49751568417205,3.86955225953945));
#4155=CARTESIAN_POINT('',(-6.81040952096364,-5.49751568417205,-2.2));
#4156=CARTESIAN_POINT('',(-5.21040952096364,-5.49751568417205,-2.2));
#4157=CARTESIAN_POINT('',(-6.81040952096364,-5.49751568417205,-2.2));
#4158=CARTESIAN_POINT('',(-6.85040952096364,-5.49751568417205,0.22142316836132));
#4159=CARTESIAN_POINT('',(-7.31911202893177,-5.49751568417205,-4.56772293959067));
#4160=CARTESIAN_POINT('',(-2.91040952096365,-5.49751568417205,0.221423168361317));
#4161=CARTESIAN_POINT('',(-5.6,-5.49751568417205,0.221423168361319));
#4162=CARTESIAN_POINT('',(-5.6,-5.49751568417205,3.86955225953945));
#4163=CARTESIAN_POINT('',(-5.6,-5.49751568417205,1.6));
#4164=CARTESIAN_POINT('',(-5.75885840391543E-16,-5.49751568417205,1.6));
#4165=CARTESIAN_POINT('',(-4.4,-5.49751568417205,1.6));
#4166=CARTESIAN_POINT('',(-4.4,-5.49751568417205,3.2));
#4167=CARTESIAN_POINT('',(-3.2,-5.49751568417205,3.2));
#4168=CARTESIAN_POINT('',(-2.91040952096364,-5.49751568417205,3.86955225953945));
#4169=CARTESIAN_POINT('',(-2.91040952096364,-5.49751568417205,-5.));
#4170=CARTESIAN_POINT('',(-3.77179538533529,-5.49751568417205,-4.91554037754742));
#4171=CARTESIAN_POINT('',(2.71050543121376E-15,-7.35692725030827,-5.));
#4172=CARTESIAN_POINT('',(-2.48131670476401,-7.35692725030827,-12.942259904424));
#4173=CARTESIAN_POINT('',(-2.48131670476401,-7.35692725030827,-5.));
#4174=CARTESIAN_POINT('',(-2.48131670476401,-7.35692725030827,0.));
#4175=CARTESIAN_POINT('',(2.71050543121376E-15,-7.35692725030827,0.));
#4176=CARTESIAN_POINT('',(-2.6,-7.35692725030827,0.));
#4177=CARTESIAN_POINT('',(-2.6,-7.35692725030827,-5.));
#4178=CARTESIAN_POINT('',(-2.6,-7.35692725030827,-2.));
#4179=CARTESIAN_POINT('',(2.71050543121376E-15,-7.35692725030827,-2.));
#4180=CARTESIAN_POINT('',(-3.79985106643125,-7.35692725030827,-2.));
#4181=CARTESIAN_POINT('',(-3.79985106643124,-7.35692725030827,-2.));
#4182=CARTESIAN_POINT('',(-3.79985106643124,-7.35692725030827,0.));
#4183=CARTESIAN_POINT('',(2.71050543121376E-15,-7.35692725030827,0.));
#4184=CARTESIAN_POINT('',(-5.6,-7.35692725030827,0.));
#4185=CARTESIAN_POINT('',(-5.6,-7.35692725030827,1.61633498948223));
#4186=CARTESIAN_POINT('',(-5.6,-7.35692725030827,0.221423168361319));
#4187=CARTESIAN_POINT('',(6.33240897413669E-15,-7.35692725030827,0.221423168361315));
#4188=CARTESIAN_POINT('',(-6.85040952096364,-7.35692725030827,0.22142316836132));
#4189=CARTESIAN_POINT('',(-6.81040952096364,-7.35692725030827,-2.2));
#4190=CARTESIAN_POINT('',(-7.31911202893177,-7.35692725030827,-4.56772293959067));
#4191=CARTESIAN_POINT('',(-2.91040952096364,-7.35692725030827,-5.));
#4192=CARTESIAN_POINT('',(-2.91040952096364,-7.35692725030827,-5.));
#4193=CARTESIAN_POINT('',(2.71050543121376E-15,-7.35692725030827,-5.));
#4194=CARTESIAN_POINT('',(-2.91040952096364,-1.81614667078514,-5.));
#4195=CARTESIAN_POINT('',(-7.31911202893177,-11.5008963457861,-4.56772293959067));
#4196=CARTESIAN_POINT('',(-2.91040952096364,-1.81614667078514,-5.));
#4197=CARTESIAN_POINT('',(0.,0.,0.));
#4198=CARTESIAN_POINT('',(-5.42101086242752E-16,-8.,0.));
#4199=CARTESIAN_POINT('',(0.56610524704951,-5.5,0.));
#4200=CARTESIAN_POINT('',(0.0761943374444664,-5.5,-1.73472347597681E-15));
#4201=CARTESIAN_POINT('',(3.80301454324371,-5.5,0.));
#4202=CARTESIAN_POINT('',(3.80301454324371,-5.6,0.));
#4203=CARTESIAN_POINT('',(3.80301454324371,-12.8,-1.40946282423116E-15));
#4204=CARTESIAN_POINT('',(-13.,-12.8,-1.40946282423116E-15));
#4205=CARTESIAN_POINT('',(-5.6,-12.8,-1.40946282423116E-15));
#4206=CARTESIAN_POINT('',(-5.6,19.2,0.));
#4207=CARTESIAN_POINT('',(-3.79985106643124,-7.35692725030827,0.));
#4208=CARTESIAN_POINT('',(-3.79985106643125,-12.5569272503083,0.));
#4209=CARTESIAN_POINT('',(-2.6,-12.5569272503083,0.));
#4210=CARTESIAN_POINT('',(-2.6,-12.5569272503083,0.));
#4211=CARTESIAN_POINT('',(-2.6,-12.5569272503083,0.));
#4212=CARTESIAN_POINT('',(-4.89842541528951E-16,-8.,0.));
#4213=CARTESIAN_POINT('',(2.4,-8.,0.));
#4214=CARTESIAN_POINT('',(-3.19999999999999,-19.2,3.2));
#4215=CARTESIAN_POINT('',(-3.2,-6.35075774975292,2.4));
#4216=CARTESIAN_POINT('',(-4.4,19.2,3.2));
#4217=CARTESIAN_POINT('',(-4.4,19.2,1.6));
#4218=CARTESIAN_POINT('',(-4.39999999999999,-19.2,1.6));
#4219=CARTESIAN_POINT('',(-4.4,0.800000000000047,21.6));
#4220=CARTESIAN_POINT('',(-5.6,19.2,1.6));
#4221=CARTESIAN_POINT('',(-5.6,-19.2,1.6));
#4222=CARTESIAN_POINT('',(-5.6,-19.2,1.6));
#4223=CARTESIAN_POINT('',(-5.6,-19.2,0.2));
#4224=CARTESIAN_POINT('',(-5.6,19.2,1.6));
#4225=CARTESIAN_POINT('',(-5.6,-11.5008963457861,0.221423168361319));
#4226=CARTESIAN_POINT('',(-5.6,19.1188292682927,-0.997463414634155));
#4227=CARTESIAN_POINT('',(0.,0.,1.6));
#4228=CARTESIAN_POINT('',(-5.6,-19.2,1.6));
#4229=CARTESIAN_POINT('',(0.,0.,-5.));
#4230=CARTESIAN_POINT('',(2.38959047903636,0.,-5.));
#4231=CARTESIAN_POINT('',(2.38959047903636,-3.99751568417205,-5.));
#4232=CARTESIAN_POINT('',(2.38959047903636,-5.5,-5.));
#4233=CARTESIAN_POINT('',(2.38959047903636,-5.5,-5.));
#4234=CARTESIAN_POINT('',(0.56610524704951,-5.5,-5.));
#4235=CARTESIAN_POINT('',(-5.42101086242752E-16,-8.,-5.));
#4236=CARTESIAN_POINT('',(-2.91040952096364,-4.99751568417205,-5.));
#4237=CARTESIAN_POINT('',(-2.41040952096364,-4.99751568417205,-5.));
#4238=CARTESIAN_POINT('',(-2.41040952096364,-3.99751568417205,-5.));
#4239=CARTESIAN_POINT('',(-2.41040952096364,-3.99751568417205,-5.));
#4240=CARTESIAN_POINT('',(-9.29371367815807,-3.99751568417205,-5.));
#4241=CARTESIAN_POINT('',(-9.29371367815807,-3.99751568417205,-4.2));
#4242=CARTESIAN_POINT('',(-2.41040952096364,-3.99751568417205,-4.2));
#4243=CARTESIAN_POINT('',(2.38959047903636,-3.99751568417205,-4.2));
#4244=CARTESIAN_POINT('',(2.38959047903636,47.3806151014651,-4.2));
#4245=CARTESIAN_POINT('',(2.38959047903636,-5.5,-4.2));
#4246=CARTESIAN_POINT('',(5.6,-19.2,1.6));
#4247=CARTESIAN_POINT('',(5.6,-5.6,0.402511926605505));
#4248=CARTESIAN_POINT('',(5.6,-5.5,0.402511926605504));
#4249=CARTESIAN_POINT('',(5.6,-19.2,0.402511926605505));
#4250=CARTESIAN_POINT('',(5.6,-5.5,1.6));
#4251=CARTESIAN_POINT('',(5.6,-19.2,1.6));
#4252=CARTESIAN_POINT('',(0.600000000000004,-19.2,3.2));
#4253=CARTESIAN_POINT('',(0.600000000000004,-19.2,1.6));
#4254=CARTESIAN_POINT('',(0.600000000000005,-19.2,1.6));
#4255=CARTESIAN_POINT('',(0.600000000000004,-11.5496478698598,1.6));
#4256=CARTESIAN_POINT('',(0.600000000000004,-11.5496478698598,2.4));
#4257=CARTESIAN_POINT('',(0.600000000000004,-18.4,2.4));
#4258=CARTESIAN_POINT('',(-0.6,19.2,3.2));
#4259=CARTESIAN_POINT('',(-0.599999999999996,-11.5496478698598,2.4));
#4260=CARTESIAN_POINT('',(-0.599999999999996,-11.5496478698598,1.6));
#4261=CARTESIAN_POINT('',(-0.6,19.2,1.6));
#4262=CARTESIAN_POINT('',(-0.599999999999996,-19.2,1.6));
#4263=CARTESIAN_POINT('',(-0.599999999999998,0.800000000000047,21.6));
#4264=CARTESIAN_POINT('',(-0.6,19.2,3.2));
#4265=CARTESIAN_POINT('',(-0.599999999999998,-3.56755788107708,3.2));
#4266=CARTESIAN_POINT('',(-0.599999999999997,-4.45035213014023,2.4));
#4267=CARTESIAN_POINT('',(3.2,19.2,3.2));
#4268=CARTESIAN_POINT('',(3.20000000000001,-9.64924225024705,2.4));
#4269=CARTESIAN_POINT('',(3.2,-9.64924225024705,1.6));
#4270=CARTESIAN_POINT('',(3.2,19.2,1.6));
#4271=CARTESIAN_POINT('',(3.20000000000001,-19.2,1.6));
#4272=CARTESIAN_POINT('',(3.2,0.800000000000047,21.6));
#4273=CARTESIAN_POINT('',(0.,0.,1.6));
#4274=CARTESIAN_POINT('',(-4.89842541528951E-16,-8.,1.6));
#4275=CARTESIAN_POINT('',(-3.2,-9.64924225024707,1.6));
#4276=CARTESIAN_POINT('',(-3.19999999999999,-19.2,1.6));
#4277=CARTESIAN_POINT('',(-3.19999999999999,-19.2,1.6));
#4278=CARTESIAN_POINT('',(-5.6,-19.2,1.6));
#4279=CARTESIAN_POINT('',(-5.6,-19.2,1.6));
#4280=CARTESIAN_POINT('',(-8.,-19.2,1.6));
#4281=CARTESIAN_POINT('',(-13.,-19.2,0.2));
#4282=CARTESIAN_POINT('',(4.30959047903636,-19.2,0.2));
#4283=CARTESIAN_POINT('',(5.6,-19.2,-3.81));
#4284=CARTESIAN_POINT('',(-8.,-19.2,1.6));
#4285=CARTESIAN_POINT('',(-5.6,-19.2,1.6));
#4286=CARTESIAN_POINT('',(-8.,-19.2,1.6));
#4287=CARTESIAN_POINT('',(-3.19999999999999,-19.2,3.2));
#4288=CARTESIAN_POINT('',(-3.2,-9.64924225024707,2.4));
#4289=CARTESIAN_POINT('',(-3.19999999999999,-18.4,2.4));
#4290=CARTESIAN_POINT('',(0.,0.,1.6));
#4291=CARTESIAN_POINT('',(-4.89842541528951E-16,-8.,1.6));
#4292=CARTESIAN_POINT('',(-13.,-19.2,0.2));
#4293=CARTESIAN_POINT('',(5.6,109.119999999999,-3.81));
#4294=CARTESIAN_POINT('',(0.,0.,1.6));
#4295=CARTESIAN_POINT('',(5.6,-5.6,-3.81));
#4296=CARTESIAN_POINT('',(5.6,-5.5,-3.81));
#4297=CARTESIAN_POINT('',(4.40000000000001,-19.2,3.2));
#4298=CARTESIAN_POINT('',(4.40000000000001,19.2,1.6));
#4299=CARTESIAN_POINT('',(4.40000000000001,-17.6,3.2));
#4300=CARTESIAN_POINT('',(-8.,-17.6,3.2));
#4301=CARTESIAN_POINT('',(-8.,-17.6,3.2));
#4302=CARTESIAN_POINT('',(-8.,-17.6,3.2));
#4303=CARTESIAN_POINT('',(-6.79656526371419E-16,-11.1,2.4));
#4304=CARTESIAN_POINT('',(-4.89842541528951E-16,-8.,2.4));
#4305=CARTESIAN_POINT('',(-2.4,-8.,2.4));
#4306=CARTESIAN_POINT('',(-4.89842541528951E-16,-8.,2.4));
#4307=CARTESIAN_POINT('',(-3.1,-8.,2.4));
#4308=CARTESIAN_POINT('',(-4.89842541528951E-16,-8.,2.4));
#4309=CARTESIAN_POINT('',(-4.89842541528951E-16,-8.,2.4));
#4310=CARTESIAN_POINT('',(-4.89842541528951E-16,-8.,2.4));
#4311=CARTESIAN_POINT('',(-4.89842541528951E-16,-8.,2.4));
#4312=CARTESIAN_POINT('',(-4.89842541528951E-16,-8.,2.4));
#4313=CARTESIAN_POINT('',(-4.89842541528951E-16,-8.,-4.09476907615456));
#4314=CARTESIAN_POINT('',(7.98887058564935,47.3806151014651,1.2));
#4315=CARTESIAN_POINT('',(8.31855865838995,0.,0.));
#4316=CARTESIAN_POINT('',(8.31855865838995,-5.5,0.));
#4317=CARTESIAN_POINT('',(7.98887058564935,-5.5,1.2));
#4318=CARTESIAN_POINT('',(8.66096049027096,-5.5,-1.24627559268881));
#4319=CARTESIAN_POINT('',(8.66096049027096,47.3806151014651,-1.24627559268881));
#4320=CARTESIAN_POINT('',(5.18959047903636,47.3806151014651,-2.2));
#4321=CARTESIAN_POINT('',(5.18959047903636,-5.5,-2.2));
#4322=CARTESIAN_POINT('',(8.397202421743,-5.5,-3.8343884559693));
#4323=CARTESIAN_POINT('',(8.397202421743,47.3806151014651,-3.8343884559693));
#4324=CARTESIAN_POINT('',(9.38231061836089,47.3806151014651,-4.50441050053162));
#4325=CARTESIAN_POINT('',(9.38231061836089,-5.5,-4.50441050053162));
#4326=CARTESIAN_POINT('',(8.35330507103744,-5.5,-3.90398125172641));
#4327=CARTESIAN_POINT('',(8.35330507103744,47.3806151014651,-3.90398125172641));
#4328=CARTESIAN_POINT('',(7.48959047835123,47.3806151014651,-3.39999999971313));
#4329=CARTESIAN_POINT('',(7.48959047835123,-5.5,-3.39999999971313));
#4330=CARTESIAN_POINT('',(6.56718484240281,-5.5,-3.01377746959532));
#4331=CARTESIAN_POINT('',(6.56718484240281,47.3806151014651,-3.01377746959534));
#4332=CARTESIAN_POINT('',(5.18959047903636,47.3806151014651,-2.2));
#4333=CARTESIAN_POINT('',(5.18959047903636,-5.5,-2.2));
#4334=CARTESIAN_POINT('',(3.71266740211328,-5.5,-2.81538461538462));
#4335=CARTESIAN_POINT('',(3.71266740211318,47.3806151014651,-2.81538461538437));
#4336=CARTESIAN_POINT('',(2.78959047903636,47.3806151014651,-3.2));
#4337=CARTESIAN_POINT('',(2.78959047903636,-5.5,-3.2));
#4338=CARTESIAN_POINT('',(7.98491496644559,0.439229539688482,1.19608640907413));
#4339=CARTESIAN_POINT('',(7.98491496644559,-5.5,1.19608640907413));
#4340=CARTESIAN_POINT('',(7.98491496644559,-5.5,1.19608640907413));
#4341=CARTESIAN_POINT('',(7.98491496644559,0.439229539688482,1.19608640907413));
#4342=CARTESIAN_POINT('',(7.98491496644559,-3.4,-5.));
#4343=CARTESIAN_POINT('',(7.98491496644559,0.439229539688482,1.19608640907413));
#4344=CARTESIAN_POINT('',(7.98491496644559,-5.5,1.19608640907413));
#4345=CARTESIAN_POINT('',(-2.41040952096364,-3.99751568417205,3.86955225953945));
#4346=CARTESIAN_POINT('',(-2.41040952096364,2.6,-5.42101086242752E-17));
#4347=CARTESIAN_POINT('',(-2.41040952096364,2.6,-5.42101086242752E-17));
#4348=CARTESIAN_POINT('',(-2.41040952096364,-2.6,0.));
#4349=CARTESIAN_POINT('',(-2.41040952096364,-2.6,-5.42101086242752E-17));
#4350=CARTESIAN_POINT('',(-2.41040952096364,-4.99751568417205,3.86955225953945));
#4351=CARTESIAN_POINT('',(-2.41040952096364,4.99751568417205,3.86955225953945));
#4352=CARTESIAN_POINT('',(-2.41040952096364,2.6,-5.42101086242752E-17));
#4353=CARTESIAN_POINT('',(-2.91040952096364,-4.99751568417205,3.86955225953945));
#4354=CARTESIAN_POINT('',(-5.42101086242752E-16,-8.,-12.942259904424));
#4355=CARTESIAN_POINT('',(0.56610524704951,-5.5,-12.942259904424));
#4356=CARTESIAN_POINT('',(-6.85040952096364,-11.5008963457861,0.22142316836132));
#4357=CARTESIAN_POINT('',(-6.85040952096364,-11.5008963457861,0.22142316836132));
#4358=CARTESIAN_POINT('',(-6.81040952096364,-11.5008963457861,-2.2));
#4359=CARTESIAN_POINT('',(-2.6,-12.5569272503083,-2.));
#4360=CARTESIAN_POINT('',(-2.6,-11.8868241575248,-0.257731958762887));
#4361=CARTESIAN_POINT('',(-3.79985106643124,-7.35692725030827,-2.));
#4362=CARTESIAN_POINT('',(-3.79985106643125,-12.5569272503083,0.));
#4363=CARTESIAN_POINT('',(9.15018509021273,-12.5569272503083,0.));
#4364=CARTESIAN_POINT('',(7.99,-3.4,1.6));
#4365=CARTESIAN_POINT('',(7.99,-3.4,1.19608640907413));
#4366=CARTESIAN_POINT('',(7.99,-3.4,1.19608640907413));
#4367=CARTESIAN_POINT('',(7.99,-3.4,1.6));
#4368=CARTESIAN_POINT('',(7.99,-3.4,1.19608640907413));
#4369=CARTESIAN_POINT('',(7.99,3.4,1.19608640907413));
#4370=CARTESIAN_POINT('',(7.99,3.4,1.19608640907413));
#4371=CARTESIAN_POINT('',(7.99,-3.4,1.19608640907413));
#4372=CARTESIAN_POINT('',(5.6,-3.4,1.19608640907413));
#4373=CARTESIAN_POINT('',(5.6,3.4,-1.40391359092587));
#4374=CARTESIAN_POINT('',(4.63904330359838,-2.6,-0.4));
#4375=CARTESIAN_POINT('',(4.63904330359838,-2.6,-0.4));
#4376=CARTESIAN_POINT('',(2.24506522045798,3.56755788107708,3.2));
#4377=CARTESIAN_POINT('',(0.,0.,-1.55674384143612));
#4378=CARTESIAN_POINT('',(0.,0.,1.8));
#4379=CARTESIAN_POINT('',(0.,0.,-1.55674384143612));
#4380=CARTESIAN_POINT('',(0.,0.,1.8));
#4381=CARTESIAN_POINT('',(0.,-2.4,1.8));
#4382=CARTESIAN_POINT('',(0.,0.,1.8));
#4383=CARTESIAN_POINT('',(0.,0.,1.6));
#4384=CARTESIAN_POINT('',(5.6,5.6,-3.81));
#4385=CARTESIAN_POINT('',(5.6,5.5,-3.81));
#4386=CARTESIAN_POINT('',(-8.,19.2,1.6));
#4387=CARTESIAN_POINT('',(-8.,19.2,1.6));
#4388=CARTESIAN_POINT('',(-8.,19.2,1.6));
#4389=CARTESIAN_POINT('',(-4.89842541528951E-16,8.,2.4));
#4390=CARTESIAN_POINT('',(-4.89842541528951E-16,8.,2.4));
#4391=CARTESIAN_POINT('',(-4.89842541528951E-16,8.,2.4));
#4392=CARTESIAN_POINT('',(-4.89842541528951E-16,8.,2.4));
#4393=CARTESIAN_POINT('',(-4.89842541528951E-16,8.,2.4));
#4394=CARTESIAN_POINT('',(-4.89842541528951E-16,8.,-4.09476907615456));
#4395=CARTESIAN_POINT('',(2.38959047903636,-47.3806151014651,-5.30545532127557));
#4396=CARTESIAN_POINT('',(2.38959047903636,5.5,-5.30545532127557));
#4397=CARTESIAN_POINT('',(8.66096049027096,-47.3806151014651,-1.24627559268881));
#4398=CARTESIAN_POINT('',(8.66096049027096,-47.3806151014651,-1.24627559268881));
#4399=CARTESIAN_POINT('',(8.66096049027096,5.5,-1.24627559268881));
#4400=CARTESIAN_POINT('',(8.66096049027096,5.5,-1.24627559268881));
#4401=CARTESIAN_POINT('',(8.31855865838995,5.5,3.11810739564852E-22));
#4402=CARTESIAN_POINT('',(8.31855865838995,0.,0.));
#4403=CARTESIAN_POINT('',(5.18959047903636,-47.3806151014651,-2.2));
#4404=CARTESIAN_POINT('',(8.397202421743,-47.3806151014651,-3.8343884559693));
#4405=CARTESIAN_POINT('',(8.397202421743,5.5,-3.8343884559693));
#4406=CARTESIAN_POINT('',(5.18959047903636,5.5,-2.2));
#4407=CARTESIAN_POINT('',(9.38231061836089,-47.3806151014651,-4.50441050053162));
#4408=CARTESIAN_POINT('',(8.35330507103744,-47.3806151014651,-3.90398125172642));
#4409=CARTESIAN_POINT('',(8.35330507103743,5.5,-3.90398125172642));
#4410=CARTESIAN_POINT('',(9.38231061836089,5.5,-4.50441050053162));
#4411=CARTESIAN_POINT('',(7.48959047835123,-47.3806151014651,-3.39999999971313));
#4412=CARTESIAN_POINT('',(7.48959047835123,5.5,-3.39999999971313));
#4413=CARTESIAN_POINT('',(6.56718484240281,5.5,-3.01377746959532));
#4414=CARTESIAN_POINT('',(6.56718484240281,-47.3806151014651,-3.01377746959534));
#4415=CARTESIAN_POINT('',(5.18959047903636,-47.3806151014651,-2.2));
#4416=CARTESIAN_POINT('',(3.71266740211318,-47.3806151014651,-2.81538461538437));
#4417=CARTESIAN_POINT('',(3.71266740211328,5.5,-2.81538461538462));
#4418=CARTESIAN_POINT('',(5.18959047903636,5.5,-2.2));
#4419=CARTESIAN_POINT('',(2.78959047903636,-47.3806151014651,-3.2));
#4420=CARTESIAN_POINT('',(2.78959047903636,5.5,-3.2));
#4421=CARTESIAN_POINT('',(8.31855865838995,-0.439229539688482,-4.33680868994202E-16));
#4422=CARTESIAN_POINT('',(8.31855865838995,5.5,-4.33680868994202E-16));
#4423=CARTESIAN_POINT('',(-2.91040952096364,4.99751568417205,3.86955225953945));
#4424=CARTESIAN_POINT('',(-5.42101086242752E-16,8.,-12.942259904424));
#4425=CARTESIAN_POINT('',(0.56610524704951,5.5,-12.942259904424));
#4426=CARTESIAN_POINT('',(-5.6,11.5008963457861,0.221423168361319));
#4427=CARTESIAN_POINT('',(-6.85040952096364,11.5008963457861,0.221423168361319));
#4428=CARTESIAN_POINT('',(-6.81040952096364,11.5008963457861,-2.2));
#4429=CARTESIAN_POINT('',(-2.6,7.33802173831292,-2.));
#4430=CARTESIAN_POINT('',(-2.6,7.34045801563191,-2.00633432102937));
#4431=CARTESIAN_POINT('',(-3.79985106643124,12.5569272503083,-2.));
#4432=CARTESIAN_POINT('',(-3.79985106643125,7.35692725030827,-2.));
#4433=CARTESIAN_POINT('',(9.15018509021273,7.35692725030827,-2.));
#4434=CARTESIAN_POINT('',(7.99,3.4,1.19608640907413));
#4435=CARTESIAN_POINT('',(7.99,3.4,1.19608640907413));
#4436=CARTESIAN_POINT('',(7.99,0.,0.));
#4437=CARTESIAN_POINT('',(0.789590479036356,2.6,-5.42101086242752E-17));
#4438=CARTESIAN_POINT('',(4.63904330359838,2.6,-0.400000000000001));
#4439=CARTESIAN_POINT('',(0.789590479036356,2.6,-5.2));
#4440=CARTESIAN_POINT('',(0.789590479036356,2.6,0.));
#4441=CARTESIAN_POINT('',(0.789590479036356,2.6,-5.42101086242752E-17));
#4442=CARTESIAN_POINT('',(-2.41040952096364,-2.6,-5.42101086242752E-17));
#4443=CARTESIAN_POINT('',(-2.41040952096364,-2.6,-5.42101086242752E-17));
#4444=CARTESIAN_POINT('',(0.789590479036356,-2.6,-5.42101086242752E-17));
#4445=CARTESIAN_POINT('',(0.789590479036357,-2.6,-5.2));
#4446=CARTESIAN_POINT('',(0.,0.,-5.42101086242752E-17));
#4447=CARTESIAN_POINT('',(0.789590479036356,-2.6,-5.42101086242752E-17));
#4448=CARTESIAN_POINT('',(0.789590479036357,-2.6,-5.2));
#4449=CARTESIAN_POINT('',(4.63904330359838,3.4,-4.2));
#4450=CARTESIAN_POINT('',(2.24506522045798,-3.56755788107708,3.2));
#4451=CARTESIAN_POINT('',(-6.81040952096364,6.20549322172239,-2.2));
#4452=CARTESIAN_POINT('',(7.48959047835123,-5.5,-3.39999999971313));
#4453=CARTESIAN_POINT('',(5.6,5.5,-3.81));
#4454=CARTESIAN_POINT('',(92.4220445316239,-3.40000000000001,1.24581751351882));
#4455=CARTESIAN_POINT('',(90.008447481208,-3.40000000000012,-11.3072789541718));
#4456=CARTESIAN_POINT('',(80.6490203906229,-3.40000000000012,-20.0139871721107));
#4457=CARTESIAN_POINT('',(68.2615019039544,-3.40000000000012,-22.7537214526229));
#4458=CARTESIAN_POINT('',(56.2188854194913,-3.40000000000012,-22.8570368709089));
#4459=CARTESIAN_POINT('',(44.2188950248169,-3.40000000000012,-22.857013886286));
#4460=CARTESIAN_POINT('',(32.218895216694,-3.40000000000012,-22.8570141535546));
#4461=CARTESIAN_POINT('',(20.2188950057739,-3.40000000000012,-22.8570142205101));
#4462=CARTESIAN_POINT('',(-3.78110491644994,-3.40000000000012,-22.8570140705852));
#4463=CARTESIAN_POINT('',(-15.7811049128216,-3.40000000000012,-22.857014075466));
#4464=CARTESIAN_POINT('',(8.21889509202817,-3.40000000000012,-22.8570140569374));
#4465=CARTESIAN_POINT('',(-27.7811050375211,-3.40000000000012,-22.8570137028809));
#4466=CARTESIAN_POINT('',(-39.7811048406268,-3.40000000000012,-22.8570136456551));
#4467=CARTESIAN_POINT('',(-51.7811037752937,-3.40000000000012,-22.8570173507694));
#4468=CARTESIAN_POINT('',(-63.7810945699577,-3.40000000000012,-22.8570520650544));
#4469=CARTESIAN_POINT('',(-76.0618464434224,-3.40000000000012,-21.6251955935272));
#4470=CARTESIAN_POINT('',(-92.4548314825627,-3.40000000000012,-3.64388131192947));
#4471=CARTESIAN_POINT('',(-89.8719823292124,-3.40000000000012,8.8754752511884));
#4472=CARTESIAN_POINT('',(-44.1025550208135,-3.40000000000012,21.5238206948189));
#4473=CARTESIAN_POINT('',(-32.1163353259808,-3.40000000000012,22.0987439976121));
#4474=CARTESIAN_POINT('',(-8.02763701342853,-3.40000000000012,22.8563275200225));
#4475=CARTESIAN_POINT('',(-87.1480989795915,-3.40000000000012,-15.2733456300531));
#4476=CARTESIAN_POINT('',(-80.3958660782618,-3.40000000000012,17.4550483038287));
#4477=CARTESIAN_POINT('',(-68.0856558572477,-3.40000000000012,20.3447883478851));
#4478=CARTESIAN_POINT('',(-56.0887753020096,-3.40000000000012,20.9488959605363));
#4479=CARTESIAN_POINT('',(-20.1157637783757,-3.40000000000012,22.6352493885128));
#4480=CARTESIAN_POINT('',(28.0677233344285,-3.40000000000012,22.2932271784731));
#4481=CARTESIAN_POINT('',(52.0401552488367,-3.40000000000012,21.1432228302007));
#4482=CARTESIAN_POINT('',(3.97236298152767,-3.40000000000012,22.8566666927521));
#4483=CARTESIAN_POINT('',(16.0141551571585,-3.40000000000012,22.7231775691247));
#4484=CARTESIAN_POINT('',(40.0539392659186,-3.40000000000012,21.7182250700146));
#4485=CARTESIAN_POINT('',(64.0263784392808,-3.40000000000012,20.5681936696365));
#4486=CARTESIAN_POINT('',(76.2103746238564,-3.40000000000012,18.9760681404368));
#4487=CARTESIAN_POINT('',(87.2277183564505,-3.40000000000012,12.5123815090421));
#4488=MECHANICAL_DESIGN_GEOMETRIC_PRESENTATION_REPRESENTATION('',(#2688),
#4489);
#4489=(
GEOMETRIC_REPRESENTATION_CONTEXT(3)
GLOBAL_UNCERTAINTY_ASSIGNED_CONTEXT((#4491))
GLOBAL_UNIT_ASSIGNED_CONTEXT((#4495,#4494,#4493))
REPRESENTATION_CONTEXT('Chain4','TOP_LEVEL_ASSEMBLY_PART')
);
#4490=(
GEOMETRIC_REPRESENTATION_CONTEXT(3)
GLOBAL_UNCERTAINTY_ASSIGNED_CONTEXT((#4492))
GLOBAL_UNIT_ASSIGNED_CONTEXT((#4495,#4494,#4493))
REPRESENTATION_CONTEXT('Gray_4566742_AVV','COMPONENT_PART')
);
#4491=UNCERTAINTY_MEASURE_WITH_UNIT(LENGTH_MEASURE(0.005),#4495,
'DISTANCE_ACCURACY_VALUE','Maximum Tolerance applied to model');
#4492=UNCERTAINTY_MEASURE_WITH_UNIT(LENGTH_MEASURE(0.005),#4495,
'DISTANCE_ACCURACY_VALUE','Maximum Tolerance applied to model');
#4493=(
NAMED_UNIT(*)
SI_UNIT($,.STERADIAN.)
SOLID_ANGLE_UNIT()
);
#4494=(
NAMED_UNIT(*)
PLANE_ANGLE_UNIT()
SI_UNIT($,.RADIAN.)
);
#4495=(
LENGTH_UNIT()
NAMED_UNIT(*)
SI_UNIT(.MILLI.,.METRE.)
);
#4496=PRODUCT_DEFINITION_SHAPE('','',#4532);
#4497=PRODUCT_DEFINITION_SHAPE('','',#4533);
#4498=PRODUCT_DEFINITION_SHAPE(' ','NAUO PRDDFN',#52);
#4499=PRODUCT_DEFINITION_SHAPE(' ','NAUO PRDDFN',#53);
#4500=PRODUCT_DEFINITION_SHAPE(' ','NAUO PRDDFN',#54);
#4501=PRODUCT_DEFINITION_SHAPE(' ','NAUO PRDDFN',#55);
#4502=PRODUCT_DEFINITION_SHAPE(' ','NAUO PRDDFN',#56);
#4503=PRODUCT_DEFINITION_SHAPE(' ','NAUO PRDDFN',#57);
#4504=PRODUCT_DEFINITION_SHAPE(' ','NAUO PRDDFN',#58);
#4505=PRODUCT_DEFINITION_SHAPE(' ','NAUO PRDDFN',#59);
#4506=PRODUCT_DEFINITION_SHAPE(' ','NAUO PRDDFN',#60);
#4507=PRODUCT_DEFINITION_SHAPE(' ','NAUO PRDDFN',#61);
#4508=PRODUCT_DEFINITION_SHAPE(' ','NAUO PRDDFN',#62);
#4509=PRODUCT_DEFINITION_SHAPE(' ','NAUO PRDDFN',#63);
#4510=PRODUCT_DEFINITION_SHAPE(' ','NAUO PRDDFN',#64);
#4511=PRODUCT_DEFINITION_SHAPE(' ','NAUO PRDDFN',#65);
#4512=PRODUCT_DEFINITION_SHAPE(' ','NAUO PRDDFN',#66);
#4513=PRODUCT_DEFINITION_SHAPE(' ','NAUO PRDDFN',#67);
#4514=PRODUCT_DEFINITION_SHAPE(' ','NAUO PRDDFN',#68);
#4515=PRODUCT_DEFINITION_SHAPE(' ','NAUO PRDDFN',#69);
#4516=PRODUCT_DEFINITION_SHAPE(' ','NAUO PRDDFN',#70);
#4517=PRODUCT_DEFINITION_SHAPE(' ','NAUO PRDDFN',#71);
#4518=PRODUCT_DEFINITION_SHAPE(' ','NAUO PRDDFN',#72);
#4519=PRODUCT_DEFINITION_SHAPE(' ','NAUO PRDDFN',#73);
#4520=PRODUCT_DEFINITION_SHAPE(' ','NAUO PRDDFN',#74);
#4521=PRODUCT_DEFINITION_SHAPE(' ','NAUO PRDDFN',#75);
#4522=PRODUCT_DEFINITION_SHAPE(' ','NAUO PRDDFN',#76);
#4523=PRODUCT_DEFINITION_SHAPE(' ','NAUO PRDDFN',#77);
#4524=PRODUCT_DEFINITION_SHAPE(' ','NAUO PRDDFN',#78);
#4525=PRODUCT_DEFINITION_SHAPE(' ','NAUO PRDDFN',#79);
#4526=PRODUCT_DEFINITION_SHAPE(' ','NAUO PRDDFN',#80);
#4527=PRODUCT_DEFINITION_SHAPE(' ','NAUO PRDDFN',#81);
#4528=PRODUCT_DEFINITION_SHAPE(' ','NAUO PRDDFN',#82);
#4529=PRODUCT_DEFINITION_SHAPE(' ','NAUO PRDDFN',#83);
#4530=PRODUCT_DEFINITION_SHAPE(' ','NAUO PRDDFN',#84);
#4531=PRODUCT_DEFINITION_SHAPE(' ','NAUO PRDDFN',#85);
#4532=PRODUCT_DEFINITION('','',#4536,#4534);
#4533=PRODUCT_DEFINITION('','',#4537,#4535);
#4534=PRODUCT_DEFINITION_CONTEXT('',#4547,'design');
#4535=PRODUCT_DEFINITION_CONTEXT('',#4547,'design');
#4536=PRODUCT_DEFINITION_FORMATION_WITH_SPECIFIED_SOURCE('','',#4540,
 .NOT_KNOWN.);
#4537=PRODUCT_DEFINITION_FORMATION_WITH_SPECIFIED_SOURCE('','',#4541,
 .NOT_KNOWN.);
#4538=PRODUCT_RELATED_PRODUCT_CATEGORY('','',(#4540));
#4539=PRODUCT_RELATED_PRODUCT_CATEGORY('','',(#4541));
#4540=PRODUCT('Chain4','Chain4','Chain4',(#4544));
#4541=PRODUCT('Gray_4566742_AVV','Gray_4566742_AVV','Gray_4566742_AVV',
(#4545));
#4542=PRODUCT_CATEGORY('','');
#4543=PRODUCT_CATEGORY('','');
#4544=PRODUCT_CONTEXT('',#4547,'mechanical');
#4545=PRODUCT_CONTEXT('',#4547,'mechanical');
#4546=APPLICATION_PROTOCOL_DEFINITION('international standard',
'automotive_design',2010,#4547);
#4547=APPLICATION_CONTEXT(
'core data for automotive mechanical design processes');
ENDSEC;
END-ISO-10303-21;
