ISO-10303-21;
HEADER;
/* Generated by software containing ST-Developer
 * from STEP Tools, Inc. (www.steptools.com) 
 */
/* OPTION: strings as raw bytes, not using required /X/ escapes */

FILE_DESCRIPTION(
/* description */ ('Unknown'),
/* implementation_level */ '2;1');

FILE_NAME(
/* name */ 'Blue_4206482_JCA',
/* time_stamp */ '2025-07-21T23:50:02+02:00',
/* author */ ('Unknown'),
/* organization */ ('Unknown'),
/* preprocessor_version */ 'ST-DEVELOPER v19.4',
/* originating_system */ 'Unknown',
/* authorisation */ 'OpenTools');

FILE_SCHEMA (('IFC2X3'));
ENDSEC;

DATA;
#10=IFCPROPERTYSINGLEVALUE('ProjectName',$,IFCTEXT(''),$);
#11=IFCPROPERTYSINGLEVALUE('PartNumber',$,IFCTEXT(''),$);
#12=IFCRELDEFINESBYPROPERTIES('3cRq1JQpSwDOm5lsE5cG83',#4570,$,$,(#14),
#13);
#13=IFCPROPERTYSET('1jOd4kXgWorA4TVRi95rqH',#4570,
'empty property set name',$,(#10,#11));
#14=IFCBUILDINGELEMENTPROXY('2GP_XOK7Wq1Pa1NGQTVWHM',#4570,
'Blue_4206482_JCA',' ','Blue_4206482_JCA',#19,#15,' ',.ELEMENT.);
#15=IFCPRODUCTDEFINITIONSHAPE(' ',' ',(#25));
#16=IFCRELCONTAINEDINSPATIALSTRUCTURE('3HZhfx2I0vj9Cvp1GHER_f',#4570,
' ',' ',(#14),#20);
#17=IFCRELAGGREGATES('1jF0XzMGqvEA6wZwPLSawz',#4570,$,$,#3705,(#20));
#18=IFCLOCALPLACEMENT($,#3708);
#19=IFCLOCALPLACEMENT(#18,#3709);
#20=IFCBUILDING('3G2N19bOG__grq1LV0cQPU',#4570,'Default Building',$,$,#18,
$,$,.ELEMENT.,0.,0.,$);
#21=IFCCARTESIANTRANSFORMATIONOPERATOR3D($,$,#4563,1.,$);
#22=IFCMAPPEDITEM(#23,#21);
#23=IFCREPRESENTATIONMAP(#3708,#24);
#24=IFCSHAPEREPRESENTATION(#3707,'Body','Brep',(#3704));
#25=IFCSHAPEREPRESENTATION(#3707,'Body','MappedRepresentation',(#22));
#26=IFCPOLYLOOP((#3715,#3716,#3717,#3718,#3719,#3720,#3721,#3722,#3723,
#3724,#3725,#3726,#3727,#3728,#3729,#3730));
#27=IFCPOLYLOOP((#3729,#3731,#3732));
#28=IFCPOLYLOOP((#3729,#3733,#3734));
#29=IFCPOLYLOOP((#3734,#3731,#3729));
#30=IFCPOLYLOOP((#3729,#3735,#3736,#3737));
#31=IFCPOLYLOOP((#3737,#3733,#3729));
#32=IFCPOLYLOOP((#3715,#3738,#3739));
#33=IFCPOLYLOOP((#3715,#3740,#3741));
#34=IFCPOLYLOOP((#3715,#3730,#3732));
#35=IFCPOLYLOOP((#3732,#3740,#3715));
#36=IFCPOLYLOOP((#3741,#3738,#3715));
#37=IFCPOLYLOOP((#3721,#3742,#3743));
#38=IFCPOLYLOOP((#3721,#3744,#3745));
#39=IFCPOLYLOOP((#3745,#3742,#3721));
#40=IFCPOLYLOOP((#3721,#3746,#3747,#3748));
#41=IFCPOLYLOOP((#3748,#3744,#3721));
#42=IFCPOLYLOOP((#3723,#3749,#3750));
#43=IFCPOLYLOOP((#3723,#3751,#3752));
#44=IFCPOLYLOOP((#3723,#3722,#3743));
#45=IFCPOLYLOOP((#3743,#3751,#3723));
#46=IFCPOLYLOOP((#3752,#3749,#3723));
#47=IFCPOLYLOOP((#3750,#3753,#3754,#3723));
#48=IFCPOLYLOOP((#3743,#3722,#3721));
#49=IFCPOLYLOOP((#3739,#3755,#3756,#3715));
#50=IFCPOLYLOOP((#3732,#3730,#3729));
#51=IFCPOLYLOOP((#3728,#3757,#3735,#3729));
#52=IFCPOLYLOOP((#3727,#3758,#3757,#3728));
#53=IFCPOLYLOOP((#3726,#3759,#3758,#3727));
#54=IFCPOLYLOOP((#3725,#3760,#3759,#3726));
#55=IFCPOLYLOOP((#3724,#3761,#3760,#3725));
#56=IFCPOLYLOOP((#3723,#3754,#3761,#3724));
#57=IFCPOLYLOOP((#3720,#3762,#3746,#3721));
#58=IFCPOLYLOOP((#3719,#3763,#3762,#3720));
#59=IFCPOLYLOOP((#3718,#3764,#3763,#3719));
#60=IFCPOLYLOOP((#3717,#3765,#3764,#3718));
#61=IFCPOLYLOOP((#3716,#3766,#3765,#3717));
#62=IFCPOLYLOOP((#3715,#3756,#3766,#3716));
#63=IFCPOLYLOOP((#3748,#3767,#3768,#3744));
#64=IFCPOLYLOOP((#3744,#3768,#3769,#3745));
#65=IFCPOLYLOOP((#3745,#3769,#3770,#3742));
#66=IFCPOLYLOOP((#3742,#3770,#3771,#3743));
#67=IFCPOLYLOOP((#3743,#3771,#3772,#3751));
#68=IFCPOLYLOOP((#3751,#3772,#3773,#3752));
#69=IFCPOLYLOOP((#3752,#3773,#3774,#3749));
#70=IFCPOLYLOOP((#3749,#3774,#3775,#3750));
#71=IFCPOLYLOOP((#3737,#3776,#3777,#3733));
#72=IFCPOLYLOOP((#3733,#3777,#3778,#3734));
#73=IFCPOLYLOOP((#3734,#3778,#3779,#3731));
#74=IFCPOLYLOOP((#3731,#3779,#3780,#3732));
#75=IFCPOLYLOOP((#3732,#3780,#3781,#3740));
#76=IFCPOLYLOOP((#3740,#3781,#3782,#3741));
#77=IFCPOLYLOOP((#3741,#3782,#3783,#3738));
#78=IFCPOLYLOOP((#3738,#3783,#3784,#3739));
#79=IFCPOLYLOOP((#3785,#3786,#3761,#3754));
#80=IFCPOLYLOOP((#3786,#3787,#3760,#3761));
#81=IFCPOLYLOOP((#3787,#3788,#3759,#3760));
#82=IFCPOLYLOOP((#3788,#3789,#3758,#3759));
#83=IFCPOLYLOOP((#3789,#3790,#3757,#3758));
#84=IFCPOLYLOOP((#3791,#3792,#3736,#3735));
#85=IFCPOLYLOOP((#3735,#3757,#3790,#3791));
#86=IFCPOLYLOOP((#3754,#3753,#3793,#3785));
#87=IFCPOLYLOOP((#3794,#3795,#3796));
#88=IFCPOLYLOOP((#3796,#3797,#3794));
#89=IFCPOLYLOOP((#3798,#3799,#3800));
#90=IFCPOLYLOOP((#3800,#3794,#3798));
#91=IFCPOLYLOOP((#3801,#3802,#3803));
#92=IFCPOLYLOOP((#3803,#3798,#3801));
#93=IFCPOLYLOOP((#3801,#3804,#3805));
#94=IFCPOLYLOOP((#3804,#3806,#3805));
#95=IFCPOLYLOOP((#3804,#3807,#3808));
#96=IFCPOLYLOOP((#3807,#3809,#3808));
#97=IFCPOLYLOOP((#3807,#3810,#3811));
#98=IFCPOLYLOOP((#3810,#3812,#3811));
#99=IFCPOLYLOOP((#3813,#3814,#3815));
#100=IFCPOLYLOOP((#3813,#3816,#3814));
#101=IFCPOLYLOOP((#3797,#3817,#3818));
#102=IFCPOLYLOOP((#3797,#3815,#3817));
#103=IFCPOLYLOOP((#3819,#3818,#3820));
#104=IFCPOLYLOOP((#3821,#3822,#3792));
#105=IFCPOLYLOOP((#3821,#3820,#3822));
#106=IFCPOLYLOOP((#3823,#3785,#3793));
#107=IFCPOLYLOOP((#3793,#3824,#3823));
#108=IFCPOLYLOOP((#3825,#3823,#3826));
#109=IFCPOLYLOOP((#3826,#3827,#3825));
#110=IFCPOLYLOOP((#3810,#3825,#3828));
#111=IFCPOLYLOOP((#3812,#3810,#3829));
#112=IFCPOLYLOOP((#3829,#3830,#3812));
#113=IFCPOLYLOOP((#3830,#3831,#3812));
#114=IFCPOLYLOOP((#3828,#3829,#3810));
#115=IFCPOLYLOOP((#3827,#3828,#3825));
#116=IFCPOLYLOOP((#3824,#3826,#3823));
#117=IFCPOLYLOOP((#3792,#3791,#3821));
#118=IFCPOLYLOOP((#3820,#3821,#3819));
#119=IFCPOLYLOOP((#3818,#3819,#3797));
#120=IFCPOLYLOOP((#3815,#3797,#3813));
#121=IFCPOLYLOOP((#3811,#3809,#3807));
#122=IFCPOLYLOOP((#3808,#3806,#3804));
#123=IFCPOLYLOOP((#3805,#3802,#3801));
#124=IFCPOLYLOOP((#3803,#3799,#3798));
#125=IFCPOLYLOOP((#3800,#3795,#3794));
#126=IFCPOLYLOOP((#3796,#3813,#3797));
#127=IFCPOLYLOOP((#3810,#3807,#3832,#3825));
#128=IFCPOLYLOOP((#3807,#3804,#3833,#3832));
#129=IFCPOLYLOOP((#3804,#3801,#3834,#3833));
#130=IFCPOLYLOOP((#3801,#3798,#3835,#3834));
#131=IFCPOLYLOOP((#3798,#3794,#3836,#3835));
#132=IFCPOLYLOOP((#3794,#3797,#3819,#3836));
#133=IFCPOLYLOOP((#3825,#3832,#3837,#3823));
#134=IFCPOLYLOOP((#3832,#3833,#3838,#3837));
#135=IFCPOLYLOOP((#3833,#3834,#3839,#3838));
#136=IFCPOLYLOOP((#3834,#3835,#3840,#3839));
#137=IFCPOLYLOOP((#3835,#3836,#3841,#3840));
#138=IFCPOLYLOOP((#3836,#3819,#3821,#3841));
#139=IFCPOLYLOOP((#3823,#3837,#3786,#3785));
#140=IFCPOLYLOOP((#3837,#3838,#3787,#3786));
#141=IFCPOLYLOOP((#3838,#3839,#3788,#3787));
#142=IFCPOLYLOOP((#3839,#3840,#3789,#3788));
#143=IFCPOLYLOOP((#3840,#3841,#3790,#3789));
#144=IFCPOLYLOOP((#3841,#3821,#3791,#3790));
#145=IFCPOLYLOOP((#3842,#3843,#3764,#3765));
#146=IFCPOLYLOOP((#3844,#3845,#3762,#3763));
#147=IFCPOLYLOOP((#3846,#3847,#3766,#3756));
#148=IFCPOLYLOOP((#3763,#3764,#3843,#3844));
#149=IFCPOLYLOOP((#3765,#3766,#3847,#3842));
#150=IFCPOLYLOOP((#3848,#3849,#3747,#3746));
#151=IFCPOLYLOOP((#3746,#3762,#3845,#3848));
#152=IFCPOLYLOOP((#3756,#3755,#3850,#3846));
#153=IFCPOLYLOOP((#3851,#3852,#3853));
#154=IFCPOLYLOOP((#3853,#3854,#3851));
#155=IFCPOLYLOOP((#3855,#3856,#3857));
#156=IFCPOLYLOOP((#3857,#3851,#3855));
#157=IFCPOLYLOOP((#3858,#3859,#3860));
#158=IFCPOLYLOOP((#3860,#3855,#3858));
#159=IFCPOLYLOOP((#3858,#3861,#3862));
#160=IFCPOLYLOOP((#3861,#3863,#3862));
#161=IFCPOLYLOOP((#3861,#3864,#3865));
#162=IFCPOLYLOOP((#3864,#3866,#3865));
#163=IFCPOLYLOOP((#3864,#3867,#3868));
#164=IFCPOLYLOOP((#3867,#3869,#3868));
#165=IFCPOLYLOOP((#3870,#3871,#3872));
#166=IFCPOLYLOOP((#3870,#3873,#3871));
#167=IFCPOLYLOOP((#3854,#3874,#3875));
#168=IFCPOLYLOOP((#3854,#3872,#3874));
#169=IFCPOLYLOOP((#3876,#3875,#3877));
#170=IFCPOLYLOOP((#3878,#3879,#3849));
#171=IFCPOLYLOOP((#3878,#3877,#3879));
#172=IFCPOLYLOOP((#3880,#3846,#3850));
#173=IFCPOLYLOOP((#3850,#3881,#3880));
#174=IFCPOLYLOOP((#3882,#3880,#3883));
#175=IFCPOLYLOOP((#3883,#3884,#3882));
#176=IFCPOLYLOOP((#3867,#3882,#3885));
#177=IFCPOLYLOOP((#3869,#3867,#3886));
#178=IFCPOLYLOOP((#3886,#3887,#3869));
#179=IFCPOLYLOOP((#3887,#3888,#3869));
#180=IFCPOLYLOOP((#3885,#3886,#3867));
#181=IFCPOLYLOOP((#3884,#3885,#3882));
#182=IFCPOLYLOOP((#3881,#3883,#3880));
#183=IFCPOLYLOOP((#3849,#3848,#3878));
#184=IFCPOLYLOOP((#3877,#3878,#3876));
#185=IFCPOLYLOOP((#3875,#3876,#3854));
#186=IFCPOLYLOOP((#3872,#3854,#3870));
#187=IFCPOLYLOOP((#3868,#3866,#3864));
#188=IFCPOLYLOOP((#3865,#3863,#3861));
#189=IFCPOLYLOOP((#3862,#3859,#3858));
#190=IFCPOLYLOOP((#3860,#3856,#3855));
#191=IFCPOLYLOOP((#3857,#3852,#3851));
#192=IFCPOLYLOOP((#3853,#3870,#3854));
#193=IFCPOLYLOOP((#3867,#3864,#3889,#3882));
#194=IFCPOLYLOOP((#3864,#3861,#3890,#3889));
#195=IFCPOLYLOOP((#3861,#3858,#3891,#3890));
#196=IFCPOLYLOOP((#3858,#3855,#3892,#3891));
#197=IFCPOLYLOOP((#3855,#3851,#3893,#3892));
#198=IFCPOLYLOOP((#3851,#3854,#3876,#3893));
#199=IFCPOLYLOOP((#3882,#3889,#3894,#3880));
#200=IFCPOLYLOOP((#3889,#3890,#3895,#3894));
#201=IFCPOLYLOOP((#3890,#3891,#3896,#3895));
#202=IFCPOLYLOOP((#3891,#3892,#3897,#3896));
#203=IFCPOLYLOOP((#3892,#3893,#3898,#3897));
#204=IFCPOLYLOOP((#3893,#3876,#3878,#3898));
#205=IFCPOLYLOOP((#3880,#3894,#3847,#3846));
#206=IFCPOLYLOOP((#3894,#3895,#3842,#3847));
#207=IFCPOLYLOOP((#3895,#3896,#3843,#3842));
#208=IFCPOLYLOOP((#3896,#3897,#3844,#3843));
#209=IFCPOLYLOOP((#3897,#3898,#3845,#3844));
#210=IFCPOLYLOOP((#3898,#3878,#3848,#3845));
#211=IFCPOLYLOOP((#3870,#3853,#3899,#3900));
#212=IFCPOLYLOOP((#3852,#3857,#3901,#3902));
#213=IFCPOLYLOOP((#3856,#3860,#3903,#3904));
#214=IFCPOLYLOOP((#3905,#3906,#3862,#3863));
#215=IFCPOLYLOOP((#3907,#3908,#3865,#3866));
#216=IFCPOLYLOOP((#3909,#3910,#3868,#3869));
#217=IFCPOLYLOOP((#3869,#3888,#3911,#3909));
#218=IFCPOLYLOOP((#3866,#3868,#3910,#3907));
#219=IFCPOLYLOOP((#3863,#3865,#3908,#3905));
#220=IFCPOLYLOOP((#3912,#3859,#3862,#3906));
#221=IFCPOLYLOOP((#3903,#3860,#3859,#3912));
#222=IFCPOLYLOOP((#3904,#3901,#3857,#3856));
#223=IFCPOLYLOOP((#3902,#3899,#3853,#3852));
#224=IFCPOLYLOOP((#3900,#3913,#3873,#3870));
#225=IFCPOLYLOOP((#3747,#3849,#3879,#3877,#3875,#3874,#3872,#3871,#3873,
#3913,#3914,#3915,#3916,#3917,#3918,#3919,#3920,#3921));
#226=IFCPOLYLOOP((#3921,#3767,#3748,#3747));
#227=IFCPOLYLOOP((#3755,#3739,#3784,#3922));
#228=IFCPOLYLOOP((#3922,#3923,#3924,#3925,#3926,#3927,#3928,#3929,#3911,
#3888,#3887,#3886,#3885,#3884,#3883,#3881,#3850,#3755));
#229=IFCPOLYLOOP((#3930,#3907,#3910));
#230=IFCPOLYLOOP((#3910,#3931,#3930));
#231=IFCPOLYLOOP((#3932,#3905,#3908));
#232=IFCPOLYLOOP((#3908,#3930,#3932));
#233=IFCPOLYLOOP((#3933,#3912,#3906));
#234=IFCPOLYLOOP((#3906,#3932,#3933));
#235=IFCPOLYLOOP((#3933,#3934,#3903));
#236=IFCPOLYLOOP((#3934,#3904,#3903));
#237=IFCPOLYLOOP((#3934,#3935,#3901));
#238=IFCPOLYLOOP((#3935,#3902,#3901));
#239=IFCPOLYLOOP((#3935,#3936,#3899));
#240=IFCPOLYLOOP((#3936,#3900,#3899));
#241=IFCPOLYLOOP((#3937,#3938,#3920));
#242=IFCPOLYLOOP((#3920,#3919,#3937));
#243=IFCPOLYLOOP((#3939,#3937,#3918));
#244=IFCPOLYLOOP((#3918,#3917,#3939));
#245=IFCPOLYLOOP((#3936,#3939,#3916));
#246=IFCPOLYLOOP((#3900,#3936,#3915));
#247=IFCPOLYLOOP((#3915,#3914,#3900));
#248=IFCPOLYLOOP((#3909,#3929,#3928));
#249=IFCPOLYLOOP((#3909,#3911,#3929));
#250=IFCPOLYLOOP((#3931,#3927,#3926));
#251=IFCPOLYLOOP((#3931,#3928,#3927));
#252=IFCPOLYLOOP((#3940,#3926,#3925));
#253=IFCPOLYLOOP((#3941,#3924,#3923));
#254=IFCPOLYLOOP((#3941,#3925,#3924));
#255=IFCPOLYLOOP((#3923,#3942,#3941));
#256=IFCPOLYLOOP((#3925,#3941,#3940));
#257=IFCPOLYLOOP((#3926,#3940,#3931));
#258=IFCPOLYLOOP((#3928,#3931,#3909));
#259=IFCPOLYLOOP((#3914,#3913,#3900));
#260=IFCPOLYLOOP((#3916,#3915,#3936));
#261=IFCPOLYLOOP((#3917,#3916,#3939));
#262=IFCPOLYLOOP((#3919,#3918,#3937));
#263=IFCPOLYLOOP((#3899,#3902,#3935));
#264=IFCPOLYLOOP((#3901,#3904,#3934));
#265=IFCPOLYLOOP((#3903,#3912,#3933));
#266=IFCPOLYLOOP((#3906,#3905,#3932));
#267=IFCPOLYLOOP((#3908,#3907,#3930));
#268=IFCPOLYLOOP((#3910,#3909,#3931));
#269=IFCPOLYLOOP((#3936,#3935,#3943,#3939));
#270=IFCPOLYLOOP((#3935,#3934,#3944,#3943));
#271=IFCPOLYLOOP((#3934,#3933,#3945,#3944));
#272=IFCPOLYLOOP((#3933,#3932,#3946,#3945));
#273=IFCPOLYLOOP((#3932,#3930,#3947,#3946));
#274=IFCPOLYLOOP((#3930,#3931,#3940,#3947));
#275=IFCPOLYLOOP((#3939,#3943,#3948,#3937));
#276=IFCPOLYLOOP((#3943,#3944,#3949,#3948));
#277=IFCPOLYLOOP((#3944,#3945,#3950,#3949));
#278=IFCPOLYLOOP((#3945,#3946,#3951,#3950));
#279=IFCPOLYLOOP((#3946,#3947,#3952,#3951));
#280=IFCPOLYLOOP((#3947,#3940,#3941,#3952));
#281=IFCPOLYLOOP((#3937,#3948,#3953,#3938));
#282=IFCPOLYLOOP((#3948,#3949,#3954,#3953));
#283=IFCPOLYLOOP((#3949,#3950,#3955,#3954));
#284=IFCPOLYLOOP((#3950,#3951,#3956,#3955));
#285=IFCPOLYLOOP((#3951,#3952,#3957,#3956));
#286=IFCPOLYLOOP((#3952,#3941,#3942,#3957));
#287=IFCPOLYLOOP((#3938,#3953,#3958,#3959));
#288=IFCPOLYLOOP((#3953,#3954,#3960,#3958));
#289=IFCPOLYLOOP((#3954,#3955,#3961,#3960));
#290=IFCPOLYLOOP((#3942,#3923,#3922,#3962));
#291=IFCPOLYLOOP((#3955,#3956,#3963,#3961));
#292=IFCPOLYLOOP((#3962,#3964,#3957,#3942));
#293=IFCPOLYLOOP((#3964,#3963,#3956,#3957));
#294=IFCPOLYLOOP((#3959,#3921,#3920,#3938));
#295=IFCPOLYLOOP((#3813,#3796,#3965,#3966));
#296=IFCPOLYLOOP((#3795,#3800,#3967,#3968));
#297=IFCPOLYLOOP((#3799,#3803,#3969,#3970));
#298=IFCPOLYLOOP((#3971,#3972,#3805,#3806));
#299=IFCPOLYLOOP((#3973,#3974,#3808,#3809));
#300=IFCPOLYLOOP((#3975,#3976,#3811,#3812));
#301=IFCPOLYLOOP((#3812,#3831,#3977,#3975));
#302=IFCPOLYLOOP((#3809,#3811,#3976,#3973));
#303=IFCPOLYLOOP((#3806,#3808,#3974,#3971));
#304=IFCPOLYLOOP((#3978,#3802,#3805,#3972));
#305=IFCPOLYLOOP((#3969,#3803,#3802,#3978));
#306=IFCPOLYLOOP((#3970,#3967,#3800,#3799));
#307=IFCPOLYLOOP((#3968,#3965,#3796,#3795));
#308=IFCPOLYLOOP((#3966,#3979,#3816,#3813));
#309=IFCPOLYLOOP((#3753,#3750,#3775,#3980));
#310=IFCPOLYLOOP((#3980,#3981,#3982,#3983,#3984,#3985,#3986,#3987,#3977,
#3831,#3830,#3829,#3828,#3827,#3826,#3824,#3793,#3753));
#311=IFCPOLYLOOP((#3736,#3792,#3822,#3820,#3818,#3817,#3815,#3814,#3816,
#3979,#3988,#3989,#3990,#3991,#3992,#3993,#3994,#3995));
#312=IFCPOLYLOOP((#3995,#3776,#3737,#3736));
#313=IFCPOLYLOOP((#3996,#3973,#3976));
#314=IFCPOLYLOOP((#3976,#3997,#3996));
#315=IFCPOLYLOOP((#3998,#3971,#3974));
#316=IFCPOLYLOOP((#3974,#3996,#3998));
#317=IFCPOLYLOOP((#3999,#3978,#3972));
#318=IFCPOLYLOOP((#3972,#3998,#3999));
#319=IFCPOLYLOOP((#3999,#4000,#3969));
#320=IFCPOLYLOOP((#4000,#3970,#3969));
#321=IFCPOLYLOOP((#4000,#4001,#3967));
#322=IFCPOLYLOOP((#4001,#3968,#3967));
#323=IFCPOLYLOOP((#4001,#4002,#3965));
#324=IFCPOLYLOOP((#4002,#3966,#3965));
#325=IFCPOLYLOOP((#4003,#4004,#3994));
#326=IFCPOLYLOOP((#3994,#3993,#4003));
#327=IFCPOLYLOOP((#4005,#4003,#3992));
#328=IFCPOLYLOOP((#3992,#3991,#4005));
#329=IFCPOLYLOOP((#4002,#4005,#3990));
#330=IFCPOLYLOOP((#3966,#4002,#3989));
#331=IFCPOLYLOOP((#3989,#3988,#3966));
#332=IFCPOLYLOOP((#3975,#3987,#3986));
#333=IFCPOLYLOOP((#3975,#3977,#3987));
#334=IFCPOLYLOOP((#3997,#3985,#3984));
#335=IFCPOLYLOOP((#3997,#3986,#3985));
#336=IFCPOLYLOOP((#4006,#3984,#3983));
#337=IFCPOLYLOOP((#4007,#3982,#3981));
#338=IFCPOLYLOOP((#4007,#3983,#3982));
#339=IFCPOLYLOOP((#3981,#4008,#4007));
#340=IFCPOLYLOOP((#3983,#4007,#4006));
#341=IFCPOLYLOOP((#3984,#4006,#3997));
#342=IFCPOLYLOOP((#3986,#3997,#3975));
#343=IFCPOLYLOOP((#3988,#3979,#3966));
#344=IFCPOLYLOOP((#3990,#3989,#4002));
#345=IFCPOLYLOOP((#3991,#3990,#4005));
#346=IFCPOLYLOOP((#3993,#3992,#4003));
#347=IFCPOLYLOOP((#3965,#3968,#4001));
#348=IFCPOLYLOOP((#3967,#3970,#4000));
#349=IFCPOLYLOOP((#3969,#3978,#3999));
#350=IFCPOLYLOOP((#3972,#3971,#3998));
#351=IFCPOLYLOOP((#3974,#3973,#3996));
#352=IFCPOLYLOOP((#3976,#3975,#3997));
#353=IFCPOLYLOOP((#4002,#4001,#4009,#4005));
#354=IFCPOLYLOOP((#4001,#4000,#4010,#4009));
#355=IFCPOLYLOOP((#4000,#3999,#4011,#4010));
#356=IFCPOLYLOOP((#3999,#3998,#4012,#4011));
#357=IFCPOLYLOOP((#3998,#3996,#4013,#4012));
#358=IFCPOLYLOOP((#3996,#3997,#4006,#4013));
#359=IFCPOLYLOOP((#4005,#4009,#4014,#4003));
#360=IFCPOLYLOOP((#4009,#4010,#4015,#4014));
#361=IFCPOLYLOOP((#4010,#4011,#4016,#4015));
#362=IFCPOLYLOOP((#4011,#4012,#4017,#4016));
#363=IFCPOLYLOOP((#4012,#4013,#4018,#4017));
#364=IFCPOLYLOOP((#4013,#4006,#4007,#4018));
#365=IFCPOLYLOOP((#4003,#4014,#4019,#4004));
#366=IFCPOLYLOOP((#4014,#4015,#4020,#4019));
#367=IFCPOLYLOOP((#4015,#4016,#4021,#4020));
#368=IFCPOLYLOOP((#4016,#4017,#4022,#4021));
#369=IFCPOLYLOOP((#4017,#4018,#4023,#4022));
#370=IFCPOLYLOOP((#4018,#4007,#4008,#4023));
#371=IFCPOLYLOOP((#4004,#4019,#4024,#4025));
#372=IFCPOLYLOOP((#4019,#4020,#4026,#4024));
#373=IFCPOLYLOOP((#4020,#4021,#4027,#4026));
#374=IFCPOLYLOOP((#4021,#4022,#4028,#4027));
#375=IFCPOLYLOOP((#4022,#4023,#4029,#4028));
#376=IFCPOLYLOOP((#4008,#3981,#3980,#4030));
#377=IFCPOLYLOOP((#4030,#4029,#4023,#4008));
#378=IFCPOLYLOOP((#4025,#3995,#3994,#4004));
#379=IFCPOLYLOOP((#4031,#3772,#3771));
#380=IFCPOLYLOOP((#4031,#3774,#3773));
#381=IFCPOLYLOOP((#3773,#3772,#4031));
#382=IFCPOLYLOOP((#4031,#4030,#3980,#3775));
#383=IFCPOLYLOOP((#3775,#3774,#4031));
#384=IFCPOLYLOOP((#4032,#3768,#3767));
#385=IFCPOLYLOOP((#4032,#3770,#3769));
#386=IFCPOLYLOOP((#4032,#4033,#3771));
#387=IFCPOLYLOOP((#3771,#3770,#4032));
#388=IFCPOLYLOOP((#3769,#3768,#4032));
#389=IFCPOLYLOOP((#4034,#3781,#3780));
#390=IFCPOLYLOOP((#4034,#3783,#3782));
#391=IFCPOLYLOOP((#3782,#3781,#4034));
#392=IFCPOLYLOOP((#4034,#3962,#3922,#3784));
#393=IFCPOLYLOOP((#3784,#3783,#4034));
#394=IFCPOLYLOOP((#4035,#3777,#3776));
#395=IFCPOLYLOOP((#4035,#3779,#3778));
#396=IFCPOLYLOOP((#4035,#4036,#3780));
#397=IFCPOLYLOOP((#3780,#3779,#4035));
#398=IFCPOLYLOOP((#3778,#3777,#4035));
#399=IFCPOLYLOOP((#3776,#3995,#4025,#4035));
#400=IFCPOLYLOOP((#3780,#4036,#4034));
#401=IFCPOLYLOOP((#3767,#3921,#3959,#4032));
#402=IFCPOLYLOOP((#3771,#4033,#4031));
#403=IFCPOLYLOOP((#4037,#3964,#3962,#4034));
#404=IFCPOLYLOOP((#4038,#3963,#3964,#4037));
#405=IFCPOLYLOOP((#4039,#3961,#3963,#4038));
#406=IFCPOLYLOOP((#4040,#3960,#3961,#4039));
#407=IFCPOLYLOOP((#4041,#3958,#3960,#4040));
#408=IFCPOLYLOOP((#4032,#3959,#3958,#4041));
#409=IFCPOLYLOOP((#4042,#4029,#4030,#4031));
#410=IFCPOLYLOOP((#4043,#4028,#4029,#4042));
#411=IFCPOLYLOOP((#4044,#4027,#4028,#4043));
#412=IFCPOLYLOOP((#4045,#4026,#4027,#4044));
#413=IFCPOLYLOOP((#4046,#4024,#4026,#4045));
#414=IFCPOLYLOOP((#4035,#4025,#4024,#4046));
#415=IFCPOLYLOOP((#4047,#4048,#4044,#4043));
#416=IFCPOLYLOOP((#4049,#4050,#4038,#4037));
#417=IFCPOLYLOOP((#4048,#4051,#4045,#4044));
#418=IFCPOLYLOOP((#4050,#4052,#4039,#4038));
#419=IFCPOLYLOOP((#4051,#4053,#4046,#4045));
#420=IFCPOLYLOOP((#4052,#4054,#4040,#4039));
#421=IFCPOLYLOOP((#4053,#4055,#4035,#4046));
#422=IFCPOLYLOOP((#4056,#4057,#4034,#4036));
#423=IFCPOLYLOOP((#4054,#4058,#4041,#4040));
#424=IFCPOLYLOOP((#4059,#4060,#4033,#4032));
#425=IFCPOLYLOOP((#4036,#4035,#4055,#4056));
#426=IFCPOLYLOOP((#4032,#4041,#4058,#4059));
#427=IFCPOLYLOOP((#4061,#4062,#4042,#4031));
#428=IFCPOLYLOOP((#4037,#4034,#4057,#4049));
#429=IFCPOLYLOOP((#4043,#4042,#4062,#4047));
#430=IFCPOLYLOOP((#4031,#4033,#4060,#4061));
#431=IFCPOLYLOOP((#4063,#4057,#4056,#4064));
#432=IFCPOLYLOOP((#4065,#4049,#4057,#4063));
#433=IFCPOLYLOOP((#4066,#4050,#4049,#4065));
#434=IFCPOLYLOOP((#4067,#4052,#4050,#4066));
#435=IFCPOLYLOOP((#4068,#4054,#4052,#4067));
#436=IFCPOLYLOOP((#4069,#4058,#4054,#4068));
#437=IFCPOLYLOOP((#4070,#4059,#4058,#4069));
#438=IFCPOLYLOOP((#4071,#4060,#4059,#4070));
#439=IFCPOLYLOOP((#4072,#4061,#4060,#4071));
#440=IFCPOLYLOOP((#4073,#4062,#4061,#4072));
#441=IFCPOLYLOOP((#4074,#4047,#4062,#4073));
#442=IFCPOLYLOOP((#4075,#4048,#4047,#4074));
#443=IFCPOLYLOOP((#4076,#4051,#4048,#4075));
#444=IFCPOLYLOOP((#4077,#4053,#4051,#4076));
#445=IFCPOLYLOOP((#4078,#4055,#4053,#4077));
#446=IFCPOLYLOOP((#4064,#4056,#4055,#4078));
#447=IFCPOLYLOOP((#4073,#4079,#4080));
#448=IFCPOLYLOOP((#4080,#4081,#4073));
#449=IFCPOLYLOOP((#4074,#4081,#4082));
#450=IFCPOLYLOOP((#4082,#4083,#4074));
#451=IFCPOLYLOOP((#4083,#4084,#4074));
#452=IFCPOLYLOOP((#4084,#4085,#4074));
#453=IFCPOLYLOOP((#4076,#4086,#4087));
#454=IFCPOLYLOOP((#4076,#4088,#4086));
#455=IFCPOLYLOOP((#4076,#4089,#4088));
#456=IFCPOLYLOOP((#4076,#4075,#4090,#4089));
#457=IFCPOLYLOOP((#4077,#4091,#4092));
#458=IFCPOLYLOOP((#4077,#4076,#4091));
#459=IFCPOLYLOOP((#4077,#4093,#4094));
#460=IFCPOLYLOOP((#4094,#4095,#4077));
#461=IFCPOLYLOOP((#4078,#4095,#4096));
#462=IFCPOLYLOOP((#4096,#4097,#4078));
#463=IFCPOLYLOOP((#4097,#4098,#4078));
#464=IFCPOLYLOOP((#4098,#4099,#4078));
#465=IFCPOLYLOOP((#4063,#4100,#4101));
#466=IFCPOLYLOOP((#4063,#4102,#4100));
#467=IFCPOLYLOOP((#4063,#4103,#4102));
#468=IFCPOLYLOOP((#4063,#4064,#4104,#4103));
#469=IFCPOLYLOOP((#4065,#4105,#4106));
#470=IFCPOLYLOOP((#4065,#4063,#4105));
#471=IFCPOLYLOOP((#4065,#4107,#4108));
#472=IFCPOLYLOOP((#4108,#4109,#4065));
#473=IFCPOLYLOOP((#4066,#4109,#4110));
#474=IFCPOLYLOOP((#4110,#4111,#4066));
#475=IFCPOLYLOOP((#4111,#4112,#4066));
#476=IFCPOLYLOOP((#4112,#4113,#4066));
#477=IFCPOLYLOOP((#4068,#4114,#4115));
#478=IFCPOLYLOOP((#4068,#4116,#4114));
#479=IFCPOLYLOOP((#4068,#4117,#4116));
#480=IFCPOLYLOOP((#4068,#4067,#4118,#4117));
#481=IFCPOLYLOOP((#4069,#4119,#4120));
#482=IFCPOLYLOOP((#4069,#4068,#4119));
#483=IFCPOLYLOOP((#4069,#4121,#4122));
#484=IFCPOLYLOOP((#4122,#4123,#4069));
#485=IFCPOLYLOOP((#4070,#4123,#4124));
#486=IFCPOLYLOOP((#4124,#4125,#4070));
#487=IFCPOLYLOOP((#4125,#4126,#4070));
#488=IFCPOLYLOOP((#4126,#4127,#4070));
#489=IFCPOLYLOOP((#4072,#4128,#4129));
#490=IFCPOLYLOOP((#4072,#4130,#4128));
#491=IFCPOLYLOOP((#4072,#4131,#4130));
#492=IFCPOLYLOOP((#4072,#4071,#4132,#4131));
#493=IFCPOLYLOOP((#4073,#4133,#4134));
#494=IFCPOLYLOOP((#4073,#4072,#4133));
#495=IFCPOLYLOOP((#4134,#4079,#4073));
#496=IFCPOLYLOOP((#4129,#4133,#4072));
#497=IFCPOLYLOOP((#4127,#4132,#4071,#4070));
#498=IFCPOLYLOOP((#4123,#4070,#4069));
#499=IFCPOLYLOOP((#4120,#4121,#4069));
#500=IFCPOLYLOOP((#4115,#4119,#4068));
#501=IFCPOLYLOOP((#4113,#4118,#4067,#4066));
#502=IFCPOLYLOOP((#4109,#4066,#4065));
#503=IFCPOLYLOOP((#4106,#4107,#4065));
#504=IFCPOLYLOOP((#4101,#4105,#4063));
#505=IFCPOLYLOOP((#4099,#4104,#4064,#4078));
#506=IFCPOLYLOOP((#4095,#4078,#4077));
#507=IFCPOLYLOOP((#4092,#4093,#4077));
#508=IFCPOLYLOOP((#4087,#4091,#4076));
#509=IFCPOLYLOOP((#4085,#4090,#4075,#4074));
#510=IFCPOLYLOOP((#4081,#4074,#4073));
#511=IFCPOLYLOOP((#4131,#4135,#4136,#4130));
#512=IFCPOLYLOOP((#4130,#4136,#4137,#4128));
#513=IFCPOLYLOOP((#4128,#4137,#4138,#4129));
#514=IFCPOLYLOOP((#4129,#4138,#4139,#4133));
#515=IFCPOLYLOOP((#4081,#4140,#4141,#4082));
#516=IFCPOLYLOOP((#4082,#4141,#4142,#4083));
#517=IFCPOLYLOOP((#4083,#4142,#4143,#4084));
#518=IFCPOLYLOOP((#4084,#4143,#4144,#4085));
#519=IFCPOLYLOOP((#4089,#4145,#4146,#4088));
#520=IFCPOLYLOOP((#4088,#4146,#4147,#4086));
#521=IFCPOLYLOOP((#4086,#4147,#4148,#4087));
#522=IFCPOLYLOOP((#4087,#4148,#4149,#4091));
#523=IFCPOLYLOOP((#4103,#4150,#4151,#4102));
#524=IFCPOLYLOOP((#4102,#4151,#4152,#4100));
#525=IFCPOLYLOOP((#4100,#4152,#4153,#4101));
#526=IFCPOLYLOOP((#4101,#4153,#4154,#4105));
#527=IFCPOLYLOOP((#4095,#4155,#4156,#4096));
#528=IFCPOLYLOOP((#4096,#4156,#4157,#4097));
#529=IFCPOLYLOOP((#4097,#4157,#4158,#4098));
#530=IFCPOLYLOOP((#4098,#4158,#4159,#4099));
#531=IFCPOLYLOOP((#4109,#4160,#4161,#4110));
#532=IFCPOLYLOOP((#4110,#4161,#4162,#4111));
#533=IFCPOLYLOOP((#4111,#4162,#4163,#4112));
#534=IFCPOLYLOOP((#4112,#4163,#4164,#4113));
#535=IFCPOLYLOOP((#4117,#4165,#4166,#4116));
#536=IFCPOLYLOOP((#4116,#4166,#4167,#4114));
#537=IFCPOLYLOOP((#4114,#4167,#4168,#4115));
#538=IFCPOLYLOOP((#4115,#4168,#4169,#4119));
#539=IFCPOLYLOOP((#4123,#4170,#4171,#4124));
#540=IFCPOLYLOOP((#4124,#4171,#4172,#4125));
#541=IFCPOLYLOOP((#4125,#4172,#4173,#4126));
#542=IFCPOLYLOOP((#4126,#4173,#4174,#4127));
#543=IFCPOLYLOOP((#4175,#4176,#4177,#4178,#4179,#4080,#4079,#4134));
#544=IFCPOLYLOOP((#4139,#4180,#4175,#4134));
#545=IFCPOLYLOOP((#4134,#4133,#4139));
#546=IFCPOLYLOOP((#4140,#4081,#4080));
#547=IFCPOLYLOOP((#4080,#4179,#4181,#4140));
#548=IFCPOLYLOOP((#4182,#4176,#4175,#4180));
#549=IFCPOLYLOOP((#4183,#4177,#4176,#4182));
#550=IFCPOLYLOOP((#4184,#4178,#4177,#4183));
#551=IFCPOLYLOOP((#4181,#4179,#4178,#4184));
#552=IFCPOLYLOOP((#4185,#4186,#4187));
#553=IFCPOLYLOOP((#4187,#4188,#4185));
#554=IFCPOLYLOOP((#4189,#4190,#4191));
#555=IFCPOLYLOOP((#4189,#4185,#4192));
#556=IFCPOLYLOOP((#4192,#4190,#4189));
#557=IFCPOLYLOOP((#4193,#4189,#4194));
#558=IFCPOLYLOOP((#4194,#4195,#4193));
#559=IFCPOLYLOOP((#4181,#4193,#4196));
#560=IFCPOLYLOOP((#4196,#4197,#4181));
#561=IFCPOLYLOOP((#4197,#4140,#4181));
#562=IFCPOLYLOOP((#4195,#4196,#4193));
#563=IFCPOLYLOOP((#4191,#4194,#4189));
#564=IFCPOLYLOOP((#4188,#4192,#4185));
#565=IFCPOLYLOOP((#4181,#4184,#4198,#4193));
#566=IFCPOLYLOOP((#4184,#4183,#4199,#4198));
#567=IFCPOLYLOOP((#4183,#4182,#4200,#4199));
#568=IFCPOLYLOOP((#4182,#4180,#4201,#4200));
#569=IFCPOLYLOOP((#4193,#4198,#4202,#4189));
#570=IFCPOLYLOOP((#4198,#4199,#4203,#4202));
#571=IFCPOLYLOOP((#4199,#4200,#4204,#4203));
#572=IFCPOLYLOOP((#4200,#4201,#4205,#4204));
#573=IFCPOLYLOOP((#4189,#4202,#4206,#4185));
#574=IFCPOLYLOOP((#4202,#4203,#4207,#4206));
#575=IFCPOLYLOOP((#4203,#4204,#4208,#4207));
#576=IFCPOLYLOOP((#4204,#4205,#4209,#4208));
#577=IFCPOLYLOOP((#4185,#4206,#4210,#4186));
#578=IFCPOLYLOOP((#4206,#4207,#4211,#4210));
#579=IFCPOLYLOOP((#4207,#4208,#4212,#4211));
#580=IFCPOLYLOOP((#4208,#4209,#4213,#4212));
#581=IFCPOLYLOOP((#4180,#4214,#4215));
#582=IFCPOLYLOOP((#4180,#4139,#4214));
#583=IFCPOLYLOOP((#4201,#4216,#4217));
#584=IFCPOLYLOOP((#4201,#4215,#4216));
#585=IFCPOLYLOOP((#4205,#4218,#4219));
#586=IFCPOLYLOOP((#4205,#4217,#4220));
#587=IFCPOLYLOOP((#4220,#4218,#4205));
#588=IFCPOLYLOOP((#4209,#4221,#4222));
#589=IFCPOLYLOOP((#4209,#4219,#4221));
#590=IFCPOLYLOOP((#4222,#4213,#4209));
#591=IFCPOLYLOOP((#4219,#4209,#4205));
#592=IFCPOLYLOOP((#4217,#4205,#4201));
#593=IFCPOLYLOOP((#4215,#4201,#4180));
#594=IFCPOLYLOOP((#4223,#4224,#4225,#4226,#4227,#4122,#4121,#4120));
#595=IFCPOLYLOOP((#4169,#4228,#4223,#4120));
#596=IFCPOLYLOOP((#4120,#4119,#4169));
#597=IFCPOLYLOOP((#4170,#4123,#4122));
#598=IFCPOLYLOOP((#4122,#4227,#4229,#4170));
#599=IFCPOLYLOOP((#4230,#4231,#4232));
#600=IFCPOLYLOOP((#4232,#4233,#4230));
#601=IFCPOLYLOOP((#4234,#4235,#4236));
#602=IFCPOLYLOOP((#4234,#4230,#4237));
#603=IFCPOLYLOOP((#4237,#4235,#4234));
#604=IFCPOLYLOOP((#4238,#4234,#4239));
#605=IFCPOLYLOOP((#4239,#4240,#4238));
#606=IFCPOLYLOOP((#4229,#4238,#4241));
#607=IFCPOLYLOOP((#4241,#4242,#4229));
#608=IFCPOLYLOOP((#4242,#4170,#4229));
#609=IFCPOLYLOOP((#4240,#4241,#4238));
#610=IFCPOLYLOOP((#4236,#4239,#4234));
#611=IFCPOLYLOOP((#4233,#4237,#4230));
#612=IFCPOLYLOOP((#4229,#4243,#4244,#4238));
#613=IFCPOLYLOOP((#4243,#4245,#4246,#4244));
#614=IFCPOLYLOOP((#4245,#4247,#4248,#4246));
#615=IFCPOLYLOOP((#4247,#4228,#4249,#4248));
#616=IFCPOLYLOOP((#4238,#4244,#4250,#4234));
#617=IFCPOLYLOOP((#4244,#4246,#4251,#4250));
#618=IFCPOLYLOOP((#4246,#4248,#4252,#4251));
#619=IFCPOLYLOOP((#4248,#4249,#4253,#4252));
#620=IFCPOLYLOOP((#4234,#4250,#4254,#4230));
#621=IFCPOLYLOOP((#4250,#4251,#4255,#4254));
#622=IFCPOLYLOOP((#4251,#4252,#4256,#4255));
#623=IFCPOLYLOOP((#4252,#4253,#4257,#4256));
#624=IFCPOLYLOOP((#4230,#4254,#4258,#4231));
#625=IFCPOLYLOOP((#4254,#4255,#4259,#4258));
#626=IFCPOLYLOOP((#4255,#4256,#4260,#4259));
#627=IFCPOLYLOOP((#4256,#4257,#4261,#4260));
#628=IFCPOLYLOOP((#4228,#4262,#4263));
#629=IFCPOLYLOOP((#4228,#4169,#4262));
#630=IFCPOLYLOOP((#4249,#4264,#4265));
#631=IFCPOLYLOOP((#4249,#4263,#4264));
#632=IFCPOLYLOOP((#4253,#4266,#4267));
#633=IFCPOLYLOOP((#4253,#4265,#4268));
#634=IFCPOLYLOOP((#4268,#4266,#4253));
#635=IFCPOLYLOOP((#4257,#4269,#4270));
#636=IFCPOLYLOOP((#4257,#4267,#4269));
#637=IFCPOLYLOOP((#4270,#4261,#4257));
#638=IFCPOLYLOOP((#4267,#4257,#4253));
#639=IFCPOLYLOOP((#4265,#4253,#4249));
#640=IFCPOLYLOOP((#4263,#4249,#4228));
#641=IFCPOLYLOOP((#4247,#4224,#4223,#4228));
#642=IFCPOLYLOOP((#4245,#4225,#4224,#4247));
#643=IFCPOLYLOOP((#4243,#4226,#4225,#4245));
#644=IFCPOLYLOOP((#4229,#4227,#4226,#4243));
#645=IFCPOLYLOOP((#4271,#4272,#4273,#4274,#4275,#4108,#4107,#4106));
#646=IFCPOLYLOOP((#4154,#4276,#4271,#4106));
#647=IFCPOLYLOOP((#4106,#4105,#4154));
#648=IFCPOLYLOOP((#4160,#4109,#4108));
#649=IFCPOLYLOOP((#4108,#4275,#4277,#4160));
#650=IFCPOLYLOOP((#4276,#4278,#4279));
#651=IFCPOLYLOOP((#4276,#4154,#4278));
#652=IFCPOLYLOOP((#4280,#4281,#4282));
#653=IFCPOLYLOOP((#4280,#4279,#4281));
#654=IFCPOLYLOOP((#4283,#4284,#4285));
#655=IFCPOLYLOOP((#4283,#4282,#4286));
#656=IFCPOLYLOOP((#4286,#4284,#4283));
#657=IFCPOLYLOOP((#4287,#4288,#4289));
#658=IFCPOLYLOOP((#4287,#4285,#4288));
#659=IFCPOLYLOOP((#4289,#4290,#4287));
#660=IFCPOLYLOOP((#4285,#4287,#4283));
#661=IFCPOLYLOOP((#4282,#4283,#4280));
#662=IFCPOLYLOOP((#4279,#4280,#4276));
#663=IFCPOLYLOOP((#4277,#4291,#4292,#4293));
#664=IFCPOLYLOOP((#4291,#4294,#4295,#4292));
#665=IFCPOLYLOOP((#4294,#4296,#4297,#4295));
#666=IFCPOLYLOOP((#4296,#4276,#4280,#4297));
#667=IFCPOLYLOOP((#4293,#4292,#4298,#4299));
#668=IFCPOLYLOOP((#4292,#4295,#4300,#4298));
#669=IFCPOLYLOOP((#4295,#4297,#4301,#4300));
#670=IFCPOLYLOOP((#4297,#4280,#4283,#4301));
#671=IFCPOLYLOOP((#4299,#4298,#4302,#4303));
#672=IFCPOLYLOOP((#4298,#4300,#4304,#4302));
#673=IFCPOLYLOOP((#4300,#4301,#4305,#4304));
#674=IFCPOLYLOOP((#4301,#4283,#4287,#4305));
#675=IFCPOLYLOOP((#4303,#4302,#4306,#4307));
#676=IFCPOLYLOOP((#4302,#4304,#4308,#4306));
#677=IFCPOLYLOOP((#4304,#4305,#4309,#4308));
#678=IFCPOLYLOOP((#4305,#4287,#4290,#4309));
#679=IFCPOLYLOOP((#4303,#4307,#4310));
#680=IFCPOLYLOOP((#4310,#4311,#4303));
#681=IFCPOLYLOOP((#4299,#4312,#4313));
#682=IFCPOLYLOOP((#4299,#4303,#4314));
#683=IFCPOLYLOOP((#4314,#4312,#4299));
#684=IFCPOLYLOOP((#4293,#4299,#4315));
#685=IFCPOLYLOOP((#4315,#4316,#4293));
#686=IFCPOLYLOOP((#4277,#4293,#4317));
#687=IFCPOLYLOOP((#4317,#4318,#4277));
#688=IFCPOLYLOOP((#4318,#4160,#4277));
#689=IFCPOLYLOOP((#4316,#4317,#4293));
#690=IFCPOLYLOOP((#4313,#4315,#4299));
#691=IFCPOLYLOOP((#4311,#4314,#4303));
#692=IFCPOLYLOOP((#4296,#4272,#4271,#4276));
#693=IFCPOLYLOOP((#4294,#4273,#4272,#4296));
#694=IFCPOLYLOOP((#4291,#4274,#4273,#4294));
#695=IFCPOLYLOOP((#4277,#4275,#4274,#4291));
#696=IFCPOLYLOOP((#4319,#4320,#4321,#4322,#4323,#4094,#4093,#4092));
#697=IFCPOLYLOOP((#4149,#4324,#4319,#4092));
#698=IFCPOLYLOOP((#4092,#4091,#4149));
#699=IFCPOLYLOOP((#4155,#4095,#4094));
#700=IFCPOLYLOOP((#4094,#4323,#4325,#4155));
#701=IFCPOLYLOOP((#4324,#4326,#4327));
#702=IFCPOLYLOOP((#4324,#4149,#4326));
#703=IFCPOLYLOOP((#4328,#4329,#4330));
#704=IFCPOLYLOOP((#4328,#4327,#4329));
#705=IFCPOLYLOOP((#4331,#4332,#4333));
#706=IFCPOLYLOOP((#4331,#4330,#4334));
#707=IFCPOLYLOOP((#4334,#4332,#4331));
#708=IFCPOLYLOOP((#4335,#4336,#4337));
#709=IFCPOLYLOOP((#4335,#4333,#4336));
#710=IFCPOLYLOOP((#4337,#4338,#4335));
#711=IFCPOLYLOOP((#4333,#4335,#4331));
#712=IFCPOLYLOOP((#4330,#4331,#4328));
#713=IFCPOLYLOOP((#4327,#4328,#4324));
#714=IFCPOLYLOOP((#4325,#4339,#4340,#4341));
#715=IFCPOLYLOOP((#4339,#4342,#4343,#4340));
#716=IFCPOLYLOOP((#4342,#4344,#4345,#4343));
#717=IFCPOLYLOOP((#4344,#4324,#4328,#4345));
#718=IFCPOLYLOOP((#4341,#4340,#4346,#4347));
#719=IFCPOLYLOOP((#4340,#4343,#4348,#4346));
#720=IFCPOLYLOOP((#4343,#4345,#4349,#4348));
#721=IFCPOLYLOOP((#4345,#4328,#4331,#4349));
#722=IFCPOLYLOOP((#4347,#4346,#4350,#4351));
#723=IFCPOLYLOOP((#4346,#4348,#4352,#4350));
#724=IFCPOLYLOOP((#4348,#4349,#4353,#4352));
#725=IFCPOLYLOOP((#4349,#4331,#4335,#4353));
#726=IFCPOLYLOOP((#4351,#4350,#4354,#4355));
#727=IFCPOLYLOOP((#4350,#4352,#4356,#4354));
#728=IFCPOLYLOOP((#4352,#4353,#4357,#4356));
#729=IFCPOLYLOOP((#4353,#4335,#4338,#4357));
#730=IFCPOLYLOOP((#4351,#4355,#4358));
#731=IFCPOLYLOOP((#4358,#4359,#4351));
#732=IFCPOLYLOOP((#4347,#4360,#4361));
#733=IFCPOLYLOOP((#4347,#4351,#4362));
#734=IFCPOLYLOOP((#4362,#4360,#4347));
#735=IFCPOLYLOOP((#4341,#4347,#4363));
#736=IFCPOLYLOOP((#4363,#4364,#4341));
#737=IFCPOLYLOOP((#4325,#4341,#4365));
#738=IFCPOLYLOOP((#4365,#4366,#4325));
#739=IFCPOLYLOOP((#4366,#4155,#4325));
#740=IFCPOLYLOOP((#4364,#4365,#4341));
#741=IFCPOLYLOOP((#4361,#4363,#4347));
#742=IFCPOLYLOOP((#4359,#4362,#4351));
#743=IFCPOLYLOOP((#4344,#4320,#4319,#4324));
#744=IFCPOLYLOOP((#4342,#4321,#4320,#4344));
#745=IFCPOLYLOOP((#4339,#4322,#4321,#4342));
#746=IFCPOLYLOOP((#4325,#4323,#4322,#4339));
#747=IFCPOLYLOOP((#4089,#4090,#4367,#4145));
#748=IFCPOLYLOOP((#4144,#4367,#4090,#4085));
#749=IFCPOLYLOOP((#4367,#4368,#4369));
#750=IFCPOLYLOOP((#4367,#4144,#4368));
#751=IFCPOLYLOOP((#4370,#4371,#4372));
#752=IFCPOLYLOOP((#4370,#4369,#4371));
#753=IFCPOLYLOOP((#4373,#4374,#4375));
#754=IFCPOLYLOOP((#4373,#4372,#4374));
#755=IFCPOLYLOOP((#4376,#4377,#4187));
#756=IFCPOLYLOOP((#4376,#4375,#4377));
#757=IFCPOLYLOOP((#4376,#4378,#4337));
#758=IFCPOLYLOOP((#4337,#4379,#4376));
#759=IFCPOLYLOOP((#4373,#4376,#4380));
#760=IFCPOLYLOOP((#4380,#4381,#4373));
#761=IFCPOLYLOOP((#4370,#4373,#4382));
#762=IFCPOLYLOOP((#4382,#4383,#4370));
#763=IFCPOLYLOOP((#4367,#4370,#4384));
#764=IFCPOLYLOOP((#4384,#4385,#4367));
#765=IFCPOLYLOOP((#4385,#4145,#4367));
#766=IFCPOLYLOOP((#4383,#4384,#4370));
#767=IFCPOLYLOOP((#4381,#4382,#4373));
#768=IFCPOLYLOOP((#4379,#4380,#4376));
#769=IFCPOLYLOOP((#4187,#4378,#4376));
#770=IFCPOLYLOOP((#4375,#4376,#4373));
#771=IFCPOLYLOOP((#4372,#4373,#4370));
#772=IFCPOLYLOOP((#4369,#4370,#4367));
#773=IFCPOLYLOOP((#4146,#4145,#4385));
#774=IFCPOLYLOOP((#4147,#4146,#4386));
#775=IFCPOLYLOOP((#4147,#4387,#4388));
#776=IFCPOLYLOOP((#4148,#4388,#4326));
#777=IFCPOLYLOOP((#4389,#4386,#4384));
#778=IFCPOLYLOOP((#4386,#4385,#4384));
#779=IFCPOLYLOOP((#4387,#4386,#4389));
#780=IFCPOLYLOOP((#4388,#4387,#4390));
#781=IFCPOLYLOOP((#4391,#4329,#4327));
#782=IFCPOLYLOOP((#4327,#4388,#4391));
#783=IFCPOLYLOOP((#4389,#4383,#4382));
#784=IFCPOLYLOOP((#4390,#4389,#4392));
#785=IFCPOLYLOOP((#4391,#4390,#4393));
#786=IFCPOLYLOOP((#4391,#4394,#4330));
#787=IFCPOLYLOOP((#4394,#4334,#4330));
#788=IFCPOLYLOOP((#4392,#4382,#4381));
#789=IFCPOLYLOOP((#4393,#4392,#4395));
#790=IFCPOLYLOOP((#4394,#4393,#4396));
#791=IFCPOLYLOOP((#4394,#4397,#4332));
#792=IFCPOLYLOOP((#4398,#4395,#4380));
#793=IFCPOLYLOOP((#4395,#4381,#4380));
#794=IFCPOLYLOOP((#4397,#4396,#4399));
#795=IFCPOLYLOOP((#4400,#4336,#4333));
#796=IFCPOLYLOOP((#4333,#4397,#4400));
#797=IFCPOLYLOOP((#4336,#4400,#4337));
#798=IFCPOLYLOOP((#4400,#4399,#4337));
#799=IFCPOLYLOOP((#4399,#4398,#4337));
#800=IFCPOLYLOOP((#4398,#4379,#4337));
#801=IFCPOLYLOOP((#4333,#4332,#4397));
#802=IFCPOLYLOOP((#4399,#4400,#4397));
#803=IFCPOLYLOOP((#4396,#4395,#4398,#4399));
#804=IFCPOLYLOOP((#4380,#4379,#4398));
#805=IFCPOLYLOOP((#4332,#4334,#4394));
#806=IFCPOLYLOOP((#4396,#4397,#4394));
#807=IFCPOLYLOOP((#4395,#4396,#4393));
#808=IFCPOLYLOOP((#4381,#4395,#4392));
#809=IFCPOLYLOOP((#4330,#4329,#4391));
#810=IFCPOLYLOOP((#4393,#4394,#4391));
#811=IFCPOLYLOOP((#4392,#4393,#4390));
#812=IFCPOLYLOOP((#4382,#4392,#4389));
#813=IFCPOLYLOOP((#4327,#4326,#4388));
#814=IFCPOLYLOOP((#4390,#4391,#4388));
#815=IFCPOLYLOOP((#4389,#4390,#4387));
#816=IFCPOLYLOOP((#4384,#4383,#4389));
#817=IFCPOLYLOOP((#4326,#4149,#4148));
#818=IFCPOLYLOOP((#4388,#4148,#4147));
#819=IFCPOLYLOOP((#4386,#4387,#4147));
#820=IFCPOLYLOOP((#4385,#4386,#4146));
#821=IFCPOLYLOOP((#4141,#4140,#4197));
#822=IFCPOLYLOOP((#4142,#4141,#4401));
#823=IFCPOLYLOOP((#4142,#4402,#4403));
#824=IFCPOLYLOOP((#4143,#4403,#4368));
#825=IFCPOLYLOOP((#4404,#4401,#4196));
#826=IFCPOLYLOOP((#4401,#4197,#4196));
#827=IFCPOLYLOOP((#4402,#4401,#4404));
#828=IFCPOLYLOOP((#4403,#4402,#4405));
#829=IFCPOLYLOOP((#4406,#4371,#4369));
#830=IFCPOLYLOOP((#4369,#4403,#4406));
#831=IFCPOLYLOOP((#4404,#4195,#4194));
#832=IFCPOLYLOOP((#4194,#4407,#4404));
#833=IFCPOLYLOOP((#4405,#4404,#4407));
#834=IFCPOLYLOOP((#4406,#4405,#4408));
#835=IFCPOLYLOOP((#4406,#4409,#4372));
#836=IFCPOLYLOOP((#4407,#4191,#4190));
#837=IFCPOLYLOOP((#4408,#4407,#4410));
#838=IFCPOLYLOOP((#4409,#4408,#4411));
#839=IFCPOLYLOOP((#4409,#4412,#4374));
#840=IFCPOLYLOOP((#4413,#4410,#4192));
#841=IFCPOLYLOOP((#4410,#4190,#4192));
#842=IFCPOLYLOOP((#4411,#4410,#4413));
#843=IFCPOLYLOOP((#4414,#4377,#4375));
#844=IFCPOLYLOOP((#4375,#4412,#4414));
#845=IFCPOLYLOOP((#4377,#4414,#4187));
#846=IFCPOLYLOOP((#4414,#4415,#4187));
#847=IFCPOLYLOOP((#4415,#4413,#4187));
#848=IFCPOLYLOOP((#4413,#4188,#4187));
#849=IFCPOLYLOOP((#4375,#4374,#4412));
#850=IFCPOLYLOOP((#4412,#4411,#4415,#4414));
#851=IFCPOLYLOOP((#4413,#4415,#4411));
#852=IFCPOLYLOOP((#4192,#4188,#4413));
#853=IFCPOLYLOOP((#4374,#4372,#4409));
#854=IFCPOLYLOOP((#4411,#4412,#4409));
#855=IFCPOLYLOOP((#4410,#4411,#4408));
#856=IFCPOLYLOOP((#4190,#4410,#4407));
#857=IFCPOLYLOOP((#4372,#4371,#4406));
#858=IFCPOLYLOOP((#4408,#4409,#4406));
#859=IFCPOLYLOOP((#4407,#4408,#4405));
#860=IFCPOLYLOOP((#4194,#4191,#4407));
#861=IFCPOLYLOOP((#4369,#4368,#4403));
#862=IFCPOLYLOOP((#4405,#4406,#4403));
#863=IFCPOLYLOOP((#4404,#4405,#4402));
#864=IFCPOLYLOOP((#4196,#4195,#4404));
#865=IFCPOLYLOOP((#4368,#4144,#4143));
#866=IFCPOLYLOOP((#4403,#4143,#4142));
#867=IFCPOLYLOOP((#4401,#4402,#4142));
#868=IFCPOLYLOOP((#4197,#4401,#4141));
#869=IFCPOLYLOOP((#4103,#4104,#4416,#4150));
#870=IFCPOLYLOOP((#4159,#4416,#4104,#4099));
#871=IFCPOLYLOOP((#4417,#4418,#4289));
#872=IFCPOLYLOOP((#4289,#4419,#4417));
#873=IFCPOLYLOOP((#4420,#4417,#4421));
#874=IFCPOLYLOOP((#4421,#4422,#4420));
#875=IFCPOLYLOOP((#4423,#4420,#4424));
#876=IFCPOLYLOOP((#4424,#4425,#4423));
#877=IFCPOLYLOOP((#4416,#4423,#4426));
#878=IFCPOLYLOOP((#4426,#4427,#4416));
#879=IFCPOLYLOOP((#4416,#4428,#4429));
#880=IFCPOLYLOOP((#4416,#4159,#4428));
#881=IFCPOLYLOOP((#4423,#4430,#4431));
#882=IFCPOLYLOOP((#4423,#4429,#4430));
#883=IFCPOLYLOOP((#4420,#4432,#4433));
#884=IFCPOLYLOOP((#4420,#4431,#4432));
#885=IFCPOLYLOOP((#4417,#4434,#4358));
#886=IFCPOLYLOOP((#4417,#4433,#4434));
#887=IFCPOLYLOOP((#4358,#4418,#4417));
#888=IFCPOLYLOOP((#4433,#4417,#4420));
#889=IFCPOLYLOOP((#4431,#4420,#4423));
#890=IFCPOLYLOOP((#4429,#4423,#4416));
#891=IFCPOLYLOOP((#4427,#4150,#4416));
#892=IFCPOLYLOOP((#4425,#4426,#4423));
#893=IFCPOLYLOOP((#4422,#4424,#4420));
#894=IFCPOLYLOOP((#4419,#4421,#4417));
#895=IFCPOLYLOOP((#4156,#4155,#4366));
#896=IFCPOLYLOOP((#4157,#4156,#4435));
#897=IFCPOLYLOOP((#4157,#4436,#4437));
#898=IFCPOLYLOOP((#4158,#4437,#4428));
#899=IFCPOLYLOOP((#4438,#4435,#4365));
#900=IFCPOLYLOOP((#4435,#4366,#4365));
#901=IFCPOLYLOOP((#4436,#4435,#4438));
#902=IFCPOLYLOOP((#4437,#4436,#4439));
#903=IFCPOLYLOOP((#4440,#4430,#4429));
#904=IFCPOLYLOOP((#4429,#4437,#4440));
#905=IFCPOLYLOOP((#4438,#4364,#4363));
#906=IFCPOLYLOOP((#4363,#4441,#4438));
#907=IFCPOLYLOOP((#4439,#4438,#4441));
#908=IFCPOLYLOOP((#4440,#4439,#4442));
#909=IFCPOLYLOOP((#4440,#4443,#4431));
#910=IFCPOLYLOOP((#4441,#4361,#4360));
#911=IFCPOLYLOOP((#4442,#4441,#4444));
#912=IFCPOLYLOOP((#4443,#4442,#4445));
#913=IFCPOLYLOOP((#4443,#4446,#4432));
#914=IFCPOLYLOOP((#4447,#4444,#4362));
#915=IFCPOLYLOOP((#4444,#4360,#4362));
#916=IFCPOLYLOOP((#4445,#4444,#4447));
#917=IFCPOLYLOOP((#4448,#4434,#4433));
#918=IFCPOLYLOOP((#4433,#4446,#4448));
#919=IFCPOLYLOOP((#4434,#4448,#4358));
#920=IFCPOLYLOOP((#4448,#4449,#4358));
#921=IFCPOLYLOOP((#4449,#4447,#4358));
#922=IFCPOLYLOOP((#4447,#4359,#4358));
#923=IFCPOLYLOOP((#4433,#4432,#4446));
#924=IFCPOLYLOOP((#4446,#4445,#4449,#4448));
#925=IFCPOLYLOOP((#4447,#4449,#4445));
#926=IFCPOLYLOOP((#4362,#4359,#4447));
#927=IFCPOLYLOOP((#4432,#4431,#4443));
#928=IFCPOLYLOOP((#4445,#4446,#4443));
#929=IFCPOLYLOOP((#4444,#4445,#4442));
#930=IFCPOLYLOOP((#4360,#4444,#4441));
#931=IFCPOLYLOOP((#4431,#4430,#4440));
#932=IFCPOLYLOOP((#4442,#4443,#4440));
#933=IFCPOLYLOOP((#4441,#4442,#4439));
#934=IFCPOLYLOOP((#4363,#4361,#4441));
#935=IFCPOLYLOOP((#4429,#4428,#4437));
#936=IFCPOLYLOOP((#4439,#4440,#4437));
#937=IFCPOLYLOOP((#4438,#4439,#4436));
#938=IFCPOLYLOOP((#4365,#4364,#4438));
#939=IFCPOLYLOOP((#4428,#4159,#4158));
#940=IFCPOLYLOOP((#4437,#4158,#4157));
#941=IFCPOLYLOOP((#4435,#4436,#4157));
#942=IFCPOLYLOOP((#4366,#4435,#4156));
#943=IFCPOLYLOOP((#4151,#4150,#4427));
#944=IFCPOLYLOOP((#4152,#4151,#4450));
#945=IFCPOLYLOOP((#4152,#4451,#4452));
#946=IFCPOLYLOOP((#4153,#4452,#4278));
#947=IFCPOLYLOOP((#4453,#4450,#4426));
#948=IFCPOLYLOOP((#4450,#4427,#4426));
#949=IFCPOLYLOOP((#4451,#4450,#4453));
#950=IFCPOLYLOOP((#4452,#4451,#4454));
#951=IFCPOLYLOOP((#4455,#4281,#4279));
#952=IFCPOLYLOOP((#4279,#4452,#4455));
#953=IFCPOLYLOOP((#4453,#4425,#4424));
#954=IFCPOLYLOOP((#4454,#4453,#4456));
#955=IFCPOLYLOOP((#4455,#4454,#4457));
#956=IFCPOLYLOOP((#4455,#4458,#4282));
#957=IFCPOLYLOOP((#4458,#4286,#4282));
#958=IFCPOLYLOOP((#4456,#4424,#4422));
#959=IFCPOLYLOOP((#4457,#4456,#4459));
#960=IFCPOLYLOOP((#4458,#4457,#4460));
#961=IFCPOLYLOOP((#4458,#4461,#4284));
#962=IFCPOLYLOOP((#4462,#4459,#4421));
#963=IFCPOLYLOOP((#4459,#4422,#4421));
#964=IFCPOLYLOOP((#4461,#4460,#4463));
#965=IFCPOLYLOOP((#4464,#4288,#4285));
#966=IFCPOLYLOOP((#4285,#4461,#4464));
#967=IFCPOLYLOOP((#4288,#4464,#4289));
#968=IFCPOLYLOOP((#4464,#4463,#4289));
#969=IFCPOLYLOOP((#4463,#4462,#4289));
#970=IFCPOLYLOOP((#4462,#4419,#4289));
#971=IFCPOLYLOOP((#4285,#4284,#4461));
#972=IFCPOLYLOOP((#4463,#4464,#4461));
#973=IFCPOLYLOOP((#4460,#4459,#4462,#4463));
#974=IFCPOLYLOOP((#4421,#4419,#4462));
#975=IFCPOLYLOOP((#4284,#4286,#4458));
#976=IFCPOLYLOOP((#4460,#4461,#4458));
#977=IFCPOLYLOOP((#4459,#4460,#4457));
#978=IFCPOLYLOOP((#4422,#4459,#4456));
#979=IFCPOLYLOOP((#4282,#4281,#4455));
#980=IFCPOLYLOOP((#4457,#4458,#4455));
#981=IFCPOLYLOOP((#4456,#4457,#4454));
#982=IFCPOLYLOOP((#4424,#4456,#4453));
#983=IFCPOLYLOOP((#4279,#4278,#4452));
#984=IFCPOLYLOOP((#4454,#4455,#4452));
#985=IFCPOLYLOOP((#4453,#4454,#4451));
#986=IFCPOLYLOOP((#4426,#4425,#4453));
#987=IFCPOLYLOOP((#4278,#4154,#4153));
#988=IFCPOLYLOOP((#4452,#4153,#4152));
#989=IFCPOLYLOOP((#4450,#4451,#4152));
#990=IFCPOLYLOOP((#4427,#4450,#4151));
#991=IFCPOLYLOOP((#4117,#4118,#4465,#4165));
#992=IFCPOLYLOOP((#4164,#4465,#4118,#4113));
#993=IFCPOLYLOOP((#4466,#4467,#4270));
#994=IFCPOLYLOOP((#4270,#4468,#4466));
#995=IFCPOLYLOOP((#4469,#4466,#4470));
#996=IFCPOLYLOOP((#4470,#4471,#4469));
#997=IFCPOLYLOOP((#4472,#4469,#4473));
#998=IFCPOLYLOOP((#4473,#4474,#4472));
#999=IFCPOLYLOOP((#4465,#4472,#4475));
#1000=IFCPOLYLOOP((#4475,#4476,#4465));
#1001=IFCPOLYLOOP((#4465,#4477,#4478));
#1002=IFCPOLYLOOP((#4465,#4164,#4477));
#1003=IFCPOLYLOOP((#4472,#4479,#4480));
#1004=IFCPOLYLOOP((#4472,#4478,#4479));
#1005=IFCPOLYLOOP((#4469,#4481,#4482));
#1006=IFCPOLYLOOP((#4469,#4480,#4481));
#1007=IFCPOLYLOOP((#4466,#4483,#4310));
#1008=IFCPOLYLOOP((#4466,#4482,#4483));
#1009=IFCPOLYLOOP((#4310,#4467,#4466));
#1010=IFCPOLYLOOP((#4482,#4466,#4469));
#1011=IFCPOLYLOOP((#4480,#4469,#4472));
#1012=IFCPOLYLOOP((#4478,#4472,#4465));
#1013=IFCPOLYLOOP((#4476,#4165,#4465));
#1014=IFCPOLYLOOP((#4474,#4475,#4472));
#1015=IFCPOLYLOOP((#4471,#4473,#4469));
#1016=IFCPOLYLOOP((#4468,#4470,#4466));
#1017=IFCPOLYLOOP((#4161,#4160,#4318));
#1018=IFCPOLYLOOP((#4162,#4161,#4484));
#1019=IFCPOLYLOOP((#4162,#4485,#4486));
#1020=IFCPOLYLOOP((#4163,#4486,#4477));
#1021=IFCPOLYLOOP((#4487,#4484,#4317));
#1022=IFCPOLYLOOP((#4484,#4318,#4317));
#1023=IFCPOLYLOOP((#4485,#4484,#4487));
#1024=IFCPOLYLOOP((#4486,#4485,#4488));
#1025=IFCPOLYLOOP((#4489,#4479,#4478));
#1026=IFCPOLYLOOP((#4478,#4486,#4489));
#1027=IFCPOLYLOOP((#4487,#4316,#4315));
#1028=IFCPOLYLOOP((#4315,#4490,#4487));
#1029=IFCPOLYLOOP((#4488,#4487,#4490));
#1030=IFCPOLYLOOP((#4489,#4488,#4491));
#1031=IFCPOLYLOOP((#4489,#4492,#4480));
#1032=IFCPOLYLOOP((#4490,#4313,#4312));
#1033=IFCPOLYLOOP((#4491,#4490,#4493));
#1034=IFCPOLYLOOP((#4492,#4491,#4494));
#1035=IFCPOLYLOOP((#4492,#4495,#4481));
#1036=IFCPOLYLOOP((#4496,#4493,#4314));
#1037=IFCPOLYLOOP((#4493,#4312,#4314));
#1038=IFCPOLYLOOP((#4494,#4493,#4496));
#1039=IFCPOLYLOOP((#4497,#4483,#4482));
#1040=IFCPOLYLOOP((#4482,#4495,#4497));
#1041=IFCPOLYLOOP((#4483,#4497,#4310));
#1042=IFCPOLYLOOP((#4497,#4498,#4310));
#1043=IFCPOLYLOOP((#4498,#4496,#4310));
#1044=IFCPOLYLOOP((#4496,#4311,#4310));
#1045=IFCPOLYLOOP((#4482,#4481,#4495));
#1046=IFCPOLYLOOP((#4495,#4494,#4498,#4497));
#1047=IFCPOLYLOOP((#4496,#4498,#4494));
#1048=IFCPOLYLOOP((#4314,#4311,#4496));
#1049=IFCPOLYLOOP((#4481,#4480,#4492));
#1050=IFCPOLYLOOP((#4494,#4495,#4492));
#1051=IFCPOLYLOOP((#4493,#4494,#4491));
#1052=IFCPOLYLOOP((#4312,#4493,#4490));
#1053=IFCPOLYLOOP((#4480,#4479,#4489));
#1054=IFCPOLYLOOP((#4491,#4492,#4489));
#1055=IFCPOLYLOOP((#4490,#4491,#4488));
#1056=IFCPOLYLOOP((#4315,#4313,#4490));
#1057=IFCPOLYLOOP((#4478,#4477,#4486));
#1058=IFCPOLYLOOP((#4488,#4489,#4486));
#1059=IFCPOLYLOOP((#4487,#4488,#4485));
#1060=IFCPOLYLOOP((#4317,#4316,#4487));
#1061=IFCPOLYLOOP((#4477,#4164,#4163));
#1062=IFCPOLYLOOP((#4486,#4163,#4162));
#1063=IFCPOLYLOOP((#4484,#4485,#4162));
#1064=IFCPOLYLOOP((#4318,#4484,#4161));
#1065=IFCPOLYLOOP((#4166,#4165,#4476));
#1066=IFCPOLYLOOP((#4167,#4166,#4499));
#1067=IFCPOLYLOOP((#4167,#4500,#4501));
#1068=IFCPOLYLOOP((#4168,#4501,#4262));
#1069=IFCPOLYLOOP((#4502,#4499,#4475));
#1070=IFCPOLYLOOP((#4499,#4476,#4475));
#1071=IFCPOLYLOOP((#4500,#4499,#4502));
#1072=IFCPOLYLOOP((#4501,#4500,#4503));
#1073=IFCPOLYLOOP((#4504,#4264,#4263));
#1074=IFCPOLYLOOP((#4263,#4501,#4504));
#1075=IFCPOLYLOOP((#4502,#4474,#4473));
#1076=IFCPOLYLOOP((#4503,#4502,#4505));
#1077=IFCPOLYLOOP((#4504,#4503,#4506));
#1078=IFCPOLYLOOP((#4504,#4507,#4265));
#1079=IFCPOLYLOOP((#4507,#4268,#4265));
#1080=IFCPOLYLOOP((#4505,#4473,#4471));
#1081=IFCPOLYLOOP((#4506,#4505,#4508));
#1082=IFCPOLYLOOP((#4507,#4506,#4509));
#1083=IFCPOLYLOOP((#4507,#4510,#4266));
#1084=IFCPOLYLOOP((#4511,#4508,#4470));
#1085=IFCPOLYLOOP((#4508,#4471,#4470));
#1086=IFCPOLYLOOP((#4510,#4509,#4512));
#1087=IFCPOLYLOOP((#4513,#4269,#4267));
#1088=IFCPOLYLOOP((#4267,#4510,#4513));
#1089=IFCPOLYLOOP((#4269,#4513,#4270));
#1090=IFCPOLYLOOP((#4513,#4512,#4270));
#1091=IFCPOLYLOOP((#4512,#4511,#4270));
#1092=IFCPOLYLOOP((#4511,#4468,#4270));
#1093=IFCPOLYLOOP((#4267,#4266,#4510));
#1094=IFCPOLYLOOP((#4512,#4513,#4510));
#1095=IFCPOLYLOOP((#4509,#4508,#4511,#4512));
#1096=IFCPOLYLOOP((#4470,#4468,#4511));
#1097=IFCPOLYLOOP((#4266,#4268,#4507));
#1098=IFCPOLYLOOP((#4509,#4510,#4507));
#1099=IFCPOLYLOOP((#4508,#4509,#4506));
#1100=IFCPOLYLOOP((#4471,#4508,#4505));
#1101=IFCPOLYLOOP((#4265,#4264,#4504));
#1102=IFCPOLYLOOP((#4506,#4507,#4504));
#1103=IFCPOLYLOOP((#4505,#4506,#4503));
#1104=IFCPOLYLOOP((#4473,#4505,#4502));
#1105=IFCPOLYLOOP((#4263,#4262,#4501));
#1106=IFCPOLYLOOP((#4503,#4504,#4501));
#1107=IFCPOLYLOOP((#4502,#4503,#4500));
#1108=IFCPOLYLOOP((#4475,#4474,#4502));
#1109=IFCPOLYLOOP((#4262,#4169,#4168));
#1110=IFCPOLYLOOP((#4501,#4168,#4167));
#1111=IFCPOLYLOOP((#4499,#4500,#4167));
#1112=IFCPOLYLOOP((#4476,#4499,#4166));
#1113=IFCPOLYLOOP((#4307,#4306,#4260,#4261));
#1114=IFCPOLYLOOP((#4355,#4354,#4309,#4290));
#1115=IFCPOLYLOOP((#4356,#4259,#4306,#4308));
#1116=IFCPOLYLOOP((#4306,#4259,#4260));
#1117=IFCPOLYLOOP((#4231,#4258,#4212,#4213));
#1118=IFCPOLYLOOP((#4290,#4289,#4418,#4358,#4355));
#1119=IFCPOLYLOOP((#4261,#4270,#4467,#4310,#4307));
#1120=IFCPOLYLOOP((#4213,#4222,#4514,#4232,#4231));
#1121=IFCPOLYLOOP((#4186,#4210,#4357,#4338));
#1122=IFCPOLYLOOP((#4308,#4309,#4356));
#1123=IFCPOLYLOOP((#4259,#4356,#4357,#4211,#4212));
#1124=IFCPOLYLOOP((#4338,#4337,#4378,#4187,#4186));
#1125=IFCPOLYLOOP((#4258,#4259,#4212));
#1126=IFCPOLYLOOP((#4354,#4356,#4309));
#1127=IFCPOLYLOOP((#4210,#4211,#4357));
#1128=IFCPOLYLOOP((#4515,#4516,#4517));
#1129=IFCPOLYLOOP((#4515,#4174,#4516));
#1130=IFCPOLYLOOP((#4518,#4519,#4520));
#1131=IFCPOLYLOOP((#4518,#4517,#4519));
#1132=IFCPOLYLOOP((#4521,#4522,#4523));
#1133=IFCPOLYLOOP((#4521,#4520,#4522));
#1134=IFCPOLYLOOP((#4524,#4525,#4232));
#1135=IFCPOLYLOOP((#4524,#4523,#4525));
#1136=IFCPOLYLOOP((#4524,#4514,#4222));
#1137=IFCPOLYLOOP((#4222,#4526,#4524));
#1138=IFCPOLYLOOP((#4521,#4524,#4527));
#1139=IFCPOLYLOOP((#4527,#4528,#4521));
#1140=IFCPOLYLOOP((#4518,#4521,#4529));
#1141=IFCPOLYLOOP((#4529,#4530,#4518));
#1142=IFCPOLYLOOP((#4515,#4518,#4531));
#1143=IFCPOLYLOOP((#4531,#4532,#4515));
#1144=IFCPOLYLOOP((#4532,#4135,#4515));
#1145=IFCPOLYLOOP((#4530,#4531,#4518));
#1146=IFCPOLYLOOP((#4528,#4529,#4521));
#1147=IFCPOLYLOOP((#4526,#4527,#4524));
#1148=IFCPOLYLOOP((#4232,#4514,#4524));
#1149=IFCPOLYLOOP((#4523,#4524,#4521));
#1150=IFCPOLYLOOP((#4520,#4521,#4518));
#1151=IFCPOLYLOOP((#4517,#4518,#4515));
#1152=IFCPOLYLOOP((#4131,#4132,#4515,#4135));
#1153=IFCPOLYLOOP((#4174,#4515,#4132,#4127));
#1154=IFCPOLYLOOP((#4136,#4135,#4532));
#1155=IFCPOLYLOOP((#4137,#4136,#4533));
#1156=IFCPOLYLOOP((#4137,#4534,#4535));
#1157=IFCPOLYLOOP((#4138,#4535,#4214));
#1158=IFCPOLYLOOP((#4536,#4533,#4531));
#1159=IFCPOLYLOOP((#4533,#4532,#4531));
#1160=IFCPOLYLOOP((#4534,#4533,#4536));
#1161=IFCPOLYLOOP((#4535,#4534,#4537));
#1162=IFCPOLYLOOP((#4538,#4216,#4215));
#1163=IFCPOLYLOOP((#4215,#4535,#4538));
#1164=IFCPOLYLOOP((#4536,#4530,#4529));
#1165=IFCPOLYLOOP((#4537,#4536,#4539));
#1166=IFCPOLYLOOP((#4538,#4537,#4540));
#1167=IFCPOLYLOOP((#4538,#4541,#4217));
#1168=IFCPOLYLOOP((#4541,#4220,#4217));
#1169=IFCPOLYLOOP((#4539,#4529,#4528));
#1170=IFCPOLYLOOP((#4540,#4539,#4542));
#1171=IFCPOLYLOOP((#4541,#4540,#4543));
#1172=IFCPOLYLOOP((#4541,#4544,#4218));
#1173=IFCPOLYLOOP((#4545,#4542,#4527));
#1174=IFCPOLYLOOP((#4542,#4528,#4527));
#1175=IFCPOLYLOOP((#4544,#4543,#4546));
#1176=IFCPOLYLOOP((#4547,#4221,#4219));
#1177=IFCPOLYLOOP((#4219,#4544,#4547));
#1178=IFCPOLYLOOP((#4221,#4547,#4222));
#1179=IFCPOLYLOOP((#4547,#4546,#4222));
#1180=IFCPOLYLOOP((#4546,#4545,#4222));
#1181=IFCPOLYLOOP((#4545,#4526,#4222));
#1182=IFCPOLYLOOP((#4219,#4218,#4544));
#1183=IFCPOLYLOOP((#4546,#4547,#4544));
#1184=IFCPOLYLOOP((#4543,#4542,#4545,#4546));
#1185=IFCPOLYLOOP((#4527,#4526,#4545));
#1186=IFCPOLYLOOP((#4218,#4220,#4541));
#1187=IFCPOLYLOOP((#4543,#4544,#4541));
#1188=IFCPOLYLOOP((#4542,#4543,#4540));
#1189=IFCPOLYLOOP((#4528,#4542,#4539));
#1190=IFCPOLYLOOP((#4217,#4216,#4538));
#1191=IFCPOLYLOOP((#4540,#4541,#4538));
#1192=IFCPOLYLOOP((#4539,#4540,#4537));
#1193=IFCPOLYLOOP((#4529,#4539,#4536));
#1194=IFCPOLYLOOP((#4215,#4214,#4535));
#1195=IFCPOLYLOOP((#4537,#4538,#4535));
#1196=IFCPOLYLOOP((#4536,#4537,#4534));
#1197=IFCPOLYLOOP((#4531,#4530,#4536));
#1198=IFCPOLYLOOP((#4214,#4139,#4138));
#1199=IFCPOLYLOOP((#4535,#4138,#4137));
#1200=IFCPOLYLOOP((#4533,#4534,#4137));
#1201=IFCPOLYLOOP((#4532,#4533,#4136));
#1202=IFCPOLYLOOP((#4171,#4170,#4242));
#1203=IFCPOLYLOOP((#4172,#4171,#4548));
#1204=IFCPOLYLOOP((#4172,#4549,#4550));
#1205=IFCPOLYLOOP((#4173,#4550,#4516));
#1206=IFCPOLYLOOP((#4551,#4548,#4241));
#1207=IFCPOLYLOOP((#4548,#4242,#4241));
#1208=IFCPOLYLOOP((#4549,#4548,#4551));
#1209=IFCPOLYLOOP((#4550,#4549,#4552));
#1210=IFCPOLYLOOP((#4553,#4519,#4517));
#1211=IFCPOLYLOOP((#4517,#4550,#4553));
#1212=IFCPOLYLOOP((#4551,#4240,#4239));
#1213=IFCPOLYLOOP((#4239,#4554,#4551));
#1214=IFCPOLYLOOP((#4552,#4551,#4554));
#1215=IFCPOLYLOOP((#4553,#4552,#4555));
#1216=IFCPOLYLOOP((#4553,#4556,#4520));
#1217=IFCPOLYLOOP((#4554,#4236,#4235));
#1218=IFCPOLYLOOP((#4555,#4554,#4557));
#1219=IFCPOLYLOOP((#4556,#4555,#4558));
#1220=IFCPOLYLOOP((#4556,#4559,#4522));
#1221=IFCPOLYLOOP((#4560,#4557,#4237));
#1222=IFCPOLYLOOP((#4557,#4235,#4237));
#1223=IFCPOLYLOOP((#4558,#4557,#4560));
#1224=IFCPOLYLOOP((#4561,#4525,#4523));
#1225=IFCPOLYLOOP((#4523,#4559,#4561));
#1226=IFCPOLYLOOP((#4525,#4561,#4232));
#1227=IFCPOLYLOOP((#4561,#4562,#4232));
#1228=IFCPOLYLOOP((#4562,#4560,#4232));
#1229=IFCPOLYLOOP((#4560,#4233,#4232));
#1230=IFCPOLYLOOP((#4523,#4522,#4559));
#1231=IFCPOLYLOOP((#4559,#4558,#4562,#4561));
#1232=IFCPOLYLOOP((#4560,#4562,#4558));
#1233=IFCPOLYLOOP((#4237,#4233,#4560));
#1234=IFCPOLYLOOP((#4522,#4520,#4556));
#1235=IFCPOLYLOOP((#4558,#4559,#4556));
#1236=IFCPOLYLOOP((#4557,#4558,#4555));
#1237=IFCPOLYLOOP((#4235,#4557,#4554));
#1238=IFCPOLYLOOP((#4520,#4519,#4553));
#1239=IFCPOLYLOOP((#4555,#4556,#4553));
#1240=IFCPOLYLOOP((#4554,#4555,#4552));
#1241=IFCPOLYLOOP((#4239,#4236,#4554));
#1242=IFCPOLYLOOP((#4517,#4516,#4550));
#1243=IFCPOLYLOOP((#4552,#4553,#4550));
#1244=IFCPOLYLOOP((#4551,#4552,#4549));
#1245=IFCPOLYLOOP((#4241,#4240,#4551));
#1246=IFCPOLYLOOP((#4516,#4174,#4173));
#1247=IFCPOLYLOOP((#4550,#4173,#4172));
#1248=IFCPOLYLOOP((#4548,#4549,#4172));
#1249=IFCPOLYLOOP((#4242,#4548,#4171));
#1250=IFCFACEOUTERBOUND(#26,.T.);
#1251=IFCFACEOUTERBOUND(#27,.T.);
#1252=IFCFACEOUTERBOUND(#28,.T.);
#1253=IFCFACEOUTERBOUND(#29,.T.);
#1254=IFCFACEOUTERBOUND(#30,.T.);
#1255=IFCFACEOUTERBOUND(#31,.T.);
#1256=IFCFACEOUTERBOUND(#32,.T.);
#1257=IFCFACEOUTERBOUND(#33,.T.);
#1258=IFCFACEOUTERBOUND(#34,.T.);
#1259=IFCFACEOUTERBOUND(#35,.T.);
#1260=IFCFACEOUTERBOUND(#36,.T.);
#1261=IFCFACEOUTERBOUND(#37,.T.);
#1262=IFCFACEOUTERBOUND(#38,.T.);
#1263=IFCFACEOUTERBOUND(#39,.T.);
#1264=IFCFACEOUTERBOUND(#40,.T.);
#1265=IFCFACEOUTERBOUND(#41,.T.);
#1266=IFCFACEOUTERBOUND(#42,.T.);
#1267=IFCFACEOUTERBOUND(#43,.T.);
#1268=IFCFACEOUTERBOUND(#44,.T.);
#1269=IFCFACEOUTERBOUND(#45,.T.);
#1270=IFCFACEOUTERBOUND(#46,.T.);
#1271=IFCFACEOUTERBOUND(#47,.T.);
#1272=IFCFACEOUTERBOUND(#48,.T.);
#1273=IFCFACEOUTERBOUND(#49,.T.);
#1274=IFCFACEOUTERBOUND(#50,.T.);
#1275=IFCFACEOUTERBOUND(#51,.T.);
#1276=IFCFACEOUTERBOUND(#52,.T.);
#1277=IFCFACEOUTERBOUND(#53,.T.);
#1278=IFCFACEOUTERBOUND(#54,.T.);
#1279=IFCFACEOUTERBOUND(#55,.T.);
#1280=IFCFACEOUTERBOUND(#56,.T.);
#1281=IFCFACEOUTERBOUND(#57,.T.);
#1282=IFCFACEOUTERBOUND(#58,.T.);
#1283=IFCFACEOUTERBOUND(#59,.T.);
#1284=IFCFACEOUTERBOUND(#60,.T.);
#1285=IFCFACEOUTERBOUND(#61,.T.);
#1286=IFCFACEOUTERBOUND(#62,.T.);
#1287=IFCFACEOUTERBOUND(#63,.T.);
#1288=IFCFACEOUTERBOUND(#64,.T.);
#1289=IFCFACEOUTERBOUND(#65,.T.);
#1290=IFCFACEOUTERBOUND(#66,.T.);
#1291=IFCFACEOUTERBOUND(#67,.T.);
#1292=IFCFACEOUTERBOUND(#68,.T.);
#1293=IFCFACEOUTERBOUND(#69,.T.);
#1294=IFCFACEOUTERBOUND(#70,.T.);
#1295=IFCFACEOUTERBOUND(#71,.T.);
#1296=IFCFACEOUTERBOUND(#72,.T.);
#1297=IFCFACEOUTERBOUND(#73,.T.);
#1298=IFCFACEOUTERBOUND(#74,.T.);
#1299=IFCFACEOUTERBOUND(#75,.T.);
#1300=IFCFACEOUTERBOUND(#76,.T.);
#1301=IFCFACEOUTERBOUND(#77,.T.);
#1302=IFCFACEOUTERBOUND(#78,.T.);
#1303=IFCFACEOUTERBOUND(#79,.T.);
#1304=IFCFACEOUTERBOUND(#80,.T.);
#1305=IFCFACEOUTERBOUND(#81,.T.);
#1306=IFCFACEOUTERBOUND(#82,.T.);
#1307=IFCFACEOUTERBOUND(#83,.T.);
#1308=IFCFACEOUTERBOUND(#84,.T.);
#1309=IFCFACEOUTERBOUND(#85,.T.);
#1310=IFCFACEOUTERBOUND(#86,.T.);
#1311=IFCFACEOUTERBOUND(#87,.T.);
#1312=IFCFACEOUTERBOUND(#88,.T.);
#1313=IFCFACEOUTERBOUND(#89,.T.);
#1314=IFCFACEOUTERBOUND(#90,.T.);
#1315=IFCFACEOUTERBOUND(#91,.T.);
#1316=IFCFACEOUTERBOUND(#92,.T.);
#1317=IFCFACEOUTERBOUND(#93,.T.);
#1318=IFCFACEOUTERBOUND(#94,.T.);
#1319=IFCFACEOUTERBOUND(#95,.T.);
#1320=IFCFACEOUTERBOUND(#96,.T.);
#1321=IFCFACEOUTERBOUND(#97,.T.);
#1322=IFCFACEOUTERBOUND(#98,.T.);
#1323=IFCFACEOUTERBOUND(#99,.T.);
#1324=IFCFACEOUTERBOUND(#100,.T.);
#1325=IFCFACEOUTERBOUND(#101,.T.);
#1326=IFCFACEOUTERBOUND(#102,.T.);
#1327=IFCFACEOUTERBOUND(#103,.T.);
#1328=IFCFACEOUTERBOUND(#104,.T.);
#1329=IFCFACEOUTERBOUND(#105,.T.);
#1330=IFCFACEOUTERBOUND(#106,.T.);
#1331=IFCFACEOUTERBOUND(#107,.T.);
#1332=IFCFACEOUTERBOUND(#108,.T.);
#1333=IFCFACEOUTERBOUND(#109,.T.);
#1334=IFCFACEOUTERBOUND(#110,.T.);
#1335=IFCFACEOUTERBOUND(#111,.T.);
#1336=IFCFACEOUTERBOUND(#112,.T.);
#1337=IFCFACEOUTERBOUND(#113,.T.);
#1338=IFCFACEOUTERBOUND(#114,.T.);
#1339=IFCFACEOUTERBOUND(#115,.T.);
#1340=IFCFACEOUTERBOUND(#116,.T.);
#1341=IFCFACEOUTERBOUND(#117,.T.);
#1342=IFCFACEOUTERBOUND(#118,.T.);
#1343=IFCFACEOUTERBOUND(#119,.T.);
#1344=IFCFACEOUTERBOUND(#120,.T.);
#1345=IFCFACEOUTERBOUND(#121,.T.);
#1346=IFCFACEOUTERBOUND(#122,.T.);
#1347=IFCFACEOUTERBOUND(#123,.T.);
#1348=IFCFACEOUTERBOUND(#124,.T.);
#1349=IFCFACEOUTERBOUND(#125,.T.);
#1350=IFCFACEOUTERBOUND(#126,.T.);
#1351=IFCFACEOUTERBOUND(#127,.T.);
#1352=IFCFACEOUTERBOUND(#128,.T.);
#1353=IFCFACEOUTERBOUND(#129,.T.);
#1354=IFCFACEOUTERBOUND(#130,.T.);
#1355=IFCFACEOUTERBOUND(#131,.T.);
#1356=IFCFACEOUTERBOUND(#132,.T.);
#1357=IFCFACEOUTERBOUND(#133,.T.);
#1358=IFCFACEOUTERBOUND(#134,.T.);
#1359=IFCFACEOUTERBOUND(#135,.T.);
#1360=IFCFACEOUTERBOUND(#136,.T.);
#1361=IFCFACEOUTERBOUND(#137,.T.);
#1362=IFCFACEOUTERBOUND(#138,.T.);
#1363=IFCFACEOUTERBOUND(#139,.T.);
#1364=IFCFACEOUTERBOUND(#140,.T.);
#1365=IFCFACEOUTERBOUND(#141,.T.);
#1366=IFCFACEOUTERBOUND(#142,.T.);
#1367=IFCFACEOUTERBOUND(#143,.T.);
#1368=IFCFACEOUTERBOUND(#144,.T.);
#1369=IFCFACEOUTERBOUND(#145,.T.);
#1370=IFCFACEOUTERBOUND(#146,.T.);
#1371=IFCFACEOUTERBOUND(#147,.T.);
#1372=IFCFACEOUTERBOUND(#148,.T.);
#1373=IFCFACEOUTERBOUND(#149,.T.);
#1374=IFCFACEOUTERBOUND(#150,.T.);
#1375=IFCFACEOUTERBOUND(#151,.T.);
#1376=IFCFACEOUTERBOUND(#152,.T.);
#1377=IFCFACEOUTERBOUND(#153,.T.);
#1378=IFCFACEOUTERBOUND(#154,.T.);
#1379=IFCFACEOUTERBOUND(#155,.T.);
#1380=IFCFACEOUTERBOUND(#156,.T.);
#1381=IFCFACEOUTERBOUND(#157,.T.);
#1382=IFCFACEOUTERBOUND(#158,.T.);
#1383=IFCFACEOUTERBOUND(#159,.T.);
#1384=IFCFACEOUTERBOUND(#160,.T.);
#1385=IFCFACEOUTERBOUND(#161,.T.);
#1386=IFCFACEOUTERBOUND(#162,.T.);
#1387=IFCFACEOUTERBOUND(#163,.T.);
#1388=IFCFACEOUTERBOUND(#164,.T.);
#1389=IFCFACEOUTERBOUND(#165,.T.);
#1390=IFCFACEOUTERBOUND(#166,.T.);
#1391=IFCFACEOUTERBOUND(#167,.T.);
#1392=IFCFACEOUTERBOUND(#168,.T.);
#1393=IFCFACEOUTERBOUND(#169,.T.);
#1394=IFCFACEOUTERBOUND(#170,.T.);
#1395=IFCFACEOUTERBOUND(#171,.T.);
#1396=IFCFACEOUTERBOUND(#172,.T.);
#1397=IFCFACEOUTERBOUND(#173,.T.);
#1398=IFCFACEOUTERBOUND(#174,.T.);
#1399=IFCFACEOUTERBOUND(#175,.T.);
#1400=IFCFACEOUTERBOUND(#176,.T.);
#1401=IFCFACEOUTERBOUND(#177,.T.);
#1402=IFCFACEOUTERBOUND(#178,.T.);
#1403=IFCFACEOUTERBOUND(#179,.T.);
#1404=IFCFACEOUTERBOUND(#180,.T.);
#1405=IFCFACEOUTERBOUND(#181,.T.);
#1406=IFCFACEOUTERBOUND(#182,.T.);
#1407=IFCFACEOUTERBOUND(#183,.T.);
#1408=IFCFACEOUTERBOUND(#184,.T.);
#1409=IFCFACEOUTERBOUND(#185,.T.);
#1410=IFCFACEOUTERBOUND(#186,.T.);
#1411=IFCFACEOUTERBOUND(#187,.T.);
#1412=IFCFACEOUTERBOUND(#188,.T.);
#1413=IFCFACEOUTERBOUND(#189,.T.);
#1414=IFCFACEOUTERBOUND(#190,.T.);
#1415=IFCFACEOUTERBOUND(#191,.T.);
#1416=IFCFACEOUTERBOUND(#192,.T.);
#1417=IFCFACEOUTERBOUND(#193,.T.);
#1418=IFCFACEOUTERBOUND(#194,.T.);
#1419=IFCFACEOUTERBOUND(#195,.T.);
#1420=IFCFACEOUTERBOUND(#196,.T.);
#1421=IFCFACEOUTERBOUND(#197,.T.);
#1422=IFCFACEOUTERBOUND(#198,.T.);
#1423=IFCFACEOUTERBOUND(#199,.T.);
#1424=IFCFACEOUTERBOUND(#200,.T.);
#1425=IFCFACEOUTERBOUND(#201,.T.);
#1426=IFCFACEOUTERBOUND(#202,.T.);
#1427=IFCFACEOUTERBOUND(#203,.T.);
#1428=IFCFACEOUTERBOUND(#204,.T.);
#1429=IFCFACEOUTERBOUND(#205,.T.);
#1430=IFCFACEOUTERBOUND(#206,.T.);
#1431=IFCFACEOUTERBOUND(#207,.T.);
#1432=IFCFACEOUTERBOUND(#208,.T.);
#1433=IFCFACEOUTERBOUND(#209,.T.);
#1434=IFCFACEOUTERBOUND(#210,.T.);
#1435=IFCFACEOUTERBOUND(#211,.T.);
#1436=IFCFACEOUTERBOUND(#212,.T.);
#1437=IFCFACEOUTERBOUND(#213,.T.);
#1438=IFCFACEOUTERBOUND(#214,.T.);
#1439=IFCFACEOUTERBOUND(#215,.T.);
#1440=IFCFACEOUTERBOUND(#216,.T.);
#1441=IFCFACEOUTERBOUND(#217,.T.);
#1442=IFCFACEOUTERBOUND(#218,.T.);
#1443=IFCFACEOUTERBOUND(#219,.T.);
#1444=IFCFACEOUTERBOUND(#220,.T.);
#1445=IFCFACEOUTERBOUND(#221,.T.);
#1446=IFCFACEOUTERBOUND(#222,.T.);
#1447=IFCFACEOUTERBOUND(#223,.T.);
#1448=IFCFACEOUTERBOUND(#224,.T.);
#1449=IFCFACEOUTERBOUND(#225,.T.);
#1450=IFCFACEOUTERBOUND(#226,.T.);
#1451=IFCFACEOUTERBOUND(#227,.T.);
#1452=IFCFACEOUTERBOUND(#228,.T.);
#1453=IFCFACEOUTERBOUND(#229,.T.);
#1454=IFCFACEOUTERBOUND(#230,.T.);
#1455=IFCFACEOUTERBOUND(#231,.T.);
#1456=IFCFACEOUTERBOUND(#232,.T.);
#1457=IFCFACEOUTERBOUND(#233,.T.);
#1458=IFCFACEOUTERBOUND(#234,.T.);
#1459=IFCFACEOUTERBOUND(#235,.T.);
#1460=IFCFACEOUTERBOUND(#236,.T.);
#1461=IFCFACEOUTERBOUND(#237,.T.);
#1462=IFCFACEOUTERBOUND(#238,.T.);
#1463=IFCFACEOUTERBOUND(#239,.T.);
#1464=IFCFACEOUTERBOUND(#240,.T.);
#1465=IFCFACEOUTERBOUND(#241,.T.);
#1466=IFCFACEOUTERBOUND(#242,.T.);
#1467=IFCFACEOUTERBOUND(#243,.T.);
#1468=IFCFACEOUTERBOUND(#244,.T.);
#1469=IFCFACEOUTERBOUND(#245,.T.);
#1470=IFCFACEOUTERBOUND(#246,.T.);
#1471=IFCFACEOUTERBOUND(#247,.T.);
#1472=IFCFACEOUTERBOUND(#248,.T.);
#1473=IFCFACEOUTERBOUND(#249,.T.);
#1474=IFCFACEOUTERBOUND(#250,.T.);
#1475=IFCFACEOUTERBOUND(#251,.T.);
#1476=IFCFACEOUTERBOUND(#252,.T.);
#1477=IFCFACEOUTERBOUND(#253,.T.);
#1478=IFCFACEOUTERBOUND(#254,.T.);
#1479=IFCFACEOUTERBOUND(#255,.T.);
#1480=IFCFACEOUTERBOUND(#256,.T.);
#1481=IFCFACEOUTERBOUND(#257,.T.);
#1482=IFCFACEOUTERBOUND(#258,.T.);
#1483=IFCFACEOUTERBOUND(#259,.T.);
#1484=IFCFACEOUTERBOUND(#260,.T.);
#1485=IFCFACEOUTERBOUND(#261,.T.);
#1486=IFCFACEOUTERBOUND(#262,.T.);
#1487=IFCFACEOUTERBOUND(#263,.T.);
#1488=IFCFACEOUTERBOUND(#264,.T.);
#1489=IFCFACEOUTERBOUND(#265,.T.);
#1490=IFCFACEOUTERBOUND(#266,.T.);
#1491=IFCFACEOUTERBOUND(#267,.T.);
#1492=IFCFACEOUTERBOUND(#268,.T.);
#1493=IFCFACEOUTERBOUND(#269,.T.);
#1494=IFCFACEOUTERBOUND(#270,.T.);
#1495=IFCFACEOUTERBOUND(#271,.T.);
#1496=IFCFACEOUTERBOUND(#272,.T.);
#1497=IFCFACEOUTERBOUND(#273,.T.);
#1498=IFCFACEOUTERBOUND(#274,.T.);
#1499=IFCFACEOUTERBOUND(#275,.T.);
#1500=IFCFACEOUTERBOUND(#276,.T.);
#1501=IFCFACEOUTERBOUND(#277,.T.);
#1502=IFCFACEOUTERBOUND(#278,.T.);
#1503=IFCFACEOUTERBOUND(#279,.T.);
#1504=IFCFACEOUTERBOUND(#280,.T.);
#1505=IFCFACEOUTERBOUND(#281,.T.);
#1506=IFCFACEOUTERBOUND(#282,.T.);
#1507=IFCFACEOUTERBOUND(#283,.T.);
#1508=IFCFACEOUTERBOUND(#284,.T.);
#1509=IFCFACEOUTERBOUND(#285,.T.);
#1510=IFCFACEOUTERBOUND(#286,.T.);
#1511=IFCFACEOUTERBOUND(#287,.T.);
#1512=IFCFACEOUTERBOUND(#288,.T.);
#1513=IFCFACEOUTERBOUND(#289,.T.);
#1514=IFCFACEOUTERBOUND(#290,.T.);
#1515=IFCFACEOUTERBOUND(#291,.T.);
#1516=IFCFACEOUTERBOUND(#292,.T.);
#1517=IFCFACEOUTERBOUND(#293,.T.);
#1518=IFCFACEOUTERBOUND(#294,.T.);
#1519=IFCFACEOUTERBOUND(#295,.T.);
#1520=IFCFACEOUTERBOUND(#296,.T.);
#1521=IFCFACEOUTERBOUND(#297,.T.);
#1522=IFCFACEOUTERBOUND(#298,.T.);
#1523=IFCFACEOUTERBOUND(#299,.T.);
#1524=IFCFACEOUTERBOUND(#300,.T.);
#1525=IFCFACEOUTERBOUND(#301,.T.);
#1526=IFCFACEOUTERBOUND(#302,.T.);
#1527=IFCFACEOUTERBOUND(#303,.T.);
#1528=IFCFACEOUTERBOUND(#304,.T.);
#1529=IFCFACEOUTERBOUND(#305,.T.);
#1530=IFCFACEOUTERBOUND(#306,.T.);
#1531=IFCFACEOUTERBOUND(#307,.T.);
#1532=IFCFACEOUTERBOUND(#308,.T.);
#1533=IFCFACEOUTERBOUND(#309,.T.);
#1534=IFCFACEOUTERBOUND(#310,.T.);
#1535=IFCFACEOUTERBOUND(#311,.T.);
#1536=IFCFACEOUTERBOUND(#312,.T.);
#1537=IFCFACEOUTERBOUND(#313,.T.);
#1538=IFCFACEOUTERBOUND(#314,.T.);
#1539=IFCFACEOUTERBOUND(#315,.T.);
#1540=IFCFACEOUTERBOUND(#316,.T.);
#1541=IFCFACEOUTERBOUND(#317,.T.);
#1542=IFCFACEOUTERBOUND(#318,.T.);
#1543=IFCFACEOUTERBOUND(#319,.T.);
#1544=IFCFACEOUTERBOUND(#320,.T.);
#1545=IFCFACEOUTERBOUND(#321,.T.);
#1546=IFCFACEOUTERBOUND(#322,.T.);
#1547=IFCFACEOUTERBOUND(#323,.T.);
#1548=IFCFACEOUTERBOUND(#324,.T.);
#1549=IFCFACEOUTERBOUND(#325,.T.);
#1550=IFCFACEOUTERBOUND(#326,.T.);
#1551=IFCFACEOUTERBOUND(#327,.T.);
#1552=IFCFACEOUTERBOUND(#328,.T.);
#1553=IFCFACEOUTERBOUND(#329,.T.);
#1554=IFCFACEOUTERBOUND(#330,.T.);
#1555=IFCFACEOUTERBOUND(#331,.T.);
#1556=IFCFACEOUTERBOUND(#332,.T.);
#1557=IFCFACEOUTERBOUND(#333,.T.);
#1558=IFCFACEOUTERBOUND(#334,.T.);
#1559=IFCFACEOUTERBOUND(#335,.T.);
#1560=IFCFACEOUTERBOUND(#336,.T.);
#1561=IFCFACEOUTERBOUND(#337,.T.);
#1562=IFCFACEOUTERBOUND(#338,.T.);
#1563=IFCFACEOUTERBOUND(#339,.T.);
#1564=IFCFACEOUTERBOUND(#340,.T.);
#1565=IFCFACEOUTERBOUND(#341,.T.);
#1566=IFCFACEOUTERBOUND(#342,.T.);
#1567=IFCFACEOUTERBOUND(#343,.T.);
#1568=IFCFACEOUTERBOUND(#344,.T.);
#1569=IFCFACEOUTERBOUND(#345,.T.);
#1570=IFCFACEOUTERBOUND(#346,.T.);
#1571=IFCFACEOUTERBOUND(#347,.T.);
#1572=IFCFACEOUTERBOUND(#348,.T.);
#1573=IFCFACEOUTERBOUND(#349,.T.);
#1574=IFCFACEOUTERBOUND(#350,.T.);
#1575=IFCFACEOUTERBOUND(#351,.T.);
#1576=IFCFACEOUTERBOUND(#352,.T.);
#1577=IFCFACEOUTERBOUND(#353,.T.);
#1578=IFCFACEOUTERBOUND(#354,.T.);
#1579=IFCFACEOUTERBOUND(#355,.T.);
#1580=IFCFACEOUTERBOUND(#356,.T.);
#1581=IFCFACEOUTERBOUND(#357,.T.);
#1582=IFCFACEOUTERBOUND(#358,.T.);
#1583=IFCFACEOUTERBOUND(#359,.T.);
#1584=IFCFACEOUTERBOUND(#360,.T.);
#1585=IFCFACEOUTERBOUND(#361,.T.);
#1586=IFCFACEOUTERBOUND(#362,.T.);
#1587=IFCFACEOUTERBOUND(#363,.T.);
#1588=IFCFACEOUTERBOUND(#364,.T.);
#1589=IFCFACEOUTERBOUND(#365,.T.);
#1590=IFCFACEOUTERBOUND(#366,.T.);
#1591=IFCFACEOUTERBOUND(#367,.T.);
#1592=IFCFACEOUTERBOUND(#368,.T.);
#1593=IFCFACEOUTERBOUND(#369,.T.);
#1594=IFCFACEOUTERBOUND(#370,.T.);
#1595=IFCFACEOUTERBOUND(#371,.T.);
#1596=IFCFACEOUTERBOUND(#372,.T.);
#1597=IFCFACEOUTERBOUND(#373,.T.);
#1598=IFCFACEOUTERBOUND(#374,.T.);
#1599=IFCFACEOUTERBOUND(#375,.T.);
#1600=IFCFACEOUTERBOUND(#376,.T.);
#1601=IFCFACEOUTERBOUND(#377,.T.);
#1602=IFCFACEOUTERBOUND(#378,.T.);
#1603=IFCFACEOUTERBOUND(#379,.T.);
#1604=IFCFACEOUTERBOUND(#380,.T.);
#1605=IFCFACEOUTERBOUND(#381,.T.);
#1606=IFCFACEOUTERBOUND(#382,.T.);
#1607=IFCFACEOUTERBOUND(#383,.T.);
#1608=IFCFACEOUTERBOUND(#384,.T.);
#1609=IFCFACEOUTERBOUND(#385,.T.);
#1610=IFCFACEOUTERBOUND(#386,.T.);
#1611=IFCFACEOUTERBOUND(#387,.T.);
#1612=IFCFACEOUTERBOUND(#388,.T.);
#1613=IFCFACEOUTERBOUND(#389,.T.);
#1614=IFCFACEOUTERBOUND(#390,.T.);
#1615=IFCFACEOUTERBOUND(#391,.T.);
#1616=IFCFACEOUTERBOUND(#392,.T.);
#1617=IFCFACEOUTERBOUND(#393,.T.);
#1618=IFCFACEOUTERBOUND(#394,.T.);
#1619=IFCFACEOUTERBOUND(#395,.T.);
#1620=IFCFACEOUTERBOUND(#396,.T.);
#1621=IFCFACEOUTERBOUND(#397,.T.);
#1622=IFCFACEOUTERBOUND(#398,.T.);
#1623=IFCFACEOUTERBOUND(#399,.T.);
#1624=IFCFACEOUTERBOUND(#400,.T.);
#1625=IFCFACEOUTERBOUND(#401,.T.);
#1626=IFCFACEOUTERBOUND(#402,.T.);
#1627=IFCFACEOUTERBOUND(#403,.T.);
#1628=IFCFACEOUTERBOUND(#404,.T.);
#1629=IFCFACEOUTERBOUND(#405,.T.);
#1630=IFCFACEOUTERBOUND(#406,.T.);
#1631=IFCFACEOUTERBOUND(#407,.T.);
#1632=IFCFACEOUTERBOUND(#408,.T.);
#1633=IFCFACEOUTERBOUND(#409,.T.);
#1634=IFCFACEOUTERBOUND(#410,.T.);
#1635=IFCFACEOUTERBOUND(#411,.T.);
#1636=IFCFACEOUTERBOUND(#412,.T.);
#1637=IFCFACEOUTERBOUND(#413,.T.);
#1638=IFCFACEOUTERBOUND(#414,.T.);
#1639=IFCFACEOUTERBOUND(#415,.T.);
#1640=IFCFACEOUTERBOUND(#416,.T.);
#1641=IFCFACEOUTERBOUND(#417,.T.);
#1642=IFCFACEOUTERBOUND(#418,.T.);
#1643=IFCFACEOUTERBOUND(#419,.T.);
#1644=IFCFACEOUTERBOUND(#420,.T.);
#1645=IFCFACEOUTERBOUND(#421,.T.);
#1646=IFCFACEOUTERBOUND(#422,.T.);
#1647=IFCFACEOUTERBOUND(#423,.T.);
#1648=IFCFACEOUTERBOUND(#424,.T.);
#1649=IFCFACEOUTERBOUND(#425,.T.);
#1650=IFCFACEOUTERBOUND(#426,.T.);
#1651=IFCFACEOUTERBOUND(#427,.T.);
#1652=IFCFACEOUTERBOUND(#428,.T.);
#1653=IFCFACEOUTERBOUND(#429,.T.);
#1654=IFCFACEOUTERBOUND(#430,.T.);
#1655=IFCFACEOUTERBOUND(#431,.T.);
#1656=IFCFACEOUTERBOUND(#432,.T.);
#1657=IFCFACEOUTERBOUND(#433,.T.);
#1658=IFCFACEOUTERBOUND(#434,.T.);
#1659=IFCFACEOUTERBOUND(#435,.T.);
#1660=IFCFACEOUTERBOUND(#436,.T.);
#1661=IFCFACEOUTERBOUND(#437,.T.);
#1662=IFCFACEOUTERBOUND(#438,.T.);
#1663=IFCFACEOUTERBOUND(#439,.T.);
#1664=IFCFACEOUTERBOUND(#440,.T.);
#1665=IFCFACEOUTERBOUND(#441,.T.);
#1666=IFCFACEOUTERBOUND(#442,.T.);
#1667=IFCFACEOUTERBOUND(#443,.T.);
#1668=IFCFACEOUTERBOUND(#444,.T.);
#1669=IFCFACEOUTERBOUND(#445,.T.);
#1670=IFCFACEOUTERBOUND(#446,.T.);
#1671=IFCFACEOUTERBOUND(#447,.T.);
#1672=IFCFACEOUTERBOUND(#448,.T.);
#1673=IFCFACEOUTERBOUND(#449,.T.);
#1674=IFCFACEOUTERBOUND(#450,.T.);
#1675=IFCFACEOUTERBOUND(#451,.T.);
#1676=IFCFACEOUTERBOUND(#452,.T.);
#1677=IFCFACEOUTERBOUND(#453,.T.);
#1678=IFCFACEOUTERBOUND(#454,.T.);
#1679=IFCFACEOUTERBOUND(#455,.T.);
#1680=IFCFACEOUTERBOUND(#456,.T.);
#1681=IFCFACEOUTERBOUND(#457,.T.);
#1682=IFCFACEOUTERBOUND(#458,.T.);
#1683=IFCFACEOUTERBOUND(#459,.T.);
#1684=IFCFACEOUTERBOUND(#460,.T.);
#1685=IFCFACEOUTERBOUND(#461,.T.);
#1686=IFCFACEOUTERBOUND(#462,.T.);
#1687=IFCFACEOUTERBOUND(#463,.T.);
#1688=IFCFACEOUTERBOUND(#464,.T.);
#1689=IFCFACEOUTERBOUND(#465,.T.);
#1690=IFCFACEOUTERBOUND(#466,.T.);
#1691=IFCFACEOUTERBOUND(#467,.T.);
#1692=IFCFACEOUTERBOUND(#468,.T.);
#1693=IFCFACEOUTERBOUND(#469,.T.);
#1694=IFCFACEOUTERBOUND(#470,.T.);
#1695=IFCFACEOUTERBOUND(#471,.T.);
#1696=IFCFACEOUTERBOUND(#472,.T.);
#1697=IFCFACEOUTERBOUND(#473,.T.);
#1698=IFCFACEOUTERBOUND(#474,.T.);
#1699=IFCFACEOUTERBOUND(#475,.T.);
#1700=IFCFACEOUTERBOUND(#476,.T.);
#1701=IFCFACEOUTERBOUND(#477,.T.);
#1702=IFCFACEOUTERBOUND(#478,.T.);
#1703=IFCFACEOUTERBOUND(#479,.T.);
#1704=IFCFACEOUTERBOUND(#480,.T.);
#1705=IFCFACEOUTERBOUND(#481,.T.);
#1706=IFCFACEOUTERBOUND(#482,.T.);
#1707=IFCFACEOUTERBOUND(#483,.T.);
#1708=IFCFACEOUTERBOUND(#484,.T.);
#1709=IFCFACEOUTERBOUND(#485,.T.);
#1710=IFCFACEOUTERBOUND(#486,.T.);
#1711=IFCFACEOUTERBOUND(#487,.T.);
#1712=IFCFACEOUTERBOUND(#488,.T.);
#1713=IFCFACEOUTERBOUND(#489,.T.);
#1714=IFCFACEOUTERBOUND(#490,.T.);
#1715=IFCFACEOUTERBOUND(#491,.T.);
#1716=IFCFACEOUTERBOUND(#492,.T.);
#1717=IFCFACEOUTERBOUND(#493,.T.);
#1718=IFCFACEOUTERBOUND(#494,.T.);
#1719=IFCFACEOUTERBOUND(#495,.T.);
#1720=IFCFACEOUTERBOUND(#496,.T.);
#1721=IFCFACEOUTERBOUND(#497,.T.);
#1722=IFCFACEOUTERBOUND(#498,.T.);
#1723=IFCFACEOUTERBOUND(#499,.T.);
#1724=IFCFACEOUTERBOUND(#500,.T.);
#1725=IFCFACEOUTERBOUND(#501,.T.);
#1726=IFCFACEOUTERBOUND(#502,.T.);
#1727=IFCFACEOUTERBOUND(#503,.T.);
#1728=IFCFACEOUTERBOUND(#504,.T.);
#1729=IFCFACEOUTERBOUND(#505,.T.);
#1730=IFCFACEOUTERBOUND(#506,.T.);
#1731=IFCFACEOUTERBOUND(#507,.T.);
#1732=IFCFACEOUTERBOUND(#508,.T.);
#1733=IFCFACEOUTERBOUND(#509,.T.);
#1734=IFCFACEOUTERBOUND(#510,.T.);
#1735=IFCFACEOUTERBOUND(#511,.T.);
#1736=IFCFACEOUTERBOUND(#512,.T.);
#1737=IFCFACEOUTERBOUND(#513,.T.);
#1738=IFCFACEOUTERBOUND(#514,.T.);
#1739=IFCFACEOUTERBOUND(#515,.T.);
#1740=IFCFACEOUTERBOUND(#516,.T.);
#1741=IFCFACEOUTERBOUND(#517,.T.);
#1742=IFCFACEOUTERBOUND(#518,.T.);
#1743=IFCFACEOUTERBOUND(#519,.T.);
#1744=IFCFACEOUTERBOUND(#520,.T.);
#1745=IFCFACEOUTERBOUND(#521,.T.);
#1746=IFCFACEOUTERBOUND(#522,.T.);
#1747=IFCFACEOUTERBOUND(#523,.T.);
#1748=IFCFACEOUTERBOUND(#524,.T.);
#1749=IFCFACEOUTERBOUND(#525,.T.);
#1750=IFCFACEOUTERBOUND(#526,.T.);
#1751=IFCFACEOUTERBOUND(#527,.T.);
#1752=IFCFACEOUTERBOUND(#528,.T.);
#1753=IFCFACEOUTERBOUND(#529,.T.);
#1754=IFCFACEOUTERBOUND(#530,.T.);
#1755=IFCFACEOUTERBOUND(#531,.T.);
#1756=IFCFACEOUTERBOUND(#532,.T.);
#1757=IFCFACEOUTERBOUND(#533,.T.);
#1758=IFCFACEOUTERBOUND(#534,.T.);
#1759=IFCFACEOUTERBOUND(#535,.T.);
#1760=IFCFACEOUTERBOUND(#536,.T.);
#1761=IFCFACEOUTERBOUND(#537,.T.);
#1762=IFCFACEOUTERBOUND(#538,.T.);
#1763=IFCFACEOUTERBOUND(#539,.T.);
#1764=IFCFACEOUTERBOUND(#540,.T.);
#1765=IFCFACEOUTERBOUND(#541,.T.);
#1766=IFCFACEOUTERBOUND(#542,.T.);
#1767=IFCFACEOUTERBOUND(#543,.T.);
#1768=IFCFACEOUTERBOUND(#544,.T.);
#1769=IFCFACEOUTERBOUND(#545,.T.);
#1770=IFCFACEOUTERBOUND(#546,.T.);
#1771=IFCFACEOUTERBOUND(#547,.T.);
#1772=IFCFACEOUTERBOUND(#548,.T.);
#1773=IFCFACEOUTERBOUND(#549,.T.);
#1774=IFCFACEOUTERBOUND(#550,.T.);
#1775=IFCFACEOUTERBOUND(#551,.T.);
#1776=IFCFACEOUTERBOUND(#552,.T.);
#1777=IFCFACEOUTERBOUND(#553,.T.);
#1778=IFCFACEOUTERBOUND(#554,.T.);
#1779=IFCFACEOUTERBOUND(#555,.T.);
#1780=IFCFACEOUTERBOUND(#556,.T.);
#1781=IFCFACEOUTERBOUND(#557,.T.);
#1782=IFCFACEOUTERBOUND(#558,.T.);
#1783=IFCFACEOUTERBOUND(#559,.T.);
#1784=IFCFACEOUTERBOUND(#560,.T.);
#1785=IFCFACEOUTERBOUND(#561,.T.);
#1786=IFCFACEOUTERBOUND(#562,.T.);
#1787=IFCFACEOUTERBOUND(#563,.T.);
#1788=IFCFACEOUTERBOUND(#564,.T.);
#1789=IFCFACEOUTERBOUND(#565,.T.);
#1790=IFCFACEOUTERBOUND(#566,.T.);
#1791=IFCFACEOUTERBOUND(#567,.T.);
#1792=IFCFACEOUTERBOUND(#568,.T.);
#1793=IFCFACEOUTERBOUND(#569,.T.);
#1794=IFCFACEOUTERBOUND(#570,.T.);
#1795=IFCFACEOUTERBOUND(#571,.T.);
#1796=IFCFACEOUTERBOUND(#572,.T.);
#1797=IFCFACEOUTERBOUND(#573,.T.);
#1798=IFCFACEOUTERBOUND(#574,.T.);
#1799=IFCFACEOUTERBOUND(#575,.T.);
#1800=IFCFACEOUTERBOUND(#576,.T.);
#1801=IFCFACEOUTERBOUND(#577,.T.);
#1802=IFCFACEOUTERBOUND(#578,.T.);
#1803=IFCFACEOUTERBOUND(#579,.T.);
#1804=IFCFACEOUTERBOUND(#580,.T.);
#1805=IFCFACEOUTERBOUND(#581,.T.);
#1806=IFCFACEOUTERBOUND(#582,.T.);
#1807=IFCFACEOUTERBOUND(#583,.T.);
#1808=IFCFACEOUTERBOUND(#584,.T.);
#1809=IFCFACEOUTERBOUND(#585,.T.);
#1810=IFCFACEOUTERBOUND(#586,.T.);
#1811=IFCFACEOUTERBOUND(#587,.T.);
#1812=IFCFACEOUTERBOUND(#588,.T.);
#1813=IFCFACEOUTERBOUND(#589,.T.);
#1814=IFCFACEOUTERBOUND(#590,.T.);
#1815=IFCFACEOUTERBOUND(#591,.T.);
#1816=IFCFACEOUTERBOUND(#592,.T.);
#1817=IFCFACEOUTERBOUND(#593,.T.);
#1818=IFCFACEOUTERBOUND(#594,.T.);
#1819=IFCFACEOUTERBOUND(#595,.T.);
#1820=IFCFACEOUTERBOUND(#596,.T.);
#1821=IFCFACEOUTERBOUND(#597,.T.);
#1822=IFCFACEOUTERBOUND(#598,.T.);
#1823=IFCFACEOUTERBOUND(#599,.T.);
#1824=IFCFACEOUTERBOUND(#600,.T.);
#1825=IFCFACEOUTERBOUND(#601,.T.);
#1826=IFCFACEOUTERBOUND(#602,.T.);
#1827=IFCFACEOUTERBOUND(#603,.T.);
#1828=IFCFACEOUTERBOUND(#604,.T.);
#1829=IFCFACEOUTERBOUND(#605,.T.);
#1830=IFCFACEOUTERBOUND(#606,.T.);
#1831=IFCFACEOUTERBOUND(#607,.T.);
#1832=IFCFACEOUTERBOUND(#608,.T.);
#1833=IFCFACEOUTERBOUND(#609,.T.);
#1834=IFCFACEOUTERBOUND(#610,.T.);
#1835=IFCFACEOUTERBOUND(#611,.T.);
#1836=IFCFACEOUTERBOUND(#612,.T.);
#1837=IFCFACEOUTERBOUND(#613,.T.);
#1838=IFCFACEOUTERBOUND(#614,.T.);
#1839=IFCFACEOUTERBOUND(#615,.T.);
#1840=IFCFACEOUTERBOUND(#616,.T.);
#1841=IFCFACEOUTERBOUND(#617,.T.);
#1842=IFCFACEOUTERBOUND(#618,.T.);
#1843=IFCFACEOUTERBOUND(#619,.T.);
#1844=IFCFACEOUTERBOUND(#620,.T.);
#1845=IFCFACEOUTERBOUND(#621,.T.);
#1846=IFCFACEOUTERBOUND(#622,.T.);
#1847=IFCFACEOUTERBOUND(#623,.T.);
#1848=IFCFACEOUTERBOUND(#624,.T.);
#1849=IFCFACEOUTERBOUND(#625,.T.);
#1850=IFCFACEOUTERBOUND(#626,.T.);
#1851=IFCFACEOUTERBOUND(#627,.T.);
#1852=IFCFACEOUTERBOUND(#628,.T.);
#1853=IFCFACEOUTERBOUND(#629,.T.);
#1854=IFCFACEOUTERBOUND(#630,.T.);
#1855=IFCFACEOUTERBOUND(#631,.T.);
#1856=IFCFACEOUTERBOUND(#632,.T.);
#1857=IFCFACEOUTERBOUND(#633,.T.);
#1858=IFCFACEOUTERBOUND(#634,.T.);
#1859=IFCFACEOUTERBOUND(#635,.T.);
#1860=IFCFACEOUTERBOUND(#636,.T.);
#1861=IFCFACEOUTERBOUND(#637,.T.);
#1862=IFCFACEOUTERBOUND(#638,.T.);
#1863=IFCFACEOUTERBOUND(#639,.T.);
#1864=IFCFACEOUTERBOUND(#640,.T.);
#1865=IFCFACEOUTERBOUND(#641,.T.);
#1866=IFCFACEOUTERBOUND(#642,.T.);
#1867=IFCFACEOUTERBOUND(#643,.T.);
#1868=IFCFACEOUTERBOUND(#644,.T.);
#1869=IFCFACEOUTERBOUND(#645,.T.);
#1870=IFCFACEOUTERBOUND(#646,.T.);
#1871=IFCFACEOUTERBOUND(#647,.T.);
#1872=IFCFACEOUTERBOUND(#648,.T.);
#1873=IFCFACEOUTERBOUND(#649,.T.);
#1874=IFCFACEOUTERBOUND(#650,.T.);
#1875=IFCFACEOUTERBOUND(#651,.T.);
#1876=IFCFACEOUTERBOUND(#652,.T.);
#1877=IFCFACEOUTERBOUND(#653,.T.);
#1878=IFCFACEOUTERBOUND(#654,.T.);
#1879=IFCFACEOUTERBOUND(#655,.T.);
#1880=IFCFACEOUTERBOUND(#656,.T.);
#1881=IFCFACEOUTERBOUND(#657,.T.);
#1882=IFCFACEOUTERBOUND(#658,.T.);
#1883=IFCFACEOUTERBOUND(#659,.T.);
#1884=IFCFACEOUTERBOUND(#660,.T.);
#1885=IFCFACEOUTERBOUND(#661,.T.);
#1886=IFCFACEOUTERBOUND(#662,.T.);
#1887=IFCFACEOUTERBOUND(#663,.T.);
#1888=IFCFACEOUTERBOUND(#664,.T.);
#1889=IFCFACEOUTERBOUND(#665,.T.);
#1890=IFCFACEOUTERBOUND(#666,.T.);
#1891=IFCFACEOUTERBOUND(#667,.T.);
#1892=IFCFACEOUTERBOUND(#668,.T.);
#1893=IFCFACEOUTERBOUND(#669,.T.);
#1894=IFCFACEOUTERBOUND(#670,.T.);
#1895=IFCFACEOUTERBOUND(#671,.T.);
#1896=IFCFACEOUTERBOUND(#672,.T.);
#1897=IFCFACEOUTERBOUND(#673,.T.);
#1898=IFCFACEOUTERBOUND(#674,.T.);
#1899=IFCFACEOUTERBOUND(#675,.T.);
#1900=IFCFACEOUTERBOUND(#676,.T.);
#1901=IFCFACEOUTERBOUND(#677,.T.);
#1902=IFCFACEOUTERBOUND(#678,.T.);
#1903=IFCFACEOUTERBOUND(#679,.T.);
#1904=IFCFACEOUTERBOUND(#680,.T.);
#1905=IFCFACEOUTERBOUND(#681,.T.);
#1906=IFCFACEOUTERBOUND(#682,.T.);
#1907=IFCFACEOUTERBOUND(#683,.T.);
#1908=IFCFACEOUTERBOUND(#684,.T.);
#1909=IFCFACEOUTERBOUND(#685,.T.);
#1910=IFCFACEOUTERBOUND(#686,.T.);
#1911=IFCFACEOUTERBOUND(#687,.T.);
#1912=IFCFACEOUTERBOUND(#688,.T.);
#1913=IFCFACEOUTERBOUND(#689,.T.);
#1914=IFCFACEOUTERBOUND(#690,.T.);
#1915=IFCFACEOUTERBOUND(#691,.T.);
#1916=IFCFACEOUTERBOUND(#692,.T.);
#1917=IFCFACEOUTERBOUND(#693,.T.);
#1918=IFCFACEOUTERBOUND(#694,.T.);
#1919=IFCFACEOUTERBOUND(#695,.T.);
#1920=IFCFACEOUTERBOUND(#696,.T.);
#1921=IFCFACEOUTERBOUND(#697,.T.);
#1922=IFCFACEOUTERBOUND(#698,.T.);
#1923=IFCFACEOUTERBOUND(#699,.T.);
#1924=IFCFACEOUTERBOUND(#700,.T.);
#1925=IFCFACEOUTERBOUND(#701,.T.);
#1926=IFCFACEOUTERBOUND(#702,.T.);
#1927=IFCFACEOUTERBOUND(#703,.T.);
#1928=IFCFACEOUTERBOUND(#704,.T.);
#1929=IFCFACEOUTERBOUND(#705,.T.);
#1930=IFCFACEOUTERBOUND(#706,.T.);
#1931=IFCFACEOUTERBOUND(#707,.T.);
#1932=IFCFACEOUTERBOUND(#708,.T.);
#1933=IFCFACEOUTERBOUND(#709,.T.);
#1934=IFCFACEOUTERBOUND(#710,.T.);
#1935=IFCFACEOUTERBOUND(#711,.T.);
#1936=IFCFACEOUTERBOUND(#712,.T.);
#1937=IFCFACEOUTERBOUND(#713,.T.);
#1938=IFCFACEOUTERBOUND(#714,.T.);
#1939=IFCFACEOUTERBOUND(#715,.T.);
#1940=IFCFACEOUTERBOUND(#716,.T.);
#1941=IFCFACEOUTERBOUND(#717,.T.);
#1942=IFCFACEOUTERBOUND(#718,.T.);
#1943=IFCFACEOUTERBOUND(#719,.T.);
#1944=IFCFACEOUTERBOUND(#720,.T.);
#1945=IFCFACEOUTERBOUND(#721,.T.);
#1946=IFCFACEOUTERBOUND(#722,.T.);
#1947=IFCFACEOUTERBOUND(#723,.T.);
#1948=IFCFACEOUTERBOUND(#724,.T.);
#1949=IFCFACEOUTERBOUND(#725,.T.);
#1950=IFCFACEOUTERBOUND(#726,.T.);
#1951=IFCFACEOUTERBOUND(#727,.T.);
#1952=IFCFACEOUTERBOUND(#728,.T.);
#1953=IFCFACEOUTERBOUND(#729,.T.);
#1954=IFCFACEOUTERBOUND(#730,.T.);
#1955=IFCFACEOUTERBOUND(#731,.T.);
#1956=IFCFACEOUTERBOUND(#732,.T.);
#1957=IFCFACEOUTERBOUND(#733,.T.);
#1958=IFCFACEOUTERBOUND(#734,.T.);
#1959=IFCFACEOUTERBOUND(#735,.T.);
#1960=IFCFACEOUTERBOUND(#736,.T.);
#1961=IFCFACEOUTERBOUND(#737,.T.);
#1962=IFCFACEOUTERBOUND(#738,.T.);
#1963=IFCFACEOUTERBOUND(#739,.T.);
#1964=IFCFACEOUTERBOUND(#740,.T.);
#1965=IFCFACEOUTERBOUND(#741,.T.);
#1966=IFCFACEOUTERBOUND(#742,.T.);
#1967=IFCFACEOUTERBOUND(#743,.T.);
#1968=IFCFACEOUTERBOUND(#744,.T.);
#1969=IFCFACEOUTERBOUND(#745,.T.);
#1970=IFCFACEOUTERBOUND(#746,.T.);
#1971=IFCFACEOUTERBOUND(#747,.T.);
#1972=IFCFACEOUTERBOUND(#748,.T.);
#1973=IFCFACEOUTERBOUND(#749,.T.);
#1974=IFCFACEOUTERBOUND(#750,.T.);
#1975=IFCFACEOUTERBOUND(#751,.T.);
#1976=IFCFACEOUTERBOUND(#752,.T.);
#1977=IFCFACEOUTERBOUND(#753,.T.);
#1978=IFCFACEOUTERBOUND(#754,.T.);
#1979=IFCFACEOUTERBOUND(#755,.T.);
#1980=IFCFACEOUTERBOUND(#756,.T.);
#1981=IFCFACEOUTERBOUND(#757,.T.);
#1982=IFCFACEOUTERBOUND(#758,.T.);
#1983=IFCFACEOUTERBOUND(#759,.T.);
#1984=IFCFACEOUTERBOUND(#760,.T.);
#1985=IFCFACEOUTERBOUND(#761,.T.);
#1986=IFCFACEOUTERBOUND(#762,.T.);
#1987=IFCFACEOUTERBOUND(#763,.T.);
#1988=IFCFACEOUTERBOUND(#764,.T.);
#1989=IFCFACEOUTERBOUND(#765,.T.);
#1990=IFCFACEOUTERBOUND(#766,.T.);
#1991=IFCFACEOUTERBOUND(#767,.T.);
#1992=IFCFACEOUTERBOUND(#768,.T.);
#1993=IFCFACEOUTERBOUND(#769,.T.);
#1994=IFCFACEOUTERBOUND(#770,.T.);
#1995=IFCFACEOUTERBOUND(#771,.T.);
#1996=IFCFACEOUTERBOUND(#772,.T.);
#1997=IFCFACEOUTERBOUND(#773,.T.);
#1998=IFCFACEOUTERBOUND(#774,.T.);
#1999=IFCFACEOUTERBOUND(#775,.T.);
#2000=IFCFACEOUTERBOUND(#776,.T.);
#2001=IFCFACEOUTERBOUND(#777,.T.);
#2002=IFCFACEOUTERBOUND(#778,.T.);
#2003=IFCFACEOUTERBOUND(#779,.T.);
#2004=IFCFACEOUTERBOUND(#780,.T.);
#2005=IFCFACEOUTERBOUND(#781,.T.);
#2006=IFCFACEOUTERBOUND(#782,.T.);
#2007=IFCFACEOUTERBOUND(#783,.T.);
#2008=IFCFACEOUTERBOUND(#784,.T.);
#2009=IFCFACEOUTERBOUND(#785,.T.);
#2010=IFCFACEOUTERBOUND(#786,.T.);
#2011=IFCFACEOUTERBOUND(#787,.T.);
#2012=IFCFACEOUTERBOUND(#788,.T.);
#2013=IFCFACEOUTERBOUND(#789,.T.);
#2014=IFCFACEOUTERBOUND(#790,.T.);
#2015=IFCFACEOUTERBOUND(#791,.T.);
#2016=IFCFACEOUTERBOUND(#792,.T.);
#2017=IFCFACEOUTERBOUND(#793,.T.);
#2018=IFCFACEOUTERBOUND(#794,.T.);
#2019=IFCFACEOUTERBOUND(#795,.T.);
#2020=IFCFACEOUTERBOUND(#796,.T.);
#2021=IFCFACEOUTERBOUND(#797,.T.);
#2022=IFCFACEOUTERBOUND(#798,.T.);
#2023=IFCFACEOUTERBOUND(#799,.T.);
#2024=IFCFACEOUTERBOUND(#800,.T.);
#2025=IFCFACEOUTERBOUND(#801,.T.);
#2026=IFCFACEOUTERBOUND(#802,.T.);
#2027=IFCFACEOUTERBOUND(#803,.T.);
#2028=IFCFACEOUTERBOUND(#804,.T.);
#2029=IFCFACEOUTERBOUND(#805,.T.);
#2030=IFCFACEOUTERBOUND(#806,.T.);
#2031=IFCFACEOUTERBOUND(#807,.T.);
#2032=IFCFACEOUTERBOUND(#808,.T.);
#2033=IFCFACEOUTERBOUND(#809,.T.);
#2034=IFCFACEOUTERBOUND(#810,.T.);
#2035=IFCFACEOUTERBOUND(#811,.T.);
#2036=IFCFACEOUTERBOUND(#812,.T.);
#2037=IFCFACEOUTERBOUND(#813,.T.);
#2038=IFCFACEOUTERBOUND(#814,.T.);
#2039=IFCFACEOUTERBOUND(#815,.T.);
#2040=IFCFACEOUTERBOUND(#816,.T.);
#2041=IFCFACEOUTERBOUND(#817,.T.);
#2042=IFCFACEOUTERBOUND(#818,.T.);
#2043=IFCFACEOUTERBOUND(#819,.T.);
#2044=IFCFACEOUTERBOUND(#820,.T.);
#2045=IFCFACEOUTERBOUND(#821,.T.);
#2046=IFCFACEOUTERBOUND(#822,.T.);
#2047=IFCFACEOUTERBOUND(#823,.T.);
#2048=IFCFACEOUTERBOUND(#824,.T.);
#2049=IFCFACEOUTERBOUND(#825,.T.);
#2050=IFCFACEOUTERBOUND(#826,.T.);
#2051=IFCFACEOUTERBOUND(#827,.T.);
#2052=IFCFACEOUTERBOUND(#828,.T.);
#2053=IFCFACEOUTERBOUND(#829,.T.);
#2054=IFCFACEOUTERBOUND(#830,.T.);
#2055=IFCFACEOUTERBOUND(#831,.T.);
#2056=IFCFACEOUTERBOUND(#832,.T.);
#2057=IFCFACEOUTERBOUND(#833,.T.);
#2058=IFCFACEOUTERBOUND(#834,.T.);
#2059=IFCFACEOUTERBOUND(#835,.T.);
#2060=IFCFACEOUTERBOUND(#836,.T.);
#2061=IFCFACEOUTERBOUND(#837,.T.);
#2062=IFCFACEOUTERBOUND(#838,.T.);
#2063=IFCFACEOUTERBOUND(#839,.T.);
#2064=IFCFACEOUTERBOUND(#840,.T.);
#2065=IFCFACEOUTERBOUND(#841,.T.);
#2066=IFCFACEOUTERBOUND(#842,.T.);
#2067=IFCFACEOUTERBOUND(#843,.T.);
#2068=IFCFACEOUTERBOUND(#844,.T.);
#2069=IFCFACEOUTERBOUND(#845,.T.);
#2070=IFCFACEOUTERBOUND(#846,.T.);
#2071=IFCFACEOUTERBOUND(#847,.T.);
#2072=IFCFACEOUTERBOUND(#848,.T.);
#2073=IFCFACEOUTERBOUND(#849,.T.);
#2074=IFCFACEOUTERBOUND(#850,.T.);
#2075=IFCFACEOUTERBOUND(#851,.T.);
#2076=IFCFACEOUTERBOUND(#852,.T.);
#2077=IFCFACEOUTERBOUND(#853,.T.);
#2078=IFCFACEOUTERBOUND(#854,.T.);
#2079=IFCFACEOUTERBOUND(#855,.T.);
#2080=IFCFACEOUTERBOUND(#856,.T.);
#2081=IFCFACEOUTERBOUND(#857,.T.);
#2082=IFCFACEOUTERBOUND(#858,.T.);
#2083=IFCFACEOUTERBOUND(#859,.T.);
#2084=IFCFACEOUTERBOUND(#860,.T.);
#2085=IFCFACEOUTERBOUND(#861,.T.);
#2086=IFCFACEOUTERBOUND(#862,.T.);
#2087=IFCFACEOUTERBOUND(#863,.T.);
#2088=IFCFACEOUTERBOUND(#864,.T.);
#2089=IFCFACEOUTERBOUND(#865,.T.);
#2090=IFCFACEOUTERBOUND(#866,.T.);
#2091=IFCFACEOUTERBOUND(#867,.T.);
#2092=IFCFACEOUTERBOUND(#868,.T.);
#2093=IFCFACEOUTERBOUND(#869,.T.);
#2094=IFCFACEOUTERBOUND(#870,.T.);
#2095=IFCFACEOUTERBOUND(#871,.T.);
#2096=IFCFACEOUTERBOUND(#872,.T.);
#2097=IFCFACEOUTERBOUND(#873,.T.);
#2098=IFCFACEOUTERBOUND(#874,.T.);
#2099=IFCFACEOUTERBOUND(#875,.T.);
#2100=IFCFACEOUTERBOUND(#876,.T.);
#2101=IFCFACEOUTERBOUND(#877,.T.);
#2102=IFCFACEOUTERBOUND(#878,.T.);
#2103=IFCFACEOUTERBOUND(#879,.T.);
#2104=IFCFACEOUTERBOUND(#880,.T.);
#2105=IFCFACEOUTERBOUND(#881,.T.);
#2106=IFCFACEOUTERBOUND(#882,.T.);
#2107=IFCFACEOUTERBOUND(#883,.T.);
#2108=IFCFACEOUTERBOUND(#884,.T.);
#2109=IFCFACEOUTERBOUND(#885,.T.);
#2110=IFCFACEOUTERBOUND(#886,.T.);
#2111=IFCFACEOUTERBOUND(#887,.T.);
#2112=IFCFACEOUTERBOUND(#888,.T.);
#2113=IFCFACEOUTERBOUND(#889,.T.);
#2114=IFCFACEOUTERBOUND(#890,.T.);
#2115=IFCFACEOUTERBOUND(#891,.T.);
#2116=IFCFACEOUTERBOUND(#892,.T.);
#2117=IFCFACEOUTERBOUND(#893,.T.);
#2118=IFCFACEOUTERBOUND(#894,.T.);
#2119=IFCFACEOUTERBOUND(#895,.T.);
#2120=IFCFACEOUTERBOUND(#896,.T.);
#2121=IFCFACEOUTERBOUND(#897,.T.);
#2122=IFCFACEOUTERBOUND(#898,.T.);
#2123=IFCFACEOUTERBOUND(#899,.T.);
#2124=IFCFACEOUTERBOUND(#900,.T.);
#2125=IFCFACEOUTERBOUND(#901,.T.);
#2126=IFCFACEOUTERBOUND(#902,.T.);
#2127=IFCFACEOUTERBOUND(#903,.T.);
#2128=IFCFACEOUTERBOUND(#904,.T.);
#2129=IFCFACEOUTERBOUND(#905,.T.);
#2130=IFCFACEOUTERBOUND(#906,.T.);
#2131=IFCFACEOUTERBOUND(#907,.T.);
#2132=IFCFACEOUTERBOUND(#908,.T.);
#2133=IFCFACEOUTERBOUND(#909,.T.);
#2134=IFCFACEOUTERBOUND(#910,.T.);
#2135=IFCFACEOUTERBOUND(#911,.T.);
#2136=IFCFACEOUTERBOUND(#912,.T.);
#2137=IFCFACEOUTERBOUND(#913,.T.);
#2138=IFCFACEOUTERBOUND(#914,.T.);
#2139=IFCFACEOUTERBOUND(#915,.T.);
#2140=IFCFACEOUTERBOUND(#916,.T.);
#2141=IFCFACEOUTERBOUND(#917,.T.);
#2142=IFCFACEOUTERBOUND(#918,.T.);
#2143=IFCFACEOUTERBOUND(#919,.T.);
#2144=IFCFACEOUTERBOUND(#920,.T.);
#2145=IFCFACEOUTERBOUND(#921,.T.);
#2146=IFCFACEOUTERBOUND(#922,.T.);
#2147=IFCFACEOUTERBOUND(#923,.T.);
#2148=IFCFACEOUTERBOUND(#924,.T.);
#2149=IFCFACEOUTERBOUND(#925,.T.);
#2150=IFCFACEOUTERBOUND(#926,.T.);
#2151=IFCFACEOUTERBOUND(#927,.T.);
#2152=IFCFACEOUTERBOUND(#928,.T.);
#2153=IFCFACEOUTERBOUND(#929,.T.);
#2154=IFCFACEOUTERBOUND(#930,.T.);
#2155=IFCFACEOUTERBOUND(#931,.T.);
#2156=IFCFACEOUTERBOUND(#932,.T.);
#2157=IFCFACEOUTERBOUND(#933,.T.);
#2158=IFCFACEOUTERBOUND(#934,.T.);
#2159=IFCFACEOUTERBOUND(#935,.T.);
#2160=IFCFACEOUTERBOUND(#936,.T.);
#2161=IFCFACEOUTERBOUND(#937,.T.);
#2162=IFCFACEOUTERBOUND(#938,.T.);
#2163=IFCFACEOUTERBOUND(#939,.T.);
#2164=IFCFACEOUTERBOUND(#940,.T.);
#2165=IFCFACEOUTERBOUND(#941,.T.);
#2166=IFCFACEOUTERBOUND(#942,.T.);
#2167=IFCFACEOUTERBOUND(#943,.T.);
#2168=IFCFACEOUTERBOUND(#944,.T.);
#2169=IFCFACEOUTERBOUND(#945,.T.);
#2170=IFCFACEOUTERBOUND(#946,.T.);
#2171=IFCFACEOUTERBOUND(#947,.T.);
#2172=IFCFACEOUTERBOUND(#948,.T.);
#2173=IFCFACEOUTERBOUND(#949,.T.);
#2174=IFCFACEOUTERBOUND(#950,.T.);
#2175=IFCFACEOUTERBOUND(#951,.T.);
#2176=IFCFACEOUTERBOUND(#952,.T.);
#2177=IFCFACEOUTERBOUND(#953,.T.);
#2178=IFCFACEOUTERBOUND(#954,.T.);
#2179=IFCFACEOUTERBOUND(#955,.T.);
#2180=IFCFACEOUTERBOUND(#956,.T.);
#2181=IFCFACEOUTERBOUND(#957,.T.);
#2182=IFCFACEOUTERBOUND(#958,.T.);
#2183=IFCFACEOUTERBOUND(#959,.T.);
#2184=IFCFACEOUTERBOUND(#960,.T.);
#2185=IFCFACEOUTERBOUND(#961,.T.);
#2186=IFCFACEOUTERBOUND(#962,.T.);
#2187=IFCFACEOUTERBOUND(#963,.T.);
#2188=IFCFACEOUTERBOUND(#964,.T.);
#2189=IFCFACEOUTERBOUND(#965,.T.);
#2190=IFCFACEOUTERBOUND(#966,.T.);
#2191=IFCFACEOUTERBOUND(#967,.T.);
#2192=IFCFACEOUTERBOUND(#968,.T.);
#2193=IFCFACEOUTERBOUND(#969,.T.);
#2194=IFCFACEOUTERBOUND(#970,.T.);
#2195=IFCFACEOUTERBOUND(#971,.T.);
#2196=IFCFACEOUTERBOUND(#972,.T.);
#2197=IFCFACEOUTERBOUND(#973,.T.);
#2198=IFCFACEOUTERBOUND(#974,.T.);
#2199=IFCFACEOUTERBOUND(#975,.T.);
#2200=IFCFACEOUTERBOUND(#976,.T.);
#2201=IFCFACEOUTERBOUND(#977,.T.);
#2202=IFCFACEOUTERBOUND(#978,.T.);
#2203=IFCFACEOUTERBOUND(#979,.T.);
#2204=IFCFACEOUTERBOUND(#980,.T.);
#2205=IFCFACEOUTERBOUND(#981,.T.);
#2206=IFCFACEOUTERBOUND(#982,.T.);
#2207=IFCFACEOUTERBOUND(#983,.T.);
#2208=IFCFACEOUTERBOUND(#984,.T.);
#2209=IFCFACEOUTERBOUND(#985,.T.);
#2210=IFCFACEOUTERBOUND(#986,.T.);
#2211=IFCFACEOUTERBOUND(#987,.T.);
#2212=IFCFACEOUTERBOUND(#988,.T.);
#2213=IFCFACEOUTERBOUND(#989,.T.);
#2214=IFCFACEOUTERBOUND(#990,.T.);
#2215=IFCFACEOUTERBOUND(#991,.T.);
#2216=IFCFACEOUTERBOUND(#992,.T.);
#2217=IFCFACEOUTERBOUND(#993,.T.);
#2218=IFCFACEOUTERBOUND(#994,.T.);
#2219=IFCFACEOUTERBOUND(#995,.T.);
#2220=IFCFACEOUTERBOUND(#996,.T.);
#2221=IFCFACEOUTERBOUND(#997,.T.);
#2222=IFCFACEOUTERBOUND(#998,.T.);
#2223=IFCFACEOUTERBOUND(#999,.T.);
#2224=IFCFACEOUTERBOUND(#1000,.T.);
#2225=IFCFACEOUTERBOUND(#1001,.T.);
#2226=IFCFACEOUTERBOUND(#1002,.T.);
#2227=IFCFACEOUTERBOUND(#1003,.T.);
#2228=IFCFACEOUTERBOUND(#1004,.T.);
#2229=IFCFACEOUTERBOUND(#1005,.T.);
#2230=IFCFACEOUTERBOUND(#1006,.T.);
#2231=IFCFACEOUTERBOUND(#1007,.T.);
#2232=IFCFACEOUTERBOUND(#1008,.T.);
#2233=IFCFACEOUTERBOUND(#1009,.T.);
#2234=IFCFACEOUTERBOUND(#1010,.T.);
#2235=IFCFACEOUTERBOUND(#1011,.T.);
#2236=IFCFACEOUTERBOUND(#1012,.T.);
#2237=IFCFACEOUTERBOUND(#1013,.T.);
#2238=IFCFACEOUTERBOUND(#1014,.T.);
#2239=IFCFACEOUTERBOUND(#1015,.T.);
#2240=IFCFACEOUTERBOUND(#1016,.T.);
#2241=IFCFACEOUTERBOUND(#1017,.T.);
#2242=IFCFACEOUTERBOUND(#1018,.T.);
#2243=IFCFACEOUTERBOUND(#1019,.T.);
#2244=IFCFACEOUTERBOUND(#1020,.T.);
#2245=IFCFACEOUTERBOUND(#1021,.T.);
#2246=IFCFACEOUTERBOUND(#1022,.T.);
#2247=IFCFACEOUTERBOUND(#1023,.T.);
#2248=IFCFACEOUTERBOUND(#1024,.T.);
#2249=IFCFACEOUTERBOUND(#1025,.T.);
#2250=IFCFACEOUTERBOUND(#1026,.T.);
#2251=IFCFACEOUTERBOUND(#1027,.T.);
#2252=IFCFACEOUTERBOUND(#1028,.T.);
#2253=IFCFACEOUTERBOUND(#1029,.T.);
#2254=IFCFACEOUTERBOUND(#1030,.T.);
#2255=IFCFACEOUTERBOUND(#1031,.T.);
#2256=IFCFACEOUTERBOUND(#1032,.T.);
#2257=IFCFACEOUTERBOUND(#1033,.T.);
#2258=IFCFACEOUTERBOUND(#1034,.T.);
#2259=IFCFACEOUTERBOUND(#1035,.T.);
#2260=IFCFACEOUTERBOUND(#1036,.T.);
#2261=IFCFACEOUTERBOUND(#1037,.T.);
#2262=IFCFACEOUTERBOUND(#1038,.T.);
#2263=IFCFACEOUTERBOUND(#1039,.T.);
#2264=IFCFACEOUTERBOUND(#1040,.T.);
#2265=IFCFACEOUTERBOUND(#1041,.T.);
#2266=IFCFACEOUTERBOUND(#1042,.T.);
#2267=IFCFACEOUTERBOUND(#1043,.T.);
#2268=IFCFACEOUTERBOUND(#1044,.T.);
#2269=IFCFACEOUTERBOUND(#1045,.T.);
#2270=IFCFACEOUTERBOUND(#1046,.T.);
#2271=IFCFACEOUTERBOUND(#1047,.T.);
#2272=IFCFACEOUTERBOUND(#1048,.T.);
#2273=IFCFACEOUTERBOUND(#1049,.T.);
#2274=IFCFACEOUTERBOUND(#1050,.T.);
#2275=IFCFACEOUTERBOUND(#1051,.T.);
#2276=IFCFACEOUTERBOUND(#1052,.T.);
#2277=IFCFACEOUTERBOUND(#1053,.T.);
#2278=IFCFACEOUTERBOUND(#1054,.T.);
#2279=IFCFACEOUTERBOUND(#1055,.T.);
#2280=IFCFACEOUTERBOUND(#1056,.T.);
#2281=IFCFACEOUTERBOUND(#1057,.T.);
#2282=IFCFACEOUTERBOUND(#1058,.T.);
#2283=IFCFACEOUTERBOUND(#1059,.T.);
#2284=IFCFACEOUTERBOUND(#1060,.T.);
#2285=IFCFACEOUTERBOUND(#1061,.T.);
#2286=IFCFACEOUTERBOUND(#1062,.T.);
#2287=IFCFACEOUTERBOUND(#1063,.T.);
#2288=IFCFACEOUTERBOUND(#1064,.T.);
#2289=IFCFACEOUTERBOUND(#1065,.T.);
#2290=IFCFACEOUTERBOUND(#1066,.T.);
#2291=IFCFACEOUTERBOUND(#1067,.T.);
#2292=IFCFACEOUTERBOUND(#1068,.T.);
#2293=IFCFACEOUTERBOUND(#1069,.T.);
#2294=IFCFACEOUTERBOUND(#1070,.T.);
#2295=IFCFACEOUTERBOUND(#1071,.T.);
#2296=IFCFACEOUTERBOUND(#1072,.T.);
#2297=IFCFACEOUTERBOUND(#1073,.T.);
#2298=IFCFACEOUTERBOUND(#1074,.T.);
#2299=IFCFACEOUTERBOUND(#1075,.T.);
#2300=IFCFACEOUTERBOUND(#1076,.T.);
#2301=IFCFACEOUTERBOUND(#1077,.T.);
#2302=IFCFACEOUTERBOUND(#1078,.T.);
#2303=IFCFACEOUTERBOUND(#1079,.T.);
#2304=IFCFACEOUTERBOUND(#1080,.T.);
#2305=IFCFACEOUTERBOUND(#1081,.T.);
#2306=IFCFACEOUTERBOUND(#1082,.T.);
#2307=IFCFACEOUTERBOUND(#1083,.T.);
#2308=IFCFACEOUTERBOUND(#1084,.T.);
#2309=IFCFACEOUTERBOUND(#1085,.T.);
#2310=IFCFACEOUTERBOUND(#1086,.T.);
#2311=IFCFACEOUTERBOUND(#1087,.T.);
#2312=IFCFACEOUTERBOUND(#1088,.T.);
#2313=IFCFACEOUTERBOUND(#1089,.T.);
#2314=IFCFACEOUTERBOUND(#1090,.T.);
#2315=IFCFACEOUTERBOUND(#1091,.T.);
#2316=IFCFACEOUTERBOUND(#1092,.T.);
#2317=IFCFACEOUTERBOUND(#1093,.T.);
#2318=IFCFACEOUTERBOUND(#1094,.T.);
#2319=IFCFACEOUTERBOUND(#1095,.T.);
#2320=IFCFACEOUTERBOUND(#1096,.T.);
#2321=IFCFACEOUTERBOUND(#1097,.T.);
#2322=IFCFACEOUTERBOUND(#1098,.T.);
#2323=IFCFACEOUTERBOUND(#1099,.T.);
#2324=IFCFACEOUTERBOUND(#1100,.T.);
#2325=IFCFACEOUTERBOUND(#1101,.T.);
#2326=IFCFACEOUTERBOUND(#1102,.T.);
#2327=IFCFACEOUTERBOUND(#1103,.T.);
#2328=IFCFACEOUTERBOUND(#1104,.T.);
#2329=IFCFACEOUTERBOUND(#1105,.T.);
#2330=IFCFACEOUTERBOUND(#1106,.T.);
#2331=IFCFACEOUTERBOUND(#1107,.T.);
#2332=IFCFACEOUTERBOUND(#1108,.T.);
#2333=IFCFACEOUTERBOUND(#1109,.T.);
#2334=IFCFACEOUTERBOUND(#1110,.T.);
#2335=IFCFACEOUTERBOUND(#1111,.T.);
#2336=IFCFACEOUTERBOUND(#1112,.T.);
#2337=IFCFACEOUTERBOUND(#1113,.T.);
#2338=IFCFACEOUTERBOUND(#1114,.T.);
#2339=IFCFACEOUTERBOUND(#1115,.T.);
#2340=IFCFACEOUTERBOUND(#1116,.T.);
#2341=IFCFACEOUTERBOUND(#1117,.T.);
#2342=IFCFACEOUTERBOUND(#1118,.T.);
#2343=IFCFACEOUTERBOUND(#1119,.T.);
#2344=IFCFACEOUTERBOUND(#1120,.T.);
#2345=IFCFACEOUTERBOUND(#1121,.T.);
#2346=IFCFACEOUTERBOUND(#1122,.T.);
#2347=IFCFACEOUTERBOUND(#1123,.T.);
#2348=IFCFACEOUTERBOUND(#1124,.T.);
#2349=IFCFACEOUTERBOUND(#1125,.T.);
#2350=IFCFACEOUTERBOUND(#1126,.T.);
#2351=IFCFACEOUTERBOUND(#1127,.T.);
#2352=IFCFACEOUTERBOUND(#1128,.T.);
#2353=IFCFACEOUTERBOUND(#1129,.T.);
#2354=IFCFACEOUTERBOUND(#1130,.T.);
#2355=IFCFACEOUTERBOUND(#1131,.T.);
#2356=IFCFACEOUTERBOUND(#1132,.T.);
#2357=IFCFACEOUTERBOUND(#1133,.T.);
#2358=IFCFACEOUTERBOUND(#1134,.T.);
#2359=IFCFACEOUTERBOUND(#1135,.T.);
#2360=IFCFACEOUTERBOUND(#1136,.T.);
#2361=IFCFACEOUTERBOUND(#1137,.T.);
#2362=IFCFACEOUTERBOUND(#1138,.T.);
#2363=IFCFACEOUTERBOUND(#1139,.T.);
#2364=IFCFACEOUTERBOUND(#1140,.T.);
#2365=IFCFACEOUTERBOUND(#1141,.T.);
#2366=IFCFACEOUTERBOUND(#1142,.T.);
#2367=IFCFACEOUTERBOUND(#1143,.T.);
#2368=IFCFACEOUTERBOUND(#1144,.T.);
#2369=IFCFACEOUTERBOUND(#1145,.T.);
#2370=IFCFACEOUTERBOUND(#1146,.T.);
#2371=IFCFACEOUTERBOUND(#1147,.T.);
#2372=IFCFACEOUTERBOUND(#1148,.T.);
#2373=IFCFACEOUTERBOUND(#1149,.T.);
#2374=IFCFACEOUTERBOUND(#1150,.T.);
#2375=IFCFACEOUTERBOUND(#1151,.T.);
#2376=IFCFACEOUTERBOUND(#1152,.T.);
#2377=IFCFACEOUTERBOUND(#1153,.T.);
#2378=IFCFACEOUTERBOUND(#1154,.T.);
#2379=IFCFACEOUTERBOUND(#1155,.T.);
#2380=IFCFACEOUTERBOUND(#1156,.T.);
#2381=IFCFACEOUTERBOUND(#1157,.T.);
#2382=IFCFACEOUTERBOUND(#1158,.T.);
#2383=IFCFACEOUTERBOUND(#1159,.T.);
#2384=IFCFACEOUTERBOUND(#1160,.T.);
#2385=IFCFACEOUTERBOUND(#1161,.T.);
#2386=IFCFACEOUTERBOUND(#1162,.T.);
#2387=IFCFACEOUTERBOUND(#1163,.T.);
#2388=IFCFACEOUTERBOUND(#1164,.T.);
#2389=IFCFACEOUTERBOUND(#1165,.T.);
#2390=IFCFACEOUTERBOUND(#1166,.T.);
#2391=IFCFACEOUTERBOUND(#1167,.T.);
#2392=IFCFACEOUTERBOUND(#1168,.T.);
#2393=IFCFACEOUTERBOUND(#1169,.T.);
#2394=IFCFACEOUTERBOUND(#1170,.T.);
#2395=IFCFACEOUTERBOUND(#1171,.T.);
#2396=IFCFACEOUTERBOUND(#1172,.T.);
#2397=IFCFACEOUTERBOUND(#1173,.T.);
#2398=IFCFACEOUTERBOUND(#1174,.T.);
#2399=IFCFACEOUTERBOUND(#1175,.T.);
#2400=IFCFACEOUTERBOUND(#1176,.T.);
#2401=IFCFACEOUTERBOUND(#1177,.T.);
#2402=IFCFACEOUTERBOUND(#1178,.T.);
#2403=IFCFACEOUTERBOUND(#1179,.T.);
#2404=IFCFACEOUTERBOUND(#1180,.T.);
#2405=IFCFACEOUTERBOUND(#1181,.T.);
#2406=IFCFACEOUTERBOUND(#1182,.T.);
#2407=IFCFACEOUTERBOUND(#1183,.T.);
#2408=IFCFACEOUTERBOUND(#1184,.T.);
#2409=IFCFACEOUTERBOUND(#1185,.T.);
#2410=IFCFACEOUTERBOUND(#1186,.T.);
#2411=IFCFACEOUTERBOUND(#1187,.T.);
#2412=IFCFACEOUTERBOUND(#1188,.T.);
#2413=IFCFACEOUTERBOUND(#1189,.T.);
#2414=IFCFACEOUTERBOUND(#1190,.T.);
#2415=IFCFACEOUTERBOUND(#1191,.T.);
#2416=IFCFACEOUTERBOUND(#1192,.T.);
#2417=IFCFACEOUTERBOUND(#1193,.T.);
#2418=IFCFACEOUTERBOUND(#1194,.T.);
#2419=IFCFACEOUTERBOUND(#1195,.T.);
#2420=IFCFACEOUTERBOUND(#1196,.T.);
#2421=IFCFACEOUTERBOUND(#1197,.T.);
#2422=IFCFACEOUTERBOUND(#1198,.T.);
#2423=IFCFACEOUTERBOUND(#1199,.T.);
#2424=IFCFACEOUTERBOUND(#1200,.T.);
#2425=IFCFACEOUTERBOUND(#1201,.T.);
#2426=IFCFACEOUTERBOUND(#1202,.T.);
#2427=IFCFACEOUTERBOUND(#1203,.T.);
#2428=IFCFACEOUTERBOUND(#1204,.T.);
#2429=IFCFACEOUTERBOUND(#1205,.T.);
#2430=IFCFACEOUTERBOUND(#1206,.T.);
#2431=IFCFACEOUTERBOUND(#1207,.T.);
#2432=IFCFACEOUTERBOUND(#1208,.T.);
#2433=IFCFACEOUTERBOUND(#1209,.T.);
#2434=IFCFACEOUTERBOUND(#1210,.T.);
#2435=IFCFACEOUTERBOUND(#1211,.T.);
#2436=IFCFACEOUTERBOUND(#1212,.T.);
#2437=IFCFACEOUTERBOUND(#1213,.T.);
#2438=IFCFACEOUTERBOUND(#1214,.T.);
#2439=IFCFACEOUTERBOUND(#1215,.T.);
#2440=IFCFACEOUTERBOUND(#1216,.T.);
#2441=IFCFACEOUTERBOUND(#1217,.T.);
#2442=IFCFACEOUTERBOUND(#1218,.T.);
#2443=IFCFACEOUTERBOUND(#1219,.T.);
#2444=IFCFACEOUTERBOUND(#1220,.T.);
#2445=IFCFACEOUTERBOUND(#1221,.T.);
#2446=IFCFACEOUTERBOUND(#1222,.T.);
#2447=IFCFACEOUTERBOUND(#1223,.T.);
#2448=IFCFACEOUTERBOUND(#1224,.T.);
#2449=IFCFACEOUTERBOUND(#1225,.T.);
#2450=IFCFACEOUTERBOUND(#1226,.T.);
#2451=IFCFACEOUTERBOUND(#1227,.T.);
#2452=IFCFACEOUTERBOUND(#1228,.T.);
#2453=IFCFACEOUTERBOUND(#1229,.T.);
#2454=IFCFACEOUTERBOUND(#1230,.T.);
#2455=IFCFACEOUTERBOUND(#1231,.T.);
#2456=IFCFACEOUTERBOUND(#1232,.T.);
#2457=IFCFACEOUTERBOUND(#1233,.T.);
#2458=IFCFACEOUTERBOUND(#1234,.T.);
#2459=IFCFACEOUTERBOUND(#1235,.T.);
#2460=IFCFACEOUTERBOUND(#1236,.T.);
#2461=IFCFACEOUTERBOUND(#1237,.T.);
#2462=IFCFACEOUTERBOUND(#1238,.T.);
#2463=IFCFACEOUTERBOUND(#1239,.T.);
#2464=IFCFACEOUTERBOUND(#1240,.T.);
#2465=IFCFACEOUTERBOUND(#1241,.T.);
#2466=IFCFACEOUTERBOUND(#1242,.T.);
#2467=IFCFACEOUTERBOUND(#1243,.T.);
#2468=IFCFACEOUTERBOUND(#1244,.T.);
#2469=IFCFACEOUTERBOUND(#1245,.T.);
#2470=IFCFACEOUTERBOUND(#1246,.T.);
#2471=IFCFACEOUTERBOUND(#1247,.T.);
#2472=IFCFACEOUTERBOUND(#1248,.T.);
#2473=IFCFACEOUTERBOUND(#1249,.T.);
#2474=IFCFACE((#1250));
#2475=IFCFACE((#1251));
#2476=IFCFACE((#1252));
#2477=IFCFACE((#1253));
#2478=IFCFACE((#1254));
#2479=IFCFACE((#1255));
#2480=IFCFACE((#1256));
#2481=IFCFACE((#1257));
#2482=IFCFACE((#1258));
#2483=IFCFACE((#1259));
#2484=IFCFACE((#1260));
#2485=IFCFACE((#1261));
#2486=IFCFACE((#1262));
#2487=IFCFACE((#1263));
#2488=IFCFACE((#1264));
#2489=IFCFACE((#1265));
#2490=IFCFACE((#1266));
#2491=IFCFACE((#1267));
#2492=IFCFACE((#1268));
#2493=IFCFACE((#1269));
#2494=IFCFACE((#1270));
#2495=IFCFACE((#1271));
#2496=IFCFACE((#1272));
#2497=IFCFACE((#1273));
#2498=IFCFACE((#1274));
#2499=IFCFACE((#1275));
#2500=IFCFACE((#1276));
#2501=IFCFACE((#1277));
#2502=IFCFACE((#1278));
#2503=IFCFACE((#1279));
#2504=IFCFACE((#1280));
#2505=IFCFACE((#1281));
#2506=IFCFACE((#1282));
#2507=IFCFACE((#1283));
#2508=IFCFACE((#1284));
#2509=IFCFACE((#1285));
#2510=IFCFACE((#1286));
#2511=IFCFACE((#1287));
#2512=IFCFACE((#1288));
#2513=IFCFACE((#1289));
#2514=IFCFACE((#1290));
#2515=IFCFACE((#1291));
#2516=IFCFACE((#1292));
#2517=IFCFACE((#1293));
#2518=IFCFACE((#1294));
#2519=IFCFACE((#1295));
#2520=IFCFACE((#1296));
#2521=IFCFACE((#1297));
#2522=IFCFACE((#1298));
#2523=IFCFACE((#1299));
#2524=IFCFACE((#1300));
#2525=IFCFACE((#1301));
#2526=IFCFACE((#1302));
#2527=IFCFACE((#1303));
#2528=IFCFACE((#1304));
#2529=IFCFACE((#1305));
#2530=IFCFACE((#1306));
#2531=IFCFACE((#1307));
#2532=IFCFACE((#1308));
#2533=IFCFACE((#1309));
#2534=IFCFACE((#1310));
#2535=IFCFACE((#1311));
#2536=IFCFACE((#1312));
#2537=IFCFACE((#1313));
#2538=IFCFACE((#1314));
#2539=IFCFACE((#1315));
#2540=IFCFACE((#1316));
#2541=IFCFACE((#1317));
#2542=IFCFACE((#1318));
#2543=IFCFACE((#1319));
#2544=IFCFACE((#1320));
#2545=IFCFACE((#1321));
#2546=IFCFACE((#1322));
#2547=IFCFACE((#1323));
#2548=IFCFACE((#1324));
#2549=IFCFACE((#1325));
#2550=IFCFACE((#1326));
#2551=IFCFACE((#1327));
#2552=IFCFACE((#1328));
#2553=IFCFACE((#1329));
#2554=IFCFACE((#1330));
#2555=IFCFACE((#1331));
#2556=IFCFACE((#1332));
#2557=IFCFACE((#1333));
#2558=IFCFACE((#1334));
#2559=IFCFACE((#1335));
#2560=IFCFACE((#1336));
#2561=IFCFACE((#1337));
#2562=IFCFACE((#1338));
#2563=IFCFACE((#1339));
#2564=IFCFACE((#1340));
#2565=IFCFACE((#1341));
#2566=IFCFACE((#1342));
#2567=IFCFACE((#1343));
#2568=IFCFACE((#1344));
#2569=IFCFACE((#1345));
#2570=IFCFACE((#1346));
#2571=IFCFACE((#1347));
#2572=IFCFACE((#1348));
#2573=IFCFACE((#1349));
#2574=IFCFACE((#1350));
#2575=IFCFACE((#1351));
#2576=IFCFACE((#1352));
#2577=IFCFACE((#1353));
#2578=IFCFACE((#1354));
#2579=IFCFACE((#1355));
#2580=IFCFACE((#1356));
#2581=IFCFACE((#1357));
#2582=IFCFACE((#1358));
#2583=IFCFACE((#1359));
#2584=IFCFACE((#1360));
#2585=IFCFACE((#1361));
#2586=IFCFACE((#1362));
#2587=IFCFACE((#1363));
#2588=IFCFACE((#1364));
#2589=IFCFACE((#1365));
#2590=IFCFACE((#1366));
#2591=IFCFACE((#1367));
#2592=IFCFACE((#1368));
#2593=IFCFACE((#1369));
#2594=IFCFACE((#1370));
#2595=IFCFACE((#1371));
#2596=IFCFACE((#1372));
#2597=IFCFACE((#1373));
#2598=IFCFACE((#1374));
#2599=IFCFACE((#1375));
#2600=IFCFACE((#1376));
#2601=IFCFACE((#1377));
#2602=IFCFACE((#1378));
#2603=IFCFACE((#1379));
#2604=IFCFACE((#1380));
#2605=IFCFACE((#1381));
#2606=IFCFACE((#1382));
#2607=IFCFACE((#1383));
#2608=IFCFACE((#1384));
#2609=IFCFACE((#1385));
#2610=IFCFACE((#1386));
#2611=IFCFACE((#1387));
#2612=IFCFACE((#1388));
#2613=IFCFACE((#1389));
#2614=IFCFACE((#1390));
#2615=IFCFACE((#1391));
#2616=IFCFACE((#1392));
#2617=IFCFACE((#1393));
#2618=IFCFACE((#1394));
#2619=IFCFACE((#1395));
#2620=IFCFACE((#1396));
#2621=IFCFACE((#1397));
#2622=IFCFACE((#1398));
#2623=IFCFACE((#1399));
#2624=IFCFACE((#1400));
#2625=IFCFACE((#1401));
#2626=IFCFACE((#1402));
#2627=IFCFACE((#1403));
#2628=IFCFACE((#1404));
#2629=IFCFACE((#1405));
#2630=IFCFACE((#1406));
#2631=IFCFACE((#1407));
#2632=IFCFACE((#1408));
#2633=IFCFACE((#1409));
#2634=IFCFACE((#1410));
#2635=IFCFACE((#1411));
#2636=IFCFACE((#1412));
#2637=IFCFACE((#1413));
#2638=IFCFACE((#1414));
#2639=IFCFACE((#1415));
#2640=IFCFACE((#1416));
#2641=IFCFACE((#1417));
#2642=IFCFACE((#1418));
#2643=IFCFACE((#1419));
#2644=IFCFACE((#1420));
#2645=IFCFACE((#1421));
#2646=IFCFACE((#1422));
#2647=IFCFACE((#1423));
#2648=IFCFACE((#1424));
#2649=IFCFACE((#1425));
#2650=IFCFACE((#1426));
#2651=IFCFACE((#1427));
#2652=IFCFACE((#1428));
#2653=IFCFACE((#1429));
#2654=IFCFACE((#1430));
#2655=IFCFACE((#1431));
#2656=IFCFACE((#1432));
#2657=IFCFACE((#1433));
#2658=IFCFACE((#1434));
#2659=IFCFACE((#1435));
#2660=IFCFACE((#1436));
#2661=IFCFACE((#1437));
#2662=IFCFACE((#1438));
#2663=IFCFACE((#1439));
#2664=IFCFACE((#1440));
#2665=IFCFACE((#1441));
#2666=IFCFACE((#1442));
#2667=IFCFACE((#1443));
#2668=IFCFACE((#1444));
#2669=IFCFACE((#1445));
#2670=IFCFACE((#1446));
#2671=IFCFACE((#1447));
#2672=IFCFACE((#1448));
#2673=IFCFACE((#1449));
#2674=IFCFACE((#1450));
#2675=IFCFACE((#1451));
#2676=IFCFACE((#1452));
#2677=IFCFACE((#1453));
#2678=IFCFACE((#1454));
#2679=IFCFACE((#1455));
#2680=IFCFACE((#1456));
#2681=IFCFACE((#1457));
#2682=IFCFACE((#1458));
#2683=IFCFACE((#1459));
#2684=IFCFACE((#1460));
#2685=IFCFACE((#1461));
#2686=IFCFACE((#1462));
#2687=IFCFACE((#1463));
#2688=IFCFACE((#1464));
#2689=IFCFACE((#1465));
#2690=IFCFACE((#1466));
#2691=IFCFACE((#1467));
#2692=IFCFACE((#1468));
#2693=IFCFACE((#1469));
#2694=IFCFACE((#1470));
#2695=IFCFACE((#1471));
#2696=IFCFACE((#1472));
#2697=IFCFACE((#1473));
#2698=IFCFACE((#1474));
#2699=IFCFACE((#1475));
#2700=IFCFACE((#1476));
#2701=IFCFACE((#1477));
#2702=IFCFACE((#1478));
#2703=IFCFACE((#1479));
#2704=IFCFACE((#1480));
#2705=IFCFACE((#1481));
#2706=IFCFACE((#1482));
#2707=IFCFACE((#1483));
#2708=IFCFACE((#1484));
#2709=IFCFACE((#1485));
#2710=IFCFACE((#1486));
#2711=IFCFACE((#1487));
#2712=IFCFACE((#1488));
#2713=IFCFACE((#1489));
#2714=IFCFACE((#1490));
#2715=IFCFACE((#1491));
#2716=IFCFACE((#1492));
#2717=IFCFACE((#1493));
#2718=IFCFACE((#1494));
#2719=IFCFACE((#1495));
#2720=IFCFACE((#1496));
#2721=IFCFACE((#1497));
#2722=IFCFACE((#1498));
#2723=IFCFACE((#1499));
#2724=IFCFACE((#1500));
#2725=IFCFACE((#1501));
#2726=IFCFACE((#1502));
#2727=IFCFACE((#1503));
#2728=IFCFACE((#1504));
#2729=IFCFACE((#1505));
#2730=IFCFACE((#1506));
#2731=IFCFACE((#1507));
#2732=IFCFACE((#1508));
#2733=IFCFACE((#1509));
#2734=IFCFACE((#1510));
#2735=IFCFACE((#1511));
#2736=IFCFACE((#1512));
#2737=IFCFACE((#1513));
#2738=IFCFACE((#1514));
#2739=IFCFACE((#1515));
#2740=IFCFACE((#1516));
#2741=IFCFACE((#1517));
#2742=IFCFACE((#1518));
#2743=IFCFACE((#1519));
#2744=IFCFACE((#1520));
#2745=IFCFACE((#1521));
#2746=IFCFACE((#1522));
#2747=IFCFACE((#1523));
#2748=IFCFACE((#1524));
#2749=IFCFACE((#1525));
#2750=IFCFACE((#1526));
#2751=IFCFACE((#1527));
#2752=IFCFACE((#1528));
#2753=IFCFACE((#1529));
#2754=IFCFACE((#1530));
#2755=IFCFACE((#1531));
#2756=IFCFACE((#1532));
#2757=IFCFACE((#1533));
#2758=IFCFACE((#1534));
#2759=IFCFACE((#1535));
#2760=IFCFACE((#1536));
#2761=IFCFACE((#1537));
#2762=IFCFACE((#1538));
#2763=IFCFACE((#1539));
#2764=IFCFACE((#1540));
#2765=IFCFACE((#1541));
#2766=IFCFACE((#1542));
#2767=IFCFACE((#1543));
#2768=IFCFACE((#1544));
#2769=IFCFACE((#1545));
#2770=IFCFACE((#1546));
#2771=IFCFACE((#1547));
#2772=IFCFACE((#1548));
#2773=IFCFACE((#1549));
#2774=IFCFACE((#1550));
#2775=IFCFACE((#1551));
#2776=IFCFACE((#1552));
#2777=IFCFACE((#1553));
#2778=IFCFACE((#1554));
#2779=IFCFACE((#1555));
#2780=IFCFACE((#1556));
#2781=IFCFACE((#1557));
#2782=IFCFACE((#1558));
#2783=IFCFACE((#1559));
#2784=IFCFACE((#1560));
#2785=IFCFACE((#1561));
#2786=IFCFACE((#1562));
#2787=IFCFACE((#1563));
#2788=IFCFACE((#1564));
#2789=IFCFACE((#1565));
#2790=IFCFACE((#1566));
#2791=IFCFACE((#1567));
#2792=IFCFACE((#1568));
#2793=IFCFACE((#1569));
#2794=IFCFACE((#1570));
#2795=IFCFACE((#1571));
#2796=IFCFACE((#1572));
#2797=IFCFACE((#1573));
#2798=IFCFACE((#1574));
#2799=IFCFACE((#1575));
#2800=IFCFACE((#1576));
#2801=IFCFACE((#1577));
#2802=IFCFACE((#1578));
#2803=IFCFACE((#1579));
#2804=IFCFACE((#1580));
#2805=IFCFACE((#1581));
#2806=IFCFACE((#1582));
#2807=IFCFACE((#1583));
#2808=IFCFACE((#1584));
#2809=IFCFACE((#1585));
#2810=IFCFACE((#1586));
#2811=IFCFACE((#1587));
#2812=IFCFACE((#1588));
#2813=IFCFACE((#1589));
#2814=IFCFACE((#1590));
#2815=IFCFACE((#1591));
#2816=IFCFACE((#1592));
#2817=IFCFACE((#1593));
#2818=IFCFACE((#1594));
#2819=IFCFACE((#1595));
#2820=IFCFACE((#1596));
#2821=IFCFACE((#1597));
#2822=IFCFACE((#1598));
#2823=IFCFACE((#1599));
#2824=IFCFACE((#1600));
#2825=IFCFACE((#1601));
#2826=IFCFACE((#1602));
#2827=IFCFACE((#1603));
#2828=IFCFACE((#1604));
#2829=IFCFACE((#1605));
#2830=IFCFACE((#1606));
#2831=IFCFACE((#1607));
#2832=IFCFACE((#1608));
#2833=IFCFACE((#1609));
#2834=IFCFACE((#1610));
#2835=IFCFACE((#1611));
#2836=IFCFACE((#1612));
#2837=IFCFACE((#1613));
#2838=IFCFACE((#1614));
#2839=IFCFACE((#1615));
#2840=IFCFACE((#1616));
#2841=IFCFACE((#1617));
#2842=IFCFACE((#1618));
#2843=IFCFACE((#1619));
#2844=IFCFACE((#1620));
#2845=IFCFACE((#1621));
#2846=IFCFACE((#1622));
#2847=IFCFACE((#1623));
#2848=IFCFACE((#1624));
#2849=IFCFACE((#1625));
#2850=IFCFACE((#1626));
#2851=IFCFACE((#1627));
#2852=IFCFACE((#1628));
#2853=IFCFACE((#1629));
#2854=IFCFACE((#1630));
#2855=IFCFACE((#1631));
#2856=IFCFACE((#1632));
#2857=IFCFACE((#1633));
#2858=IFCFACE((#1634));
#2859=IFCFACE((#1635));
#2860=IFCFACE((#1636));
#2861=IFCFACE((#1637));
#2862=IFCFACE((#1638));
#2863=IFCFACE((#1639));
#2864=IFCFACE((#1640));
#2865=IFCFACE((#1641));
#2866=IFCFACE((#1642));
#2867=IFCFACE((#1643));
#2868=IFCFACE((#1644));
#2869=IFCFACE((#1645));
#2870=IFCFACE((#1646));
#2871=IFCFACE((#1647));
#2872=IFCFACE((#1648));
#2873=IFCFACE((#1649));
#2874=IFCFACE((#1650));
#2875=IFCFACE((#1651));
#2876=IFCFACE((#1652));
#2877=IFCFACE((#1653));
#2878=IFCFACE((#1654));
#2879=IFCFACE((#1655));
#2880=IFCFACE((#1656));
#2881=IFCFACE((#1657));
#2882=IFCFACE((#1658));
#2883=IFCFACE((#1659));
#2884=IFCFACE((#1660));
#2885=IFCFACE((#1661));
#2886=IFCFACE((#1662));
#2887=IFCFACE((#1663));
#2888=IFCFACE((#1664));
#2889=IFCFACE((#1665));
#2890=IFCFACE((#1666));
#2891=IFCFACE((#1667));
#2892=IFCFACE((#1668));
#2893=IFCFACE((#1669));
#2894=IFCFACE((#1670));
#2895=IFCFACE((#1671));
#2896=IFCFACE((#1672));
#2897=IFCFACE((#1673));
#2898=IFCFACE((#1674));
#2899=IFCFACE((#1675));
#2900=IFCFACE((#1676));
#2901=IFCFACE((#1677));
#2902=IFCFACE((#1678));
#2903=IFCFACE((#1679));
#2904=IFCFACE((#1680));
#2905=IFCFACE((#1681));
#2906=IFCFACE((#1682));
#2907=IFCFACE((#1683));
#2908=IFCFACE((#1684));
#2909=IFCFACE((#1685));
#2910=IFCFACE((#1686));
#2911=IFCFACE((#1687));
#2912=IFCFACE((#1688));
#2913=IFCFACE((#1689));
#2914=IFCFACE((#1690));
#2915=IFCFACE((#1691));
#2916=IFCFACE((#1692));
#2917=IFCFACE((#1693));
#2918=IFCFACE((#1694));
#2919=IFCFACE((#1695));
#2920=IFCFACE((#1696));
#2921=IFCFACE((#1697));
#2922=IFCFACE((#1698));
#2923=IFCFACE((#1699));
#2924=IFCFACE((#1700));
#2925=IFCFACE((#1701));
#2926=IFCFACE((#1702));
#2927=IFCFACE((#1703));
#2928=IFCFACE((#1704));
#2929=IFCFACE((#1705));
#2930=IFCFACE((#1706));
#2931=IFCFACE((#1707));
#2932=IFCFACE((#1708));
#2933=IFCFACE((#1709));
#2934=IFCFACE((#1710));
#2935=IFCFACE((#1711));
#2936=IFCFACE((#1712));
#2937=IFCFACE((#1713));
#2938=IFCFACE((#1714));
#2939=IFCFACE((#1715));
#2940=IFCFACE((#1716));
#2941=IFCFACE((#1717));
#2942=IFCFACE((#1718));
#2943=IFCFACE((#1719));
#2944=IFCFACE((#1720));
#2945=IFCFACE((#1721));
#2946=IFCFACE((#1722));
#2947=IFCFACE((#1723));
#2948=IFCFACE((#1724));
#2949=IFCFACE((#1725));
#2950=IFCFACE((#1726));
#2951=IFCFACE((#1727));
#2952=IFCFACE((#1728));
#2953=IFCFACE((#1729));
#2954=IFCFACE((#1730));
#2955=IFCFACE((#1731));
#2956=IFCFACE((#1732));
#2957=IFCFACE((#1733));
#2958=IFCFACE((#1734));
#2959=IFCFACE((#1735));
#2960=IFCFACE((#1736));
#2961=IFCFACE((#1737));
#2962=IFCFACE((#1738));
#2963=IFCFACE((#1739));
#2964=IFCFACE((#1740));
#2965=IFCFACE((#1741));
#2966=IFCFACE((#1742));
#2967=IFCFACE((#1743));
#2968=IFCFACE((#1744));
#2969=IFCFACE((#1745));
#2970=IFCFACE((#1746));
#2971=IFCFACE((#1747));
#2972=IFCFACE((#1748));
#2973=IFCFACE((#1749));
#2974=IFCFACE((#1750));
#2975=IFCFACE((#1751));
#2976=IFCFACE((#1752));
#2977=IFCFACE((#1753));
#2978=IFCFACE((#1754));
#2979=IFCFACE((#1755));
#2980=IFCFACE((#1756));
#2981=IFCFACE((#1757));
#2982=IFCFACE((#1758));
#2983=IFCFACE((#1759));
#2984=IFCFACE((#1760));
#2985=IFCFACE((#1761));
#2986=IFCFACE((#1762));
#2987=IFCFACE((#1763));
#2988=IFCFACE((#1764));
#2989=IFCFACE((#1765));
#2990=IFCFACE((#1766));
#2991=IFCFACE((#1767));
#2992=IFCFACE((#1768));
#2993=IFCFACE((#1769));
#2994=IFCFACE((#1770));
#2995=IFCFACE((#1771));
#2996=IFCFACE((#1772));
#2997=IFCFACE((#1773));
#2998=IFCFACE((#1774));
#2999=IFCFACE((#1775));
#3000=IFCFACE((#1776));
#3001=IFCFACE((#1777));
#3002=IFCFACE((#1778));
#3003=IFCFACE((#1779));
#3004=IFCFACE((#1780));
#3005=IFCFACE((#1781));
#3006=IFCFACE((#1782));
#3007=IFCFACE((#1783));
#3008=IFCFACE((#1784));
#3009=IFCFACE((#1785));
#3010=IFCFACE((#1786));
#3011=IFCFACE((#1787));
#3012=IFCFACE((#1788));
#3013=IFCFACE((#1789));
#3014=IFCFACE((#1790));
#3015=IFCFACE((#1791));
#3016=IFCFACE((#1792));
#3017=IFCFACE((#1793));
#3018=IFCFACE((#1794));
#3019=IFCFACE((#1795));
#3020=IFCFACE((#1796));
#3021=IFCFACE((#1797));
#3022=IFCFACE((#1798));
#3023=IFCFACE((#1799));
#3024=IFCFACE((#1800));
#3025=IFCFACE((#1801));
#3026=IFCFACE((#1802));
#3027=IFCFACE((#1803));
#3028=IFCFACE((#1804));
#3029=IFCFACE((#1805));
#3030=IFCFACE((#1806));
#3031=IFCFACE((#1807));
#3032=IFCFACE((#1808));
#3033=IFCFACE((#1809));
#3034=IFCFACE((#1810));
#3035=IFCFACE((#1811));
#3036=IFCFACE((#1812));
#3037=IFCFACE((#1813));
#3038=IFCFACE((#1814));
#3039=IFCFACE((#1815));
#3040=IFCFACE((#1816));
#3041=IFCFACE((#1817));
#3042=IFCFACE((#1818));
#3043=IFCFACE((#1819));
#3044=IFCFACE((#1820));
#3045=IFCFACE((#1821));
#3046=IFCFACE((#1822));
#3047=IFCFACE((#1823));
#3048=IFCFACE((#1824));
#3049=IFCFACE((#1825));
#3050=IFCFACE((#1826));
#3051=IFCFACE((#1827));
#3052=IFCFACE((#1828));
#3053=IFCFACE((#1829));
#3054=IFCFACE((#1830));
#3055=IFCFACE((#1831));
#3056=IFCFACE((#1832));
#3057=IFCFACE((#1833));
#3058=IFCFACE((#1834));
#3059=IFCFACE((#1835));
#3060=IFCFACE((#1836));
#3061=IFCFACE((#1837));
#3062=IFCFACE((#1838));
#3063=IFCFACE((#1839));
#3064=IFCFACE((#1840));
#3065=IFCFACE((#1841));
#3066=IFCFACE((#1842));
#3067=IFCFACE((#1843));
#3068=IFCFACE((#1844));
#3069=IFCFACE((#1845));
#3070=IFCFACE((#1846));
#3071=IFCFACE((#1847));
#3072=IFCFACE((#1848));
#3073=IFCFACE((#1849));
#3074=IFCFACE((#1850));
#3075=IFCFACE((#1851));
#3076=IFCFACE((#1852));
#3077=IFCFACE((#1853));
#3078=IFCFACE((#1854));
#3079=IFCFACE((#1855));
#3080=IFCFACE((#1856));
#3081=IFCFACE((#1857));
#3082=IFCFACE((#1858));
#3083=IFCFACE((#1859));
#3084=IFCFACE((#1860));
#3085=IFCFACE((#1861));
#3086=IFCFACE((#1862));
#3087=IFCFACE((#1863));
#3088=IFCFACE((#1864));
#3089=IFCFACE((#1865));
#3090=IFCFACE((#1866));
#3091=IFCFACE((#1867));
#3092=IFCFACE((#1868));
#3093=IFCFACE((#1869));
#3094=IFCFACE((#1870));
#3095=IFCFACE((#1871));
#3096=IFCFACE((#1872));
#3097=IFCFACE((#1873));
#3098=IFCFACE((#1874));
#3099=IFCFACE((#1875));
#3100=IFCFACE((#1876));
#3101=IFCFACE((#1877));
#3102=IFCFACE((#1878));
#3103=IFCFACE((#1879));
#3104=IFCFACE((#1880));
#3105=IFCFACE((#1881));
#3106=IFCFACE((#1882));
#3107=IFCFACE((#1883));
#3108=IFCFACE((#1884));
#3109=IFCFACE((#1885));
#3110=IFCFACE((#1886));
#3111=IFCFACE((#1887));
#3112=IFCFACE((#1888));
#3113=IFCFACE((#1889));
#3114=IFCFACE((#1890));
#3115=IFCFACE((#1891));
#3116=IFCFACE((#1892));
#3117=IFCFACE((#1893));
#3118=IFCFACE((#1894));
#3119=IFCFACE((#1895));
#3120=IFCFACE((#1896));
#3121=IFCFACE((#1897));
#3122=IFCFACE((#1898));
#3123=IFCFACE((#1899));
#3124=IFCFACE((#1900));
#3125=IFCFACE((#1901));
#3126=IFCFACE((#1902));
#3127=IFCFACE((#1903));
#3128=IFCFACE((#1904));
#3129=IFCFACE((#1905));
#3130=IFCFACE((#1906));
#3131=IFCFACE((#1907));
#3132=IFCFACE((#1908));
#3133=IFCFACE((#1909));
#3134=IFCFACE((#1910));
#3135=IFCFACE((#1911));
#3136=IFCFACE((#1912));
#3137=IFCFACE((#1913));
#3138=IFCFACE((#1914));
#3139=IFCFACE((#1915));
#3140=IFCFACE((#1916));
#3141=IFCFACE((#1917));
#3142=IFCFACE((#1918));
#3143=IFCFACE((#1919));
#3144=IFCFACE((#1920));
#3145=IFCFACE((#1921));
#3146=IFCFACE((#1922));
#3147=IFCFACE((#1923));
#3148=IFCFACE((#1924));
#3149=IFCFACE((#1925));
#3150=IFCFACE((#1926));
#3151=IFCFACE((#1927));
#3152=IFCFACE((#1928));
#3153=IFCFACE((#1929));
#3154=IFCFACE((#1930));
#3155=IFCFACE((#1931));
#3156=IFCFACE((#1932));
#3157=IFCFACE((#1933));
#3158=IFCFACE((#1934));
#3159=IFCFACE((#1935));
#3160=IFCFACE((#1936));
#3161=IFCFACE((#1937));
#3162=IFCFACE((#1938));
#3163=IFCFACE((#1939));
#3164=IFCFACE((#1940));
#3165=IFCFACE((#1941));
#3166=IFCFACE((#1942));
#3167=IFCFACE((#1943));
#3168=IFCFACE((#1944));
#3169=IFCFACE((#1945));
#3170=IFCFACE((#1946));
#3171=IFCFACE((#1947));
#3172=IFCFACE((#1948));
#3173=IFCFACE((#1949));
#3174=IFCFACE((#1950));
#3175=IFCFACE((#1951));
#3176=IFCFACE((#1952));
#3177=IFCFACE((#1953));
#3178=IFCFACE((#1954));
#3179=IFCFACE((#1955));
#3180=IFCFACE((#1956));
#3181=IFCFACE((#1957));
#3182=IFCFACE((#1958));
#3183=IFCFACE((#1959));
#3184=IFCFACE((#1960));
#3185=IFCFACE((#1961));
#3186=IFCFACE((#1962));
#3187=IFCFACE((#1963));
#3188=IFCFACE((#1964));
#3189=IFCFACE((#1965));
#3190=IFCFACE((#1966));
#3191=IFCFACE((#1967));
#3192=IFCFACE((#1968));
#3193=IFCFACE((#1969));
#3194=IFCFACE((#1970));
#3195=IFCFACE((#1971));
#3196=IFCFACE((#1972));
#3197=IFCFACE((#1973));
#3198=IFCFACE((#1974));
#3199=IFCFACE((#1975));
#3200=IFCFACE((#1976));
#3201=IFCFACE((#1977));
#3202=IFCFACE((#1978));
#3203=IFCFACE((#1979));
#3204=IFCFACE((#1980));
#3205=IFCFACE((#1981));
#3206=IFCFACE((#1982));
#3207=IFCFACE((#1983));
#3208=IFCFACE((#1984));
#3209=IFCFACE((#1985));
#3210=IFCFACE((#1986));
#3211=IFCFACE((#1987));
#3212=IFCFACE((#1988));
#3213=IFCFACE((#1989));
#3214=IFCFACE((#1990));
#3215=IFCFACE((#1991));
#3216=IFCFACE((#1992));
#3217=IFCFACE((#1993));
#3218=IFCFACE((#1994));
#3219=IFCFACE((#1995));
#3220=IFCFACE((#1996));
#3221=IFCFACE((#1997));
#3222=IFCFACE((#1998));
#3223=IFCFACE((#1999));
#3224=IFCFACE((#2000));
#3225=IFCFACE((#2001));
#3226=IFCFACE((#2002));
#3227=IFCFACE((#2003));
#3228=IFCFACE((#2004));
#3229=IFCFACE((#2005));
#3230=IFCFACE((#2006));
#3231=IFCFACE((#2007));
#3232=IFCFACE((#2008));
#3233=IFCFACE((#2009));
#3234=IFCFACE((#2010));
#3235=IFCFACE((#2011));
#3236=IFCFACE((#2012));
#3237=IFCFACE((#2013));
#3238=IFCFACE((#2014));
#3239=IFCFACE((#2015));
#3240=IFCFACE((#2016));
#3241=IFCFACE((#2017));
#3242=IFCFACE((#2018));
#3243=IFCFACE((#2019));
#3244=IFCFACE((#2020));
#3245=IFCFACE((#2021));
#3246=IFCFACE((#2022));
#3247=IFCFACE((#2023));
#3248=IFCFACE((#2024));
#3249=IFCFACE((#2025));
#3250=IFCFACE((#2026));
#3251=IFCFACE((#2027));
#3252=IFCFACE((#2028));
#3253=IFCFACE((#2029));
#3254=IFCFACE((#2030));
#3255=IFCFACE((#2031));
#3256=IFCFACE((#2032));
#3257=IFCFACE((#2033));
#3258=IFCFACE((#2034));
#3259=IFCFACE((#2035));
#3260=IFCFACE((#2036));
#3261=IFCFACE((#2037));
#3262=IFCFACE((#2038));
#3263=IFCFACE((#2039));
#3264=IFCFACE((#2040));
#3265=IFCFACE((#2041));
#3266=IFCFACE((#2042));
#3267=IFCFACE((#2043));
#3268=IFCFACE((#2044));
#3269=IFCFACE((#2045));
#3270=IFCFACE((#2046));
#3271=IFCFACE((#2047));
#3272=IFCFACE((#2048));
#3273=IFCFACE((#2049));
#3274=IFCFACE((#2050));
#3275=IFCFACE((#2051));
#3276=IFCFACE((#2052));
#3277=IFCFACE((#2053));
#3278=IFCFACE((#2054));
#3279=IFCFACE((#2055));
#3280=IFCFACE((#2056));
#3281=IFCFACE((#2057));
#3282=IFCFACE((#2058));
#3283=IFCFACE((#2059));
#3284=IFCFACE((#2060));
#3285=IFCFACE((#2061));
#3286=IFCFACE((#2062));
#3287=IFCFACE((#2063));
#3288=IFCFACE((#2064));
#3289=IFCFACE((#2065));
#3290=IFCFACE((#2066));
#3291=IFCFACE((#2067));
#3292=IFCFACE((#2068));
#3293=IFCFACE((#2069));
#3294=IFCFACE((#2070));
#3295=IFCFACE((#2071));
#3296=IFCFACE((#2072));
#3297=IFCFACE((#2073));
#3298=IFCFACE((#2074));
#3299=IFCFACE((#2075));
#3300=IFCFACE((#2076));
#3301=IFCFACE((#2077));
#3302=IFCFACE((#2078));
#3303=IFCFACE((#2079));
#3304=IFCFACE((#2080));
#3305=IFCFACE((#2081));
#3306=IFCFACE((#2082));
#3307=IFCFACE((#2083));
#3308=IFCFACE((#2084));
#3309=IFCFACE((#2085));
#3310=IFCFACE((#2086));
#3311=IFCFACE((#2087));
#3312=IFCFACE((#2088));
#3313=IFCFACE((#2089));
#3314=IFCFACE((#2090));
#3315=IFCFACE((#2091));
#3316=IFCFACE((#2092));
#3317=IFCFACE((#2093));
#3318=IFCFACE((#2094));
#3319=IFCFACE((#2095));
#3320=IFCFACE((#2096));
#3321=IFCFACE((#2097));
#3322=IFCFACE((#2098));
#3323=IFCFACE((#2099));
#3324=IFCFACE((#2100));
#3325=IFCFACE((#2101));
#3326=IFCFACE((#2102));
#3327=IFCFACE((#2103));
#3328=IFCFACE((#2104));
#3329=IFCFACE((#2105));
#3330=IFCFACE((#2106));
#3331=IFCFACE((#2107));
#3332=IFCFACE((#2108));
#3333=IFCFACE((#2109));
#3334=IFCFACE((#2110));
#3335=IFCFACE((#2111));
#3336=IFCFACE((#2112));
#3337=IFCFACE((#2113));
#3338=IFCFACE((#2114));
#3339=IFCFACE((#2115));
#3340=IFCFACE((#2116));
#3341=IFCFACE((#2117));
#3342=IFCFACE((#2118));
#3343=IFCFACE((#2119));
#3344=IFCFACE((#2120));
#3345=IFCFACE((#2121));
#3346=IFCFACE((#2122));
#3347=IFCFACE((#2123));
#3348=IFCFACE((#2124));
#3349=IFCFACE((#2125));
#3350=IFCFACE((#2126));
#3351=IFCFACE((#2127));
#3352=IFCFACE((#2128));
#3353=IFCFACE((#2129));
#3354=IFCFACE((#2130));
#3355=IFCFACE((#2131));
#3356=IFCFACE((#2132));
#3357=IFCFACE((#2133));
#3358=IFCFACE((#2134));
#3359=IFCFACE((#2135));
#3360=IFCFACE((#2136));
#3361=IFCFACE((#2137));
#3362=IFCFACE((#2138));
#3363=IFCFACE((#2139));
#3364=IFCFACE((#2140));
#3365=IFCFACE((#2141));
#3366=IFCFACE((#2142));
#3367=IFCFACE((#2143));
#3368=IFCFACE((#2144));
#3369=IFCFACE((#2145));
#3370=IFCFACE((#2146));
#3371=IFCFACE((#2147));
#3372=IFCFACE((#2148));
#3373=IFCFACE((#2149));
#3374=IFCFACE((#2150));
#3375=IFCFACE((#2151));
#3376=IFCFACE((#2152));
#3377=IFCFACE((#2153));
#3378=IFCFACE((#2154));
#3379=IFCFACE((#2155));
#3380=IFCFACE((#2156));
#3381=IFCFACE((#2157));
#3382=IFCFACE((#2158));
#3383=IFCFACE((#2159));
#3384=IFCFACE((#2160));
#3385=IFCFACE((#2161));
#3386=IFCFACE((#2162));
#3387=IFCFACE((#2163));
#3388=IFCFACE((#2164));
#3389=IFCFACE((#2165));
#3390=IFCFACE((#2166));
#3391=IFCFACE((#2167));
#3392=IFCFACE((#2168));
#3393=IFCFACE((#2169));
#3394=IFCFACE((#2170));
#3395=IFCFACE((#2171));
#3396=IFCFACE((#2172));
#3397=IFCFACE((#2173));
#3398=IFCFACE((#2174));
#3399=IFCFACE((#2175));
#3400=IFCFACE((#2176));
#3401=IFCFACE((#2177));
#3402=IFCFACE((#2178));
#3403=IFCFACE((#2179));
#3404=IFCFACE((#2180));
#3405=IFCFACE((#2181));
#3406=IFCFACE((#2182));
#3407=IFCFACE((#2183));
#3408=IFCFACE((#2184));
#3409=IFCFACE((#2185));
#3410=IFCFACE((#2186));
#3411=IFCFACE((#2187));
#3412=IFCFACE((#2188));
#3413=IFCFACE((#2189));
#3414=IFCFACE((#2190));
#3415=IFCFACE((#2191));
#3416=IFCFACE((#2192));
#3417=IFCFACE((#2193));
#3418=IFCFACE((#2194));
#3419=IFCFACE((#2195));
#3420=IFCFACE((#2196));
#3421=IFCFACE((#2197));
#3422=IFCFACE((#2198));
#3423=IFCFACE((#2199));
#3424=IFCFACE((#2200));
#3425=IFCFACE((#2201));
#3426=IFCFACE((#2202));
#3427=IFCFACE((#2203));
#3428=IFCFACE((#2204));
#3429=IFCFACE((#2205));
#3430=IFCFACE((#2206));
#3431=IFCFACE((#2207));
#3432=IFCFACE((#2208));
#3433=IFCFACE((#2209));
#3434=IFCFACE((#2210));
#3435=IFCFACE((#2211));
#3436=IFCFACE((#2212));
#3437=IFCFACE((#2213));
#3438=IFCFACE((#2214));
#3439=IFCFACE((#2215));
#3440=IFCFACE((#2216));
#3441=IFCFACE((#2217));
#3442=IFCFACE((#2218));
#3443=IFCFACE((#2219));
#3444=IFCFACE((#2220));
#3445=IFCFACE((#2221));
#3446=IFCFACE((#2222));
#3447=IFCFACE((#2223));
#3448=IFCFACE((#2224));
#3449=IFCFACE((#2225));
#3450=IFCFACE((#2226));
#3451=IFCFACE((#2227));
#3452=IFCFACE((#2228));
#3453=IFCFACE((#2229));
#3454=IFCFACE((#2230));
#3455=IFCFACE((#2231));
#3456=IFCFACE((#2232));
#3457=IFCFACE((#2233));
#3458=IFCFACE((#2234));
#3459=IFCFACE((#2235));
#3460=IFCFACE((#2236));
#3461=IFCFACE((#2237));
#3462=IFCFACE((#2238));
#3463=IFCFACE((#2239));
#3464=IFCFACE((#2240));
#3465=IFCFACE((#2241));
#3466=IFCFACE((#2242));
#3467=IFCFACE((#2243));
#3468=IFCFACE((#2244));
#3469=IFCFACE((#2245));
#3470=IFCFACE((#2246));
#3471=IFCFACE((#2247));
#3472=IFCFACE((#2248));
#3473=IFCFACE((#2249));
#3474=IFCFACE((#2250));
#3475=IFCFACE((#2251));
#3476=IFCFACE((#2252));
#3477=IFCFACE((#2253));
#3478=IFCFACE((#2254));
#3479=IFCFACE((#2255));
#3480=IFCFACE((#2256));
#3481=IFCFACE((#2257));
#3482=IFCFACE((#2258));
#3483=IFCFACE((#2259));
#3484=IFCFACE((#2260));
#3485=IFCFACE((#2261));
#3486=IFCFACE((#2262));
#3487=IFCFACE((#2263));
#3488=IFCFACE((#2264));
#3489=IFCFACE((#2265));
#3490=IFCFACE((#2266));
#3491=IFCFACE((#2267));
#3492=IFCFACE((#2268));
#3493=IFCFACE((#2269));
#3494=IFCFACE((#2270));
#3495=IFCFACE((#2271));
#3496=IFCFACE((#2272));
#3497=IFCFACE((#2273));
#3498=IFCFACE((#2274));
#3499=IFCFACE((#2275));
#3500=IFCFACE((#2276));
#3501=IFCFACE((#2277));
#3502=IFCFACE((#2278));
#3503=IFCFACE((#2279));
#3504=IFCFACE((#2280));
#3505=IFCFACE((#2281));
#3506=IFCFACE((#2282));
#3507=IFCFACE((#2283));
#3508=IFCFACE((#2284));
#3509=IFCFACE((#2285));
#3510=IFCFACE((#2286));
#3511=IFCFACE((#2287));
#3512=IFCFACE((#2288));
#3513=IFCFACE((#2289));
#3514=IFCFACE((#2290));
#3515=IFCFACE((#2291));
#3516=IFCFACE((#2292));
#3517=IFCFACE((#2293));
#3518=IFCFACE((#2294));
#3519=IFCFACE((#2295));
#3520=IFCFACE((#2296));
#3521=IFCFACE((#2297));
#3522=IFCFACE((#2298));
#3523=IFCFACE((#2299));
#3524=IFCFACE((#2300));
#3525=IFCFACE((#2301));
#3526=IFCFACE((#2302));
#3527=IFCFACE((#2303));
#3528=IFCFACE((#2304));
#3529=IFCFACE((#2305));
#3530=IFCFACE((#2306));
#3531=IFCFACE((#2307));
#3532=IFCFACE((#2308));
#3533=IFCFACE((#2309));
#3534=IFCFACE((#2310));
#3535=IFCFACE((#2311));
#3536=IFCFACE((#2312));
#3537=IFCFACE((#2313));
#3538=IFCFACE((#2314));
#3539=IFCFACE((#2315));
#3540=IFCFACE((#2316));
#3541=IFCFACE((#2317));
#3542=IFCFACE((#2318));
#3543=IFCFACE((#2319));
#3544=IFCFACE((#2320));
#3545=IFCFACE((#2321));
#3546=IFCFACE((#2322));
#3547=IFCFACE((#2323));
#3548=IFCFACE((#2324));
#3549=IFCFACE((#2325));
#3550=IFCFACE((#2326));
#3551=IFCFACE((#2327));
#3552=IFCFACE((#2328));
#3553=IFCFACE((#2329));
#3554=IFCFACE((#2330));
#3555=IFCFACE((#2331));
#3556=IFCFACE((#2332));
#3557=IFCFACE((#2333));
#3558=IFCFACE((#2334));
#3559=IFCFACE((#2335));
#3560=IFCFACE((#2336));
#3561=IFCFACE((#2337));
#3562=IFCFACE((#2338));
#3563=IFCFACE((#2339));
#3564=IFCFACE((#2340));
#3565=IFCFACE((#2341));
#3566=IFCFACE((#2342));
#3567=IFCFACE((#2343));
#3568=IFCFACE((#2344));
#3569=IFCFACE((#2345));
#3570=IFCFACE((#2346));
#3571=IFCFACE((#2347));
#3572=IFCFACE((#2348));
#3573=IFCFACE((#2349));
#3574=IFCFACE((#2350));
#3575=IFCFACE((#2351));
#3576=IFCFACE((#2352));
#3577=IFCFACE((#2353));
#3578=IFCFACE((#2354));
#3579=IFCFACE((#2355));
#3580=IFCFACE((#2356));
#3581=IFCFACE((#2357));
#3582=IFCFACE((#2358));
#3583=IFCFACE((#2359));
#3584=IFCFACE((#2360));
#3585=IFCFACE((#2361));
#3586=IFCFACE((#2362));
#3587=IFCFACE((#2363));
#3588=IFCFACE((#2364));
#3589=IFCFACE((#2365));
#3590=IFCFACE((#2366));
#3591=IFCFACE((#2367));
#3592=IFCFACE((#2368));
#3593=IFCFACE((#2369));
#3594=IFCFACE((#2370));
#3595=IFCFACE((#2371));
#3596=IFCFACE((#2372));
#3597=IFCFACE((#2373));
#3598=IFCFACE((#2374));
#3599=IFCFACE((#2375));
#3600=IFCFACE((#2376));
#3601=IFCFACE((#2377));
#3602=IFCFACE((#2378));
#3603=IFCFACE((#2379));
#3604=IFCFACE((#2380));
#3605=IFCFACE((#2381));
#3606=IFCFACE((#2382));
#3607=IFCFACE((#2383));
#3608=IFCFACE((#2384));
#3609=IFCFACE((#2385));
#3610=IFCFACE((#2386));
#3611=IFCFACE((#2387));
#3612=IFCFACE((#2388));
#3613=IFCFACE((#2389));
#3614=IFCFACE((#2390));
#3615=IFCFACE((#2391));
#3616=IFCFACE((#2392));
#3617=IFCFACE((#2393));
#3618=IFCFACE((#2394));
#3619=IFCFACE((#2395));
#3620=IFCFACE((#2396));
#3621=IFCFACE((#2397));
#3622=IFCFACE((#2398));
#3623=IFCFACE((#2399));
#3624=IFCFACE((#2400));
#3625=IFCFACE((#2401));
#3626=IFCFACE((#2402));
#3627=IFCFACE((#2403));
#3628=IFCFACE((#2404));
#3629=IFCFACE((#2405));
#3630=IFCFACE((#2406));
#3631=IFCFACE((#2407));
#3632=IFCFACE((#2408));
#3633=IFCFACE((#2409));
#3634=IFCFACE((#2410));
#3635=IFCFACE((#2411));
#3636=IFCFACE((#2412));
#3637=IFCFACE((#2413));
#3638=IFCFACE((#2414));
#3639=IFCFACE((#2415));
#3640=IFCFACE((#2416));
#3641=IFCFACE((#2417));
#3642=IFCFACE((#2418));
#3643=IFCFACE((#2419));
#3644=IFCFACE((#2420));
#3645=IFCFACE((#2421));
#3646=IFCFACE((#2422));
#3647=IFCFACE((#2423));
#3648=IFCFACE((#2424));
#3649=IFCFACE((#2425));
#3650=IFCFACE((#2426));
#3651=IFCFACE((#2427));
#3652=IFCFACE((#2428));
#3653=IFCFACE((#2429));
#3654=IFCFACE((#2430));
#3655=IFCFACE((#2431));
#3656=IFCFACE((#2432));
#3657=IFCFACE((#2433));
#3658=IFCFACE((#2434));
#3659=IFCFACE((#2435));
#3660=IFCFACE((#2436));
#3661=IFCFACE((#2437));
#3662=IFCFACE((#2438));
#3663=IFCFACE((#2439));
#3664=IFCFACE((#2440));
#3665=IFCFACE((#2441));
#3666=IFCFACE((#2442));
#3667=IFCFACE((#2443));
#3668=IFCFACE((#2444));
#3669=IFCFACE((#2445));
#3670=IFCFACE((#2446));
#3671=IFCFACE((#2447));
#3672=IFCFACE((#2448));
#3673=IFCFACE((#2449));
#3674=IFCFACE((#2450));
#3675=IFCFACE((#2451));
#3676=IFCFACE((#2452));
#3677=IFCFACE((#2453));
#3678=IFCFACE((#2454));
#3679=IFCFACE((#2455));
#3680=IFCFACE((#2456));
#3681=IFCFACE((#2457));
#3682=IFCFACE((#2458));
#3683=IFCFACE((#2459));
#3684=IFCFACE((#2460));
#3685=IFCFACE((#2461));
#3686=IFCFACE((#2462));
#3687=IFCFACE((#2463));
#3688=IFCFACE((#2464));
#3689=IFCFACE((#2465));
#3690=IFCFACE((#2466));
#3691=IFCFACE((#2467));
#3692=IFCFACE((#2468));
#3693=IFCFACE((#2469));
#3694=IFCFACE((#2470));
#3695=IFCFACE((#2471));
#3696=IFCFACE((#2472));
#3697=IFCFACE((#2473));
#3698=IFCCLOSEDSHELL((#2474,#2475,#2476,#2477,#2478,#2479,#2480,#2481,#2482,
#2483,#2484,#2485,#2486,#2487,#2488,#2489,#2490,#2491,#2492,#2493,#2494,
#2495,#2496,#2497,#2498,#2499,#2500,#2501,#2502,#2503,#2504,#2505,#2506,
#2507,#2508,#2509,#2510,#2511,#2512,#2513,#2514,#2515,#2516,#2517,#2518,
#2519,#2520,#2521,#2522,#2523,#2524,#2525,#2526,#2527,#2528,#2529,#2530,
#2531,#2532,#2533,#2534,#2535,#2536,#2537,#2538,#2539,#2540,#2541,#2542,
#2543,#2544,#2545,#2546,#2547,#2548,#2549,#2550,#2551,#2552,#2553,#2554,
#2555,#2556,#2557,#2558,#2559,#2560,#2561,#2562,#2563,#2564,#2565,#2566,
#2567,#2568,#2569,#2570,#2571,#2572,#2573,#2574,#2575,#2576,#2577,#2578,
#2579,#2580,#2581,#2582,#2583,#2584,#2585,#2586,#2587,#2588,#2589,#2590,
#2591,#2592,#2593,#2594,#2595,#2596,#2597,#2598,#2599,#2600,#2601,#2602,
#2603,#2604,#2605,#2606,#2607,#2608,#2609,#2610,#2611,#2612,#2613,#2614,
#2615,#2616,#2617,#2618,#2619,#2620,#2621,#2622,#2623,#2624,#2625,#2626,
#2627,#2628,#2629,#2630,#2631,#2632,#2633,#2634,#2635,#2636,#2637,#2638,
#2639,#2640,#2641,#2642,#2643,#2644,#2645,#2646,#2647,#2648,#2649,#2650,
#2651,#2652,#2653,#2654,#2655,#2656,#2657,#2658,#2659,#2660,#2661,#2662,
#2663,#2664,#2665,#2666,#2667,#2668,#2669,#2670,#2671,#2672,#2673,#2674,
#2675,#2676,#2677,#2678,#2679,#2680,#2681,#2682,#2683,#2684,#2685,#2686,
#2687,#2688,#2689,#2690,#2691,#2692,#2693,#2694,#2695,#2696,#2697,#2698,
#2699,#2700,#2701,#2702,#2703,#2704,#2705,#2706,#2707,#2708,#2709,#2710,
#2711,#2712,#2713,#2714,#2715,#2716,#2717,#2718,#2719,#2720,#2721,#2722,
#2723,#2724,#2725,#2726,#2727,#2728,#2729,#2730,#2731,#2732,#2733,#2734,
#2735,#2736,#2737,#2738,#2739,#2740,#2741,#2742,#2743,#2744,#2745,#2746,
#2747,#2748,#2749,#2750,#2751,#2752,#2753,#2754,#2755,#2756,#2757,#2758,
#2759,#2760,#2761,#2762,#2763,#2764,#2765,#2766,#2767,#2768,#2769,#2770,
#2771,#2772,#2773,#2774,#2775,#2776,#2777,#2778,#2779,#2780,#2781,#2782,
#2783,#2784,#2785,#2786,#2787,#2788,#2789,#2790,#2791,#2792,#2793,#2794,
#2795,#2796,#2797,#2798,#2799,#2800,#2801,#2802,#2803,#2804,#2805,#2806,
#2807,#2808,#2809,#2810,#2811,#2812,#2813,#2814,#2815,#2816,#2817,#2818,
#2819,#2820,#2821,#2822,#2823,#2824,#2825,#2826,#2827,#2828,#2829,#2830,
#2831,#2832,#2833,#2834,#2835,#2836,#2837,#2838,#2839,#2840,#2841,#2842,
#2843,#2844,#2845,#2846,#2847,#2848,#2849,#2850,#2851,#2852,#2853,#2854,
#2855,#2856,#2857,#2858,#2859,#2860,#2861,#2862,#2863,#2864,#2865,#2866,
#2867,#2868,#2869,#2870,#2871,#2872,#2873,#2874,#2875,#2876,#2877,#2878,
#2879,#2880,#2881,#2882,#2883,#2884,#2885,#2886,#2887,#2888,#2889,#2890,
#2891,#2892,#2893,#2894,#2895,#2896,#2897,#2898,#2899,#2900,#2901,#2902,
#2903,#2904,#2905,#2906,#2907,#2908,#2909,#2910,#2911,#2912,#2913,#2914,
#2915,#2916,#2917,#2918,#2919,#2920,#2921,#2922,#2923,#2924,#2925,#2926,
#2927,#2928,#2929,#2930,#2931,#2932,#2933,#2934,#2935,#2936,#2937,#2938,
#2939,#2940,#2941,#2942,#2943,#2944,#2945,#2946,#2947,#2948,#2949,#2950,
#2951,#2952,#2953,#2954,#2955,#2956,#2957,#2958,#2959,#2960,#2961,#2962,
#2963,#2964,#2965,#2966,#2967,#2968,#2969,#2970,#2971,#2972,#2973,#2974,
#2975,#2976,#2977,#2978,#2979,#2980,#2981,#2982,#2983,#2984,#2985,#2986,
#2987,#2988,#2989,#2990,#2991,#2992,#2993,#2994,#2995,#2996,#2997,#2998,
#2999,#3000,#3001,#3002,#3003,#3004,#3005,#3006,#3007,#3008,#3009,#3010,
#3011,#3012,#3013,#3014,#3015,#3016,#3017,#3018,#3019,#3020,#3021,#3022,
#3023,#3024,#3025,#3026,#3027,#3028,#3029,#3030,#3031,#3032,#3033,#3034,
#3035,#3036,#3037,#3038,#3039,#3040,#3041,#3042,#3043,#3044,#3045,#3046,
#3047,#3048,#3049,#3050,#3051,#3052,#3053,#3054,#3055,#3056,#3057,#3058,
#3059,#3060,#3061,#3062,#3063,#3064,#3065,#3066,#3067,#3068,#3069,#3070,
#3071,#3072,#3073,#3074,#3075,#3076,#3077,#3078,#3079,#3080,#3081,#3082,
#3083,#3084,#3085,#3086,#3087,#3088,#3089,#3090,#3091,#3092,#3093,#3094,
#3095,#3096,#3097,#3098,#3099,#3100,#3101,#3102,#3103,#3104,#3105,#3106,
#3107,#3108,#3109,#3110,#3111,#3112,#3113,#3114,#3115,#3116,#3117,#3118,
#3119,#3120,#3121,#3122,#3123,#3124,#3125,#3126,#3127,#3128,#3129,#3130,
#3131,#3132,#3133,#3134,#3135,#3136,#3137,#3138,#3139,#3140,#3141,#3142,
#3143,#3144,#3145,#3146,#3147,#3148,#3149,#3150,#3151,#3152,#3153,#3154,
#3155,#3156,#3157,#3158,#3159,#3160,#3161,#3162,#3163,#3164,#3165,#3166,
#3167,#3168,#3169,#3170,#3171,#3172,#3173,#3174,#3175,#3176,#3177,#3178,
#3179,#3180,#3181,#3182,#3183,#3184,#3185,#3186,#3187,#3188,#3189,#3190,
#3191,#3192,#3193,#3194,#3195,#3196,#3197,#3198,#3199,#3200,#3201,#3202,
#3203,#3204,#3205,#3206,#3207,#3208,#3209,#3210,#3211,#3212,#3213,#3214,
#3215,#3216,#3217,#3218,#3219,#3220,#3221,#3222,#3223,#3224,#3225,#3226,
#3227,#3228,#3229,#3230,#3231,#3232,#3233,#3234,#3235,#3236,#3237,#3238,
#3239,#3240,#3241,#3242,#3243,#3244,#3245,#3246,#3247,#3248,#3249,#3250,
#3251,#3252,#3253,#3254,#3255,#3256,#3257,#3258,#3259,#3260,#3261,#3262,
#3263,#3264,#3265,#3266,#3267,#3268,#3269,#3270,#3271,#3272,#3273,#3274,
#3275,#3276,#3277,#3278,#3279,#3280,#3281,#3282,#3283,#3284,#3285,#3286,
#3287,#3288,#3289,#3290,#3291,#3292,#3293,#3294,#3295,#3296,#3297,#3298,
#3299,#3300,#3301,#3302,#3303,#3304,#3305,#3306,#3307,#3308,#3309,#3310,
#3311,#3312,#3313,#3314,#3315,#3316,#3317,#3318,#3319,#3320,#3321,#3322,
#3323,#3324,#3325,#3326,#3327,#3328,#3329,#3330,#3331,#3332,#3333,#3334,
#3335,#3336,#3337,#3338,#3339,#3340,#3341,#3342,#3343,#3344,#3345,#3346,
#3347,#3348,#3349,#3350,#3351,#3352,#3353,#3354,#3355,#3356,#3357,#3358,
#3359,#3360,#3361,#3362,#3363,#3364,#3365,#3366,#3367,#3368,#3369,#3370,
#3371,#3372,#3373,#3374,#3375,#3376,#3377,#3378,#3379,#3380,#3381,#3382,
#3383,#3384,#3385,#3386,#3387,#3388,#3389,#3390,#3391,#3392,#3393,#3394,
#3395,#3396,#3397,#3398,#3399,#3400,#3401,#3402,#3403,#3404,#3405,#3406,
#3407,#3408,#3409,#3410,#3411,#3412,#3413,#3414,#3415,#3416,#3417,#3418,
#3419,#3420,#3421,#3422,#3423,#3424,#3425,#3426,#3427,#3428,#3429,#3430,
#3431,#3432,#3433,#3434,#3435,#3436,#3437,#3438,#3439,#3440,#3441,#3442,
#3443,#3444,#3445,#3446,#3447,#3448,#3449,#3450,#3451,#3452,#3453,#3454,
#3455,#3456,#3457,#3458,#3459,#3460,#3461,#3462,#3463,#3464,#3465,#3466,
#3467,#3468,#3469,#3470,#3471,#3472,#3473,#3474,#3475,#3476,#3477,#3478,
#3479,#3480,#3481,#3482,#3483,#3484,#3485,#3486,#3487,#3488,#3489,#3490,
#3491,#3492,#3493,#3494,#3495,#3496,#3497,#3498,#3499,#3500,#3501,#3502,
#3503,#3504,#3505,#3506,#3507,#3508,#3509,#3510,#3511,#3512,#3513,#3514,
#3515,#3516,#3517,#3518,#3519,#3520,#3521,#3522,#3523,#3524,#3525,#3526,
#3527,#3528,#3529,#3530,#3531,#3532,#3533,#3534,#3535,#3536,#3537,#3538,
#3539,#3540,#3541,#3542,#3543,#3544,#3545,#3546,#3547,#3548,#3549,#3550,
#3551,#3552,#3553,#3554,#3555,#3556,#3557,#3558,#3559,#3560,#3561,#3562,
#3563,#3564,#3565,#3566,#3567,#3568,#3569,#3570,#3571,#3572,#3573,#3574,
#3575,#3576,#3577,#3578,#3579,#3580,#3581,#3582,#3583,#3584,#3585,#3586,
#3587,#3588,#3589,#3590,#3591,#3592,#3593,#3594,#3595,#3596,#3597,#3598,
#3599,#3600,#3601,#3602,#3603,#3604,#3605,#3606,#3607,#3608,#3609,#3610,
#3611,#3612,#3613,#3614,#3615,#3616,#3617,#3618,#3619,#3620,#3621,#3622,
#3623,#3624,#3625,#3626,#3627,#3628,#3629,#3630,#3631,#3632,#3633,#3634,
#3635,#3636,#3637,#3638,#3639,#3640,#3641,#3642,#3643,#3644,#3645,#3646,
#3647,#3648,#3649,#3650,#3651,#3652,#3653,#3654,#3655,#3656,#3657,#3658,
#3659,#3660,#3661,#3662,#3663,#3664,#3665,#3666,#3667,#3668,#3669,#3670,
#3671,#3672,#3673,#3674,#3675,#3676,#3677,#3678,#3679,#3680,#3681,#3682,
#3683,#3684,#3685,#3686,#3687,#3688,#3689,#3690,#3691,#3692,#3693,#3694,
#3695,#3696,#3697));
#3699=IFCSTYLEDITEM(#3704,(#3700),'');
#3700=IFCPRESENTATIONSTYLEASSIGNMENT((#3701));
#3701=IFCSURFACESTYLE('',.BOTH.,(#3702));
#3702=IFCSURFACESTYLERENDERING(#3703,0.,$,$,$,$,$,$,.NOTDEFINED.);
#3703=IFCCOLOURRGB('',0.,0.25,0.75);
#3704=IFCFACETEDBREP(#3698);
#3705=IFCPROJECT('07hUkdHgGydfWsFJH56q5B',#4570,'Blue_4206482_JCA',' ',
' ',' ',' ',(#4565),#3706);
#3706=IFCUNITASSIGNMENT((#4566,#4567,#4568,#4569));
#3707=IFCGEOMETRICREPRESENTATIONSUBCONTEXT('Body','Model',*,*,*,*,#4565,
1.,.MODEL_VIEW.,$);
#3708=IFCAXIS2PLACEMENT3D(#3714,#3710,#3711);
#3709=IFCAXIS2PLACEMENT3D(#4564,#3712,#3713);
#3710=IFCDIRECTION((0.,0.,1.));
#3711=IFCDIRECTION((1.,0.,0.));
#3712=IFCDIRECTION((0.,0.,1.));
#3713=IFCDIRECTION((1.,0.,0.));
#3714=IFCCARTESIANPOINT((0.,0.,0.));
#3715=IFCCARTESIANPOINT((0.800000000000002,-0.765366864730182,1.84775906502258));
#3716=IFCCARTESIANPOINT((0.800000000000002,-1.4142135623731,1.4142135623731));
#3717=IFCCARTESIANPOINT((0.800000000000002,-1.84775906502258,0.765366864730183));
#3718=IFCCARTESIANPOINT((0.800000000000002,-2.00000000000001,-3.67394039744207E-16));
#3719=IFCCARTESIANPOINT((0.800000000000002,-1.84775906502258,-0.765366864730182));
#3720=IFCCARTESIANPOINT((0.800000000000002,-1.4142135623731,-1.4142135623731));
#3721=IFCCARTESIANPOINT((0.800000000000002,-0.765366864730182,-1.84775906502258));
#3722=IFCCARTESIANPOINT((0.800000000000002,2.44929359829472E-16,-2.00000000000001));
#3723=IFCCARTESIANPOINT((0.800000000000002,0.765366864730182,-1.84775906502258));
#3724=IFCCARTESIANPOINT((0.800000000000002,1.4142135623731,-1.4142135623731));
#3725=IFCCARTESIANPOINT((0.800000000000002,1.84775906502258,-0.765366864730183));
#3726=IFCCARTESIANPOINT((0.800000000000002,2.00000000000001,-3.21624529935329E-16));
#3727=IFCCARTESIANPOINT((0.800000000000002,1.84775906502258,0.765366864730182));
#3728=IFCCARTESIANPOINT((0.800000000000002,1.4142135623731,1.4142135623731));
#3729=IFCCARTESIANPOINT((0.800000000000002,0.765366864730183,1.84775906502258));
#3730=IFCCARTESIANPOINT((0.800000000000002,0.,2.00000000000001));
#3731=IFCCARTESIANPOINT((4.63044818699548,0.153073372946035,1.99413353176134));
#3732=IFCCARTESIANPOINT((4.6,-3.75727422362477E-16,2.00000000000001));
#3733=IFCCARTESIANPOINT((4.84692662705397,0.369551813004517,1.96556135938445));
#3734=IFCCARTESIANPOINT((4.71715728752538,0.282842712474619,1.97989898732234));
#3735=IFCCARTESIANPOINT((8.00000000000001,0.765366864730183,1.84775906502258));
#3736=IFCCARTESIANPOINT((8.,0.4,1.95959179422655));
#3737=IFCCARTESIANPOINT((5.,0.4,1.95959179422655));
#3738=IFCCARTESIANPOINT((4.84692662705396,-0.369551813004515,1.96556135938442));
#3739=IFCCARTESIANPOINT((5.,-0.400000000000001,1.95959179422655));
#3740=IFCCARTESIANPOINT((4.63044818699548,-0.153073372946037,1.99413353176134));
#3741=IFCCARTESIANPOINT((4.71715728752538,-0.282842712474617,1.97989898732234));
#3742=IFCCARTESIANPOINT((4.63044818699548,-0.153073372946037,-1.99413353176134));
#3743=IFCCARTESIANPOINT((4.6,6.19355283510018E-16,-2.00000000000001));
#3744=IFCCARTESIANPOINT((4.84692662705397,-0.369551813004518,-1.96556135938445));
#3745=IFCCARTESIANPOINT((4.71715728752538,-0.282842712474621,-1.97989898732234));
#3746=IFCCARTESIANPOINT((8.00000000000001,-0.765366864730182,-1.84775906502258));
#3747=IFCCARTESIANPOINT((8.,-0.4,-1.95959179422655));
#3748=IFCCARTESIANPOINT((5.,-0.400000000000014,-1.95959179422655));
#3749=IFCCARTESIANPOINT((4.84692662705396,0.369551813004513,-1.96556135938442));
#3750=IFCCARTESIANPOINT((5.,0.4,-1.95959179422655));
#3751=IFCCARTESIANPOINT((4.63044818699548,0.153073372946036,-1.99413353176134));
#3752=IFCCARTESIANPOINT((4.71715728752538,0.282842712474615,-1.97989898732234));
#3753=IFCCARTESIANPOINT((8.,0.4,-1.95959179422655));
#3754=IFCCARTESIANPOINT((8.00000000000001,0.765366864730182,-1.84775906502258));
#3755=IFCCARTESIANPOINT((8.00000000000001,-0.4,1.95959179422655));
#3756=IFCCARTESIANPOINT((8.00000000000001,-0.765366864730182,1.84775906502258));
#3757=IFCCARTESIANPOINT((8.00000000000001,1.4142135623731,1.4142135623731));
#3758=IFCCARTESIANPOINT((8.00000000000001,1.84775906502258,0.765366864730182));
#3759=IFCCARTESIANPOINT((8.00000000000001,2.00000000000001,-3.21624529935329E-16));
#3760=IFCCARTESIANPOINT((8.00000000000001,1.84775906502258,-0.765366864730183));
#3761=IFCCARTESIANPOINT((8.00000000000001,1.4142135623731,-1.4142135623731));
#3762=IFCCARTESIANPOINT((8.00000000000001,-1.4142135623731,-1.4142135623731));
#3763=IFCCARTESIANPOINT((8.00000000000001,-1.84775906502258,-0.765366864730182));
#3764=IFCCARTESIANPOINT((8.00000000000001,-2.00000000000001,-3.67394039744207E-16));
#3765=IFCCARTESIANPOINT((8.00000000000001,-1.84775906502258,0.765366864730183));
#3766=IFCCARTESIANPOINT((8.00000000000001,-1.4142135623731,1.4142135623731));
#3767=IFCCARTESIANPOINT((5.,-0.400000000000001,-2.36643191323985));
#3768=IFCCARTESIANPOINT((4.84692662705396,-0.369551813004515,-2.37137754427781));
#3769=IFCCARTESIANPOINT((4.71715728752538,-0.282842712474619,-2.3832750575626));
#3770=IFCCARTESIANPOINT((4.63044818699548,-0.153073372946037,-2.39511347173677));
#3771=IFCCARTESIANPOINT((4.6,-1.5691804436032E-17,-2.4));
#3772=IFCCARTESIANPOINT((4.63044818699548,0.153073372946036,-2.39511347173677));
#3773=IFCCARTESIANPOINT((4.71715728752538,0.282842712474619,-2.3832750575626));
#3774=IFCCARTESIANPOINT((4.84692662705397,0.369551813004515,-2.37137754427782));
#3775=IFCCARTESIANPOINT((5.,0.4,-2.36643191323985));
#3776=IFCCARTESIANPOINT((5.,0.4,2.36643191323985));
#3777=IFCCARTESIANPOINT((4.84692662705396,0.369551813004514,2.37137754427781));
#3778=IFCCARTESIANPOINT((4.71715728752538,0.282842712474618,2.38327505756259));
#3779=IFCCARTESIANPOINT((4.63044818699548,0.153073372946036,2.39511347173676));
#3780=IFCCARTESIANPOINT((4.6,3.94633181330828E-16,2.4));
#3781=IFCCARTESIANPOINT((4.63044818699548,-0.153073372946037,2.39511347173676));
#3782=IFCCARTESIANPOINT((4.71715728752538,-0.282842712474621,2.3832750575626));
#3783=IFCCARTESIANPOINT((4.84692662705397,-0.369551813004517,2.37137754427782));
#3784=IFCCARTESIANPOINT((5.,-0.400000000000001,2.36643191323984));
#3785=IFCCARTESIANPOINT((8.,1.1893315387375,-2.1989748727451));
#3786=IFCCARTESIANPOINT((8.,1.8849992065355,-1.64218695383948));
#3787=IFCCARTESIANPOINT((8.,2.34120674186826,-0.876784461444561));
#3788=IFCCARTESIANPOINT((8.,2.50000000000001,1.45859801700205E-14));
#3789=IFCCARTESIANPOINT((8.,2.34120674186825,0.876784461444589));
#3790=IFCCARTESIANPOINT((8.,1.88499920653548,1.6421869538395));
#3791=IFCCARTESIANPOINT((8.,1.18933153873748,2.19897487274511));
#3792=IFCCARTESIANPOINT((8.,0.4,2.46779253585062));
#3793=IFCCARTESIANPOINT((8.,0.4,-2.46779253585062));
#3794=IFCCARTESIANPOINT((7.93826834323651,1.9546596939642,1.70287427044788));
#3795=IFCCARTESIANPOINT((7.9,1.9603991747969,1.70787443199308));
#3796=IFCCARTESIANPOINT((7.9,1.26595513773915,2.27098163559988));
#3797=IFCCARTESIANPOINT((7.93826834323651,1.23328350137787,2.28023838784254));
#3798=IFCCARTESIANPOINT((7.93826834323651,2.42772646147583,0.909186190178692));
#3799=IFCCARTESIANPOINT((7.9,2.43485501154298,0.911855839902372));
#3800=IFCCARTESIANPOINT((7.9,1.97484176581315,1.69115345252879));
#3801=IFCCARTESIANPOINT((7.93826834323651,2.59238795325114,1.56667213924155E-14));
#3802=IFCCARTESIANPOINT((7.9,2.60000000000001,1.51694193768213E-14));
#3803=IFCCARTESIANPOINT((7.9,2.43870750512585,0.901501915939681));
#3804=IFCCARTESIANPOINT((7.93826834323651,2.42772646147584,-0.909186190178663));
#3805=IFCCARTESIANPOINT((7.9,2.43870750512585,-0.901501915939681));
#3806=IFCCARTESIANPOINT((7.9,2.43485501154299,-0.911855839902344));
#3807=IFCCARTESIANPOINT((7.93826834323651,1.95465969396422,-1.70287427044785));
#3808=IFCCARTESIANPOINT((7.9,1.97484176581315,-1.69115345252879));
#3809=IFCCARTESIANPOINT((7.9,1.96039917479692,-1.70787443199306));
#3810=IFCCARTESIANPOINT((7.93826834323651,1.23328350137789,-2.28023838784253));
#3811=IFCCARTESIANPOINT((7.9,1.26595513773915,-2.27098163559988));
#3812=IFCCARTESIANPOINT((7.9,1.236904800287,-2.2869338676549));
#3813=IFCCARTESIANPOINT((7.9,1.23690480028698,2.28693386765492));
#3814=IFCCARTESIANPOINT((7.92077427979271,0.4,2.56683855582943));
#3815=IFCCARTESIANPOINT((7.93827936400894,0.4,2.56133785899655));
#3816=IFCCARTESIANPOINT((7.9,0.39999999999999,2.56904651573304));
#3817=IFCCARTESIANPOINT((7.95204502259774,0.4,2.55425866346815));
#3818=IFCCARTESIANPOINT((7.97760419799848,0.4,2.53166313239155));
#3819=IFCCARTESIANPOINT((7.97071067811866,1.22297091458229,2.26117127451219));
#3820=IFCCARTESIANPOINT((7.99239119488705,0.4,2.50654472303896));
#3821=IFCCARTESIANPOINT((7.99238795325113,1.20753703775604,2.23263532282458));
#3822=IFCCARTESIANPOINT((7.99425295924991,0.4,2.50163500957854));
#3823=IFCCARTESIANPOINT((7.99238795325113,1.20753703775607,-2.23263532282457));
#3824=IFCCARTESIANPOINT((7.99729064549817,0.4,-2.49121136935464));
#3825=IFCCARTESIANPOINT((7.97071067811866,1.22297091458232,-2.26117127451217));
#3826=IFCCARTESIANPOINT((7.99239357415769,0.4,-2.50653890438465));
#3827=IFCCARTESIANPOINT((7.98421440496429,0.4,-2.52240644015117));
#3828=IFCCARTESIANPOINT((7.961904418499,0.4,-2.54732132300691));
#3829=IFCCARTESIANPOINT((7.93827626620528,0.4,-2.56133915807831));
#3830=IFCCARTESIANPOINT((7.9328023727388,0.4,-2.56344665370944));
#3831=IFCCARTESIANPOINT((7.9,0.39999999999999,-2.56904651573304));
#3832=IFCCARTESIANPOINT((7.97071067811866,1.9383150353944,-1.68863501508092));
#3833=IFCCARTESIANPOINT((7.97071067811866,2.40742606840165,-0.901583670977619));
#3834=IFCCARTESIANPOINT((7.97071067811866,2.57071067811866,1.5558301175167E-14));
#3835=IFCCARTESIANPOINT((7.97071067811866,2.40742606840164,0.901583670977648));
#3836=IFCCARTESIANPOINT((7.97071067811866,1.93831503539438,1.68863501508094));
#3837=IFCCARTESIANPOINT((7.99238795325113,1.91385352519,-1.6673244634427));
#3838=IFCCARTESIANPOINT((7.99238795325113,2.37704438314244,-0.89020569693056));
#3839=IFCCARTESIANPOINT((7.99238795325113,2.53826834323652,1.53414607406699E-14));
#3840=IFCCARTESIANPOINT((7.99238795325113,2.37704438314243,0.890205696930589));
#3841=IFCCARTESIANPOINT((7.99238795325113,1.91385352518998,1.66732446344272));
#3842=IFCCARTESIANPOINT((8.,-2.34120674186827,0.876784461444548));
#3843=IFCCARTESIANPOINT((8.,-2.50000000000001,-2.71045951406841E-14));
#3844=IFCCARTESIANPOINT((8.,-2.34120674186825,-0.876784461444598));
#3845=IFCCARTESIANPOINT((8.,-1.88499920653547,-1.64218695383951));
#3846=IFCCARTESIANPOINT((8.,-1.18933153873752,2.19897487274509));
#3847=IFCCARTESIANPOINT((8.,-1.88499920653551,1.64218695383947));
#3848=IFCCARTESIANPOINT((8.,-1.18933153873747,-2.19897487274511));
#3849=IFCCARTESIANPOINT((8.,-0.4,-2.46779253585062));
#3850=IFCCARTESIANPOINT((8.,-0.4,2.46779253585062));
#3851=IFCCARTESIANPOINT((7.93826834323651,-1.9546596939642,-1.70287427044788));
#3852=IFCCARTESIANPOINT((7.9,-1.96039917479689,-1.70787443199309));
#3853=IFCCARTESIANPOINT((7.9,-1.26595513773917,-2.27098163559987));
#3854=IFCCARTESIANPOINT((7.93826834323651,-1.23328350137786,-2.28023838784255));
#3855=IFCCARTESIANPOINT((7.93826834323651,-2.42772646147583,-0.909186190178701));
#3856=IFCCARTESIANPOINT((7.9,-2.43485501154298,-0.911855839902382));
#3857=IFCCARTESIANPOINT((7.9,-1.97484176581316,-1.69115345252878));
#3858=IFCCARTESIANPOINT((7.93826834323651,-2.59238795325114,-2.76471553983804E-14));
#3859=IFCCARTESIANPOINT((7.9,-2.60000000000001,-2.81887789463115E-14));
#3860=IFCCARTESIANPOINT((7.9,-2.43870750512585,-0.901501915939675));
#3861=IFCCARTESIANPOINT((7.93826834323651,-2.42772646147585,0.909186190178649));
#3862=IFCCARTESIANPOINT((7.9,-2.43870750512585,0.901501915939674));
#3863=IFCCARTESIANPOINT((7.9,-2.434855011543,0.911855839902329));
#3864=IFCCARTESIANPOINT((7.93826834323651,-1.95465969396423,1.70287427044784));
#3865=IFCCARTESIANPOINT((7.9,-1.97484176581316,1.69115345252878));
#3866=IFCCARTESIANPOINT((7.9,-1.96039917479693,1.70787443199304));
#3867=IFCCARTESIANPOINT((7.93826834323651,-1.23328350137791,2.28023838784252));
#3868=IFCCARTESIANPOINT((7.9,-1.26595513773917,2.27098163559987));
#3869=IFCCARTESIANPOINT((7.9,-1.23690480028702,2.28693386765489));
#3870=IFCCARTESIANPOINT((7.9,-1.23690480028697,-2.28693386765492));
#3871=IFCCARTESIANPOINT((7.92077427979271,-0.4,-2.56683855582943));
#3872=IFCCARTESIANPOINT((7.93827936400894,-0.4,-2.56133785899655));
#3873=IFCCARTESIANPOINT((7.9,-0.400000000000014,-2.56904651573303));
#3874=IFCCARTESIANPOINT((7.95204502259774,-0.4,-2.55425866346815));
#3875=IFCCARTESIANPOINT((7.97760419799848,-0.4,-2.53166313239155));
#3876=IFCCARTESIANPOINT((7.97071067811866,-1.22297091458229,-2.26117127451219));
#3877=IFCCARTESIANPOINT((7.99239119488705,-0.4,-2.50654472303896));
#3878=IFCCARTESIANPOINT((7.99238795325113,-1.20753703775604,-2.23263532282458));
#3879=IFCCARTESIANPOINT((7.99425295924991,-0.4,-2.50163500957854));
#3880=IFCCARTESIANPOINT((7.99238795325113,-1.20753703775609,2.23263532282456));
#3881=IFCCARTESIANPOINT((7.99729064549817,-0.4,2.49121136935464));
#3882=IFCCARTESIANPOINT((7.97071067811866,-1.22297091458233,2.26117127451216));
#3883=IFCCARTESIANPOINT((7.99239357415769,-0.4,2.50653890438465));
#3884=IFCCARTESIANPOINT((7.98421440496429,-0.4,2.52240644015117));
#3885=IFCCARTESIANPOINT((7.961904418499,-0.4,2.54732132300691));
#3886=IFCCARTESIANPOINT((7.93827626620528,-0.4,2.56133915807831));
#3887=IFCCARTESIANPOINT((7.9328023727388,-0.4,2.56344665370944));
#3888=IFCCARTESIANPOINT((7.9,-0.400000000000014,2.56904651573303));
#3889=IFCCARTESIANPOINT((7.97071067811866,-1.93831503539441,1.6886350150809));
#3890=IFCCARTESIANPOINT((7.97071067811866,-2.40742606840166,0.901583670977605));
#3891=IFCCARTESIANPOINT((7.97071067811866,-2.57071067811866,-2.74845250725075E-14));
#3892=IFCCARTESIANPOINT((7.97071067811866,-2.40742606840164,-0.901583670977656));
#3893=IFCCARTESIANPOINT((7.97071067811866,-1.93831503539437,-1.68863501508095));
#3894=IFCCARTESIANPOINT((7.99238795325113,-1.91385352519001,1.66732446344268));
#3895=IFCCARTESIANPOINT((7.99238795325113,-2.37704438314245,0.890205696930546));
#3896=IFCCARTESIANPOINT((7.99238795325113,-2.53826834323652,-2.71050543121376E-14));
#3897=IFCCARTESIANPOINT((7.99238795325113,-2.37704438314243,-0.890205696930597));
#3898=IFCCARTESIANPOINT((7.99238795325113,-1.91385352518997,-1.66732446344272));
#3899=IFCCARTESIANPOINT((7.3,-1.26595513773917,-2.27098163559987));
#3900=IFCCARTESIANPOINT((7.3,-1.23690480028702,-2.28693386765489));
#3901=IFCCARTESIANPOINT((7.3,-1.97484176581316,-1.69115345252878));
#3902=IFCCARTESIANPOINT((7.3,-1.96039917479693,-1.70787443199304));
#3903=IFCCARTESIANPOINT((7.3,-2.43870750512585,-0.901501915939675));
#3904=IFCCARTESIANPOINT((7.3,-2.434855011543,-0.911855839902329));
#3905=IFCCARTESIANPOINT((7.3,-2.43485501154298,0.911855839902382));
#3906=IFCCARTESIANPOINT((7.3,-2.43870750512585,0.901501915939674));
#3907=IFCCARTESIANPOINT((7.3,-1.96039917479689,1.70787443199309));
#3908=IFCCARTESIANPOINT((7.3,-1.97484176581316,1.69115345252878));
#3909=IFCCARTESIANPOINT((7.3,-1.23690480028697,2.28693386765492));
#3910=IFCCARTESIANPOINT((7.3,-1.26595513773917,2.27098163559987));
#3911=IFCCARTESIANPOINT((7.3,-0.400000000000014,2.56904651573303));
#3912=IFCCARTESIANPOINT((7.3,-2.60000000000001,2.81887789463115E-14));
#3913=IFCCARTESIANPOINT((7.3,-0.400000000000014,-2.56904651573303));
#3914=IFCCARTESIANPOINT((7.2671976272612,-0.4,-2.56344665370944));
#3915=IFCCARTESIANPOINT((7.26172373379472,-0.4,-2.56133915807831));
#3916=IFCCARTESIANPOINT((7.238095581501,-0.4,-2.54732132300691));
#3917=IFCCARTESIANPOINT((7.21578559503572,-0.4,-2.52240644015116));
#3918=IFCCARTESIANPOINT((7.20760642584232,-0.4,-2.50653890438465));
#3919=IFCCARTESIANPOINT((7.20270935450183,-0.4,-2.49121136935464));
#3920=IFCCARTESIANPOINT((7.2,-0.4,-2.46779253585062));
#3921=IFCCARTESIANPOINT((7.2,-0.400000000000014,-2.36643191323984));
#3922=IFCCARTESIANPOINT((7.2,-0.400000000000014,2.36643191323984));
#3923=IFCCARTESIANPOINT((7.2,-0.4,2.46779253585062));
#3924=IFCCARTESIANPOINT((7.20574704075009,-0.4,2.50163500957854));
#3925=IFCCARTESIANPOINT((7.20760880511296,-0.4,2.50654472303896));
#3926=IFCCARTESIANPOINT((7.22239580200152,-0.4,2.53166313239155));
#3927=IFCCARTESIANPOINT((7.24795497740226,-0.4,2.55425866346815));
#3928=IFCCARTESIANPOINT((7.26172063599107,-0.4,2.56133785899655));
#3929=IFCCARTESIANPOINT((7.2792257202073,-0.4,2.56683855582943));
#3930=IFCCARTESIANPOINT((7.26173165676349,-1.9546596939642,1.70287427044788));
#3931=IFCCARTESIANPOINT((7.26173165676349,-1.23328350137786,2.28023838784255));
#3932=IFCCARTESIANPOINT((7.26173165676349,-2.42772646147583,0.909186190178701));
#3933=IFCCARTESIANPOINT((7.26173165676349,-2.59238795325114,2.76471553983804E-14));
#3934=IFCCARTESIANPOINT((7.26173165676349,-2.42772646147585,-0.909186190178649));
#3935=IFCCARTESIANPOINT((7.26173165676349,-1.95465969396423,-1.70287427044784));
#3936=IFCCARTESIANPOINT((7.26173165676349,-1.23328350137791,-2.28023838784252));
#3937=IFCCARTESIANPOINT((7.20761204674887,-1.20753703775609,-2.23263532282456));
#3938=IFCCARTESIANPOINT((7.2,-1.18933153873752,-2.19897487274509));
#3939=IFCCARTESIANPOINT((7.22928932188135,-1.22297091458233,-2.26117127451216));
#3940=IFCCARTESIANPOINT((7.22928932188135,-1.22297091458229,2.26117127451219));
#3941=IFCCARTESIANPOINT((7.20761204674887,-1.20753703775604,2.23263532282458));
#3942=IFCCARTESIANPOINT((7.2,-1.18933153873747,2.19897487274511));
#3943=IFCCARTESIANPOINT((7.22928932188135,-1.93831503539441,-1.6886350150809));
#3944=IFCCARTESIANPOINT((7.22928932188135,-2.40742606840166,-0.901583670977605));
#3945=IFCCARTESIANPOINT((7.22928932188135,-2.57071067811866,2.74845250725075E-14));
#3946=IFCCARTESIANPOINT((7.22928932188135,-2.40742606840164,0.901583670977656));
#3947=IFCCARTESIANPOINT((7.22928932188135,-1.93831503539437,1.68863501508095));
#3948=IFCCARTESIANPOINT((7.20761204674887,-1.91385352519001,-1.66732446344268));
#3949=IFCCARTESIANPOINT((7.20761204674887,-2.37704438314245,-0.890205696930546));
#3950=IFCCARTESIANPOINT((7.20761204674887,-2.53826834323652,2.71050543121376E-14));
#3951=IFCCARTESIANPOINT((7.20761204674887,-2.37704438314243,0.890205696930597));
#3952=IFCCARTESIANPOINT((7.20761204674887,-1.91385352518997,1.66732446344272));
#3953=IFCCARTESIANPOINT((7.2,-1.88499920653551,-1.64218695383947));
#3954=IFCCARTESIANPOINT((7.2,-2.34120674186827,-0.876784461444548));
#3955=IFCCARTESIANPOINT((7.2,-2.50000000000001,2.71045951406841E-14));
#3956=IFCCARTESIANPOINT((7.2,-2.34120674186825,0.876784461444598));
#3957=IFCCARTESIANPOINT((7.2,-1.88499920653547,1.64218695383951));
#3958=IFCCARTESIANPOINT((7.2,-1.69705627484771,-1.69705627484771));
#3959=IFCCARTESIANPOINT((7.2,-0.918440237676215,-2.21731087802709));
#3960=IFCCARTESIANPOINT((7.2,-2.21731087802709,-0.918440237676215));
#3961=IFCCARTESIANPOINT((7.2,-2.4,-4.40872847693047E-16));
#3962=IFCCARTESIANPOINT((7.2,-0.918440237676215,2.21731087802709));
#3963=IFCCARTESIANPOINT((7.2,-2.21731087802709,0.918440237676216));
#3964=IFCCARTESIANPOINT((7.2,-1.69705627484771,1.69705627484771));
#3965=IFCCARTESIANPOINT((7.3,1.26595513773915,2.27098163559988));
#3966=IFCCARTESIANPOINT((7.3,1.236904800287,2.2869338676549));
#3967=IFCCARTESIANPOINT((7.3,1.97484176581315,1.69115345252879));
#3968=IFCCARTESIANPOINT((7.3,1.96039917479692,1.70787443199306));
#3969=IFCCARTESIANPOINT((7.3,2.43870750512585,0.901501915939681));
#3970=IFCCARTESIANPOINT((7.3,2.43485501154299,0.911855839902343));
#3971=IFCCARTESIANPOINT((7.3,2.43485501154298,-0.911855839902373));
#3972=IFCCARTESIANPOINT((7.3,2.43870750512585,-0.901501915939681));
#3973=IFCCARTESIANPOINT((7.3,1.9603991747969,-1.70787443199308));
#3974=IFCCARTESIANPOINT((7.3,1.97484176581315,-1.69115345252879));
#3975=IFCCARTESIANPOINT((7.3,1.23690480028698,-2.28693386765492));
#3976=IFCCARTESIANPOINT((7.3,1.26595513773915,-2.27098163559988));
#3977=IFCCARTESIANPOINT((7.3,0.39999999999999,-2.56904651573304));
#3978=IFCCARTESIANPOINT((7.3,2.60000000000001,-1.57467353496264E-14));
#3979=IFCCARTESIANPOINT((7.3,0.39999999999999,2.56904651573304));
#3980=IFCCARTESIANPOINT((7.2,0.39999999999999,-2.36643191323985));
#3981=IFCCARTESIANPOINT((7.2,0.4,-2.46779253585062));
#3982=IFCCARTESIANPOINT((7.20574704075009,0.4,-2.50163500957854));
#3983=IFCCARTESIANPOINT((7.20760880511296,0.4,-2.50654472303896));
#3984=IFCCARTESIANPOINT((7.22239580200152,0.4,-2.53166313239155));
#3985=IFCCARTESIANPOINT((7.24795497740226,0.4,-2.55425866346815));
#3986=IFCCARTESIANPOINT((7.26172063599107,0.4,-2.56133785899655));
#3987=IFCCARTESIANPOINT((7.2792257202073,0.4,-2.56683855582943));
#3988=IFCCARTESIANPOINT((7.2671976272612,0.4,2.56344665370944));
#3989=IFCCARTESIANPOINT((7.26172373379472,0.4,2.56133915807831));
#3990=IFCCARTESIANPOINT((7.238095581501,0.4,2.54732132300691));
#3991=IFCCARTESIANPOINT((7.21578559503572,0.4,2.52240644015116));
#3992=IFCCARTESIANPOINT((7.20760642584232,0.4,2.50653890438465));
#3993=IFCCARTESIANPOINT((7.20270935450183,0.4,2.49121136935464));
#3994=IFCCARTESIANPOINT((7.2,0.4,2.46779253585062));
#3995=IFCCARTESIANPOINT((7.2,0.39999999999999,2.36643191323985));
#3996=IFCCARTESIANPOINT((7.26173165676349,1.9546596939642,-1.70287427044788));
#3997=IFCCARTESIANPOINT((7.26173165676349,1.23328350137787,-2.28023838784255));
#3998=IFCCARTESIANPOINT((7.26173165676349,2.42772646147583,-0.909186190178693));
#3999=IFCCARTESIANPOINT((7.26173165676349,2.59238795325114,-1.58293517182884E-14));
#4000=IFCCARTESIANPOINT((7.26173165676349,2.42772646147585,0.909186190178663));
#4001=IFCCARTESIANPOINT((7.26173165676349,1.95465969396422,1.70287427044785));
#4002=IFCCARTESIANPOINT((7.26173165676349,1.23328350137789,2.28023838784253));
#4003=IFCCARTESIANPOINT((7.20761204674887,1.20753703775607,2.23263532282457));
#4004=IFCCARTESIANPOINT((7.2,1.1893315387375,2.1989748727451));
#4005=IFCCARTESIANPOINT((7.22928932188135,1.22297091458232,2.26117127451217));
#4006=IFCCARTESIANPOINT((7.22928932188135,1.22297091458229,-2.26117127451219));
#4007=IFCCARTESIANPOINT((7.20761204674887,1.20753703775604,-2.23263532282458));
#4008=IFCCARTESIANPOINT((7.2,1.18933153873748,-2.19897487274511));
#4009=IFCCARTESIANPOINT((7.22928932188135,1.9383150353944,1.68863501508092));
#4010=IFCCARTESIANPOINT((7.22928932188135,2.40742606840165,0.901583670977619));
#4011=IFCCARTESIANPOINT((7.22928932188135,2.57071067811866,-1.56667213924155E-14));
#4012=IFCCARTESIANPOINT((7.22928932188135,2.40742606840164,-0.901583670977648));
#4013=IFCCARTESIANPOINT((7.22928932188135,1.93831503539438,-1.68863501508094));
#4014=IFCCARTESIANPOINT((7.20761204674887,1.91385352519,1.6673244634427));
#4015=IFCCARTESIANPOINT((7.20761204674887,2.37704438314244,0.89020569693056));
#4016=IFCCARTESIANPOINT((7.20761204674887,2.53826834323652,-1.55040910665427E-14));
#4017=IFCCARTESIANPOINT((7.20761204674887,2.37704438314243,-0.890205696930589));
#4018=IFCCARTESIANPOINT((7.20761204674887,1.91385352518998,-1.66732446344272));
#4019=IFCCARTESIANPOINT((7.2,1.8849992065355,1.64218695383948));
#4020=IFCCARTESIANPOINT((7.2,2.34120674186826,0.876784461444561));
#4021=IFCCARTESIANPOINT((7.2,2.50000000000001,-1.51410916823331E-14));
#4022=IFCCARTESIANPOINT((7.2,2.34120674186825,-0.876784461444589));
#4023=IFCCARTESIANPOINT((7.2,1.88499920653548,-1.6421869538395));
#4024=IFCCARTESIANPOINT((7.2,1.69705627484771,1.69705627484771));
#4025=IFCCARTESIANPOINT((7.2,0.918440237676216,2.21731087802709));
#4026=IFCCARTESIANPOINT((7.2,2.21731087802709,0.918440237676215));
#4027=IFCCARTESIANPOINT((7.2,2.4,-3.85949435922393E-16));
#4028=IFCCARTESIANPOINT((7.2,2.21731087802709,-0.918440237676216));
#4029=IFCCARTESIANPOINT((7.2,1.69705627484771,-1.69705627484771));
#4030=IFCCARTESIANPOINT((7.2,0.918440237676215,-2.21731087802709));
#4031=IFCCARTESIANPOINT((0.800000000000002,0.918440237676215,-2.21731087802709));
#4032=IFCCARTESIANPOINT((0.800000000000002,-0.918440237676215,-2.21731087802709));
#4033=IFCCARTESIANPOINT((0.800000000000002,2.93915231795365E-16,-2.4));
#4034=IFCCARTESIANPOINT((0.800000000000002,-0.918440237676215,2.21731087802709));
#4035=IFCCARTESIANPOINT((0.800000000000002,0.918440237676216,2.21731087802709));
#4036=IFCCARTESIANPOINT((0.800000000000002,0.,2.4));
#4037=IFCCARTESIANPOINT((0.800000000000002,-1.69705627484771,1.69705627484771));
#4038=IFCCARTESIANPOINT((0.800000000000002,-2.21731087802709,0.918440237676216));
#4039=IFCCARTESIANPOINT((0.800000000000002,-2.4,-4.40872847693047E-16));
#4040=IFCCARTESIANPOINT((0.800000000000002,-2.21731087802709,-0.918440237676215));
#4041=IFCCARTESIANPOINT((0.800000000000002,-1.69705627484771,-1.69705627484771));
#4042=IFCCARTESIANPOINT((0.800000000000002,1.69705627484771,-1.69705627484771));
#4043=IFCCARTESIANPOINT((0.800000000000002,2.21731087802709,-0.918440237676216));
#4044=IFCCARTESIANPOINT((0.800000000000002,2.4,-3.85949435922393E-16));
#4045=IFCCARTESIANPOINT((0.800000000000002,2.21731087802709,0.918440237676215));
#4046=IFCCARTESIANPOINT((0.800000000000002,1.69705627484771,1.69705627484771));
#4047=IFCCARTESIANPOINT((0.800000000000002,2.86402655078499,-1.18631864033178));
#4048=IFCCARTESIANPOINT((0.800000000000002,3.1,-4.98518021399757E-16));
#4049=IFCCARTESIANPOINT((0.800000000000002,-2.1920310216783,2.1920310216783));
#4050=IFCCARTESIANPOINT((0.800000000000002,-2.86402655078499,1.18631864033178));
#4051=IFCCARTESIANPOINT((0.800000000000002,2.86402655078499,1.18631864033178));
#4052=IFCCARTESIANPOINT((0.800000000000002,-3.1,-5.69460761603519E-16));
#4053=IFCCARTESIANPOINT((0.800000000000002,2.1920310216783,2.1920310216783));
#4054=IFCCARTESIANPOINT((0.800000000000002,-2.86402655078499,-1.18631864033178));
#4055=IFCCARTESIANPOINT((0.800000000000002,1.18631864033178,2.86402655078499));
#4056=IFCCARTESIANPOINT((0.800000000000002,0.,3.1));
#4057=IFCCARTESIANPOINT((0.800000000000002,-1.18631864033178,2.86402655078499));
#4058=IFCCARTESIANPOINT((0.800000000000002,-2.1920310216783,-2.1920310216783));
#4059=IFCCARTESIANPOINT((0.800000000000002,-1.18631864033178,-2.86402655078499));
#4060=IFCCARTESIANPOINT((0.800000000000002,3.79640507735679E-16,-3.1));
#4061=IFCCARTESIANPOINT((0.800000000000002,1.18631864033178,-2.86402655078499));
#4062=IFCCARTESIANPOINT((0.800000000000002,2.1920310216783,-2.1920310216783));
#4063=IFCCARTESIANPOINT((0.000974859909207149,-1.18631864033178,2.86402655078499));
#4064=IFCCARTESIANPOINT((0.000974859909207149,1.13892152320704E-15,3.1));
#4065=IFCCARTESIANPOINT((0.000974859909207149,-2.1920310216783,2.1920310216783));
#4066=IFCCARTESIANPOINT((0.000974859909207149,-2.86402655078499,1.18631864033178));
#4067=IFCCARTESIANPOINT((0.000974859909207149,-3.1,5.69460761603519E-16));
#4068=IFCCARTESIANPOINT((0.000974859909207149,-2.86402655078499,-1.18631864033178));
#4069=IFCCARTESIANPOINT((0.000974859909207149,-2.1920310216783,-2.1920310216783));
#4070=IFCCARTESIANPOINT((0.000974859909207149,-1.18631864033177,-2.86402655078499));
#4071=IFCCARTESIANPOINT((0.000974859909207149,0.,-3.1));
#4072=IFCCARTESIANPOINT((0.000974859909207149,1.18631864033178,-2.86402655078499));
#4073=IFCCARTESIANPOINT((0.000974859909207149,2.1920310216783,-2.1920310216783));
#4074=IFCCARTESIANPOINT((0.000974859909207149,2.86402655078499,-1.18631864033178));
#4075=IFCCARTESIANPOINT((0.000974859909207149,3.1,-1.8982025386784E-16));
#4076=IFCCARTESIANPOINT((0.000974859909207149,2.86402655078499,1.18631864033178));
#4077=IFCCARTESIANPOINT((0.000974859909207149,2.1920310216783,2.1920310216783));
#4078=IFCCARTESIANPOINT((0.000974859909207149,1.18631864033178,2.86402655078499));
#4079=IFCCARTESIANPOINT((-1.05879118406788E-18,1.4142135623731,-1.4142135623731));
#4080=IFCCARTESIANPOINT((0.,1.78605710994918,-0.899999999999999));
#4081=IFCCARTESIANPOINT((0.000298771262425677,2.15638586616801,-0.900002357268575));
#4082=IFCCARTESIANPOINT((0.000321319549292429,2.18630892753907,-0.895418081857296));
#4083=IFCCARTESIANPOINT((0.000339230478165625,2.2134898893568,-0.882092206906517));
#4084=IFCCARTESIANPOINT((0.000350599478183474,2.23543793189619,-0.861243536511748));
#4085=IFCCARTESIANPOINT((0.00035449451243896,2.25014177247112,-0.834782608695539));
#4086=IFCCARTESIANPOINT((0.000339230478165625,2.2134898893568,0.882092206906518));
#4087=IFCCARTESIANPOINT((0.000321319549292429,2.18630892753907,0.895418081857298));
#4088=IFCCARTESIANPOINT((0.000350599478183474,2.23543793189619,0.86124353651175));
#4089=IFCCARTESIANPOINT((0.00035449451243896,2.25014177247112,0.83478260869554));
#4090=IFCCARTESIANPOINT((0.000354494512438957,2.4,-1.46957615897682E-16));
#4091=IFCCARTESIANPOINT((0.000298771262425677,2.15638586616801,0.900002357268577));
#4092=IFCCARTESIANPOINT((0.,1.78605710994918,0.9));
#4093=IFCCARTESIANPOINT((-1.05879118406788E-18,1.4142135623731,1.4142135623731));
#4094=IFCCARTESIANPOINT((0.,0.9,1.78605710994918));
#4095=IFCCARTESIANPOINT((0.000298771262425678,0.900002357268577,2.15638586616801));
#4096=IFCCARTESIANPOINT((0.000321319549292429,0.895418081857298,2.18630892753907));
#4097=IFCCARTESIANPOINT((0.000339230478165625,0.882092206906518,2.2134898893568));
#4098=IFCCARTESIANPOINT((0.000350599478183474,0.86124353651175,2.23543793189619));
#4099=IFCCARTESIANPOINT((0.00035449451243896,0.83478260869554,2.25014177247112));
#4100=IFCCARTESIANPOINT((0.000339230478165625,-0.88209220690652,2.2134898893568));
#4101=IFCCARTESIANPOINT((0.000321319549292429,-0.895418081857298,2.18630892753907));
#4102=IFCCARTESIANPOINT((0.000350599478183474,-0.861243536511751,2.23543793189619));
#4103=IFCCARTESIANPOINT((0.00035449451243896,-0.834782608695541,2.25014177247112));
#4104=IFCCARTESIANPOINT((0.000354494512438957,2.93915231795365E-16,2.4));
#4105=IFCCARTESIANPOINT((0.000298771262425677,-0.900002357268578,2.15638586616801));
#4106=IFCCARTESIANPOINT((0.,-0.900000000000002,1.78605710994918));
#4107=IFCCARTESIANPOINT((-1.05879118406788E-18,-1.4142135623731,1.4142135623731));
#4108=IFCCARTESIANPOINT((0.,-1.78605710994918,0.9));
#4109=IFCCARTESIANPOINT((0.000298771262425677,-2.15638586616801,0.900002357268576));
#4110=IFCCARTESIANPOINT((0.000321319549292428,-2.18630892753907,0.895418081857297));
#4111=IFCCARTESIANPOINT((0.000339230478165625,-2.2134898893568,0.882092206906519));
#4112=IFCCARTESIANPOINT((0.000350599478183474,-2.23543793189619,0.861243536511749));
#4113=IFCCARTESIANPOINT((0.00035449451243896,-2.25014177247112,0.834782608695537));
#4114=IFCCARTESIANPOINT((0.000339230478165625,-2.2134898893568,-0.882092206906517));
#4115=IFCCARTESIANPOINT((0.000321319549292429,-2.18630892753907,-0.895418081857296));
#4116=IFCCARTESIANPOINT((0.000350599478183474,-2.23543793189619,-0.861243536511748));
#4117=IFCCARTESIANPOINT((0.00035449451243896,-2.25014177247112,-0.83478260869554));
#4118=IFCCARTESIANPOINT((0.000354494512438957,-2.4,4.40872847693047E-16));
#4119=IFCCARTESIANPOINT((0.000298771262425677,-2.15638586616801,-0.900002357268575));
#4120=IFCCARTESIANPOINT((0.,-1.78605710994919,-0.899999999999999));
#4121=IFCCARTESIANPOINT((-1.05879118406788E-18,-1.4142135623731,-1.4142135623731));
#4122=IFCCARTESIANPOINT((0.,-0.900000000000002,-1.78605710994918));
#4123=IFCCARTESIANPOINT((0.000298771262425677,-0.900002357268579,-2.15638586616801));
#4124=IFCCARTESIANPOINT((0.000321319549292429,-0.895418081857299,-2.18630892753907));
#4125=IFCCARTESIANPOINT((0.000339230478165625,-0.88209220690652,-2.2134898893568));
#4126=IFCCARTESIANPOINT((0.000350599478183474,-0.861243536511751,-2.23543793189619));
#4127=IFCCARTESIANPOINT((0.00035449451243896,-0.834782608695543,-2.25014177247112));
#4128=IFCCARTESIANPOINT((0.000339230478165625,0.882092206906519,-2.2134898893568));
#4129=IFCCARTESIANPOINT((0.000321319549292429,0.895418081857298,-2.18630892753907));
#4130=IFCCARTESIANPOINT((0.000350599478183475,0.861243536511751,-2.23543793189619));
#4131=IFCCARTESIANPOINT((0.00035449451243896,0.834782608695542,-2.25014177247112));
#4132=IFCCARTESIANPOINT((0.000354494512438957,0.,-2.4));
#4133=IFCCARTESIANPOINT((0.000298771262425677,0.900002357268577,-2.15638586616801));
#4134=IFCCARTESIANPOINT((0.,0.900000000000001,-1.78605710994918));
#4135=IFCCARTESIANPOINT((-7.2,0.834782608695653,-2.25014177247108));
#4136=IFCCARTESIANPOINT((-7.2,0.861243536511751,-2.23543793189619));
#4137=IFCCARTESIANPOINT((-7.2,0.882092206906519,-2.2134898893568));
#4138=IFCCARTESIANPOINT((-7.2,0.895418081857298,-2.18630892753907));
#4139=IFCCARTESIANPOINT((-7.2,0.900000000000001,-2.15638586528478));
#4140=IFCCARTESIANPOINT((-7.2,2.15638586528478,-0.899999999999999));
#4141=IFCCARTESIANPOINT((-7.2,2.18630892753907,-0.895418081857296));
#4142=IFCCARTESIANPOINT((-7.2,2.2134898893568,-0.882092206906517));
#4143=IFCCARTESIANPOINT((-7.2,2.23543793189619,-0.861243536511748));
#4144=IFCCARTESIANPOINT((-7.2,2.25014177247108,-0.834782608695651));
#4145=IFCCARTESIANPOINT((-7.2,2.25014177247108,0.834782608695652));
#4146=IFCCARTESIANPOINT((-7.2,2.23543793189619,0.86124353651175));
#4147=IFCCARTESIANPOINT((-7.2,2.2134898893568,0.882092206906518));
#4148=IFCCARTESIANPOINT((-7.2,2.18630892753907,0.895418081857298));
#4149=IFCCARTESIANPOINT((-7.2,2.15638586528478,0.9));
#4150=IFCCARTESIANPOINT((-7.2,-0.834782608695654,2.25014177247108));
#4151=IFCCARTESIANPOINT((-7.2,-0.861243536511751,2.23543793189619));
#4152=IFCCARTESIANPOINT((-7.2,-0.88209220690652,2.2134898893568));
#4153=IFCCARTESIANPOINT((-7.2,-0.895418081857299,2.18630892753907));
#4154=IFCCARTESIANPOINT((-7.2,-0.900000000000001,2.15638586528478));
#4155=IFCCARTESIANPOINT((-7.2,0.9,2.15638586528478));
#4156=IFCCARTESIANPOINT((-7.2,0.895418081857298,2.18630892753907));
#4157=IFCCARTESIANPOINT((-7.2,0.882092206906518,2.2134898893568));
#4158=IFCCARTESIANPOINT((-7.2,0.86124353651175,2.23543793189619));
#4159=IFCCARTESIANPOINT((-7.2,0.834782608695652,2.25014177247108));
#4160=IFCCARTESIANPOINT((-7.2,-2.15638586528478,0.899999999999999));
#4161=IFCCARTESIANPOINT((-7.2,-2.18630892753907,0.895418081857297));
#4162=IFCCARTESIANPOINT((-7.2,-2.2134898893568,0.882092206906518));
#4163=IFCCARTESIANPOINT((-7.2,-2.23543793189619,0.861243536511749));
#4164=IFCCARTESIANPOINT((-7.2,-2.25014177247108,0.834782608695652));
#4165=IFCCARTESIANPOINT((-7.2,-2.25014177247108,-0.834782608695651));
#4166=IFCCARTESIANPOINT((-7.2,-2.23543793189619,-0.861243536511748));
#4167=IFCCARTESIANPOINT((-7.2,-2.2134898893568,-0.882092206906517));
#4168=IFCCARTESIANPOINT((-7.2,-2.18630892753907,-0.895418081857296));
#4169=IFCCARTESIANPOINT((-7.2,-2.15638586528478,-0.899999999999999));
#4170=IFCCARTESIANPOINT((-7.2,-0.900000000000002,-2.15638586528478));
#4171=IFCCARTESIANPOINT((-7.2,-0.895418081857299,-2.18630892753907));
#4172=IFCCARTESIANPOINT((-7.2,-0.88209220690652,-2.2134898893568));
#4173=IFCCARTESIANPOINT((-7.2,-0.861243536511751,-2.23543793189619));
#4174=IFCCARTESIANPOINT((-7.2,-0.834782608695654,-2.25014177247108));
#4175=IFCCARTESIANPOINT((0.,0.900000000000001,-1.4));
#4176=IFCCARTESIANPOINT((0.,0.938060233744357,-1.20865828381745));
#4177=IFCCARTESIANPOINT((0.,1.04644660940673,-1.04644660940673));
#4178=IFCCARTESIANPOINT((0.,1.20865828381746,-0.938060233744356));
#4179=IFCCARTESIANPOINT((0.,1.4,-0.899999999999999));
#4180=IFCCARTESIANPOINT((-7.2,0.900000000000001,-1.4));
#4181=IFCCARTESIANPOINT((-7.2,1.4,-0.899999999999999));
#4182=IFCCARTESIANPOINT((-7.2,0.938060233744357,-1.20865828381745));
#4183=IFCCARTESIANPOINT((-7.2,1.04644660940673,-1.04644660940673));
#4184=IFCCARTESIANPOINT((-7.2,1.20865828381746,-0.938060233744355));
#4185=IFCCARTESIANPOINT((-7.93910362600903,1.4,-0.406146745892071));
#4186=IFCCARTESIANPOINT((-8.,1.4,-0.099999999999999));
#4187=IFCCARTESIANPOINT((-8.,1.59687194226713,-0.0999999999999987));
#4188=IFCCARTESIANPOINT((-7.99998782032468,1.60049614818547,-0.104414445850113));
#4189=IFCCARTESIANPOINT((-7.76568542494924,1.4,-0.665685424949237));
#4190=IFCCARTESIANPOINT((-7.92826185635295,1.84909898754911,-0.431111263144821));
#4191=IFCCARTESIANPOINT((-7.79844933936282,1.98585531852117,-0.63090336994241));
#4192=IFCCARTESIANPOINT((-7.93954105737808,1.83053474388337,-0.405088551822563));
#4193=IFCCARTESIANPOINT((-7.50614674589207,1.4,-0.839103626009028));
#4194=IFCCARTESIANPOINT((-7.76640188023007,2.00824330209502,-0.664968061108093));
#4195=IFCCARTESIANPOINT((-7.63051389871312,2.07845935758718,-0.774283162339699));
#4196=IFCCARTESIANPOINT((-7.50711072997544,2.11874890768059,-0.838703593827693));
#4197=IFCCARTESIANPOINT((-7.42856223508086,2.13599353337895,-0.866654618909218));
#4198=IFCCARTESIANPOINT((-7.50614674589207,1.1853542504,-0.881799320209945));
#4199=IFCCARTESIANPOINT((-7.50614674589207,1.00338637040804,-1.00338637040804));
#4200=IFCCARTESIANPOINT((-7.50614674589207,0.881799320209947,-1.1853542504));
#4201=IFCCARTESIANPOINT((-7.50614674589207,0.83910362600903,-1.4));
#4202=IFCCARTESIANPOINT((-7.76568542494924,1.11898997798386,-0.721581793685877));
#4203=IFCCARTESIANPOINT((-7.76568542494924,0.880761184457489,-0.880761184457487));
#4204=IFCCARTESIANPOINT((-7.76568542494924,0.721581793685878,-1.11898997798386));
#4205=IFCCARTESIANPOINT((-7.76568542494924,0.665685424949239,-1.4));
#4206=IFCCARTESIANPOINT((-7.93910362600903,1.01966882545076,-0.481799320209945));
#4207=IFCCARTESIANPOINT((-7.93910362600903,0.697239624515968,-0.697239624515966));
#4208=IFCCARTESIANPOINT((-7.93910362600903,0.481799320209947,-1.01966882545076));
#4209=IFCCARTESIANPOINT((-7.93910362600903,0.406146745892073,-1.4));
#4210=IFCCARTESIANPOINT((-8.,0.902511537925385,-0.198956607735326));
#4211=IFCCARTESIANPOINT((-8.,0.48076118445749,-0.480761184457487));
#4212=IFCCARTESIANPOINT((-8.,0.198956607735328,-0.902511537925382));
#4213=IFCCARTESIANPOINT((-8.,0.100000000000001,-1.4));
#4214=IFCCARTESIANPOINT((-7.42856223508086,0.86665461890922,-2.13599353337895));
#4215=IFCCARTESIANPOINT((-7.50711072997544,0.838703593827695,-2.11874890768059));
#4216=IFCCARTESIANPOINT((-7.63051389871312,0.774283162339701,-2.07845935758718));
#4217=IFCCARTESIANPOINT((-7.76640188023007,0.664968061108095,-2.00824330209502));
#4218=IFCCARTESIANPOINT((-7.92826185635295,0.431111263144823,-1.84909898754911));
#4219=IFCCARTESIANPOINT((-7.93954105737807,0.405088551822566,-1.83053474388337));
#4220=IFCCARTESIANPOINT((-7.79844933936282,0.630903369942412,-1.98585531852117));
#4221=IFCCARTESIANPOINT((-7.99998782032468,0.104414445850112,-1.60049614818547));
#4222=IFCCARTESIANPOINT((-8.,0.100000000000001,-1.59687194226713));
#4223=IFCCARTESIANPOINT((0.,-1.4,-0.899999999999999));
#4224=IFCCARTESIANPOINT((0.,-1.20865828381746,-0.938060233744356));
#4225=IFCCARTESIANPOINT((0.,-1.04644660940673,-1.04644660940673));
#4226=IFCCARTESIANPOINT((0.,-0.938060233744358,-1.20865828381745));
#4227=IFCCARTESIANPOINT((0.,-0.900000000000002,-1.4));
#4228=IFCCARTESIANPOINT((-7.2,-1.4,-0.899999999999999));
#4229=IFCCARTESIANPOINT((-7.2,-0.900000000000002,-1.4));
#4230=IFCCARTESIANPOINT((-7.93910362600903,-0.406146745892073,-1.4));
#4231=IFCCARTESIANPOINT((-8.,-0.100000000000002,-1.4));
#4232=IFCCARTESIANPOINT((-8.,-0.100000000000002,-1.59687194226713));
#4233=IFCCARTESIANPOINT((-7.99998782032468,-0.104414445850114,-1.60049614818547));
#4234=IFCCARTESIANPOINT((-7.76568542494924,-0.66568542494924,-1.4));
#4235=IFCCARTESIANPOINT((-7.92826185635295,-0.431111263144824,-1.84909898754911));
#4236=IFCCARTESIANPOINT((-7.79844933936282,-0.630903369942413,-1.98585531852117));
#4237=IFCCARTESIANPOINT((-7.93954105737808,-0.405088551822566,-1.83053474388337));
#4238=IFCCARTESIANPOINT((-7.50614674589207,-0.839103626009031,-1.4));
#4239=IFCCARTESIANPOINT((-7.76640188023007,-0.664968061108096,-2.00824330209502));
#4240=IFCCARTESIANPOINT((-7.63051389871312,-0.774283162339701,-2.07845935758718));
#4241=IFCCARTESIANPOINT((-7.50711072997544,-0.838703593827696,-2.11874890768059));
#4242=IFCCARTESIANPOINT((-7.42856223508086,-0.866654618909221,-2.13599353337895));
#4243=IFCCARTESIANPOINT((-7.2,-0.938060233744358,-1.20865828381745));
#4244=IFCCARTESIANPOINT((-7.50614674589207,-0.881799320209948,-1.1853542504));
#4245=IFCCARTESIANPOINT((-7.2,-1.04644660940673,-1.04644660940673));
#4246=IFCCARTESIANPOINT((-7.50614674589207,-1.00338637040804,-1.00338637040804));
#4247=IFCCARTESIANPOINT((-7.2,-1.20865828381746,-0.938060233744356));
#4248=IFCCARTESIANPOINT((-7.50614674589207,-1.1853542504,-0.881799320209945));
#4249=IFCCARTESIANPOINT((-7.50614674589207,-1.4,-0.839103626009028));
#4250=IFCCARTESIANPOINT((-7.76568542494924,-0.721581793685879,-1.11898997798386));
#4251=IFCCARTESIANPOINT((-7.76568542494924,-0.88076118445749,-0.880761184457487));
#4252=IFCCARTESIANPOINT((-7.76568542494924,-1.11898997798386,-0.721581793685877));
#4253=IFCCARTESIANPOINT((-7.76568542494924,-1.4,-0.665685424949237));
#4254=IFCCARTESIANPOINT((-7.93910362600903,-0.481799320209948,-1.01966882545076));
#4255=IFCCARTESIANPOINT((-7.93910362600903,-0.697239624515969,-0.697239624515966));
#4256=IFCCARTESIANPOINT((-7.93910362600903,-1.01966882545077,-0.481799320209945));
#4257=IFCCARTESIANPOINT((-7.93910362600903,-1.4,-0.406146745892071));
#4258=IFCCARTESIANPOINT((-8.,-0.198956607735329,-0.902511537925382));
#4259=IFCCARTESIANPOINT((-8.,-0.48076118445749,-0.480761184457487));
#4260=IFCCARTESIANPOINT((-8.,-0.902511537925385,-0.198956607735326));
#4261=IFCCARTESIANPOINT((-8.,-1.4,-0.0999999999999987));
#4262=IFCCARTESIANPOINT((-7.42856223508086,-2.13599353337895,-0.866654618909218));
#4263=IFCCARTESIANPOINT((-7.50711072997544,-2.11874890768059,-0.838703593827693));
#4264=IFCCARTESIANPOINT((-7.63051389871312,-2.07845935758718,-0.774283162339699));
#4265=IFCCARTESIANPOINT((-7.76640188023007,-2.00824330209502,-0.664968061108093));
#4266=IFCCARTESIANPOINT((-7.92826185635295,-1.84909898754911,-0.431111263144821));
#4267=IFCCARTESIANPOINT((-7.93954105737808,-1.83053474388337,-0.405088551822563));
#4268=IFCCARTESIANPOINT((-7.79844933936282,-1.98585531852117,-0.63090336994241));
#4269=IFCCARTESIANPOINT((-7.99998782032468,-1.60049614818547,-0.104414445850113));
#4270=IFCCARTESIANPOINT((-8.,-1.59687194226713,-0.0999999999999987));
#4271=IFCCARTESIANPOINT((0.,-0.900000000000002,1.4));
#4272=IFCCARTESIANPOINT((0.,-0.938060233744358,1.20865828381745));
#4273=IFCCARTESIANPOINT((0.,-1.04644660940673,1.04644660940673));
#4274=IFCCARTESIANPOINT((0.,-1.20865828381746,0.938060233744356));
#4275=IFCCARTESIANPOINT((0.,-1.4,0.9));
#4276=IFCCARTESIANPOINT((-7.2,-0.900000000000002,1.4));
#4277=IFCCARTESIANPOINT((-7.2,-1.4,0.9));
#4278=IFCCARTESIANPOINT((-7.42856223508086,-0.86665461890922,2.13599353337895));
#4279=IFCCARTESIANPOINT((-7.50711072997544,-0.838703593827696,2.11874890768059));
#4280=IFCCARTESIANPOINT((-7.50614674589207,-0.839103626009031,1.4));
#4281=IFCCARTESIANPOINT((-7.63051389871312,-0.774283162339701,2.07845935758718));
#4282=IFCCARTESIANPOINT((-7.76640188023007,-0.664968061108096,2.00824330209502));
#4283=IFCCARTESIANPOINT((-7.76568542494924,-0.66568542494924,1.4));
#4284=IFCCARTESIANPOINT((-7.92826185635295,-0.431111263144823,1.84909898754911));
#4285=IFCCARTESIANPOINT((-7.93954105737808,-0.405088551822566,1.83053474388337));
#4286=IFCCARTESIANPOINT((-7.79844933936282,-0.630903369942412,1.98585531852117));
#4287=IFCCARTESIANPOINT((-7.93910362600903,-0.406146745892073,1.4));
#4288=IFCCARTESIANPOINT((-7.99998782032468,-0.104414445850113,1.60049614818547));
#4289=IFCCARTESIANPOINT((-8.,-0.100000000000001,1.59687194226713));
#4290=IFCCARTESIANPOINT((-8.,-0.100000000000002,1.4));
#4291=IFCCARTESIANPOINT((-7.2,-1.20865828381746,0.938060233744356));
#4292=IFCCARTESIANPOINT((-7.50614674589207,-1.1853542504,0.881799320209946));
#4293=IFCCARTESIANPOINT((-7.50614674589207,-1.4,0.839103626009029));
#4294=IFCCARTESIANPOINT((-7.2,-1.04644660940673,1.04644660940673));
#4295=IFCCARTESIANPOINT((-7.50614674589207,-1.00338637040804,1.00338637040804));
#4296=IFCCARTESIANPOINT((-7.2,-0.938060233744358,1.20865828381745));
#4297=IFCCARTESIANPOINT((-7.50614674589207,-0.881799320209948,1.1853542504));
#4298=IFCCARTESIANPOINT((-7.76568542494924,-1.11898997798386,0.721581793685878));
#4299=IFCCARTESIANPOINT((-7.76568542494924,-1.4,0.665685424949238));
#4300=IFCCARTESIANPOINT((-7.76568542494924,-0.88076118445749,0.880761184457488));
#4301=IFCCARTESIANPOINT((-7.76568542494924,-0.721581793685879,1.11898997798386));
#4302=IFCCARTESIANPOINT((-7.93910362600903,-1.01966882545077,0.481799320209946));
#4303=IFCCARTESIANPOINT((-7.93910362600903,-1.4,0.406146745892072));
#4304=IFCCARTESIANPOINT((-7.93910362600903,-0.697239624515969,0.697239624515967));
#4305=IFCCARTESIANPOINT((-7.93910362600903,-0.481799320209948,1.01966882545076));
#4306=IFCCARTESIANPOINT((-8.,-0.902511537925385,0.198956607735327));
#4307=IFCCARTESIANPOINT((-8.,-1.4,0.0999999999999995));
#4308=IFCCARTESIANPOINT((-8.,-0.48076118445749,0.480761184457488));
#4309=IFCCARTESIANPOINT((-8.,-0.198956607735329,0.902511537925383));
#4310=IFCCARTESIANPOINT((-8.,-1.59687194226713,0.0999999999999995));
#4311=IFCCARTESIANPOINT((-7.99998782032468,-1.60049614818547,0.104414445850111));
#4312=IFCCARTESIANPOINT((-7.92826185635295,-1.84909898754911,0.431111263144822));
#4313=IFCCARTESIANPOINT((-7.79844933936282,-1.98585531852117,0.63090336994241));
#4314=IFCCARTESIANPOINT((-7.93954105737808,-1.83053474388337,0.405088551822564));
#4315=IFCCARTESIANPOINT((-7.76640188023007,-2.00824330209502,0.664968061108094));
#4316=IFCCARTESIANPOINT((-7.63051389871312,-2.07845935758718,0.774283162339699));
#4317=IFCCARTESIANPOINT((-7.50711072997544,-2.11874890768059,0.838703593827694));
#4318=IFCCARTESIANPOINT((-7.42856223508086,-2.13599353337895,0.866654618909218));
#4319=IFCCARTESIANPOINT((0.,1.4,0.9));
#4320=IFCCARTESIANPOINT((0.,1.20865828381746,0.938060233744357));
#4321=IFCCARTESIANPOINT((0.,1.04644660940673,1.04644660940673));
#4322=IFCCARTESIANPOINT((0.,0.938060233744357,1.20865828381745));
#4323=IFCCARTESIANPOINT((0.,0.9,1.4));
#4324=IFCCARTESIANPOINT((-7.2,1.4,0.9));
#4325=IFCCARTESIANPOINT((-7.2,0.9,1.4));
#4326=IFCCARTESIANPOINT((-7.42856223508086,2.13599353337895,0.866654618909219));
#4327=IFCCARTESIANPOINT((-7.50711072997544,2.11874890768059,0.838703593827695));
#4328=IFCCARTESIANPOINT((-7.50614674589207,1.4,0.839103626009029));
#4329=IFCCARTESIANPOINT((-7.63051389871312,2.07845935758718,0.7742831623397));
#4330=IFCCARTESIANPOINT((-7.76640188023007,2.00824330209502,0.664968061108094));
#4331=IFCCARTESIANPOINT((-7.76568542494924,1.4,0.665685424949238));
#4332=IFCCARTESIANPOINT((-7.92826185635295,1.84909898754911,0.431111263144822));
#4333=IFCCARTESIANPOINT((-7.93954105737808,1.83053474388337,0.405088551822564));
#4334=IFCCARTESIANPOINT((-7.79844933936282,1.98585531852117,0.630903369942411));
#4335=IFCCARTESIANPOINT((-7.93910362600903,1.4,0.406146745892072));
#4336=IFCCARTESIANPOINT((-7.99998782032468,1.60049614818547,0.104414445850114));
#4337=IFCCARTESIANPOINT((-8.,1.59687194226713,0.0999999999999999));
#4338=IFCCARTESIANPOINT((-8.,1.4,0.1));
#4339=IFCCARTESIANPOINT((-7.2,0.938060233744357,1.20865828381745));
#4340=IFCCARTESIANPOINT((-7.50614674589207,0.881799320209946,1.1853542504));
#4341=IFCCARTESIANPOINT((-7.50614674589207,0.83910362600903,1.4));
#4342=IFCCARTESIANPOINT((-7.2,1.04644660940673,1.04644660940673));
#4343=IFCCARTESIANPOINT((-7.50614674589207,1.00338637040804,1.00338637040804));
#4344=IFCCARTESIANPOINT((-7.2,1.20865828381746,0.938060233744357));
#4345=IFCCARTESIANPOINT((-7.50614674589207,1.1853542504,0.881799320209946));
#4346=IFCCARTESIANPOINT((-7.76568542494924,0.721581793685878,1.11898997798386));
#4347=IFCCARTESIANPOINT((-7.76568542494924,0.665685424949238,1.4));
#4348=IFCCARTESIANPOINT((-7.76568542494924,0.880761184457488,0.880761184457488));
#4349=IFCCARTESIANPOINT((-7.76568542494924,1.11898997798386,0.721581793685878));
#4350=IFCCARTESIANPOINT((-7.93910362600903,0.481799320209947,1.01966882545076));
#4351=IFCCARTESIANPOINT((-7.93910362600903,0.406146745892072,1.4));
#4352=IFCCARTESIANPOINT((-7.93910362600903,0.697239624515967,0.697239624515967));
#4353=IFCCARTESIANPOINT((-7.93910362600903,1.01966882545076,0.481799320209946));
#4354=IFCCARTESIANPOINT((-8.,0.198956607735328,0.902511537925383));
#4355=IFCCARTESIANPOINT((-8.,0.1,1.4));
#4356=IFCCARTESIANPOINT((-8.,0.480761184457489,0.480761184457488));
#4357=IFCCARTESIANPOINT((-8.,0.902511537925384,0.198956607735327));
#4358=IFCCARTESIANPOINT((-8.,0.1,1.59687194226713));
#4359=IFCCARTESIANPOINT((-7.99998782032468,0.104414445850113,1.60049614818547));
#4360=IFCCARTESIANPOINT((-7.92826185635295,0.431111263144822,1.84909898754911));
#4361=IFCCARTESIANPOINT((-7.79844933936282,0.630903369942411,1.98585531852117));
#4362=IFCCARTESIANPOINT((-7.93954105737808,0.405088551822565,1.83053474388337));
#4363=IFCCARTESIANPOINT((-7.76640188023007,0.664968061108094,2.00824330209502));
#4364=IFCCARTESIANPOINT((-7.63051389871312,0.7742831623397,2.07845935758718));
#4365=IFCCARTESIANPOINT((-7.50711072997544,0.838703593827695,2.11874890768059));
#4366=IFCCARTESIANPOINT((-7.42856223508086,0.866654618909219,2.13599353337895));
#4367=IFCCARTESIANPOINT((-7.2,2.4,6.79864667717757E-16));
#4368=IFCCARTESIANPOINT((-7.42856223508086,2.22613538165648,-0.803352567520328));
#4369=IFCCARTESIANPOINT((-7.50723937899134,2.20580211361908,-0.776995048922577));
#4370=IFCCARTESIANPOINT((-7.50614674589207,2.33910362600903,5.42101086242752E-16));
#4371=IFCCARTESIANPOINT((-7.63051389871312,2.15845202752937,-0.716553380674599));
#4372=IFCCARTESIANPOINT((-7.79844933936282,2.04968897224572,-0.582687127956498));
#4373=IFCCARTESIANPOINT((-7.76568542494924,2.16568542494924,4.33680868994202E-16));
#4374=IFCCARTESIANPOINT((-7.92826185635295,1.88959815795275,-0.39825809735191));
#4375=IFCCARTESIANPOINT((-7.9398028361271,1.86739527696532,-0.373867556496519));
#4376=IFCCARTESIANPOINT((-7.93910362600903,1.90614674589207,5.42101086242752E-16));
#4377=IFCCARTESIANPOINT((-7.99998782032468,1.60104679568192,-0.103898373852304));
#4378=IFCCARTESIANPOINT((-8.,1.6,4.53243111811838E-16));
#4379=IFCCARTESIANPOINT((-7.99998782032468,1.60104679568192,0.103898373852306));
#4380=IFCCARTESIANPOINT((-7.9398028361271,1.86739527696532,0.37386755649652));
#4381=IFCCARTESIANPOINT((-7.92826185635295,1.88959815795275,0.398258097351911));
#4382=IFCCARTESIANPOINT((-7.79844933936282,2.04968897224572,0.5826871279565));
#4383=IFCCARTESIANPOINT((-7.63051389871312,2.15845202752937,0.7165533806746));
#4384=IFCCARTESIANPOINT((-7.50723937899135,2.20580211361908,0.776995048922578));
#4385=IFCCARTESIANPOINT((-7.42856223508086,2.22613538165648,0.80335256752033));
#4386=IFCCARTESIANPOINT((-7.43277593264167,2.21124067268683,0.827946157006559));
#4387=IFCCARTESIANPOINT((-7.43422117990521,2.189991702136,0.847715951065146));
#4388=IFCCARTESIANPOINT((-7.43277593264167,2.16418284409519,0.860992484996041));
#4389=IFCCARTESIANPOINT((-7.63651675796927,2.14359940811519,0.736674193347021));
#4390=IFCCARTESIANPOINT((-7.63856282559952,2.12443789339999,0.753707445719431));
#4391=IFCCARTESIANPOINT((-7.63651675796927,2.10223498256512,0.766526419275135));
#4392=IFCCARTESIANPOINT((-7.80354130578153,2.0362469478502,0.597357698776372));
#4393=IFCCARTESIANPOINT((-7.80526283502029,2.02067919394275,0.610643900844586));
#4394=IFCCARTESIANPOINT((-7.80354130578153,2.00364242344091,0.621985266634814));
#4395=IFCCARTESIANPOINT((-7.9307046944105,1.88010546957936,0.407069281961534));
#4396=IFCCARTESIANPOINT((-7.93152371632483,1.8700741503529,0.415579123454488));
#4397=IFCCARTESIANPOINT((-7.9307046944105,1.85967845990163,0.423639792638853));
#4398=IFCCARTESIANPOINT((-7.99998835426863,1.60090913552292,0.104027393190717));
#4399=IFCCARTESIANPOINT((-7.99998853225016,1.60077147389383,0.104156411942663));
#4400=IFCCARTESIANPOINT((-7.99998835426863,1.60063381128466,0.104285429648882));
#4401=IFCCARTESIANPOINT((-7.43277593264167,2.1641828440952,-0.86099248499604));
#4402=IFCCARTESIANPOINT((-7.43422117990521,2.18999170213601,-0.847715951065145));
#4403=IFCCARTESIANPOINT((-7.43277593264167,2.21124067268683,-0.827946157006557));
#4404=IFCCARTESIANPOINT((-7.63651675796927,2.10223498256512,-0.766526419275134));
#4405=IFCCARTESIANPOINT((-7.63856282559952,2.12443789339999,-0.75370744571943));
#4406=IFCCARTESIANPOINT((-7.63651675796927,2.14359940811519,-0.736674193347019));
#4407=IFCCARTESIANPOINT((-7.80354130578153,2.00364242344091,-0.621985266634813));
#4408=IFCCARTESIANPOINT((-7.80526283502029,2.02067919394275,-0.610643900844585));
#4409=IFCCARTESIANPOINT((-7.80354130578153,2.0362469478502,-0.59735769877637));
#4410=IFCCARTESIANPOINT((-7.9307046944105,1.85967845990163,-0.423639792638852));
#4411=IFCCARTESIANPOINT((-7.93152371632483,1.8700741503529,-0.415579123454487));
#4412=IFCCARTESIANPOINT((-7.9307046944105,1.88010546957936,-0.407069281961533));
#4413=IFCCARTESIANPOINT((-7.99998835426863,1.60063381128466,-0.104285429648881));
#4414=IFCCARTESIANPOINT((-7.99998835426863,1.60090913552292,-0.104027393190715));
#4415=IFCCARTESIANPOINT((-7.99998853225016,1.60077147389383,-0.104156411942662));
#4416=IFCCARTESIANPOINT((-7.2,-5.87830463590729E-16,2.4));
#4417=IFCCARTESIANPOINT((-7.93910362600903,-4.33680868994202E-16,1.90614674589207));
#4418=IFCCARTESIANPOINT((-8.,-3.91886975727153E-16,1.6));
#4419=IFCCARTESIANPOINT((-7.99998782032468,-0.103898373852305,1.60104679568192));
#4420=IFCCARTESIANPOINT((-7.76568542494924,-4.33680868994202E-16,2.16568542494924));
#4421=IFCCARTESIANPOINT((-7.9398028361271,-0.373867556496521,1.86739527696532));
#4422=IFCCARTESIANPOINT((-7.92826185635295,-0.398258097351913,1.88959815795275));
#4423=IFCCARTESIANPOINT((-7.50614674589207,-4.33680868994202E-16,2.33910362600903));
#4424=IFCCARTESIANPOINT((-7.79844933936282,-0.582687127956501,2.04968897224572));
#4425=IFCCARTESIANPOINT((-7.63051389871312,-0.716553380674601,2.15845202752937));
#4426=IFCCARTESIANPOINT((-7.50723937899135,-0.77699504892258,2.20580211361908));
#4427=IFCCARTESIANPOINT((-7.42856223508086,-0.803352567520331,2.22613538165648));
#4428=IFCCARTESIANPOINT((-7.42856223508086,0.80335256752033,2.22613538165648));
#4429=IFCCARTESIANPOINT((-7.50723937899135,0.776995048922578,2.20580211361908));
#4430=IFCCARTESIANPOINT((-7.63051389871312,0.7165533806746,2.15845202752937));
#4431=IFCCARTESIANPOINT((-7.79844933936282,0.5826871279565,2.04968897224572));
#4432=IFCCARTESIANPOINT((-7.92826185635295,0.398258097351912,1.88959815795275));
#4433=IFCCARTESIANPOINT((-7.9398028361271,0.37386755649652,1.86739527696532));
#4434=IFCCARTESIANPOINT((-7.99998782032468,0.103898373852304,1.60104679568192));
#4435=IFCCARTESIANPOINT((-7.43277593264167,0.860992484996041,2.16418284409519));
#4436=IFCCARTESIANPOINT((-7.43422117990521,0.847715951065146,2.189991702136));
#4437=IFCCARTESIANPOINT((-7.43277593264167,0.827946157006559,2.21124067268683));
#4438=IFCCARTESIANPOINT((-7.63651675796927,0.766526419275135,2.10223498256512));
#4439=IFCCARTESIANPOINT((-7.63856282559952,0.753707445719431,2.12443789339999));
#4440=IFCCARTESIANPOINT((-7.63651675796927,0.736674193347021,2.14359940811519));
#4441=IFCCARTESIANPOINT((-7.80354130578153,0.621985266634814,2.00364242344091));
#4442=IFCCARTESIANPOINT((-7.80526283502029,0.610643900844586,2.02067919394275));
#4443=IFCCARTESIANPOINT((-7.80354130578153,0.597357698776372,2.0362469478502));
#4444=IFCCARTESIANPOINT((-7.9307046944105,0.423639792638853,1.85967845990163));
#4445=IFCCARTESIANPOINT((-7.93152371632483,0.415579123454488,1.8700741503529));
#4446=IFCCARTESIANPOINT((-7.9307046944105,0.407069281961534,1.88010546957936));
#4447=IFCCARTESIANPOINT((-7.99998835426863,0.104285429648881,1.60063381128467));
#4448=IFCCARTESIANPOINT((-7.99998835426863,0.104027393190715,1.60090913552292));
#4449=IFCCARTESIANPOINT((-7.99998853225016,0.104156411942662,1.60077147389383));
#4450=IFCCARTESIANPOINT((-7.43277593264167,-0.82794615700656,2.21124067268683));
#4451=IFCCARTESIANPOINT((-7.43422117990521,-0.847715951065148,2.189991702136));
#4452=IFCCARTESIANPOINT((-7.43277593264167,-0.860992484996043,2.16418284409519));
#4453=IFCCARTESIANPOINT((-7.63651675796927,-0.736674193347022,2.14359940811518));
#4454=IFCCARTESIANPOINT((-7.63856282559952,-0.753707445719432,2.12443789339999));
#4455=IFCCARTESIANPOINT((-7.63651675796927,-0.766526419275137,2.10223498256512));
#4456=IFCCARTESIANPOINT((-7.80354130578153,-0.597357698776373,2.0362469478502));
#4457=IFCCARTESIANPOINT((-7.80526283502029,-0.610643900844588,2.02067919394275));
#4458=IFCCARTESIANPOINT((-7.80354130578153,-0.621985266634816,2.00364242344091));
#4459=IFCCARTESIANPOINT((-7.9307046944105,-0.407069281961535,1.88010546957936));
#4460=IFCCARTESIANPOINT((-7.93152371632483,-0.41557912345449,1.8700741503529));
#4461=IFCCARTESIANPOINT((-7.9307046944105,-0.423639792638854,1.85967845990163));
#4462=IFCCARTESIANPOINT((-7.99998835426863,-0.104027393190716,1.60090913552292));
#4463=IFCCARTESIANPOINT((-7.99998853225016,-0.104156411942663,1.60077147389383));
#4464=IFCCARTESIANPOINT((-7.99998835426863,-0.104285429648881,1.60063381128467));
#4465=IFCCARTESIANPOINT((-7.2,-2.4,-4.40872847693047E-16));
#4466=IFCCARTESIANPOINT((-7.93910362600903,-1.90614674589207,-3.25260651745651E-16));
#4467=IFCCARTESIANPOINT((-8.,-1.6,-2.93915231795365E-16));
#4468=IFCCARTESIANPOINT((-7.99998782032468,-1.60104679568192,-0.103898373852304));
#4469=IFCCARTESIANPOINT((-7.76568542494924,-2.16568542494924,-3.25260651745651E-16));
#4470=IFCCARTESIANPOINT((-7.9398028361271,-1.86739527696532,-0.37386755649652));
#4471=IFCCARTESIANPOINT((-7.92826185635295,-1.88959815795275,-0.39825809735191));
#4472=IFCCARTESIANPOINT((-7.50614674589207,-2.33910362600903,-4.33680868994202E-16));
#4473=IFCCARTESIANPOINT((-7.79844933936282,-2.04968897224572,-0.582687127956498));
#4474=IFCCARTESIANPOINT((-7.63051389871312,-2.15845202752937,-0.716553380674599));
#4475=IFCCARTESIANPOINT((-7.50723937899134,-2.20580211361908,-0.776995048922577));
#4476=IFCCARTESIANPOINT((-7.42856223508086,-2.22613538165648,-0.803352567520328));
#4477=IFCCARTESIANPOINT((-7.42856223508086,-2.22613538165648,0.803352567520329));
#4478=IFCCARTESIANPOINT((-7.50723937899135,-2.20580211361908,0.776995048922578));
#4479=IFCCARTESIANPOINT((-7.63051389871312,-2.15845202752937,0.716553380674599));
#4480=IFCCARTESIANPOINT((-7.79844933936282,-2.04968897224572,0.582687127956499));
#4481=IFCCARTESIANPOINT((-7.92826185635295,-1.88959815795275,0.398258097351911));
#4482=IFCCARTESIANPOINT((-7.9398028361271,-1.86739527696532,0.373867556496519));
#4483=IFCCARTESIANPOINT((-7.99998782032468,-1.60104679568192,0.103898373852303));
#4484=IFCCARTESIANPOINT((-7.43277593264167,-2.1641828440952,0.860992484996041));
#4485=IFCCARTESIANPOINT((-7.43422117990521,-2.189991702136,0.847715951065146));
#4486=IFCCARTESIANPOINT((-7.43277593264167,-2.21124067268683,0.827946157006558));
#4487=IFCCARTESIANPOINT((-7.63651675796927,-2.10223498256512,0.766526419275134));
#4488=IFCCARTESIANPOINT((-7.63856282559952,-2.12443789339999,0.75370744571943));
#4489=IFCCARTESIANPOINT((-7.63651675796927,-2.14359940811519,0.73667419334702));
#4490=IFCCARTESIANPOINT((-7.80354130578153,-2.00364242344091,0.621985266634814));
#4491=IFCCARTESIANPOINT((-7.80526283502029,-2.02067919394275,0.610643900844586));
#4492=IFCCARTESIANPOINT((-7.80354130578153,-2.0362469478502,0.597357698776371));
#4493=IFCCARTESIANPOINT((-7.9307046944105,-1.85967845990163,0.423639792638852));
#4494=IFCCARTESIANPOINT((-7.93152371632483,-1.8700741503529,0.415579123454488));
#4495=IFCCARTESIANPOINT((-7.9307046944105,-1.88010546957936,0.407069281961534));
#4496=IFCCARTESIANPOINT((-7.99998835426863,-1.60063381128467,0.104285429648879));
#4497=IFCCARTESIANPOINT((-7.99998835426863,-1.60090913552292,0.104027393190714));
#4498=IFCCARTESIANPOINT((-7.99998853225016,-1.60077147389383,0.104156411942661));
#4499=IFCCARTESIANPOINT((-7.43277593264167,-2.21124067268683,-0.827946157006557));
#4500=IFCCARTESIANPOINT((-7.43422117990521,-2.18999170213601,-0.847715951065145));
#4501=IFCCARTESIANPOINT((-7.43277593264167,-2.1641828440952,-0.86099248499604));
#4502=IFCCARTESIANPOINT((-7.63651675796927,-2.14359940811519,-0.736674193347019));
#4503=IFCCARTESIANPOINT((-7.63856282559952,-2.12443789339999,-0.75370744571943));
#4504=IFCCARTESIANPOINT((-7.63651675796927,-2.10223498256512,-0.766526419275134));
#4505=IFCCARTESIANPOINT((-7.80354130578153,-2.0362469478502,-0.59735769877637));
#4506=IFCCARTESIANPOINT((-7.80526283502029,-2.02067919394275,-0.610643900844585));
#4507=IFCCARTESIANPOINT((-7.80354130578153,-2.00364242344091,-0.621985266634813));
#4508=IFCCARTESIANPOINT((-7.9307046944105,-1.88010546957936,-0.407069281961533));
#4509=IFCCARTESIANPOINT((-7.93152371632483,-1.8700741503529,-0.415579123454487));
#4510=IFCCARTESIANPOINT((-7.9307046944105,-1.85967845990163,-0.423639792638852));
#4511=IFCCARTESIANPOINT((-7.99998835426863,-1.60090913552292,-0.104027393190715));
#4512=IFCCARTESIANPOINT((-7.99998853225016,-1.60077147389383,-0.104156411942662));
#4513=IFCCARTESIANPOINT((-7.99998835426863,-1.60063381128466,-0.104285429648881));
#4514=IFCCARTESIANPOINT((-8.,1.95943487863576E-16,-1.6));
#4515=IFCCARTESIANPOINT((-7.2,2.93915231795365E-16,-2.4));
#4516=IFCCARTESIANPOINT((-7.42856223508086,-0.803352567520331,-2.22613538165648));
#4517=IFCCARTESIANPOINT((-7.50723937899135,-0.77699504892258,-2.20580211361908));
#4518=IFCCARTESIANPOINT((-7.50614674589207,-2.16840434497101E-16,-2.33910362600903));
#4519=IFCCARTESIANPOINT((-7.63051389871312,-0.716553380674602,-2.15845202752937));
#4520=IFCCARTESIANPOINT((-7.79844933936282,-0.582687127956501,-2.04968897224572));
#4521=IFCCARTESIANPOINT((-7.76568542494924,-1.0842021724855E-16,-2.16568542494924));
#4522=IFCCARTESIANPOINT((-7.92826185635295,-0.398258097351913,-1.88959815795275));
#4523=IFCCARTESIANPOINT((-7.9398028361271,-0.373867556496522,-1.86739527696532));
#4524=IFCCARTESIANPOINT((-7.93910362600903,-1.0842021724855E-16,-1.90614674589207));
#4525=IFCCARTESIANPOINT((-7.99998782032468,-0.103898373852305,-1.60104679568192));
#4526=IFCCARTESIANPOINT((-7.99998782032468,0.103898373852304,-1.60104679568193));
#4527=IFCCARTESIANPOINT((-7.9398028361271,0.373867556496521,-1.86739527696532));
#4528=IFCCARTESIANPOINT((-7.92826185635295,0.398258097351912,-1.88959815795275));
#4529=IFCCARTESIANPOINT((-7.79844933936282,0.5826871279565,-2.04968897224572));
#4530=IFCCARTESIANPOINT((-7.63051389871312,0.716553380674601,-2.15845202752937));
#4531=IFCCARTESIANPOINT((-7.50723937899134,0.776995048922579,-2.20580211361908));
#4532=IFCCARTESIANPOINT((-7.42856223508086,0.803352567520331,-2.22613538165648));
#4533=IFCCARTESIANPOINT((-7.43277593264167,0.82794615700656,-2.21124067268683));
#4534=IFCCARTESIANPOINT((-7.43422117990521,0.847715951065147,-2.189991702136));
#4535=IFCCARTESIANPOINT((-7.43277593264167,0.860992484996042,-2.16418284409519));
#4536=IFCCARTESIANPOINT((-7.63651675796927,0.736674193347022,-2.14359940811518));
#4537=IFCCARTESIANPOINT((-7.63856282559952,0.753707445719432,-2.12443789339999));
#4538=IFCCARTESIANPOINT((-7.63651675796927,0.766526419275136,-2.10223498256512));
#4539=IFCCARTESIANPOINT((-7.80354130578153,0.597357698776372,-2.0362469478502));
#4540=IFCCARTESIANPOINT((-7.80526283502029,0.610643900844587,-2.02067919394275));
#4541=IFCCARTESIANPOINT((-7.80354130578153,0.621985266634815,-2.00364242344091));
#4542=IFCCARTESIANPOINT((-7.9307046944105,0.407069281961535,-1.88010546957936));
#4543=IFCCARTESIANPOINT((-7.93152371632483,0.415579123454489,-1.8700741503529));
#4544=IFCCARTESIANPOINT((-7.9307046944105,0.423639792638853,-1.85967845990163));
#4545=IFCCARTESIANPOINT((-7.99998835426863,0.104027393190715,-1.60090913552292));
#4546=IFCCARTESIANPOINT((-7.99998853225016,0.104156411942661,-1.60077147389383));
#4547=IFCCARTESIANPOINT((-7.99998835426863,0.10428542964888,-1.60063381128467));
#4548=IFCCARTESIANPOINT((-7.43277593264167,-0.860992484996043,-2.16418284409519));
#4549=IFCCARTESIANPOINT((-7.43422117990521,-0.847715951065148,-2.189991702136));
#4550=IFCCARTESIANPOINT((-7.43277593264167,-0.827946157006561,-2.21124067268683));
#4551=IFCCARTESIANPOINT((-7.63651675796927,-0.766526419275137,-2.10223498256512));
#4552=IFCCARTESIANPOINT((-7.63856282559952,-0.753707445719433,-2.12443789339999));
#4553=IFCCARTESIANPOINT((-7.63651675796927,-0.736674193347023,-2.14359940811518));
#4554=IFCCARTESIANPOINT((-7.80354130578153,-0.621985266634816,-2.00364242344091));
#4555=IFCCARTESIANPOINT((-7.80526283502029,-0.610643900844588,-2.02067919394275));
#4556=IFCCARTESIANPOINT((-7.80354130578153,-0.597357698776373,-2.0362469478502));
#4557=IFCCARTESIANPOINT((-7.9307046944105,-0.423639792638854,-1.85967845990163));
#4558=IFCCARTESIANPOINT((-7.93152371632483,-0.41557912345449,-1.8700741503529));
#4559=IFCCARTESIANPOINT((-7.9307046944105,-0.407069281961536,-1.88010546957936));
#4560=IFCCARTESIANPOINT((-7.99998835426863,-0.104285429648882,-1.60063381128467));
#4561=IFCCARTESIANPOINT((-7.99998835426863,-0.104027393190717,-1.60090913552292));
#4562=IFCCARTESIANPOINT((-7.99998853225016,-0.104156411942663,-1.60077147389383));
#4563=IFCCARTESIANPOINT((0.,0.,0.));
#4564=IFCCARTESIANPOINT((0.,0.,0.));
#4565=IFCGEOMETRICREPRESENTATIONCONTEXT($,'Model',3,0.005,#3708,$);
#4566=IFCSIUNIT(*,.LENGTHUNIT.,.MILLI.,.METRE.);
#4567=IFCSIUNIT(*,.AREAUNIT.,$,.SQUARE_METRE.);
#4568=IFCSIUNIT(*,.VOLUMEUNIT.,$,.CUBIC_METRE.);
#4569=IFCSIUNIT(*,.PLANEANGLEUNIT.,$,.RADIAN.);
#4570=IFCOWNERHISTORY(#4572,#4571,$,.NOCHANGE.,0,$,$,0);
#4571=IFCAPPLICATION(#4573,' ',' ',' ');
#4572=IFCPERSONANDORGANIZATION(#4574,#4573,$);
#4573=IFCORGANIZATION($,' ',$,$,$);
#4574=IFCPERSON(' ',' ',' ',$,$,$,$,$);
ENDSEC;
END-ISO-10303-21;
