ISO-10303-21;
HEADER;
/* Generated by software containing ST-Developer
 * from STEP Tools, Inc. (www.steptools.com) 
 */
/* OPTION: strings as raw bytes, not using required /X/ escapes */

FILE_DESCRIPTION(
/* description */ ('Unknown'),
/* implementation_level */ '2;1');

FILE_NAME(
/* name */ 'ClGray_4540797_AVV',
/* time_stamp */ '2025-07-21T23:56:51+02:00',
/* author */ ('Unknown'),
/* organization */ ('Unknown'),
/* preprocessor_version */ 'ST-DEVELOPER v19.4',
/* originating_system */ 'Unknown',
/* authorisation */ 'OpenTools');

FILE_SCHEMA (('IFC2X3'));
ENDSEC;

DATA;
#10=IFCPROPERTYSINGLEVALUE('ProjectName',$,IFCTEXT(''),$);
#11=IFCPROPERTYSINGLEVALUE('PartNumber',$,IFCTEXT(''),$);
#12=IFCRELDEFINESBYPROPERTIES('3cRq1JQpSwDOm5lsE5cG83',#20464,$,$,(#14),
#13);
#13=IFCPROPERTYSET('1jOd4kXgWorA4TVRi95rqH',#20464,
'empty property set name',$,(#10,#11));
#14=IFCBUILDINGELEMENTPROXY('2GP_XOK7Wq1Pa1NGQTVWHM',#20464,
'ClGray_4540797_AVV',' ','ClGray_4540797_AVV',#19,#15,' ',.ELEMENT.);
#15=IFCPRODUCTDEFINITIONSHAPE(' ',' ',(#25));
#16=IFCRELCONTAINEDINSPATIALSTRUCTURE('3HZhfx2I0vj9Cvp1GHER_f',#20464,
' ',' ',(#14),#20);
#17=IFCRELAGGREGATES('1jF0XzMGqvEA6wZwPLSawz',#20464,$,$,#15663,(#20));
#18=IFCLOCALPLACEMENT($,#15666);
#19=IFCLOCALPLACEMENT(#18,#15667);
#20=IFCBUILDING('3G2N19bOG__grq1LV0cQPU',#20464,'Default Building',$,$,
#18,$,$,.ELEMENT.,0.,0.,$);
#21=IFCCARTESIANTRANSFORMATIONOPERATOR3D($,$,#20457,1.,$);
#22=IFCMAPPEDITEM(#23,#21);
#23=IFCREPRESENTATIONMAP(#15666,#24);
#24=IFCSHAPEREPRESENTATION(#15665,'Body','Brep',(#15662));
#25=IFCSHAPEREPRESENTATION(#15665,'Body','MappedRepresentation',(#22));
#26=IFCPOLYLOOP((#15673,#15674,#15675,#15676));
#27=IFCPOLYLOOP((#15677,#15678,#15674,#15673));
#28=IFCPOLYLOOP((#15679,#15680,#15678,#15677));
#29=IFCPOLYLOOP((#15681,#15682,#15680,#15679));
#30=IFCPOLYLOOP((#15683,#15684,#15682,#15681));
#31=IFCPOLYLOOP((#15685,#15686,#15684,#15683));
#32=IFCPOLYLOOP((#15687,#15688,#15686,#15685));
#33=IFCPOLYLOOP((#15689,#15690,#15688,#15687));
#34=IFCPOLYLOOP((#15691,#15692,#15690,#15689));
#35=IFCPOLYLOOP((#15693,#15694,#15692,#15691));
#36=IFCPOLYLOOP((#15695,#15696,#15694,#15693));
#37=IFCPOLYLOOP((#15697,#15698,#15696,#15695));
#38=IFCPOLYLOOP((#15699,#15700,#15698,#15697));
#39=IFCPOLYLOOP((#15701,#15702,#15700,#15699));
#40=IFCPOLYLOOP((#15703,#15704,#15702,#15701));
#41=IFCPOLYLOOP((#15676,#15675,#15704,#15703));
#42=IFCPOLYLOOP((#15705,#15706,#15680,#15682));
#43=IFCPOLYLOOP((#15682,#15684,#15707,#15705));
#44=IFCPOLYLOOP((#15706,#15708,#15678,#15680));
#45=IFCPOLYLOOP((#15709,#15710,#15696,#15698));
#46=IFCPOLYLOOP((#15708,#15711,#15674,#15678));
#47=IFCPOLYLOOP((#15710,#15712,#15694,#15696));
#48=IFCPOLYLOOP((#15711,#15713,#15675,#15674));
#49=IFCPOLYLOOP((#15714,#15715,#15702,#15704));
#50=IFCPOLYLOOP((#15698,#15700,#15716,#15709));
#51=IFCPOLYLOOP((#15717,#15718,#15690,#15692));
#52=IFCPOLYLOOP((#15704,#15675,#15713,#15714));
#53=IFCPOLYLOOP((#15692,#15694,#15712,#15717));
#54=IFCPOLYLOOP((#15719,#15720,#15686,#15688));
#55=IFCPOLYLOOP((#15700,#15702,#15715,#15716));
#56=IFCPOLYLOOP((#15684,#15686,#15720,#15707));
#57=IFCPOLYLOOP((#15688,#15690,#15718,#15719));
#58=IFCPOLYLOOP((#15711,#15721,#15722,#15713));
#59=IFCPOLYLOOP((#15708,#15723,#15721,#15711));
#60=IFCPOLYLOOP((#15706,#15724,#15723,#15708));
#61=IFCPOLYLOOP((#15705,#15725,#15724,#15706));
#62=IFCPOLYLOOP((#15707,#15726,#15725,#15705));
#63=IFCPOLYLOOP((#15720,#15727,#15726,#15707));
#64=IFCPOLYLOOP((#15719,#15728,#15727,#15720));
#65=IFCPOLYLOOP((#15718,#15729,#15728,#15719));
#66=IFCPOLYLOOP((#15717,#15730,#15729,#15718));
#67=IFCPOLYLOOP((#15712,#15731,#15730,#15717));
#68=IFCPOLYLOOP((#15710,#15732,#15731,#15712));
#69=IFCPOLYLOOP((#15709,#15733,#15732,#15710));
#70=IFCPOLYLOOP((#15716,#15734,#15733,#15709));
#71=IFCPOLYLOOP((#15715,#15735,#15734,#15716));
#72=IFCPOLYLOOP((#15714,#15736,#15735,#15715));
#73=IFCPOLYLOOP((#15713,#15722,#15736,#15714));
#74=IFCPOLYLOOP((#15697,#15695,#15737,#15738));
#75=IFCPOLYLOOP((#15739,#15699,#15740,#15741));
#76=IFCPOLYLOOP((#15695,#15742,#15737));
#77=IFCPOLYLOOP((#15743,#15742,#15693,#15691));
#78=IFCPOLYLOOP((#15699,#15744,#15740));
#79=IFCPOLYLOOP((#15738,#15744,#15699,#15697));
#80=IFCPOLYLOOP((#15691,#15689,#15743));
#81=IFCPOLYLOOP((#15695,#15693,#15742));
#82=IFCPOLYLOOP((#15743,#15745,#15746,#15747));
#83=IFCPOLYLOOP((#15741,#15748,#15739));
#84=IFCPOLYLOOP((#15745,#15749,#15750,#15746));
#85=IFCPOLYLOOP((#15751,#15752,#15753,#15754));
#86=IFCPOLYLOOP((#15755,#15673,#15676,#15756));
#87=IFCPOLYLOOP((#15739,#15701,#15699));
#88=IFCPOLYLOOP((#15739,#15756,#15676,#15703));
#89=IFCPOLYLOOP((#15754,#15750,#15749,#15751));
#90=IFCPOLYLOOP((#15757,#15758,#15759,#15760));
#91=IFCPOLYLOOP((#15755,#15761,#15677,#15673));
#92=IFCPOLYLOOP((#15762,#15763,#15683,#15681));
#93=IFCPOLYLOOP((#15703,#15701,#15739));
#94=IFCPOLYLOOP((#15760,#15753,#15752,#15757));
#95=IFCPOLYLOOP((#15764,#15765,#15766,#15767));
#96=IFCPOLYLOOP((#15761,#15768,#15679,#15677));
#97=IFCPOLYLOOP((#15763,#15769,#15685,#15683));
#98=IFCPOLYLOOP((#15747,#15742,#15743));
#99=IFCPOLYLOOP((#15765,#15739,#15748,#15766));
#100=IFCPOLYLOOP((#15681,#15679,#15768,#15762));
#101=IFCPOLYLOOP((#15767,#15759,#15758,#15764));
#102=IFCPOLYLOOP((#15769,#15770,#15771,#15743,#15687,#15685));
#103=IFCPOLYLOOP((#15756,#15772,#15755));
#104=IFCPOLYLOOP((#15689,#15687,#15743));
#105=IFCPOLYLOOP((#15773,#15756,#15739,#15774));
#106=IFCPOLYLOOP((#15775,#15745,#15743,#15776));
#107=IFCPOLYLOOP((#15777,#15749,#15745,#15775));
#108=IFCPOLYLOOP((#15778,#15751,#15749,#15777));
#109=IFCPOLYLOOP((#15779,#15752,#15751,#15778));
#110=IFCPOLYLOOP((#15780,#15757,#15752,#15779));
#111=IFCPOLYLOOP((#15781,#15758,#15757,#15780));
#112=IFCPOLYLOOP((#15782,#15764,#15758,#15781));
#113=IFCPOLYLOOP((#15783,#15765,#15764,#15782));
#114=IFCPOLYLOOP((#15774,#15739,#15765,#15783));
#115=IFCPOLYLOOP((#15773,#15784,#15785));
#116=IFCPOLYLOOP((#15785,#15772,#15756,#15773));
#117=IFCPOLYLOOP((#15776,#15743,#15771,#15786));
#118=IFCPOLYLOOP((#15787,#15755,#15772,#15788));
#119=IFCPOLYLOOP((#15788,#15789,#15787));
#120=IFCPOLYLOOP((#15790,#15761,#15755,#15787));
#121=IFCPOLYLOOP((#15791,#15768,#15761,#15790));
#122=IFCPOLYLOOP((#15792,#15762,#15768,#15791));
#123=IFCPOLYLOOP((#15793,#15763,#15762,#15792));
#124=IFCPOLYLOOP((#15794,#15769,#15763,#15793));
#125=IFCPOLYLOOP((#15795,#15770,#15769,#15794));
#126=IFCPOLYLOOP((#15796,#15771,#15770,#15795));
#127=IFCPOLYLOOP((#15797,#15782,#15781));
#128=IFCPOLYLOOP((#15797,#15798,#15783,#15782));
#129=IFCPOLYLOOP((#15798,#15784,#15773,#15774));
#130=IFCPOLYLOOP((#15799,#15777,#15775));
#131=IFCPOLYLOOP((#15800,#15780,#15779));
#132=IFCPOLYLOOP((#15774,#15783,#15798));
#133=IFCPOLYLOOP((#15799,#15778,#15777));
#134=IFCPOLYLOOP((#15781,#15780,#15800,#15797));
#135=IFCPOLYLOOP((#15779,#15778,#15799,#15800));
#136=IFCPOLYLOOP((#15775,#15776,#15786,#15799));
#137=IFCPOLYLOOP((#15741,#15801,#15802,#15748));
#138=IFCPOLYLOOP((#15740,#15803,#15801,#15741));
#139=IFCPOLYLOOP((#15744,#15804,#15803,#15740));
#140=IFCPOLYLOOP((#15738,#15805,#15804,#15744));
#141=IFCPOLYLOOP((#15737,#15806,#15805,#15738));
#142=IFCPOLYLOOP((#15742,#15807,#15806,#15737));
#143=IFCPOLYLOOP((#15747,#15808,#15807,#15742));
#144=IFCPOLYLOOP((#15746,#15809,#15808,#15747));
#145=IFCPOLYLOOP((#15750,#15810,#15809,#15746));
#146=IFCPOLYLOOP((#15754,#15811,#15810,#15750));
#147=IFCPOLYLOOP((#15753,#15812,#15811,#15754));
#148=IFCPOLYLOOP((#15760,#15813,#15812,#15753));
#149=IFCPOLYLOOP((#15759,#15814,#15813,#15760));
#150=IFCPOLYLOOP((#15767,#15815,#15814,#15759));
#151=IFCPOLYLOOP((#15766,#15816,#15815,#15767));
#152=IFCPOLYLOOP((#15748,#15802,#15816,#15766));
#153=IFCPOLYLOOP((#15817,#15818,#15804,#15805));
#154=IFCPOLYLOOP((#15805,#15806,#15819,#15817));
#155=IFCPOLYLOOP((#15818,#15820,#15803,#15804));
#156=IFCPOLYLOOP((#15820,#15821,#15801,#15803));
#157=IFCPOLYLOOP((#15821,#15822,#15802,#15801));
#158=IFCPOLYLOOP((#15822,#15823,#15816,#15802));
#159=IFCPOLYLOOP((#15824,#15825,#15814,#15815));
#160=IFCPOLYLOOP((#15826,#15827,#15810,#15811));
#161=IFCPOLYLOOP((#15828,#15829,#15807,#15808));
#162=IFCPOLYLOOP((#15815,#15816,#15823,#15824));
#163=IFCPOLYLOOP((#15830,#15831,#15812,#15813));
#164=IFCPOLYLOOP((#15827,#15832,#15809,#15810));
#165=IFCPOLYLOOP((#15806,#15807,#15829,#15819));
#166=IFCPOLYLOOP((#15811,#15812,#15831,#15826));
#167=IFCPOLYLOOP((#15813,#15814,#15825,#15830));
#168=IFCPOLYLOOP((#15808,#15809,#15832,#15828));
#169=IFCPOLYLOOP((#15821,#15833,#15834,#15822));
#170=IFCPOLYLOOP((#15820,#15835,#15833,#15821));
#171=IFCPOLYLOOP((#15818,#15836,#15835,#15820));
#172=IFCPOLYLOOP((#15817,#15837,#15836,#15818));
#173=IFCPOLYLOOP((#15819,#15838,#15837,#15817));
#174=IFCPOLYLOOP((#15829,#15839,#15838,#15819));
#175=IFCPOLYLOOP((#15828,#15840,#15839,#15829));
#176=IFCPOLYLOOP((#15832,#15841,#15840,#15828));
#177=IFCPOLYLOOP((#15827,#15842,#15841,#15832));
#178=IFCPOLYLOOP((#15826,#15843,#15842,#15827));
#179=IFCPOLYLOOP((#15831,#15844,#15843,#15826));
#180=IFCPOLYLOOP((#15830,#15845,#15844,#15831));
#181=IFCPOLYLOOP((#15825,#15846,#15845,#15830));
#182=IFCPOLYLOOP((#15824,#15847,#15846,#15825));
#183=IFCPOLYLOOP((#15823,#15848,#15847,#15824));
#184=IFCPOLYLOOP((#15822,#15834,#15848,#15823));
#185=IFCPOLYLOOP((#15849,#15850,#15851));
#186=IFCPOLYLOOP((#15850,#15852,#15853,#15851));
#187=IFCPOLYLOOP((#15854,#15849,#15855,#15856));
#188=IFCPOLYLOOP((#15856,#15857,#15799,#15854));
#189=IFCPOLYLOOP((#15858,#15859,#15860,#15861));
#190=IFCPOLYLOOP((#15862,#15863,#15864));
#191=IFCPOLYLOOP((#15865,#15866,#15867));
#192=IFCPOLYLOOP((#15859,#15868,#15860));
#193=IFCPOLYLOOP((#15869,#15870,#15871));
#194=IFCPOLYLOOP((#15862,#15865,#15872,#15863));
#195=IFCPOLYLOOP((#15867,#15873,#15865));
#196=IFCPOLYLOOP((#15859,#15874,#15868));
#197=IFCPOLYLOOP((#15871,#15875,#15876,#15869));
#198=IFCPOLYLOOP((#15873,#15872,#15865));
#199=IFCPOLYLOOP((#15877,#15866,#15865,#15878));
#200=IFCPOLYLOOP((#15858,#15879,#15880));
#201=IFCPOLYLOOP((#15861,#15881,#15858));
#202=IFCPOLYLOOP((#15875,#15882,#15876));
#203=IFCPOLYLOOP((#15878,#15883,#15884,#15877));
#204=IFCPOLYLOOP((#15881,#15879,#15858));
#205=IFCPOLYLOOP((#15858,#15797,#15885));
#206=IFCPOLYLOOP((#15869,#15886,#15870));
#207=IFCPOLYLOOP((#15862,#15887,#15865));
#208=IFCPOLYLOOP((#15885,#15859,#15858));
#209=IFCPOLYLOOP((#15886,#15888,#15889));
#210=IFCPOLYLOOP((#15886,#15890,#15891));
#211=IFCPOLYLOOP((#15876,#15856,#15869));
#212=IFCPOLYLOOP((#15892,#15893,#15894));
#213=IFCPOLYLOOP((#15892,#15882,#15895));
#214=IFCPOLYLOOP((#15874,#15896,#15897));
#215=IFCPOLYLOOP((#15874,#15898,#15899));
#216=IFCPOLYLOOP((#15862,#15900,#15901,#15887));
#217=IFCPOLYLOOP((#15797,#15902,#15885));
#218=IFCPOLYLOOP((#15891,#15888,#15886));
#219=IFCPOLYLOOP((#15903,#15890,#15886,#15904));
#220=IFCPOLYLOOP((#15882,#15892,#15876));
#221=IFCPOLYLOOP((#15895,#15893,#15892));
#222=IFCPOLYLOOP((#15899,#15896,#15874));
#223=IFCPOLYLOOP((#15905,#15898,#15874,#15906));
#224=IFCPOLYLOOP((#15900,#15797,#15858,#15901));
#225=IFCPOLYLOOP((#15797,#15907,#15902));
#226=IFCPOLYLOOP((#15855,#15908,#15909));
#227=IFCPOLYLOOP((#15910,#15911,#15912));
#228=IFCPOLYLOOP((#15910,#15913,#15914));
#229=IFCPOLYLOOP((#15915,#15916,#15917));
#230=IFCPOLYLOOP((#15918,#15904,#15919));
#231=IFCPOLYLOOP((#15904,#15918,#15920,#15903));
#232=IFCPOLYLOOP((#15894,#15921,#15892));
#233=IFCPOLYLOOP((#15906,#15922,#15923,#15905));
#234=IFCPOLYLOOP((#15880,#15916,#15915,#15858));
#235=IFCPOLYLOOP((#15800,#15924,#15925));
#236=IFCPOLYLOOP((#15909,#15913,#15926,#15855));
#237=IFCPOLYLOOP((#15914,#15911,#15910));
#238=IFCPOLYLOOP((#15919,#15927,#15918));
#239=IFCPOLYLOOP((#15876,#15857,#15856));
#240=IFCPOLYLOOP((#15921,#15894,#15928));
#241=IFCPOLYLOOP((#15864,#15929,#15862));
#242=IFCPOLYLOOP((#15925,#15930,#15797,#15800));
#243=IFCPOLYLOOP((#15800,#15857,#15931));
#244=IFCPOLYLOOP((#15912,#15932,#15910));
#245=IFCPOLYLOOP((#15932,#15912,#15933));
#246=IFCPOLYLOOP((#15889,#15870,#15886));
#247=IFCPOLYLOOP((#15922,#15906,#15934));
#248=IFCPOLYLOOP((#15930,#15907,#15797));
#249=IFCPOLYLOOP((#15931,#15935,#15800));
#250=IFCPOLYLOOP((#15913,#15910,#15926));
#251=IFCPOLYLOOP((#15883,#15878,#15936));
#252=IFCPOLYLOOP((#15928,#15937,#15922,#15934,#15921));
#253=IFCPOLYLOOP((#15935,#15924,#15800));
#254=IFCPOLYLOOP((#15933,#15938,#15883,#15936,#15932));
#255=IFCPOLYLOOP((#15897,#15868,#15874));
#256=IFCPOLYLOOP((#15917,#15939,#15918,#15927,#15915));
#257=IFCPOLYLOOP((#15862,#15940,#15941));
#258=IFCPOLYLOOP((#15942,#15943,#15944));
#259=IFCPOLYLOOP((#15862,#15929,#15945));
#260=IFCPOLYLOOP((#15946,#15947,#15948));
#261=IFCPOLYLOOP((#15949,#15950,#15946,#15951));
#262=IFCPOLYLOOP((#15941,#15952,#15862));
#263=IFCPOLYLOOP((#15942,#15953,#15943));
#264=IFCPOLYLOOP((#15945,#15954,#15862));
#265=IFCPOLYLOOP((#15955,#15944,#15956));
#266=IFCPOLYLOOP((#15948,#15957,#15946));
#267=IFCPOLYLOOP((#15951,#15958,#15959,#15949));
#268=IFCPOLYLOOP((#15862,#15942,#15940));
#269=IFCPOLYLOOP((#15954,#15953,#15942,#15862));
#270=IFCPOLYLOOP((#15958,#15951,#15960));
#271=IFCPOLYLOOP((#15950,#15947,#15946));
#272=IFCPOLYLOOP((#15944,#15955,#15942));
#273=IFCPOLYLOOP((#15957,#15961,#15946));
#274=IFCPOLYLOOP((#15852,#15962,#15963));
#275=IFCPOLYLOOP((#15852,#15952,#15964,#15965));
#276=IFCPOLYLOOP((#15952,#15966,#15967));
#277=IFCPOLYLOOP((#15956,#15968,#15958,#15960,#15955));
#278=IFCPOLYLOOP((#15965,#15962,#15852));
#279=IFCPOLYLOOP((#15941,#15966,#15952));
#280=IFCPOLYLOOP((#15855,#15969,#15961,#15970));
#281=IFCPOLYLOOP((#15967,#15964,#15952));
#282=IFCPOLYLOOP((#15969,#15946,#15961));
#283=IFCPOLYLOOP((#15970,#15908,#15855));
#284=IFCPOLYLOOP((#15963,#15853,#15852));
#285=IFCPOLYLOOP((#15926,#15856,#15855));
#286=IFCPOLYLOOP((#15857,#15800,#15799));
#287=IFCPOLYLOOP((#15851,#15969,#15855,#15849));
#288=IFCPOLYLOOP((#15971,#15972,#15945,#15929));
#289=IFCPOLYLOOP((#15929,#15864,#15971));
#290=IFCPOLYLOOP((#15973,#15974,#15975,#15976,#15977,#15978,#15979));
#291=IFCPOLYLOOP((#15979,#15980,#15981,#15973));
#292=IFCPOLYLOOP((#15982,#15983,#15984,#15985,#15986,#15987,#15988));
#293=IFCPOLYLOOP((#15980,#15989,#15990,#15981));
#294=IFCPOLYLOOP((#15988,#15990,#15989,#15982));
#295=IFCPOLYLOOP((#15982,#15991,#15992,#15993,#15994,#15995,#15972,#15971,
#15983));
#296=IFCPOLYLOOP((#15973,#15996,#15997,#15998,#15999,#16000,#16001,#16002,
#15974));
#297=IFCPOLYLOOP((#15959,#15980,#15979,#15949));
#298=IFCPOLYLOOP((#15958,#15989,#15980,#15959));
#299=IFCPOLYLOOP((#15968,#15982,#15989,#15958));
#300=IFCPOLYLOOP((#16001,#15909,#15908));
#301=IFCPOLYLOOP((#15908,#15970,#16002,#16001));
#302=IFCPOLYLOOP((#15884,#15990,#15988,#15877));
#303=IFCPOLYLOOP((#15883,#15981,#15990,#15884));
#304=IFCPOLYLOOP((#15938,#15973,#15981,#15883));
#305=IFCPOLYLOOP((#15956,#15991,#15982,#15968));
#306=IFCPOLYLOOP((#15944,#15992,#15991,#15956));
#307=IFCPOLYLOOP((#15943,#15993,#15992,#15944));
#308=IFCPOLYLOOP((#15953,#15994,#15993,#15943));
#309=IFCPOLYLOOP((#15954,#15995,#15994,#15953));
#310=IFCPOLYLOOP((#15945,#15972,#15995,#15954));
#311=IFCPOLYLOOP((#15863,#15983,#15971,#15864));
#312=IFCPOLYLOOP((#15872,#15984,#15983,#15863));
#313=IFCPOLYLOOP((#15873,#15985,#15984,#15872));
#314=IFCPOLYLOOP((#15867,#15986,#15985,#15873));
#315=IFCPOLYLOOP((#15866,#15987,#15986,#15867));
#316=IFCPOLYLOOP((#15877,#15988,#15987,#15866));
#317=IFCPOLYLOOP((#15961,#15974,#16002,#15970));
#318=IFCPOLYLOOP((#15957,#15975,#15974,#15961));
#319=IFCPOLYLOOP((#15948,#15976,#15975,#15957));
#320=IFCPOLYLOOP((#15947,#15977,#15976,#15948));
#321=IFCPOLYLOOP((#15950,#15978,#15977,#15947));
#322=IFCPOLYLOOP((#15949,#15979,#15978,#15950));
#323=IFCPOLYLOOP((#15933,#15996,#15973,#15938));
#324=IFCPOLYLOOP((#15912,#15997,#15996,#15933));
#325=IFCPOLYLOOP((#15911,#15998,#15997,#15912));
#326=IFCPOLYLOOP((#15914,#15999,#15998,#15911));
#327=IFCPOLYLOOP((#15913,#16000,#15999,#15914));
#328=IFCPOLYLOOP((#15909,#16001,#16000,#15913));
#329=IFCPOLYLOOP((#15920,#16003,#16004,#15903));
#330=IFCPOLYLOOP((#15918,#16005,#16003,#15920));
#331=IFCPOLYLOOP((#15939,#16006,#16005,#15918));
#332=IFCPOLYLOOP((#16007,#16008,#16005,#16006));
#333=IFCPOLYLOOP((#16009,#16010,#16011,#16012,#16013,#16014,#16015,#16016,
#16007));
#334=IFCPOLYLOOP((#16004,#16003,#16017,#16018));
#335=IFCPOLYLOOP((#16006,#16019,#16020,#16021,#16022,#16009,#16007));
#336=IFCPOLYLOOP((#16023,#16024,#16025,#16026,#16027,#16028,#16029,#16030,
#16004));
#337=IFCPOLYLOOP((#16018,#16031,#16032,#16033,#16034,#16023,#16004));
#338=IFCPOLYLOOP((#16008,#16017,#16003,#16005));
#339=IFCPOLYLOOP((#16010,#15861,#15860,#16011));
#340=IFCPOLYLOOP((#15923,#16008,#16007,#15905));
#341=IFCPOLYLOOP((#15922,#16017,#16008,#15923));
#342=IFCPOLYLOOP((#15937,#16018,#16017,#15922));
#343=IFCPOLYLOOP((#16024,#15875,#15871,#16025));
#344=IFCPOLYLOOP((#15868,#16012,#16011,#15860));
#345=IFCPOLYLOOP((#15897,#16013,#16012,#15868));
#346=IFCPOLYLOOP((#15896,#16014,#16013,#15897));
#347=IFCPOLYLOOP((#15899,#16015,#16014,#15896));
#348=IFCPOLYLOOP((#15898,#16016,#16015,#15899));
#349=IFCPOLYLOOP((#15905,#16007,#16016,#15898));
#350=IFCPOLYLOOP((#15917,#16019,#16006,#15939));
#351=IFCPOLYLOOP((#15916,#16020,#16019,#15917));
#352=IFCPOLYLOOP((#15880,#16021,#16020,#15916));
#353=IFCPOLYLOOP((#15879,#16022,#16021,#15880));
#354=IFCPOLYLOOP((#15881,#16009,#16022,#15879));
#355=IFCPOLYLOOP((#15861,#16010,#16009,#15881));
#356=IFCPOLYLOOP((#15870,#16026,#16025,#15871));
#357=IFCPOLYLOOP((#15889,#16027,#16026,#15870));
#358=IFCPOLYLOOP((#15888,#16028,#16027,#15889));
#359=IFCPOLYLOOP((#15891,#16029,#16028,#15888));
#360=IFCPOLYLOOP((#15890,#16030,#16029,#15891));
#361=IFCPOLYLOOP((#15903,#16004,#16030,#15890));
#362=IFCPOLYLOOP((#15928,#16031,#16018,#15937));
#363=IFCPOLYLOOP((#15894,#16032,#16031,#15928));
#364=IFCPOLYLOOP((#15893,#16033,#16032,#15894));
#365=IFCPOLYLOOP((#15895,#16034,#16033,#15893));
#366=IFCPOLYLOOP((#15882,#16023,#16034,#15895));
#367=IFCPOLYLOOP((#15875,#16024,#16023,#15882));
#368=IFCPOLYLOOP((#16035,#15966,#15941,#16036));
#369=IFCPOLYLOOP((#16037,#15967,#15966,#16035));
#370=IFCPOLYLOOP((#16038,#15964,#15967,#16037));
#371=IFCPOLYLOOP((#16039,#15965,#15964,#16038));
#372=IFCPOLYLOOP((#16040,#15962,#15965,#16039));
#373=IFCPOLYLOOP((#16041,#15963,#15962,#16040));
#374=IFCPOLYLOOP((#16042,#15853,#15963,#16041));
#375=IFCPOLYLOOP((#16043,#15851,#15853,#16042));
#376=IFCPOLYLOOP((#16044,#15969,#15851,#16043));
#377=IFCPOLYLOOP((#16045,#15946,#15969,#16044));
#378=IFCPOLYLOOP((#16046,#15951,#15946,#16045));
#379=IFCPOLYLOOP((#16047,#15960,#15951,#16046));
#380=IFCPOLYLOOP((#16048,#15955,#15960,#16047));
#381=IFCPOLYLOOP((#16049,#15942,#15955,#16048));
#382=IFCPOLYLOOP((#16050,#15940,#15942,#16049));
#383=IFCPOLYLOOP((#16036,#15941,#15940,#16050));
#384=IFCPOLYLOOP((#16038,#16037,#16051,#16052));
#385=IFCPOLYLOOP((#16036,#16050,#16053,#16054));
#386=IFCPOLYLOOP((#16048,#16047,#16055,#16056));
#387=IFCPOLYLOOP((#16046,#16045,#16057,#16058));
#388=IFCPOLYLOOP((#16037,#16035,#16059,#16051));
#389=IFCPOLYLOOP((#16050,#16049,#16060,#16053));
#390=IFCPOLYLOOP((#16058,#16055,#16047,#16046));
#391=IFCPOLYLOOP((#16040,#16039,#16061,#16062));
#392=IFCPOLYLOOP((#16054,#16059,#16035,#16036));
#393=IFCPOLYLOOP((#16045,#16044,#16063,#16057));
#394=IFCPOLYLOOP((#16052,#16061,#16039,#16038));
#395=IFCPOLYLOOP((#16044,#16043,#16064,#16063));
#396=IFCPOLYLOOP((#16042,#16041,#16065,#16066));
#397=IFCPOLYLOOP((#16056,#16060,#16049,#16048));
#398=IFCPOLYLOOP((#16062,#16065,#16041,#16040));
#399=IFCPOLYLOOP((#16066,#16064,#16043,#16042));
#400=IFCPOLYLOOP((#16067,#16059,#16054,#16068));
#401=IFCPOLYLOOP((#16069,#16051,#16059,#16067));
#402=IFCPOLYLOOP((#16070,#16052,#16051,#16069));
#403=IFCPOLYLOOP((#16071,#16061,#16052,#16070));
#404=IFCPOLYLOOP((#16072,#16062,#16061,#16071));
#405=IFCPOLYLOOP((#16073,#16065,#16062,#16072));
#406=IFCPOLYLOOP((#16074,#16066,#16065,#16073));
#407=IFCPOLYLOOP((#16075,#16064,#16066,#16074));
#408=IFCPOLYLOOP((#16076,#16063,#16064,#16075));
#409=IFCPOLYLOOP((#16077,#16057,#16063,#16076));
#410=IFCPOLYLOOP((#16078,#16058,#16057,#16077));
#411=IFCPOLYLOOP((#16079,#16055,#16058,#16078));
#412=IFCPOLYLOOP((#16080,#16056,#16055,#16079));
#413=IFCPOLYLOOP((#16081,#16060,#16056,#16080));
#414=IFCPOLYLOOP((#16082,#16053,#16060,#16081));
#415=IFCPOLYLOOP((#16068,#16054,#16053,#16082));
#416=IFCPOLYLOOP((#16083,#15887,#15901,#16084));
#417=IFCPOLYLOOP((#16085,#15865,#15887,#16083));
#418=IFCPOLYLOOP((#16086,#15878,#15865,#16085));
#419=IFCPOLYLOOP((#16087,#15936,#15878,#16086));
#420=IFCPOLYLOOP((#16088,#15932,#15936,#16087));
#421=IFCPOLYLOOP((#16089,#15910,#15932,#16088));
#422=IFCPOLYLOOP((#16090,#15926,#15910,#16089));
#423=IFCPOLYLOOP((#16091,#15856,#15926,#16090));
#424=IFCPOLYLOOP((#16092,#15869,#15856,#16091));
#425=IFCPOLYLOOP((#16093,#15886,#15869,#16092));
#426=IFCPOLYLOOP((#16094,#15904,#15886,#16093));
#427=IFCPOLYLOOP((#16095,#15919,#15904,#16094));
#428=IFCPOLYLOOP((#16096,#15927,#15919,#16095));
#429=IFCPOLYLOOP((#16097,#15915,#15927,#16096));
#430=IFCPOLYLOOP((#16098,#15858,#15915,#16097));
#431=IFCPOLYLOOP((#16084,#15901,#15858,#16098));
#432=IFCPOLYLOOP((#16087,#16086,#16099,#16100));
#433=IFCPOLYLOOP((#16085,#16083,#16101,#16102));
#434=IFCPOLYLOOP((#16090,#16089,#16103,#16104));
#435=IFCPOLYLOOP((#16100,#16105,#16088,#16087));
#436=IFCPOLYLOOP((#16083,#16084,#16106,#16101));
#437=IFCPOLYLOOP((#16096,#16095,#16107,#16108));
#438=IFCPOLYLOOP((#16105,#16103,#16089,#16088));
#439=IFCPOLYLOOP((#16084,#16098,#16109,#16106));
#440=IFCPOLYLOOP((#16108,#16110,#16097,#16096));
#441=IFCPOLYLOOP((#16094,#16093,#16111,#16112));
#442=IFCPOLYLOOP((#16102,#16099,#16086,#16085));
#443=IFCPOLYLOOP((#16112,#16107,#16095,#16094));
#444=IFCPOLYLOOP((#16110,#16109,#16098,#16097));
#445=IFCPOLYLOOP((#16092,#16091,#16113,#16114));
#446=IFCPOLYLOOP((#16114,#16111,#16093,#16092));
#447=IFCPOLYLOOP((#16104,#16113,#16091,#16090));
#448=IFCPOLYLOOP((#16115,#16101,#16106,#16116));
#449=IFCPOLYLOOP((#16117,#16102,#16101,#16115));
#450=IFCPOLYLOOP((#16118,#16099,#16102,#16117));
#451=IFCPOLYLOOP((#16119,#16100,#16099,#16118));
#452=IFCPOLYLOOP((#16120,#16105,#16100,#16119));
#453=IFCPOLYLOOP((#16121,#16103,#16105,#16120));
#454=IFCPOLYLOOP((#16122,#16104,#16103,#16121));
#455=IFCPOLYLOOP((#16123,#16113,#16104,#16122));
#456=IFCPOLYLOOP((#16124,#16114,#16113,#16123));
#457=IFCPOLYLOOP((#16125,#16111,#16114,#16124));
#458=IFCPOLYLOOP((#16126,#16112,#16111,#16125));
#459=IFCPOLYLOOP((#16127,#16107,#16112,#16126));
#460=IFCPOLYLOOP((#16128,#16108,#16107,#16127));
#461=IFCPOLYLOOP((#16129,#16110,#16108,#16128));
#462=IFCPOLYLOOP((#16130,#16109,#16110,#16129));
#463=IFCPOLYLOOP((#16116,#16106,#16109,#16130));
#464=IFCPOLYLOOP((#16131,#15859,#15885,#16132));
#465=IFCPOLYLOOP((#16133,#15874,#15859,#16131));
#466=IFCPOLYLOOP((#16134,#15906,#15874,#16133));
#467=IFCPOLYLOOP((#16135,#15934,#15906,#16134));
#468=IFCPOLYLOOP((#16136,#15921,#15934,#16135));
#469=IFCPOLYLOOP((#16137,#15892,#15921,#16136));
#470=IFCPOLYLOOP((#16138,#15876,#15892,#16137));
#471=IFCPOLYLOOP((#16139,#15857,#15876,#16138));
#472=IFCPOLYLOOP((#16140,#15931,#15857,#16139));
#473=IFCPOLYLOOP((#16141,#15935,#15931,#16140));
#474=IFCPOLYLOOP((#16142,#15924,#15935,#16141));
#475=IFCPOLYLOOP((#16143,#15925,#15924,#16142));
#476=IFCPOLYLOOP((#16144,#15930,#15925,#16143));
#477=IFCPOLYLOOP((#16145,#15907,#15930,#16144));
#478=IFCPOLYLOOP((#16146,#15902,#15907,#16145));
#479=IFCPOLYLOOP((#16132,#15885,#15902,#16146));
#480=IFCPOLYLOOP((#16131,#16132,#16147,#16148));
#481=IFCPOLYLOOP((#16145,#16144,#16149,#16150));
#482=IFCPOLYLOOP((#16143,#16142,#16151,#16152));
#483=IFCPOLYLOOP((#16132,#16146,#16153,#16147));
#484=IFCPOLYLOOP((#16152,#16149,#16144,#16143));
#485=IFCPOLYLOOP((#16138,#16137,#16154,#16155));
#486=IFCPOLYLOOP((#16136,#16135,#16156,#16157));
#487=IFCPOLYLOOP((#16134,#16133,#16158,#16159));
#488=IFCPOLYLOOP((#16150,#16153,#16146,#16145));
#489=IFCPOLYLOOP((#16157,#16154,#16137,#16136));
#490=IFCPOLYLOOP((#16148,#16158,#16133,#16131));
#491=IFCPOLYLOOP((#16141,#16140,#16160,#16161));
#492=IFCPOLYLOOP((#16159,#16156,#16135,#16134));
#493=IFCPOLYLOOP((#16140,#16139,#16162,#16160));
#494=IFCPOLYLOOP((#16161,#16151,#16142,#16141));
#495=IFCPOLYLOOP((#16155,#16162,#16139,#16138));
#496=IFCPOLYLOOP((#16163,#16148,#16147,#16164));
#497=IFCPOLYLOOP((#16165,#16158,#16148,#16163));
#498=IFCPOLYLOOP((#16166,#16159,#16158,#16165));
#499=IFCPOLYLOOP((#16167,#16156,#16159,#16166));
#500=IFCPOLYLOOP((#16168,#16157,#16156,#16167));
#501=IFCPOLYLOOP((#16169,#16154,#16157,#16168));
#502=IFCPOLYLOOP((#16170,#16155,#16154,#16169));
#503=IFCPOLYLOOP((#16171,#16162,#16155,#16170));
#504=IFCPOLYLOOP((#16172,#16160,#16162,#16171));
#505=IFCPOLYLOOP((#16173,#16161,#16160,#16172));
#506=IFCPOLYLOOP((#16174,#16151,#16161,#16173));
#507=IFCPOLYLOOP((#16175,#16152,#16151,#16174));
#508=IFCPOLYLOOP((#16176,#16149,#16152,#16175));
#509=IFCPOLYLOOP((#16177,#16150,#16149,#16176));
#510=IFCPOLYLOOP((#16178,#16153,#16150,#16177));
#511=IFCPOLYLOOP((#16164,#16147,#16153,#16178));
#512=IFCPOLYLOOP((#16179,#16180,#16079,#16078));
#513=IFCPOLYLOOP((#16181,#16182,#16071,#16070));
#514=IFCPOLYLOOP((#16183,#16075,#16074));
#515=IFCPOLYLOOP((#16078,#16077,#16179));
#516=IFCPOLYLOOP((#16184,#16185,#16081,#16080));
#517=IFCPOLYLOOP((#16070,#16069,#16186,#16181));
#518=IFCPOLYLOOP((#16183,#16179,#16076,#16075));
#519=IFCPOLYLOOP((#16080,#16079,#16180,#16184));
#520=IFCPOLYLOOP((#16069,#16067,#16187,#16186));
#521=IFCPOLYLOOP((#16183,#16073,#16072));
#522=IFCPOLYLOOP((#16077,#16076,#16179));
#523=IFCPOLYLOOP((#16188,#16189,#16068,#16082));
#524=IFCPOLYLOOP((#16072,#16071,#16182,#16183));
#525=IFCPOLYLOOP((#16082,#16081,#16185,#16188));
#526=IFCPOLYLOOP((#16074,#16073,#16183));
#527=IFCPOLYLOOP((#16067,#16068,#16189,#16187));
#528=IFCPOLYLOOP((#16190,#16180,#16179,#16191));
#529=IFCPOLYLOOP((#16192,#16183,#16182,#16193));
#530=IFCPOLYLOOP((#16194,#16184,#16180,#16190));
#531=IFCPOLYLOOP((#16195,#16185,#16184,#16194));
#532=IFCPOLYLOOP((#16196,#16188,#16185,#16195));
#533=IFCPOLYLOOP((#16197,#16189,#16188,#16196));
#534=IFCPOLYLOOP((#16198,#16187,#16189,#16197));
#535=IFCPOLYLOOP((#16199,#16186,#16187,#16198));
#536=IFCPOLYLOOP((#16200,#16181,#16186,#16199));
#537=IFCPOLYLOOP((#16193,#16182,#16181,#16200));
#538=IFCPOLYLOOP((#16201,#16202,#16118,#16117));
#539=IFCPOLYLOOP((#16203,#16204,#16120,#16119));
#540=IFCPOLYLOOP((#16204,#16205,#16123,#16122));
#541=IFCPOLYLOOP((#16117,#16115,#16206,#16201));
#542=IFCPOLYLOOP((#16204,#16121,#16120));
#543=IFCPOLYLOOP((#16205,#16207,#16124,#16123));
#544=IFCPOLYLOOP((#16119,#16118,#16202,#16203));
#545=IFCPOLYLOOP((#16207,#16125,#16124));
#546=IFCPOLYLOOP((#16207,#16208,#16127,#16126));
#547=IFCPOLYLOOP((#16209,#16210,#16129,#16128));
#548=IFCPOLYLOOP((#16122,#16121,#16204));
#549=IFCPOLYLOOP((#16128,#16127,#16208,#16209));
#550=IFCPOLYLOOP((#16126,#16125,#16207));
#551=IFCPOLYLOOP((#16211,#16212,#16116,#16130));
#552=IFCPOLYLOOP((#16130,#16129,#16210,#16211));
#553=IFCPOLYLOOP((#16115,#16116,#16212,#16206));
#554=IFCPOLYLOOP((#16213,#16208,#16207,#16214));
#555=IFCPOLYLOOP((#16215,#16204,#16203,#16216));
#556=IFCPOLYLOOP((#16217,#16209,#16208,#16213));
#557=IFCPOLYLOOP((#16218,#16210,#16209,#16217));
#558=IFCPOLYLOOP((#16219,#16211,#16210,#16218));
#559=IFCPOLYLOOP((#16220,#16212,#16211,#16219));
#560=IFCPOLYLOOP((#16221,#16206,#16212,#16220));
#561=IFCPOLYLOOP((#16222,#16201,#16206,#16221));
#562=IFCPOLYLOOP((#16223,#16202,#16201,#16222));
#563=IFCPOLYLOOP((#16216,#16203,#16202,#16223));
#564=IFCPOLYLOOP((#16224,#16225,#16165,#16163));
#565=IFCPOLYLOOP((#16226,#16227,#16167,#16166));
#566=IFCPOLYLOOP((#16228,#16229,#16171,#16170));
#567=IFCPOLYLOOP((#16230,#16231,#16176,#16175));
#568=IFCPOLYLOOP((#16166,#16165,#16225,#16226));
#569=IFCPOLYLOOP((#16228,#16169,#16168));
#570=IFCPOLYLOOP((#16229,#16172,#16171));
#571=IFCPOLYLOOP((#16229,#16174,#16173));
#572=IFCPOLYLOOP((#16231,#16232,#16177,#16176));
#573=IFCPOLYLOOP((#16168,#16167,#16227,#16228));
#574=IFCPOLYLOOP((#16173,#16172,#16229));
#575=IFCPOLYLOOP((#16232,#16233,#16178,#16177));
#576=IFCPOLYLOOP((#16170,#16169,#16228));
#577=IFCPOLYLOOP((#16233,#16234,#16164,#16178));
#578=IFCPOLYLOOP((#16175,#16174,#16229,#16230));
#579=IFCPOLYLOOP((#16163,#16164,#16234,#16224));
#580=IFCPOLYLOOP((#16235,#16230,#16229,#16236));
#581=IFCPOLYLOOP((#16237,#16228,#16227,#16238));
#582=IFCPOLYLOOP((#16239,#16231,#16230,#16235));
#583=IFCPOLYLOOP((#16240,#16232,#16231,#16239));
#584=IFCPOLYLOOP((#16241,#16233,#16232,#16240));
#585=IFCPOLYLOOP((#16242,#16234,#16233,#16241));
#586=IFCPOLYLOOP((#16243,#16224,#16234,#16242));
#587=IFCPOLYLOOP((#16244,#16225,#16224,#16243));
#588=IFCPOLYLOOP((#16245,#16226,#16225,#16244));
#589=IFCPOLYLOOP((#16238,#16227,#16226,#16245));
#590=IFCPOLYLOOP((#16246,#16239,#16235));
#591=IFCPOLYLOOP((#16246,#16241,#16240));
#592=IFCPOLYLOOP((#16240,#16239,#16246));
#593=IFCPOLYLOOP((#16219,#16243,#16242));
#594=IFCPOLYLOOP((#16246,#16242,#16241));
#595=IFCPOLYLOOP((#16219,#16244,#16243));
#596=IFCPOLYLOOP((#16238,#16245,#16217,#16213));
#597=IFCPOLYLOOP((#16242,#16246,#16219));
#598=IFCPOLYLOOP((#16245,#16218,#16217));
#599=IFCPOLYLOOP((#16219,#16245,#16244));
#600=IFCPOLYLOOP((#16245,#16219,#16218));
#601=IFCPOLYLOOP((#16213,#16214,#16237,#16238));
#602=IFCPOLYLOOP((#16247,#16195,#16194,#16221));
#603=IFCPOLYLOOP((#16248,#16200,#16199));
#604=IFCPOLYLOOP((#16190,#16191,#16215,#16216));
#605=IFCPOLYLOOP((#16246,#16247,#16220,#16219));
#606=IFCPOLYLOOP((#16247,#16196,#16195));
#607=IFCPOLYLOOP((#16247,#16248,#16197));
#608=IFCPOLYLOOP((#16199,#16198,#16248));
#609=IFCPOLYLOOP((#16216,#16223,#16194,#16190));
#610=IFCPOLYLOOP((#16221,#16220,#16247));
#611=IFCPOLYLOOP((#16198,#16197,#16248));
#612=IFCPOLYLOOP((#16223,#16222,#16194));
#613=IFCPOLYLOOP((#16197,#16196,#16247));
#614=IFCPOLYLOOP((#16235,#16236,#16249,#16246));
#615=IFCPOLYLOOP((#16248,#16250,#16192,#16193));
#616=IFCPOLYLOOP((#16193,#16200,#16248));
#617=IFCPOLYLOOP((#16222,#16221,#16194));
#618=IFCPOLYLOOP((#16251,#16252,#16253));
#619=IFCPOLYLOOP((#16251,#15952,#16254,#16252));
#620=IFCPOLYLOOP((#15952,#15852,#16255,#16256));
#621=IFCPOLYLOOP((#16256,#16254,#15952));
#622=IFCPOLYLOOP((#15852,#15850,#16257,#16258));
#623=IFCPOLYLOOP((#15850,#16259,#16260,#16261));
#624=IFCPOLYLOOP((#16258,#16255,#15852));
#625=IFCPOLYLOOP((#16261,#16262,#15850));
#626=IFCPOLYLOOP((#16262,#16257,#15850));
#627=IFCPOLYLOOP((#16253,#16263,#16264,#16251));
#628=IFCPOLYLOOP((#16259,#16265,#16266,#16260));
#629=IFCPOLYLOOP((#16263,#16267,#16268,#16269));
#630=IFCPOLYLOOP((#16269,#16264,#16263));
#631=IFCPOLYLOOP((#16253,#16270,#16267,#16263));
#632=IFCPOLYLOOP((#16260,#16266,#16271,#16261));
#633=IFCPOLYLOOP((#16272,#16262,#16261,#16271));
#634=IFCPOLYLOOP((#16273,#16257,#16262,#16272));
#635=IFCPOLYLOOP((#16274,#16258,#16257,#16273));
#636=IFCPOLYLOOP((#16275,#16255,#16258,#16274));
#637=IFCPOLYLOOP((#16276,#16256,#16255,#16275));
#638=IFCPOLYLOOP((#16277,#16254,#16256,#16276));
#639=IFCPOLYLOOP((#16278,#16252,#16254,#16277));
#640=IFCPOLYLOOP((#16270,#16253,#16252,#16278));
#641=IFCPOLYLOOP((#16279,#16280,#16281,#16282));
#642=IFCPOLYLOOP((#16280,#16283,#16281));
#643=IFCPOLYLOOP((#16282,#16284,#16285,#16279));
#644=IFCPOLYLOOP((#16284,#16286,#16285));
#645=IFCPOLYLOOP((#16284,#16270,#16287,#16286));
#646=IFCPOLYLOOP((#16270,#16288,#16287));
#647=IFCPOLYLOOP((#16270,#16278,#16289,#16288));
#648=IFCPOLYLOOP((#16280,#16290,#16283));
#649=IFCPOLYLOOP((#16266,#16291,#16292));
#650=IFCPOLYLOOP((#16270,#16293,#16294));
#651=IFCPOLYLOOP((#16292,#16283,#16290,#16266));
#652=IFCPOLYLOOP((#16277,#16276,#16295,#16296));
#653=IFCPOLYLOOP((#16297,#16298,#16299,#16300));
#654=IFCPOLYLOOP((#16294,#16301,#16267,#16270));
#655=IFCPOLYLOOP((#16296,#16289,#16278,#16277));
#656=IFCPOLYLOOP((#16273,#16272,#16302,#16303));
#657=IFCPOLYLOOP((#16300,#16304,#16305,#16297));
#658=IFCPOLYLOOP((#16266,#16290,#16306));
#659=IFCPOLYLOOP((#16284,#16293,#16270));
#660=IFCPOLYLOOP((#16275,#16274,#16307,#16308));
#661=IFCPOLYLOOP((#16272,#16271,#16309,#16302));
#662=IFCPOLYLOOP((#16310,#16311,#16291,#16266));
#663=IFCPOLYLOOP((#16298,#16312,#16313,#16299));
#664=IFCPOLYLOOP((#16301,#16314,#16267));
#665=IFCPOLYLOOP((#16303,#16307,#16274,#16273));
#666=IFCPOLYLOOP((#16310,#16315,#16316,#16311));
#667=IFCPOLYLOOP((#16312,#16317,#16268,#16267,#16314,#16313));
#668=IFCPOLYLOOP((#16308,#16295,#16276,#16275));
#669=IFCPOLYLOOP((#16304,#16316,#16315,#16305));
#670=IFCPOLYLOOP((#16266,#16265,#16310));
#671=IFCPOLYLOOP((#16306,#16309,#16271,#16266));
#672=IFCPOLYLOOP((#16318,#16310,#16265,#16319));
#673=IFCPOLYLOOP((#16320,#16315,#16310,#16318));
#674=IFCPOLYLOOP((#16321,#16305,#16315,#16320));
#675=IFCPOLYLOOP((#16322,#16297,#16305,#16321));
#676=IFCPOLYLOOP((#16323,#16298,#16297,#16322));
#677=IFCPOLYLOOP((#16324,#16312,#16298,#16323));
#678=IFCPOLYLOOP((#16325,#16317,#16312,#16324));
#679=IFCPOLYLOOP((#16326,#16268,#16317,#16325));
#680=IFCPOLYLOOP((#16327,#16314,#16301,#16328));
#681=IFCPOLYLOOP((#16329,#16313,#16314,#16327));
#682=IFCPOLYLOOP((#16330,#16299,#16313,#16329));
#683=IFCPOLYLOOP((#16331,#16300,#16299,#16330));
#684=IFCPOLYLOOP((#16332,#16304,#16300,#16331));
#685=IFCPOLYLOOP((#16333,#16316,#16304,#16332));
#686=IFCPOLYLOOP((#16334,#16311,#16316,#16333));
#687=IFCPOLYLOOP((#16335,#16291,#16311,#16334));
#688=IFCPOLYLOOP((#16336,#16292,#16291,#16335));
#689=IFCPOLYLOOP((#16337,#16283,#16292,#16336));
#690=IFCPOLYLOOP((#16338,#16281,#16283,#16337));
#691=IFCPOLYLOOP((#16339,#16282,#16281,#16338));
#692=IFCPOLYLOOP((#16340,#16284,#16282,#16339));
#693=IFCPOLYLOOP((#16341,#16293,#16284,#16340));
#694=IFCPOLYLOOP((#16342,#16294,#16293,#16341));
#695=IFCPOLYLOOP((#16328,#16301,#16294,#16342));
#696=IFCPOLYLOOP((#16343,#16344,#16335,#16334));
#697=IFCPOLYLOOP((#16345,#16346,#16337,#16336));
#698=IFCPOLYLOOP((#16347,#16348,#16340,#16339));
#699=IFCPOLYLOOP((#16336,#16335,#16344,#16345));
#700=IFCPOLYLOOP((#16339,#16338,#16349,#16347));
#701=IFCPOLYLOOP((#16350,#16351,#16329,#16327));
#702=IFCPOLYLOOP((#16352,#16353,#16332,#16331));
#703=IFCPOLYLOOP((#16338,#16337,#16346,#16349));
#704=IFCPOLYLOOP((#16351,#16354,#16330,#16329));
#705=IFCPOLYLOOP((#16353,#16355,#16333,#16332));
#706=IFCPOLYLOOP((#16348,#16356,#16341,#16340));
#707=IFCPOLYLOOP((#16357,#16358,#16328,#16342));
#708=IFCPOLYLOOP((#16331,#16330,#16354,#16352));
#709=IFCPOLYLOOP((#16342,#16341,#16356,#16357));
#710=IFCPOLYLOOP((#16334,#16333,#16355,#16343));
#711=IFCPOLYLOOP((#16327,#16328,#16358,#16350));
#712=IFCPOLYLOOP((#16359,#16350,#16358,#16360));
#713=IFCPOLYLOOP((#16361,#16351,#16350,#16359));
#714=IFCPOLYLOOP((#16362,#16354,#16351,#16361));
#715=IFCPOLYLOOP((#16363,#16352,#16354,#16362));
#716=IFCPOLYLOOP((#16364,#16353,#16352,#16363));
#717=IFCPOLYLOOP((#16365,#16355,#16353,#16364));
#718=IFCPOLYLOOP((#16366,#16343,#16355,#16365));
#719=IFCPOLYLOOP((#16367,#16344,#16343,#16366));
#720=IFCPOLYLOOP((#16368,#16345,#16344,#16367));
#721=IFCPOLYLOOP((#16369,#16346,#16345,#16368));
#722=IFCPOLYLOOP((#16370,#16349,#16346,#16369));
#723=IFCPOLYLOOP((#16371,#16347,#16349,#16370));
#724=IFCPOLYLOOP((#16372,#16348,#16347,#16371));
#725=IFCPOLYLOOP((#16373,#16356,#16348,#16372));
#726=IFCPOLYLOOP((#16374,#16357,#16356,#16373));
#727=IFCPOLYLOOP((#16360,#16358,#16357,#16374));
#728=IFCPOLYLOOP((#16375,#16287,#16288,#16376));
#729=IFCPOLYLOOP((#16377,#16286,#16287,#16375));
#730=IFCPOLYLOOP((#16378,#16285,#16286,#16377));
#731=IFCPOLYLOOP((#16379,#16279,#16285,#16378));
#732=IFCPOLYLOOP((#16380,#16280,#16279,#16379));
#733=IFCPOLYLOOP((#16381,#16290,#16280,#16380));
#734=IFCPOLYLOOP((#16382,#16306,#16290,#16381));
#735=IFCPOLYLOOP((#16383,#16309,#16306,#16382));
#736=IFCPOLYLOOP((#16384,#16302,#16309,#16383));
#737=IFCPOLYLOOP((#16385,#16303,#16302,#16384));
#738=IFCPOLYLOOP((#16386,#16307,#16303,#16385));
#739=IFCPOLYLOOP((#16387,#16308,#16307,#16386));
#740=IFCPOLYLOOP((#16388,#16295,#16308,#16387));
#741=IFCPOLYLOOP((#16389,#16296,#16295,#16388));
#742=IFCPOLYLOOP((#16390,#16289,#16296,#16389));
#743=IFCPOLYLOOP((#16376,#16288,#16289,#16390));
#744=IFCPOLYLOOP((#16391,#16392,#16383,#16382));
#745=IFCPOLYLOOP((#16393,#16394,#16377,#16375));
#746=IFCPOLYLOOP((#16395,#16396,#16380,#16379));
#747=IFCPOLYLOOP((#16392,#16397,#16384,#16383));
#748=IFCPOLYLOOP((#16398,#16399,#16386,#16385));
#749=IFCPOLYLOOP((#16394,#16400,#16378,#16377));
#750=IFCPOLYLOOP((#16396,#16401,#16381,#16380));
#751=IFCPOLYLOOP((#16385,#16384,#16397,#16398));
#752=IFCPOLYLOOP((#16402,#16403,#16388,#16387));
#753=IFCPOLYLOOP((#16379,#16378,#16400,#16395));
#754=IFCPOLYLOOP((#16387,#16386,#16399,#16402));
#755=IFCPOLYLOOP((#16404,#16405,#16390,#16389));
#756=IFCPOLYLOOP((#16382,#16381,#16401,#16391));
#757=IFCPOLYLOOP((#16405,#16406,#16376,#16390));
#758=IFCPOLYLOOP((#16389,#16388,#16403,#16404));
#759=IFCPOLYLOOP((#16375,#16376,#16406,#16393));
#760=IFCPOLYLOOP((#16407,#16393,#16406,#16408));
#761=IFCPOLYLOOP((#16409,#16394,#16393,#16407));
#762=IFCPOLYLOOP((#16410,#16400,#16394,#16409));
#763=IFCPOLYLOOP((#16411,#16395,#16400,#16410));
#764=IFCPOLYLOOP((#16412,#16396,#16395,#16411));
#765=IFCPOLYLOOP((#16413,#16401,#16396,#16412));
#766=IFCPOLYLOOP((#16414,#16391,#16401,#16413));
#767=IFCPOLYLOOP((#16415,#16392,#16391,#16414));
#768=IFCPOLYLOOP((#16416,#16397,#16392,#16415));
#769=IFCPOLYLOOP((#16417,#16398,#16397,#16416));
#770=IFCPOLYLOOP((#16418,#16399,#16398,#16417));
#771=IFCPOLYLOOP((#16419,#16402,#16399,#16418));
#772=IFCPOLYLOOP((#16420,#16403,#16402,#16419));
#773=IFCPOLYLOOP((#16421,#16404,#16403,#16420));
#774=IFCPOLYLOOP((#16422,#16405,#16404,#16421));
#775=IFCPOLYLOOP((#16408,#16406,#16405,#16422));
#776=IFCPOLYLOOP((#16423,#16424,#16425));
#777=IFCPOLYLOOP((#16426,#16427,#16428));
#778=IFCPOLYLOOP((#16426,#16429,#16430));
#779=IFCPOLYLOOP((#16431,#16432,#16433));
#780=IFCPOLYLOOP((#16248,#16434,#16435));
#781=IFCPOLYLOOP((#16424,#16436,#16434));
#782=IFCPOLYLOOP((#16424,#16437,#16425));
#783=IFCPOLYLOOP((#16248,#16428,#16438));
#784=IFCPOLYLOOP((#16430,#16427,#16426));
#785=IFCPOLYLOOP((#16433,#16439,#16440,#16431));
#786=IFCPOLYLOOP((#16434,#16248,#16424));
#787=IFCPOLYLOOP((#16425,#16441,#16423));
#788=IFCPOLYLOOP((#16428,#16248,#16426));
#789=IFCPOLYLOOP((#16429,#16426,#16432));
#790=IFCPOLYLOOP((#16423,#16436,#16424));
#791=IFCPOLYLOOP((#16424,#16442,#16443));
#792=IFCPOLYLOOP((#16248,#16444,#16445));
#793=IFCPOLYLOOP((#16431,#16429,#16432));
#794=IFCPOLYLOOP((#16443,#16437,#16424));
#795=IFCPOLYLOOP((#16446,#16447,#16448));
#796=IFCPOLYLOOP((#16441,#16425,#16449));
#797=IFCPOLYLOOP((#16248,#16450,#16444));
#798=IFCPOLYLOOP((#16435,#16426,#16248));
#799=IFCPOLYLOOP((#16448,#16451,#16452,#16446));
#800=IFCPOLYLOOP((#16449,#16453,#16441));
#801=IFCPOLYLOOP((#16438,#16450,#16248));
#802=IFCPOLYLOOP((#16453,#16447,#16441));
#803=IFCPOLYLOOP((#16446,#16441,#16447));
#804=IFCPOLYLOOP((#16424,#16454,#16455,#16456));
#805=IFCPOLYLOOP((#16456,#16442,#16424));
#806=IFCPOLYLOOP((#16445,#16457,#16250,#16248));
#807=IFCPOLYLOOP((#16447,#16458,#16459,#16448));
#808=IFCPOLYLOOP((#16453,#16460,#16458,#16447));
#809=IFCPOLYLOOP((#16449,#16461,#16460,#16453));
#810=IFCPOLYLOOP((#16425,#16462,#16461,#16449));
#811=IFCPOLYLOOP((#16437,#16463,#16462,#16425));
#812=IFCPOLYLOOP((#16443,#16464,#16463,#16437));
#813=IFCPOLYLOOP((#16442,#16465,#16464,#16443));
#814=IFCPOLYLOOP((#16456,#16466,#16465,#16442));
#815=IFCPOLYLOOP((#16432,#16467,#16468,#16433));
#816=IFCPOLYLOOP((#16426,#16469,#16467,#16432));
#817=IFCPOLYLOOP((#16435,#16470,#16469,#16426));
#818=IFCPOLYLOOP((#16434,#16471,#16470,#16435));
#819=IFCPOLYLOOP((#16436,#16472,#16471,#16434));
#820=IFCPOLYLOOP((#16423,#16473,#16472,#16436));
#821=IFCPOLYLOOP((#16441,#16474,#16473,#16423));
#822=IFCPOLYLOOP((#16446,#16475,#16474,#16441));
#823=IFCPOLYLOOP((#16444,#16476,#16477,#16445));
#824=IFCPOLYLOOP((#16450,#16478,#16476,#16444));
#825=IFCPOLYLOOP((#16438,#16479,#16478,#16450));
#826=IFCPOLYLOOP((#16428,#16480,#16479,#16438));
#827=IFCPOLYLOOP((#16427,#16481,#16480,#16428));
#828=IFCPOLYLOOP((#16430,#16482,#16481,#16427));
#829=IFCPOLYLOOP((#16429,#16483,#16482,#16430));
#830=IFCPOLYLOOP((#16431,#16484,#16483,#16429));
#831=IFCPOLYLOOP((#16485,#16486,#16440,#16439));
#832=IFCPOLYLOOP((#16468,#16487,#16488,#16485));
#833=IFCPOLYLOOP((#16485,#16439,#16433,#16468));
#834=IFCPOLYLOOP((#16484,#16431,#16440,#16486));
#835=IFCPOLYLOOP((#16486,#16489,#16490,#16484));
#836=IFCPOLYLOOP((#16485,#16488,#16491));
#837=IFCPOLYLOOP((#16491,#16489,#16486,#16485));
#838=IFCPOLYLOOP((#16466,#16456,#16455,#16492));
#839=IFCPOLYLOOP((#16492,#16493,#16494,#16466));
#840=IFCPOLYLOOP((#16459,#16495,#16496,#16497));
#841=IFCPOLYLOOP((#16497,#16451,#16448,#16459));
#842=IFCPOLYLOOP((#16475,#16446,#16452,#16498));
#843=IFCPOLYLOOP((#16498,#16499,#16500,#16475));
#844=IFCPOLYLOOP((#16498,#16497,#16496,#16501));
#845=IFCPOLYLOOP((#16501,#16499,#16498));
#846=IFCPOLYLOOP((#16497,#16498,#16452,#16451));
#847=IFCPOLYLOOP((#16477,#16502,#16503,#16504));
#848=IFCPOLYLOOP((#16504,#16457,#16445,#16477));
#849=IFCPOLYLOOP((#16462,#16463,#16505,#16506));
#850=IFCPOLYLOOP((#16506,#16507,#16461,#16462));
#851=IFCPOLYLOOP((#16495,#16508,#16509));
#852=IFCPOLYLOOP((#16495,#16459,#16510,#16511));
#853=IFCPOLYLOOP((#16458,#16460,#16512,#16513));
#854=IFCPOLYLOOP((#16463,#16464,#16514,#16505));
#855=IFCPOLYLOOP((#16465,#16466,#16515,#16516));
#856=IFCPOLYLOOP((#16494,#16517,#16518));
#857=IFCPOLYLOOP((#16511,#16508,#16495));
#858=IFCPOLYLOOP((#16507,#16512,#16460,#16461));
#859=IFCPOLYLOOP((#16466,#16494,#16519,#16515));
#860=IFCPOLYLOOP((#16494,#16520,#16521,#16517));
#861=IFCPOLYLOOP((#16513,#16510,#16459,#16458));
#862=IFCPOLYLOOP((#16518,#16519,#16494));
#863=IFCPOLYLOOP((#16516,#16514,#16464,#16465));
#864=IFCPOLYLOOP((#16509,#16521,#16520,#16495));
#865=IFCPOLYLOOP((#16473,#16474,#16522,#16523));
#866=IFCPOLYLOOP((#16487,#16524,#16525));
#867=IFCPOLYLOOP((#16474,#16475,#16526,#16522));
#868=IFCPOLYLOOP((#16487,#16527,#16524));
#869=IFCPOLYLOOP((#16468,#16467,#16528,#16529));
#870=IFCPOLYLOOP((#16469,#16470,#16530,#16531));
#871=IFCPOLYLOOP((#16471,#16472,#16532,#16533));
#872=IFCPOLYLOOP((#16475,#16500,#16534,#16526));
#873=IFCPOLYLOOP((#16529,#16527,#16487,#16468));
#874=IFCPOLYLOOP((#16533,#16530,#16470,#16471));
#875=IFCPOLYLOOP((#16500,#16535,#16534));
#876=IFCPOLYLOOP((#16531,#16528,#16467,#16469));
#877=IFCPOLYLOOP((#16500,#16536,#16535));
#878=IFCPOLYLOOP((#16523,#16532,#16472,#16473));
#879=IFCPOLYLOOP((#16500,#16537,#16538,#16536));
#880=IFCPOLYLOOP((#16525,#16538,#16537,#16487));
#881=IFCPOLYLOOP((#16480,#16481,#16539,#16540));
#882=IFCPOLYLOOP((#16540,#16541,#16479,#16480));
#883=IFCPOLYLOOP((#16482,#16483,#16542,#16543));
#884=IFCPOLYLOOP((#16484,#16490,#16544,#16545));
#885=IFCPOLYLOOP((#16541,#16546,#16478,#16479));
#886=IFCPOLYLOOP((#16545,#16542,#16483,#16484));
#887=IFCPOLYLOOP((#16477,#16476,#16547,#16548));
#888=IFCPOLYLOOP((#16543,#16539,#16481,#16482));
#889=IFCPOLYLOOP((#16490,#16549,#16550));
#890=IFCPOLYLOOP((#16502,#16551,#16552));
#891=IFCPOLYLOOP((#16546,#16547,#16476,#16478));
#892=IFCPOLYLOOP((#16490,#16553,#16549));
#893=IFCPOLYLOOP((#16552,#16554,#16502));
#894=IFCPOLYLOOP((#16550,#16544,#16490));
#895=IFCPOLYLOOP((#16548,#16551,#16502,#16477));
#896=IFCPOLYLOOP((#16554,#16553,#16490,#16502));
#897=IFCPOLYLOOP((#16492,#16555,#16556,#16493));
#898=IFCPOLYLOOP((#16503,#16557,#16558,#16504));
#899=IFCPOLYLOOP((#16559,#16507,#16506,#16560));
#900=IFCPOLYLOOP((#16561,#16512,#16507,#16559));
#901=IFCPOLYLOOP((#16562,#16513,#16512,#16561));
#902=IFCPOLYLOOP((#16563,#16510,#16513,#16562));
#903=IFCPOLYLOOP((#16564,#16511,#16510,#16563));
#904=IFCPOLYLOOP((#16565,#16508,#16511,#16564));
#905=IFCPOLYLOOP((#16566,#16509,#16508,#16565));
#906=IFCPOLYLOOP((#16567,#16521,#16509,#16566));
#907=IFCPOLYLOOP((#16568,#16517,#16521,#16567));
#908=IFCPOLYLOOP((#16569,#16518,#16517,#16568));
#909=IFCPOLYLOOP((#16570,#16519,#16518,#16569));
#910=IFCPOLYLOOP((#16571,#16515,#16519,#16570));
#911=IFCPOLYLOOP((#16572,#16516,#16515,#16571));
#912=IFCPOLYLOOP((#16573,#16514,#16516,#16572));
#913=IFCPOLYLOOP((#16574,#16505,#16514,#16573));
#914=IFCPOLYLOOP((#16560,#16506,#16505,#16574));
#915=IFCPOLYLOOP((#16575,#16576,#16567,#16566));
#916=IFCPOLYLOOP((#16576,#16577,#16568,#16567));
#917=IFCPOLYLOOP((#16578,#16579,#16570,#16569));
#918=IFCPOLYLOOP((#16580,#16581,#16561,#16559));
#919=IFCPOLYLOOP((#16582,#16583,#16563,#16562));
#920=IFCPOLYLOOP((#16584,#16585,#16565,#16564));
#921=IFCPOLYLOOP((#16569,#16568,#16577,#16578));
#922=IFCPOLYLOOP((#16562,#16561,#16581,#16582));
#923=IFCPOLYLOOP((#16566,#16565,#16585,#16575));
#924=IFCPOLYLOOP((#16586,#16587,#16573,#16572));
#925=IFCPOLYLOOP((#16564,#16563,#16583,#16584));
#926=IFCPOLYLOOP((#16572,#16571,#16588,#16586));
#927=IFCPOLYLOOP((#16571,#16570,#16579,#16588));
#928=IFCPOLYLOOP((#16589,#16590,#16560,#16574));
#929=IFCPOLYLOOP((#16574,#16573,#16587,#16589));
#930=IFCPOLYLOOP((#16559,#16560,#16590,#16580));
#931=IFCPOLYLOOP((#16591,#16580,#16590,#16592));
#932=IFCPOLYLOOP((#16593,#16581,#16580,#16591));
#933=IFCPOLYLOOP((#16594,#16582,#16581,#16593));
#934=IFCPOLYLOOP((#16595,#16583,#16582,#16594));
#935=IFCPOLYLOOP((#16596,#16584,#16583,#16595));
#936=IFCPOLYLOOP((#16597,#16585,#16584,#16596));
#937=IFCPOLYLOOP((#16598,#16575,#16585,#16597));
#938=IFCPOLYLOOP((#16599,#16576,#16575,#16598));
#939=IFCPOLYLOOP((#16600,#16577,#16576,#16599));
#940=IFCPOLYLOOP((#16601,#16578,#16577,#16600));
#941=IFCPOLYLOOP((#16602,#16579,#16578,#16601));
#942=IFCPOLYLOOP((#16603,#16588,#16579,#16602));
#943=IFCPOLYLOOP((#16604,#16586,#16588,#16603));
#944=IFCPOLYLOOP((#16605,#16587,#16586,#16604));
#945=IFCPOLYLOOP((#16606,#16589,#16587,#16605));
#946=IFCPOLYLOOP((#16592,#16590,#16589,#16606));
#947=IFCPOLYLOOP((#16607,#16530,#16533,#16608));
#948=IFCPOLYLOOP((#16609,#16531,#16530,#16607));
#949=IFCPOLYLOOP((#16610,#16528,#16531,#16609));
#950=IFCPOLYLOOP((#16611,#16529,#16528,#16610));
#951=IFCPOLYLOOP((#16612,#16527,#16529,#16611));
#952=IFCPOLYLOOP((#16613,#16524,#16527,#16612));
#953=IFCPOLYLOOP((#16614,#16525,#16524,#16613));
#954=IFCPOLYLOOP((#16615,#16538,#16525,#16614));
#955=IFCPOLYLOOP((#16616,#16536,#16538,#16615));
#956=IFCPOLYLOOP((#16617,#16535,#16536,#16616));
#957=IFCPOLYLOOP((#16618,#16534,#16535,#16617));
#958=IFCPOLYLOOP((#16619,#16526,#16534,#16618));
#959=IFCPOLYLOOP((#16620,#16522,#16526,#16619));
#960=IFCPOLYLOOP((#16621,#16523,#16522,#16620));
#961=IFCPOLYLOOP((#16622,#16532,#16523,#16621));
#962=IFCPOLYLOOP((#16608,#16533,#16532,#16622));
#963=IFCPOLYLOOP((#16623,#16624,#16612,#16611));
#964=IFCPOLYLOOP((#16625,#16626,#16614,#16613));
#965=IFCPOLYLOOP((#16613,#16612,#16624,#16625));
#966=IFCPOLYLOOP((#16627,#16628,#16616,#16615));
#967=IFCPOLYLOOP((#16629,#16630,#16619,#16618));
#968=IFCPOLYLOOP((#16631,#16632,#16621,#16620));
#969=IFCPOLYLOOP((#16633,#16634,#16610,#16609));
#970=IFCPOLYLOOP((#16615,#16614,#16626,#16627));
#971=IFCPOLYLOOP((#16620,#16619,#16630,#16631));
#972=IFCPOLYLOOP((#16609,#16607,#16635,#16633));
#973=IFCPOLYLOOP((#16628,#16636,#16617,#16616));
#974=IFCPOLYLOOP((#16632,#16637,#16622,#16621));
#975=IFCPOLYLOOP((#16611,#16610,#16634,#16623));
#976=IFCPOLYLOOP((#16637,#16638,#16608,#16622));
#977=IFCPOLYLOOP((#16618,#16617,#16636,#16629));
#978=IFCPOLYLOOP((#16607,#16608,#16638,#16635));
#979=IFCPOLYLOOP((#16639,#16635,#16638,#16640));
#980=IFCPOLYLOOP((#16641,#16633,#16635,#16639));
#981=IFCPOLYLOOP((#16642,#16634,#16633,#16641));
#982=IFCPOLYLOOP((#16643,#16623,#16634,#16642));
#983=IFCPOLYLOOP((#16644,#16624,#16623,#16643));
#984=IFCPOLYLOOP((#16645,#16625,#16624,#16644));
#985=IFCPOLYLOOP((#16646,#16626,#16625,#16645));
#986=IFCPOLYLOOP((#16647,#16627,#16626,#16646));
#987=IFCPOLYLOOP((#16648,#16628,#16627,#16647));
#988=IFCPOLYLOOP((#16649,#16636,#16628,#16648));
#989=IFCPOLYLOOP((#16650,#16629,#16636,#16649));
#990=IFCPOLYLOOP((#16651,#16630,#16629,#16650));
#991=IFCPOLYLOOP((#16652,#16631,#16630,#16651));
#992=IFCPOLYLOOP((#16653,#16632,#16631,#16652));
#993=IFCPOLYLOOP((#16654,#16637,#16632,#16653));
#994=IFCPOLYLOOP((#16640,#16638,#16637,#16654));
#995=IFCPOLYLOOP((#16655,#16541,#16540,#16656));
#996=IFCPOLYLOOP((#16657,#16546,#16541,#16655));
#997=IFCPOLYLOOP((#16658,#16547,#16546,#16657));
#998=IFCPOLYLOOP((#16659,#16548,#16547,#16658));
#999=IFCPOLYLOOP((#16660,#16551,#16548,#16659));
#1000=IFCPOLYLOOP((#16661,#16552,#16551,#16660));
#1001=IFCPOLYLOOP((#16662,#16554,#16552,#16661));
#1002=IFCPOLYLOOP((#16663,#16553,#16554,#16662));
#1003=IFCPOLYLOOP((#16664,#16549,#16553,#16663));
#1004=IFCPOLYLOOP((#16665,#16550,#16549,#16664));
#1005=IFCPOLYLOOP((#16666,#16544,#16550,#16665));
#1006=IFCPOLYLOOP((#16667,#16545,#16544,#16666));
#1007=IFCPOLYLOOP((#16668,#16542,#16545,#16667));
#1008=IFCPOLYLOOP((#16669,#16543,#16542,#16668));
#1009=IFCPOLYLOOP((#16670,#16539,#16543,#16669));
#1010=IFCPOLYLOOP((#16656,#16540,#16539,#16670));
#1011=IFCPOLYLOOP((#16671,#16672,#16662,#16661));
#1012=IFCPOLYLOOP((#16673,#16674,#16664,#16663));
#1013=IFCPOLYLOOP((#16675,#16676,#16668,#16667));
#1014=IFCPOLYLOOP((#16677,#16678,#16670,#16669));
#1015=IFCPOLYLOOP((#16679,#16680,#16657,#16655));
#1016=IFCPOLYLOOP((#16663,#16662,#16672,#16673));
#1017=IFCPOLYLOOP((#16681,#16682,#16666,#16665));
#1018=IFCPOLYLOOP((#16669,#16668,#16676,#16677));
#1019=IFCPOLYLOOP((#16680,#16683,#16658,#16657));
#1020=IFCPOLYLOOP((#16684,#16685,#16660,#16659));
#1021=IFCPOLYLOOP((#16665,#16664,#16674,#16681));
#1022=IFCPOLYLOOP((#16678,#16686,#16656,#16670));
#1023=IFCPOLYLOOP((#16659,#16658,#16683,#16684));
#1024=IFCPOLYLOOP((#16667,#16666,#16682,#16675));
#1025=IFCPOLYLOOP((#16661,#16660,#16685,#16671));
#1026=IFCPOLYLOOP((#16655,#16656,#16686,#16679));
#1027=IFCPOLYLOOP((#16687,#16679,#16686,#16688));
#1028=IFCPOLYLOOP((#16689,#16680,#16679,#16687));
#1029=IFCPOLYLOOP((#16690,#16683,#16680,#16689));
#1030=IFCPOLYLOOP((#16691,#16684,#16683,#16690));
#1031=IFCPOLYLOOP((#16692,#16685,#16684,#16691));
#1032=IFCPOLYLOOP((#16693,#16671,#16685,#16692));
#1033=IFCPOLYLOOP((#16694,#16672,#16671,#16693));
#1034=IFCPOLYLOOP((#16695,#16673,#16672,#16694));
#1035=IFCPOLYLOOP((#16696,#16674,#16673,#16695));
#1036=IFCPOLYLOOP((#16697,#16681,#16674,#16696));
#1037=IFCPOLYLOOP((#16698,#16682,#16681,#16697));
#1038=IFCPOLYLOOP((#16699,#16675,#16682,#16698));
#1039=IFCPOLYLOOP((#16700,#16676,#16675,#16699));
#1040=IFCPOLYLOOP((#16701,#16677,#16676,#16700));
#1041=IFCPOLYLOOP((#16702,#16678,#16677,#16701));
#1042=IFCPOLYLOOP((#16688,#16686,#16678,#16702));
#1043=IFCPOLYLOOP((#16703,#16704,#16705));
#1044=IFCPOLYLOOP((#16705,#16706,#16703));
#1045=IFCPOLYLOOP((#16707,#16708,#16709));
#1046=IFCPOLYLOOP((#16708,#16710,#16711,#16709));
#1047=IFCPOLYLOOP((#16558,#16557,#16712,#16713));
#1048=IFCPOLYLOOP((#16713,#16712,#16707,#16714));
#1049=IFCPOLYLOOP((#16709,#16714,#16707));
#1050=IFCPOLYLOOP((#16705,#16715,#16716,#16706));
#1051=IFCPOLYLOOP((#16704,#16703,#16717,#16718));
#1052=IFCPOLYLOOP((#16718,#16717,#16719,#16720));
#1053=IFCPOLYLOOP((#16721,#16722,#16710,#16708));
#1054=IFCPOLYLOOP((#16706,#16716,#16722,#16721));
#1055=IFCPOLYLOOP((#16723,#16724,#16725,#16726));
#1056=IFCPOLYLOOP((#16724,#16720,#16719,#16727));
#1057=IFCPOLYLOOP((#16724,#16728,#16725));
#1058=IFCPOLYLOOP((#16726,#16729,#16723));
#1059=IFCPOLYLOOP((#16727,#16728,#16724));
#1060=IFCPOLYLOOP((#16730,#16731,#16715,#16705));
#1061=IFCPOLYLOOP((#16732,#16733,#16731,#16730));
#1062=IFCPOLYLOOP((#16734,#16735,#16733,#16732));
#1063=IFCPOLYLOOP((#16736,#16737,#16735,#16734));
#1064=IFCPOLYLOOP((#16738,#16739,#16737,#16736));
#1065=IFCPOLYLOOP((#16740,#16741,#16739,#16738));
#1066=IFCPOLYLOOP((#16742,#16743,#16744,#16745));
#1067=IFCPOLYLOOP((#16746,#16747,#16743,#16742));
#1068=IFCPOLYLOOP((#16748,#16749,#16747,#16746));
#1069=IFCPOLYLOOP((#16750,#16751,#16749,#16748));
#1070=IFCPOLYLOOP((#16752,#16753,#16751,#16750));
#1071=IFCPOLYLOOP((#16709,#16711,#16753,#16752));
#1072=IFCPOLYLOOP((#16754,#16722,#16716));
#1073=IFCPOLYLOOP((#16755,#16744,#16743,#16747,#16749,#16751,#16753,#16711,
#16710));
#1074=IFCPOLYLOOP((#16710,#16722,#16754,#16755));
#1075=IFCPOLYLOOP((#16716,#16715,#16731,#16733,#16735,#16737,#16739,#16741,
#16754));
#1076=IFCPOLYLOOP((#16740,#16756,#16757));
#1077=IFCPOLYLOOP((#16740,#16758,#16756));
#1078=IFCPOLYLOOP((#16740,#16759,#16758));
#1079=IFCPOLYLOOP((#16757,#16754,#16741,#16740));
#1080=IFCPOLYLOOP((#16745,#16744,#16755,#16760));
#1081=IFCPOLYLOOP((#16760,#16761,#16745));
#1082=IFCPOLYLOOP((#16761,#16762,#16745));
#1083=IFCPOLYLOOP((#16762,#16763,#16745));
#1084=IFCPOLYLOOP((#16757,#16760,#16755,#16754));
#1085=IFCPOLYLOOP((#16756,#16761,#16760,#16757));
#1086=IFCPOLYLOOP((#16758,#16762,#16761,#16756));
#1087=IFCPOLYLOOP((#16759,#16763,#16762,#16758));
#1088=IFCPOLYLOOP((#16764,#16765,#16766));
#1089=IFCPOLYLOOP((#16765,#16767,#16768,#16766));
#1090=IFCPOLYLOOP((#16769,#16770,#16771));
#1091=IFCPOLYLOOP((#16771,#16772,#16769));
#1092=IFCPOLYLOOP((#16771,#16773,#16774,#16772));
#1093=IFCPOLYLOOP((#16770,#16769,#16775,#16776));
#1094=IFCPOLYLOOP((#16776,#16775,#16556,#16555));
#1095=IFCPOLYLOOP((#16723,#16729,#16777,#16778));
#1096=IFCPOLYLOOP((#16778,#16777,#16764,#16779));
#1097=IFCPOLYLOOP((#16766,#16779,#16764));
#1098=IFCPOLYLOOP((#16780,#16781,#16767,#16765));
#1099=IFCPOLYLOOP((#16772,#16774,#16781,#16780));
#1100=IFCPOLYLOOP((#16782,#16783,#16784,#16785));
#1101=IFCPOLYLOOP((#16786,#16787,#16783,#16782));
#1102=IFCPOLYLOOP((#16788,#16789,#16787,#16786));
#1103=IFCPOLYLOOP((#16790,#16791,#16789,#16788));
#1104=IFCPOLYLOOP((#16792,#16793,#16791,#16790));
#1105=IFCPOLYLOOP((#16766,#16768,#16793,#16792));
#1106=IFCPOLYLOOP((#16794,#16795,#16773,#16771));
#1107=IFCPOLYLOOP((#16796,#16797,#16795,#16794));
#1108=IFCPOLYLOOP((#16798,#16799,#16797,#16796));
#1109=IFCPOLYLOOP((#16800,#16801,#16799,#16798));
#1110=IFCPOLYLOOP((#16802,#16803,#16801,#16800));
#1111=IFCPOLYLOOP((#16804,#16805,#16803,#16802));
#1112=IFCPOLYLOOP((#16806,#16781,#16774));
#1113=IFCPOLYLOOP((#16807,#16784,#16783,#16787,#16789,#16791,#16793,#16768,
#16767));
#1114=IFCPOLYLOOP((#16767,#16781,#16806,#16807));
#1115=IFCPOLYLOOP((#16774,#16773,#16795,#16797,#16799,#16801,#16803,#16805,
#16806));
#1116=IFCPOLYLOOP((#16785,#16808,#16809));
#1117=IFCPOLYLOOP((#16785,#16784,#16807,#16810));
#1118=IFCPOLYLOOP((#16810,#16808,#16785));
#1119=IFCPOLYLOOP((#16809,#16811,#16785));
#1120=IFCPOLYLOOP((#16804,#16812,#16813));
#1121=IFCPOLYLOOP((#16804,#16814,#16812));
#1122=IFCPOLYLOOP((#16804,#16815,#16814));
#1123=IFCPOLYLOOP((#16813,#16806,#16805,#16804));
#1124=IFCPOLYLOOP((#16809,#16814,#16815,#16811));
#1125=IFCPOLYLOOP((#16808,#16812,#16814,#16809));
#1126=IFCPOLYLOOP((#16810,#16813,#16812,#16808));
#1127=IFCPOLYLOOP((#16807,#16806,#16813,#16810));
#1128=IFCPOLYLOOP((#16816,#16817,#16818));
#1129=IFCPOLYLOOP((#16818,#16424,#16816));
#1130=IFCPOLYLOOP((#16819,#16820,#16821));
#1131=IFCPOLYLOOP((#16822,#16821,#16823));
#1132=IFCPOLYLOOP((#16818,#16824,#16424));
#1133=IFCPOLYLOOP((#16825,#16820,#16819,#16826));
#1134=IFCPOLYLOOP((#16823,#16827,#16822));
#1135=IFCPOLYLOOP((#16820,#16828,#16829));
#1136=IFCPOLYLOOP((#16817,#16830,#16831));
#1137=IFCPOLYLOOP((#16832,#16830,#16833,#16834));
#1138=IFCPOLYLOOP((#16424,#16835,#16836));
#1139=IFCPOLYLOOP((#16826,#16816,#16424,#16825));
#1140=IFCPOLYLOOP((#16829,#16821,#16820));
#1141=IFCPOLYLOOP((#16831,#16837,#16817));
#1142=IFCPOLYLOOP((#16830,#16817,#16833));
#1143=IFCPOLYLOOP((#16424,#16838,#16835));
#1144=IFCPOLYLOOP((#16821,#16822,#16819));
#1145=IFCPOLYLOOP((#16839,#16827,#16840,#16841));
#1146=IFCPOLYLOOP((#16834,#16842,#16843,#16832));
#1147=IFCPOLYLOOP((#16824,#16838,#16424));
#1148=IFCPOLYLOOP((#16827,#16844,#16840));
#1149=IFCPOLYLOOP((#16836,#16845,#16454,#16424));
#1150=IFCPOLYLOOP((#16827,#16823,#16844));
#1151=IFCPOLYLOOP((#16820,#16846,#16847,#16848));
#1152=IFCPOLYLOOP((#16841,#16849,#16850,#16839));
#1153=IFCPOLYLOOP((#16848,#16851,#16820));
#1154=IFCPOLYLOOP((#16851,#16828,#16820));
#1155=IFCPOLYLOOP((#16837,#16818,#16817));
#1156=IFCPOLYLOOP((#16843,#16852,#16853,#16832));
#1157=IFCPOLYLOOP((#16836,#16854,#16855,#16845));
#1158=IFCPOLYLOOP((#16835,#16856,#16854,#16836));
#1159=IFCPOLYLOOP((#16838,#16857,#16856,#16835));
#1160=IFCPOLYLOOP((#16824,#16858,#16857,#16838));
#1161=IFCPOLYLOOP((#16818,#16859,#16858,#16824));
#1162=IFCPOLYLOOP((#16837,#16860,#16859,#16818));
#1163=IFCPOLYLOOP((#16831,#16861,#16860,#16837));
#1164=IFCPOLYLOOP((#16830,#16862,#16861,#16831));
#1165=IFCPOLYLOOP((#16832,#16853,#16862,#16830));
#1166=IFCPOLYLOOP((#16857,#16858,#16863,#16864));
#1167=IFCPOLYLOOP((#16858,#16859,#16865,#16863));
#1168=IFCPOLYLOOP((#16859,#16860,#16866,#16865));
#1169=IFCPOLYLOOP((#16860,#16861,#16867,#16866));
#1170=IFCPOLYLOOP((#16862,#16853,#16868,#16869));
#1171=IFCPOLYLOOP((#16852,#16870,#16871));
#1172=IFCPOLYLOOP((#16854,#16856,#16872,#16873));
#1173=IFCPOLYLOOP((#16869,#16867,#16861,#16862));
#1174=IFCPOLYLOOP((#16852,#16874,#16870));
#1175=IFCPOLYLOOP((#16855,#16875,#16876));
#1176=IFCPOLYLOOP((#16864,#16872,#16856,#16857));
#1177=IFCPOLYLOOP((#16852,#16877,#16874));
#1178=IFCPOLYLOOP((#16876,#16878,#16855));
#1179=IFCPOLYLOOP((#16871,#16868,#16853,#16852));
#1180=IFCPOLYLOOP((#16873,#16875,#16855,#16854));
#1181=IFCPOLYLOOP((#16878,#16877,#16852,#16855));
#1182=IFCPOLYLOOP((#16850,#16879,#16880,#16839));
#1183=IFCPOLYLOOP((#16834,#16881,#16882,#16842));
#1184=IFCPOLYLOOP((#16833,#16883,#16881,#16834));
#1185=IFCPOLYLOOP((#16817,#16884,#16883,#16833));
#1186=IFCPOLYLOOP((#16816,#16885,#16884,#16817));
#1187=IFCPOLYLOOP((#16826,#16886,#16885,#16816));
#1188=IFCPOLYLOOP((#16819,#16887,#16886,#16826));
#1189=IFCPOLYLOOP((#16822,#16888,#16887,#16819));
#1190=IFCPOLYLOOP((#16827,#16889,#16888,#16822));
#1191=IFCPOLYLOOP((#16839,#16880,#16889,#16827));
#1192=IFCPOLYLOOP((#16882,#16881,#16890,#16891));
#1193=IFCPOLYLOOP((#16881,#16883,#16892,#16890));
#1194=IFCPOLYLOOP((#16884,#16885,#16893,#16894));
#1195=IFCPOLYLOOP((#16886,#16887,#16895,#16896));
#1196=IFCPOLYLOOP((#16882,#16897,#16898));
#1197=IFCPOLYLOOP((#16894,#16892,#16883,#16884));
#1198=IFCPOLYLOOP((#16887,#16888,#16899,#16895));
#1199=IFCPOLYLOOP((#16889,#16880,#16900,#16901));
#1200=IFCPOLYLOOP((#16891,#16897,#16882));
#1201=IFCPOLYLOOP((#16901,#16899,#16888,#16889));
#1202=IFCPOLYLOOP((#16879,#16902,#16903));
#1203=IFCPOLYLOOP((#16879,#16904,#16905,#16906));
#1204=IFCPOLYLOOP((#16896,#16893,#16885,#16886));
#1205=IFCPOLYLOOP((#16906,#16902,#16879));
#1206=IFCPOLYLOOP((#16903,#16900,#16880,#16879));
#1207=IFCPOLYLOOP((#16898,#16905,#16904,#16882));
#1208=IFCPOLYLOOP((#16847,#16907,#16908,#16848));
#1209=IFCPOLYLOOP((#16841,#16909,#16910,#16849));
#1210=IFCPOLYLOOP((#16840,#16911,#16909,#16841));
#1211=IFCPOLYLOOP((#16844,#16912,#16911,#16840));
#1212=IFCPOLYLOOP((#16823,#16913,#16912,#16844));
#1213=IFCPOLYLOOP((#16821,#16914,#16913,#16823));
#1214=IFCPOLYLOOP((#16829,#16915,#16914,#16821));
#1215=IFCPOLYLOOP((#16828,#16916,#16915,#16829));
#1216=IFCPOLYLOOP((#16851,#16917,#16916,#16828));
#1217=IFCPOLYLOOP((#16848,#16908,#16917,#16851));
#1218=IFCPOLYLOOP((#16910,#16909,#16918,#16919));
#1219=IFCPOLYLOOP((#16919,#16920,#16910));
#1220=IFCPOLYLOOP((#16911,#16912,#16921,#16922));
#1221=IFCPOLYLOOP((#16913,#16914,#16923,#16924));
#1222=IFCPOLYLOOP((#16922,#16918,#16909,#16911));
#1223=IFCPOLYLOOP((#16914,#16915,#16925,#16923));
#1224=IFCPOLYLOOP((#16920,#16926,#16910));
#1225=IFCPOLYLOOP((#16915,#16916,#16927,#16925));
#1226=IFCPOLYLOOP((#16907,#16928,#16929));
#1227=IFCPOLYLOOP((#16924,#16921,#16912,#16913));
#1228=IFCPOLYLOOP((#16917,#16908,#16930,#16931));
#1229=IFCPOLYLOOP((#16907,#16932,#16928));
#1230=IFCPOLYLOOP((#16931,#16927,#16916,#16917));
#1231=IFCPOLYLOOP((#16907,#16933,#16932));
#1232=IFCPOLYLOOP((#16929,#16930,#16908,#16907));
#1233=IFCPOLYLOOP((#16926,#16933,#16907,#16910));
#1234=IFCPOLYLOOP((#16866,#16934,#16935,#16865));
#1235=IFCPOLYLOOP((#16867,#16936,#16934,#16866));
#1236=IFCPOLYLOOP((#16869,#16937,#16936,#16867));
#1237=IFCPOLYLOOP((#16868,#16938,#16937,#16869));
#1238=IFCPOLYLOOP((#16871,#16939,#16938,#16868));
#1239=IFCPOLYLOOP((#16870,#16940,#16939,#16871));
#1240=IFCPOLYLOOP((#16874,#16941,#16940,#16870));
#1241=IFCPOLYLOOP((#16877,#16942,#16941,#16874));
#1242=IFCPOLYLOOP((#16878,#16943,#16942,#16877));
#1243=IFCPOLYLOOP((#16876,#16944,#16943,#16878));
#1244=IFCPOLYLOOP((#16875,#16945,#16944,#16876));
#1245=IFCPOLYLOOP((#16873,#16946,#16945,#16875));
#1246=IFCPOLYLOOP((#16872,#16947,#16946,#16873));
#1247=IFCPOLYLOOP((#16864,#16948,#16947,#16872));
#1248=IFCPOLYLOOP((#16863,#16949,#16948,#16864));
#1249=IFCPOLYLOOP((#16865,#16935,#16949,#16863));
#1250=IFCPOLYLOOP((#16950,#16951,#16941,#16942));
#1251=IFCPOLYLOOP((#16951,#16952,#16940,#16941));
#1252=IFCPOLYLOOP((#16953,#16954,#16938,#16939));
#1253=IFCPOLYLOOP((#16955,#16956,#16936,#16937));
#1254=IFCPOLYLOOP((#16957,#16958,#16947,#16948));
#1255=IFCPOLYLOOP((#16959,#16960,#16943,#16944));
#1256=IFCPOLYLOOP((#16939,#16940,#16952,#16953));
#1257=IFCPOLYLOOP((#16956,#16961,#16934,#16936));
#1258=IFCPOLYLOOP((#16948,#16949,#16962,#16957));
#1259=IFCPOLYLOOP((#16963,#16964,#16945,#16946));
#1260=IFCPOLYLOOP((#16942,#16943,#16960,#16950));
#1261=IFCPOLYLOOP((#16961,#16965,#16935,#16934));
#1262=IFCPOLYLOOP((#16946,#16947,#16958,#16963));
#1263=IFCPOLYLOOP((#16937,#16938,#16954,#16955));
#1264=IFCPOLYLOOP((#16944,#16945,#16964,#16959));
#1265=IFCPOLYLOOP((#16949,#16935,#16965,#16962));
#1266=IFCPOLYLOOP((#16961,#16966,#16967,#16965));
#1267=IFCPOLYLOOP((#16956,#16968,#16966,#16961));
#1268=IFCPOLYLOOP((#16955,#16969,#16968,#16956));
#1269=IFCPOLYLOOP((#16954,#16970,#16969,#16955));
#1270=IFCPOLYLOOP((#16953,#16971,#16970,#16954));
#1271=IFCPOLYLOOP((#16952,#16972,#16971,#16953));
#1272=IFCPOLYLOOP((#16951,#16973,#16972,#16952));
#1273=IFCPOLYLOOP((#16950,#16974,#16973,#16951));
#1274=IFCPOLYLOOP((#16960,#16975,#16974,#16950));
#1275=IFCPOLYLOOP((#16959,#16976,#16975,#16960));
#1276=IFCPOLYLOOP((#16964,#16977,#16976,#16959));
#1277=IFCPOLYLOOP((#16963,#16978,#16977,#16964));
#1278=IFCPOLYLOOP((#16958,#16979,#16978,#16963));
#1279=IFCPOLYLOOP((#16957,#16980,#16979,#16958));
#1280=IFCPOLYLOOP((#16962,#16981,#16980,#16957));
#1281=IFCPOLYLOOP((#16965,#16967,#16981,#16962));
#1282=IFCPOLYLOOP((#16925,#16982,#16983,#16923));
#1283=IFCPOLYLOOP((#16927,#16984,#16982,#16925));
#1284=IFCPOLYLOOP((#16931,#16985,#16984,#16927));
#1285=IFCPOLYLOOP((#16930,#16986,#16985,#16931));
#1286=IFCPOLYLOOP((#16929,#16987,#16986,#16930));
#1287=IFCPOLYLOOP((#16928,#16988,#16987,#16929));
#1288=IFCPOLYLOOP((#16932,#16989,#16988,#16928));
#1289=IFCPOLYLOOP((#16933,#16990,#16989,#16932));
#1290=IFCPOLYLOOP((#16926,#16991,#16990,#16933));
#1291=IFCPOLYLOOP((#16920,#16992,#16991,#16926));
#1292=IFCPOLYLOOP((#16919,#16993,#16992,#16920));
#1293=IFCPOLYLOOP((#16918,#16994,#16993,#16919));
#1294=IFCPOLYLOOP((#16922,#16995,#16994,#16918));
#1295=IFCPOLYLOOP((#16921,#16996,#16995,#16922));
#1296=IFCPOLYLOOP((#16924,#16997,#16996,#16921));
#1297=IFCPOLYLOOP((#16923,#16983,#16997,#16924));
#1298=IFCPOLYLOOP((#16998,#16999,#16994,#16995));
#1299=IFCPOLYLOOP((#17000,#17001,#16992,#16993));
#1300=IFCPOLYLOOP((#16993,#16994,#16999,#17000));
#1301=IFCPOLYLOOP((#17002,#17003,#16996,#16997));
#1302=IFCPOLYLOOP((#17001,#17004,#16991,#16992));
#1303=IFCPOLYLOOP((#16995,#16996,#17003,#16998));
#1304=IFCPOLYLOOP((#17005,#17006,#16989,#16990));
#1305=IFCPOLYLOOP((#17007,#17008,#16986,#16987));
#1306=IFCPOLYLOOP((#16990,#16991,#17004,#17005));
#1307=IFCPOLYLOOP((#16987,#16988,#17009,#17007));
#1308=IFCPOLYLOOP((#17010,#17011,#16984,#16985));
#1309=IFCPOLYLOOP((#17012,#17013,#16983,#16982));
#1310=IFCPOLYLOOP((#16988,#16989,#17006,#17009));
#1311=IFCPOLYLOOP((#16982,#16984,#17011,#17012));
#1312=IFCPOLYLOOP((#16985,#16986,#17008,#17010));
#1313=IFCPOLYLOOP((#16997,#16983,#17013,#17002));
#1314=IFCPOLYLOOP((#17012,#17014,#17015,#17013));
#1315=IFCPOLYLOOP((#17011,#17016,#17014,#17012));
#1316=IFCPOLYLOOP((#17010,#17017,#17016,#17011));
#1317=IFCPOLYLOOP((#17008,#17018,#17017,#17010));
#1318=IFCPOLYLOOP((#17007,#17019,#17018,#17008));
#1319=IFCPOLYLOOP((#17009,#17020,#17019,#17007));
#1320=IFCPOLYLOOP((#17006,#17021,#17020,#17009));
#1321=IFCPOLYLOOP((#17005,#17022,#17021,#17006));
#1322=IFCPOLYLOOP((#17004,#17023,#17022,#17005));
#1323=IFCPOLYLOOP((#17001,#17024,#17023,#17004));
#1324=IFCPOLYLOOP((#17000,#17025,#17024,#17001));
#1325=IFCPOLYLOOP((#16999,#17026,#17025,#17000));
#1326=IFCPOLYLOOP((#16998,#17027,#17026,#16999));
#1327=IFCPOLYLOOP((#17003,#17028,#17027,#16998));
#1328=IFCPOLYLOOP((#17002,#17029,#17028,#17003));
#1329=IFCPOLYLOOP((#17013,#17015,#17029,#17002));
#1330=IFCPOLYLOOP((#16895,#17030,#17031,#16896));
#1331=IFCPOLYLOOP((#16899,#17032,#17030,#16895));
#1332=IFCPOLYLOOP((#16901,#17033,#17032,#16899));
#1333=IFCPOLYLOOP((#16900,#17034,#17033,#16901));
#1334=IFCPOLYLOOP((#16903,#17035,#17034,#16900));
#1335=IFCPOLYLOOP((#16902,#17036,#17035,#16903));
#1336=IFCPOLYLOOP((#16906,#17037,#17036,#16902));
#1337=IFCPOLYLOOP((#16905,#17038,#17037,#16906));
#1338=IFCPOLYLOOP((#16898,#17039,#17038,#16905));
#1339=IFCPOLYLOOP((#16897,#17040,#17039,#16898));
#1340=IFCPOLYLOOP((#16891,#17041,#17040,#16897));
#1341=IFCPOLYLOOP((#16890,#17042,#17041,#16891));
#1342=IFCPOLYLOOP((#16892,#17043,#17042,#16890));
#1343=IFCPOLYLOOP((#16894,#17044,#17043,#16892));
#1344=IFCPOLYLOOP((#16893,#17045,#17044,#16894));
#1345=IFCPOLYLOOP((#16896,#17031,#17045,#16893));
#1346=IFCPOLYLOOP((#17046,#17047,#17041,#17042));
#1347=IFCPOLYLOOP((#17048,#17049,#17043,#17044));
#1348=IFCPOLYLOOP((#17047,#17050,#17040,#17041));
#1349=IFCPOLYLOOP((#17051,#17052,#17037,#17038));
#1350=IFCPOLYLOOP((#17042,#17043,#17049,#17046));
#1351=IFCPOLYLOOP((#17038,#17039,#17053,#17051));
#1352=IFCPOLYLOOP((#17044,#17045,#17054,#17048));
#1353=IFCPOLYLOOP((#17052,#17055,#17036,#17037));
#1354=IFCPOLYLOOP((#17056,#17057,#17032,#17033));
#1355=IFCPOLYLOOP((#17039,#17040,#17050,#17053));
#1356=IFCPOLYLOOP((#17058,#17059,#17034,#17035));
#1357=IFCPOLYLOOP((#17057,#17060,#17030,#17032));
#1358=IFCPOLYLOOP((#17035,#17036,#17055,#17058));
#1359=IFCPOLYLOOP((#17060,#17061,#17031,#17030));
#1360=IFCPOLYLOOP((#17033,#17034,#17059,#17056));
#1361=IFCPOLYLOOP((#17045,#17031,#17061,#17054));
#1362=IFCPOLYLOOP((#17060,#17062,#17063,#17061));
#1363=IFCPOLYLOOP((#17057,#17064,#17062,#17060));
#1364=IFCPOLYLOOP((#17056,#17065,#17064,#17057));
#1365=IFCPOLYLOOP((#17059,#17066,#17065,#17056));
#1366=IFCPOLYLOOP((#17058,#17067,#17066,#17059));
#1367=IFCPOLYLOOP((#17055,#17068,#17067,#17058));
#1368=IFCPOLYLOOP((#17052,#17069,#17068,#17055));
#1369=IFCPOLYLOOP((#17051,#17070,#17069,#17052));
#1370=IFCPOLYLOOP((#17053,#17071,#17070,#17051));
#1371=IFCPOLYLOOP((#17050,#17072,#17071,#17053));
#1372=IFCPOLYLOOP((#17047,#17073,#17072,#17050));
#1373=IFCPOLYLOOP((#17046,#17074,#17073,#17047));
#1374=IFCPOLYLOOP((#17049,#17075,#17074,#17046));
#1375=IFCPOLYLOOP((#17048,#17076,#17075,#17049));
#1376=IFCPOLYLOOP((#17054,#17077,#17076,#17048));
#1377=IFCPOLYLOOP((#17061,#17063,#17077,#17054));
#1378=IFCPOLYLOOP((#17078,#17079,#17080));
#1379=IFCPOLYLOOP((#17078,#17081,#17082));
#1380=IFCPOLYLOOP((#16820,#17083,#17084));
#1381=IFCPOLYLOOP((#16820,#17080,#17085));
#1382=IFCPOLYLOOP((#17082,#17079,#17078));
#1383=IFCPOLYLOOP((#17086,#17087,#17088,#17089));
#1384=IFCPOLYLOOP((#17090,#17091,#17092,#17093));
#1385=IFCPOLYLOOP((#16820,#17094,#17083));
#1386=IFCPOLYLOOP((#17080,#16820,#17078));
#1387=IFCPOLYLOOP((#17081,#17095,#17086));
#1388=IFCPOLYLOOP((#16820,#17096,#17097));
#1389=IFCPOLYLOOP((#17098,#17099,#17090));
#1390=IFCPOLYLOOP((#17085,#17094,#16820));
#1391=IFCPOLYLOOP((#17081,#17078,#17095));
#1392=IFCPOLYLOOP((#17097,#17100,#16820));
#1393=IFCPOLYLOOP((#17096,#17101,#17102));
#1394=IFCPOLYLOOP((#17098,#17103,#17099));
#1395=IFCPOLYLOOP((#17089,#17081,#17086));
#1396=IFCPOLYLOOP((#17102,#17097,#17096));
#1397=IFCPOLYLOOP((#17100,#17078,#16820));
#1398=IFCPOLYLOOP((#17093,#17098,#17090));
#1399=IFCPOLYLOOP((#16820,#16246,#17104));
#1400=IFCPOLYLOOP((#17101,#17096,#17103));
#1401=IFCPOLYLOOP((#16246,#17105,#17104));
#1402=IFCPOLYLOOP((#16246,#17106,#17107));
#1403=IFCPOLYLOOP((#17098,#17101,#17103));
#1404=IFCPOLYLOOP((#17107,#17105,#16246));
#1405=IFCPOLYLOOP((#17104,#17096,#16820));
#1406=IFCPOLYLOOP((#16246,#16249,#17108,#17109));
#1407=IFCPOLYLOOP((#17109,#17106,#16246));
#1408=IFCPOLYLOOP((#17084,#17110,#16846,#16820));
#1409=IFCPOLYLOOP((#17099,#17111,#17112,#17090));
#1410=IFCPOLYLOOP((#17103,#17113,#17111,#17099));
#1411=IFCPOLYLOOP((#17096,#17114,#17113,#17103));
#1412=IFCPOLYLOOP((#17104,#17115,#17114,#17096));
#1413=IFCPOLYLOOP((#17105,#17116,#17115,#17104));
#1414=IFCPOLYLOOP((#17107,#17117,#17116,#17105));
#1415=IFCPOLYLOOP((#17106,#17118,#17117,#17107));
#1416=IFCPOLYLOOP((#17109,#17119,#17118,#17106));
#1417=IFCPOLYLOOP((#17120,#17092,#17091,#17121));
#1418=IFCPOLYLOOP((#17112,#17122,#17123,#17121));
#1419=IFCPOLYLOOP((#17121,#17091,#17090,#17112));
#1420=IFCPOLYLOOP((#17121,#17123,#17124));
#1421=IFCPOLYLOOP((#17124,#17125,#17120,#17121));
#1422=IFCPOLYLOOP((#17119,#17109,#17108,#17126));
#1423=IFCPOLYLOOP((#17126,#17127,#17128,#17119));
#1424=IFCPOLYLOOP((#17129,#17093,#17092,#17120));
#1425=IFCPOLYLOOP((#17120,#17125,#17130,#17129));
#1426=IFCPOLYLOOP((#17095,#17131,#17132,#17086));
#1427=IFCPOLYLOOP((#17078,#17133,#17131,#17095));
#1428=IFCPOLYLOOP((#17100,#17134,#17133,#17078));
#1429=IFCPOLYLOOP((#17097,#17135,#17134,#17100));
#1430=IFCPOLYLOOP((#17102,#17136,#17135,#17097));
#1431=IFCPOLYLOOP((#17101,#17137,#17136,#17102));
#1432=IFCPOLYLOOP((#17098,#17138,#17137,#17101));
#1433=IFCPOLYLOOP((#17093,#17129,#17138,#17098));
#1434=IFCPOLYLOOP((#17132,#17139,#17140,#17141));
#1435=IFCPOLYLOOP((#17141,#17087,#17086,#17132));
#1436=IFCPOLYLOOP((#17142,#17088,#17087,#17141));
#1437=IFCPOLYLOOP((#17141,#17140,#17143));
#1438=IFCPOLYLOOP((#17143,#17144,#17142,#17141));
#1439=IFCPOLYLOOP((#17145,#17089,#17088,#17142));
#1440=IFCPOLYLOOP((#17142,#17144,#17146,#17145));
#1441=IFCPOLYLOOP((#17083,#17147,#17148,#17084));
#1442=IFCPOLYLOOP((#17094,#17149,#17147,#17083));
#1443=IFCPOLYLOOP((#17085,#17150,#17149,#17094));
#1444=IFCPOLYLOOP((#17080,#17151,#17150,#17085));
#1445=IFCPOLYLOOP((#17079,#17152,#17151,#17080));
#1446=IFCPOLYLOOP((#17082,#17153,#17152,#17079));
#1447=IFCPOLYLOOP((#17081,#17154,#17153,#17082));
#1448=IFCPOLYLOOP((#17089,#17145,#17154,#17081));
#1449=IFCPOLYLOOP((#17148,#17155,#17156,#17157));
#1450=IFCPOLYLOOP((#17157,#17110,#17084,#17148));
#1451=IFCPOLYLOOP((#17158,#17155,#17159,#17160));
#1452=IFCPOLYLOOP((#17153,#17154,#17161,#17162));
#1453=IFCPOLYLOOP((#17145,#17146,#17163,#17164));
#1454=IFCPOLYLOOP((#17155,#17165,#17159));
#1455=IFCPOLYLOOP((#17164,#17161,#17154,#17145));
#1456=IFCPOLYLOOP((#17146,#17166,#17167));
#1457=IFCPOLYLOOP((#17155,#17168,#17165));
#1458=IFCPOLYLOOP((#17162,#17169,#17152,#17153));
#1459=IFCPOLYLOOP((#17160,#17166,#17146,#17158));
#1460=IFCPOLYLOOP((#17147,#17149,#17170,#17171));
#1461=IFCPOLYLOOP((#17167,#17163,#17146));
#1462=IFCPOLYLOOP((#17171,#17172,#17148,#17147));
#1463=IFCPOLYLOOP((#17172,#17168,#17155,#17148));
#1464=IFCPOLYLOOP((#17150,#17151,#17173,#17174));
#1465=IFCPOLYLOOP((#17174,#17170,#17149,#17150));
#1466=IFCPOLYLOOP((#17169,#17173,#17151,#17152));
#1467=IFCPOLYLOOP((#17128,#17122,#17175,#17176));
#1468=IFCPOLYLOOP((#17122,#17177,#17175));
#1469=IFCPOLYLOOP((#17122,#17178,#17177));
#1470=IFCPOLYLOOP((#17122,#17179,#17178));
#1471=IFCPOLYLOOP((#17111,#17113,#17180,#17181));
#1472=IFCPOLYLOOP((#17114,#17115,#17182,#17183));
#1473=IFCPOLYLOOP((#17122,#17112,#17184,#17179));
#1474=IFCPOLYLOOP((#17183,#17180,#17113,#17114));
#1475=IFCPOLYLOOP((#17116,#17117,#17185,#17186));
#1476=IFCPOLYLOOP((#17118,#17119,#17187,#17188));
#1477=IFCPOLYLOOP((#17128,#17189,#17190));
#1478=IFCPOLYLOOP((#17181,#17184,#17112,#17111));
#1479=IFCPOLYLOOP((#17188,#17185,#17117,#17118));
#1480=IFCPOLYLOOP((#17176,#17189,#17128));
#1481=IFCPOLYLOOP((#17190,#17187,#17119,#17128));
#1482=IFCPOLYLOOP((#17186,#17182,#17115,#17116));
#1483=IFCPOLYLOOP((#17137,#17138,#17191,#17192));
#1484=IFCPOLYLOOP((#17193,#17139,#17194,#17195));
#1485=IFCPOLYLOOP((#17138,#17129,#17196,#17191));
#1486=IFCPOLYLOOP((#17139,#17197,#17194));
#1487=IFCPOLYLOOP((#17129,#17130,#17198,#17196));
#1488=IFCPOLYLOOP((#17139,#17199,#17197));
#1489=IFCPOLYLOOP((#17130,#17200,#17198));
#1490=IFCPOLYLOOP((#17139,#17132,#17201,#17199));
#1491=IFCPOLYLOOP((#17130,#17202,#17200));
#1492=IFCPOLYLOOP((#17132,#17131,#17203,#17201));
#1493=IFCPOLYLOOP((#17133,#17134,#17204,#17205));
#1494=IFCPOLYLOOP((#17192,#17206,#17136,#17137));
#1495=IFCPOLYLOOP((#17205,#17203,#17131,#17133));
#1496=IFCPOLYLOOP((#17195,#17202,#17130,#17193));
#1497=IFCPOLYLOOP((#17134,#17135,#17207,#17204));
#1498=IFCPOLYLOOP((#17206,#17207,#17135,#17136));
#1499=IFCPOLYLOOP((#17157,#17156,#17208,#17209));
#1500=IFCPOLYLOOP((#17126,#17210,#17211,#17127));
#1501=IFCPOLYLOOP((#17212,#17174,#17173,#17213));
#1502=IFCPOLYLOOP((#17214,#17170,#17174,#17212));
#1503=IFCPOLYLOOP((#17215,#17171,#17170,#17214));
#1504=IFCPOLYLOOP((#17216,#17172,#17171,#17215));
#1505=IFCPOLYLOOP((#17217,#17168,#17172,#17216));
#1506=IFCPOLYLOOP((#17218,#17165,#17168,#17217));
#1507=IFCPOLYLOOP((#17219,#17159,#17165,#17218));
#1508=IFCPOLYLOOP((#17220,#17160,#17159,#17219));
#1509=IFCPOLYLOOP((#17221,#17166,#17160,#17220));
#1510=IFCPOLYLOOP((#17222,#17167,#17166,#17221));
#1511=IFCPOLYLOOP((#17223,#17163,#17167,#17222));
#1512=IFCPOLYLOOP((#17224,#17164,#17163,#17223));
#1513=IFCPOLYLOOP((#17225,#17161,#17164,#17224));
#1514=IFCPOLYLOOP((#17226,#17162,#17161,#17225));
#1515=IFCPOLYLOOP((#17227,#17169,#17162,#17226));
#1516=IFCPOLYLOOP((#17213,#17173,#17169,#17227));
#1517=IFCPOLYLOOP((#17228,#17229,#17225,#17224));
#1518=IFCPOLYLOOP((#17229,#17230,#17226,#17225));
#1519=IFCPOLYLOOP((#17231,#17232,#17212,#17213));
#1520=IFCPOLYLOOP((#17233,#17234,#17223,#17222));
#1521=IFCPOLYLOOP((#17230,#17235,#17227,#17226));
#1522=IFCPOLYLOOP((#17232,#17236,#17214,#17212));
#1523=IFCPOLYLOOP((#17222,#17221,#17237,#17233));
#1524=IFCPOLYLOOP((#17213,#17227,#17235,#17231));
#1525=IFCPOLYLOOP((#17238,#17239,#17216,#17215));
#1526=IFCPOLYLOOP((#17224,#17223,#17234,#17228));
#1527=IFCPOLYLOOP((#17239,#17240,#17217,#17216));
#1528=IFCPOLYLOOP((#17241,#17242,#17219,#17218));
#1529=IFCPOLYLOOP((#17215,#17214,#17236,#17238));
#1530=IFCPOLYLOOP((#17242,#17243,#17220,#17219));
#1531=IFCPOLYLOOP((#17218,#17217,#17240,#17241));
#1532=IFCPOLYLOOP((#17221,#17220,#17243,#17237));
#1533=IFCPOLYLOOP((#17244,#17232,#17231,#17245));
#1534=IFCPOLYLOOP((#17246,#17236,#17232,#17244));
#1535=IFCPOLYLOOP((#17247,#17238,#17236,#17246));
#1536=IFCPOLYLOOP((#17248,#17239,#17238,#17247));
#1537=IFCPOLYLOOP((#17249,#17240,#17239,#17248));
#1538=IFCPOLYLOOP((#17250,#17241,#17240,#17249));
#1539=IFCPOLYLOOP((#17251,#17242,#17241,#17250));
#1540=IFCPOLYLOOP((#17252,#17243,#17242,#17251));
#1541=IFCPOLYLOOP((#17253,#17237,#17243,#17252));
#1542=IFCPOLYLOOP((#17254,#17233,#17237,#17253));
#1543=IFCPOLYLOOP((#17255,#17234,#17233,#17254));
#1544=IFCPOLYLOOP((#17256,#17228,#17234,#17255));
#1545=IFCPOLYLOOP((#17257,#17229,#17228,#17256));
#1546=IFCPOLYLOOP((#17258,#17230,#17229,#17257));
#1547=IFCPOLYLOOP((#17259,#17235,#17230,#17258));
#1548=IFCPOLYLOOP((#17245,#17231,#17235,#17259));
#1549=IFCPOLYLOOP((#17260,#17183,#17182,#17261));
#1550=IFCPOLYLOOP((#17262,#17180,#17183,#17260));
#1551=IFCPOLYLOOP((#17263,#17181,#17180,#17262));
#1552=IFCPOLYLOOP((#17264,#17184,#17181,#17263));
#1553=IFCPOLYLOOP((#17265,#17179,#17184,#17264));
#1554=IFCPOLYLOOP((#17266,#17178,#17179,#17265));
#1555=IFCPOLYLOOP((#17267,#17177,#17178,#17266));
#1556=IFCPOLYLOOP((#17268,#17175,#17177,#17267));
#1557=IFCPOLYLOOP((#17269,#17176,#17175,#17268));
#1558=IFCPOLYLOOP((#17270,#17189,#17176,#17269));
#1559=IFCPOLYLOOP((#17271,#17190,#17189,#17270));
#1560=IFCPOLYLOOP((#17272,#17187,#17190,#17271));
#1561=IFCPOLYLOOP((#17273,#17188,#17187,#17272));
#1562=IFCPOLYLOOP((#17274,#17185,#17188,#17273));
#1563=IFCPOLYLOOP((#17275,#17186,#17185,#17274));
#1564=IFCPOLYLOOP((#17261,#17182,#17186,#17275));
#1565=IFCPOLYLOOP((#17276,#17277,#17261,#17275));
#1566=IFCPOLYLOOP((#17277,#17278,#17260,#17261));
#1567=IFCPOLYLOOP((#17278,#17279,#17262,#17260));
#1568=IFCPOLYLOOP((#17280,#17281,#17264,#17263));
#1569=IFCPOLYLOOP((#17282,#17283,#17266,#17265));
#1570=IFCPOLYLOOP((#17284,#17285,#17268,#17267));
#1571=IFCPOLYLOOP((#17263,#17262,#17279,#17280));
#1572=IFCPOLYLOOP((#17267,#17266,#17283,#17284));
#1573=IFCPOLYLOOP((#17286,#17287,#17270,#17269));
#1574=IFCPOLYLOOP((#17288,#17289,#17272,#17271));
#1575=IFCPOLYLOOP((#17290,#17291,#17274,#17273));
#1576=IFCPOLYLOOP((#17265,#17264,#17281,#17282));
#1577=IFCPOLYLOOP((#17271,#17270,#17287,#17288));
#1578=IFCPOLYLOOP((#17275,#17274,#17291,#17276));
#1579=IFCPOLYLOOP((#17273,#17272,#17289,#17290));
#1580=IFCPOLYLOOP((#17269,#17268,#17285,#17286));
#1581=IFCPOLYLOOP((#17292,#17278,#17277,#17293));
#1582=IFCPOLYLOOP((#17294,#17279,#17278,#17292));
#1583=IFCPOLYLOOP((#17295,#17280,#17279,#17294));
#1584=IFCPOLYLOOP((#17296,#17281,#17280,#17295));
#1585=IFCPOLYLOOP((#17297,#17282,#17281,#17296));
#1586=IFCPOLYLOOP((#17298,#17283,#17282,#17297));
#1587=IFCPOLYLOOP((#17299,#17284,#17283,#17298));
#1588=IFCPOLYLOOP((#17300,#17285,#17284,#17299));
#1589=IFCPOLYLOOP((#17301,#17286,#17285,#17300));
#1590=IFCPOLYLOOP((#17302,#17287,#17286,#17301));
#1591=IFCPOLYLOOP((#17303,#17288,#17287,#17302));
#1592=IFCPOLYLOOP((#17304,#17289,#17288,#17303));
#1593=IFCPOLYLOOP((#17305,#17290,#17289,#17304));
#1594=IFCPOLYLOOP((#17306,#17291,#17290,#17305));
#1595=IFCPOLYLOOP((#17307,#17276,#17291,#17306));
#1596=IFCPOLYLOOP((#17293,#17277,#17276,#17307));
#1597=IFCPOLYLOOP((#17308,#17204,#17207,#17309));
#1598=IFCPOLYLOOP((#17310,#17205,#17204,#17308));
#1599=IFCPOLYLOOP((#17311,#17203,#17205,#17310));
#1600=IFCPOLYLOOP((#17312,#17201,#17203,#17311));
#1601=IFCPOLYLOOP((#17313,#17199,#17201,#17312));
#1602=IFCPOLYLOOP((#17314,#17197,#17199,#17313));
#1603=IFCPOLYLOOP((#17315,#17194,#17197,#17314));
#1604=IFCPOLYLOOP((#17316,#17195,#17194,#17315));
#1605=IFCPOLYLOOP((#17317,#17202,#17195,#17316));
#1606=IFCPOLYLOOP((#17318,#17200,#17202,#17317));
#1607=IFCPOLYLOOP((#17319,#17198,#17200,#17318));
#1608=IFCPOLYLOOP((#17320,#17196,#17198,#17319));
#1609=IFCPOLYLOOP((#17321,#17191,#17196,#17320));
#1610=IFCPOLYLOOP((#17322,#17192,#17191,#17321));
#1611=IFCPOLYLOOP((#17323,#17206,#17192,#17322));
#1612=IFCPOLYLOOP((#17309,#17207,#17206,#17323));
#1613=IFCPOLYLOOP((#17324,#17325,#17319,#17318));
#1614=IFCPOLYLOOP((#17325,#17326,#17320,#17319));
#1615=IFCPOLYLOOP((#17327,#17328,#17322,#17321));
#1616=IFCPOLYLOOP((#17321,#17320,#17326,#17327));
#1617=IFCPOLYLOOP((#17329,#17330,#17308,#17309));
#1618=IFCPOLYLOOP((#17328,#17331,#17323,#17322));
#1619=IFCPOLYLOOP((#17330,#17332,#17310,#17308));
#1620=IFCPOLYLOOP((#17309,#17323,#17331,#17329));
#1621=IFCPOLYLOOP((#17318,#17317,#17333,#17324));
#1622=IFCPOLYLOOP((#17334,#17335,#17312,#17311));
#1623=IFCPOLYLOOP((#17336,#17337,#17314,#17313));
#1624=IFCPOLYLOOP((#17338,#17339,#17316,#17315));
#1625=IFCPOLYLOOP((#17311,#17310,#17332,#17334));
#1626=IFCPOLYLOOP((#17315,#17314,#17337,#17338));
#1627=IFCPOLYLOOP((#17313,#17312,#17335,#17336));
#1628=IFCPOLYLOOP((#17317,#17316,#17339,#17333));
#1629=IFCPOLYLOOP((#17340,#17330,#17329,#17341));
#1630=IFCPOLYLOOP((#17342,#17332,#17330,#17340));
#1631=IFCPOLYLOOP((#17343,#17334,#17332,#17342));
#1632=IFCPOLYLOOP((#17344,#17335,#17334,#17343));
#1633=IFCPOLYLOOP((#17345,#17336,#17335,#17344));
#1634=IFCPOLYLOOP((#17346,#17337,#17336,#17345));
#1635=IFCPOLYLOOP((#17347,#17338,#17337,#17346));
#1636=IFCPOLYLOOP((#17348,#17339,#17338,#17347));
#1637=IFCPOLYLOOP((#17349,#17333,#17339,#17348));
#1638=IFCPOLYLOOP((#17350,#17324,#17333,#17349));
#1639=IFCPOLYLOOP((#17351,#17325,#17324,#17350));
#1640=IFCPOLYLOOP((#17352,#17326,#17325,#17351));
#1641=IFCPOLYLOOP((#17353,#17327,#17326,#17352));
#1642=IFCPOLYLOOP((#17354,#17328,#17327,#17353));
#1643=IFCPOLYLOOP((#17355,#17331,#17328,#17354));
#1644=IFCPOLYLOOP((#17341,#17329,#17331,#17355));
#1645=IFCPOLYLOOP((#17356,#17357,#17358));
#1646=IFCPOLYLOOP((#17358,#17359,#17356));
#1647=IFCPOLYLOOP((#17360,#17361,#17362));
#1648=IFCPOLYLOOP((#17361,#17363,#17364,#17362));
#1649=IFCPOLYLOOP((#17209,#17208,#17365,#17366));
#1650=IFCPOLYLOOP((#17366,#17365,#17360,#17367));
#1651=IFCPOLYLOOP((#17362,#17367,#17360));
#1652=IFCPOLYLOOP((#17358,#17368,#17369,#17359));
#1653=IFCPOLYLOOP((#17357,#17356,#17370,#17371));
#1654=IFCPOLYLOOP((#17371,#17370,#17372,#17373));
#1655=IFCPOLYLOOP((#17374,#17375,#17363,#17361));
#1656=IFCPOLYLOOP((#17359,#17369,#17375,#17374));
#1657=IFCPOLYLOOP((#17376,#17373,#17377,#17378));
#1658=IFCPOLYLOOP((#17373,#17372,#17377));
#1659=IFCPOLYLOOP((#17376,#17379,#17380));
#1660=IFCPOLYLOOP((#17380,#17381,#17382,#17376));
#1661=IFCPOLYLOOP((#17378,#17379,#17376));
#1662=IFCPOLYLOOP((#17383,#17384,#17368,#17358));
#1663=IFCPOLYLOOP((#17385,#17386,#17384,#17383));
#1664=IFCPOLYLOOP((#17387,#17388,#17386,#17385));
#1665=IFCPOLYLOOP((#17389,#17390,#17388,#17387));
#1666=IFCPOLYLOOP((#17391,#17392,#17390,#17389));
#1667=IFCPOLYLOOP((#17393,#17394,#17392,#17391));
#1668=IFCPOLYLOOP((#17395,#17396,#17397,#17398));
#1669=IFCPOLYLOOP((#17399,#17400,#17396,#17395));
#1670=IFCPOLYLOOP((#17401,#17402,#17400,#17399));
#1671=IFCPOLYLOOP((#17403,#17404,#17402,#17401));
#1672=IFCPOLYLOOP((#17405,#17406,#17404,#17403));
#1673=IFCPOLYLOOP((#17362,#17364,#17406,#17405));
#1674=IFCPOLYLOOP((#17407,#17375,#17369));
#1675=IFCPOLYLOOP((#17408,#17397,#17396,#17400,#17402,#17404,#17406,#17364,
#17363));
#1676=IFCPOLYLOOP((#17363,#17375,#17407,#17408));
#1677=IFCPOLYLOOP((#17369,#17368,#17384,#17386,#17388,#17390,#17392,#17394,
#17407));
#1678=IFCPOLYLOOP((#17393,#17409,#17410));
#1679=IFCPOLYLOOP((#17393,#17411,#17409));
#1680=IFCPOLYLOOP((#17393,#17412,#17411));
#1681=IFCPOLYLOOP((#17410,#17407,#17394,#17393));
#1682=IFCPOLYLOOP((#17398,#17413,#17414));
#1683=IFCPOLYLOOP((#17398,#17397,#17408,#17415));
#1684=IFCPOLYLOOP((#17415,#17413,#17398));
#1685=IFCPOLYLOOP((#17414,#17416,#17398));
#1686=IFCPOLYLOOP((#17410,#17415,#17408,#17407));
#1687=IFCPOLYLOOP((#17409,#17413,#17415,#17410));
#1688=IFCPOLYLOOP((#17411,#17414,#17413,#17409));
#1689=IFCPOLYLOOP((#17412,#17416,#17414,#17411));
#1690=IFCPOLYLOOP((#17417,#17418,#17419));
#1691=IFCPOLYLOOP((#17418,#17420,#17421,#17419));
#1692=IFCPOLYLOOP((#17422,#17423,#17424));
#1693=IFCPOLYLOOP((#17424,#17425,#17422));
#1694=IFCPOLYLOOP((#17424,#17426,#17427,#17425));
#1695=IFCPOLYLOOP((#17423,#17422,#17428,#17429));
#1696=IFCPOLYLOOP((#17429,#17428,#17211,#17210));
#1697=IFCPOLYLOOP((#17382,#17381,#17430,#17431));
#1698=IFCPOLYLOOP((#17431,#17430,#17417,#17432));
#1699=IFCPOLYLOOP((#17419,#17432,#17417));
#1700=IFCPOLYLOOP((#17433,#17434,#17420,#17418));
#1701=IFCPOLYLOOP((#17425,#17427,#17434,#17433));
#1702=IFCPOLYLOOP((#17435,#17436,#17437,#17438));
#1703=IFCPOLYLOOP((#17439,#17440,#17436,#17435));
#1704=IFCPOLYLOOP((#17441,#17442,#17440,#17439));
#1705=IFCPOLYLOOP((#17443,#17444,#17442,#17441));
#1706=IFCPOLYLOOP((#17445,#17446,#17444,#17443));
#1707=IFCPOLYLOOP((#17419,#17421,#17446,#17445));
#1708=IFCPOLYLOOP((#17447,#17448,#17426,#17424));
#1709=IFCPOLYLOOP((#17449,#17450,#17448,#17447));
#1710=IFCPOLYLOOP((#17451,#17452,#17450,#17449));
#1711=IFCPOLYLOOP((#17453,#17454,#17452,#17451));
#1712=IFCPOLYLOOP((#17455,#17456,#17454,#17453));
#1713=IFCPOLYLOOP((#17457,#17458,#17456,#17455));
#1714=IFCPOLYLOOP((#17459,#17434,#17427));
#1715=IFCPOLYLOOP((#17460,#17437,#17436,#17440,#17442,#17444,#17446,#17421,
#17420));
#1716=IFCPOLYLOOP((#17420,#17434,#17459,#17460));
#1717=IFCPOLYLOOP((#17427,#17426,#17448,#17450,#17452,#17454,#17456,#17458,
#17459));
#1718=IFCPOLYLOOP((#17438,#17461,#17462));
#1719=IFCPOLYLOOP((#17438,#17437,#17460,#17461));
#1720=IFCPOLYLOOP((#17462,#17463,#17438));
#1721=IFCPOLYLOOP((#17463,#17464,#17438));
#1722=IFCPOLYLOOP((#17457,#17465,#17466));
#1723=IFCPOLYLOOP((#17457,#17467,#17465));
#1724=IFCPOLYLOOP((#17457,#17468,#17467));
#1725=IFCPOLYLOOP((#17466,#17459,#17458,#17457));
#1726=IFCPOLYLOOP((#17463,#17467,#17468,#17464));
#1727=IFCPOLYLOOP((#17462,#17465,#17467,#17463));
#1728=IFCPOLYLOOP((#17461,#17466,#17465,#17462));
#1729=IFCPOLYLOOP((#17460,#17459,#17466,#17461));
#1730=IFCPOLYLOOP((#17469,#17470,#16967,#17063));
#1731=IFCPOLYLOOP((#17470,#17471,#16967));
#1732=IFCPOLYLOOP((#17472,#17473,#17015));
#1733=IFCPOLYLOOP((#17473,#17474,#17029,#17015));
#1734=IFCPOLYLOOP((#17071,#17475,#17476));
#1735=IFCPOLYLOOP((#17476,#17477,#16973,#17071));
#1736=IFCPOLYLOOP((#16972,#17478,#17479));
#1737=IFCPOLYLOOP((#17477,#17480,#16973));
#1738=IFCPOLYLOOP((#16972,#17481,#17478));
#1739=IFCPOLYLOOP((#17071,#17072,#17475));
#1740=IFCPOLYLOOP((#16972,#17480,#17481));
#1741=IFCPOLYLOOP((#17068,#17482,#17483));
#1742=IFCPOLYLOOP((#17484,#17485,#17486));
#1743=IFCPOLYLOOP((#17479,#16971,#16972));
#1744=IFCPOLYLOOP((#17068,#17487,#17482));
#1745=IFCPOLYLOOP((#17486,#17488,#17484));
#1746=IFCPOLYLOOP((#17076,#17489,#17490));
#1747=IFCPOLYLOOP((#17072,#17491,#17492));
#1748=IFCPOLYLOOP((#16973,#17493,#17070,#17071));
#1749=IFCPOLYLOOP((#17488,#17487,#17068,#17484));
#1750=IFCPOLYLOOP((#17077,#16967,#17494,#17495));
#1751=IFCPOLYLOOP((#17076,#17496,#17489));
#1752=IFCPOLYLOOP((#17075,#17490,#17497));
#1753=IFCPOLYLOOP((#17493,#16973,#16974));
#1754=IFCPOLYLOOP((#17492,#17498,#17072));
#1755=IFCPOLYLOOP((#17072,#17073,#17499,#17500));
#1756=IFCPOLYLOOP((#17493,#17484,#17069,#17070));
#1757=IFCPOLYLOOP((#17483,#17067,#17068));
#1758=IFCPOLYLOOP((#17501,#17502,#16968,#16969));
#1759=IFCPOLYLOOP((#17495,#17503,#17077));
#1760=IFCPOLYLOOP((#17076,#17503,#17496));
#1761=IFCPOLYLOOP((#17504,#17499,#17073,#17074));
#1762=IFCPOLYLOOP((#17505,#16975,#16976));
#1763=IFCPOLYLOOP((#16974,#17505,#17493));
#1764=IFCPOLYLOOP((#17500,#17491,#17072));
#1765=IFCPOLYLOOP((#17068,#17069,#17484));
#1766=IFCPOLYLOOP((#16969,#17506,#17507,#17501));
#1767=IFCPOLYLOOP((#17471,#17505,#16977,#16978));
#1768=IFCPOLYLOOP((#17503,#17076,#17077));
#1769=IFCPOLYLOOP((#17497,#17508,#17509,#17504,#17074,#17075));
#1770=IFCPOLYLOOP((#16974,#16975,#17505));
#1771=IFCPOLYLOOP((#17480,#16972,#16973));
#1772=IFCPOLYLOOP((#16968,#17510,#17511));
#1773=IFCPOLYLOOP((#17502,#17512,#16968));
#1774=IFCPOLYLOOP((#16966,#16968,#17513));
#1775=IFCPOLYLOOP((#17064,#17514,#17515));
#1776=IFCPOLYLOOP((#17471,#16980,#16981));
#1777=IFCPOLYLOOP((#16978,#16979,#17471));
#1778=IFCPOLYLOOP((#17490,#17075,#17076));
#1779=IFCPOLYLOOP((#17498,#17475,#17072));
#1780=IFCPOLYLOOP((#16971,#17479,#17516));
#1781=IFCPOLYLOOP((#17512,#17510,#16968));
#1782=IFCPOLYLOOP((#17494,#16967,#16966));
#1783=IFCPOLYLOOP((#17515,#17517,#17064));
#1784=IFCPOLYLOOP((#16979,#16980,#17471));
#1785=IFCPOLYLOOP((#16976,#16977,#17505));
#1786=IFCPOLYLOOP((#17506,#16969,#16970));
#1787=IFCPOLYLOOP((#17513,#17494,#16966));
#1788=IFCPOLYLOOP((#17517,#17518,#17064));
#1789=IFCPOLYLOOP((#17519,#17514,#17064,#17065));
#1790=IFCPOLYLOOP((#17474,#17062,#17520,#17521));
#1791=IFCPOLYLOOP((#17077,#17063,#16967));
#1792=IFCPOLYLOOP((#17511,#17513,#16968));
#1793=IFCPOLYLOOP((#17067,#17483,#17522));
#1794=IFCPOLYLOOP((#17065,#17523,#17524,#17519));
#1795=IFCPOLYLOOP((#17062,#17064,#17520));
#1796=IFCPOLYLOOP((#17516,#17525,#17506,#16970,#16971));
#1797=IFCPOLYLOOP((#17523,#17065,#17066));
#1798=IFCPOLYLOOP((#17521,#17526,#17474));
#1799=IFCPOLYLOOP((#17522,#17527,#17523,#17066,#17067));
#1800=IFCPOLYLOOP((#17474,#17063,#17062));
#1801=IFCPOLYLOOP((#17518,#17520,#17064));
#1802=IFCPOLYLOOP((#17484,#17528,#17529));
#1803=IFCPOLYLOOP((#17484,#17024,#17530,#17528));
#1804=IFCPOLYLOOP((#17028,#17531,#17532));
#1805=IFCPOLYLOOP((#17024,#17533,#17530));
#1806=IFCPOLYLOOP((#17024,#17534,#17535));
#1807=IFCPOLYLOOP((#17028,#17536,#17531));
#1808=IFCPOLYLOOP((#17535,#17533,#17024));
#1809=IFCPOLYLOOP((#17474,#17526,#17537));
#1810=IFCPOLYLOOP((#17028,#17538,#17536));
#1811=IFCPOLYLOOP((#17027,#17532,#17539));
#1812=IFCPOLYLOOP((#17024,#17025,#17540,#17534));
#1813=IFCPOLYLOOP((#17541,#17021,#17022));
#1814=IFCPOLYLOOP((#17537,#17538,#17029,#17474));
#1815=IFCPOLYLOOP((#17539,#17542,#17543,#17544,#17026,#17027));
#1816=IFCPOLYLOOP((#17484,#17023,#17024));
#1817=IFCPOLYLOOP((#17022,#17484,#17541));
#1818=IFCPOLYLOOP((#17532,#17027,#17028));
#1819=IFCPOLYLOOP((#17022,#17023,#17484));
#1820=IFCPOLYLOOP((#17541,#17019,#17020));
#1821=IFCPOLYLOOP((#17545,#17017,#17018));
#1822=IFCPOLYLOOP((#17544,#17540,#17025,#17026));
#1823=IFCPOLYLOOP((#17020,#17021,#17541));
#1824=IFCPOLYLOOP((#17545,#17016,#17017));
#1825=IFCPOLYLOOP((#17529,#17485,#17484));
#1826=IFCPOLYLOOP((#17545,#17014,#17016));
#1827=IFCPOLYLOOP((#17018,#17019,#17541,#17545));
#1828=IFCPOLYLOOP((#17538,#17028,#17029));
#1829=IFCPOLYLOOP((#16981,#16967,#17471));
#1830=IFCPOLYLOOP((#17015,#17014,#17545,#17472));
#1831=IFCPOLYLOOP((#17063,#17474,#17473,#17469));
#1832=IFCPOLYLOOP((#17539,#17546,#17547,#17542));
#1833=IFCPOLYLOOP((#17532,#17548,#17546,#17539));
#1834=IFCPOLYLOOP((#17531,#17549,#17548,#17532));
#1835=IFCPOLYLOOP((#17536,#17550,#17549,#17531));
#1836=IFCPOLYLOOP((#17538,#17551,#17550,#17536));
#1837=IFCPOLYLOOP((#17537,#17552,#17551,#17538));
#1838=IFCPOLYLOOP((#17553,#17554,#17555,#17556,#17557,#17558,#17559));
#1839=IFCPOLYLOOP((#17560,#17561,#17562,#17547));
#1840=IFCPOLYLOOP((#17559,#17563,#17564,#17553));
#1841=IFCPOLYLOOP((#17551,#17552,#17565,#17566,#17567,#17568,#17569,#17570,
#17560));
#1842=IFCPOLYLOOP((#17563,#17562,#17561,#17564));
#1843=IFCPOLYLOOP((#17553,#17571,#17572,#17573,#17574,#17575,#17576,#17577,
#17554));
#1844=IFCPOLYLOOP((#17547,#17546,#17548,#17549,#17550,#17551,#17560));
#1845=IFCPOLYLOOP((#17520,#17566,#17565,#17521));
#1846=IFCPOLYLOOP((#17518,#17567,#17566,#17520));
#1847=IFCPOLYLOOP((#17517,#17568,#17567,#17518));
#1848=IFCPOLYLOOP((#17515,#17569,#17568,#17517));
#1849=IFCPOLYLOOP((#17514,#17570,#17569,#17515));
#1850=IFCPOLYLOOP((#17519,#17560,#17570,#17514));
#1851=IFCPOLYLOOP((#17522,#17571,#17553,#17527));
#1852=IFCPOLYLOOP((#17483,#17572,#17571,#17522));
#1853=IFCPOLYLOOP((#17482,#17573,#17572,#17483));
#1854=IFCPOLYLOOP((#17487,#17574,#17573,#17482));
#1855=IFCPOLYLOOP((#17488,#17575,#17574,#17487));
#1856=IFCPOLYLOOP((#17486,#17576,#17575,#17488));
#1857=IFCPOLYLOOP((#17528,#17554,#17577,#17529));
#1858=IFCPOLYLOOP((#17530,#17555,#17554,#17528));
#1859=IFCPOLYLOOP((#17533,#17556,#17555,#17530));
#1860=IFCPOLYLOOP((#17535,#17557,#17556,#17533));
#1861=IFCPOLYLOOP((#17534,#17558,#17557,#17535));
#1862=IFCPOLYLOOP((#17540,#17559,#17558,#17534));
#1863=IFCPOLYLOOP((#17524,#17561,#17560,#17519));
#1864=IFCPOLYLOOP((#17523,#17564,#17561,#17524));
#1865=IFCPOLYLOOP((#17527,#17553,#17564,#17523));
#1866=IFCPOLYLOOP((#17552,#17537,#17526));
#1867=IFCPOLYLOOP((#17526,#17521,#17565,#17552));
#1868=IFCPOLYLOOP((#17544,#17563,#17559,#17540));
#1869=IFCPOLYLOOP((#17543,#17562,#17563,#17544));
#1870=IFCPOLYLOOP((#17542,#17547,#17562,#17543));
#1871=IFCPOLYLOOP((#17576,#17486,#17485));
#1872=IFCPOLYLOOP((#17485,#17529,#17577,#17576));
#1873=IFCPOLYLOOP((#17513,#17578,#17579,#17494));
#1874=IFCPOLYLOOP((#17511,#17580,#17578,#17513));
#1875=IFCPOLYLOOP((#17510,#17581,#17580,#17511));
#1876=IFCPOLYLOOP((#17512,#17582,#17581,#17510));
#1877=IFCPOLYLOOP((#17502,#17583,#17582,#17512));
#1878=IFCPOLYLOOP((#17501,#17584,#17583,#17502));
#1879=IFCPOLYLOOP((#17585,#17586,#17587,#17588));
#1880=IFCPOLYLOOP((#17589,#17578,#17580,#17581,#17582,#17583,#17584));
#1881=IFCPOLYLOOP((#17590,#17591,#17592,#17593,#17594,#17595,#17596,#17597,
#17585));
#1882=IFCPOLYLOOP((#17584,#17598,#17599,#17589));
#1883=IFCPOLYLOOP((#17586,#17599,#17598,#17587));
#1884=IFCPOLYLOOP((#17588,#17600,#17601,#17602,#17603,#17590,#17585));
#1885=IFCPOLYLOOP((#17589,#17604,#17605,#17606,#17607,#17608,#17609,#17579,
#17578));
#1886=IFCPOLYLOOP((#17497,#17604,#17589,#17508));
#1887=IFCPOLYLOOP((#17490,#17605,#17604,#17497));
#1888=IFCPOLYLOOP((#17489,#17606,#17605,#17490));
#1889=IFCPOLYLOOP((#17496,#17607,#17606,#17489));
#1890=IFCPOLYLOOP((#17503,#17608,#17607,#17496));
#1891=IFCPOLYLOOP((#17495,#17609,#17608,#17503));
#1892=IFCPOLYLOOP((#17516,#17600,#17588,#17525));
#1893=IFCPOLYLOOP((#17479,#17601,#17600,#17516));
#1894=IFCPOLYLOOP((#17478,#17602,#17601,#17479));
#1895=IFCPOLYLOOP((#17481,#17603,#17602,#17478));
#1896=IFCPOLYLOOP((#17480,#17590,#17603,#17481));
#1897=IFCPOLYLOOP((#17477,#17591,#17590,#17480));
#1898=IFCPOLYLOOP((#17475,#17593,#17592,#17476));
#1899=IFCPOLYLOOP((#17498,#17594,#17593,#17475));
#1900=IFCPOLYLOOP((#17492,#17595,#17594,#17498));
#1901=IFCPOLYLOOP((#17491,#17596,#17595,#17492));
#1902=IFCPOLYLOOP((#17500,#17597,#17596,#17491));
#1903=IFCPOLYLOOP((#17499,#17585,#17597,#17500));
#1904=IFCPOLYLOOP((#17494,#17579,#17609,#17495));
#1905=IFCPOLYLOOP((#17507,#17598,#17584,#17501));
#1906=IFCPOLYLOOP((#17506,#17587,#17598,#17507));
#1907=IFCPOLYLOOP((#17525,#17588,#17587,#17506));
#1908=IFCPOLYLOOP((#17591,#17477,#17476,#17592));
#1909=IFCPOLYLOOP((#17504,#17586,#17585,#17499));
#1910=IFCPOLYLOOP((#17509,#17599,#17586,#17504));
#1911=IFCPOLYLOOP((#17508,#17589,#17599,#17509));
#1912=IFCPOLYLOOP((#17505,#17610,#17611));
#1913=IFCPOLYLOOP((#17471,#17470,#17612,#17613));
#1914=IFCPOLYLOOP((#17505,#17614,#17610));
#1915=IFCPOLYLOOP((#17505,#17471,#17615,#17616));
#1916=IFCPOLYLOOP((#17470,#17617,#17618,#17612));
#1917=IFCPOLYLOOP((#17617,#17619,#17620,#17621));
#1918=IFCPOLYLOOP((#17616,#17614,#17505));
#1919=IFCPOLYLOOP((#17621,#17618,#17617));
#1920=IFCPOLYLOOP((#17613,#17615,#17471));
#1921=IFCPOLYLOOP((#17611,#17622,#17623,#17505));
#1922=IFCPOLYLOOP((#17620,#17624,#17625,#17621));
#1923=IFCPOLYLOOP((#17620,#17619,#17626));
#1924=IFCPOLYLOOP((#17626,#17627,#17624,#17620));
#1925=IFCPOLYLOOP((#17622,#17628,#17629,#17623));
#1926=IFCPOLYLOOP((#17611,#17630,#17628,#17622));
#1927=IFCPOLYLOOP((#17610,#17631,#17630,#17611));
#1928=IFCPOLYLOOP((#17614,#17632,#17631,#17610));
#1929=IFCPOLYLOOP((#17616,#17633,#17632,#17614));
#1930=IFCPOLYLOOP((#17615,#17634,#17633,#17616));
#1931=IFCPOLYLOOP((#17613,#17635,#17634,#17615));
#1932=IFCPOLYLOOP((#17612,#17636,#17635,#17613));
#1933=IFCPOLYLOOP((#17618,#17637,#17636,#17612));
#1934=IFCPOLYLOOP((#17621,#17625,#17637,#17618));
#1935=IFCPOLYLOOP((#17638,#17639,#17640,#17641));
#1936=IFCPOLYLOOP((#17636,#17637,#17642,#17643));
#1937=IFCPOLYLOOP((#17628,#17644,#17645,#17646));
#1938=IFCPOLYLOOP((#17639,#17647,#17640));
#1939=IFCPOLYLOOP((#17632,#17633,#17648,#17649));
#1940=IFCPOLYLOOP((#17637,#17625,#17650,#17642));
#1941=IFCPOLYLOOP((#17625,#17647,#17651,#17652));
#1942=IFCPOLYLOOP((#17644,#17653,#17645));
#1943=IFCPOLYLOOP((#17641,#17653,#17644,#17638));
#1944=IFCPOLYLOOP((#17649,#17654,#17631,#17632));
#1945=IFCPOLYLOOP((#17634,#17635,#17655,#17656));
#1946=IFCPOLYLOOP((#17652,#17650,#17625));
#1947=IFCPOLYLOOP((#17639,#17651,#17647));
#1948=IFCPOLYLOOP((#17657,#17658,#17659,#17660));
#1949=IFCPOLYLOOP((#17661,#17662,#17663,#17664));
#1950=IFCPOLYLOOP((#17656,#17648,#17633,#17634));
#1951=IFCPOLYLOOP((#17646,#17665,#17628));
#1952=IFCPOLYLOOP((#17625,#17624,#17666,#17667));
#1953=IFCPOLYLOOP((#17624,#17660,#17668));
#1954=IFCPOLYLOOP((#17664,#17659,#17658,#17661));
#1955=IFCPOLYLOOP((#17669,#17629,#17628));
#1956=IFCPOLYLOOP((#17643,#17655,#17635,#17636));
#1957=IFCPOLYLOOP((#17668,#17666,#17624));
#1958=IFCPOLYLOOP((#17628,#17670,#17671));
#1959=IFCPOLYLOOP((#17662,#17672,#17673,#17663));
#1960=IFCPOLYLOOP((#17628,#17665,#17674,#17669));
#1961=IFCPOLYLOOP((#17667,#17647,#17625));
#1962=IFCPOLYLOOP((#17628,#17630,#17675,#17670));
#1963=IFCPOLYLOOP((#17674,#17673,#17672,#17669));
#1964=IFCPOLYLOOP((#17671,#17644,#17628));
#1965=IFCPOLYLOOP((#17654,#17675,#17630,#17631));
#1966=IFCPOLYLOOP((#17660,#17624,#17627,#17676,#17657));
#1967=IFCPOLYLOOP((#17677,#17676,#17627,#17678));
#1968=IFCPOLYLOOP((#17679,#17657,#17676,#17677));
#1969=IFCPOLYLOOP((#17680,#17658,#17657,#17679));
#1970=IFCPOLYLOOP((#17681,#17661,#17658,#17680));
#1971=IFCPOLYLOOP((#17682,#17662,#17661,#17681));
#1972=IFCPOLYLOOP((#17683,#17672,#17662,#17682));
#1973=IFCPOLYLOOP((#17684,#17669,#17672,#17683));
#1974=IFCPOLYLOOP((#17685,#17629,#17669,#17684));
#1975=IFCPOLYLOOP((#17646,#17686,#17687,#17665));
#1976=IFCPOLYLOOP((#17645,#17688,#17686,#17646));
#1977=IFCPOLYLOOP((#17653,#17689,#17688,#17645));
#1978=IFCPOLYLOOP((#17641,#17690,#17689,#17653));
#1979=IFCPOLYLOOP((#17640,#17691,#17690,#17641));
#1980=IFCPOLYLOOP((#17647,#17692,#17691,#17640));
#1981=IFCPOLYLOOP((#17667,#17693,#17692,#17647));
#1982=IFCPOLYLOOP((#17666,#17694,#17693,#17667));
#1983=IFCPOLYLOOP((#17668,#17695,#17694,#17666));
#1984=IFCPOLYLOOP((#17660,#17696,#17695,#17668));
#1985=IFCPOLYLOOP((#17659,#17697,#17696,#17660));
#1986=IFCPOLYLOOP((#17664,#17698,#17697,#17659));
#1987=IFCPOLYLOOP((#17663,#17699,#17698,#17664));
#1988=IFCPOLYLOOP((#17673,#17700,#17699,#17663));
#1989=IFCPOLYLOOP((#17674,#17701,#17700,#17673));
#1990=IFCPOLYLOOP((#17665,#17687,#17701,#17674));
#1991=IFCPOLYLOOP((#17702,#17703,#17689,#17690));
#1992=IFCPOLYLOOP((#17690,#17691,#17704,#17702));
#1993=IFCPOLYLOOP((#17703,#17705,#17688,#17689));
#1994=IFCPOLYLOOP((#17706,#17707,#17697,#17698));
#1995=IFCPOLYLOOP((#17705,#17708,#17686,#17688));
#1996=IFCPOLYLOOP((#17707,#17709,#17696,#17697));
#1997=IFCPOLYLOOP((#17708,#17710,#17687,#17686));
#1998=IFCPOLYLOOP((#17711,#17712,#17700,#17701));
#1999=IFCPOLYLOOP((#17698,#17699,#17713,#17706));
#2000=IFCPOLYLOOP((#17714,#17715,#17694,#17695));
#2001=IFCPOLYLOOP((#17701,#17687,#17710,#17711));
#2002=IFCPOLYLOOP((#17695,#17696,#17709,#17714));
#2003=IFCPOLYLOOP((#17716,#17717,#17692,#17693));
#2004=IFCPOLYLOOP((#17699,#17700,#17712,#17713));
#2005=IFCPOLYLOOP((#17691,#17692,#17717,#17704));
#2006=IFCPOLYLOOP((#17693,#17694,#17715,#17716));
#2007=IFCPOLYLOOP((#17708,#17718,#17719,#17710));
#2008=IFCPOLYLOOP((#17705,#17720,#17718,#17708));
#2009=IFCPOLYLOOP((#17703,#17721,#17720,#17705));
#2010=IFCPOLYLOOP((#17702,#17722,#17721,#17703));
#2011=IFCPOLYLOOP((#17704,#17723,#17722,#17702));
#2012=IFCPOLYLOOP((#17717,#17724,#17723,#17704));
#2013=IFCPOLYLOOP((#17716,#17725,#17724,#17717));
#2014=IFCPOLYLOOP((#17715,#17726,#17725,#17716));
#2015=IFCPOLYLOOP((#17714,#17727,#17726,#17715));
#2016=IFCPOLYLOOP((#17709,#17728,#17727,#17714));
#2017=IFCPOLYLOOP((#17707,#17729,#17728,#17709));
#2018=IFCPOLYLOOP((#17706,#17730,#17729,#17707));
#2019=IFCPOLYLOOP((#17713,#17731,#17730,#17706));
#2020=IFCPOLYLOOP((#17712,#17732,#17731,#17713));
#2021=IFCPOLYLOOP((#17711,#17733,#17732,#17712));
#2022=IFCPOLYLOOP((#17710,#17719,#17733,#17711));
#2023=IFCPOLYLOOP((#17654,#17734,#17735,#17675));
#2024=IFCPOLYLOOP((#17649,#17736,#17734,#17654));
#2025=IFCPOLYLOOP((#17648,#17737,#17736,#17649));
#2026=IFCPOLYLOOP((#17656,#17738,#17737,#17648));
#2027=IFCPOLYLOOP((#17655,#17739,#17738,#17656));
#2028=IFCPOLYLOOP((#17643,#17740,#17739,#17655));
#2029=IFCPOLYLOOP((#17642,#17741,#17740,#17643));
#2030=IFCPOLYLOOP((#17650,#17742,#17741,#17642));
#2031=IFCPOLYLOOP((#17652,#17743,#17742,#17650));
#2032=IFCPOLYLOOP((#17651,#17744,#17743,#17652));
#2033=IFCPOLYLOOP((#17639,#17745,#17744,#17651));
#2034=IFCPOLYLOOP((#17638,#17746,#17745,#17639));
#2035=IFCPOLYLOOP((#17644,#17747,#17746,#17638));
#2036=IFCPOLYLOOP((#17671,#17748,#17747,#17644));
#2037=IFCPOLYLOOP((#17670,#17749,#17748,#17671));
#2038=IFCPOLYLOOP((#17675,#17735,#17749,#17670));
#2039=IFCPOLYLOOP((#17750,#17751,#17739,#17740));
#2040=IFCPOLYLOOP((#17752,#17753,#17734,#17736));
#2041=IFCPOLYLOOP((#17754,#17755,#17749,#17735));
#2042=IFCPOLYLOOP((#17740,#17741,#17756,#17750));
#2043=IFCPOLYLOOP((#17757,#17758,#17737,#17738));
#2044=IFCPOLYLOOP((#17735,#17734,#17753,#17754));
#2045=IFCPOLYLOOP((#17759,#17760,#17747,#17748));
#2046=IFCPOLYLOOP((#17761,#17762,#17745,#17746));
#2047=IFCPOLYLOOP((#17738,#17739,#17751,#17757));
#2048=IFCPOLYLOOP((#17748,#17749,#17755,#17759));
#2049=IFCPOLYLOOP((#17762,#17763,#17744,#17745));
#2050=IFCPOLYLOOP((#17764,#17765,#17742,#17743));
#2051=IFCPOLYLOOP((#17736,#17737,#17758,#17752));
#2052=IFCPOLYLOOP((#17743,#17744,#17763,#17764));
#2053=IFCPOLYLOOP((#17746,#17747,#17760,#17761));
#2054=IFCPOLYLOOP((#17741,#17742,#17765,#17756));
#2055=IFCPOLYLOOP((#17753,#17766,#17767,#17754));
#2056=IFCPOLYLOOP((#17752,#17768,#17766,#17753));
#2057=IFCPOLYLOOP((#17758,#17769,#17768,#17752));
#2058=IFCPOLYLOOP((#17757,#17770,#17769,#17758));
#2059=IFCPOLYLOOP((#17751,#17771,#17770,#17757));
#2060=IFCPOLYLOOP((#17750,#17772,#17771,#17751));
#2061=IFCPOLYLOOP((#17756,#17773,#17772,#17750));
#2062=IFCPOLYLOOP((#17765,#17774,#17773,#17756));
#2063=IFCPOLYLOOP((#17764,#17775,#17774,#17765));
#2064=IFCPOLYLOOP((#17763,#17776,#17775,#17764));
#2065=IFCPOLYLOOP((#17762,#17777,#17776,#17763));
#2066=IFCPOLYLOOP((#17761,#17778,#17777,#17762));
#2067=IFCPOLYLOOP((#17760,#17779,#17778,#17761));
#2068=IFCPOLYLOOP((#17759,#17780,#17779,#17760));
#2069=IFCPOLYLOOP((#17755,#17781,#17780,#17759));
#2070=IFCPOLYLOOP((#17754,#17767,#17781,#17755));
#2071=IFCPOLYLOOP((#17541,#17782,#17783,#17784));
#2072=IFCPOLYLOOP((#17785,#17786,#17787));
#2073=IFCPOLYLOOP((#17784,#17788,#17541));
#2074=IFCPOLYLOOP((#17785,#17472,#17789,#17786));
#2075=IFCPOLYLOOP((#17545,#17790,#17791));
#2076=IFCPOLYLOOP((#17788,#17792,#17541));
#2077=IFCPOLYLOOP((#17791,#17789,#17472,#17545));
#2078=IFCPOLYLOOP((#17792,#17793,#17541));
#2079=IFCPOLYLOOP((#17793,#17790,#17545,#17541));
#2080=IFCPOLYLOOP((#17787,#17794,#17795,#17785));
#2081=IFCPOLYLOOP((#17782,#17796,#17797,#17783));
#2082=IFCPOLYLOOP((#17794,#17798,#17799,#17800));
#2083=IFCPOLYLOOP((#17800,#17795,#17794));
#2084=IFCPOLYLOOP((#17787,#17801,#17798,#17794));
#2085=IFCPOLYLOOP((#17783,#17797,#17802,#17784));
#2086=IFCPOLYLOOP((#17803,#17788,#17784,#17802));
#2087=IFCPOLYLOOP((#17804,#17792,#17788,#17803));
#2088=IFCPOLYLOOP((#17805,#17793,#17792,#17804));
#2089=IFCPOLYLOOP((#17806,#17790,#17793,#17805));
#2090=IFCPOLYLOOP((#17807,#17791,#17790,#17806));
#2091=IFCPOLYLOOP((#17808,#17789,#17791,#17807));
#2092=IFCPOLYLOOP((#17809,#17786,#17789,#17808));
#2093=IFCPOLYLOOP((#17801,#17787,#17786,#17809));
#2094=IFCPOLYLOOP((#17810,#17811,#17812,#17813));
#2095=IFCPOLYLOOP((#17811,#17814,#17812));
#2096=IFCPOLYLOOP((#17813,#17815,#17816,#17810));
#2097=IFCPOLYLOOP((#17815,#17817,#17816));
#2098=IFCPOLYLOOP((#17815,#17797,#17818,#17817));
#2099=IFCPOLYLOOP((#17797,#17819,#17818));
#2100=IFCPOLYLOOP((#17797,#17820,#17821));
#2101=IFCPOLYLOOP((#17797,#17822,#17823));
#2102=IFCPOLYLOOP((#17821,#17819,#17797));
#2103=IFCPOLYLOOP((#17808,#17807,#17824,#17825));
#2104=IFCPOLYLOOP((#17804,#17803,#17826,#17827));
#2105=IFCPOLYLOOP((#17823,#17828,#17802,#17797));
#2106=IFCPOLYLOOP((#17811,#17829,#17814));
#2107=IFCPOLYLOOP((#17801,#17830,#17831));
#2108=IFCPOLYLOOP((#17832,#17833,#17834,#17835));
#2109=IFCPOLYLOOP((#17825,#17836,#17809,#17808));
#2110=IFCPOLYLOOP((#17806,#17805,#17837,#17838));
#2111=IFCPOLYLOOP((#17828,#17826,#17803,#17802));
#2112=IFCPOLYLOOP((#17831,#17814,#17829,#17801));
#2113=IFCPOLYLOOP((#17839,#17840,#17841,#17820));
#2114=IFCPOLYLOOP((#17833,#17842,#17843,#17834));
#2115=IFCPOLYLOOP((#17844,#17799,#17798));
#2116=IFCPOLYLOOP((#17838,#17824,#17807,#17806));
#2117=IFCPOLYLOOP((#17815,#17822,#17797));
#2118=IFCPOLYLOOP((#17835,#17841,#17840,#17832));
#2119=IFCPOLYLOOP((#17798,#17845,#17846,#17844));
#2120=IFCPOLYLOOP((#17801,#17829,#17847));
#2121=IFCPOLYLOOP((#17827,#17837,#17805,#17804));
#2122=IFCPOLYLOOP((#17846,#17843,#17842,#17844));
#2123=IFCPOLYLOOP((#17836,#17830,#17801,#17809));
#2124=IFCPOLYLOOP((#17847,#17845,#17798,#17801));
#2125=IFCPOLYLOOP((#17820,#17797,#17796,#17848,#17839));
#2126=IFCPOLYLOOP((#17849,#17850,#17851));
#2127=IFCPOLYLOOP((#17852,#17848,#17796,#17853));
#2128=IFCPOLYLOOP((#17854,#17839,#17848,#17852));
#2129=IFCPOLYLOOP((#17855,#17840,#17839,#17854));
#2130=IFCPOLYLOOP((#17856,#17832,#17840,#17855));
#2131=IFCPOLYLOOP((#17857,#17833,#17832,#17856));
#2132=IFCPOLYLOOP((#17858,#17842,#17833,#17857));
#2133=IFCPOLYLOOP((#17849,#17844,#17842,#17858));
#2134=IFCPOLYLOOP((#17851,#17799,#17844,#17849));
#2135=IFCPOLYLOOP((#17859,#17818,#17819,#17860));
#2136=IFCPOLYLOOP((#17861,#17817,#17818,#17859));
#2137=IFCPOLYLOOP((#17862,#17816,#17817,#17861));
#2138=IFCPOLYLOOP((#17863,#17810,#17816,#17862));
#2139=IFCPOLYLOOP((#17864,#17811,#17810,#17863));
#2140=IFCPOLYLOOP((#17865,#17829,#17811,#17864));
#2141=IFCPOLYLOOP((#17866,#17847,#17829,#17865));
#2142=IFCPOLYLOOP((#17867,#17845,#17847,#17866));
#2143=IFCPOLYLOOP((#17868,#17846,#17845,#17867));
#2144=IFCPOLYLOOP((#17869,#17843,#17846,#17868));
#2145=IFCPOLYLOOP((#17870,#17834,#17843,#17869));
#2146=IFCPOLYLOOP((#17871,#17835,#17834,#17870));
#2147=IFCPOLYLOOP((#17872,#17841,#17835,#17871));
#2148=IFCPOLYLOOP((#17873,#17820,#17841,#17872));
#2149=IFCPOLYLOOP((#17874,#17821,#17820,#17873));
#2150=IFCPOLYLOOP((#17860,#17819,#17821,#17874));
#2151=IFCPOLYLOOP((#17875,#17876,#17867,#17866));
#2152=IFCPOLYLOOP((#17877,#17878,#17869,#17868));
#2153=IFCPOLYLOOP((#17879,#17880,#17872,#17871));
#2154=IFCPOLYLOOP((#17868,#17867,#17876,#17877));
#2155=IFCPOLYLOOP((#17871,#17870,#17881,#17879));
#2156=IFCPOLYLOOP((#17882,#17883,#17861,#17859));
#2157=IFCPOLYLOOP((#17884,#17885,#17864,#17863));
#2158=IFCPOLYLOOP((#17870,#17869,#17878,#17881));
#2159=IFCPOLYLOOP((#17883,#17886,#17862,#17861));
#2160=IFCPOLYLOOP((#17885,#17887,#17865,#17864));
#2161=IFCPOLYLOOP((#17880,#17888,#17873,#17872));
#2162=IFCPOLYLOOP((#17889,#17890,#17860,#17874));
#2163=IFCPOLYLOOP((#17863,#17862,#17886,#17884));
#2164=IFCPOLYLOOP((#17874,#17873,#17888,#17889));
#2165=IFCPOLYLOOP((#17866,#17865,#17887,#17875));
#2166=IFCPOLYLOOP((#17859,#17860,#17890,#17882));
#2167=IFCPOLYLOOP((#17891,#17882,#17890,#17892));
#2168=IFCPOLYLOOP((#17893,#17883,#17882,#17891));
#2169=IFCPOLYLOOP((#17894,#17886,#17883,#17893));
#2170=IFCPOLYLOOP((#17895,#17884,#17886,#17894));
#2171=IFCPOLYLOOP((#17896,#17885,#17884,#17895));
#2172=IFCPOLYLOOP((#17897,#17887,#17885,#17896));
#2173=IFCPOLYLOOP((#17898,#17875,#17887,#17897));
#2174=IFCPOLYLOOP((#17899,#17876,#17875,#17898));
#2175=IFCPOLYLOOP((#17900,#17877,#17876,#17899));
#2176=IFCPOLYLOOP((#17901,#17878,#17877,#17900));
#2177=IFCPOLYLOOP((#17902,#17881,#17878,#17901));
#2178=IFCPOLYLOOP((#17903,#17879,#17881,#17902));
#2179=IFCPOLYLOOP((#17904,#17880,#17879,#17903));
#2180=IFCPOLYLOOP((#17905,#17888,#17880,#17904));
#2181=IFCPOLYLOOP((#17906,#17889,#17888,#17905));
#2182=IFCPOLYLOOP((#17892,#17890,#17889,#17906));
#2183=IFCPOLYLOOP((#17907,#17826,#17828,#17908));
#2184=IFCPOLYLOOP((#17909,#17827,#17826,#17907));
#2185=IFCPOLYLOOP((#17910,#17837,#17827,#17909));
#2186=IFCPOLYLOOP((#17911,#17838,#17837,#17910));
#2187=IFCPOLYLOOP((#17912,#17824,#17838,#17911));
#2188=IFCPOLYLOOP((#17913,#17825,#17824,#17912));
#2189=IFCPOLYLOOP((#17914,#17836,#17825,#17913));
#2190=IFCPOLYLOOP((#17915,#17830,#17836,#17914));
#2191=IFCPOLYLOOP((#17916,#17831,#17830,#17915));
#2192=IFCPOLYLOOP((#17917,#17814,#17831,#17916));
#2193=IFCPOLYLOOP((#17918,#17812,#17814,#17917));
#2194=IFCPOLYLOOP((#17919,#17813,#17812,#17918));
#2195=IFCPOLYLOOP((#17920,#17815,#17813,#17919));
#2196=IFCPOLYLOOP((#17921,#17822,#17815,#17920));
#2197=IFCPOLYLOOP((#17922,#17823,#17822,#17921));
#2198=IFCPOLYLOOP((#17908,#17828,#17823,#17922));
#2199=IFCPOLYLOOP((#17923,#17924,#17914,#17913));
#2200=IFCPOLYLOOP((#17924,#17925,#17915,#17914));
#2201=IFCPOLYLOOP((#17926,#17927,#17917,#17916));
#2202=IFCPOLYLOOP((#17928,#17929,#17920,#17919));
#2203=IFCPOLYLOOP((#17916,#17915,#17925,#17926));
#2204=IFCPOLYLOOP((#17919,#17918,#17930,#17928));
#2205=IFCPOLYLOOP((#17931,#17932,#17910,#17909));
#2206=IFCPOLYLOOP((#17918,#17917,#17927,#17930));
#2207=IFCPOLYLOOP((#17909,#17907,#17933,#17931));
#2208=IFCPOLYLOOP((#17934,#17935,#17912,#17911));
#2209=IFCPOLYLOOP((#17929,#17936,#17921,#17920));
#2210=IFCPOLYLOOP((#17937,#17938,#17908,#17922));
#2211=IFCPOLYLOOP((#17911,#17910,#17932,#17934));
#2212=IFCPOLYLOOP((#17922,#17921,#17936,#17937));
#2213=IFCPOLYLOOP((#17913,#17912,#17935,#17923));
#2214=IFCPOLYLOOP((#17907,#17908,#17938,#17933));
#2215=IFCPOLYLOOP((#17939,#17933,#17938,#17940));
#2216=IFCPOLYLOOP((#17941,#17931,#17933,#17939));
#2217=IFCPOLYLOOP((#17942,#17932,#17931,#17941));
#2218=IFCPOLYLOOP((#17943,#17934,#17932,#17942));
#2219=IFCPOLYLOOP((#17944,#17935,#17934,#17943));
#2220=IFCPOLYLOOP((#17945,#17923,#17935,#17944));
#2221=IFCPOLYLOOP((#17946,#17924,#17923,#17945));
#2222=IFCPOLYLOOP((#17947,#17925,#17924,#17946));
#2223=IFCPOLYLOOP((#17948,#17926,#17925,#17947));
#2224=IFCPOLYLOOP((#17949,#17927,#17926,#17948));
#2225=IFCPOLYLOOP((#17950,#17930,#17927,#17949));
#2226=IFCPOLYLOOP((#17951,#17928,#17930,#17950));
#2227=IFCPOLYLOOP((#17952,#17929,#17928,#17951));
#2228=IFCPOLYLOOP((#17953,#17936,#17929,#17952));
#2229=IFCPOLYLOOP((#17954,#17937,#17936,#17953));
#2230=IFCPOLYLOOP((#17940,#17938,#17937,#17954));
#2231=IFCPOLYLOOP((#17955,#16742,#16745));
#2232=IFCPOLYLOOP((#16718,#17956,#17957,#16759,#16740));
#2233=IFCPOLYLOOP((#17955,#16713,#16746,#16742));
#2234=IFCPOLYLOOP((#16713,#16714,#16752,#16750));
#2235=IFCPOLYLOOP((#16718,#16734,#16732));
#2236=IFCPOLYLOOP((#16740,#16738,#16718));
#2237=IFCPOLYLOOP((#16504,#17958,#16250));
#2238=IFCPOLYLOOP((#16713,#16748,#16746));
#2239=IFCPOLYLOOP((#16714,#16709,#16752));
#2240=IFCPOLYLOOP((#16724,#17959,#17960));
#2241=IFCPOLYLOOP((#16732,#16730,#16704,#16718));
#2242=IFCPOLYLOOP((#16738,#16736,#16718));
#2243=IFCPOLYLOOP((#16763,#16759,#17957,#16319,#16265));
#2244=IFCPOLYLOOP((#16763,#16259,#15850));
#2245=IFCPOLYLOOP((#17958,#16183,#16192,#16250));
#2246=IFCPOLYLOOP((#16750,#16748,#16713));
#2247=IFCPOLYLOOP((#17955,#17958,#16504,#16558));
#2248=IFCPOLYLOOP((#17961,#17956,#16718,#16720));
#2249=IFCPOLYLOOP((#16736,#16734,#16718));
#2250=IFCPOLYLOOP((#15849,#15854,#16205,#16204,#17962));
#2251=IFCPOLYLOOP((#15850,#17955,#16763));
#2252=IFCPOLYLOOP((#17958,#17963,#16179,#16183));
#2253=IFCPOLYLOOP((#16558,#16713,#17955));
#2254=IFCPOLYLOOP((#16730,#16705,#16704));
#2255=IFCPOLYLOOP((#16265,#16259,#16763));
#2256=IFCPOLYLOOP((#16745,#16763,#17955));
#2257=IFCPOLYLOOP((#17962,#17955,#15850,#15849));
#2258=IFCPOLYLOOP((#16204,#16215,#16191,#16179));
#2259=IFCPOLYLOOP((#17960,#17961,#16720,#16724));
#2260=IFCPOLYLOOP((#16250,#16457,#16504));
#2261=IFCPOLYLOOP((#17431,#17435,#17438));
#2262=IFCPOLYLOOP((#17431,#17439,#17435));
#2263=IFCPOLYLOOP((#17431,#17441,#17439));
#2264=IFCPOLYLOOP((#17431,#17432,#17445,#17443));
#2265=IFCPOLYLOOP((#17443,#17441,#17431));
#2266=IFCPOLYLOOP((#17376,#17382,#17964,#17965));
#2267=IFCPOLYLOOP((#17468,#15786,#15771));
#2268=IFCPOLYLOOP((#17432,#17419,#17445));
#2269=IFCPOLYLOOP((#17965,#17966,#17376));
#2270=IFCPOLYLOOP((#15771,#15796,#17967,#17464,#17468));
#2271=IFCPOLYLOOP((#17382,#17431,#17968,#17964));
#2272=IFCPOLYLOOP((#17429,#17468,#17457));
#2273=IFCPOLYLOOP((#16207,#17969,#17970,#16228));
#2274=IFCPOLYLOOP((#17438,#17464,#17967,#17968,#17431));
#2275=IFCPOLYLOOP((#17971,#17969,#15854,#15799));
#2276=IFCPOLYLOOP((#17457,#17455,#17429));
#2277=IFCPOLYLOOP((#16228,#16237,#16214,#16207));
#2278=IFCPOLYLOOP((#15799,#17468,#17971));
#2279=IFCPOLYLOOP((#17468,#16249,#17972));
#2280=IFCPOLYLOOP((#17429,#17451,#17449));
#2281=IFCPOLYLOOP((#17455,#17453,#17429));
#2282=IFCPOLYLOOP((#17468,#15799,#15786));
#2283=IFCPOLYLOOP((#16249,#16236,#16229,#17972));
#2284=IFCPOLYLOOP((#16249,#17468,#17210));
#2285=IFCPOLYLOOP((#17453,#17451,#17429));
#2286=IFCPOLYLOOP((#17972,#17971,#17468));
#2287=IFCPOLYLOOP((#17468,#17429,#17210));
#2288=IFCPOLYLOOP((#17449,#17447,#17423,#17429));
#2289=IFCPOLYLOOP((#16207,#16205,#15854,#17969));
#2290=IFCPOLYLOOP((#17447,#17424,#17423));
#2291=IFCPOLYLOOP((#17210,#17126,#17108,#16249));
#2292=IFCPOLYLOOP((#17366,#17401,#17399));
#2293=IFCPOLYLOOP((#17366,#17403,#17401));
#2294=IFCPOLYLOOP((#17367,#17362,#17405));
#2295=IFCPOLYLOOP((#17209,#17973,#17974));
#2296=IFCPOLYLOOP((#17371,#17387,#17385));
#2297=IFCPOLYLOOP((#17371,#17391,#17389));
#2298=IFCPOLYLOOP((#17405,#17403,#17366,#17367));
#2299=IFCPOLYLOOP((#17974,#16846,#17209));
#2300=IFCPOLYLOOP((#17389,#17387,#17371));
#2301=IFCPOLYLOOP((#17371,#17975,#17976,#17412,#17393));
#2302=IFCPOLYLOOP((#17209,#17366,#17973));
#2303=IFCPOLYLOOP((#17376,#17966,#17977));
#2304=IFCPOLYLOOP((#17393,#17391,#17371));
#2305=IFCPOLYLOOP((#17399,#17541,#17973,#17366));
#2306=IFCPOLYLOOP((#17978,#17975,#17371,#17373));
#2307=IFCPOLYLOOP((#17385,#17383,#17357,#17371));
#2308=IFCPOLYLOOP((#17974,#16907,#16847,#16846));
#2309=IFCPOLYLOOP((#17541,#17395,#17398));
#2310=IFCPOLYLOOP((#17383,#17358,#17357));
#2311=IFCPOLYLOOP((#17416,#17412,#17976,#17853,#17796));
#2312=IFCPOLYLOOP((#17541,#17484,#17979,#17973));
#2313=IFCPOLYLOOP((#17541,#17399,#17395));
#2314=IFCPOLYLOOP((#17796,#17782,#17416));
#2315=IFCPOLYLOOP((#17398,#17416,#17782,#17541));
#2316=IFCPOLYLOOP((#17974,#16879,#16910));
#2317=IFCPOLYLOOP((#16846,#17110,#17157,#17209));
#2318=IFCPOLYLOOP((#16879,#16850,#16849,#16910));
#2319=IFCPOLYLOOP((#16910,#16907,#17974));
#2320=IFCPOLYLOOP((#16879,#17974,#17980));
#2321=IFCPOLYLOOP((#17980,#17979,#17484,#17493,#16904,#16879));
#2322=IFCPOLYLOOP((#17981,#16815,#16804));
#2323=IFCPOLYLOOP((#16776,#16798,#16796));
#2324=IFCPOLYLOOP((#16804,#16802,#17981));
#2325=IFCPOLYLOOP((#16555,#16454,#17982));
#2326=IFCPOLYLOOP((#16796,#16794,#16770,#16776));
#2327=IFCPOLYLOOP((#16802,#16800,#16776,#17981));
#2328=IFCPOLYLOOP((#17981,#16776,#16555));
#2329=IFCPOLYLOOP((#16800,#16798,#16776));
#2330=IFCPOLYLOOP((#17493,#16852,#16882));
#2331=IFCPOLYLOOP((#16815,#17981,#17505));
#2332=IFCPOLYLOOP((#16794,#16771,#16770));
#2333=IFCPOLYLOOP((#16852,#16843,#16842,#16882));
#2334=IFCPOLYLOOP((#16852,#17493,#17983,#17984));
#2335=IFCPOLYLOOP((#17981,#17983,#17493,#17505));
#2336=IFCPOLYLOOP((#16454,#16845,#16855,#17982));
#2337=IFCPOLYLOOP((#16778,#16782,#16785));
#2338=IFCPOLYLOOP((#17984,#17982,#16855,#16852));
#2339=IFCPOLYLOOP((#17982,#17981,#16555));
#2340=IFCPOLYLOOP((#16778,#16786,#16782));
#2341=IFCPOLYLOOP((#16778,#16779,#16792,#16790));
#2342=IFCPOLYLOOP((#17505,#17623,#16815));
#2343=IFCPOLYLOOP((#16778,#16788,#16786));
#2344=IFCPOLYLOOP((#16779,#16766,#16792));
#2345=IFCPOLYLOOP((#16724,#16723,#17985,#17986));
#2346=IFCPOLYLOOP((#16555,#16492,#16455,#16454));
#2347=IFCPOLYLOOP((#16815,#17623,#17629));
#2348=IFCPOLYLOOP((#16790,#16788,#16778));
#2349=IFCPOLYLOOP((#17986,#17959,#16724));
#2350=IFCPOLYLOOP((#17629,#17685,#17987,#16811,#16815));
#2351=IFCPOLYLOOP((#16723,#16778,#17988,#17985));
#2352=IFCPOLYLOOP((#16785,#16811,#17987,#17988,#16778));
#2353=IFCPOLYLOOP((#16882,#16904,#17493));
#2354=IFCPOLYLOOP((#17977,#17978,#17373,#17376));
#2355=IFCPOLYLOOP((#16229,#16228,#17970,#17972));
#2356=IFCPOLYLOOP((#16179,#17963,#17962,#16204));
#2357=IFCPOLYLOOP((#17973,#17989,#17990));
#2358=IFCPOLYLOOP((#17973,#17979,#17991));
#2359=IFCPOLYLOOP((#17991,#17989,#17973));
#2360=IFCPOLYLOOP((#17990,#17992,#17993,#17973));
#2361=IFCPOLYLOOP((#17974,#17994,#17995));
#2362=IFCPOLYLOOP((#17974,#17996,#17997,#17998));
#2363=IFCPOLYLOOP((#17998,#17994,#17974));
#2364=IFCPOLYLOOP((#17995,#17980,#17974));
#2365=IFCPOLYLOOP((#17990,#17998,#17997,#17992));
#2366=IFCPOLYLOOP((#17989,#17994,#17998,#17990));
#2367=IFCPOLYLOOP((#17991,#17995,#17994,#17989));
#2368=IFCPOLYLOOP((#17979,#17980,#17995,#17991));
#2369=IFCPOLYLOOP((#17992,#17997,#17996,#17993));
#2370=IFCPOLYLOOP((#17993,#17996,#17974,#17973));
#2371=IFCPOLYLOOP((#17981,#17982,#17999,#18000));
#2372=IFCPOLYLOOP((#18000,#17999,#18001,#18002));
#2373=IFCPOLYLOOP((#18003,#18004,#17984,#17983));
#2374=IFCPOLYLOOP((#18005,#18006,#18004,#18003));
#2375=IFCPOLYLOOP((#18007,#18008,#18006,#18005));
#2376=IFCPOLYLOOP((#18002,#18001,#18008,#18007));
#2377=IFCPOLYLOOP((#17982,#18006,#18008));
#2378=IFCPOLYLOOP((#17982,#18004,#18006));
#2379=IFCPOLYLOOP((#17982,#17984,#18004));
#2380=IFCPOLYLOOP((#18008,#18001,#17999,#17982));
#2381=IFCPOLYLOOP((#17981,#18005,#18003));
#2382=IFCPOLYLOOP((#17981,#18000,#18002,#18007));
#2383=IFCPOLYLOOP((#18007,#18005,#17981));
#2384=IFCPOLYLOOP((#18003,#17983,#17981));
#2385=IFCPOLYLOOP((#17971,#17972,#18009,#18010));
#2386=IFCPOLYLOOP((#18010,#18009,#18011,#18012));
#2387=IFCPOLYLOOP((#18013,#18014,#17970,#17969));
#2388=IFCPOLYLOOP((#18015,#18016,#18014,#18013));
#2389=IFCPOLYLOOP((#18017,#18018,#18016,#18015));
#2390=IFCPOLYLOOP((#18012,#18011,#18018,#18017));
#2391=IFCPOLYLOOP((#17972,#18016,#18018));
#2392=IFCPOLYLOOP((#17972,#18014,#18016));
#2393=IFCPOLYLOOP((#17972,#17970,#18014));
#2394=IFCPOLYLOOP((#18018,#18011,#18009,#17972));
#2395=IFCPOLYLOOP((#17971,#18015,#18013));
#2396=IFCPOLYLOOP((#17971,#18010,#18012,#18017));
#2397=IFCPOLYLOOP((#18017,#18015,#17971));
#2398=IFCPOLYLOOP((#18013,#17969,#17971));
#2399=IFCPOLYLOOP((#17955,#18019,#18020));
#2400=IFCPOLYLOOP((#17955,#17962,#18019));
#2401=IFCPOLYLOOP((#18020,#18021,#17955));
#2402=IFCPOLYLOOP((#18021,#18022,#18023,#17955));
#2403=IFCPOLYLOOP((#17958,#18024,#18025));
#2404=IFCPOLYLOOP((#18025,#18026,#17958));
#2405=IFCPOLYLOOP((#17958,#18027,#18028,#18024));
#2406=IFCPOLYLOOP((#18026,#17963,#17958));
#2407=IFCPOLYLOOP((#18021,#18024,#18028,#18022));
#2408=IFCPOLYLOOP((#18020,#18025,#18024,#18021));
#2409=IFCPOLYLOOP((#18019,#18026,#18025,#18020));
#2410=IFCPOLYLOOP((#17962,#17963,#18026,#18019));
#2411=IFCPOLYLOOP((#18022,#18028,#18027,#18023));
#2412=IFCPOLYLOOP((#18023,#18027,#17958,#17955));
#2413=IFCPOLYLOOP((#18029,#17766,#17768));
#2414=IFCPOLYLOOP((#18030,#17771,#17772));
#2415=IFCPOLYLOOP((#17768,#17769,#18029));
#2416=IFCPOLYLOOP((#17772,#17773,#18030));
#2417=IFCPOLYLOOP((#17769,#17770,#18029));
#2418=IFCPOLYLOOP((#17770,#17771,#18030,#18029));
#2419=IFCPOLYLOOP((#18031,#18032,#18033));
#2420=IFCPOLYLOOP((#18031,#17776,#18034,#18032));
#2421=IFCPOLYLOOP((#17776,#18035,#18034));
#2422=IFCPOLYLOOP((#17776,#18036,#18037));
#2423=IFCPOLYLOOP((#17780,#18038,#18039));
#2424=IFCPOLYLOOP((#17780,#18040,#18041));
#2425=IFCPOLYLOOP((#18037,#18035,#17776));
#2426=IFCPOLYLOOP((#18041,#18038,#17780));
#2427=IFCPOLYLOOP((#17779,#18039,#18042));
#2428=IFCPOLYLOOP((#17776,#17777,#18043,#18036));
#2429=IFCPOLYLOOP((#18044,#18045,#18046));
#2430=IFCPOLYLOOP((#18042,#18047,#18048,#18049,#17778,#17779));
#2431=IFCPOLYLOOP((#18033,#18050,#18031));
#2432=IFCPOLYLOOP((#18046,#18040,#17781,#18044));
#2433=IFCPOLYLOOP((#17777,#17778,#18049,#18043));
#2434=IFCPOLYLOOP((#18039,#17779,#17780));
#2435=IFCPOLYLOOP((#18031,#18051,#17774,#17775));
#2436=IFCPOLYLOOP((#17775,#17776,#18031));
#2437=IFCPOLYLOOP((#17724,#18052,#18053));
#2438=IFCPOLYLOOP((#17724,#18054,#18052));
#2439=IFCPOLYLOOP((#17720,#18055,#18056));
#2440=IFCPOLYLOOP((#17724,#18031,#18057,#18054));
#2441=IFCPOLYLOOP((#18031,#18050,#18058));
#2442=IFCPOLYLOOP((#18056,#18059,#17720));
#2443=IFCPOLYLOOP((#17720,#17721,#18060,#18061,#18062));
#2444=IFCPOLYLOOP((#18058,#18057,#18031));
#2445=IFCPOLYLOOP((#17723,#18053,#18063));
#2446=IFCPOLYLOOP((#18062,#18055,#17720));
#2447=IFCPOLYLOOP((#17678,#18031,#17725,#17726));
#2448=IFCPOLYLOOP((#18063,#18064,#18065,#18060,#17722,#17723));
#2449=IFCPOLYLOOP((#18059,#18066,#17720));
#2450=IFCPOLYLOOP((#18031,#17724,#17725));
#2451=IFCPOLYLOOP((#17721,#17722,#18060));
#2452=IFCPOLYLOOP((#18044,#17718,#18066,#18067));
#2453=IFCPOLYLOOP((#18053,#17723,#17724));
#2454=IFCPOLYLOOP((#17718,#17720,#18066));
#2455=IFCPOLYLOOP((#18067,#18045,#18044));
#2456=IFCPOLYLOOP((#17683,#17682,#17731,#17732));
#2457=IFCPOLYLOOP((#17681,#17680,#17729,#17730));
#2458=IFCPOLYLOOP((#17679,#17677,#17727,#17728));
#2459=IFCPOLYLOOP((#17730,#17731,#17682,#17681));
#2460=IFCPOLYLOOP((#17677,#17726,#17727));
#2461=IFCPOLYLOOP((#17728,#17729,#17680,#17679));
#2462=IFCPOLYLOOP((#17685,#17684,#17719));
#2463=IFCPOLYLOOP((#17960,#18068,#16696,#16695));
#2464=IFCPOLYLOOP((#16695,#17961,#17960));
#2465=IFCPOLYLOOP((#18069,#18070,#16688));
#2466=IFCPOLYLOOP((#18070,#16687,#16688));
#2467=IFCPOLYLOOP((#16688,#16702,#18069));
#2468=IFCPOLYLOOP((#18069,#16701,#16700));
#2469=IFCPOLYLOOP((#18070,#16689,#16687));
#2470=IFCPOLYLOOP((#18068,#16699,#16698));
#2471=IFCPOLYLOOP((#16702,#16701,#18069));
#2472=IFCPOLYLOOP((#18070,#18071,#16691,#16690));
#2473=IFCPOLYLOOP((#16698,#16697,#18068));
#2474=IFCPOLYLOOP((#16690,#16689,#18070));
#2475=IFCPOLYLOOP((#18071,#16693,#16692));
#2476=IFCPOLYLOOP((#16700,#16699,#18068,#18069));
#2477=IFCPOLYLOOP((#18071,#16694,#16693));
#2478=IFCPOLYLOOP((#16692,#16691,#18071));
#2479=IFCPOLYLOOP((#17959,#17986,#18072,#16648,#16647));
#2480=IFCPOLYLOOP((#18073,#18069,#16640));
#2481=IFCPOLYLOOP((#18069,#16639,#16640));
#2482=IFCPOLYLOOP((#18073,#16653,#16652));
#2483=IFCPOLYLOOP((#18069,#16641,#16639));
#2484=IFCPOLYLOOP((#18069,#18068,#16643,#16642));
#2485=IFCPOLYLOOP((#18073,#16654,#16653));
#2486=IFCPOLYLOOP((#16642,#16641,#18069));
#2487=IFCPOLYLOOP((#18068,#16645,#16644));
#2488=IFCPOLYLOOP((#18072,#16651,#16650));
#2489=IFCPOLYLOOP((#16640,#16654,#18073));
#2490=IFCPOLYLOOP((#18068,#16646,#16645));
#2491=IFCPOLYLOOP((#16650,#16649,#18072));
#2492=IFCPOLYLOOP((#16644,#16643,#18068));
#2493=IFCPOLYLOOP((#16652,#16651,#18072,#18073));
#2494=IFCPOLYLOOP((#17986,#17985,#16599));
#2495=IFCPOLYLOOP((#17985,#18029,#16600,#16599));
#2496=IFCPOLYLOOP((#18073,#16591,#16592));
#2497=IFCPOLYLOOP((#18030,#16605,#16604));
#2498=IFCPOLYLOOP((#18073,#16593,#16591));
#2499=IFCPOLYLOOP((#18029,#16603,#16602));
#2500=IFCPOLYLOOP((#18030,#16606,#16605));
#2501=IFCPOLYLOOP((#16592,#18030,#18073));
#2502=IFCPOLYLOOP((#16602,#16601,#18029));
#2503=IFCPOLYLOOP((#16592,#16606,#18030));
#2504=IFCPOLYLOOP((#16604,#16603,#18029,#18030));
#2505=IFCPOLYLOOP((#18073,#18072,#16595,#16594));
#2506=IFCPOLYLOOP((#18072,#16597,#16596));
#2507=IFCPOLYLOOP((#16594,#16593,#18073));
#2508=IFCPOLYLOOP((#18072,#16598,#16597));
#2509=IFCPOLYLOOP((#16596,#16595,#18072));
#2510=IFCPOLYLOOP((#16319,#17957,#18074,#16368,#16367));
#2511=IFCPOLYLOOP((#18070,#16421,#16420));
#2512=IFCPOLYLOOP((#18070,#16422,#16421));
#2513=IFCPOLYLOOP((#16420,#16419,#18071,#18070));
#2514=IFCPOLYLOOP((#18071,#16418,#16417));
#2515=IFCPOLYLOOP((#18070,#18075,#16408,#16422));
#2516=IFCPOLYLOOP((#16419,#16418,#18071));
#2517=IFCPOLYLOOP((#18076,#18077,#18078));
#2518=IFCPOLYLOOP((#16373,#18079,#18080));
#2519=IFCPOLYLOOP((#18080,#18077,#18076,#16373));
#2520=IFCPOLYLOOP((#16373,#18081,#18082));
#2521=IFCPOLYLOOP((#18082,#18079,#16373));
#2522=IFCPOLYLOOP((#16369,#18083,#18084));
#2523=IFCPOLYLOOP((#16369,#18085,#18086));
#2524=IFCPOLYLOOP((#16373,#16372,#18087,#18081));
#2525=IFCPOLYLOOP((#16325,#16324,#16361,#16359));
#2526=IFCPOLYLOOP((#16323,#16322,#16363,#16362));
#2527=IFCPOLYLOOP((#18074,#18088,#18089));
#2528=IFCPOLYLOOP((#18086,#18083,#16369));
#2529=IFCPOLYLOOP((#16370,#18084,#18090));
#2530=IFCPOLYLOOP((#18078,#18091,#18076));
#2531=IFCPOLYLOOP((#16362,#16361,#16324,#16323));
#2532=IFCPOLYLOOP((#18089,#18085,#16368,#18074));
#2533=IFCPOLYLOOP((#18090,#18092,#18093,#18094,#16371,#16370));
#2534=IFCPOLYLOOP((#18076,#16374,#16373));
#2535=IFCPOLYLOOP((#16359,#16360,#16326,#16325));
#2536=IFCPOLYLOOP((#18084,#16370,#16369));
#2537=IFCPOLYLOOP((#16360,#16374,#18076,#16326));
#2538=IFCPOLYLOOP((#16321,#16320,#16365,#16364));
#2539=IFCPOLYLOOP((#16372,#16371,#18094,#18087));
#2540=IFCPOLYLOOP((#16320,#16318,#16366,#16365));
#2541=IFCPOLYLOOP((#16364,#16363,#16322,#16321));
#2542=IFCPOLYLOOP((#18076,#18091,#18095));
#2543=IFCPOLYLOOP((#18095,#18096,#18076));
#2544=IFCPOLYLOOP((#16413,#18097,#18098));
#2545=IFCPOLYLOOP((#16413,#18099,#18100));
#2546=IFCPOLYLOOP((#16409,#18101,#18102));
#2547=IFCPOLYLOOP((#18096,#18103,#16409,#18076));
#2548=IFCPOLYLOOP((#18100,#18097,#16413));
#2549=IFCPOLYLOOP((#18103,#18101,#16409));
#2550=IFCPOLYLOOP((#16410,#18102,#18104));
#2551=IFCPOLYLOOP((#16413,#16412,#18105,#18106,#18099));
#2552=IFCPOLYLOOP((#18074,#16414,#18107,#18108));
#2553=IFCPOLYLOOP((#18076,#16409,#16407));
#2554=IFCPOLYLOOP((#18104,#18109,#18110,#18105,#16411,#16410));
#2555=IFCPOLYLOOP((#18098,#18107,#16413));
#2556=IFCPOLYLOOP((#16414,#16413,#18107));
#2557=IFCPOLYLOOP((#18102,#16410,#16409));
#2558=IFCPOLYLOOP((#18108,#18088,#18074));
#2559=IFCPOLYLOOP((#16412,#16411,#18105));
#2560=IFCPOLYLOOP((#16407,#16408,#18075,#18076));
#2561=IFCPOLYLOOP((#18085,#16369,#16368));
#2562=IFCPOLYLOOP((#16414,#18074,#17957,#17956,#16415));
#2563=IFCPOLYLOOP((#16415,#17956,#17961,#18071,#16416));
#2564=IFCPOLYLOOP((#16417,#16416,#18071));
#2565=IFCPOLYLOOP((#16367,#16366,#16318,#16319));
#2566=IFCPOLYLOOP((#16601,#16600,#18029));
#2567=IFCPOLYLOOP((#16599,#16598,#18072,#17986));
#2568=IFCPOLYLOOP((#16649,#16648,#18072));
#2569=IFCPOLYLOOP((#16647,#16646,#18068,#17960,#17959));
#2570=IFCPOLYLOOP((#16697,#16696,#18068));
#2571=IFCPOLYLOOP((#16695,#16694,#18071,#17961));
#2572=IFCPOLYLOOP((#17719,#17718,#18044,#17987,#17685));
#2573=IFCPOLYLOOP((#17719,#17684,#17733));
#2574=IFCPOLYLOOP((#17732,#17733,#17684,#17683));
#2575=IFCPOLYLOOP((#17726,#17677,#17678));
#2576=IFCPOLYLOOP((#17767,#17988,#17987,#18044,#17781));
#2577=IFCPOLYLOOP((#18040,#17780,#17781));
#2578=IFCPOLYLOOP((#17773,#17774,#18051,#18030));
#2579=IFCPOLYLOOP((#17766,#18029,#17985,#17988,#17767));
#2580=IFCPOLYLOOP((#18090,#18111,#18112,#18092));
#2581=IFCPOLYLOOP((#18084,#18113,#18111,#18090));
#2582=IFCPOLYLOOP((#18083,#18114,#18113,#18084));
#2583=IFCPOLYLOOP((#18086,#18115,#18114,#18083));
#2584=IFCPOLYLOOP((#18085,#18116,#18115,#18086));
#2585=IFCPOLYLOOP((#18089,#18117,#18116,#18085));
#2586=IFCPOLYLOOP((#18118,#18119,#18120,#18121));
#2587=IFCPOLYLOOP((#18112,#18122,#18123,#18124,#18125,#18126,#18127));
#2588=IFCPOLYLOOP((#18128,#18129,#18130,#18131,#18132,#18133,#18134,#18135,
#18118));
#2589=IFCPOLYLOOP((#18127,#18136,#18137,#18112));
#2590=IFCPOLYLOOP((#18119,#18137,#18136,#18120));
#2591=IFCPOLYLOOP((#18121,#18138,#18139,#18140,#18141,#18128,#18118));
#2592=IFCPOLYLOOP((#18112,#18111,#18113,#18114,#18115,#18116,#18117,#18142,
#18122));
#2593=IFCPOLYLOOP((#18077,#18131,#18130,#18078));
#2594=IFCPOLYLOOP((#18080,#18132,#18131,#18077));
#2595=IFCPOLYLOOP((#18079,#18133,#18132,#18080));
#2596=IFCPOLYLOOP((#18082,#18134,#18133,#18079));
#2597=IFCPOLYLOOP((#18081,#18135,#18134,#18082));
#2598=IFCPOLYLOOP((#18087,#18118,#18135,#18081));
#2599=IFCPOLYLOOP((#18104,#18138,#18121,#18109));
#2600=IFCPOLYLOOP((#18102,#18139,#18138,#18104));
#2601=IFCPOLYLOOP((#18101,#18140,#18139,#18102));
#2602=IFCPOLYLOOP((#18103,#18141,#18140,#18101));
#2603=IFCPOLYLOOP((#18096,#18128,#18141,#18103));
#2604=IFCPOLYLOOP((#18095,#18129,#18128,#18096));
#2605=IFCPOLYLOOP((#18107,#18122,#18142,#18108));
#2606=IFCPOLYLOOP((#18098,#18123,#18122,#18107));
#2607=IFCPOLYLOOP((#18097,#18124,#18123,#18098));
#2608=IFCPOLYLOOP((#18100,#18125,#18124,#18097));
#2609=IFCPOLYLOOP((#18099,#18126,#18125,#18100));
#2610=IFCPOLYLOOP((#18106,#18127,#18126,#18099));
#2611=IFCPOLYLOOP((#18105,#18136,#18127,#18106));
#2612=IFCPOLYLOOP((#18110,#18120,#18136,#18105));
#2613=IFCPOLYLOOP((#18109,#18121,#18120,#18110));
#2614=IFCPOLYLOOP((#18129,#18095,#18091));
#2615=IFCPOLYLOOP((#18091,#18078,#18130,#18129));
#2616=IFCPOLYLOOP((#18094,#18119,#18118,#18087));
#2617=IFCPOLYLOOP((#18093,#18137,#18119,#18094));
#2618=IFCPOLYLOOP((#18092,#18112,#18137,#18093));
#2619=IFCPOLYLOOP((#18117,#18089,#18088));
#2620=IFCPOLYLOOP((#18088,#18108,#18142,#18117));
#2621=IFCPOLYLOOP((#18066,#18143,#18144,#18067));
#2622=IFCPOLYLOOP((#18059,#18145,#18143,#18066));
#2623=IFCPOLYLOOP((#18056,#18146,#18145,#18059));
#2624=IFCPOLYLOOP((#18055,#18147,#18146,#18056));
#2625=IFCPOLYLOOP((#18062,#18148,#18147,#18055));
#2626=IFCPOLYLOOP((#18061,#18149,#18148,#18062));
#2627=IFCPOLYLOOP((#18150,#18151,#18152,#18153,#18154,#18155,#18156));
#2628=IFCPOLYLOOP((#18149,#18157,#18158,#18159));
#2629=IFCPOLYLOOP((#18156,#18160,#18161,#18150));
#2630=IFCPOLYLOOP((#18162,#18163,#18144,#18143,#18145,#18146,#18147,#18148,
#18149));
#2631=IFCPOLYLOOP((#18160,#18158,#18157,#18161));
#2632=IFCPOLYLOOP((#18150,#18164,#18165,#18166,#18167,#18168,#18169,#18170,
#18151));
#2633=IFCPOLYLOOP((#18159,#18171,#18172,#18173,#18174,#18162,#18149));
#2634=IFCPOLYLOOP((#18063,#18164,#18150,#18064));
#2635=IFCPOLYLOOP((#18053,#18165,#18164,#18063));
#2636=IFCPOLYLOOP((#18052,#18166,#18165,#18053));
#2637=IFCPOLYLOOP((#18054,#18167,#18166,#18052));
#2638=IFCPOLYLOOP((#18057,#18168,#18167,#18054));
#2639=IFCPOLYLOOP((#18058,#18169,#18168,#18057));
#2640=IFCPOLYLOOP((#18032,#18151,#18170,#18033));
#2641=IFCPOLYLOOP((#18034,#18152,#18151,#18032));
#2642=IFCPOLYLOOP((#18035,#18153,#18152,#18034));
#2643=IFCPOLYLOOP((#18037,#18154,#18153,#18035));
#2644=IFCPOLYLOOP((#18036,#18155,#18154,#18037));
#2645=IFCPOLYLOOP((#18043,#18156,#18155,#18036));
#2646=IFCPOLYLOOP((#18042,#18171,#18159,#18047));
#2647=IFCPOLYLOOP((#18039,#18172,#18171,#18042));
#2648=IFCPOLYLOOP((#18038,#18173,#18172,#18039));
#2649=IFCPOLYLOOP((#18041,#18174,#18173,#18038));
#2650=IFCPOLYLOOP((#18040,#18162,#18174,#18041));
#2651=IFCPOLYLOOP((#18046,#18163,#18162,#18040));
#2652=IFCPOLYLOOP((#18060,#18157,#18149,#18061));
#2653=IFCPOLYLOOP((#18065,#18161,#18157,#18060));
#2654=IFCPOLYLOOP((#18064,#18150,#18161,#18065));
#2655=IFCPOLYLOOP((#18170,#18169,#18058,#18050));
#2656=IFCPOLYLOOP((#18050,#18033,#18170));
#2657=IFCPOLYLOOP((#18049,#18160,#18156,#18043));
#2658=IFCPOLYLOOP((#18048,#18158,#18160,#18049));
#2659=IFCPOLYLOOP((#18047,#18159,#18158,#18048));
#2660=IFCPOLYLOOP((#18144,#18163,#18046,#18045));
#2661=IFCPOLYLOOP((#18045,#18067,#18144));
#2662=IFCPOLYLOOP((#18175,#18176,#18177));
#2663=IFCPOLYLOOP((#18177,#18178,#18175));
#2664=IFCPOLYLOOP((#17953,#18179,#18180));
#2665=IFCPOLYLOOP((#17953,#18181,#18182));
#2666=IFCPOLYLOOP((#17949,#18183,#18184));
#2667=IFCPOLYLOOP((#18178,#18185,#17949,#18175));
#2668=IFCPOLYLOOP((#18182,#18179,#17953));
#2669=IFCPOLYLOOP((#18185,#18183,#17949));
#2670=IFCPOLYLOOP((#17950,#18184,#18186));
#2671=IFCPOLYLOOP((#17953,#17952,#18187,#18188,#18181));
#2672=IFCPOLYLOOP((#18189,#17954,#18190,#18191));
#2673=IFCPOLYLOOP((#18175,#17949,#17948));
#2674=IFCPOLYLOOP((#18186,#18192,#18193,#18187,#17951,#17950));
#2675=IFCPOLYLOOP((#18180,#18190,#17953));
#2676=IFCPOLYLOOP((#17954,#17953,#18190));
#2677=IFCPOLYLOOP((#18184,#17950,#17949));
#2678=IFCPOLYLOOP((#18191,#18194,#18189));
#2679=IFCPOLYLOOP((#17952,#17951,#18187));
#2680=IFCPOLYLOOP((#18195,#17945,#17944));
#2681=IFCPOLYLOOP((#18196,#17943,#17942));
#2682=IFCPOLYLOOP((#18195,#17946,#17945));
#2683=IFCPOLYLOOP((#17942,#17941,#18196));
#2684=IFCPOLYLOOP((#18195,#18197,#17947,#17946));
#2685=IFCPOLYLOOP((#17944,#17943,#18196,#18195));
#2686=IFCPOLYLOOP((#17849,#17858,#17901,#17900));
#2687=IFCPOLYLOOP((#17857,#17856,#17903,#17902));
#2688=IFCPOLYLOOP((#17855,#17854,#17905,#17904));
#2689=IFCPOLYLOOP((#17902,#17901,#17858,#17857));
#2690=IFCPOLYLOOP((#17854,#17852,#17906,#17905));
#2691=IFCPOLYLOOP((#17904,#17903,#17856,#17855));
#2692=IFCPOLYLOOP((#18175,#18198,#18199));
#2693=IFCPOLYLOOP((#17897,#18200,#18201));
#2694=IFCPOLYLOOP((#18201,#18198,#18175,#17897));
#2695=IFCPOLYLOOP((#17897,#18202,#18203));
#2696=IFCPOLYLOOP((#18203,#18200,#17897));
#2697=IFCPOLYLOOP((#17893,#18204,#18205));
#2698=IFCPOLYLOOP((#17893,#18206,#18207));
#2699=IFCPOLYLOOP((#17897,#17896,#18208,#18202));
#2700=IFCPOLYLOOP((#18189,#18194,#18209));
#2701=IFCPOLYLOOP((#18207,#18204,#17893));
#2702=IFCPOLYLOOP((#17894,#18205,#18210));
#2703=IFCPOLYLOOP((#18199,#18176,#18175));
#2704=IFCPOLYLOOP((#18209,#18206,#17891,#18189));
#2705=IFCPOLYLOOP((#18210,#18211,#18212,#18213,#17895,#17894));
#2706=IFCPOLYLOOP((#18175,#17898,#17897));
#2707=IFCPOLYLOOP((#17850,#17849,#17899));
#2708=IFCPOLYLOOP((#18205,#17894,#17893));
#2709=IFCPOLYLOOP((#17899,#17898,#18175,#17850));
#2710=IFCPOLYLOOP((#17896,#17895,#18213,#18208));
#2711=IFCPOLYLOOP((#17853,#17976,#18189,#17891,#17892));
#2712=IFCPOLYLOOP((#17977,#18214,#17253,#17252));
#2713=IFCPOLYLOOP((#17252,#17978,#17977));
#2714=IFCPOLYLOOP((#18215,#18195,#17245));
#2715=IFCPOLYLOOP((#18195,#17244,#17245));
#2716=IFCPOLYLOOP((#17245,#17259,#18215));
#2717=IFCPOLYLOOP((#18215,#17258,#17257));
#2718=IFCPOLYLOOP((#18195,#17246,#17244));
#2719=IFCPOLYLOOP((#18214,#17255,#17254));
#2720=IFCPOLYLOOP((#17259,#17258,#18215));
#2721=IFCPOLYLOOP((#18195,#18196,#17248,#17247));
#2722=IFCPOLYLOOP((#18214,#17256,#17255));
#2723=IFCPOLYLOOP((#17247,#17246,#18195));
#2724=IFCPOLYLOOP((#18196,#17250,#17249));
#2725=IFCPOLYLOOP((#17257,#17256,#18214,#18215));
#2726=IFCPOLYLOOP((#18196,#17251,#17250));
#2727=IFCPOLYLOOP((#17249,#17248,#18196));
#2728=IFCPOLYLOOP((#17966,#17965,#18216,#17349,#17348));
#2729=IFCPOLYLOOP((#18217,#18215,#17341));
#2730=IFCPOLYLOOP((#18215,#17340,#17341));
#2731=IFCPOLYLOOP((#18217,#17354,#17353));
#2732=IFCPOLYLOOP((#18215,#17342,#17340));
#2733=IFCPOLYLOOP((#18215,#18214,#17344,#17343));
#2734=IFCPOLYLOOP((#18217,#17355,#17354));
#2735=IFCPOLYLOOP((#17343,#17342,#18215));
#2736=IFCPOLYLOOP((#18214,#17346,#17345));
#2737=IFCPOLYLOOP((#18216,#17352,#17351));
#2738=IFCPOLYLOOP((#17341,#17355,#18217));
#2739=IFCPOLYLOOP((#18214,#17347,#17346));
#2740=IFCPOLYLOOP((#17351,#17350,#18216));
#2741=IFCPOLYLOOP((#17345,#17344,#18214));
#2742=IFCPOLYLOOP((#17353,#17352,#18216,#18217));
#2743=IFCPOLYLOOP((#17965,#17964,#17300));
#2744=IFCPOLYLOOP((#17964,#18218,#17301,#17300));
#2745=IFCPOLYLOOP((#18219,#17306,#17305));
#2746=IFCPOLYLOOP((#18219,#18217,#17293));
#2747=IFCPOLYLOOP((#18217,#17294,#17292));
#2748=IFCPOLYLOOP((#18219,#17307,#17306));
#2749=IFCPOLYLOOP((#17292,#17293,#18217));
#2750=IFCPOLYLOOP((#17293,#17307,#18219));
#2751=IFCPOLYLOOP((#18217,#18216,#17296,#17295));
#2752=IFCPOLYLOOP((#17295,#17294,#18217));
#2753=IFCPOLYLOOP((#18216,#17298,#17297));
#2754=IFCPOLYLOOP((#18218,#17304,#17303));
#2755=IFCPOLYLOOP((#17297,#17296,#18216));
#2756=IFCPOLYLOOP((#17303,#17302,#18218));
#2757=IFCPOLYLOOP((#18216,#17299,#17298));
#2758=IFCPOLYLOOP((#17305,#17304,#18218,#18219));
#2759=IFCPOLYLOOP((#15796,#15795,#15728,#15729));
#2760=IFCPOLYLOOP((#18219,#18218,#15845,#15846));
#2761=IFCPOLYLOOP((#18218,#15844,#15845));
#2762=IFCPOLYLOOP((#18218,#15842,#15843));
#2763=IFCPOLYLOOP((#18219,#15847,#15848));
#2764=IFCPOLYLOOP((#15843,#15844,#18218));
#2765=IFCPOLYLOOP((#15846,#15847,#18219));
#2766=IFCPOLYLOOP((#18220,#18221,#18222));
#2767=IFCPOLYLOOP((#18220,#15835,#18223,#18221));
#2768=IFCPOLYLOOP((#15835,#18224,#18223));
#2769=IFCPOLYLOOP((#15835,#18225,#18226));
#2770=IFCPOLYLOOP((#18226,#18224,#15835));
#2771=IFCPOLYLOOP((#15835,#15836,#18227,#18225));
#2772=IFCPOLYLOOP((#18228,#18229,#18230));
#2773=IFCPOLYLOOP((#15839,#18231,#18232));
#2774=IFCPOLYLOOP((#15839,#18233,#18234));
#2775=IFCPOLYLOOP((#15838,#18232,#18235));
#2776=IFCPOLYLOOP((#18220,#15833,#15835));
#2777=IFCPOLYLOOP((#18230,#18233,#15840,#18228));
#2778=IFCPOLYLOOP((#18234,#18231,#15839));
#2779=IFCPOLYLOOP((#18236,#18227,#15836,#15837));
#2780=IFCPOLYLOOP((#18220,#18237,#15834,#15833));
#2781=IFCPOLYLOOP((#18232,#15838,#15839));
#2782=IFCPOLYLOOP((#18222,#18238,#18220));
#2783=IFCPOLYLOOP((#18235,#18239,#18240,#18236,#15837,#15838));
#2784=IFCPOLYLOOP((#15790,#15787,#15721,#15723));
#2785=IFCPOLYLOOP((#15735,#18241,#18242));
#2786=IFCPOLYLOOP((#15787,#15789,#15722,#15721));
#2787=IFCPOLYLOOP((#15735,#18243,#18241));
#2788=IFCPOLYLOOP((#15731,#18244,#18245));
#2789=IFCPOLYLOOP((#15789,#18220,#15736,#15722));
#2790=IFCPOLYLOOP((#15735,#18220,#18246,#18243));
#2791=IFCPOLYLOOP((#18220,#18238,#18247));
#2792=IFCPOLYLOOP((#18245,#18248,#15731));
#2793=IFCPOLYLOOP((#15731,#15732,#18249,#18250,#18251));
#2794=IFCPOLYLOOP((#15792,#15791,#15724,#15725));
#2795=IFCPOLYLOOP((#18220,#15735,#15736));
#2796=IFCPOLYLOOP((#18247,#18246,#18220));
#2797=IFCPOLYLOOP((#15734,#18242,#18252));
#2798=IFCPOLYLOOP((#18251,#18244,#15731));
#2799=IFCPOLYLOOP((#15794,#15793,#15726,#15727));
#2800=IFCPOLYLOOP((#15723,#15724,#15791,#15790));
#2801=IFCPOLYLOOP((#18252,#18253,#18254,#18249,#15733,#15734));
#2802=IFCPOLYLOOP((#18248,#18255,#15731));
#2803=IFCPOLYLOOP((#15725,#15726,#15793,#15792));
#2804=IFCPOLYLOOP((#15732,#15733,#18249));
#2805=IFCPOLYLOOP((#18228,#15730,#18255,#18256));
#2806=IFCPOLYLOOP((#18242,#15734,#15735));
#2807=IFCPOLYLOOP((#15730,#15731,#18255));
#2808=IFCPOLYLOOP((#18256,#18229,#18228));
#2809=IFCPOLYLOOP((#15727,#15728,#15795,#15794));
#2810=IFCPOLYLOOP((#18233,#15839,#15840));
#2811=IFCPOLYLOOP((#15848,#15834,#18237,#18219));
#2812=IFCPOLYLOOP((#15842,#18218,#17964,#17968,#15841));
#2813=IFCPOLYLOOP((#15841,#17968,#17967,#18228,#15840));
#2814=IFCPOLYLOOP((#15729,#15730,#18228,#17967,#15796));
#2815=IFCPOLYLOOP((#17302,#17301,#18218));
#2816=IFCPOLYLOOP((#17300,#17299,#18216,#17965));
#2817=IFCPOLYLOOP((#17350,#17349,#18216));
#2818=IFCPOLYLOOP((#17348,#17347,#18214,#17977,#17966));
#2819=IFCPOLYLOOP((#17254,#17253,#18214));
#2820=IFCPOLYLOOP((#17252,#17251,#18196,#17978));
#2821=IFCPOLYLOOP((#17892,#17852,#17853));
#2822=IFCPOLYLOOP((#18206,#17893,#17891));
#2823=IFCPOLYLOOP((#17900,#17899,#17849));
#2824=IFCPOLYLOOP((#17906,#17852,#17892));
#2825=IFCPOLYLOOP((#17940,#17954,#18189,#17976,#17975));
#2826=IFCPOLYLOOP((#17940,#17975,#17978,#18196,#17939));
#2827=IFCPOLYLOOP((#17941,#17939,#18196));
#2828=IFCPOLYLOOP((#17948,#17947,#18197,#18175));
#2829=IFCPOLYLOOP((#18255,#18257,#18258,#18256));
#2830=IFCPOLYLOOP((#18248,#18259,#18257,#18255));
#2831=IFCPOLYLOOP((#18245,#18260,#18259,#18248));
#2832=IFCPOLYLOOP((#18244,#18261,#18260,#18245));
#2833=IFCPOLYLOOP((#18251,#18262,#18261,#18244));
#2834=IFCPOLYLOOP((#18250,#18263,#18262,#18251));
#2835=IFCPOLYLOOP((#18264,#18265,#18266,#18267,#18268,#18269,#18270));
#2836=IFCPOLYLOOP((#18263,#18271,#18272,#18273));
#2837=IFCPOLYLOOP((#18270,#18274,#18275,#18264));
#2838=IFCPOLYLOOP((#18276,#18277,#18258,#18257,#18259,#18260,#18261,#18262,
#18263));
#2839=IFCPOLYLOOP((#18274,#18272,#18271,#18275));
#2840=IFCPOLYLOOP((#18264,#18278,#18279,#18280,#18281,#18282,#18283,#18284,
#18265));
#2841=IFCPOLYLOOP((#18273,#18285,#18286,#18287,#18288,#18276,#18263));
#2842=IFCPOLYLOOP((#18252,#18278,#18264,#18253));
#2843=IFCPOLYLOOP((#18242,#18279,#18278,#18252));
#2844=IFCPOLYLOOP((#18241,#18280,#18279,#18242));
#2845=IFCPOLYLOOP((#18243,#18281,#18280,#18241));
#2846=IFCPOLYLOOP((#18246,#18282,#18281,#18243));
#2847=IFCPOLYLOOP((#18247,#18283,#18282,#18246));
#2848=IFCPOLYLOOP((#18221,#18265,#18284,#18222));
#2849=IFCPOLYLOOP((#18223,#18266,#18265,#18221));
#2850=IFCPOLYLOOP((#18224,#18267,#18266,#18223));
#2851=IFCPOLYLOOP((#18226,#18268,#18267,#18224));
#2852=IFCPOLYLOOP((#18225,#18269,#18268,#18226));
#2853=IFCPOLYLOOP((#18227,#18270,#18269,#18225));
#2854=IFCPOLYLOOP((#18235,#18285,#18273,#18239));
#2855=IFCPOLYLOOP((#18232,#18286,#18285,#18235));
#2856=IFCPOLYLOOP((#18231,#18287,#18286,#18232));
#2857=IFCPOLYLOOP((#18234,#18288,#18287,#18231));
#2858=IFCPOLYLOOP((#18233,#18276,#18288,#18234));
#2859=IFCPOLYLOOP((#18230,#18277,#18276,#18233));
#2860=IFCPOLYLOOP((#18249,#18271,#18263,#18250));
#2861=IFCPOLYLOOP((#18254,#18275,#18271,#18249));
#2862=IFCPOLYLOOP((#18253,#18264,#18275,#18254));
#2863=IFCPOLYLOOP((#18283,#18247,#18238));
#2864=IFCPOLYLOOP((#18238,#18222,#18284,#18283));
#2865=IFCPOLYLOOP((#18236,#18274,#18270,#18227));
#2866=IFCPOLYLOOP((#18240,#18272,#18274,#18236));
#2867=IFCPOLYLOOP((#18239,#18273,#18272,#18240));
#2868=IFCPOLYLOOP((#18277,#18230,#18229));
#2869=IFCPOLYLOOP((#18229,#18256,#18258,#18277));
#2870=IFCPOLYLOOP((#18210,#18289,#18290,#18211));
#2871=IFCPOLYLOOP((#18205,#18291,#18289,#18210));
#2872=IFCPOLYLOOP((#18204,#18292,#18291,#18205));
#2873=IFCPOLYLOOP((#18207,#18293,#18292,#18204));
#2874=IFCPOLYLOOP((#18206,#18294,#18293,#18207));
#2875=IFCPOLYLOOP((#18209,#18295,#18294,#18206));
#2876=IFCPOLYLOOP((#18296,#18297,#18298,#18299));
#2877=IFCPOLYLOOP((#18290,#18300,#18301,#18302,#18303,#18304,#18305));
#2878=IFCPOLYLOOP((#18306,#18307,#18308,#18309,#18310,#18311,#18312,#18313,
#18296));
#2879=IFCPOLYLOOP((#18305,#18314,#18315,#18290));
#2880=IFCPOLYLOOP((#18297,#18315,#18314,#18298));
#2881=IFCPOLYLOOP((#18299,#18316,#18317,#18318,#18319,#18306,#18296));
#2882=IFCPOLYLOOP((#18290,#18289,#18291,#18292,#18293,#18294,#18295,#18320,
#18300));
#2883=IFCPOLYLOOP((#18198,#18309,#18308,#18199));
#2884=IFCPOLYLOOP((#18201,#18310,#18309,#18198));
#2885=IFCPOLYLOOP((#18200,#18311,#18310,#18201));
#2886=IFCPOLYLOOP((#18203,#18312,#18311,#18200));
#2887=IFCPOLYLOOP((#18202,#18313,#18312,#18203));
#2888=IFCPOLYLOOP((#18208,#18296,#18313,#18202));
#2889=IFCPOLYLOOP((#18186,#18316,#18299,#18192));
#2890=IFCPOLYLOOP((#18184,#18317,#18316,#18186));
#2891=IFCPOLYLOOP((#18183,#18318,#18317,#18184));
#2892=IFCPOLYLOOP((#18185,#18319,#18318,#18183));
#2893=IFCPOLYLOOP((#18178,#18306,#18319,#18185));
#2894=IFCPOLYLOOP((#18177,#18307,#18306,#18178));
#2895=IFCPOLYLOOP((#18190,#18300,#18320,#18191));
#2896=IFCPOLYLOOP((#18180,#18301,#18300,#18190));
#2897=IFCPOLYLOOP((#18179,#18302,#18301,#18180));
#2898=IFCPOLYLOOP((#18182,#18303,#18302,#18179));
#2899=IFCPOLYLOOP((#18181,#18304,#18303,#18182));
#2900=IFCPOLYLOOP((#18188,#18305,#18304,#18181));
#2901=IFCPOLYLOOP((#18187,#18314,#18305,#18188));
#2902=IFCPOLYLOOP((#18193,#18298,#18314,#18187));
#2903=IFCPOLYLOOP((#18192,#18299,#18298,#18193));
#2904=IFCPOLYLOOP((#18307,#18177,#18176));
#2905=IFCPOLYLOOP((#18176,#18199,#18308,#18307));
#2906=IFCPOLYLOOP((#18213,#18297,#18296,#18208));
#2907=IFCPOLYLOOP((#18212,#18315,#18297,#18213));
#2908=IFCPOLYLOOP((#18211,#18290,#18315,#18212));
#2909=IFCPOLYLOOP((#18320,#18295,#18209,#18194));
#2910=IFCPOLYLOOP((#18194,#18191,#18320));
#2911=IFCPOLYLOOP((#17378,#18321,#18322,#18323));
#2912=IFCPOLYLOOP((#17380,#17379,#18324,#18325));
#2913=IFCPOLYLOOP((#17378,#17377,#18326,#18327));
#2914=IFCPOLYLOOP((#17381,#17380,#18328,#18329));
#2915=IFCPOLYLOOP((#17380,#18330,#18331,#18328));
#2916=IFCPOLYLOOP((#17372,#18332,#18333,#18334));
#2917=IFCPOLYLOOP((#17374,#17361,#18335,#18336));
#2918=IFCPOLYLOOP((#18336,#18337,#17359,#17374));
#2919=IFCPOLYLOOP((#17361,#17360,#18338,#18335));
#2920=IFCPOLYLOOP((#18337,#18339,#17356,#17359));
#2921=IFCPOLYLOOP((#17365,#18340,#18341));
#2922=IFCPOLYLOOP((#18341,#18338,#17360,#17365));
#2923=IFCPOLYLOOP((#18339,#18342,#17370,#17356));
#2924=IFCPOLYLOOP((#18343,#18344,#18345));
#2925=IFCPOLYLOOP((#18343,#18346,#18344));
#2926=IFCPOLYLOOP((#17156,#17155,#18347,#18348));
#2927=IFCPOLYLOOP((#18348,#18346,#18343,#17156));
#2928=IFCPOLYLOOP((#18349,#18350,#18351));
#2929=IFCPOLYLOOP((#18352,#18353,#18354));
#2930=IFCPOLYLOOP((#18352,#18355,#18356,#18357));
#2931=IFCPOLYLOOP((#17208,#17156,#18358,#18340));
#2932=IFCPOLYLOOP((#18345,#18349,#18343));
#2933=IFCPOLYLOOP((#18349,#18345,#18350));
#2934=IFCPOLYLOOP((#18355,#18359,#18360,#18361));
#2935=IFCPOLYLOOP((#18357,#18353,#18352));
#2936=IFCPOLYLOOP((#18343,#18358,#17156));
#2937=IFCPOLYLOOP((#18362,#18360,#18359,#18363));
#2938=IFCPOLYLOOP((#18354,#18333,#18352));
#2939=IFCPOLYLOOP((#18333,#18332,#18364));
#2940=IFCPOLYLOOP((#18351,#18365,#18362,#18363,#18349));
#2941=IFCPOLYLOOP((#18364,#18352,#18333));
#2942=IFCPOLYLOOP((#18361,#18356,#18355));
#2943=IFCPOLYLOOP((#18340,#17365,#17208));
#2944=IFCPOLYLOOP((#18366,#18367,#18368));
#2945=IFCPOLYLOOP((#18366,#18369,#18370));
#2946=IFCPOLYLOOP((#18371,#18372,#18373));
#2947=IFCPOLYLOOP((#18374,#18375,#18376,#18377,#18378));
#2948=IFCPOLYLOOP((#18370,#18367,#18366));
#2949=IFCPOLYLOOP((#18379,#18380,#18381));
#2950=IFCPOLYLOOP((#18379,#18382,#18383));
#2951=IFCPOLYLOOP((#18378,#18384,#18385,#18374));
#2952=IFCPOLYLOOP((#18366,#18377,#18376,#18369));
#2953=IFCPOLYLOOP((#18383,#18380,#18379));
#2954=IFCPOLYLOOP((#18368,#17146,#17144,#18366));
#2955=IFCPOLYLOOP((#18373,#18385,#18384,#18371));
#2956=IFCPOLYLOOP((#17144,#17143,#18386,#18387));
#2957=IFCPOLYLOOP((#18387,#18366,#17144));
#2958=IFCPOLYLOOP((#17158,#18388,#18389));
#2959=IFCPOLYLOOP((#17146,#18368,#18388));
#2960=IFCPOLYLOOP((#18381,#18372,#18371,#18379));
#2961=IFCPOLYLOOP((#18388,#17158,#17146));
#2962=IFCPOLYLOOP((#18389,#18390,#17158));
#2963=IFCPOLYLOOP((#18391,#18392,#18393));
#2964=IFCPOLYLOOP((#18391,#18394,#18392));
#2965=IFCPOLYLOOP((#17140,#17139,#18395,#18396));
#2966=IFCPOLYLOOP((#18397,#18398,#18399));
#2967=IFCPOLYLOOP((#18396,#18394,#18391,#17140));
#2968=IFCPOLYLOOP((#18397,#18393,#18398));
#2969=IFCPOLYLOOP((#18400,#18401,#18402));
#2970=IFCPOLYLOOP((#18400,#18403,#18404,#18405));
#2971=IFCPOLYLOOP((#18399,#18406,#18407,#18408,#18397));
#2972=IFCPOLYLOOP((#18403,#18409,#18410,#18411));
#2973=IFCPOLYLOOP((#18405,#18401,#18400));
#2974=IFCPOLYLOOP((#18407,#18410,#18409,#18408));
#2975=IFCPOLYLOOP((#18402,#18322,#18400));
#2976=IFCPOLYLOOP((#18411,#18404,#18403));
#2977=IFCPOLYLOOP((#17140,#18391,#18412));
#2978=IFCPOLYLOOP((#18322,#18321,#18413,#18400));
#2979=IFCPOLYLOOP((#18393,#18397,#18391));
#2980=IFCPOLYLOOP((#18412,#18386,#17143,#17140));
#2981=IFCPOLYLOOP((#18414,#18415,#18416));
#2982=IFCPOLYLOOP((#18416,#18417,#18414));
#2983=IFCPOLYLOOP((#18417,#18418,#18414));
#2984=IFCPOLYLOOP((#18419,#18420,#18421));
#2985=IFCPOLYLOOP((#18421,#18422,#18423,#18419));
#2986=IFCPOLYLOOP((#18424,#18425,#18426,#18427));
#2987=IFCPOLYLOOP((#18418,#18420,#18419,#18414));
#2988=IFCPOLYLOOP((#18428,#18429,#18426,#18425,#18430));
#2989=IFCPOLYLOOP((#18424,#18431,#18432));
#2990=IFCPOLYLOOP((#18427,#18433,#18424));
#2991=IFCPOLYLOOP((#18430,#18423,#18422,#18428));
#2992=IFCPOLYLOOP((#18433,#18431,#18424));
#2993=IFCPOLYLOOP((#18432,#17130,#17125,#18424));
#2994=IFCPOLYLOOP((#17125,#17124,#18434,#18435));
#2995=IFCPOLYLOOP((#17193,#18436,#18437));
#2996=IFCPOLYLOOP((#17130,#18432,#18436));
#2997=IFCPOLYLOOP((#18435,#18424,#17125));
#2998=IFCPOLYLOOP((#18436,#17193,#17130));
#2999=IFCPOLYLOOP((#18437,#18438,#17193));
#3000=IFCPOLYLOOP((#17211,#17428,#18439,#18440));
#3001=IFCPOLYLOOP((#17422,#17425,#18441,#18442));
#3002=IFCPOLYLOOP((#18443,#18444,#18445));
#3003=IFCPOLYLOOP((#18442,#18439,#17428,#17422));
#3004=IFCPOLYLOOP((#17433,#17418,#18446,#18447));
#3005=IFCPOLYLOOP((#17128,#18448,#18449,#18450));
#3006=IFCPOLYLOOP((#18448,#18451,#18452));
#3007=IFCPOLYLOOP((#18443,#18453,#18444));
#3008=IFCPOLYLOOP((#17123,#17122,#18454,#18455));
#3009=IFCPOLYLOOP((#18456,#18457,#18458));
#3010=IFCPOLYLOOP((#18447,#18441,#17425,#17433));
#3011=IFCPOLYLOOP((#17417,#17430,#18459,#18460));
#3012=IFCPOLYLOOP((#18461,#18462,#18463));
#3013=IFCPOLYLOOP((#18462,#18464,#18465));
#3014=IFCPOLYLOOP((#18462,#18461,#18466));
#3015=IFCPOLYLOOP((#18448,#18467,#18449));
#3016=IFCPOLYLOOP((#18452,#18468,#18448));
#3017=IFCPOLYLOOP((#18455,#18453,#18443,#17123));
#3018=IFCPOLYLOOP((#18456,#18445,#18457));
#3019=IFCPOLYLOOP((#18460,#18446,#17418,#17417));
#3020=IFCPOLYLOOP((#18463,#17430,#18461));
#3021=IFCPOLYLOOP((#18466,#18464,#18462));
#3022=IFCPOLYLOOP((#18469,#18470,#18471));
#3023=IFCPOLYLOOP((#18468,#18467,#18448));
#3024=IFCPOLYLOOP((#18458,#18472,#18473,#18474,#18456));
#3025=IFCPOLYLOOP((#18475,#18476,#18477));
#3026=IFCPOLYLOOP((#18475,#18478,#18479,#18480));
#3027=IFCPOLYLOOP((#18463,#18459,#17430));
#3028=IFCPOLYLOOP((#18471,#18481,#18482,#18469));
#3029=IFCPOLYLOOP((#18448,#18483,#18484,#18451));
#3030=IFCPOLYLOOP((#17123,#18443,#18485));
#3031=IFCPOLYLOOP((#18473,#18486,#18487,#18474));
#3032=IFCPOLYLOOP((#18478,#18487,#18486,#18488));
#3033=IFCPOLYLOOP((#18480,#18476,#18475));
#3034=IFCPOLYLOOP((#18465,#18470,#18469,#18462));
#3035=IFCPOLYLOOP((#18450,#18454,#17122,#17128));
#3036=IFCPOLYLOOP((#17128,#18440,#18489));
#3037=IFCPOLYLOOP((#18445,#18456,#18443));
#3038=IFCPOLYLOOP((#18477,#18331,#18475));
#3039=IFCPOLYLOOP((#18481,#18490,#18491,#18492,#18482));
#3040=IFCPOLYLOOP((#18489,#18448,#17128));
#3041=IFCPOLYLOOP((#18488,#18479,#18478));
#3042=IFCPOLYLOOP((#18483,#18492,#18491,#18484));
#3043=IFCPOLYLOOP((#18331,#18330,#18493,#18475));
#3044=IFCPOLYLOOP((#18485,#18434,#17124,#17123));
#3045=IFCPOLYLOOP((#18440,#17128,#17127,#17211));
#3046=IFCPOLYLOOP((#18414,#18493,#18330,#18415));
#3047=IFCPOLYLOOP((#17139,#17193,#18438,#18395));
#3048=IFCPOLYLOOP((#18379,#18413,#18321,#18382));
#3049=IFCPOLYLOOP((#17155,#17158,#18390,#18347));
#3050=IFCPOLYLOOP((#18342,#18364,#18332,#17370));
#3051=IFCPOLYLOOP((#17370,#18332,#17372));
#3052=IFCPOLYLOOP((#18334,#18326,#17377,#17372));
#3053=IFCPOLYLOOP((#18329,#18461,#17430,#17381));
#3054=IFCPOLYLOOP((#18327,#18382,#18321,#17378));
#3055=IFCPOLYLOOP((#18325,#18415,#18330,#17380));
#3056=IFCPOLYLOOP((#18323,#18324,#17379,#17378));
#3057=IFCPOLYLOOP((#18429,#18494,#18495,#18426));
#3058=IFCPOLYLOOP((#18428,#18496,#18494,#18429));
#3059=IFCPOLYLOOP((#18422,#18497,#18496,#18428));
#3060=IFCPOLYLOOP((#18421,#18498,#18497,#18422));
#3061=IFCPOLYLOOP((#18420,#18499,#18498,#18421));
#3062=IFCPOLYLOOP((#18418,#18500,#18499,#18420));
#3063=IFCPOLYLOOP((#18417,#18501,#18500,#18418));
#3064=IFCPOLYLOOP((#18416,#18502,#18501,#18417));
#3065=IFCPOLYLOOP((#18415,#18503,#18502,#18416));
#3066=IFCPOLYLOOP((#18325,#18504,#18503,#18415));
#3067=IFCPOLYLOOP((#18436,#18505,#18506,#18437));
#3068=IFCPOLYLOOP((#18432,#18507,#18505,#18436));
#3069=IFCPOLYLOOP((#18431,#18508,#18507,#18432));
#3070=IFCPOLYLOOP((#18433,#18509,#18508,#18431));
#3071=IFCPOLYLOOP((#18427,#18510,#18509,#18433));
#3072=IFCPOLYLOOP((#18426,#18495,#18510,#18427));
#3073=IFCPOLYLOOP((#18511,#18496,#18497));
#3074=IFCPOLYLOOP((#18512,#18506,#18505,#18507,#18508,#18509,#18510,#18495,
#18494));
#3075=IFCPOLYLOOP((#18494,#18496,#18511,#18512));
#3076=IFCPOLYLOOP((#18497,#18498,#18499,#18500,#18501,#18502,#18503,#18504,
#18511));
#3077=IFCPOLYLOOP((#18395,#18513,#18514));
#3078=IFCPOLYLOOP((#18395,#18438,#18515,#18513));
#3079=IFCPOLYLOOP((#18437,#18516,#18517));
#3080=IFCPOLYLOOP((#18438,#18518,#18515));
#3081=IFCPOLYLOOP((#18437,#18506,#18512,#18516));
#3082=IFCPOLYLOOP((#18517,#18518,#18438,#18437));
#3083=IFCPOLYLOOP((#18514,#18519,#18520,#18395));
#3084=IFCPOLYLOOP((#18325,#18324,#18521,#18522));
#3085=IFCPOLYLOOP((#18324,#18323,#18523,#18524));
#3086=IFCPOLYLOOP((#18323,#18525,#18526,#18527));
#3087=IFCPOLYLOOP((#18522,#18528,#18325));
#3088=IFCPOLYLOOP((#18527,#18523,#18323));
#3089=IFCPOLYLOOP((#18524,#18521,#18324));
#3090=IFCPOLYLOOP((#18528,#18511,#18504,#18325));
#3091=IFCPOLYLOOP((#18519,#18526,#18529,#18530));
#3092=IFCPOLYLOOP((#18526,#18531,#18529));
#3093=IFCPOLYLOOP((#18526,#18525,#18532,#18533,#18534,#18535,#18536,#18537,
#18531));
#3094=IFCPOLYLOOP((#18530,#18538,#18539,#18540,#18541,#18542,#18543,#18520,
#18519));
#3095=IFCPOLYLOOP((#18528,#18516,#18512,#18511));
#3096=IFCPOLYLOOP((#18522,#18517,#18516,#18528));
#3097=IFCPOLYLOOP((#18521,#18518,#18517,#18522));
#3098=IFCPOLYLOOP((#18524,#18515,#18518,#18521));
#3099=IFCPOLYLOOP((#18523,#18513,#18515,#18524));
#3100=IFCPOLYLOOP((#18527,#18514,#18513,#18523));
#3101=IFCPOLYLOOP((#18526,#18519,#18514,#18527));
#3102=IFCPOLYLOOP((#18410,#18531,#18537,#18411));
#3103=IFCPOLYLOOP((#18407,#18529,#18531,#18410));
#3104=IFCPOLYLOOP((#18406,#18530,#18529,#18407));
#3105=IFCPOLYLOOP((#18399,#18538,#18530,#18406));
#3106=IFCPOLYLOOP((#18398,#18539,#18538,#18399));
#3107=IFCPOLYLOOP((#18393,#18540,#18539,#18398));
#3108=IFCPOLYLOOP((#18392,#18541,#18540,#18393));
#3109=IFCPOLYLOOP((#18394,#18542,#18541,#18392));
#3110=IFCPOLYLOOP((#18396,#18543,#18542,#18394));
#3111=IFCPOLYLOOP((#18395,#18520,#18543,#18396));
#3112=IFCPOLYLOOP((#18322,#18532,#18525,#18323));
#3113=IFCPOLYLOOP((#18402,#18533,#18532,#18322));
#3114=IFCPOLYLOOP((#18401,#18534,#18533,#18402));
#3115=IFCPOLYLOOP((#18405,#18535,#18534,#18401));
#3116=IFCPOLYLOOP((#18404,#18536,#18535,#18405));
#3117=IFCPOLYLOOP((#18411,#18537,#18536,#18404));
#3118=IFCPOLYLOOP((#18486,#18544,#18545,#18488));
#3119=IFCPOLYLOOP((#18473,#18546,#18544,#18486));
#3120=IFCPOLYLOOP((#18472,#18547,#18546,#18473));
#3121=IFCPOLYLOOP((#18458,#18548,#18547,#18472));
#3122=IFCPOLYLOOP((#18331,#18549,#18550,#18328));
#3123=IFCPOLYLOOP((#18477,#18551,#18549,#18331));
#3124=IFCPOLYLOOP((#18476,#18552,#18551,#18477));
#3125=IFCPOLYLOOP((#18480,#18553,#18552,#18476));
#3126=IFCPOLYLOOP((#18479,#18554,#18553,#18480));
#3127=IFCPOLYLOOP((#18488,#18545,#18554,#18479));
#3128=IFCPOLYLOOP((#18457,#18555,#18548,#18458));
#3129=IFCPOLYLOOP((#18445,#18556,#18555,#18457));
#3130=IFCPOLYLOOP((#18444,#18557,#18556,#18445));
#3131=IFCPOLYLOOP((#18453,#18558,#18557,#18444));
#3132=IFCPOLYLOOP((#18455,#18559,#18558,#18453));
#3133=IFCPOLYLOOP((#18454,#18560,#18559,#18455));
#3134=IFCPOLYLOOP((#18561,#18562,#18546,#18547));
#3135=IFCPOLYLOOP((#18562,#18544,#18546));
#3136=IFCPOLYLOOP((#18562,#18550,#18549,#18551,#18552,#18553,#18554,#18545,
#18544));
#3137=IFCPOLYLOOP((#18547,#18548,#18555,#18556,#18557,#18558,#18559,#18560,
#18561));
#3138=IFCPOLYLOOP((#18454,#18563,#18564));
#3139=IFCPOLYLOOP((#18450,#18565,#18566));
#3140=IFCPOLYLOOP((#18454,#18567,#18563));
#3141=IFCPOLYLOOP((#18450,#18568,#18565));
#3142=IFCPOLYLOOP((#18566,#18567,#18454,#18450));
#3143=IFCPOLYLOOP((#18450,#18569,#18570,#18568));
#3144=IFCPOLYLOOP((#18564,#18561,#18560,#18454));
#3145=IFCPOLYLOOP((#18329,#18328,#18571,#18572));
#3146=IFCPOLYLOOP((#18328,#18550,#18562,#18573));
#3147=IFCPOLYLOOP((#18572,#18574,#18329));
#3148=IFCPOLYLOOP((#18573,#18575,#18328));
#3149=IFCPOLYLOOP((#18575,#18571,#18328));
#3150=IFCPOLYLOOP((#18574,#18576,#18329));
#3151=IFCPOLYLOOP((#18576,#18577,#18578,#18329));
#3152=IFCPOLYLOOP((#18577,#18570,#18579,#18580));
#3153=IFCPOLYLOOP((#18570,#18569,#18581,#18582,#18583,#18584,#18585,#18586,
#18579));
#3154=IFCPOLYLOOP((#18580,#18587,#18577));
#3155=IFCPOLYLOOP((#18587,#18588,#18589,#18590,#18591,#18592,#18593,#18578,
#18577));
#3156=IFCPOLYLOOP((#18576,#18568,#18570,#18577));
#3157=IFCPOLYLOOP((#18574,#18565,#18568,#18576));
#3158=IFCPOLYLOOP((#18572,#18566,#18565,#18574));
#3159=IFCPOLYLOOP((#18571,#18567,#18566,#18572));
#3160=IFCPOLYLOOP((#18575,#18563,#18567,#18571));
#3161=IFCPOLYLOOP((#18573,#18564,#18563,#18575));
#3162=IFCPOLYLOOP((#18562,#18561,#18564,#18573));
#3163=IFCPOLYLOOP((#18491,#18579,#18586,#18484));
#3164=IFCPOLYLOOP((#18490,#18580,#18579,#18491));
#3165=IFCPOLYLOOP((#18481,#18587,#18580,#18490));
#3166=IFCPOLYLOOP((#18471,#18588,#18587,#18481));
#3167=IFCPOLYLOOP((#18449,#18581,#18569,#18450));
#3168=IFCPOLYLOOP((#18467,#18582,#18581,#18449));
#3169=IFCPOLYLOOP((#18468,#18583,#18582,#18467));
#3170=IFCPOLYLOOP((#18452,#18584,#18583,#18468));
#3171=IFCPOLYLOOP((#18451,#18585,#18584,#18452));
#3172=IFCPOLYLOOP((#18484,#18586,#18585,#18451));
#3173=IFCPOLYLOOP((#18470,#18589,#18588,#18471));
#3174=IFCPOLYLOOP((#18465,#18590,#18589,#18470));
#3175=IFCPOLYLOOP((#18464,#18591,#18590,#18465));
#3176=IFCPOLYLOOP((#18466,#18592,#18591,#18464));
#3177=IFCPOLYLOOP((#18461,#18593,#18592,#18466));
#3178=IFCPOLYLOOP((#18329,#18578,#18593,#18461));
#3179=IFCPOLYLOOP((#18360,#18594,#18595,#18361));
#3180=IFCPOLYLOOP((#18362,#18596,#18594,#18360));
#3181=IFCPOLYLOOP((#18365,#18597,#18596,#18362));
#3182=IFCPOLYLOOP((#18351,#18598,#18597,#18365));
#3183=IFCPOLYLOOP((#18333,#18599,#18600,#18334));
#3184=IFCPOLYLOOP((#18354,#18601,#18599,#18333));
#3185=IFCPOLYLOOP((#18353,#18602,#18601,#18354));
#3186=IFCPOLYLOOP((#18357,#18603,#18602,#18353));
#3187=IFCPOLYLOOP((#18356,#18604,#18603,#18357));
#3188=IFCPOLYLOOP((#18361,#18595,#18604,#18356));
#3189=IFCPOLYLOOP((#18350,#18605,#18598,#18351));
#3190=IFCPOLYLOOP((#18345,#18606,#18605,#18350));
#3191=IFCPOLYLOOP((#18344,#18607,#18606,#18345));
#3192=IFCPOLYLOOP((#18346,#18608,#18607,#18344));
#3193=IFCPOLYLOOP((#18348,#18609,#18608,#18346));
#3194=IFCPOLYLOOP((#18347,#18610,#18609,#18348));
#3195=IFCPOLYLOOP((#18611,#18594,#18596));
#3196=IFCPOLYLOOP((#18596,#18597,#18612,#18611));
#3197=IFCPOLYLOOP((#18611,#18600,#18599,#18601,#18602,#18603,#18604,#18595,
#18594));
#3198=IFCPOLYLOOP((#18597,#18598,#18605,#18606,#18607,#18608,#18609,#18610,
#18612));
#3199=IFCPOLYLOOP((#18327,#18326,#18613,#18614));
#3200=IFCPOLYLOOP((#18334,#18615,#18616));
#3201=IFCPOLYLOOP((#18326,#18617,#18613));
#3202=IFCPOLYLOOP((#18334,#18600,#18611,#18615));
#3203=IFCPOLYLOOP((#18616,#18617,#18326,#18334));
#3204=IFCPOLYLOOP((#18614,#18618,#18327));
#3205=IFCPOLYLOOP((#18618,#18619,#18620,#18327));
#3206=IFCPOLYLOOP((#18347,#18621,#18622));
#3207=IFCPOLYLOOP((#18347,#18390,#18623,#18621));
#3208=IFCPOLYLOOP((#18390,#18624,#18623));
#3209=IFCPOLYLOOP((#18390,#18389,#18625,#18624));
#3210=IFCPOLYLOOP((#18389,#18626,#18625));
#3211=IFCPOLYLOOP((#18389,#18627,#18628,#18626));
#3212=IFCPOLYLOOP((#18622,#18612,#18610,#18347));
#3213=IFCPOLYLOOP((#18619,#18629,#18630));
#3214=IFCPOLYLOOP((#18628,#18627,#18631,#18632,#18633,#18634,#18635,#18636,
#18637));
#3215=IFCPOLYLOOP((#18637,#18629,#18619,#18628));
#3216=IFCPOLYLOOP((#18630,#18638,#18639,#18640,#18641,#18642,#18643,#18620,
#18619));
#3217=IFCPOLYLOOP((#18618,#18626,#18628,#18619));
#3218=IFCPOLYLOOP((#18614,#18625,#18626,#18618));
#3219=IFCPOLYLOOP((#18613,#18624,#18625,#18614));
#3220=IFCPOLYLOOP((#18617,#18623,#18624,#18613));
#3221=IFCPOLYLOOP((#18616,#18621,#18623,#18617));
#3222=IFCPOLYLOOP((#18615,#18622,#18621,#18616));
#3223=IFCPOLYLOOP((#18611,#18612,#18622,#18615));
#3224=IFCPOLYLOOP((#18375,#18637,#18636,#18376));
#3225=IFCPOLYLOOP((#18374,#18629,#18637,#18375));
#3226=IFCPOLYLOOP((#18385,#18630,#18629,#18374));
#3227=IFCPOLYLOOP((#18373,#18638,#18630,#18385));
#3228=IFCPOLYLOOP((#18388,#18631,#18627,#18389));
#3229=IFCPOLYLOOP((#18368,#18632,#18631,#18388));
#3230=IFCPOLYLOOP((#18367,#18633,#18632,#18368));
#3231=IFCPOLYLOOP((#18370,#18634,#18633,#18367));
#3232=IFCPOLYLOOP((#18369,#18635,#18634,#18370));
#3233=IFCPOLYLOOP((#18376,#18636,#18635,#18369));
#3234=IFCPOLYLOOP((#18372,#18639,#18638,#18373));
#3235=IFCPOLYLOOP((#18381,#18640,#18639,#18372));
#3236=IFCPOLYLOOP((#18380,#18641,#18640,#18381));
#3237=IFCPOLYLOOP((#18383,#18642,#18641,#18380));
#3238=IFCPOLYLOOP((#18382,#18643,#18642,#18383));
#3239=IFCPOLYLOOP((#18327,#18620,#18643,#18382));
#3240=IFCPOLYLOOP((#18644,#18349,#18363,#18645));
#3241=IFCPOLYLOOP((#18646,#18343,#18349,#18644));
#3242=IFCPOLYLOOP((#18647,#18358,#18343,#18646));
#3243=IFCPOLYLOOP((#18648,#18340,#18358,#18647));
#3244=IFCPOLYLOOP((#18649,#18341,#18340,#18648));
#3245=IFCPOLYLOOP((#18650,#18338,#18341,#18649));
#3246=IFCPOLYLOOP((#18651,#18335,#18338,#18650));
#3247=IFCPOLYLOOP((#18652,#18336,#18335,#18651));
#3248=IFCPOLYLOOP((#18653,#18337,#18336,#18652));
#3249=IFCPOLYLOOP((#18654,#18339,#18337,#18653));
#3250=IFCPOLYLOOP((#18655,#18342,#18339,#18654));
#3251=IFCPOLYLOOP((#18656,#18364,#18342,#18655));
#3252=IFCPOLYLOOP((#18657,#18352,#18364,#18656));
#3253=IFCPOLYLOOP((#18658,#18355,#18352,#18657));
#3254=IFCPOLYLOOP((#18659,#18359,#18355,#18658));
#3255=IFCPOLYLOOP((#18645,#18363,#18359,#18659));
#3256=IFCPOLYLOOP((#18660,#18397,#18408,#18661));
#3257=IFCPOLYLOOP((#18662,#18391,#18397,#18660));
#3258=IFCPOLYLOOP((#18663,#18412,#18391,#18662));
#3259=IFCPOLYLOOP((#18664,#18386,#18412,#18663));
#3260=IFCPOLYLOOP((#18665,#18387,#18386,#18664));
#3261=IFCPOLYLOOP((#18666,#18366,#18387,#18665));
#3262=IFCPOLYLOOP((#18667,#18377,#18366,#18666));
#3263=IFCPOLYLOOP((#18668,#18378,#18377,#18667));
#3264=IFCPOLYLOOP((#18669,#18384,#18378,#18668));
#3265=IFCPOLYLOOP((#18670,#18371,#18384,#18669));
#3266=IFCPOLYLOOP((#18671,#18379,#18371,#18670));
#3267=IFCPOLYLOOP((#18672,#18413,#18379,#18671));
#3268=IFCPOLYLOOP((#18673,#18400,#18413,#18672));
#3269=IFCPOLYLOOP((#18674,#18403,#18400,#18673));
#3270=IFCPOLYLOOP((#18675,#18409,#18403,#18674));
#3271=IFCPOLYLOOP((#18661,#18408,#18409,#18675));
#3272=IFCPOLYLOOP((#18676,#18456,#18474,#18677));
#3273=IFCPOLYLOOP((#18678,#18443,#18456,#18676));
#3274=IFCPOLYLOOP((#18679,#18485,#18443,#18678));
#3275=IFCPOLYLOOP((#18680,#18434,#18485,#18679));
#3276=IFCPOLYLOOP((#18681,#18435,#18434,#18680));
#3277=IFCPOLYLOOP((#18682,#18424,#18435,#18681));
#3278=IFCPOLYLOOP((#18683,#18425,#18424,#18682));
#3279=IFCPOLYLOOP((#18684,#18430,#18425,#18683));
#3280=IFCPOLYLOOP((#18685,#18423,#18430,#18684));
#3281=IFCPOLYLOOP((#18686,#18419,#18423,#18685));
#3282=IFCPOLYLOOP((#18687,#18414,#18419,#18686));
#3283=IFCPOLYLOOP((#18688,#18493,#18414,#18687));
#3284=IFCPOLYLOOP((#18689,#18475,#18493,#18688));
#3285=IFCPOLYLOOP((#18690,#18478,#18475,#18689));
#3286=IFCPOLYLOOP((#18691,#18487,#18478,#18690));
#3287=IFCPOLYLOOP((#18677,#18474,#18487,#18691));
#3288=IFCPOLYLOOP((#18692,#18441,#18447,#18693));
#3289=IFCPOLYLOOP((#18694,#18442,#18441,#18692));
#3290=IFCPOLYLOOP((#18695,#18439,#18442,#18694));
#3291=IFCPOLYLOOP((#18696,#18440,#18439,#18695));
#3292=IFCPOLYLOOP((#18697,#18489,#18440,#18696));
#3293=IFCPOLYLOOP((#18698,#18448,#18489,#18697));
#3294=IFCPOLYLOOP((#18699,#18483,#18448,#18698));
#3295=IFCPOLYLOOP((#18700,#18492,#18483,#18699));
#3296=IFCPOLYLOOP((#18701,#18482,#18492,#18700));
#3297=IFCPOLYLOOP((#18702,#18469,#18482,#18701));
#3298=IFCPOLYLOOP((#18703,#18462,#18469,#18702));
#3299=IFCPOLYLOOP((#18704,#18463,#18462,#18703));
#3300=IFCPOLYLOOP((#18705,#18459,#18463,#18704));
#3301=IFCPOLYLOOP((#18706,#18460,#18459,#18705));
#3302=IFCPOLYLOOP((#18707,#18446,#18460,#18706));
#3303=IFCPOLYLOOP((#18693,#18447,#18446,#18707));
#3304=IFCPOLYLOOP((#18649,#18648,#18708,#18709));
#3305=IFCPOLYLOOP((#18647,#18646,#18710,#18711));
#3306=IFCPOLYLOOP((#18659,#18658,#18712,#18713));
#3307=IFCPOLYLOOP((#18651,#18650,#18714,#18715));
#3308=IFCPOLYLOOP((#18711,#18708,#18648,#18647));
#3309=IFCPOLYLOOP((#18658,#18657,#18716,#18712));
#3310=IFCPOLYLOOP((#18656,#18655,#18717,#18718));
#3311=IFCPOLYLOOP((#18653,#18652,#18719,#18720));
#3312=IFCPOLYLOOP((#18709,#18714,#18650,#18649));
#3313=IFCPOLYLOOP((#18644,#18645,#18721,#18722));
#3314=IFCPOLYLOOP((#18718,#18716,#18657,#18656));
#3315=IFCPOLYLOOP((#18720,#18723,#18654,#18653));
#3316=IFCPOLYLOOP((#18722,#18710,#18646,#18644));
#3317=IFCPOLYLOOP((#18723,#18717,#18655,#18654));
#3318=IFCPOLYLOOP((#18713,#18721,#18645,#18659));
#3319=IFCPOLYLOOP((#18715,#18719,#18652,#18651));
#3320=IFCPOLYLOOP((#18665,#18664,#18724,#18725));
#3321=IFCPOLYLOOP((#18663,#18662,#18726,#18727));
#3322=IFCPOLYLOOP((#18660,#18661,#18728,#18729));
#3323=IFCPOLYLOOP((#18675,#18674,#18730,#18731));
#3324=IFCPOLYLOOP((#18667,#18666,#18732,#18733));
#3325=IFCPOLYLOOP((#18727,#18724,#18664,#18663));
#3326=IFCPOLYLOOP((#18731,#18728,#18661,#18675));
#3327=IFCPOLYLOOP((#18725,#18732,#18666,#18665));
#3328=IFCPOLYLOOP((#18674,#18673,#18734,#18730));
#3329=IFCPOLYLOOP((#18729,#18726,#18662,#18660));
#3330=IFCPOLYLOOP((#18672,#18671,#18735,#18736));
#3331=IFCPOLYLOOP((#18670,#18669,#18737,#18738));
#3332=IFCPOLYLOOP((#18736,#18734,#18673,#18672));
#3333=IFCPOLYLOOP((#18669,#18668,#18739,#18737));
#3334=IFCPOLYLOOP((#18738,#18735,#18671,#18670));
#3335=IFCPOLYLOOP((#18733,#18739,#18668,#18667));
#3336=IFCPOLYLOOP((#18681,#18680,#18740,#18741));
#3337=IFCPOLYLOOP((#18679,#18678,#18742,#18743));
#3338=IFCPOLYLOOP((#18683,#18682,#18744,#18745));
#3339=IFCPOLYLOOP((#18743,#18740,#18680,#18679));
#3340=IFCPOLYLOOP((#18676,#18677,#18746,#18747));
#3341=IFCPOLYLOOP((#18691,#18690,#18748,#18749));
#3342=IFCPOLYLOOP((#18741,#18744,#18682,#18681));
#3343=IFCPOLYLOOP((#18749,#18746,#18677,#18691));
#3344=IFCPOLYLOOP((#18688,#18687,#18750,#18751));
#3345=IFCPOLYLOOP((#18747,#18742,#18678,#18676));
#3346=IFCPOLYLOOP((#18687,#18686,#18752,#18750));
#3347=IFCPOLYLOOP((#18685,#18684,#18753,#18754));
#3348=IFCPOLYLOOP((#18690,#18689,#18755,#18748));
#3349=IFCPOLYLOOP((#18754,#18752,#18686,#18685));
#3350=IFCPOLYLOOP((#18751,#18755,#18689,#18688));
#3351=IFCPOLYLOOP((#18745,#18753,#18684,#18683));
#3352=IFCPOLYLOOP((#18697,#18696,#18756,#18757));
#3353=IFCPOLYLOOP((#18695,#18694,#18758,#18759));
#3354=IFCPOLYLOOP((#18707,#18706,#18760,#18761));
#3355=IFCPOLYLOOP((#18699,#18698,#18762,#18763));
#3356=IFCPOLYLOOP((#18759,#18756,#18696,#18695));
#3357=IFCPOLYLOOP((#18706,#18705,#18764,#18760));
#3358=IFCPOLYLOOP((#18704,#18703,#18765,#18766));
#3359=IFCPOLYLOOP((#18701,#18700,#18767,#18768));
#3360=IFCPOLYLOOP((#18757,#18762,#18698,#18697));
#3361=IFCPOLYLOOP((#18692,#18693,#18769,#18770));
#3362=IFCPOLYLOOP((#18766,#18764,#18705,#18704));
#3363=IFCPOLYLOOP((#18768,#18771,#18702,#18701));
#3364=IFCPOLYLOOP((#18770,#18758,#18694,#18692));
#3365=IFCPOLYLOOP((#18771,#18765,#18703,#18702));
#3366=IFCPOLYLOOP((#18761,#18769,#18693,#18707));
#3367=IFCPOLYLOOP((#18763,#18767,#18700,#18699));
#3368=IFCPOLYLOOP((#18772,#18722,#18721,#18773));
#3369=IFCPOLYLOOP((#18774,#18710,#18722,#18772));
#3370=IFCPOLYLOOP((#18775,#18711,#18710,#18774));
#3371=IFCPOLYLOOP((#18776,#18708,#18711,#18775));
#3372=IFCPOLYLOOP((#18777,#18709,#18708,#18776));
#3373=IFCPOLYLOOP((#18778,#18714,#18709,#18777));
#3374=IFCPOLYLOOP((#18779,#18715,#18714,#18778));
#3375=IFCPOLYLOOP((#18780,#18719,#18715,#18779));
#3376=IFCPOLYLOOP((#18781,#18720,#18719,#18780));
#3377=IFCPOLYLOOP((#18782,#18723,#18720,#18781));
#3378=IFCPOLYLOOP((#18783,#18717,#18723,#18782));
#3379=IFCPOLYLOOP((#18784,#18718,#18717,#18783));
#3380=IFCPOLYLOOP((#18785,#18716,#18718,#18784));
#3381=IFCPOLYLOOP((#18786,#18712,#18716,#18785));
#3382=IFCPOLYLOOP((#18787,#18713,#18712,#18786));
#3383=IFCPOLYLOOP((#18773,#18721,#18713,#18787));
#3384=IFCPOLYLOOP((#18788,#18789,#18776,#18775));
#3385=IFCPOLYLOOP((#18790,#18791,#18778,#18777));
#3386=IFCPOLYLOOP((#18792,#18793,#18782,#18781));
#3387=IFCPOLYLOOP((#18794,#18795,#18774,#18772));
#3388=IFCPOLYLOOP((#18777,#18776,#18789,#18790));
#3389=IFCPOLYLOOP((#18793,#18796,#18783,#18782));
#3390=IFCPOLYLOOP((#18797,#18798,#18785,#18784));
#3391=IFCPOLYLOOP((#18799,#18800,#18773,#18787));
#3392=IFCPOLYLOOP((#18775,#18774,#18795,#18788));
#3393=IFCPOLYLOOP((#18801,#18802,#18780,#18779));
#3394=IFCPOLYLOOP((#18784,#18783,#18796,#18797));
#3395=IFCPOLYLOOP((#18787,#18786,#18803,#18799));
#3396=IFCPOLYLOOP((#18779,#18778,#18791,#18801));
#3397=IFCPOLYLOOP((#18786,#18785,#18798,#18803));
#3398=IFCPOLYLOOP((#18781,#18780,#18802,#18792));
#3399=IFCPOLYLOOP((#18772,#18773,#18800,#18794));
#3400=IFCPOLYLOOP((#18804,#18794,#18800,#18805));
#3401=IFCPOLYLOOP((#18806,#18795,#18794,#18804));
#3402=IFCPOLYLOOP((#18807,#18788,#18795,#18806));
#3403=IFCPOLYLOOP((#18808,#18789,#18788,#18807));
#3404=IFCPOLYLOOP((#18809,#18790,#18789,#18808));
#3405=IFCPOLYLOOP((#18810,#18791,#18790,#18809));
#3406=IFCPOLYLOOP((#18811,#18801,#18791,#18810));
#3407=IFCPOLYLOOP((#18812,#18802,#18801,#18811));
#3408=IFCPOLYLOOP((#18813,#18792,#18802,#18812));
#3409=IFCPOLYLOOP((#18814,#18793,#18792,#18813));
#3410=IFCPOLYLOOP((#18815,#18796,#18793,#18814));
#3411=IFCPOLYLOOP((#18816,#18797,#18796,#18815));
#3412=IFCPOLYLOOP((#18817,#18798,#18797,#18816));
#3413=IFCPOLYLOOP((#18818,#18803,#18798,#18817));
#3414=IFCPOLYLOOP((#18819,#18799,#18803,#18818));
#3415=IFCPOLYLOOP((#18805,#18800,#18799,#18819));
#3416=IFCPOLYLOOP((#18820,#18729,#18728,#18821));
#3417=IFCPOLYLOOP((#18822,#18726,#18729,#18820));
#3418=IFCPOLYLOOP((#18823,#18727,#18726,#18822));
#3419=IFCPOLYLOOP((#18824,#18724,#18727,#18823));
#3420=IFCPOLYLOOP((#18825,#18725,#18724,#18824));
#3421=IFCPOLYLOOP((#18826,#18732,#18725,#18825));
#3422=IFCPOLYLOOP((#18827,#18733,#18732,#18826));
#3423=IFCPOLYLOOP((#18828,#18739,#18733,#18827));
#3424=IFCPOLYLOOP((#18829,#18737,#18739,#18828));
#3425=IFCPOLYLOOP((#18830,#18738,#18737,#18829));
#3426=IFCPOLYLOOP((#18831,#18735,#18738,#18830));
#3427=IFCPOLYLOOP((#18832,#18736,#18735,#18831));
#3428=IFCPOLYLOOP((#18833,#18734,#18736,#18832));
#3429=IFCPOLYLOOP((#18834,#18730,#18734,#18833));
#3430=IFCPOLYLOOP((#18835,#18731,#18730,#18834));
#3431=IFCPOLYLOOP((#18821,#18728,#18731,#18835));
#3432=IFCPOLYLOOP((#18836,#18837,#18824,#18823));
#3433=IFCPOLYLOOP((#18838,#18839,#18826,#18825));
#3434=IFCPOLYLOOP((#18840,#18841,#18831,#18830));
#3435=IFCPOLYLOOP((#18842,#18843,#18822,#18820));
#3436=IFCPOLYLOOP((#18825,#18824,#18837,#18838));
#3437=IFCPOLYLOOP((#18844,#18845,#18828,#18827));
#3438=IFCPOLYLOOP((#18830,#18829,#18846,#18840));
#3439=IFCPOLYLOOP((#18847,#18848,#18821,#18835));
#3440=IFCPOLYLOOP((#18823,#18822,#18843,#18836));
#3441=IFCPOLYLOOP((#18829,#18828,#18845,#18846));
#3442=IFCPOLYLOOP((#18849,#18850,#18833,#18832));
#3443=IFCPOLYLOOP((#18835,#18834,#18851,#18847));
#3444=IFCPOLYLOOP((#18827,#18826,#18839,#18844));
#3445=IFCPOLYLOOP((#18834,#18833,#18850,#18851));
#3446=IFCPOLYLOOP((#18832,#18831,#18841,#18849));
#3447=IFCPOLYLOOP((#18820,#18821,#18848,#18842));
#3448=IFCPOLYLOOP((#18852,#18842,#18848,#18853));
#3449=IFCPOLYLOOP((#18854,#18843,#18842,#18852));
#3450=IFCPOLYLOOP((#18855,#18836,#18843,#18854));
#3451=IFCPOLYLOOP((#18856,#18837,#18836,#18855));
#3452=IFCPOLYLOOP((#18857,#18838,#18837,#18856));
#3453=IFCPOLYLOOP((#18858,#18839,#18838,#18857));
#3454=IFCPOLYLOOP((#18859,#18844,#18839,#18858));
#3455=IFCPOLYLOOP((#18860,#18845,#18844,#18859));
#3456=IFCPOLYLOOP((#18861,#18846,#18845,#18860));
#3457=IFCPOLYLOOP((#18862,#18840,#18846,#18861));
#3458=IFCPOLYLOOP((#18863,#18841,#18840,#18862));
#3459=IFCPOLYLOOP((#18864,#18849,#18841,#18863));
#3460=IFCPOLYLOOP((#18865,#18850,#18849,#18864));
#3461=IFCPOLYLOOP((#18866,#18851,#18850,#18865));
#3462=IFCPOLYLOOP((#18867,#18847,#18851,#18866));
#3463=IFCPOLYLOOP((#18853,#18848,#18847,#18867));
#3464=IFCPOLYLOOP((#18868,#18747,#18746,#18869));
#3465=IFCPOLYLOOP((#18870,#18742,#18747,#18868));
#3466=IFCPOLYLOOP((#18871,#18743,#18742,#18870));
#3467=IFCPOLYLOOP((#18872,#18740,#18743,#18871));
#3468=IFCPOLYLOOP((#18873,#18741,#18740,#18872));
#3469=IFCPOLYLOOP((#18874,#18744,#18741,#18873));
#3470=IFCPOLYLOOP((#18875,#18745,#18744,#18874));
#3471=IFCPOLYLOOP((#18876,#18753,#18745,#18875));
#3472=IFCPOLYLOOP((#18877,#18754,#18753,#18876));
#3473=IFCPOLYLOOP((#18878,#18752,#18754,#18877));
#3474=IFCPOLYLOOP((#18879,#18750,#18752,#18878));
#3475=IFCPOLYLOOP((#18880,#18751,#18750,#18879));
#3476=IFCPOLYLOOP((#18881,#18755,#18751,#18880));
#3477=IFCPOLYLOOP((#18882,#18748,#18755,#18881));
#3478=IFCPOLYLOOP((#18883,#18749,#18748,#18882));
#3479=IFCPOLYLOOP((#18869,#18746,#18749,#18883));
#3480=IFCPOLYLOOP((#18884,#18885,#18872,#18871));
#3481=IFCPOLYLOOP((#18886,#18887,#18874,#18873));
#3482=IFCPOLYLOOP((#18888,#18889,#18870,#18868));
#3483=IFCPOLYLOOP((#18873,#18872,#18885,#18886));
#3484=IFCPOLYLOOP((#18890,#18891,#18876,#18875));
#3485=IFCPOLYLOOP((#18892,#18893,#18878,#18877));
#3486=IFCPOLYLOOP((#18871,#18870,#18889,#18884));
#3487=IFCPOLYLOOP((#18877,#18876,#18891,#18892));
#3488=IFCPOLYLOOP((#18875,#18874,#18887,#18890));
#3489=IFCPOLYLOOP((#18893,#18894,#18879,#18878));
#3490=IFCPOLYLOOP((#18895,#18896,#18881,#18880));
#3491=IFCPOLYLOOP((#18897,#18898,#18869,#18883));
#3492=IFCPOLYLOOP((#18880,#18879,#18894,#18895));
#3493=IFCPOLYLOOP((#18883,#18882,#18899,#18897));
#3494=IFCPOLYLOOP((#18882,#18881,#18896,#18899));
#3495=IFCPOLYLOOP((#18868,#18869,#18898,#18888));
#3496=IFCPOLYLOOP((#18900,#18888,#18898,#18901));
#3497=IFCPOLYLOOP((#18902,#18889,#18888,#18900));
#3498=IFCPOLYLOOP((#18903,#18884,#18889,#18902));
#3499=IFCPOLYLOOP((#18904,#18885,#18884,#18903));
#3500=IFCPOLYLOOP((#18905,#18886,#18885,#18904));
#3501=IFCPOLYLOOP((#18906,#18887,#18886,#18905));
#3502=IFCPOLYLOOP((#18907,#18890,#18887,#18906));
#3503=IFCPOLYLOOP((#18908,#18891,#18890,#18907));
#3504=IFCPOLYLOOP((#18909,#18892,#18891,#18908));
#3505=IFCPOLYLOOP((#18910,#18893,#18892,#18909));
#3506=IFCPOLYLOOP((#18911,#18894,#18893,#18910));
#3507=IFCPOLYLOOP((#18912,#18895,#18894,#18911));
#3508=IFCPOLYLOOP((#18913,#18896,#18895,#18912));
#3509=IFCPOLYLOOP((#18914,#18899,#18896,#18913));
#3510=IFCPOLYLOOP((#18915,#18897,#18899,#18914));
#3511=IFCPOLYLOOP((#18901,#18898,#18897,#18915));
#3512=IFCPOLYLOOP((#18916,#18770,#18769,#18917));
#3513=IFCPOLYLOOP((#18918,#18758,#18770,#18916));
#3514=IFCPOLYLOOP((#18919,#18759,#18758,#18918));
#3515=IFCPOLYLOOP((#18920,#18756,#18759,#18919));
#3516=IFCPOLYLOOP((#18921,#18757,#18756,#18920));
#3517=IFCPOLYLOOP((#18922,#18762,#18757,#18921));
#3518=IFCPOLYLOOP((#18923,#18763,#18762,#18922));
#3519=IFCPOLYLOOP((#18924,#18767,#18763,#18923));
#3520=IFCPOLYLOOP((#18925,#18768,#18767,#18924));
#3521=IFCPOLYLOOP((#18926,#18771,#18768,#18925));
#3522=IFCPOLYLOOP((#18927,#18765,#18771,#18926));
#3523=IFCPOLYLOOP((#18928,#18766,#18765,#18927));
#3524=IFCPOLYLOOP((#18929,#18764,#18766,#18928));
#3525=IFCPOLYLOOP((#18930,#18760,#18764,#18929));
#3526=IFCPOLYLOOP((#18931,#18761,#18760,#18930));
#3527=IFCPOLYLOOP((#18917,#18769,#18761,#18931));
#3528=IFCPOLYLOOP((#18932,#18933,#18920,#18919));
#3529=IFCPOLYLOOP((#18934,#18935,#18922,#18921));
#3530=IFCPOLYLOOP((#18936,#18937,#18926,#18925));
#3531=IFCPOLYLOOP((#18938,#18939,#18918,#18916));
#3532=IFCPOLYLOOP((#18921,#18920,#18933,#18934));
#3533=IFCPOLYLOOP((#18937,#18940,#18927,#18926));
#3534=IFCPOLYLOOP((#18941,#18942,#18929,#18928));
#3535=IFCPOLYLOOP((#18943,#18944,#18917,#18931));
#3536=IFCPOLYLOOP((#18919,#18918,#18939,#18932));
#3537=IFCPOLYLOOP((#18945,#18946,#18924,#18923));
#3538=IFCPOLYLOOP((#18928,#18927,#18940,#18941));
#3539=IFCPOLYLOOP((#18931,#18930,#18947,#18943));
#3540=IFCPOLYLOOP((#18923,#18922,#18935,#18945));
#3541=IFCPOLYLOOP((#18930,#18929,#18942,#18947));
#3542=IFCPOLYLOOP((#18925,#18924,#18946,#18936));
#3543=IFCPOLYLOOP((#18916,#18917,#18944,#18938));
#3544=IFCPOLYLOOP((#18948,#18938,#18944,#18949));
#3545=IFCPOLYLOOP((#18950,#18939,#18938,#18948));
#3546=IFCPOLYLOOP((#18951,#18932,#18939,#18950));
#3547=IFCPOLYLOOP((#18952,#18933,#18932,#18951));
#3548=IFCPOLYLOOP((#18953,#18934,#18933,#18952));
#3549=IFCPOLYLOOP((#18954,#18935,#18934,#18953));
#3550=IFCPOLYLOOP((#18955,#18945,#18935,#18954));
#3551=IFCPOLYLOOP((#18956,#18946,#18945,#18955));
#3552=IFCPOLYLOOP((#18957,#18936,#18946,#18956));
#3553=IFCPOLYLOOP((#18958,#18937,#18936,#18957));
#3554=IFCPOLYLOOP((#18959,#18940,#18937,#18958));
#3555=IFCPOLYLOOP((#18960,#18941,#18940,#18959));
#3556=IFCPOLYLOOP((#18961,#18942,#18941,#18960));
#3557=IFCPOLYLOOP((#18962,#18947,#18942,#18961));
#3558=IFCPOLYLOOP((#18963,#18943,#18947,#18962));
#3559=IFCPOLYLOOP((#18949,#18944,#18943,#18963));
#3560=IFCPOLYLOOP((#16725,#18964,#18965,#18966));
#3561=IFCPOLYLOOP((#18967,#18968,#18969,#18970));
#3562=IFCPOLYLOOP((#18971,#18972,#18973));
#3563=IFCPOLYLOOP((#18974,#18975,#18969,#18968,#18976));
#3564=IFCPOLYLOOP((#18967,#18977,#18978));
#3565=IFCPOLYLOOP((#18970,#18979,#18967));
#3566=IFCPOLYLOOP((#18980,#18981,#18982));
#3567=IFCPOLYLOOP((#18980,#18983,#18984));
#3568=IFCPOLYLOOP((#18976,#18985,#18986,#18974));
#3569=IFCPOLYLOOP((#18979,#18977,#18967));
#3570=IFCPOLYLOOP((#18984,#18981,#18980));
#3571=IFCPOLYLOOP((#18978,#16494,#16493,#18967));
#3572=IFCPOLYLOOP((#18973,#18986,#18985,#18971));
#3573=IFCPOLYLOOP((#18983,#18980,#18987));
#3574=IFCPOLYLOOP((#16493,#18988,#18967));
#3575=IFCPOLYLOOP((#18982,#18972,#18971,#18980));
#3576=IFCPOLYLOOP((#16520,#18989,#18990));
#3577=IFCPOLYLOOP((#16494,#18978,#18989));
#3578=IFCPOLYLOOP((#16493,#16556,#18991,#18988));
#3579=IFCPOLYLOOP((#18989,#16520,#16494));
#3580=IFCPOLYLOOP((#18990,#18992,#16520));
#3581=IFCPOLYLOOP((#16775,#16769,#18993,#18994));
#3582=IFCPOLYLOOP((#16772,#16780,#18995,#18996));
#3583=IFCPOLYLOOP((#18996,#18993,#16769,#16772));
#3584=IFCPOLYLOOP((#16764,#16777,#18997,#18998));
#3585=IFCPOLYLOOP((#16780,#16765,#18999,#18995));
#3586=IFCPOLYLOOP((#16777,#19000,#18987,#18997));
#3587=IFCPOLYLOOP((#18998,#18999,#16765,#16764));
#3588=IFCPOLYLOOP((#16729,#16726,#19001,#19002));
#3589=IFCPOLYLOOP((#16719,#16717,#19003,#19004));
#3590=IFCPOLYLOOP((#19004,#19005,#16727,#16719));
#3591=IFCPOLYLOOP((#19006,#19007,#19008));
#3592=IFCPOLYLOOP((#19006,#19009,#19010,#19011));
#3593=IFCPOLYLOOP((#19012,#19013,#19014));
#3594=IFCPOLYLOOP((#19009,#19015,#19016,#19017));
#3595=IFCPOLYLOOP((#19011,#19007,#19006));
#3596=IFCPOLYLOOP((#19018,#19016,#19015,#19012));
#3597=IFCPOLYLOOP((#19008,#19003,#19006));
#3598=IFCPOLYLOOP((#19003,#16717,#19019));
#3599=IFCPOLYLOOP((#19020,#19021,#19022));
#3600=IFCPOLYLOOP((#19017,#19010,#19009));
#3601=IFCPOLYLOOP((#16717,#19023,#19019));
#3602=IFCPOLYLOOP((#19020,#19024,#19021));
#3603=IFCPOLYLOOP((#19019,#19006,#19003));
#3604=IFCPOLYLOOP((#16703,#16706,#19025,#19026));
#3605=IFCPOLYLOOP((#19027,#19028,#19029));
#3606=IFCPOLYLOOP((#19027,#19030,#19031));
#3607=IFCPOLYLOOP((#19032,#19033,#19034));
#3608=IFCPOLYLOOP((#19020,#19035,#19024));
#3609=IFCPOLYLOOP((#19036,#19035,#19020,#19037));
#3610=IFCPOLYLOOP((#19026,#19023,#16717,#16703));
#3611=IFCPOLYLOOP((#16721,#16708,#19038,#19039));
#3612=IFCPOLYLOOP((#19031,#19028,#19027));
#3613=IFCPOLYLOOP((#19040,#19041,#19042,#19043));
#3614=IFCPOLYLOOP((#19037,#19041,#19044,#19036));
#3615=IFCPOLYLOOP((#19039,#19025,#16706,#16721));
#3616=IFCPOLYLOOP((#16707,#16712,#19045,#19046));
#3617=IFCPOLYLOOP((#19047,#19048,#19049));
#3618=IFCPOLYLOOP((#19029,#19033,#19032,#19027));
#3619=IFCPOLYLOOP((#19041,#19037,#19042));
#3620=IFCPOLYLOOP((#16489,#19050,#19020));
#3621=IFCPOLYLOOP((#19046,#19038,#16708,#16707));
#3622=IFCPOLYLOOP((#16557,#16503,#19051,#19052));
#3623=IFCPOLYLOOP((#19047,#19053,#19048));
#3624=IFCPOLYLOOP((#16503,#16502,#19054,#19055));
#3625=IFCPOLYLOOP((#19034,#19040,#19043,#19032));
#3626=IFCPOLYLOOP((#16489,#16491,#19056,#19050));
#3627=IFCPOLYLOOP((#16490,#19022,#19057));
#3628=IFCPOLYLOOP((#19052,#19045,#16712,#16557));
#3629=IFCPOLYLOOP((#19055,#19053,#19047,#16503));
#3630=IFCPOLYLOOP((#19058,#19049,#19013));
#3631=IFCPOLYLOOP((#19022,#16490,#16489,#19020));
#3632=IFCPOLYLOOP((#19057,#19059,#16490));
#3633=IFCPOLYLOOP((#19059,#19054,#16502,#16490));
#3634=IFCPOLYLOOP((#16503,#19047,#19051));
#3635=IFCPOLYLOOP((#19013,#19012,#19058));
#3636=IFCPOLYLOOP((#19049,#19058,#19047));
#3637=IFCPOLYLOOP((#19014,#19060,#19018,#19012));
#3638=IFCPOLYLOOP((#19061,#19062,#19063));
#3639=IFCPOLYLOOP((#19061,#16496,#19064,#19065));
#3640=IFCPOLYLOOP((#19065,#19062,#19061));
#3641=IFCPOLYLOOP((#19066,#19067,#19068));
#3642=IFCPOLYLOOP((#19069,#19070,#19071));
#3643=IFCPOLYLOOP((#16496,#16495,#19072,#19064));
#3644=IFCPOLYLOOP((#19066,#19063,#19067));
#3645=IFCPOLYLOOP((#19071,#19073,#19069));
#3646=IFCPOLYLOOP((#16496,#19061,#19074));
#3647=IFCPOLYLOOP((#19068,#19075,#19076,#19077,#19066));
#3648=IFCPOLYLOOP((#19078,#19079,#19080,#19081));
#3649=IFCPOLYLOOP((#19069,#19078,#19082,#19070));
#3650=IFCPOLYLOOP((#19063,#19066,#19061));
#3651=IFCPOLYLOOP((#19073,#18965,#19069));
#3652=IFCPOLYLOOP((#19076,#19080,#19079,#19077));
#3653=IFCPOLYLOOP((#18965,#18964,#19083,#19069));
#3654=IFCPOLYLOOP((#19081,#19082,#19078));
#3655=IFCPOLYLOOP((#19074,#19084,#16501,#16496));
#3656=IFCPOLYLOOP((#16727,#19085,#19086,#19087));
#3657=IFCPOLYLOOP((#16725,#16728,#19088,#19089));
#3658=IFCPOLYLOOP((#19090,#19091,#19092));
#3659=IFCPOLYLOOP((#19093,#19094,#19095));
#3660=IFCPOLYLOOP((#19093,#19096,#19097));
#3661=IFCPOLYLOOP((#19098,#19099,#19100,#19101));
#3662=IFCPOLYLOOP((#19097,#19094,#19093));
#3663=IFCPOLYLOOP((#19102,#19103,#19104));
#3664=IFCPOLYLOOP((#19102,#19105,#19106));
#3665=IFCPOLYLOOP((#19099,#19107,#19108,#19109,#19100));
#3666=IFCPOLYLOOP((#19093,#19109,#19108,#19096));
#3667=IFCPOLYLOOP((#19106,#19103,#19102));
#3668=IFCPOLYLOOP((#19095,#16500,#16499,#19093));
#3669=IFCPOLYLOOP((#16499,#16501,#19084,#19110));
#3670=IFCPOLYLOOP((#19104,#19091,#19090,#19102));
#3671=IFCPOLYLOOP((#19110,#19093,#16499));
#3672=IFCPOLYLOOP((#16500,#19095,#19111));
#3673=IFCPOLYLOOP((#19092,#19098,#19101,#19090));
#3674=IFCPOLYLOOP((#19111,#19112,#16500));
#3675=IFCPOLYLOOP((#19112,#19113,#16500));
#3676=IFCPOLYLOOP((#19113,#16537,#16500));
#3677=IFCPOLYLOOP((#19114,#19115,#19116));
#3678=IFCPOLYLOOP((#16487,#16537,#19113,#19117));
#3679=IFCPOLYLOOP((#19114,#19118,#19119));
#3680=IFCPOLYLOOP((#19117,#19115,#19114,#16487));
#3681=IFCPOLYLOOP((#19120,#19121,#19122));
#3682=IFCPOLYLOOP((#19116,#19118,#19114));
#3683=IFCPOLYLOOP((#19123,#19119,#19124));
#3684=IFCPOLYLOOP((#19125,#19124,#19126));
#3685=IFCPOLYLOOP((#19122,#19127,#19120));
#3686=IFCPOLYLOOP((#19124,#19125,#19123));
#3687=IFCPOLYLOOP((#19128,#19129,#19130,#19125));
#3688=IFCPOLYLOOP((#19131,#19130,#19129,#19132));
#3689=IFCPOLYLOOP((#19120,#19131,#19133,#19121));
#3690=IFCPOLYLOOP((#19126,#19134,#19128,#19125));
#3691=IFCPOLYLOOP((#19127,#19086,#19120));
#3692=IFCPOLYLOOP((#19132,#19133,#19131));
#3693=IFCPOLYLOOP((#19086,#19085,#19135,#19120));
#3694=IFCPOLYLOOP((#16488,#16487,#19114,#19136));
#3695=IFCPOLYLOOP((#19136,#19056,#16491,#16488));
#3696=IFCPOLYLOOP((#19119,#19123,#19114));
#3697=IFCPOLYLOOP((#19102,#19083,#18964,#19105));
#3698=IFCPOLYLOOP((#19089,#19105,#18964,#16725));
#3699=IFCPOLYLOOP((#19087,#19088,#16728,#16727));
#3700=IFCPOLYLOOP((#16495,#16520,#18992,#19072));
#3701=IFCPOLYLOOP((#19027,#19135,#19085,#19030));
#3702=IFCPOLYLOOP((#19005,#19030,#19085,#16727));
#3703=IFCPOLYLOOP((#19002,#18983,#19000,#16729));
#3704=IFCPOLYLOOP((#16729,#19000,#16777));
#3705=IFCPOLYLOOP((#18994,#18991,#16556,#16775));
#3706=IFCPOLYLOOP((#18987,#19000,#18983));
#3707=IFCPOLYLOOP((#18966,#19001,#16726,#16725));
#3708=IFCPOLYLOOP((#19013,#19137,#19138,#19014));
#3709=IFCPOLYLOOP((#19049,#19139,#19137,#19013));
#3710=IFCPOLYLOOP((#19048,#19140,#19139,#19049));
#3711=IFCPOLYLOOP((#19053,#19141,#19140,#19048));
#3712=IFCPOLYLOOP((#19055,#19142,#19141,#19053));
#3713=IFCPOLYLOOP((#19054,#19143,#19142,#19055));
#3714=IFCPOLYLOOP((#19003,#19144,#19145,#19004));
#3715=IFCPOLYLOOP((#19008,#19146,#19144,#19003));
#3716=IFCPOLYLOOP((#19007,#19147,#19146,#19008));
#3717=IFCPOLYLOOP((#19011,#19148,#19147,#19007));
#3718=IFCPOLYLOOP((#19010,#19149,#19148,#19011));
#3719=IFCPOLYLOOP((#19017,#19150,#19149,#19010));
#3720=IFCPOLYLOOP((#19016,#19151,#19150,#19017));
#3721=IFCPOLYLOOP((#19018,#19152,#19151,#19016));
#3722=IFCPOLYLOOP((#19060,#19153,#19152,#19018));
#3723=IFCPOLYLOOP((#19014,#19138,#19153,#19060));
#3724=IFCPOLYLOOP((#19154,#19155,#19152,#19153));
#3725=IFCPOLYLOOP((#19155,#19145,#19144,#19146,#19147,#19148,#19149,#19150,
#19151));
#3726=IFCPOLYLOOP((#19151,#19152,#19155));
#3727=IFCPOLYLOOP((#19153,#19138,#19137,#19139,#19140,#19141,#19142,#19143,
#19154));
#3728=IFCPOLYLOOP((#19054,#19156,#19157));
#3729=IFCPOLYLOOP((#19054,#19059,#19158,#19156));
#3730=IFCPOLYLOOP((#19157,#19159,#19054));
#3731=IFCPOLYLOOP((#19059,#19160,#19161));
#3732=IFCPOLYLOOP((#19161,#19158,#19059));
#3733=IFCPOLYLOOP((#19059,#19162,#19163,#19160));
#3734=IFCPOLYLOOP((#19159,#19154,#19143,#19054));
#3735=IFCPOLYLOOP((#19004,#19164,#19165));
#3736=IFCPOLYLOOP((#19004,#19166,#19164));
#3737=IFCPOLYLOOP((#19005,#19167,#19168));
#3738=IFCPOLYLOOP((#19004,#19145,#19155,#19166));
#3739=IFCPOLYLOOP((#19165,#19167,#19005,#19004));
#3740=IFCPOLYLOOP((#19168,#19169,#19005));
#3741=IFCPOLYLOOP((#19169,#19170,#19171,#19005));
#3742=IFCPOLYLOOP((#19170,#19163,#19172,#19173));
#3743=IFCPOLYLOOP((#19163,#19162,#19174,#19175,#19176,#19177,#19178,#19179,
#19172));
#3744=IFCPOLYLOOP((#19173,#19180,#19170));
#3745=IFCPOLYLOOP((#19180,#19181,#19182,#19183,#19184,#19185,#19186,#19171,
#19170));
#3746=IFCPOLYLOOP((#19169,#19160,#19163,#19170));
#3747=IFCPOLYLOOP((#19168,#19161,#19160,#19169));
#3748=IFCPOLYLOOP((#19167,#19158,#19161,#19168));
#3749=IFCPOLYLOOP((#19165,#19156,#19158,#19167));
#3750=IFCPOLYLOOP((#19164,#19157,#19156,#19165));
#3751=IFCPOLYLOOP((#19166,#19159,#19157,#19164));
#3752=IFCPOLYLOOP((#19155,#19154,#19159,#19166));
#3753=IFCPOLYLOOP((#19033,#19182,#19181,#19034));
#3754=IFCPOLYLOOP((#19029,#19183,#19182,#19033));
#3755=IFCPOLYLOOP((#19028,#19184,#19183,#19029));
#3756=IFCPOLYLOOP((#19031,#19185,#19184,#19028));
#3757=IFCPOLYLOOP((#19030,#19186,#19185,#19031));
#3758=IFCPOLYLOOP((#19005,#19171,#19186,#19030));
#3759=IFCPOLYLOOP((#19057,#19174,#19162,#19059));
#3760=IFCPOLYLOOP((#19022,#19175,#19174,#19057));
#3761=IFCPOLYLOOP((#19021,#19176,#19175,#19022));
#3762=IFCPOLYLOOP((#19024,#19177,#19176,#19021));
#3763=IFCPOLYLOOP((#19035,#19178,#19177,#19024));
#3764=IFCPOLYLOOP((#19036,#19179,#19178,#19035));
#3765=IFCPOLYLOOP((#19044,#19172,#19179,#19036));
#3766=IFCPOLYLOOP((#19041,#19173,#19172,#19044));
#3767=IFCPOLYLOOP((#19040,#19180,#19173,#19041));
#3768=IFCPOLYLOOP((#19034,#19181,#19180,#19040));
#3769=IFCPOLYLOOP((#19111,#19187,#19188,#19112));
#3770=IFCPOLYLOOP((#19095,#19189,#19187,#19111));
#3771=IFCPOLYLOOP((#19094,#19190,#19189,#19095));
#3772=IFCPOLYLOOP((#19097,#19191,#19190,#19094));
#3773=IFCPOLYLOOP((#19096,#19192,#19191,#19097));
#3774=IFCPOLYLOOP((#19108,#19193,#19192,#19096));
#3775=IFCPOLYLOOP((#19091,#19194,#19195,#19092));
#3776=IFCPOLYLOOP((#19104,#19196,#19194,#19091));
#3777=IFCPOLYLOOP((#19103,#19197,#19196,#19104));
#3778=IFCPOLYLOOP((#19106,#19198,#19197,#19103));
#3779=IFCPOLYLOOP((#19105,#19199,#19198,#19106));
#3780=IFCPOLYLOOP((#19089,#19200,#19199,#19105));
#3781=IFCPOLYLOOP((#19107,#19201,#19193,#19108));
#3782=IFCPOLYLOOP((#19099,#19202,#19201,#19107));
#3783=IFCPOLYLOOP((#19098,#19203,#19202,#19099));
#3784=IFCPOLYLOOP((#19092,#19195,#19203,#19098));
#3785=IFCPOLYLOOP((#19204,#19202,#19203));
#3786=IFCPOLYLOOP((#19205,#19188,#19187,#19189,#19190,#19191,#19192,#19193,
#19201));
#3787=IFCPOLYLOOP((#19201,#19202,#19204,#19205));
#3788=IFCPOLYLOOP((#19203,#19195,#19194,#19196,#19197,#19198,#19199,#19200,
#19204));
#3789=IFCPOLYLOOP((#19117,#19206,#19207));
#3790=IFCPOLYLOOP((#19113,#19208,#19209));
#3791=IFCPOLYLOOP((#19209,#19206,#19117,#19113));
#3792=IFCPOLYLOOP((#19112,#19210,#19211));
#3793=IFCPOLYLOOP((#19211,#19208,#19113,#19112));
#3794=IFCPOLYLOOP((#19112,#19188,#19205,#19210));
#3795=IFCPOLYLOOP((#19207,#19212,#19213,#19117));
#3796=IFCPOLYLOOP((#19089,#19214,#19215));
#3797=IFCPOLYLOOP((#19088,#19087,#19216,#19217));
#3798=IFCPOLYLOOP((#19089,#19088,#19218,#19214));
#3799=IFCPOLYLOOP((#19087,#19219,#19216));
#3800=IFCPOLYLOOP((#19217,#19218,#19088));
#3801=IFCPOLYLOOP((#19087,#19220,#19221,#19219));
#3802=IFCPOLYLOOP((#19215,#19204,#19200,#19089));
#3803=IFCPOLYLOOP((#19221,#19222,#19223));
#3804=IFCPOLYLOOP((#19223,#19224,#19212,#19221));
#3805=IFCPOLYLOOP((#19221,#19220,#19225,#19226,#19227,#19228,#19229,#19230,
#19222));
#3806=IFCPOLYLOOP((#19224,#19231,#19232,#19233,#19234,#19235,#19236,#19213,
#19212));
#3807=IFCPOLYLOOP((#19215,#19210,#19205,#19204));
#3808=IFCPOLYLOOP((#19214,#19211,#19210,#19215));
#3809=IFCPOLYLOOP((#19218,#19208,#19211,#19214));
#3810=IFCPOLYLOOP((#19217,#19209,#19208,#19218));
#3811=IFCPOLYLOOP((#19216,#19206,#19209,#19217));
#3812=IFCPOLYLOOP((#19219,#19207,#19206,#19216));
#3813=IFCPOLYLOOP((#19221,#19212,#19207,#19219));
#3814=IFCPOLYLOOP((#19086,#19225,#19220,#19087));
#3815=IFCPOLYLOOP((#19127,#19226,#19225,#19086));
#3816=IFCPOLYLOOP((#19122,#19227,#19226,#19127));
#3817=IFCPOLYLOOP((#19121,#19228,#19227,#19122));
#3818=IFCPOLYLOOP((#19133,#19229,#19228,#19121));
#3819=IFCPOLYLOOP((#19132,#19230,#19229,#19133));
#3820=IFCPOLYLOOP((#19124,#19232,#19231,#19126));
#3821=IFCPOLYLOOP((#19119,#19233,#19232,#19124));
#3822=IFCPOLYLOOP((#19118,#19234,#19233,#19119));
#3823=IFCPOLYLOOP((#19116,#19235,#19234,#19118));
#3824=IFCPOLYLOOP((#19115,#19236,#19235,#19116));
#3825=IFCPOLYLOOP((#19117,#19213,#19236,#19115));
#3826=IFCPOLYLOOP((#19129,#19222,#19230,#19132));
#3827=IFCPOLYLOOP((#19128,#19223,#19222,#19129));
#3828=IFCPOLYLOOP((#19134,#19224,#19223,#19128));
#3829=IFCPOLYLOOP((#19126,#19231,#19224,#19134));
#3830=IFCPOLYLOOP((#19067,#19237,#19238,#19068));
#3831=IFCPOLYLOOP((#19063,#19239,#19237,#19067));
#3832=IFCPOLYLOOP((#19062,#19240,#19239,#19063));
#3833=IFCPOLYLOOP((#19065,#19241,#19240,#19062));
#3834=IFCPOLYLOOP((#19064,#19242,#19241,#19065));
#3835=IFCPOLYLOOP((#19072,#19243,#19242,#19064));
#3836=IFCPOLYLOOP((#18965,#19244,#19245,#18966));
#3837=IFCPOLYLOOP((#19073,#19246,#19244,#18965));
#3838=IFCPOLYLOOP((#19071,#19247,#19246,#19073));
#3839=IFCPOLYLOOP((#19070,#19248,#19247,#19071));
#3840=IFCPOLYLOOP((#19082,#19249,#19248,#19070));
#3841=IFCPOLYLOOP((#19081,#19250,#19249,#19082));
#3842=IFCPOLYLOOP((#19080,#19251,#19250,#19081));
#3843=IFCPOLYLOOP((#19076,#19252,#19251,#19080));
#3844=IFCPOLYLOOP((#19075,#19253,#19252,#19076));
#3845=IFCPOLYLOOP((#19068,#19238,#19253,#19075));
#3846=IFCPOLYLOOP((#19254,#19255,#19252,#19253));
#3847=IFCPOLYLOOP((#19255,#19245,#19244,#19246,#19247,#19248,#19249,#19250,
#19251));
#3848=IFCPOLYLOOP((#19251,#19252,#19255));
#3849=IFCPOLYLOOP((#19253,#19238,#19237,#19239,#19240,#19241,#19242,#19243,
#19254));
#3850=IFCPOLYLOOP((#19001,#18966,#19256,#19257));
#3851=IFCPOLYLOOP((#18966,#19258,#19256));
#3852=IFCPOLYLOOP((#19002,#19001,#19259,#19260));
#3853=IFCPOLYLOOP((#18966,#19245,#19255,#19258));
#3854=IFCPOLYLOOP((#19257,#19259,#19001));
#3855=IFCPOLYLOOP((#19260,#19261,#19002));
#3856=IFCPOLYLOOP((#19261,#19262,#19263,#19002));
#3857=IFCPOLYLOOP((#19072,#18992,#19264,#19265));
#3858=IFCPOLYLOOP((#18992,#19266,#19264));
#3859=IFCPOLYLOOP((#19265,#19267,#19072));
#3860=IFCPOLYLOOP((#18990,#19268,#19269));
#3861=IFCPOLYLOOP((#19269,#19266,#18992,#18990));
#3862=IFCPOLYLOOP((#18990,#19270,#19271,#19268));
#3863=IFCPOLYLOOP((#19267,#19254,#19243,#19072));
#3864=IFCPOLYLOOP((#19262,#19271,#19272,#19273));
#3865=IFCPOLYLOOP((#19271,#19270,#19274,#19275,#19276,#19277,#19278,#19279,
#19272));
#3866=IFCPOLYLOOP((#19273,#19280,#19262));
#3867=IFCPOLYLOOP((#19280,#19281,#19282,#19283,#19284,#19285,#19286,#19263,
#19262));
#3868=IFCPOLYLOOP((#19261,#19268,#19271,#19262));
#3869=IFCPOLYLOOP((#19260,#19269,#19268,#19261));
#3870=IFCPOLYLOOP((#19259,#19266,#19269,#19260));
#3871=IFCPOLYLOOP((#19257,#19264,#19266,#19259));
#3872=IFCPOLYLOOP((#19256,#19265,#19264,#19257));
#3873=IFCPOLYLOOP((#19258,#19267,#19265,#19256));
#3874=IFCPOLYLOOP((#19255,#19254,#19267,#19258));
#3875=IFCPOLYLOOP((#18972,#19282,#19281,#18973));
#3876=IFCPOLYLOOP((#18982,#19283,#19282,#18972));
#3877=IFCPOLYLOOP((#18981,#19284,#19283,#18982));
#3878=IFCPOLYLOOP((#18984,#19285,#19284,#18981));
#3879=IFCPOLYLOOP((#18983,#19286,#19285,#18984));
#3880=IFCPOLYLOOP((#19002,#19263,#19286,#18983));
#3881=IFCPOLYLOOP((#18989,#19274,#19270,#18990));
#3882=IFCPOLYLOOP((#18978,#19275,#19274,#18989));
#3883=IFCPOLYLOOP((#18977,#19276,#19275,#18978));
#3884=IFCPOLYLOOP((#18979,#19277,#19276,#18977));
#3885=IFCPOLYLOOP((#18970,#19278,#19277,#18979));
#3886=IFCPOLYLOOP((#18969,#19279,#19278,#18970));
#3887=IFCPOLYLOOP((#18975,#19272,#19279,#18969));
#3888=IFCPOLYLOOP((#18974,#19273,#19272,#18975));
#3889=IFCPOLYLOOP((#18986,#19280,#19273,#18974));
#3890=IFCPOLYLOOP((#18973,#19281,#19280,#18986));
#3891=IFCPOLYLOOP((#19287,#18985,#18976,#19288));
#3892=IFCPOLYLOOP((#19289,#18971,#18985,#19287));
#3893=IFCPOLYLOOP((#19290,#18980,#18971,#19289));
#3894=IFCPOLYLOOP((#19291,#18987,#18980,#19290));
#3895=IFCPOLYLOOP((#19292,#18997,#18987,#19291));
#3896=IFCPOLYLOOP((#19293,#18998,#18997,#19292));
#3897=IFCPOLYLOOP((#19294,#18999,#18998,#19293));
#3898=IFCPOLYLOOP((#19295,#18995,#18999,#19294));
#3899=IFCPOLYLOOP((#19296,#18996,#18995,#19295));
#3900=IFCPOLYLOOP((#19297,#18993,#18996,#19296));
#3901=IFCPOLYLOOP((#19298,#18994,#18993,#19297));
#3902=IFCPOLYLOOP((#19299,#18991,#18994,#19298));
#3903=IFCPOLYLOOP((#19300,#18988,#18991,#19299));
#3904=IFCPOLYLOOP((#19301,#18967,#18988,#19300));
#3905=IFCPOLYLOOP((#19302,#18968,#18967,#19301));
#3906=IFCPOLYLOOP((#19288,#18976,#18968,#19302));
#3907=IFCPOLYLOOP((#19303,#19101,#19100,#19304));
#3908=IFCPOLYLOOP((#19305,#19090,#19101,#19303));
#3909=IFCPOLYLOOP((#19306,#19102,#19090,#19305));
#3910=IFCPOLYLOOP((#19307,#19083,#19102,#19306));
#3911=IFCPOLYLOOP((#19308,#19069,#19083,#19307));
#3912=IFCPOLYLOOP((#19309,#19078,#19069,#19308));
#3913=IFCPOLYLOOP((#19310,#19079,#19078,#19309));
#3914=IFCPOLYLOOP((#19311,#19077,#19079,#19310));
#3915=IFCPOLYLOOP((#19312,#19066,#19077,#19311));
#3916=IFCPOLYLOOP((#19313,#19061,#19066,#19312));
#3917=IFCPOLYLOOP((#19314,#19074,#19061,#19313));
#3918=IFCPOLYLOOP((#19315,#19084,#19074,#19314));
#3919=IFCPOLYLOOP((#19316,#19110,#19084,#19315));
#3920=IFCPOLYLOOP((#19317,#19093,#19110,#19316));
#3921=IFCPOLYLOOP((#19318,#19109,#19093,#19317));
#3922=IFCPOLYLOOP((#19304,#19100,#19109,#19318));
#3923=IFCPOLYLOOP((#19319,#19043,#19042,#19320));
#3924=IFCPOLYLOOP((#19321,#19032,#19043,#19319));
#3925=IFCPOLYLOOP((#19322,#19027,#19032,#19321));
#3926=IFCPOLYLOOP((#19323,#19135,#19027,#19322));
#3927=IFCPOLYLOOP((#19324,#19120,#19135,#19323));
#3928=IFCPOLYLOOP((#19325,#19131,#19120,#19324));
#3929=IFCPOLYLOOP((#19326,#19130,#19131,#19325));
#3930=IFCPOLYLOOP((#19327,#19125,#19130,#19326));
#3931=IFCPOLYLOOP((#19328,#19123,#19125,#19327));
#3932=IFCPOLYLOOP((#19329,#19114,#19123,#19328));
#3933=IFCPOLYLOOP((#19330,#19136,#19114,#19329));
#3934=IFCPOLYLOOP((#19331,#19056,#19136,#19330));
#3935=IFCPOLYLOOP((#19332,#19050,#19056,#19331));
#3936=IFCPOLYLOOP((#19333,#19020,#19050,#19332));
#3937=IFCPOLYLOOP((#19334,#19037,#19020,#19333));
#3938=IFCPOLYLOOP((#19320,#19042,#19037,#19334));
#3939=IFCPOLYLOOP((#19335,#19025,#19039,#19336));
#3940=IFCPOLYLOOP((#19337,#19026,#19025,#19335));
#3941=IFCPOLYLOOP((#19338,#19023,#19026,#19337));
#3942=IFCPOLYLOOP((#19339,#19019,#19023,#19338));
#3943=IFCPOLYLOOP((#19340,#19006,#19019,#19339));
#3944=IFCPOLYLOOP((#19341,#19009,#19006,#19340));
#3945=IFCPOLYLOOP((#19342,#19015,#19009,#19341));
#3946=IFCPOLYLOOP((#19343,#19012,#19015,#19342));
#3947=IFCPOLYLOOP((#19344,#19058,#19012,#19343));
#3948=IFCPOLYLOOP((#19345,#19047,#19058,#19344));
#3949=IFCPOLYLOOP((#19346,#19051,#19047,#19345));
#3950=IFCPOLYLOOP((#19347,#19052,#19051,#19346));
#3951=IFCPOLYLOOP((#19348,#19045,#19052,#19347));
#3952=IFCPOLYLOOP((#19349,#19046,#19045,#19348));
#3953=IFCPOLYLOOP((#19350,#19038,#19046,#19349));
#3954=IFCPOLYLOOP((#19336,#19039,#19038,#19350));
#3955=IFCPOLYLOOP((#19302,#19301,#19351,#19352));
#3956=IFCPOLYLOOP((#19294,#19293,#19353,#19354));
#3957=IFCPOLYLOOP((#19301,#19300,#19355,#19351));
#3958=IFCPOLYLOOP((#19293,#19292,#19356,#19353));
#3959=IFCPOLYLOOP((#19291,#19290,#19357,#19358));
#3960=IFCPOLYLOOP((#19287,#19288,#19359,#19360));
#3961=IFCPOLYLOOP((#19300,#19299,#19361,#19355));
#3962=IFCPOLYLOOP((#19298,#19297,#19362,#19363));
#3963=IFCPOLYLOOP((#19358,#19356,#19292,#19291));
#3964=IFCPOLYLOOP((#19360,#19364,#19289,#19287));
#3965=IFCPOLYLOOP((#19363,#19361,#19299,#19298));
#3966=IFCPOLYLOOP((#19296,#19295,#19365,#19366));
#3967=IFCPOLYLOOP((#19364,#19357,#19290,#19289));
#3968=IFCPOLYLOOP((#19366,#19362,#19297,#19296));
#3969=IFCPOLYLOOP((#19352,#19359,#19288,#19302));
#3970=IFCPOLYLOOP((#19354,#19365,#19295,#19294));
#3971=IFCPOLYLOOP((#19303,#19304,#19367,#19368));
#3972=IFCPOLYLOOP((#19304,#19318,#19369,#19367));
#3973=IFCPOLYLOOP((#19317,#19316,#19370,#19371));
#3974=IFCPOLYLOOP((#19315,#19314,#19372,#19373));
#3975=IFCPOLYLOOP((#19310,#19309,#19374,#19375));
#3976=IFCPOLYLOOP((#19368,#19376,#19305,#19303));
#3977=IFCPOLYLOOP((#19373,#19370,#19316,#19315));
#3978=IFCPOLYLOOP((#19313,#19312,#19377,#19378));
#3979=IFCPOLYLOOP((#19309,#19308,#19379,#19374));
#3980=IFCPOLYLOOP((#19307,#19306,#19380,#19381));
#3981=IFCPOLYLOOP((#19371,#19369,#19318,#19317));
#3982=IFCPOLYLOOP((#19312,#19311,#19382,#19377));
#3983=IFCPOLYLOOP((#19381,#19379,#19308,#19307));
#3984=IFCPOLYLOOP((#19378,#19372,#19314,#19313));
#3985=IFCPOLYLOOP((#19376,#19380,#19306,#19305));
#3986=IFCPOLYLOOP((#19375,#19382,#19311,#19310));
#3987=IFCPOLYLOOP((#19319,#19320,#19383,#19384));
#3988=IFCPOLYLOOP((#19333,#19332,#19385,#19386));
#3989=IFCPOLYLOOP((#19320,#19334,#19387,#19383));
#3990=IFCPOLYLOOP((#19332,#19331,#19388,#19385));
#3991=IFCPOLYLOOP((#19330,#19329,#19389,#19390));
#3992=IFCPOLYLOOP((#19326,#19325,#19391,#19392));
#3993=IFCPOLYLOOP((#19384,#19393,#19321,#19319));
#3994=IFCPOLYLOOP((#19390,#19388,#19331,#19330));
#3995=IFCPOLYLOOP((#19325,#19324,#19394,#19391));
#3996=IFCPOLYLOOP((#19323,#19322,#19395,#19396));
#3997=IFCPOLYLOOP((#19386,#19387,#19334,#19333));
#3998=IFCPOLYLOOP((#19328,#19327,#19397,#19398));
#3999=IFCPOLYLOOP((#19396,#19394,#19324,#19323));
#4000=IFCPOLYLOOP((#19398,#19389,#19329,#19328));
#4001=IFCPOLYLOOP((#19393,#19395,#19322,#19321));
#4002=IFCPOLYLOOP((#19392,#19397,#19327,#19326));
#4003=IFCPOLYLOOP((#19350,#19349,#19399,#19400));
#4004=IFCPOLYLOOP((#19342,#19341,#19401,#19402));
#4005=IFCPOLYLOOP((#19349,#19348,#19403,#19399));
#4006=IFCPOLYLOOP((#19341,#19340,#19404,#19401));
#4007=IFCPOLYLOOP((#19339,#19338,#19405,#19406));
#4008=IFCPOLYLOOP((#19335,#19336,#19407,#19408));
#4009=IFCPOLYLOOP((#19348,#19347,#19409,#19403));
#4010=IFCPOLYLOOP((#19346,#19345,#19410,#19411));
#4011=IFCPOLYLOOP((#19406,#19404,#19340,#19339));
#4012=IFCPOLYLOOP((#19408,#19412,#19337,#19335));
#4013=IFCPOLYLOOP((#19411,#19409,#19347,#19346));
#4014=IFCPOLYLOOP((#19344,#19343,#19413,#19414));
#4015=IFCPOLYLOOP((#19412,#19405,#19338,#19337));
#4016=IFCPOLYLOOP((#19414,#19410,#19345,#19344));
#4017=IFCPOLYLOOP((#19400,#19407,#19336,#19350));
#4018=IFCPOLYLOOP((#19402,#19413,#19343,#19342));
#4019=IFCPOLYLOOP((#19415,#19360,#19359,#19416));
#4020=IFCPOLYLOOP((#19417,#19364,#19360,#19415));
#4021=IFCPOLYLOOP((#19418,#19357,#19364,#19417));
#4022=IFCPOLYLOOP((#19419,#19358,#19357,#19418));
#4023=IFCPOLYLOOP((#19420,#19356,#19358,#19419));
#4024=IFCPOLYLOOP((#19421,#19353,#19356,#19420));
#4025=IFCPOLYLOOP((#19422,#19354,#19353,#19421));
#4026=IFCPOLYLOOP((#19423,#19365,#19354,#19422));
#4027=IFCPOLYLOOP((#19424,#19366,#19365,#19423));
#4028=IFCPOLYLOOP((#19425,#19362,#19366,#19424));
#4029=IFCPOLYLOOP((#19426,#19363,#19362,#19425));
#4030=IFCPOLYLOOP((#19427,#19361,#19363,#19426));
#4031=IFCPOLYLOOP((#19428,#19355,#19361,#19427));
#4032=IFCPOLYLOOP((#19429,#19351,#19355,#19428));
#4033=IFCPOLYLOOP((#19430,#19352,#19351,#19429));
#4034=IFCPOLYLOOP((#19416,#19359,#19352,#19430));
#4035=IFCPOLYLOOP((#19431,#19368,#19367,#19432));
#4036=IFCPOLYLOOP((#19433,#19376,#19368,#19431));
#4037=IFCPOLYLOOP((#19434,#19380,#19376,#19433));
#4038=IFCPOLYLOOP((#19435,#19381,#19380,#19434));
#4039=IFCPOLYLOOP((#19436,#19379,#19381,#19435));
#4040=IFCPOLYLOOP((#19437,#19374,#19379,#19436));
#4041=IFCPOLYLOOP((#19438,#19375,#19374,#19437));
#4042=IFCPOLYLOOP((#19439,#19382,#19375,#19438));
#4043=IFCPOLYLOOP((#19440,#19377,#19382,#19439));
#4044=IFCPOLYLOOP((#19441,#19378,#19377,#19440));
#4045=IFCPOLYLOOP((#19442,#19372,#19378,#19441));
#4046=IFCPOLYLOOP((#19443,#19373,#19372,#19442));
#4047=IFCPOLYLOOP((#19444,#19370,#19373,#19443));
#4048=IFCPOLYLOOP((#19445,#19371,#19370,#19444));
#4049=IFCPOLYLOOP((#19446,#19369,#19371,#19445));
#4050=IFCPOLYLOOP((#19432,#19367,#19369,#19446));
#4051=IFCPOLYLOOP((#19447,#19384,#19383,#19448));
#4052=IFCPOLYLOOP((#19449,#19393,#19384,#19447));
#4053=IFCPOLYLOOP((#19450,#19395,#19393,#19449));
#4054=IFCPOLYLOOP((#19451,#19396,#19395,#19450));
#4055=IFCPOLYLOOP((#19452,#19394,#19396,#19451));
#4056=IFCPOLYLOOP((#19453,#19391,#19394,#19452));
#4057=IFCPOLYLOOP((#19454,#19392,#19391,#19453));
#4058=IFCPOLYLOOP((#19455,#19397,#19392,#19454));
#4059=IFCPOLYLOOP((#19456,#19398,#19397,#19455));
#4060=IFCPOLYLOOP((#19457,#19389,#19398,#19456));
#4061=IFCPOLYLOOP((#19458,#19390,#19389,#19457));
#4062=IFCPOLYLOOP((#19459,#19388,#19390,#19458));
#4063=IFCPOLYLOOP((#19460,#19385,#19388,#19459));
#4064=IFCPOLYLOOP((#19461,#19386,#19385,#19460));
#4065=IFCPOLYLOOP((#19462,#19387,#19386,#19461));
#4066=IFCPOLYLOOP((#19448,#19383,#19387,#19462));
#4067=IFCPOLYLOOP((#19463,#19408,#19407,#19464));
#4068=IFCPOLYLOOP((#19465,#19412,#19408,#19463));
#4069=IFCPOLYLOOP((#19466,#19405,#19412,#19465));
#4070=IFCPOLYLOOP((#19467,#19406,#19405,#19466));
#4071=IFCPOLYLOOP((#19468,#19404,#19406,#19467));
#4072=IFCPOLYLOOP((#19469,#19401,#19404,#19468));
#4073=IFCPOLYLOOP((#19470,#19402,#19401,#19469));
#4074=IFCPOLYLOOP((#19471,#19413,#19402,#19470));
#4075=IFCPOLYLOOP((#19472,#19414,#19413,#19471));
#4076=IFCPOLYLOOP((#19473,#19410,#19414,#19472));
#4077=IFCPOLYLOOP((#19474,#19411,#19410,#19473));
#4078=IFCPOLYLOOP((#19475,#19409,#19411,#19474));
#4079=IFCPOLYLOOP((#19476,#19403,#19409,#19475));
#4080=IFCPOLYLOOP((#19477,#19399,#19403,#19476));
#4081=IFCPOLYLOOP((#19478,#19400,#19399,#19477));
#4082=IFCPOLYLOOP((#19464,#19407,#19400,#19478));
#4083=IFCPOLYLOOP((#19479,#19480,#19478,#19477));
#4084=IFCPOLYLOOP((#19481,#19482,#19465,#19463));
#4085=IFCPOLYLOOP((#19480,#19483,#19464,#19478));
#4086=IFCPOLYLOOP((#19482,#19484,#19466,#19465));
#4087=IFCPOLYLOOP((#19485,#19486,#19468,#19467));
#4088=IFCPOLYLOOP((#19487,#19488,#19471,#19470));
#4089=IFCPOLYLOOP((#19489,#19490,#19475,#19474));
#4090=IFCPOLYLOOP((#19477,#19476,#19491,#19479));
#4091=IFCPOLYLOOP((#19467,#19466,#19484,#19485));
#4092=IFCPOLYLOOP((#19470,#19469,#19492,#19487));
#4093=IFCPOLYLOOP((#19493,#19494,#19473,#19472));
#4094=IFCPOLYLOOP((#19476,#19475,#19490,#19491));
#4095=IFCPOLYLOOP((#19469,#19468,#19486,#19492));
#4096=IFCPOLYLOOP((#19474,#19473,#19494,#19489));
#4097=IFCPOLYLOOP((#19472,#19471,#19488,#19493));
#4098=IFCPOLYLOOP((#19463,#19464,#19483,#19481));
#4099=IFCPOLYLOOP((#19495,#19481,#19483,#19496));
#4100=IFCPOLYLOOP((#19497,#19482,#19481,#19495));
#4101=IFCPOLYLOOP((#19498,#19484,#19482,#19497));
#4102=IFCPOLYLOOP((#19499,#19485,#19484,#19498));
#4103=IFCPOLYLOOP((#19500,#19486,#19485,#19499));
#4104=IFCPOLYLOOP((#19501,#19492,#19486,#19500));
#4105=IFCPOLYLOOP((#19502,#19487,#19492,#19501));
#4106=IFCPOLYLOOP((#19503,#19488,#19487,#19502));
#4107=IFCPOLYLOOP((#19504,#19493,#19488,#19503));
#4108=IFCPOLYLOOP((#19505,#19494,#19493,#19504));
#4109=IFCPOLYLOOP((#19506,#19489,#19494,#19505));
#4110=IFCPOLYLOOP((#19507,#19490,#19489,#19506));
#4111=IFCPOLYLOOP((#19508,#19491,#19490,#19507));
#4112=IFCPOLYLOOP((#19509,#19479,#19491,#19508));
#4113=IFCPOLYLOOP((#19510,#19480,#19479,#19509));
#4114=IFCPOLYLOOP((#19496,#19483,#19480,#19510));
#4115=IFCPOLYLOOP((#19511,#19512,#19455,#19454));
#4116=IFCPOLYLOOP((#19513,#19514,#19457,#19456));
#4117=IFCPOLYLOOP((#19515,#19516,#19462,#19461));
#4118=IFCPOLYLOOP((#19456,#19455,#19512,#19513));
#4119=IFCPOLYLOOP((#19517,#19518,#19459,#19458));
#4120=IFCPOLYLOOP((#19461,#19460,#19519,#19515));
#4121=IFCPOLYLOOP((#19520,#19521,#19449,#19447));
#4122=IFCPOLYLOOP((#19454,#19453,#19522,#19511));
#4123=IFCPOLYLOOP((#19460,#19459,#19518,#19519));
#4124=IFCPOLYLOOP((#19521,#19523,#19450,#19449));
#4125=IFCPOLYLOOP((#19524,#19525,#19452,#19451));
#4126=IFCPOLYLOOP((#19458,#19457,#19514,#19517));
#4127=IFCPOLYLOOP((#19451,#19450,#19523,#19524));
#4128=IFCPOLYLOOP((#19516,#19526,#19448,#19462));
#4129=IFCPOLYLOOP((#19453,#19452,#19525,#19522));
#4130=IFCPOLYLOOP((#19447,#19448,#19526,#19520));
#4131=IFCPOLYLOOP((#19527,#19520,#19526,#19528));
#4132=IFCPOLYLOOP((#19529,#19521,#19520,#19527));
#4133=IFCPOLYLOOP((#19530,#19523,#19521,#19529));
#4134=IFCPOLYLOOP((#19531,#19524,#19523,#19530));
#4135=IFCPOLYLOOP((#19532,#19525,#19524,#19531));
#4136=IFCPOLYLOOP((#19533,#19522,#19525,#19532));
#4137=IFCPOLYLOOP((#19534,#19511,#19522,#19533));
#4138=IFCPOLYLOOP((#19535,#19512,#19511,#19534));
#4139=IFCPOLYLOOP((#19536,#19513,#19512,#19535));
#4140=IFCPOLYLOOP((#19537,#19514,#19513,#19536));
#4141=IFCPOLYLOOP((#19538,#19517,#19514,#19537));
#4142=IFCPOLYLOOP((#19539,#19518,#19517,#19538));
#4143=IFCPOLYLOOP((#19540,#19519,#19518,#19539));
#4144=IFCPOLYLOOP((#19541,#19515,#19519,#19540));
#4145=IFCPOLYLOOP((#19542,#19516,#19515,#19541));
#4146=IFCPOLYLOOP((#19528,#19526,#19516,#19542));
#4147=IFCPOLYLOOP((#19543,#19544,#19442,#19441));
#4148=IFCPOLYLOOP((#19545,#19546,#19439,#19438));
#4149=IFCPOLYLOOP((#19441,#19440,#19547,#19543));
#4150=IFCPOLYLOOP((#19440,#19439,#19546,#19547));
#4151=IFCPOLYLOOP((#19548,#19549,#19444,#19443));
#4152=IFCPOLYLOOP((#19550,#19551,#19446,#19445));
#4153=IFCPOLYLOOP((#19552,#19553,#19433,#19431));
#4154=IFCPOLYLOOP((#19438,#19437,#19554,#19545));
#4155=IFCPOLYLOOP((#19445,#19444,#19549,#19550));
#4156=IFCPOLYLOOP((#19553,#19555,#19434,#19433));
#4157=IFCPOLYLOOP((#19556,#19557,#19436,#19435));
#4158=IFCPOLYLOOP((#19443,#19442,#19544,#19548));
#4159=IFCPOLYLOOP((#19435,#19434,#19555,#19556));
#4160=IFCPOLYLOOP((#19551,#19558,#19432,#19446));
#4161=IFCPOLYLOOP((#19437,#19436,#19557,#19554));
#4162=IFCPOLYLOOP((#19431,#19432,#19558,#19552));
#4163=IFCPOLYLOOP((#19559,#19552,#19558,#19560));
#4164=IFCPOLYLOOP((#19561,#19553,#19552,#19559));
#4165=IFCPOLYLOOP((#19562,#19555,#19553,#19561));
#4166=IFCPOLYLOOP((#19563,#19556,#19555,#19562));
#4167=IFCPOLYLOOP((#19564,#19557,#19556,#19563));
#4168=IFCPOLYLOOP((#19565,#19554,#19557,#19564));
#4169=IFCPOLYLOOP((#19566,#19545,#19554,#19565));
#4170=IFCPOLYLOOP((#19567,#19546,#19545,#19566));
#4171=IFCPOLYLOOP((#19568,#19547,#19546,#19567));
#4172=IFCPOLYLOOP((#19569,#19543,#19547,#19568));
#4173=IFCPOLYLOOP((#19570,#19544,#19543,#19569));
#4174=IFCPOLYLOOP((#19571,#19548,#19544,#19570));
#4175=IFCPOLYLOOP((#19572,#19549,#19548,#19571));
#4176=IFCPOLYLOOP((#19573,#19550,#19549,#19572));
#4177=IFCPOLYLOOP((#19574,#19551,#19550,#19573));
#4178=IFCPOLYLOOP((#19560,#19558,#19551,#19574));
#4179=IFCPOLYLOOP((#19575,#19576,#19430,#19429));
#4180=IFCPOLYLOOP((#19577,#19578,#19417,#19415));
#4181=IFCPOLYLOOP((#19576,#19579,#19416,#19430));
#4182=IFCPOLYLOOP((#19578,#19580,#19418,#19417));
#4183=IFCPOLYLOOP((#19581,#19582,#19420,#19419));
#4184=IFCPOLYLOOP((#19583,#19584,#19423,#19422));
#4185=IFCPOLYLOOP((#19585,#19586,#19427,#19426));
#4186=IFCPOLYLOOP((#19429,#19428,#19587,#19575));
#4187=IFCPOLYLOOP((#19419,#19418,#19580,#19581));
#4188=IFCPOLYLOOP((#19422,#19421,#19588,#19583));
#4189=IFCPOLYLOOP((#19589,#19590,#19425,#19424));
#4190=IFCPOLYLOOP((#19428,#19427,#19586,#19587));
#4191=IFCPOLYLOOP((#19421,#19420,#19582,#19588));
#4192=IFCPOLYLOOP((#19426,#19425,#19590,#19585));
#4193=IFCPOLYLOOP((#19424,#19423,#19584,#19589));
#4194=IFCPOLYLOOP((#19415,#19416,#19579,#19577));
#4195=IFCPOLYLOOP((#19591,#19577,#19579,#19592));
#4196=IFCPOLYLOOP((#19593,#19578,#19577,#19591));
#4197=IFCPOLYLOOP((#19594,#19580,#19578,#19593));
#4198=IFCPOLYLOOP((#19595,#19581,#19580,#19594));
#4199=IFCPOLYLOOP((#19596,#19582,#19581,#19595));
#4200=IFCPOLYLOOP((#19597,#19588,#19582,#19596));
#4201=IFCPOLYLOOP((#19598,#19583,#19588,#19597));
#4202=IFCPOLYLOOP((#19599,#19584,#19583,#19598));
#4203=IFCPOLYLOOP((#19600,#19589,#19584,#19599));
#4204=IFCPOLYLOOP((#19601,#19590,#19589,#19600));
#4205=IFCPOLYLOOP((#19602,#19585,#19590,#19601));
#4206=IFCPOLYLOOP((#19603,#19586,#19585,#19602));
#4207=IFCPOLYLOOP((#19604,#19587,#19586,#19603));
#4208=IFCPOLYLOOP((#19605,#19575,#19587,#19604));
#4209=IFCPOLYLOOP((#19606,#19576,#19575,#19605));
#4210=IFCPOLYLOOP((#19592,#19579,#19576,#19606));
#4211=IFCPOLYLOOP((#19607,#19608,#19609,#19610));
#4212=IFCPOLYLOOP((#19611,#19612,#19613,#19614));
#4213=IFCPOLYLOOP((#19615,#19616,#19617,#19618));
#4214=IFCPOLYLOOP((#19619,#19620,#19621,#19622));
#4215=IFCPOLYLOOP((#19570,#19623,#19624));
#4216=IFCPOLYLOOP((#19625,#19626,#19568,#19567));
#4217=IFCPOLYLOOP((#19569,#19568,#19626,#19627));
#4218=IFCPOLYLOOP((#19570,#19628,#19623));
#4219=IFCPOLYLOOP((#19564,#19629,#19630));
#4220=IFCPOLYLOOP((#19564,#19631,#19632));
#4221=IFCPOLYLOOP((#19565,#19633,#19634));
#4222=IFCPOLYLOOP((#19627,#19635,#19569));
#4223=IFCPOLYLOOP((#19570,#19569,#19635,#19628));
#4224=IFCPOLYLOOP((#19632,#19629,#19564));
#4225=IFCPOLYLOOP((#19567,#19566,#19636,#19625));
#4226=IFCPOLYLOOP((#19613,#19612,#19571,#19570));
#4227=IFCPOLYLOOP((#19630,#19633,#19565,#19564));
#4228=IFCPOLYLOOP((#19624,#19613,#19570));
#4229=IFCPOLYLOOP((#19634,#19636,#19566,#19565));
#4230=IFCPOLYLOOP((#19637,#19638,#19601,#19600));
#4231=IFCPOLYLOOP((#19600,#19599,#19639,#19637));
#4232=IFCPOLYLOOP((#19640,#19641,#19597,#19596));
#4233=IFCPOLYLOOP((#19599,#19598,#19642,#19639));
#4234=IFCPOLYLOOP((#19598,#19597,#19641,#19642));
#4235=IFCPOLYLOOP((#19643,#19644,#19603,#19602));
#4236=IFCPOLYLOOP((#19602,#19601,#19638,#19643));
#4237=IFCPOLYLOOP((#19604,#19645,#19646));
#4238=IFCPOLYLOOP((#19594,#19647,#19648));
#4239=IFCPOLYLOOP((#19646,#19649,#19604));
#4240=IFCPOLYLOOP((#19648,#19650,#19594));
#4241=IFCPOLYLOOP((#19649,#19651,#19604));
#4242=IFCPOLYLOOP((#19605,#19652,#19653));
#4243=IFCPOLYLOOP((#19593,#19591,#19654,#19655));
#4244=IFCPOLYLOOP((#19594,#19593,#19656,#19647));
#4245=IFCPOLYLOOP((#19645,#19604,#19603));
#4246=IFCPOLYLOOP((#19653,#19657,#19606,#19605));
#4247=IFCPOLYLOOP((#19650,#19617,#19594));
#4248=IFCPOLYLOOP((#19617,#19616,#19595));
#4249=IFCPOLYLOOP((#19651,#19652,#19605,#19604));
#4250=IFCPOLYLOOP((#19595,#19594,#19617));
#4251=IFCPOLYLOOP((#19657,#19658,#19592,#19606));
#4252=IFCPOLYLOOP((#19655,#19656,#19593));
#4253=IFCPOLYLOOP((#19591,#19592,#19658,#19654));
#4254=IFCPOLYLOOP((#19659,#19660,#19661,#19662));
#4255=IFCPOLYLOOP((#19532,#19663,#19664));
#4256=IFCPOLYLOOP((#19532,#19665,#19666));
#4257=IFCPOLYLOOP((#19538,#19667,#19668));
#4258=IFCPOLYLOOP((#19666,#19663,#19532));
#4259=IFCPOLYLOOP((#19538,#19669,#19667));
#4260=IFCPOLYLOOP((#19664,#19670,#19533,#19532));
#4261=IFCPOLYLOOP((#19533,#19670,#19671));
#4262=IFCPOLYLOOP((#19537,#19536,#19672,#19673));
#4263=IFCPOLYLOOP((#19538,#19537,#19674,#19669));
#4264=IFCPOLYLOOP((#19671,#19675,#19534,#19533));
#4265=IFCPOLYLOOP((#19676,#19672,#19536,#19535));
#4266=IFCPOLYLOOP((#19668,#19677,#19538));
#4267=IFCPOLYLOOP((#19535,#19534,#19675,#19676));
#4268=IFCPOLYLOOP((#19677,#19678,#19539,#19538));
#4269=IFCPOLYLOOP((#19673,#19674,#19537));
#4270=IFCPOLYLOOP((#19679,#19678,#19677,#19680));
#4271=IFCPOLYLOOP((#19611,#19681,#19682,#19683));
#4272=IFCPOLYLOOP((#19572,#19684,#19685));
#4273=IFCPOLYLOOP((#19685,#19686,#19572));
#4274=IFCPOLYLOOP((#19686,#19687,#19572));
#4275=IFCPOLYLOOP((#19573,#19688,#19689));
#4276=IFCPOLYLOOP((#19562,#19690,#19691));
#4277=IFCPOLYLOOP((#19562,#19561,#19692,#19693));
#4278=IFCPOLYLOOP((#19689,#19694,#19574,#19573));
#4279=IFCPOLYLOOP((#19561,#19559,#19695,#19696));
#4280=IFCPOLYLOOP((#19693,#19690,#19562));
#4281=IFCPOLYLOOP((#19687,#19688,#19573,#19572));
#4282=IFCPOLYLOOP((#19697,#19695,#19559,#19560));
#4283=IFCPOLYLOOP((#19691,#19698,#19562));
#4284=IFCPOLYLOOP((#19560,#19574,#19694,#19697));
#4285=IFCPOLYLOOP((#19698,#19699,#19563,#19562));
#4286=IFCPOLYLOOP((#19696,#19692,#19561));
#4287=IFCPOLYLOOP((#19607,#19699,#19698,#19700));
#4288=IFCPOLYLOOP((#19540,#19701,#19702));
#4289=IFCPOLYLOOP((#19529,#19527,#19703,#19704));
#4290=IFCPOLYLOOP((#19540,#19705,#19701));
#4291=IFCPOLYLOOP((#19704,#19706,#19529));
#4292=IFCPOLYLOOP((#19530,#19707,#19708));
#4293=IFCPOLYLOOP((#19702,#19709,#19540));
#4294=IFCPOLYLOOP((#19541,#19710,#19711));
#4295=IFCPOLYLOOP((#19527,#19528,#19712,#19703));
#4296=IFCPOLYLOOP((#19530,#19529,#19706,#19707));
#4297=IFCPOLYLOOP((#19709,#19710,#19541,#19540));
#4298=IFCPOLYLOOP((#19528,#19542,#19713,#19712));
#4299=IFCPOLYLOOP((#19708,#19714,#19530));
#4300=IFCPOLYLOOP((#19711,#19713,#19542,#19541));
#4301=IFCPOLYLOOP((#19715,#19716,#19531,#19530));
#4302=IFCPOLYLOOP((#19714,#19715,#19530));
#4303=IFCPOLYLOOP((#19659,#19716,#19715,#19717));
#4304=IFCPOLYLOOP((#19717,#19718,#19719,#19659));
#4305=IFCPOLYLOOP((#19500,#19720,#19721));
#4306=IFCPOLYLOOP((#19505,#19504,#19722,#19723));
#4307=IFCPOLYLOOP((#19506,#19724,#19725));
#4308=IFCPOLYLOOP((#19506,#19505,#19726,#19727));
#4309=IFCPOLYLOOP((#19500,#19728,#19720));
#4310=IFCPOLYLOOP((#19723,#19726,#19505));
#4311=IFCPOLYLOOP((#19727,#19724,#19506));
#4312=IFCPOLYLOOP((#19729,#19730,#19507));
#4313=IFCPOLYLOOP((#19731,#19500,#19499));
#4314=IFCPOLYLOOP((#19500,#19731,#19728));
#4315=IFCPOLYLOOP((#19501,#19732,#19733));
#4316=IFCPOLYLOOP((#19504,#19503,#19734,#19722));
#4317=IFCPOLYLOOP((#19507,#19506,#19729));
#4318=IFCPOLYLOOP((#19730,#19735,#19509,#19508));
#4319=IFCPOLYLOOP((#19736,#19737,#19497,#19495));
#4320=IFCPOLYLOOP((#19738,#19499,#19498));
#4321=IFCPOLYLOOP((#19721,#19732,#19501,#19500));
#4322=IFCPOLYLOOP((#19503,#19502,#19739,#19734));
#4323=IFCPOLYLOOP((#19508,#19507,#19730));
#4324=IFCPOLYLOOP((#19498,#19497,#19737,#19738));
#4325=IFCPOLYLOOP((#19733,#19739,#19502,#19501));
#4326=IFCPOLYLOOP((#19735,#19740,#19510,#19509));
#4327=IFCPOLYLOOP((#19499,#19738,#19731));
#4328=IFCPOLYLOOP((#19740,#19741,#19496,#19510));
#4329=IFCPOLYLOOP((#19725,#19729,#19506));
#4330=IFCPOLYLOOP((#19742,#19730,#19729,#19743));
#4331=IFCPOLYLOOP((#19743,#19744,#19679,#19742));
#4332=IFCPOLYLOOP((#19744,#19705,#19678,#19679));
#4333=IFCPOLYLOOP((#19495,#19496,#19741,#19736));
#4334=IFCPOLYLOOP((#19718,#19731,#19738,#19719));
#4335=IFCPOLYLOOP((#19540,#19539,#19678,#19705));
#4336=IFCPOLYLOOP((#19700,#19661,#19660,#19607));
#4337=IFCPOLYLOOP((#19572,#19571,#19612,#19684));
#4338=IFCPOLYLOOP((#19683,#19684,#19612,#19611));
#4339=IFCPOLYLOOP((#19680,#19682,#19681,#19679));
#4340=IFCPOLYLOOP((#19532,#19531,#19716,#19665));
#4341=IFCPOLYLOOP((#19662,#19665,#19716,#19659));
#4342=IFCPOLYLOOP((#19603,#19644,#19645));
#4343=IFCPOLYLOOP((#19596,#19595,#19616,#19640));
#4344=IFCPOLYLOOP((#19564,#19563,#19699,#19631));
#4345=IFCPOLYLOOP((#19622,#19645,#19644,#19619));
#4346=IFCPOLYLOOP((#19619,#19644,#19643));
#4347=IFCPOLYLOOP((#19640,#19616,#19615));
#4348=IFCPOLYLOOP((#19618,#19609,#19608,#19615));
#4349=IFCPOLYLOOP((#19614,#19621,#19620,#19611));
#4350=IFCPOLYLOOP((#19610,#19631,#19699,#19607));
#4351=IFCPOLYLOOP((#19745,#19660,#19659));
#4352=IFCPOLYLOOP((#19745,#19746,#19607,#19660));
#4353=IFCPOLYLOOP((#19746,#19608,#19607));
#4354=IFCPOLYLOOP((#19746,#19615,#19608));
#4355=IFCPOLYLOOP((#19659,#19719,#19745));
#4356=IFCPOLYLOOP((#19719,#19747,#19745));
#4357=IFCPOLYLOOP((#19746,#19748,#19615));
#4358=IFCPOLYLOOP((#19749,#19611,#19620));
#4359=IFCPOLYLOOP((#19749,#19681,#19611));
#4360=IFCPOLYLOOP((#19749,#19750,#19679,#19681));
#4361=IFCPOLYLOOP((#19750,#19742,#19679));
#4362=IFCPOLYLOOP((#19620,#19619,#19749));
#4363=IFCPOLYLOOP((#19619,#19751,#19749));
#4364=IFCPOLYLOOP((#19750,#19752,#19742));
#4365=IFCPOLYLOOP((#19688,#19753,#19754,#19689));
#4366=IFCPOLYLOOP((#19687,#19755,#19753,#19688));
#4367=IFCPOLYLOOP((#19686,#19756,#19755,#19687));
#4368=IFCPOLYLOOP((#19685,#19757,#19756,#19686));
#4369=IFCPOLYLOOP((#19684,#19758,#19757,#19685));
#4370=IFCPOLYLOOP((#19683,#19759,#19758,#19684));
#4371=IFCPOLYLOOP((#19695,#19760,#19761,#19696));
#4372=IFCPOLYLOOP((#19697,#19762,#19760,#19695));
#4373=IFCPOLYLOOP((#19694,#19763,#19762,#19697));
#4374=IFCPOLYLOOP((#19689,#19754,#19763,#19694));
#4375=IFCPOLYLOOP((#19698,#19764,#19765,#19700));
#4376=IFCPOLYLOOP((#19691,#19766,#19764,#19698));
#4377=IFCPOLYLOOP((#19690,#19767,#19766,#19691));
#4378=IFCPOLYLOOP((#19693,#19768,#19767,#19690));
#4379=IFCPOLYLOOP((#19692,#19769,#19768,#19693));
#4380=IFCPOLYLOOP((#19696,#19761,#19769,#19692));
#4381=IFCPOLYLOOP((#19770,#19771,#19762,#19763));
#4382=IFCPOLYLOOP((#19771,#19765,#19764,#19766,#19767,#19768,#19769,#19761,
#19760));
#4383=IFCPOLYLOOP((#19760,#19762,#19771));
#4384=IFCPOLYLOOP((#19763,#19754,#19753,#19755,#19756,#19757,#19758,#19759,
#19770));
#4385=IFCPOLYLOOP((#19662,#19661,#19772,#19773));
#4386=IFCPOLYLOOP((#19700,#19774,#19775));
#4387=IFCPOLYLOOP((#19773,#19776,#19662));
#4388=IFCPOLYLOOP((#19775,#19777,#19661,#19700));
#4389=IFCPOLYLOOP((#19777,#19772,#19661));
#4390=IFCPOLYLOOP((#19700,#19765,#19771,#19774));
#4391=IFCPOLYLOOP((#19776,#19778,#19779,#19662));
#4392=IFCPOLYLOOP((#19683,#19682,#19780,#19781));
#4393=IFCPOLYLOOP((#19680,#19782,#19783));
#4394=IFCPOLYLOOP((#19682,#19784,#19780));
#4395=IFCPOLYLOOP((#19680,#19785,#19786,#19782));
#4396=IFCPOLYLOOP((#19783,#19784,#19682,#19680));
#4397=IFCPOLYLOOP((#19781,#19787,#19683));
#4398=IFCPOLYLOOP((#19787,#19770,#19759,#19683));
#4399=IFCPOLYLOOP((#19778,#19788,#19789));
#4400=IFCPOLYLOOP((#19786,#19785,#19790,#19791,#19792,#19793,#19794,#19795,
#19796));
#4401=IFCPOLYLOOP((#19796,#19788,#19778,#19786));
#4402=IFCPOLYLOOP((#19789,#19797,#19798,#19799,#19800,#19801,#19802,#19779,
#19778));
#4403=IFCPOLYLOOP((#19776,#19782,#19786,#19778));
#4404=IFCPOLYLOOP((#19773,#19783,#19782,#19776));
#4405=IFCPOLYLOOP((#19772,#19784,#19783,#19773));
#4406=IFCPOLYLOOP((#19777,#19780,#19784,#19772));
#4407=IFCPOLYLOOP((#19775,#19781,#19780,#19777));
#4408=IFCPOLYLOOP((#19774,#19787,#19781,#19775));
#4409=IFCPOLYLOOP((#19771,#19770,#19787,#19774));
#4410=IFCPOLYLOOP((#19677,#19790,#19785,#19680));
#4411=IFCPOLYLOOP((#19668,#19791,#19790,#19677));
#4412=IFCPOLYLOOP((#19667,#19792,#19791,#19668));
#4413=IFCPOLYLOOP((#19669,#19793,#19792,#19667));
#4414=IFCPOLYLOOP((#19674,#19794,#19793,#19669));
#4415=IFCPOLYLOOP((#19673,#19795,#19794,#19674));
#4416=IFCPOLYLOOP((#19672,#19796,#19795,#19673));
#4417=IFCPOLYLOOP((#19676,#19788,#19796,#19672));
#4418=IFCPOLYLOOP((#19675,#19789,#19788,#19676));
#4419=IFCPOLYLOOP((#19671,#19797,#19789,#19675));
#4420=IFCPOLYLOOP((#19670,#19798,#19797,#19671));
#4421=IFCPOLYLOOP((#19664,#19799,#19798,#19670));
#4422=IFCPOLYLOOP((#19663,#19800,#19799,#19664));
#4423=IFCPOLYLOOP((#19666,#19801,#19800,#19663));
#4424=IFCPOLYLOOP((#19665,#19802,#19801,#19666));
#4425=IFCPOLYLOOP((#19662,#19779,#19802,#19665));
#4426=IFCPOLYLOOP((#19652,#19803,#19804,#19653));
#4427=IFCPOLYLOOP((#19651,#19805,#19803,#19652));
#4428=IFCPOLYLOOP((#19649,#19806,#19805,#19651));
#4429=IFCPOLYLOOP((#19646,#19807,#19806,#19649));
#4430=IFCPOLYLOOP((#19645,#19808,#19807,#19646));
#4431=IFCPOLYLOOP((#19622,#19809,#19808,#19645));
#4432=IFCPOLYLOOP((#19617,#19810,#19811,#19618));
#4433=IFCPOLYLOOP((#19650,#19812,#19810,#19617));
#4434=IFCPOLYLOOP((#19648,#19813,#19812,#19650));
#4435=IFCPOLYLOOP((#19647,#19814,#19813,#19648));
#4436=IFCPOLYLOOP((#19656,#19815,#19814,#19647));
#4437=IFCPOLYLOOP((#19655,#19816,#19815,#19656));
#4438=IFCPOLYLOOP((#19654,#19817,#19816,#19655));
#4439=IFCPOLYLOOP((#19658,#19818,#19817,#19654));
#4440=IFCPOLYLOOP((#19657,#19819,#19818,#19658));
#4441=IFCPOLYLOOP((#19653,#19804,#19819,#19657));
#4442=IFCPOLYLOOP((#19820,#19817,#19818));
#4443=IFCPOLYLOOP((#19818,#19819,#19821,#19820));
#4444=IFCPOLYLOOP((#19820,#19811,#19810,#19812,#19813,#19814,#19815,#19816,
#19817));
#4445=IFCPOLYLOOP((#19819,#19804,#19803,#19805,#19806,#19807,#19808,#19809,
#19821));
#4446=IFCPOLYLOOP((#19610,#19609,#19822,#19823));
#4447=IFCPOLYLOOP((#19618,#19824,#19825));
#4448=IFCPOLYLOOP((#19609,#19826,#19822));
#4449=IFCPOLYLOOP((#19618,#19811,#19820,#19824));
#4450=IFCPOLYLOOP((#19825,#19826,#19609,#19618));
#4451=IFCPOLYLOOP((#19823,#19827,#19610));
#4452=IFCPOLYLOOP((#19827,#19828,#19829,#19610));
#4453=IFCPOLYLOOP((#19622,#19830,#19831));
#4454=IFCPOLYLOOP((#19622,#19621,#19832,#19830));
#4455=IFCPOLYLOOP((#19621,#19833,#19832));
#4456=IFCPOLYLOOP((#19621,#19614,#19834,#19833));
#4457=IFCPOLYLOOP((#19614,#19835,#19834));
#4458=IFCPOLYLOOP((#19614,#19836,#19837,#19835));
#4459=IFCPOLYLOOP((#19831,#19821,#19809,#19622));
#4460=IFCPOLYLOOP((#19828,#19837,#19838,#19839));
#4461=IFCPOLYLOOP((#19837,#19836,#19840,#19841,#19842,#19843,#19844,#19845,
#19838));
#4462=IFCPOLYLOOP((#19839,#19846,#19828));
#4463=IFCPOLYLOOP((#19846,#19847,#19848,#19849,#19850,#19851,#19852,#19829,
#19828));
#4464=IFCPOLYLOOP((#19827,#19835,#19837,#19828));
#4465=IFCPOLYLOOP((#19823,#19834,#19835,#19827));
#4466=IFCPOLYLOOP((#19822,#19833,#19834,#19823));
#4467=IFCPOLYLOOP((#19826,#19832,#19833,#19822));
#4468=IFCPOLYLOOP((#19825,#19830,#19832,#19826));
#4469=IFCPOLYLOOP((#19824,#19831,#19830,#19825));
#4470=IFCPOLYLOOP((#19820,#19821,#19831,#19824));
#4471=IFCPOLYLOOP((#19613,#19840,#19836,#19614));
#4472=IFCPOLYLOOP((#19624,#19841,#19840,#19613));
#4473=IFCPOLYLOOP((#19623,#19842,#19841,#19624));
#4474=IFCPOLYLOOP((#19628,#19843,#19842,#19623));
#4475=IFCPOLYLOOP((#19635,#19844,#19843,#19628));
#4476=IFCPOLYLOOP((#19627,#19845,#19844,#19635));
#4477=IFCPOLYLOOP((#19626,#19838,#19845,#19627));
#4478=IFCPOLYLOOP((#19625,#19839,#19838,#19626));
#4479=IFCPOLYLOOP((#19636,#19846,#19839,#19625));
#4480=IFCPOLYLOOP((#19634,#19847,#19846,#19636));
#4481=IFCPOLYLOOP((#19633,#19848,#19847,#19634));
#4482=IFCPOLYLOOP((#19630,#19849,#19848,#19633));
#4483=IFCPOLYLOOP((#19629,#19850,#19849,#19630));
#4484=IFCPOLYLOOP((#19632,#19851,#19850,#19629));
#4485=IFCPOLYLOOP((#19631,#19852,#19851,#19632));
#4486=IFCPOLYLOOP((#19610,#19829,#19852,#19631));
#4487=IFCPOLYLOOP((#19710,#19853,#19854,#19711));
#4488=IFCPOLYLOOP((#19709,#19855,#19853,#19710));
#4489=IFCPOLYLOOP((#19702,#19856,#19855,#19709));
#4490=IFCPOLYLOOP((#19701,#19857,#19856,#19702));
#4491=IFCPOLYLOOP((#19705,#19858,#19857,#19701));
#4492=IFCPOLYLOOP((#19744,#19859,#19858,#19705));
#4493=IFCPOLYLOOP((#19715,#19860,#19861,#19717));
#4494=IFCPOLYLOOP((#19714,#19862,#19860,#19715));
#4495=IFCPOLYLOOP((#19708,#19863,#19862,#19714));
#4496=IFCPOLYLOOP((#19707,#19864,#19863,#19708));
#4497=IFCPOLYLOOP((#19706,#19865,#19864,#19707));
#4498=IFCPOLYLOOP((#19704,#19866,#19865,#19706));
#4499=IFCPOLYLOOP((#19703,#19867,#19866,#19704));
#4500=IFCPOLYLOOP((#19712,#19868,#19867,#19703));
#4501=IFCPOLYLOOP((#19713,#19869,#19868,#19712));
#4502=IFCPOLYLOOP((#19711,#19854,#19869,#19713));
#4503=IFCPOLYLOOP((#19870,#19871,#19868,#19869));
#4504=IFCPOLYLOOP((#19871,#19861,#19860,#19862,#19863,#19864,#19865,#19866,
#19867));
#4505=IFCPOLYLOOP((#19867,#19868,#19871));
#4506=IFCPOLYLOOP((#19869,#19854,#19853,#19855,#19856,#19857,#19858,#19859,
#19870));
#4507=IFCPOLYLOOP((#19718,#19717,#19872,#19873));
#4508=IFCPOLYLOOP((#19717,#19861,#19871,#19874));
#4509=IFCPOLYLOOP((#19873,#19875,#19718));
#4510=IFCPOLYLOOP((#19874,#19876,#19717));
#4511=IFCPOLYLOOP((#19876,#19872,#19717));
#4512=IFCPOLYLOOP((#19875,#19877,#19718));
#4513=IFCPOLYLOOP((#19877,#19878,#19879,#19718));
#4514=IFCPOLYLOOP((#19743,#19880,#19881));
#4515=IFCPOLYLOOP((#19744,#19882,#19883));
#4516=IFCPOLYLOOP((#19743,#19884,#19880));
#4517=IFCPOLYLOOP((#19744,#19885,#19882));
#4518=IFCPOLYLOOP((#19743,#19886,#19887,#19884));
#4519=IFCPOLYLOOP((#19881,#19885,#19744,#19743));
#4520=IFCPOLYLOOP((#19883,#19870,#19859,#19744));
#4521=IFCPOLYLOOP((#19878,#19887,#19888,#19889));
#4522=IFCPOLYLOOP((#19887,#19886,#19890,#19891,#19892,#19893,#19894,#19895,
#19888));
#4523=IFCPOLYLOOP((#19889,#19896,#19878));
#4524=IFCPOLYLOOP((#19896,#19897,#19898,#19899,#19900,#19901,#19902,#19879,
#19878));
#4525=IFCPOLYLOOP((#19877,#19884,#19887,#19878));
#4526=IFCPOLYLOOP((#19875,#19880,#19884,#19877));
#4527=IFCPOLYLOOP((#19873,#19881,#19880,#19875));
#4528=IFCPOLYLOOP((#19872,#19885,#19881,#19873));
#4529=IFCPOLYLOOP((#19876,#19882,#19885,#19872));
#4530=IFCPOLYLOOP((#19874,#19883,#19882,#19876));
#4531=IFCPOLYLOOP((#19871,#19870,#19883,#19874));
#4532=IFCPOLYLOOP((#19729,#19890,#19886,#19743));
#4533=IFCPOLYLOOP((#19725,#19891,#19890,#19729));
#4534=IFCPOLYLOOP((#19724,#19892,#19891,#19725));
#4535=IFCPOLYLOOP((#19727,#19893,#19892,#19724));
#4536=IFCPOLYLOOP((#19726,#19894,#19893,#19727));
#4537=IFCPOLYLOOP((#19723,#19895,#19894,#19726));
#4538=IFCPOLYLOOP((#19722,#19888,#19895,#19723));
#4539=IFCPOLYLOOP((#19734,#19889,#19888,#19722));
#4540=IFCPOLYLOOP((#19739,#19896,#19889,#19734));
#4541=IFCPOLYLOOP((#19733,#19897,#19896,#19739));
#4542=IFCPOLYLOOP((#19732,#19898,#19897,#19733));
#4543=IFCPOLYLOOP((#19721,#19899,#19898,#19732));
#4544=IFCPOLYLOOP((#19720,#19900,#19899,#19721));
#4545=IFCPOLYLOOP((#19728,#19901,#19900,#19720));
#4546=IFCPOLYLOOP((#19731,#19902,#19901,#19728));
#4547=IFCPOLYLOOP((#19718,#19879,#19902,#19731));
#4548=IFCPOLYLOOP((#19641,#19903,#19904));
#4549=IFCPOLYLOOP((#19904,#19642,#19641));
#4550=IFCPOLYLOOP((#19638,#19637,#19905));
#4551=IFCPOLYLOOP((#19637,#19906,#19907,#19905));
#4552=IFCPOLYLOOP((#19751,#19619,#19643,#19908));
#4553=IFCPOLYLOOP((#19908,#19643,#19638,#19909));
#4554=IFCPOLYLOOP((#19905,#19909,#19638));
#4555=IFCPOLYLOOP((#19904,#19910,#19911,#19642));
#4556=IFCPOLYLOOP((#19903,#19641,#19640,#19912));
#4557=IFCPOLYLOOP((#19912,#19640,#19615,#19748));
#4558=IFCPOLYLOOP((#19913,#19639,#19642,#19911));
#4559=IFCPOLYLOOP((#19906,#19637,#19639,#19913));
#4560=IFCPOLYLOOP((#19914,#19915,#19916,#19917));
#4561=IFCPOLYLOOP((#19918,#19919,#19915,#19914));
#4562=IFCPOLYLOOP((#19920,#19921,#19919,#19918));
#4563=IFCPOLYLOOP((#19922,#19923,#19921,#19920));
#4564=IFCPOLYLOOP((#19924,#19925,#19923,#19922));
#4565=IFCPOLYLOOP((#19910,#19904,#19925,#19924));
#4566=IFCPOLYLOOP((#19926,#19927,#19905,#19907));
#4567=IFCPOLYLOOP((#19928,#19929,#19927,#19926));
#4568=IFCPOLYLOOP((#19930,#19931,#19929,#19928));
#4569=IFCPOLYLOOP((#19932,#19933,#19931,#19930));
#4570=IFCPOLYLOOP((#19934,#19935,#19933,#19932));
#4571=IFCPOLYLOOP((#19936,#19937,#19935,#19934));
#4572=IFCPOLYLOOP((#19938,#19939,#19913,#19911));
#4573=IFCPOLYLOOP((#19939,#19936,#19934,#19932,#19930,#19928,#19926,#19907,
#19906));
#4574=IFCPOLYLOOP((#19906,#19913,#19939));
#4575=IFCPOLYLOOP((#19911,#19910,#19924,#19922,#19920,#19918,#19914,#19917,
#19938));
#4576=IFCPOLYLOOP((#19916,#19940,#19941));
#4577=IFCPOLYLOOP((#19916,#19942,#19943,#19940));
#4578=IFCPOLYLOOP((#19942,#19944,#19943));
#4579=IFCPOLYLOOP((#19941,#19938,#19917,#19916));
#4580=IFCPOLYLOOP((#19945,#19937,#19946,#19947));
#4581=IFCPOLYLOOP((#19937,#19936,#19939,#19948));
#4582=IFCPOLYLOOP((#19948,#19946,#19937));
#4583=IFCPOLYLOOP((#19947,#19949,#19945));
#4584=IFCPOLYLOOP((#19941,#19948,#19939,#19938));
#4585=IFCPOLYLOOP((#19940,#19946,#19948,#19941));
#4586=IFCPOLYLOOP((#19943,#19947,#19946,#19940));
#4587=IFCPOLYLOOP((#19944,#19949,#19947,#19943));
#4588=IFCPOLYLOOP((#19737,#19736,#19950));
#4589=IFCPOLYLOOP((#19736,#19951,#19952,#19950));
#4590=IFCPOLYLOOP((#19735,#19953,#19954));
#4591=IFCPOLYLOOP((#19954,#19740,#19735));
#4592=IFCPOLYLOOP((#19954,#19955,#19956,#19740));
#4593=IFCPOLYLOOP((#19953,#19735,#19730,#19957));
#4594=IFCPOLYLOOP((#19957,#19730,#19742,#19752));
#4595=IFCPOLYLOOP((#19747,#19719,#19738,#19958));
#4596=IFCPOLYLOOP((#19958,#19738,#19737,#19959));
#4597=IFCPOLYLOOP((#19950,#19959,#19737));
#4598=IFCPOLYLOOP((#19960,#19741,#19740,#19956));
#4599=IFCPOLYLOOP((#19951,#19736,#19741,#19960));
#4600=IFCPOLYLOOP((#19961,#19962,#19950,#19952));
#4601=IFCPOLYLOOP((#19963,#19964,#19962,#19961));
#4602=IFCPOLYLOOP((#19965,#19966,#19964,#19963));
#4603=IFCPOLYLOOP((#19967,#19968,#19966,#19965));
#4604=IFCPOLYLOOP((#19969,#19970,#19968,#19967));
#4605=IFCPOLYLOOP((#19971,#19972,#19970,#19969));
#4606=IFCPOLYLOOP((#19973,#19974,#19975,#19976));
#4607=IFCPOLYLOOP((#19977,#19978,#19974,#19973));
#4608=IFCPOLYLOOP((#19979,#19980,#19978,#19977));
#4609=IFCPOLYLOOP((#19981,#19982,#19980,#19979));
#4610=IFCPOLYLOOP((#19983,#19984,#19982,#19981));
#4611=IFCPOLYLOOP((#19955,#19954,#19984,#19983));
#4612=IFCPOLYLOOP((#19985,#19986,#19960,#19956));
#4613=IFCPOLYLOOP((#19986,#19971,#19969,#19967,#19965,#19963,#19961,#19952,
#19951));
#4614=IFCPOLYLOOP((#19951,#19960,#19986));
#4615=IFCPOLYLOOP((#19956,#19955,#19983,#19981,#19979,#19977,#19973,#19976,
#19985));
#4616=IFCPOLYLOOP((#19972,#19987,#19988));
#4617=IFCPOLYLOOP((#19972,#19971,#19986,#19987));
#4618=IFCPOLYLOOP((#19988,#19989,#19990,#19972));
#4619=IFCPOLYLOOP((#19989,#19991,#19990));
#4620=IFCPOLYLOOP((#19975,#19992,#19993));
#4621=IFCPOLYLOOP((#19975,#19994,#19995,#19992));
#4622=IFCPOLYLOOP((#19994,#19996,#19995));
#4623=IFCPOLYLOOP((#19993,#19985,#19976,#19975));
#4624=IFCPOLYLOOP((#19989,#19995,#19996,#19991));
#4625=IFCPOLYLOOP((#19988,#19992,#19995,#19989));
#4626=IFCPOLYLOOP((#19987,#19993,#19992,#19988));
#4627=IFCPOLYLOOP((#19986,#19985,#19993,#19987));
#4628=IFCPOLYLOOP((#19997,#19998,#19999,#20000));
#4629=IFCPOLYLOOP((#20001,#20002,#20003,#20004));
#4630=IFCPOLYLOOP((#20005,#20006,#20007,#20008));
#4631=IFCPOLYLOOP((#20001,#20009,#20010,#20011));
#4632=IFCPOLYLOOP((#19997,#20012,#20013,#20014));
#4633=IFCPOLYLOOP((#20015,#20016,#20017,#20018));
#4634=IFCPOLYLOOP((#18817,#20019,#20020));
#4635=IFCPOLYLOOP((#18806,#18804,#20021,#20022));
#4636=IFCPOLYLOOP((#20020,#20023,#18817));
#4637=IFCPOLYLOOP((#20022,#20024,#18806));
#4638=IFCPOLYLOOP((#18807,#20025,#20026));
#4639=IFCPOLYLOOP((#20019,#18817,#18816));
#4640=IFCPOLYLOOP((#20023,#20027,#18817));
#4641=IFCPOLYLOOP((#18818,#20028,#20029));
#4642=IFCPOLYLOOP((#18804,#18805,#20030,#20021));
#4643=IFCPOLYLOOP((#18807,#20031,#20025));
#4644=IFCPOLYLOOP((#20027,#20028,#18818,#18817));
#4645=IFCPOLYLOOP((#18805,#18819,#20032,#20030));
#4646=IFCPOLYLOOP((#18807,#18806,#20024,#20031));
#4647=IFCPOLYLOOP((#20033,#20034,#18808));
#4648=IFCPOLYLOOP((#20029,#20032,#18819,#18818));
#4649=IFCPOLYLOOP((#18808,#18807,#20033));
#4650=IFCPOLYLOOP((#20026,#20033,#18807));
#4651=IFCPOLYLOOP((#18863,#20035,#20036));
#4652=IFCPOLYLOOP((#18857,#20037,#20038));
#4653=IFCPOLYLOOP((#18857,#20039,#20040));
#4654=IFCPOLYLOOP((#18863,#20041,#20035));
#4655=IFCPOLYLOOP((#20040,#20037,#18857));
#4656=IFCPOLYLOOP((#18858,#20042,#20043));
#4657=IFCPOLYLOOP((#18862,#18861,#20044,#20045));
#4658=IFCPOLYLOOP((#18863,#18862,#20046,#20041));
#4659=IFCPOLYLOOP((#20043,#20047,#18859,#18858));
#4660=IFCPOLYLOOP((#20036,#20003,#18863));
#4661=IFCPOLYLOOP((#20047,#20048,#18860,#18859));
#4662=IFCPOLYLOOP((#20003,#20002,#18864,#18863));
#4663=IFCPOLYLOOP((#20038,#20042,#18858,#18857));
#4664=IFCPOLYLOOP((#20045,#20046,#18862));
#4665=IFCPOLYLOOP((#18861,#18860,#20048,#20044));
#4666=IFCPOLYLOOP((#18865,#20049,#20050));
#4667=IFCPOLYLOOP((#20050,#20051,#18865));
#4668=IFCPOLYLOOP((#18855,#20052,#20053));
#4669=IFCPOLYLOOP((#20051,#20054,#18865));
#4670=IFCPOLYLOOP((#18866,#20055,#20056));
#4671=IFCPOLYLOOP((#20053,#20057,#18855));
#4672=IFCPOLYLOOP((#20056,#20058,#18867,#18866));
#4673=IFCPOLYLOOP((#18854,#18852,#20059,#20060));
#4674=IFCPOLYLOOP((#18855,#18854,#20061,#20052));
#4675=IFCPOLYLOOP((#20054,#20055,#18866,#18865));
#4676=IFCPOLYLOOP((#20062,#20059,#18852,#18853));
#4677=IFCPOLYLOOP((#20057,#20013,#18855));
#4678=IFCPOLYLOOP((#18853,#18867,#20058,#20062));
#4679=IFCPOLYLOOP((#20013,#20012,#18856,#18855));
#4680=IFCPOLYLOOP((#20060,#20061,#18854));
#4681=IFCPOLYLOOP((#18905,#20063,#20064));
#4682=IFCPOLYLOOP((#18905,#20065,#20066));
#4683=IFCPOLYLOOP((#18911,#20067,#20068));
#4684=IFCPOLYLOOP((#20066,#20063,#18905));
#4685=IFCPOLYLOOP((#18906,#20069,#20070));
#4686=IFCPOLYLOOP((#18911,#18910,#20071,#20067));
#4687=IFCPOLYLOOP((#20070,#20072,#18907,#18906));
#4688=IFCPOLYLOOP((#18910,#18909,#20073,#20074));
#4689=IFCPOLYLOOP((#20068,#20075,#18911));
#4690=IFCPOLYLOOP((#20064,#20069,#18906,#18905));
#4691=IFCPOLYLOOP((#20076,#20073,#18909,#18908));
#4692=IFCPOLYLOOP((#20075,#20007,#18911));
#4693=IFCPOLYLOOP((#18908,#18907,#20072,#20076));
#4694=IFCPOLYLOOP((#20007,#20006,#18912,#18911));
#4695=IFCPOLYLOOP((#20074,#20071,#18910));
#4696=IFCPOLYLOOP((#18913,#20077,#20078));
#4697=IFCPOLYLOOP((#18913,#20079,#20077));
#4698=IFCPOLYLOOP((#18914,#20080,#20081));
#4699=IFCPOLYLOOP((#20082,#20083,#18900,#18901));
#4700=IFCPOLYLOOP((#20078,#20084,#18913));
#4701=IFCPOLYLOOP((#18901,#18915,#20085,#20082));
#4702=IFCPOLYLOOP((#18902,#18900,#20083,#20086));
#4703=IFCPOLYLOOP((#18903,#20087,#20088));
#4704=IFCPOLYLOOP((#18903,#18902,#20089,#20090));
#4705=IFCPOLYLOOP((#20084,#20080,#18914,#18913));
#4706=IFCPOLYLOOP((#20086,#20089,#18902));
#4707=IFCPOLYLOOP((#20090,#20087,#18903));
#4708=IFCPOLYLOOP((#20081,#20085,#18915,#18914));
#4709=IFCPOLYLOOP((#20091,#20092,#18904,#18903));
#4710=IFCPOLYLOOP((#20088,#20091,#18903));
#4711=IFCPOLYLOOP((#20093,#20094,#20095,#20096));
#4712=IFCPOLYLOOP((#20096,#20097,#20005,#20093));
#4713=IFCPOLYLOOP((#18959,#20098,#20099));
#4714=IFCPOLYLOOP((#18959,#18958,#20100,#20101));
#4715=IFCPOLYLOOP((#20101,#20098,#18959));
#4716=IFCPOLYLOOP((#20095,#20094,#18960));
#4717=IFCPOLYLOOP((#18954,#20102,#20103));
#4718=IFCPOLYLOOP((#20104,#20105,#18957,#18956));
#4719=IFCPOLYLOOP((#18958,#18957,#20105,#20106));
#4720=IFCPOLYLOOP((#18960,#18959,#20095));
#4721=IFCPOLYLOOP((#18953,#20107,#20108));
#4722=IFCPOLYLOOP((#18953,#20109,#20110));
#4723=IFCPOLYLOOP((#18956,#18955,#20111,#20104));
#4724=IFCPOLYLOOP((#20099,#20095,#18959));
#4725=IFCPOLYLOOP((#20094,#20112,#18962,#18961));
#4726=IFCPOLYLOOP((#20109,#18953,#18952));
#4727=IFCPOLYLOOP((#20110,#20107,#18953));
#4728=IFCPOLYLOOP((#20106,#20100,#18958));
#4729=IFCPOLYLOOP((#20112,#20113,#18963,#18962));
#4730=IFCPOLYLOOP((#20114,#18952,#18951));
#4731=IFCPOLYLOOP((#20108,#20102,#18954,#18953));
#4732=IFCPOLYLOOP((#18961,#18960,#20094));
#4733=IFCPOLYLOOP((#18952,#20114,#20109));
#4734=IFCPOLYLOOP((#20113,#20115,#18949,#18963));
#4735=IFCPOLYLOOP((#20116,#20117,#18950,#18948));
#4736=IFCPOLYLOOP((#20103,#20111,#18955,#18954));
#4737=IFCPOLYLOOP((#18951,#18950,#20117,#20114));
#4738=IFCPOLYLOOP((#20015,#20092,#20091,#20118));
#4739=IFCPOLYLOOP((#20118,#20119,#20120,#20015));
#4740=IFCPOLYLOOP((#20121,#20034,#20033,#20122));
#4741=IFCPOLYLOOP((#20123,#20124,#18811,#18810));
#4742=IFCPOLYLOOP((#20125,#20126,#18815,#18814));
#4743=IFCPOLYLOOP((#20124,#20127,#18812,#18811));
#4744=IFCPOLYLOOP((#20126,#20128,#18816,#18815));
#4745=IFCPOLYLOOP((#18810,#18809,#20129,#20123));
#4746=IFCPOLYLOOP((#18814,#18813,#20130,#20125));
#4747=IFCPOLYLOOP((#18813,#18812,#20127,#20130));
#4748=IFCPOLYLOOP((#20131,#20132,#20133,#20134));
#4749=IFCPOLYLOOP((#20134,#20019,#20128,#20131));
#4750=IFCPOLYLOOP((#20131,#20128,#20126));
#4751=IFCPOLYLOOP((#18809,#18808,#20034,#20129));
#4752=IFCPOLYLOOP((#20129,#20034,#20121));
#4753=IFCPOLYLOOP((#20122,#19999,#19998,#20121));
#4754=IFCPOLYLOOP((#20119,#20109,#20114,#20120));
#4755=IFCPOLYLOOP((#18948,#18949,#20115,#20116));
#4756=IFCPOLYLOOP((#20097,#20079,#20006,#20005));
#4757=IFCPOLYLOOP((#18913,#18912,#20006,#20079));
#4758=IFCPOLYLOOP((#18905,#18904,#20092,#20065));
#4759=IFCPOLYLOOP((#18865,#18864,#20002,#20049));
#4760=IFCPOLYLOOP((#18857,#18856,#20012,#20039));
#4761=IFCPOLYLOOP((#18816,#20128,#20019));
#4762=IFCPOLYLOOP((#20018,#20065,#20092,#20015));
#4763=IFCPOLYLOOP((#20014,#20017,#20016,#19997));
#4764=IFCPOLYLOOP((#20011,#20049,#20002,#20001));
#4765=IFCPOLYLOOP((#20008,#20010,#20009,#20005));
#4766=IFCPOLYLOOP((#20004,#20133,#20132,#20001));
#4767=IFCPOLYLOOP((#20000,#20039,#20012,#19997));
#4768=IFCPOLYLOOP((#20135,#20016,#20015));
#4769=IFCPOLYLOOP((#20135,#20136,#19997,#20016));
#4770=IFCPOLYLOOP((#20136,#19998,#19997));
#4771=IFCPOLYLOOP((#20136,#20121,#19998));
#4772=IFCPOLYLOOP((#20015,#20120,#20135));
#4773=IFCPOLYLOOP((#20120,#20137,#20135));
#4774=IFCPOLYLOOP((#20136,#20138,#20121));
#4775=IFCPOLYLOOP((#20139,#20001,#20132));
#4776=IFCPOLYLOOP((#20139,#20009,#20001));
#4777=IFCPOLYLOOP((#20139,#20140,#20005,#20009));
#4778=IFCPOLYLOOP((#20140,#20093,#20005));
#4779=IFCPOLYLOOP((#20132,#20131,#20139));
#4780=IFCPOLYLOOP((#20131,#20141,#20139));
#4781=IFCPOLYLOOP((#20140,#20142,#20093));
#4782=IFCPOLYLOOP((#20042,#20143,#20144,#20043));
#4783=IFCPOLYLOOP((#20038,#20145,#20143,#20042));
#4784=IFCPOLYLOOP((#20037,#20146,#20145,#20038));
#4785=IFCPOLYLOOP((#20040,#20147,#20146,#20037));
#4786=IFCPOLYLOOP((#20039,#20148,#20147,#20040));
#4787=IFCPOLYLOOP((#20000,#20149,#20148,#20039));
#4788=IFCPOLYLOOP((#20044,#20150,#20151,#20045));
#4789=IFCPOLYLOOP((#20048,#20152,#20150,#20044));
#4790=IFCPOLYLOOP((#20047,#20153,#20152,#20048));
#4791=IFCPOLYLOOP((#20043,#20144,#20153,#20047));
#4792=IFCPOLYLOOP((#20003,#20154,#20155,#20004));
#4793=IFCPOLYLOOP((#20036,#20156,#20154,#20003));
#4794=IFCPOLYLOOP((#20035,#20157,#20156,#20036));
#4795=IFCPOLYLOOP((#20041,#20158,#20157,#20035));
#4796=IFCPOLYLOOP((#20046,#20159,#20158,#20041));
#4797=IFCPOLYLOOP((#20045,#20151,#20159,#20046));
#4798=IFCPOLYLOOP((#20160,#20161,#20150,#20152));
#4799=IFCPOLYLOOP((#20152,#20153,#20160));
#4800=IFCPOLYLOOP((#20161,#20155,#20154,#20156,#20157,#20158,#20159,#20151,
#20150));
#4801=IFCPOLYLOOP((#20153,#20144,#20143,#20145,#20146,#20147,#20148,#20149,
#20160));
#4802=IFCPOLYLOOP((#20133,#20004,#20162,#20163));
#4803=IFCPOLYLOOP((#20004,#20155,#20161,#20164));
#4804=IFCPOLYLOOP((#20134,#20133,#20165,#20166));
#4805=IFCPOLYLOOP((#20164,#20162,#20004));
#4806=IFCPOLYLOOP((#20163,#20165,#20133));
#4807=IFCPOLYLOOP((#20166,#20167,#20134));
#4808=IFCPOLYLOOP((#20167,#20168,#20169,#20134));
#4809=IFCPOLYLOOP((#20000,#20170,#20171));
#4810=IFCPOLYLOOP((#20000,#19999,#20172,#20170));
#4811=IFCPOLYLOOP((#20122,#20173,#20174));
#4812=IFCPOLYLOOP((#19999,#20175,#20172));
#4813=IFCPOLYLOOP((#20122,#20176,#20177,#20173));
#4814=IFCPOLYLOOP((#20174,#20175,#19999,#20122));
#4815=IFCPOLYLOOP((#20171,#20160,#20149,#20000));
#4816=IFCPOLYLOOP((#20168,#20177,#20178,#20179));
#4817=IFCPOLYLOOP((#20177,#20180,#20178));
#4818=IFCPOLYLOOP((#20177,#20176,#20181,#20182,#20183,#20184,#20185,#20186,
#20180));
#4819=IFCPOLYLOOP((#20179,#20187,#20188,#20189,#20190,#20191,#20192,#20169,
#20168));
#4820=IFCPOLYLOOP((#20167,#20173,#20177,#20168));
#4821=IFCPOLYLOOP((#20166,#20174,#20173,#20167));
#4822=IFCPOLYLOOP((#20165,#20175,#20174,#20166));
#4823=IFCPOLYLOOP((#20163,#20172,#20175,#20165));
#4824=IFCPOLYLOOP((#20162,#20170,#20172,#20163));
#4825=IFCPOLYLOOP((#20164,#20171,#20170,#20162));
#4826=IFCPOLYLOOP((#20161,#20160,#20171,#20164));
#4827=IFCPOLYLOOP((#20028,#20188,#20187,#20029));
#4828=IFCPOLYLOOP((#20027,#20189,#20188,#20028));
#4829=IFCPOLYLOOP((#20023,#20190,#20189,#20027));
#4830=IFCPOLYLOOP((#20020,#20191,#20190,#20023));
#4831=IFCPOLYLOOP((#20019,#20192,#20191,#20020));
#4832=IFCPOLYLOOP((#20134,#20169,#20192,#20019));
#4833=IFCPOLYLOOP((#20021,#20180,#20186,#20022));
#4834=IFCPOLYLOOP((#20030,#20178,#20180,#20021));
#4835=IFCPOLYLOOP((#20032,#20179,#20178,#20030));
#4836=IFCPOLYLOOP((#20029,#20187,#20179,#20032));
#4837=IFCPOLYLOOP((#20033,#20181,#20176,#20122));
#4838=IFCPOLYLOOP((#20026,#20182,#20181,#20033));
#4839=IFCPOLYLOOP((#20025,#20183,#20182,#20026));
#4840=IFCPOLYLOOP((#20031,#20184,#20183,#20025));
#4841=IFCPOLYLOOP((#20024,#20185,#20184,#20031));
#4842=IFCPOLYLOOP((#20022,#20186,#20185,#20024));
#4843=IFCPOLYLOOP((#20080,#20193,#20194,#20081));
#4844=IFCPOLYLOOP((#20084,#20195,#20193,#20080));
#4845=IFCPOLYLOOP((#20078,#20196,#20195,#20084));
#4846=IFCPOLYLOOP((#20077,#20197,#20196,#20078));
#4847=IFCPOLYLOOP((#20079,#20198,#20197,#20077));
#4848=IFCPOLYLOOP((#20097,#20199,#20198,#20079));
#4849=IFCPOLYLOOP((#20083,#20200,#20201,#20086));
#4850=IFCPOLYLOOP((#20082,#20202,#20200,#20083));
#4851=IFCPOLYLOOP((#20085,#20203,#20202,#20082));
#4852=IFCPOLYLOOP((#20081,#20194,#20203,#20085));
#4853=IFCPOLYLOOP((#20091,#20204,#20205,#20118));
#4854=IFCPOLYLOOP((#20088,#20206,#20204,#20091));
#4855=IFCPOLYLOOP((#20087,#20207,#20206,#20088));
#4856=IFCPOLYLOOP((#20090,#20208,#20207,#20087));
#4857=IFCPOLYLOOP((#20089,#20209,#20208,#20090));
#4858=IFCPOLYLOOP((#20086,#20201,#20209,#20089));
#4859=IFCPOLYLOOP((#20210,#20211,#20202,#20203));
#4860=IFCPOLYLOOP((#20211,#20205,#20204,#20206,#20207,#20208,#20209,#20201,
#20200));
#4861=IFCPOLYLOOP((#20200,#20202,#20211));
#4862=IFCPOLYLOOP((#20203,#20194,#20193,#20195,#20196,#20197,#20198,#20199,
#20210));
#4863=IFCPOLYLOOP((#20096,#20212,#20213));
#4864=IFCPOLYLOOP((#20096,#20214,#20212));
#4865=IFCPOLYLOOP((#20097,#20215,#20216));
#4866=IFCPOLYLOOP((#20096,#20217,#20218,#20214));
#4867=IFCPOLYLOOP((#20213,#20215,#20097,#20096));
#4868=IFCPOLYLOOP((#20216,#20219,#20097));
#4869=IFCPOLYLOOP((#20219,#20210,#20199,#20097));
#4870=IFCPOLYLOOP((#20119,#20220,#20221));
#4871=IFCPOLYLOOP((#20119,#20118,#20222,#20220));
#4872=IFCPOLYLOOP((#20118,#20223,#20224));
#4873=IFCPOLYLOOP((#20221,#20225,#20119));
#4874=IFCPOLYLOOP((#20118,#20205,#20211,#20223));
#4875=IFCPOLYLOOP((#20224,#20222,#20118));
#4876=IFCPOLYLOOP((#20225,#20226,#20227,#20119));
#4877=IFCPOLYLOOP((#20226,#20228,#20229));
#4878=IFCPOLYLOOP((#20226,#20218,#20230,#20228));
#4879=IFCPOLYLOOP((#20218,#20217,#20231,#20232,#20233,#20234,#20235,#20236,
#20230));
#4880=IFCPOLYLOOP((#20229,#20237,#20238,#20239,#20240,#20241,#20242,#20227,
#20226));
#4881=IFCPOLYLOOP((#20219,#20223,#20211,#20210));
#4882=IFCPOLYLOOP((#20216,#20224,#20223,#20219));
#4883=IFCPOLYLOOP((#20215,#20222,#20224,#20216));
#4884=IFCPOLYLOOP((#20213,#20220,#20222,#20215));
#4885=IFCPOLYLOOP((#20212,#20221,#20220,#20213));
#4886=IFCPOLYLOOP((#20214,#20225,#20221,#20212));
#4887=IFCPOLYLOOP((#20218,#20226,#20225,#20214));
#4888=IFCPOLYLOOP((#20102,#20238,#20237,#20103));
#4889=IFCPOLYLOOP((#20108,#20239,#20238,#20102));
#4890=IFCPOLYLOOP((#20107,#20240,#20239,#20108));
#4891=IFCPOLYLOOP((#20110,#20241,#20240,#20107));
#4892=IFCPOLYLOOP((#20109,#20242,#20241,#20110));
#4893=IFCPOLYLOOP((#20119,#20227,#20242,#20109));
#4894=IFCPOLYLOOP((#20105,#20230,#20236,#20106));
#4895=IFCPOLYLOOP((#20104,#20228,#20230,#20105));
#4896=IFCPOLYLOOP((#20111,#20229,#20228,#20104));
#4897=IFCPOLYLOOP((#20103,#20237,#20229,#20111));
#4898=IFCPOLYLOOP((#20095,#20231,#20217,#20096));
#4899=IFCPOLYLOOP((#20099,#20232,#20231,#20095));
#4900=IFCPOLYLOOP((#20098,#20233,#20232,#20099));
#4901=IFCPOLYLOOP((#20101,#20234,#20233,#20098));
#4902=IFCPOLYLOOP((#20100,#20235,#20234,#20101));
#4903=IFCPOLYLOOP((#20106,#20236,#20235,#20100));
#4904=IFCPOLYLOOP((#20073,#20243,#20244,#20074));
#4905=IFCPOLYLOOP((#20076,#20245,#20243,#20073));
#4906=IFCPOLYLOOP((#20072,#20246,#20245,#20076));
#4907=IFCPOLYLOOP((#20070,#20247,#20246,#20072));
#4908=IFCPOLYLOOP((#20007,#20248,#20249,#20008));
#4909=IFCPOLYLOOP((#20075,#20250,#20248,#20007));
#4910=IFCPOLYLOOP((#20068,#20251,#20250,#20075));
#4911=IFCPOLYLOOP((#20067,#20252,#20251,#20068));
#4912=IFCPOLYLOOP((#20071,#20253,#20252,#20067));
#4913=IFCPOLYLOOP((#20074,#20244,#20253,#20071));
#4914=IFCPOLYLOOP((#20069,#20254,#20247,#20070));
#4915=IFCPOLYLOOP((#20064,#20255,#20254,#20069));
#4916=IFCPOLYLOOP((#20063,#20256,#20255,#20064));
#4917=IFCPOLYLOOP((#20066,#20257,#20256,#20063));
#4918=IFCPOLYLOOP((#20065,#20258,#20257,#20066));
#4919=IFCPOLYLOOP((#20018,#20259,#20258,#20065));
#4920=IFCPOLYLOOP((#20260,#20245,#20246));
#4921=IFCPOLYLOOP((#20260,#20261,#20243,#20245));
#4922=IFCPOLYLOOP((#20261,#20249,#20248,#20250,#20251,#20252,#20253,#20244,
#20243));
#4923=IFCPOLYLOOP((#20246,#20247,#20254,#20255,#20256,#20257,#20258,#20259,
#20260));
#4924=IFCPOLYLOOP((#20010,#20008,#20262,#20263));
#4925=IFCPOLYLOOP((#20011,#20010,#20264,#20265));
#4926=IFCPOLYLOOP((#20008,#20266,#20262));
#4927=IFCPOLYLOOP((#20263,#20264,#20010));
#4928=IFCPOLYLOOP((#20008,#20249,#20261,#20266));
#4929=IFCPOLYLOOP((#20265,#20267,#20011));
#4930=IFCPOLYLOOP((#20267,#20268,#20269,#20011));
#4931=IFCPOLYLOOP((#20018,#20017,#20270,#20271));
#4932=IFCPOLYLOOP((#20017,#20272,#20270));
#4933=IFCPOLYLOOP((#20271,#20273,#20018));
#4934=IFCPOLYLOOP((#20014,#20274,#20275));
#4935=IFCPOLYLOOP((#20275,#20272,#20017,#20014));
#4936=IFCPOLYLOOP((#20014,#20276,#20277,#20274));
#4937=IFCPOLYLOOP((#20273,#20260,#20259,#20018));
#4938=IFCPOLYLOOP((#20268,#20277,#20278,#20279));
#4939=IFCPOLYLOOP((#20277,#20276,#20280,#20281,#20282,#20283,#20284,#20285,
#20286));
#4940=IFCPOLYLOOP((#20286,#20278,#20277));
#4941=IFCPOLYLOOP((#20279,#20287,#20288,#20289,#20290,#20291,#20292,#20269,
#20268));
#4942=IFCPOLYLOOP((#20267,#20274,#20277,#20268));
#4943=IFCPOLYLOOP((#20265,#20275,#20274,#20267));
#4944=IFCPOLYLOOP((#20264,#20272,#20275,#20265));
#4945=IFCPOLYLOOP((#20263,#20270,#20272,#20264));
#4946=IFCPOLYLOOP((#20262,#20271,#20270,#20263));
#4947=IFCPOLYLOOP((#20266,#20273,#20271,#20262));
#4948=IFCPOLYLOOP((#20261,#20260,#20273,#20266));
#4949=IFCPOLYLOOP((#20055,#20288,#20287,#20056));
#4950=IFCPOLYLOOP((#20054,#20289,#20288,#20055));
#4951=IFCPOLYLOOP((#20051,#20290,#20289,#20054));
#4952=IFCPOLYLOOP((#20050,#20291,#20290,#20051));
#4953=IFCPOLYLOOP((#20049,#20292,#20291,#20050));
#4954=IFCPOLYLOOP((#20011,#20269,#20292,#20049));
#4955=IFCPOLYLOOP((#20059,#20286,#20285,#20060));
#4956=IFCPOLYLOOP((#20062,#20278,#20286,#20059));
#4957=IFCPOLYLOOP((#20058,#20279,#20278,#20062));
#4958=IFCPOLYLOOP((#20056,#20287,#20279,#20058));
#4959=IFCPOLYLOOP((#20013,#20280,#20276,#20014));
#4960=IFCPOLYLOOP((#20057,#20281,#20280,#20013));
#4961=IFCPOLYLOOP((#20053,#20282,#20281,#20057));
#4962=IFCPOLYLOOP((#20052,#20283,#20282,#20053));
#4963=IFCPOLYLOOP((#20061,#20284,#20283,#20052));
#4964=IFCPOLYLOOP((#20060,#20285,#20284,#20061));
#4965=IFCPOLYLOOP((#20112,#20293,#20294));
#4966=IFCPOLYLOOP((#20294,#20113,#20112));
#4967=IFCPOLYLOOP((#20117,#20116,#20295));
#4968=IFCPOLYLOOP((#20116,#20296,#20297,#20295));
#4969=IFCPOLYLOOP((#20137,#20120,#20114,#20298));
#4970=IFCPOLYLOOP((#20298,#20114,#20117,#20299));
#4971=IFCPOLYLOOP((#20295,#20299,#20117));
#4972=IFCPOLYLOOP((#20294,#20300,#20301,#20113));
#4973=IFCPOLYLOOP((#20293,#20112,#20094,#20302));
#4974=IFCPOLYLOOP((#20302,#20094,#20093,#20142));
#4975=IFCPOLYLOOP((#20303,#20115,#20113,#20301));
#4976=IFCPOLYLOOP((#20296,#20116,#20115,#20303));
#4977=IFCPOLYLOOP((#20304,#20305,#20306,#20307));
#4978=IFCPOLYLOOP((#20308,#20309,#20305,#20304));
#4979=IFCPOLYLOOP((#20310,#20311,#20309,#20308));
#4980=IFCPOLYLOOP((#20312,#20313,#20311,#20310));
#4981=IFCPOLYLOOP((#20314,#20315,#20313,#20312));
#4982=IFCPOLYLOOP((#20300,#20294,#20315,#20314));
#4983=IFCPOLYLOOP((#20316,#20317,#20295,#20297));
#4984=IFCPOLYLOOP((#20318,#20319,#20317,#20316));
#4985=IFCPOLYLOOP((#20320,#20321,#20319,#20318));
#4986=IFCPOLYLOOP((#20322,#20323,#20321,#20320));
#4987=IFCPOLYLOOP((#20324,#20325,#20323,#20322));
#4988=IFCPOLYLOOP((#20326,#20327,#20325,#20324));
#4989=IFCPOLYLOOP((#20328,#20329,#20303,#20301));
#4990=IFCPOLYLOOP((#20329,#20326,#20324,#20322,#20320,#20318,#20316,#20297,
#20296));
#4991=IFCPOLYLOOP((#20296,#20303,#20329));
#4992=IFCPOLYLOOP((#20301,#20300,#20314,#20312,#20310,#20308,#20304,#20307,
#20328));
#4993=IFCPOLYLOOP((#20306,#20330,#20331));
#4994=IFCPOLYLOOP((#20306,#20332,#20333,#20330));
#4995=IFCPOLYLOOP((#20332,#20334,#20333));
#4996=IFCPOLYLOOP((#20331,#20328,#20307,#20306));
#4997=IFCPOLYLOOP((#20327,#20326,#20329,#20335));
#4998=IFCPOLYLOOP((#20335,#20336,#20327));
#4999=IFCPOLYLOOP((#20336,#20337,#20338,#20327));
#5000=IFCPOLYLOOP((#20337,#20339,#20338));
#5001=IFCPOLYLOOP((#20331,#20335,#20329,#20328));
#5002=IFCPOLYLOOP((#20330,#20336,#20335,#20331));
#5003=IFCPOLYLOOP((#20333,#20337,#20336,#20330));
#5004=IFCPOLYLOOP((#20334,#20339,#20337,#20333));
#5005=IFCPOLYLOOP((#20125,#20130,#20340));
#5006=IFCPOLYLOOP((#20130,#20341,#20342,#20340));
#5007=IFCPOLYLOOP((#20123,#20343,#20344));
#5008=IFCPOLYLOOP((#20344,#20124,#20123));
#5009=IFCPOLYLOOP((#20344,#20345,#20346,#20124));
#5010=IFCPOLYLOOP((#20343,#20123,#20129,#20347));
#5011=IFCPOLYLOOP((#20347,#20129,#20121,#20138));
#5012=IFCPOLYLOOP((#20141,#20131,#20126,#20348));
#5013=IFCPOLYLOOP((#20348,#20126,#20125,#20349));
#5014=IFCPOLYLOOP((#20340,#20349,#20125));
#5015=IFCPOLYLOOP((#20350,#20127,#20124,#20346));
#5016=IFCPOLYLOOP((#20341,#20130,#20127,#20350));
#5017=IFCPOLYLOOP((#20351,#20352,#20340,#20342));
#5018=IFCPOLYLOOP((#20353,#20354,#20352,#20351));
#5019=IFCPOLYLOOP((#20355,#20356,#20354,#20353));
#5020=IFCPOLYLOOP((#20357,#20358,#20356,#20355));
#5021=IFCPOLYLOOP((#20359,#20360,#20358,#20357));
#5022=IFCPOLYLOOP((#20361,#20362,#20360,#20359));
#5023=IFCPOLYLOOP((#20363,#20364,#20365,#20366));
#5024=IFCPOLYLOOP((#20367,#20368,#20364,#20363));
#5025=IFCPOLYLOOP((#20369,#20370,#20368,#20367));
#5026=IFCPOLYLOOP((#20371,#20372,#20370,#20369));
#5027=IFCPOLYLOOP((#20373,#20374,#20372,#20371));
#5028=IFCPOLYLOOP((#20345,#20344,#20374,#20373));
#5029=IFCPOLYLOOP((#20375,#20376,#20350,#20346));
#5030=IFCPOLYLOOP((#20376,#20361,#20359,#20357,#20355,#20353,#20351,#20342,
#20341));
#5031=IFCPOLYLOOP((#20341,#20350,#20376));
#5032=IFCPOLYLOOP((#20346,#20345,#20373,#20371,#20369,#20367,#20363,#20366,
#20375));
#5033=IFCPOLYLOOP((#20377,#20362,#20378,#20379));
#5034=IFCPOLYLOOP((#20362,#20361,#20376,#20380));
#5035=IFCPOLYLOOP((#20380,#20378,#20362));
#5036=IFCPOLYLOOP((#20379,#20381,#20377));
#5037=IFCPOLYLOOP((#20365,#20382,#20383));
#5038=IFCPOLYLOOP((#20365,#20384,#20385,#20382));
#5039=IFCPOLYLOOP((#20384,#20386,#20385));
#5040=IFCPOLYLOOP((#20383,#20375,#20366,#20365));
#5041=IFCPOLYLOOP((#20379,#20385,#20386,#20381));
#5042=IFCPOLYLOOP((#20378,#20382,#20385,#20379));
#5043=IFCPOLYLOOP((#20380,#20383,#20382,#20378));
#5044=IFCPOLYLOOP((#20376,#20375,#20383,#20380));
#5045=IFCPOLYLOOP((#17851,#17850,#18175));
#5046=IFCPOLYLOOP((#20387,#20388,#18215,#18217));
#5047=IFCPOLYLOOP((#20388,#18195,#18215));
#5048=IFCPOLYLOOP((#15788,#20389,#18237,#18220));
#5049=IFCPOLYLOOP((#20390,#17617,#17470));
#5050=IFCPOLYLOOP((#20391,#20390,#20392,#20393));
#5051=IFCPOLYLOOP((#17470,#20392,#20390));
#5052=IFCPOLYLOOP((#17470,#17469,#20394,#20392));
#5053=IFCPOLYLOOP((#17469,#20395,#20396,#20394));
#5054=IFCPOLYLOOP((#20397,#20398,#17472));
#5055=IFCPOLYLOOP((#20398,#20399,#17473,#17472));
#5056=IFCPOLYLOOP((#17472,#17785,#20397));
#5057=IFCPOLYLOOP((#20397,#20400,#20401,#20398));
#5058=IFCPOLYLOOP((#20400,#20395,#20402,#20401));
#5059=IFCPOLYLOOP((#20403,#20404,#20405,#20406));
#5060=IFCPOLYLOOP((#20407,#15798,#15797));
#5061=IFCPOLYLOOP((#20404,#20407,#20408,#20405));
#5062=IFCPOLYLOOP((#15797,#20408,#20407));
#5063=IFCPOLYLOOP((#15797,#15900,#20409,#20408));
#5064=IFCPOLYLOOP((#20410,#20411,#15952));
#5065=IFCPOLYLOOP((#20411,#20412,#15862,#15952));
#5066=IFCPOLYLOOP((#20410,#20413,#20414,#20411));
#5067=IFCPOLYLOOP((#20413,#20403,#20415,#20414));
#5068=IFCPOLYLOOP((#20403,#15900,#15862,#20412,#20415));
#5069=IFCPOLYLOOP((#19996,#16269,#16268));
#5070=IFCPOLYLOOP((#16268,#16326,#18076,#19991,#19996));
#5071=IFCPOLYLOOP((#18076,#18075,#19990,#19991));
#5072=IFCPOLYLOOP((#19957,#20410,#19994,#19975));
#5073=IFCPOLYLOOP((#19957,#19980,#19982));
#5074=IFCPOLYLOOP((#19975,#19974,#19957));
#5075=IFCPOLYLOOP((#19982,#19984,#19953,#19957));
#5076=IFCPOLYLOOP((#19974,#19978,#19957));
#5077=IFCPOLYLOOP((#20410,#19957,#19752));
#5078=IFCPOLYLOOP((#19978,#19980,#19957));
#5079=IFCPOLYLOOP((#19984,#19954,#19953));
#5080=IFCPOLYLOOP((#19908,#19935,#19937));
#5081=IFCPOLYLOOP((#19908,#19933,#19935));
#5082=IFCPOLYLOOP((#19908,#19909,#19927,#19929));
#5083=IFCPOLYLOOP((#19908,#19931,#19933));
#5084=IFCPOLYLOOP((#19909,#19905,#19927));
#5085=IFCPOLYLOOP((#19929,#19931,#19908));
#5086=IFCPOLYLOOP((#20390,#20391,#19749,#19751));
#5087=IFCPOLYLOOP((#19751,#19908,#20390));
#5088=IFCPOLYLOOP((#19949,#19944,#18031,#17678,#17627));
#5089=IFCPOLYLOOP((#17627,#17626,#19949));
#5090=IFCPOLYLOOP((#17626,#20390,#19945,#19949));
#5091=IFCPOLYLOOP((#19912,#18051,#19942,#19916));
#5092=IFCPOLYLOOP((#19912,#19921,#19923));
#5093=IFCPOLYLOOP((#19916,#19915,#19912));
#5094=IFCPOLYLOOP((#19923,#19925,#19903,#19912));
#5095=IFCPOLYLOOP((#19915,#19919,#19912));
#5096=IFCPOLYLOOP((#18030,#18051,#19912,#19748));
#5097=IFCPOLYLOOP((#19919,#19921,#19912));
#5098=IFCPOLYLOOP((#19925,#19904,#19903));
#5099=IFCPOLYLOOP((#19958,#19970,#19972));
#5100=IFCPOLYLOOP((#19958,#19968,#19970));
#5101=IFCPOLYLOOP((#19958,#19959,#19962,#19964));
#5102=IFCPOLYLOOP((#19958,#19966,#19968));
#5103=IFCPOLYLOOP((#19959,#19950,#19962));
#5104=IFCPOLYLOOP((#19964,#19966,#19958));
#5105=IFCPOLYLOOP((#18070,#18069,#19745,#19747));
#5106=IFCPOLYLOOP((#19747,#19958,#18075,#18070));
#5107=IFCPOLYLOOP((#20339,#20334,#15788,#15772));
#5108=IFCPOLYLOOP((#15772,#15785,#20339));
#5109=IFCPOLYLOOP((#15785,#20407,#20338,#20339));
#5110=IFCPOLYLOOP((#20302,#20389,#20332,#20306));
#5111=IFCPOLYLOOP((#20302,#20311,#20313));
#5112=IFCPOLYLOOP((#20306,#20305,#20302));
#5113=IFCPOLYLOOP((#20313,#20315,#20293,#20302));
#5114=IFCPOLYLOOP((#20305,#20309,#20302));
#5115=IFCPOLYLOOP((#20389,#20302,#20142));
#5116=IFCPOLYLOOP((#20309,#20311,#20302));
#5117=IFCPOLYLOOP((#20315,#20294,#20293));
#5118=IFCPOLYLOOP((#20348,#20356,#20358));
#5119=IFCPOLYLOOP((#20348,#20349,#20352,#20354));
#5120=IFCPOLYLOOP((#20348,#20360,#20362));
#5121=IFCPOLYLOOP((#20354,#20356,#20348));
#5122=IFCPOLYLOOP((#20358,#20360,#20348));
#5123=IFCPOLYLOOP((#20349,#20340,#20352));
#5124=IFCPOLYLOOP((#20416,#20388,#20139,#20141));
#5125=IFCPOLYLOOP((#20141,#20348,#20416));
#5126=IFCPOLYLOOP((#20386,#17800,#17799));
#5127=IFCPOLYLOOP((#17799,#17851,#20381,#20386));
#5128=IFCPOLYLOOP((#17851,#20416,#20377,#20381));
#5129=IFCPOLYLOOP((#20347,#20364,#20368));
#5130=IFCPOLYLOOP((#20368,#20370,#20347));
#5131=IFCPOLYLOOP((#20347,#20397,#20384,#20365));
#5132=IFCPOLYLOOP((#20343,#20347,#20372,#20374));
#5133=IFCPOLYLOOP((#20365,#20364,#20347));
#5134=IFCPOLYLOOP((#20397,#20347,#20138));
#5135=IFCPOLYLOOP((#20370,#20372,#20347));
#5136=IFCPOLYLOOP((#20374,#20344,#20343));
#5137=IFCPOLYLOOP((#20298,#20325,#20327));
#5138=IFCPOLYLOOP((#20298,#20323,#20325));
#5139=IFCPOLYLOOP((#20298,#20321,#20323));
#5140=IFCPOLYLOOP((#20298,#20299,#20317,#20319));
#5141=IFCPOLYLOOP((#20319,#20321,#20298));
#5142=IFCPOLYLOOP((#20299,#20295,#20317));
#5143=IFCPOLYLOOP((#20407,#20404,#20135,#20137));
#5144=IFCPOLYLOOP((#20137,#20298,#20407));
#5145=IFCPOLYLOOP((#20400,#20404,#16246,#16820));
#5146=IFCPOLYLOOP((#20404,#20403,#16247,#16246));
#5147=IFCPOLYLOOP((#20391,#20395,#16825,#16424));
#5148=IFCPOLYLOOP((#16424,#16248,#20413,#20391));
#5149=IFCPOLYLOOP((#16248,#16247,#20403,#20413));
#5150=IFCPOLYLOOP((#16820,#16825,#20395,#20400));
#5151=IFCPOLYLOOP((#20327,#20338,#20407,#20298));
#5152=IFCPOLYLOOP((#20135,#20404,#20400,#20136));
#5153=IFCPOLYLOOP((#20138,#20136,#20400,#20397));
#5154=IFCPOLYLOOP((#20386,#20384,#20397,#17800));
#5155=IFCPOLYLOOP((#20362,#20377,#20416,#20348));
#5156=IFCPOLYLOOP((#20139,#20388,#20387,#20140));
#5157=IFCPOLYLOOP((#20142,#20140,#20387,#20389));
#5158=IFCPOLYLOOP((#20334,#20332,#20389,#15788));
#5159=IFCPOLYLOOP((#19972,#19990,#18075,#19958));
#5160=IFCPOLYLOOP((#19745,#18069,#18073,#19746));
#5161=IFCPOLYLOOP((#19748,#19746,#18073,#18030));
#5162=IFCPOLYLOOP((#19944,#19942,#18051,#18031));
#5163=IFCPOLYLOOP((#19937,#19945,#20390,#19908));
#5164=IFCPOLYLOOP((#19749,#20391,#20413,#19750));
#5165=IFCPOLYLOOP((#19752,#19750,#20413,#20410));
#5166=IFCPOLYLOOP((#19996,#19994,#20410,#16269));
#5167=IFCPOLYLOOP((#16264,#16269,#20410,#16251));
#5168=IFCPOLYLOOP((#15952,#16251,#20410));
#5169=IFCPOLYLOOP((#20406,#20409,#15900,#20403));
#5170=IFCPOLYLOOP((#15798,#20407,#15785,#15784));
#5171=IFCPOLYLOOP((#17795,#17800,#20397,#17785));
#5172=IFCPOLYLOOP((#20399,#20402,#20395,#17469,#17473));
#5173=IFCPOLYLOOP((#20393,#20396,#20395,#20391));
#5174=IFCPOLYLOOP((#17617,#20390,#17626,#17619));
#5175=IFCPOLYLOOP((#18220,#15789,#15788));
#5176=IFCPOLYLOOP((#20389,#20387,#18219,#18237));
#5177=IFCPOLYLOOP((#18217,#18219,#20387));
#5178=IFCPOLYLOOP((#20388,#20416,#18197,#18195));
#5179=IFCPOLYLOOP((#18175,#18197,#20416,#17851));
#5180=IFCPOLYLOOP((#20398,#20417,#20418));
#5181=IFCPOLYLOOP((#20398,#20419,#20420,#20421));
#5182=IFCPOLYLOOP((#20421,#20417,#20398));
#5183=IFCPOLYLOOP((#20418,#20399,#20398));
#5184=IFCPOLYLOOP((#20401,#20422,#20423));
#5185=IFCPOLYLOOP((#20401,#20424,#20422));
#5186=IFCPOLYLOOP((#20401,#20402,#20424));
#5187=IFCPOLYLOOP((#20423,#20425,#20426,#20401));
#5188=IFCPOLYLOOP((#20418,#20424,#20402,#20399));
#5189=IFCPOLYLOOP((#20417,#20422,#20424,#20418));
#5190=IFCPOLYLOOP((#20421,#20423,#20422,#20417));
#5191=IFCPOLYLOOP((#20420,#20425,#20423,#20421));
#5192=IFCPOLYLOOP((#20419,#20426,#20425,#20420));
#5193=IFCPOLYLOOP((#20398,#20401,#20426,#20419));
#5194=IFCPOLYLOOP((#20392,#20427,#20428));
#5195=IFCPOLYLOOP((#20392,#20394,#20427));
#5196=IFCPOLYLOOP((#20428,#20429,#20392));
#5197=IFCPOLYLOOP((#20429,#20430,#20431,#20392));
#5198=IFCPOLYLOOP((#20393,#20432,#20433));
#5199=IFCPOLYLOOP((#20433,#20434,#20393));
#5200=IFCPOLYLOOP((#20393,#20435,#20436,#20432));
#5201=IFCPOLYLOOP((#20434,#20396,#20393));
#5202=IFCPOLYLOOP((#20429,#20432,#20436,#20430));
#5203=IFCPOLYLOOP((#20428,#20433,#20432,#20429));
#5204=IFCPOLYLOOP((#20427,#20434,#20433,#20428));
#5205=IFCPOLYLOOP((#20394,#20396,#20434,#20427));
#5206=IFCPOLYLOOP((#20430,#20436,#20435,#20431));
#5207=IFCPOLYLOOP((#20431,#20435,#20393,#20392));
#5208=IFCPOLYLOOP((#20408,#20437,#20438));
#5209=IFCPOLYLOOP((#20408,#20409,#20439));
#5210=IFCPOLYLOOP((#20439,#20437,#20408));
#5211=IFCPOLYLOOP((#20438,#20440,#20441,#20408));
#5212=IFCPOLYLOOP((#20405,#20442,#20443));
#5213=IFCPOLYLOOP((#20405,#20444,#20445,#20446));
#5214=IFCPOLYLOOP((#20446,#20442,#20405));
#5215=IFCPOLYLOOP((#20443,#20406,#20405));
#5216=IFCPOLYLOOP((#20438,#20446,#20445,#20440));
#5217=IFCPOLYLOOP((#20437,#20442,#20446,#20438));
#5218=IFCPOLYLOOP((#20439,#20443,#20442,#20437));
#5219=IFCPOLYLOOP((#20409,#20406,#20443,#20439));
#5220=IFCPOLYLOOP((#20440,#20445,#20444,#20441));
#5221=IFCPOLYLOOP((#20441,#20444,#20405,#20408));
#5222=IFCPOLYLOOP((#20411,#20414,#20447,#20448));
#5223=IFCPOLYLOOP((#20448,#20447,#20449,#20450));
#5224=IFCPOLYLOOP((#20451,#20452,#20415,#20412));
#5225=IFCPOLYLOOP((#20453,#20454,#20452,#20451));
#5226=IFCPOLYLOOP((#20455,#20456,#20454,#20453));
#5227=IFCPOLYLOOP((#20450,#20449,#20456,#20455));
#5228=IFCPOLYLOOP((#20414,#20454,#20456));
#5229=IFCPOLYLOOP((#20414,#20452,#20454));
#5230=IFCPOLYLOOP((#20414,#20415,#20452));
#5231=IFCPOLYLOOP((#20456,#20449,#20447,#20414));
#5232=IFCPOLYLOOP((#20411,#20453,#20451));
#5233=IFCPOLYLOOP((#20411,#20448,#20450,#20455));
#5234=IFCPOLYLOOP((#20455,#20453,#20411));
#5235=IFCPOLYLOOP((#20451,#20412,#20411));
#5236=IFCFACEOUTERBOUND(#26,.T.);
#5237=IFCFACEOUTERBOUND(#27,.T.);
#5238=IFCFACEOUTERBOUND(#28,.T.);
#5239=IFCFACEOUTERBOUND(#29,.T.);
#5240=IFCFACEOUTERBOUND(#30,.T.);
#5241=IFCFACEOUTERBOUND(#31,.T.);
#5242=IFCFACEOUTERBOUND(#32,.T.);
#5243=IFCFACEOUTERBOUND(#33,.T.);
#5244=IFCFACEOUTERBOUND(#34,.T.);
#5245=IFCFACEOUTERBOUND(#35,.T.);
#5246=IFCFACEOUTERBOUND(#36,.T.);
#5247=IFCFACEOUTERBOUND(#37,.T.);
#5248=IFCFACEOUTERBOUND(#38,.T.);
#5249=IFCFACEOUTERBOUND(#39,.T.);
#5250=IFCFACEOUTERBOUND(#40,.T.);
#5251=IFCFACEOUTERBOUND(#41,.T.);
#5252=IFCFACEOUTERBOUND(#42,.T.);
#5253=IFCFACEOUTERBOUND(#43,.T.);
#5254=IFCFACEOUTERBOUND(#44,.T.);
#5255=IFCFACEOUTERBOUND(#45,.T.);
#5256=IFCFACEOUTERBOUND(#46,.T.);
#5257=IFCFACEOUTERBOUND(#47,.T.);
#5258=IFCFACEOUTERBOUND(#48,.T.);
#5259=IFCFACEOUTERBOUND(#49,.T.);
#5260=IFCFACEOUTERBOUND(#50,.T.);
#5261=IFCFACEOUTERBOUND(#51,.T.);
#5262=IFCFACEOUTERBOUND(#52,.T.);
#5263=IFCFACEOUTERBOUND(#53,.T.);
#5264=IFCFACEOUTERBOUND(#54,.T.);
#5265=IFCFACEOUTERBOUND(#55,.T.);
#5266=IFCFACEOUTERBOUND(#56,.T.);
#5267=IFCFACEOUTERBOUND(#57,.T.);
#5268=IFCFACEOUTERBOUND(#58,.T.);
#5269=IFCFACEOUTERBOUND(#59,.T.);
#5270=IFCFACEOUTERBOUND(#60,.T.);
#5271=IFCFACEOUTERBOUND(#61,.T.);
#5272=IFCFACEOUTERBOUND(#62,.T.);
#5273=IFCFACEOUTERBOUND(#63,.T.);
#5274=IFCFACEOUTERBOUND(#64,.T.);
#5275=IFCFACEOUTERBOUND(#65,.T.);
#5276=IFCFACEOUTERBOUND(#66,.T.);
#5277=IFCFACEOUTERBOUND(#67,.T.);
#5278=IFCFACEOUTERBOUND(#68,.T.);
#5279=IFCFACEOUTERBOUND(#69,.T.);
#5280=IFCFACEOUTERBOUND(#70,.T.);
#5281=IFCFACEOUTERBOUND(#71,.T.);
#5282=IFCFACEOUTERBOUND(#72,.T.);
#5283=IFCFACEOUTERBOUND(#73,.T.);
#5284=IFCFACEOUTERBOUND(#74,.T.);
#5285=IFCFACEOUTERBOUND(#75,.T.);
#5286=IFCFACEOUTERBOUND(#76,.T.);
#5287=IFCFACEOUTERBOUND(#77,.T.);
#5288=IFCFACEOUTERBOUND(#78,.T.);
#5289=IFCFACEOUTERBOUND(#79,.T.);
#5290=IFCFACEOUTERBOUND(#80,.T.);
#5291=IFCFACEOUTERBOUND(#81,.T.);
#5292=IFCFACEOUTERBOUND(#82,.T.);
#5293=IFCFACEOUTERBOUND(#83,.T.);
#5294=IFCFACEOUTERBOUND(#84,.T.);
#5295=IFCFACEOUTERBOUND(#85,.T.);
#5296=IFCFACEOUTERBOUND(#86,.T.);
#5297=IFCFACEOUTERBOUND(#87,.T.);
#5298=IFCFACEOUTERBOUND(#88,.T.);
#5299=IFCFACEOUTERBOUND(#89,.T.);
#5300=IFCFACEOUTERBOUND(#90,.T.);
#5301=IFCFACEOUTERBOUND(#91,.T.);
#5302=IFCFACEOUTERBOUND(#92,.T.);
#5303=IFCFACEOUTERBOUND(#93,.T.);
#5304=IFCFACEOUTERBOUND(#94,.T.);
#5305=IFCFACEOUTERBOUND(#95,.T.);
#5306=IFCFACEOUTERBOUND(#96,.T.);
#5307=IFCFACEOUTERBOUND(#97,.T.);
#5308=IFCFACEOUTERBOUND(#98,.T.);
#5309=IFCFACEOUTERBOUND(#99,.T.);
#5310=IFCFACEOUTERBOUND(#100,.T.);
#5311=IFCFACEOUTERBOUND(#101,.T.);
#5312=IFCFACEOUTERBOUND(#102,.T.);
#5313=IFCFACEOUTERBOUND(#103,.T.);
#5314=IFCFACEOUTERBOUND(#104,.T.);
#5315=IFCFACEOUTERBOUND(#105,.T.);
#5316=IFCFACEOUTERBOUND(#106,.T.);
#5317=IFCFACEOUTERBOUND(#107,.T.);
#5318=IFCFACEOUTERBOUND(#108,.T.);
#5319=IFCFACEOUTERBOUND(#109,.T.);
#5320=IFCFACEOUTERBOUND(#110,.T.);
#5321=IFCFACEOUTERBOUND(#111,.T.);
#5322=IFCFACEOUTERBOUND(#112,.T.);
#5323=IFCFACEOUTERBOUND(#113,.T.);
#5324=IFCFACEOUTERBOUND(#114,.T.);
#5325=IFCFACEOUTERBOUND(#115,.T.);
#5326=IFCFACEOUTERBOUND(#116,.T.);
#5327=IFCFACEOUTERBOUND(#117,.T.);
#5328=IFCFACEOUTERBOUND(#118,.T.);
#5329=IFCFACEOUTERBOUND(#119,.T.);
#5330=IFCFACEOUTERBOUND(#120,.T.);
#5331=IFCFACEOUTERBOUND(#121,.T.);
#5332=IFCFACEOUTERBOUND(#122,.T.);
#5333=IFCFACEOUTERBOUND(#123,.T.);
#5334=IFCFACEOUTERBOUND(#124,.T.);
#5335=IFCFACEOUTERBOUND(#125,.T.);
#5336=IFCFACEOUTERBOUND(#126,.T.);
#5337=IFCFACEOUTERBOUND(#127,.T.);
#5338=IFCFACEOUTERBOUND(#128,.T.);
#5339=IFCFACEOUTERBOUND(#129,.T.);
#5340=IFCFACEOUTERBOUND(#130,.T.);
#5341=IFCFACEOUTERBOUND(#131,.T.);
#5342=IFCFACEOUTERBOUND(#132,.T.);
#5343=IFCFACEOUTERBOUND(#133,.T.);
#5344=IFCFACEOUTERBOUND(#134,.T.);
#5345=IFCFACEOUTERBOUND(#135,.T.);
#5346=IFCFACEOUTERBOUND(#136,.T.);
#5347=IFCFACEOUTERBOUND(#137,.T.);
#5348=IFCFACEOUTERBOUND(#138,.T.);
#5349=IFCFACEOUTERBOUND(#139,.T.);
#5350=IFCFACEOUTERBOUND(#140,.T.);
#5351=IFCFACEOUTERBOUND(#141,.T.);
#5352=IFCFACEOUTERBOUND(#142,.T.);
#5353=IFCFACEOUTERBOUND(#143,.T.);
#5354=IFCFACEOUTERBOUND(#144,.T.);
#5355=IFCFACEOUTERBOUND(#145,.T.);
#5356=IFCFACEOUTERBOUND(#146,.T.);
#5357=IFCFACEOUTERBOUND(#147,.T.);
#5358=IFCFACEOUTERBOUND(#148,.T.);
#5359=IFCFACEOUTERBOUND(#149,.T.);
#5360=IFCFACEOUTERBOUND(#150,.T.);
#5361=IFCFACEOUTERBOUND(#151,.T.);
#5362=IFCFACEOUTERBOUND(#152,.T.);
#5363=IFCFACEOUTERBOUND(#153,.T.);
#5364=IFCFACEOUTERBOUND(#154,.T.);
#5365=IFCFACEOUTERBOUND(#155,.T.);
#5366=IFCFACEOUTERBOUND(#156,.T.);
#5367=IFCFACEOUTERBOUND(#157,.T.);
#5368=IFCFACEOUTERBOUND(#158,.T.);
#5369=IFCFACEOUTERBOUND(#159,.T.);
#5370=IFCFACEOUTERBOUND(#160,.T.);
#5371=IFCFACEOUTERBOUND(#161,.T.);
#5372=IFCFACEOUTERBOUND(#162,.T.);
#5373=IFCFACEOUTERBOUND(#163,.T.);
#5374=IFCFACEOUTERBOUND(#164,.T.);
#5375=IFCFACEOUTERBOUND(#165,.T.);
#5376=IFCFACEOUTERBOUND(#166,.T.);
#5377=IFCFACEOUTERBOUND(#167,.T.);
#5378=IFCFACEOUTERBOUND(#168,.T.);
#5379=IFCFACEOUTERBOUND(#169,.T.);
#5380=IFCFACEOUTERBOUND(#170,.T.);
#5381=IFCFACEOUTERBOUND(#171,.T.);
#5382=IFCFACEOUTERBOUND(#172,.T.);
#5383=IFCFACEOUTERBOUND(#173,.T.);
#5384=IFCFACEOUTERBOUND(#174,.T.);
#5385=IFCFACEOUTERBOUND(#175,.T.);
#5386=IFCFACEOUTERBOUND(#176,.T.);
#5387=IFCFACEOUTERBOUND(#177,.T.);
#5388=IFCFACEOUTERBOUND(#178,.T.);
#5389=IFCFACEOUTERBOUND(#179,.T.);
#5390=IFCFACEOUTERBOUND(#180,.T.);
#5391=IFCFACEOUTERBOUND(#181,.T.);
#5392=IFCFACEOUTERBOUND(#182,.T.);
#5393=IFCFACEOUTERBOUND(#183,.T.);
#5394=IFCFACEOUTERBOUND(#184,.T.);
#5395=IFCFACEOUTERBOUND(#185,.T.);
#5396=IFCFACEOUTERBOUND(#186,.T.);
#5397=IFCFACEOUTERBOUND(#187,.T.);
#5398=IFCFACEOUTERBOUND(#188,.T.);
#5399=IFCFACEOUTERBOUND(#189,.T.);
#5400=IFCFACEOUTERBOUND(#190,.T.);
#5401=IFCFACEOUTERBOUND(#191,.T.);
#5402=IFCFACEOUTERBOUND(#192,.T.);
#5403=IFCFACEOUTERBOUND(#193,.T.);
#5404=IFCFACEOUTERBOUND(#194,.T.);
#5405=IFCFACEOUTERBOUND(#195,.T.);
#5406=IFCFACEOUTERBOUND(#196,.T.);
#5407=IFCFACEOUTERBOUND(#197,.T.);
#5408=IFCFACEOUTERBOUND(#198,.T.);
#5409=IFCFACEOUTERBOUND(#199,.T.);
#5410=IFCFACEOUTERBOUND(#200,.T.);
#5411=IFCFACEOUTERBOUND(#201,.T.);
#5412=IFCFACEOUTERBOUND(#202,.T.);
#5413=IFCFACEOUTERBOUND(#203,.T.);
#5414=IFCFACEOUTERBOUND(#204,.T.);
#5415=IFCFACEOUTERBOUND(#205,.T.);
#5416=IFCFACEOUTERBOUND(#206,.T.);
#5417=IFCFACEOUTERBOUND(#207,.T.);
#5418=IFCFACEOUTERBOUND(#208,.T.);
#5419=IFCFACEOUTERBOUND(#209,.T.);
#5420=IFCFACEOUTERBOUND(#210,.T.);
#5421=IFCFACEOUTERBOUND(#211,.T.);
#5422=IFCFACEOUTERBOUND(#212,.T.);
#5423=IFCFACEOUTERBOUND(#213,.T.);
#5424=IFCFACEOUTERBOUND(#214,.T.);
#5425=IFCFACEOUTERBOUND(#215,.T.);
#5426=IFCFACEOUTERBOUND(#216,.T.);
#5427=IFCFACEOUTERBOUND(#217,.T.);
#5428=IFCFACEOUTERBOUND(#218,.T.);
#5429=IFCFACEOUTERBOUND(#219,.T.);
#5430=IFCFACEOUTERBOUND(#220,.T.);
#5431=IFCFACEOUTERBOUND(#221,.T.);
#5432=IFCFACEOUTERBOUND(#222,.T.);
#5433=IFCFACEOUTERBOUND(#223,.T.);
#5434=IFCFACEOUTERBOUND(#224,.T.);
#5435=IFCFACEOUTERBOUND(#225,.T.);
#5436=IFCFACEOUTERBOUND(#226,.T.);
#5437=IFCFACEOUTERBOUND(#227,.T.);
#5438=IFCFACEOUTERBOUND(#228,.T.);
#5439=IFCFACEOUTERBOUND(#229,.T.);
#5440=IFCFACEOUTERBOUND(#230,.T.);
#5441=IFCFACEOUTERBOUND(#231,.T.);
#5442=IFCFACEOUTERBOUND(#232,.T.);
#5443=IFCFACEOUTERBOUND(#233,.T.);
#5444=IFCFACEOUTERBOUND(#234,.T.);
#5445=IFCFACEOUTERBOUND(#235,.T.);
#5446=IFCFACEOUTERBOUND(#236,.T.);
#5447=IFCFACEOUTERBOUND(#237,.T.);
#5448=IFCFACEOUTERBOUND(#238,.T.);
#5449=IFCFACEOUTERBOUND(#239,.T.);
#5450=IFCFACEOUTERBOUND(#240,.T.);
#5451=IFCFACEOUTERBOUND(#241,.T.);
#5452=IFCFACEOUTERBOUND(#242,.T.);
#5453=IFCFACEOUTERBOUND(#243,.T.);
#5454=IFCFACEOUTERBOUND(#244,.T.);
#5455=IFCFACEOUTERBOUND(#245,.T.);
#5456=IFCFACEOUTERBOUND(#246,.T.);
#5457=IFCFACEOUTERBOUND(#247,.T.);
#5458=IFCFACEOUTERBOUND(#248,.T.);
#5459=IFCFACEOUTERBOUND(#249,.T.);
#5460=IFCFACEOUTERBOUND(#250,.T.);
#5461=IFCFACEOUTERBOUND(#251,.T.);
#5462=IFCFACEOUTERBOUND(#252,.T.);
#5463=IFCFACEOUTERBOUND(#253,.T.);
#5464=IFCFACEOUTERBOUND(#254,.T.);
#5465=IFCFACEOUTERBOUND(#255,.T.);
#5466=IFCFACEOUTERBOUND(#256,.T.);
#5467=IFCFACEOUTERBOUND(#257,.T.);
#5468=IFCFACEOUTERBOUND(#258,.T.);
#5469=IFCFACEOUTERBOUND(#259,.T.);
#5470=IFCFACEOUTERBOUND(#260,.T.);
#5471=IFCFACEOUTERBOUND(#261,.T.);
#5472=IFCFACEOUTERBOUND(#262,.T.);
#5473=IFCFACEOUTERBOUND(#263,.T.);
#5474=IFCFACEOUTERBOUND(#264,.T.);
#5475=IFCFACEOUTERBOUND(#265,.T.);
#5476=IFCFACEOUTERBOUND(#266,.T.);
#5477=IFCFACEOUTERBOUND(#267,.T.);
#5478=IFCFACEOUTERBOUND(#268,.T.);
#5479=IFCFACEOUTERBOUND(#269,.T.);
#5480=IFCFACEOUTERBOUND(#270,.T.);
#5481=IFCFACEOUTERBOUND(#271,.T.);
#5482=IFCFACEOUTERBOUND(#272,.T.);
#5483=IFCFACEOUTERBOUND(#273,.T.);
#5484=IFCFACEOUTERBOUND(#274,.T.);
#5485=IFCFACEOUTERBOUND(#275,.T.);
#5486=IFCFACEOUTERBOUND(#276,.T.);
#5487=IFCFACEOUTERBOUND(#277,.T.);
#5488=IFCFACEOUTERBOUND(#278,.T.);
#5489=IFCFACEOUTERBOUND(#279,.T.);
#5490=IFCFACEOUTERBOUND(#280,.T.);
#5491=IFCFACEOUTERBOUND(#281,.T.);
#5492=IFCFACEOUTERBOUND(#282,.T.);
#5493=IFCFACEOUTERBOUND(#283,.T.);
#5494=IFCFACEOUTERBOUND(#284,.T.);
#5495=IFCFACEOUTERBOUND(#285,.T.);
#5496=IFCFACEOUTERBOUND(#286,.T.);
#5497=IFCFACEOUTERBOUND(#287,.T.);
#5498=IFCFACEOUTERBOUND(#288,.T.);
#5499=IFCFACEOUTERBOUND(#289,.T.);
#5500=IFCFACEOUTERBOUND(#290,.T.);
#5501=IFCFACEOUTERBOUND(#291,.T.);
#5502=IFCFACEOUTERBOUND(#292,.T.);
#5503=IFCFACEOUTERBOUND(#293,.T.);
#5504=IFCFACEOUTERBOUND(#294,.T.);
#5505=IFCFACEOUTERBOUND(#295,.T.);
#5506=IFCFACEOUTERBOUND(#296,.T.);
#5507=IFCFACEOUTERBOUND(#297,.T.);
#5508=IFCFACEOUTERBOUND(#298,.T.);
#5509=IFCFACEOUTERBOUND(#299,.T.);
#5510=IFCFACEOUTERBOUND(#300,.T.);
#5511=IFCFACEOUTERBOUND(#301,.T.);
#5512=IFCFACEOUTERBOUND(#302,.T.);
#5513=IFCFACEOUTERBOUND(#303,.T.);
#5514=IFCFACEOUTERBOUND(#304,.T.);
#5515=IFCFACEOUTERBOUND(#305,.T.);
#5516=IFCFACEOUTERBOUND(#306,.T.);
#5517=IFCFACEOUTERBOUND(#307,.T.);
#5518=IFCFACEOUTERBOUND(#308,.T.);
#5519=IFCFACEOUTERBOUND(#309,.T.);
#5520=IFCFACEOUTERBOUND(#310,.T.);
#5521=IFCFACEOUTERBOUND(#311,.T.);
#5522=IFCFACEOUTERBOUND(#312,.T.);
#5523=IFCFACEOUTERBOUND(#313,.T.);
#5524=IFCFACEOUTERBOUND(#314,.T.);
#5525=IFCFACEOUTERBOUND(#315,.T.);
#5526=IFCFACEOUTERBOUND(#316,.T.);
#5527=IFCFACEOUTERBOUND(#317,.T.);
#5528=IFCFACEOUTERBOUND(#318,.T.);
#5529=IFCFACEOUTERBOUND(#319,.T.);
#5530=IFCFACEOUTERBOUND(#320,.T.);
#5531=IFCFACEOUTERBOUND(#321,.T.);
#5532=IFCFACEOUTERBOUND(#322,.T.);
#5533=IFCFACEOUTERBOUND(#323,.T.);
#5534=IFCFACEOUTERBOUND(#324,.T.);
#5535=IFCFACEOUTERBOUND(#325,.T.);
#5536=IFCFACEOUTERBOUND(#326,.T.);
#5537=IFCFACEOUTERBOUND(#327,.T.);
#5538=IFCFACEOUTERBOUND(#328,.T.);
#5539=IFCFACEOUTERBOUND(#329,.T.);
#5540=IFCFACEOUTERBOUND(#330,.T.);
#5541=IFCFACEOUTERBOUND(#331,.T.);
#5542=IFCFACEOUTERBOUND(#332,.T.);
#5543=IFCFACEOUTERBOUND(#333,.T.);
#5544=IFCFACEOUTERBOUND(#334,.T.);
#5545=IFCFACEOUTERBOUND(#335,.T.);
#5546=IFCFACEOUTERBOUND(#336,.T.);
#5547=IFCFACEOUTERBOUND(#337,.T.);
#5548=IFCFACEOUTERBOUND(#338,.T.);
#5549=IFCFACEOUTERBOUND(#339,.T.);
#5550=IFCFACEOUTERBOUND(#340,.T.);
#5551=IFCFACEOUTERBOUND(#341,.T.);
#5552=IFCFACEOUTERBOUND(#342,.T.);
#5553=IFCFACEOUTERBOUND(#343,.T.);
#5554=IFCFACEOUTERBOUND(#344,.T.);
#5555=IFCFACEOUTERBOUND(#345,.T.);
#5556=IFCFACEOUTERBOUND(#346,.T.);
#5557=IFCFACEOUTERBOUND(#347,.T.);
#5558=IFCFACEOUTERBOUND(#348,.T.);
#5559=IFCFACEOUTERBOUND(#349,.T.);
#5560=IFCFACEOUTERBOUND(#350,.T.);
#5561=IFCFACEOUTERBOUND(#351,.T.);
#5562=IFCFACEOUTERBOUND(#352,.T.);
#5563=IFCFACEOUTERBOUND(#353,.T.);
#5564=IFCFACEOUTERBOUND(#354,.T.);
#5565=IFCFACEOUTERBOUND(#355,.T.);
#5566=IFCFACEOUTERBOUND(#356,.T.);
#5567=IFCFACEOUTERBOUND(#357,.T.);
#5568=IFCFACEOUTERBOUND(#358,.T.);
#5569=IFCFACEOUTERBOUND(#359,.T.);
#5570=IFCFACEOUTERBOUND(#360,.T.);
#5571=IFCFACEOUTERBOUND(#361,.T.);
#5572=IFCFACEOUTERBOUND(#362,.T.);
#5573=IFCFACEOUTERBOUND(#363,.T.);
#5574=IFCFACEOUTERBOUND(#364,.T.);
#5575=IFCFACEOUTERBOUND(#365,.T.);
#5576=IFCFACEOUTERBOUND(#366,.T.);
#5577=IFCFACEOUTERBOUND(#367,.T.);
#5578=IFCFACEOUTERBOUND(#368,.T.);
#5579=IFCFACEOUTERBOUND(#369,.T.);
#5580=IFCFACEOUTERBOUND(#370,.T.);
#5581=IFCFACEOUTERBOUND(#371,.T.);
#5582=IFCFACEOUTERBOUND(#372,.T.);
#5583=IFCFACEOUTERBOUND(#373,.T.);
#5584=IFCFACEOUTERBOUND(#374,.T.);
#5585=IFCFACEOUTERBOUND(#375,.T.);
#5586=IFCFACEOUTERBOUND(#376,.T.);
#5587=IFCFACEOUTERBOUND(#377,.T.);
#5588=IFCFACEOUTERBOUND(#378,.T.);
#5589=IFCFACEOUTERBOUND(#379,.T.);
#5590=IFCFACEOUTERBOUND(#380,.T.);
#5591=IFCFACEOUTERBOUND(#381,.T.);
#5592=IFCFACEOUTERBOUND(#382,.T.);
#5593=IFCFACEOUTERBOUND(#383,.T.);
#5594=IFCFACEOUTERBOUND(#384,.T.);
#5595=IFCFACEOUTERBOUND(#385,.T.);
#5596=IFCFACEOUTERBOUND(#386,.T.);
#5597=IFCFACEOUTERBOUND(#387,.T.);
#5598=IFCFACEOUTERBOUND(#388,.T.);
#5599=IFCFACEOUTERBOUND(#389,.T.);
#5600=IFCFACEOUTERBOUND(#390,.T.);
#5601=IFCFACEOUTERBOUND(#391,.T.);
#5602=IFCFACEOUTERBOUND(#392,.T.);
#5603=IFCFACEOUTERBOUND(#393,.T.);
#5604=IFCFACEOUTERBOUND(#394,.T.);
#5605=IFCFACEOUTERBOUND(#395,.T.);
#5606=IFCFACEOUTERBOUND(#396,.T.);
#5607=IFCFACEOUTERBOUND(#397,.T.);
#5608=IFCFACEOUTERBOUND(#398,.T.);
#5609=IFCFACEOUTERBOUND(#399,.T.);
#5610=IFCFACEOUTERBOUND(#400,.T.);
#5611=IFCFACEOUTERBOUND(#401,.T.);
#5612=IFCFACEOUTERBOUND(#402,.T.);
#5613=IFCFACEOUTERBOUND(#403,.T.);
#5614=IFCFACEOUTERBOUND(#404,.T.);
#5615=IFCFACEOUTERBOUND(#405,.T.);
#5616=IFCFACEOUTERBOUND(#406,.T.);
#5617=IFCFACEOUTERBOUND(#407,.T.);
#5618=IFCFACEOUTERBOUND(#408,.T.);
#5619=IFCFACEOUTERBOUND(#409,.T.);
#5620=IFCFACEOUTERBOUND(#410,.T.);
#5621=IFCFACEOUTERBOUND(#411,.T.);
#5622=IFCFACEOUTERBOUND(#412,.T.);
#5623=IFCFACEOUTERBOUND(#413,.T.);
#5624=IFCFACEOUTERBOUND(#414,.T.);
#5625=IFCFACEOUTERBOUND(#415,.T.);
#5626=IFCFACEOUTERBOUND(#416,.T.);
#5627=IFCFACEOUTERBOUND(#417,.T.);
#5628=IFCFACEOUTERBOUND(#418,.T.);
#5629=IFCFACEOUTERBOUND(#419,.T.);
#5630=IFCFACEOUTERBOUND(#420,.T.);
#5631=IFCFACEOUTERBOUND(#421,.T.);
#5632=IFCFACEOUTERBOUND(#422,.T.);
#5633=IFCFACEOUTERBOUND(#423,.T.);
#5634=IFCFACEOUTERBOUND(#424,.T.);
#5635=IFCFACEOUTERBOUND(#425,.T.);
#5636=IFCFACEOUTERBOUND(#426,.T.);
#5637=IFCFACEOUTERBOUND(#427,.T.);
#5638=IFCFACEOUTERBOUND(#428,.T.);
#5639=IFCFACEOUTERBOUND(#429,.T.);
#5640=IFCFACEOUTERBOUND(#430,.T.);
#5641=IFCFACEOUTERBOUND(#431,.T.);
#5642=IFCFACEOUTERBOUND(#432,.T.);
#5643=IFCFACEOUTERBOUND(#433,.T.);
#5644=IFCFACEOUTERBOUND(#434,.T.);
#5645=IFCFACEOUTERBOUND(#435,.T.);
#5646=IFCFACEOUTERBOUND(#436,.T.);
#5647=IFCFACEOUTERBOUND(#437,.T.);
#5648=IFCFACEOUTERBOUND(#438,.T.);
#5649=IFCFACEOUTERBOUND(#439,.T.);
#5650=IFCFACEOUTERBOUND(#440,.T.);
#5651=IFCFACEOUTERBOUND(#441,.T.);
#5652=IFCFACEOUTERBOUND(#442,.T.);
#5653=IFCFACEOUTERBOUND(#443,.T.);
#5654=IFCFACEOUTERBOUND(#444,.T.);
#5655=IFCFACEOUTERBOUND(#445,.T.);
#5656=IFCFACEOUTERBOUND(#446,.T.);
#5657=IFCFACEOUTERBOUND(#447,.T.);
#5658=IFCFACEOUTERBOUND(#448,.T.);
#5659=IFCFACEOUTERBOUND(#449,.T.);
#5660=IFCFACEOUTERBOUND(#450,.T.);
#5661=IFCFACEOUTERBOUND(#451,.T.);
#5662=IFCFACEOUTERBOUND(#452,.T.);
#5663=IFCFACEOUTERBOUND(#453,.T.);
#5664=IFCFACEOUTERBOUND(#454,.T.);
#5665=IFCFACEOUTERBOUND(#455,.T.);
#5666=IFCFACEOUTERBOUND(#456,.T.);
#5667=IFCFACEOUTERBOUND(#457,.T.);
#5668=IFCFACEOUTERBOUND(#458,.T.);
#5669=IFCFACEOUTERBOUND(#459,.T.);
#5670=IFCFACEOUTERBOUND(#460,.T.);
#5671=IFCFACEOUTERBOUND(#461,.T.);
#5672=IFCFACEOUTERBOUND(#462,.T.);
#5673=IFCFACEOUTERBOUND(#463,.T.);
#5674=IFCFACEOUTERBOUND(#464,.T.);
#5675=IFCFACEOUTERBOUND(#465,.T.);
#5676=IFCFACEOUTERBOUND(#466,.T.);
#5677=IFCFACEOUTERBOUND(#467,.T.);
#5678=IFCFACEOUTERBOUND(#468,.T.);
#5679=IFCFACEOUTERBOUND(#469,.T.);
#5680=IFCFACEOUTERBOUND(#470,.T.);
#5681=IFCFACEOUTERBOUND(#471,.T.);
#5682=IFCFACEOUTERBOUND(#472,.T.);
#5683=IFCFACEOUTERBOUND(#473,.T.);
#5684=IFCFACEOUTERBOUND(#474,.T.);
#5685=IFCFACEOUTERBOUND(#475,.T.);
#5686=IFCFACEOUTERBOUND(#476,.T.);
#5687=IFCFACEOUTERBOUND(#477,.T.);
#5688=IFCFACEOUTERBOUND(#478,.T.);
#5689=IFCFACEOUTERBOUND(#479,.T.);
#5690=IFCFACEOUTERBOUND(#480,.T.);
#5691=IFCFACEOUTERBOUND(#481,.T.);
#5692=IFCFACEOUTERBOUND(#482,.T.);
#5693=IFCFACEOUTERBOUND(#483,.T.);
#5694=IFCFACEOUTERBOUND(#484,.T.);
#5695=IFCFACEOUTERBOUND(#485,.T.);
#5696=IFCFACEOUTERBOUND(#486,.T.);
#5697=IFCFACEOUTERBOUND(#487,.T.);
#5698=IFCFACEOUTERBOUND(#488,.T.);
#5699=IFCFACEOUTERBOUND(#489,.T.);
#5700=IFCFACEOUTERBOUND(#490,.T.);
#5701=IFCFACEOUTERBOUND(#491,.T.);
#5702=IFCFACEOUTERBOUND(#492,.T.);
#5703=IFCFACEOUTERBOUND(#493,.T.);
#5704=IFCFACEOUTERBOUND(#494,.T.);
#5705=IFCFACEOUTERBOUND(#495,.T.);
#5706=IFCFACEOUTERBOUND(#496,.T.);
#5707=IFCFACEOUTERBOUND(#497,.T.);
#5708=IFCFACEOUTERBOUND(#498,.T.);
#5709=IFCFACEOUTERBOUND(#499,.T.);
#5710=IFCFACEOUTERBOUND(#500,.T.);
#5711=IFCFACEOUTERBOUND(#501,.T.);
#5712=IFCFACEOUTERBOUND(#502,.T.);
#5713=IFCFACEOUTERBOUND(#503,.T.);
#5714=IFCFACEOUTERBOUND(#504,.T.);
#5715=IFCFACEOUTERBOUND(#505,.T.);
#5716=IFCFACEOUTERBOUND(#506,.T.);
#5717=IFCFACEOUTERBOUND(#507,.T.);
#5718=IFCFACEOUTERBOUND(#508,.T.);
#5719=IFCFACEOUTERBOUND(#509,.T.);
#5720=IFCFACEOUTERBOUND(#510,.T.);
#5721=IFCFACEOUTERBOUND(#511,.T.);
#5722=IFCFACEOUTERBOUND(#512,.T.);
#5723=IFCFACEOUTERBOUND(#513,.T.);
#5724=IFCFACEOUTERBOUND(#514,.T.);
#5725=IFCFACEOUTERBOUND(#515,.T.);
#5726=IFCFACEOUTERBOUND(#516,.T.);
#5727=IFCFACEOUTERBOUND(#517,.T.);
#5728=IFCFACEOUTERBOUND(#518,.T.);
#5729=IFCFACEOUTERBOUND(#519,.T.);
#5730=IFCFACEOUTERBOUND(#520,.T.);
#5731=IFCFACEOUTERBOUND(#521,.T.);
#5732=IFCFACEOUTERBOUND(#522,.T.);
#5733=IFCFACEOUTERBOUND(#523,.T.);
#5734=IFCFACEOUTERBOUND(#524,.T.);
#5735=IFCFACEOUTERBOUND(#525,.T.);
#5736=IFCFACEOUTERBOUND(#526,.T.);
#5737=IFCFACEOUTERBOUND(#527,.T.);
#5738=IFCFACEOUTERBOUND(#528,.T.);
#5739=IFCFACEOUTERBOUND(#529,.T.);
#5740=IFCFACEOUTERBOUND(#530,.T.);
#5741=IFCFACEOUTERBOUND(#531,.T.);
#5742=IFCFACEOUTERBOUND(#532,.T.);
#5743=IFCFACEOUTERBOUND(#533,.T.);
#5744=IFCFACEOUTERBOUND(#534,.T.);
#5745=IFCFACEOUTERBOUND(#535,.T.);
#5746=IFCFACEOUTERBOUND(#536,.T.);
#5747=IFCFACEOUTERBOUND(#537,.T.);
#5748=IFCFACEOUTERBOUND(#538,.T.);
#5749=IFCFACEOUTERBOUND(#539,.T.);
#5750=IFCFACEOUTERBOUND(#540,.T.);
#5751=IFCFACEOUTERBOUND(#541,.T.);
#5752=IFCFACEOUTERBOUND(#542,.T.);
#5753=IFCFACEOUTERBOUND(#543,.T.);
#5754=IFCFACEOUTERBOUND(#544,.T.);
#5755=IFCFACEOUTERBOUND(#545,.T.);
#5756=IFCFACEOUTERBOUND(#546,.T.);
#5757=IFCFACEOUTERBOUND(#547,.T.);
#5758=IFCFACEOUTERBOUND(#548,.T.);
#5759=IFCFACEOUTERBOUND(#549,.T.);
#5760=IFCFACEOUTERBOUND(#550,.T.);
#5761=IFCFACEOUTERBOUND(#551,.T.);
#5762=IFCFACEOUTERBOUND(#552,.T.);
#5763=IFCFACEOUTERBOUND(#553,.T.);
#5764=IFCFACEOUTERBOUND(#554,.T.);
#5765=IFCFACEOUTERBOUND(#555,.T.);
#5766=IFCFACEOUTERBOUND(#556,.T.);
#5767=IFCFACEOUTERBOUND(#557,.T.);
#5768=IFCFACEOUTERBOUND(#558,.T.);
#5769=IFCFACEOUTERBOUND(#559,.T.);
#5770=IFCFACEOUTERBOUND(#560,.T.);
#5771=IFCFACEOUTERBOUND(#561,.T.);
#5772=IFCFACEOUTERBOUND(#562,.T.);
#5773=IFCFACEOUTERBOUND(#563,.T.);
#5774=IFCFACEOUTERBOUND(#564,.T.);
#5775=IFCFACEOUTERBOUND(#565,.T.);
#5776=IFCFACEOUTERBOUND(#566,.T.);
#5777=IFCFACEOUTERBOUND(#567,.T.);
#5778=IFCFACEOUTERBOUND(#568,.T.);
#5779=IFCFACEOUTERBOUND(#569,.T.);
#5780=IFCFACEOUTERBOUND(#570,.T.);
#5781=IFCFACEOUTERBOUND(#571,.T.);
#5782=IFCFACEOUTERBOUND(#572,.T.);
#5783=IFCFACEOUTERBOUND(#573,.T.);
#5784=IFCFACEOUTERBOUND(#574,.T.);
#5785=IFCFACEOUTERBOUND(#575,.T.);
#5786=IFCFACEOUTERBOUND(#576,.T.);
#5787=IFCFACEOUTERBOUND(#577,.T.);
#5788=IFCFACEOUTERBOUND(#578,.T.);
#5789=IFCFACEOUTERBOUND(#579,.T.);
#5790=IFCFACEOUTERBOUND(#580,.T.);
#5791=IFCFACEOUTERBOUND(#581,.T.);
#5792=IFCFACEOUTERBOUND(#582,.T.);
#5793=IFCFACEOUTERBOUND(#583,.T.);
#5794=IFCFACEOUTERBOUND(#584,.T.);
#5795=IFCFACEOUTERBOUND(#585,.T.);
#5796=IFCFACEOUTERBOUND(#586,.T.);
#5797=IFCFACEOUTERBOUND(#587,.T.);
#5798=IFCFACEOUTERBOUND(#588,.T.);
#5799=IFCFACEOUTERBOUND(#589,.T.);
#5800=IFCFACEOUTERBOUND(#590,.T.);
#5801=IFCFACEOUTERBOUND(#591,.T.);
#5802=IFCFACEOUTERBOUND(#592,.T.);
#5803=IFCFACEOUTERBOUND(#593,.T.);
#5804=IFCFACEOUTERBOUND(#594,.T.);
#5805=IFCFACEOUTERBOUND(#595,.T.);
#5806=IFCFACEOUTERBOUND(#596,.T.);
#5807=IFCFACEOUTERBOUND(#597,.T.);
#5808=IFCFACEOUTERBOUND(#598,.T.);
#5809=IFCFACEOUTERBOUND(#599,.T.);
#5810=IFCFACEOUTERBOUND(#600,.T.);
#5811=IFCFACEOUTERBOUND(#601,.T.);
#5812=IFCFACEOUTERBOUND(#602,.T.);
#5813=IFCFACEOUTERBOUND(#603,.T.);
#5814=IFCFACEOUTERBOUND(#604,.T.);
#5815=IFCFACEOUTERBOUND(#605,.T.);
#5816=IFCFACEOUTERBOUND(#606,.T.);
#5817=IFCFACEOUTERBOUND(#607,.T.);
#5818=IFCFACEOUTERBOUND(#608,.T.);
#5819=IFCFACEOUTERBOUND(#609,.T.);
#5820=IFCFACEOUTERBOUND(#610,.T.);
#5821=IFCFACEOUTERBOUND(#611,.T.);
#5822=IFCFACEOUTERBOUND(#612,.T.);
#5823=IFCFACEOUTERBOUND(#613,.T.);
#5824=IFCFACEOUTERBOUND(#614,.T.);
#5825=IFCFACEOUTERBOUND(#615,.T.);
#5826=IFCFACEOUTERBOUND(#616,.T.);
#5827=IFCFACEOUTERBOUND(#617,.T.);
#5828=IFCFACEOUTERBOUND(#618,.T.);
#5829=IFCFACEOUTERBOUND(#619,.T.);
#5830=IFCFACEOUTERBOUND(#620,.T.);
#5831=IFCFACEOUTERBOUND(#621,.T.);
#5832=IFCFACEOUTERBOUND(#622,.T.);
#5833=IFCFACEOUTERBOUND(#623,.T.);
#5834=IFCFACEOUTERBOUND(#624,.T.);
#5835=IFCFACEOUTERBOUND(#625,.T.);
#5836=IFCFACEOUTERBOUND(#626,.T.);
#5837=IFCFACEOUTERBOUND(#627,.T.);
#5838=IFCFACEOUTERBOUND(#628,.T.);
#5839=IFCFACEOUTERBOUND(#629,.T.);
#5840=IFCFACEOUTERBOUND(#630,.T.);
#5841=IFCFACEOUTERBOUND(#631,.T.);
#5842=IFCFACEOUTERBOUND(#632,.T.);
#5843=IFCFACEOUTERBOUND(#633,.T.);
#5844=IFCFACEOUTERBOUND(#634,.T.);
#5845=IFCFACEOUTERBOUND(#635,.T.);
#5846=IFCFACEOUTERBOUND(#636,.T.);
#5847=IFCFACEOUTERBOUND(#637,.T.);
#5848=IFCFACEOUTERBOUND(#638,.T.);
#5849=IFCFACEOUTERBOUND(#639,.T.);
#5850=IFCFACEOUTERBOUND(#640,.T.);
#5851=IFCFACEOUTERBOUND(#641,.T.);
#5852=IFCFACEOUTERBOUND(#642,.T.);
#5853=IFCFACEOUTERBOUND(#643,.T.);
#5854=IFCFACEOUTERBOUND(#644,.T.);
#5855=IFCFACEOUTERBOUND(#645,.T.);
#5856=IFCFACEOUTERBOUND(#646,.T.);
#5857=IFCFACEOUTERBOUND(#647,.T.);
#5858=IFCFACEOUTERBOUND(#648,.T.);
#5859=IFCFACEOUTERBOUND(#649,.T.);
#5860=IFCFACEOUTERBOUND(#650,.T.);
#5861=IFCFACEOUTERBOUND(#651,.T.);
#5862=IFCFACEOUTERBOUND(#652,.T.);
#5863=IFCFACEOUTERBOUND(#653,.T.);
#5864=IFCFACEOUTERBOUND(#654,.T.);
#5865=IFCFACEOUTERBOUND(#655,.T.);
#5866=IFCFACEOUTERBOUND(#656,.T.);
#5867=IFCFACEOUTERBOUND(#657,.T.);
#5868=IFCFACEOUTERBOUND(#658,.T.);
#5869=IFCFACEOUTERBOUND(#659,.T.);
#5870=IFCFACEOUTERBOUND(#660,.T.);
#5871=IFCFACEOUTERBOUND(#661,.T.);
#5872=IFCFACEOUTERBOUND(#662,.T.);
#5873=IFCFACEOUTERBOUND(#663,.T.);
#5874=IFCFACEOUTERBOUND(#664,.T.);
#5875=IFCFACEOUTERBOUND(#665,.T.);
#5876=IFCFACEOUTERBOUND(#666,.T.);
#5877=IFCFACEOUTERBOUND(#667,.T.);
#5878=IFCFACEOUTERBOUND(#668,.T.);
#5879=IFCFACEOUTERBOUND(#669,.T.);
#5880=IFCFACEOUTERBOUND(#670,.T.);
#5881=IFCFACEOUTERBOUND(#671,.T.);
#5882=IFCFACEOUTERBOUND(#672,.T.);
#5883=IFCFACEOUTERBOUND(#673,.T.);
#5884=IFCFACEOUTERBOUND(#674,.T.);
#5885=IFCFACEOUTERBOUND(#675,.T.);
#5886=IFCFACEOUTERBOUND(#676,.T.);
#5887=IFCFACEOUTERBOUND(#677,.T.);
#5888=IFCFACEOUTERBOUND(#678,.T.);
#5889=IFCFACEOUTERBOUND(#679,.T.);
#5890=IFCFACEOUTERBOUND(#680,.T.);
#5891=IFCFACEOUTERBOUND(#681,.T.);
#5892=IFCFACEOUTERBOUND(#682,.T.);
#5893=IFCFACEOUTERBOUND(#683,.T.);
#5894=IFCFACEOUTERBOUND(#684,.T.);
#5895=IFCFACEOUTERBOUND(#685,.T.);
#5896=IFCFACEOUTERBOUND(#686,.T.);
#5897=IFCFACEOUTERBOUND(#687,.T.);
#5898=IFCFACEOUTERBOUND(#688,.T.);
#5899=IFCFACEOUTERBOUND(#689,.T.);
#5900=IFCFACEOUTERBOUND(#690,.T.);
#5901=IFCFACEOUTERBOUND(#691,.T.);
#5902=IFCFACEOUTERBOUND(#692,.T.);
#5903=IFCFACEOUTERBOUND(#693,.T.);
#5904=IFCFACEOUTERBOUND(#694,.T.);
#5905=IFCFACEOUTERBOUND(#695,.T.);
#5906=IFCFACEOUTERBOUND(#696,.T.);
#5907=IFCFACEOUTERBOUND(#697,.T.);
#5908=IFCFACEOUTERBOUND(#698,.T.);
#5909=IFCFACEOUTERBOUND(#699,.T.);
#5910=IFCFACEOUTERBOUND(#700,.T.);
#5911=IFCFACEOUTERBOUND(#701,.T.);
#5912=IFCFACEOUTERBOUND(#702,.T.);
#5913=IFCFACEOUTERBOUND(#703,.T.);
#5914=IFCFACEOUTERBOUND(#704,.T.);
#5915=IFCFACEOUTERBOUND(#705,.T.);
#5916=IFCFACEOUTERBOUND(#706,.T.);
#5917=IFCFACEOUTERBOUND(#707,.T.);
#5918=IFCFACEOUTERBOUND(#708,.T.);
#5919=IFCFACEOUTERBOUND(#709,.T.);
#5920=IFCFACEOUTERBOUND(#710,.T.);
#5921=IFCFACEOUTERBOUND(#711,.T.);
#5922=IFCFACEOUTERBOUND(#712,.T.);
#5923=IFCFACEOUTERBOUND(#713,.T.);
#5924=IFCFACEOUTERBOUND(#714,.T.);
#5925=IFCFACEOUTERBOUND(#715,.T.);
#5926=IFCFACEOUTERBOUND(#716,.T.);
#5927=IFCFACEOUTERBOUND(#717,.T.);
#5928=IFCFACEOUTERBOUND(#718,.T.);
#5929=IFCFACEOUTERBOUND(#719,.T.);
#5930=IFCFACEOUTERBOUND(#720,.T.);
#5931=IFCFACEOUTERBOUND(#721,.T.);
#5932=IFCFACEOUTERBOUND(#722,.T.);
#5933=IFCFACEOUTERBOUND(#723,.T.);
#5934=IFCFACEOUTERBOUND(#724,.T.);
#5935=IFCFACEOUTERBOUND(#725,.T.);
#5936=IFCFACEOUTERBOUND(#726,.T.);
#5937=IFCFACEOUTERBOUND(#727,.T.);
#5938=IFCFACEOUTERBOUND(#728,.T.);
#5939=IFCFACEOUTERBOUND(#729,.T.);
#5940=IFCFACEOUTERBOUND(#730,.T.);
#5941=IFCFACEOUTERBOUND(#731,.T.);
#5942=IFCFACEOUTERBOUND(#732,.T.);
#5943=IFCFACEOUTERBOUND(#733,.T.);
#5944=IFCFACEOUTERBOUND(#734,.T.);
#5945=IFCFACEOUTERBOUND(#735,.T.);
#5946=IFCFACEOUTERBOUND(#736,.T.);
#5947=IFCFACEOUTERBOUND(#737,.T.);
#5948=IFCFACEOUTERBOUND(#738,.T.);
#5949=IFCFACEOUTERBOUND(#739,.T.);
#5950=IFCFACEOUTERBOUND(#740,.T.);
#5951=IFCFACEOUTERBOUND(#741,.T.);
#5952=IFCFACEOUTERBOUND(#742,.T.);
#5953=IFCFACEOUTERBOUND(#743,.T.);
#5954=IFCFACEOUTERBOUND(#744,.T.);
#5955=IFCFACEOUTERBOUND(#745,.T.);
#5956=IFCFACEOUTERBOUND(#746,.T.);
#5957=IFCFACEOUTERBOUND(#747,.T.);
#5958=IFCFACEOUTERBOUND(#748,.T.);
#5959=IFCFACEOUTERBOUND(#749,.T.);
#5960=IFCFACEOUTERBOUND(#750,.T.);
#5961=IFCFACEOUTERBOUND(#751,.T.);
#5962=IFCFACEOUTERBOUND(#752,.T.);
#5963=IFCFACEOUTERBOUND(#753,.T.);
#5964=IFCFACEOUTERBOUND(#754,.T.);
#5965=IFCFACEOUTERBOUND(#755,.T.);
#5966=IFCFACEOUTERBOUND(#756,.T.);
#5967=IFCFACEOUTERBOUND(#757,.T.);
#5968=IFCFACEOUTERBOUND(#758,.T.);
#5969=IFCFACEOUTERBOUND(#759,.T.);
#5970=IFCFACEOUTERBOUND(#760,.T.);
#5971=IFCFACEOUTERBOUND(#761,.T.);
#5972=IFCFACEOUTERBOUND(#762,.T.);
#5973=IFCFACEOUTERBOUND(#763,.T.);
#5974=IFCFACEOUTERBOUND(#764,.T.);
#5975=IFCFACEOUTERBOUND(#765,.T.);
#5976=IFCFACEOUTERBOUND(#766,.T.);
#5977=IFCFACEOUTERBOUND(#767,.T.);
#5978=IFCFACEOUTERBOUND(#768,.T.);
#5979=IFCFACEOUTERBOUND(#769,.T.);
#5980=IFCFACEOUTERBOUND(#770,.T.);
#5981=IFCFACEOUTERBOUND(#771,.T.);
#5982=IFCFACEOUTERBOUND(#772,.T.);
#5983=IFCFACEOUTERBOUND(#773,.T.);
#5984=IFCFACEOUTERBOUND(#774,.T.);
#5985=IFCFACEOUTERBOUND(#775,.T.);
#5986=IFCFACEOUTERBOUND(#776,.T.);
#5987=IFCFACEOUTERBOUND(#777,.T.);
#5988=IFCFACEOUTERBOUND(#778,.T.);
#5989=IFCFACEOUTERBOUND(#779,.T.);
#5990=IFCFACEOUTERBOUND(#780,.T.);
#5991=IFCFACEOUTERBOUND(#781,.T.);
#5992=IFCFACEOUTERBOUND(#782,.T.);
#5993=IFCFACEOUTERBOUND(#783,.T.);
#5994=IFCFACEOUTERBOUND(#784,.T.);
#5995=IFCFACEOUTERBOUND(#785,.T.);
#5996=IFCFACEOUTERBOUND(#786,.T.);
#5997=IFCFACEOUTERBOUND(#787,.T.);
#5998=IFCFACEOUTERBOUND(#788,.T.);
#5999=IFCFACEOUTERBOUND(#789,.T.);
#6000=IFCFACEOUTERBOUND(#790,.T.);
#6001=IFCFACEOUTERBOUND(#791,.T.);
#6002=IFCFACEOUTERBOUND(#792,.T.);
#6003=IFCFACEOUTERBOUND(#793,.T.);
#6004=IFCFACEOUTERBOUND(#794,.T.);
#6005=IFCFACEOUTERBOUND(#795,.T.);
#6006=IFCFACEOUTERBOUND(#796,.T.);
#6007=IFCFACEOUTERBOUND(#797,.T.);
#6008=IFCFACEOUTERBOUND(#798,.T.);
#6009=IFCFACEOUTERBOUND(#799,.T.);
#6010=IFCFACEOUTERBOUND(#800,.T.);
#6011=IFCFACEOUTERBOUND(#801,.T.);
#6012=IFCFACEOUTERBOUND(#802,.T.);
#6013=IFCFACEOUTERBOUND(#803,.T.);
#6014=IFCFACEOUTERBOUND(#804,.T.);
#6015=IFCFACEOUTERBOUND(#805,.T.);
#6016=IFCFACEOUTERBOUND(#806,.T.);
#6017=IFCFACEOUTERBOUND(#807,.T.);
#6018=IFCFACEOUTERBOUND(#808,.T.);
#6019=IFCFACEOUTERBOUND(#809,.T.);
#6020=IFCFACEOUTERBOUND(#810,.T.);
#6021=IFCFACEOUTERBOUND(#811,.T.);
#6022=IFCFACEOUTERBOUND(#812,.T.);
#6023=IFCFACEOUTERBOUND(#813,.T.);
#6024=IFCFACEOUTERBOUND(#814,.T.);
#6025=IFCFACEOUTERBOUND(#815,.T.);
#6026=IFCFACEOUTERBOUND(#816,.T.);
#6027=IFCFACEOUTERBOUND(#817,.T.);
#6028=IFCFACEOUTERBOUND(#818,.T.);
#6029=IFCFACEOUTERBOUND(#819,.T.);
#6030=IFCFACEOUTERBOUND(#820,.T.);
#6031=IFCFACEOUTERBOUND(#821,.T.);
#6032=IFCFACEOUTERBOUND(#822,.T.);
#6033=IFCFACEOUTERBOUND(#823,.T.);
#6034=IFCFACEOUTERBOUND(#824,.T.);
#6035=IFCFACEOUTERBOUND(#825,.T.);
#6036=IFCFACEOUTERBOUND(#826,.T.);
#6037=IFCFACEOUTERBOUND(#827,.T.);
#6038=IFCFACEOUTERBOUND(#828,.T.);
#6039=IFCFACEOUTERBOUND(#829,.T.);
#6040=IFCFACEOUTERBOUND(#830,.T.);
#6041=IFCFACEOUTERBOUND(#831,.T.);
#6042=IFCFACEOUTERBOUND(#832,.T.);
#6043=IFCFACEOUTERBOUND(#833,.T.);
#6044=IFCFACEOUTERBOUND(#834,.T.);
#6045=IFCFACEOUTERBOUND(#835,.T.);
#6046=IFCFACEOUTERBOUND(#836,.T.);
#6047=IFCFACEOUTERBOUND(#837,.T.);
#6048=IFCFACEOUTERBOUND(#838,.T.);
#6049=IFCFACEOUTERBOUND(#839,.T.);
#6050=IFCFACEOUTERBOUND(#840,.T.);
#6051=IFCFACEOUTERBOUND(#841,.T.);
#6052=IFCFACEOUTERBOUND(#842,.T.);
#6053=IFCFACEOUTERBOUND(#843,.T.);
#6054=IFCFACEOUTERBOUND(#844,.T.);
#6055=IFCFACEOUTERBOUND(#845,.T.);
#6056=IFCFACEOUTERBOUND(#846,.T.);
#6057=IFCFACEOUTERBOUND(#847,.T.);
#6058=IFCFACEOUTERBOUND(#848,.T.);
#6059=IFCFACEOUTERBOUND(#849,.T.);
#6060=IFCFACEOUTERBOUND(#850,.T.);
#6061=IFCFACEOUTERBOUND(#851,.T.);
#6062=IFCFACEOUTERBOUND(#852,.T.);
#6063=IFCFACEOUTERBOUND(#853,.T.);
#6064=IFCFACEOUTERBOUND(#854,.T.);
#6065=IFCFACEOUTERBOUND(#855,.T.);
#6066=IFCFACEOUTERBOUND(#856,.T.);
#6067=IFCFACEOUTERBOUND(#857,.T.);
#6068=IFCFACEOUTERBOUND(#858,.T.);
#6069=IFCFACEOUTERBOUND(#859,.T.);
#6070=IFCFACEOUTERBOUND(#860,.T.);
#6071=IFCFACEOUTERBOUND(#861,.T.);
#6072=IFCFACEOUTERBOUND(#862,.T.);
#6073=IFCFACEOUTERBOUND(#863,.T.);
#6074=IFCFACEOUTERBOUND(#864,.T.);
#6075=IFCFACEOUTERBOUND(#865,.T.);
#6076=IFCFACEOUTERBOUND(#866,.T.);
#6077=IFCFACEOUTERBOUND(#867,.T.);
#6078=IFCFACEOUTERBOUND(#868,.T.);
#6079=IFCFACEOUTERBOUND(#869,.T.);
#6080=IFCFACEOUTERBOUND(#870,.T.);
#6081=IFCFACEOUTERBOUND(#871,.T.);
#6082=IFCFACEOUTERBOUND(#872,.T.);
#6083=IFCFACEOUTERBOUND(#873,.T.);
#6084=IFCFACEOUTERBOUND(#874,.T.);
#6085=IFCFACEOUTERBOUND(#875,.T.);
#6086=IFCFACEOUTERBOUND(#876,.T.);
#6087=IFCFACEOUTERBOUND(#877,.T.);
#6088=IFCFACEOUTERBOUND(#878,.T.);
#6089=IFCFACEOUTERBOUND(#879,.T.);
#6090=IFCFACEOUTERBOUND(#880,.T.);
#6091=IFCFACEOUTERBOUND(#881,.T.);
#6092=IFCFACEOUTERBOUND(#882,.T.);
#6093=IFCFACEOUTERBOUND(#883,.T.);
#6094=IFCFACEOUTERBOUND(#884,.T.);
#6095=IFCFACEOUTERBOUND(#885,.T.);
#6096=IFCFACEOUTERBOUND(#886,.T.);
#6097=IFCFACEOUTERBOUND(#887,.T.);
#6098=IFCFACEOUTERBOUND(#888,.T.);
#6099=IFCFACEOUTERBOUND(#889,.T.);
#6100=IFCFACEOUTERBOUND(#890,.T.);
#6101=IFCFACEOUTERBOUND(#891,.T.);
#6102=IFCFACEOUTERBOUND(#892,.T.);
#6103=IFCFACEOUTERBOUND(#893,.T.);
#6104=IFCFACEOUTERBOUND(#894,.T.);
#6105=IFCFACEOUTERBOUND(#895,.T.);
#6106=IFCFACEOUTERBOUND(#896,.T.);
#6107=IFCFACEOUTERBOUND(#897,.T.);
#6108=IFCFACEOUTERBOUND(#898,.T.);
#6109=IFCFACEOUTERBOUND(#899,.T.);
#6110=IFCFACEOUTERBOUND(#900,.T.);
#6111=IFCFACEOUTERBOUND(#901,.T.);
#6112=IFCFACEOUTERBOUND(#902,.T.);
#6113=IFCFACEOUTERBOUND(#903,.T.);
#6114=IFCFACEOUTERBOUND(#904,.T.);
#6115=IFCFACEOUTERBOUND(#905,.T.);
#6116=IFCFACEOUTERBOUND(#906,.T.);
#6117=IFCFACEOUTERBOUND(#907,.T.);
#6118=IFCFACEOUTERBOUND(#908,.T.);
#6119=IFCFACEOUTERBOUND(#909,.T.);
#6120=IFCFACEOUTERBOUND(#910,.T.);
#6121=IFCFACEOUTERBOUND(#911,.T.);
#6122=IFCFACEOUTERBOUND(#912,.T.);
#6123=IFCFACEOUTERBOUND(#913,.T.);
#6124=IFCFACEOUTERBOUND(#914,.T.);
#6125=IFCFACEOUTERBOUND(#915,.T.);
#6126=IFCFACEOUTERBOUND(#916,.T.);
#6127=IFCFACEOUTERBOUND(#917,.T.);
#6128=IFCFACEOUTERBOUND(#918,.T.);
#6129=IFCFACEOUTERBOUND(#919,.T.);
#6130=IFCFACEOUTERBOUND(#920,.T.);
#6131=IFCFACEOUTERBOUND(#921,.T.);
#6132=IFCFACEOUTERBOUND(#922,.T.);
#6133=IFCFACEOUTERBOUND(#923,.T.);
#6134=IFCFACEOUTERBOUND(#924,.T.);
#6135=IFCFACEOUTERBOUND(#925,.T.);
#6136=IFCFACEOUTERBOUND(#926,.T.);
#6137=IFCFACEOUTERBOUND(#927,.T.);
#6138=IFCFACEOUTERBOUND(#928,.T.);
#6139=IFCFACEOUTERBOUND(#929,.T.);
#6140=IFCFACEOUTERBOUND(#930,.T.);
#6141=IFCFACEOUTERBOUND(#931,.T.);
#6142=IFCFACEOUTERBOUND(#932,.T.);
#6143=IFCFACEOUTERBOUND(#933,.T.);
#6144=IFCFACEOUTERBOUND(#934,.T.);
#6145=IFCFACEOUTERBOUND(#935,.T.);
#6146=IFCFACEOUTERBOUND(#936,.T.);
#6147=IFCFACEOUTERBOUND(#937,.T.);
#6148=IFCFACEOUTERBOUND(#938,.T.);
#6149=IFCFACEOUTERBOUND(#939,.T.);
#6150=IFCFACEOUTERBOUND(#940,.T.);
#6151=IFCFACEOUTERBOUND(#941,.T.);
#6152=IFCFACEOUTERBOUND(#942,.T.);
#6153=IFCFACEOUTERBOUND(#943,.T.);
#6154=IFCFACEOUTERBOUND(#944,.T.);
#6155=IFCFACEOUTERBOUND(#945,.T.);
#6156=IFCFACEOUTERBOUND(#946,.T.);
#6157=IFCFACEOUTERBOUND(#947,.T.);
#6158=IFCFACEOUTERBOUND(#948,.T.);
#6159=IFCFACEOUTERBOUND(#949,.T.);
#6160=IFCFACEOUTERBOUND(#950,.T.);
#6161=IFCFACEOUTERBOUND(#951,.T.);
#6162=IFCFACEOUTERBOUND(#952,.T.);
#6163=IFCFACEOUTERBOUND(#953,.T.);
#6164=IFCFACEOUTERBOUND(#954,.T.);
#6165=IFCFACEOUTERBOUND(#955,.T.);
#6166=IFCFACEOUTERBOUND(#956,.T.);
#6167=IFCFACEOUTERBOUND(#957,.T.);
#6168=IFCFACEOUTERBOUND(#958,.T.);
#6169=IFCFACEOUTERBOUND(#959,.T.);
#6170=IFCFACEOUTERBOUND(#960,.T.);
#6171=IFCFACEOUTERBOUND(#961,.T.);
#6172=IFCFACEOUTERBOUND(#962,.T.);
#6173=IFCFACEOUTERBOUND(#963,.T.);
#6174=IFCFACEOUTERBOUND(#964,.T.);
#6175=IFCFACEOUTERBOUND(#965,.T.);
#6176=IFCFACEOUTERBOUND(#966,.T.);
#6177=IFCFACEOUTERBOUND(#967,.T.);
#6178=IFCFACEOUTERBOUND(#968,.T.);
#6179=IFCFACEOUTERBOUND(#969,.T.);
#6180=IFCFACEOUTERBOUND(#970,.T.);
#6181=IFCFACEOUTERBOUND(#971,.T.);
#6182=IFCFACEOUTERBOUND(#972,.T.);
#6183=IFCFACEOUTERBOUND(#973,.T.);
#6184=IFCFACEOUTERBOUND(#974,.T.);
#6185=IFCFACEOUTERBOUND(#975,.T.);
#6186=IFCFACEOUTERBOUND(#976,.T.);
#6187=IFCFACEOUTERBOUND(#977,.T.);
#6188=IFCFACEOUTERBOUND(#978,.T.);
#6189=IFCFACEOUTERBOUND(#979,.T.);
#6190=IFCFACEOUTERBOUND(#980,.T.);
#6191=IFCFACEOUTERBOUND(#981,.T.);
#6192=IFCFACEOUTERBOUND(#982,.T.);
#6193=IFCFACEOUTERBOUND(#983,.T.);
#6194=IFCFACEOUTERBOUND(#984,.T.);
#6195=IFCFACEOUTERBOUND(#985,.T.);
#6196=IFCFACEOUTERBOUND(#986,.T.);
#6197=IFCFACEOUTERBOUND(#987,.T.);
#6198=IFCFACEOUTERBOUND(#988,.T.);
#6199=IFCFACEOUTERBOUND(#989,.T.);
#6200=IFCFACEOUTERBOUND(#990,.T.);
#6201=IFCFACEOUTERBOUND(#991,.T.);
#6202=IFCFACEOUTERBOUND(#992,.T.);
#6203=IFCFACEOUTERBOUND(#993,.T.);
#6204=IFCFACEOUTERBOUND(#994,.T.);
#6205=IFCFACEOUTERBOUND(#995,.T.);
#6206=IFCFACEOUTERBOUND(#996,.T.);
#6207=IFCFACEOUTERBOUND(#997,.T.);
#6208=IFCFACEOUTERBOUND(#998,.T.);
#6209=IFCFACEOUTERBOUND(#999,.T.);
#6210=IFCFACEOUTERBOUND(#1000,.T.);
#6211=IFCFACEOUTERBOUND(#1001,.T.);
#6212=IFCFACEOUTERBOUND(#1002,.T.);
#6213=IFCFACEOUTERBOUND(#1003,.T.);
#6214=IFCFACEOUTERBOUND(#1004,.T.);
#6215=IFCFACEOUTERBOUND(#1005,.T.);
#6216=IFCFACEOUTERBOUND(#1006,.T.);
#6217=IFCFACEOUTERBOUND(#1007,.T.);
#6218=IFCFACEOUTERBOUND(#1008,.T.);
#6219=IFCFACEOUTERBOUND(#1009,.T.);
#6220=IFCFACEOUTERBOUND(#1010,.T.);
#6221=IFCFACEOUTERBOUND(#1011,.T.);
#6222=IFCFACEOUTERBOUND(#1012,.T.);
#6223=IFCFACEOUTERBOUND(#1013,.T.);
#6224=IFCFACEOUTERBOUND(#1014,.T.);
#6225=IFCFACEOUTERBOUND(#1015,.T.);
#6226=IFCFACEOUTERBOUND(#1016,.T.);
#6227=IFCFACEOUTERBOUND(#1017,.T.);
#6228=IFCFACEOUTERBOUND(#1018,.T.);
#6229=IFCFACEOUTERBOUND(#1019,.T.);
#6230=IFCFACEOUTERBOUND(#1020,.T.);
#6231=IFCFACEOUTERBOUND(#1021,.T.);
#6232=IFCFACEOUTERBOUND(#1022,.T.);
#6233=IFCFACEOUTERBOUND(#1023,.T.);
#6234=IFCFACEOUTERBOUND(#1024,.T.);
#6235=IFCFACEOUTERBOUND(#1025,.T.);
#6236=IFCFACEOUTERBOUND(#1026,.T.);
#6237=IFCFACEOUTERBOUND(#1027,.T.);
#6238=IFCFACEOUTERBOUND(#1028,.T.);
#6239=IFCFACEOUTERBOUND(#1029,.T.);
#6240=IFCFACEOUTERBOUND(#1030,.T.);
#6241=IFCFACEOUTERBOUND(#1031,.T.);
#6242=IFCFACEOUTERBOUND(#1032,.T.);
#6243=IFCFACEOUTERBOUND(#1033,.T.);
#6244=IFCFACEOUTERBOUND(#1034,.T.);
#6245=IFCFACEOUTERBOUND(#1035,.T.);
#6246=IFCFACEOUTERBOUND(#1036,.T.);
#6247=IFCFACEOUTERBOUND(#1037,.T.);
#6248=IFCFACEOUTERBOUND(#1038,.T.);
#6249=IFCFACEOUTERBOUND(#1039,.T.);
#6250=IFCFACEOUTERBOUND(#1040,.T.);
#6251=IFCFACEOUTERBOUND(#1041,.T.);
#6252=IFCFACEOUTERBOUND(#1042,.T.);
#6253=IFCFACEOUTERBOUND(#1043,.T.);
#6254=IFCFACEOUTERBOUND(#1044,.T.);
#6255=IFCFACEOUTERBOUND(#1045,.T.);
#6256=IFCFACEOUTERBOUND(#1046,.T.);
#6257=IFCFACEOUTERBOUND(#1047,.T.);
#6258=IFCFACEOUTERBOUND(#1048,.T.);
#6259=IFCFACEOUTERBOUND(#1049,.T.);
#6260=IFCFACEOUTERBOUND(#1050,.T.);
#6261=IFCFACEOUTERBOUND(#1051,.T.);
#6262=IFCFACEOUTERBOUND(#1052,.T.);
#6263=IFCFACEOUTERBOUND(#1053,.T.);
#6264=IFCFACEOUTERBOUND(#1054,.T.);
#6265=IFCFACEOUTERBOUND(#1055,.T.);
#6266=IFCFACEOUTERBOUND(#1056,.T.);
#6267=IFCFACEOUTERBOUND(#1057,.T.);
#6268=IFCFACEOUTERBOUND(#1058,.T.);
#6269=IFCFACEOUTERBOUND(#1059,.T.);
#6270=IFCFACEOUTERBOUND(#1060,.T.);
#6271=IFCFACEOUTERBOUND(#1061,.T.);
#6272=IFCFACEOUTERBOUND(#1062,.T.);
#6273=IFCFACEOUTERBOUND(#1063,.T.);
#6274=IFCFACEOUTERBOUND(#1064,.T.);
#6275=IFCFACEOUTERBOUND(#1065,.T.);
#6276=IFCFACEOUTERBOUND(#1066,.T.);
#6277=IFCFACEOUTERBOUND(#1067,.T.);
#6278=IFCFACEOUTERBOUND(#1068,.T.);
#6279=IFCFACEOUTERBOUND(#1069,.T.);
#6280=IFCFACEOUTERBOUND(#1070,.T.);
#6281=IFCFACEOUTERBOUND(#1071,.T.);
#6282=IFCFACEOUTERBOUND(#1072,.T.);
#6283=IFCFACEOUTERBOUND(#1073,.T.);
#6284=IFCFACEOUTERBOUND(#1074,.T.);
#6285=IFCFACEOUTERBOUND(#1075,.T.);
#6286=IFCFACEOUTERBOUND(#1076,.T.);
#6287=IFCFACEOUTERBOUND(#1077,.T.);
#6288=IFCFACEOUTERBOUND(#1078,.T.);
#6289=IFCFACEOUTERBOUND(#1079,.T.);
#6290=IFCFACEOUTERBOUND(#1080,.T.);
#6291=IFCFACEOUTERBOUND(#1081,.T.);
#6292=IFCFACEOUTERBOUND(#1082,.T.);
#6293=IFCFACEOUTERBOUND(#1083,.T.);
#6294=IFCFACEOUTERBOUND(#1084,.T.);
#6295=IFCFACEOUTERBOUND(#1085,.T.);
#6296=IFCFACEOUTERBOUND(#1086,.T.);
#6297=IFCFACEOUTERBOUND(#1087,.T.);
#6298=IFCFACEOUTERBOUND(#1088,.T.);
#6299=IFCFACEOUTERBOUND(#1089,.T.);
#6300=IFCFACEOUTERBOUND(#1090,.T.);
#6301=IFCFACEOUTERBOUND(#1091,.T.);
#6302=IFCFACEOUTERBOUND(#1092,.T.);
#6303=IFCFACEOUTERBOUND(#1093,.T.);
#6304=IFCFACEOUTERBOUND(#1094,.T.);
#6305=IFCFACEOUTERBOUND(#1095,.T.);
#6306=IFCFACEOUTERBOUND(#1096,.T.);
#6307=IFCFACEOUTERBOUND(#1097,.T.);
#6308=IFCFACEOUTERBOUND(#1098,.T.);
#6309=IFCFACEOUTERBOUND(#1099,.T.);
#6310=IFCFACEOUTERBOUND(#1100,.T.);
#6311=IFCFACEOUTERBOUND(#1101,.T.);
#6312=IFCFACEOUTERBOUND(#1102,.T.);
#6313=IFCFACEOUTERBOUND(#1103,.T.);
#6314=IFCFACEOUTERBOUND(#1104,.T.);
#6315=IFCFACEOUTERBOUND(#1105,.T.);
#6316=IFCFACEOUTERBOUND(#1106,.T.);
#6317=IFCFACEOUTERBOUND(#1107,.T.);
#6318=IFCFACEOUTERBOUND(#1108,.T.);
#6319=IFCFACEOUTERBOUND(#1109,.T.);
#6320=IFCFACEOUTERBOUND(#1110,.T.);
#6321=IFCFACEOUTERBOUND(#1111,.T.);
#6322=IFCFACEOUTERBOUND(#1112,.T.);
#6323=IFCFACEOUTERBOUND(#1113,.T.);
#6324=IFCFACEOUTERBOUND(#1114,.T.);
#6325=IFCFACEOUTERBOUND(#1115,.T.);
#6326=IFCFACEOUTERBOUND(#1116,.T.);
#6327=IFCFACEOUTERBOUND(#1117,.T.);
#6328=IFCFACEOUTERBOUND(#1118,.T.);
#6329=IFCFACEOUTERBOUND(#1119,.T.);
#6330=IFCFACEOUTERBOUND(#1120,.T.);
#6331=IFCFACEOUTERBOUND(#1121,.T.);
#6332=IFCFACEOUTERBOUND(#1122,.T.);
#6333=IFCFACEOUTERBOUND(#1123,.T.);
#6334=IFCFACEOUTERBOUND(#1124,.T.);
#6335=IFCFACEOUTERBOUND(#1125,.T.);
#6336=IFCFACEOUTERBOUND(#1126,.T.);
#6337=IFCFACEOUTERBOUND(#1127,.T.);
#6338=IFCFACEOUTERBOUND(#1128,.T.);
#6339=IFCFACEOUTERBOUND(#1129,.T.);
#6340=IFCFACEOUTERBOUND(#1130,.T.);
#6341=IFCFACEOUTERBOUND(#1131,.T.);
#6342=IFCFACEOUTERBOUND(#1132,.T.);
#6343=IFCFACEOUTERBOUND(#1133,.T.);
#6344=IFCFACEOUTERBOUND(#1134,.T.);
#6345=IFCFACEOUTERBOUND(#1135,.T.);
#6346=IFCFACEOUTERBOUND(#1136,.T.);
#6347=IFCFACEOUTERBOUND(#1137,.T.);
#6348=IFCFACEOUTERBOUND(#1138,.T.);
#6349=IFCFACEOUTERBOUND(#1139,.T.);
#6350=IFCFACEOUTERBOUND(#1140,.T.);
#6351=IFCFACEOUTERBOUND(#1141,.T.);
#6352=IFCFACEOUTERBOUND(#1142,.T.);
#6353=IFCFACEOUTERBOUND(#1143,.T.);
#6354=IFCFACEOUTERBOUND(#1144,.T.);
#6355=IFCFACEOUTERBOUND(#1145,.T.);
#6356=IFCFACEOUTERBOUND(#1146,.T.);
#6357=IFCFACEOUTERBOUND(#1147,.T.);
#6358=IFCFACEOUTERBOUND(#1148,.T.);
#6359=IFCFACEOUTERBOUND(#1149,.T.);
#6360=IFCFACEOUTERBOUND(#1150,.T.);
#6361=IFCFACEOUTERBOUND(#1151,.T.);
#6362=IFCFACEOUTERBOUND(#1152,.T.);
#6363=IFCFACEOUTERBOUND(#1153,.T.);
#6364=IFCFACEOUTERBOUND(#1154,.T.);
#6365=IFCFACEOUTERBOUND(#1155,.T.);
#6366=IFCFACEOUTERBOUND(#1156,.T.);
#6367=IFCFACEOUTERBOUND(#1157,.T.);
#6368=IFCFACEOUTERBOUND(#1158,.T.);
#6369=IFCFACEOUTERBOUND(#1159,.T.);
#6370=IFCFACEOUTERBOUND(#1160,.T.);
#6371=IFCFACEOUTERBOUND(#1161,.T.);
#6372=IFCFACEOUTERBOUND(#1162,.T.);
#6373=IFCFACEOUTERBOUND(#1163,.T.);
#6374=IFCFACEOUTERBOUND(#1164,.T.);
#6375=IFCFACEOUTERBOUND(#1165,.T.);
#6376=IFCFACEOUTERBOUND(#1166,.T.);
#6377=IFCFACEOUTERBOUND(#1167,.T.);
#6378=IFCFACEOUTERBOUND(#1168,.T.);
#6379=IFCFACEOUTERBOUND(#1169,.T.);
#6380=IFCFACEOUTERBOUND(#1170,.T.);
#6381=IFCFACEOUTERBOUND(#1171,.T.);
#6382=IFCFACEOUTERBOUND(#1172,.T.);
#6383=IFCFACEOUTERBOUND(#1173,.T.);
#6384=IFCFACEOUTERBOUND(#1174,.T.);
#6385=IFCFACEOUTERBOUND(#1175,.T.);
#6386=IFCFACEOUTERBOUND(#1176,.T.);
#6387=IFCFACEOUTERBOUND(#1177,.T.);
#6388=IFCFACEOUTERBOUND(#1178,.T.);
#6389=IFCFACEOUTERBOUND(#1179,.T.);
#6390=IFCFACEOUTERBOUND(#1180,.T.);
#6391=IFCFACEOUTERBOUND(#1181,.T.);
#6392=IFCFACEOUTERBOUND(#1182,.T.);
#6393=IFCFACEOUTERBOUND(#1183,.T.);
#6394=IFCFACEOUTERBOUND(#1184,.T.);
#6395=IFCFACEOUTERBOUND(#1185,.T.);
#6396=IFCFACEOUTERBOUND(#1186,.T.);
#6397=IFCFACEOUTERBOUND(#1187,.T.);
#6398=IFCFACEOUTERBOUND(#1188,.T.);
#6399=IFCFACEOUTERBOUND(#1189,.T.);
#6400=IFCFACEOUTERBOUND(#1190,.T.);
#6401=IFCFACEOUTERBOUND(#1191,.T.);
#6402=IFCFACEOUTERBOUND(#1192,.T.);
#6403=IFCFACEOUTERBOUND(#1193,.T.);
#6404=IFCFACEOUTERBOUND(#1194,.T.);
#6405=IFCFACEOUTERBOUND(#1195,.T.);
#6406=IFCFACEOUTERBOUND(#1196,.T.);
#6407=IFCFACEOUTERBOUND(#1197,.T.);
#6408=IFCFACEOUTERBOUND(#1198,.T.);
#6409=IFCFACEOUTERBOUND(#1199,.T.);
#6410=IFCFACEOUTERBOUND(#1200,.T.);
#6411=IFCFACEOUTERBOUND(#1201,.T.);
#6412=IFCFACEOUTERBOUND(#1202,.T.);
#6413=IFCFACEOUTERBOUND(#1203,.T.);
#6414=IFCFACEOUTERBOUND(#1204,.T.);
#6415=IFCFACEOUTERBOUND(#1205,.T.);
#6416=IFCFACEOUTERBOUND(#1206,.T.);
#6417=IFCFACEOUTERBOUND(#1207,.T.);
#6418=IFCFACEOUTERBOUND(#1208,.T.);
#6419=IFCFACEOUTERBOUND(#1209,.T.);
#6420=IFCFACEOUTERBOUND(#1210,.T.);
#6421=IFCFACEOUTERBOUND(#1211,.T.);
#6422=IFCFACEOUTERBOUND(#1212,.T.);
#6423=IFCFACEOUTERBOUND(#1213,.T.);
#6424=IFCFACEOUTERBOUND(#1214,.T.);
#6425=IFCFACEOUTERBOUND(#1215,.T.);
#6426=IFCFACEOUTERBOUND(#1216,.T.);
#6427=IFCFACEOUTERBOUND(#1217,.T.);
#6428=IFCFACEOUTERBOUND(#1218,.T.);
#6429=IFCFACEOUTERBOUND(#1219,.T.);
#6430=IFCFACEOUTERBOUND(#1220,.T.);
#6431=IFCFACEOUTERBOUND(#1221,.T.);
#6432=IFCFACEOUTERBOUND(#1222,.T.);
#6433=IFCFACEOUTERBOUND(#1223,.T.);
#6434=IFCFACEOUTERBOUND(#1224,.T.);
#6435=IFCFACEOUTERBOUND(#1225,.T.);
#6436=IFCFACEOUTERBOUND(#1226,.T.);
#6437=IFCFACEOUTERBOUND(#1227,.T.);
#6438=IFCFACEOUTERBOUND(#1228,.T.);
#6439=IFCFACEOUTERBOUND(#1229,.T.);
#6440=IFCFACEOUTERBOUND(#1230,.T.);
#6441=IFCFACEOUTERBOUND(#1231,.T.);
#6442=IFCFACEOUTERBOUND(#1232,.T.);
#6443=IFCFACEOUTERBOUND(#1233,.T.);
#6444=IFCFACEOUTERBOUND(#1234,.T.);
#6445=IFCFACEOUTERBOUND(#1235,.T.);
#6446=IFCFACEOUTERBOUND(#1236,.T.);
#6447=IFCFACEOUTERBOUND(#1237,.T.);
#6448=IFCFACEOUTERBOUND(#1238,.T.);
#6449=IFCFACEOUTERBOUND(#1239,.T.);
#6450=IFCFACEOUTERBOUND(#1240,.T.);
#6451=IFCFACEOUTERBOUND(#1241,.T.);
#6452=IFCFACEOUTERBOUND(#1242,.T.);
#6453=IFCFACEOUTERBOUND(#1243,.T.);
#6454=IFCFACEOUTERBOUND(#1244,.T.);
#6455=IFCFACEOUTERBOUND(#1245,.T.);
#6456=IFCFACEOUTERBOUND(#1246,.T.);
#6457=IFCFACEOUTERBOUND(#1247,.T.);
#6458=IFCFACEOUTERBOUND(#1248,.T.);
#6459=IFCFACEOUTERBOUND(#1249,.T.);
#6460=IFCFACEOUTERBOUND(#1250,.T.);
#6461=IFCFACEOUTERBOUND(#1251,.T.);
#6462=IFCFACEOUTERBOUND(#1252,.T.);
#6463=IFCFACEOUTERBOUND(#1253,.T.);
#6464=IFCFACEOUTERBOUND(#1254,.T.);
#6465=IFCFACEOUTERBOUND(#1255,.T.);
#6466=IFCFACEOUTERBOUND(#1256,.T.);
#6467=IFCFACEOUTERBOUND(#1257,.T.);
#6468=IFCFACEOUTERBOUND(#1258,.T.);
#6469=IFCFACEOUTERBOUND(#1259,.T.);
#6470=IFCFACEOUTERBOUND(#1260,.T.);
#6471=IFCFACEOUTERBOUND(#1261,.T.);
#6472=IFCFACEOUTERBOUND(#1262,.T.);
#6473=IFCFACEOUTERBOUND(#1263,.T.);
#6474=IFCFACEOUTERBOUND(#1264,.T.);
#6475=IFCFACEOUTERBOUND(#1265,.T.);
#6476=IFCFACEOUTERBOUND(#1266,.T.);
#6477=IFCFACEOUTERBOUND(#1267,.T.);
#6478=IFCFACEOUTERBOUND(#1268,.T.);
#6479=IFCFACEOUTERBOUND(#1269,.T.);
#6480=IFCFACEOUTERBOUND(#1270,.T.);
#6481=IFCFACEOUTERBOUND(#1271,.T.);
#6482=IFCFACEOUTERBOUND(#1272,.T.);
#6483=IFCFACEOUTERBOUND(#1273,.T.);
#6484=IFCFACEOUTERBOUND(#1274,.T.);
#6485=IFCFACEOUTERBOUND(#1275,.T.);
#6486=IFCFACEOUTERBOUND(#1276,.T.);
#6487=IFCFACEOUTERBOUND(#1277,.T.);
#6488=IFCFACEOUTERBOUND(#1278,.T.);
#6489=IFCFACEOUTERBOUND(#1279,.T.);
#6490=IFCFACEOUTERBOUND(#1280,.T.);
#6491=IFCFACEOUTERBOUND(#1281,.T.);
#6492=IFCFACEOUTERBOUND(#1282,.T.);
#6493=IFCFACEOUTERBOUND(#1283,.T.);
#6494=IFCFACEOUTERBOUND(#1284,.T.);
#6495=IFCFACEOUTERBOUND(#1285,.T.);
#6496=IFCFACEOUTERBOUND(#1286,.T.);
#6497=IFCFACEOUTERBOUND(#1287,.T.);
#6498=IFCFACEOUTERBOUND(#1288,.T.);
#6499=IFCFACEOUTERBOUND(#1289,.T.);
#6500=IFCFACEOUTERBOUND(#1290,.T.);
#6501=IFCFACEOUTERBOUND(#1291,.T.);
#6502=IFCFACEOUTERBOUND(#1292,.T.);
#6503=IFCFACEOUTERBOUND(#1293,.T.);
#6504=IFCFACEOUTERBOUND(#1294,.T.);
#6505=IFCFACEOUTERBOUND(#1295,.T.);
#6506=IFCFACEOUTERBOUND(#1296,.T.);
#6507=IFCFACEOUTERBOUND(#1297,.T.);
#6508=IFCFACEOUTERBOUND(#1298,.T.);
#6509=IFCFACEOUTERBOUND(#1299,.T.);
#6510=IFCFACEOUTERBOUND(#1300,.T.);
#6511=IFCFACEOUTERBOUND(#1301,.T.);
#6512=IFCFACEOUTERBOUND(#1302,.T.);
#6513=IFCFACEOUTERBOUND(#1303,.T.);
#6514=IFCFACEOUTERBOUND(#1304,.T.);
#6515=IFCFACEOUTERBOUND(#1305,.T.);
#6516=IFCFACEOUTERBOUND(#1306,.T.);
#6517=IFCFACEOUTERBOUND(#1307,.T.);
#6518=IFCFACEOUTERBOUND(#1308,.T.);
#6519=IFCFACEOUTERBOUND(#1309,.T.);
#6520=IFCFACEOUTERBOUND(#1310,.T.);
#6521=IFCFACEOUTERBOUND(#1311,.T.);
#6522=IFCFACEOUTERBOUND(#1312,.T.);
#6523=IFCFACEOUTERBOUND(#1313,.T.);
#6524=IFCFACEOUTERBOUND(#1314,.T.);
#6525=IFCFACEOUTERBOUND(#1315,.T.);
#6526=IFCFACEOUTERBOUND(#1316,.T.);
#6527=IFCFACEOUTERBOUND(#1317,.T.);
#6528=IFCFACEOUTERBOUND(#1318,.T.);
#6529=IFCFACEOUTERBOUND(#1319,.T.);
#6530=IFCFACEOUTERBOUND(#1320,.T.);
#6531=IFCFACEOUTERBOUND(#1321,.T.);
#6532=IFCFACEOUTERBOUND(#1322,.T.);
#6533=IFCFACEOUTERBOUND(#1323,.T.);
#6534=IFCFACEOUTERBOUND(#1324,.T.);
#6535=IFCFACEOUTERBOUND(#1325,.T.);
#6536=IFCFACEOUTERBOUND(#1326,.T.);
#6537=IFCFACEOUTERBOUND(#1327,.T.);
#6538=IFCFACEOUTERBOUND(#1328,.T.);
#6539=IFCFACEOUTERBOUND(#1329,.T.);
#6540=IFCFACEOUTERBOUND(#1330,.T.);
#6541=IFCFACEOUTERBOUND(#1331,.T.);
#6542=IFCFACEOUTERBOUND(#1332,.T.);
#6543=IFCFACEOUTERBOUND(#1333,.T.);
#6544=IFCFACEOUTERBOUND(#1334,.T.);
#6545=IFCFACEOUTERBOUND(#1335,.T.);
#6546=IFCFACEOUTERBOUND(#1336,.T.);
#6547=IFCFACEOUTERBOUND(#1337,.T.);
#6548=IFCFACEOUTERBOUND(#1338,.T.);
#6549=IFCFACEOUTERBOUND(#1339,.T.);
#6550=IFCFACEOUTERBOUND(#1340,.T.);
#6551=IFCFACEOUTERBOUND(#1341,.T.);
#6552=IFCFACEOUTERBOUND(#1342,.T.);
#6553=IFCFACEOUTERBOUND(#1343,.T.);
#6554=IFCFACEOUTERBOUND(#1344,.T.);
#6555=IFCFACEOUTERBOUND(#1345,.T.);
#6556=IFCFACEOUTERBOUND(#1346,.T.);
#6557=IFCFACEOUTERBOUND(#1347,.T.);
#6558=IFCFACEOUTERBOUND(#1348,.T.);
#6559=IFCFACEOUTERBOUND(#1349,.T.);
#6560=IFCFACEOUTERBOUND(#1350,.T.);
#6561=IFCFACEOUTERBOUND(#1351,.T.);
#6562=IFCFACEOUTERBOUND(#1352,.T.);
#6563=IFCFACEOUTERBOUND(#1353,.T.);
#6564=IFCFACEOUTERBOUND(#1354,.T.);
#6565=IFCFACEOUTERBOUND(#1355,.T.);
#6566=IFCFACEOUTERBOUND(#1356,.T.);
#6567=IFCFACEOUTERBOUND(#1357,.T.);
#6568=IFCFACEOUTERBOUND(#1358,.T.);
#6569=IFCFACEOUTERBOUND(#1359,.T.);
#6570=IFCFACEOUTERBOUND(#1360,.T.);
#6571=IFCFACEOUTERBOUND(#1361,.T.);
#6572=IFCFACEOUTERBOUND(#1362,.T.);
#6573=IFCFACEOUTERBOUND(#1363,.T.);
#6574=IFCFACEOUTERBOUND(#1364,.T.);
#6575=IFCFACEOUTERBOUND(#1365,.T.);
#6576=IFCFACEOUTERBOUND(#1366,.T.);
#6577=IFCFACEOUTERBOUND(#1367,.T.);
#6578=IFCFACEOUTERBOUND(#1368,.T.);
#6579=IFCFACEOUTERBOUND(#1369,.T.);
#6580=IFCFACEOUTERBOUND(#1370,.T.);
#6581=IFCFACEOUTERBOUND(#1371,.T.);
#6582=IFCFACEOUTERBOUND(#1372,.T.);
#6583=IFCFACEOUTERBOUND(#1373,.T.);
#6584=IFCFACEOUTERBOUND(#1374,.T.);
#6585=IFCFACEOUTERBOUND(#1375,.T.);
#6586=IFCFACEOUTERBOUND(#1376,.T.);
#6587=IFCFACEOUTERBOUND(#1377,.T.);
#6588=IFCFACEOUTERBOUND(#1378,.T.);
#6589=IFCFACEOUTERBOUND(#1379,.T.);
#6590=IFCFACEOUTERBOUND(#1380,.T.);
#6591=IFCFACEOUTERBOUND(#1381,.T.);
#6592=IFCFACEOUTERBOUND(#1382,.T.);
#6593=IFCFACEOUTERBOUND(#1383,.T.);
#6594=IFCFACEOUTERBOUND(#1384,.T.);
#6595=IFCFACEOUTERBOUND(#1385,.T.);
#6596=IFCFACEOUTERBOUND(#1386,.T.);
#6597=IFCFACEOUTERBOUND(#1387,.T.);
#6598=IFCFACEOUTERBOUND(#1388,.T.);
#6599=IFCFACEOUTERBOUND(#1389,.T.);
#6600=IFCFACEOUTERBOUND(#1390,.T.);
#6601=IFCFACEOUTERBOUND(#1391,.T.);
#6602=IFCFACEOUTERBOUND(#1392,.T.);
#6603=IFCFACEOUTERBOUND(#1393,.T.);
#6604=IFCFACEOUTERBOUND(#1394,.T.);
#6605=IFCFACEOUTERBOUND(#1395,.T.);
#6606=IFCFACEOUTERBOUND(#1396,.T.);
#6607=IFCFACEOUTERBOUND(#1397,.T.);
#6608=IFCFACEOUTERBOUND(#1398,.T.);
#6609=IFCFACEOUTERBOUND(#1399,.T.);
#6610=IFCFACEOUTERBOUND(#1400,.T.);
#6611=IFCFACEOUTERBOUND(#1401,.T.);
#6612=IFCFACEOUTERBOUND(#1402,.T.);
#6613=IFCFACEOUTERBOUND(#1403,.T.);
#6614=IFCFACEOUTERBOUND(#1404,.T.);
#6615=IFCFACEOUTERBOUND(#1405,.T.);
#6616=IFCFACEOUTERBOUND(#1406,.T.);
#6617=IFCFACEOUTERBOUND(#1407,.T.);
#6618=IFCFACEOUTERBOUND(#1408,.T.);
#6619=IFCFACEOUTERBOUND(#1409,.T.);
#6620=IFCFACEOUTERBOUND(#1410,.T.);
#6621=IFCFACEOUTERBOUND(#1411,.T.);
#6622=IFCFACEOUTERBOUND(#1412,.T.);
#6623=IFCFACEOUTERBOUND(#1413,.T.);
#6624=IFCFACEOUTERBOUND(#1414,.T.);
#6625=IFCFACEOUTERBOUND(#1415,.T.);
#6626=IFCFACEOUTERBOUND(#1416,.T.);
#6627=IFCFACEOUTERBOUND(#1417,.T.);
#6628=IFCFACEOUTERBOUND(#1418,.T.);
#6629=IFCFACEOUTERBOUND(#1419,.T.);
#6630=IFCFACEOUTERBOUND(#1420,.T.);
#6631=IFCFACEOUTERBOUND(#1421,.T.);
#6632=IFCFACEOUTERBOUND(#1422,.T.);
#6633=IFCFACEOUTERBOUND(#1423,.T.);
#6634=IFCFACEOUTERBOUND(#1424,.T.);
#6635=IFCFACEOUTERBOUND(#1425,.T.);
#6636=IFCFACEOUTERBOUND(#1426,.T.);
#6637=IFCFACEOUTERBOUND(#1427,.T.);
#6638=IFCFACEOUTERBOUND(#1428,.T.);
#6639=IFCFACEOUTERBOUND(#1429,.T.);
#6640=IFCFACEOUTERBOUND(#1430,.T.);
#6641=IFCFACEOUTERBOUND(#1431,.T.);
#6642=IFCFACEOUTERBOUND(#1432,.T.);
#6643=IFCFACEOUTERBOUND(#1433,.T.);
#6644=IFCFACEOUTERBOUND(#1434,.T.);
#6645=IFCFACEOUTERBOUND(#1435,.T.);
#6646=IFCFACEOUTERBOUND(#1436,.T.);
#6647=IFCFACEOUTERBOUND(#1437,.T.);
#6648=IFCFACEOUTERBOUND(#1438,.T.);
#6649=IFCFACEOUTERBOUND(#1439,.T.);
#6650=IFCFACEOUTERBOUND(#1440,.T.);
#6651=IFCFACEOUTERBOUND(#1441,.T.);
#6652=IFCFACEOUTERBOUND(#1442,.T.);
#6653=IFCFACEOUTERBOUND(#1443,.T.);
#6654=IFCFACEOUTERBOUND(#1444,.T.);
#6655=IFCFACEOUTERBOUND(#1445,.T.);
#6656=IFCFACEOUTERBOUND(#1446,.T.);
#6657=IFCFACEOUTERBOUND(#1447,.T.);
#6658=IFCFACEOUTERBOUND(#1448,.T.);
#6659=IFCFACEOUTERBOUND(#1449,.T.);
#6660=IFCFACEOUTERBOUND(#1450,.T.);
#6661=IFCFACEOUTERBOUND(#1451,.T.);
#6662=IFCFACEOUTERBOUND(#1452,.T.);
#6663=IFCFACEOUTERBOUND(#1453,.T.);
#6664=IFCFACEOUTERBOUND(#1454,.T.);
#6665=IFCFACEOUTERBOUND(#1455,.T.);
#6666=IFCFACEOUTERBOUND(#1456,.T.);
#6667=IFCFACEOUTERBOUND(#1457,.T.);
#6668=IFCFACEOUTERBOUND(#1458,.T.);
#6669=IFCFACEOUTERBOUND(#1459,.T.);
#6670=IFCFACEOUTERBOUND(#1460,.T.);
#6671=IFCFACEOUTERBOUND(#1461,.T.);
#6672=IFCFACEOUTERBOUND(#1462,.T.);
#6673=IFCFACEOUTERBOUND(#1463,.T.);
#6674=IFCFACEOUTERBOUND(#1464,.T.);
#6675=IFCFACEOUTERBOUND(#1465,.T.);
#6676=IFCFACEOUTERBOUND(#1466,.T.);
#6677=IFCFACEOUTERBOUND(#1467,.T.);
#6678=IFCFACEOUTERBOUND(#1468,.T.);
#6679=IFCFACEOUTERBOUND(#1469,.T.);
#6680=IFCFACEOUTERBOUND(#1470,.T.);
#6681=IFCFACEOUTERBOUND(#1471,.T.);
#6682=IFCFACEOUTERBOUND(#1472,.T.);
#6683=IFCFACEOUTERBOUND(#1473,.T.);
#6684=IFCFACEOUTERBOUND(#1474,.T.);
#6685=IFCFACEOUTERBOUND(#1475,.T.);
#6686=IFCFACEOUTERBOUND(#1476,.T.);
#6687=IFCFACEOUTERBOUND(#1477,.T.);
#6688=IFCFACEOUTERBOUND(#1478,.T.);
#6689=IFCFACEOUTERBOUND(#1479,.T.);
#6690=IFCFACEOUTERBOUND(#1480,.T.);
#6691=IFCFACEOUTERBOUND(#1481,.T.);
#6692=IFCFACEOUTERBOUND(#1482,.T.);
#6693=IFCFACEOUTERBOUND(#1483,.T.);
#6694=IFCFACEOUTERBOUND(#1484,.T.);
#6695=IFCFACEOUTERBOUND(#1485,.T.);
#6696=IFCFACEOUTERBOUND(#1486,.T.);
#6697=IFCFACEOUTERBOUND(#1487,.T.);
#6698=IFCFACEOUTERBOUND(#1488,.T.);
#6699=IFCFACEOUTERBOUND(#1489,.T.);
#6700=IFCFACEOUTERBOUND(#1490,.T.);
#6701=IFCFACEOUTERBOUND(#1491,.T.);
#6702=IFCFACEOUTERBOUND(#1492,.T.);
#6703=IFCFACEOUTERBOUND(#1493,.T.);
#6704=IFCFACEOUTERBOUND(#1494,.T.);
#6705=IFCFACEOUTERBOUND(#1495,.T.);
#6706=IFCFACEOUTERBOUND(#1496,.T.);
#6707=IFCFACEOUTERBOUND(#1497,.T.);
#6708=IFCFACEOUTERBOUND(#1498,.T.);
#6709=IFCFACEOUTERBOUND(#1499,.T.);
#6710=IFCFACEOUTERBOUND(#1500,.T.);
#6711=IFCFACEOUTERBOUND(#1501,.T.);
#6712=IFCFACEOUTERBOUND(#1502,.T.);
#6713=IFCFACEOUTERBOUND(#1503,.T.);
#6714=IFCFACEOUTERBOUND(#1504,.T.);
#6715=IFCFACEOUTERBOUND(#1505,.T.);
#6716=IFCFACEOUTERBOUND(#1506,.T.);
#6717=IFCFACEOUTERBOUND(#1507,.T.);
#6718=IFCFACEOUTERBOUND(#1508,.T.);
#6719=IFCFACEOUTERBOUND(#1509,.T.);
#6720=IFCFACEOUTERBOUND(#1510,.T.);
#6721=IFCFACEOUTERBOUND(#1511,.T.);
#6722=IFCFACEOUTERBOUND(#1512,.T.);
#6723=IFCFACEOUTERBOUND(#1513,.T.);
#6724=IFCFACEOUTERBOUND(#1514,.T.);
#6725=IFCFACEOUTERBOUND(#1515,.T.);
#6726=IFCFACEOUTERBOUND(#1516,.T.);
#6727=IFCFACEOUTERBOUND(#1517,.T.);
#6728=IFCFACEOUTERBOUND(#1518,.T.);
#6729=IFCFACEOUTERBOUND(#1519,.T.);
#6730=IFCFACEOUTERBOUND(#1520,.T.);
#6731=IFCFACEOUTERBOUND(#1521,.T.);
#6732=IFCFACEOUTERBOUND(#1522,.T.);
#6733=IFCFACEOUTERBOUND(#1523,.T.);
#6734=IFCFACEOUTERBOUND(#1524,.T.);
#6735=IFCFACEOUTERBOUND(#1525,.T.);
#6736=IFCFACEOUTERBOUND(#1526,.T.);
#6737=IFCFACEOUTERBOUND(#1527,.T.);
#6738=IFCFACEOUTERBOUND(#1528,.T.);
#6739=IFCFACEOUTERBOUND(#1529,.T.);
#6740=IFCFACEOUTERBOUND(#1530,.T.);
#6741=IFCFACEOUTERBOUND(#1531,.T.);
#6742=IFCFACEOUTERBOUND(#1532,.T.);
#6743=IFCFACEOUTERBOUND(#1533,.T.);
#6744=IFCFACEOUTERBOUND(#1534,.T.);
#6745=IFCFACEOUTERBOUND(#1535,.T.);
#6746=IFCFACEOUTERBOUND(#1536,.T.);
#6747=IFCFACEOUTERBOUND(#1537,.T.);
#6748=IFCFACEOUTERBOUND(#1538,.T.);
#6749=IFCFACEOUTERBOUND(#1539,.T.);
#6750=IFCFACEOUTERBOUND(#1540,.T.);
#6751=IFCFACEOUTERBOUND(#1541,.T.);
#6752=IFCFACEOUTERBOUND(#1542,.T.);
#6753=IFCFACEOUTERBOUND(#1543,.T.);
#6754=IFCFACEOUTERBOUND(#1544,.T.);
#6755=IFCFACEOUTERBOUND(#1545,.T.);
#6756=IFCFACEOUTERBOUND(#1546,.T.);
#6757=IFCFACEOUTERBOUND(#1547,.T.);
#6758=IFCFACEOUTERBOUND(#1548,.T.);
#6759=IFCFACEOUTERBOUND(#1549,.T.);
#6760=IFCFACEOUTERBOUND(#1550,.T.);
#6761=IFCFACEOUTERBOUND(#1551,.T.);
#6762=IFCFACEOUTERBOUND(#1552,.T.);
#6763=IFCFACEOUTERBOUND(#1553,.T.);
#6764=IFCFACEOUTERBOUND(#1554,.T.);
#6765=IFCFACEOUTERBOUND(#1555,.T.);
#6766=IFCFACEOUTERBOUND(#1556,.T.);
#6767=IFCFACEOUTERBOUND(#1557,.T.);
#6768=IFCFACEOUTERBOUND(#1558,.T.);
#6769=IFCFACEOUTERBOUND(#1559,.T.);
#6770=IFCFACEOUTERBOUND(#1560,.T.);
#6771=IFCFACEOUTERBOUND(#1561,.T.);
#6772=IFCFACEOUTERBOUND(#1562,.T.);
#6773=IFCFACEOUTERBOUND(#1563,.T.);
#6774=IFCFACEOUTERBOUND(#1564,.T.);
#6775=IFCFACEOUTERBOUND(#1565,.T.);
#6776=IFCFACEOUTERBOUND(#1566,.T.);
#6777=IFCFACEOUTERBOUND(#1567,.T.);
#6778=IFCFACEOUTERBOUND(#1568,.T.);
#6779=IFCFACEOUTERBOUND(#1569,.T.);
#6780=IFCFACEOUTERBOUND(#1570,.T.);
#6781=IFCFACEOUTERBOUND(#1571,.T.);
#6782=IFCFACEOUTERBOUND(#1572,.T.);
#6783=IFCFACEOUTERBOUND(#1573,.T.);
#6784=IFCFACEOUTERBOUND(#1574,.T.);
#6785=IFCFACEOUTERBOUND(#1575,.T.);
#6786=IFCFACEOUTERBOUND(#1576,.T.);
#6787=IFCFACEOUTERBOUND(#1577,.T.);
#6788=IFCFACEOUTERBOUND(#1578,.T.);
#6789=IFCFACEOUTERBOUND(#1579,.T.);
#6790=IFCFACEOUTERBOUND(#1580,.T.);
#6791=IFCFACEOUTERBOUND(#1581,.T.);
#6792=IFCFACEOUTERBOUND(#1582,.T.);
#6793=IFCFACEOUTERBOUND(#1583,.T.);
#6794=IFCFACEOUTERBOUND(#1584,.T.);
#6795=IFCFACEOUTERBOUND(#1585,.T.);
#6796=IFCFACEOUTERBOUND(#1586,.T.);
#6797=IFCFACEOUTERBOUND(#1587,.T.);
#6798=IFCFACEOUTERBOUND(#1588,.T.);
#6799=IFCFACEOUTERBOUND(#1589,.T.);
#6800=IFCFACEOUTERBOUND(#1590,.T.);
#6801=IFCFACEOUTERBOUND(#1591,.T.);
#6802=IFCFACEOUTERBOUND(#1592,.T.);
#6803=IFCFACEOUTERBOUND(#1593,.T.);
#6804=IFCFACEOUTERBOUND(#1594,.T.);
#6805=IFCFACEOUTERBOUND(#1595,.T.);
#6806=IFCFACEOUTERBOUND(#1596,.T.);
#6807=IFCFACEOUTERBOUND(#1597,.T.);
#6808=IFCFACEOUTERBOUND(#1598,.T.);
#6809=IFCFACEOUTERBOUND(#1599,.T.);
#6810=IFCFACEOUTERBOUND(#1600,.T.);
#6811=IFCFACEOUTERBOUND(#1601,.T.);
#6812=IFCFACEOUTERBOUND(#1602,.T.);
#6813=IFCFACEOUTERBOUND(#1603,.T.);
#6814=IFCFACEOUTERBOUND(#1604,.T.);
#6815=IFCFACEOUTERBOUND(#1605,.T.);
#6816=IFCFACEOUTERBOUND(#1606,.T.);
#6817=IFCFACEOUTERBOUND(#1607,.T.);
#6818=IFCFACEOUTERBOUND(#1608,.T.);
#6819=IFCFACEOUTERBOUND(#1609,.T.);
#6820=IFCFACEOUTERBOUND(#1610,.T.);
#6821=IFCFACEOUTERBOUND(#1611,.T.);
#6822=IFCFACEOUTERBOUND(#1612,.T.);
#6823=IFCFACEOUTERBOUND(#1613,.T.);
#6824=IFCFACEOUTERBOUND(#1614,.T.);
#6825=IFCFACEOUTERBOUND(#1615,.T.);
#6826=IFCFACEOUTERBOUND(#1616,.T.);
#6827=IFCFACEOUTERBOUND(#1617,.T.);
#6828=IFCFACEOUTERBOUND(#1618,.T.);
#6829=IFCFACEOUTERBOUND(#1619,.T.);
#6830=IFCFACEOUTERBOUND(#1620,.T.);
#6831=IFCFACEOUTERBOUND(#1621,.T.);
#6832=IFCFACEOUTERBOUND(#1622,.T.);
#6833=IFCFACEOUTERBOUND(#1623,.T.);
#6834=IFCFACEOUTERBOUND(#1624,.T.);
#6835=IFCFACEOUTERBOUND(#1625,.T.);
#6836=IFCFACEOUTERBOUND(#1626,.T.);
#6837=IFCFACEOUTERBOUND(#1627,.T.);
#6838=IFCFACEOUTERBOUND(#1628,.T.);
#6839=IFCFACEOUTERBOUND(#1629,.T.);
#6840=IFCFACEOUTERBOUND(#1630,.T.);
#6841=IFCFACEOUTERBOUND(#1631,.T.);
#6842=IFCFACEOUTERBOUND(#1632,.T.);
#6843=IFCFACEOUTERBOUND(#1633,.T.);
#6844=IFCFACEOUTERBOUND(#1634,.T.);
#6845=IFCFACEOUTERBOUND(#1635,.T.);
#6846=IFCFACEOUTERBOUND(#1636,.T.);
#6847=IFCFACEOUTERBOUND(#1637,.T.);
#6848=IFCFACEOUTERBOUND(#1638,.T.);
#6849=IFCFACEOUTERBOUND(#1639,.T.);
#6850=IFCFACEOUTERBOUND(#1640,.T.);
#6851=IFCFACEOUTERBOUND(#1641,.T.);
#6852=IFCFACEOUTERBOUND(#1642,.T.);
#6853=IFCFACEOUTERBOUND(#1643,.T.);
#6854=IFCFACEOUTERBOUND(#1644,.T.);
#6855=IFCFACEOUTERBOUND(#1645,.T.);
#6856=IFCFACEOUTERBOUND(#1646,.T.);
#6857=IFCFACEOUTERBOUND(#1647,.T.);
#6858=IFCFACEOUTERBOUND(#1648,.T.);
#6859=IFCFACEOUTERBOUND(#1649,.T.);
#6860=IFCFACEOUTERBOUND(#1650,.T.);
#6861=IFCFACEOUTERBOUND(#1651,.T.);
#6862=IFCFACEOUTERBOUND(#1652,.T.);
#6863=IFCFACEOUTERBOUND(#1653,.T.);
#6864=IFCFACEOUTERBOUND(#1654,.T.);
#6865=IFCFACEOUTERBOUND(#1655,.T.);
#6866=IFCFACEOUTERBOUND(#1656,.T.);
#6867=IFCFACEOUTERBOUND(#1657,.T.);
#6868=IFCFACEOUTERBOUND(#1658,.T.);
#6869=IFCFACEOUTERBOUND(#1659,.T.);
#6870=IFCFACEOUTERBOUND(#1660,.T.);
#6871=IFCFACEOUTERBOUND(#1661,.T.);
#6872=IFCFACEOUTERBOUND(#1662,.T.);
#6873=IFCFACEOUTERBOUND(#1663,.T.);
#6874=IFCFACEOUTERBOUND(#1664,.T.);
#6875=IFCFACEOUTERBOUND(#1665,.T.);
#6876=IFCFACEOUTERBOUND(#1666,.T.);
#6877=IFCFACEOUTERBOUND(#1667,.T.);
#6878=IFCFACEOUTERBOUND(#1668,.T.);
#6879=IFCFACEOUTERBOUND(#1669,.T.);
#6880=IFCFACEOUTERBOUND(#1670,.T.);
#6881=IFCFACEOUTERBOUND(#1671,.T.);
#6882=IFCFACEOUTERBOUND(#1672,.T.);
#6883=IFCFACEOUTERBOUND(#1673,.T.);
#6884=IFCFACEOUTERBOUND(#1674,.T.);
#6885=IFCFACEOUTERBOUND(#1675,.T.);
#6886=IFCFACEOUTERBOUND(#1676,.T.);
#6887=IFCFACEOUTERBOUND(#1677,.T.);
#6888=IFCFACEOUTERBOUND(#1678,.T.);
#6889=IFCFACEOUTERBOUND(#1679,.T.);
#6890=IFCFACEOUTERBOUND(#1680,.T.);
#6891=IFCFACEOUTERBOUND(#1681,.T.);
#6892=IFCFACEOUTERBOUND(#1682,.T.);
#6893=IFCFACEOUTERBOUND(#1683,.T.);
#6894=IFCFACEOUTERBOUND(#1684,.T.);
#6895=IFCFACEOUTERBOUND(#1685,.T.);
#6896=IFCFACEOUTERBOUND(#1686,.T.);
#6897=IFCFACEOUTERBOUND(#1687,.T.);
#6898=IFCFACEOUTERBOUND(#1688,.T.);
#6899=IFCFACEOUTERBOUND(#1689,.T.);
#6900=IFCFACEOUTERBOUND(#1690,.T.);
#6901=IFCFACEOUTERBOUND(#1691,.T.);
#6902=IFCFACEOUTERBOUND(#1692,.T.);
#6903=IFCFACEOUTERBOUND(#1693,.T.);
#6904=IFCFACEOUTERBOUND(#1694,.T.);
#6905=IFCFACEOUTERBOUND(#1695,.T.);
#6906=IFCFACEOUTERBOUND(#1696,.T.);
#6907=IFCFACEOUTERBOUND(#1697,.T.);
#6908=IFCFACEOUTERBOUND(#1698,.T.);
#6909=IFCFACEOUTERBOUND(#1699,.T.);
#6910=IFCFACEOUTERBOUND(#1700,.T.);
#6911=IFCFACEOUTERBOUND(#1701,.T.);
#6912=IFCFACEOUTERBOUND(#1702,.T.);
#6913=IFCFACEOUTERBOUND(#1703,.T.);
#6914=IFCFACEOUTERBOUND(#1704,.T.);
#6915=IFCFACEOUTERBOUND(#1705,.T.);
#6916=IFCFACEOUTERBOUND(#1706,.T.);
#6917=IFCFACEOUTERBOUND(#1707,.T.);
#6918=IFCFACEOUTERBOUND(#1708,.T.);
#6919=IFCFACEOUTERBOUND(#1709,.T.);
#6920=IFCFACEOUTERBOUND(#1710,.T.);
#6921=IFCFACEOUTERBOUND(#1711,.T.);
#6922=IFCFACEOUTERBOUND(#1712,.T.);
#6923=IFCFACEOUTERBOUND(#1713,.T.);
#6924=IFCFACEOUTERBOUND(#1714,.T.);
#6925=IFCFACEOUTERBOUND(#1715,.T.);
#6926=IFCFACEOUTERBOUND(#1716,.T.);
#6927=IFCFACEOUTERBOUND(#1717,.T.);
#6928=IFCFACEOUTERBOUND(#1718,.T.);
#6929=IFCFACEOUTERBOUND(#1719,.T.);
#6930=IFCFACEOUTERBOUND(#1720,.T.);
#6931=IFCFACEOUTERBOUND(#1721,.T.);
#6932=IFCFACEOUTERBOUND(#1722,.T.);
#6933=IFCFACEOUTERBOUND(#1723,.T.);
#6934=IFCFACEOUTERBOUND(#1724,.T.);
#6935=IFCFACEOUTERBOUND(#1725,.T.);
#6936=IFCFACEOUTERBOUND(#1726,.T.);
#6937=IFCFACEOUTERBOUND(#1727,.T.);
#6938=IFCFACEOUTERBOUND(#1728,.T.);
#6939=IFCFACEOUTERBOUND(#1729,.T.);
#6940=IFCFACEOUTERBOUND(#1730,.T.);
#6941=IFCFACEOUTERBOUND(#1731,.T.);
#6942=IFCFACEOUTERBOUND(#1732,.T.);
#6943=IFCFACEOUTERBOUND(#1733,.T.);
#6944=IFCFACEOUTERBOUND(#1734,.T.);
#6945=IFCFACEOUTERBOUND(#1735,.T.);
#6946=IFCFACEOUTERBOUND(#1736,.T.);
#6947=IFCFACEOUTERBOUND(#1737,.T.);
#6948=IFCFACEOUTERBOUND(#1738,.T.);
#6949=IFCFACEOUTERBOUND(#1739,.T.);
#6950=IFCFACEOUTERBOUND(#1740,.T.);
#6951=IFCFACEOUTERBOUND(#1741,.T.);
#6952=IFCFACEOUTERBOUND(#1742,.T.);
#6953=IFCFACEOUTERBOUND(#1743,.T.);
#6954=IFCFACEOUTERBOUND(#1744,.T.);
#6955=IFCFACEOUTERBOUND(#1745,.T.);
#6956=IFCFACEOUTERBOUND(#1746,.T.);
#6957=IFCFACEOUTERBOUND(#1747,.T.);
#6958=IFCFACEOUTERBOUND(#1748,.T.);
#6959=IFCFACEOUTERBOUND(#1749,.T.);
#6960=IFCFACEOUTERBOUND(#1750,.T.);
#6961=IFCFACEOUTERBOUND(#1751,.T.);
#6962=IFCFACEOUTERBOUND(#1752,.T.);
#6963=IFCFACEOUTERBOUND(#1753,.T.);
#6964=IFCFACEOUTERBOUND(#1754,.T.);
#6965=IFCFACEOUTERBOUND(#1755,.T.);
#6966=IFCFACEOUTERBOUND(#1756,.T.);
#6967=IFCFACEOUTERBOUND(#1757,.T.);
#6968=IFCFACEOUTERBOUND(#1758,.T.);
#6969=IFCFACEOUTERBOUND(#1759,.T.);
#6970=IFCFACEOUTERBOUND(#1760,.T.);
#6971=IFCFACEOUTERBOUND(#1761,.T.);
#6972=IFCFACEOUTERBOUND(#1762,.T.);
#6973=IFCFACEOUTERBOUND(#1763,.T.);
#6974=IFCFACEOUTERBOUND(#1764,.T.);
#6975=IFCFACEOUTERBOUND(#1765,.T.);
#6976=IFCFACEOUTERBOUND(#1766,.T.);
#6977=IFCFACEOUTERBOUND(#1767,.T.);
#6978=IFCFACEOUTERBOUND(#1768,.T.);
#6979=IFCFACEOUTERBOUND(#1769,.T.);
#6980=IFCFACEOUTERBOUND(#1770,.T.);
#6981=IFCFACEOUTERBOUND(#1771,.T.);
#6982=IFCFACEOUTERBOUND(#1772,.T.);
#6983=IFCFACEOUTERBOUND(#1773,.T.);
#6984=IFCFACEOUTERBOUND(#1774,.T.);
#6985=IFCFACEOUTERBOUND(#1775,.T.);
#6986=IFCFACEOUTERBOUND(#1776,.T.);
#6987=IFCFACEOUTERBOUND(#1777,.T.);
#6988=IFCFACEOUTERBOUND(#1778,.T.);
#6989=IFCFACEOUTERBOUND(#1779,.T.);
#6990=IFCFACEOUTERBOUND(#1780,.T.);
#6991=IFCFACEOUTERBOUND(#1781,.T.);
#6992=IFCFACEOUTERBOUND(#1782,.T.);
#6993=IFCFACEOUTERBOUND(#1783,.T.);
#6994=IFCFACEOUTERBOUND(#1784,.T.);
#6995=IFCFACEOUTERBOUND(#1785,.T.);
#6996=IFCFACEOUTERBOUND(#1786,.T.);
#6997=IFCFACEOUTERBOUND(#1787,.T.);
#6998=IFCFACEOUTERBOUND(#1788,.T.);
#6999=IFCFACEOUTERBOUND(#1789,.T.);
#7000=IFCFACEOUTERBOUND(#1790,.T.);
#7001=IFCFACEOUTERBOUND(#1791,.T.);
#7002=IFCFACEOUTERBOUND(#1792,.T.);
#7003=IFCFACEOUTERBOUND(#1793,.T.);
#7004=IFCFACEOUTERBOUND(#1794,.T.);
#7005=IFCFACEOUTERBOUND(#1795,.T.);
#7006=IFCFACEOUTERBOUND(#1796,.T.);
#7007=IFCFACEOUTERBOUND(#1797,.T.);
#7008=IFCFACEOUTERBOUND(#1798,.T.);
#7009=IFCFACEOUTERBOUND(#1799,.T.);
#7010=IFCFACEOUTERBOUND(#1800,.T.);
#7011=IFCFACEOUTERBOUND(#1801,.T.);
#7012=IFCFACEOUTERBOUND(#1802,.T.);
#7013=IFCFACEOUTERBOUND(#1803,.T.);
#7014=IFCFACEOUTERBOUND(#1804,.T.);
#7015=IFCFACEOUTERBOUND(#1805,.T.);
#7016=IFCFACEOUTERBOUND(#1806,.T.);
#7017=IFCFACEOUTERBOUND(#1807,.T.);
#7018=IFCFACEOUTERBOUND(#1808,.T.);
#7019=IFCFACEOUTERBOUND(#1809,.T.);
#7020=IFCFACEOUTERBOUND(#1810,.T.);
#7021=IFCFACEOUTERBOUND(#1811,.T.);
#7022=IFCFACEOUTERBOUND(#1812,.T.);
#7023=IFCFACEOUTERBOUND(#1813,.T.);
#7024=IFCFACEOUTERBOUND(#1814,.T.);
#7025=IFCFACEOUTERBOUND(#1815,.T.);
#7026=IFCFACEOUTERBOUND(#1816,.T.);
#7027=IFCFACEOUTERBOUND(#1817,.T.);
#7028=IFCFACEOUTERBOUND(#1818,.T.);
#7029=IFCFACEOUTERBOUND(#1819,.T.);
#7030=IFCFACEOUTERBOUND(#1820,.T.);
#7031=IFCFACEOUTERBOUND(#1821,.T.);
#7032=IFCFACEOUTERBOUND(#1822,.T.);
#7033=IFCFACEOUTERBOUND(#1823,.T.);
#7034=IFCFACEOUTERBOUND(#1824,.T.);
#7035=IFCFACEOUTERBOUND(#1825,.T.);
#7036=IFCFACEOUTERBOUND(#1826,.T.);
#7037=IFCFACEOUTERBOUND(#1827,.T.);
#7038=IFCFACEOUTERBOUND(#1828,.T.);
#7039=IFCFACEOUTERBOUND(#1829,.T.);
#7040=IFCFACEOUTERBOUND(#1830,.T.);
#7041=IFCFACEOUTERBOUND(#1831,.T.);
#7042=IFCFACEOUTERBOUND(#1832,.T.);
#7043=IFCFACEOUTERBOUND(#1833,.T.);
#7044=IFCFACEOUTERBOUND(#1834,.T.);
#7045=IFCFACEOUTERBOUND(#1835,.T.);
#7046=IFCFACEOUTERBOUND(#1836,.T.);
#7047=IFCFACEOUTERBOUND(#1837,.T.);
#7048=IFCFACEOUTERBOUND(#1838,.T.);
#7049=IFCFACEOUTERBOUND(#1839,.T.);
#7050=IFCFACEOUTERBOUND(#1840,.T.);
#7051=IFCFACEOUTERBOUND(#1841,.T.);
#7052=IFCFACEOUTERBOUND(#1842,.T.);
#7053=IFCFACEOUTERBOUND(#1843,.T.);
#7054=IFCFACEOUTERBOUND(#1844,.T.);
#7055=IFCFACEOUTERBOUND(#1845,.T.);
#7056=IFCFACEOUTERBOUND(#1846,.T.);
#7057=IFCFACEOUTERBOUND(#1847,.T.);
#7058=IFCFACEOUTERBOUND(#1848,.T.);
#7059=IFCFACEOUTERBOUND(#1849,.T.);
#7060=IFCFACEOUTERBOUND(#1850,.T.);
#7061=IFCFACEOUTERBOUND(#1851,.T.);
#7062=IFCFACEOUTERBOUND(#1852,.T.);
#7063=IFCFACEOUTERBOUND(#1853,.T.);
#7064=IFCFACEOUTERBOUND(#1854,.T.);
#7065=IFCFACEOUTERBOUND(#1855,.T.);
#7066=IFCFACEOUTERBOUND(#1856,.T.);
#7067=IFCFACEOUTERBOUND(#1857,.T.);
#7068=IFCFACEOUTERBOUND(#1858,.T.);
#7069=IFCFACEOUTERBOUND(#1859,.T.);
#7070=IFCFACEOUTERBOUND(#1860,.T.);
#7071=IFCFACEOUTERBOUND(#1861,.T.);
#7072=IFCFACEOUTERBOUND(#1862,.T.);
#7073=IFCFACEOUTERBOUND(#1863,.T.);
#7074=IFCFACEOUTERBOUND(#1864,.T.);
#7075=IFCFACEOUTERBOUND(#1865,.T.);
#7076=IFCFACEOUTERBOUND(#1866,.T.);
#7077=IFCFACEOUTERBOUND(#1867,.T.);
#7078=IFCFACEOUTERBOUND(#1868,.T.);
#7079=IFCFACEOUTERBOUND(#1869,.T.);
#7080=IFCFACEOUTERBOUND(#1870,.T.);
#7081=IFCFACEOUTERBOUND(#1871,.T.);
#7082=IFCFACEOUTERBOUND(#1872,.T.);
#7083=IFCFACEOUTERBOUND(#1873,.T.);
#7084=IFCFACEOUTERBOUND(#1874,.T.);
#7085=IFCFACEOUTERBOUND(#1875,.T.);
#7086=IFCFACEOUTERBOUND(#1876,.T.);
#7087=IFCFACEOUTERBOUND(#1877,.T.);
#7088=IFCFACEOUTERBOUND(#1878,.T.);
#7089=IFCFACEOUTERBOUND(#1879,.T.);
#7090=IFCFACEOUTERBOUND(#1880,.T.);
#7091=IFCFACEOUTERBOUND(#1881,.T.);
#7092=IFCFACEOUTERBOUND(#1882,.T.);
#7093=IFCFACEOUTERBOUND(#1883,.T.);
#7094=IFCFACEOUTERBOUND(#1884,.T.);
#7095=IFCFACEOUTERBOUND(#1885,.T.);
#7096=IFCFACEOUTERBOUND(#1886,.T.);
#7097=IFCFACEOUTERBOUND(#1887,.T.);
#7098=IFCFACEOUTERBOUND(#1888,.T.);
#7099=IFCFACEOUTERBOUND(#1889,.T.);
#7100=IFCFACEOUTERBOUND(#1890,.T.);
#7101=IFCFACEOUTERBOUND(#1891,.T.);
#7102=IFCFACEOUTERBOUND(#1892,.T.);
#7103=IFCFACEOUTERBOUND(#1893,.T.);
#7104=IFCFACEOUTERBOUND(#1894,.T.);
#7105=IFCFACEOUTERBOUND(#1895,.T.);
#7106=IFCFACEOUTERBOUND(#1896,.T.);
#7107=IFCFACEOUTERBOUND(#1897,.T.);
#7108=IFCFACEOUTERBOUND(#1898,.T.);
#7109=IFCFACEOUTERBOUND(#1899,.T.);
#7110=IFCFACEOUTERBOUND(#1900,.T.);
#7111=IFCFACEOUTERBOUND(#1901,.T.);
#7112=IFCFACEOUTERBOUND(#1902,.T.);
#7113=IFCFACEOUTERBOUND(#1903,.T.);
#7114=IFCFACEOUTERBOUND(#1904,.T.);
#7115=IFCFACEOUTERBOUND(#1905,.T.);
#7116=IFCFACEOUTERBOUND(#1906,.T.);
#7117=IFCFACEOUTERBOUND(#1907,.T.);
#7118=IFCFACEOUTERBOUND(#1908,.T.);
#7119=IFCFACEOUTERBOUND(#1909,.T.);
#7120=IFCFACEOUTERBOUND(#1910,.T.);
#7121=IFCFACEOUTERBOUND(#1911,.T.);
#7122=IFCFACEOUTERBOUND(#1912,.T.);
#7123=IFCFACEOUTERBOUND(#1913,.T.);
#7124=IFCFACEOUTERBOUND(#1914,.T.);
#7125=IFCFACEOUTERBOUND(#1915,.T.);
#7126=IFCFACEOUTERBOUND(#1916,.T.);
#7127=IFCFACEOUTERBOUND(#1917,.T.);
#7128=IFCFACEOUTERBOUND(#1918,.T.);
#7129=IFCFACEOUTERBOUND(#1919,.T.);
#7130=IFCFACEOUTERBOUND(#1920,.T.);
#7131=IFCFACEOUTERBOUND(#1921,.T.);
#7132=IFCFACEOUTERBOUND(#1922,.T.);
#7133=IFCFACEOUTERBOUND(#1923,.T.);
#7134=IFCFACEOUTERBOUND(#1924,.T.);
#7135=IFCFACEOUTERBOUND(#1925,.T.);
#7136=IFCFACEOUTERBOUND(#1926,.T.);
#7137=IFCFACEOUTERBOUND(#1927,.T.);
#7138=IFCFACEOUTERBOUND(#1928,.T.);
#7139=IFCFACEOUTERBOUND(#1929,.T.);
#7140=IFCFACEOUTERBOUND(#1930,.T.);
#7141=IFCFACEOUTERBOUND(#1931,.T.);
#7142=IFCFACEOUTERBOUND(#1932,.T.);
#7143=IFCFACEOUTERBOUND(#1933,.T.);
#7144=IFCFACEOUTERBOUND(#1934,.T.);
#7145=IFCFACEOUTERBOUND(#1935,.T.);
#7146=IFCFACEOUTERBOUND(#1936,.T.);
#7147=IFCFACEOUTERBOUND(#1937,.T.);
#7148=IFCFACEOUTERBOUND(#1938,.T.);
#7149=IFCFACEOUTERBOUND(#1939,.T.);
#7150=IFCFACEOUTERBOUND(#1940,.T.);
#7151=IFCFACEOUTERBOUND(#1941,.T.);
#7152=IFCFACEOUTERBOUND(#1942,.T.);
#7153=IFCFACEOUTERBOUND(#1943,.T.);
#7154=IFCFACEOUTERBOUND(#1944,.T.);
#7155=IFCFACEOUTERBOUND(#1945,.T.);
#7156=IFCFACEOUTERBOUND(#1946,.T.);
#7157=IFCFACEOUTERBOUND(#1947,.T.);
#7158=IFCFACEOUTERBOUND(#1948,.T.);
#7159=IFCFACEOUTERBOUND(#1949,.T.);
#7160=IFCFACEOUTERBOUND(#1950,.T.);
#7161=IFCFACEOUTERBOUND(#1951,.T.);
#7162=IFCFACEOUTERBOUND(#1952,.T.);
#7163=IFCFACEOUTERBOUND(#1953,.T.);
#7164=IFCFACEOUTERBOUND(#1954,.T.);
#7165=IFCFACEOUTERBOUND(#1955,.T.);
#7166=IFCFACEOUTERBOUND(#1956,.T.);
#7167=IFCFACEOUTERBOUND(#1957,.T.);
#7168=IFCFACEOUTERBOUND(#1958,.T.);
#7169=IFCFACEOUTERBOUND(#1959,.T.);
#7170=IFCFACEOUTERBOUND(#1960,.T.);
#7171=IFCFACEOUTERBOUND(#1961,.T.);
#7172=IFCFACEOUTERBOUND(#1962,.T.);
#7173=IFCFACEOUTERBOUND(#1963,.T.);
#7174=IFCFACEOUTERBOUND(#1964,.T.);
#7175=IFCFACEOUTERBOUND(#1965,.T.);
#7176=IFCFACEOUTERBOUND(#1966,.T.);
#7177=IFCFACEOUTERBOUND(#1967,.T.);
#7178=IFCFACEOUTERBOUND(#1968,.T.);
#7179=IFCFACEOUTERBOUND(#1969,.T.);
#7180=IFCFACEOUTERBOUND(#1970,.T.);
#7181=IFCFACEOUTERBOUND(#1971,.T.);
#7182=IFCFACEOUTERBOUND(#1972,.T.);
#7183=IFCFACEOUTERBOUND(#1973,.T.);
#7184=IFCFACEOUTERBOUND(#1974,.T.);
#7185=IFCFACEOUTERBOUND(#1975,.T.);
#7186=IFCFACEOUTERBOUND(#1976,.T.);
#7187=IFCFACEOUTERBOUND(#1977,.T.);
#7188=IFCFACEOUTERBOUND(#1978,.T.);
#7189=IFCFACEOUTERBOUND(#1979,.T.);
#7190=IFCFACEOUTERBOUND(#1980,.T.);
#7191=IFCFACEOUTERBOUND(#1981,.T.);
#7192=IFCFACEOUTERBOUND(#1982,.T.);
#7193=IFCFACEOUTERBOUND(#1983,.T.);
#7194=IFCFACEOUTERBOUND(#1984,.T.);
#7195=IFCFACEOUTERBOUND(#1985,.T.);
#7196=IFCFACEOUTERBOUND(#1986,.T.);
#7197=IFCFACEOUTERBOUND(#1987,.T.);
#7198=IFCFACEOUTERBOUND(#1988,.T.);
#7199=IFCFACEOUTERBOUND(#1989,.T.);
#7200=IFCFACEOUTERBOUND(#1990,.T.);
#7201=IFCFACEOUTERBOUND(#1991,.T.);
#7202=IFCFACEOUTERBOUND(#1992,.T.);
#7203=IFCFACEOUTERBOUND(#1993,.T.);
#7204=IFCFACEOUTERBOUND(#1994,.T.);
#7205=IFCFACEOUTERBOUND(#1995,.T.);
#7206=IFCFACEOUTERBOUND(#1996,.T.);
#7207=IFCFACEOUTERBOUND(#1997,.T.);
#7208=IFCFACEOUTERBOUND(#1998,.T.);
#7209=IFCFACEOUTERBOUND(#1999,.T.);
#7210=IFCFACEOUTERBOUND(#2000,.T.);
#7211=IFCFACEOUTERBOUND(#2001,.T.);
#7212=IFCFACEOUTERBOUND(#2002,.T.);
#7213=IFCFACEOUTERBOUND(#2003,.T.);
#7214=IFCFACEOUTERBOUND(#2004,.T.);
#7215=IFCFACEOUTERBOUND(#2005,.T.);
#7216=IFCFACEOUTERBOUND(#2006,.T.);
#7217=IFCFACEOUTERBOUND(#2007,.T.);
#7218=IFCFACEOUTERBOUND(#2008,.T.);
#7219=IFCFACEOUTERBOUND(#2009,.T.);
#7220=IFCFACEOUTERBOUND(#2010,.T.);
#7221=IFCFACEOUTERBOUND(#2011,.T.);
#7222=IFCFACEOUTERBOUND(#2012,.T.);
#7223=IFCFACEOUTERBOUND(#2013,.T.);
#7224=IFCFACEOUTERBOUND(#2014,.T.);
#7225=IFCFACEOUTERBOUND(#2015,.T.);
#7226=IFCFACEOUTERBOUND(#2016,.T.);
#7227=IFCFACEOUTERBOUND(#2017,.T.);
#7228=IFCFACEOUTERBOUND(#2018,.T.);
#7229=IFCFACEOUTERBOUND(#2019,.T.);
#7230=IFCFACEOUTERBOUND(#2020,.T.);
#7231=IFCFACEOUTERBOUND(#2021,.T.);
#7232=IFCFACEOUTERBOUND(#2022,.T.);
#7233=IFCFACEOUTERBOUND(#2023,.T.);
#7234=IFCFACEOUTERBOUND(#2024,.T.);
#7235=IFCFACEOUTERBOUND(#2025,.T.);
#7236=IFCFACEOUTERBOUND(#2026,.T.);
#7237=IFCFACEOUTERBOUND(#2027,.T.);
#7238=IFCFACEOUTERBOUND(#2028,.T.);
#7239=IFCFACEOUTERBOUND(#2029,.T.);
#7240=IFCFACEOUTERBOUND(#2030,.T.);
#7241=IFCFACEOUTERBOUND(#2031,.T.);
#7242=IFCFACEOUTERBOUND(#2032,.T.);
#7243=IFCFACEOUTERBOUND(#2033,.T.);
#7244=IFCFACEOUTERBOUND(#2034,.T.);
#7245=IFCFACEOUTERBOUND(#2035,.T.);
#7246=IFCFACEOUTERBOUND(#2036,.T.);
#7247=IFCFACEOUTERBOUND(#2037,.T.);
#7248=IFCFACEOUTERBOUND(#2038,.T.);
#7249=IFCFACEOUTERBOUND(#2039,.T.);
#7250=IFCFACEOUTERBOUND(#2040,.T.);
#7251=IFCFACEOUTERBOUND(#2041,.T.);
#7252=IFCFACEOUTERBOUND(#2042,.T.);
#7253=IFCFACEOUTERBOUND(#2043,.T.);
#7254=IFCFACEOUTERBOUND(#2044,.T.);
#7255=IFCFACEOUTERBOUND(#2045,.T.);
#7256=IFCFACEOUTERBOUND(#2046,.T.);
#7257=IFCFACEOUTERBOUND(#2047,.T.);
#7258=IFCFACEOUTERBOUND(#2048,.T.);
#7259=IFCFACEOUTERBOUND(#2049,.T.);
#7260=IFCFACEOUTERBOUND(#2050,.T.);
#7261=IFCFACEOUTERBOUND(#2051,.T.);
#7262=IFCFACEOUTERBOUND(#2052,.T.);
#7263=IFCFACEOUTERBOUND(#2053,.T.);
#7264=IFCFACEOUTERBOUND(#2054,.T.);
#7265=IFCFACEOUTERBOUND(#2055,.T.);
#7266=IFCFACEOUTERBOUND(#2056,.T.);
#7267=IFCFACEOUTERBOUND(#2057,.T.);
#7268=IFCFACEOUTERBOUND(#2058,.T.);
#7269=IFCFACEOUTERBOUND(#2059,.T.);
#7270=IFCFACEOUTERBOUND(#2060,.T.);
#7271=IFCFACEOUTERBOUND(#2061,.T.);
#7272=IFCFACEOUTERBOUND(#2062,.T.);
#7273=IFCFACEOUTERBOUND(#2063,.T.);
#7274=IFCFACEOUTERBOUND(#2064,.T.);
#7275=IFCFACEOUTERBOUND(#2065,.T.);
#7276=IFCFACEOUTERBOUND(#2066,.T.);
#7277=IFCFACEOUTERBOUND(#2067,.T.);
#7278=IFCFACEOUTERBOUND(#2068,.T.);
#7279=IFCFACEOUTERBOUND(#2069,.T.);
#7280=IFCFACEOUTERBOUND(#2070,.T.);
#7281=IFCFACEOUTERBOUND(#2071,.T.);
#7282=IFCFACEOUTERBOUND(#2072,.T.);
#7283=IFCFACEOUTERBOUND(#2073,.T.);
#7284=IFCFACEOUTERBOUND(#2074,.T.);
#7285=IFCFACEOUTERBOUND(#2075,.T.);
#7286=IFCFACEOUTERBOUND(#2076,.T.);
#7287=IFCFACEOUTERBOUND(#2077,.T.);
#7288=IFCFACEOUTERBOUND(#2078,.T.);
#7289=IFCFACEOUTERBOUND(#2079,.T.);
#7290=IFCFACEOUTERBOUND(#2080,.T.);
#7291=IFCFACEOUTERBOUND(#2081,.T.);
#7292=IFCFACEOUTERBOUND(#2082,.T.);
#7293=IFCFACEOUTERBOUND(#2083,.T.);
#7294=IFCFACEOUTERBOUND(#2084,.T.);
#7295=IFCFACEOUTERBOUND(#2085,.T.);
#7296=IFCFACEOUTERBOUND(#2086,.T.);
#7297=IFCFACEOUTERBOUND(#2087,.T.);
#7298=IFCFACEOUTERBOUND(#2088,.T.);
#7299=IFCFACEOUTERBOUND(#2089,.T.);
#7300=IFCFACEOUTERBOUND(#2090,.T.);
#7301=IFCFACEOUTERBOUND(#2091,.T.);
#7302=IFCFACEOUTERBOUND(#2092,.T.);
#7303=IFCFACEOUTERBOUND(#2093,.T.);
#7304=IFCFACEOUTERBOUND(#2094,.T.);
#7305=IFCFACEOUTERBOUND(#2095,.T.);
#7306=IFCFACEOUTERBOUND(#2096,.T.);
#7307=IFCFACEOUTERBOUND(#2097,.T.);
#7308=IFCFACEOUTERBOUND(#2098,.T.);
#7309=IFCFACEOUTERBOUND(#2099,.T.);
#7310=IFCFACEOUTERBOUND(#2100,.T.);
#7311=IFCFACEOUTERBOUND(#2101,.T.);
#7312=IFCFACEOUTERBOUND(#2102,.T.);
#7313=IFCFACEOUTERBOUND(#2103,.T.);
#7314=IFCFACEOUTERBOUND(#2104,.T.);
#7315=IFCFACEOUTERBOUND(#2105,.T.);
#7316=IFCFACEOUTERBOUND(#2106,.T.);
#7317=IFCFACEOUTERBOUND(#2107,.T.);
#7318=IFCFACEOUTERBOUND(#2108,.T.);
#7319=IFCFACEOUTERBOUND(#2109,.T.);
#7320=IFCFACEOUTERBOUND(#2110,.T.);
#7321=IFCFACEOUTERBOUND(#2111,.T.);
#7322=IFCFACEOUTERBOUND(#2112,.T.);
#7323=IFCFACEOUTERBOUND(#2113,.T.);
#7324=IFCFACEOUTERBOUND(#2114,.T.);
#7325=IFCFACEOUTERBOUND(#2115,.T.);
#7326=IFCFACEOUTERBOUND(#2116,.T.);
#7327=IFCFACEOUTERBOUND(#2117,.T.);
#7328=IFCFACEOUTERBOUND(#2118,.T.);
#7329=IFCFACEOUTERBOUND(#2119,.T.);
#7330=IFCFACEOUTERBOUND(#2120,.T.);
#7331=IFCFACEOUTERBOUND(#2121,.T.);
#7332=IFCFACEOUTERBOUND(#2122,.T.);
#7333=IFCFACEOUTERBOUND(#2123,.T.);
#7334=IFCFACEOUTERBOUND(#2124,.T.);
#7335=IFCFACEOUTERBOUND(#2125,.T.);
#7336=IFCFACEOUTERBOUND(#2126,.T.);
#7337=IFCFACEOUTERBOUND(#2127,.T.);
#7338=IFCFACEOUTERBOUND(#2128,.T.);
#7339=IFCFACEOUTERBOUND(#2129,.T.);
#7340=IFCFACEOUTERBOUND(#2130,.T.);
#7341=IFCFACEOUTERBOUND(#2131,.T.);
#7342=IFCFACEOUTERBOUND(#2132,.T.);
#7343=IFCFACEOUTERBOUND(#2133,.T.);
#7344=IFCFACEOUTERBOUND(#2134,.T.);
#7345=IFCFACEOUTERBOUND(#2135,.T.);
#7346=IFCFACEOUTERBOUND(#2136,.T.);
#7347=IFCFACEOUTERBOUND(#2137,.T.);
#7348=IFCFACEOUTERBOUND(#2138,.T.);
#7349=IFCFACEOUTERBOUND(#2139,.T.);
#7350=IFCFACEOUTERBOUND(#2140,.T.);
#7351=IFCFACEOUTERBOUND(#2141,.T.);
#7352=IFCFACEOUTERBOUND(#2142,.T.);
#7353=IFCFACEOUTERBOUND(#2143,.T.);
#7354=IFCFACEOUTERBOUND(#2144,.T.);
#7355=IFCFACEOUTERBOUND(#2145,.T.);
#7356=IFCFACEOUTERBOUND(#2146,.T.);
#7357=IFCFACEOUTERBOUND(#2147,.T.);
#7358=IFCFACEOUTERBOUND(#2148,.T.);
#7359=IFCFACEOUTERBOUND(#2149,.T.);
#7360=IFCFACEOUTERBOUND(#2150,.T.);
#7361=IFCFACEOUTERBOUND(#2151,.T.);
#7362=IFCFACEOUTERBOUND(#2152,.T.);
#7363=IFCFACEOUTERBOUND(#2153,.T.);
#7364=IFCFACEOUTERBOUND(#2154,.T.);
#7365=IFCFACEOUTERBOUND(#2155,.T.);
#7366=IFCFACEOUTERBOUND(#2156,.T.);
#7367=IFCFACEOUTERBOUND(#2157,.T.);
#7368=IFCFACEOUTERBOUND(#2158,.T.);
#7369=IFCFACEOUTERBOUND(#2159,.T.);
#7370=IFCFACEOUTERBOUND(#2160,.T.);
#7371=IFCFACEOUTERBOUND(#2161,.T.);
#7372=IFCFACEOUTERBOUND(#2162,.T.);
#7373=IFCFACEOUTERBOUND(#2163,.T.);
#7374=IFCFACEOUTERBOUND(#2164,.T.);
#7375=IFCFACEOUTERBOUND(#2165,.T.);
#7376=IFCFACEOUTERBOUND(#2166,.T.);
#7377=IFCFACEOUTERBOUND(#2167,.T.);
#7378=IFCFACEOUTERBOUND(#2168,.T.);
#7379=IFCFACEOUTERBOUND(#2169,.T.);
#7380=IFCFACEOUTERBOUND(#2170,.T.);
#7381=IFCFACEOUTERBOUND(#2171,.T.);
#7382=IFCFACEOUTERBOUND(#2172,.T.);
#7383=IFCFACEOUTERBOUND(#2173,.T.);
#7384=IFCFACEOUTERBOUND(#2174,.T.);
#7385=IFCFACEOUTERBOUND(#2175,.T.);
#7386=IFCFACEOUTERBOUND(#2176,.T.);
#7387=IFCFACEOUTERBOUND(#2177,.T.);
#7388=IFCFACEOUTERBOUND(#2178,.T.);
#7389=IFCFACEOUTERBOUND(#2179,.T.);
#7390=IFCFACEOUTERBOUND(#2180,.T.);
#7391=IFCFACEOUTERBOUND(#2181,.T.);
#7392=IFCFACEOUTERBOUND(#2182,.T.);
#7393=IFCFACEOUTERBOUND(#2183,.T.);
#7394=IFCFACEOUTERBOUND(#2184,.T.);
#7395=IFCFACEOUTERBOUND(#2185,.T.);
#7396=IFCFACEOUTERBOUND(#2186,.T.);
#7397=IFCFACEOUTERBOUND(#2187,.T.);
#7398=IFCFACEOUTERBOUND(#2188,.T.);
#7399=IFCFACEOUTERBOUND(#2189,.T.);
#7400=IFCFACEOUTERBOUND(#2190,.T.);
#7401=IFCFACEOUTERBOUND(#2191,.T.);
#7402=IFCFACEOUTERBOUND(#2192,.T.);
#7403=IFCFACEOUTERBOUND(#2193,.T.);
#7404=IFCFACEOUTERBOUND(#2194,.T.);
#7405=IFCFACEOUTERBOUND(#2195,.T.);
#7406=IFCFACEOUTERBOUND(#2196,.T.);
#7407=IFCFACEOUTERBOUND(#2197,.T.);
#7408=IFCFACEOUTERBOUND(#2198,.T.);
#7409=IFCFACEOUTERBOUND(#2199,.T.);
#7410=IFCFACEOUTERBOUND(#2200,.T.);
#7411=IFCFACEOUTERBOUND(#2201,.T.);
#7412=IFCFACEOUTERBOUND(#2202,.T.);
#7413=IFCFACEOUTERBOUND(#2203,.T.);
#7414=IFCFACEOUTERBOUND(#2204,.T.);
#7415=IFCFACEOUTERBOUND(#2205,.T.);
#7416=IFCFACEOUTERBOUND(#2206,.T.);
#7417=IFCFACEOUTERBOUND(#2207,.T.);
#7418=IFCFACEOUTERBOUND(#2208,.T.);
#7419=IFCFACEOUTERBOUND(#2209,.T.);
#7420=IFCFACEOUTERBOUND(#2210,.T.);
#7421=IFCFACEOUTERBOUND(#2211,.T.);
#7422=IFCFACEOUTERBOUND(#2212,.T.);
#7423=IFCFACEOUTERBOUND(#2213,.T.);
#7424=IFCFACEOUTERBOUND(#2214,.T.);
#7425=IFCFACEOUTERBOUND(#2215,.T.);
#7426=IFCFACEOUTERBOUND(#2216,.T.);
#7427=IFCFACEOUTERBOUND(#2217,.T.);
#7428=IFCFACEOUTERBOUND(#2218,.T.);
#7429=IFCFACEOUTERBOUND(#2219,.T.);
#7430=IFCFACEOUTERBOUND(#2220,.T.);
#7431=IFCFACEOUTERBOUND(#2221,.T.);
#7432=IFCFACEOUTERBOUND(#2222,.T.);
#7433=IFCFACEOUTERBOUND(#2223,.T.);
#7434=IFCFACEOUTERBOUND(#2224,.T.);
#7435=IFCFACEOUTERBOUND(#2225,.T.);
#7436=IFCFACEOUTERBOUND(#2226,.T.);
#7437=IFCFACEOUTERBOUND(#2227,.T.);
#7438=IFCFACEOUTERBOUND(#2228,.T.);
#7439=IFCFACEOUTERBOUND(#2229,.T.);
#7440=IFCFACEOUTERBOUND(#2230,.T.);
#7441=IFCFACEOUTERBOUND(#2231,.T.);
#7442=IFCFACEOUTERBOUND(#2232,.T.);
#7443=IFCFACEOUTERBOUND(#2233,.T.);
#7444=IFCFACEOUTERBOUND(#2234,.T.);
#7445=IFCFACEOUTERBOUND(#2235,.T.);
#7446=IFCFACEOUTERBOUND(#2236,.T.);
#7447=IFCFACEOUTERBOUND(#2237,.T.);
#7448=IFCFACEOUTERBOUND(#2238,.T.);
#7449=IFCFACEOUTERBOUND(#2239,.T.);
#7450=IFCFACEOUTERBOUND(#2240,.T.);
#7451=IFCFACEOUTERBOUND(#2241,.T.);
#7452=IFCFACEOUTERBOUND(#2242,.T.);
#7453=IFCFACEOUTERBOUND(#2243,.T.);
#7454=IFCFACEOUTERBOUND(#2244,.T.);
#7455=IFCFACEOUTERBOUND(#2245,.T.);
#7456=IFCFACEOUTERBOUND(#2246,.T.);
#7457=IFCFACEOUTERBOUND(#2247,.T.);
#7458=IFCFACEOUTERBOUND(#2248,.T.);
#7459=IFCFACEOUTERBOUND(#2249,.T.);
#7460=IFCFACEOUTERBOUND(#2250,.T.);
#7461=IFCFACEOUTERBOUND(#2251,.T.);
#7462=IFCFACEOUTERBOUND(#2252,.T.);
#7463=IFCFACEOUTERBOUND(#2253,.T.);
#7464=IFCFACEOUTERBOUND(#2254,.T.);
#7465=IFCFACEOUTERBOUND(#2255,.T.);
#7466=IFCFACEOUTERBOUND(#2256,.T.);
#7467=IFCFACEOUTERBOUND(#2257,.T.);
#7468=IFCFACEOUTERBOUND(#2258,.T.);
#7469=IFCFACEOUTERBOUND(#2259,.T.);
#7470=IFCFACEOUTERBOUND(#2260,.T.);
#7471=IFCFACEOUTERBOUND(#2261,.T.);
#7472=IFCFACEOUTERBOUND(#2262,.T.);
#7473=IFCFACEOUTERBOUND(#2263,.T.);
#7474=IFCFACEOUTERBOUND(#2264,.T.);
#7475=IFCFACEOUTERBOUND(#2265,.T.);
#7476=IFCFACEOUTERBOUND(#2266,.T.);
#7477=IFCFACEOUTERBOUND(#2267,.T.);
#7478=IFCFACEOUTERBOUND(#2268,.T.);
#7479=IFCFACEOUTERBOUND(#2269,.T.);
#7480=IFCFACEOUTERBOUND(#2270,.T.);
#7481=IFCFACEOUTERBOUND(#2271,.T.);
#7482=IFCFACEOUTERBOUND(#2272,.T.);
#7483=IFCFACEOUTERBOUND(#2273,.T.);
#7484=IFCFACEOUTERBOUND(#2274,.T.);
#7485=IFCFACEOUTERBOUND(#2275,.T.);
#7486=IFCFACEOUTERBOUND(#2276,.T.);
#7487=IFCFACEOUTERBOUND(#2277,.T.);
#7488=IFCFACEOUTERBOUND(#2278,.T.);
#7489=IFCFACEOUTERBOUND(#2279,.T.);
#7490=IFCFACEOUTERBOUND(#2280,.T.);
#7491=IFCFACEOUTERBOUND(#2281,.T.);
#7492=IFCFACEOUTERBOUND(#2282,.T.);
#7493=IFCFACEOUTERBOUND(#2283,.T.);
#7494=IFCFACEOUTERBOUND(#2284,.T.);
#7495=IFCFACEOUTERBOUND(#2285,.T.);
#7496=IFCFACEOUTERBOUND(#2286,.T.);
#7497=IFCFACEOUTERBOUND(#2287,.T.);
#7498=IFCFACEOUTERBOUND(#2288,.T.);
#7499=IFCFACEOUTERBOUND(#2289,.T.);
#7500=IFCFACEOUTERBOUND(#2290,.T.);
#7501=IFCFACEOUTERBOUND(#2291,.T.);
#7502=IFCFACEOUTERBOUND(#2292,.T.);
#7503=IFCFACEOUTERBOUND(#2293,.T.);
#7504=IFCFACEOUTERBOUND(#2294,.T.);
#7505=IFCFACEOUTERBOUND(#2295,.T.);
#7506=IFCFACEOUTERBOUND(#2296,.T.);
#7507=IFCFACEOUTERBOUND(#2297,.T.);
#7508=IFCFACEOUTERBOUND(#2298,.T.);
#7509=IFCFACEOUTERBOUND(#2299,.T.);
#7510=IFCFACEOUTERBOUND(#2300,.T.);
#7511=IFCFACEOUTERBOUND(#2301,.T.);
#7512=IFCFACEOUTERBOUND(#2302,.T.);
#7513=IFCFACEOUTERBOUND(#2303,.T.);
#7514=IFCFACEOUTERBOUND(#2304,.T.);
#7515=IFCFACEOUTERBOUND(#2305,.T.);
#7516=IFCFACEOUTERBOUND(#2306,.T.);
#7517=IFCFACEOUTERBOUND(#2307,.T.);
#7518=IFCFACEOUTERBOUND(#2308,.T.);
#7519=IFCFACEOUTERBOUND(#2309,.T.);
#7520=IFCFACEOUTERBOUND(#2310,.T.);
#7521=IFCFACEOUTERBOUND(#2311,.T.);
#7522=IFCFACEOUTERBOUND(#2312,.T.);
#7523=IFCFACEOUTERBOUND(#2313,.T.);
#7524=IFCFACEOUTERBOUND(#2314,.T.);
#7525=IFCFACEOUTERBOUND(#2315,.T.);
#7526=IFCFACEOUTERBOUND(#2316,.T.);
#7527=IFCFACEOUTERBOUND(#2317,.T.);
#7528=IFCFACEOUTERBOUND(#2318,.T.);
#7529=IFCFACEOUTERBOUND(#2319,.T.);
#7530=IFCFACEOUTERBOUND(#2320,.T.);
#7531=IFCFACEOUTERBOUND(#2321,.T.);
#7532=IFCFACEOUTERBOUND(#2322,.T.);
#7533=IFCFACEOUTERBOUND(#2323,.T.);
#7534=IFCFACEOUTERBOUND(#2324,.T.);
#7535=IFCFACEOUTERBOUND(#2325,.T.);
#7536=IFCFACEOUTERBOUND(#2326,.T.);
#7537=IFCFACEOUTERBOUND(#2327,.T.);
#7538=IFCFACEOUTERBOUND(#2328,.T.);
#7539=IFCFACEOUTERBOUND(#2329,.T.);
#7540=IFCFACEOUTERBOUND(#2330,.T.);
#7541=IFCFACEOUTERBOUND(#2331,.T.);
#7542=IFCFACEOUTERBOUND(#2332,.T.);
#7543=IFCFACEOUTERBOUND(#2333,.T.);
#7544=IFCFACEOUTERBOUND(#2334,.T.);
#7545=IFCFACEOUTERBOUND(#2335,.T.);
#7546=IFCFACEOUTERBOUND(#2336,.T.);
#7547=IFCFACEOUTERBOUND(#2337,.T.);
#7548=IFCFACEOUTERBOUND(#2338,.T.);
#7549=IFCFACEOUTERBOUND(#2339,.T.);
#7550=IFCFACEOUTERBOUND(#2340,.T.);
#7551=IFCFACEOUTERBOUND(#2341,.T.);
#7552=IFCFACEOUTERBOUND(#2342,.T.);
#7553=IFCFACEOUTERBOUND(#2343,.T.);
#7554=IFCFACEOUTERBOUND(#2344,.T.);
#7555=IFCFACEOUTERBOUND(#2345,.T.);
#7556=IFCFACEOUTERBOUND(#2346,.T.);
#7557=IFCFACEOUTERBOUND(#2347,.T.);
#7558=IFCFACEOUTERBOUND(#2348,.T.);
#7559=IFCFACEOUTERBOUND(#2349,.T.);
#7560=IFCFACEOUTERBOUND(#2350,.T.);
#7561=IFCFACEOUTERBOUND(#2351,.T.);
#7562=IFCFACEOUTERBOUND(#2352,.T.);
#7563=IFCFACEOUTERBOUND(#2353,.T.);
#7564=IFCFACEOUTERBOUND(#2354,.T.);
#7565=IFCFACEOUTERBOUND(#2355,.T.);
#7566=IFCFACEOUTERBOUND(#2356,.T.);
#7567=IFCFACEOUTERBOUND(#2357,.T.);
#7568=IFCFACEOUTERBOUND(#2358,.T.);
#7569=IFCFACEOUTERBOUND(#2359,.T.);
#7570=IFCFACEOUTERBOUND(#2360,.T.);
#7571=IFCFACEOUTERBOUND(#2361,.T.);
#7572=IFCFACEOUTERBOUND(#2362,.T.);
#7573=IFCFACEOUTERBOUND(#2363,.T.);
#7574=IFCFACEOUTERBOUND(#2364,.T.);
#7575=IFCFACEOUTERBOUND(#2365,.T.);
#7576=IFCFACEOUTERBOUND(#2366,.T.);
#7577=IFCFACEOUTERBOUND(#2367,.T.);
#7578=IFCFACEOUTERBOUND(#2368,.T.);
#7579=IFCFACEOUTERBOUND(#2369,.T.);
#7580=IFCFACEOUTERBOUND(#2370,.T.);
#7581=IFCFACEOUTERBOUND(#2371,.T.);
#7582=IFCFACEOUTERBOUND(#2372,.T.);
#7583=IFCFACEOUTERBOUND(#2373,.T.);
#7584=IFCFACEOUTERBOUND(#2374,.T.);
#7585=IFCFACEOUTERBOUND(#2375,.T.);
#7586=IFCFACEOUTERBOUND(#2376,.T.);
#7587=IFCFACEOUTERBOUND(#2377,.T.);
#7588=IFCFACEOUTERBOUND(#2378,.T.);
#7589=IFCFACEOUTERBOUND(#2379,.T.);
#7590=IFCFACEOUTERBOUND(#2380,.T.);
#7591=IFCFACEOUTERBOUND(#2381,.T.);
#7592=IFCFACEOUTERBOUND(#2382,.T.);
#7593=IFCFACEOUTERBOUND(#2383,.T.);
#7594=IFCFACEOUTERBOUND(#2384,.T.);
#7595=IFCFACEOUTERBOUND(#2385,.T.);
#7596=IFCFACEOUTERBOUND(#2386,.T.);
#7597=IFCFACEOUTERBOUND(#2387,.T.);
#7598=IFCFACEOUTERBOUND(#2388,.T.);
#7599=IFCFACEOUTERBOUND(#2389,.T.);
#7600=IFCFACEOUTERBOUND(#2390,.T.);
#7601=IFCFACEOUTERBOUND(#2391,.T.);
#7602=IFCFACEOUTERBOUND(#2392,.T.);
#7603=IFCFACEOUTERBOUND(#2393,.T.);
#7604=IFCFACEOUTERBOUND(#2394,.T.);
#7605=IFCFACEOUTERBOUND(#2395,.T.);
#7606=IFCFACEOUTERBOUND(#2396,.T.);
#7607=IFCFACEOUTERBOUND(#2397,.T.);
#7608=IFCFACEOUTERBOUND(#2398,.T.);
#7609=IFCFACEOUTERBOUND(#2399,.T.);
#7610=IFCFACEOUTERBOUND(#2400,.T.);
#7611=IFCFACEOUTERBOUND(#2401,.T.);
#7612=IFCFACEOUTERBOUND(#2402,.T.);
#7613=IFCFACEOUTERBOUND(#2403,.T.);
#7614=IFCFACEOUTERBOUND(#2404,.T.);
#7615=IFCFACEOUTERBOUND(#2405,.T.);
#7616=IFCFACEOUTERBOUND(#2406,.T.);
#7617=IFCFACEOUTERBOUND(#2407,.T.);
#7618=IFCFACEOUTERBOUND(#2408,.T.);
#7619=IFCFACEOUTERBOUND(#2409,.T.);
#7620=IFCFACEOUTERBOUND(#2410,.T.);
#7621=IFCFACEOUTERBOUND(#2411,.T.);
#7622=IFCFACEOUTERBOUND(#2412,.T.);
#7623=IFCFACEOUTERBOUND(#2413,.T.);
#7624=IFCFACEOUTERBOUND(#2414,.T.);
#7625=IFCFACEOUTERBOUND(#2415,.T.);
#7626=IFCFACEOUTERBOUND(#2416,.T.);
#7627=IFCFACEOUTERBOUND(#2417,.T.);
#7628=IFCFACEOUTERBOUND(#2418,.T.);
#7629=IFCFACEOUTERBOUND(#2419,.T.);
#7630=IFCFACEOUTERBOUND(#2420,.T.);
#7631=IFCFACEOUTERBOUND(#2421,.T.);
#7632=IFCFACEOUTERBOUND(#2422,.T.);
#7633=IFCFACEOUTERBOUND(#2423,.T.);
#7634=IFCFACEOUTERBOUND(#2424,.T.);
#7635=IFCFACEOUTERBOUND(#2425,.T.);
#7636=IFCFACEOUTERBOUND(#2426,.T.);
#7637=IFCFACEOUTERBOUND(#2427,.T.);
#7638=IFCFACEOUTERBOUND(#2428,.T.);
#7639=IFCFACEOUTERBOUND(#2429,.T.);
#7640=IFCFACEOUTERBOUND(#2430,.T.);
#7641=IFCFACEOUTERBOUND(#2431,.T.);
#7642=IFCFACEOUTERBOUND(#2432,.T.);
#7643=IFCFACEOUTERBOUND(#2433,.T.);
#7644=IFCFACEOUTERBOUND(#2434,.T.);
#7645=IFCFACEOUTERBOUND(#2435,.T.);
#7646=IFCFACEOUTERBOUND(#2436,.T.);
#7647=IFCFACEOUTERBOUND(#2437,.T.);
#7648=IFCFACEOUTERBOUND(#2438,.T.);
#7649=IFCFACEOUTERBOUND(#2439,.T.);
#7650=IFCFACEOUTERBOUND(#2440,.T.);
#7651=IFCFACEOUTERBOUND(#2441,.T.);
#7652=IFCFACEOUTERBOUND(#2442,.T.);
#7653=IFCFACEOUTERBOUND(#2443,.T.);
#7654=IFCFACEOUTERBOUND(#2444,.T.);
#7655=IFCFACEOUTERBOUND(#2445,.T.);
#7656=IFCFACEOUTERBOUND(#2446,.T.);
#7657=IFCFACEOUTERBOUND(#2447,.T.);
#7658=IFCFACEOUTERBOUND(#2448,.T.);
#7659=IFCFACEOUTERBOUND(#2449,.T.);
#7660=IFCFACEOUTERBOUND(#2450,.T.);
#7661=IFCFACEOUTERBOUND(#2451,.T.);
#7662=IFCFACEOUTERBOUND(#2452,.T.);
#7663=IFCFACEOUTERBOUND(#2453,.T.);
#7664=IFCFACEOUTERBOUND(#2454,.T.);
#7665=IFCFACEOUTERBOUND(#2455,.T.);
#7666=IFCFACEOUTERBOUND(#2456,.T.);
#7667=IFCFACEOUTERBOUND(#2457,.T.);
#7668=IFCFACEOUTERBOUND(#2458,.T.);
#7669=IFCFACEOUTERBOUND(#2459,.T.);
#7670=IFCFACEOUTERBOUND(#2460,.T.);
#7671=IFCFACEOUTERBOUND(#2461,.T.);
#7672=IFCFACEOUTERBOUND(#2462,.T.);
#7673=IFCFACEOUTERBOUND(#2463,.T.);
#7674=IFCFACEOUTERBOUND(#2464,.T.);
#7675=IFCFACEOUTERBOUND(#2465,.T.);
#7676=IFCFACEOUTERBOUND(#2466,.T.);
#7677=IFCFACEOUTERBOUND(#2467,.T.);
#7678=IFCFACEOUTERBOUND(#2468,.T.);
#7679=IFCFACEOUTERBOUND(#2469,.T.);
#7680=IFCFACEOUTERBOUND(#2470,.T.);
#7681=IFCFACEOUTERBOUND(#2471,.T.);
#7682=IFCFACEOUTERBOUND(#2472,.T.);
#7683=IFCFACEOUTERBOUND(#2473,.T.);
#7684=IFCFACEOUTERBOUND(#2474,.T.);
#7685=IFCFACEOUTERBOUND(#2475,.T.);
#7686=IFCFACEOUTERBOUND(#2476,.T.);
#7687=IFCFACEOUTERBOUND(#2477,.T.);
#7688=IFCFACEOUTERBOUND(#2478,.T.);
#7689=IFCFACEOUTERBOUND(#2479,.T.);
#7690=IFCFACEOUTERBOUND(#2480,.T.);
#7691=IFCFACEOUTERBOUND(#2481,.T.);
#7692=IFCFACEOUTERBOUND(#2482,.T.);
#7693=IFCFACEOUTERBOUND(#2483,.T.);
#7694=IFCFACEOUTERBOUND(#2484,.T.);
#7695=IFCFACEOUTERBOUND(#2485,.T.);
#7696=IFCFACEOUTERBOUND(#2486,.T.);
#7697=IFCFACEOUTERBOUND(#2487,.T.);
#7698=IFCFACEOUTERBOUND(#2488,.T.);
#7699=IFCFACEOUTERBOUND(#2489,.T.);
#7700=IFCFACEOUTERBOUND(#2490,.T.);
#7701=IFCFACEOUTERBOUND(#2491,.T.);
#7702=IFCFACEOUTERBOUND(#2492,.T.);
#7703=IFCFACEOUTERBOUND(#2493,.T.);
#7704=IFCFACEOUTERBOUND(#2494,.T.);
#7705=IFCFACEOUTERBOUND(#2495,.T.);
#7706=IFCFACEOUTERBOUND(#2496,.T.);
#7707=IFCFACEOUTERBOUND(#2497,.T.);
#7708=IFCFACEOUTERBOUND(#2498,.T.);
#7709=IFCFACEOUTERBOUND(#2499,.T.);
#7710=IFCFACEOUTERBOUND(#2500,.T.);
#7711=IFCFACEOUTERBOUND(#2501,.T.);
#7712=IFCFACEOUTERBOUND(#2502,.T.);
#7713=IFCFACEOUTERBOUND(#2503,.T.);
#7714=IFCFACEOUTERBOUND(#2504,.T.);
#7715=IFCFACEOUTERBOUND(#2505,.T.);
#7716=IFCFACEOUTERBOUND(#2506,.T.);
#7717=IFCFACEOUTERBOUND(#2507,.T.);
#7718=IFCFACEOUTERBOUND(#2508,.T.);
#7719=IFCFACEOUTERBOUND(#2509,.T.);
#7720=IFCFACEOUTERBOUND(#2510,.T.);
#7721=IFCFACEOUTERBOUND(#2511,.T.);
#7722=IFCFACEOUTERBOUND(#2512,.T.);
#7723=IFCFACEOUTERBOUND(#2513,.T.);
#7724=IFCFACEOUTERBOUND(#2514,.T.);
#7725=IFCFACEOUTERBOUND(#2515,.T.);
#7726=IFCFACEOUTERBOUND(#2516,.T.);
#7727=IFCFACEOUTERBOUND(#2517,.T.);
#7728=IFCFACEOUTERBOUND(#2518,.T.);
#7729=IFCFACEOUTERBOUND(#2519,.T.);
#7730=IFCFACEOUTERBOUND(#2520,.T.);
#7731=IFCFACEOUTERBOUND(#2521,.T.);
#7732=IFCFACEOUTERBOUND(#2522,.T.);
#7733=IFCFACEOUTERBOUND(#2523,.T.);
#7734=IFCFACEOUTERBOUND(#2524,.T.);
#7735=IFCFACEOUTERBOUND(#2525,.T.);
#7736=IFCFACEOUTERBOUND(#2526,.T.);
#7737=IFCFACEOUTERBOUND(#2527,.T.);
#7738=IFCFACEOUTERBOUND(#2528,.T.);
#7739=IFCFACEOUTERBOUND(#2529,.T.);
#7740=IFCFACEOUTERBOUND(#2530,.T.);
#7741=IFCFACEOUTERBOUND(#2531,.T.);
#7742=IFCFACEOUTERBOUND(#2532,.T.);
#7743=IFCFACEOUTERBOUND(#2533,.T.);
#7744=IFCFACEOUTERBOUND(#2534,.T.);
#7745=IFCFACEOUTERBOUND(#2535,.T.);
#7746=IFCFACEOUTERBOUND(#2536,.T.);
#7747=IFCFACEOUTERBOUND(#2537,.T.);
#7748=IFCFACEOUTERBOUND(#2538,.T.);
#7749=IFCFACEOUTERBOUND(#2539,.T.);
#7750=IFCFACEOUTERBOUND(#2540,.T.);
#7751=IFCFACEOUTERBOUND(#2541,.T.);
#7752=IFCFACEOUTERBOUND(#2542,.T.);
#7753=IFCFACEOUTERBOUND(#2543,.T.);
#7754=IFCFACEOUTERBOUND(#2544,.T.);
#7755=IFCFACEOUTERBOUND(#2545,.T.);
#7756=IFCFACEOUTERBOUND(#2546,.T.);
#7757=IFCFACEOUTERBOUND(#2547,.T.);
#7758=IFCFACEOUTERBOUND(#2548,.T.);
#7759=IFCFACEOUTERBOUND(#2549,.T.);
#7760=IFCFACEOUTERBOUND(#2550,.T.);
#7761=IFCFACEOUTERBOUND(#2551,.T.);
#7762=IFCFACEOUTERBOUND(#2552,.T.);
#7763=IFCFACEOUTERBOUND(#2553,.T.);
#7764=IFCFACEOUTERBOUND(#2554,.T.);
#7765=IFCFACEOUTERBOUND(#2555,.T.);
#7766=IFCFACEOUTERBOUND(#2556,.T.);
#7767=IFCFACEOUTERBOUND(#2557,.T.);
#7768=IFCFACEOUTERBOUND(#2558,.T.);
#7769=IFCFACEOUTERBOUND(#2559,.T.);
#7770=IFCFACEOUTERBOUND(#2560,.T.);
#7771=IFCFACEOUTERBOUND(#2561,.T.);
#7772=IFCFACEOUTERBOUND(#2562,.T.);
#7773=IFCFACEOUTERBOUND(#2563,.T.);
#7774=IFCFACEOUTERBOUND(#2564,.T.);
#7775=IFCFACEOUTERBOUND(#2565,.T.);
#7776=IFCFACEOUTERBOUND(#2566,.T.);
#7777=IFCFACEOUTERBOUND(#2567,.T.);
#7778=IFCFACEOUTERBOUND(#2568,.T.);
#7779=IFCFACEOUTERBOUND(#2569,.T.);
#7780=IFCFACEOUTERBOUND(#2570,.T.);
#7781=IFCFACEOUTERBOUND(#2571,.T.);
#7782=IFCFACEOUTERBOUND(#2572,.T.);
#7783=IFCFACEOUTERBOUND(#2573,.T.);
#7784=IFCFACEOUTERBOUND(#2574,.T.);
#7785=IFCFACEOUTERBOUND(#2575,.T.);
#7786=IFCFACEOUTERBOUND(#2576,.T.);
#7787=IFCFACEOUTERBOUND(#2577,.T.);
#7788=IFCFACEOUTERBOUND(#2578,.T.);
#7789=IFCFACEOUTERBOUND(#2579,.T.);
#7790=IFCFACEOUTERBOUND(#2580,.T.);
#7791=IFCFACEOUTERBOUND(#2581,.T.);
#7792=IFCFACEOUTERBOUND(#2582,.T.);
#7793=IFCFACEOUTERBOUND(#2583,.T.);
#7794=IFCFACEOUTERBOUND(#2584,.T.);
#7795=IFCFACEOUTERBOUND(#2585,.T.);
#7796=IFCFACEOUTERBOUND(#2586,.T.);
#7797=IFCFACEOUTERBOUND(#2587,.T.);
#7798=IFCFACEOUTERBOUND(#2588,.T.);
#7799=IFCFACEOUTERBOUND(#2589,.T.);
#7800=IFCFACEOUTERBOUND(#2590,.T.);
#7801=IFCFACEOUTERBOUND(#2591,.T.);
#7802=IFCFACEOUTERBOUND(#2592,.T.);
#7803=IFCFACEOUTERBOUND(#2593,.T.);
#7804=IFCFACEOUTERBOUND(#2594,.T.);
#7805=IFCFACEOUTERBOUND(#2595,.T.);
#7806=IFCFACEOUTERBOUND(#2596,.T.);
#7807=IFCFACEOUTERBOUND(#2597,.T.);
#7808=IFCFACEOUTERBOUND(#2598,.T.);
#7809=IFCFACEOUTERBOUND(#2599,.T.);
#7810=IFCFACEOUTERBOUND(#2600,.T.);
#7811=IFCFACEOUTERBOUND(#2601,.T.);
#7812=IFCFACEOUTERBOUND(#2602,.T.);
#7813=IFCFACEOUTERBOUND(#2603,.T.);
#7814=IFCFACEOUTERBOUND(#2604,.T.);
#7815=IFCFACEOUTERBOUND(#2605,.T.);
#7816=IFCFACEOUTERBOUND(#2606,.T.);
#7817=IFCFACEOUTERBOUND(#2607,.T.);
#7818=IFCFACEOUTERBOUND(#2608,.T.);
#7819=IFCFACEOUTERBOUND(#2609,.T.);
#7820=IFCFACEOUTERBOUND(#2610,.T.);
#7821=IFCFACEOUTERBOUND(#2611,.T.);
#7822=IFCFACEOUTERBOUND(#2612,.T.);
#7823=IFCFACEOUTERBOUND(#2613,.T.);
#7824=IFCFACEOUTERBOUND(#2614,.T.);
#7825=IFCFACEOUTERBOUND(#2615,.T.);
#7826=IFCFACEOUTERBOUND(#2616,.T.);
#7827=IFCFACEOUTERBOUND(#2617,.T.);
#7828=IFCFACEOUTERBOUND(#2618,.T.);
#7829=IFCFACEOUTERBOUND(#2619,.T.);
#7830=IFCFACEOUTERBOUND(#2620,.T.);
#7831=IFCFACEOUTERBOUND(#2621,.T.);
#7832=IFCFACEOUTERBOUND(#2622,.T.);
#7833=IFCFACEOUTERBOUND(#2623,.T.);
#7834=IFCFACEOUTERBOUND(#2624,.T.);
#7835=IFCFACEOUTERBOUND(#2625,.T.);
#7836=IFCFACEOUTERBOUND(#2626,.T.);
#7837=IFCFACEOUTERBOUND(#2627,.T.);
#7838=IFCFACEOUTERBOUND(#2628,.T.);
#7839=IFCFACEOUTERBOUND(#2629,.T.);
#7840=IFCFACEOUTERBOUND(#2630,.T.);
#7841=IFCFACEOUTERBOUND(#2631,.T.);
#7842=IFCFACEOUTERBOUND(#2632,.T.);
#7843=IFCFACEOUTERBOUND(#2633,.T.);
#7844=IFCFACEOUTERBOUND(#2634,.T.);
#7845=IFCFACEOUTERBOUND(#2635,.T.);
#7846=IFCFACEOUTERBOUND(#2636,.T.);
#7847=IFCFACEOUTERBOUND(#2637,.T.);
#7848=IFCFACEOUTERBOUND(#2638,.T.);
#7849=IFCFACEOUTERBOUND(#2639,.T.);
#7850=IFCFACEOUTERBOUND(#2640,.T.);
#7851=IFCFACEOUTERBOUND(#2641,.T.);
#7852=IFCFACEOUTERBOUND(#2642,.T.);
#7853=IFCFACEOUTERBOUND(#2643,.T.);
#7854=IFCFACEOUTERBOUND(#2644,.T.);
#7855=IFCFACEOUTERBOUND(#2645,.T.);
#7856=IFCFACEOUTERBOUND(#2646,.T.);
#7857=IFCFACEOUTERBOUND(#2647,.T.);
#7858=IFCFACEOUTERBOUND(#2648,.T.);
#7859=IFCFACEOUTERBOUND(#2649,.T.);
#7860=IFCFACEOUTERBOUND(#2650,.T.);
#7861=IFCFACEOUTERBOUND(#2651,.T.);
#7862=IFCFACEOUTERBOUND(#2652,.T.);
#7863=IFCFACEOUTERBOUND(#2653,.T.);
#7864=IFCFACEOUTERBOUND(#2654,.T.);
#7865=IFCFACEOUTERBOUND(#2655,.T.);
#7866=IFCFACEOUTERBOUND(#2656,.T.);
#7867=IFCFACEOUTERBOUND(#2657,.T.);
#7868=IFCFACEOUTERBOUND(#2658,.T.);
#7869=IFCFACEOUTERBOUND(#2659,.T.);
#7870=IFCFACEOUTERBOUND(#2660,.T.);
#7871=IFCFACEOUTERBOUND(#2661,.T.);
#7872=IFCFACEOUTERBOUND(#2662,.T.);
#7873=IFCFACEOUTERBOUND(#2663,.T.);
#7874=IFCFACEOUTERBOUND(#2664,.T.);
#7875=IFCFACEOUTERBOUND(#2665,.T.);
#7876=IFCFACEOUTERBOUND(#2666,.T.);
#7877=IFCFACEOUTERBOUND(#2667,.T.);
#7878=IFCFACEOUTERBOUND(#2668,.T.);
#7879=IFCFACEOUTERBOUND(#2669,.T.);
#7880=IFCFACEOUTERBOUND(#2670,.T.);
#7881=IFCFACEOUTERBOUND(#2671,.T.);
#7882=IFCFACEOUTERBOUND(#2672,.T.);
#7883=IFCFACEOUTERBOUND(#2673,.T.);
#7884=IFCFACEOUTERBOUND(#2674,.T.);
#7885=IFCFACEOUTERBOUND(#2675,.T.);
#7886=IFCFACEOUTERBOUND(#2676,.T.);
#7887=IFCFACEOUTERBOUND(#2677,.T.);
#7888=IFCFACEOUTERBOUND(#2678,.T.);
#7889=IFCFACEOUTERBOUND(#2679,.T.);
#7890=IFCFACEOUTERBOUND(#2680,.T.);
#7891=IFCFACEOUTERBOUND(#2681,.T.);
#7892=IFCFACEOUTERBOUND(#2682,.T.);
#7893=IFCFACEOUTERBOUND(#2683,.T.);
#7894=IFCFACEOUTERBOUND(#2684,.T.);
#7895=IFCFACEOUTERBOUND(#2685,.T.);
#7896=IFCFACEOUTERBOUND(#2686,.T.);
#7897=IFCFACEOUTERBOUND(#2687,.T.);
#7898=IFCFACEOUTERBOUND(#2688,.T.);
#7899=IFCFACEOUTERBOUND(#2689,.T.);
#7900=IFCFACEOUTERBOUND(#2690,.T.);
#7901=IFCFACEOUTERBOUND(#2691,.T.);
#7902=IFCFACEOUTERBOUND(#2692,.T.);
#7903=IFCFACEOUTERBOUND(#2693,.T.);
#7904=IFCFACEOUTERBOUND(#2694,.T.);
#7905=IFCFACEOUTERBOUND(#2695,.T.);
#7906=IFCFACEOUTERBOUND(#2696,.T.);
#7907=IFCFACEOUTERBOUND(#2697,.T.);
#7908=IFCFACEOUTERBOUND(#2698,.T.);
#7909=IFCFACEOUTERBOUND(#2699,.T.);
#7910=IFCFACEOUTERBOUND(#2700,.T.);
#7911=IFCFACEOUTERBOUND(#2701,.T.);
#7912=IFCFACEOUTERBOUND(#2702,.T.);
#7913=IFCFACEOUTERBOUND(#2703,.T.);
#7914=IFCFACEOUTERBOUND(#2704,.T.);
#7915=IFCFACEOUTERBOUND(#2705,.T.);
#7916=IFCFACEOUTERBOUND(#2706,.T.);
#7917=IFCFACEOUTERBOUND(#2707,.T.);
#7918=IFCFACEOUTERBOUND(#2708,.T.);
#7919=IFCFACEOUTERBOUND(#2709,.T.);
#7920=IFCFACEOUTERBOUND(#2710,.T.);
#7921=IFCFACEOUTERBOUND(#2711,.T.);
#7922=IFCFACEOUTERBOUND(#2712,.T.);
#7923=IFCFACEOUTERBOUND(#2713,.T.);
#7924=IFCFACEOUTERBOUND(#2714,.T.);
#7925=IFCFACEOUTERBOUND(#2715,.T.);
#7926=IFCFACEOUTERBOUND(#2716,.T.);
#7927=IFCFACEOUTERBOUND(#2717,.T.);
#7928=IFCFACEOUTERBOUND(#2718,.T.);
#7929=IFCFACEOUTERBOUND(#2719,.T.);
#7930=IFCFACEOUTERBOUND(#2720,.T.);
#7931=IFCFACEOUTERBOUND(#2721,.T.);
#7932=IFCFACEOUTERBOUND(#2722,.T.);
#7933=IFCFACEOUTERBOUND(#2723,.T.);
#7934=IFCFACEOUTERBOUND(#2724,.T.);
#7935=IFCFACEOUTERBOUND(#2725,.T.);
#7936=IFCFACEOUTERBOUND(#2726,.T.);
#7937=IFCFACEOUTERBOUND(#2727,.T.);
#7938=IFCFACEOUTERBOUND(#2728,.T.);
#7939=IFCFACEOUTERBOUND(#2729,.T.);
#7940=IFCFACEOUTERBOUND(#2730,.T.);
#7941=IFCFACEOUTERBOUND(#2731,.T.);
#7942=IFCFACEOUTERBOUND(#2732,.T.);
#7943=IFCFACEOUTERBOUND(#2733,.T.);
#7944=IFCFACEOUTERBOUND(#2734,.T.);
#7945=IFCFACEOUTERBOUND(#2735,.T.);
#7946=IFCFACEOUTERBOUND(#2736,.T.);
#7947=IFCFACEOUTERBOUND(#2737,.T.);
#7948=IFCFACEOUTERBOUND(#2738,.T.);
#7949=IFCFACEOUTERBOUND(#2739,.T.);
#7950=IFCFACEOUTERBOUND(#2740,.T.);
#7951=IFCFACEOUTERBOUND(#2741,.T.);
#7952=IFCFACEOUTERBOUND(#2742,.T.);
#7953=IFCFACEOUTERBOUND(#2743,.T.);
#7954=IFCFACEOUTERBOUND(#2744,.T.);
#7955=IFCFACEOUTERBOUND(#2745,.T.);
#7956=IFCFACEOUTERBOUND(#2746,.T.);
#7957=IFCFACEOUTERBOUND(#2747,.T.);
#7958=IFCFACEOUTERBOUND(#2748,.T.);
#7959=IFCFACEOUTERBOUND(#2749,.T.);
#7960=IFCFACEOUTERBOUND(#2750,.T.);
#7961=IFCFACEOUTERBOUND(#2751,.T.);
#7962=IFCFACEOUTERBOUND(#2752,.T.);
#7963=IFCFACEOUTERBOUND(#2753,.T.);
#7964=IFCFACEOUTERBOUND(#2754,.T.);
#7965=IFCFACEOUTERBOUND(#2755,.T.);
#7966=IFCFACEOUTERBOUND(#2756,.T.);
#7967=IFCFACEOUTERBOUND(#2757,.T.);
#7968=IFCFACEOUTERBOUND(#2758,.T.);
#7969=IFCFACEOUTERBOUND(#2759,.T.);
#7970=IFCFACEOUTERBOUND(#2760,.T.);
#7971=IFCFACEOUTERBOUND(#2761,.T.);
#7972=IFCFACEOUTERBOUND(#2762,.T.);
#7973=IFCFACEOUTERBOUND(#2763,.T.);
#7974=IFCFACEOUTERBOUND(#2764,.T.);
#7975=IFCFACEOUTERBOUND(#2765,.T.);
#7976=IFCFACEOUTERBOUND(#2766,.T.);
#7977=IFCFACEOUTERBOUND(#2767,.T.);
#7978=IFCFACEOUTERBOUND(#2768,.T.);
#7979=IFCFACEOUTERBOUND(#2769,.T.);
#7980=IFCFACEOUTERBOUND(#2770,.T.);
#7981=IFCFACEOUTERBOUND(#2771,.T.);
#7982=IFCFACEOUTERBOUND(#2772,.T.);
#7983=IFCFACEOUTERBOUND(#2773,.T.);
#7984=IFCFACEOUTERBOUND(#2774,.T.);
#7985=IFCFACEOUTERBOUND(#2775,.T.);
#7986=IFCFACEOUTERBOUND(#2776,.T.);
#7987=IFCFACEOUTERBOUND(#2777,.T.);
#7988=IFCFACEOUTERBOUND(#2778,.T.);
#7989=IFCFACEOUTERBOUND(#2779,.T.);
#7990=IFCFACEOUTERBOUND(#2780,.T.);
#7991=IFCFACEOUTERBOUND(#2781,.T.);
#7992=IFCFACEOUTERBOUND(#2782,.T.);
#7993=IFCFACEOUTERBOUND(#2783,.T.);
#7994=IFCFACEOUTERBOUND(#2784,.T.);
#7995=IFCFACEOUTERBOUND(#2785,.T.);
#7996=IFCFACEOUTERBOUND(#2786,.T.);
#7997=IFCFACEOUTERBOUND(#2787,.T.);
#7998=IFCFACEOUTERBOUND(#2788,.T.);
#7999=IFCFACEOUTERBOUND(#2789,.T.);
#8000=IFCFACEOUTERBOUND(#2790,.T.);
#8001=IFCFACEOUTERBOUND(#2791,.T.);
#8002=IFCFACEOUTERBOUND(#2792,.T.);
#8003=IFCFACEOUTERBOUND(#2793,.T.);
#8004=IFCFACEOUTERBOUND(#2794,.T.);
#8005=IFCFACEOUTERBOUND(#2795,.T.);
#8006=IFCFACEOUTERBOUND(#2796,.T.);
#8007=IFCFACEOUTERBOUND(#2797,.T.);
#8008=IFCFACEOUTERBOUND(#2798,.T.);
#8009=IFCFACEOUTERBOUND(#2799,.T.);
#8010=IFCFACEOUTERBOUND(#2800,.T.);
#8011=IFCFACEOUTERBOUND(#2801,.T.);
#8012=IFCFACEOUTERBOUND(#2802,.T.);
#8013=IFCFACEOUTERBOUND(#2803,.T.);
#8014=IFCFACEOUTERBOUND(#2804,.T.);
#8015=IFCFACEOUTERBOUND(#2805,.T.);
#8016=IFCFACEOUTERBOUND(#2806,.T.);
#8017=IFCFACEOUTERBOUND(#2807,.T.);
#8018=IFCFACEOUTERBOUND(#2808,.T.);
#8019=IFCFACEOUTERBOUND(#2809,.T.);
#8020=IFCFACEOUTERBOUND(#2810,.T.);
#8021=IFCFACEOUTERBOUND(#2811,.T.);
#8022=IFCFACEOUTERBOUND(#2812,.T.);
#8023=IFCFACEOUTERBOUND(#2813,.T.);
#8024=IFCFACEOUTERBOUND(#2814,.T.);
#8025=IFCFACEOUTERBOUND(#2815,.T.);
#8026=IFCFACEOUTERBOUND(#2816,.T.);
#8027=IFCFACEOUTERBOUND(#2817,.T.);
#8028=IFCFACEOUTERBOUND(#2818,.T.);
#8029=IFCFACEOUTERBOUND(#2819,.T.);
#8030=IFCFACEOUTERBOUND(#2820,.T.);
#8031=IFCFACEOUTERBOUND(#2821,.T.);
#8032=IFCFACEOUTERBOUND(#2822,.T.);
#8033=IFCFACEOUTERBOUND(#2823,.T.);
#8034=IFCFACEOUTERBOUND(#2824,.T.);
#8035=IFCFACEOUTERBOUND(#2825,.T.);
#8036=IFCFACEOUTERBOUND(#2826,.T.);
#8037=IFCFACEOUTERBOUND(#2827,.T.);
#8038=IFCFACEOUTERBOUND(#2828,.T.);
#8039=IFCFACEOUTERBOUND(#2829,.T.);
#8040=IFCFACEOUTERBOUND(#2830,.T.);
#8041=IFCFACEOUTERBOUND(#2831,.T.);
#8042=IFCFACEOUTERBOUND(#2832,.T.);
#8043=IFCFACEOUTERBOUND(#2833,.T.);
#8044=IFCFACEOUTERBOUND(#2834,.T.);
#8045=IFCFACEOUTERBOUND(#2835,.T.);
#8046=IFCFACEOUTERBOUND(#2836,.T.);
#8047=IFCFACEOUTERBOUND(#2837,.T.);
#8048=IFCFACEOUTERBOUND(#2838,.T.);
#8049=IFCFACEOUTERBOUND(#2839,.T.);
#8050=IFCFACEOUTERBOUND(#2840,.T.);
#8051=IFCFACEOUTERBOUND(#2841,.T.);
#8052=IFCFACEOUTERBOUND(#2842,.T.);
#8053=IFCFACEOUTERBOUND(#2843,.T.);
#8054=IFCFACEOUTERBOUND(#2844,.T.);
#8055=IFCFACEOUTERBOUND(#2845,.T.);
#8056=IFCFACEOUTERBOUND(#2846,.T.);
#8057=IFCFACEOUTERBOUND(#2847,.T.);
#8058=IFCFACEOUTERBOUND(#2848,.T.);
#8059=IFCFACEOUTERBOUND(#2849,.T.);
#8060=IFCFACEOUTERBOUND(#2850,.T.);
#8061=IFCFACEOUTERBOUND(#2851,.T.);
#8062=IFCFACEOUTERBOUND(#2852,.T.);
#8063=IFCFACEOUTERBOUND(#2853,.T.);
#8064=IFCFACEOUTERBOUND(#2854,.T.);
#8065=IFCFACEOUTERBOUND(#2855,.T.);
#8066=IFCFACEOUTERBOUND(#2856,.T.);
#8067=IFCFACEOUTERBOUND(#2857,.T.);
#8068=IFCFACEOUTERBOUND(#2858,.T.);
#8069=IFCFACEOUTERBOUND(#2859,.T.);
#8070=IFCFACEOUTERBOUND(#2860,.T.);
#8071=IFCFACEOUTERBOUND(#2861,.T.);
#8072=IFCFACEOUTERBOUND(#2862,.T.);
#8073=IFCFACEOUTERBOUND(#2863,.T.);
#8074=IFCFACEOUTERBOUND(#2864,.T.);
#8075=IFCFACEOUTERBOUND(#2865,.T.);
#8076=IFCFACEOUTERBOUND(#2866,.T.);
#8077=IFCFACEOUTERBOUND(#2867,.T.);
#8078=IFCFACEOUTERBOUND(#2868,.T.);
#8079=IFCFACEOUTERBOUND(#2869,.T.);
#8080=IFCFACEOUTERBOUND(#2870,.T.);
#8081=IFCFACEOUTERBOUND(#2871,.T.);
#8082=IFCFACEOUTERBOUND(#2872,.T.);
#8083=IFCFACEOUTERBOUND(#2873,.T.);
#8084=IFCFACEOUTERBOUND(#2874,.T.);
#8085=IFCFACEOUTERBOUND(#2875,.T.);
#8086=IFCFACEOUTERBOUND(#2876,.T.);
#8087=IFCFACEOUTERBOUND(#2877,.T.);
#8088=IFCFACEOUTERBOUND(#2878,.T.);
#8089=IFCFACEOUTERBOUND(#2879,.T.);
#8090=IFCFACEOUTERBOUND(#2880,.T.);
#8091=IFCFACEOUTERBOUND(#2881,.T.);
#8092=IFCFACEOUTERBOUND(#2882,.T.);
#8093=IFCFACEOUTERBOUND(#2883,.T.);
#8094=IFCFACEOUTERBOUND(#2884,.T.);
#8095=IFCFACEOUTERBOUND(#2885,.T.);
#8096=IFCFACEOUTERBOUND(#2886,.T.);
#8097=IFCFACEOUTERBOUND(#2887,.T.);
#8098=IFCFACEOUTERBOUND(#2888,.T.);
#8099=IFCFACEOUTERBOUND(#2889,.T.);
#8100=IFCFACEOUTERBOUND(#2890,.T.);
#8101=IFCFACEOUTERBOUND(#2891,.T.);
#8102=IFCFACEOUTERBOUND(#2892,.T.);
#8103=IFCFACEOUTERBOUND(#2893,.T.);
#8104=IFCFACEOUTERBOUND(#2894,.T.);
#8105=IFCFACEOUTERBOUND(#2895,.T.);
#8106=IFCFACEOUTERBOUND(#2896,.T.);
#8107=IFCFACEOUTERBOUND(#2897,.T.);
#8108=IFCFACEOUTERBOUND(#2898,.T.);
#8109=IFCFACEOUTERBOUND(#2899,.T.);
#8110=IFCFACEOUTERBOUND(#2900,.T.);
#8111=IFCFACEOUTERBOUND(#2901,.T.);
#8112=IFCFACEOUTERBOUND(#2902,.T.);
#8113=IFCFACEOUTERBOUND(#2903,.T.);
#8114=IFCFACEOUTERBOUND(#2904,.T.);
#8115=IFCFACEOUTERBOUND(#2905,.T.);
#8116=IFCFACEOUTERBOUND(#2906,.T.);
#8117=IFCFACEOUTERBOUND(#2907,.T.);
#8118=IFCFACEOUTERBOUND(#2908,.T.);
#8119=IFCFACEOUTERBOUND(#2909,.T.);
#8120=IFCFACEOUTERBOUND(#2910,.T.);
#8121=IFCFACEOUTERBOUND(#2911,.T.);
#8122=IFCFACEOUTERBOUND(#2912,.T.);
#8123=IFCFACEOUTERBOUND(#2913,.T.);
#8124=IFCFACEOUTERBOUND(#2914,.T.);
#8125=IFCFACEOUTERBOUND(#2915,.T.);
#8126=IFCFACEOUTERBOUND(#2916,.T.);
#8127=IFCFACEOUTERBOUND(#2917,.T.);
#8128=IFCFACEOUTERBOUND(#2918,.T.);
#8129=IFCFACEOUTERBOUND(#2919,.T.);
#8130=IFCFACEOUTERBOUND(#2920,.T.);
#8131=IFCFACEOUTERBOUND(#2921,.T.);
#8132=IFCFACEOUTERBOUND(#2922,.T.);
#8133=IFCFACEOUTERBOUND(#2923,.T.);
#8134=IFCFACEOUTERBOUND(#2924,.T.);
#8135=IFCFACEOUTERBOUND(#2925,.T.);
#8136=IFCFACEOUTERBOUND(#2926,.T.);
#8137=IFCFACEOUTERBOUND(#2927,.T.);
#8138=IFCFACEOUTERBOUND(#2928,.T.);
#8139=IFCFACEOUTERBOUND(#2929,.T.);
#8140=IFCFACEOUTERBOUND(#2930,.T.);
#8141=IFCFACEOUTERBOUND(#2931,.T.);
#8142=IFCFACEOUTERBOUND(#2932,.T.);
#8143=IFCFACEOUTERBOUND(#2933,.T.);
#8144=IFCFACEOUTERBOUND(#2934,.T.);
#8145=IFCFACEOUTERBOUND(#2935,.T.);
#8146=IFCFACEOUTERBOUND(#2936,.T.);
#8147=IFCFACEOUTERBOUND(#2937,.T.);
#8148=IFCFACEOUTERBOUND(#2938,.T.);
#8149=IFCFACEOUTERBOUND(#2939,.T.);
#8150=IFCFACEOUTERBOUND(#2940,.T.);
#8151=IFCFACEOUTERBOUND(#2941,.T.);
#8152=IFCFACEOUTERBOUND(#2942,.T.);
#8153=IFCFACEOUTERBOUND(#2943,.T.);
#8154=IFCFACEOUTERBOUND(#2944,.T.);
#8155=IFCFACEOUTERBOUND(#2945,.T.);
#8156=IFCFACEOUTERBOUND(#2946,.T.);
#8157=IFCFACEOUTERBOUND(#2947,.T.);
#8158=IFCFACEOUTERBOUND(#2948,.T.);
#8159=IFCFACEOUTERBOUND(#2949,.T.);
#8160=IFCFACEOUTERBOUND(#2950,.T.);
#8161=IFCFACEOUTERBOUND(#2951,.T.);
#8162=IFCFACEOUTERBOUND(#2952,.T.);
#8163=IFCFACEOUTERBOUND(#2953,.T.);
#8164=IFCFACEOUTERBOUND(#2954,.T.);
#8165=IFCFACEOUTERBOUND(#2955,.T.);
#8166=IFCFACEOUTERBOUND(#2956,.T.);
#8167=IFCFACEOUTERBOUND(#2957,.T.);
#8168=IFCFACEOUTERBOUND(#2958,.T.);
#8169=IFCFACEOUTERBOUND(#2959,.T.);
#8170=IFCFACEOUTERBOUND(#2960,.T.);
#8171=IFCFACEOUTERBOUND(#2961,.T.);
#8172=IFCFACEOUTERBOUND(#2962,.T.);
#8173=IFCFACEOUTERBOUND(#2963,.T.);
#8174=IFCFACEOUTERBOUND(#2964,.T.);
#8175=IFCFACEOUTERBOUND(#2965,.T.);
#8176=IFCFACEOUTERBOUND(#2966,.T.);
#8177=IFCFACEOUTERBOUND(#2967,.T.);
#8178=IFCFACEOUTERBOUND(#2968,.T.);
#8179=IFCFACEOUTERBOUND(#2969,.T.);
#8180=IFCFACEOUTERBOUND(#2970,.T.);
#8181=IFCFACEOUTERBOUND(#2971,.T.);
#8182=IFCFACEOUTERBOUND(#2972,.T.);
#8183=IFCFACEOUTERBOUND(#2973,.T.);
#8184=IFCFACEOUTERBOUND(#2974,.T.);
#8185=IFCFACEOUTERBOUND(#2975,.T.);
#8186=IFCFACEOUTERBOUND(#2976,.T.);
#8187=IFCFACEOUTERBOUND(#2977,.T.);
#8188=IFCFACEOUTERBOUND(#2978,.T.);
#8189=IFCFACEOUTERBOUND(#2979,.T.);
#8190=IFCFACEOUTERBOUND(#2980,.T.);
#8191=IFCFACEOUTERBOUND(#2981,.T.);
#8192=IFCFACEOUTERBOUND(#2982,.T.);
#8193=IFCFACEOUTERBOUND(#2983,.T.);
#8194=IFCFACEOUTERBOUND(#2984,.T.);
#8195=IFCFACEOUTERBOUND(#2985,.T.);
#8196=IFCFACEOUTERBOUND(#2986,.T.);
#8197=IFCFACEOUTERBOUND(#2987,.T.);
#8198=IFCFACEOUTERBOUND(#2988,.T.);
#8199=IFCFACEOUTERBOUND(#2989,.T.);
#8200=IFCFACEOUTERBOUND(#2990,.T.);
#8201=IFCFACEOUTERBOUND(#2991,.T.);
#8202=IFCFACEOUTERBOUND(#2992,.T.);
#8203=IFCFACEOUTERBOUND(#2993,.T.);
#8204=IFCFACEOUTERBOUND(#2994,.T.);
#8205=IFCFACEOUTERBOUND(#2995,.T.);
#8206=IFCFACEOUTERBOUND(#2996,.T.);
#8207=IFCFACEOUTERBOUND(#2997,.T.);
#8208=IFCFACEOUTERBOUND(#2998,.T.);
#8209=IFCFACEOUTERBOUND(#2999,.T.);
#8210=IFCFACEOUTERBOUND(#3000,.T.);
#8211=IFCFACEOUTERBOUND(#3001,.T.);
#8212=IFCFACEOUTERBOUND(#3002,.T.);
#8213=IFCFACEOUTERBOUND(#3003,.T.);
#8214=IFCFACEOUTERBOUND(#3004,.T.);
#8215=IFCFACEOUTERBOUND(#3005,.T.);
#8216=IFCFACEOUTERBOUND(#3006,.T.);
#8217=IFCFACEOUTERBOUND(#3007,.T.);
#8218=IFCFACEOUTERBOUND(#3008,.T.);
#8219=IFCFACEOUTERBOUND(#3009,.T.);
#8220=IFCFACEOUTERBOUND(#3010,.T.);
#8221=IFCFACEOUTERBOUND(#3011,.T.);
#8222=IFCFACEOUTERBOUND(#3012,.T.);
#8223=IFCFACEOUTERBOUND(#3013,.T.);
#8224=IFCFACEOUTERBOUND(#3014,.T.);
#8225=IFCFACEOUTERBOUND(#3015,.T.);
#8226=IFCFACEOUTERBOUND(#3016,.T.);
#8227=IFCFACEOUTERBOUND(#3017,.T.);
#8228=IFCFACEOUTERBOUND(#3018,.T.);
#8229=IFCFACEOUTERBOUND(#3019,.T.);
#8230=IFCFACEOUTERBOUND(#3020,.T.);
#8231=IFCFACEOUTERBOUND(#3021,.T.);
#8232=IFCFACEOUTERBOUND(#3022,.T.);
#8233=IFCFACEOUTERBOUND(#3023,.T.);
#8234=IFCFACEOUTERBOUND(#3024,.T.);
#8235=IFCFACEOUTERBOUND(#3025,.T.);
#8236=IFCFACEOUTERBOUND(#3026,.T.);
#8237=IFCFACEOUTERBOUND(#3027,.T.);
#8238=IFCFACEOUTERBOUND(#3028,.T.);
#8239=IFCFACEOUTERBOUND(#3029,.T.);
#8240=IFCFACEOUTERBOUND(#3030,.T.);
#8241=IFCFACEOUTERBOUND(#3031,.T.);
#8242=IFCFACEOUTERBOUND(#3032,.T.);
#8243=IFCFACEOUTERBOUND(#3033,.T.);
#8244=IFCFACEOUTERBOUND(#3034,.T.);
#8245=IFCFACEOUTERBOUND(#3035,.T.);
#8246=IFCFACEOUTERBOUND(#3036,.T.);
#8247=IFCFACEOUTERBOUND(#3037,.T.);
#8248=IFCFACEOUTERBOUND(#3038,.T.);
#8249=IFCFACEOUTERBOUND(#3039,.T.);
#8250=IFCFACEOUTERBOUND(#3040,.T.);
#8251=IFCFACEOUTERBOUND(#3041,.T.);
#8252=IFCFACEOUTERBOUND(#3042,.T.);
#8253=IFCFACEOUTERBOUND(#3043,.T.);
#8254=IFCFACEOUTERBOUND(#3044,.T.);
#8255=IFCFACEOUTERBOUND(#3045,.T.);
#8256=IFCFACEOUTERBOUND(#3046,.T.);
#8257=IFCFACEOUTERBOUND(#3047,.T.);
#8258=IFCFACEOUTERBOUND(#3048,.T.);
#8259=IFCFACEOUTERBOUND(#3049,.T.);
#8260=IFCFACEOUTERBOUND(#3050,.T.);
#8261=IFCFACEOUTERBOUND(#3051,.T.);
#8262=IFCFACEOUTERBOUND(#3052,.T.);
#8263=IFCFACEOUTERBOUND(#3053,.T.);
#8264=IFCFACEOUTERBOUND(#3054,.T.);
#8265=IFCFACEOUTERBOUND(#3055,.T.);
#8266=IFCFACEOUTERBOUND(#3056,.T.);
#8267=IFCFACEOUTERBOUND(#3057,.T.);
#8268=IFCFACEOUTERBOUND(#3058,.T.);
#8269=IFCFACEOUTERBOUND(#3059,.T.);
#8270=IFCFACEOUTERBOUND(#3060,.T.);
#8271=IFCFACEOUTERBOUND(#3061,.T.);
#8272=IFCFACEOUTERBOUND(#3062,.T.);
#8273=IFCFACEOUTERBOUND(#3063,.T.);
#8274=IFCFACEOUTERBOUND(#3064,.T.);
#8275=IFCFACEOUTERBOUND(#3065,.T.);
#8276=IFCFACEOUTERBOUND(#3066,.T.);
#8277=IFCFACEOUTERBOUND(#3067,.T.);
#8278=IFCFACEOUTERBOUND(#3068,.T.);
#8279=IFCFACEOUTERBOUND(#3069,.T.);
#8280=IFCFACEOUTERBOUND(#3070,.T.);
#8281=IFCFACEOUTERBOUND(#3071,.T.);
#8282=IFCFACEOUTERBOUND(#3072,.T.);
#8283=IFCFACEOUTERBOUND(#3073,.T.);
#8284=IFCFACEOUTERBOUND(#3074,.T.);
#8285=IFCFACEOUTERBOUND(#3075,.T.);
#8286=IFCFACEOUTERBOUND(#3076,.T.);
#8287=IFCFACEOUTERBOUND(#3077,.T.);
#8288=IFCFACEOUTERBOUND(#3078,.T.);
#8289=IFCFACEOUTERBOUND(#3079,.T.);
#8290=IFCFACEOUTERBOUND(#3080,.T.);
#8291=IFCFACEOUTERBOUND(#3081,.T.);
#8292=IFCFACEOUTERBOUND(#3082,.T.);
#8293=IFCFACEOUTERBOUND(#3083,.T.);
#8294=IFCFACEOUTERBOUND(#3084,.T.);
#8295=IFCFACEOUTERBOUND(#3085,.T.);
#8296=IFCFACEOUTERBOUND(#3086,.T.);
#8297=IFCFACEOUTERBOUND(#3087,.T.);
#8298=IFCFACEOUTERBOUND(#3088,.T.);
#8299=IFCFACEOUTERBOUND(#3089,.T.);
#8300=IFCFACEOUTERBOUND(#3090,.T.);
#8301=IFCFACEOUTERBOUND(#3091,.T.);
#8302=IFCFACEOUTERBOUND(#3092,.T.);
#8303=IFCFACEOUTERBOUND(#3093,.T.);
#8304=IFCFACEOUTERBOUND(#3094,.T.);
#8305=IFCFACEOUTERBOUND(#3095,.T.);
#8306=IFCFACEOUTERBOUND(#3096,.T.);
#8307=IFCFACEOUTERBOUND(#3097,.T.);
#8308=IFCFACEOUTERBOUND(#3098,.T.);
#8309=IFCFACEOUTERBOUND(#3099,.T.);
#8310=IFCFACEOUTERBOUND(#3100,.T.);
#8311=IFCFACEOUTERBOUND(#3101,.T.);
#8312=IFCFACEOUTERBOUND(#3102,.T.);
#8313=IFCFACEOUTERBOUND(#3103,.T.);
#8314=IFCFACEOUTERBOUND(#3104,.T.);
#8315=IFCFACEOUTERBOUND(#3105,.T.);
#8316=IFCFACEOUTERBOUND(#3106,.T.);
#8317=IFCFACEOUTERBOUND(#3107,.T.);
#8318=IFCFACEOUTERBOUND(#3108,.T.);
#8319=IFCFACEOUTERBOUND(#3109,.T.);
#8320=IFCFACEOUTERBOUND(#3110,.T.);
#8321=IFCFACEOUTERBOUND(#3111,.T.);
#8322=IFCFACEOUTERBOUND(#3112,.T.);
#8323=IFCFACEOUTERBOUND(#3113,.T.);
#8324=IFCFACEOUTERBOUND(#3114,.T.);
#8325=IFCFACEOUTERBOUND(#3115,.T.);
#8326=IFCFACEOUTERBOUND(#3116,.T.);
#8327=IFCFACEOUTERBOUND(#3117,.T.);
#8328=IFCFACEOUTERBOUND(#3118,.T.);
#8329=IFCFACEOUTERBOUND(#3119,.T.);
#8330=IFCFACEOUTERBOUND(#3120,.T.);
#8331=IFCFACEOUTERBOUND(#3121,.T.);
#8332=IFCFACEOUTERBOUND(#3122,.T.);
#8333=IFCFACEOUTERBOUND(#3123,.T.);
#8334=IFCFACEOUTERBOUND(#3124,.T.);
#8335=IFCFACEOUTERBOUND(#3125,.T.);
#8336=IFCFACEOUTERBOUND(#3126,.T.);
#8337=IFCFACEOUTERBOUND(#3127,.T.);
#8338=IFCFACEOUTERBOUND(#3128,.T.);
#8339=IFCFACEOUTERBOUND(#3129,.T.);
#8340=IFCFACEOUTERBOUND(#3130,.T.);
#8341=IFCFACEOUTERBOUND(#3131,.T.);
#8342=IFCFACEOUTERBOUND(#3132,.T.);
#8343=IFCFACEOUTERBOUND(#3133,.T.);
#8344=IFCFACEOUTERBOUND(#3134,.T.);
#8345=IFCFACEOUTERBOUND(#3135,.T.);
#8346=IFCFACEOUTERBOUND(#3136,.T.);
#8347=IFCFACEOUTERBOUND(#3137,.T.);
#8348=IFCFACEOUTERBOUND(#3138,.T.);
#8349=IFCFACEOUTERBOUND(#3139,.T.);
#8350=IFCFACEOUTERBOUND(#3140,.T.);
#8351=IFCFACEOUTERBOUND(#3141,.T.);
#8352=IFCFACEOUTERBOUND(#3142,.T.);
#8353=IFCFACEOUTERBOUND(#3143,.T.);
#8354=IFCFACEOUTERBOUND(#3144,.T.);
#8355=IFCFACEOUTERBOUND(#3145,.T.);
#8356=IFCFACEOUTERBOUND(#3146,.T.);
#8357=IFCFACEOUTERBOUND(#3147,.T.);
#8358=IFCFACEOUTERBOUND(#3148,.T.);
#8359=IFCFACEOUTERBOUND(#3149,.T.);
#8360=IFCFACEOUTERBOUND(#3150,.T.);
#8361=IFCFACEOUTERBOUND(#3151,.T.);
#8362=IFCFACEOUTERBOUND(#3152,.T.);
#8363=IFCFACEOUTERBOUND(#3153,.T.);
#8364=IFCFACEOUTERBOUND(#3154,.T.);
#8365=IFCFACEOUTERBOUND(#3155,.T.);
#8366=IFCFACEOUTERBOUND(#3156,.T.);
#8367=IFCFACEOUTERBOUND(#3157,.T.);
#8368=IFCFACEOUTERBOUND(#3158,.T.);
#8369=IFCFACEOUTERBOUND(#3159,.T.);
#8370=IFCFACEOUTERBOUND(#3160,.T.);
#8371=IFCFACEOUTERBOUND(#3161,.T.);
#8372=IFCFACEOUTERBOUND(#3162,.T.);
#8373=IFCFACEOUTERBOUND(#3163,.T.);
#8374=IFCFACEOUTERBOUND(#3164,.T.);
#8375=IFCFACEOUTERBOUND(#3165,.T.);
#8376=IFCFACEOUTERBOUND(#3166,.T.);
#8377=IFCFACEOUTERBOUND(#3167,.T.);
#8378=IFCFACEOUTERBOUND(#3168,.T.);
#8379=IFCFACEOUTERBOUND(#3169,.T.);
#8380=IFCFACEOUTERBOUND(#3170,.T.);
#8381=IFCFACEOUTERBOUND(#3171,.T.);
#8382=IFCFACEOUTERBOUND(#3172,.T.);
#8383=IFCFACEOUTERBOUND(#3173,.T.);
#8384=IFCFACEOUTERBOUND(#3174,.T.);
#8385=IFCFACEOUTERBOUND(#3175,.T.);
#8386=IFCFACEOUTERBOUND(#3176,.T.);
#8387=IFCFACEOUTERBOUND(#3177,.T.);
#8388=IFCFACEOUTERBOUND(#3178,.T.);
#8389=IFCFACEOUTERBOUND(#3179,.T.);
#8390=IFCFACEOUTERBOUND(#3180,.T.);
#8391=IFCFACEOUTERBOUND(#3181,.T.);
#8392=IFCFACEOUTERBOUND(#3182,.T.);
#8393=IFCFACEOUTERBOUND(#3183,.T.);
#8394=IFCFACEOUTERBOUND(#3184,.T.);
#8395=IFCFACEOUTERBOUND(#3185,.T.);
#8396=IFCFACEOUTERBOUND(#3186,.T.);
#8397=IFCFACEOUTERBOUND(#3187,.T.);
#8398=IFCFACEOUTERBOUND(#3188,.T.);
#8399=IFCFACEOUTERBOUND(#3189,.T.);
#8400=IFCFACEOUTERBOUND(#3190,.T.);
#8401=IFCFACEOUTERBOUND(#3191,.T.);
#8402=IFCFACEOUTERBOUND(#3192,.T.);
#8403=IFCFACEOUTERBOUND(#3193,.T.);
#8404=IFCFACEOUTERBOUND(#3194,.T.);
#8405=IFCFACEOUTERBOUND(#3195,.T.);
#8406=IFCFACEOUTERBOUND(#3196,.T.);
#8407=IFCFACEOUTERBOUND(#3197,.T.);
#8408=IFCFACEOUTERBOUND(#3198,.T.);
#8409=IFCFACEOUTERBOUND(#3199,.T.);
#8410=IFCFACEOUTERBOUND(#3200,.T.);
#8411=IFCFACEOUTERBOUND(#3201,.T.);
#8412=IFCFACEOUTERBOUND(#3202,.T.);
#8413=IFCFACEOUTERBOUND(#3203,.T.);
#8414=IFCFACEOUTERBOUND(#3204,.T.);
#8415=IFCFACEOUTERBOUND(#3205,.T.);
#8416=IFCFACEOUTERBOUND(#3206,.T.);
#8417=IFCFACEOUTERBOUND(#3207,.T.);
#8418=IFCFACEOUTERBOUND(#3208,.T.);
#8419=IFCFACEOUTERBOUND(#3209,.T.);
#8420=IFCFACEOUTERBOUND(#3210,.T.);
#8421=IFCFACEOUTERBOUND(#3211,.T.);
#8422=IFCFACEOUTERBOUND(#3212,.T.);
#8423=IFCFACEOUTERBOUND(#3213,.T.);
#8424=IFCFACEOUTERBOUND(#3214,.T.);
#8425=IFCFACEOUTERBOUND(#3215,.T.);
#8426=IFCFACEOUTERBOUND(#3216,.T.);
#8427=IFCFACEOUTERBOUND(#3217,.T.);
#8428=IFCFACEOUTERBOUND(#3218,.T.);
#8429=IFCFACEOUTERBOUND(#3219,.T.);
#8430=IFCFACEOUTERBOUND(#3220,.T.);
#8431=IFCFACEOUTERBOUND(#3221,.T.);
#8432=IFCFACEOUTERBOUND(#3222,.T.);
#8433=IFCFACEOUTERBOUND(#3223,.T.);
#8434=IFCFACEOUTERBOUND(#3224,.T.);
#8435=IFCFACEOUTERBOUND(#3225,.T.);
#8436=IFCFACEOUTERBOUND(#3226,.T.);
#8437=IFCFACEOUTERBOUND(#3227,.T.);
#8438=IFCFACEOUTERBOUND(#3228,.T.);
#8439=IFCFACEOUTERBOUND(#3229,.T.);
#8440=IFCFACEOUTERBOUND(#3230,.T.);
#8441=IFCFACEOUTERBOUND(#3231,.T.);
#8442=IFCFACEOUTERBOUND(#3232,.T.);
#8443=IFCFACEOUTERBOUND(#3233,.T.);
#8444=IFCFACEOUTERBOUND(#3234,.T.);
#8445=IFCFACEOUTERBOUND(#3235,.T.);
#8446=IFCFACEOUTERBOUND(#3236,.T.);
#8447=IFCFACEOUTERBOUND(#3237,.T.);
#8448=IFCFACEOUTERBOUND(#3238,.T.);
#8449=IFCFACEOUTERBOUND(#3239,.T.);
#8450=IFCFACEOUTERBOUND(#3240,.T.);
#8451=IFCFACEOUTERBOUND(#3241,.T.);
#8452=IFCFACEOUTERBOUND(#3242,.T.);
#8453=IFCFACEOUTERBOUND(#3243,.T.);
#8454=IFCFACEOUTERBOUND(#3244,.T.);
#8455=IFCFACEOUTERBOUND(#3245,.T.);
#8456=IFCFACEOUTERBOUND(#3246,.T.);
#8457=IFCFACEOUTERBOUND(#3247,.T.);
#8458=IFCFACEOUTERBOUND(#3248,.T.);
#8459=IFCFACEOUTERBOUND(#3249,.T.);
#8460=IFCFACEOUTERBOUND(#3250,.T.);
#8461=IFCFACEOUTERBOUND(#3251,.T.);
#8462=IFCFACEOUTERBOUND(#3252,.T.);
#8463=IFCFACEOUTERBOUND(#3253,.T.);
#8464=IFCFACEOUTERBOUND(#3254,.T.);
#8465=IFCFACEOUTERBOUND(#3255,.T.);
#8466=IFCFACEOUTERBOUND(#3256,.T.);
#8467=IFCFACEOUTERBOUND(#3257,.T.);
#8468=IFCFACEOUTERBOUND(#3258,.T.);
#8469=IFCFACEOUTERBOUND(#3259,.T.);
#8470=IFCFACEOUTERBOUND(#3260,.T.);
#8471=IFCFACEOUTERBOUND(#3261,.T.);
#8472=IFCFACEOUTERBOUND(#3262,.T.);
#8473=IFCFACEOUTERBOUND(#3263,.T.);
#8474=IFCFACEOUTERBOUND(#3264,.T.);
#8475=IFCFACEOUTERBOUND(#3265,.T.);
#8476=IFCFACEOUTERBOUND(#3266,.T.);
#8477=IFCFACEOUTERBOUND(#3267,.T.);
#8478=IFCFACEOUTERBOUND(#3268,.T.);
#8479=IFCFACEOUTERBOUND(#3269,.T.);
#8480=IFCFACEOUTERBOUND(#3270,.T.);
#8481=IFCFACEOUTERBOUND(#3271,.T.);
#8482=IFCFACEOUTERBOUND(#3272,.T.);
#8483=IFCFACEOUTERBOUND(#3273,.T.);
#8484=IFCFACEOUTERBOUND(#3274,.T.);
#8485=IFCFACEOUTERBOUND(#3275,.T.);
#8486=IFCFACEOUTERBOUND(#3276,.T.);
#8487=IFCFACEOUTERBOUND(#3277,.T.);
#8488=IFCFACEOUTERBOUND(#3278,.T.);
#8489=IFCFACEOUTERBOUND(#3279,.T.);
#8490=IFCFACEOUTERBOUND(#3280,.T.);
#8491=IFCFACEOUTERBOUND(#3281,.T.);
#8492=IFCFACEOUTERBOUND(#3282,.T.);
#8493=IFCFACEOUTERBOUND(#3283,.T.);
#8494=IFCFACEOUTERBOUND(#3284,.T.);
#8495=IFCFACEOUTERBOUND(#3285,.T.);
#8496=IFCFACEOUTERBOUND(#3286,.T.);
#8497=IFCFACEOUTERBOUND(#3287,.T.);
#8498=IFCFACEOUTERBOUND(#3288,.T.);
#8499=IFCFACEOUTERBOUND(#3289,.T.);
#8500=IFCFACEOUTERBOUND(#3290,.T.);
#8501=IFCFACEOUTERBOUND(#3291,.T.);
#8502=IFCFACEOUTERBOUND(#3292,.T.);
#8503=IFCFACEOUTERBOUND(#3293,.T.);
#8504=IFCFACEOUTERBOUND(#3294,.T.);
#8505=IFCFACEOUTERBOUND(#3295,.T.);
#8506=IFCFACEOUTERBOUND(#3296,.T.);
#8507=IFCFACEOUTERBOUND(#3297,.T.);
#8508=IFCFACEOUTERBOUND(#3298,.T.);
#8509=IFCFACEOUTERBOUND(#3299,.T.);
#8510=IFCFACEOUTERBOUND(#3300,.T.);
#8511=IFCFACEOUTERBOUND(#3301,.T.);
#8512=IFCFACEOUTERBOUND(#3302,.T.);
#8513=IFCFACEOUTERBOUND(#3303,.T.);
#8514=IFCFACEOUTERBOUND(#3304,.T.);
#8515=IFCFACEOUTERBOUND(#3305,.T.);
#8516=IFCFACEOUTERBOUND(#3306,.T.);
#8517=IFCFACEOUTERBOUND(#3307,.T.);
#8518=IFCFACEOUTERBOUND(#3308,.T.);
#8519=IFCFACEOUTERBOUND(#3309,.T.);
#8520=IFCFACEOUTERBOUND(#3310,.T.);
#8521=IFCFACEOUTERBOUND(#3311,.T.);
#8522=IFCFACEOUTERBOUND(#3312,.T.);
#8523=IFCFACEOUTERBOUND(#3313,.T.);
#8524=IFCFACEOUTERBOUND(#3314,.T.);
#8525=IFCFACEOUTERBOUND(#3315,.T.);
#8526=IFCFACEOUTERBOUND(#3316,.T.);
#8527=IFCFACEOUTERBOUND(#3317,.T.);
#8528=IFCFACEOUTERBOUND(#3318,.T.);
#8529=IFCFACEOUTERBOUND(#3319,.T.);
#8530=IFCFACEOUTERBOUND(#3320,.T.);
#8531=IFCFACEOUTERBOUND(#3321,.T.);
#8532=IFCFACEOUTERBOUND(#3322,.T.);
#8533=IFCFACEOUTERBOUND(#3323,.T.);
#8534=IFCFACEOUTERBOUND(#3324,.T.);
#8535=IFCFACEOUTERBOUND(#3325,.T.);
#8536=IFCFACEOUTERBOUND(#3326,.T.);
#8537=IFCFACEOUTERBOUND(#3327,.T.);
#8538=IFCFACEOUTERBOUND(#3328,.T.);
#8539=IFCFACEOUTERBOUND(#3329,.T.);
#8540=IFCFACEOUTERBOUND(#3330,.T.);
#8541=IFCFACEOUTERBOUND(#3331,.T.);
#8542=IFCFACEOUTERBOUND(#3332,.T.);
#8543=IFCFACEOUTERBOUND(#3333,.T.);
#8544=IFCFACEOUTERBOUND(#3334,.T.);
#8545=IFCFACEOUTERBOUND(#3335,.T.);
#8546=IFCFACEOUTERBOUND(#3336,.T.);
#8547=IFCFACEOUTERBOUND(#3337,.T.);
#8548=IFCFACEOUTERBOUND(#3338,.T.);
#8549=IFCFACEOUTERBOUND(#3339,.T.);
#8550=IFCFACEOUTERBOUND(#3340,.T.);
#8551=IFCFACEOUTERBOUND(#3341,.T.);
#8552=IFCFACEOUTERBOUND(#3342,.T.);
#8553=IFCFACEOUTERBOUND(#3343,.T.);
#8554=IFCFACEOUTERBOUND(#3344,.T.);
#8555=IFCFACEOUTERBOUND(#3345,.T.);
#8556=IFCFACEOUTERBOUND(#3346,.T.);
#8557=IFCFACEOUTERBOUND(#3347,.T.);
#8558=IFCFACEOUTERBOUND(#3348,.T.);
#8559=IFCFACEOUTERBOUND(#3349,.T.);
#8560=IFCFACEOUTERBOUND(#3350,.T.);
#8561=IFCFACEOUTERBOUND(#3351,.T.);
#8562=IFCFACEOUTERBOUND(#3352,.T.);
#8563=IFCFACEOUTERBOUND(#3353,.T.);
#8564=IFCFACEOUTERBOUND(#3354,.T.);
#8565=IFCFACEOUTERBOUND(#3355,.T.);
#8566=IFCFACEOUTERBOUND(#3356,.T.);
#8567=IFCFACEOUTERBOUND(#3357,.T.);
#8568=IFCFACEOUTERBOUND(#3358,.T.);
#8569=IFCFACEOUTERBOUND(#3359,.T.);
#8570=IFCFACEOUTERBOUND(#3360,.T.);
#8571=IFCFACEOUTERBOUND(#3361,.T.);
#8572=IFCFACEOUTERBOUND(#3362,.T.);
#8573=IFCFACEOUTERBOUND(#3363,.T.);
#8574=IFCFACEOUTERBOUND(#3364,.T.);
#8575=IFCFACEOUTERBOUND(#3365,.T.);
#8576=IFCFACEOUTERBOUND(#3366,.T.);
#8577=IFCFACEOUTERBOUND(#3367,.T.);
#8578=IFCFACEOUTERBOUND(#3368,.T.);
#8579=IFCFACEOUTERBOUND(#3369,.T.);
#8580=IFCFACEOUTERBOUND(#3370,.T.);
#8581=IFCFACEOUTERBOUND(#3371,.T.);
#8582=IFCFACEOUTERBOUND(#3372,.T.);
#8583=IFCFACEOUTERBOUND(#3373,.T.);
#8584=IFCFACEOUTERBOUND(#3374,.T.);
#8585=IFCFACEOUTERBOUND(#3375,.T.);
#8586=IFCFACEOUTERBOUND(#3376,.T.);
#8587=IFCFACEOUTERBOUND(#3377,.T.);
#8588=IFCFACEOUTERBOUND(#3378,.T.);
#8589=IFCFACEOUTERBOUND(#3379,.T.);
#8590=IFCFACEOUTERBOUND(#3380,.T.);
#8591=IFCFACEOUTERBOUND(#3381,.T.);
#8592=IFCFACEOUTERBOUND(#3382,.T.);
#8593=IFCFACEOUTERBOUND(#3383,.T.);
#8594=IFCFACEOUTERBOUND(#3384,.T.);
#8595=IFCFACEOUTERBOUND(#3385,.T.);
#8596=IFCFACEOUTERBOUND(#3386,.T.);
#8597=IFCFACEOUTERBOUND(#3387,.T.);
#8598=IFCFACEOUTERBOUND(#3388,.T.);
#8599=IFCFACEOUTERBOUND(#3389,.T.);
#8600=IFCFACEOUTERBOUND(#3390,.T.);
#8601=IFCFACEOUTERBOUND(#3391,.T.);
#8602=IFCFACEOUTERBOUND(#3392,.T.);
#8603=IFCFACEOUTERBOUND(#3393,.T.);
#8604=IFCFACEOUTERBOUND(#3394,.T.);
#8605=IFCFACEOUTERBOUND(#3395,.T.);
#8606=IFCFACEOUTERBOUND(#3396,.T.);
#8607=IFCFACEOUTERBOUND(#3397,.T.);
#8608=IFCFACEOUTERBOUND(#3398,.T.);
#8609=IFCFACEOUTERBOUND(#3399,.T.);
#8610=IFCFACEOUTERBOUND(#3400,.T.);
#8611=IFCFACEOUTERBOUND(#3401,.T.);
#8612=IFCFACEOUTERBOUND(#3402,.T.);
#8613=IFCFACEOUTERBOUND(#3403,.T.);
#8614=IFCFACEOUTERBOUND(#3404,.T.);
#8615=IFCFACEOUTERBOUND(#3405,.T.);
#8616=IFCFACEOUTERBOUND(#3406,.T.);
#8617=IFCFACEOUTERBOUND(#3407,.T.);
#8618=IFCFACEOUTERBOUND(#3408,.T.);
#8619=IFCFACEOUTERBOUND(#3409,.T.);
#8620=IFCFACEOUTERBOUND(#3410,.T.);
#8621=IFCFACEOUTERBOUND(#3411,.T.);
#8622=IFCFACEOUTERBOUND(#3412,.T.);
#8623=IFCFACEOUTERBOUND(#3413,.T.);
#8624=IFCFACEOUTERBOUND(#3414,.T.);
#8625=IFCFACEOUTERBOUND(#3415,.T.);
#8626=IFCFACEOUTERBOUND(#3416,.T.);
#8627=IFCFACEOUTERBOUND(#3417,.T.);
#8628=IFCFACEOUTERBOUND(#3418,.T.);
#8629=IFCFACEOUTERBOUND(#3419,.T.);
#8630=IFCFACEOUTERBOUND(#3420,.T.);
#8631=IFCFACEOUTERBOUND(#3421,.T.);
#8632=IFCFACEOUTERBOUND(#3422,.T.);
#8633=IFCFACEOUTERBOUND(#3423,.T.);
#8634=IFCFACEOUTERBOUND(#3424,.T.);
#8635=IFCFACEOUTERBOUND(#3425,.T.);
#8636=IFCFACEOUTERBOUND(#3426,.T.);
#8637=IFCFACEOUTERBOUND(#3427,.T.);
#8638=IFCFACEOUTERBOUND(#3428,.T.);
#8639=IFCFACEOUTERBOUND(#3429,.T.);
#8640=IFCFACEOUTERBOUND(#3430,.T.);
#8641=IFCFACEOUTERBOUND(#3431,.T.);
#8642=IFCFACEOUTERBOUND(#3432,.T.);
#8643=IFCFACEOUTERBOUND(#3433,.T.);
#8644=IFCFACEOUTERBOUND(#3434,.T.);
#8645=IFCFACEOUTERBOUND(#3435,.T.);
#8646=IFCFACEOUTERBOUND(#3436,.T.);
#8647=IFCFACEOUTERBOUND(#3437,.T.);
#8648=IFCFACEOUTERBOUND(#3438,.T.);
#8649=IFCFACEOUTERBOUND(#3439,.T.);
#8650=IFCFACEOUTERBOUND(#3440,.T.);
#8651=IFCFACEOUTERBOUND(#3441,.T.);
#8652=IFCFACEOUTERBOUND(#3442,.T.);
#8653=IFCFACEOUTERBOUND(#3443,.T.);
#8654=IFCFACEOUTERBOUND(#3444,.T.);
#8655=IFCFACEOUTERBOUND(#3445,.T.);
#8656=IFCFACEOUTERBOUND(#3446,.T.);
#8657=IFCFACEOUTERBOUND(#3447,.T.);
#8658=IFCFACEOUTERBOUND(#3448,.T.);
#8659=IFCFACEOUTERBOUND(#3449,.T.);
#8660=IFCFACEOUTERBOUND(#3450,.T.);
#8661=IFCFACEOUTERBOUND(#3451,.T.);
#8662=IFCFACEOUTERBOUND(#3452,.T.);
#8663=IFCFACEOUTERBOUND(#3453,.T.);
#8664=IFCFACEOUTERBOUND(#3454,.T.);
#8665=IFCFACEOUTERBOUND(#3455,.T.);
#8666=IFCFACEOUTERBOUND(#3456,.T.);
#8667=IFCFACEOUTERBOUND(#3457,.T.);
#8668=IFCFACEOUTERBOUND(#3458,.T.);
#8669=IFCFACEOUTERBOUND(#3459,.T.);
#8670=IFCFACEOUTERBOUND(#3460,.T.);
#8671=IFCFACEOUTERBOUND(#3461,.T.);
#8672=IFCFACEOUTERBOUND(#3462,.T.);
#8673=IFCFACEOUTERBOUND(#3463,.T.);
#8674=IFCFACEOUTERBOUND(#3464,.T.);
#8675=IFCFACEOUTERBOUND(#3465,.T.);
#8676=IFCFACEOUTERBOUND(#3466,.T.);
#8677=IFCFACEOUTERBOUND(#3467,.T.);
#8678=IFCFACEOUTERBOUND(#3468,.T.);
#8679=IFCFACEOUTERBOUND(#3469,.T.);
#8680=IFCFACEOUTERBOUND(#3470,.T.);
#8681=IFCFACEOUTERBOUND(#3471,.T.);
#8682=IFCFACEOUTERBOUND(#3472,.T.);
#8683=IFCFACEOUTERBOUND(#3473,.T.);
#8684=IFCFACEOUTERBOUND(#3474,.T.);
#8685=IFCFACEOUTERBOUND(#3475,.T.);
#8686=IFCFACEOUTERBOUND(#3476,.T.);
#8687=IFCFACEOUTERBOUND(#3477,.T.);
#8688=IFCFACEOUTERBOUND(#3478,.T.);
#8689=IFCFACEOUTERBOUND(#3479,.T.);
#8690=IFCFACEOUTERBOUND(#3480,.T.);
#8691=IFCFACEOUTERBOUND(#3481,.T.);
#8692=IFCFACEOUTERBOUND(#3482,.T.);
#8693=IFCFACEOUTERBOUND(#3483,.T.);
#8694=IFCFACEOUTERBOUND(#3484,.T.);
#8695=IFCFACEOUTERBOUND(#3485,.T.);
#8696=IFCFACEOUTERBOUND(#3486,.T.);
#8697=IFCFACEOUTERBOUND(#3487,.T.);
#8698=IFCFACEOUTERBOUND(#3488,.T.);
#8699=IFCFACEOUTERBOUND(#3489,.T.);
#8700=IFCFACEOUTERBOUND(#3490,.T.);
#8701=IFCFACEOUTERBOUND(#3491,.T.);
#8702=IFCFACEOUTERBOUND(#3492,.T.);
#8703=IFCFACEOUTERBOUND(#3493,.T.);
#8704=IFCFACEOUTERBOUND(#3494,.T.);
#8705=IFCFACEOUTERBOUND(#3495,.T.);
#8706=IFCFACEOUTERBOUND(#3496,.T.);
#8707=IFCFACEOUTERBOUND(#3497,.T.);
#8708=IFCFACEOUTERBOUND(#3498,.T.);
#8709=IFCFACEOUTERBOUND(#3499,.T.);
#8710=IFCFACEOUTERBOUND(#3500,.T.);
#8711=IFCFACEOUTERBOUND(#3501,.T.);
#8712=IFCFACEOUTERBOUND(#3502,.T.);
#8713=IFCFACEOUTERBOUND(#3503,.T.);
#8714=IFCFACEOUTERBOUND(#3504,.T.);
#8715=IFCFACEOUTERBOUND(#3505,.T.);
#8716=IFCFACEOUTERBOUND(#3506,.T.);
#8717=IFCFACEOUTERBOUND(#3507,.T.);
#8718=IFCFACEOUTERBOUND(#3508,.T.);
#8719=IFCFACEOUTERBOUND(#3509,.T.);
#8720=IFCFACEOUTERBOUND(#3510,.T.);
#8721=IFCFACEOUTERBOUND(#3511,.T.);
#8722=IFCFACEOUTERBOUND(#3512,.T.);
#8723=IFCFACEOUTERBOUND(#3513,.T.);
#8724=IFCFACEOUTERBOUND(#3514,.T.);
#8725=IFCFACEOUTERBOUND(#3515,.T.);
#8726=IFCFACEOUTERBOUND(#3516,.T.);
#8727=IFCFACEOUTERBOUND(#3517,.T.);
#8728=IFCFACEOUTERBOUND(#3518,.T.);
#8729=IFCFACEOUTERBOUND(#3519,.T.);
#8730=IFCFACEOUTERBOUND(#3520,.T.);
#8731=IFCFACEOUTERBOUND(#3521,.T.);
#8732=IFCFACEOUTERBOUND(#3522,.T.);
#8733=IFCFACEOUTERBOUND(#3523,.T.);
#8734=IFCFACEOUTERBOUND(#3524,.T.);
#8735=IFCFACEOUTERBOUND(#3525,.T.);
#8736=IFCFACEOUTERBOUND(#3526,.T.);
#8737=IFCFACEOUTERBOUND(#3527,.T.);
#8738=IFCFACEOUTERBOUND(#3528,.T.);
#8739=IFCFACEOUTERBOUND(#3529,.T.);
#8740=IFCFACEOUTERBOUND(#3530,.T.);
#8741=IFCFACEOUTERBOUND(#3531,.T.);
#8742=IFCFACEOUTERBOUND(#3532,.T.);
#8743=IFCFACEOUTERBOUND(#3533,.T.);
#8744=IFCFACEOUTERBOUND(#3534,.T.);
#8745=IFCFACEOUTERBOUND(#3535,.T.);
#8746=IFCFACEOUTERBOUND(#3536,.T.);
#8747=IFCFACEOUTERBOUND(#3537,.T.);
#8748=IFCFACEOUTERBOUND(#3538,.T.);
#8749=IFCFACEOUTERBOUND(#3539,.T.);
#8750=IFCFACEOUTERBOUND(#3540,.T.);
#8751=IFCFACEOUTERBOUND(#3541,.T.);
#8752=IFCFACEOUTERBOUND(#3542,.T.);
#8753=IFCFACEOUTERBOUND(#3543,.T.);
#8754=IFCFACEOUTERBOUND(#3544,.T.);
#8755=IFCFACEOUTERBOUND(#3545,.T.);
#8756=IFCFACEOUTERBOUND(#3546,.T.);
#8757=IFCFACEOUTERBOUND(#3547,.T.);
#8758=IFCFACEOUTERBOUND(#3548,.T.);
#8759=IFCFACEOUTERBOUND(#3549,.T.);
#8760=IFCFACEOUTERBOUND(#3550,.T.);
#8761=IFCFACEOUTERBOUND(#3551,.T.);
#8762=IFCFACEOUTERBOUND(#3552,.T.);
#8763=IFCFACEOUTERBOUND(#3553,.T.);
#8764=IFCFACEOUTERBOUND(#3554,.T.);
#8765=IFCFACEOUTERBOUND(#3555,.T.);
#8766=IFCFACEOUTERBOUND(#3556,.T.);
#8767=IFCFACEOUTERBOUND(#3557,.T.);
#8768=IFCFACEOUTERBOUND(#3558,.T.);
#8769=IFCFACEOUTERBOUND(#3559,.T.);
#8770=IFCFACEOUTERBOUND(#3560,.T.);
#8771=IFCFACEOUTERBOUND(#3561,.T.);
#8772=IFCFACEOUTERBOUND(#3562,.T.);
#8773=IFCFACEOUTERBOUND(#3563,.T.);
#8774=IFCFACEOUTERBOUND(#3564,.T.);
#8775=IFCFACEOUTERBOUND(#3565,.T.);
#8776=IFCFACEOUTERBOUND(#3566,.T.);
#8777=IFCFACEOUTERBOUND(#3567,.T.);
#8778=IFCFACEOUTERBOUND(#3568,.T.);
#8779=IFCFACEOUTERBOUND(#3569,.T.);
#8780=IFCFACEOUTERBOUND(#3570,.T.);
#8781=IFCFACEOUTERBOUND(#3571,.T.);
#8782=IFCFACEOUTERBOUND(#3572,.T.);
#8783=IFCFACEOUTERBOUND(#3573,.T.);
#8784=IFCFACEOUTERBOUND(#3574,.T.);
#8785=IFCFACEOUTERBOUND(#3575,.T.);
#8786=IFCFACEOUTERBOUND(#3576,.T.);
#8787=IFCFACEOUTERBOUND(#3577,.T.);
#8788=IFCFACEOUTERBOUND(#3578,.T.);
#8789=IFCFACEOUTERBOUND(#3579,.T.);
#8790=IFCFACEOUTERBOUND(#3580,.T.);
#8791=IFCFACEOUTERBOUND(#3581,.T.);
#8792=IFCFACEOUTERBOUND(#3582,.T.);
#8793=IFCFACEOUTERBOUND(#3583,.T.);
#8794=IFCFACEOUTERBOUND(#3584,.T.);
#8795=IFCFACEOUTERBOUND(#3585,.T.);
#8796=IFCFACEOUTERBOUND(#3586,.T.);
#8797=IFCFACEOUTERBOUND(#3587,.T.);
#8798=IFCFACEOUTERBOUND(#3588,.T.);
#8799=IFCFACEOUTERBOUND(#3589,.T.);
#8800=IFCFACEOUTERBOUND(#3590,.T.);
#8801=IFCFACEOUTERBOUND(#3591,.T.);
#8802=IFCFACEOUTERBOUND(#3592,.T.);
#8803=IFCFACEOUTERBOUND(#3593,.T.);
#8804=IFCFACEOUTERBOUND(#3594,.T.);
#8805=IFCFACEOUTERBOUND(#3595,.T.);
#8806=IFCFACEOUTERBOUND(#3596,.T.);
#8807=IFCFACEOUTERBOUND(#3597,.T.);
#8808=IFCFACEOUTERBOUND(#3598,.T.);
#8809=IFCFACEOUTERBOUND(#3599,.T.);
#8810=IFCFACEOUTERBOUND(#3600,.T.);
#8811=IFCFACEOUTERBOUND(#3601,.T.);
#8812=IFCFACEOUTERBOUND(#3602,.T.);
#8813=IFCFACEOUTERBOUND(#3603,.T.);
#8814=IFCFACEOUTERBOUND(#3604,.T.);
#8815=IFCFACEOUTERBOUND(#3605,.T.);
#8816=IFCFACEOUTERBOUND(#3606,.T.);
#8817=IFCFACEOUTERBOUND(#3607,.T.);
#8818=IFCFACEOUTERBOUND(#3608,.T.);
#8819=IFCFACEOUTERBOUND(#3609,.T.);
#8820=IFCFACEOUTERBOUND(#3610,.T.);
#8821=IFCFACEOUTERBOUND(#3611,.T.);
#8822=IFCFACEOUTERBOUND(#3612,.T.);
#8823=IFCFACEOUTERBOUND(#3613,.T.);
#8824=IFCFACEOUTERBOUND(#3614,.T.);
#8825=IFCFACEOUTERBOUND(#3615,.T.);
#8826=IFCFACEOUTERBOUND(#3616,.T.);
#8827=IFCFACEOUTERBOUND(#3617,.T.);
#8828=IFCFACEOUTERBOUND(#3618,.T.);
#8829=IFCFACEOUTERBOUND(#3619,.T.);
#8830=IFCFACEOUTERBOUND(#3620,.T.);
#8831=IFCFACEOUTERBOUND(#3621,.T.);
#8832=IFCFACEOUTERBOUND(#3622,.T.);
#8833=IFCFACEOUTERBOUND(#3623,.T.);
#8834=IFCFACEOUTERBOUND(#3624,.T.);
#8835=IFCFACEOUTERBOUND(#3625,.T.);
#8836=IFCFACEOUTERBOUND(#3626,.T.);
#8837=IFCFACEOUTERBOUND(#3627,.T.);
#8838=IFCFACEOUTERBOUND(#3628,.T.);
#8839=IFCFACEOUTERBOUND(#3629,.T.);
#8840=IFCFACEOUTERBOUND(#3630,.T.);
#8841=IFCFACEOUTERBOUND(#3631,.T.);
#8842=IFCFACEOUTERBOUND(#3632,.T.);
#8843=IFCFACEOUTERBOUND(#3633,.T.);
#8844=IFCFACEOUTERBOUND(#3634,.T.);
#8845=IFCFACEOUTERBOUND(#3635,.T.);
#8846=IFCFACEOUTERBOUND(#3636,.T.);
#8847=IFCFACEOUTERBOUND(#3637,.T.);
#8848=IFCFACEOUTERBOUND(#3638,.T.);
#8849=IFCFACEOUTERBOUND(#3639,.T.);
#8850=IFCFACEOUTERBOUND(#3640,.T.);
#8851=IFCFACEOUTERBOUND(#3641,.T.);
#8852=IFCFACEOUTERBOUND(#3642,.T.);
#8853=IFCFACEOUTERBOUND(#3643,.T.);
#8854=IFCFACEOUTERBOUND(#3644,.T.);
#8855=IFCFACEOUTERBOUND(#3645,.T.);
#8856=IFCFACEOUTERBOUND(#3646,.T.);
#8857=IFCFACEOUTERBOUND(#3647,.T.);
#8858=IFCFACEOUTERBOUND(#3648,.T.);
#8859=IFCFACEOUTERBOUND(#3649,.T.);
#8860=IFCFACEOUTERBOUND(#3650,.T.);
#8861=IFCFACEOUTERBOUND(#3651,.T.);
#8862=IFCFACEOUTERBOUND(#3652,.T.);
#8863=IFCFACEOUTERBOUND(#3653,.T.);
#8864=IFCFACEOUTERBOUND(#3654,.T.);
#8865=IFCFACEOUTERBOUND(#3655,.T.);
#8866=IFCFACEOUTERBOUND(#3656,.T.);
#8867=IFCFACEOUTERBOUND(#3657,.T.);
#8868=IFCFACEOUTERBOUND(#3658,.T.);
#8869=IFCFACEOUTERBOUND(#3659,.T.);
#8870=IFCFACEOUTERBOUND(#3660,.T.);
#8871=IFCFACEOUTERBOUND(#3661,.T.);
#8872=IFCFACEOUTERBOUND(#3662,.T.);
#8873=IFCFACEOUTERBOUND(#3663,.T.);
#8874=IFCFACEOUTERBOUND(#3664,.T.);
#8875=IFCFACEOUTERBOUND(#3665,.T.);
#8876=IFCFACEOUTERBOUND(#3666,.T.);
#8877=IFCFACEOUTERBOUND(#3667,.T.);
#8878=IFCFACEOUTERBOUND(#3668,.T.);
#8879=IFCFACEOUTERBOUND(#3669,.T.);
#8880=IFCFACEOUTERBOUND(#3670,.T.);
#8881=IFCFACEOUTERBOUND(#3671,.T.);
#8882=IFCFACEOUTERBOUND(#3672,.T.);
#8883=IFCFACEOUTERBOUND(#3673,.T.);
#8884=IFCFACEOUTERBOUND(#3674,.T.);
#8885=IFCFACEOUTERBOUND(#3675,.T.);
#8886=IFCFACEOUTERBOUND(#3676,.T.);
#8887=IFCFACEOUTERBOUND(#3677,.T.);
#8888=IFCFACEOUTERBOUND(#3678,.T.);
#8889=IFCFACEOUTERBOUND(#3679,.T.);
#8890=IFCFACEOUTERBOUND(#3680,.T.);
#8891=IFCFACEOUTERBOUND(#3681,.T.);
#8892=IFCFACEOUTERBOUND(#3682,.T.);
#8893=IFCFACEOUTERBOUND(#3683,.T.);
#8894=IFCFACEOUTERBOUND(#3684,.T.);
#8895=IFCFACEOUTERBOUND(#3685,.T.);
#8896=IFCFACEOUTERBOUND(#3686,.T.);
#8897=IFCFACEOUTERBOUND(#3687,.T.);
#8898=IFCFACEOUTERBOUND(#3688,.T.);
#8899=IFCFACEOUTERBOUND(#3689,.T.);
#8900=IFCFACEOUTERBOUND(#3690,.T.);
#8901=IFCFACEOUTERBOUND(#3691,.T.);
#8902=IFCFACEOUTERBOUND(#3692,.T.);
#8903=IFCFACEOUTERBOUND(#3693,.T.);
#8904=IFCFACEOUTERBOUND(#3694,.T.);
#8905=IFCFACEOUTERBOUND(#3695,.T.);
#8906=IFCFACEOUTERBOUND(#3696,.T.);
#8907=IFCFACEOUTERBOUND(#3697,.T.);
#8908=IFCFACEOUTERBOUND(#3698,.T.);
#8909=IFCFACEOUTERBOUND(#3699,.T.);
#8910=IFCFACEOUTERBOUND(#3700,.T.);
#8911=IFCFACEOUTERBOUND(#3701,.T.);
#8912=IFCFACEOUTERBOUND(#3702,.T.);
#8913=IFCFACEOUTERBOUND(#3703,.T.);
#8914=IFCFACEOUTERBOUND(#3704,.T.);
#8915=IFCFACEOUTERBOUND(#3705,.T.);
#8916=IFCFACEOUTERBOUND(#3706,.T.);
#8917=IFCFACEOUTERBOUND(#3707,.T.);
#8918=IFCFACEOUTERBOUND(#3708,.T.);
#8919=IFCFACEOUTERBOUND(#3709,.T.);
#8920=IFCFACEOUTERBOUND(#3710,.T.);
#8921=IFCFACEOUTERBOUND(#3711,.T.);
#8922=IFCFACEOUTERBOUND(#3712,.T.);
#8923=IFCFACEOUTERBOUND(#3713,.T.);
#8924=IFCFACEOUTERBOUND(#3714,.T.);
#8925=IFCFACEOUTERBOUND(#3715,.T.);
#8926=IFCFACEOUTERBOUND(#3716,.T.);
#8927=IFCFACEOUTERBOUND(#3717,.T.);
#8928=IFCFACEOUTERBOUND(#3718,.T.);
#8929=IFCFACEOUTERBOUND(#3719,.T.);
#8930=IFCFACEOUTERBOUND(#3720,.T.);
#8931=IFCFACEOUTERBOUND(#3721,.T.);
#8932=IFCFACEOUTERBOUND(#3722,.T.);
#8933=IFCFACEOUTERBOUND(#3723,.T.);
#8934=IFCFACEOUTERBOUND(#3724,.T.);
#8935=IFCFACEOUTERBOUND(#3725,.T.);
#8936=IFCFACEOUTERBOUND(#3726,.T.);
#8937=IFCFACEOUTERBOUND(#3727,.T.);
#8938=IFCFACEOUTERBOUND(#3728,.T.);
#8939=IFCFACEOUTERBOUND(#3729,.T.);
#8940=IFCFACEOUTERBOUND(#3730,.T.);
#8941=IFCFACEOUTERBOUND(#3731,.T.);
#8942=IFCFACEOUTERBOUND(#3732,.T.);
#8943=IFCFACEOUTERBOUND(#3733,.T.);
#8944=IFCFACEOUTERBOUND(#3734,.T.);
#8945=IFCFACEOUTERBOUND(#3735,.T.);
#8946=IFCFACEOUTERBOUND(#3736,.T.);
#8947=IFCFACEOUTERBOUND(#3737,.T.);
#8948=IFCFACEOUTERBOUND(#3738,.T.);
#8949=IFCFACEOUTERBOUND(#3739,.T.);
#8950=IFCFACEOUTERBOUND(#3740,.T.);
#8951=IFCFACEOUTERBOUND(#3741,.T.);
#8952=IFCFACEOUTERBOUND(#3742,.T.);
#8953=IFCFACEOUTERBOUND(#3743,.T.);
#8954=IFCFACEOUTERBOUND(#3744,.T.);
#8955=IFCFACEOUTERBOUND(#3745,.T.);
#8956=IFCFACEOUTERBOUND(#3746,.T.);
#8957=IFCFACEOUTERBOUND(#3747,.T.);
#8958=IFCFACEOUTERBOUND(#3748,.T.);
#8959=IFCFACEOUTERBOUND(#3749,.T.);
#8960=IFCFACEOUTERBOUND(#3750,.T.);
#8961=IFCFACEOUTERBOUND(#3751,.T.);
#8962=IFCFACEOUTERBOUND(#3752,.T.);
#8963=IFCFACEOUTERBOUND(#3753,.T.);
#8964=IFCFACEOUTERBOUND(#3754,.T.);
#8965=IFCFACEOUTERBOUND(#3755,.T.);
#8966=IFCFACEOUTERBOUND(#3756,.T.);
#8967=IFCFACEOUTERBOUND(#3757,.T.);
#8968=IFCFACEOUTERBOUND(#3758,.T.);
#8969=IFCFACEOUTERBOUND(#3759,.T.);
#8970=IFCFACEOUTERBOUND(#3760,.T.);
#8971=IFCFACEOUTERBOUND(#3761,.T.);
#8972=IFCFACEOUTERBOUND(#3762,.T.);
#8973=IFCFACEOUTERBOUND(#3763,.T.);
#8974=IFCFACEOUTERBOUND(#3764,.T.);
#8975=IFCFACEOUTERBOUND(#3765,.T.);
#8976=IFCFACEOUTERBOUND(#3766,.T.);
#8977=IFCFACEOUTERBOUND(#3767,.T.);
#8978=IFCFACEOUTERBOUND(#3768,.T.);
#8979=IFCFACEOUTERBOUND(#3769,.T.);
#8980=IFCFACEOUTERBOUND(#3770,.T.);
#8981=IFCFACEOUTERBOUND(#3771,.T.);
#8982=IFCFACEOUTERBOUND(#3772,.T.);
#8983=IFCFACEOUTERBOUND(#3773,.T.);
#8984=IFCFACEOUTERBOUND(#3774,.T.);
#8985=IFCFACEOUTERBOUND(#3775,.T.);
#8986=IFCFACEOUTERBOUND(#3776,.T.);
#8987=IFCFACEOUTERBOUND(#3777,.T.);
#8988=IFCFACEOUTERBOUND(#3778,.T.);
#8989=IFCFACEOUTERBOUND(#3779,.T.);
#8990=IFCFACEOUTERBOUND(#3780,.T.);
#8991=IFCFACEOUTERBOUND(#3781,.T.);
#8992=IFCFACEOUTERBOUND(#3782,.T.);
#8993=IFCFACEOUTERBOUND(#3783,.T.);
#8994=IFCFACEOUTERBOUND(#3784,.T.);
#8995=IFCFACEOUTERBOUND(#3785,.T.);
#8996=IFCFACEOUTERBOUND(#3786,.T.);
#8997=IFCFACEOUTERBOUND(#3787,.T.);
#8998=IFCFACEOUTERBOUND(#3788,.T.);
#8999=IFCFACEOUTERBOUND(#3789,.T.);
#9000=IFCFACEOUTERBOUND(#3790,.T.);
#9001=IFCFACEOUTERBOUND(#3791,.T.);
#9002=IFCFACEOUTERBOUND(#3792,.T.);
#9003=IFCFACEOUTERBOUND(#3793,.T.);
#9004=IFCFACEOUTERBOUND(#3794,.T.);
#9005=IFCFACEOUTERBOUND(#3795,.T.);
#9006=IFCFACEOUTERBOUND(#3796,.T.);
#9007=IFCFACEOUTERBOUND(#3797,.T.);
#9008=IFCFACEOUTERBOUND(#3798,.T.);
#9009=IFCFACEOUTERBOUND(#3799,.T.);
#9010=IFCFACEOUTERBOUND(#3800,.T.);
#9011=IFCFACEOUTERBOUND(#3801,.T.);
#9012=IFCFACEOUTERBOUND(#3802,.T.);
#9013=IFCFACEOUTERBOUND(#3803,.T.);
#9014=IFCFACEOUTERBOUND(#3804,.T.);
#9015=IFCFACEOUTERBOUND(#3805,.T.);
#9016=IFCFACEOUTERBOUND(#3806,.T.);
#9017=IFCFACEOUTERBOUND(#3807,.T.);
#9018=IFCFACEOUTERBOUND(#3808,.T.);
#9019=IFCFACEOUTERBOUND(#3809,.T.);
#9020=IFCFACEOUTERBOUND(#3810,.T.);
#9021=IFCFACEOUTERBOUND(#3811,.T.);
#9022=IFCFACEOUTERBOUND(#3812,.T.);
#9023=IFCFACEOUTERBOUND(#3813,.T.);
#9024=IFCFACEOUTERBOUND(#3814,.T.);
#9025=IFCFACEOUTERBOUND(#3815,.T.);
#9026=IFCFACEOUTERBOUND(#3816,.T.);
#9027=IFCFACEOUTERBOUND(#3817,.T.);
#9028=IFCFACEOUTERBOUND(#3818,.T.);
#9029=IFCFACEOUTERBOUND(#3819,.T.);
#9030=IFCFACEOUTERBOUND(#3820,.T.);
#9031=IFCFACEOUTERBOUND(#3821,.T.);
#9032=IFCFACEOUTERBOUND(#3822,.T.);
#9033=IFCFACEOUTERBOUND(#3823,.T.);
#9034=IFCFACEOUTERBOUND(#3824,.T.);
#9035=IFCFACEOUTERBOUND(#3825,.T.);
#9036=IFCFACEOUTERBOUND(#3826,.T.);
#9037=IFCFACEOUTERBOUND(#3827,.T.);
#9038=IFCFACEOUTERBOUND(#3828,.T.);
#9039=IFCFACEOUTERBOUND(#3829,.T.);
#9040=IFCFACEOUTERBOUND(#3830,.T.);
#9041=IFCFACEOUTERBOUND(#3831,.T.);
#9042=IFCFACEOUTERBOUND(#3832,.T.);
#9043=IFCFACEOUTERBOUND(#3833,.T.);
#9044=IFCFACEOUTERBOUND(#3834,.T.);
#9045=IFCFACEOUTERBOUND(#3835,.T.);
#9046=IFCFACEOUTERBOUND(#3836,.T.);
#9047=IFCFACEOUTERBOUND(#3837,.T.);
#9048=IFCFACEOUTERBOUND(#3838,.T.);
#9049=IFCFACEOUTERBOUND(#3839,.T.);
#9050=IFCFACEOUTERBOUND(#3840,.T.);
#9051=IFCFACEOUTERBOUND(#3841,.T.);
#9052=IFCFACEOUTERBOUND(#3842,.T.);
#9053=IFCFACEOUTERBOUND(#3843,.T.);
#9054=IFCFACEOUTERBOUND(#3844,.T.);
#9055=IFCFACEOUTERBOUND(#3845,.T.);
#9056=IFCFACEOUTERBOUND(#3846,.T.);
#9057=IFCFACEOUTERBOUND(#3847,.T.);
#9058=IFCFACEOUTERBOUND(#3848,.T.);
#9059=IFCFACEOUTERBOUND(#3849,.T.);
#9060=IFCFACEOUTERBOUND(#3850,.T.);
#9061=IFCFACEOUTERBOUND(#3851,.T.);
#9062=IFCFACEOUTERBOUND(#3852,.T.);
#9063=IFCFACEOUTERBOUND(#3853,.T.);
#9064=IFCFACEOUTERBOUND(#3854,.T.);
#9065=IFCFACEOUTERBOUND(#3855,.T.);
#9066=IFCFACEOUTERBOUND(#3856,.T.);
#9067=IFCFACEOUTERBOUND(#3857,.T.);
#9068=IFCFACEOUTERBOUND(#3858,.T.);
#9069=IFCFACEOUTERBOUND(#3859,.T.);
#9070=IFCFACEOUTERBOUND(#3860,.T.);
#9071=IFCFACEOUTERBOUND(#3861,.T.);
#9072=IFCFACEOUTERBOUND(#3862,.T.);
#9073=IFCFACEOUTERBOUND(#3863,.T.);
#9074=IFCFACEOUTERBOUND(#3864,.T.);
#9075=IFCFACEOUTERBOUND(#3865,.T.);
#9076=IFCFACEOUTERBOUND(#3866,.T.);
#9077=IFCFACEOUTERBOUND(#3867,.T.);
#9078=IFCFACEOUTERBOUND(#3868,.T.);
#9079=IFCFACEOUTERBOUND(#3869,.T.);
#9080=IFCFACEOUTERBOUND(#3870,.T.);
#9081=IFCFACEOUTERBOUND(#3871,.T.);
#9082=IFCFACEOUTERBOUND(#3872,.T.);
#9083=IFCFACEOUTERBOUND(#3873,.T.);
#9084=IFCFACEOUTERBOUND(#3874,.T.);
#9085=IFCFACEOUTERBOUND(#3875,.T.);
#9086=IFCFACEOUTERBOUND(#3876,.T.);
#9087=IFCFACEOUTERBOUND(#3877,.T.);
#9088=IFCFACEOUTERBOUND(#3878,.T.);
#9089=IFCFACEOUTERBOUND(#3879,.T.);
#9090=IFCFACEOUTERBOUND(#3880,.T.);
#9091=IFCFACEOUTERBOUND(#3881,.T.);
#9092=IFCFACEOUTERBOUND(#3882,.T.);
#9093=IFCFACEOUTERBOUND(#3883,.T.);
#9094=IFCFACEOUTERBOUND(#3884,.T.);
#9095=IFCFACEOUTERBOUND(#3885,.T.);
#9096=IFCFACEOUTERBOUND(#3886,.T.);
#9097=IFCFACEOUTERBOUND(#3887,.T.);
#9098=IFCFACEOUTERBOUND(#3888,.T.);
#9099=IFCFACEOUTERBOUND(#3889,.T.);
#9100=IFCFACEOUTERBOUND(#3890,.T.);
#9101=IFCFACEOUTERBOUND(#3891,.T.);
#9102=IFCFACEOUTERBOUND(#3892,.T.);
#9103=IFCFACEOUTERBOUND(#3893,.T.);
#9104=IFCFACEOUTERBOUND(#3894,.T.);
#9105=IFCFACEOUTERBOUND(#3895,.T.);
#9106=IFCFACEOUTERBOUND(#3896,.T.);
#9107=IFCFACEOUTERBOUND(#3897,.T.);
#9108=IFCFACEOUTERBOUND(#3898,.T.);
#9109=IFCFACEOUTERBOUND(#3899,.T.);
#9110=IFCFACEOUTERBOUND(#3900,.T.);
#9111=IFCFACEOUTERBOUND(#3901,.T.);
#9112=IFCFACEOUTERBOUND(#3902,.T.);
#9113=IFCFACEOUTERBOUND(#3903,.T.);
#9114=IFCFACEOUTERBOUND(#3904,.T.);
#9115=IFCFACEOUTERBOUND(#3905,.T.);
#9116=IFCFACEOUTERBOUND(#3906,.T.);
#9117=IFCFACEOUTERBOUND(#3907,.T.);
#9118=IFCFACEOUTERBOUND(#3908,.T.);
#9119=IFCFACEOUTERBOUND(#3909,.T.);
#9120=IFCFACEOUTERBOUND(#3910,.T.);
#9121=IFCFACEOUTERBOUND(#3911,.T.);
#9122=IFCFACEOUTERBOUND(#3912,.T.);
#9123=IFCFACEOUTERBOUND(#3913,.T.);
#9124=IFCFACEOUTERBOUND(#3914,.T.);
#9125=IFCFACEOUTERBOUND(#3915,.T.);
#9126=IFCFACEOUTERBOUND(#3916,.T.);
#9127=IFCFACEOUTERBOUND(#3917,.T.);
#9128=IFCFACEOUTERBOUND(#3918,.T.);
#9129=IFCFACEOUTERBOUND(#3919,.T.);
#9130=IFCFACEOUTERBOUND(#3920,.T.);
#9131=IFCFACEOUTERBOUND(#3921,.T.);
#9132=IFCFACEOUTERBOUND(#3922,.T.);
#9133=IFCFACEOUTERBOUND(#3923,.T.);
#9134=IFCFACEOUTERBOUND(#3924,.T.);
#9135=IFCFACEOUTERBOUND(#3925,.T.);
#9136=IFCFACEOUTERBOUND(#3926,.T.);
#9137=IFCFACEOUTERBOUND(#3927,.T.);
#9138=IFCFACEOUTERBOUND(#3928,.T.);
#9139=IFCFACEOUTERBOUND(#3929,.T.);
#9140=IFCFACEOUTERBOUND(#3930,.T.);
#9141=IFCFACEOUTERBOUND(#3931,.T.);
#9142=IFCFACEOUTERBOUND(#3932,.T.);
#9143=IFCFACEOUTERBOUND(#3933,.T.);
#9144=IFCFACEOUTERBOUND(#3934,.T.);
#9145=IFCFACEOUTERBOUND(#3935,.T.);
#9146=IFCFACEOUTERBOUND(#3936,.T.);
#9147=IFCFACEOUTERBOUND(#3937,.T.);
#9148=IFCFACEOUTERBOUND(#3938,.T.);
#9149=IFCFACEOUTERBOUND(#3939,.T.);
#9150=IFCFACEOUTERBOUND(#3940,.T.);
#9151=IFCFACEOUTERBOUND(#3941,.T.);
#9152=IFCFACEOUTERBOUND(#3942,.T.);
#9153=IFCFACEOUTERBOUND(#3943,.T.);
#9154=IFCFACEOUTERBOUND(#3944,.T.);
#9155=IFCFACEOUTERBOUND(#3945,.T.);
#9156=IFCFACEOUTERBOUND(#3946,.T.);
#9157=IFCFACEOUTERBOUND(#3947,.T.);
#9158=IFCFACEOUTERBOUND(#3948,.T.);
#9159=IFCFACEOUTERBOUND(#3949,.T.);
#9160=IFCFACEOUTERBOUND(#3950,.T.);
#9161=IFCFACEOUTERBOUND(#3951,.T.);
#9162=IFCFACEOUTERBOUND(#3952,.T.);
#9163=IFCFACEOUTERBOUND(#3953,.T.);
#9164=IFCFACEOUTERBOUND(#3954,.T.);
#9165=IFCFACEOUTERBOUND(#3955,.T.);
#9166=IFCFACEOUTERBOUND(#3956,.T.);
#9167=IFCFACEOUTERBOUND(#3957,.T.);
#9168=IFCFACEOUTERBOUND(#3958,.T.);
#9169=IFCFACEOUTERBOUND(#3959,.T.);
#9170=IFCFACEOUTERBOUND(#3960,.T.);
#9171=IFCFACEOUTERBOUND(#3961,.T.);
#9172=IFCFACEOUTERBOUND(#3962,.T.);
#9173=IFCFACEOUTERBOUND(#3963,.T.);
#9174=IFCFACEOUTERBOUND(#3964,.T.);
#9175=IFCFACEOUTERBOUND(#3965,.T.);
#9176=IFCFACEOUTERBOUND(#3966,.T.);
#9177=IFCFACEOUTERBOUND(#3967,.T.);
#9178=IFCFACEOUTERBOUND(#3968,.T.);
#9179=IFCFACEOUTERBOUND(#3969,.T.);
#9180=IFCFACEOUTERBOUND(#3970,.T.);
#9181=IFCFACEOUTERBOUND(#3971,.T.);
#9182=IFCFACEOUTERBOUND(#3972,.T.);
#9183=IFCFACEOUTERBOUND(#3973,.T.);
#9184=IFCFACEOUTERBOUND(#3974,.T.);
#9185=IFCFACEOUTERBOUND(#3975,.T.);
#9186=IFCFACEOUTERBOUND(#3976,.T.);
#9187=IFCFACEOUTERBOUND(#3977,.T.);
#9188=IFCFACEOUTERBOUND(#3978,.T.);
#9189=IFCFACEOUTERBOUND(#3979,.T.);
#9190=IFCFACEOUTERBOUND(#3980,.T.);
#9191=IFCFACEOUTERBOUND(#3981,.T.);
#9192=IFCFACEOUTERBOUND(#3982,.T.);
#9193=IFCFACEOUTERBOUND(#3983,.T.);
#9194=IFCFACEOUTERBOUND(#3984,.T.);
#9195=IFCFACEOUTERBOUND(#3985,.T.);
#9196=IFCFACEOUTERBOUND(#3986,.T.);
#9197=IFCFACEOUTERBOUND(#3987,.T.);
#9198=IFCFACEOUTERBOUND(#3988,.T.);
#9199=IFCFACEOUTERBOUND(#3989,.T.);
#9200=IFCFACEOUTERBOUND(#3990,.T.);
#9201=IFCFACEOUTERBOUND(#3991,.T.);
#9202=IFCFACEOUTERBOUND(#3992,.T.);
#9203=IFCFACEOUTERBOUND(#3993,.T.);
#9204=IFCFACEOUTERBOUND(#3994,.T.);
#9205=IFCFACEOUTERBOUND(#3995,.T.);
#9206=IFCFACEOUTERBOUND(#3996,.T.);
#9207=IFCFACEOUTERBOUND(#3997,.T.);
#9208=IFCFACEOUTERBOUND(#3998,.T.);
#9209=IFCFACEOUTERBOUND(#3999,.T.);
#9210=IFCFACEOUTERBOUND(#4000,.T.);
#9211=IFCFACEOUTERBOUND(#4001,.T.);
#9212=IFCFACEOUTERBOUND(#4002,.T.);
#9213=IFCFACEOUTERBOUND(#4003,.T.);
#9214=IFCFACEOUTERBOUND(#4004,.T.);
#9215=IFCFACEOUTERBOUND(#4005,.T.);
#9216=IFCFACEOUTERBOUND(#4006,.T.);
#9217=IFCFACEOUTERBOUND(#4007,.T.);
#9218=IFCFACEOUTERBOUND(#4008,.T.);
#9219=IFCFACEOUTERBOUND(#4009,.T.);
#9220=IFCFACEOUTERBOUND(#4010,.T.);
#9221=IFCFACEOUTERBOUND(#4011,.T.);
#9222=IFCFACEOUTERBOUND(#4012,.T.);
#9223=IFCFACEOUTERBOUND(#4013,.T.);
#9224=IFCFACEOUTERBOUND(#4014,.T.);
#9225=IFCFACEOUTERBOUND(#4015,.T.);
#9226=IFCFACEOUTERBOUND(#4016,.T.);
#9227=IFCFACEOUTERBOUND(#4017,.T.);
#9228=IFCFACEOUTERBOUND(#4018,.T.);
#9229=IFCFACEOUTERBOUND(#4019,.T.);
#9230=IFCFACEOUTERBOUND(#4020,.T.);
#9231=IFCFACEOUTERBOUND(#4021,.T.);
#9232=IFCFACEOUTERBOUND(#4022,.T.);
#9233=IFCFACEOUTERBOUND(#4023,.T.);
#9234=IFCFACEOUTERBOUND(#4024,.T.);
#9235=IFCFACEOUTERBOUND(#4025,.T.);
#9236=IFCFACEOUTERBOUND(#4026,.T.);
#9237=IFCFACEOUTERBOUND(#4027,.T.);
#9238=IFCFACEOUTERBOUND(#4028,.T.);
#9239=IFCFACEOUTERBOUND(#4029,.T.);
#9240=IFCFACEOUTERBOUND(#4030,.T.);
#9241=IFCFACEOUTERBOUND(#4031,.T.);
#9242=IFCFACEOUTERBOUND(#4032,.T.);
#9243=IFCFACEOUTERBOUND(#4033,.T.);
#9244=IFCFACEOUTERBOUND(#4034,.T.);
#9245=IFCFACEOUTERBOUND(#4035,.T.);
#9246=IFCFACEOUTERBOUND(#4036,.T.);
#9247=IFCFACEOUTERBOUND(#4037,.T.);
#9248=IFCFACEOUTERBOUND(#4038,.T.);
#9249=IFCFACEOUTERBOUND(#4039,.T.);
#9250=IFCFACEOUTERBOUND(#4040,.T.);
#9251=IFCFACEOUTERBOUND(#4041,.T.);
#9252=IFCFACEOUTERBOUND(#4042,.T.);
#9253=IFCFACEOUTERBOUND(#4043,.T.);
#9254=IFCFACEOUTERBOUND(#4044,.T.);
#9255=IFCFACEOUTERBOUND(#4045,.T.);
#9256=IFCFACEOUTERBOUND(#4046,.T.);
#9257=IFCFACEOUTERBOUND(#4047,.T.);
#9258=IFCFACEOUTERBOUND(#4048,.T.);
#9259=IFCFACEOUTERBOUND(#4049,.T.);
#9260=IFCFACEOUTERBOUND(#4050,.T.);
#9261=IFCFACEOUTERBOUND(#4051,.T.);
#9262=IFCFACEOUTERBOUND(#4052,.T.);
#9263=IFCFACEOUTERBOUND(#4053,.T.);
#9264=IFCFACEOUTERBOUND(#4054,.T.);
#9265=IFCFACEOUTERBOUND(#4055,.T.);
#9266=IFCFACEOUTERBOUND(#4056,.T.);
#9267=IFCFACEOUTERBOUND(#4057,.T.);
#9268=IFCFACEOUTERBOUND(#4058,.T.);
#9269=IFCFACEOUTERBOUND(#4059,.T.);
#9270=IFCFACEOUTERBOUND(#4060,.T.);
#9271=IFCFACEOUTERBOUND(#4061,.T.);
#9272=IFCFACEOUTERBOUND(#4062,.T.);
#9273=IFCFACEOUTERBOUND(#4063,.T.);
#9274=IFCFACEOUTERBOUND(#4064,.T.);
#9275=IFCFACEOUTERBOUND(#4065,.T.);
#9276=IFCFACEOUTERBOUND(#4066,.T.);
#9277=IFCFACEOUTERBOUND(#4067,.T.);
#9278=IFCFACEOUTERBOUND(#4068,.T.);
#9279=IFCFACEOUTERBOUND(#4069,.T.);
#9280=IFCFACEOUTERBOUND(#4070,.T.);
#9281=IFCFACEOUTERBOUND(#4071,.T.);
#9282=IFCFACEOUTERBOUND(#4072,.T.);
#9283=IFCFACEOUTERBOUND(#4073,.T.);
#9284=IFCFACEOUTERBOUND(#4074,.T.);
#9285=IFCFACEOUTERBOUND(#4075,.T.);
#9286=IFCFACEOUTERBOUND(#4076,.T.);
#9287=IFCFACEOUTERBOUND(#4077,.T.);
#9288=IFCFACEOUTERBOUND(#4078,.T.);
#9289=IFCFACEOUTERBOUND(#4079,.T.);
#9290=IFCFACEOUTERBOUND(#4080,.T.);
#9291=IFCFACEOUTERBOUND(#4081,.T.);
#9292=IFCFACEOUTERBOUND(#4082,.T.);
#9293=IFCFACEOUTERBOUND(#4083,.T.);
#9294=IFCFACEOUTERBOUND(#4084,.T.);
#9295=IFCFACEOUTERBOUND(#4085,.T.);
#9296=IFCFACEOUTERBOUND(#4086,.T.);
#9297=IFCFACEOUTERBOUND(#4087,.T.);
#9298=IFCFACEOUTERBOUND(#4088,.T.);
#9299=IFCFACEOUTERBOUND(#4089,.T.);
#9300=IFCFACEOUTERBOUND(#4090,.T.);
#9301=IFCFACEOUTERBOUND(#4091,.T.);
#9302=IFCFACEOUTERBOUND(#4092,.T.);
#9303=IFCFACEOUTERBOUND(#4093,.T.);
#9304=IFCFACEOUTERBOUND(#4094,.T.);
#9305=IFCFACEOUTERBOUND(#4095,.T.);
#9306=IFCFACEOUTERBOUND(#4096,.T.);
#9307=IFCFACEOUTERBOUND(#4097,.T.);
#9308=IFCFACEOUTERBOUND(#4098,.T.);
#9309=IFCFACEOUTERBOUND(#4099,.T.);
#9310=IFCFACEOUTERBOUND(#4100,.T.);
#9311=IFCFACEOUTERBOUND(#4101,.T.);
#9312=IFCFACEOUTERBOUND(#4102,.T.);
#9313=IFCFACEOUTERBOUND(#4103,.T.);
#9314=IFCFACEOUTERBOUND(#4104,.T.);
#9315=IFCFACEOUTERBOUND(#4105,.T.);
#9316=IFCFACEOUTERBOUND(#4106,.T.);
#9317=IFCFACEOUTERBOUND(#4107,.T.);
#9318=IFCFACEOUTERBOUND(#4108,.T.);
#9319=IFCFACEOUTERBOUND(#4109,.T.);
#9320=IFCFACEOUTERBOUND(#4110,.T.);
#9321=IFCFACEOUTERBOUND(#4111,.T.);
#9322=IFCFACEOUTERBOUND(#4112,.T.);
#9323=IFCFACEOUTERBOUND(#4113,.T.);
#9324=IFCFACEOUTERBOUND(#4114,.T.);
#9325=IFCFACEOUTERBOUND(#4115,.T.);
#9326=IFCFACEOUTERBOUND(#4116,.T.);
#9327=IFCFACEOUTERBOUND(#4117,.T.);
#9328=IFCFACEOUTERBOUND(#4118,.T.);
#9329=IFCFACEOUTERBOUND(#4119,.T.);
#9330=IFCFACEOUTERBOUND(#4120,.T.);
#9331=IFCFACEOUTERBOUND(#4121,.T.);
#9332=IFCFACEOUTERBOUND(#4122,.T.);
#9333=IFCFACEOUTERBOUND(#4123,.T.);
#9334=IFCFACEOUTERBOUND(#4124,.T.);
#9335=IFCFACEOUTERBOUND(#4125,.T.);
#9336=IFCFACEOUTERBOUND(#4126,.T.);
#9337=IFCFACEOUTERBOUND(#4127,.T.);
#9338=IFCFACEOUTERBOUND(#4128,.T.);
#9339=IFCFACEOUTERBOUND(#4129,.T.);
#9340=IFCFACEOUTERBOUND(#4130,.T.);
#9341=IFCFACEOUTERBOUND(#4131,.T.);
#9342=IFCFACEOUTERBOUND(#4132,.T.);
#9343=IFCFACEOUTERBOUND(#4133,.T.);
#9344=IFCFACEOUTERBOUND(#4134,.T.);
#9345=IFCFACEOUTERBOUND(#4135,.T.);
#9346=IFCFACEOUTERBOUND(#4136,.T.);
#9347=IFCFACEOUTERBOUND(#4137,.T.);
#9348=IFCFACEOUTERBOUND(#4138,.T.);
#9349=IFCFACEOUTERBOUND(#4139,.T.);
#9350=IFCFACEOUTERBOUND(#4140,.T.);
#9351=IFCFACEOUTERBOUND(#4141,.T.);
#9352=IFCFACEOUTERBOUND(#4142,.T.);
#9353=IFCFACEOUTERBOUND(#4143,.T.);
#9354=IFCFACEOUTERBOUND(#4144,.T.);
#9355=IFCFACEOUTERBOUND(#4145,.T.);
#9356=IFCFACEOUTERBOUND(#4146,.T.);
#9357=IFCFACEOUTERBOUND(#4147,.T.);
#9358=IFCFACEOUTERBOUND(#4148,.T.);
#9359=IFCFACEOUTERBOUND(#4149,.T.);
#9360=IFCFACEOUTERBOUND(#4150,.T.);
#9361=IFCFACEOUTERBOUND(#4151,.T.);
#9362=IFCFACEOUTERBOUND(#4152,.T.);
#9363=IFCFACEOUTERBOUND(#4153,.T.);
#9364=IFCFACEOUTERBOUND(#4154,.T.);
#9365=IFCFACEOUTERBOUND(#4155,.T.);
#9366=IFCFACEOUTERBOUND(#4156,.T.);
#9367=IFCFACEOUTERBOUND(#4157,.T.);
#9368=IFCFACEOUTERBOUND(#4158,.T.);
#9369=IFCFACEOUTERBOUND(#4159,.T.);
#9370=IFCFACEOUTERBOUND(#4160,.T.);
#9371=IFCFACEOUTERBOUND(#4161,.T.);
#9372=IFCFACEOUTERBOUND(#4162,.T.);
#9373=IFCFACEOUTERBOUND(#4163,.T.);
#9374=IFCFACEOUTERBOUND(#4164,.T.);
#9375=IFCFACEOUTERBOUND(#4165,.T.);
#9376=IFCFACEOUTERBOUND(#4166,.T.);
#9377=IFCFACEOUTERBOUND(#4167,.T.);
#9378=IFCFACEOUTERBOUND(#4168,.T.);
#9379=IFCFACEOUTERBOUND(#4169,.T.);
#9380=IFCFACEOUTERBOUND(#4170,.T.);
#9381=IFCFACEOUTERBOUND(#4171,.T.);
#9382=IFCFACEOUTERBOUND(#4172,.T.);
#9383=IFCFACEOUTERBOUND(#4173,.T.);
#9384=IFCFACEOUTERBOUND(#4174,.T.);
#9385=IFCFACEOUTERBOUND(#4175,.T.);
#9386=IFCFACEOUTERBOUND(#4176,.T.);
#9387=IFCFACEOUTERBOUND(#4177,.T.);
#9388=IFCFACEOUTERBOUND(#4178,.T.);
#9389=IFCFACEOUTERBOUND(#4179,.T.);
#9390=IFCFACEOUTERBOUND(#4180,.T.);
#9391=IFCFACEOUTERBOUND(#4181,.T.);
#9392=IFCFACEOUTERBOUND(#4182,.T.);
#9393=IFCFACEOUTERBOUND(#4183,.T.);
#9394=IFCFACEOUTERBOUND(#4184,.T.);
#9395=IFCFACEOUTERBOUND(#4185,.T.);
#9396=IFCFACEOUTERBOUND(#4186,.T.);
#9397=IFCFACEOUTERBOUND(#4187,.T.);
#9398=IFCFACEOUTERBOUND(#4188,.T.);
#9399=IFCFACEOUTERBOUND(#4189,.T.);
#9400=IFCFACEOUTERBOUND(#4190,.T.);
#9401=IFCFACEOUTERBOUND(#4191,.T.);
#9402=IFCFACEOUTERBOUND(#4192,.T.);
#9403=IFCFACEOUTERBOUND(#4193,.T.);
#9404=IFCFACEOUTERBOUND(#4194,.T.);
#9405=IFCFACEOUTERBOUND(#4195,.T.);
#9406=IFCFACEOUTERBOUND(#4196,.T.);
#9407=IFCFACEOUTERBOUND(#4197,.T.);
#9408=IFCFACEOUTERBOUND(#4198,.T.);
#9409=IFCFACEOUTERBOUND(#4199,.T.);
#9410=IFCFACEOUTERBOUND(#4200,.T.);
#9411=IFCFACEOUTERBOUND(#4201,.T.);
#9412=IFCFACEOUTERBOUND(#4202,.T.);
#9413=IFCFACEOUTERBOUND(#4203,.T.);
#9414=IFCFACEOUTERBOUND(#4204,.T.);
#9415=IFCFACEOUTERBOUND(#4205,.T.);
#9416=IFCFACEOUTERBOUND(#4206,.T.);
#9417=IFCFACEOUTERBOUND(#4207,.T.);
#9418=IFCFACEOUTERBOUND(#4208,.T.);
#9419=IFCFACEOUTERBOUND(#4209,.T.);
#9420=IFCFACEOUTERBOUND(#4210,.T.);
#9421=IFCFACEOUTERBOUND(#4211,.T.);
#9422=IFCFACEOUTERBOUND(#4212,.T.);
#9423=IFCFACEOUTERBOUND(#4213,.T.);
#9424=IFCFACEOUTERBOUND(#4214,.T.);
#9425=IFCFACEOUTERBOUND(#4215,.T.);
#9426=IFCFACEOUTERBOUND(#4216,.T.);
#9427=IFCFACEOUTERBOUND(#4217,.T.);
#9428=IFCFACEOUTERBOUND(#4218,.T.);
#9429=IFCFACEOUTERBOUND(#4219,.T.);
#9430=IFCFACEOUTERBOUND(#4220,.T.);
#9431=IFCFACEOUTERBOUND(#4221,.T.);
#9432=IFCFACEOUTERBOUND(#4222,.T.);
#9433=IFCFACEOUTERBOUND(#4223,.T.);
#9434=IFCFACEOUTERBOUND(#4224,.T.);
#9435=IFCFACEOUTERBOUND(#4225,.T.);
#9436=IFCFACEOUTERBOUND(#4226,.T.);
#9437=IFCFACEOUTERBOUND(#4227,.T.);
#9438=IFCFACEOUTERBOUND(#4228,.T.);
#9439=IFCFACEOUTERBOUND(#4229,.T.);
#9440=IFCFACEOUTERBOUND(#4230,.T.);
#9441=IFCFACEOUTERBOUND(#4231,.T.);
#9442=IFCFACEOUTERBOUND(#4232,.T.);
#9443=IFCFACEOUTERBOUND(#4233,.T.);
#9444=IFCFACEOUTERBOUND(#4234,.T.);
#9445=IFCFACEOUTERBOUND(#4235,.T.);
#9446=IFCFACEOUTERBOUND(#4236,.T.);
#9447=IFCFACEOUTERBOUND(#4237,.T.);
#9448=IFCFACEOUTERBOUND(#4238,.T.);
#9449=IFCFACEOUTERBOUND(#4239,.T.);
#9450=IFCFACEOUTERBOUND(#4240,.T.);
#9451=IFCFACEOUTERBOUND(#4241,.T.);
#9452=IFCFACEOUTERBOUND(#4242,.T.);
#9453=IFCFACEOUTERBOUND(#4243,.T.);
#9454=IFCFACEOUTERBOUND(#4244,.T.);
#9455=IFCFACEOUTERBOUND(#4245,.T.);
#9456=IFCFACEOUTERBOUND(#4246,.T.);
#9457=IFCFACEOUTERBOUND(#4247,.T.);
#9458=IFCFACEOUTERBOUND(#4248,.T.);
#9459=IFCFACEOUTERBOUND(#4249,.T.);
#9460=IFCFACEOUTERBOUND(#4250,.T.);
#9461=IFCFACEOUTERBOUND(#4251,.T.);
#9462=IFCFACEOUTERBOUND(#4252,.T.);
#9463=IFCFACEOUTERBOUND(#4253,.T.);
#9464=IFCFACEOUTERBOUND(#4254,.T.);
#9465=IFCFACEOUTERBOUND(#4255,.T.);
#9466=IFCFACEOUTERBOUND(#4256,.T.);
#9467=IFCFACEOUTERBOUND(#4257,.T.);
#9468=IFCFACEOUTERBOUND(#4258,.T.);
#9469=IFCFACEOUTERBOUND(#4259,.T.);
#9470=IFCFACEOUTERBOUND(#4260,.T.);
#9471=IFCFACEOUTERBOUND(#4261,.T.);
#9472=IFCFACEOUTERBOUND(#4262,.T.);
#9473=IFCFACEOUTERBOUND(#4263,.T.);
#9474=IFCFACEOUTERBOUND(#4264,.T.);
#9475=IFCFACEOUTERBOUND(#4265,.T.);
#9476=IFCFACEOUTERBOUND(#4266,.T.);
#9477=IFCFACEOUTERBOUND(#4267,.T.);
#9478=IFCFACEOUTERBOUND(#4268,.T.);
#9479=IFCFACEOUTERBOUND(#4269,.T.);
#9480=IFCFACEOUTERBOUND(#4270,.T.);
#9481=IFCFACEOUTERBOUND(#4271,.T.);
#9482=IFCFACEOUTERBOUND(#4272,.T.);
#9483=IFCFACEOUTERBOUND(#4273,.T.);
#9484=IFCFACEOUTERBOUND(#4274,.T.);
#9485=IFCFACEOUTERBOUND(#4275,.T.);
#9486=IFCFACEOUTERBOUND(#4276,.T.);
#9487=IFCFACEOUTERBOUND(#4277,.T.);
#9488=IFCFACEOUTERBOUND(#4278,.T.);
#9489=IFCFACEOUTERBOUND(#4279,.T.);
#9490=IFCFACEOUTERBOUND(#4280,.T.);
#9491=IFCFACEOUTERBOUND(#4281,.T.);
#9492=IFCFACEOUTERBOUND(#4282,.T.);
#9493=IFCFACEOUTERBOUND(#4283,.T.);
#9494=IFCFACEOUTERBOUND(#4284,.T.);
#9495=IFCFACEOUTERBOUND(#4285,.T.);
#9496=IFCFACEOUTERBOUND(#4286,.T.);
#9497=IFCFACEOUTERBOUND(#4287,.T.);
#9498=IFCFACEOUTERBOUND(#4288,.T.);
#9499=IFCFACEOUTERBOUND(#4289,.T.);
#9500=IFCFACEOUTERBOUND(#4290,.T.);
#9501=IFCFACEOUTERBOUND(#4291,.T.);
#9502=IFCFACEOUTERBOUND(#4292,.T.);
#9503=IFCFACEOUTERBOUND(#4293,.T.);
#9504=IFCFACEOUTERBOUND(#4294,.T.);
#9505=IFCFACEOUTERBOUND(#4295,.T.);
#9506=IFCFACEOUTERBOUND(#4296,.T.);
#9507=IFCFACEOUTERBOUND(#4297,.T.);
#9508=IFCFACEOUTERBOUND(#4298,.T.);
#9509=IFCFACEOUTERBOUND(#4299,.T.);
#9510=IFCFACEOUTERBOUND(#4300,.T.);
#9511=IFCFACEOUTERBOUND(#4301,.T.);
#9512=IFCFACEOUTERBOUND(#4302,.T.);
#9513=IFCFACEOUTERBOUND(#4303,.T.);
#9514=IFCFACEOUTERBOUND(#4304,.T.);
#9515=IFCFACEOUTERBOUND(#4305,.T.);
#9516=IFCFACEOUTERBOUND(#4306,.T.);
#9517=IFCFACEOUTERBOUND(#4307,.T.);
#9518=IFCFACEOUTERBOUND(#4308,.T.);
#9519=IFCFACEOUTERBOUND(#4309,.T.);
#9520=IFCFACEOUTERBOUND(#4310,.T.);
#9521=IFCFACEOUTERBOUND(#4311,.T.);
#9522=IFCFACEOUTERBOUND(#4312,.T.);
#9523=IFCFACEOUTERBOUND(#4313,.T.);
#9524=IFCFACEOUTERBOUND(#4314,.T.);
#9525=IFCFACEOUTERBOUND(#4315,.T.);
#9526=IFCFACEOUTERBOUND(#4316,.T.);
#9527=IFCFACEOUTERBOUND(#4317,.T.);
#9528=IFCFACEOUTERBOUND(#4318,.T.);
#9529=IFCFACEOUTERBOUND(#4319,.T.);
#9530=IFCFACEOUTERBOUND(#4320,.T.);
#9531=IFCFACEOUTERBOUND(#4321,.T.);
#9532=IFCFACEOUTERBOUND(#4322,.T.);
#9533=IFCFACEOUTERBOUND(#4323,.T.);
#9534=IFCFACEOUTERBOUND(#4324,.T.);
#9535=IFCFACEOUTERBOUND(#4325,.T.);
#9536=IFCFACEOUTERBOUND(#4326,.T.);
#9537=IFCFACEOUTERBOUND(#4327,.T.);
#9538=IFCFACEOUTERBOUND(#4328,.T.);
#9539=IFCFACEOUTERBOUND(#4329,.T.);
#9540=IFCFACEOUTERBOUND(#4330,.T.);
#9541=IFCFACEOUTERBOUND(#4331,.T.);
#9542=IFCFACEOUTERBOUND(#4332,.T.);
#9543=IFCFACEOUTERBOUND(#4333,.T.);
#9544=IFCFACEOUTERBOUND(#4334,.T.);
#9545=IFCFACEOUTERBOUND(#4335,.T.);
#9546=IFCFACEOUTERBOUND(#4336,.T.);
#9547=IFCFACEOUTERBOUND(#4337,.T.);
#9548=IFCFACEOUTERBOUND(#4338,.T.);
#9549=IFCFACEOUTERBOUND(#4339,.T.);
#9550=IFCFACEOUTERBOUND(#4340,.T.);
#9551=IFCFACEOUTERBOUND(#4341,.T.);
#9552=IFCFACEOUTERBOUND(#4342,.T.);
#9553=IFCFACEOUTERBOUND(#4343,.T.);
#9554=IFCFACEOUTERBOUND(#4344,.T.);
#9555=IFCFACEOUTERBOUND(#4345,.T.);
#9556=IFCFACEOUTERBOUND(#4346,.T.);
#9557=IFCFACEOUTERBOUND(#4347,.T.);
#9558=IFCFACEOUTERBOUND(#4348,.T.);
#9559=IFCFACEOUTERBOUND(#4349,.T.);
#9560=IFCFACEOUTERBOUND(#4350,.T.);
#9561=IFCFACEOUTERBOUND(#4351,.T.);
#9562=IFCFACEOUTERBOUND(#4352,.T.);
#9563=IFCFACEOUTERBOUND(#4353,.T.);
#9564=IFCFACEOUTERBOUND(#4354,.T.);
#9565=IFCFACEOUTERBOUND(#4355,.T.);
#9566=IFCFACEOUTERBOUND(#4356,.T.);
#9567=IFCFACEOUTERBOUND(#4357,.T.);
#9568=IFCFACEOUTERBOUND(#4358,.T.);
#9569=IFCFACEOUTERBOUND(#4359,.T.);
#9570=IFCFACEOUTERBOUND(#4360,.T.);
#9571=IFCFACEOUTERBOUND(#4361,.T.);
#9572=IFCFACEOUTERBOUND(#4362,.T.);
#9573=IFCFACEOUTERBOUND(#4363,.T.);
#9574=IFCFACEOUTERBOUND(#4364,.T.);
#9575=IFCFACEOUTERBOUND(#4365,.T.);
#9576=IFCFACEOUTERBOUND(#4366,.T.);
#9577=IFCFACEOUTERBOUND(#4367,.T.);
#9578=IFCFACEOUTERBOUND(#4368,.T.);
#9579=IFCFACEOUTERBOUND(#4369,.T.);
#9580=IFCFACEOUTERBOUND(#4370,.T.);
#9581=IFCFACEOUTERBOUND(#4371,.T.);
#9582=IFCFACEOUTERBOUND(#4372,.T.);
#9583=IFCFACEOUTERBOUND(#4373,.T.);
#9584=IFCFACEOUTERBOUND(#4374,.T.);
#9585=IFCFACEOUTERBOUND(#4375,.T.);
#9586=IFCFACEOUTERBOUND(#4376,.T.);
#9587=IFCFACEOUTERBOUND(#4377,.T.);
#9588=IFCFACEOUTERBOUND(#4378,.T.);
#9589=IFCFACEOUTERBOUND(#4379,.T.);
#9590=IFCFACEOUTERBOUND(#4380,.T.);
#9591=IFCFACEOUTERBOUND(#4381,.T.);
#9592=IFCFACEOUTERBOUND(#4382,.T.);
#9593=IFCFACEOUTERBOUND(#4383,.T.);
#9594=IFCFACEOUTERBOUND(#4384,.T.);
#9595=IFCFACEOUTERBOUND(#4385,.T.);
#9596=IFCFACEOUTERBOUND(#4386,.T.);
#9597=IFCFACEOUTERBOUND(#4387,.T.);
#9598=IFCFACEOUTERBOUND(#4388,.T.);
#9599=IFCFACEOUTERBOUND(#4389,.T.);
#9600=IFCFACEOUTERBOUND(#4390,.T.);
#9601=IFCFACEOUTERBOUND(#4391,.T.);
#9602=IFCFACEOUTERBOUND(#4392,.T.);
#9603=IFCFACEOUTERBOUND(#4393,.T.);
#9604=IFCFACEOUTERBOUND(#4394,.T.);
#9605=IFCFACEOUTERBOUND(#4395,.T.);
#9606=IFCFACEOUTERBOUND(#4396,.T.);
#9607=IFCFACEOUTERBOUND(#4397,.T.);
#9608=IFCFACEOUTERBOUND(#4398,.T.);
#9609=IFCFACEOUTERBOUND(#4399,.T.);
#9610=IFCFACEOUTERBOUND(#4400,.T.);
#9611=IFCFACEOUTERBOUND(#4401,.T.);
#9612=IFCFACEOUTERBOUND(#4402,.T.);
#9613=IFCFACEOUTERBOUND(#4403,.T.);
#9614=IFCFACEOUTERBOUND(#4404,.T.);
#9615=IFCFACEOUTERBOUND(#4405,.T.);
#9616=IFCFACEOUTERBOUND(#4406,.T.);
#9617=IFCFACEOUTERBOUND(#4407,.T.);
#9618=IFCFACEOUTERBOUND(#4408,.T.);
#9619=IFCFACEOUTERBOUND(#4409,.T.);
#9620=IFCFACEOUTERBOUND(#4410,.T.);
#9621=IFCFACEOUTERBOUND(#4411,.T.);
#9622=IFCFACEOUTERBOUND(#4412,.T.);
#9623=IFCFACEOUTERBOUND(#4413,.T.);
#9624=IFCFACEOUTERBOUND(#4414,.T.);
#9625=IFCFACEOUTERBOUND(#4415,.T.);
#9626=IFCFACEOUTERBOUND(#4416,.T.);
#9627=IFCFACEOUTERBOUND(#4417,.T.);
#9628=IFCFACEOUTERBOUND(#4418,.T.);
#9629=IFCFACEOUTERBOUND(#4419,.T.);
#9630=IFCFACEOUTERBOUND(#4420,.T.);
#9631=IFCFACEOUTERBOUND(#4421,.T.);
#9632=IFCFACEOUTERBOUND(#4422,.T.);
#9633=IFCFACEOUTERBOUND(#4423,.T.);
#9634=IFCFACEOUTERBOUND(#4424,.T.);
#9635=IFCFACEOUTERBOUND(#4425,.T.);
#9636=IFCFACEOUTERBOUND(#4426,.T.);
#9637=IFCFACEOUTERBOUND(#4427,.T.);
#9638=IFCFACEOUTERBOUND(#4428,.T.);
#9639=IFCFACEOUTERBOUND(#4429,.T.);
#9640=IFCFACEOUTERBOUND(#4430,.T.);
#9641=IFCFACEOUTERBOUND(#4431,.T.);
#9642=IFCFACEOUTERBOUND(#4432,.T.);
#9643=IFCFACEOUTERBOUND(#4433,.T.);
#9644=IFCFACEOUTERBOUND(#4434,.T.);
#9645=IFCFACEOUTERBOUND(#4435,.T.);
#9646=IFCFACEOUTERBOUND(#4436,.T.);
#9647=IFCFACEOUTERBOUND(#4437,.T.);
#9648=IFCFACEOUTERBOUND(#4438,.T.);
#9649=IFCFACEOUTERBOUND(#4439,.T.);
#9650=IFCFACEOUTERBOUND(#4440,.T.);
#9651=IFCFACEOUTERBOUND(#4441,.T.);
#9652=IFCFACEOUTERBOUND(#4442,.T.);
#9653=IFCFACEOUTERBOUND(#4443,.T.);
#9654=IFCFACEOUTERBOUND(#4444,.T.);
#9655=IFCFACEOUTERBOUND(#4445,.T.);
#9656=IFCFACEOUTERBOUND(#4446,.T.);
#9657=IFCFACEOUTERBOUND(#4447,.T.);
#9658=IFCFACEOUTERBOUND(#4448,.T.);
#9659=IFCFACEOUTERBOUND(#4449,.T.);
#9660=IFCFACEOUTERBOUND(#4450,.T.);
#9661=IFCFACEOUTERBOUND(#4451,.T.);
#9662=IFCFACEOUTERBOUND(#4452,.T.);
#9663=IFCFACEOUTERBOUND(#4453,.T.);
#9664=IFCFACEOUTERBOUND(#4454,.T.);
#9665=IFCFACEOUTERBOUND(#4455,.T.);
#9666=IFCFACEOUTERBOUND(#4456,.T.);
#9667=IFCFACEOUTERBOUND(#4457,.T.);
#9668=IFCFACEOUTERBOUND(#4458,.T.);
#9669=IFCFACEOUTERBOUND(#4459,.T.);
#9670=IFCFACEOUTERBOUND(#4460,.T.);
#9671=IFCFACEOUTERBOUND(#4461,.T.);
#9672=IFCFACEOUTERBOUND(#4462,.T.);
#9673=IFCFACEOUTERBOUND(#4463,.T.);
#9674=IFCFACEOUTERBOUND(#4464,.T.);
#9675=IFCFACEOUTERBOUND(#4465,.T.);
#9676=IFCFACEOUTERBOUND(#4466,.T.);
#9677=IFCFACEOUTERBOUND(#4467,.T.);
#9678=IFCFACEOUTERBOUND(#4468,.T.);
#9679=IFCFACEOUTERBOUND(#4469,.T.);
#9680=IFCFACEOUTERBOUND(#4470,.T.);
#9681=IFCFACEOUTERBOUND(#4471,.T.);
#9682=IFCFACEOUTERBOUND(#4472,.T.);
#9683=IFCFACEOUTERBOUND(#4473,.T.);
#9684=IFCFACEOUTERBOUND(#4474,.T.);
#9685=IFCFACEOUTERBOUND(#4475,.T.);
#9686=IFCFACEOUTERBOUND(#4476,.T.);
#9687=IFCFACEOUTERBOUND(#4477,.T.);
#9688=IFCFACEOUTERBOUND(#4478,.T.);
#9689=IFCFACEOUTERBOUND(#4479,.T.);
#9690=IFCFACEOUTERBOUND(#4480,.T.);
#9691=IFCFACEOUTERBOUND(#4481,.T.);
#9692=IFCFACEOUTERBOUND(#4482,.T.);
#9693=IFCFACEOUTERBOUND(#4483,.T.);
#9694=IFCFACEOUTERBOUND(#4484,.T.);
#9695=IFCFACEOUTERBOUND(#4485,.T.);
#9696=IFCFACEOUTERBOUND(#4486,.T.);
#9697=IFCFACEOUTERBOUND(#4487,.T.);
#9698=IFCFACEOUTERBOUND(#4488,.T.);
#9699=IFCFACEOUTERBOUND(#4489,.T.);
#9700=IFCFACEOUTERBOUND(#4490,.T.);
#9701=IFCFACEOUTERBOUND(#4491,.T.);
#9702=IFCFACEOUTERBOUND(#4492,.T.);
#9703=IFCFACEOUTERBOUND(#4493,.T.);
#9704=IFCFACEOUTERBOUND(#4494,.T.);
#9705=IFCFACEOUTERBOUND(#4495,.T.);
#9706=IFCFACEOUTERBOUND(#4496,.T.);
#9707=IFCFACEOUTERBOUND(#4497,.T.);
#9708=IFCFACEOUTERBOUND(#4498,.T.);
#9709=IFCFACEOUTERBOUND(#4499,.T.);
#9710=IFCFACEOUTERBOUND(#4500,.T.);
#9711=IFCFACEOUTERBOUND(#4501,.T.);
#9712=IFCFACEOUTERBOUND(#4502,.T.);
#9713=IFCFACEOUTERBOUND(#4503,.T.);
#9714=IFCFACEOUTERBOUND(#4504,.T.);
#9715=IFCFACEOUTERBOUND(#4505,.T.);
#9716=IFCFACEOUTERBOUND(#4506,.T.);
#9717=IFCFACEOUTERBOUND(#4507,.T.);
#9718=IFCFACEOUTERBOUND(#4508,.T.);
#9719=IFCFACEOUTERBOUND(#4509,.T.);
#9720=IFCFACEOUTERBOUND(#4510,.T.);
#9721=IFCFACEOUTERBOUND(#4511,.T.);
#9722=IFCFACEOUTERBOUND(#4512,.T.);
#9723=IFCFACEOUTERBOUND(#4513,.T.);
#9724=IFCFACEOUTERBOUND(#4514,.T.);
#9725=IFCFACEOUTERBOUND(#4515,.T.);
#9726=IFCFACEOUTERBOUND(#4516,.T.);
#9727=IFCFACEOUTERBOUND(#4517,.T.);
#9728=IFCFACEOUTERBOUND(#4518,.T.);
#9729=IFCFACEOUTERBOUND(#4519,.T.);
#9730=IFCFACEOUTERBOUND(#4520,.T.);
#9731=IFCFACEOUTERBOUND(#4521,.T.);
#9732=IFCFACEOUTERBOUND(#4522,.T.);
#9733=IFCFACEOUTERBOUND(#4523,.T.);
#9734=IFCFACEOUTERBOUND(#4524,.T.);
#9735=IFCFACEOUTERBOUND(#4525,.T.);
#9736=IFCFACEOUTERBOUND(#4526,.T.);
#9737=IFCFACEOUTERBOUND(#4527,.T.);
#9738=IFCFACEOUTERBOUND(#4528,.T.);
#9739=IFCFACEOUTERBOUND(#4529,.T.);
#9740=IFCFACEOUTERBOUND(#4530,.T.);
#9741=IFCFACEOUTERBOUND(#4531,.T.);
#9742=IFCFACEOUTERBOUND(#4532,.T.);
#9743=IFCFACEOUTERBOUND(#4533,.T.);
#9744=IFCFACEOUTERBOUND(#4534,.T.);
#9745=IFCFACEOUTERBOUND(#4535,.T.);
#9746=IFCFACEOUTERBOUND(#4536,.T.);
#9747=IFCFACEOUTERBOUND(#4537,.T.);
#9748=IFCFACEOUTERBOUND(#4538,.T.);
#9749=IFCFACEOUTERBOUND(#4539,.T.);
#9750=IFCFACEOUTERBOUND(#4540,.T.);
#9751=IFCFACEOUTERBOUND(#4541,.T.);
#9752=IFCFACEOUTERBOUND(#4542,.T.);
#9753=IFCFACEOUTERBOUND(#4543,.T.);
#9754=IFCFACEOUTERBOUND(#4544,.T.);
#9755=IFCFACEOUTERBOUND(#4545,.T.);
#9756=IFCFACEOUTERBOUND(#4546,.T.);
#9757=IFCFACEOUTERBOUND(#4547,.T.);
#9758=IFCFACEOUTERBOUND(#4548,.T.);
#9759=IFCFACEOUTERBOUND(#4549,.T.);
#9760=IFCFACEOUTERBOUND(#4550,.T.);
#9761=IFCFACEOUTERBOUND(#4551,.T.);
#9762=IFCFACEOUTERBOUND(#4552,.T.);
#9763=IFCFACEOUTERBOUND(#4553,.T.);
#9764=IFCFACEOUTERBOUND(#4554,.T.);
#9765=IFCFACEOUTERBOUND(#4555,.T.);
#9766=IFCFACEOUTERBOUND(#4556,.T.);
#9767=IFCFACEOUTERBOUND(#4557,.T.);
#9768=IFCFACEOUTERBOUND(#4558,.T.);
#9769=IFCFACEOUTERBOUND(#4559,.T.);
#9770=IFCFACEOUTERBOUND(#4560,.T.);
#9771=IFCFACEOUTERBOUND(#4561,.T.);
#9772=IFCFACEOUTERBOUND(#4562,.T.);
#9773=IFCFACEOUTERBOUND(#4563,.T.);
#9774=IFCFACEOUTERBOUND(#4564,.T.);
#9775=IFCFACEOUTERBOUND(#4565,.T.);
#9776=IFCFACEOUTERBOUND(#4566,.T.);
#9777=IFCFACEOUTERBOUND(#4567,.T.);
#9778=IFCFACEOUTERBOUND(#4568,.T.);
#9779=IFCFACEOUTERBOUND(#4569,.T.);
#9780=IFCFACEOUTERBOUND(#4570,.T.);
#9781=IFCFACEOUTERBOUND(#4571,.T.);
#9782=IFCFACEOUTERBOUND(#4572,.T.);
#9783=IFCFACEOUTERBOUND(#4573,.T.);
#9784=IFCFACEOUTERBOUND(#4574,.T.);
#9785=IFCFACEOUTERBOUND(#4575,.T.);
#9786=IFCFACEOUTERBOUND(#4576,.T.);
#9787=IFCFACEOUTERBOUND(#4577,.T.);
#9788=IFCFACEOUTERBOUND(#4578,.T.);
#9789=IFCFACEOUTERBOUND(#4579,.T.);
#9790=IFCFACEOUTERBOUND(#4580,.T.);
#9791=IFCFACEOUTERBOUND(#4581,.T.);
#9792=IFCFACEOUTERBOUND(#4582,.T.);
#9793=IFCFACEOUTERBOUND(#4583,.T.);
#9794=IFCFACEOUTERBOUND(#4584,.T.);
#9795=IFCFACEOUTERBOUND(#4585,.T.);
#9796=IFCFACEOUTERBOUND(#4586,.T.);
#9797=IFCFACEOUTERBOUND(#4587,.T.);
#9798=IFCFACEOUTERBOUND(#4588,.T.);
#9799=IFCFACEOUTERBOUND(#4589,.T.);
#9800=IFCFACEOUTERBOUND(#4590,.T.);
#9801=IFCFACEOUTERBOUND(#4591,.T.);
#9802=IFCFACEOUTERBOUND(#4592,.T.);
#9803=IFCFACEOUTERBOUND(#4593,.T.);
#9804=IFCFACEOUTERBOUND(#4594,.T.);
#9805=IFCFACEOUTERBOUND(#4595,.T.);
#9806=IFCFACEOUTERBOUND(#4596,.T.);
#9807=IFCFACEOUTERBOUND(#4597,.T.);
#9808=IFCFACEOUTERBOUND(#4598,.T.);
#9809=IFCFACEOUTERBOUND(#4599,.T.);
#9810=IFCFACEOUTERBOUND(#4600,.T.);
#9811=IFCFACEOUTERBOUND(#4601,.T.);
#9812=IFCFACEOUTERBOUND(#4602,.T.);
#9813=IFCFACEOUTERBOUND(#4603,.T.);
#9814=IFCFACEOUTERBOUND(#4604,.T.);
#9815=IFCFACEOUTERBOUND(#4605,.T.);
#9816=IFCFACEOUTERBOUND(#4606,.T.);
#9817=IFCFACEOUTERBOUND(#4607,.T.);
#9818=IFCFACEOUTERBOUND(#4608,.T.);
#9819=IFCFACEOUTERBOUND(#4609,.T.);
#9820=IFCFACEOUTERBOUND(#4610,.T.);
#9821=IFCFACEOUTERBOUND(#4611,.T.);
#9822=IFCFACEOUTERBOUND(#4612,.T.);
#9823=IFCFACEOUTERBOUND(#4613,.T.);
#9824=IFCFACEOUTERBOUND(#4614,.T.);
#9825=IFCFACEOUTERBOUND(#4615,.T.);
#9826=IFCFACEOUTERBOUND(#4616,.T.);
#9827=IFCFACEOUTERBOUND(#4617,.T.);
#9828=IFCFACEOUTERBOUND(#4618,.T.);
#9829=IFCFACEOUTERBOUND(#4619,.T.);
#9830=IFCFACEOUTERBOUND(#4620,.T.);
#9831=IFCFACEOUTERBOUND(#4621,.T.);
#9832=IFCFACEOUTERBOUND(#4622,.T.);
#9833=IFCFACEOUTERBOUND(#4623,.T.);
#9834=IFCFACEOUTERBOUND(#4624,.T.);
#9835=IFCFACEOUTERBOUND(#4625,.T.);
#9836=IFCFACEOUTERBOUND(#4626,.T.);
#9837=IFCFACEOUTERBOUND(#4627,.T.);
#9838=IFCFACEOUTERBOUND(#4628,.T.);
#9839=IFCFACEOUTERBOUND(#4629,.T.);
#9840=IFCFACEOUTERBOUND(#4630,.T.);
#9841=IFCFACEOUTERBOUND(#4631,.T.);
#9842=IFCFACEOUTERBOUND(#4632,.T.);
#9843=IFCFACEOUTERBOUND(#4633,.T.);
#9844=IFCFACEOUTERBOUND(#4634,.T.);
#9845=IFCFACEOUTERBOUND(#4635,.T.);
#9846=IFCFACEOUTERBOUND(#4636,.T.);
#9847=IFCFACEOUTERBOUND(#4637,.T.);
#9848=IFCFACEOUTERBOUND(#4638,.T.);
#9849=IFCFACEOUTERBOUND(#4639,.T.);
#9850=IFCFACEOUTERBOUND(#4640,.T.);
#9851=IFCFACEOUTERBOUND(#4641,.T.);
#9852=IFCFACEOUTERBOUND(#4642,.T.);
#9853=IFCFACEOUTERBOUND(#4643,.T.);
#9854=IFCFACEOUTERBOUND(#4644,.T.);
#9855=IFCFACEOUTERBOUND(#4645,.T.);
#9856=IFCFACEOUTERBOUND(#4646,.T.);
#9857=IFCFACEOUTERBOUND(#4647,.T.);
#9858=IFCFACEOUTERBOUND(#4648,.T.);
#9859=IFCFACEOUTERBOUND(#4649,.T.);
#9860=IFCFACEOUTERBOUND(#4650,.T.);
#9861=IFCFACEOUTERBOUND(#4651,.T.);
#9862=IFCFACEOUTERBOUND(#4652,.T.);
#9863=IFCFACEOUTERBOUND(#4653,.T.);
#9864=IFCFACEOUTERBOUND(#4654,.T.);
#9865=IFCFACEOUTERBOUND(#4655,.T.);
#9866=IFCFACEOUTERBOUND(#4656,.T.);
#9867=IFCFACEOUTERBOUND(#4657,.T.);
#9868=IFCFACEOUTERBOUND(#4658,.T.);
#9869=IFCFACEOUTERBOUND(#4659,.T.);
#9870=IFCFACEOUTERBOUND(#4660,.T.);
#9871=IFCFACEOUTERBOUND(#4661,.T.);
#9872=IFCFACEOUTERBOUND(#4662,.T.);
#9873=IFCFACEOUTERBOUND(#4663,.T.);
#9874=IFCFACEOUTERBOUND(#4664,.T.);
#9875=IFCFACEOUTERBOUND(#4665,.T.);
#9876=IFCFACEOUTERBOUND(#4666,.T.);
#9877=IFCFACEOUTERBOUND(#4667,.T.);
#9878=IFCFACEOUTERBOUND(#4668,.T.);
#9879=IFCFACEOUTERBOUND(#4669,.T.);
#9880=IFCFACEOUTERBOUND(#4670,.T.);
#9881=IFCFACEOUTERBOUND(#4671,.T.);
#9882=IFCFACEOUTERBOUND(#4672,.T.);
#9883=IFCFACEOUTERBOUND(#4673,.T.);
#9884=IFCFACEOUTERBOUND(#4674,.T.);
#9885=IFCFACEOUTERBOUND(#4675,.T.);
#9886=IFCFACEOUTERBOUND(#4676,.T.);
#9887=IFCFACEOUTERBOUND(#4677,.T.);
#9888=IFCFACEOUTERBOUND(#4678,.T.);
#9889=IFCFACEOUTERBOUND(#4679,.T.);
#9890=IFCFACEOUTERBOUND(#4680,.T.);
#9891=IFCFACEOUTERBOUND(#4681,.T.);
#9892=IFCFACEOUTERBOUND(#4682,.T.);
#9893=IFCFACEOUTERBOUND(#4683,.T.);
#9894=IFCFACEOUTERBOUND(#4684,.T.);
#9895=IFCFACEOUTERBOUND(#4685,.T.);
#9896=IFCFACEOUTERBOUND(#4686,.T.);
#9897=IFCFACEOUTERBOUND(#4687,.T.);
#9898=IFCFACEOUTERBOUND(#4688,.T.);
#9899=IFCFACEOUTERBOUND(#4689,.T.);
#9900=IFCFACEOUTERBOUND(#4690,.T.);
#9901=IFCFACEOUTERBOUND(#4691,.T.);
#9902=IFCFACEOUTERBOUND(#4692,.T.);
#9903=IFCFACEOUTERBOUND(#4693,.T.);
#9904=IFCFACEOUTERBOUND(#4694,.T.);
#9905=IFCFACEOUTERBOUND(#4695,.T.);
#9906=IFCFACEOUTERBOUND(#4696,.T.);
#9907=IFCFACEOUTERBOUND(#4697,.T.);
#9908=IFCFACEOUTERBOUND(#4698,.T.);
#9909=IFCFACEOUTERBOUND(#4699,.T.);
#9910=IFCFACEOUTERBOUND(#4700,.T.);
#9911=IFCFACEOUTERBOUND(#4701,.T.);
#9912=IFCFACEOUTERBOUND(#4702,.T.);
#9913=IFCFACEOUTERBOUND(#4703,.T.);
#9914=IFCFACEOUTERBOUND(#4704,.T.);
#9915=IFCFACEOUTERBOUND(#4705,.T.);
#9916=IFCFACEOUTERBOUND(#4706,.T.);
#9917=IFCFACEOUTERBOUND(#4707,.T.);
#9918=IFCFACEOUTERBOUND(#4708,.T.);
#9919=IFCFACEOUTERBOUND(#4709,.T.);
#9920=IFCFACEOUTERBOUND(#4710,.T.);
#9921=IFCFACEOUTERBOUND(#4711,.T.);
#9922=IFCFACEOUTERBOUND(#4712,.T.);
#9923=IFCFACEOUTERBOUND(#4713,.T.);
#9924=IFCFACEOUTERBOUND(#4714,.T.);
#9925=IFCFACEOUTERBOUND(#4715,.T.);
#9926=IFCFACEOUTERBOUND(#4716,.T.);
#9927=IFCFACEOUTERBOUND(#4717,.T.);
#9928=IFCFACEOUTERBOUND(#4718,.T.);
#9929=IFCFACEOUTERBOUND(#4719,.T.);
#9930=IFCFACEOUTERBOUND(#4720,.T.);
#9931=IFCFACEOUTERBOUND(#4721,.T.);
#9932=IFCFACEOUTERBOUND(#4722,.T.);
#9933=IFCFACEOUTERBOUND(#4723,.T.);
#9934=IFCFACEOUTERBOUND(#4724,.T.);
#9935=IFCFACEOUTERBOUND(#4725,.T.);
#9936=IFCFACEOUTERBOUND(#4726,.T.);
#9937=IFCFACEOUTERBOUND(#4727,.T.);
#9938=IFCFACEOUTERBOUND(#4728,.T.);
#9939=IFCFACEOUTERBOUND(#4729,.T.);
#9940=IFCFACEOUTERBOUND(#4730,.T.);
#9941=IFCFACEOUTERBOUND(#4731,.T.);
#9942=IFCFACEOUTERBOUND(#4732,.T.);
#9943=IFCFACEOUTERBOUND(#4733,.T.);
#9944=IFCFACEOUTERBOUND(#4734,.T.);
#9945=IFCFACEOUTERBOUND(#4735,.T.);
#9946=IFCFACEOUTERBOUND(#4736,.T.);
#9947=IFCFACEOUTERBOUND(#4737,.T.);
#9948=IFCFACEOUTERBOUND(#4738,.T.);
#9949=IFCFACEOUTERBOUND(#4739,.T.);
#9950=IFCFACEOUTERBOUND(#4740,.T.);
#9951=IFCFACEOUTERBOUND(#4741,.T.);
#9952=IFCFACEOUTERBOUND(#4742,.T.);
#9953=IFCFACEOUTERBOUND(#4743,.T.);
#9954=IFCFACEOUTERBOUND(#4744,.T.);
#9955=IFCFACEOUTERBOUND(#4745,.T.);
#9956=IFCFACEOUTERBOUND(#4746,.T.);
#9957=IFCFACEOUTERBOUND(#4747,.T.);
#9958=IFCFACEOUTERBOUND(#4748,.T.);
#9959=IFCFACEOUTERBOUND(#4749,.T.);
#9960=IFCFACEOUTERBOUND(#4750,.T.);
#9961=IFCFACEOUTERBOUND(#4751,.T.);
#9962=IFCFACEOUTERBOUND(#4752,.T.);
#9963=IFCFACEOUTERBOUND(#4753,.T.);
#9964=IFCFACEOUTERBOUND(#4754,.T.);
#9965=IFCFACEOUTERBOUND(#4755,.T.);
#9966=IFCFACEOUTERBOUND(#4756,.T.);
#9967=IFCFACEOUTERBOUND(#4757,.T.);
#9968=IFCFACEOUTERBOUND(#4758,.T.);
#9969=IFCFACEOUTERBOUND(#4759,.T.);
#9970=IFCFACEOUTERBOUND(#4760,.T.);
#9971=IFCFACEOUTERBOUND(#4761,.T.);
#9972=IFCFACEOUTERBOUND(#4762,.T.);
#9973=IFCFACEOUTERBOUND(#4763,.T.);
#9974=IFCFACEOUTERBOUND(#4764,.T.);
#9975=IFCFACEOUTERBOUND(#4765,.T.);
#9976=IFCFACEOUTERBOUND(#4766,.T.);
#9977=IFCFACEOUTERBOUND(#4767,.T.);
#9978=IFCFACEOUTERBOUND(#4768,.T.);
#9979=IFCFACEOUTERBOUND(#4769,.T.);
#9980=IFCFACEOUTERBOUND(#4770,.T.);
#9981=IFCFACEOUTERBOUND(#4771,.T.);
#9982=IFCFACEOUTERBOUND(#4772,.T.);
#9983=IFCFACEOUTERBOUND(#4773,.T.);
#9984=IFCFACEOUTERBOUND(#4774,.T.);
#9985=IFCFACEOUTERBOUND(#4775,.T.);
#9986=IFCFACEOUTERBOUND(#4776,.T.);
#9987=IFCFACEOUTERBOUND(#4777,.T.);
#9988=IFCFACEOUTERBOUND(#4778,.T.);
#9989=IFCFACEOUTERBOUND(#4779,.T.);
#9990=IFCFACEOUTERBOUND(#4780,.T.);
#9991=IFCFACEOUTERBOUND(#4781,.T.);
#9992=IFCFACEOUTERBOUND(#4782,.T.);
#9993=IFCFACEOUTERBOUND(#4783,.T.);
#9994=IFCFACEOUTERBOUND(#4784,.T.);
#9995=IFCFACEOUTERBOUND(#4785,.T.);
#9996=IFCFACEOUTERBOUND(#4786,.T.);
#9997=IFCFACEOUTERBOUND(#4787,.T.);
#9998=IFCFACEOUTERBOUND(#4788,.T.);
#9999=IFCFACEOUTERBOUND(#4789,.T.);
#10000=IFCFACEOUTERBOUND(#4790,.T.);
#10001=IFCFACEOUTERBOUND(#4791,.T.);
#10002=IFCFACEOUTERBOUND(#4792,.T.);
#10003=IFCFACEOUTERBOUND(#4793,.T.);
#10004=IFCFACEOUTERBOUND(#4794,.T.);
#10005=IFCFACEOUTERBOUND(#4795,.T.);
#10006=IFCFACEOUTERBOUND(#4796,.T.);
#10007=IFCFACEOUTERBOUND(#4797,.T.);
#10008=IFCFACEOUTERBOUND(#4798,.T.);
#10009=IFCFACEOUTERBOUND(#4799,.T.);
#10010=IFCFACEOUTERBOUND(#4800,.T.);
#10011=IFCFACEOUTERBOUND(#4801,.T.);
#10012=IFCFACEOUTERBOUND(#4802,.T.);
#10013=IFCFACEOUTERBOUND(#4803,.T.);
#10014=IFCFACEOUTERBOUND(#4804,.T.);
#10015=IFCFACEOUTERBOUND(#4805,.T.);
#10016=IFCFACEOUTERBOUND(#4806,.T.);
#10017=IFCFACEOUTERBOUND(#4807,.T.);
#10018=IFCFACEOUTERBOUND(#4808,.T.);
#10019=IFCFACEOUTERBOUND(#4809,.T.);
#10020=IFCFACEOUTERBOUND(#4810,.T.);
#10021=IFCFACEOUTERBOUND(#4811,.T.);
#10022=IFCFACEOUTERBOUND(#4812,.T.);
#10023=IFCFACEOUTERBOUND(#4813,.T.);
#10024=IFCFACEOUTERBOUND(#4814,.T.);
#10025=IFCFACEOUTERBOUND(#4815,.T.);
#10026=IFCFACEOUTERBOUND(#4816,.T.);
#10027=IFCFACEOUTERBOUND(#4817,.T.);
#10028=IFCFACEOUTERBOUND(#4818,.T.);
#10029=IFCFACEOUTERBOUND(#4819,.T.);
#10030=IFCFACEOUTERBOUND(#4820,.T.);
#10031=IFCFACEOUTERBOUND(#4821,.T.);
#10032=IFCFACEOUTERBOUND(#4822,.T.);
#10033=IFCFACEOUTERBOUND(#4823,.T.);
#10034=IFCFACEOUTERBOUND(#4824,.T.);
#10035=IFCFACEOUTERBOUND(#4825,.T.);
#10036=IFCFACEOUTERBOUND(#4826,.T.);
#10037=IFCFACEOUTERBOUND(#4827,.T.);
#10038=IFCFACEOUTERBOUND(#4828,.T.);
#10039=IFCFACEOUTERBOUND(#4829,.T.);
#10040=IFCFACEOUTERBOUND(#4830,.T.);
#10041=IFCFACEOUTERBOUND(#4831,.T.);
#10042=IFCFACEOUTERBOUND(#4832,.T.);
#10043=IFCFACEOUTERBOUND(#4833,.T.);
#10044=IFCFACEOUTERBOUND(#4834,.T.);
#10045=IFCFACEOUTERBOUND(#4835,.T.);
#10046=IFCFACEOUTERBOUND(#4836,.T.);
#10047=IFCFACEOUTERBOUND(#4837,.T.);
#10048=IFCFACEOUTERBOUND(#4838,.T.);
#10049=IFCFACEOUTERBOUND(#4839,.T.);
#10050=IFCFACEOUTERBOUND(#4840,.T.);
#10051=IFCFACEOUTERBOUND(#4841,.T.);
#10052=IFCFACEOUTERBOUND(#4842,.T.);
#10053=IFCFACEOUTERBOUND(#4843,.T.);
#10054=IFCFACEOUTERBOUND(#4844,.T.);
#10055=IFCFACEOUTERBOUND(#4845,.T.);
#10056=IFCFACEOUTERBOUND(#4846,.T.);
#10057=IFCFACEOUTERBOUND(#4847,.T.);
#10058=IFCFACEOUTERBOUND(#4848,.T.);
#10059=IFCFACEOUTERBOUND(#4849,.T.);
#10060=IFCFACEOUTERBOUND(#4850,.T.);
#10061=IFCFACEOUTERBOUND(#4851,.T.);
#10062=IFCFACEOUTERBOUND(#4852,.T.);
#10063=IFCFACEOUTERBOUND(#4853,.T.);
#10064=IFCFACEOUTERBOUND(#4854,.T.);
#10065=IFCFACEOUTERBOUND(#4855,.T.);
#10066=IFCFACEOUTERBOUND(#4856,.T.);
#10067=IFCFACEOUTERBOUND(#4857,.T.);
#10068=IFCFACEOUTERBOUND(#4858,.T.);
#10069=IFCFACEOUTERBOUND(#4859,.T.);
#10070=IFCFACEOUTERBOUND(#4860,.T.);
#10071=IFCFACEOUTERBOUND(#4861,.T.);
#10072=IFCFACEOUTERBOUND(#4862,.T.);
#10073=IFCFACEOUTERBOUND(#4863,.T.);
#10074=IFCFACEOUTERBOUND(#4864,.T.);
#10075=IFCFACEOUTERBOUND(#4865,.T.);
#10076=IFCFACEOUTERBOUND(#4866,.T.);
#10077=IFCFACEOUTERBOUND(#4867,.T.);
#10078=IFCFACEOUTERBOUND(#4868,.T.);
#10079=IFCFACEOUTERBOUND(#4869,.T.);
#10080=IFCFACEOUTERBOUND(#4870,.T.);
#10081=IFCFACEOUTERBOUND(#4871,.T.);
#10082=IFCFACEOUTERBOUND(#4872,.T.);
#10083=IFCFACEOUTERBOUND(#4873,.T.);
#10084=IFCFACEOUTERBOUND(#4874,.T.);
#10085=IFCFACEOUTERBOUND(#4875,.T.);
#10086=IFCFACEOUTERBOUND(#4876,.T.);
#10087=IFCFACEOUTERBOUND(#4877,.T.);
#10088=IFCFACEOUTERBOUND(#4878,.T.);
#10089=IFCFACEOUTERBOUND(#4879,.T.);
#10090=IFCFACEOUTERBOUND(#4880,.T.);
#10091=IFCFACEOUTERBOUND(#4881,.T.);
#10092=IFCFACEOUTERBOUND(#4882,.T.);
#10093=IFCFACEOUTERBOUND(#4883,.T.);
#10094=IFCFACEOUTERBOUND(#4884,.T.);
#10095=IFCFACEOUTERBOUND(#4885,.T.);
#10096=IFCFACEOUTERBOUND(#4886,.T.);
#10097=IFCFACEOUTERBOUND(#4887,.T.);
#10098=IFCFACEOUTERBOUND(#4888,.T.);
#10099=IFCFACEOUTERBOUND(#4889,.T.);
#10100=IFCFACEOUTERBOUND(#4890,.T.);
#10101=IFCFACEOUTERBOUND(#4891,.T.);
#10102=IFCFACEOUTERBOUND(#4892,.T.);
#10103=IFCFACEOUTERBOUND(#4893,.T.);
#10104=IFCFACEOUTERBOUND(#4894,.T.);
#10105=IFCFACEOUTERBOUND(#4895,.T.);
#10106=IFCFACEOUTERBOUND(#4896,.T.);
#10107=IFCFACEOUTERBOUND(#4897,.T.);
#10108=IFCFACEOUTERBOUND(#4898,.T.);
#10109=IFCFACEOUTERBOUND(#4899,.T.);
#10110=IFCFACEOUTERBOUND(#4900,.T.);
#10111=IFCFACEOUTERBOUND(#4901,.T.);
#10112=IFCFACEOUTERBOUND(#4902,.T.);
#10113=IFCFACEOUTERBOUND(#4903,.T.);
#10114=IFCFACEOUTERBOUND(#4904,.T.);
#10115=IFCFACEOUTERBOUND(#4905,.T.);
#10116=IFCFACEOUTERBOUND(#4906,.T.);
#10117=IFCFACEOUTERBOUND(#4907,.T.);
#10118=IFCFACEOUTERBOUND(#4908,.T.);
#10119=IFCFACEOUTERBOUND(#4909,.T.);
#10120=IFCFACEOUTERBOUND(#4910,.T.);
#10121=IFCFACEOUTERBOUND(#4911,.T.);
#10122=IFCFACEOUTERBOUND(#4912,.T.);
#10123=IFCFACEOUTERBOUND(#4913,.T.);
#10124=IFCFACEOUTERBOUND(#4914,.T.);
#10125=IFCFACEOUTERBOUND(#4915,.T.);
#10126=IFCFACEOUTERBOUND(#4916,.T.);
#10127=IFCFACEOUTERBOUND(#4917,.T.);
#10128=IFCFACEOUTERBOUND(#4918,.T.);
#10129=IFCFACEOUTERBOUND(#4919,.T.);
#10130=IFCFACEOUTERBOUND(#4920,.T.);
#10131=IFCFACEOUTERBOUND(#4921,.T.);
#10132=IFCFACEOUTERBOUND(#4922,.T.);
#10133=IFCFACEOUTERBOUND(#4923,.T.);
#10134=IFCFACEOUTERBOUND(#4924,.T.);
#10135=IFCFACEOUTERBOUND(#4925,.T.);
#10136=IFCFACEOUTERBOUND(#4926,.T.);
#10137=IFCFACEOUTERBOUND(#4927,.T.);
#10138=IFCFACEOUTERBOUND(#4928,.T.);
#10139=IFCFACEOUTERBOUND(#4929,.T.);
#10140=IFCFACEOUTERBOUND(#4930,.T.);
#10141=IFCFACEOUTERBOUND(#4931,.T.);
#10142=IFCFACEOUTERBOUND(#4932,.T.);
#10143=IFCFACEOUTERBOUND(#4933,.T.);
#10144=IFCFACEOUTERBOUND(#4934,.T.);
#10145=IFCFACEOUTERBOUND(#4935,.T.);
#10146=IFCFACEOUTERBOUND(#4936,.T.);
#10147=IFCFACEOUTERBOUND(#4937,.T.);
#10148=IFCFACEOUTERBOUND(#4938,.T.);
#10149=IFCFACEOUTERBOUND(#4939,.T.);
#10150=IFCFACEOUTERBOUND(#4940,.T.);
#10151=IFCFACEOUTERBOUND(#4941,.T.);
#10152=IFCFACEOUTERBOUND(#4942,.T.);
#10153=IFCFACEOUTERBOUND(#4943,.T.);
#10154=IFCFACEOUTERBOUND(#4944,.T.);
#10155=IFCFACEOUTERBOUND(#4945,.T.);
#10156=IFCFACEOUTERBOUND(#4946,.T.);
#10157=IFCFACEOUTERBOUND(#4947,.T.);
#10158=IFCFACEOUTERBOUND(#4948,.T.);
#10159=IFCFACEOUTERBOUND(#4949,.T.);
#10160=IFCFACEOUTERBOUND(#4950,.T.);
#10161=IFCFACEOUTERBOUND(#4951,.T.);
#10162=IFCFACEOUTERBOUND(#4952,.T.);
#10163=IFCFACEOUTERBOUND(#4953,.T.);
#10164=IFCFACEOUTERBOUND(#4954,.T.);
#10165=IFCFACEOUTERBOUND(#4955,.T.);
#10166=IFCFACEOUTERBOUND(#4956,.T.);
#10167=IFCFACEOUTERBOUND(#4957,.T.);
#10168=IFCFACEOUTERBOUND(#4958,.T.);
#10169=IFCFACEOUTERBOUND(#4959,.T.);
#10170=IFCFACEOUTERBOUND(#4960,.T.);
#10171=IFCFACEOUTERBOUND(#4961,.T.);
#10172=IFCFACEOUTERBOUND(#4962,.T.);
#10173=IFCFACEOUTERBOUND(#4963,.T.);
#10174=IFCFACEOUTERBOUND(#4964,.T.);
#10175=IFCFACEOUTERBOUND(#4965,.T.);
#10176=IFCFACEOUTERBOUND(#4966,.T.);
#10177=IFCFACEOUTERBOUND(#4967,.T.);
#10178=IFCFACEOUTERBOUND(#4968,.T.);
#10179=IFCFACEOUTERBOUND(#4969,.T.);
#10180=IFCFACEOUTERBOUND(#4970,.T.);
#10181=IFCFACEOUTERBOUND(#4971,.T.);
#10182=IFCFACEOUTERBOUND(#4972,.T.);
#10183=IFCFACEOUTERBOUND(#4973,.T.);
#10184=IFCFACEOUTERBOUND(#4974,.T.);
#10185=IFCFACEOUTERBOUND(#4975,.T.);
#10186=IFCFACEOUTERBOUND(#4976,.T.);
#10187=IFCFACEOUTERBOUND(#4977,.T.);
#10188=IFCFACEOUTERBOUND(#4978,.T.);
#10189=IFCFACEOUTERBOUND(#4979,.T.);
#10190=IFCFACEOUTERBOUND(#4980,.T.);
#10191=IFCFACEOUTERBOUND(#4981,.T.);
#10192=IFCFACEOUTERBOUND(#4982,.T.);
#10193=IFCFACEOUTERBOUND(#4983,.T.);
#10194=IFCFACEOUTERBOUND(#4984,.T.);
#10195=IFCFACEOUTERBOUND(#4985,.T.);
#10196=IFCFACEOUTERBOUND(#4986,.T.);
#10197=IFCFACEOUTERBOUND(#4987,.T.);
#10198=IFCFACEOUTERBOUND(#4988,.T.);
#10199=IFCFACEOUTERBOUND(#4989,.T.);
#10200=IFCFACEOUTERBOUND(#4990,.T.);
#10201=IFCFACEOUTERBOUND(#4991,.T.);
#10202=IFCFACEOUTERBOUND(#4992,.T.);
#10203=IFCFACEOUTERBOUND(#4993,.T.);
#10204=IFCFACEOUTERBOUND(#4994,.T.);
#10205=IFCFACEOUTERBOUND(#4995,.T.);
#10206=IFCFACEOUTERBOUND(#4996,.T.);
#10207=IFCFACEOUTERBOUND(#4997,.T.);
#10208=IFCFACEOUTERBOUND(#4998,.T.);
#10209=IFCFACEOUTERBOUND(#4999,.T.);
#10210=IFCFACEOUTERBOUND(#5000,.T.);
#10211=IFCFACEOUTERBOUND(#5001,.T.);
#10212=IFCFACEOUTERBOUND(#5002,.T.);
#10213=IFCFACEOUTERBOUND(#5003,.T.);
#10214=IFCFACEOUTERBOUND(#5004,.T.);
#10215=IFCFACEOUTERBOUND(#5005,.T.);
#10216=IFCFACEOUTERBOUND(#5006,.T.);
#10217=IFCFACEOUTERBOUND(#5007,.T.);
#10218=IFCFACEOUTERBOUND(#5008,.T.);
#10219=IFCFACEOUTERBOUND(#5009,.T.);
#10220=IFCFACEOUTERBOUND(#5010,.T.);
#10221=IFCFACEOUTERBOUND(#5011,.T.);
#10222=IFCFACEOUTERBOUND(#5012,.T.);
#10223=IFCFACEOUTERBOUND(#5013,.T.);
#10224=IFCFACEOUTERBOUND(#5014,.T.);
#10225=IFCFACEOUTERBOUND(#5015,.T.);
#10226=IFCFACEOUTERBOUND(#5016,.T.);
#10227=IFCFACEOUTERBOUND(#5017,.T.);
#10228=IFCFACEOUTERBOUND(#5018,.T.);
#10229=IFCFACEOUTERBOUND(#5019,.T.);
#10230=IFCFACEOUTERBOUND(#5020,.T.);
#10231=IFCFACEOUTERBOUND(#5021,.T.);
#10232=IFCFACEOUTERBOUND(#5022,.T.);
#10233=IFCFACEOUTERBOUND(#5023,.T.);
#10234=IFCFACEOUTERBOUND(#5024,.T.);
#10235=IFCFACEOUTERBOUND(#5025,.T.);
#10236=IFCFACEOUTERBOUND(#5026,.T.);
#10237=IFCFACEOUTERBOUND(#5027,.T.);
#10238=IFCFACEOUTERBOUND(#5028,.T.);
#10239=IFCFACEOUTERBOUND(#5029,.T.);
#10240=IFCFACEOUTERBOUND(#5030,.T.);
#10241=IFCFACEOUTERBOUND(#5031,.T.);
#10242=IFCFACEOUTERBOUND(#5032,.T.);
#10243=IFCFACEOUTERBOUND(#5033,.T.);
#10244=IFCFACEOUTERBOUND(#5034,.T.);
#10245=IFCFACEOUTERBOUND(#5035,.T.);
#10246=IFCFACEOUTERBOUND(#5036,.T.);
#10247=IFCFACEOUTERBOUND(#5037,.T.);
#10248=IFCFACEOUTERBOUND(#5038,.T.);
#10249=IFCFACEOUTERBOUND(#5039,.T.);
#10250=IFCFACEOUTERBOUND(#5040,.T.);
#10251=IFCFACEOUTERBOUND(#5041,.T.);
#10252=IFCFACEOUTERBOUND(#5042,.T.);
#10253=IFCFACEOUTERBOUND(#5043,.T.);
#10254=IFCFACEOUTERBOUND(#5044,.T.);
#10255=IFCFACEOUTERBOUND(#5045,.T.);
#10256=IFCFACEOUTERBOUND(#5046,.T.);
#10257=IFCFACEOUTERBOUND(#5047,.T.);
#10258=IFCFACEOUTERBOUND(#5048,.T.);
#10259=IFCFACEOUTERBOUND(#5049,.T.);
#10260=IFCFACEOUTERBOUND(#5050,.T.);
#10261=IFCFACEOUTERBOUND(#5051,.T.);
#10262=IFCFACEOUTERBOUND(#5052,.T.);
#10263=IFCFACEOUTERBOUND(#5053,.T.);
#10264=IFCFACEOUTERBOUND(#5054,.T.);
#10265=IFCFACEOUTERBOUND(#5055,.T.);
#10266=IFCFACEOUTERBOUND(#5056,.T.);
#10267=IFCFACEOUTERBOUND(#5057,.T.);
#10268=IFCFACEOUTERBOUND(#5058,.T.);
#10269=IFCFACEOUTERBOUND(#5059,.T.);
#10270=IFCFACEOUTERBOUND(#5060,.T.);
#10271=IFCFACEOUTERBOUND(#5061,.T.);
#10272=IFCFACEOUTERBOUND(#5062,.T.);
#10273=IFCFACEOUTERBOUND(#5063,.T.);
#10274=IFCFACEOUTERBOUND(#5064,.T.);
#10275=IFCFACEOUTERBOUND(#5065,.T.);
#10276=IFCFACEOUTERBOUND(#5066,.T.);
#10277=IFCFACEOUTERBOUND(#5067,.T.);
#10278=IFCFACEOUTERBOUND(#5068,.T.);
#10279=IFCFACEOUTERBOUND(#5069,.T.);
#10280=IFCFACEOUTERBOUND(#5070,.T.);
#10281=IFCFACEOUTERBOUND(#5071,.T.);
#10282=IFCFACEOUTERBOUND(#5072,.T.);
#10283=IFCFACEOUTERBOUND(#5073,.T.);
#10284=IFCFACEOUTERBOUND(#5074,.T.);
#10285=IFCFACEOUTERBOUND(#5075,.T.);
#10286=IFCFACEOUTERBOUND(#5076,.T.);
#10287=IFCFACEOUTERBOUND(#5077,.T.);
#10288=IFCFACEOUTERBOUND(#5078,.T.);
#10289=IFCFACEOUTERBOUND(#5079,.T.);
#10290=IFCFACEOUTERBOUND(#5080,.T.);
#10291=IFCFACEOUTERBOUND(#5081,.T.);
#10292=IFCFACEOUTERBOUND(#5082,.T.);
#10293=IFCFACEOUTERBOUND(#5083,.T.);
#10294=IFCFACEOUTERBOUND(#5084,.T.);
#10295=IFCFACEOUTERBOUND(#5085,.T.);
#10296=IFCFACEOUTERBOUND(#5086,.T.);
#10297=IFCFACEOUTERBOUND(#5087,.T.);
#10298=IFCFACEOUTERBOUND(#5088,.T.);
#10299=IFCFACEOUTERBOUND(#5089,.T.);
#10300=IFCFACEOUTERBOUND(#5090,.T.);
#10301=IFCFACEOUTERBOUND(#5091,.T.);
#10302=IFCFACEOUTERBOUND(#5092,.T.);
#10303=IFCFACEOUTERBOUND(#5093,.T.);
#10304=IFCFACEOUTERBOUND(#5094,.T.);
#10305=IFCFACEOUTERBOUND(#5095,.T.);
#10306=IFCFACEOUTERBOUND(#5096,.T.);
#10307=IFCFACEOUTERBOUND(#5097,.T.);
#10308=IFCFACEOUTERBOUND(#5098,.T.);
#10309=IFCFACEOUTERBOUND(#5099,.T.);
#10310=IFCFACEOUTERBOUND(#5100,.T.);
#10311=IFCFACEOUTERBOUND(#5101,.T.);
#10312=IFCFACEOUTERBOUND(#5102,.T.);
#10313=IFCFACEOUTERBOUND(#5103,.T.);
#10314=IFCFACEOUTERBOUND(#5104,.T.);
#10315=IFCFACEOUTERBOUND(#5105,.T.);
#10316=IFCFACEOUTERBOUND(#5106,.T.);
#10317=IFCFACEOUTERBOUND(#5107,.T.);
#10318=IFCFACEOUTERBOUND(#5108,.T.);
#10319=IFCFACEOUTERBOUND(#5109,.T.);
#10320=IFCFACEOUTERBOUND(#5110,.T.);
#10321=IFCFACEOUTERBOUND(#5111,.T.);
#10322=IFCFACEOUTERBOUND(#5112,.T.);
#10323=IFCFACEOUTERBOUND(#5113,.T.);
#10324=IFCFACEOUTERBOUND(#5114,.T.);
#10325=IFCFACEOUTERBOUND(#5115,.T.);
#10326=IFCFACEOUTERBOUND(#5116,.T.);
#10327=IFCFACEOUTERBOUND(#5117,.T.);
#10328=IFCFACEOUTERBOUND(#5118,.T.);
#10329=IFCFACEOUTERBOUND(#5119,.T.);
#10330=IFCFACEOUTERBOUND(#5120,.T.);
#10331=IFCFACEOUTERBOUND(#5121,.T.);
#10332=IFCFACEOUTERBOUND(#5122,.T.);
#10333=IFCFACEOUTERBOUND(#5123,.T.);
#10334=IFCFACEOUTERBOUND(#5124,.T.);
#10335=IFCFACEOUTERBOUND(#5125,.T.);
#10336=IFCFACEOUTERBOUND(#5126,.T.);
#10337=IFCFACEOUTERBOUND(#5127,.T.);
#10338=IFCFACEOUTERBOUND(#5128,.T.);
#10339=IFCFACEOUTERBOUND(#5129,.T.);
#10340=IFCFACEOUTERBOUND(#5130,.T.);
#10341=IFCFACEOUTERBOUND(#5131,.T.);
#10342=IFCFACEOUTERBOUND(#5132,.T.);
#10343=IFCFACEOUTERBOUND(#5133,.T.);
#10344=IFCFACEOUTERBOUND(#5134,.T.);
#10345=IFCFACEOUTERBOUND(#5135,.T.);
#10346=IFCFACEOUTERBOUND(#5136,.T.);
#10347=IFCFACEOUTERBOUND(#5137,.T.);
#10348=IFCFACEOUTERBOUND(#5138,.T.);
#10349=IFCFACEOUTERBOUND(#5139,.T.);
#10350=IFCFACEOUTERBOUND(#5140,.T.);
#10351=IFCFACEOUTERBOUND(#5141,.T.);
#10352=IFCFACEOUTERBOUND(#5142,.T.);
#10353=IFCFACEOUTERBOUND(#5143,.T.);
#10354=IFCFACEOUTERBOUND(#5144,.T.);
#10355=IFCFACEOUTERBOUND(#5145,.T.);
#10356=IFCFACEOUTERBOUND(#5146,.T.);
#10357=IFCFACEOUTERBOUND(#5147,.T.);
#10358=IFCFACEOUTERBOUND(#5148,.T.);
#10359=IFCFACEOUTERBOUND(#5149,.T.);
#10360=IFCFACEOUTERBOUND(#5150,.T.);
#10361=IFCFACEOUTERBOUND(#5151,.T.);
#10362=IFCFACEOUTERBOUND(#5152,.T.);
#10363=IFCFACEOUTERBOUND(#5153,.T.);
#10364=IFCFACEOUTERBOUND(#5154,.T.);
#10365=IFCFACEOUTERBOUND(#5155,.T.);
#10366=IFCFACEOUTERBOUND(#5156,.T.);
#10367=IFCFACEOUTERBOUND(#5157,.T.);
#10368=IFCFACEOUTERBOUND(#5158,.T.);
#10369=IFCFACEOUTERBOUND(#5159,.T.);
#10370=IFCFACEOUTERBOUND(#5160,.T.);
#10371=IFCFACEOUTERBOUND(#5161,.T.);
#10372=IFCFACEOUTERBOUND(#5162,.T.);
#10373=IFCFACEOUTERBOUND(#5163,.T.);
#10374=IFCFACEOUTERBOUND(#5164,.T.);
#10375=IFCFACEOUTERBOUND(#5165,.T.);
#10376=IFCFACEOUTERBOUND(#5166,.T.);
#10377=IFCFACEOUTERBOUND(#5167,.T.);
#10378=IFCFACEOUTERBOUND(#5168,.T.);
#10379=IFCFACEOUTERBOUND(#5169,.T.);
#10380=IFCFACEOUTERBOUND(#5170,.T.);
#10381=IFCFACEOUTERBOUND(#5171,.T.);
#10382=IFCFACEOUTERBOUND(#5172,.T.);
#10383=IFCFACEOUTERBOUND(#5173,.T.);
#10384=IFCFACEOUTERBOUND(#5174,.T.);
#10385=IFCFACEOUTERBOUND(#5175,.T.);
#10386=IFCFACEOUTERBOUND(#5176,.T.);
#10387=IFCFACEOUTERBOUND(#5177,.T.);
#10388=IFCFACEOUTERBOUND(#5178,.T.);
#10389=IFCFACEOUTERBOUND(#5179,.T.);
#10390=IFCFACEOUTERBOUND(#5180,.T.);
#10391=IFCFACEOUTERBOUND(#5181,.T.);
#10392=IFCFACEOUTERBOUND(#5182,.T.);
#10393=IFCFACEOUTERBOUND(#5183,.T.);
#10394=IFCFACEOUTERBOUND(#5184,.T.);
#10395=IFCFACEOUTERBOUND(#5185,.T.);
#10396=IFCFACEOUTERBOUND(#5186,.T.);
#10397=IFCFACEOUTERBOUND(#5187,.T.);
#10398=IFCFACEOUTERBOUND(#5188,.T.);
#10399=IFCFACEOUTERBOUND(#5189,.T.);
#10400=IFCFACEOUTERBOUND(#5190,.T.);
#10401=IFCFACEOUTERBOUND(#5191,.T.);
#10402=IFCFACEOUTERBOUND(#5192,.T.);
#10403=IFCFACEOUTERBOUND(#5193,.T.);
#10404=IFCFACEOUTERBOUND(#5194,.T.);
#10405=IFCFACEOUTERBOUND(#5195,.T.);
#10406=IFCFACEOUTERBOUND(#5196,.T.);
#10407=IFCFACEOUTERBOUND(#5197,.T.);
#10408=IFCFACEOUTERBOUND(#5198,.T.);
#10409=IFCFACEOUTERBOUND(#5199,.T.);
#10410=IFCFACEOUTERBOUND(#5200,.T.);
#10411=IFCFACEOUTERBOUND(#5201,.T.);
#10412=IFCFACEOUTERBOUND(#5202,.T.);
#10413=IFCFACEOUTERBOUND(#5203,.T.);
#10414=IFCFACEOUTERBOUND(#5204,.T.);
#10415=IFCFACEOUTERBOUND(#5205,.T.);
#10416=IFCFACEOUTERBOUND(#5206,.T.);
#10417=IFCFACEOUTERBOUND(#5207,.T.);
#10418=IFCFACEOUTERBOUND(#5208,.T.);
#10419=IFCFACEOUTERBOUND(#5209,.T.);
#10420=IFCFACEOUTERBOUND(#5210,.T.);
#10421=IFCFACEOUTERBOUND(#5211,.T.);
#10422=IFCFACEOUTERBOUND(#5212,.T.);
#10423=IFCFACEOUTERBOUND(#5213,.T.);
#10424=IFCFACEOUTERBOUND(#5214,.T.);
#10425=IFCFACEOUTERBOUND(#5215,.T.);
#10426=IFCFACEOUTERBOUND(#5216,.T.);
#10427=IFCFACEOUTERBOUND(#5217,.T.);
#10428=IFCFACEOUTERBOUND(#5218,.T.);
#10429=IFCFACEOUTERBOUND(#5219,.T.);
#10430=IFCFACEOUTERBOUND(#5220,.T.);
#10431=IFCFACEOUTERBOUND(#5221,.T.);
#10432=IFCFACEOUTERBOUND(#5222,.T.);
#10433=IFCFACEOUTERBOUND(#5223,.T.);
#10434=IFCFACEOUTERBOUND(#5224,.T.);
#10435=IFCFACEOUTERBOUND(#5225,.T.);
#10436=IFCFACEOUTERBOUND(#5226,.T.);
#10437=IFCFACEOUTERBOUND(#5227,.T.);
#10438=IFCFACEOUTERBOUND(#5228,.T.);
#10439=IFCFACEOUTERBOUND(#5229,.T.);
#10440=IFCFACEOUTERBOUND(#5230,.T.);
#10441=IFCFACEOUTERBOUND(#5231,.T.);
#10442=IFCFACEOUTERBOUND(#5232,.T.);
#10443=IFCFACEOUTERBOUND(#5233,.T.);
#10444=IFCFACEOUTERBOUND(#5234,.T.);
#10445=IFCFACEOUTERBOUND(#5235,.T.);
#10446=IFCFACE((#5236));
#10447=IFCFACE((#5237));
#10448=IFCFACE((#5238));
#10449=IFCFACE((#5239));
#10450=IFCFACE((#5240));
#10451=IFCFACE((#5241));
#10452=IFCFACE((#5242));
#10453=IFCFACE((#5243));
#10454=IFCFACE((#5244));
#10455=IFCFACE((#5245));
#10456=IFCFACE((#5246));
#10457=IFCFACE((#5247));
#10458=IFCFACE((#5248));
#10459=IFCFACE((#5249));
#10460=IFCFACE((#5250));
#10461=IFCFACE((#5251));
#10462=IFCFACE((#5252));
#10463=IFCFACE((#5253));
#10464=IFCFACE((#5254));
#10465=IFCFACE((#5255));
#10466=IFCFACE((#5256));
#10467=IFCFACE((#5257));
#10468=IFCFACE((#5258));
#10469=IFCFACE((#5259));
#10470=IFCFACE((#5260));
#10471=IFCFACE((#5261));
#10472=IFCFACE((#5262));
#10473=IFCFACE((#5263));
#10474=IFCFACE((#5264));
#10475=IFCFACE((#5265));
#10476=IFCFACE((#5266));
#10477=IFCFACE((#5267));
#10478=IFCFACE((#5268));
#10479=IFCFACE((#5269));
#10480=IFCFACE((#5270));
#10481=IFCFACE((#5271));
#10482=IFCFACE((#5272));
#10483=IFCFACE((#5273));
#10484=IFCFACE((#5274));
#10485=IFCFACE((#5275));
#10486=IFCFACE((#5276));
#10487=IFCFACE((#5277));
#10488=IFCFACE((#5278));
#10489=IFCFACE((#5279));
#10490=IFCFACE((#5280));
#10491=IFCFACE((#5281));
#10492=IFCFACE((#5282));
#10493=IFCFACE((#5283));
#10494=IFCFACE((#5284));
#10495=IFCFACE((#5285));
#10496=IFCFACE((#5286));
#10497=IFCFACE((#5287));
#10498=IFCFACE((#5288));
#10499=IFCFACE((#5289));
#10500=IFCFACE((#5290));
#10501=IFCFACE((#5291));
#10502=IFCFACE((#5292));
#10503=IFCFACE((#5293));
#10504=IFCFACE((#5294));
#10505=IFCFACE((#5295));
#10506=IFCFACE((#5296));
#10507=IFCFACE((#5297));
#10508=IFCFACE((#5298));
#10509=IFCFACE((#5299));
#10510=IFCFACE((#5300));
#10511=IFCFACE((#5301));
#10512=IFCFACE((#5302));
#10513=IFCFACE((#5303));
#10514=IFCFACE((#5304));
#10515=IFCFACE((#5305));
#10516=IFCFACE((#5306));
#10517=IFCFACE((#5307));
#10518=IFCFACE((#5308));
#10519=IFCFACE((#5309));
#10520=IFCFACE((#5310));
#10521=IFCFACE((#5311));
#10522=IFCFACE((#5312));
#10523=IFCFACE((#5313));
#10524=IFCFACE((#5314));
#10525=IFCFACE((#5315));
#10526=IFCFACE((#5316));
#10527=IFCFACE((#5317));
#10528=IFCFACE((#5318));
#10529=IFCFACE((#5319));
#10530=IFCFACE((#5320));
#10531=IFCFACE((#5321));
#10532=IFCFACE((#5322));
#10533=IFCFACE((#5323));
#10534=IFCFACE((#5324));
#10535=IFCFACE((#5325));
#10536=IFCFACE((#5326));
#10537=IFCFACE((#5327));
#10538=IFCFACE((#5328));
#10539=IFCFACE((#5329));
#10540=IFCFACE((#5330));
#10541=IFCFACE((#5331));
#10542=IFCFACE((#5332));
#10543=IFCFACE((#5333));
#10544=IFCFACE((#5334));
#10545=IFCFACE((#5335));
#10546=IFCFACE((#5336));
#10547=IFCFACE((#5337));
#10548=IFCFACE((#5338));
#10549=IFCFACE((#5339));
#10550=IFCFACE((#5340));
#10551=IFCFACE((#5341));
#10552=IFCFACE((#5342));
#10553=IFCFACE((#5343));
#10554=IFCFACE((#5344));
#10555=IFCFACE((#5345));
#10556=IFCFACE((#5346));
#10557=IFCFACE((#5347));
#10558=IFCFACE((#5348));
#10559=IFCFACE((#5349));
#10560=IFCFACE((#5350));
#10561=IFCFACE((#5351));
#10562=IFCFACE((#5352));
#10563=IFCFACE((#5353));
#10564=IFCFACE((#5354));
#10565=IFCFACE((#5355));
#10566=IFCFACE((#5356));
#10567=IFCFACE((#5357));
#10568=IFCFACE((#5358));
#10569=IFCFACE((#5359));
#10570=IFCFACE((#5360));
#10571=IFCFACE((#5361));
#10572=IFCFACE((#5362));
#10573=IFCFACE((#5363));
#10574=IFCFACE((#5364));
#10575=IFCFACE((#5365));
#10576=IFCFACE((#5366));
#10577=IFCFACE((#5367));
#10578=IFCFACE((#5368));
#10579=IFCFACE((#5369));
#10580=IFCFACE((#5370));
#10581=IFCFACE((#5371));
#10582=IFCFACE((#5372));
#10583=IFCFACE((#5373));
#10584=IFCFACE((#5374));
#10585=IFCFACE((#5375));
#10586=IFCFACE((#5376));
#10587=IFCFACE((#5377));
#10588=IFCFACE((#5378));
#10589=IFCFACE((#5379));
#10590=IFCFACE((#5380));
#10591=IFCFACE((#5381));
#10592=IFCFACE((#5382));
#10593=IFCFACE((#5383));
#10594=IFCFACE((#5384));
#10595=IFCFACE((#5385));
#10596=IFCFACE((#5386));
#10597=IFCFACE((#5387));
#10598=IFCFACE((#5388));
#10599=IFCFACE((#5389));
#10600=IFCFACE((#5390));
#10601=IFCFACE((#5391));
#10602=IFCFACE((#5392));
#10603=IFCFACE((#5393));
#10604=IFCFACE((#5394));
#10605=IFCFACE((#5395));
#10606=IFCFACE((#5396));
#10607=IFCFACE((#5397));
#10608=IFCFACE((#5398));
#10609=IFCFACE((#5399));
#10610=IFCFACE((#5400));
#10611=IFCFACE((#5401));
#10612=IFCFACE((#5402));
#10613=IFCFACE((#5403));
#10614=IFCFACE((#5404));
#10615=IFCFACE((#5405));
#10616=IFCFACE((#5406));
#10617=IFCFACE((#5407));
#10618=IFCFACE((#5408));
#10619=IFCFACE((#5409));
#10620=IFCFACE((#5410));
#10621=IFCFACE((#5411));
#10622=IFCFACE((#5412));
#10623=IFCFACE((#5413));
#10624=IFCFACE((#5414));
#10625=IFCFACE((#5415));
#10626=IFCFACE((#5416));
#10627=IFCFACE((#5417));
#10628=IFCFACE((#5418));
#10629=IFCFACE((#5419));
#10630=IFCFACE((#5420));
#10631=IFCFACE((#5421));
#10632=IFCFACE((#5422));
#10633=IFCFACE((#5423));
#10634=IFCFACE((#5424));
#10635=IFCFACE((#5425));
#10636=IFCFACE((#5426));
#10637=IFCFACE((#5427));
#10638=IFCFACE((#5428));
#10639=IFCFACE((#5429));
#10640=IFCFACE((#5430));
#10641=IFCFACE((#5431));
#10642=IFCFACE((#5432));
#10643=IFCFACE((#5433));
#10644=IFCFACE((#5434));
#10645=IFCFACE((#5435));
#10646=IFCFACE((#5436));
#10647=IFCFACE((#5437));
#10648=IFCFACE((#5438));
#10649=IFCFACE((#5439));
#10650=IFCFACE((#5440));
#10651=IFCFACE((#5441));
#10652=IFCFACE((#5442));
#10653=IFCFACE((#5443));
#10654=IFCFACE((#5444));
#10655=IFCFACE((#5445));
#10656=IFCFACE((#5446));
#10657=IFCFACE((#5447));
#10658=IFCFACE((#5448));
#10659=IFCFACE((#5449));
#10660=IFCFACE((#5450));
#10661=IFCFACE((#5451));
#10662=IFCFACE((#5452));
#10663=IFCFACE((#5453));
#10664=IFCFACE((#5454));
#10665=IFCFACE((#5455));
#10666=IFCFACE((#5456));
#10667=IFCFACE((#5457));
#10668=IFCFACE((#5458));
#10669=IFCFACE((#5459));
#10670=IFCFACE((#5460));
#10671=IFCFACE((#5461));
#10672=IFCFACE((#5462));
#10673=IFCFACE((#5463));
#10674=IFCFACE((#5464));
#10675=IFCFACE((#5465));
#10676=IFCFACE((#5466));
#10677=IFCFACE((#5467));
#10678=IFCFACE((#5468));
#10679=IFCFACE((#5469));
#10680=IFCFACE((#5470));
#10681=IFCFACE((#5471));
#10682=IFCFACE((#5472));
#10683=IFCFACE((#5473));
#10684=IFCFACE((#5474));
#10685=IFCFACE((#5475));
#10686=IFCFACE((#5476));
#10687=IFCFACE((#5477));
#10688=IFCFACE((#5478));
#10689=IFCFACE((#5479));
#10690=IFCFACE((#5480));
#10691=IFCFACE((#5481));
#10692=IFCFACE((#5482));
#10693=IFCFACE((#5483));
#10694=IFCFACE((#5484));
#10695=IFCFACE((#5485));
#10696=IFCFACE((#5486));
#10697=IFCFACE((#5487));
#10698=IFCFACE((#5488));
#10699=IFCFACE((#5489));
#10700=IFCFACE((#5490));
#10701=IFCFACE((#5491));
#10702=IFCFACE((#5492));
#10703=IFCFACE((#5493));
#10704=IFCFACE((#5494));
#10705=IFCFACE((#5495));
#10706=IFCFACE((#5496));
#10707=IFCFACE((#5497));
#10708=IFCFACE((#5498));
#10709=IFCFACE((#5499));
#10710=IFCFACE((#5500));
#10711=IFCFACE((#5501));
#10712=IFCFACE((#5502));
#10713=IFCFACE((#5503));
#10714=IFCFACE((#5504));
#10715=IFCFACE((#5505));
#10716=IFCFACE((#5506));
#10717=IFCFACE((#5507));
#10718=IFCFACE((#5508));
#10719=IFCFACE((#5509));
#10720=IFCFACE((#5510));
#10721=IFCFACE((#5511));
#10722=IFCFACE((#5512));
#10723=IFCFACE((#5513));
#10724=IFCFACE((#5514));
#10725=IFCFACE((#5515));
#10726=IFCFACE((#5516));
#10727=IFCFACE((#5517));
#10728=IFCFACE((#5518));
#10729=IFCFACE((#5519));
#10730=IFCFACE((#5520));
#10731=IFCFACE((#5521));
#10732=IFCFACE((#5522));
#10733=IFCFACE((#5523));
#10734=IFCFACE((#5524));
#10735=IFCFACE((#5525));
#10736=IFCFACE((#5526));
#10737=IFCFACE((#5527));
#10738=IFCFACE((#5528));
#10739=IFCFACE((#5529));
#10740=IFCFACE((#5530));
#10741=IFCFACE((#5531));
#10742=IFCFACE((#5532));
#10743=IFCFACE((#5533));
#10744=IFCFACE((#5534));
#10745=IFCFACE((#5535));
#10746=IFCFACE((#5536));
#10747=IFCFACE((#5537));
#10748=IFCFACE((#5538));
#10749=IFCFACE((#5539));
#10750=IFCFACE((#5540));
#10751=IFCFACE((#5541));
#10752=IFCFACE((#5542));
#10753=IFCFACE((#5543));
#10754=IFCFACE((#5544));
#10755=IFCFACE((#5545));
#10756=IFCFACE((#5546));
#10757=IFCFACE((#5547));
#10758=IFCFACE((#5548));
#10759=IFCFACE((#5549));
#10760=IFCFACE((#5550));
#10761=IFCFACE((#5551));
#10762=IFCFACE((#5552));
#10763=IFCFACE((#5553));
#10764=IFCFACE((#5554));
#10765=IFCFACE((#5555));
#10766=IFCFACE((#5556));
#10767=IFCFACE((#5557));
#10768=IFCFACE((#5558));
#10769=IFCFACE((#5559));
#10770=IFCFACE((#5560));
#10771=IFCFACE((#5561));
#10772=IFCFACE((#5562));
#10773=IFCFACE((#5563));
#10774=IFCFACE((#5564));
#10775=IFCFACE((#5565));
#10776=IFCFACE((#5566));
#10777=IFCFACE((#5567));
#10778=IFCFACE((#5568));
#10779=IFCFACE((#5569));
#10780=IFCFACE((#5570));
#10781=IFCFACE((#5571));
#10782=IFCFACE((#5572));
#10783=IFCFACE((#5573));
#10784=IFCFACE((#5574));
#10785=IFCFACE((#5575));
#10786=IFCFACE((#5576));
#10787=IFCFACE((#5577));
#10788=IFCFACE((#5578));
#10789=IFCFACE((#5579));
#10790=IFCFACE((#5580));
#10791=IFCFACE((#5581));
#10792=IFCFACE((#5582));
#10793=IFCFACE((#5583));
#10794=IFCFACE((#5584));
#10795=IFCFACE((#5585));
#10796=IFCFACE((#5586));
#10797=IFCFACE((#5587));
#10798=IFCFACE((#5588));
#10799=IFCFACE((#5589));
#10800=IFCFACE((#5590));
#10801=IFCFACE((#5591));
#10802=IFCFACE((#5592));
#10803=IFCFACE((#5593));
#10804=IFCFACE((#5594));
#10805=IFCFACE((#5595));
#10806=IFCFACE((#5596));
#10807=IFCFACE((#5597));
#10808=IFCFACE((#5598));
#10809=IFCFACE((#5599));
#10810=IFCFACE((#5600));
#10811=IFCFACE((#5601));
#10812=IFCFACE((#5602));
#10813=IFCFACE((#5603));
#10814=IFCFACE((#5604));
#10815=IFCFACE((#5605));
#10816=IFCFACE((#5606));
#10817=IFCFACE((#5607));
#10818=IFCFACE((#5608));
#10819=IFCFACE((#5609));
#10820=IFCFACE((#5610));
#10821=IFCFACE((#5611));
#10822=IFCFACE((#5612));
#10823=IFCFACE((#5613));
#10824=IFCFACE((#5614));
#10825=IFCFACE((#5615));
#10826=IFCFACE((#5616));
#10827=IFCFACE((#5617));
#10828=IFCFACE((#5618));
#10829=IFCFACE((#5619));
#10830=IFCFACE((#5620));
#10831=IFCFACE((#5621));
#10832=IFCFACE((#5622));
#10833=IFCFACE((#5623));
#10834=IFCFACE((#5624));
#10835=IFCFACE((#5625));
#10836=IFCFACE((#5626));
#10837=IFCFACE((#5627));
#10838=IFCFACE((#5628));
#10839=IFCFACE((#5629));
#10840=IFCFACE((#5630));
#10841=IFCFACE((#5631));
#10842=IFCFACE((#5632));
#10843=IFCFACE((#5633));
#10844=IFCFACE((#5634));
#10845=IFCFACE((#5635));
#10846=IFCFACE((#5636));
#10847=IFCFACE((#5637));
#10848=IFCFACE((#5638));
#10849=IFCFACE((#5639));
#10850=IFCFACE((#5640));
#10851=IFCFACE((#5641));
#10852=IFCFACE((#5642));
#10853=IFCFACE((#5643));
#10854=IFCFACE((#5644));
#10855=IFCFACE((#5645));
#10856=IFCFACE((#5646));
#10857=IFCFACE((#5647));
#10858=IFCFACE((#5648));
#10859=IFCFACE((#5649));
#10860=IFCFACE((#5650));
#10861=IFCFACE((#5651));
#10862=IFCFACE((#5652));
#10863=IFCFACE((#5653));
#10864=IFCFACE((#5654));
#10865=IFCFACE((#5655));
#10866=IFCFACE((#5656));
#10867=IFCFACE((#5657));
#10868=IFCFACE((#5658));
#10869=IFCFACE((#5659));
#10870=IFCFACE((#5660));
#10871=IFCFACE((#5661));
#10872=IFCFACE((#5662));
#10873=IFCFACE((#5663));
#10874=IFCFACE((#5664));
#10875=IFCFACE((#5665));
#10876=IFCFACE((#5666));
#10877=IFCFACE((#5667));
#10878=IFCFACE((#5668));
#10879=IFCFACE((#5669));
#10880=IFCFACE((#5670));
#10881=IFCFACE((#5671));
#10882=IFCFACE((#5672));
#10883=IFCFACE((#5673));
#10884=IFCFACE((#5674));
#10885=IFCFACE((#5675));
#10886=IFCFACE((#5676));
#10887=IFCFACE((#5677));
#10888=IFCFACE((#5678));
#10889=IFCFACE((#5679));
#10890=IFCFACE((#5680));
#10891=IFCFACE((#5681));
#10892=IFCFACE((#5682));
#10893=IFCFACE((#5683));
#10894=IFCFACE((#5684));
#10895=IFCFACE((#5685));
#10896=IFCFACE((#5686));
#10897=IFCFACE((#5687));
#10898=IFCFACE((#5688));
#10899=IFCFACE((#5689));
#10900=IFCFACE((#5690));
#10901=IFCFACE((#5691));
#10902=IFCFACE((#5692));
#10903=IFCFACE((#5693));
#10904=IFCFACE((#5694));
#10905=IFCFACE((#5695));
#10906=IFCFACE((#5696));
#10907=IFCFACE((#5697));
#10908=IFCFACE((#5698));
#10909=IFCFACE((#5699));
#10910=IFCFACE((#5700));
#10911=IFCFACE((#5701));
#10912=IFCFACE((#5702));
#10913=IFCFACE((#5703));
#10914=IFCFACE((#5704));
#10915=IFCFACE((#5705));
#10916=IFCFACE((#5706));
#10917=IFCFACE((#5707));
#10918=IFCFACE((#5708));
#10919=IFCFACE((#5709));
#10920=IFCFACE((#5710));
#10921=IFCFACE((#5711));
#10922=IFCFACE((#5712));
#10923=IFCFACE((#5713));
#10924=IFCFACE((#5714));
#10925=IFCFACE((#5715));
#10926=IFCFACE((#5716));
#10927=IFCFACE((#5717));
#10928=IFCFACE((#5718));
#10929=IFCFACE((#5719));
#10930=IFCFACE((#5720));
#10931=IFCFACE((#5721));
#10932=IFCFACE((#5722));
#10933=IFCFACE((#5723));
#10934=IFCFACE((#5724));
#10935=IFCFACE((#5725));
#10936=IFCFACE((#5726));
#10937=IFCFACE((#5727));
#10938=IFCFACE((#5728));
#10939=IFCFACE((#5729));
#10940=IFCFACE((#5730));
#10941=IFCFACE((#5731));
#10942=IFCFACE((#5732));
#10943=IFCFACE((#5733));
#10944=IFCFACE((#5734));
#10945=IFCFACE((#5735));
#10946=IFCFACE((#5736));
#10947=IFCFACE((#5737));
#10948=IFCFACE((#5738));
#10949=IFCFACE((#5739));
#10950=IFCFACE((#5740));
#10951=IFCFACE((#5741));
#10952=IFCFACE((#5742));
#10953=IFCFACE((#5743));
#10954=IFCFACE((#5744));
#10955=IFCFACE((#5745));
#10956=IFCFACE((#5746));
#10957=IFCFACE((#5747));
#10958=IFCFACE((#5748));
#10959=IFCFACE((#5749));
#10960=IFCFACE((#5750));
#10961=IFCFACE((#5751));
#10962=IFCFACE((#5752));
#10963=IFCFACE((#5753));
#10964=IFCFACE((#5754));
#10965=IFCFACE((#5755));
#10966=IFCFACE((#5756));
#10967=IFCFACE((#5757));
#10968=IFCFACE((#5758));
#10969=IFCFACE((#5759));
#10970=IFCFACE((#5760));
#10971=IFCFACE((#5761));
#10972=IFCFACE((#5762));
#10973=IFCFACE((#5763));
#10974=IFCFACE((#5764));
#10975=IFCFACE((#5765));
#10976=IFCFACE((#5766));
#10977=IFCFACE((#5767));
#10978=IFCFACE((#5768));
#10979=IFCFACE((#5769));
#10980=IFCFACE((#5770));
#10981=IFCFACE((#5771));
#10982=IFCFACE((#5772));
#10983=IFCFACE((#5773));
#10984=IFCFACE((#5774));
#10985=IFCFACE((#5775));
#10986=IFCFACE((#5776));
#10987=IFCFACE((#5777));
#10988=IFCFACE((#5778));
#10989=IFCFACE((#5779));
#10990=IFCFACE((#5780));
#10991=IFCFACE((#5781));
#10992=IFCFACE((#5782));
#10993=IFCFACE((#5783));
#10994=IFCFACE((#5784));
#10995=IFCFACE((#5785));
#10996=IFCFACE((#5786));
#10997=IFCFACE((#5787));
#10998=IFCFACE((#5788));
#10999=IFCFACE((#5789));
#11000=IFCFACE((#5790));
#11001=IFCFACE((#5791));
#11002=IFCFACE((#5792));
#11003=IFCFACE((#5793));
#11004=IFCFACE((#5794));
#11005=IFCFACE((#5795));
#11006=IFCFACE((#5796));
#11007=IFCFACE((#5797));
#11008=IFCFACE((#5798));
#11009=IFCFACE((#5799));
#11010=IFCFACE((#5800));
#11011=IFCFACE((#5801));
#11012=IFCFACE((#5802));
#11013=IFCFACE((#5803));
#11014=IFCFACE((#5804));
#11015=IFCFACE((#5805));
#11016=IFCFACE((#5806));
#11017=IFCFACE((#5807));
#11018=IFCFACE((#5808));
#11019=IFCFACE((#5809));
#11020=IFCFACE((#5810));
#11021=IFCFACE((#5811));
#11022=IFCFACE((#5812));
#11023=IFCFACE((#5813));
#11024=IFCFACE((#5814));
#11025=IFCFACE((#5815));
#11026=IFCFACE((#5816));
#11027=IFCFACE((#5817));
#11028=IFCFACE((#5818));
#11029=IFCFACE((#5819));
#11030=IFCFACE((#5820));
#11031=IFCFACE((#5821));
#11032=IFCFACE((#5822));
#11033=IFCFACE((#5823));
#11034=IFCFACE((#5824));
#11035=IFCFACE((#5825));
#11036=IFCFACE((#5826));
#11037=IFCFACE((#5827));
#11038=IFCFACE((#5828));
#11039=IFCFACE((#5829));
#11040=IFCFACE((#5830));
#11041=IFCFACE((#5831));
#11042=IFCFACE((#5832));
#11043=IFCFACE((#5833));
#11044=IFCFACE((#5834));
#11045=IFCFACE((#5835));
#11046=IFCFACE((#5836));
#11047=IFCFACE((#5837));
#11048=IFCFACE((#5838));
#11049=IFCFACE((#5839));
#11050=IFCFACE((#5840));
#11051=IFCFACE((#5841));
#11052=IFCFACE((#5842));
#11053=IFCFACE((#5843));
#11054=IFCFACE((#5844));
#11055=IFCFACE((#5845));
#11056=IFCFACE((#5846));
#11057=IFCFACE((#5847));
#11058=IFCFACE((#5848));
#11059=IFCFACE((#5849));
#11060=IFCFACE((#5850));
#11061=IFCFACE((#5851));
#11062=IFCFACE((#5852));
#11063=IFCFACE((#5853));
#11064=IFCFACE((#5854));
#11065=IFCFACE((#5855));
#11066=IFCFACE((#5856));
#11067=IFCFACE((#5857));
#11068=IFCFACE((#5858));
#11069=IFCFACE((#5859));
#11070=IFCFACE((#5860));
#11071=IFCFACE((#5861));
#11072=IFCFACE((#5862));
#11073=IFCFACE((#5863));
#11074=IFCFACE((#5864));
#11075=IFCFACE((#5865));
#11076=IFCFACE((#5866));
#11077=IFCFACE((#5867));
#11078=IFCFACE((#5868));
#11079=IFCFACE((#5869));
#11080=IFCFACE((#5870));
#11081=IFCFACE((#5871));
#11082=IFCFACE((#5872));
#11083=IFCFACE((#5873));
#11084=IFCFACE((#5874));
#11085=IFCFACE((#5875));
#11086=IFCFACE((#5876));
#11087=IFCFACE((#5877));
#11088=IFCFACE((#5878));
#11089=IFCFACE((#5879));
#11090=IFCFACE((#5880));
#11091=IFCFACE((#5881));
#11092=IFCFACE((#5882));
#11093=IFCFACE((#5883));
#11094=IFCFACE((#5884));
#11095=IFCFACE((#5885));
#11096=IFCFACE((#5886));
#11097=IFCFACE((#5887));
#11098=IFCFACE((#5888));
#11099=IFCFACE((#5889));
#11100=IFCFACE((#5890));
#11101=IFCFACE((#5891));
#11102=IFCFACE((#5892));
#11103=IFCFACE((#5893));
#11104=IFCFACE((#5894));
#11105=IFCFACE((#5895));
#11106=IFCFACE((#5896));
#11107=IFCFACE((#5897));
#11108=IFCFACE((#5898));
#11109=IFCFACE((#5899));
#11110=IFCFACE((#5900));
#11111=IFCFACE((#5901));
#11112=IFCFACE((#5902));
#11113=IFCFACE((#5903));
#11114=IFCFACE((#5904));
#11115=IFCFACE((#5905));
#11116=IFCFACE((#5906));
#11117=IFCFACE((#5907));
#11118=IFCFACE((#5908));
#11119=IFCFACE((#5909));
#11120=IFCFACE((#5910));
#11121=IFCFACE((#5911));
#11122=IFCFACE((#5912));
#11123=IFCFACE((#5913));
#11124=IFCFACE((#5914));
#11125=IFCFACE((#5915));
#11126=IFCFACE((#5916));
#11127=IFCFACE((#5917));
#11128=IFCFACE((#5918));
#11129=IFCFACE((#5919));
#11130=IFCFACE((#5920));
#11131=IFCFACE((#5921));
#11132=IFCFACE((#5922));
#11133=IFCFACE((#5923));
#11134=IFCFACE((#5924));
#11135=IFCFACE((#5925));
#11136=IFCFACE((#5926));
#11137=IFCFACE((#5927));
#11138=IFCFACE((#5928));
#11139=IFCFACE((#5929));
#11140=IFCFACE((#5930));
#11141=IFCFACE((#5931));
#11142=IFCFACE((#5932));
#11143=IFCFACE((#5933));
#11144=IFCFACE((#5934));
#11145=IFCFACE((#5935));
#11146=IFCFACE((#5936));
#11147=IFCFACE((#5937));
#11148=IFCFACE((#5938));
#11149=IFCFACE((#5939));
#11150=IFCFACE((#5940));
#11151=IFCFACE((#5941));
#11152=IFCFACE((#5942));
#11153=IFCFACE((#5943));
#11154=IFCFACE((#5944));
#11155=IFCFACE((#5945));
#11156=IFCFACE((#5946));
#11157=IFCFACE((#5947));
#11158=IFCFACE((#5948));
#11159=IFCFACE((#5949));
#11160=IFCFACE((#5950));
#11161=IFCFACE((#5951));
#11162=IFCFACE((#5952));
#11163=IFCFACE((#5953));
#11164=IFCFACE((#5954));
#11165=IFCFACE((#5955));
#11166=IFCFACE((#5956));
#11167=IFCFACE((#5957));
#11168=IFCFACE((#5958));
#11169=IFCFACE((#5959));
#11170=IFCFACE((#5960));
#11171=IFCFACE((#5961));
#11172=IFCFACE((#5962));
#11173=IFCFACE((#5963));
#11174=IFCFACE((#5964));
#11175=IFCFACE((#5965));
#11176=IFCFACE((#5966));
#11177=IFCFACE((#5967));
#11178=IFCFACE((#5968));
#11179=IFCFACE((#5969));
#11180=IFCFACE((#5970));
#11181=IFCFACE((#5971));
#11182=IFCFACE((#5972));
#11183=IFCFACE((#5973));
#11184=IFCFACE((#5974));
#11185=IFCFACE((#5975));
#11186=IFCFACE((#5976));
#11187=IFCFACE((#5977));
#11188=IFCFACE((#5978));
#11189=IFCFACE((#5979));
#11190=IFCFACE((#5980));
#11191=IFCFACE((#5981));
#11192=IFCFACE((#5982));
#11193=IFCFACE((#5983));
#11194=IFCFACE((#5984));
#11195=IFCFACE((#5985));
#11196=IFCFACE((#5986));
#11197=IFCFACE((#5987));
#11198=IFCFACE((#5988));
#11199=IFCFACE((#5989));
#11200=IFCFACE((#5990));
#11201=IFCFACE((#5991));
#11202=IFCFACE((#5992));
#11203=IFCFACE((#5993));
#11204=IFCFACE((#5994));
#11205=IFCFACE((#5995));
#11206=IFCFACE((#5996));
#11207=IFCFACE((#5997));
#11208=IFCFACE((#5998));
#11209=IFCFACE((#5999));
#11210=IFCFACE((#6000));
#11211=IFCFACE((#6001));
#11212=IFCFACE((#6002));
#11213=IFCFACE((#6003));
#11214=IFCFACE((#6004));
#11215=IFCFACE((#6005));
#11216=IFCFACE((#6006));
#11217=IFCFACE((#6007));
#11218=IFCFACE((#6008));
#11219=IFCFACE((#6009));
#11220=IFCFACE((#6010));
#11221=IFCFACE((#6011));
#11222=IFCFACE((#6012));
#11223=IFCFACE((#6013));
#11224=IFCFACE((#6014));
#11225=IFCFACE((#6015));
#11226=IFCFACE((#6016));
#11227=IFCFACE((#6017));
#11228=IFCFACE((#6018));
#11229=IFCFACE((#6019));
#11230=IFCFACE((#6020));
#11231=IFCFACE((#6021));
#11232=IFCFACE((#6022));
#11233=IFCFACE((#6023));
#11234=IFCFACE((#6024));
#11235=IFCFACE((#6025));
#11236=IFCFACE((#6026));
#11237=IFCFACE((#6027));
#11238=IFCFACE((#6028));
#11239=IFCFACE((#6029));
#11240=IFCFACE((#6030));
#11241=IFCFACE((#6031));
#11242=IFCFACE((#6032));
#11243=IFCFACE((#6033));
#11244=IFCFACE((#6034));
#11245=IFCFACE((#6035));
#11246=IFCFACE((#6036));
#11247=IFCFACE((#6037));
#11248=IFCFACE((#6038));
#11249=IFCFACE((#6039));
#11250=IFCFACE((#6040));
#11251=IFCFACE((#6041));
#11252=IFCFACE((#6042));
#11253=IFCFACE((#6043));
#11254=IFCFACE((#6044));
#11255=IFCFACE((#6045));
#11256=IFCFACE((#6046));
#11257=IFCFACE((#6047));
#11258=IFCFACE((#6048));
#11259=IFCFACE((#6049));
#11260=IFCFACE((#6050));
#11261=IFCFACE((#6051));
#11262=IFCFACE((#6052));
#11263=IFCFACE((#6053));
#11264=IFCFACE((#6054));
#11265=IFCFACE((#6055));
#11266=IFCFACE((#6056));
#11267=IFCFACE((#6057));
#11268=IFCFACE((#6058));
#11269=IFCFACE((#6059));
#11270=IFCFACE((#6060));
#11271=IFCFACE((#6061));
#11272=IFCFACE((#6062));
#11273=IFCFACE((#6063));
#11274=IFCFACE((#6064));
#11275=IFCFACE((#6065));
#11276=IFCFACE((#6066));
#11277=IFCFACE((#6067));
#11278=IFCFACE((#6068));
#11279=IFCFACE((#6069));
#11280=IFCFACE((#6070));
#11281=IFCFACE((#6071));
#11282=IFCFACE((#6072));
#11283=IFCFACE((#6073));
#11284=IFCFACE((#6074));
#11285=IFCFACE((#6075));
#11286=IFCFACE((#6076));
#11287=IFCFACE((#6077));
#11288=IFCFACE((#6078));
#11289=IFCFACE((#6079));
#11290=IFCFACE((#6080));
#11291=IFCFACE((#6081));
#11292=IFCFACE((#6082));
#11293=IFCFACE((#6083));
#11294=IFCFACE((#6084));
#11295=IFCFACE((#6085));
#11296=IFCFACE((#6086));
#11297=IFCFACE((#6087));
#11298=IFCFACE((#6088));
#11299=IFCFACE((#6089));
#11300=IFCFACE((#6090));
#11301=IFCFACE((#6091));
#11302=IFCFACE((#6092));
#11303=IFCFACE((#6093));
#11304=IFCFACE((#6094));
#11305=IFCFACE((#6095));
#11306=IFCFACE((#6096));
#11307=IFCFACE((#6097));
#11308=IFCFACE((#6098));
#11309=IFCFACE((#6099));
#11310=IFCFACE((#6100));
#11311=IFCFACE((#6101));
#11312=IFCFACE((#6102));
#11313=IFCFACE((#6103));
#11314=IFCFACE((#6104));
#11315=IFCFACE((#6105));
#11316=IFCFACE((#6106));
#11317=IFCFACE((#6107));
#11318=IFCFACE((#6108));
#11319=IFCFACE((#6109));
#11320=IFCFACE((#6110));
#11321=IFCFACE((#6111));
#11322=IFCFACE((#6112));
#11323=IFCFACE((#6113));
#11324=IFCFACE((#6114));
#11325=IFCFACE((#6115));
#11326=IFCFACE((#6116));
#11327=IFCFACE((#6117));
#11328=IFCFACE((#6118));
#11329=IFCFACE((#6119));
#11330=IFCFACE((#6120));
#11331=IFCFACE((#6121));
#11332=IFCFACE((#6122));
#11333=IFCFACE((#6123));
#11334=IFCFACE((#6124));
#11335=IFCFACE((#6125));
#11336=IFCFACE((#6126));
#11337=IFCFACE((#6127));
#11338=IFCFACE((#6128));
#11339=IFCFACE((#6129));
#11340=IFCFACE((#6130));
#11341=IFCFACE((#6131));
#11342=IFCFACE((#6132));
#11343=IFCFACE((#6133));
#11344=IFCFACE((#6134));
#11345=IFCFACE((#6135));
#11346=IFCFACE((#6136));
#11347=IFCFACE((#6137));
#11348=IFCFACE((#6138));
#11349=IFCFACE((#6139));
#11350=IFCFACE((#6140));
#11351=IFCFACE((#6141));
#11352=IFCFACE((#6142));
#11353=IFCFACE((#6143));
#11354=IFCFACE((#6144));
#11355=IFCFACE((#6145));
#11356=IFCFACE((#6146));
#11357=IFCFACE((#6147));
#11358=IFCFACE((#6148));
#11359=IFCFACE((#6149));
#11360=IFCFACE((#6150));
#11361=IFCFACE((#6151));
#11362=IFCFACE((#6152));
#11363=IFCFACE((#6153));
#11364=IFCFACE((#6154));
#11365=IFCFACE((#6155));
#11366=IFCFACE((#6156));
#11367=IFCFACE((#6157));
#11368=IFCFACE((#6158));
#11369=IFCFACE((#6159));
#11370=IFCFACE((#6160));
#11371=IFCFACE((#6161));
#11372=IFCFACE((#6162));
#11373=IFCFACE((#6163));
#11374=IFCFACE((#6164));
#11375=IFCFACE((#6165));
#11376=IFCFACE((#6166));
#11377=IFCFACE((#6167));
#11378=IFCFACE((#6168));
#11379=IFCFACE((#6169));
#11380=IFCFACE((#6170));
#11381=IFCFACE((#6171));
#11382=IFCFACE((#6172));
#11383=IFCFACE((#6173));
#11384=IFCFACE((#6174));
#11385=IFCFACE((#6175));
#11386=IFCFACE((#6176));
#11387=IFCFACE((#6177));
#11388=IFCFACE((#6178));
#11389=IFCFACE((#6179));
#11390=IFCFACE((#6180));
#11391=IFCFACE((#6181));
#11392=IFCFACE((#6182));
#11393=IFCFACE((#6183));
#11394=IFCFACE((#6184));
#11395=IFCFACE((#6185));
#11396=IFCFACE((#6186));
#11397=IFCFACE((#6187));
#11398=IFCFACE((#6188));
#11399=IFCFACE((#6189));
#11400=IFCFACE((#6190));
#11401=IFCFACE((#6191));
#11402=IFCFACE((#6192));
#11403=IFCFACE((#6193));
#11404=IFCFACE((#6194));
#11405=IFCFACE((#6195));
#11406=IFCFACE((#6196));
#11407=IFCFACE((#6197));
#11408=IFCFACE((#6198));
#11409=IFCFACE((#6199));
#11410=IFCFACE((#6200));
#11411=IFCFACE((#6201));
#11412=IFCFACE((#6202));
#11413=IFCFACE((#6203));
#11414=IFCFACE((#6204));
#11415=IFCFACE((#6205));
#11416=IFCFACE((#6206));
#11417=IFCFACE((#6207));
#11418=IFCFACE((#6208));
#11419=IFCFACE((#6209));
#11420=IFCFACE((#6210));
#11421=IFCFACE((#6211));
#11422=IFCFACE((#6212));
#11423=IFCFACE((#6213));
#11424=IFCFACE((#6214));
#11425=IFCFACE((#6215));
#11426=IFCFACE((#6216));
#11427=IFCFACE((#6217));
#11428=IFCFACE((#6218));
#11429=IFCFACE((#6219));
#11430=IFCFACE((#6220));
#11431=IFCFACE((#6221));
#11432=IFCFACE((#6222));
#11433=IFCFACE((#6223));
#11434=IFCFACE((#6224));
#11435=IFCFACE((#6225));
#11436=IFCFACE((#6226));
#11437=IFCFACE((#6227));
#11438=IFCFACE((#6228));
#11439=IFCFACE((#6229));
#11440=IFCFACE((#6230));
#11441=IFCFACE((#6231));
#11442=IFCFACE((#6232));
#11443=IFCFACE((#6233));
#11444=IFCFACE((#6234));
#11445=IFCFACE((#6235));
#11446=IFCFACE((#6236));
#11447=IFCFACE((#6237));
#11448=IFCFACE((#6238));
#11449=IFCFACE((#6239));
#11450=IFCFACE((#6240));
#11451=IFCFACE((#6241));
#11452=IFCFACE((#6242));
#11453=IFCFACE((#6243));
#11454=IFCFACE((#6244));
#11455=IFCFACE((#6245));
#11456=IFCFACE((#6246));
#11457=IFCFACE((#6247));
#11458=IFCFACE((#6248));
#11459=IFCFACE((#6249));
#11460=IFCFACE((#6250));
#11461=IFCFACE((#6251));
#11462=IFCFACE((#6252));
#11463=IFCFACE((#6253));
#11464=IFCFACE((#6254));
#11465=IFCFACE((#6255));
#11466=IFCFACE((#6256));
#11467=IFCFACE((#6257));
#11468=IFCFACE((#6258));
#11469=IFCFACE((#6259));
#11470=IFCFACE((#6260));
#11471=IFCFACE((#6261));
#11472=IFCFACE((#6262));
#11473=IFCFACE((#6263));
#11474=IFCFACE((#6264));
#11475=IFCFACE((#6265));
#11476=IFCFACE((#6266));
#11477=IFCFACE((#6267));
#11478=IFCFACE((#6268));
#11479=IFCFACE((#6269));
#11480=IFCFACE((#6270));
#11481=IFCFACE((#6271));
#11482=IFCFACE((#6272));
#11483=IFCFACE((#6273));
#11484=IFCFACE((#6274));
#11485=IFCFACE((#6275));
#11486=IFCFACE((#6276));
#11487=IFCFACE((#6277));
#11488=IFCFACE((#6278));
#11489=IFCFACE((#6279));
#11490=IFCFACE((#6280));
#11491=IFCFACE((#6281));
#11492=IFCFACE((#6282));
#11493=IFCFACE((#6283));
#11494=IFCFACE((#6284));
#11495=IFCFACE((#6285));
#11496=IFCFACE((#6286));
#11497=IFCFACE((#6287));
#11498=IFCFACE((#6288));
#11499=IFCFACE((#6289));
#11500=IFCFACE((#6290));
#11501=IFCFACE((#6291));
#11502=IFCFACE((#6292));
#11503=IFCFACE((#6293));
#11504=IFCFACE((#6294));
#11505=IFCFACE((#6295));
#11506=IFCFACE((#6296));
#11507=IFCFACE((#6297));
#11508=IFCFACE((#6298));
#11509=IFCFACE((#6299));
#11510=IFCFACE((#6300));
#11511=IFCFACE((#6301));
#11512=IFCFACE((#6302));
#11513=IFCFACE((#6303));
#11514=IFCFACE((#6304));
#11515=IFCFACE((#6305));
#11516=IFCFACE((#6306));
#11517=IFCFACE((#6307));
#11518=IFCFACE((#6308));
#11519=IFCFACE((#6309));
#11520=IFCFACE((#6310));
#11521=IFCFACE((#6311));
#11522=IFCFACE((#6312));
#11523=IFCFACE((#6313));
#11524=IFCFACE((#6314));
#11525=IFCFACE((#6315));
#11526=IFCFACE((#6316));
#11527=IFCFACE((#6317));
#11528=IFCFACE((#6318));
#11529=IFCFACE((#6319));
#11530=IFCFACE((#6320));
#11531=IFCFACE((#6321));
#11532=IFCFACE((#6322));
#11533=IFCFACE((#6323));
#11534=IFCFACE((#6324));
#11535=IFCFACE((#6325));
#11536=IFCFACE((#6326));
#11537=IFCFACE((#6327));
#11538=IFCFACE((#6328));
#11539=IFCFACE((#6329));
#11540=IFCFACE((#6330));
#11541=IFCFACE((#6331));
#11542=IFCFACE((#6332));
#11543=IFCFACE((#6333));
#11544=IFCFACE((#6334));
#11545=IFCFACE((#6335));
#11546=IFCFACE((#6336));
#11547=IFCFACE((#6337));
#11548=IFCFACE((#6338));
#11549=IFCFACE((#6339));
#11550=IFCFACE((#6340));
#11551=IFCFACE((#6341));
#11552=IFCFACE((#6342));
#11553=IFCFACE((#6343));
#11554=IFCFACE((#6344));
#11555=IFCFACE((#6345));
#11556=IFCFACE((#6346));
#11557=IFCFACE((#6347));
#11558=IFCFACE((#6348));
#11559=IFCFACE((#6349));
#11560=IFCFACE((#6350));
#11561=IFCFACE((#6351));
#11562=IFCFACE((#6352));
#11563=IFCFACE((#6353));
#11564=IFCFACE((#6354));
#11565=IFCFACE((#6355));
#11566=IFCFACE((#6356));
#11567=IFCFACE((#6357));
#11568=IFCFACE((#6358));
#11569=IFCFACE((#6359));
#11570=IFCFACE((#6360));
#11571=IFCFACE((#6361));
#11572=IFCFACE((#6362));
#11573=IFCFACE((#6363));
#11574=IFCFACE((#6364));
#11575=IFCFACE((#6365));
#11576=IFCFACE((#6366));
#11577=IFCFACE((#6367));
#11578=IFCFACE((#6368));
#11579=IFCFACE((#6369));
#11580=IFCFACE((#6370));
#11581=IFCFACE((#6371));
#11582=IFCFACE((#6372));
#11583=IFCFACE((#6373));
#11584=IFCFACE((#6374));
#11585=IFCFACE((#6375));
#11586=IFCFACE((#6376));
#11587=IFCFACE((#6377));
#11588=IFCFACE((#6378));
#11589=IFCFACE((#6379));
#11590=IFCFACE((#6380));
#11591=IFCFACE((#6381));
#11592=IFCFACE((#6382));
#11593=IFCFACE((#6383));
#11594=IFCFACE((#6384));
#11595=IFCFACE((#6385));
#11596=IFCFACE((#6386));
#11597=IFCFACE((#6387));
#11598=IFCFACE((#6388));
#11599=IFCFACE((#6389));
#11600=IFCFACE((#6390));
#11601=IFCFACE((#6391));
#11602=IFCFACE((#6392));
#11603=IFCFACE((#6393));
#11604=IFCFACE((#6394));
#11605=IFCFACE((#6395));
#11606=IFCFACE((#6396));
#11607=IFCFACE((#6397));
#11608=IFCFACE((#6398));
#11609=IFCFACE((#6399));
#11610=IFCFACE((#6400));
#11611=IFCFACE((#6401));
#11612=IFCFACE((#6402));
#11613=IFCFACE((#6403));
#11614=IFCFACE((#6404));
#11615=IFCFACE((#6405));
#11616=IFCFACE((#6406));
#11617=IFCFACE((#6407));
#11618=IFCFACE((#6408));
#11619=IFCFACE((#6409));
#11620=IFCFACE((#6410));
#11621=IFCFACE((#6411));
#11622=IFCFACE((#6412));
#11623=IFCFACE((#6413));
#11624=IFCFACE((#6414));
#11625=IFCFACE((#6415));
#11626=IFCFACE((#6416));
#11627=IFCFACE((#6417));
#11628=IFCFACE((#6418));
#11629=IFCFACE((#6419));
#11630=IFCFACE((#6420));
#11631=IFCFACE((#6421));
#11632=IFCFACE((#6422));
#11633=IFCFACE((#6423));
#11634=IFCFACE((#6424));
#11635=IFCFACE((#6425));
#11636=IFCFACE((#6426));
#11637=IFCFACE((#6427));
#11638=IFCFACE((#6428));
#11639=IFCFACE((#6429));
#11640=IFCFACE((#6430));
#11641=IFCFACE((#6431));
#11642=IFCFACE((#6432));
#11643=IFCFACE((#6433));
#11644=IFCFACE((#6434));
#11645=IFCFACE((#6435));
#11646=IFCFACE((#6436));
#11647=IFCFACE((#6437));
#11648=IFCFACE((#6438));
#11649=IFCFACE((#6439));
#11650=IFCFACE((#6440));
#11651=IFCFACE((#6441));
#11652=IFCFACE((#6442));
#11653=IFCFACE((#6443));
#11654=IFCFACE((#6444));
#11655=IFCFACE((#6445));
#11656=IFCFACE((#6446));
#11657=IFCFACE((#6447));
#11658=IFCFACE((#6448));
#11659=IFCFACE((#6449));
#11660=IFCFACE((#6450));
#11661=IFCFACE((#6451));
#11662=IFCFACE((#6452));
#11663=IFCFACE((#6453));
#11664=IFCFACE((#6454));
#11665=IFCFACE((#6455));
#11666=IFCFACE((#6456));
#11667=IFCFACE((#6457));
#11668=IFCFACE((#6458));
#11669=IFCFACE((#6459));
#11670=IFCFACE((#6460));
#11671=IFCFACE((#6461));
#11672=IFCFACE((#6462));
#11673=IFCFACE((#6463));
#11674=IFCFACE((#6464));
#11675=IFCFACE((#6465));
#11676=IFCFACE((#6466));
#11677=IFCFACE((#6467));
#11678=IFCFACE((#6468));
#11679=IFCFACE((#6469));
#11680=IFCFACE((#6470));
#11681=IFCFACE((#6471));
#11682=IFCFACE((#6472));
#11683=IFCFACE((#6473));
#11684=IFCFACE((#6474));
#11685=IFCFACE((#6475));
#11686=IFCFACE((#6476));
#11687=IFCFACE((#6477));
#11688=IFCFACE((#6478));
#11689=IFCFACE((#6479));
#11690=IFCFACE((#6480));
#11691=IFCFACE((#6481));
#11692=IFCFACE((#6482));
#11693=IFCFACE((#6483));
#11694=IFCFACE((#6484));
#11695=IFCFACE((#6485));
#11696=IFCFACE((#6486));
#11697=IFCFACE((#6487));
#11698=IFCFACE((#6488));
#11699=IFCFACE((#6489));
#11700=IFCFACE((#6490));
#11701=IFCFACE((#6491));
#11702=IFCFACE((#6492));
#11703=IFCFACE((#6493));
#11704=IFCFACE((#6494));
#11705=IFCFACE((#6495));
#11706=IFCFACE((#6496));
#11707=IFCFACE((#6497));
#11708=IFCFACE((#6498));
#11709=IFCFACE((#6499));
#11710=IFCFACE((#6500));
#11711=IFCFACE((#6501));
#11712=IFCFACE((#6502));
#11713=IFCFACE((#6503));
#11714=IFCFACE((#6504));
#11715=IFCFACE((#6505));
#11716=IFCFACE((#6506));
#11717=IFCFACE((#6507));
#11718=IFCFACE((#6508));
#11719=IFCFACE((#6509));
#11720=IFCFACE((#6510));
#11721=IFCFACE((#6511));
#11722=IFCFACE((#6512));
#11723=IFCFACE((#6513));
#11724=IFCFACE((#6514));
#11725=IFCFACE((#6515));
#11726=IFCFACE((#6516));
#11727=IFCFACE((#6517));
#11728=IFCFACE((#6518));
#11729=IFCFACE((#6519));
#11730=IFCFACE((#6520));
#11731=IFCFACE((#6521));
#11732=IFCFACE((#6522));
#11733=IFCFACE((#6523));
#11734=IFCFACE((#6524));
#11735=IFCFACE((#6525));
#11736=IFCFACE((#6526));
#11737=IFCFACE((#6527));
#11738=IFCFACE((#6528));
#11739=IFCFACE((#6529));
#11740=IFCFACE((#6530));
#11741=IFCFACE((#6531));
#11742=IFCFACE((#6532));
#11743=IFCFACE((#6533));
#11744=IFCFACE((#6534));
#11745=IFCFACE((#6535));
#11746=IFCFACE((#6536));
#11747=IFCFACE((#6537));
#11748=IFCFACE((#6538));
#11749=IFCFACE((#6539));
#11750=IFCFACE((#6540));
#11751=IFCFACE((#6541));
#11752=IFCFACE((#6542));
#11753=IFCFACE((#6543));
#11754=IFCFACE((#6544));
#11755=IFCFACE((#6545));
#11756=IFCFACE((#6546));
#11757=IFCFACE((#6547));
#11758=IFCFACE((#6548));
#11759=IFCFACE((#6549));
#11760=IFCFACE((#6550));
#11761=IFCFACE((#6551));
#11762=IFCFACE((#6552));
#11763=IFCFACE((#6553));
#11764=IFCFACE((#6554));
#11765=IFCFACE((#6555));
#11766=IFCFACE((#6556));
#11767=IFCFACE((#6557));
#11768=IFCFACE((#6558));
#11769=IFCFACE((#6559));
#11770=IFCFACE((#6560));
#11771=IFCFACE((#6561));
#11772=IFCFACE((#6562));
#11773=IFCFACE((#6563));
#11774=IFCFACE((#6564));
#11775=IFCFACE((#6565));
#11776=IFCFACE((#6566));
#11777=IFCFACE((#6567));
#11778=IFCFACE((#6568));
#11779=IFCFACE((#6569));
#11780=IFCFACE((#6570));
#11781=IFCFACE((#6571));
#11782=IFCFACE((#6572));
#11783=IFCFACE((#6573));
#11784=IFCFACE((#6574));
#11785=IFCFACE((#6575));
#11786=IFCFACE((#6576));
#11787=IFCFACE((#6577));
#11788=IFCFACE((#6578));
#11789=IFCFACE((#6579));
#11790=IFCFACE((#6580));
#11791=IFCFACE((#6581));
#11792=IFCFACE((#6582));
#11793=IFCFACE((#6583));
#11794=IFCFACE((#6584));
#11795=IFCFACE((#6585));
#11796=IFCFACE((#6586));
#11797=IFCFACE((#6587));
#11798=IFCFACE((#6588));
#11799=IFCFACE((#6589));
#11800=IFCFACE((#6590));
#11801=IFCFACE((#6591));
#11802=IFCFACE((#6592));
#11803=IFCFACE((#6593));
#11804=IFCFACE((#6594));
#11805=IFCFACE((#6595));
#11806=IFCFACE((#6596));
#11807=IFCFACE((#6597));
#11808=IFCFACE((#6598));
#11809=IFCFACE((#6599));
#11810=IFCFACE((#6600));
#11811=IFCFACE((#6601));
#11812=IFCFACE((#6602));
#11813=IFCFACE((#6603));
#11814=IFCFACE((#6604));
#11815=IFCFACE((#6605));
#11816=IFCFACE((#6606));
#11817=IFCFACE((#6607));
#11818=IFCFACE((#6608));
#11819=IFCFACE((#6609));
#11820=IFCFACE((#6610));
#11821=IFCFACE((#6611));
#11822=IFCFACE((#6612));
#11823=IFCFACE((#6613));
#11824=IFCFACE((#6614));
#11825=IFCFACE((#6615));
#11826=IFCFACE((#6616));
#11827=IFCFACE((#6617));
#11828=IFCFACE((#6618));
#11829=IFCFACE((#6619));
#11830=IFCFACE((#6620));
#11831=IFCFACE((#6621));
#11832=IFCFACE((#6622));
#11833=IFCFACE((#6623));
#11834=IFCFACE((#6624));
#11835=IFCFACE((#6625));
#11836=IFCFACE((#6626));
#11837=IFCFACE((#6627));
#11838=IFCFACE((#6628));
#11839=IFCFACE((#6629));
#11840=IFCFACE((#6630));
#11841=IFCFACE((#6631));
#11842=IFCFACE((#6632));
#11843=IFCFACE((#6633));
#11844=IFCFACE((#6634));
#11845=IFCFACE((#6635));
#11846=IFCFACE((#6636));
#11847=IFCFACE((#6637));
#11848=IFCFACE((#6638));
#11849=IFCFACE((#6639));
#11850=IFCFACE((#6640));
#11851=IFCFACE((#6641));
#11852=IFCFACE((#6642));
#11853=IFCFACE((#6643));
#11854=IFCFACE((#6644));
#11855=IFCFACE((#6645));
#11856=IFCFACE((#6646));
#11857=IFCFACE((#6647));
#11858=IFCFACE((#6648));
#11859=IFCFACE((#6649));
#11860=IFCFACE((#6650));
#11861=IFCFACE((#6651));
#11862=IFCFACE((#6652));
#11863=IFCFACE((#6653));
#11864=IFCFACE((#6654));
#11865=IFCFACE((#6655));
#11866=IFCFACE((#6656));
#11867=IFCFACE((#6657));
#11868=IFCFACE((#6658));
#11869=IFCFACE((#6659));
#11870=IFCFACE((#6660));
#11871=IFCFACE((#6661));
#11872=IFCFACE((#6662));
#11873=IFCFACE((#6663));
#11874=IFCFACE((#6664));
#11875=IFCFACE((#6665));
#11876=IFCFACE((#6666));
#11877=IFCFACE((#6667));
#11878=IFCFACE((#6668));
#11879=IFCFACE((#6669));
#11880=IFCFACE((#6670));
#11881=IFCFACE((#6671));
#11882=IFCFACE((#6672));
#11883=IFCFACE((#6673));
#11884=IFCFACE((#6674));
#11885=IFCFACE((#6675));
#11886=IFCFACE((#6676));
#11887=IFCFACE((#6677));
#11888=IFCFACE((#6678));
#11889=IFCFACE((#6679));
#11890=IFCFACE((#6680));
#11891=IFCFACE((#6681));
#11892=IFCFACE((#6682));
#11893=IFCFACE((#6683));
#11894=IFCFACE((#6684));
#11895=IFCFACE((#6685));
#11896=IFCFACE((#6686));
#11897=IFCFACE((#6687));
#11898=IFCFACE((#6688));
#11899=IFCFACE((#6689));
#11900=IFCFACE((#6690));
#11901=IFCFACE((#6691));
#11902=IFCFACE((#6692));
#11903=IFCFACE((#6693));
#11904=IFCFACE((#6694));
#11905=IFCFACE((#6695));
#11906=IFCFACE((#6696));
#11907=IFCFACE((#6697));
#11908=IFCFACE((#6698));
#11909=IFCFACE((#6699));
#11910=IFCFACE((#6700));
#11911=IFCFACE((#6701));
#11912=IFCFACE((#6702));
#11913=IFCFACE((#6703));
#11914=IFCFACE((#6704));
#11915=IFCFACE((#6705));
#11916=IFCFACE((#6706));
#11917=IFCFACE((#6707));
#11918=IFCFACE((#6708));
#11919=IFCFACE((#6709));
#11920=IFCFACE((#6710));
#11921=IFCFACE((#6711));
#11922=IFCFACE((#6712));
#11923=IFCFACE((#6713));
#11924=IFCFACE((#6714));
#11925=IFCFACE((#6715));
#11926=IFCFACE((#6716));
#11927=IFCFACE((#6717));
#11928=IFCFACE((#6718));
#11929=IFCFACE((#6719));
#11930=IFCFACE((#6720));
#11931=IFCFACE((#6721));
#11932=IFCFACE((#6722));
#11933=IFCFACE((#6723));
#11934=IFCFACE((#6724));
#11935=IFCFACE((#6725));
#11936=IFCFACE((#6726));
#11937=IFCFACE((#6727));
#11938=IFCFACE((#6728));
#11939=IFCFACE((#6729));
#11940=IFCFACE((#6730));
#11941=IFCFACE((#6731));
#11942=IFCFACE((#6732));
#11943=IFCFACE((#6733));
#11944=IFCFACE((#6734));
#11945=IFCFACE((#6735));
#11946=IFCFACE((#6736));
#11947=IFCFACE((#6737));
#11948=IFCFACE((#6738));
#11949=IFCFACE((#6739));
#11950=IFCFACE((#6740));
#11951=IFCFACE((#6741));
#11952=IFCFACE((#6742));
#11953=IFCFACE((#6743));
#11954=IFCFACE((#6744));
#11955=IFCFACE((#6745));
#11956=IFCFACE((#6746));
#11957=IFCFACE((#6747));
#11958=IFCFACE((#6748));
#11959=IFCFACE((#6749));
#11960=IFCFACE((#6750));
#11961=IFCFACE((#6751));
#11962=IFCFACE((#6752));
#11963=IFCFACE((#6753));
#11964=IFCFACE((#6754));
#11965=IFCFACE((#6755));
#11966=IFCFACE((#6756));
#11967=IFCFACE((#6757));
#11968=IFCFACE((#6758));
#11969=IFCFACE((#6759));
#11970=IFCFACE((#6760));
#11971=IFCFACE((#6761));
#11972=IFCFACE((#6762));
#11973=IFCFACE((#6763));
#11974=IFCFACE((#6764));
#11975=IFCFACE((#6765));
#11976=IFCFACE((#6766));
#11977=IFCFACE((#6767));
#11978=IFCFACE((#6768));
#11979=IFCFACE((#6769));
#11980=IFCFACE((#6770));
#11981=IFCFACE((#6771));
#11982=IFCFACE((#6772));
#11983=IFCFACE((#6773));
#11984=IFCFACE((#6774));
#11985=IFCFACE((#6775));
#11986=IFCFACE((#6776));
#11987=IFCFACE((#6777));
#11988=IFCFACE((#6778));
#11989=IFCFACE((#6779));
#11990=IFCFACE((#6780));
#11991=IFCFACE((#6781));
#11992=IFCFACE((#6782));
#11993=IFCFACE((#6783));
#11994=IFCFACE((#6784));
#11995=IFCFACE((#6785));
#11996=IFCFACE((#6786));
#11997=IFCFACE((#6787));
#11998=IFCFACE((#6788));
#11999=IFCFACE((#6789));
#12000=IFCFACE((#6790));
#12001=IFCFACE((#6791));
#12002=IFCFACE((#6792));
#12003=IFCFACE((#6793));
#12004=IFCFACE((#6794));
#12005=IFCFACE((#6795));
#12006=IFCFACE((#6796));
#12007=IFCFACE((#6797));
#12008=IFCFACE((#6798));
#12009=IFCFACE((#6799));
#12010=IFCFACE((#6800));
#12011=IFCFACE((#6801));
#12012=IFCFACE((#6802));
#12013=IFCFACE((#6803));
#12014=IFCFACE((#6804));
#12015=IFCFACE((#6805));
#12016=IFCFACE((#6806));
#12017=IFCFACE((#6807));
#12018=IFCFACE((#6808));
#12019=IFCFACE((#6809));
#12020=IFCFACE((#6810));
#12021=IFCFACE((#6811));
#12022=IFCFACE((#6812));
#12023=IFCFACE((#6813));
#12024=IFCFACE((#6814));
#12025=IFCFACE((#6815));
#12026=IFCFACE((#6816));
#12027=IFCFACE((#6817));
#12028=IFCFACE((#6818));
#12029=IFCFACE((#6819));
#12030=IFCFACE((#6820));
#12031=IFCFACE((#6821));
#12032=IFCFACE((#6822));
#12033=IFCFACE((#6823));
#12034=IFCFACE((#6824));
#12035=IFCFACE((#6825));
#12036=IFCFACE((#6826));
#12037=IFCFACE((#6827));
#12038=IFCFACE((#6828));
#12039=IFCFACE((#6829));
#12040=IFCFACE((#6830));
#12041=IFCFACE((#6831));
#12042=IFCFACE((#6832));
#12043=IFCFACE((#6833));
#12044=IFCFACE((#6834));
#12045=IFCFACE((#6835));
#12046=IFCFACE((#6836));
#12047=IFCFACE((#6837));
#12048=IFCFACE((#6838));
#12049=IFCFACE((#6839));
#12050=IFCFACE((#6840));
#12051=IFCFACE((#6841));
#12052=IFCFACE((#6842));
#12053=IFCFACE((#6843));
#12054=IFCFACE((#6844));
#12055=IFCFACE((#6845));
#12056=IFCFACE((#6846));
#12057=IFCFACE((#6847));
#12058=IFCFACE((#6848));
#12059=IFCFACE((#6849));
#12060=IFCFACE((#6850));
#12061=IFCFACE((#6851));
#12062=IFCFACE((#6852));
#12063=IFCFACE((#6853));
#12064=IFCFACE((#6854));
#12065=IFCFACE((#6855));
#12066=IFCFACE((#6856));
#12067=IFCFACE((#6857));
#12068=IFCFACE((#6858));
#12069=IFCFACE((#6859));
#12070=IFCFACE((#6860));
#12071=IFCFACE((#6861));
#12072=IFCFACE((#6862));
#12073=IFCFACE((#6863));
#12074=IFCFACE((#6864));
#12075=IFCFACE((#6865));
#12076=IFCFACE((#6866));
#12077=IFCFACE((#6867));
#12078=IFCFACE((#6868));
#12079=IFCFACE((#6869));
#12080=IFCFACE((#6870));
#12081=IFCFACE((#6871));
#12082=IFCFACE((#6872));
#12083=IFCFACE((#6873));
#12084=IFCFACE((#6874));
#12085=IFCFACE((#6875));
#12086=IFCFACE((#6876));
#12087=IFCFACE((#6877));
#12088=IFCFACE((#6878));
#12089=IFCFACE((#6879));
#12090=IFCFACE((#6880));
#12091=IFCFACE((#6881));
#12092=IFCFACE((#6882));
#12093=IFCFACE((#6883));
#12094=IFCFACE((#6884));
#12095=IFCFACE((#6885));
#12096=IFCFACE((#6886));
#12097=IFCFACE((#6887));
#12098=IFCFACE((#6888));
#12099=IFCFACE((#6889));
#12100=IFCFACE((#6890));
#12101=IFCFACE((#6891));
#12102=IFCFACE((#6892));
#12103=IFCFACE((#6893));
#12104=IFCFACE((#6894));
#12105=IFCFACE((#6895));
#12106=IFCFACE((#6896));
#12107=IFCFACE((#6897));
#12108=IFCFACE((#6898));
#12109=IFCFACE((#6899));
#12110=IFCFACE((#6900));
#12111=IFCFACE((#6901));
#12112=IFCFACE((#6902));
#12113=IFCFACE((#6903));
#12114=IFCFACE((#6904));
#12115=IFCFACE((#6905));
#12116=IFCFACE((#6906));
#12117=IFCFACE((#6907));
#12118=IFCFACE((#6908));
#12119=IFCFACE((#6909));
#12120=IFCFACE((#6910));
#12121=IFCFACE((#6911));
#12122=IFCFACE((#6912));
#12123=IFCFACE((#6913));
#12124=IFCFACE((#6914));
#12125=IFCFACE((#6915));
#12126=IFCFACE((#6916));
#12127=IFCFACE((#6917));
#12128=IFCFACE((#6918));
#12129=IFCFACE((#6919));
#12130=IFCFACE((#6920));
#12131=IFCFACE((#6921));
#12132=IFCFACE((#6922));
#12133=IFCFACE((#6923));
#12134=IFCFACE((#6924));
#12135=IFCFACE((#6925));
#12136=IFCFACE((#6926));
#12137=IFCFACE((#6927));
#12138=IFCFACE((#6928));
#12139=IFCFACE((#6929));
#12140=IFCFACE((#6930));
#12141=IFCFACE((#6931));
#12142=IFCFACE((#6932));
#12143=IFCFACE((#6933));
#12144=IFCFACE((#6934));
#12145=IFCFACE((#6935));
#12146=IFCFACE((#6936));
#12147=IFCFACE((#6937));
#12148=IFCFACE((#6938));
#12149=IFCFACE((#6939));
#12150=IFCFACE((#6940));
#12151=IFCFACE((#6941));
#12152=IFCFACE((#6942));
#12153=IFCFACE((#6943));
#12154=IFCFACE((#6944));
#12155=IFCFACE((#6945));
#12156=IFCFACE((#6946));
#12157=IFCFACE((#6947));
#12158=IFCFACE((#6948));
#12159=IFCFACE((#6949));
#12160=IFCFACE((#6950));
#12161=IFCFACE((#6951));
#12162=IFCFACE((#6952));
#12163=IFCFACE((#6953));
#12164=IFCFACE((#6954));
#12165=IFCFACE((#6955));
#12166=IFCFACE((#6956));
#12167=IFCFACE((#6957));
#12168=IFCFACE((#6958));
#12169=IFCFACE((#6959));
#12170=IFCFACE((#6960));
#12171=IFCFACE((#6961));
#12172=IFCFACE((#6962));
#12173=IFCFACE((#6963));
#12174=IFCFACE((#6964));
#12175=IFCFACE((#6965));
#12176=IFCFACE((#6966));
#12177=IFCFACE((#6967));
#12178=IFCFACE((#6968));
#12179=IFCFACE((#6969));
#12180=IFCFACE((#6970));
#12181=IFCFACE((#6971));
#12182=IFCFACE((#6972));
#12183=IFCFACE((#6973));
#12184=IFCFACE((#6974));
#12185=IFCFACE((#6975));
#12186=IFCFACE((#6976));
#12187=IFCFACE((#6977));
#12188=IFCFACE((#6978));
#12189=IFCFACE((#6979));
#12190=IFCFACE((#6980));
#12191=IFCFACE((#6981));
#12192=IFCFACE((#6982));
#12193=IFCFACE((#6983));
#12194=IFCFACE((#6984));
#12195=IFCFACE((#6985));
#12196=IFCFACE((#6986));
#12197=IFCFACE((#6987));
#12198=IFCFACE((#6988));
#12199=IFCFACE((#6989));
#12200=IFCFACE((#6990));
#12201=IFCFACE((#6991));
#12202=IFCFACE((#6992));
#12203=IFCFACE((#6993));
#12204=IFCFACE((#6994));
#12205=IFCFACE((#6995));
#12206=IFCFACE((#6996));
#12207=IFCFACE((#6997));
#12208=IFCFACE((#6998));
#12209=IFCFACE((#6999));
#12210=IFCFACE((#7000));
#12211=IFCFACE((#7001));
#12212=IFCFACE((#7002));
#12213=IFCFACE((#7003));
#12214=IFCFACE((#7004));
#12215=IFCFACE((#7005));
#12216=IFCFACE((#7006));
#12217=IFCFACE((#7007));
#12218=IFCFACE((#7008));
#12219=IFCFACE((#7009));
#12220=IFCFACE((#7010));
#12221=IFCFACE((#7011));
#12222=IFCFACE((#7012));
#12223=IFCFACE((#7013));
#12224=IFCFACE((#7014));
#12225=IFCFACE((#7015));
#12226=IFCFACE((#7016));
#12227=IFCFACE((#7017));
#12228=IFCFACE((#7018));
#12229=IFCFACE((#7019));
#12230=IFCFACE((#7020));
#12231=IFCFACE((#7021));
#12232=IFCFACE((#7022));
#12233=IFCFACE((#7023));
#12234=IFCFACE((#7024));
#12235=IFCFACE((#7025));
#12236=IFCFACE((#7026));
#12237=IFCFACE((#7027));
#12238=IFCFACE((#7028));
#12239=IFCFACE((#7029));
#12240=IFCFACE((#7030));
#12241=IFCFACE((#7031));
#12242=IFCFACE((#7032));
#12243=IFCFACE((#7033));
#12244=IFCFACE((#7034));
#12245=IFCFACE((#7035));
#12246=IFCFACE((#7036));
#12247=IFCFACE((#7037));
#12248=IFCFACE((#7038));
#12249=IFCFACE((#7039));
#12250=IFCFACE((#7040));
#12251=IFCFACE((#7041));
#12252=IFCFACE((#7042));
#12253=IFCFACE((#7043));
#12254=IFCFACE((#7044));
#12255=IFCFACE((#7045));
#12256=IFCFACE((#7046));
#12257=IFCFACE((#7047));
#12258=IFCFACE((#7048));
#12259=IFCFACE((#7049));
#12260=IFCFACE((#7050));
#12261=IFCFACE((#7051));
#12262=IFCFACE((#7052));
#12263=IFCFACE((#7053));
#12264=IFCFACE((#7054));
#12265=IFCFACE((#7055));
#12266=IFCFACE((#7056));
#12267=IFCFACE((#7057));
#12268=IFCFACE((#7058));
#12269=IFCFACE((#7059));
#12270=IFCFACE((#7060));
#12271=IFCFACE((#7061));
#12272=IFCFACE((#7062));
#12273=IFCFACE((#7063));
#12274=IFCFACE((#7064));
#12275=IFCFACE((#7065));
#12276=IFCFACE((#7066));
#12277=IFCFACE((#7067));
#12278=IFCFACE((#7068));
#12279=IFCFACE((#7069));
#12280=IFCFACE((#7070));
#12281=IFCFACE((#7071));
#12282=IFCFACE((#7072));
#12283=IFCFACE((#7073));
#12284=IFCFACE((#7074));
#12285=IFCFACE((#7075));
#12286=IFCFACE((#7076));
#12287=IFCFACE((#7077));
#12288=IFCFACE((#7078));
#12289=IFCFACE((#7079));
#12290=IFCFACE((#7080));
#12291=IFCFACE((#7081));
#12292=IFCFACE((#7082));
#12293=IFCFACE((#7083));
#12294=IFCFACE((#7084));
#12295=IFCFACE((#7085));
#12296=IFCFACE((#7086));
#12297=IFCFACE((#7087));
#12298=IFCFACE((#7088));
#12299=IFCFACE((#7089));
#12300=IFCFACE((#7090));
#12301=IFCFACE((#7091));
#12302=IFCFACE((#7092));
#12303=IFCFACE((#7093));
#12304=IFCFACE((#7094));
#12305=IFCFACE((#7095));
#12306=IFCFACE((#7096));
#12307=IFCFACE((#7097));
#12308=IFCFACE((#7098));
#12309=IFCFACE((#7099));
#12310=IFCFACE((#7100));
#12311=IFCFACE((#7101));
#12312=IFCFACE((#7102));
#12313=IFCFACE((#7103));
#12314=IFCFACE((#7104));
#12315=IFCFACE((#7105));
#12316=IFCFACE((#7106));
#12317=IFCFACE((#7107));
#12318=IFCFACE((#7108));
#12319=IFCFACE((#7109));
#12320=IFCFACE((#7110));
#12321=IFCFACE((#7111));
#12322=IFCFACE((#7112));
#12323=IFCFACE((#7113));
#12324=IFCFACE((#7114));
#12325=IFCFACE((#7115));
#12326=IFCFACE((#7116));
#12327=IFCFACE((#7117));
#12328=IFCFACE((#7118));
#12329=IFCFACE((#7119));
#12330=IFCFACE((#7120));
#12331=IFCFACE((#7121));
#12332=IFCFACE((#7122));
#12333=IFCFACE((#7123));
#12334=IFCFACE((#7124));
#12335=IFCFACE((#7125));
#12336=IFCFACE((#7126));
#12337=IFCFACE((#7127));
#12338=IFCFACE((#7128));
#12339=IFCFACE((#7129));
#12340=IFCFACE((#7130));
#12341=IFCFACE((#7131));
#12342=IFCFACE((#7132));
#12343=IFCFACE((#7133));
#12344=IFCFACE((#7134));
#12345=IFCFACE((#7135));
#12346=IFCFACE((#7136));
#12347=IFCFACE((#7137));
#12348=IFCFACE((#7138));
#12349=IFCFACE((#7139));
#12350=IFCFACE((#7140));
#12351=IFCFACE((#7141));
#12352=IFCFACE((#7142));
#12353=IFCFACE((#7143));
#12354=IFCFACE((#7144));
#12355=IFCFACE((#7145));
#12356=IFCFACE((#7146));
#12357=IFCFACE((#7147));
#12358=IFCFACE((#7148));
#12359=IFCFACE((#7149));
#12360=IFCFACE((#7150));
#12361=IFCFACE((#7151));
#12362=IFCFACE((#7152));
#12363=IFCFACE((#7153));
#12364=IFCFACE((#7154));
#12365=IFCFACE((#7155));
#12366=IFCFACE((#7156));
#12367=IFCFACE((#7157));
#12368=IFCFACE((#7158));
#12369=IFCFACE((#7159));
#12370=IFCFACE((#7160));
#12371=IFCFACE((#7161));
#12372=IFCFACE((#7162));
#12373=IFCFACE((#7163));
#12374=IFCFACE((#7164));
#12375=IFCFACE((#7165));
#12376=IFCFACE((#7166));
#12377=IFCFACE((#7167));
#12378=IFCFACE((#7168));
#12379=IFCFACE((#7169));
#12380=IFCFACE((#7170));
#12381=IFCFACE((#7171));
#12382=IFCFACE((#7172));
#12383=IFCFACE((#7173));
#12384=IFCFACE((#7174));
#12385=IFCFACE((#7175));
#12386=IFCFACE((#7176));
#12387=IFCFACE((#7177));
#12388=IFCFACE((#7178));
#12389=IFCFACE((#7179));
#12390=IFCFACE((#7180));
#12391=IFCFACE((#7181));
#12392=IFCFACE((#7182));
#12393=IFCFACE((#7183));
#12394=IFCFACE((#7184));
#12395=IFCFACE((#7185));
#12396=IFCFACE((#7186));
#12397=IFCFACE((#7187));
#12398=IFCFACE((#7188));
#12399=IFCFACE((#7189));
#12400=IFCFACE((#7190));
#12401=IFCFACE((#7191));
#12402=IFCFACE((#7192));
#12403=IFCFACE((#7193));
#12404=IFCFACE((#7194));
#12405=IFCFACE((#7195));
#12406=IFCFACE((#7196));
#12407=IFCFACE((#7197));
#12408=IFCFACE((#7198));
#12409=IFCFACE((#7199));
#12410=IFCFACE((#7200));
#12411=IFCFACE((#7201));
#12412=IFCFACE((#7202));
#12413=IFCFACE((#7203));
#12414=IFCFACE((#7204));
#12415=IFCFACE((#7205));
#12416=IFCFACE((#7206));
#12417=IFCFACE((#7207));
#12418=IFCFACE((#7208));
#12419=IFCFACE((#7209));
#12420=IFCFACE((#7210));
#12421=IFCFACE((#7211));
#12422=IFCFACE((#7212));
#12423=IFCFACE((#7213));
#12424=IFCFACE((#7214));
#12425=IFCFACE((#7215));
#12426=IFCFACE((#7216));
#12427=IFCFACE((#7217));
#12428=IFCFACE((#7218));
#12429=IFCFACE((#7219));
#12430=IFCFACE((#7220));
#12431=IFCFACE((#7221));
#12432=IFCFACE((#7222));
#12433=IFCFACE((#7223));
#12434=IFCFACE((#7224));
#12435=IFCFACE((#7225));
#12436=IFCFACE((#7226));
#12437=IFCFACE((#7227));
#12438=IFCFACE((#7228));
#12439=IFCFACE((#7229));
#12440=IFCFACE((#7230));
#12441=IFCFACE((#7231));
#12442=IFCFACE((#7232));
#12443=IFCFACE((#7233));
#12444=IFCFACE((#7234));
#12445=IFCFACE((#7235));
#12446=IFCFACE((#7236));
#12447=IFCFACE((#7237));
#12448=IFCFACE((#7238));
#12449=IFCFACE((#7239));
#12450=IFCFACE((#7240));
#12451=IFCFACE((#7241));
#12452=IFCFACE((#7242));
#12453=IFCFACE((#7243));
#12454=IFCFACE((#7244));
#12455=IFCFACE((#7245));
#12456=IFCFACE((#7246));
#12457=IFCFACE((#7247));
#12458=IFCFACE((#7248));
#12459=IFCFACE((#7249));
#12460=IFCFACE((#7250));
#12461=IFCFACE((#7251));
#12462=IFCFACE((#7252));
#12463=IFCFACE((#7253));
#12464=IFCFACE((#7254));
#12465=IFCFACE((#7255));
#12466=IFCFACE((#7256));
#12467=IFCFACE((#7257));
#12468=IFCFACE((#7258));
#12469=IFCFACE((#7259));
#12470=IFCFACE((#7260));
#12471=IFCFACE((#7261));
#12472=IFCFACE((#7262));
#12473=IFCFACE((#7263));
#12474=IFCFACE((#7264));
#12475=IFCFACE((#7265));
#12476=IFCFACE((#7266));
#12477=IFCFACE((#7267));
#12478=IFCFACE((#7268));
#12479=IFCFACE((#7269));
#12480=IFCFACE((#7270));
#12481=IFCFACE((#7271));
#12482=IFCFACE((#7272));
#12483=IFCFACE((#7273));
#12484=IFCFACE((#7274));
#12485=IFCFACE((#7275));
#12486=IFCFACE((#7276));
#12487=IFCFACE((#7277));
#12488=IFCFACE((#7278));
#12489=IFCFACE((#7279));
#12490=IFCFACE((#7280));
#12491=IFCFACE((#7281));
#12492=IFCFACE((#7282));
#12493=IFCFACE((#7283));
#12494=IFCFACE((#7284));
#12495=IFCFACE((#7285));
#12496=IFCFACE((#7286));
#12497=IFCFACE((#7287));
#12498=IFCFACE((#7288));
#12499=IFCFACE((#7289));
#12500=IFCFACE((#7290));
#12501=IFCFACE((#7291));
#12502=IFCFACE((#7292));
#12503=IFCFACE((#7293));
#12504=IFCFACE((#7294));
#12505=IFCFACE((#7295));
#12506=IFCFACE((#7296));
#12507=IFCFACE((#7297));
#12508=IFCFACE((#7298));
#12509=IFCFACE((#7299));
#12510=IFCFACE((#7300));
#12511=IFCFACE((#7301));
#12512=IFCFACE((#7302));
#12513=IFCFACE((#7303));
#12514=IFCFACE((#7304));
#12515=IFCFACE((#7305));
#12516=IFCFACE((#7306));
#12517=IFCFACE((#7307));
#12518=IFCFACE((#7308));
#12519=IFCFACE((#7309));
#12520=IFCFACE((#7310));
#12521=IFCFACE((#7311));
#12522=IFCFACE((#7312));
#12523=IFCFACE((#7313));
#12524=IFCFACE((#7314));
#12525=IFCFACE((#7315));
#12526=IFCFACE((#7316));
#12527=IFCFACE((#7317));
#12528=IFCFACE((#7318));
#12529=IFCFACE((#7319));
#12530=IFCFACE((#7320));
#12531=IFCFACE((#7321));
#12532=IFCFACE((#7322));
#12533=IFCFACE((#7323));
#12534=IFCFACE((#7324));
#12535=IFCFACE((#7325));
#12536=IFCFACE((#7326));
#12537=IFCFACE((#7327));
#12538=IFCFACE((#7328));
#12539=IFCFACE((#7329));
#12540=IFCFACE((#7330));
#12541=IFCFACE((#7331));
#12542=IFCFACE((#7332));
#12543=IFCFACE((#7333));
#12544=IFCFACE((#7334));
#12545=IFCFACE((#7335));
#12546=IFCFACE((#7336));
#12547=IFCFACE((#7337));
#12548=IFCFACE((#7338));
#12549=IFCFACE((#7339));
#12550=IFCFACE((#7340));
#12551=IFCFACE((#7341));
#12552=IFCFACE((#7342));
#12553=IFCFACE((#7343));
#12554=IFCFACE((#7344));
#12555=IFCFACE((#7345));
#12556=IFCFACE((#7346));
#12557=IFCFACE((#7347));
#12558=IFCFACE((#7348));
#12559=IFCFACE((#7349));
#12560=IFCFACE((#7350));
#12561=IFCFACE((#7351));
#12562=IFCFACE((#7352));
#12563=IFCFACE((#7353));
#12564=IFCFACE((#7354));
#12565=IFCFACE((#7355));
#12566=IFCFACE((#7356));
#12567=IFCFACE((#7357));
#12568=IFCFACE((#7358));
#12569=IFCFACE((#7359));
#12570=IFCFACE((#7360));
#12571=IFCFACE((#7361));
#12572=IFCFACE((#7362));
#12573=IFCFACE((#7363));
#12574=IFCFACE((#7364));
#12575=IFCFACE((#7365));
#12576=IFCFACE((#7366));
#12577=IFCFACE((#7367));
#12578=IFCFACE((#7368));
#12579=IFCFACE((#7369));
#12580=IFCFACE((#7370));
#12581=IFCFACE((#7371));
#12582=IFCFACE((#7372));
#12583=IFCFACE((#7373));
#12584=IFCFACE((#7374));
#12585=IFCFACE((#7375));
#12586=IFCFACE((#7376));
#12587=IFCFACE((#7377));
#12588=IFCFACE((#7378));
#12589=IFCFACE((#7379));
#12590=IFCFACE((#7380));
#12591=IFCFACE((#7381));
#12592=IFCFACE((#7382));
#12593=IFCFACE((#7383));
#12594=IFCFACE((#7384));
#12595=IFCFACE((#7385));
#12596=IFCFACE((#7386));
#12597=IFCFACE((#7387));
#12598=IFCFACE((#7388));
#12599=IFCFACE((#7389));
#12600=IFCFACE((#7390));
#12601=IFCFACE((#7391));
#12602=IFCFACE((#7392));
#12603=IFCFACE((#7393));
#12604=IFCFACE((#7394));
#12605=IFCFACE((#7395));
#12606=IFCFACE((#7396));
#12607=IFCFACE((#7397));
#12608=IFCFACE((#7398));
#12609=IFCFACE((#7399));
#12610=IFCFACE((#7400));
#12611=IFCFACE((#7401));
#12612=IFCFACE((#7402));
#12613=IFCFACE((#7403));
#12614=IFCFACE((#7404));
#12615=IFCFACE((#7405));
#12616=IFCFACE((#7406));
#12617=IFCFACE((#7407));
#12618=IFCFACE((#7408));
#12619=IFCFACE((#7409));
#12620=IFCFACE((#7410));
#12621=IFCFACE((#7411));
#12622=IFCFACE((#7412));
#12623=IFCFACE((#7413));
#12624=IFCFACE((#7414));
#12625=IFCFACE((#7415));
#12626=IFCFACE((#7416));
#12627=IFCFACE((#7417));
#12628=IFCFACE((#7418));
#12629=IFCFACE((#7419));
#12630=IFCFACE((#7420));
#12631=IFCFACE((#7421));
#12632=IFCFACE((#7422));
#12633=IFCFACE((#7423));
#12634=IFCFACE((#7424));
#12635=IFCFACE((#7425));
#12636=IFCFACE((#7426));
#12637=IFCFACE((#7427));
#12638=IFCFACE((#7428));
#12639=IFCFACE((#7429));
#12640=IFCFACE((#7430));
#12641=IFCFACE((#7431));
#12642=IFCFACE((#7432));
#12643=IFCFACE((#7433));
#12644=IFCFACE((#7434));
#12645=IFCFACE((#7435));
#12646=IFCFACE((#7436));
#12647=IFCFACE((#7437));
#12648=IFCFACE((#7438));
#12649=IFCFACE((#7439));
#12650=IFCFACE((#7440));
#12651=IFCFACE((#7441));
#12652=IFCFACE((#7442));
#12653=IFCFACE((#7443));
#12654=IFCFACE((#7444));
#12655=IFCFACE((#7445));
#12656=IFCFACE((#7446));
#12657=IFCFACE((#7447));
#12658=IFCFACE((#7448));
#12659=IFCFACE((#7449));
#12660=IFCFACE((#7450));
#12661=IFCFACE((#7451));
#12662=IFCFACE((#7452));
#12663=IFCFACE((#7453));
#12664=IFCFACE((#7454));
#12665=IFCFACE((#7455));
#12666=IFCFACE((#7456));
#12667=IFCFACE((#7457));
#12668=IFCFACE((#7458));
#12669=IFCFACE((#7459));
#12670=IFCFACE((#7460));
#12671=IFCFACE((#7461));
#12672=IFCFACE((#7462));
#12673=IFCFACE((#7463));
#12674=IFCFACE((#7464));
#12675=IFCFACE((#7465));
#12676=IFCFACE((#7466));
#12677=IFCFACE((#7467));
#12678=IFCFACE((#7468));
#12679=IFCFACE((#7469));
#12680=IFCFACE((#7470));
#12681=IFCFACE((#7471));
#12682=IFCFACE((#7472));
#12683=IFCFACE((#7473));
#12684=IFCFACE((#7474));
#12685=IFCFACE((#7475));
#12686=IFCFACE((#7476));
#12687=IFCFACE((#7477));
#12688=IFCFACE((#7478));
#12689=IFCFACE((#7479));
#12690=IFCFACE((#7480));
#12691=IFCFACE((#7481));
#12692=IFCFACE((#7482));
#12693=IFCFACE((#7483));
#12694=IFCFACE((#7484));
#12695=IFCFACE((#7485));
#12696=IFCFACE((#7486));
#12697=IFCFACE((#7487));
#12698=IFCFACE((#7488));
#12699=IFCFACE((#7489));
#12700=IFCFACE((#7490));
#12701=IFCFACE((#7491));
#12702=IFCFACE((#7492));
#12703=IFCFACE((#7493));
#12704=IFCFACE((#7494));
#12705=IFCFACE((#7495));
#12706=IFCFACE((#7496));
#12707=IFCFACE((#7497));
#12708=IFCFACE((#7498));
#12709=IFCFACE((#7499));
#12710=IFCFACE((#7500));
#12711=IFCFACE((#7501));
#12712=IFCFACE((#7502));
#12713=IFCFACE((#7503));
#12714=IFCFACE((#7504));
#12715=IFCFACE((#7505));
#12716=IFCFACE((#7506));
#12717=IFCFACE((#7507));
#12718=IFCFACE((#7508));
#12719=IFCFACE((#7509));
#12720=IFCFACE((#7510));
#12721=IFCFACE((#7511));
#12722=IFCFACE((#7512));
#12723=IFCFACE((#7513));
#12724=IFCFACE((#7514));
#12725=IFCFACE((#7515));
#12726=IFCFACE((#7516));
#12727=IFCFACE((#7517));
#12728=IFCFACE((#7518));
#12729=IFCFACE((#7519));
#12730=IFCFACE((#7520));
#12731=IFCFACE((#7521));
#12732=IFCFACE((#7522));
#12733=IFCFACE((#7523));
#12734=IFCFACE((#7524));
#12735=IFCFACE((#7525));
#12736=IFCFACE((#7526));
#12737=IFCFACE((#7527));
#12738=IFCFACE((#7528));
#12739=IFCFACE((#7529));
#12740=IFCFACE((#7530));
#12741=IFCFACE((#7531));
#12742=IFCFACE((#7532));
#12743=IFCFACE((#7533));
#12744=IFCFACE((#7534));
#12745=IFCFACE((#7535));
#12746=IFCFACE((#7536));
#12747=IFCFACE((#7537));
#12748=IFCFACE((#7538));
#12749=IFCFACE((#7539));
#12750=IFCFACE((#7540));
#12751=IFCFACE((#7541));
#12752=IFCFACE((#7542));
#12753=IFCFACE((#7543));
#12754=IFCFACE((#7544));
#12755=IFCFACE((#7545));
#12756=IFCFACE((#7546));
#12757=IFCFACE((#7547));
#12758=IFCFACE((#7548));
#12759=IFCFACE((#7549));
#12760=IFCFACE((#7550));
#12761=IFCFACE((#7551));
#12762=IFCFACE((#7552));
#12763=IFCFACE((#7553));
#12764=IFCFACE((#7554));
#12765=IFCFACE((#7555));
#12766=IFCFACE((#7556));
#12767=IFCFACE((#7557));
#12768=IFCFACE((#7558));
#12769=IFCFACE((#7559));
#12770=IFCFACE((#7560));
#12771=IFCFACE((#7561));
#12772=IFCFACE((#7562));
#12773=IFCFACE((#7563));
#12774=IFCFACE((#7564));
#12775=IFCFACE((#7565));
#12776=IFCFACE((#7566));
#12777=IFCFACE((#7567));
#12778=IFCFACE((#7568));
#12779=IFCFACE((#7569));
#12780=IFCFACE((#7570));
#12781=IFCFACE((#7571));
#12782=IFCFACE((#7572));
#12783=IFCFACE((#7573));
#12784=IFCFACE((#7574));
#12785=IFCFACE((#7575));
#12786=IFCFACE((#7576));
#12787=IFCFACE((#7577));
#12788=IFCFACE((#7578));
#12789=IFCFACE((#7579));
#12790=IFCFACE((#7580));
#12791=IFCFACE((#7581));
#12792=IFCFACE((#7582));
#12793=IFCFACE((#7583));
#12794=IFCFACE((#7584));
#12795=IFCFACE((#7585));
#12796=IFCFACE((#7586));
#12797=IFCFACE((#7587));
#12798=IFCFACE((#7588));
#12799=IFCFACE((#7589));
#12800=IFCFACE((#7590));
#12801=IFCFACE((#7591));
#12802=IFCFACE((#7592));
#12803=IFCFACE((#7593));
#12804=IFCFACE((#7594));
#12805=IFCFACE((#7595));
#12806=IFCFACE((#7596));
#12807=IFCFACE((#7597));
#12808=IFCFACE((#7598));
#12809=IFCFACE((#7599));
#12810=IFCFACE((#7600));
#12811=IFCFACE((#7601));
#12812=IFCFACE((#7602));
#12813=IFCFACE((#7603));
#12814=IFCFACE((#7604));
#12815=IFCFACE((#7605));
#12816=IFCFACE((#7606));
#12817=IFCFACE((#7607));
#12818=IFCFACE((#7608));
#12819=IFCFACE((#7609));
#12820=IFCFACE((#7610));
#12821=IFCFACE((#7611));
#12822=IFCFACE((#7612));
#12823=IFCFACE((#7613));
#12824=IFCFACE((#7614));
#12825=IFCFACE((#7615));
#12826=IFCFACE((#7616));
#12827=IFCFACE((#7617));
#12828=IFCFACE((#7618));
#12829=IFCFACE((#7619));
#12830=IFCFACE((#7620));
#12831=IFCFACE((#7621));
#12832=IFCFACE((#7622));
#12833=IFCFACE((#7623));
#12834=IFCFACE((#7624));
#12835=IFCFACE((#7625));
#12836=IFCFACE((#7626));
#12837=IFCFACE((#7627));
#12838=IFCFACE((#7628));
#12839=IFCFACE((#7629));
#12840=IFCFACE((#7630));
#12841=IFCFACE((#7631));
#12842=IFCFACE((#7632));
#12843=IFCFACE((#7633));
#12844=IFCFACE((#7634));
#12845=IFCFACE((#7635));
#12846=IFCFACE((#7636));
#12847=IFCFACE((#7637));
#12848=IFCFACE((#7638));
#12849=IFCFACE((#7639));
#12850=IFCFACE((#7640));
#12851=IFCFACE((#7641));
#12852=IFCFACE((#7642));
#12853=IFCFACE((#7643));
#12854=IFCFACE((#7644));
#12855=IFCFACE((#7645));
#12856=IFCFACE((#7646));
#12857=IFCFACE((#7647));
#12858=IFCFACE((#7648));
#12859=IFCFACE((#7649));
#12860=IFCFACE((#7650));
#12861=IFCFACE((#7651));
#12862=IFCFACE((#7652));
#12863=IFCFACE((#7653));
#12864=IFCFACE((#7654));
#12865=IFCFACE((#7655));
#12866=IFCFACE((#7656));
#12867=IFCFACE((#7657));
#12868=IFCFACE((#7658));
#12869=IFCFACE((#7659));
#12870=IFCFACE((#7660));
#12871=IFCFACE((#7661));
#12872=IFCFACE((#7662));
#12873=IFCFACE((#7663));
#12874=IFCFACE((#7664));
#12875=IFCFACE((#7665));
#12876=IFCFACE((#7666));
#12877=IFCFACE((#7667));
#12878=IFCFACE((#7668));
#12879=IFCFACE((#7669));
#12880=IFCFACE((#7670));
#12881=IFCFACE((#7671));
#12882=IFCFACE((#7672));
#12883=IFCFACE((#7673));
#12884=IFCFACE((#7674));
#12885=IFCFACE((#7675));
#12886=IFCFACE((#7676));
#12887=IFCFACE((#7677));
#12888=IFCFACE((#7678));
#12889=IFCFACE((#7679));
#12890=IFCFACE((#7680));
#12891=IFCFACE((#7681));
#12892=IFCFACE((#7682));
#12893=IFCFACE((#7683));
#12894=IFCFACE((#7684));
#12895=IFCFACE((#7685));
#12896=IFCFACE((#7686));
#12897=IFCFACE((#7687));
#12898=IFCFACE((#7688));
#12899=IFCFACE((#7689));
#12900=IFCFACE((#7690));
#12901=IFCFACE((#7691));
#12902=IFCFACE((#7692));
#12903=IFCFACE((#7693));
#12904=IFCFACE((#7694));
#12905=IFCFACE((#7695));
#12906=IFCFACE((#7696));
#12907=IFCFACE((#7697));
#12908=IFCFACE((#7698));
#12909=IFCFACE((#7699));
#12910=IFCFACE((#7700));
#12911=IFCFACE((#7701));
#12912=IFCFACE((#7702));
#12913=IFCFACE((#7703));
#12914=IFCFACE((#7704));
#12915=IFCFACE((#7705));
#12916=IFCFACE((#7706));
#12917=IFCFACE((#7707));
#12918=IFCFACE((#7708));
#12919=IFCFACE((#7709));
#12920=IFCFACE((#7710));
#12921=IFCFACE((#7711));
#12922=IFCFACE((#7712));
#12923=IFCFACE((#7713));
#12924=IFCFACE((#7714));
#12925=IFCFACE((#7715));
#12926=IFCFACE((#7716));
#12927=IFCFACE((#7717));
#12928=IFCFACE((#7718));
#12929=IFCFACE((#7719));
#12930=IFCFACE((#7720));
#12931=IFCFACE((#7721));
#12932=IFCFACE((#7722));
#12933=IFCFACE((#7723));
#12934=IFCFACE((#7724));
#12935=IFCFACE((#7725));
#12936=IFCFACE((#7726));
#12937=IFCFACE((#7727));
#12938=IFCFACE((#7728));
#12939=IFCFACE((#7729));
#12940=IFCFACE((#7730));
#12941=IFCFACE((#7731));
#12942=IFCFACE((#7732));
#12943=IFCFACE((#7733));
#12944=IFCFACE((#7734));
#12945=IFCFACE((#7735));
#12946=IFCFACE((#7736));
#12947=IFCFACE((#7737));
#12948=IFCFACE((#7738));
#12949=IFCFACE((#7739));
#12950=IFCFACE((#7740));
#12951=IFCFACE((#7741));
#12952=IFCFACE((#7742));
#12953=IFCFACE((#7743));
#12954=IFCFACE((#7744));
#12955=IFCFACE((#7745));
#12956=IFCFACE((#7746));
#12957=IFCFACE((#7747));
#12958=IFCFACE((#7748));
#12959=IFCFACE((#7749));
#12960=IFCFACE((#7750));
#12961=IFCFACE((#7751));
#12962=IFCFACE((#7752));
#12963=IFCFACE((#7753));
#12964=IFCFACE((#7754));
#12965=IFCFACE((#7755));
#12966=IFCFACE((#7756));
#12967=IFCFACE((#7757));
#12968=IFCFACE((#7758));
#12969=IFCFACE((#7759));
#12970=IFCFACE((#7760));
#12971=IFCFACE((#7761));
#12972=IFCFACE((#7762));
#12973=IFCFACE((#7763));
#12974=IFCFACE((#7764));
#12975=IFCFACE((#7765));
#12976=IFCFACE((#7766));
#12977=IFCFACE((#7767));
#12978=IFCFACE((#7768));
#12979=IFCFACE((#7769));
#12980=IFCFACE((#7770));
#12981=IFCFACE((#7771));
#12982=IFCFACE((#7772));
#12983=IFCFACE((#7773));
#12984=IFCFACE((#7774));
#12985=IFCFACE((#7775));
#12986=IFCFACE((#7776));
#12987=IFCFACE((#7777));
#12988=IFCFACE((#7778));
#12989=IFCFACE((#7779));
#12990=IFCFACE((#7780));
#12991=IFCFACE((#7781));
#12992=IFCFACE((#7782));
#12993=IFCFACE((#7783));
#12994=IFCFACE((#7784));
#12995=IFCFACE((#7785));
#12996=IFCFACE((#7786));
#12997=IFCFACE((#7787));
#12998=IFCFACE((#7788));
#12999=IFCFACE((#7789));
#13000=IFCFACE((#7790));
#13001=IFCFACE((#7791));
#13002=IFCFACE((#7792));
#13003=IFCFACE((#7793));
#13004=IFCFACE((#7794));
#13005=IFCFACE((#7795));
#13006=IFCFACE((#7796));
#13007=IFCFACE((#7797));
#13008=IFCFACE((#7798));
#13009=IFCFACE((#7799));
#13010=IFCFACE((#7800));
#13011=IFCFACE((#7801));
#13012=IFCFACE((#7802));
#13013=IFCFACE((#7803));
#13014=IFCFACE((#7804));
#13015=IFCFACE((#7805));
#13016=IFCFACE((#7806));
#13017=IFCFACE((#7807));
#13018=IFCFACE((#7808));
#13019=IFCFACE((#7809));
#13020=IFCFACE((#7810));
#13021=IFCFACE((#7811));
#13022=IFCFACE((#7812));
#13023=IFCFACE((#7813));
#13024=IFCFACE((#7814));
#13025=IFCFACE((#7815));
#13026=IFCFACE((#7816));
#13027=IFCFACE((#7817));
#13028=IFCFACE((#7818));
#13029=IFCFACE((#7819));
#13030=IFCFACE((#7820));
#13031=IFCFACE((#7821));
#13032=IFCFACE((#7822));
#13033=IFCFACE((#7823));
#13034=IFCFACE((#7824));
#13035=IFCFACE((#7825));
#13036=IFCFACE((#7826));
#13037=IFCFACE((#7827));
#13038=IFCFACE((#7828));
#13039=IFCFACE((#7829));
#13040=IFCFACE((#7830));
#13041=IFCFACE((#7831));
#13042=IFCFACE((#7832));
#13043=IFCFACE((#7833));
#13044=IFCFACE((#7834));
#13045=IFCFACE((#7835));
#13046=IFCFACE((#7836));
#13047=IFCFACE((#7837));
#13048=IFCFACE((#7838));
#13049=IFCFACE((#7839));
#13050=IFCFACE((#7840));
#13051=IFCFACE((#7841));
#13052=IFCFACE((#7842));
#13053=IFCFACE((#7843));
#13054=IFCFACE((#7844));
#13055=IFCFACE((#7845));
#13056=IFCFACE((#7846));
#13057=IFCFACE((#7847));
#13058=IFCFACE((#7848));
#13059=IFCFACE((#7849));
#13060=IFCFACE((#7850));
#13061=IFCFACE((#7851));
#13062=IFCFACE((#7852));
#13063=IFCFACE((#7853));
#13064=IFCFACE((#7854));
#13065=IFCFACE((#7855));
#13066=IFCFACE((#7856));
#13067=IFCFACE((#7857));
#13068=IFCFACE((#7858));
#13069=IFCFACE((#7859));
#13070=IFCFACE((#7860));
#13071=IFCFACE((#7861));
#13072=IFCFACE((#7862));
#13073=IFCFACE((#7863));
#13074=IFCFACE((#7864));
#13075=IFCFACE((#7865));
#13076=IFCFACE((#7866));
#13077=IFCFACE((#7867));
#13078=IFCFACE((#7868));
#13079=IFCFACE((#7869));
#13080=IFCFACE((#7870));
#13081=IFCFACE((#7871));
#13082=IFCFACE((#7872));
#13083=IFCFACE((#7873));
#13084=IFCFACE((#7874));
#13085=IFCFACE((#7875));
#13086=IFCFACE((#7876));
#13087=IFCFACE((#7877));
#13088=IFCFACE((#7878));
#13089=IFCFACE((#7879));
#13090=IFCFACE((#7880));
#13091=IFCFACE((#7881));
#13092=IFCFACE((#7882));
#13093=IFCFACE((#7883));
#13094=IFCFACE((#7884));
#13095=IFCFACE((#7885));
#13096=IFCFACE((#7886));
#13097=IFCFACE((#7887));
#13098=IFCFACE((#7888));
#13099=IFCFACE((#7889));
#13100=IFCFACE((#7890));
#13101=IFCFACE((#7891));
#13102=IFCFACE((#7892));
#13103=IFCFACE((#7893));
#13104=IFCFACE((#7894));
#13105=IFCFACE((#7895));
#13106=IFCFACE((#7896));
#13107=IFCFACE((#7897));
#13108=IFCFACE((#7898));
#13109=IFCFACE((#7899));
#13110=IFCFACE((#7900));
#13111=IFCFACE((#7901));
#13112=IFCFACE((#7902));
#13113=IFCFACE((#7903));
#13114=IFCFACE((#7904));
#13115=IFCFACE((#7905));
#13116=IFCFACE((#7906));
#13117=IFCFACE((#7907));
#13118=IFCFACE((#7908));
#13119=IFCFACE((#7909));
#13120=IFCFACE((#7910));
#13121=IFCFACE((#7911));
#13122=IFCFACE((#7912));
#13123=IFCFACE((#7913));
#13124=IFCFACE((#7914));
#13125=IFCFACE((#7915));
#13126=IFCFACE((#7916));
#13127=IFCFACE((#7917));
#13128=IFCFACE((#7918));
#13129=IFCFACE((#7919));
#13130=IFCFACE((#7920));
#13131=IFCFACE((#7921));
#13132=IFCFACE((#7922));
#13133=IFCFACE((#7923));
#13134=IFCFACE((#7924));
#13135=IFCFACE((#7925));
#13136=IFCFACE((#7926));
#13137=IFCFACE((#7927));
#13138=IFCFACE((#7928));
#13139=IFCFACE((#7929));
#13140=IFCFACE((#7930));
#13141=IFCFACE((#7931));
#13142=IFCFACE((#7932));
#13143=IFCFACE((#7933));
#13144=IFCFACE((#7934));
#13145=IFCFACE((#7935));
#13146=IFCFACE((#7936));
#13147=IFCFACE((#7937));
#13148=IFCFACE((#7938));
#13149=IFCFACE((#7939));
#13150=IFCFACE((#7940));
#13151=IFCFACE((#7941));
#13152=IFCFACE((#7942));
#13153=IFCFACE((#7943));
#13154=IFCFACE((#7944));
#13155=IFCFACE((#7945));
#13156=IFCFACE((#7946));
#13157=IFCFACE((#7947));
#13158=IFCFACE((#7948));
#13159=IFCFACE((#7949));
#13160=IFCFACE((#7950));
#13161=IFCFACE((#7951));
#13162=IFCFACE((#7952));
#13163=IFCFACE((#7953));
#13164=IFCFACE((#7954));
#13165=IFCFACE((#7955));
#13166=IFCFACE((#7956));
#13167=IFCFACE((#7957));
#13168=IFCFACE((#7958));
#13169=IFCFACE((#7959));
#13170=IFCFACE((#7960));
#13171=IFCFACE((#7961));
#13172=IFCFACE((#7962));
#13173=IFCFACE((#7963));
#13174=IFCFACE((#7964));
#13175=IFCFACE((#7965));
#13176=IFCFACE((#7966));
#13177=IFCFACE((#7967));
#13178=IFCFACE((#7968));
#13179=IFCFACE((#7969));
#13180=IFCFACE((#7970));
#13181=IFCFACE((#7971));
#13182=IFCFACE((#7972));
#13183=IFCFACE((#7973));
#13184=IFCFACE((#7974));
#13185=IFCFACE((#7975));
#13186=IFCFACE((#7976));
#13187=IFCFACE((#7977));
#13188=IFCFACE((#7978));
#13189=IFCFACE((#7979));
#13190=IFCFACE((#7980));
#13191=IFCFACE((#7981));
#13192=IFCFACE((#7982));
#13193=IFCFACE((#7983));
#13194=IFCFACE((#7984));
#13195=IFCFACE((#7985));
#13196=IFCFACE((#7986));
#13197=IFCFACE((#7987));
#13198=IFCFACE((#7988));
#13199=IFCFACE((#7989));
#13200=IFCFACE((#7990));
#13201=IFCFACE((#7991));
#13202=IFCFACE((#7992));
#13203=IFCFACE((#7993));
#13204=IFCFACE((#7994));
#13205=IFCFACE((#7995));
#13206=IFCFACE((#7996));
#13207=IFCFACE((#7997));
#13208=IFCFACE((#7998));
#13209=IFCFACE((#7999));
#13210=IFCFACE((#8000));
#13211=IFCFACE((#8001));
#13212=IFCFACE((#8002));
#13213=IFCFACE((#8003));
#13214=IFCFACE((#8004));
#13215=IFCFACE((#8005));
#13216=IFCFACE((#8006));
#13217=IFCFACE((#8007));
#13218=IFCFACE((#8008));
#13219=IFCFACE((#8009));
#13220=IFCFACE((#8010));
#13221=IFCFACE((#8011));
#13222=IFCFACE((#8012));
#13223=IFCFACE((#8013));
#13224=IFCFACE((#8014));
#13225=IFCFACE((#8015));
#13226=IFCFACE((#8016));
#13227=IFCFACE((#8017));
#13228=IFCFACE((#8018));
#13229=IFCFACE((#8019));
#13230=IFCFACE((#8020));
#13231=IFCFACE((#8021));
#13232=IFCFACE((#8022));
#13233=IFCFACE((#8023));
#13234=IFCFACE((#8024));
#13235=IFCFACE((#8025));
#13236=IFCFACE((#8026));
#13237=IFCFACE((#8027));
#13238=IFCFACE((#8028));
#13239=IFCFACE((#8029));
#13240=IFCFACE((#8030));
#13241=IFCFACE((#8031));
#13242=IFCFACE((#8032));
#13243=IFCFACE((#8033));
#13244=IFCFACE((#8034));
#13245=IFCFACE((#8035));
#13246=IFCFACE((#8036));
#13247=IFCFACE((#8037));
#13248=IFCFACE((#8038));
#13249=IFCFACE((#8039));
#13250=IFCFACE((#8040));
#13251=IFCFACE((#8041));
#13252=IFCFACE((#8042));
#13253=IFCFACE((#8043));
#13254=IFCFACE((#8044));
#13255=IFCFACE((#8045));
#13256=IFCFACE((#8046));
#13257=IFCFACE((#8047));
#13258=IFCFACE((#8048));
#13259=IFCFACE((#8049));
#13260=IFCFACE((#8050));
#13261=IFCFACE((#8051));
#13262=IFCFACE((#8052));
#13263=IFCFACE((#8053));
#13264=IFCFACE((#8054));
#13265=IFCFACE((#8055));
#13266=IFCFACE((#8056));
#13267=IFCFACE((#8057));
#13268=IFCFACE((#8058));
#13269=IFCFACE((#8059));
#13270=IFCFACE((#8060));
#13271=IFCFACE((#8061));
#13272=IFCFACE((#8062));
#13273=IFCFACE((#8063));
#13274=IFCFACE((#8064));
#13275=IFCFACE((#8065));
#13276=IFCFACE((#8066));
#13277=IFCFACE((#8067));
#13278=IFCFACE((#8068));
#13279=IFCFACE((#8069));
#13280=IFCFACE((#8070));
#13281=IFCFACE((#8071));
#13282=IFCFACE((#8072));
#13283=IFCFACE((#8073));
#13284=IFCFACE((#8074));
#13285=IFCFACE((#8075));
#13286=IFCFACE((#8076));
#13287=IFCFACE((#8077));
#13288=IFCFACE((#8078));
#13289=IFCFACE((#8079));
#13290=IFCFACE((#8080));
#13291=IFCFACE((#8081));
#13292=IFCFACE((#8082));
#13293=IFCFACE((#8083));
#13294=IFCFACE((#8084));
#13295=IFCFACE((#8085));
#13296=IFCFACE((#8086));
#13297=IFCFACE((#8087));
#13298=IFCFACE((#8088));
#13299=IFCFACE((#8089));
#13300=IFCFACE((#8090));
#13301=IFCFACE((#8091));
#13302=IFCFACE((#8092));
#13303=IFCFACE((#8093));
#13304=IFCFACE((#8094));
#13305=IFCFACE((#8095));
#13306=IFCFACE((#8096));
#13307=IFCFACE((#8097));
#13308=IFCFACE((#8098));
#13309=IFCFACE((#8099));
#13310=IFCFACE((#8100));
#13311=IFCFACE((#8101));
#13312=IFCFACE((#8102));
#13313=IFCFACE((#8103));
#13314=IFCFACE((#8104));
#13315=IFCFACE((#8105));
#13316=IFCFACE((#8106));
#13317=IFCFACE((#8107));
#13318=IFCFACE((#8108));
#13319=IFCFACE((#8109));
#13320=IFCFACE((#8110));
#13321=IFCFACE((#8111));
#13322=IFCFACE((#8112));
#13323=IFCFACE((#8113));
#13324=IFCFACE((#8114));
#13325=IFCFACE((#8115));
#13326=IFCFACE((#8116));
#13327=IFCFACE((#8117));
#13328=IFCFACE((#8118));
#13329=IFCFACE((#8119));
#13330=IFCFACE((#8120));
#13331=IFCFACE((#8121));
#13332=IFCFACE((#8122));
#13333=IFCFACE((#8123));
#13334=IFCFACE((#8124));
#13335=IFCFACE((#8125));
#13336=IFCFACE((#8126));
#13337=IFCFACE((#8127));
#13338=IFCFACE((#8128));
#13339=IFCFACE((#8129));
#13340=IFCFACE((#8130));
#13341=IFCFACE((#8131));
#13342=IFCFACE((#8132));
#13343=IFCFACE((#8133));
#13344=IFCFACE((#8134));
#13345=IFCFACE((#8135));
#13346=IFCFACE((#8136));
#13347=IFCFACE((#8137));
#13348=IFCFACE((#8138));
#13349=IFCFACE((#8139));
#13350=IFCFACE((#8140));
#13351=IFCFACE((#8141));
#13352=IFCFACE((#8142));
#13353=IFCFACE((#8143));
#13354=IFCFACE((#8144));
#13355=IFCFACE((#8145));
#13356=IFCFACE((#8146));
#13357=IFCFACE((#8147));
#13358=IFCFACE((#8148));
#13359=IFCFACE((#8149));
#13360=IFCFACE((#8150));
#13361=IFCFACE((#8151));
#13362=IFCFACE((#8152));
#13363=IFCFACE((#8153));
#13364=IFCFACE((#8154));
#13365=IFCFACE((#8155));
#13366=IFCFACE((#8156));
#13367=IFCFACE((#8157));
#13368=IFCFACE((#8158));
#13369=IFCFACE((#8159));
#13370=IFCFACE((#8160));
#13371=IFCFACE((#8161));
#13372=IFCFACE((#8162));
#13373=IFCFACE((#8163));
#13374=IFCFACE((#8164));
#13375=IFCFACE((#8165));
#13376=IFCFACE((#8166));
#13377=IFCFACE((#8167));
#13378=IFCFACE((#8168));
#13379=IFCFACE((#8169));
#13380=IFCFACE((#8170));
#13381=IFCFACE((#8171));
#13382=IFCFACE((#8172));
#13383=IFCFACE((#8173));
#13384=IFCFACE((#8174));
#13385=IFCFACE((#8175));
#13386=IFCFACE((#8176));
#13387=IFCFACE((#8177));
#13388=IFCFACE((#8178));
#13389=IFCFACE((#8179));
#13390=IFCFACE((#8180));
#13391=IFCFACE((#8181));
#13392=IFCFACE((#8182));
#13393=IFCFACE((#8183));
#13394=IFCFACE((#8184));
#13395=IFCFACE((#8185));
#13396=IFCFACE((#8186));
#13397=IFCFACE((#8187));
#13398=IFCFACE((#8188));
#13399=IFCFACE((#8189));
#13400=IFCFACE((#8190));
#13401=IFCFACE((#8191));
#13402=IFCFACE((#8192));
#13403=IFCFACE((#8193));
#13404=IFCFACE((#8194));
#13405=IFCFACE((#8195));
#13406=IFCFACE((#8196));
#13407=IFCFACE((#8197));
#13408=IFCFACE((#8198));
#13409=IFCFACE((#8199));
#13410=IFCFACE((#8200));
#13411=IFCFACE((#8201));
#13412=IFCFACE((#8202));
#13413=IFCFACE((#8203));
#13414=IFCFACE((#8204));
#13415=IFCFACE((#8205));
#13416=IFCFACE((#8206));
#13417=IFCFACE((#8207));
#13418=IFCFACE((#8208));
#13419=IFCFACE((#8209));
#13420=IFCFACE((#8210));
#13421=IFCFACE((#8211));
#13422=IFCFACE((#8212));
#13423=IFCFACE((#8213));
#13424=IFCFACE((#8214));
#13425=IFCFACE((#8215));
#13426=IFCFACE((#8216));
#13427=IFCFACE((#8217));
#13428=IFCFACE((#8218));
#13429=IFCFACE((#8219));
#13430=IFCFACE((#8220));
#13431=IFCFACE((#8221));
#13432=IFCFACE((#8222));
#13433=IFCFACE((#8223));
#13434=IFCFACE((#8224));
#13435=IFCFACE((#8225));
#13436=IFCFACE((#8226));
#13437=IFCFACE((#8227));
#13438=IFCFACE((#8228));
#13439=IFCFACE((#8229));
#13440=IFCFACE((#8230));
#13441=IFCFACE((#8231));
#13442=IFCFACE((#8232));
#13443=IFCFACE((#8233));
#13444=IFCFACE((#8234));
#13445=IFCFACE((#8235));
#13446=IFCFACE((#8236));
#13447=IFCFACE((#8237));
#13448=IFCFACE((#8238));
#13449=IFCFACE((#8239));
#13450=IFCFACE((#8240));
#13451=IFCFACE((#8241));
#13452=IFCFACE((#8242));
#13453=IFCFACE((#8243));
#13454=IFCFACE((#8244));
#13455=IFCFACE((#8245));
#13456=IFCFACE((#8246));
#13457=IFCFACE((#8247));
#13458=IFCFACE((#8248));
#13459=IFCFACE((#8249));
#13460=IFCFACE((#8250));
#13461=IFCFACE((#8251));
#13462=IFCFACE((#8252));
#13463=IFCFACE((#8253));
#13464=IFCFACE((#8254));
#13465=IFCFACE((#8255));
#13466=IFCFACE((#8256));
#13467=IFCFACE((#8257));
#13468=IFCFACE((#8258));
#13469=IFCFACE((#8259));
#13470=IFCFACE((#8260));
#13471=IFCFACE((#8261));
#13472=IFCFACE((#8262));
#13473=IFCFACE((#8263));
#13474=IFCFACE((#8264));
#13475=IFCFACE((#8265));
#13476=IFCFACE((#8266));
#13477=IFCFACE((#8267));
#13478=IFCFACE((#8268));
#13479=IFCFACE((#8269));
#13480=IFCFACE((#8270));
#13481=IFCFACE((#8271));
#13482=IFCFACE((#8272));
#13483=IFCFACE((#8273));
#13484=IFCFACE((#8274));
#13485=IFCFACE((#8275));
#13486=IFCFACE((#8276));
#13487=IFCFACE((#8277));
#13488=IFCFACE((#8278));
#13489=IFCFACE((#8279));
#13490=IFCFACE((#8280));
#13491=IFCFACE((#8281));
#13492=IFCFACE((#8282));
#13493=IFCFACE((#8283));
#13494=IFCFACE((#8284));
#13495=IFCFACE((#8285));
#13496=IFCFACE((#8286));
#13497=IFCFACE((#8287));
#13498=IFCFACE((#8288));
#13499=IFCFACE((#8289));
#13500=IFCFACE((#8290));
#13501=IFCFACE((#8291));
#13502=IFCFACE((#8292));
#13503=IFCFACE((#8293));
#13504=IFCFACE((#8294));
#13505=IFCFACE((#8295));
#13506=IFCFACE((#8296));
#13507=IFCFACE((#8297));
#13508=IFCFACE((#8298));
#13509=IFCFACE((#8299));
#13510=IFCFACE((#8300));
#13511=IFCFACE((#8301));
#13512=IFCFACE((#8302));
#13513=IFCFACE((#8303));
#13514=IFCFACE((#8304));
#13515=IFCFACE((#8305));
#13516=IFCFACE((#8306));
#13517=IFCFACE((#8307));
#13518=IFCFACE((#8308));
#13519=IFCFACE((#8309));
#13520=IFCFACE((#8310));
#13521=IFCFACE((#8311));
#13522=IFCFACE((#8312));
#13523=IFCFACE((#8313));
#13524=IFCFACE((#8314));
#13525=IFCFACE((#8315));
#13526=IFCFACE((#8316));
#13527=IFCFACE((#8317));
#13528=IFCFACE((#8318));
#13529=IFCFACE((#8319));
#13530=IFCFACE((#8320));
#13531=IFCFACE((#8321));
#13532=IFCFACE((#8322));
#13533=IFCFACE((#8323));
#13534=IFCFACE((#8324));
#13535=IFCFACE((#8325));
#13536=IFCFACE((#8326));
#13537=IFCFACE((#8327));
#13538=IFCFACE((#8328));
#13539=IFCFACE((#8329));
#13540=IFCFACE((#8330));
#13541=IFCFACE((#8331));
#13542=IFCFACE((#8332));
#13543=IFCFACE((#8333));
#13544=IFCFACE((#8334));
#13545=IFCFACE((#8335));
#13546=IFCFACE((#8336));
#13547=IFCFACE((#8337));
#13548=IFCFACE((#8338));
#13549=IFCFACE((#8339));
#13550=IFCFACE((#8340));
#13551=IFCFACE((#8341));
#13552=IFCFACE((#8342));
#13553=IFCFACE((#8343));
#13554=IFCFACE((#8344));
#13555=IFCFACE((#8345));
#13556=IFCFACE((#8346));
#13557=IFCFACE((#8347));
#13558=IFCFACE((#8348));
#13559=IFCFACE((#8349));
#13560=IFCFACE((#8350));
#13561=IFCFACE((#8351));
#13562=IFCFACE((#8352));
#13563=IFCFACE((#8353));
#13564=IFCFACE((#8354));
#13565=IFCFACE((#8355));
#13566=IFCFACE((#8356));
#13567=IFCFACE((#8357));
#13568=IFCFACE((#8358));
#13569=IFCFACE((#8359));
#13570=IFCFACE((#8360));
#13571=IFCFACE((#8361));
#13572=IFCFACE((#8362));
#13573=IFCFACE((#8363));
#13574=IFCFACE((#8364));
#13575=IFCFACE((#8365));
#13576=IFCFACE((#8366));
#13577=IFCFACE((#8367));
#13578=IFCFACE((#8368));
#13579=IFCFACE((#8369));
#13580=IFCFACE((#8370));
#13581=IFCFACE((#8371));
#13582=IFCFACE((#8372));
#13583=IFCFACE((#8373));
#13584=IFCFACE((#8374));
#13585=IFCFACE((#8375));
#13586=IFCFACE((#8376));
#13587=IFCFACE((#8377));
#13588=IFCFACE((#8378));
#13589=IFCFACE((#8379));
#13590=IFCFACE((#8380));
#13591=IFCFACE((#8381));
#13592=IFCFACE((#8382));
#13593=IFCFACE((#8383));
#13594=IFCFACE((#8384));
#13595=IFCFACE((#8385));
#13596=IFCFACE((#8386));
#13597=IFCFACE((#8387));
#13598=IFCFACE((#8388));
#13599=IFCFACE((#8389));
#13600=IFCFACE((#8390));
#13601=IFCFACE((#8391));
#13602=IFCFACE((#8392));
#13603=IFCFACE((#8393));
#13604=IFCFACE((#8394));
#13605=IFCFACE((#8395));
#13606=IFCFACE((#8396));
#13607=IFCFACE((#8397));
#13608=IFCFACE((#8398));
#13609=IFCFACE((#8399));
#13610=IFCFACE((#8400));
#13611=IFCFACE((#8401));
#13612=IFCFACE((#8402));
#13613=IFCFACE((#8403));
#13614=IFCFACE((#8404));
#13615=IFCFACE((#8405));
#13616=IFCFACE((#8406));
#13617=IFCFACE((#8407));
#13618=IFCFACE((#8408));
#13619=IFCFACE((#8409));
#13620=IFCFACE((#8410));
#13621=IFCFACE((#8411));
#13622=IFCFACE((#8412));
#13623=IFCFACE((#8413));
#13624=IFCFACE((#8414));
#13625=IFCFACE((#8415));
#13626=IFCFACE((#8416));
#13627=IFCFACE((#8417));
#13628=IFCFACE((#8418));
#13629=IFCFACE((#8419));
#13630=IFCFACE((#8420));
#13631=IFCFACE((#8421));
#13632=IFCFACE((#8422));
#13633=IFCFACE((#8423));
#13634=IFCFACE((#8424));
#13635=IFCFACE((#8425));
#13636=IFCFACE((#8426));
#13637=IFCFACE((#8427));
#13638=IFCFACE((#8428));
#13639=IFCFACE((#8429));
#13640=IFCFACE((#8430));
#13641=IFCFACE((#8431));
#13642=IFCFACE((#8432));
#13643=IFCFACE((#8433));
#13644=IFCFACE((#8434));
#13645=IFCFACE((#8435));
#13646=IFCFACE((#8436));
#13647=IFCFACE((#8437));
#13648=IFCFACE((#8438));
#13649=IFCFACE((#8439));
#13650=IFCFACE((#8440));
#13651=IFCFACE((#8441));
#13652=IFCFACE((#8442));
#13653=IFCFACE((#8443));
#13654=IFCFACE((#8444));
#13655=IFCFACE((#8445));
#13656=IFCFACE((#8446));
#13657=IFCFACE((#8447));
#13658=IFCFACE((#8448));
#13659=IFCFACE((#8449));
#13660=IFCFACE((#8450));
#13661=IFCFACE((#8451));
#13662=IFCFACE((#8452));
#13663=IFCFACE((#8453));
#13664=IFCFACE((#8454));
#13665=IFCFACE((#8455));
#13666=IFCFACE((#8456));
#13667=IFCFACE((#8457));
#13668=IFCFACE((#8458));
#13669=IFCFACE((#8459));
#13670=IFCFACE((#8460));
#13671=IFCFACE((#8461));
#13672=IFCFACE((#8462));
#13673=IFCFACE((#8463));
#13674=IFCFACE((#8464));
#13675=IFCFACE((#8465));
#13676=IFCFACE((#8466));
#13677=IFCFACE((#8467));
#13678=IFCFACE((#8468));
#13679=IFCFACE((#8469));
#13680=IFCFACE((#8470));
#13681=IFCFACE((#8471));
#13682=IFCFACE((#8472));
#13683=IFCFACE((#8473));
#13684=IFCFACE((#8474));
#13685=IFCFACE((#8475));
#13686=IFCFACE((#8476));
#13687=IFCFACE((#8477));
#13688=IFCFACE((#8478));
#13689=IFCFACE((#8479));
#13690=IFCFACE((#8480));
#13691=IFCFACE((#8481));
#13692=IFCFACE((#8482));
#13693=IFCFACE((#8483));
#13694=IFCFACE((#8484));
#13695=IFCFACE((#8485));
#13696=IFCFACE((#8486));
#13697=IFCFACE((#8487));
#13698=IFCFACE((#8488));
#13699=IFCFACE((#8489));
#13700=IFCFACE((#8490));
#13701=IFCFACE((#8491));
#13702=IFCFACE((#8492));
#13703=IFCFACE((#8493));
#13704=IFCFACE((#8494));
#13705=IFCFACE((#8495));
#13706=IFCFACE((#8496));
#13707=IFCFACE((#8497));
#13708=IFCFACE((#8498));
#13709=IFCFACE((#8499));
#13710=IFCFACE((#8500));
#13711=IFCFACE((#8501));
#13712=IFCFACE((#8502));
#13713=IFCFACE((#8503));
#13714=IFCFACE((#8504));
#13715=IFCFACE((#8505));
#13716=IFCFACE((#8506));
#13717=IFCFACE((#8507));
#13718=IFCFACE((#8508));
#13719=IFCFACE((#8509));
#13720=IFCFACE((#8510));
#13721=IFCFACE((#8511));
#13722=IFCFACE((#8512));
#13723=IFCFACE((#8513));
#13724=IFCFACE((#8514));
#13725=IFCFACE((#8515));
#13726=IFCFACE((#8516));
#13727=IFCFACE((#8517));
#13728=IFCFACE((#8518));
#13729=IFCFACE((#8519));
#13730=IFCFACE((#8520));
#13731=IFCFACE((#8521));
#13732=IFCFACE((#8522));
#13733=IFCFACE((#8523));
#13734=IFCFACE((#8524));
#13735=IFCFACE((#8525));
#13736=IFCFACE((#8526));
#13737=IFCFACE((#8527));
#13738=IFCFACE((#8528));
#13739=IFCFACE((#8529));
#13740=IFCFACE((#8530));
#13741=IFCFACE((#8531));
#13742=IFCFACE((#8532));
#13743=IFCFACE((#8533));
#13744=IFCFACE((#8534));
#13745=IFCFACE((#8535));
#13746=IFCFACE((#8536));
#13747=IFCFACE((#8537));
#13748=IFCFACE((#8538));
#13749=IFCFACE((#8539));
#13750=IFCFACE((#8540));
#13751=IFCFACE((#8541));
#13752=IFCFACE((#8542));
#13753=IFCFACE((#8543));
#13754=IFCFACE((#8544));
#13755=IFCFACE((#8545));
#13756=IFCFACE((#8546));
#13757=IFCFACE((#8547));
#13758=IFCFACE((#8548));
#13759=IFCFACE((#8549));
#13760=IFCFACE((#8550));
#13761=IFCFACE((#8551));
#13762=IFCFACE((#8552));
#13763=IFCFACE((#8553));
#13764=IFCFACE((#8554));
#13765=IFCFACE((#8555));
#13766=IFCFACE((#8556));
#13767=IFCFACE((#8557));
#13768=IFCFACE((#8558));
#13769=IFCFACE((#8559));
#13770=IFCFACE((#8560));
#13771=IFCFACE((#8561));
#13772=IFCFACE((#8562));
#13773=IFCFACE((#8563));
#13774=IFCFACE((#8564));
#13775=IFCFACE((#8565));
#13776=IFCFACE((#8566));
#13777=IFCFACE((#8567));
#13778=IFCFACE((#8568));
#13779=IFCFACE((#8569));
#13780=IFCFACE((#8570));
#13781=IFCFACE((#8571));
#13782=IFCFACE((#8572));
#13783=IFCFACE((#8573));
#13784=IFCFACE((#8574));
#13785=IFCFACE((#8575));
#13786=IFCFACE((#8576));
#13787=IFCFACE((#8577));
#13788=IFCFACE((#8578));
#13789=IFCFACE((#8579));
#13790=IFCFACE((#8580));
#13791=IFCFACE((#8581));
#13792=IFCFACE((#8582));
#13793=IFCFACE((#8583));
#13794=IFCFACE((#8584));
#13795=IFCFACE((#8585));
#13796=IFCFACE((#8586));
#13797=IFCFACE((#8587));
#13798=IFCFACE((#8588));
#13799=IFCFACE((#8589));
#13800=IFCFACE((#8590));
#13801=IFCFACE((#8591));
#13802=IFCFACE((#8592));
#13803=IFCFACE((#8593));
#13804=IFCFACE((#8594));
#13805=IFCFACE((#8595));
#13806=IFCFACE((#8596));
#13807=IFCFACE((#8597));
#13808=IFCFACE((#8598));
#13809=IFCFACE((#8599));
#13810=IFCFACE((#8600));
#13811=IFCFACE((#8601));
#13812=IFCFACE((#8602));
#13813=IFCFACE((#8603));
#13814=IFCFACE((#8604));
#13815=IFCFACE((#8605));
#13816=IFCFACE((#8606));
#13817=IFCFACE((#8607));
#13818=IFCFACE((#8608));
#13819=IFCFACE((#8609));
#13820=IFCFACE((#8610));
#13821=IFCFACE((#8611));
#13822=IFCFACE((#8612));
#13823=IFCFACE((#8613));
#13824=IFCFACE((#8614));
#13825=IFCFACE((#8615));
#13826=IFCFACE((#8616));
#13827=IFCFACE((#8617));
#13828=IFCFACE((#8618));
#13829=IFCFACE((#8619));
#13830=IFCFACE((#8620));
#13831=IFCFACE((#8621));
#13832=IFCFACE((#8622));
#13833=IFCFACE((#8623));
#13834=IFCFACE((#8624));
#13835=IFCFACE((#8625));
#13836=IFCFACE((#8626));
#13837=IFCFACE((#8627));
#13838=IFCFACE((#8628));
#13839=IFCFACE((#8629));
#13840=IFCFACE((#8630));
#13841=IFCFACE((#8631));
#13842=IFCFACE((#8632));
#13843=IFCFACE((#8633));
#13844=IFCFACE((#8634));
#13845=IFCFACE((#8635));
#13846=IFCFACE((#8636));
#13847=IFCFACE((#8637));
#13848=IFCFACE((#8638));
#13849=IFCFACE((#8639));
#13850=IFCFACE((#8640));
#13851=IFCFACE((#8641));
#13852=IFCFACE((#8642));
#13853=IFCFACE((#8643));
#13854=IFCFACE((#8644));
#13855=IFCFACE((#8645));
#13856=IFCFACE((#8646));
#13857=IFCFACE((#8647));
#13858=IFCFACE((#8648));
#13859=IFCFACE((#8649));
#13860=IFCFACE((#8650));
#13861=IFCFACE((#8651));
#13862=IFCFACE((#8652));
#13863=IFCFACE((#8653));
#13864=IFCFACE((#8654));
#13865=IFCFACE((#8655));
#13866=IFCFACE((#8656));
#13867=IFCFACE((#8657));
#13868=IFCFACE((#8658));
#13869=IFCFACE((#8659));
#13870=IFCFACE((#8660));
#13871=IFCFACE((#8661));
#13872=IFCFACE((#8662));
#13873=IFCFACE((#8663));
#13874=IFCFACE((#8664));
#13875=IFCFACE((#8665));
#13876=IFCFACE((#8666));
#13877=IFCFACE((#8667));
#13878=IFCFACE((#8668));
#13879=IFCFACE((#8669));
#13880=IFCFACE((#8670));
#13881=IFCFACE((#8671));
#13882=IFCFACE((#8672));
#13883=IFCFACE((#8673));
#13884=IFCFACE((#8674));
#13885=IFCFACE((#8675));
#13886=IFCFACE((#8676));
#13887=IFCFACE((#8677));
#13888=IFCFACE((#8678));
#13889=IFCFACE((#8679));
#13890=IFCFACE((#8680));
#13891=IFCFACE((#8681));
#13892=IFCFACE((#8682));
#13893=IFCFACE((#8683));
#13894=IFCFACE((#8684));
#13895=IFCFACE((#8685));
#13896=IFCFACE((#8686));
#13897=IFCFACE((#8687));
#13898=IFCFACE((#8688));
#13899=IFCFACE((#8689));
#13900=IFCFACE((#8690));
#13901=IFCFACE((#8691));
#13902=IFCFACE((#8692));
#13903=IFCFACE((#8693));
#13904=IFCFACE((#8694));
#13905=IFCFACE((#8695));
#13906=IFCFACE((#8696));
#13907=IFCFACE((#8697));
#13908=IFCFACE((#8698));
#13909=IFCFACE((#8699));
#13910=IFCFACE((#8700));
#13911=IFCFACE((#8701));
#13912=IFCFACE((#8702));
#13913=IFCFACE((#8703));
#13914=IFCFACE((#8704));
#13915=IFCFACE((#8705));
#13916=IFCFACE((#8706));
#13917=IFCFACE((#8707));
#13918=IFCFACE((#8708));
#13919=IFCFACE((#8709));
#13920=IFCFACE((#8710));
#13921=IFCFACE((#8711));
#13922=IFCFACE((#8712));
#13923=IFCFACE((#8713));
#13924=IFCFACE((#8714));
#13925=IFCFACE((#8715));
#13926=IFCFACE((#8716));
#13927=IFCFACE((#8717));
#13928=IFCFACE((#8718));
#13929=IFCFACE((#8719));
#13930=IFCFACE((#8720));
#13931=IFCFACE((#8721));
#13932=IFCFACE((#8722));
#13933=IFCFACE((#8723));
#13934=IFCFACE((#8724));
#13935=IFCFACE((#8725));
#13936=IFCFACE((#8726));
#13937=IFCFACE((#8727));
#13938=IFCFACE((#8728));
#13939=IFCFACE((#8729));
#13940=IFCFACE((#8730));
#13941=IFCFACE((#8731));
#13942=IFCFACE((#8732));
#13943=IFCFACE((#8733));
#13944=IFCFACE((#8734));
#13945=IFCFACE((#8735));
#13946=IFCFACE((#8736));
#13947=IFCFACE((#8737));
#13948=IFCFACE((#8738));
#13949=IFCFACE((#8739));
#13950=IFCFACE((#8740));
#13951=IFCFACE((#8741));
#13952=IFCFACE((#8742));
#13953=IFCFACE((#8743));
#13954=IFCFACE((#8744));
#13955=IFCFACE((#8745));
#13956=IFCFACE((#8746));
#13957=IFCFACE((#8747));
#13958=IFCFACE((#8748));
#13959=IFCFACE((#8749));
#13960=IFCFACE((#8750));
#13961=IFCFACE((#8751));
#13962=IFCFACE((#8752));
#13963=IFCFACE((#8753));
#13964=IFCFACE((#8754));
#13965=IFCFACE((#8755));
#13966=IFCFACE((#8756));
#13967=IFCFACE((#8757));
#13968=IFCFACE((#8758));
#13969=IFCFACE((#8759));
#13970=IFCFACE((#8760));
#13971=IFCFACE((#8761));
#13972=IFCFACE((#8762));
#13973=IFCFACE((#8763));
#13974=IFCFACE((#8764));
#13975=IFCFACE((#8765));
#13976=IFCFACE((#8766));
#13977=IFCFACE((#8767));
#13978=IFCFACE((#8768));
#13979=IFCFACE((#8769));
#13980=IFCFACE((#8770));
#13981=IFCFACE((#8771));
#13982=IFCFACE((#8772));
#13983=IFCFACE((#8773));
#13984=IFCFACE((#8774));
#13985=IFCFACE((#8775));
#13986=IFCFACE((#8776));
#13987=IFCFACE((#8777));
#13988=IFCFACE((#8778));
#13989=IFCFACE((#8779));
#13990=IFCFACE((#8780));
#13991=IFCFACE((#8781));
#13992=IFCFACE((#8782));
#13993=IFCFACE((#8783));
#13994=IFCFACE((#8784));
#13995=IFCFACE((#8785));
#13996=IFCFACE((#8786));
#13997=IFCFACE((#8787));
#13998=IFCFACE((#8788));
#13999=IFCFACE((#8789));
#14000=IFCFACE((#8790));
#14001=IFCFACE((#8791));
#14002=IFCFACE((#8792));
#14003=IFCFACE((#8793));
#14004=IFCFACE((#8794));
#14005=IFCFACE((#8795));
#14006=IFCFACE((#8796));
#14007=IFCFACE((#8797));
#14008=IFCFACE((#8798));
#14009=IFCFACE((#8799));
#14010=IFCFACE((#8800));
#14011=IFCFACE((#8801));
#14012=IFCFACE((#8802));
#14013=IFCFACE((#8803));
#14014=IFCFACE((#8804));
#14015=IFCFACE((#8805));
#14016=IFCFACE((#8806));
#14017=IFCFACE((#8807));
#14018=IFCFACE((#8808));
#14019=IFCFACE((#8809));
#14020=IFCFACE((#8810));
#14021=IFCFACE((#8811));
#14022=IFCFACE((#8812));
#14023=IFCFACE((#8813));
#14024=IFCFACE((#8814));
#14025=IFCFACE((#8815));
#14026=IFCFACE((#8816));
#14027=IFCFACE((#8817));
#14028=IFCFACE((#8818));
#14029=IFCFACE((#8819));
#14030=IFCFACE((#8820));
#14031=IFCFACE((#8821));
#14032=IFCFACE((#8822));
#14033=IFCFACE((#8823));
#14034=IFCFACE((#8824));
#14035=IFCFACE((#8825));
#14036=IFCFACE((#8826));
#14037=IFCFACE((#8827));
#14038=IFCFACE((#8828));
#14039=IFCFACE((#8829));
#14040=IFCFACE((#8830));
#14041=IFCFACE((#8831));
#14042=IFCFACE((#8832));
#14043=IFCFACE((#8833));
#14044=IFCFACE((#8834));
#14045=IFCFACE((#8835));
#14046=IFCFACE((#8836));
#14047=IFCFACE((#8837));
#14048=IFCFACE((#8838));
#14049=IFCFACE((#8839));
#14050=IFCFACE((#8840));
#14051=IFCFACE((#8841));
#14052=IFCFACE((#8842));
#14053=IFCFACE((#8843));
#14054=IFCFACE((#8844));
#14055=IFCFACE((#8845));
#14056=IFCFACE((#8846));
#14057=IFCFACE((#8847));
#14058=IFCFACE((#8848));
#14059=IFCFACE((#8849));
#14060=IFCFACE((#8850));
#14061=IFCFACE((#8851));
#14062=IFCFACE((#8852));
#14063=IFCFACE((#8853));
#14064=IFCFACE((#8854));
#14065=IFCFACE((#8855));
#14066=IFCFACE((#8856));
#14067=IFCFACE((#8857));
#14068=IFCFACE((#8858));
#14069=IFCFACE((#8859));
#14070=IFCFACE((#8860));
#14071=IFCFACE((#8861));
#14072=IFCFACE((#8862));
#14073=IFCFACE((#8863));
#14074=IFCFACE((#8864));
#14075=IFCFACE((#8865));
#14076=IFCFACE((#8866));
#14077=IFCFACE((#8867));
#14078=IFCFACE((#8868));
#14079=IFCFACE((#8869));
#14080=IFCFACE((#8870));
#14081=IFCFACE((#8871));
#14082=IFCFACE((#8872));
#14083=IFCFACE((#8873));
#14084=IFCFACE((#8874));
#14085=IFCFACE((#8875));
#14086=IFCFACE((#8876));
#14087=IFCFACE((#8877));
#14088=IFCFACE((#8878));
#14089=IFCFACE((#8879));
#14090=IFCFACE((#8880));
#14091=IFCFACE((#8881));
#14092=IFCFACE((#8882));
#14093=IFCFACE((#8883));
#14094=IFCFACE((#8884));
#14095=IFCFACE((#8885));
#14096=IFCFACE((#8886));
#14097=IFCFACE((#8887));
#14098=IFCFACE((#8888));
#14099=IFCFACE((#8889));
#14100=IFCFACE((#8890));
#14101=IFCFACE((#8891));
#14102=IFCFACE((#8892));
#14103=IFCFACE((#8893));
#14104=IFCFACE((#8894));
#14105=IFCFACE((#8895));
#14106=IFCFACE((#8896));
#14107=IFCFACE((#8897));
#14108=IFCFACE((#8898));
#14109=IFCFACE((#8899));
#14110=IFCFACE((#8900));
#14111=IFCFACE((#8901));
#14112=IFCFACE((#8902));
#14113=IFCFACE((#8903));
#14114=IFCFACE((#8904));
#14115=IFCFACE((#8905));
#14116=IFCFACE((#8906));
#14117=IFCFACE((#8907));
#14118=IFCFACE((#8908));
#14119=IFCFACE((#8909));
#14120=IFCFACE((#8910));
#14121=IFCFACE((#8911));
#14122=IFCFACE((#8912));
#14123=IFCFACE((#8913));
#14124=IFCFACE((#8914));
#14125=IFCFACE((#8915));
#14126=IFCFACE((#8916));
#14127=IFCFACE((#8917));
#14128=IFCFACE((#8918));
#14129=IFCFACE((#8919));
#14130=IFCFACE((#8920));
#14131=IFCFACE((#8921));
#14132=IFCFACE((#8922));
#14133=IFCFACE((#8923));
#14134=IFCFACE((#8924));
#14135=IFCFACE((#8925));
#14136=IFCFACE((#8926));
#14137=IFCFACE((#8927));
#14138=IFCFACE((#8928));
#14139=IFCFACE((#8929));
#14140=IFCFACE((#8930));
#14141=IFCFACE((#8931));
#14142=IFCFACE((#8932));
#14143=IFCFACE((#8933));
#14144=IFCFACE((#8934));
#14145=IFCFACE((#8935));
#14146=IFCFACE((#8936));
#14147=IFCFACE((#8937));
#14148=IFCFACE((#8938));
#14149=IFCFACE((#8939));
#14150=IFCFACE((#8940));
#14151=IFCFACE((#8941));
#14152=IFCFACE((#8942));
#14153=IFCFACE((#8943));
#14154=IFCFACE((#8944));
#14155=IFCFACE((#8945));
#14156=IFCFACE((#8946));
#14157=IFCFACE((#8947));
#14158=IFCFACE((#8948));
#14159=IFCFACE((#8949));
#14160=IFCFACE((#8950));
#14161=IFCFACE((#8951));
#14162=IFCFACE((#8952));
#14163=IFCFACE((#8953));
#14164=IFCFACE((#8954));
#14165=IFCFACE((#8955));
#14166=IFCFACE((#8956));
#14167=IFCFACE((#8957));
#14168=IFCFACE((#8958));
#14169=IFCFACE((#8959));
#14170=IFCFACE((#8960));
#14171=IFCFACE((#8961));
#14172=IFCFACE((#8962));
#14173=IFCFACE((#8963));
#14174=IFCFACE((#8964));
#14175=IFCFACE((#8965));
#14176=IFCFACE((#8966));
#14177=IFCFACE((#8967));
#14178=IFCFACE((#8968));
#14179=IFCFACE((#8969));
#14180=IFCFACE((#8970));
#14181=IFCFACE((#8971));
#14182=IFCFACE((#8972));
#14183=IFCFACE((#8973));
#14184=IFCFACE((#8974));
#14185=IFCFACE((#8975));
#14186=IFCFACE((#8976));
#14187=IFCFACE((#8977));
#14188=IFCFACE((#8978));
#14189=IFCFACE((#8979));
#14190=IFCFACE((#8980));
#14191=IFCFACE((#8981));
#14192=IFCFACE((#8982));
#14193=IFCFACE((#8983));
#14194=IFCFACE((#8984));
#14195=IFCFACE((#8985));
#14196=IFCFACE((#8986));
#14197=IFCFACE((#8987));
#14198=IFCFACE((#8988));
#14199=IFCFACE((#8989));
#14200=IFCFACE((#8990));
#14201=IFCFACE((#8991));
#14202=IFCFACE((#8992));
#14203=IFCFACE((#8993));
#14204=IFCFACE((#8994));
#14205=IFCFACE((#8995));
#14206=IFCFACE((#8996));
#14207=IFCFACE((#8997));
#14208=IFCFACE((#8998));
#14209=IFCFACE((#8999));
#14210=IFCFACE((#9000));
#14211=IFCFACE((#9001));
#14212=IFCFACE((#9002));
#14213=IFCFACE((#9003));
#14214=IFCFACE((#9004));
#14215=IFCFACE((#9005));
#14216=IFCFACE((#9006));
#14217=IFCFACE((#9007));
#14218=IFCFACE((#9008));
#14219=IFCFACE((#9009));
#14220=IFCFACE((#9010));
#14221=IFCFACE((#9011));
#14222=IFCFACE((#9012));
#14223=IFCFACE((#9013));
#14224=IFCFACE((#9014));
#14225=IFCFACE((#9015));
#14226=IFCFACE((#9016));
#14227=IFCFACE((#9017));
#14228=IFCFACE((#9018));
#14229=IFCFACE((#9019));
#14230=IFCFACE((#9020));
#14231=IFCFACE((#9021));
#14232=IFCFACE((#9022));
#14233=IFCFACE((#9023));
#14234=IFCFACE((#9024));
#14235=IFCFACE((#9025));
#14236=IFCFACE((#9026));
#14237=IFCFACE((#9027));
#14238=IFCFACE((#9028));
#14239=IFCFACE((#9029));
#14240=IFCFACE((#9030));
#14241=IFCFACE((#9031));
#14242=IFCFACE((#9032));
#14243=IFCFACE((#9033));
#14244=IFCFACE((#9034));
#14245=IFCFACE((#9035));
#14246=IFCFACE((#9036));
#14247=IFCFACE((#9037));
#14248=IFCFACE((#9038));
#14249=IFCFACE((#9039));
#14250=IFCFACE((#9040));
#14251=IFCFACE((#9041));
#14252=IFCFACE((#9042));
#14253=IFCFACE((#9043));
#14254=IFCFACE((#9044));
#14255=IFCFACE((#9045));
#14256=IFCFACE((#9046));
#14257=IFCFACE((#9047));
#14258=IFCFACE((#9048));
#14259=IFCFACE((#9049));
#14260=IFCFACE((#9050));
#14261=IFCFACE((#9051));
#14262=IFCFACE((#9052));
#14263=IFCFACE((#9053));
#14264=IFCFACE((#9054));
#14265=IFCFACE((#9055));
#14266=IFCFACE((#9056));
#14267=IFCFACE((#9057));
#14268=IFCFACE((#9058));
#14269=IFCFACE((#9059));
#14270=IFCFACE((#9060));
#14271=IFCFACE((#9061));
#14272=IFCFACE((#9062));
#14273=IFCFACE((#9063));
#14274=IFCFACE((#9064));
#14275=IFCFACE((#9065));
#14276=IFCFACE((#9066));
#14277=IFCFACE((#9067));
#14278=IFCFACE((#9068));
#14279=IFCFACE((#9069));
#14280=IFCFACE((#9070));
#14281=IFCFACE((#9071));
#14282=IFCFACE((#9072));
#14283=IFCFACE((#9073));
#14284=IFCFACE((#9074));
#14285=IFCFACE((#9075));
#14286=IFCFACE((#9076));
#14287=IFCFACE((#9077));
#14288=IFCFACE((#9078));
#14289=IFCFACE((#9079));
#14290=IFCFACE((#9080));
#14291=IFCFACE((#9081));
#14292=IFCFACE((#9082));
#14293=IFCFACE((#9083));
#14294=IFCFACE((#9084));
#14295=IFCFACE((#9085));
#14296=IFCFACE((#9086));
#14297=IFCFACE((#9087));
#14298=IFCFACE((#9088));
#14299=IFCFACE((#9089));
#14300=IFCFACE((#9090));
#14301=IFCFACE((#9091));
#14302=IFCFACE((#9092));
#14303=IFCFACE((#9093));
#14304=IFCFACE((#9094));
#14305=IFCFACE((#9095));
#14306=IFCFACE((#9096));
#14307=IFCFACE((#9097));
#14308=IFCFACE((#9098));
#14309=IFCFACE((#9099));
#14310=IFCFACE((#9100));
#14311=IFCFACE((#9101));
#14312=IFCFACE((#9102));
#14313=IFCFACE((#9103));
#14314=IFCFACE((#9104));
#14315=IFCFACE((#9105));
#14316=IFCFACE((#9106));
#14317=IFCFACE((#9107));
#14318=IFCFACE((#9108));
#14319=IFCFACE((#9109));
#14320=IFCFACE((#9110));
#14321=IFCFACE((#9111));
#14322=IFCFACE((#9112));
#14323=IFCFACE((#9113));
#14324=IFCFACE((#9114));
#14325=IFCFACE((#9115));
#14326=IFCFACE((#9116));
#14327=IFCFACE((#9117));
#14328=IFCFACE((#9118));
#14329=IFCFACE((#9119));
#14330=IFCFACE((#9120));
#14331=IFCFACE((#9121));
#14332=IFCFACE((#9122));
#14333=IFCFACE((#9123));
#14334=IFCFACE((#9124));
#14335=IFCFACE((#9125));
#14336=IFCFACE((#9126));
#14337=IFCFACE((#9127));
#14338=IFCFACE((#9128));
#14339=IFCFACE((#9129));
#14340=IFCFACE((#9130));
#14341=IFCFACE((#9131));
#14342=IFCFACE((#9132));
#14343=IFCFACE((#9133));
#14344=IFCFACE((#9134));
#14345=IFCFACE((#9135));
#14346=IFCFACE((#9136));
#14347=IFCFACE((#9137));
#14348=IFCFACE((#9138));
#14349=IFCFACE((#9139));
#14350=IFCFACE((#9140));
#14351=IFCFACE((#9141));
#14352=IFCFACE((#9142));
#14353=IFCFACE((#9143));
#14354=IFCFACE((#9144));
#14355=IFCFACE((#9145));
#14356=IFCFACE((#9146));
#14357=IFCFACE((#9147));
#14358=IFCFACE((#9148));
#14359=IFCFACE((#9149));
#14360=IFCFACE((#9150));
#14361=IFCFACE((#9151));
#14362=IFCFACE((#9152));
#14363=IFCFACE((#9153));
#14364=IFCFACE((#9154));
#14365=IFCFACE((#9155));
#14366=IFCFACE((#9156));
#14367=IFCFACE((#9157));
#14368=IFCFACE((#9158));
#14369=IFCFACE((#9159));
#14370=IFCFACE((#9160));
#14371=IFCFACE((#9161));
#14372=IFCFACE((#9162));
#14373=IFCFACE((#9163));
#14374=IFCFACE((#9164));
#14375=IFCFACE((#9165));
#14376=IFCFACE((#9166));
#14377=IFCFACE((#9167));
#14378=IFCFACE((#9168));
#14379=IFCFACE((#9169));
#14380=IFCFACE((#9170));
#14381=IFCFACE((#9171));
#14382=IFCFACE((#9172));
#14383=IFCFACE((#9173));
#14384=IFCFACE((#9174));
#14385=IFCFACE((#9175));
#14386=IFCFACE((#9176));
#14387=IFCFACE((#9177));
#14388=IFCFACE((#9178));
#14389=IFCFACE((#9179));
#14390=IFCFACE((#9180));
#14391=IFCFACE((#9181));
#14392=IFCFACE((#9182));
#14393=IFCFACE((#9183));
#14394=IFCFACE((#9184));
#14395=IFCFACE((#9185));
#14396=IFCFACE((#9186));
#14397=IFCFACE((#9187));
#14398=IFCFACE((#9188));
#14399=IFCFACE((#9189));
#14400=IFCFACE((#9190));
#14401=IFCFACE((#9191));
#14402=IFCFACE((#9192));
#14403=IFCFACE((#9193));
#14404=IFCFACE((#9194));
#14405=IFCFACE((#9195));
#14406=IFCFACE((#9196));
#14407=IFCFACE((#9197));
#14408=IFCFACE((#9198));
#14409=IFCFACE((#9199));
#14410=IFCFACE((#9200));
#14411=IFCFACE((#9201));
#14412=IFCFACE((#9202));
#14413=IFCFACE((#9203));
#14414=IFCFACE((#9204));
#14415=IFCFACE((#9205));
#14416=IFCFACE((#9206));
#14417=IFCFACE((#9207));
#14418=IFCFACE((#9208));
#14419=IFCFACE((#9209));
#14420=IFCFACE((#9210));
#14421=IFCFACE((#9211));
#14422=IFCFACE((#9212));
#14423=IFCFACE((#9213));
#14424=IFCFACE((#9214));
#14425=IFCFACE((#9215));
#14426=IFCFACE((#9216));
#14427=IFCFACE((#9217));
#14428=IFCFACE((#9218));
#14429=IFCFACE((#9219));
#14430=IFCFACE((#9220));
#14431=IFCFACE((#9221));
#14432=IFCFACE((#9222));
#14433=IFCFACE((#9223));
#14434=IFCFACE((#9224));
#14435=IFCFACE((#9225));
#14436=IFCFACE((#9226));
#14437=IFCFACE((#9227));
#14438=IFCFACE((#9228));
#14439=IFCFACE((#9229));
#14440=IFCFACE((#9230));
#14441=IFCFACE((#9231));
#14442=IFCFACE((#9232));
#14443=IFCFACE((#9233));
#14444=IFCFACE((#9234));
#14445=IFCFACE((#9235));
#14446=IFCFACE((#9236));
#14447=IFCFACE((#9237));
#14448=IFCFACE((#9238));
#14449=IFCFACE((#9239));
#14450=IFCFACE((#9240));
#14451=IFCFACE((#9241));
#14452=IFCFACE((#9242));
#14453=IFCFACE((#9243));
#14454=IFCFACE((#9244));
#14455=IFCFACE((#9245));
#14456=IFCFACE((#9246));
#14457=IFCFACE((#9247));
#14458=IFCFACE((#9248));
#14459=IFCFACE((#9249));
#14460=IFCFACE((#9250));
#14461=IFCFACE((#9251));
#14462=IFCFACE((#9252));
#14463=IFCFACE((#9253));
#14464=IFCFACE((#9254));
#14465=IFCFACE((#9255));
#14466=IFCFACE((#9256));
#14467=IFCFACE((#9257));
#14468=IFCFACE((#9258));
#14469=IFCFACE((#9259));
#14470=IFCFACE((#9260));
#14471=IFCFACE((#9261));
#14472=IFCFACE((#9262));
#14473=IFCFACE((#9263));
#14474=IFCFACE((#9264));
#14475=IFCFACE((#9265));
#14476=IFCFACE((#9266));
#14477=IFCFACE((#9267));
#14478=IFCFACE((#9268));
#14479=IFCFACE((#9269));
#14480=IFCFACE((#9270));
#14481=IFCFACE((#9271));
#14482=IFCFACE((#9272));
#14483=IFCFACE((#9273));
#14484=IFCFACE((#9274));
#14485=IFCFACE((#9275));
#14486=IFCFACE((#9276));
#14487=IFCFACE((#9277));
#14488=IFCFACE((#9278));
#14489=IFCFACE((#9279));
#14490=IFCFACE((#9280));
#14491=IFCFACE((#9281));
#14492=IFCFACE((#9282));
#14493=IFCFACE((#9283));
#14494=IFCFACE((#9284));
#14495=IFCFACE((#9285));
#14496=IFCFACE((#9286));
#14497=IFCFACE((#9287));
#14498=IFCFACE((#9288));
#14499=IFCFACE((#9289));
#14500=IFCFACE((#9290));
#14501=IFCFACE((#9291));
#14502=IFCFACE((#9292));
#14503=IFCFACE((#9293));
#14504=IFCFACE((#9294));
#14505=IFCFACE((#9295));
#14506=IFCFACE((#9296));
#14507=IFCFACE((#9297));
#14508=IFCFACE((#9298));
#14509=IFCFACE((#9299));
#14510=IFCFACE((#9300));
#14511=IFCFACE((#9301));
#14512=IFCFACE((#9302));
#14513=IFCFACE((#9303));
#14514=IFCFACE((#9304));
#14515=IFCFACE((#9305));
#14516=IFCFACE((#9306));
#14517=IFCFACE((#9307));
#14518=IFCFACE((#9308));
#14519=IFCFACE((#9309));
#14520=IFCFACE((#9310));
#14521=IFCFACE((#9311));
#14522=IFCFACE((#9312));
#14523=IFCFACE((#9313));
#14524=IFCFACE((#9314));
#14525=IFCFACE((#9315));
#14526=IFCFACE((#9316));
#14527=IFCFACE((#9317));
#14528=IFCFACE((#9318));
#14529=IFCFACE((#9319));
#14530=IFCFACE((#9320));
#14531=IFCFACE((#9321));
#14532=IFCFACE((#9322));
#14533=IFCFACE((#9323));
#14534=IFCFACE((#9324));
#14535=IFCFACE((#9325));
#14536=IFCFACE((#9326));
#14537=IFCFACE((#9327));
#14538=IFCFACE((#9328));
#14539=IFCFACE((#9329));
#14540=IFCFACE((#9330));
#14541=IFCFACE((#9331));
#14542=IFCFACE((#9332));
#14543=IFCFACE((#9333));
#14544=IFCFACE((#9334));
#14545=IFCFACE((#9335));
#14546=IFCFACE((#9336));
#14547=IFCFACE((#9337));
#14548=IFCFACE((#9338));
#14549=IFCFACE((#9339));
#14550=IFCFACE((#9340));
#14551=IFCFACE((#9341));
#14552=IFCFACE((#9342));
#14553=IFCFACE((#9343));
#14554=IFCFACE((#9344));
#14555=IFCFACE((#9345));
#14556=IFCFACE((#9346));
#14557=IFCFACE((#9347));
#14558=IFCFACE((#9348));
#14559=IFCFACE((#9349));
#14560=IFCFACE((#9350));
#14561=IFCFACE((#9351));
#14562=IFCFACE((#9352));
#14563=IFCFACE((#9353));
#14564=IFCFACE((#9354));
#14565=IFCFACE((#9355));
#14566=IFCFACE((#9356));
#14567=IFCFACE((#9357));
#14568=IFCFACE((#9358));
#14569=IFCFACE((#9359));
#14570=IFCFACE((#9360));
#14571=IFCFACE((#9361));
#14572=IFCFACE((#9362));
#14573=IFCFACE((#9363));
#14574=IFCFACE((#9364));
#14575=IFCFACE((#9365));
#14576=IFCFACE((#9366));
#14577=IFCFACE((#9367));
#14578=IFCFACE((#9368));
#14579=IFCFACE((#9369));
#14580=IFCFACE((#9370));
#14581=IFCFACE((#9371));
#14582=IFCFACE((#9372));
#14583=IFCFACE((#9373));
#14584=IFCFACE((#9374));
#14585=IFCFACE((#9375));
#14586=IFCFACE((#9376));
#14587=IFCFACE((#9377));
#14588=IFCFACE((#9378));
#14589=IFCFACE((#9379));
#14590=IFCFACE((#9380));
#14591=IFCFACE((#9381));
#14592=IFCFACE((#9382));
#14593=IFCFACE((#9383));
#14594=IFCFACE((#9384));
#14595=IFCFACE((#9385));
#14596=IFCFACE((#9386));
#14597=IFCFACE((#9387));
#14598=IFCFACE((#9388));
#14599=IFCFACE((#9389));
#14600=IFCFACE((#9390));
#14601=IFCFACE((#9391));
#14602=IFCFACE((#9392));
#14603=IFCFACE((#9393));
#14604=IFCFACE((#9394));
#14605=IFCFACE((#9395));
#14606=IFCFACE((#9396));
#14607=IFCFACE((#9397));
#14608=IFCFACE((#9398));
#14609=IFCFACE((#9399));
#14610=IFCFACE((#9400));
#14611=IFCFACE((#9401));
#14612=IFCFACE((#9402));
#14613=IFCFACE((#9403));
#14614=IFCFACE((#9404));
#14615=IFCFACE((#9405));
#14616=IFCFACE((#9406));
#14617=IFCFACE((#9407));
#14618=IFCFACE((#9408));
#14619=IFCFACE((#9409));
#14620=IFCFACE((#9410));
#14621=IFCFACE((#9411));
#14622=IFCFACE((#9412));
#14623=IFCFACE((#9413));
#14624=IFCFACE((#9414));
#14625=IFCFACE((#9415));
#14626=IFCFACE((#9416));
#14627=IFCFACE((#9417));
#14628=IFCFACE((#9418));
#14629=IFCFACE((#9419));
#14630=IFCFACE((#9420));
#14631=IFCFACE((#9421));
#14632=IFCFACE((#9422));
#14633=IFCFACE((#9423));
#14634=IFCFACE((#9424));
#14635=IFCFACE((#9425));
#14636=IFCFACE((#9426));
#14637=IFCFACE((#9427));
#14638=IFCFACE((#9428));
#14639=IFCFACE((#9429));
#14640=IFCFACE((#9430));
#14641=IFCFACE((#9431));
#14642=IFCFACE((#9432));
#14643=IFCFACE((#9433));
#14644=IFCFACE((#9434));
#14645=IFCFACE((#9435));
#14646=IFCFACE((#9436));
#14647=IFCFACE((#9437));
#14648=IFCFACE((#9438));
#14649=IFCFACE((#9439));
#14650=IFCFACE((#9440));
#14651=IFCFACE((#9441));
#14652=IFCFACE((#9442));
#14653=IFCFACE((#9443));
#14654=IFCFACE((#9444));
#14655=IFCFACE((#9445));
#14656=IFCFACE((#9446));
#14657=IFCFACE((#9447));
#14658=IFCFACE((#9448));
#14659=IFCFACE((#9449));
#14660=IFCFACE((#9450));
#14661=IFCFACE((#9451));
#14662=IFCFACE((#9452));
#14663=IFCFACE((#9453));
#14664=IFCFACE((#9454));
#14665=IFCFACE((#9455));
#14666=IFCFACE((#9456));
#14667=IFCFACE((#9457));
#14668=IFCFACE((#9458));
#14669=IFCFACE((#9459));
#14670=IFCFACE((#9460));
#14671=IFCFACE((#9461));
#14672=IFCFACE((#9462));
#14673=IFCFACE((#9463));
#14674=IFCFACE((#9464));
#14675=IFCFACE((#9465));
#14676=IFCFACE((#9466));
#14677=IFCFACE((#9467));
#14678=IFCFACE((#9468));
#14679=IFCFACE((#9469));
#14680=IFCFACE((#9470));
#14681=IFCFACE((#9471));
#14682=IFCFACE((#9472));
#14683=IFCFACE((#9473));
#14684=IFCFACE((#9474));
#14685=IFCFACE((#9475));
#14686=IFCFACE((#9476));
#14687=IFCFACE((#9477));
#14688=IFCFACE((#9478));
#14689=IFCFACE((#9479));
#14690=IFCFACE((#9480));
#14691=IFCFACE((#9481));
#14692=IFCFACE((#9482));
#14693=IFCFACE((#9483));
#14694=IFCFACE((#9484));
#14695=IFCFACE((#9485));
#14696=IFCFACE((#9486));
#14697=IFCFACE((#9487));
#14698=IFCFACE((#9488));
#14699=IFCFACE((#9489));
#14700=IFCFACE((#9490));
#14701=IFCFACE((#9491));
#14702=IFCFACE((#9492));
#14703=IFCFACE((#9493));
#14704=IFCFACE((#9494));
#14705=IFCFACE((#9495));
#14706=IFCFACE((#9496));
#14707=IFCFACE((#9497));
#14708=IFCFACE((#9498));
#14709=IFCFACE((#9499));
#14710=IFCFACE((#9500));
#14711=IFCFACE((#9501));
#14712=IFCFACE((#9502));
#14713=IFCFACE((#9503));
#14714=IFCFACE((#9504));
#14715=IFCFACE((#9505));
#14716=IFCFACE((#9506));
#14717=IFCFACE((#9507));
#14718=IFCFACE((#9508));
#14719=IFCFACE((#9509));
#14720=IFCFACE((#9510));
#14721=IFCFACE((#9511));
#14722=IFCFACE((#9512));
#14723=IFCFACE((#9513));
#14724=IFCFACE((#9514));
#14725=IFCFACE((#9515));
#14726=IFCFACE((#9516));
#14727=IFCFACE((#9517));
#14728=IFCFACE((#9518));
#14729=IFCFACE((#9519));
#14730=IFCFACE((#9520));
#14731=IFCFACE((#9521));
#14732=IFCFACE((#9522));
#14733=IFCFACE((#9523));
#14734=IFCFACE((#9524));
#14735=IFCFACE((#9525));
#14736=IFCFACE((#9526));
#14737=IFCFACE((#9527));
#14738=IFCFACE((#9528));
#14739=IFCFACE((#9529));
#14740=IFCFACE((#9530));
#14741=IFCFACE((#9531));
#14742=IFCFACE((#9532));
#14743=IFCFACE((#9533));
#14744=IFCFACE((#9534));
#14745=IFCFACE((#9535));
#14746=IFCFACE((#9536));
#14747=IFCFACE((#9537));
#14748=IFCFACE((#9538));
#14749=IFCFACE((#9539));
#14750=IFCFACE((#9540));
#14751=IFCFACE((#9541));
#14752=IFCFACE((#9542));
#14753=IFCFACE((#9543));
#14754=IFCFACE((#9544));
#14755=IFCFACE((#9545));
#14756=IFCFACE((#9546));
#14757=IFCFACE((#9547));
#14758=IFCFACE((#9548));
#14759=IFCFACE((#9549));
#14760=IFCFACE((#9550));
#14761=IFCFACE((#9551));
#14762=IFCFACE((#9552));
#14763=IFCFACE((#9553));
#14764=IFCFACE((#9554));
#14765=IFCFACE((#9555));
#14766=IFCFACE((#9556));
#14767=IFCFACE((#9557));
#14768=IFCFACE((#9558));
#14769=IFCFACE((#9559));
#14770=IFCFACE((#9560));
#14771=IFCFACE((#9561));
#14772=IFCFACE((#9562));
#14773=IFCFACE((#9563));
#14774=IFCFACE((#9564));
#14775=IFCFACE((#9565));
#14776=IFCFACE((#9566));
#14777=IFCFACE((#9567));
#14778=IFCFACE((#9568));
#14779=IFCFACE((#9569));
#14780=IFCFACE((#9570));
#14781=IFCFACE((#9571));
#14782=IFCFACE((#9572));
#14783=IFCFACE((#9573));
#14784=IFCFACE((#9574));
#14785=IFCFACE((#9575));
#14786=IFCFACE((#9576));
#14787=IFCFACE((#9577));
#14788=IFCFACE((#9578));
#14789=IFCFACE((#9579));
#14790=IFCFACE((#9580));
#14791=IFCFACE((#9581));
#14792=IFCFACE((#9582));
#14793=IFCFACE((#9583));
#14794=IFCFACE((#9584));
#14795=IFCFACE((#9585));
#14796=IFCFACE((#9586));
#14797=IFCFACE((#9587));
#14798=IFCFACE((#9588));
#14799=IFCFACE((#9589));
#14800=IFCFACE((#9590));
#14801=IFCFACE((#9591));
#14802=IFCFACE((#9592));
#14803=IFCFACE((#9593));
#14804=IFCFACE((#9594));
#14805=IFCFACE((#9595));
#14806=IFCFACE((#9596));
#14807=IFCFACE((#9597));
#14808=IFCFACE((#9598));
#14809=IFCFACE((#9599));
#14810=IFCFACE((#9600));
#14811=IFCFACE((#9601));
#14812=IFCFACE((#9602));
#14813=IFCFACE((#9603));
#14814=IFCFACE((#9604));
#14815=IFCFACE((#9605));
#14816=IFCFACE((#9606));
#14817=IFCFACE((#9607));
#14818=IFCFACE((#9608));
#14819=IFCFACE((#9609));
#14820=IFCFACE((#9610));
#14821=IFCFACE((#9611));
#14822=IFCFACE((#9612));
#14823=IFCFACE((#9613));
#14824=IFCFACE((#9614));
#14825=IFCFACE((#9615));
#14826=IFCFACE((#9616));
#14827=IFCFACE((#9617));
#14828=IFCFACE((#9618));
#14829=IFCFACE((#9619));
#14830=IFCFACE((#9620));
#14831=IFCFACE((#9621));
#14832=IFCFACE((#9622));
#14833=IFCFACE((#9623));
#14834=IFCFACE((#9624));
#14835=IFCFACE((#9625));
#14836=IFCFACE((#9626));
#14837=IFCFACE((#9627));
#14838=IFCFACE((#9628));
#14839=IFCFACE((#9629));
#14840=IFCFACE((#9630));
#14841=IFCFACE((#9631));
#14842=IFCFACE((#9632));
#14843=IFCFACE((#9633));
#14844=IFCFACE((#9634));
#14845=IFCFACE((#9635));
#14846=IFCFACE((#9636));
#14847=IFCFACE((#9637));
#14848=IFCFACE((#9638));
#14849=IFCFACE((#9639));
#14850=IFCFACE((#9640));
#14851=IFCFACE((#9641));
#14852=IFCFACE((#9642));
#14853=IFCFACE((#9643));
#14854=IFCFACE((#9644));
#14855=IFCFACE((#9645));
#14856=IFCFACE((#9646));
#14857=IFCFACE((#9647));
#14858=IFCFACE((#9648));
#14859=IFCFACE((#9649));
#14860=IFCFACE((#9650));
#14861=IFCFACE((#9651));
#14862=IFCFACE((#9652));
#14863=IFCFACE((#9653));
#14864=IFCFACE((#9654));
#14865=IFCFACE((#9655));
#14866=IFCFACE((#9656));
#14867=IFCFACE((#9657));
#14868=IFCFACE((#9658));
#14869=IFCFACE((#9659));
#14870=IFCFACE((#9660));
#14871=IFCFACE((#9661));
#14872=IFCFACE((#9662));
#14873=IFCFACE((#9663));
#14874=IFCFACE((#9664));
#14875=IFCFACE((#9665));
#14876=IFCFACE((#9666));
#14877=IFCFACE((#9667));
#14878=IFCFACE((#9668));
#14879=IFCFACE((#9669));
#14880=IFCFACE((#9670));
#14881=IFCFACE((#9671));
#14882=IFCFACE((#9672));
#14883=IFCFACE((#9673));
#14884=IFCFACE((#9674));
#14885=IFCFACE((#9675));
#14886=IFCFACE((#9676));
#14887=IFCFACE((#9677));
#14888=IFCFACE((#9678));
#14889=IFCFACE((#9679));
#14890=IFCFACE((#9680));
#14891=IFCFACE((#9681));
#14892=IFCFACE((#9682));
#14893=IFCFACE((#9683));
#14894=IFCFACE((#9684));
#14895=IFCFACE((#9685));
#14896=IFCFACE((#9686));
#14897=IFCFACE((#9687));
#14898=IFCFACE((#9688));
#14899=IFCFACE((#9689));
#14900=IFCFACE((#9690));
#14901=IFCFACE((#9691));
#14902=IFCFACE((#9692));
#14903=IFCFACE((#9693));
#14904=IFCFACE((#9694));
#14905=IFCFACE((#9695));
#14906=IFCFACE((#9696));
#14907=IFCFACE((#9697));
#14908=IFCFACE((#9698));
#14909=IFCFACE((#9699));
#14910=IFCFACE((#9700));
#14911=IFCFACE((#9701));
#14912=IFCFACE((#9702));
#14913=IFCFACE((#9703));
#14914=IFCFACE((#9704));
#14915=IFCFACE((#9705));
#14916=IFCFACE((#9706));
#14917=IFCFACE((#9707));
#14918=IFCFACE((#9708));
#14919=IFCFACE((#9709));
#14920=IFCFACE((#9710));
#14921=IFCFACE((#9711));
#14922=IFCFACE((#9712));
#14923=IFCFACE((#9713));
#14924=IFCFACE((#9714));
#14925=IFCFACE((#9715));
#14926=IFCFACE((#9716));
#14927=IFCFACE((#9717));
#14928=IFCFACE((#9718));
#14929=IFCFACE((#9719));
#14930=IFCFACE((#9720));
#14931=IFCFACE((#9721));
#14932=IFCFACE((#9722));
#14933=IFCFACE((#9723));
#14934=IFCFACE((#9724));
#14935=IFCFACE((#9725));
#14936=IFCFACE((#9726));
#14937=IFCFACE((#9727));
#14938=IFCFACE((#9728));
#14939=IFCFACE((#9729));
#14940=IFCFACE((#9730));
#14941=IFCFACE((#9731));
#14942=IFCFACE((#9732));
#14943=IFCFACE((#9733));
#14944=IFCFACE((#9734));
#14945=IFCFACE((#9735));
#14946=IFCFACE((#9736));
#14947=IFCFACE((#9737));
#14948=IFCFACE((#9738));
#14949=IFCFACE((#9739));
#14950=IFCFACE((#9740));
#14951=IFCFACE((#9741));
#14952=IFCFACE((#9742));
#14953=IFCFACE((#9743));
#14954=IFCFACE((#9744));
#14955=IFCFACE((#9745));
#14956=IFCFACE((#9746));
#14957=IFCFACE((#9747));
#14958=IFCFACE((#9748));
#14959=IFCFACE((#9749));
#14960=IFCFACE((#9750));
#14961=IFCFACE((#9751));
#14962=IFCFACE((#9752));
#14963=IFCFACE((#9753));
#14964=IFCFACE((#9754));
#14965=IFCFACE((#9755));
#14966=IFCFACE((#9756));
#14967=IFCFACE((#9757));
#14968=IFCFACE((#9758));
#14969=IFCFACE((#9759));
#14970=IFCFACE((#9760));
#14971=IFCFACE((#9761));
#14972=IFCFACE((#9762));
#14973=IFCFACE((#9763));
#14974=IFCFACE((#9764));
#14975=IFCFACE((#9765));
#14976=IFCFACE((#9766));
#14977=IFCFACE((#9767));
#14978=IFCFACE((#9768));
#14979=IFCFACE((#9769));
#14980=IFCFACE((#9770));
#14981=IFCFACE((#9771));
#14982=IFCFACE((#9772));
#14983=IFCFACE((#9773));
#14984=IFCFACE((#9774));
#14985=IFCFACE((#9775));
#14986=IFCFACE((#9776));
#14987=IFCFACE((#9777));
#14988=IFCFACE((#9778));
#14989=IFCFACE((#9779));
#14990=IFCFACE((#9780));
#14991=IFCFACE((#9781));
#14992=IFCFACE((#9782));
#14993=IFCFACE((#9783));
#14994=IFCFACE((#9784));
#14995=IFCFACE((#9785));
#14996=IFCFACE((#9786));
#14997=IFCFACE((#9787));
#14998=IFCFACE((#9788));
#14999=IFCFACE((#9789));
#15000=IFCFACE((#9790));
#15001=IFCFACE((#9791));
#15002=IFCFACE((#9792));
#15003=IFCFACE((#9793));
#15004=IFCFACE((#9794));
#15005=IFCFACE((#9795));
#15006=IFCFACE((#9796));
#15007=IFCFACE((#9797));
#15008=IFCFACE((#9798));
#15009=IFCFACE((#9799));
#15010=IFCFACE((#9800));
#15011=IFCFACE((#9801));
#15012=IFCFACE((#9802));
#15013=IFCFACE((#9803));
#15014=IFCFACE((#9804));
#15015=IFCFACE((#9805));
#15016=IFCFACE((#9806));
#15017=IFCFACE((#9807));
#15018=IFCFACE((#9808));
#15019=IFCFACE((#9809));
#15020=IFCFACE((#9810));
#15021=IFCFACE((#9811));
#15022=IFCFACE((#9812));
#15023=IFCFACE((#9813));
#15024=IFCFACE((#9814));
#15025=IFCFACE((#9815));
#15026=IFCFACE((#9816));
#15027=IFCFACE((#9817));
#15028=IFCFACE((#9818));
#15029=IFCFACE((#9819));
#15030=IFCFACE((#9820));
#15031=IFCFACE((#9821));
#15032=IFCFACE((#9822));
#15033=IFCFACE((#9823));
#15034=IFCFACE((#9824));
#15035=IFCFACE((#9825));
#15036=IFCFACE((#9826));
#15037=IFCFACE((#9827));
#15038=IFCFACE((#9828));
#15039=IFCFACE((#9829));
#15040=IFCFACE((#9830));
#15041=IFCFACE((#9831));
#15042=IFCFACE((#9832));
#15043=IFCFACE((#9833));
#15044=IFCFACE((#9834));
#15045=IFCFACE((#9835));
#15046=IFCFACE((#9836));
#15047=IFCFACE((#9837));
#15048=IFCFACE((#9838));
#15049=IFCFACE((#9839));
#15050=IFCFACE((#9840));
#15051=IFCFACE((#9841));
#15052=IFCFACE((#9842));
#15053=IFCFACE((#9843));
#15054=IFCFACE((#9844));
#15055=IFCFACE((#9845));
#15056=IFCFACE((#9846));
#15057=IFCFACE((#9847));
#15058=IFCFACE((#9848));
#15059=IFCFACE((#9849));
#15060=IFCFACE((#9850));
#15061=IFCFACE((#9851));
#15062=IFCFACE((#9852));
#15063=IFCFACE((#9853));
#15064=IFCFACE((#9854));
#15065=IFCFACE((#9855));
#15066=IFCFACE((#9856));
#15067=IFCFACE((#9857));
#15068=IFCFACE((#9858));
#15069=IFCFACE((#9859));
#15070=IFCFACE((#9860));
#15071=IFCFACE((#9861));
#15072=IFCFACE((#9862));
#15073=IFCFACE((#9863));
#15074=IFCFACE((#9864));
#15075=IFCFACE((#9865));
#15076=IFCFACE((#9866));
#15077=IFCFACE((#9867));
#15078=IFCFACE((#9868));
#15079=IFCFACE((#9869));
#15080=IFCFACE((#9870));
#15081=IFCFACE((#9871));
#15082=IFCFACE((#9872));
#15083=IFCFACE((#9873));
#15084=IFCFACE((#9874));
#15085=IFCFACE((#9875));
#15086=IFCFACE((#9876));
#15087=IFCFACE((#9877));
#15088=IFCFACE((#9878));
#15089=IFCFACE((#9879));
#15090=IFCFACE((#9880));
#15091=IFCFACE((#9881));
#15092=IFCFACE((#9882));
#15093=IFCFACE((#9883));
#15094=IFCFACE((#9884));
#15095=IFCFACE((#9885));
#15096=IFCFACE((#9886));
#15097=IFCFACE((#9887));
#15098=IFCFACE((#9888));
#15099=IFCFACE((#9889));
#15100=IFCFACE((#9890));
#15101=IFCFACE((#9891));
#15102=IFCFACE((#9892));
#15103=IFCFACE((#9893));
#15104=IFCFACE((#9894));
#15105=IFCFACE((#9895));
#15106=IFCFACE((#9896));
#15107=IFCFACE((#9897));
#15108=IFCFACE((#9898));
#15109=IFCFACE((#9899));
#15110=IFCFACE((#9900));
#15111=IFCFACE((#9901));
#15112=IFCFACE((#9902));
#15113=IFCFACE((#9903));
#15114=IFCFACE((#9904));
#15115=IFCFACE((#9905));
#15116=IFCFACE((#9906));
#15117=IFCFACE((#9907));
#15118=IFCFACE((#9908));
#15119=IFCFACE((#9909));
#15120=IFCFACE((#9910));
#15121=IFCFACE((#9911));
#15122=IFCFACE((#9912));
#15123=IFCFACE((#9913));
#15124=IFCFACE((#9914));
#15125=IFCFACE((#9915));
#15126=IFCFACE((#9916));
#15127=IFCFACE((#9917));
#15128=IFCFACE((#9918));
#15129=IFCFACE((#9919));
#15130=IFCFACE((#9920));
#15131=IFCFACE((#9921));
#15132=IFCFACE((#9922));
#15133=IFCFACE((#9923));
#15134=IFCFACE((#9924));
#15135=IFCFACE((#9925));
#15136=IFCFACE((#9926));
#15137=IFCFACE((#9927));
#15138=IFCFACE((#9928));
#15139=IFCFACE((#9929));
#15140=IFCFACE((#9930));
#15141=IFCFACE((#9931));
#15142=IFCFACE((#9932));
#15143=IFCFACE((#9933));
#15144=IFCFACE((#9934));
#15145=IFCFACE((#9935));
#15146=IFCFACE((#9936));
#15147=IFCFACE((#9937));
#15148=IFCFACE((#9938));
#15149=IFCFACE((#9939));
#15150=IFCFACE((#9940));
#15151=IFCFACE((#9941));
#15152=IFCFACE((#9942));
#15153=IFCFACE((#9943));
#15154=IFCFACE((#9944));
#15155=IFCFACE((#9945));
#15156=IFCFACE((#9946));
#15157=IFCFACE((#9947));
#15158=IFCFACE((#9948));
#15159=IFCFACE((#9949));
#15160=IFCFACE((#9950));
#15161=IFCFACE((#9951));
#15162=IFCFACE((#9952));
#15163=IFCFACE((#9953));
#15164=IFCFACE((#9954));
#15165=IFCFACE((#9955));
#15166=IFCFACE((#9956));
#15167=IFCFACE((#9957));
#15168=IFCFACE((#9958));
#15169=IFCFACE((#9959));
#15170=IFCFACE((#9960));
#15171=IFCFACE((#9961));
#15172=IFCFACE((#9962));
#15173=IFCFACE((#9963));
#15174=IFCFACE((#9964));
#15175=IFCFACE((#9965));
#15176=IFCFACE((#9966));
#15177=IFCFACE((#9967));
#15178=IFCFACE((#9968));
#15179=IFCFACE((#9969));
#15180=IFCFACE((#9970));
#15181=IFCFACE((#9971));
#15182=IFCFACE((#9972));
#15183=IFCFACE((#9973));
#15184=IFCFACE((#9974));
#15185=IFCFACE((#9975));
#15186=IFCFACE((#9976));
#15187=IFCFACE((#9977));
#15188=IFCFACE((#9978));
#15189=IFCFACE((#9979));
#15190=IFCFACE((#9980));
#15191=IFCFACE((#9981));
#15192=IFCFACE((#9982));
#15193=IFCFACE((#9983));
#15194=IFCFACE((#9984));
#15195=IFCFACE((#9985));
#15196=IFCFACE((#9986));
#15197=IFCFACE((#9987));
#15198=IFCFACE((#9988));
#15199=IFCFACE((#9989));
#15200=IFCFACE((#9990));
#15201=IFCFACE((#9991));
#15202=IFCFACE((#9992));
#15203=IFCFACE((#9993));
#15204=IFCFACE((#9994));
#15205=IFCFACE((#9995));
#15206=IFCFACE((#9996));
#15207=IFCFACE((#9997));
#15208=IFCFACE((#9998));
#15209=IFCFACE((#9999));
#15210=IFCFACE((#10000));
#15211=IFCFACE((#10001));
#15212=IFCFACE((#10002));
#15213=IFCFACE((#10003));
#15214=IFCFACE((#10004));
#15215=IFCFACE((#10005));
#15216=IFCFACE((#10006));
#15217=IFCFACE((#10007));
#15218=IFCFACE((#10008));
#15219=IFCFACE((#10009));
#15220=IFCFACE((#10010));
#15221=IFCFACE((#10011));
#15222=IFCFACE((#10012));
#15223=IFCFACE((#10013));
#15224=IFCFACE((#10014));
#15225=IFCFACE((#10015));
#15226=IFCFACE((#10016));
#15227=IFCFACE((#10017));
#15228=IFCFACE((#10018));
#15229=IFCFACE((#10019));
#15230=IFCFACE((#10020));
#15231=IFCFACE((#10021));
#15232=IFCFACE((#10022));
#15233=IFCFACE((#10023));
#15234=IFCFACE((#10024));
#15235=IFCFACE((#10025));
#15236=IFCFACE((#10026));
#15237=IFCFACE((#10027));
#15238=IFCFACE((#10028));
#15239=IFCFACE((#10029));
#15240=IFCFACE((#10030));
#15241=IFCFACE((#10031));
#15242=IFCFACE((#10032));
#15243=IFCFACE((#10033));
#15244=IFCFACE((#10034));
#15245=IFCFACE((#10035));
#15246=IFCFACE((#10036));
#15247=IFCFACE((#10037));
#15248=IFCFACE((#10038));
#15249=IFCFACE((#10039));
#15250=IFCFACE((#10040));
#15251=IFCFACE((#10041));
#15252=IFCFACE((#10042));
#15253=IFCFACE((#10043));
#15254=IFCFACE((#10044));
#15255=IFCFACE((#10045));
#15256=IFCFACE((#10046));
#15257=IFCFACE((#10047));
#15258=IFCFACE((#10048));
#15259=IFCFACE((#10049));
#15260=IFCFACE((#10050));
#15261=IFCFACE((#10051));
#15262=IFCFACE((#10052));
#15263=IFCFACE((#10053));
#15264=IFCFACE((#10054));
#15265=IFCFACE((#10055));
#15266=IFCFACE((#10056));
#15267=IFCFACE((#10057));
#15268=IFCFACE((#10058));
#15269=IFCFACE((#10059));
#15270=IFCFACE((#10060));
#15271=IFCFACE((#10061));
#15272=IFCFACE((#10062));
#15273=IFCFACE((#10063));
#15274=IFCFACE((#10064));
#15275=IFCFACE((#10065));
#15276=IFCFACE((#10066));
#15277=IFCFACE((#10067));
#15278=IFCFACE((#10068));
#15279=IFCFACE((#10069));
#15280=IFCFACE((#10070));
#15281=IFCFACE((#10071));
#15282=IFCFACE((#10072));
#15283=IFCFACE((#10073));
#15284=IFCFACE((#10074));
#15285=IFCFACE((#10075));
#15286=IFCFACE((#10076));
#15287=IFCFACE((#10077));
#15288=IFCFACE((#10078));
#15289=IFCFACE((#10079));
#15290=IFCFACE((#10080));
#15291=IFCFACE((#10081));
#15292=IFCFACE((#10082));
#15293=IFCFACE((#10083));
#15294=IFCFACE((#10084));
#15295=IFCFACE((#10085));
#15296=IFCFACE((#10086));
#15297=IFCFACE((#10087));
#15298=IFCFACE((#10088));
#15299=IFCFACE((#10089));
#15300=IFCFACE((#10090));
#15301=IFCFACE((#10091));
#15302=IFCFACE((#10092));
#15303=IFCFACE((#10093));
#15304=IFCFACE((#10094));
#15305=IFCFACE((#10095));
#15306=IFCFACE((#10096));
#15307=IFCFACE((#10097));
#15308=IFCFACE((#10098));
#15309=IFCFACE((#10099));
#15310=IFCFACE((#10100));
#15311=IFCFACE((#10101));
#15312=IFCFACE((#10102));
#15313=IFCFACE((#10103));
#15314=IFCFACE((#10104));
#15315=IFCFACE((#10105));
#15316=IFCFACE((#10106));
#15317=IFCFACE((#10107));
#15318=IFCFACE((#10108));
#15319=IFCFACE((#10109));
#15320=IFCFACE((#10110));
#15321=IFCFACE((#10111));
#15322=IFCFACE((#10112));
#15323=IFCFACE((#10113));
#15324=IFCFACE((#10114));
#15325=IFCFACE((#10115));
#15326=IFCFACE((#10116));
#15327=IFCFACE((#10117));
#15328=IFCFACE((#10118));
#15329=IFCFACE((#10119));
#15330=IFCFACE((#10120));
#15331=IFCFACE((#10121));
#15332=IFCFACE((#10122));
#15333=IFCFACE((#10123));
#15334=IFCFACE((#10124));
#15335=IFCFACE((#10125));
#15336=IFCFACE((#10126));
#15337=IFCFACE((#10127));
#15338=IFCFACE((#10128));
#15339=IFCFACE((#10129));
#15340=IFCFACE((#10130));
#15341=IFCFACE((#10131));
#15342=IFCFACE((#10132));
#15343=IFCFACE((#10133));
#15344=IFCFACE((#10134));
#15345=IFCFACE((#10135));
#15346=IFCFACE((#10136));
#15347=IFCFACE((#10137));
#15348=IFCFACE((#10138));
#15349=IFCFACE((#10139));
#15350=IFCFACE((#10140));
#15351=IFCFACE((#10141));
#15352=IFCFACE((#10142));
#15353=IFCFACE((#10143));
#15354=IFCFACE((#10144));
#15355=IFCFACE((#10145));
#15356=IFCFACE((#10146));
#15357=IFCFACE((#10147));
#15358=IFCFACE((#10148));
#15359=IFCFACE((#10149));
#15360=IFCFACE((#10150));
#15361=IFCFACE((#10151));
#15362=IFCFACE((#10152));
#15363=IFCFACE((#10153));
#15364=IFCFACE((#10154));
#15365=IFCFACE((#10155));
#15366=IFCFACE((#10156));
#15367=IFCFACE((#10157));
#15368=IFCFACE((#10158));
#15369=IFCFACE((#10159));
#15370=IFCFACE((#10160));
#15371=IFCFACE((#10161));
#15372=IFCFACE((#10162));
#15373=IFCFACE((#10163));
#15374=IFCFACE((#10164));
#15375=IFCFACE((#10165));
#15376=IFCFACE((#10166));
#15377=IFCFACE((#10167));
#15378=IFCFACE((#10168));
#15379=IFCFACE((#10169));
#15380=IFCFACE((#10170));
#15381=IFCFACE((#10171));
#15382=IFCFACE((#10172));
#15383=IFCFACE((#10173));
#15384=IFCFACE((#10174));
#15385=IFCFACE((#10175));
#15386=IFCFACE((#10176));
#15387=IFCFACE((#10177));
#15388=IFCFACE((#10178));
#15389=IFCFACE((#10179));
#15390=IFCFACE((#10180));
#15391=IFCFACE((#10181));
#15392=IFCFACE((#10182));
#15393=IFCFACE((#10183));
#15394=IFCFACE((#10184));
#15395=IFCFACE((#10185));
#15396=IFCFACE((#10186));
#15397=IFCFACE((#10187));
#15398=IFCFACE((#10188));
#15399=IFCFACE((#10189));
#15400=IFCFACE((#10190));
#15401=IFCFACE((#10191));
#15402=IFCFACE((#10192));
#15403=IFCFACE((#10193));
#15404=IFCFACE((#10194));
#15405=IFCFACE((#10195));
#15406=IFCFACE((#10196));
#15407=IFCFACE((#10197));
#15408=IFCFACE((#10198));
#15409=IFCFACE((#10199));
#15410=IFCFACE((#10200));
#15411=IFCFACE((#10201));
#15412=IFCFACE((#10202));
#15413=IFCFACE((#10203));
#15414=IFCFACE((#10204));
#15415=IFCFACE((#10205));
#15416=IFCFACE((#10206));
#15417=IFCFACE((#10207));
#15418=IFCFACE((#10208));
#15419=IFCFACE((#10209));
#15420=IFCFACE((#10210));
#15421=IFCFACE((#10211));
#15422=IFCFACE((#10212));
#15423=IFCFACE((#10213));
#15424=IFCFACE((#10214));
#15425=IFCFACE((#10215));
#15426=IFCFACE((#10216));
#15427=IFCFACE((#10217));
#15428=IFCFACE((#10218));
#15429=IFCFACE((#10219));
#15430=IFCFACE((#10220));
#15431=IFCFACE((#10221));
#15432=IFCFACE((#10222));
#15433=IFCFACE((#10223));
#15434=IFCFACE((#10224));
#15435=IFCFACE((#10225));
#15436=IFCFACE((#10226));
#15437=IFCFACE((#10227));
#15438=IFCFACE((#10228));
#15439=IFCFACE((#10229));
#15440=IFCFACE((#10230));
#15441=IFCFACE((#10231));
#15442=IFCFACE((#10232));
#15443=IFCFACE((#10233));
#15444=IFCFACE((#10234));
#15445=IFCFACE((#10235));
#15446=IFCFACE((#10236));
#15447=IFCFACE((#10237));
#15448=IFCFACE((#10238));
#15449=IFCFACE((#10239));
#15450=IFCFACE((#10240));
#15451=IFCFACE((#10241));
#15452=IFCFACE((#10242));
#15453=IFCFACE((#10243));
#15454=IFCFACE((#10244));
#15455=IFCFACE((#10245));
#15456=IFCFACE((#10246));
#15457=IFCFACE((#10247));
#15458=IFCFACE((#10248));
#15459=IFCFACE((#10249));
#15460=IFCFACE((#10250));
#15461=IFCFACE((#10251));
#15462=IFCFACE((#10252));
#15463=IFCFACE((#10253));
#15464=IFCFACE((#10254));
#15465=IFCFACE((#10255));
#15466=IFCFACE((#10256));
#15467=IFCFACE((#10257));
#15468=IFCFACE((#10258));
#15469=IFCFACE((#10259));
#15470=IFCFACE((#10260));
#15471=IFCFACE((#10261));
#15472=IFCFACE((#10262));
#15473=IFCFACE((#10263));
#15474=IFCFACE((#10264));
#15475=IFCFACE((#10265));
#15476=IFCFACE((#10266));
#15477=IFCFACE((#10267));
#15478=IFCFACE((#10268));
#15479=IFCFACE((#10269));
#15480=IFCFACE((#10270));
#15481=IFCFACE((#10271));
#15482=IFCFACE((#10272));
#15483=IFCFACE((#10273));
#15484=IFCFACE((#10274));
#15485=IFCFACE((#10275));
#15486=IFCFACE((#10276));
#15487=IFCFACE((#10277));
#15488=IFCFACE((#10278));
#15489=IFCFACE((#10279));
#15490=IFCFACE((#10280));
#15491=IFCFACE((#10281));
#15492=IFCFACE((#10282));
#15493=IFCFACE((#10283));
#15494=IFCFACE((#10284));
#15495=IFCFACE((#10285));
#15496=IFCFACE((#10286));
#15497=IFCFACE((#10287));
#15498=IFCFACE((#10288));
#15499=IFCFACE((#10289));
#15500=IFCFACE((#10290));
#15501=IFCFACE((#10291));
#15502=IFCFACE((#10292));
#15503=IFCFACE((#10293));
#15504=IFCFACE((#10294));
#15505=IFCFACE((#10295));
#15506=IFCFACE((#10296));
#15507=IFCFACE((#10297));
#15508=IFCFACE((#10298));
#15509=IFCFACE((#10299));
#15510=IFCFACE((#10300));
#15511=IFCFACE((#10301));
#15512=IFCFACE((#10302));
#15513=IFCFACE((#10303));
#15514=IFCFACE((#10304));
#15515=IFCFACE((#10305));
#15516=IFCFACE((#10306));
#15517=IFCFACE((#10307));
#15518=IFCFACE((#10308));
#15519=IFCFACE((#10309));
#15520=IFCFACE((#10310));
#15521=IFCFACE((#10311));
#15522=IFCFACE((#10312));
#15523=IFCFACE((#10313));
#15524=IFCFACE((#10314));
#15525=IFCFACE((#10315));
#15526=IFCFACE((#10316));
#15527=IFCFACE((#10317));
#15528=IFCFACE((#10318));
#15529=IFCFACE((#10319));
#15530=IFCFACE((#10320));
#15531=IFCFACE((#10321));
#15532=IFCFACE((#10322));
#15533=IFCFACE((#10323));
#15534=IFCFACE((#10324));
#15535=IFCFACE((#10325));
#15536=IFCFACE((#10326));
#15537=IFCFACE((#10327));
#15538=IFCFACE((#10328));
#15539=IFCFACE((#10329));
#15540=IFCFACE((#10330));
#15541=IFCFACE((#10331));
#15542=IFCFACE((#10332));
#15543=IFCFACE((#10333));
#15544=IFCFACE((#10334));
#15545=IFCFACE((#10335));
#15546=IFCFACE((#10336));
#15547=IFCFACE((#10337));
#15548=IFCFACE((#10338));
#15549=IFCFACE((#10339));
#15550=IFCFACE((#10340));
#15551=IFCFACE((#10341));
#15552=IFCFACE((#10342));
#15553=IFCFACE((#10343));
#15554=IFCFACE((#10344));
#15555=IFCFACE((#10345));
#15556=IFCFACE((#10346));
#15557=IFCFACE((#10347));
#15558=IFCFACE((#10348));
#15559=IFCFACE((#10349));
#15560=IFCFACE((#10350));
#15561=IFCFACE((#10351));
#15562=IFCFACE((#10352));
#15563=IFCFACE((#10353));
#15564=IFCFACE((#10354));
#15565=IFCFACE((#10355));
#15566=IFCFACE((#10356));
#15567=IFCFACE((#10357));
#15568=IFCFACE((#10358));
#15569=IFCFACE((#10359));
#15570=IFCFACE((#10360));
#15571=IFCFACE((#10361));
#15572=IFCFACE((#10362));
#15573=IFCFACE((#10363));
#15574=IFCFACE((#10364));
#15575=IFCFACE((#10365));
#15576=IFCFACE((#10366));
#15577=IFCFACE((#10367));
#15578=IFCFACE((#10368));
#15579=IFCFACE((#10369));
#15580=IFCFACE((#10370));
#15581=IFCFACE((#10371));
#15582=IFCFACE((#10372));
#15583=IFCFACE((#10373));
#15584=IFCFACE((#10374));
#15585=IFCFACE((#10375));
#15586=IFCFACE((#10376));
#15587=IFCFACE((#10377));
#15588=IFCFACE((#10378));
#15589=IFCFACE((#10379));
#15590=IFCFACE((#10380));
#15591=IFCFACE((#10381));
#15592=IFCFACE((#10382));
#15593=IFCFACE((#10383));
#15594=IFCFACE((#10384));
#15595=IFCFACE((#10385));
#15596=IFCFACE((#10386));
#15597=IFCFACE((#10387));
#15598=IFCFACE((#10388));
#15599=IFCFACE((#10389));
#15600=IFCFACE((#10390));
#15601=IFCFACE((#10391));
#15602=IFCFACE((#10392));
#15603=IFCFACE((#10393));
#15604=IFCFACE((#10394));
#15605=IFCFACE((#10395));
#15606=IFCFACE((#10396));
#15607=IFCFACE((#10397));
#15608=IFCFACE((#10398));
#15609=IFCFACE((#10399));
#15610=IFCFACE((#10400));
#15611=IFCFACE((#10401));
#15612=IFCFACE((#10402));
#15613=IFCFACE((#10403));
#15614=IFCFACE((#10404));
#15615=IFCFACE((#10405));
#15616=IFCFACE((#10406));
#15617=IFCFACE((#10407));
#15618=IFCFACE((#10408));
#15619=IFCFACE((#10409));
#15620=IFCFACE((#10410));
#15621=IFCFACE((#10411));
#15622=IFCFACE((#10412));
#15623=IFCFACE((#10413));
#15624=IFCFACE((#10414));
#15625=IFCFACE((#10415));
#15626=IFCFACE((#10416));
#15627=IFCFACE((#10417));
#15628=IFCFACE((#10418));
#15629=IFCFACE((#10419));
#15630=IFCFACE((#10420));
#15631=IFCFACE((#10421));
#15632=IFCFACE((#10422));
#15633=IFCFACE((#10423));
#15634=IFCFACE((#10424));
#15635=IFCFACE((#10425));
#15636=IFCFACE((#10426));
#15637=IFCFACE((#10427));
#15638=IFCFACE((#10428));
#15639=IFCFACE((#10429));
#15640=IFCFACE((#10430));
#15641=IFCFACE((#10431));
#15642=IFCFACE((#10432));
#15643=IFCFACE((#10433));
#15644=IFCFACE((#10434));
#15645=IFCFACE((#10435));
#15646=IFCFACE((#10436));
#15647=IFCFACE((#10437));
#15648=IFCFACE((#10438));
#15649=IFCFACE((#10439));
#15650=IFCFACE((#10440));
#15651=IFCFACE((#10441));
#15652=IFCFACE((#10442));
#15653=IFCFACE((#10443));
#15654=IFCFACE((#10444));
#15655=IFCFACE((#10445));
#15656=IFCCLOSEDSHELL((#10446,#10447,#10448,#10449,#10450,#10451,#10452,
#10453,#10454,#10455,#10456,#10457,#10458,#10459,#10460,#10461,#10462,#10463,
#10464,#10465,#10466,#10467,#10468,#10469,#10470,#10471,#10472,#10473,#10474,
#10475,#10476,#10477,#10478,#10479,#10480,#10481,#10482,#10483,#10484,#10485,
#10486,#10487,#10488,#10489,#10490,#10491,#10492,#10493,#10494,#10495,#10496,
#10497,#10498,#10499,#10500,#10501,#10502,#10503,#10504,#10505,#10506,#10507,
#10508,#10509,#10510,#10511,#10512,#10513,#10514,#10515,#10516,#10517,#10518,
#10519,#10520,#10521,#10522,#10523,#10524,#10525,#10526,#10527,#10528,#10529,
#10530,#10531,#10532,#10533,#10534,#10535,#10536,#10537,#10538,#10539,#10540,
#10541,#10542,#10543,#10544,#10545,#10546,#10547,#10548,#10549,#10550,#10551,
#10552,#10553,#10554,#10555,#10556,#10557,#10558,#10559,#10560,#10561,#10562,
#10563,#10564,#10565,#10566,#10567,#10568,#10569,#10570,#10571,#10572,#10573,
#10574,#10575,#10576,#10577,#10578,#10579,#10580,#10581,#10582,#10583,#10584,
#10585,#10586,#10587,#10588,#10589,#10590,#10591,#10592,#10593,#10594,#10595,
#10596,#10597,#10598,#10599,#10600,#10601,#10602,#10603,#10604,#10605,#10606,
#10607,#10608,#10609,#10610,#10611,#10612,#10613,#10614,#10615,#10616,#10617,
#10618,#10619,#10620,#10621,#10622,#10623,#10624,#10625,#10626,#10627,#10628,
#10629,#10630,#10631,#10632,#10633,#10634,#10635,#10636,#10637,#10638,#10639,
#10640,#10641,#10642,#10643,#10644,#10645,#10646,#10647,#10648,#10649,#10650,
#10651,#10652,#10653,#10654,#10655,#10656,#10657,#10658,#10659,#10660,#10661,
#10662,#10663,#10664,#10665,#10666,#10667,#10668,#10669,#10670,#10671,#10672,
#10673,#10674,#10675,#10676,#10677,#10678,#10679,#10680,#10681,#10682,#10683,
#10684,#10685,#10686,#10687,#10688,#10689,#10690,#10691,#10692,#10693,#10694,
#10695,#10696,#10697,#10698,#10699,#10700,#10701,#10702,#10703,#10704,#10705,
#10706,#10707,#10708,#10709,#10710,#10711,#10712,#10713,#10714,#10715,#10716,
#10717,#10718,#10719,#10720,#10721,#10722,#10723,#10724,#10725,#10726,#10727,
#10728,#10729,#10730,#10731,#10732,#10733,#10734,#10735,#10736,#10737,#10738,
#10739,#10740,#10741,#10742,#10743,#10744,#10745,#10746,#10747,#10748,#10749,
#10750,#10751,#10752,#10753,#10754,#10755,#10756,#10757,#10758,#10759,#10760,
#10761,#10762,#10763,#10764,#10765,#10766,#10767,#10768,#10769,#10770,#10771,
#10772,#10773,#10774,#10775,#10776,#10777,#10778,#10779,#10780,#10781,#10782,
#10783,#10784,#10785,#10786,#10787,#10788,#10789,#10790,#10791,#10792,#10793,
#10794,#10795,#10796,#10797,#10798,#10799,#10800,#10801,#10802,#10803,#10804,
#10805,#10806,#10807,#10808,#10809,#10810,#10811,#10812,#10813,#10814,#10815,
#10816,#10817,#10818,#10819,#10820,#10821,#10822,#10823,#10824,#10825,#10826,
#10827,#10828,#10829,#10830,#10831,#10832,#10833,#10834,#10835,#10836,#10837,
#10838,#10839,#10840,#10841,#10842,#10843,#10844,#10845,#10846,#10847,#10848,
#10849,#10850,#10851,#10852,#10853,#10854,#10855,#10856,#10857,#10858,#10859,
#10860,#10861,#10862,#10863,#10864,#10865,#10866,#10867,#10868,#10869,#10870,
#10871,#10872,#10873,#10874,#10875,#10876,#10877,#10878,#10879,#10880,#10881,
#10882,#10883,#10884,#10885,#10886,#10887,#10888,#10889,#10890,#10891,#10892,
#10893,#10894,#10895,#10896,#10897,#10898,#10899,#10900,#10901,#10902,#10903,
#10904,#10905,#10906,#10907,#10908,#10909,#10910,#10911,#10912,#10913,#10914,
#10915,#10916,#10917,#10918,#10919,#10920,#10921,#10922,#10923,#10924,#10925,
#10926,#10927,#10928,#10929,#10930,#10931,#10932,#10933,#10934,#10935,#10936,
#10937,#10938,#10939,#10940,#10941,#10942,#10943,#10944,#10945,#10946,#10947,
#10948,#10949,#10950,#10951,#10952,#10953,#10954,#10955,#10956,#10957,#10958,
#10959,#10960,#10961,#10962,#10963,#10964,#10965,#10966,#10967,#10968,#10969,
#10970,#10971,#10972,#10973,#10974,#10975,#10976,#10977,#10978,#10979,#10980,
#10981,#10982,#10983,#10984,#10985,#10986,#10987,#10988,#10989,#10990,#10991,
#10992,#10993,#10994,#10995,#10996,#10997,#10998,#10999,#11000,#11001,#11002,
#11003,#11004,#11005,#11006,#11007,#11008,#11009,#11010,#11011,#11012,#11013,
#11014,#11015,#11016,#11017,#11018,#11019,#11020,#11021,#11022,#11023,#11024,
#11025,#11026,#11027,#11028,#11029,#11030,#11031,#11032,#11033,#11034,#11035,
#11036,#11037,#11038,#11039,#11040,#11041,#11042,#11043,#11044,#11045,#11046,
#11047,#11048,#11049,#11050,#11051,#11052,#11053,#11054,#11055,#11056,#11057,
#11058,#11059,#11060,#11061,#11062,#11063,#11064,#11065,#11066,#11067,#11068,
#11069,#11070,#11071,#11072,#11073,#11074,#11075,#11076,#11077,#11078,#11079,
#11080,#11081,#11082,#11083,#11084,#11085,#11086,#11087,#11088,#11089,#11090,
#11091,#11092,#11093,#11094,#11095,#11096,#11097,#11098,#11099,#11100,#11101,
#11102,#11103,#11104,#11105,#11106,#11107,#11108,#11109,#11110,#11111,#11112,
#11113,#11114,#11115,#11116,#11117,#11118,#11119,#11120,#11121,#11122,#11123,
#11124,#11125,#11126,#11127,#11128,#11129,#11130,#11131,#11132,#11133,#11134,
#11135,#11136,#11137,#11138,#11139,#11140,#11141,#11142,#11143,#11144,#11145,
#11146,#11147,#11148,#11149,#11150,#11151,#11152,#11153,#11154,#11155,#11156,
#11157,#11158,#11159,#11160,#11161,#11162,#11163,#11164,#11165,#11166,#11167,
#11168,#11169,#11170,#11171,#11172,#11173,#11174,#11175,#11176,#11177,#11178,
#11179,#11180,#11181,#11182,#11183,#11184,#11185,#11186,#11187,#11188,#11189,
#11190,#11191,#11192,#11193,#11194,#11195,#11196,#11197,#11198,#11199,#11200,
#11201,#11202,#11203,#11204,#11205,#11206,#11207,#11208,#11209,#11210,#11211,
#11212,#11213,#11214,#11215,#11216,#11217,#11218,#11219,#11220,#11221,#11222,
#11223,#11224,#11225,#11226,#11227,#11228,#11229,#11230,#11231,#11232,#11233,
#11234,#11235,#11236,#11237,#11238,#11239,#11240,#11241,#11242,#11243,#11244,
#11245,#11246,#11247,#11248,#11249,#11250,#11251,#11252,#11253,#11254,#11255,
#11256,#11257,#11258,#11259,#11260,#11261,#11262,#11263,#11264,#11265,#11266,
#11267,#11268,#11269,#11270,#11271,#11272,#11273,#11274,#11275,#11276,#11277,
#11278,#11279,#11280,#11281,#11282,#11283,#11284,#11285,#11286,#11287,#11288,
#11289,#11290,#11291,#11292,#11293,#11294,#11295,#11296,#11297,#11298,#11299,
#11300,#11301,#11302,#11303,#11304,#11305,#11306,#11307,#11308,#11309,#11310,
#11311,#11312,#11313,#11314,#11315,#11316,#11317,#11318,#11319,#11320,#11321,
#11322,#11323,#11324,#11325,#11326,#11327,#11328,#11329,#11330,#11331,#11332,
#11333,#11334,#11335,#11336,#11337,#11338,#11339,#11340,#11341,#11342,#11343,
#11344,#11345,#11346,#11347,#11348,#11349,#11350,#11351,#11352,#11353,#11354,
#11355,#11356,#11357,#11358,#11359,#11360,#11361,#11362,#11363,#11364,#11365,
#11366,#11367,#11368,#11369,#11370,#11371,#11372,#11373,#11374,#11375,#11376,
#11377,#11378,#11379,#11380,#11381,#11382,#11383,#11384,#11385,#11386,#11387,
#11388,#11389,#11390,#11391,#11392,#11393,#11394,#11395,#11396,#11397,#11398,
#11399,#11400,#11401,#11402,#11403,#11404,#11405,#11406,#11407,#11408,#11409,
#11410,#11411,#11412,#11413,#11414,#11415,#11416,#11417,#11418,#11419,#11420,
#11421,#11422,#11423,#11424,#11425,#11426,#11427,#11428,#11429,#11430,#11431,
#11432,#11433,#11434,#11435,#11436,#11437,#11438,#11439,#11440,#11441,#11442,
#11443,#11444,#11445,#11446,#11447,#11448,#11449,#11450,#11451,#11452,#11453,
#11454,#11455,#11456,#11457,#11458,#11459,#11460,#11461,#11462,#11463,#11464,
#11465,#11466,#11467,#11468,#11469,#11470,#11471,#11472,#11473,#11474,#11475,
#11476,#11477,#11478,#11479,#11480,#11481,#11482,#11483,#11484,#11485,#11486,
#11487,#11488,#11489,#11490,#11491,#11492,#11493,#11494,#11495,#11496,#11497,
#11498,#11499,#11500,#11501,#11502,#11503,#11504,#11505,#11506,#11507,#11508,
#11509,#11510,#11511,#11512,#11513,#11514,#11515,#11516,#11517,#11518,#11519,
#11520,#11521,#11522,#11523,#11524,#11525,#11526,#11527,#11528,#11529,#11530,
#11531,#11532,#11533,#11534,#11535,#11536,#11537,#11538,#11539,#11540,#11541,
#11542,#11543,#11544,#11545,#11546,#11547,#11548,#11549,#11550,#11551,#11552,
#11553,#11554,#11555,#11556,#11557,#11558,#11559,#11560,#11561,#11562,#11563,
#11564,#11565,#11566,#11567,#11568,#11569,#11570,#11571,#11572,#11573,#11574,
#11575,#11576,#11577,#11578,#11579,#11580,#11581,#11582,#11583,#11584,#11585,
#11586,#11587,#11588,#11589,#11590,#11591,#11592,#11593,#11594,#11595,#11596,
#11597,#11598,#11599,#11600,#11601,#11602,#11603,#11604,#11605,#11606,#11607,
#11608,#11609,#11610,#11611,#11612,#11613,#11614,#11615,#11616,#11617,#11618,
#11619,#11620,#11621,#11622,#11623,#11624,#11625,#11626,#11627,#11628,#11629,
#11630,#11631,#11632,#11633,#11634,#11635,#11636,#11637,#11638,#11639,#11640,
#11641,#11642,#11643,#11644,#11645,#11646,#11647,#11648,#11649,#11650,#11651,
#11652,#11653,#11654,#11655,#11656,#11657,#11658,#11659,#11660,#11661,#11662,
#11663,#11664,#11665,#11666,#11667,#11668,#11669,#11670,#11671,#11672,#11673,
#11674,#11675,#11676,#11677,#11678,#11679,#11680,#11681,#11682,#11683,#11684,
#11685,#11686,#11687,#11688,#11689,#11690,#11691,#11692,#11693,#11694,#11695,
#11696,#11697,#11698,#11699,#11700,#11701,#11702,#11703,#11704,#11705,#11706,
#11707,#11708,#11709,#11710,#11711,#11712,#11713,#11714,#11715,#11716,#11717,
#11718,#11719,#11720,#11721,#11722,#11723,#11724,#11725,#11726,#11727,#11728,
#11729,#11730,#11731,#11732,#11733,#11734,#11735,#11736,#11737,#11738,#11739,
#11740,#11741,#11742,#11743,#11744,#11745,#11746,#11747,#11748,#11749,#11750,
#11751,#11752,#11753,#11754,#11755,#11756,#11757,#11758,#11759,#11760,#11761,
#11762,#11763,#11764,#11765,#11766,#11767,#11768,#11769,#11770,#11771,#11772,
#11773,#11774,#11775,#11776,#11777,#11778,#11779,#11780,#11781,#11782,#11783,
#11784,#11785,#11786,#11787,#11788,#11789,#11790,#11791,#11792,#11793,#11794,
#11795,#11796,#11797,#11798,#11799,#11800,#11801,#11802,#11803,#11804,#11805,
#11806,#11807,#11808,#11809,#11810,#11811,#11812,#11813,#11814,#11815,#11816,
#11817,#11818,#11819,#11820,#11821,#11822,#11823,#11824,#11825,#11826,#11827,
#11828,#11829,#11830,#11831,#11832,#11833,#11834,#11835,#11836,#11837,#11838,
#11839,#11840,#11841,#11842,#11843,#11844,#11845,#11846,#11847,#11848,#11849,
#11850,#11851,#11852,#11853,#11854,#11855,#11856,#11857,#11858,#11859,#11860,
#11861,#11862,#11863,#11864,#11865,#11866,#11867,#11868,#11869,#11870,#11871,
#11872,#11873,#11874,#11875,#11876,#11877,#11878,#11879,#11880,#11881,#11882,
#11883,#11884,#11885,#11886,#11887,#11888,#11889,#11890,#11891,#11892,#11893,
#11894,#11895,#11896,#11897,#11898,#11899,#11900,#11901,#11902,#11903,#11904,
#11905,#11906,#11907,#11908,#11909,#11910,#11911,#11912,#11913,#11914,#11915,
#11916,#11917,#11918,#11919,#11920,#11921,#11922,#11923,#11924,#11925,#11926,
#11927,#11928,#11929,#11930,#11931,#11932,#11933,#11934,#11935,#11936,#11937,
#11938,#11939,#11940,#11941,#11942,#11943,#11944,#11945,#11946,#11947,#11948,
#11949,#11950,#11951,#11952,#11953,#11954,#11955,#11956,#11957,#11958,#11959,
#11960,#11961,#11962,#11963,#11964,#11965,#11966,#11967,#11968,#11969,#11970,
#11971,#11972,#11973,#11974,#11975,#11976,#11977,#11978,#11979,#11980,#11981,
#11982,#11983,#11984,#11985,#11986,#11987,#11988,#11989,#11990,#11991,#11992,
#11993,#11994,#11995,#11996,#11997,#11998,#11999,#12000,#12001,#12002,#12003,
#12004,#12005,#12006,#12007,#12008,#12009,#12010,#12011,#12012,#12013,#12014,
#12015,#12016,#12017,#12018,#12019,#12020,#12021,#12022,#12023,#12024,#12025,
#12026,#12027,#12028,#12029,#12030,#12031,#12032,#12033,#12034,#12035,#12036,
#12037,#12038,#12039,#12040,#12041,#12042,#12043,#12044,#12045,#12046,#12047,
#12048,#12049,#12050,#12051,#12052,#12053,#12054,#12055,#12056,#12057,#12058,
#12059,#12060,#12061,#12062,#12063,#12064,#12065,#12066,#12067,#12068,#12069,
#12070,#12071,#12072,#12073,#12074,#12075,#12076,#12077,#12078,#12079,#12080,
#12081,#12082,#12083,#12084,#12085,#12086,#12087,#12088,#12089,#12090,#12091,
#12092,#12093,#12094,#12095,#12096,#12097,#12098,#12099,#12100,#12101,#12102,
#12103,#12104,#12105,#12106,#12107,#12108,#12109,#12110,#12111,#12112,#12113,
#12114,#12115,#12116,#12117,#12118,#12119,#12120,#12121,#12122,#12123,#12124,
#12125,#12126,#12127,#12128,#12129,#12130,#12131,#12132,#12133,#12134,#12135,
#12136,#12137,#12138,#12139,#12140,#12141,#12142,#12143,#12144,#12145,#12146,
#12147,#12148,#12149,#12150,#12151,#12152,#12153,#12154,#12155,#12156,#12157,
#12158,#12159,#12160,#12161,#12162,#12163,#12164,#12165,#12166,#12167,#12168,
#12169,#12170,#12171,#12172,#12173,#12174,#12175,#12176,#12177,#12178,#12179,
#12180,#12181,#12182,#12183,#12184,#12185,#12186,#12187,#12188,#12189,#12190,
#12191,#12192,#12193,#12194,#12195,#12196,#12197,#12198,#12199,#12200,#12201,
#12202,#12203,#12204,#12205,#12206,#12207,#12208,#12209,#12210,#12211,#12212,
#12213,#12214,#12215,#12216,#12217,#12218,#12219,#12220,#12221,#12222,#12223,
#12224,#12225,#12226,#12227,#12228,#12229,#12230,#12231,#12232,#12233,#12234,
#12235,#12236,#12237,#12238,#12239,#12240,#12241,#12242,#12243,#12244,#12245,
#12246,#12247,#12248,#12249,#12250,#12251,#12252,#12253,#12254,#12255,#12256,
#12257,#12258,#12259,#12260,#12261,#12262,#12263,#12264,#12265,#12266,#12267,
#12268,#12269,#12270,#12271,#12272,#12273,#12274,#12275,#12276,#12277,#12278,
#12279,#12280,#12281,#12282,#12283,#12284,#12285,#12286,#12287,#12288,#12289,
#12290,#12291,#12292,#12293,#12294,#12295,#12296,#12297,#12298,#12299,#12300,
#12301,#12302,#12303,#12304,#12305,#12306,#12307,#12308,#12309,#12310,#12311,
#12312,#12313,#12314,#12315,#12316,#12317,#12318,#12319,#12320,#12321,#12322,
#12323,#12324,#12325,#12326,#12327,#12328,#12329,#12330,#12331,#12332,#12333,
#12334,#12335,#12336,#12337,#12338,#12339,#12340,#12341,#12342,#12343,#12344,
#12345,#12346,#12347,#12348,#12349,#12350,#12351,#12352,#12353,#12354,#12355,
#12356,#12357,#12358,#12359,#12360,#12361,#12362,#12363,#12364,#12365,#12366,
#12367,#12368,#12369,#12370,#12371,#12372,#12373,#12374,#12375,#12376,#12377,
#12378,#12379,#12380,#12381,#12382,#12383,#12384,#12385,#12386,#12387,#12388,
#12389,#12390,#12391,#12392,#12393,#12394,#12395,#12396,#12397,#12398,#12399,
#12400,#12401,#12402,#12403,#12404,#12405,#12406,#12407,#12408,#12409,#12410,
#12411,#12412,#12413,#12414,#12415,#12416,#12417,#12418,#12419,#12420,#12421,
#12422,#12423,#12424,#12425,#12426,#12427,#12428,#12429,#12430,#12431,#12432,
#12433,#12434,#12435,#12436,#12437,#12438,#12439,#12440,#12441,#12442,#12443,
#12444,#12445,#12446,#12447,#12448,#12449,#12450,#12451,#12452,#12453,#12454,
#12455,#12456,#12457,#12458,#12459,#12460,#12461,#12462,#12463,#12464,#12465,
#12466,#12467,#12468,#12469,#12470,#12471,#12472,#12473,#12474,#12475,#12476,
#12477,#12478,#12479,#12480,#12481,#12482,#12483,#12484,#12485,#12486,#12487,
#12488,#12489,#12490,#12491,#12492,#12493,#12494,#12495,#12496,#12497,#12498,
#12499,#12500,#12501,#12502,#12503,#12504,#12505,#12506,#12507,#12508,#12509,
#12510,#12511,#12512,#12513,#12514,#12515,#12516,#12517,#12518,#12519,#12520,
#12521,#12522,#12523,#12524,#12525,#12526,#12527,#12528,#12529,#12530,#12531,
#12532,#12533,#12534,#12535,#12536,#12537,#12538,#12539,#12540,#12541,#12542,
#12543,#12544,#12545,#12546,#12547,#12548,#12549,#12550,#12551,#12552,#12553,
#12554,#12555,#12556,#12557,#12558,#12559,#12560,#12561,#12562,#12563,#12564,
#12565,#12566,#12567,#12568,#12569,#12570,#12571,#12572,#12573,#12574,#12575,
#12576,#12577,#12578,#12579,#12580,#12581,#12582,#12583,#12584,#12585,#12586,
#12587,#12588,#12589,#12590,#12591,#12592,#12593,#12594,#12595,#12596,#12597,
#12598,#12599,#12600,#12601,#12602,#12603,#12604,#12605,#12606,#12607,#12608,
#12609,#12610,#12611,#12612,#12613,#12614,#12615,#12616,#12617,#12618,#12619,
#12620,#12621,#12622,#12623,#12624,#12625,#12626,#12627,#12628,#12629,#12630,
#12631,#12632,#12633,#12634,#12635,#12636,#12637,#12638,#12639,#12640,#12641,
#12642,#12643,#12644,#12645,#12646,#12647,#12648,#12649,#12650,#12651,#12652,
#12653,#12654,#12655,#12656,#12657,#12658,#12659,#12660,#12661,#12662,#12663,
#12664,#12665,#12666,#12667,#12668,#12669,#12670,#12671,#12672,#12673,#12674,
#12675,#12676,#12677,#12678,#12679,#12680,#12681,#12682,#12683,#12684,#12685,
#12686,#12687,#12688,#12689,#12690,#12691,#12692,#12693,#12694,#12695,#12696,
#12697,#12698,#12699,#12700,#12701,#12702,#12703,#12704,#12705,#12706,#12707,
#12708,#12709,#12710,#12711,#12712,#12713,#12714,#12715,#12716,#12717,#12718,
#12719,#12720,#12721,#12722,#12723,#12724,#12725,#12726,#12727,#12728,#12729,
#12730,#12731,#12732,#12733,#12734,#12735,#12736,#12737,#12738,#12739,#12740,
#12741,#12742,#12743,#12744,#12745,#12746,#12747,#12748,#12749,#12750,#12751,
#12752,#12753,#12754,#12755,#12756,#12757,#12758,#12759,#12760,#12761,#12762,
#12763,#12764,#12765,#12766,#12767,#12768,#12769,#12770,#12771,#12772,#12773,
#12774,#12775,#12776,#12777,#12778,#12779,#12780,#12781,#12782,#12783,#12784,
#12785,#12786,#12787,#12788,#12789,#12790,#12791,#12792,#12793,#12794,#12795,
#12796,#12797,#12798,#12799,#12800,#12801,#12802,#12803,#12804,#12805,#12806,
#12807,#12808,#12809,#12810,#12811,#12812,#12813,#12814,#12815,#12816,#12817,
#12818,#12819,#12820,#12821,#12822,#12823,#12824,#12825,#12826,#12827,#12828,
#12829,#12830,#12831,#12832,#12833,#12834,#12835,#12836,#12837,#12838,#12839,
#12840,#12841,#12842,#12843,#12844,#12845,#12846,#12847,#12848,#12849,#12850,
#12851,#12852,#12853,#12854,#12855,#12856,#12857,#12858,#12859,#12860,#12861,
#12862,#12863,#12864,#12865,#12866,#12867,#12868,#12869,#12870,#12871,#12872,
#12873,#12874,#12875,#12876,#12877,#12878,#12879,#12880,#12881,#12882,#12883,
#12884,#12885,#12886,#12887,#12888,#12889,#12890,#12891,#12892,#12893,#12894,
#12895,#12896,#12897,#12898,#12899,#12900,#12901,#12902,#12903,#12904,#12905,
#12906,#12907,#12908,#12909,#12910,#12911,#12912,#12913,#12914,#12915,#12916,
#12917,#12918,#12919,#12920,#12921,#12922,#12923,#12924,#12925,#12926,#12927,
#12928,#12929,#12930,#12931,#12932,#12933,#12934,#12935,#12936,#12937,#12938,
#12939,#12940,#12941,#12942,#12943,#12944,#12945,#12946,#12947,#12948,#12949,
#12950,#12951,#12952,#12953,#12954,#12955,#12956,#12957,#12958,#12959,#12960,
#12961,#12962,#12963,#12964,#12965,#12966,#12967,#12968,#12969,#12970,#12971,
#12972,#12973,#12974,#12975,#12976,#12977,#12978,#12979,#12980,#12981,#12982,
#12983,#12984,#12985,#12986,#12987,#12988,#12989,#12990,#12991,#12992,#12993,
#12994,#12995,#12996,#12997,#12998,#12999,#13000,#13001,#13002,#13003,#13004,
#13005,#13006,#13007,#13008,#13009,#13010,#13011,#13012,#13013,#13014,#13015,
#13016,#13017,#13018,#13019,#13020,#13021,#13022,#13023,#13024,#13025,#13026,
#13027,#13028,#13029,#13030,#13031,#13032,#13033,#13034,#13035,#13036,#13037,
#13038,#13039,#13040,#13041,#13042,#13043,#13044,#13045,#13046,#13047,#13048,
#13049,#13050,#13051,#13052,#13053,#13054,#13055,#13056,#13057,#13058,#13059,
#13060,#13061,#13062,#13063,#13064,#13065,#13066,#13067,#13068,#13069,#13070,
#13071,#13072,#13073,#13074,#13075,#13076,#13077,#13078,#13079,#13080,#13081,
#13082,#13083,#13084,#13085,#13086,#13087,#13088,#13089,#13090,#13091,#13092,
#13093,#13094,#13095,#13096,#13097,#13098,#13099,#13100,#13101,#13102,#13103,
#13104,#13105,#13106,#13107,#13108,#13109,#13110,#13111,#13112,#13113,#13114,
#13115,#13116,#13117,#13118,#13119,#13120,#13121,#13122,#13123,#13124,#13125,
#13126,#13127,#13128,#13129,#13130,#13131,#13132,#13133,#13134,#13135,#13136,
#13137,#13138,#13139,#13140,#13141,#13142,#13143,#13144,#13145,#13146,#13147,
#13148,#13149,#13150,#13151,#13152,#13153,#13154,#13155,#13156,#13157,#13158,
#13159,#13160,#13161,#13162,#13163,#13164,#13165,#13166,#13167,#13168,#13169,
#13170,#13171,#13172,#13173,#13174,#13175,#13176,#13177,#13178,#13179,#13180,
#13181,#13182,#13183,#13184,#13185,#13186,#13187,#13188,#13189,#13190,#13191,
#13192,#13193,#13194,#13195,#13196,#13197,#13198,#13199,#13200,#13201,#13202,
#13203,#13204,#13205,#13206,#13207,#13208,#13209,#13210,#13211,#13212,#13213,
#13214,#13215,#13216,#13217,#13218,#13219,#13220,#13221,#13222,#13223,#13224,
#13225,#13226,#13227,#13228,#13229,#13230,#13231,#13232,#13233,#13234,#13235,
#13236,#13237,#13238,#13239,#13240,#13241,#13242,#13243,#13244,#13245,#13246,
#13247,#13248,#13249,#13250,#13251,#13252,#13253,#13254,#13255,#13256,#13257,
#13258,#13259,#13260,#13261,#13262,#13263,#13264,#13265,#13266,#13267,#13268,
#13269,#13270,#13271,#13272,#13273,#13274,#13275,#13276,#13277,#13278,#13279,
#13280,#13281,#13282,#13283,#13284,#13285,#13286,#13287,#13288,#13289,#13290,
#13291,#13292,#13293,#13294,#13295,#13296,#13297,#13298,#13299,#13300,#13301,
#13302,#13303,#13304,#13305,#13306,#13307,#13308,#13309,#13310,#13311,#13312,
#13313,#13314,#13315,#13316,#13317,#13318,#13319,#13320,#13321,#13322,#13323,
#13324,#13325,#13326,#13327,#13328,#13329,#13330,#13331,#13332,#13333,#13334,
#13335,#13336,#13337,#13338,#13339,#13340,#13341,#13342,#13343,#13344,#13345,
#13346,#13347,#13348,#13349,#13350,#13351,#13352,#13353,#13354,#13355,#13356,
#13357,#13358,#13359,#13360,#13361,#13362,#13363,#13364,#13365,#13366,#13367,
#13368,#13369,#13370,#13371,#13372,#13373,#13374,#13375,#13376,#13377,#13378,
#13379,#13380,#13381,#13382,#13383,#13384,#13385,#13386,#13387,#13388,#13389,
#13390,#13391,#13392,#13393,#13394,#13395,#13396,#13397,#13398,#13399,#13400,
#13401,#13402,#13403,#13404,#13405,#13406,#13407,#13408,#13409,#13410,#13411,
#13412,#13413,#13414,#13415,#13416,#13417,#13418,#13419,#13420,#13421,#13422,
#13423,#13424,#13425,#13426,#13427,#13428,#13429,#13430,#13431,#13432,#13433,
#13434,#13435,#13436,#13437,#13438,#13439,#13440,#13441,#13442,#13443,#13444,
#13445,#13446,#13447,#13448,#13449,#13450,#13451,#13452,#13453,#13454,#13455,
#13456,#13457,#13458,#13459,#13460,#13461,#13462,#13463,#13464,#13465,#13466,
#13467,#13468,#13469,#13470,#13471,#13472,#13473,#13474,#13475,#13476,#13477,
#13478,#13479,#13480,#13481,#13482,#13483,#13484,#13485,#13486,#13487,#13488,
#13489,#13490,#13491,#13492,#13493,#13494,#13495,#13496,#13497,#13498,#13499,
#13500,#13501,#13502,#13503,#13504,#13505,#13506,#13507,#13508,#13509,#13510,
#13511,#13512,#13513,#13514,#13515,#13516,#13517,#13518,#13519,#13520,#13521,
#13522,#13523,#13524,#13525,#13526,#13527,#13528,#13529,#13530,#13531,#13532,
#13533,#13534,#13535,#13536,#13537,#13538,#13539,#13540,#13541,#13542,#13543,
#13544,#13545,#13546,#13547,#13548,#13549,#13550,#13551,#13552,#13553,#13554,
#13555,#13556,#13557,#13558,#13559,#13560,#13561,#13562,#13563,#13564,#13565,
#13566,#13567,#13568,#13569,#13570,#13571,#13572,#13573,#13574,#13575,#13576,
#13577,#13578,#13579,#13580,#13581,#13582,#13583,#13584,#13585,#13586,#13587,
#13588,#13589,#13590,#13591,#13592,#13593,#13594,#13595,#13596,#13597,#13598,
#13599,#13600,#13601,#13602,#13603,#13604,#13605,#13606,#13607,#13608,#13609,
#13610,#13611,#13612,#13613,#13614,#13615,#13616,#13617,#13618,#13619,#13620,
#13621,#13622,#13623,#13624,#13625,#13626,#13627,#13628,#13629,#13630,#13631,
#13632,#13633,#13634,#13635,#13636,#13637,#13638,#13639,#13640,#13641,#13642,
#13643,#13644,#13645,#13646,#13647,#13648,#13649,#13650,#13651,#13652,#13653,
#13654,#13655,#13656,#13657,#13658,#13659,#13660,#13661,#13662,#13663,#13664,
#13665,#13666,#13667,#13668,#13669,#13670,#13671,#13672,#13673,#13674,#13675,
#13676,#13677,#13678,#13679,#13680,#13681,#13682,#13683,#13684,#13685,#13686,
#13687,#13688,#13689,#13690,#13691,#13692,#13693,#13694,#13695,#13696,#13697,
#13698,#13699,#13700,#13701,#13702,#13703,#13704,#13705,#13706,#13707,#13708,
#13709,#13710,#13711,#13712,#13713,#13714,#13715,#13716,#13717,#13718,#13719,
#13720,#13721,#13722,#13723,#13724,#13725,#13726,#13727,#13728,#13729,#13730,
#13731,#13732,#13733,#13734,#13735,#13736,#13737,#13738,#13739,#13740,#13741,
#13742,#13743,#13744,#13745,#13746,#13747,#13748,#13749,#13750,#13751,#13752,
#13753,#13754,#13755,#13756,#13757,#13758,#13759,#13760,#13761,#13762,#13763,
#13764,#13765,#13766,#13767,#13768,#13769,#13770,#13771,#13772,#13773,#13774,
#13775,#13776,#13777,#13778,#13779,#13780,#13781,#13782,#13783,#13784,#13785,
#13786,#13787,#13788,#13789,#13790,#13791,#13792,#13793,#13794,#13795,#13796,
#13797,#13798,#13799,#13800,#13801,#13802,#13803,#13804,#13805,#13806,#13807,
#13808,#13809,#13810,#13811,#13812,#13813,#13814,#13815,#13816,#13817,#13818,
#13819,#13820,#13821,#13822,#13823,#13824,#13825,#13826,#13827,#13828,#13829,
#13830,#13831,#13832,#13833,#13834,#13835,#13836,#13837,#13838,#13839,#13840,
#13841,#13842,#13843,#13844,#13845,#13846,#13847,#13848,#13849,#13850,#13851,
#13852,#13853,#13854,#13855,#13856,#13857,#13858,#13859,#13860,#13861,#13862,
#13863,#13864,#13865,#13866,#13867,#13868,#13869,#13870,#13871,#13872,#13873,
#13874,#13875,#13876,#13877,#13878,#13879,#13880,#13881,#13882,#13883,#13884,
#13885,#13886,#13887,#13888,#13889,#13890,#13891,#13892,#13893,#13894,#13895,
#13896,#13897,#13898,#13899,#13900,#13901,#13902,#13903,#13904,#13905,#13906,
#13907,#13908,#13909,#13910,#13911,#13912,#13913,#13914,#13915,#13916,#13917,
#13918,#13919,#13920,#13921,#13922,#13923,#13924,#13925,#13926,#13927,#13928,
#13929,#13930,#13931,#13932,#13933,#13934,#13935,#13936,#13937,#13938,#13939,
#13940,#13941,#13942,#13943,#13944,#13945,#13946,#13947,#13948,#13949,#13950,
#13951,#13952,#13953,#13954,#13955,#13956,#13957,#13958,#13959,#13960,#13961,
#13962,#13963,#13964,#13965,#13966,#13967,#13968,#13969,#13970,#13971,#13972,
#13973,#13974,#13975,#13976,#13977,#13978,#13979,#13980,#13981,#13982,#13983,
#13984,#13985,#13986,#13987,#13988,#13989,#13990,#13991,#13992,#13993,#13994,
#13995,#13996,#13997,#13998,#13999,#14000,#14001,#14002,#14003,#14004,#14005,
#14006,#14007,#14008,#14009,#14010,#14011,#14012,#14013,#14014,#14015,#14016,
#14017,#14018,#14019,#14020,#14021,#14022,#14023,#14024,#14025,#14026,#14027,
#14028,#14029,#14030,#14031,#14032,#14033,#14034,#14035,#14036,#14037,#14038,
#14039,#14040,#14041,#14042,#14043,#14044,#14045,#14046,#14047,#14048,#14049,
#14050,#14051,#14052,#14053,#14054,#14055,#14056,#14057,#14058,#14059,#14060,
#14061,#14062,#14063,#14064,#14065,#14066,#14067,#14068,#14069,#14070,#14071,
#14072,#14073,#14074,#14075,#14076,#14077,#14078,#14079,#14080,#14081,#14082,
#14083,#14084,#14085,#14086,#14087,#14088,#14089,#14090,#14091,#14092,#14093,
#14094,#14095,#14096,#14097,#14098,#14099,#14100,#14101,#14102,#14103,#14104,
#14105,#14106,#14107,#14108,#14109,#14110,#14111,#14112,#14113,#14114,#14115,
#14116,#14117,#14118,#14119,#14120,#14121,#14122,#14123,#14124,#14125,#14126,
#14127,#14128,#14129,#14130,#14131,#14132,#14133,#14134,#14135,#14136,#14137,
#14138,#14139,#14140,#14141,#14142,#14143,#14144,#14145,#14146,#14147,#14148,
#14149,#14150,#14151,#14152,#14153,#14154,#14155,#14156,#14157,#14158,#14159,
#14160,#14161,#14162,#14163,#14164,#14165,#14166,#14167,#14168,#14169,#14170,
#14171,#14172,#14173,#14174,#14175,#14176,#14177,#14178,#14179,#14180,#14181,
#14182,#14183,#14184,#14185,#14186,#14187,#14188,#14189,#14190,#14191,#14192,
#14193,#14194,#14195,#14196,#14197,#14198,#14199,#14200,#14201,#14202,#14203,
#14204,#14205,#14206,#14207,#14208,#14209,#14210,#14211,#14212,#14213,#14214,
#14215,#14216,#14217,#14218,#14219,#14220,#14221,#14222,#14223,#14224,#14225,
#14226,#14227,#14228,#14229,#14230,#14231,#14232,#14233,#14234,#14235,#14236,
#14237,#14238,#14239,#14240,#14241,#14242,#14243,#14244,#14245,#14246,#14247,
#14248,#14249,#14250,#14251,#14252,#14253,#14254,#14255,#14256,#14257,#14258,
#14259,#14260,#14261,#14262,#14263,#14264,#14265,#14266,#14267,#14268,#14269,
#14270,#14271,#14272,#14273,#14274,#14275,#14276,#14277,#14278,#14279,#14280,
#14281,#14282,#14283,#14284,#14285,#14286,#14287,#14288,#14289,#14290,#14291,
#14292,#14293,#14294,#14295,#14296,#14297,#14298,#14299,#14300,#14301,#14302,
#14303,#14304,#14305,#14306,#14307,#14308,#14309,#14310,#14311,#14312,#14313,
#14314,#14315,#14316,#14317,#14318,#14319,#14320,#14321,#14322,#14323,#14324,
#14325,#14326,#14327,#14328,#14329,#14330,#14331,#14332,#14333,#14334,#14335,
#14336,#14337,#14338,#14339,#14340,#14341,#14342,#14343,#14344,#14345,#14346,
#14347,#14348,#14349,#14350,#14351,#14352,#14353,#14354,#14355,#14356,#14357,
#14358,#14359,#14360,#14361,#14362,#14363,#14364,#14365,#14366,#14367,#14368,
#14369,#14370,#14371,#14372,#14373,#14374,#14375,#14376,#14377,#14378,#14379,
#14380,#14381,#14382,#14383,#14384,#14385,#14386,#14387,#14388,#14389,#14390,
#14391,#14392,#14393,#14394,#14395,#14396,#14397,#14398,#14399,#14400,#14401,
#14402,#14403,#14404,#14405,#14406,#14407,#14408,#14409,#14410,#14411,#14412,
#14413,#14414,#14415,#14416,#14417,#14418,#14419,#14420,#14421,#14422,#14423,
#14424,#14425,#14426,#14427,#14428,#14429,#14430,#14431,#14432,#14433,#14434,
#14435,#14436,#14437,#14438,#14439,#14440,#14441,#14442,#14443,#14444,#14445,
#14446,#14447,#14448,#14449,#14450,#14451,#14452,#14453,#14454,#14455,#14456,
#14457,#14458,#14459,#14460,#14461,#14462,#14463,#14464,#14465,#14466,#14467,
#14468,#14469,#14470,#14471,#14472,#14473,#14474,#14475,#14476,#14477,#14478,
#14479,#14480,#14481,#14482,#14483,#14484,#14485,#14486,#14487,#14488,#14489,
#14490,#14491,#14492,#14493,#14494,#14495,#14496,#14497,#14498,#14499,#14500,
#14501,#14502,#14503,#14504,#14505,#14506,#14507,#14508,#14509,#14510,#14511,
#14512,#14513,#14514,#14515,#14516,#14517,#14518,#14519,#14520,#14521,#14522,
#14523,#14524,#14525,#14526,#14527,#14528,#14529,#14530,#14531,#14532,#14533,
#14534,#14535,#14536,#14537,#14538,#14539,#14540,#14541,#14542,#14543,#14544,
#14545,#14546,#14547,#14548,#14549,#14550,#14551,#14552,#14553,#14554,#14555,
#14556,#14557,#14558,#14559,#14560,#14561,#14562,#14563,#14564,#14565,#14566,
#14567,#14568,#14569,#14570,#14571,#14572,#14573,#14574,#14575,#14576,#14577,
#14578,#14579,#14580,#14581,#14582,#14583,#14584,#14585,#14586,#14587,#14588,
#14589,#14590,#14591,#14592,#14593,#14594,#14595,#14596,#14597,#14598,#14599,
#14600,#14601,#14602,#14603,#14604,#14605,#14606,#14607,#14608,#14609,#14610,
#14611,#14612,#14613,#14614,#14615,#14616,#14617,#14618,#14619,#14620,#14621,
#14622,#14623,#14624,#14625,#14626,#14627,#14628,#14629,#14630,#14631,#14632,
#14633,#14634,#14635,#14636,#14637,#14638,#14639,#14640,#14641,#14642,#14643,
#14644,#14645,#14646,#14647,#14648,#14649,#14650,#14651,#14652,#14653,#14654,
#14655,#14656,#14657,#14658,#14659,#14660,#14661,#14662,#14663,#14664,#14665,
#14666,#14667,#14668,#14669,#14670,#14671,#14672,#14673,#14674,#14675,#14676,
#14677,#14678,#14679,#14680,#14681,#14682,#14683,#14684,#14685,#14686,#14687,
#14688,#14689,#14690,#14691,#14692,#14693,#14694,#14695,#14696,#14697,#14698,
#14699,#14700,#14701,#14702,#14703,#14704,#14705,#14706,#14707,#14708,#14709,
#14710,#14711,#14712,#14713,#14714,#14715,#14716,#14717,#14718,#14719,#14720,
#14721,#14722,#14723,#14724,#14725,#14726,#14727,#14728,#14729,#14730,#14731,
#14732,#14733,#14734,#14735,#14736,#14737,#14738,#14739,#14740,#14741,#14742,
#14743,#14744,#14745,#14746,#14747,#14748,#14749,#14750,#14751,#14752,#14753,
#14754,#14755,#14756,#14757,#14758,#14759,#14760,#14761,#14762,#14763,#14764,
#14765,#14766,#14767,#14768,#14769,#14770,#14771,#14772,#14773,#14774,#14775,
#14776,#14777,#14778,#14779,#14780,#14781,#14782,#14783,#14784,#14785,#14786,
#14787,#14788,#14789,#14790,#14791,#14792,#14793,#14794,#14795,#14796,#14797,
#14798,#14799,#14800,#14801,#14802,#14803,#14804,#14805,#14806,#14807,#14808,
#14809,#14810,#14811,#14812,#14813,#14814,#14815,#14816,#14817,#14818,#14819,
#14820,#14821,#14822,#14823,#14824,#14825,#14826,#14827,#14828,#14829,#14830,
#14831,#14832,#14833,#14834,#14835,#14836,#14837,#14838,#14839,#14840,#14841,
#14842,#14843,#14844,#14845,#14846,#14847,#14848,#14849,#14850,#14851,#14852,
#14853,#14854,#14855,#14856,#14857,#14858,#14859,#14860,#14861,#14862,#14863,
#14864,#14865,#14866,#14867,#14868,#14869,#14870,#14871,#14872,#14873,#14874,
#14875,#14876,#14877,#14878,#14879,#14880,#14881,#14882,#14883,#14884,#14885,
#14886,#14887,#14888,#14889,#14890,#14891,#14892,#14893,#14894,#14895,#14896,
#14897,#14898,#14899,#14900,#14901,#14902,#14903,#14904,#14905,#14906,#14907,
#14908,#14909,#14910,#14911,#14912,#14913,#14914,#14915,#14916,#14917,#14918,
#14919,#14920,#14921,#14922,#14923,#14924,#14925,#14926,#14927,#14928,#14929,
#14930,#14931,#14932,#14933,#14934,#14935,#14936,#14937,#14938,#14939,#14940,
#14941,#14942,#14943,#14944,#14945,#14946,#14947,#14948,#14949,#14950,#14951,
#14952,#14953,#14954,#14955,#14956,#14957,#14958,#14959,#14960,#14961,#14962,
#14963,#14964,#14965,#14966,#14967,#14968,#14969,#14970,#14971,#14972,#14973,
#14974,#14975,#14976,#14977,#14978,#14979,#14980,#14981,#14982,#14983,#14984,
#14985,#14986,#14987,#14988,#14989,#14990,#14991,#14992,#14993,#14994,#14995,
#14996,#14997,#14998,#14999,#15000,#15001,#15002,#15003,#15004,#15005,#15006,
#15007,#15008,#15009,#15010,#15011,#15012,#15013,#15014,#15015,#15016,#15017,
#15018,#15019,#15020,#15021,#15022,#15023,#15024,#15025,#15026,#15027,#15028,
#15029,#15030,#15031,#15032,#15033,#15034,#15035,#15036,#15037,#15038,#15039,
#15040,#15041,#15042,#15043,#15044,#15045,#15046,#15047,#15048,#15049,#15050,
#15051,#15052,#15053,#15054,#15055,#15056,#15057,#15058,#15059,#15060,#15061,
#15062,#15063,#15064,#15065,#15066,#15067,#15068,#15069,#15070,#15071,#15072,
#15073,#15074,#15075,#15076,#15077,#15078,#15079,#15080,#15081,#15082,#15083,
#15084,#15085,#15086,#15087,#15088,#15089,#15090,#15091,#15092,#15093,#15094,
#15095,#15096,#15097,#15098,#15099,#15100,#15101,#15102,#15103,#15104,#15105,
#15106,#15107,#15108,#15109,#15110,#15111,#15112,#15113,#15114,#15115,#15116,
#15117,#15118,#15119,#15120,#15121,#15122,#15123,#15124,#15125,#15126,#15127,
#15128,#15129,#15130,#15131,#15132,#15133,#15134,#15135,#15136,#15137,#15138,
#15139,#15140,#15141,#15142,#15143,#15144,#15145,#15146,#15147,#15148,#15149,
#15150,#15151,#15152,#15153,#15154,#15155,#15156,#15157,#15158,#15159,#15160,
#15161,#15162,#15163,#15164,#15165,#15166,#15167,#15168,#15169,#15170,#15171,
#15172,#15173,#15174,#15175,#15176,#15177,#15178,#15179,#15180,#15181,#15182,
#15183,#15184,#15185,#15186,#15187,#15188,#15189,#15190,#15191,#15192,#15193,
#15194,#15195,#15196,#15197,#15198,#15199,#15200,#15201,#15202,#15203,#15204,
#15205,#15206,#15207,#15208,#15209,#15210,#15211,#15212,#15213,#15214,#15215,
#15216,#15217,#15218,#15219,#15220,#15221,#15222,#15223,#15224,#15225,#15226,
#15227,#15228,#15229,#15230,#15231,#15232,#15233,#15234,#15235,#15236,#15237,
#15238,#15239,#15240,#15241,#15242,#15243,#15244,#15245,#15246,#15247,#15248,
#15249,#15250,#15251,#15252,#15253,#15254,#15255,#15256,#15257,#15258,#15259,
#15260,#15261,#15262,#15263,#15264,#15265,#15266,#15267,#15268,#15269,#15270,
#15271,#15272,#15273,#15274,#15275,#15276,#15277,#15278,#15279,#15280,#15281,
#15282,#15283,#15284,#15285,#15286,#15287,#15288,#15289,#15290,#15291,#15292,
#15293,#15294,#15295,#15296,#15297,#15298,#15299,#15300,#15301,#15302,#15303,
#15304,#15305,#15306,#15307,#15308,#15309,#15310,#15311,#15312,#15313,#15314,
#15315,#15316,#15317,#15318,#15319,#15320,#15321,#15322,#15323,#15324,#15325,
#15326,#15327,#15328,#15329,#15330,#15331,#15332,#15333,#15334,#15335,#15336,
#15337,#15338,#15339,#15340,#15341,#15342,#15343,#15344,#15345,#15346,#15347,
#15348,#15349,#15350,#15351,#15352,#15353,#15354,#15355,#15356,#15357,#15358,
#15359,#15360,#15361,#15362,#15363,#15364,#15365,#15366,#15367,#15368,#15369,
#15370,#15371,#15372,#15373,#15374,#15375,#15376,#15377,#15378,#15379,#15380,
#15381,#15382,#15383,#15384,#15385,#15386,#15387,#15388,#15389,#15390,#15391,
#15392,#15393,#15394,#15395,#15396,#15397,#15398,#15399,#15400,#15401,#15402,
#15403,#15404,#15405,#15406,#15407,#15408,#15409,#15410,#15411,#15412,#15413,
#15414,#15415,#15416,#15417,#15418,#15419,#15420,#15421,#15422,#15423,#15424,
#15425,#15426,#15427,#15428,#15429,#15430,#15431,#15432,#15433,#15434,#15435,
#15436,#15437,#15438,#15439,#15440,#15441,#15442,#15443,#15444,#15445,#15446,
#15447,#15448,#15449,#15450,#15451,#15452,#15453,#15454,#15455,#15456,#15457,
#15458,#15459,#15460,#15461,#15462,#15463,#15464,#15465,#15466,#15467,#15468,
#15469,#15470,#15471,#15472,#15473,#15474,#15475,#15476,#15477,#15478,#15479,
#15480,#15481,#15482,#15483,#15484,#15485,#15486,#15487,#15488,#15489,#15490,
#15491,#15492,#15493,#15494,#15495,#15496,#15497,#15498,#15499,#15500,#15501,
#15502,#15503,#15504,#15505,#15506,#15507,#15508,#15509,#15510,#15511,#15512,
#15513,#15514,#15515,#15516,#15517,#15518,#15519,#15520,#15521,#15522,#15523,
#15524,#15525,#15526,#15527,#15528,#15529,#15530,#15531,#15532,#15533,#15534,
#15535,#15536,#15537,#15538,#15539,#15540,#15541,#15542,#15543,#15544,#15545,
#15546,#15547,#15548,#15549,#15550,#15551,#15552,#15553,#15554,#15555,#15556,
#15557,#15558,#15559,#15560,#15561,#15562,#15563,#15564,#15565,#15566,#15567,
#15568,#15569,#15570,#15571,#15572,#15573,#15574,#15575,#15576,#15577,#15578,
#15579,#15580,#15581,#15582,#15583,#15584,#15585,#15586,#15587,#15588,#15589,
#15590,#15591,#15592,#15593,#15594,#15595,#15596,#15597,#15598,#15599,#15600,
#15601,#15602,#15603,#15604,#15605,#15606,#15607,#15608,#15609,#15610,#15611,
#15612,#15613,#15614,#15615,#15616,#15617,#15618,#15619,#15620,#15621,#15622,
#15623,#15624,#15625,#15626,#15627,#15628,#15629,#15630,#15631,#15632,#15633,
#15634,#15635,#15636,#15637,#15638,#15639,#15640,#15641,#15642,#15643,#15644,
#15645,#15646,#15647,#15648,#15649,#15650,#15651,#15652,#15653,#15654,#15655));
#15657=IFCSTYLEDITEM(#15662,(#15658),'');
#15658=IFCPRESENTATIONSTYLEASSIGNMENT((#15659));
#15659=IFCSURFACESTYLE('',.BOTH.,(#15660));
#15660=IFCSURFACESTYLERENDERING(#15661,0.,$,$,$,$,$,$,.NOTDEFINED.);
#15661=IFCCOLOURRGB('',0.506983280181885,0.531564235687256,0.550000011920929);
#15662=IFCFACETEDBREP(#15656);
#15663=IFCPROJECT('07hUkdHgGydfWsFJH56q5B',#20464,'ClGray_4540797_AVV',
' ',' ',' ',' ',(#20459),#15664);
#15664=IFCUNITASSIGNMENT((#20460,#20461,#20462,#20463));
#15665=IFCGEOMETRICREPRESENTATIONSUBCONTEXT('Body','Model',*,*,*,*,#20459,
1.,.MODEL_VIEW.,$);
#15666=IFCAXIS2PLACEMENT3D(#15672,#15668,#15669);
#15667=IFCAXIS2PLACEMENT3D(#20458,#15670,#15671);
#15668=IFCDIRECTION((0.,0.,1.));
#15669=IFCDIRECTION((1.,0.,0.));
#15670=IFCDIRECTION((0.,0.,1.));
#15671=IFCDIRECTION((1.,0.,0.));
#15672=IFCCARTESIANPOINT((0.,0.,0.));
#15673=IFCCARTESIANPOINT((40.9184402376762,-12.8,2.21731087802709));
#15674=IFCCARTESIANPOINT((40.9184402376762,-19.2,2.21731087802709));
#15675=IFCCARTESIANPOINT((40.,-19.2,2.4));
#15676=IFCCARTESIANPOINT((40.,-12.8,2.4));
#15677=IFCCARTESIANPOINT((41.6970562748477,-12.8,1.69705627484771));
#15678=IFCCARTESIANPOINT((41.6970562748477,-19.2,1.69705627484771));
#15679=IFCCARTESIANPOINT((42.2173108780271,-12.8,0.918440237676215));
#15680=IFCCARTESIANPOINT((42.2173108780271,-19.2,0.918440237676215));
#15681=IFCCARTESIANPOINT((42.4,-12.8,-3.85949435922393E-16));
#15682=IFCCARTESIANPOINT((42.4,-19.2,-3.85949435922393E-16));
#15683=IFCCARTESIANPOINT((42.2173108780271,-12.8,-0.918440237676215));
#15684=IFCCARTESIANPOINT((42.2173108780271,-19.2,-0.918440237676215));
#15685=IFCCARTESIANPOINT((41.6970562748477,-12.8,-1.69705627484771));
#15686=IFCCARTESIANPOINT((41.6970562748477,-19.2,-1.69705627484771));
#15687=IFCCARTESIANPOINT((40.9184402376762,-12.8,-2.21731087802709));
#15688=IFCCARTESIANPOINT((40.9184402376762,-19.2,-2.21731087802709));
#15689=IFCCARTESIANPOINT((40.,-12.8,-2.4));
#15690=IFCCARTESIANPOINT((40.,-19.2,-2.4));
#15691=IFCCARTESIANPOINT((39.0815597623238,-12.8,-2.21731087802709));
#15692=IFCCARTESIANPOINT((39.0815597623238,-19.2,-2.21731087802709));
#15693=IFCCARTESIANPOINT((38.3029437251523,-12.8,-1.69705627484771));
#15694=IFCCARTESIANPOINT((38.3029437251523,-19.2,-1.69705627484771));
#15695=IFCCARTESIANPOINT((37.7826891219729,-12.8,-0.918440237676215));
#15696=IFCCARTESIANPOINT((37.7826891219729,-19.2,-0.918440237676215));
#15697=IFCCARTESIANPOINT((37.6,-12.8,-4.40872847693047E-16));
#15698=IFCCARTESIANPOINT((37.6,-19.2,-4.40872847693047E-16));
#15699=IFCCARTESIANPOINT((37.7826891219729,-12.8,0.918440237676216));
#15700=IFCCARTESIANPOINT((37.7826891219729,-19.2,0.918440237676216));
#15701=IFCCARTESIANPOINT((38.3029437251523,-12.8,1.69705627484771));
#15702=IFCCARTESIANPOINT((38.3029437251523,-19.2,1.69705627484771));
#15703=IFCCARTESIANPOINT((39.0815597623238,-12.8,2.21731087802709));
#15704=IFCCARTESIANPOINT((39.0815597623238,-19.2,2.21731087802709));
#15705=IFCCARTESIANPOINT((43.1,-19.2,-4.98518021399757E-16));
#15706=IFCCARTESIANPOINT((42.864026550785,-19.2,1.18631864033178));
#15707=IFCCARTESIANPOINT((42.864026550785,-19.2,-1.18631864033178));
#15708=IFCCARTESIANPOINT((42.1920310216783,-19.2,2.1920310216783));
#15709=IFCCARTESIANPOINT((36.9,-19.2,-5.69460761603519E-16));
#15710=IFCCARTESIANPOINT((37.135973449215,-19.2,-1.18631864033178));
#15711=IFCCARTESIANPOINT((41.1863186403318,-19.2,2.86402655078499));
#15712=IFCCARTESIANPOINT((37.8079689783217,-19.2,-2.1920310216783));
#15713=IFCCARTESIANPOINT((40.,-19.2,3.1));
#15714=IFCCARTESIANPOINT((38.8136813596682,-19.2,2.86402655078499));
#15715=IFCCARTESIANPOINT((37.8079689783217,-19.2,2.1920310216783));
#15716=IFCCARTESIANPOINT((37.135973449215,-19.2,1.18631864033178));
#15717=IFCCARTESIANPOINT((38.8136813596682,-19.2,-2.86402655078499));
#15718=IFCCARTESIANPOINT((40.,-19.2,-3.1));
#15719=IFCCARTESIANPOINT((41.1863186403318,-19.2,-2.86402655078499));
#15720=IFCCARTESIANPOINT((42.1920310216783,-19.2,-2.1920310216783));
#15721=IFCCARTESIANPOINT((41.1863186403318,-20.,2.86402655078499));
#15722=IFCCARTESIANPOINT((40.,-20.,3.1));
#15723=IFCCARTESIANPOINT((42.1920310216783,-20.,2.1920310216783));
#15724=IFCCARTESIANPOINT((42.864026550785,-20.,1.18631864033178));
#15725=IFCCARTESIANPOINT((43.1,-20.,-4.98518021399757E-16));
#15726=IFCCARTESIANPOINT((42.864026550785,-20.,-1.18631864033178));
#15727=IFCCARTESIANPOINT((42.1920310216783,-20.,-2.1920310216783));
#15728=IFCCARTESIANPOINT((41.1863186403318,-20.,-2.86402655078499));
#15729=IFCCARTESIANPOINT((40.,-20.,-3.1));
#15730=IFCCARTESIANPOINT((38.8136813596682,-20.,-2.86402655078499));
#15731=IFCCARTESIANPOINT((37.8079689783217,-20.,-2.1920310216783));
#15732=IFCCARTESIANPOINT((37.135973449215,-20.,-1.18631864033178));
#15733=IFCCARTESIANPOINT((36.9,-20.,-5.69460761603519E-16));
#15734=IFCCARTESIANPOINT((37.135973449215,-20.,1.18631864033178));
#15735=IFCCARTESIANPOINT((37.8079689783217,-20.,2.1920310216783));
#15736=IFCCARTESIANPOINT((38.8136813596682,-20.,2.86402655078499));
#15737=IFCCARTESIANPOINT((34.2173108780271,-12.8,-0.918440237676215));
#15738=IFCCARTESIANPOINT((34.4,-12.8,-3.85949435922393E-16));
#15739=IFCCARTESIANPOINT((32.,-12.8,3.10000000000001));
#15740=IFCCARTESIANPOINT((33.6970562748477,-12.8,1.69705627484771));
#15741=IFCCARTESIANPOINT((32.9184402376762,-12.8,2.21731087802709));
#15742=IFCCARTESIANPOINT((33.6970562748477,-12.8,-1.69705627484771));
#15743=IFCCARTESIANPOINT((40.,-12.8,-3.1));
#15744=IFCCARTESIANPOINT((34.2173108780271,-12.8,0.918440237676215));
#15745=IFCCARTESIANPOINT((32.,-12.8,-3.1));
#15746=IFCCARTESIANPOINT((32.,-12.8,-2.4));
#15747=IFCCARTESIANPOINT((32.9184402376762,-12.8,-2.21731087802709));
#15748=IFCCARTESIANPOINT((32.,-12.8,2.4));
#15749=IFCCARTESIANPOINT((30.8136813596682,-12.8,-2.86402655078499));
#15750=IFCCARTESIANPOINT((31.0815597623238,-12.8,-2.21731087802709));
#15751=IFCCARTESIANPOINT((29.8079689783217,-12.8,-2.1920310216783));
#15752=IFCCARTESIANPOINT((29.135973449215,-12.8,-1.18631864033178));
#15753=IFCCARTESIANPOINT((29.7826891219729,-12.8,-0.918440237676215));
#15754=IFCCARTESIANPOINT((30.3029437251523,-12.8,-1.69705627484771));
#15755=IFCCARTESIANPOINT((41.3776603565143,-12.8,3.32596631704064));
#15756=IFCCARTESIANPOINT((40.,-12.8,3.1));
#15757=IFCCARTESIANPOINT((28.9,-12.8,-5.69460761603519E-16));
#15758=IFCCARTESIANPOINT((29.135973449215,-12.8,1.18631864033178));
#15759=IFCCARTESIANPOINT((29.7826891219729,-12.8,0.918440237676216));
#15760=IFCCARTESIANPOINT((29.6,-12.8,-4.40872847693047E-16));
#15761=IFCCARTESIANPOINT((42.5455844122716,-12.8,2.54558441227157));
#15762=IFCCARTESIANPOINT((43.6,-12.8,2.8258245797105E-15));
#15763=IFCCARTESIANPOINT((43.3259663170406,-12.8,-1.37766035651432));
#15764=IFCCARTESIANPOINT((29.8079689783217,-12.8,2.1920310216783));
#15765=IFCCARTESIANPOINT((30.8136813596682,-12.8,2.86402655078499));
#15766=IFCCARTESIANPOINT((31.0815597623238,-12.8,2.21731087802709));
#15767=IFCCARTESIANPOINT((30.3029437251523,-12.8,1.69705627484771));
#15768=IFCCARTESIANPOINT((43.3259663170406,-12.8,1.37766035651433));
#15769=IFCCARTESIANPOINT((42.5455844122716,-12.8,-2.54558441227157));
#15770=IFCCARTESIANPOINT((41.3776603565143,-12.8,-3.32596631704063));
#15771=IFCCARTESIANPOINT((40.,-12.8,-3.6));
#15772=IFCCARTESIANPOINT((40.,-12.8,3.6));
#15773=IFCCARTESIANPOINT((40.,-12.,3.10000000000001));
#15774=IFCCARTESIANPOINT((32.,-12.,3.10000000000001));
#15775=IFCCARTESIANPOINT((32.,-12.,-3.1));
#15776=IFCCARTESIANPOINT((40.,-12.,-3.1));
#15777=IFCCARTESIANPOINT((30.8136813596682,-12.,-2.86402655078499));
#15778=IFCCARTESIANPOINT((29.8079689783217,-12.,-2.1920310216783));
#15779=IFCCARTESIANPOINT((29.135973449215,-12.,-1.18631864033178));
#15780=IFCCARTESIANPOINT((28.9,-12.,-5.69460761603519E-16));
#15781=IFCCARTESIANPOINT((29.135973449215,-12.,1.18631864033178));
#15782=IFCCARTESIANPOINT((29.8079689783217,-12.,2.1920310216783));
#15783=IFCCARTESIANPOINT((30.8136813596682,-12.,2.86402655078499));
#15784=IFCCARTESIANPOINT((40.,-12.,3.6));
#15785=IFCCARTESIANPOINT((40.,-12.2,3.6));
#15786=IFCCARTESIANPOINT((40.,-12.,-3.6));
#15787=IFCCARTESIANPOINT((41.3776603565143,-20.,3.32596631704064));
#15788=IFCCARTESIANPOINT((40.,-19.8,3.6));
#15789=IFCCARTESIANPOINT((40.,-20.,3.6));
#15790=IFCCARTESIANPOINT((42.5455844122716,-20.,2.54558441227157));
#15791=IFCCARTESIANPOINT((43.3259663170406,-20.,1.37766035651433));
#15792=IFCCARTESIANPOINT((43.6,-20.,2.8258245797105E-15));
#15793=IFCCARTESIANPOINT((43.3259663170406,-20.,-1.37766035651432));
#15794=IFCCARTESIANPOINT((42.5455844122716,-20.,-2.54558441227157));
#15795=IFCCARTESIANPOINT((41.3776603565143,-20.,-3.32596631704063));
#15796=IFCCARTESIANPOINT((40.,-20.,-3.6));
#15797=IFCCARTESIANPOINT((28.,-12.,3.6));
#15798=IFCCARTESIANPOINT((29.6,-12.,3.6));
#15799=IFCCARTESIANPOINT((28.,-12.,-3.6));
#15800=IFCCARTESIANPOINT((28.,-12.,-2.95));
#15801=IFCCARTESIANPOINT((32.9184402376762,-19.2,2.21731087802709));
#15802=IFCCARTESIANPOINT((32.,-19.2,2.4));
#15803=IFCCARTESIANPOINT((33.6970562748477,-19.2,1.69705627484771));
#15804=IFCCARTESIANPOINT((34.2173108780271,-19.2,0.918440237676215));
#15805=IFCCARTESIANPOINT((34.4,-19.2,-3.85949435922393E-16));
#15806=IFCCARTESIANPOINT((34.2173108780271,-19.2,-0.918440237676215));
#15807=IFCCARTESIANPOINT((33.6970562748477,-19.2,-1.69705627484771));
#15808=IFCCARTESIANPOINT((32.9184402376762,-19.2,-2.21731087802709));
#15809=IFCCARTESIANPOINT((32.,-19.2,-2.4));
#15810=IFCCARTESIANPOINT((31.0815597623238,-19.2,-2.21731087802709));
#15811=IFCCARTESIANPOINT((30.3029437251523,-19.2,-1.69705627484771));
#15812=IFCCARTESIANPOINT((29.7826891219729,-19.2,-0.918440237676215));
#15813=IFCCARTESIANPOINT((29.6,-19.2,-4.40872847693047E-16));
#15814=IFCCARTESIANPOINT((29.7826891219729,-19.2,0.918440237676216));
#15815=IFCCARTESIANPOINT((30.3029437251523,-19.2,1.69705627484771));
#15816=IFCCARTESIANPOINT((31.0815597623238,-19.2,2.21731087802709));
#15817=IFCCARTESIANPOINT((35.1,-19.2,-4.98518021399757E-16));
#15818=IFCCARTESIANPOINT((34.864026550785,-19.2,1.18631864033178));
#15819=IFCCARTESIANPOINT((34.864026550785,-19.2,-1.18631864033178));
#15820=IFCCARTESIANPOINT((34.1920310216783,-19.2,2.1920310216783));
#15821=IFCCARTESIANPOINT((33.1863186403318,-19.2,2.86402655078499));
#15822=IFCCARTESIANPOINT((32.,-19.2,3.1));
#15823=IFCCARTESIANPOINT((30.8136813596682,-19.2,2.86402655078499));
#15824=IFCCARTESIANPOINT((29.8079689783217,-19.2,2.1920310216783));
#15825=IFCCARTESIANPOINT((29.135973449215,-19.2,1.18631864033178));
#15826=IFCCARTESIANPOINT((29.8079689783217,-19.2,-2.1920310216783));
#15827=IFCCARTESIANPOINT((30.8136813596682,-19.2,-2.86402655078499));
#15828=IFCCARTESIANPOINT((33.1863186403318,-19.2,-2.86402655078499));
#15829=IFCCARTESIANPOINT((34.1920310216783,-19.2,-2.1920310216783));
#15830=IFCCARTESIANPOINT((28.9,-19.2,-5.69460761603519E-16));
#15831=IFCCARTESIANPOINT((29.135973449215,-19.2,-1.18631864033178));
#15832=IFCCARTESIANPOINT((32.,-19.2,-3.1));
#15833=IFCCARTESIANPOINT((33.1863186403318,-20.,2.86402655078499));
#15834=IFCCARTESIANPOINT((32.,-20.,3.1));
#15835=IFCCARTESIANPOINT((34.1920310216783,-20.,2.1920310216783));
#15836=IFCCARTESIANPOINT((34.864026550785,-20.,1.18631864033178));
#15837=IFCCARTESIANPOINT((35.1,-20.,-4.98518021399757E-16));
#15838=IFCCARTESIANPOINT((34.864026550785,-20.,-1.18631864033178));
#15839=IFCCARTESIANPOINT((34.1920310216783,-20.,-2.1920310216783));
#15840=IFCCARTESIANPOINT((33.1863186403318,-20.,-2.86402655078499));
#15841=IFCCARTESIANPOINT((32.,-20.,-3.1));
#15842=IFCCARTESIANPOINT((30.8136813596682,-20.,-2.86402655078499));
#15843=IFCCARTESIANPOINT((29.8079689783217,-20.,-2.1920310216783));
#15844=IFCCARTESIANPOINT((29.135973449215,-20.,-1.18631864033178));
#15845=IFCCARTESIANPOINT((28.9,-20.,-5.69460761603519E-16));
#15846=IFCCARTESIANPOINT((29.135973449215,-20.,1.18631864033178));
#15847=IFCCARTESIANPOINT((29.8079689783217,-20.,2.1920310216783));
#15848=IFCCARTESIANPOINT((30.8136813596682,-20.,2.86402655078499));
#15849=IFCCARTESIANPOINT((28.,4.,-3.6));
#15850=IFCCARTESIANPOINT((28.,12.,-3.6));
#15851=IFCCARTESIANPOINT((28.,8.,-3.1));
#15852=IFCCARTESIANPOINT((28.,12.,-2.95));
#15853=IFCCARTESIANPOINT((28.,9.18631864033178,-2.86402655078499));
#15854=IFCCARTESIANPOINT((28.,0.,-3.6));
#15855=IFCCARTESIANPOINT((28.,4.,-2.95));
#15856=IFCCARTESIANPOINT((28.,-1.35508296824113E-15,-3.1));
#15857=IFCCARTESIANPOINT((28.,-8.,-3.1));
#15858=IFCCARTESIANPOINT((28.,-1.18631864033178,2.86402655078499));
#15859=IFCCARTESIANPOINT((28.,-6.81368135966822,2.86402655078499));
#15860=IFCCARTESIANPOINT((28.,-4.60588745030458,2.8));
#15861=IFCCARTESIANPOINT((28.,-3.39411254969543,2.8));
#15862=IFCCARTESIANPOINT((28.,4.,3.6));
#15863=IFCCARTESIANPOINT((28.,3.21747949367828,2.76776143868648));
#15864=IFCCARTESIANPOINT((28.,3.39411254969543,2.8));
#15865=IFCCARTESIANPOINT((28.,2.1920310216783,2.1920310216783));
#15866=IFCCARTESIANPOINT((28.,2.90779767209816,2.18381979588779));
#15867=IFCCARTESIANPOINT((28.,2.89811132709428,2.36310932718839));
#15868=IFCCARTESIANPOINT((28.,-4.78252050632172,2.76776143868648));
#15869=IFCCARTESIANPOINT((28.,-1.18631864033178,-2.86402655078499));
#15870=IFCCARTESIANPOINT((28.,-3.21747949367828,-2.76776143868648));
#15871=IFCCARTESIANPOINT((28.,-3.39411254969543,-2.8));
#15872=IFCCARTESIANPOINT((28.,3.06362402008675,2.67520305408818));
#15873=IFCCARTESIANPOINT((28.,2.95238644539604,2.53426064283291));
#15874=IFCCARTESIANPOINT((28.,-5.8079689783217,2.1920310216783));
#15875=IFCCARTESIANPOINT((28.,-4.60588745030457,-2.8));
#15876=IFCCARTESIANPOINT((28.,-6.81368135966822,-2.86402655078499));
#15877=IFCCARTESIANPOINT((28.,2.98019638509842,2.01951219512195));
#15878=IFCCARTESIANPOINT((28.,2.86402655078499,1.18631864033178));
#15879=IFCCARTESIANPOINT((28.,-3.06362402008675,2.67520305408818));
#15880=IFCCARTESIANPOINT((28.,-2.95238644539604,2.53426064283291));
#15881=IFCCARTESIANPOINT((28.,-3.21747949367828,2.76776143868648));
#15882=IFCCARTESIANPOINT((28.,-4.78252050632172,-2.76776143868648));
#15883=IFCCARTESIANPOINT((28.,3.52929341679988,-0.709991533845999));
#15884=IFCCARTESIANPOINT((28.,3.52929341679989,0.709991533845995));
#15885=IFCCARTESIANPOINT((28.,-8.,3.1));
#15886=IFCCARTESIANPOINT((28.,-2.1920310216783,-2.1920310216783));
#15887=IFCCARTESIANPOINT((28.,1.18631864033178,2.86402655078499));
#15888=IFCCARTESIANPOINT((28.,-2.95238644539604,-2.53426064283291));
#15889=IFCCARTESIANPOINT((28.,-3.06362402008675,-2.67520305408818));
#15890=IFCCARTESIANPOINT((28.,-2.90779767209816,-2.18381979588779));
#15891=IFCCARTESIANPOINT((28.,-2.89811132709428,-2.36310932718839));
#15892=IFCCARTESIANPOINT((28.,-5.8079689783217,-2.1920310216783));
#15893=IFCCARTESIANPOINT((28.,-5.04761355460396,-2.53426064283291));
#15894=IFCCARTESIANPOINT((28.,-5.10188867290572,-2.36310932718839));
#15895=IFCCARTESIANPOINT((28.,-4.93637597991325,-2.67520305408818));
#15896=IFCCARTESIANPOINT((28.,-5.04761355460396,2.53426064283291));
#15897=IFCCARTESIANPOINT((28.,-4.93637597991325,2.67520305408818));
#15898=IFCCARTESIANPOINT((28.,-5.09220232790184,2.18381979588779));
#15899=IFCCARTESIANPOINT((28.,-5.10188867290572,2.36310932718839));
#15900=IFCCARTESIANPOINT((28.,0.,3.6));
#15901=IFCCARTESIANPOINT((28.,-1.73472347597681E-15,3.1));
#15902=IFCCARTESIANPOINT((28.,-9.18631864033178,2.86402655078499));
#15903=IFCCARTESIANPOINT((28.,-2.98019638509842,-2.01951219512195));
#15904=IFCCARTESIANPOINT((28.,-2.86402655078499,-1.18631864033178));
#15905=IFCCARTESIANPOINT((28.,-5.01980361490158,2.01951219512195));
#15906=IFCCARTESIANPOINT((28.,-5.13597344921501,1.18631864033178));
#15907=IFCCARTESIANPOINT((28.,-10.1920310216783,2.1920310216783));
#15908=IFCCARTESIANPOINT((28.,4.,-2.8));
#15909=IFCCARTESIANPOINT((28.,3.39411254969543,-2.8));
#15910=IFCCARTESIANPOINT((28.,2.1920310216783,-2.1920310216783));
#15911=IFCCARTESIANPOINT((28.,2.95238644539604,-2.53426064283291));
#15912=IFCCARTESIANPOINT((28.,2.89811132709428,-2.36310932718839));
#15913=IFCCARTESIANPOINT((28.,3.21747949367828,-2.76776143868648));
#15914=IFCCARTESIANPOINT((28.,3.06362402008675,-2.67520305408818));
#15915=IFCCARTESIANPOINT((28.,-2.1920310216783,2.1920310216783));
#15916=IFCCARTESIANPOINT((28.,-2.89811132709428,2.36310932718839));
#15917=IFCCARTESIANPOINT((28.,-2.90779767209816,2.18381979588779));
#15918=IFCCARTESIANPOINT((28.,-3.52929341679988,0.709991533845998));
#15919=IFCCARTESIANPOINT((28.,-3.1,-1.5491782009214E-15));
#15920=IFCCARTESIANPOINT((28.,-3.52929341679989,-0.709991533845997));
#15921=IFCCARTESIANPOINT((28.,-5.13597344921501,-1.18631864033178));
#15922=IFCCARTESIANPOINT((28.,-4.47070658320012,-0.709991533845998));
#15923=IFCCARTESIANPOINT((28.,-4.47070658320012,0.709991533845996));
#15924=IFCCARTESIANPOINT((28.,-10.864026550785,-1.18631864033178));
#15925=IFCCARTESIANPOINT((28.,-11.1,-2.52889564023928E-15));
#15926=IFCCARTESIANPOINT((28.,1.18631864033178,-2.86402655078499));
#15927=IFCCARTESIANPOINT((28.,-2.86402655078499,1.18631864033178));
#15928=IFCCARTESIANPOINT((28.,-5.09220232790184,-2.18381979588779));
#15929=IFCCARTESIANPOINT((28.,4.,2.8));
#15930=IFCCARTESIANPOINT((28.,-10.864026550785,1.18631864033178));
#15931=IFCCARTESIANPOINT((28.,-9.18631864033178,-2.86402655078499));
#15932=IFCCARTESIANPOINT((28.,2.86402655078499,-1.18631864033178));
#15933=IFCCARTESIANPOINT((28.,2.90779767209816,-2.18381979588779));
#15934=IFCCARTESIANPOINT((28.,-4.9,-2.45795290003552E-15));
#15935=IFCCARTESIANPOINT((28.,-10.1920310216783,-2.1920310216783));
#15936=IFCCARTESIANPOINT((28.,3.1,-1.47823546071764E-15));
#15937=IFCCARTESIANPOINT((28.,-5.01980361490158,-2.01951219512195));
#15938=IFCCARTESIANPOINT((28.,2.98019638509842,-2.01951219512195));
#15939=IFCCARTESIANPOINT((28.,-2.98019638509842,2.01951219512195));
#15940=IFCCARTESIANPOINT((28.,6.81368135966822,2.86402655078499));
#15941=IFCCARTESIANPOINT((28.,8.,3.1));
#15942=IFCCARTESIANPOINT((28.,5.8079689783217,2.1920310216783));
#15943=IFCCARTESIANPOINT((28.,5.04761355460395,2.53426064283291));
#15944=IFCCARTESIANPOINT((28.,5.10188867290571,2.36310932718839));
#15945=IFCCARTESIANPOINT((28.,4.60588745030457,2.8));
#15946=IFCCARTESIANPOINT((28.,5.8079689783217,-2.1920310216783));
#15947=IFCCARTESIANPOINT((28.,5.10188867290571,-2.36310932718839));
#15948=IFCCARTESIANPOINT((28.,5.04761355460396,-2.53426064283291));
#15949=IFCCARTESIANPOINT((28.,5.01980361490157,-2.01951219512195));
#15950=IFCCARTESIANPOINT((28.,5.09220232790184,-2.18381979588779));
#15951=IFCCARTESIANPOINT((28.,5.13597344921501,-1.18631864033178));
#15952=IFCCARTESIANPOINT((28.,12.,3.6));
#15953=IFCCARTESIANPOINT((28.,4.93637597991324,2.67520305408818));
#15954=IFCCARTESIANPOINT((28.,4.78252050632171,2.76776143868648));
#15955=IFCCARTESIANPOINT((28.,5.13597344921501,1.18631864033178));
#15956=IFCCARTESIANPOINT((28.,5.09220232790184,2.18381979588779));
#15957=IFCCARTESIANPOINT((28.,4.93637597991324,-2.67520305408818));
#15958=IFCCARTESIANPOINT((28.,4.47070658320011,0.709991533845998));
#15959=IFCCARTESIANPOINT((28.,4.47070658320011,-0.709991533845997));
#15960=IFCCARTESIANPOINT((28.,4.9,-5.69460761603519E-16));
#15961=IFCCARTESIANPOINT((28.,4.78252050632172,-2.76776143868648));
#15962=IFCCARTESIANPOINT((28.,10.864026550785,-1.18631864033178));
#15963=IFCCARTESIANPOINT((28.,10.1920310216783,-2.1920310216783));
#15964=IFCCARTESIANPOINT((28.,10.864026550785,1.18631864033178));
#15965=IFCCARTESIANPOINT((28.,11.1,-4.98518021399758E-16));
#15966=IFCCARTESIANPOINT((28.,9.18631864033178,2.86402655078499));
#15967=IFCCARTESIANPOINT((28.,10.1920310216783,2.1920310216783));
#15968=IFCCARTESIANPOINT((28.,5.01980361490157,2.01951219512195));
#15969=IFCCARTESIANPOINT((28.,6.81368135966822,-2.86402655078499));
#15970=IFCCARTESIANPOINT((28.,4.60588745030457,-2.8));
#15971=IFCCARTESIANPOINT((24.9,3.39411254969543,2.8));
#15972=IFCCARTESIANPOINT((24.9,4.60588745030457,2.8));
#15973=IFCCARTESIANPOINT((24.9,2.98019638509842,-2.01951219512195));
#15974=IFCCARTESIANPOINT((24.9,4.78252050632172,-2.76776143868648));
#15975=IFCCARTESIANPOINT((24.9,4.93637597991324,-2.67520305408818));
#15976=IFCCARTESIANPOINT((24.9,5.04761355460396,-2.53426064283291));
#15977=IFCCARTESIANPOINT((24.9,5.10188867290571,-2.36310932718839));
#15978=IFCCARTESIANPOINT((24.9,5.09220232790184,-2.18381979588779));
#15979=IFCCARTESIANPOINT((24.9,5.01980361490157,-2.01951219512195));
#15980=IFCCARTESIANPOINT((24.9,4.47070658320011,-0.709991533845997));
#15981=IFCCARTESIANPOINT((24.9,3.52929341679988,-0.709991533845999));
#15982=IFCCARTESIANPOINT((24.9,5.01980361490157,2.01951219512195));
#15983=IFCCARTESIANPOINT((24.9,3.21747949367828,2.76776143868648));
#15984=IFCCARTESIANPOINT((24.9,3.06362402008675,2.67520305408818));
#15985=IFCCARTESIANPOINT((24.9,2.95238644539604,2.53426064283291));
#15986=IFCCARTESIANPOINT((24.9,2.89811132709428,2.36310932718839));
#15987=IFCCARTESIANPOINT((24.9,2.90779767209816,2.18381979588779));
#15988=IFCCARTESIANPOINT((24.9,2.98019638509842,2.01951219512195));
#15989=IFCCARTESIANPOINT((24.9,4.47070658320011,0.709991533845998));
#15990=IFCCARTESIANPOINT((24.9,3.52929341679989,0.709991533845995));
#15991=IFCCARTESIANPOINT((24.9,5.09220232790184,2.18381979588779));
#15992=IFCCARTESIANPOINT((24.9,5.10188867290571,2.36310932718839));
#15993=IFCCARTESIANPOINT((24.9,5.04761355460395,2.53426064283291));
#15994=IFCCARTESIANPOINT((24.9,4.93637597991324,2.67520305408818));
#15995=IFCCARTESIANPOINT((24.9,4.78252050632171,2.76776143868648));
#15996=IFCCARTESIANPOINT((24.9,2.90779767209816,-2.18381979588779));
#15997=IFCCARTESIANPOINT((24.9,2.89811132709428,-2.36310932718839));
#15998=IFCCARTESIANPOINT((24.9,2.95238644539604,-2.53426064283291));
#15999=IFCCARTESIANPOINT((24.9,3.06362402008675,-2.67520305408818));
#16000=IFCCARTESIANPOINT((24.9,3.21747949367828,-2.76776143868648));
#16001=IFCCARTESIANPOINT((24.9,3.39411254969543,-2.8));
#16002=IFCCARTESIANPOINT((24.9,4.60588745030457,-2.8));
#16003=IFCCARTESIANPOINT((24.9,-3.52929341679989,-0.709991533845997));
#16004=IFCCARTESIANPOINT((24.9,-2.98019638509842,-2.01951219512195));
#16005=IFCCARTESIANPOINT((24.9,-3.52929341679988,0.709991533845998));
#16006=IFCCARTESIANPOINT((24.9,-2.98019638509842,2.01951219512195));
#16007=IFCCARTESIANPOINT((24.9,-5.01980361490158,2.01951219512195));
#16008=IFCCARTESIANPOINT((24.9,-4.47070658320012,0.709991533845996));
#16009=IFCCARTESIANPOINT((24.9,-3.21747949367828,2.76776143868648));
#16010=IFCCARTESIANPOINT((24.9,-3.39411254969543,2.8));
#16011=IFCCARTESIANPOINT((24.9,-4.60588745030458,2.8));
#16012=IFCCARTESIANPOINT((24.9,-4.78252050632172,2.76776143868648));
#16013=IFCCARTESIANPOINT((24.9,-4.93637597991325,2.67520305408818));
#16014=IFCCARTESIANPOINT((24.9,-5.04761355460396,2.53426064283291));
#16015=IFCCARTESIANPOINT((24.9,-5.10188867290572,2.36310932718839));
#16016=IFCCARTESIANPOINT((24.9,-5.09220232790184,2.18381979588779));
#16017=IFCCARTESIANPOINT((24.9,-4.47070658320012,-0.709991533845998));
#16018=IFCCARTESIANPOINT((24.9,-5.01980361490158,-2.01951219512195));
#16019=IFCCARTESIANPOINT((24.9,-2.90779767209816,2.18381979588779));
#16020=IFCCARTESIANPOINT((24.9,-2.89811132709428,2.36310932718839));
#16021=IFCCARTESIANPOINT((24.9,-2.95238644539604,2.53426064283291));
#16022=IFCCARTESIANPOINT((24.9,-3.06362402008675,2.67520305408818));
#16023=IFCCARTESIANPOINT((24.9,-4.78252050632172,-2.76776143868648));
#16024=IFCCARTESIANPOINT((24.9,-4.60588745030457,-2.8));
#16025=IFCCARTESIANPOINT((24.9,-3.39411254969543,-2.8));
#16026=IFCCARTESIANPOINT((24.9,-3.21747949367828,-2.76776143868648));
#16027=IFCCARTESIANPOINT((24.9,-3.06362402008675,-2.67520305408818));
#16028=IFCCARTESIANPOINT((24.9,-2.95238644539604,-2.53426064283291));
#16029=IFCCARTESIANPOINT((24.9,-2.89811132709428,-2.36310932718839));
#16030=IFCCARTESIANPOINT((24.9,-2.90779767209816,-2.18381979588779));
#16031=IFCCARTESIANPOINT((24.9,-5.09220232790184,-2.18381979588779));
#16032=IFCCARTESIANPOINT((24.9,-5.10188867290572,-2.36310932718839));
#16033=IFCCARTESIANPOINT((24.9,-5.04761355460396,-2.53426064283291));
#16034=IFCCARTESIANPOINT((24.9,-4.93637597991325,-2.67520305408818));
#16035=IFCCARTESIANPOINT((27.2,9.18631864033178,2.86402655078499));
#16036=IFCCARTESIANPOINT((27.2,8.,3.1));
#16037=IFCCARTESIANPOINT((27.2,10.1920310216783,2.1920310216783));
#16038=IFCCARTESIANPOINT((27.2,10.864026550785,1.18631864033178));
#16039=IFCCARTESIANPOINT((27.2,11.1,-4.98518021399758E-16));
#16040=IFCCARTESIANPOINT((27.2,10.864026550785,-1.18631864033178));
#16041=IFCCARTESIANPOINT((27.2,10.1920310216783,-2.1920310216783));
#16042=IFCCARTESIANPOINT((27.2,9.18631864033178,-2.86402655078499));
#16043=IFCCARTESIANPOINT((27.2,8.,-3.1));
#16044=IFCCARTESIANPOINT((27.2,6.81368135966822,-2.86402655078499));
#16045=IFCCARTESIANPOINT((27.2,5.8079689783217,-2.1920310216783));
#16046=IFCCARTESIANPOINT((27.2,5.13597344921501,-1.18631864033178));
#16047=IFCCARTESIANPOINT((27.2,4.9,-5.69460761603519E-16));
#16048=IFCCARTESIANPOINT((27.2,5.13597344921501,1.18631864033178));
#16049=IFCCARTESIANPOINT((27.2,5.8079689783217,2.1920310216783));
#16050=IFCCARTESIANPOINT((27.2,6.81368135966822,2.86402655078499));
#16051=IFCCARTESIANPOINT((27.2,9.69705627484771,1.69705627484771));
#16052=IFCCARTESIANPOINT((27.2,10.2173108780271,0.918440237676216));
#16053=IFCCARTESIANPOINT((27.2,7.08155976232378,2.21731087802709));
#16054=IFCCARTESIANPOINT((27.2,8.,2.4));
#16055=IFCCARTESIANPOINT((27.2,5.6,-4.40872847693047E-16));
#16056=IFCCARTESIANPOINT((27.2,5.78268912197291,0.918440237676216));
#16057=IFCCARTESIANPOINT((27.2,6.30294372515228,-1.69705627484771));
#16058=IFCCARTESIANPOINT((27.2,5.78268912197291,-0.918440237676215));
#16059=IFCCARTESIANPOINT((27.2,8.91844023767622,2.21731087802709));
#16060=IFCCARTESIANPOINT((27.2,6.30294372515228,1.69705627484771));
#16061=IFCCARTESIANPOINT((27.2,10.4,-3.85949435922393E-16));
#16062=IFCCARTESIANPOINT((27.2,10.2173108780271,-0.918440237676216));
#16063=IFCCARTESIANPOINT((27.2,7.08155976232378,-2.21731087802709));
#16064=IFCCARTESIANPOINT((27.2,8.,-2.4));
#16065=IFCCARTESIANPOINT((27.2,9.69705627484771,-1.69705627484772));
#16066=IFCCARTESIANPOINT((27.2,8.91844023767621,-2.21731087802709));
#16067=IFCCARTESIANPOINT((20.8,8.91844023767622,2.21731087802709));
#16068=IFCCARTESIANPOINT((20.8,8.,2.4));
#16069=IFCCARTESIANPOINT((20.8,9.69705627484771,1.69705627484771));
#16070=IFCCARTESIANPOINT((20.8,10.2173108780271,0.918440237676216));
#16071=IFCCARTESIANPOINT((20.8,10.4,-3.85949435922393E-16));
#16072=IFCCARTESIANPOINT((20.8,10.2173108780271,-0.918440237676216));
#16073=IFCCARTESIANPOINT((20.8,9.69705627484771,-1.69705627484772));
#16074=IFCCARTESIANPOINT((20.8,8.91844023767621,-2.21731087802709));
#16075=IFCCARTESIANPOINT((20.8,8.,-2.4));
#16076=IFCCARTESIANPOINT((20.8,7.08155976232378,-2.21731087802709));
#16077=IFCCARTESIANPOINT((20.8,6.30294372515228,-1.69705627484771));
#16078=IFCCARTESIANPOINT((20.8,5.78268912197291,-0.918440237676215));
#16079=IFCCARTESIANPOINT((20.8,5.6,-4.40872847693047E-16));
#16080=IFCCARTESIANPOINT((20.8,5.78268912197291,0.918440237676216));
#16081=IFCCARTESIANPOINT((20.8,6.30294372515228,1.69705627484771));
#16082=IFCCARTESIANPOINT((20.8,7.08155976232378,2.21731087802709));
#16083=IFCCARTESIANPOINT((27.2,1.18631864033178,2.86402655078499));
#16084=IFCCARTESIANPOINT((27.2,-1.73472347597681E-15,3.1));
#16085=IFCCARTESIANPOINT((27.2,2.1920310216783,2.1920310216783));
#16086=IFCCARTESIANPOINT((27.2,2.86402655078499,1.18631864033178));
#16087=IFCCARTESIANPOINT((27.2,3.1,-1.47823546071764E-15));
#16088=IFCCARTESIANPOINT((27.2,2.86402655078499,-1.18631864033178));
#16089=IFCCARTESIANPOINT((27.2,2.1920310216783,-2.1920310216783));
#16090=IFCCARTESIANPOINT((27.2,1.18631864033178,-2.86402655078499));
#16091=IFCCARTESIANPOINT((27.2,-1.35508296824113E-15,-3.1));
#16092=IFCCARTESIANPOINT((27.2,-1.18631864033178,-2.86402655078499));
#16093=IFCCARTESIANPOINT((27.2,-2.1920310216783,-2.1920310216783));
#16094=IFCCARTESIANPOINT((27.2,-2.86402655078499,-1.18631864033178));
#16095=IFCCARTESIANPOINT((27.2,-3.1,-1.5491782009214E-15));
#16096=IFCCARTESIANPOINT((27.2,-2.86402655078499,1.18631864033178));
#16097=IFCCARTESIANPOINT((27.2,-2.1920310216783,2.1920310216783));
#16098=IFCCARTESIANPOINT((27.2,-1.18631864033178,2.86402655078499));
#16099=IFCCARTESIANPOINT((27.2,2.21731087802709,0.918440237676215));
#16100=IFCCARTESIANPOINT((27.2,2.4,-1.36566687524028E-15));
#16101=IFCCARTESIANPOINT((27.2,0.918440237676214,2.21731087802709));
#16102=IFCCARTESIANPOINT((27.2,1.69705627484771,1.69705627484771));
#16103=IFCCARTESIANPOINT((27.2,1.69705627484771,-1.69705627484772));
#16104=IFCCARTESIANPOINT((27.2,0.918440237676213,-2.21731087802709));
#16105=IFCCARTESIANPOINT((27.2,2.21731087802709,-0.918440237676217));
#16106=IFCCARTESIANPOINT((27.2,-1.73472347597681E-15,2.4));
#16107=IFCCARTESIANPOINT((27.2,-2.4,-1.42059028701093E-15));
#16108=IFCCARTESIANPOINT((27.2,-2.21731087802709,0.918440237676216));
#16109=IFCCARTESIANPOINT((27.2,-0.918440237676217,2.21731087802709));
#16110=IFCCARTESIANPOINT((27.2,-1.69705627484772,1.69705627484771));
#16111=IFCCARTESIANPOINT((27.2,-1.69705627484772,-1.69705627484772));
#16112=IFCCARTESIANPOINT((27.2,-2.21731087802709,-0.918440237676216));
#16113=IFCCARTESIANPOINT((27.2,-1.44080824418144E-15,-2.4));
#16114=IFCCARTESIANPOINT((27.2,-0.918440237676217,-2.21731087802709));
#16115=IFCCARTESIANPOINT((20.8,0.918440237676214,2.21731087802709));
#16116=IFCCARTESIANPOINT((20.8,-1.73472347597681E-15,2.4));
#16117=IFCCARTESIANPOINT((20.8,1.69705627484771,1.69705627484771));
#16118=IFCCARTESIANPOINT((20.8,2.21731087802709,0.918440237676215));
#16119=IFCCARTESIANPOINT((20.8,2.4,-1.36566687524028E-15));
#16120=IFCCARTESIANPOINT((20.8,2.21731087802709,-0.918440237676217));
#16121=IFCCARTESIANPOINT((20.8,1.69705627484771,-1.69705627484772));
#16122=IFCCARTESIANPOINT((20.8,0.918440237676213,-2.21731087802709));
#16123=IFCCARTESIANPOINT((20.8,-1.44080824418144E-15,-2.4));
#16124=IFCCARTESIANPOINT((20.8,-0.918440237676217,-2.21731087802709));
#16125=IFCCARTESIANPOINT((20.8,-1.69705627484772,-1.69705627484772));
#16126=IFCCARTESIANPOINT((20.8,-2.21731087802709,-0.918440237676216));
#16127=IFCCARTESIANPOINT((20.8,-2.4,-1.42059028701093E-15));
#16128=IFCCARTESIANPOINT((20.8,-2.21731087802709,0.918440237676216));
#16129=IFCCARTESIANPOINT((20.8,-1.69705627484772,1.69705627484771));
#16130=IFCCARTESIANPOINT((20.8,-0.918440237676217,2.21731087802709));
#16131=IFCCARTESIANPOINT((27.2,-6.81368135966822,2.86402655078499));
#16132=IFCCARTESIANPOINT((27.2,-8.,3.1));
#16133=IFCCARTESIANPOINT((27.2,-5.8079689783217,2.1920310216783));
#16134=IFCCARTESIANPOINT((27.2,-5.13597344921501,1.18631864033178));
#16135=IFCCARTESIANPOINT((27.2,-4.9,-2.45795290003552E-15));
#16136=IFCCARTESIANPOINT((27.2,-5.13597344921501,-1.18631864033178));
#16137=IFCCARTESIANPOINT((27.2,-5.8079689783217,-2.1920310216783));
#16138=IFCCARTESIANPOINT((27.2,-6.81368135966822,-2.86402655078499));
#16139=IFCCARTESIANPOINT((27.2,-8.,-3.1));
#16140=IFCCARTESIANPOINT((27.2,-9.18631864033178,-2.86402655078499));
#16141=IFCCARTESIANPOINT((27.2,-10.1920310216783,-2.1920310216783));
#16142=IFCCARTESIANPOINT((27.2,-10.864026550785,-1.18631864033178));
#16143=IFCCARTESIANPOINT((27.2,-11.1,-2.52889564023928E-15));
#16144=IFCCARTESIANPOINT((27.2,-10.864026550785,1.18631864033178));
#16145=IFCCARTESIANPOINT((27.2,-10.1920310216783,2.1920310216783));
#16146=IFCCARTESIANPOINT((27.2,-9.18631864033178,2.86402655078499));
#16147=IFCCARTESIANPOINT((27.2,-8.,2.4));
#16148=IFCCARTESIANPOINT((27.2,-7.08155976232379,2.21731087802709));
#16149=IFCCARTESIANPOINT((27.2,-10.2173108780271,0.918440237676215));
#16150=IFCCARTESIANPOINT((27.2,-9.69705627484772,1.69705627484771));
#16151=IFCCARTESIANPOINT((27.2,-10.2173108780271,-0.918440237676217));
#16152=IFCCARTESIANPOINT((27.2,-10.4,-2.40030772632881E-15));
#16153=IFCCARTESIANPOINT((27.2,-8.91844023767622,2.21731087802709));
#16154=IFCCARTESIANPOINT((27.2,-6.30294372515229,-1.69705627484772));
#16155=IFCCARTESIANPOINT((27.2,-7.08155976232379,-2.21731087802709));
#16156=IFCCARTESIANPOINT((27.2,-5.6,-2.34538431455816E-15));
#16157=IFCCARTESIANPOINT((27.2,-5.78268912197291,-0.918440237676218));
#16158=IFCCARTESIANPOINT((27.2,-6.30294372515229,1.69705627484771));
#16159=IFCCARTESIANPOINT((27.2,-5.78268912197291,0.918440237676214));
#16160=IFCCARTESIANPOINT((27.2,-8.91844023767622,-2.21731087802709));
#16161=IFCCARTESIANPOINT((27.2,-9.69705627484772,-1.69705627484772));
#16162=IFCCARTESIANPOINT((27.2,-8.,-2.4));
#16163=IFCCARTESIANPOINT((20.8,-7.08155976232379,2.21731087802709));
#16164=IFCCARTESIANPOINT((20.8,-8.,2.4));
#16165=IFCCARTESIANPOINT((20.8,-6.30294372515229,1.69705627484771));
#16166=IFCCARTESIANPOINT((20.8,-5.78268912197291,0.918440237676214));
#16167=IFCCARTESIANPOINT((20.8,-5.6,-2.34538431455816E-15));
#16168=IFCCARTESIANPOINT((20.8,-5.78268912197291,-0.918440237676218));
#16169=IFCCARTESIANPOINT((20.8,-6.30294372515229,-1.69705627484772));
#16170=IFCCARTESIANPOINT((20.8,-7.08155976232379,-2.21731087802709));
#16171=IFCCARTESIANPOINT((20.8,-8.,-2.4));
#16172=IFCCARTESIANPOINT((20.8,-8.91844023767622,-2.21731087802709));
#16173=IFCCARTESIANPOINT((20.8,-9.69705627484772,-1.69705627484772));
#16174=IFCCARTESIANPOINT((20.8,-10.2173108780271,-0.918440237676217));
#16175=IFCCARTESIANPOINT((20.8,-10.4,-2.40030772632881E-15));
#16176=IFCCARTESIANPOINT((20.8,-10.2173108780271,0.918440237676215));
#16177=IFCCARTESIANPOINT((20.8,-9.69705627484772,1.69705627484771));
#16178=IFCCARTESIANPOINT((20.8,-8.91844023767622,2.21731087802709));
#16179=IFCCARTESIANPOINT((20.8,4.9,-3.6));
#16180=IFCCARTESIANPOINT((20.8,4.9,-1.40016002998084E-15));
#16181=IFCCARTESIANPOINT((20.8,10.864026550785,1.18631864033178));
#16182=IFCCARTESIANPOINT((20.8,11.1,-1.95943487863577E-15));
#16183=IFCCARTESIANPOINT((20.8,11.1,-3.6));
#16184=IFCCARTESIANPOINT((20.8,5.13597344921501,1.18631864033178));
#16185=IFCCARTESIANPOINT((20.8,5.8079689783217,2.1920310216783));
#16186=IFCCARTESIANPOINT((20.8,10.1920310216783,2.1920310216783));
#16187=IFCCARTESIANPOINT((20.8,9.18631864033178,2.86402655078499));
#16188=IFCCARTESIANPOINT((20.8,6.81368135966822,2.86402655078499));
#16189=IFCCARTESIANPOINT((20.8,8.,3.1));
#16190=IFCCARTESIANPOINT((20.,4.9,-1.40016002998084E-15));
#16191=IFCCARTESIANPOINT((20.,4.9,-3.6));
#16192=IFCCARTESIANPOINT((20.,11.1,-3.6));
#16193=IFCCARTESIANPOINT((20.,11.1,-1.95943487863577E-15));
#16194=IFCCARTESIANPOINT((20.,5.13597344921501,1.18631864033178));
#16195=IFCCARTESIANPOINT((20.,5.8079689783217,2.1920310216783));
#16196=IFCCARTESIANPOINT((20.,6.81368135966822,2.86402655078499));
#16197=IFCCARTESIANPOINT((20.,8.,3.1));
#16198=IFCCARTESIANPOINT((20.,9.18631864033178,2.86402655078499));
#16199=IFCCARTESIANPOINT((20.,10.1920310216783,2.1920310216783));
#16200=IFCCARTESIANPOINT((20.,10.864026550785,1.18631864033178));
#16201=IFCCARTESIANPOINT((20.8,2.1920310216783,2.1920310216783));
#16202=IFCCARTESIANPOINT((20.8,2.86402655078499,1.18631864033178));
#16203=IFCCARTESIANPOINT((20.8,3.1,-1.95943487863577E-15));
#16204=IFCCARTESIANPOINT((20.8,3.1,-3.6));
#16205=IFCCARTESIANPOINT((20.8,0.,-3.6));
#16206=IFCCARTESIANPOINT((20.8,1.18631864033177,2.86402655078499));
#16207=IFCCARTESIANPOINT((20.8,-3.1,-3.6));
#16208=IFCCARTESIANPOINT((20.8,-3.1,-1.40016002998084E-15));
#16209=IFCCARTESIANPOINT((20.8,-2.86402655078499,1.18631864033178));
#16210=IFCCARTESIANPOINT((20.8,-2.1920310216783,2.1920310216783));
#16211=IFCCARTESIANPOINT((20.8,-1.18631864033178,2.86402655078499));
#16212=IFCCARTESIANPOINT((20.8,-2.49400449144817E-15,3.1));
#16213=IFCCARTESIANPOINT((20.,-3.1,-1.40016002998084E-15));
#16214=IFCCARTESIANPOINT((20.,-3.1,-3.6));
#16215=IFCCARTESIANPOINT((20.,3.1,-3.6));
#16216=IFCCARTESIANPOINT((20.,3.1,-1.95943487863577E-15));
#16217=IFCCARTESIANPOINT((20.,-2.86402655078499,1.18631864033178));
#16218=IFCCARTESIANPOINT((20.,-2.1920310216783,2.1920310216783));
#16219=IFCCARTESIANPOINT((20.,-1.18631864033178,2.86402655078499));
#16220=IFCCARTESIANPOINT((20.,-2.49400449144817E-15,3.1));
#16221=IFCCARTESIANPOINT((20.,1.18631864033177,2.86402655078499));
#16222=IFCCARTESIANPOINT((20.,2.1920310216783,2.1920310216783));
#16223=IFCCARTESIANPOINT((20.,2.86402655078499,1.18631864033178));
#16224=IFCCARTESIANPOINT((20.8,-6.81368135966823,2.86402655078499));
#16225=IFCCARTESIANPOINT((20.8,-5.80796897832171,2.1920310216783));
#16226=IFCCARTESIANPOINT((20.8,-5.13597344921501,1.18631864033178));
#16227=IFCCARTESIANPOINT((20.8,-4.9,-1.95943487863577E-15));
#16228=IFCCARTESIANPOINT((20.8,-4.9,-3.6));
#16229=IFCCARTESIANPOINT((20.8,-11.1,-3.6));
#16230=IFCCARTESIANPOINT((20.8,-11.1,-1.40016002998084E-15));
#16231=IFCCARTESIANPOINT((20.8,-10.864026550785,1.18631864033177));
#16232=IFCCARTESIANPOINT((20.8,-10.1920310216783,2.19203102167829));
#16233=IFCCARTESIANPOINT((20.8,-9.18631864033178,2.86402655078499));
#16234=IFCCARTESIANPOINT((20.8,-8.,3.1));
#16235=IFCCARTESIANPOINT((20.,-11.1,-1.40016002998084E-15));
#16236=IFCCARTESIANPOINT((20.,-11.1,-3.6));
#16237=IFCCARTESIANPOINT((20.,-4.9,-3.6));
#16238=IFCCARTESIANPOINT((20.,-4.9,-1.95943487863577E-15));
#16239=IFCCARTESIANPOINT((20.,-10.864026550785,1.18631864033177));
#16240=IFCCARTESIANPOINT((20.,-10.1920310216783,2.19203102167829));
#16241=IFCCARTESIANPOINT((20.,-9.18631864033178,2.86402655078499));
#16242=IFCCARTESIANPOINT((20.,-8.,3.1));
#16243=IFCCARTESIANPOINT((20.,-6.81368135966823,2.86402655078499));
#16244=IFCCARTESIANPOINT((20.,-5.80796897832171,2.1920310216783));
#16245=IFCCARTESIANPOINT((20.,-5.13597344921501,1.18631864033178));
#16246=IFCCARTESIANPOINT((20.,-12.,3.6));
#16247=IFCCARTESIANPOINT((20.,0.,3.6));
#16248=IFCCARTESIANPOINT((20.,12.,3.6));
#16249=IFCCARTESIANPOINT((20.,-12.,-3.6));
#16250=IFCCARTESIANPOINT((20.,12.,-3.6));
#16251=IFCCARTESIANPOINT((29.6,12.,3.6));
#16252=IFCCARTESIANPOINT((30.8136813596682,12.,2.86402655078499));
#16253=IFCCARTESIANPOINT((32.,12.,3.10000000000001));
#16254=IFCCARTESIANPOINT((29.8079689783217,12.,2.1920310216783));
#16255=IFCCARTESIANPOINT((28.9,12.,-5.69460761603519E-16));
#16256=IFCCARTESIANPOINT((29.135973449215,12.,1.18631864033178));
#16257=IFCCARTESIANPOINT((29.8079689783217,12.,-2.1920310216783));
#16258=IFCCARTESIANPOINT((29.135973449215,12.,-1.18631864033178));
#16259=IFCCARTESIANPOINT((40.,12.,-3.6));
#16260=IFCCARTESIANPOINT((40.,12.,-3.1));
#16261=IFCCARTESIANPOINT((32.,12.,-3.1));
#16262=IFCCARTESIANPOINT((30.8136813596682,12.,-2.86402655078499));
#16263=IFCCARTESIANPOINT((40.,12.,3.10000000000001));
#16264=IFCCARTESIANPOINT((40.,12.,3.6));
#16265=IFCCARTESIANPOINT((40.,12.8,-3.6));
#16266=IFCCARTESIANPOINT((40.,12.8,-3.1));
#16267=IFCCARTESIANPOINT((40.,12.8,3.10000000000001));
#16268=IFCCARTESIANPOINT((40.,12.8,3.6));
#16269=IFCCARTESIANPOINT((40.,12.2,3.6));
#16270=IFCCARTESIANPOINT((32.,12.8,3.10000000000001));
#16271=IFCCARTESIANPOINT((32.,12.8,-3.1));
#16272=IFCCARTESIANPOINT((30.8136813596682,12.8,-2.86402655078499));
#16273=IFCCARTESIANPOINT((29.8079689783217,12.8,-2.1920310216783));
#16274=IFCCARTESIANPOINT((29.135973449215,12.8,-1.18631864033178));
#16275=IFCCARTESIANPOINT((28.9,12.8,-5.69460761603519E-16));
#16276=IFCCARTESIANPOINT((29.135973449215,12.8,1.18631864033178));
#16277=IFCCARTESIANPOINT((29.8079689783217,12.8,2.1920310216783));
#16278=IFCCARTESIANPOINT((30.8136813596682,12.8,2.86402655078499));
#16279=IFCCARTESIANPOINT((34.4,12.8,-3.85949435922393E-16));
#16280=IFCCARTESIANPOINT((34.2173108780271,12.8,-0.918440237676215));
#16281=IFCCARTESIANPOINT((37.7826891219729,12.8,-0.918440237676215));
#16282=IFCCARTESIANPOINT((37.6,12.8,-4.40872847693047E-16));
#16283=IFCCARTESIANPOINT((38.3029437251523,12.8,-1.69705627484771));
#16284=IFCCARTESIANPOINT((37.7826891219729,12.8,0.918440237676216));
#16285=IFCCARTESIANPOINT((34.2173108780271,12.8,0.918440237676215));
#16286=IFCCARTESIANPOINT((33.6970562748477,12.8,1.69705627484771));
#16287=IFCCARTESIANPOINT((32.9184402376762,12.8,2.21731087802709));
#16288=IFCCARTESIANPOINT((32.,12.8,2.4));
#16289=IFCCARTESIANPOINT((31.0815597623238,12.8,2.21731087802709));
#16290=IFCCARTESIANPOINT((33.6970562748477,12.8,-1.69705627484771));
#16291=IFCCARTESIANPOINT((40.,12.8,-2.4));
#16292=IFCCARTESIANPOINT((39.0815597623238,12.8,-2.21731087802709));
#16293=IFCCARTESIANPOINT((38.3029437251523,12.8,1.69705627484771));
#16294=IFCCARTESIANPOINT((39.0815597623238,12.8,2.21731087802709));
#16295=IFCCARTESIANPOINT((29.7826891219729,12.8,0.918440237676216));
#16296=IFCCARTESIANPOINT((30.3029437251523,12.8,1.69705627484771));
#16297=IFCCARTESIANPOINT((43.6,12.8,1.05433277446306E-14));
#16298=IFCCARTESIANPOINT((43.3259663170406,12.8,1.37766035651433));
#16299=IFCCARTESIANPOINT((42.2173108780271,12.8,0.918440237676215));
#16300=IFCCARTESIANPOINT((42.4,12.8,-3.85949435922393E-16));
#16301=IFCCARTESIANPOINT((40.,12.8,2.4));
#16302=IFCCARTESIANPOINT((31.0815597623238,12.8,-2.21731087802709));
#16303=IFCCARTESIANPOINT((30.3029437251523,12.8,-1.69705627484771));
#16304=IFCCARTESIANPOINT((42.2173108780271,12.8,-0.918440237676215));
#16305=IFCCARTESIANPOINT((43.3259663170406,12.8,-1.37766035651431));
#16306=IFCCARTESIANPOINT((32.9184402376762,12.8,-2.21731087802709));
#16307=IFCCARTESIANPOINT((29.7826891219729,12.8,-0.918440237676215));
#16308=IFCCARTESIANPOINT((29.6,12.8,-4.40872847693047E-16));
#16309=IFCCARTESIANPOINT((32.,12.8,-2.4));
#16310=IFCCARTESIANPOINT((41.3776603565143,12.8,-3.32596631704063));
#16311=IFCCARTESIANPOINT((40.9184402376762,12.8,-2.21731087802709));
#16312=IFCCARTESIANPOINT((42.5455844122716,12.8,2.54558441227158));
#16313=IFCCARTESIANPOINT((41.6970562748477,12.8,1.69705627484771));
#16314=IFCCARTESIANPOINT((40.9184402376762,12.8,2.21731087802709));
#16315=IFCCARTESIANPOINT((42.5455844122716,12.8,-2.54558441227156));
#16316=IFCCARTESIANPOINT((41.6970562748477,12.8,-1.69705627484771));
#16317=IFCCARTESIANPOINT((41.3776603565143,12.8,3.32596631704064));
#16318=IFCCARTESIANPOINT((41.3776603565143,20.,-3.32596631704063));
#16319=IFCCARTESIANPOINT((40.,20.,-3.6));
#16320=IFCCARTESIANPOINT((42.5455844122716,20.,-2.54558441227156));
#16321=IFCCARTESIANPOINT((43.3259663170406,20.,-1.37766035651431));
#16322=IFCCARTESIANPOINT((43.6,20.,1.05433277446306E-14));
#16323=IFCCARTESIANPOINT((43.3259663170406,20.,1.37766035651433));
#16324=IFCCARTESIANPOINT((42.5455844122716,20.,2.54558441227158));
#16325=IFCCARTESIANPOINT((41.3776603565143,20.,3.32596631704064));
#16326=IFCCARTESIANPOINT((40.,20.,3.6));
#16327=IFCCARTESIANPOINT((40.9184402376762,19.2,2.21731087802709));
#16328=IFCCARTESIANPOINT((40.,19.2,2.4));
#16329=IFCCARTESIANPOINT((41.6970562748477,19.2,1.69705627484771));
#16330=IFCCARTESIANPOINT((42.2173108780271,19.2,0.918440237676215));
#16331=IFCCARTESIANPOINT((42.4,19.2,-3.85949435922393E-16));
#16332=IFCCARTESIANPOINT((42.2173108780271,19.2,-0.918440237676215));
#16333=IFCCARTESIANPOINT((41.6970562748477,19.2,-1.69705627484771));
#16334=IFCCARTESIANPOINT((40.9184402376762,19.2,-2.21731087802709));
#16335=IFCCARTESIANPOINT((40.,19.2,-2.4));
#16336=IFCCARTESIANPOINT((39.0815597623238,19.2,-2.21731087802709));
#16337=IFCCARTESIANPOINT((38.3029437251523,19.2,-1.69705627484771));
#16338=IFCCARTESIANPOINT((37.7826891219729,19.2,-0.918440237676215));
#16339=IFCCARTESIANPOINT((37.6,19.2,-4.40872847693047E-16));
#16340=IFCCARTESIANPOINT((37.7826891219729,19.2,0.918440237676216));
#16341=IFCCARTESIANPOINT((38.3029437251523,19.2,1.69705627484771));
#16342=IFCCARTESIANPOINT((39.0815597623238,19.2,2.21731087802709));
#16343=IFCCARTESIANPOINT((41.1863186403318,19.2,-2.86402655078499));
#16344=IFCCARTESIANPOINT((40.,19.2,-3.1));
#16345=IFCCARTESIANPOINT((38.8136813596682,19.2,-2.86402655078499));
#16346=IFCCARTESIANPOINT((37.8079689783217,19.2,-2.1920310216783));
#16347=IFCCARTESIANPOINT((36.9,19.2,-5.69460761603519E-16));
#16348=IFCCARTESIANPOINT((37.135973449215,19.2,1.18631864033178));
#16349=IFCCARTESIANPOINT((37.135973449215,19.2,-1.18631864033178));
#16350=IFCCARTESIANPOINT((41.1863186403318,19.2,2.86402655078499));
#16351=IFCCARTESIANPOINT((42.1920310216783,19.2,2.1920310216783));
#16352=IFCCARTESIANPOINT((43.1,19.2,-4.98518021399757E-16));
#16353=IFCCARTESIANPOINT((42.864026550785,19.2,-1.18631864033178));
#16354=IFCCARTESIANPOINT((42.864026550785,19.2,1.18631864033178));
#16355=IFCCARTESIANPOINT((42.1920310216783,19.2,-2.1920310216783));
#16356=IFCCARTESIANPOINT((37.8079689783217,19.2,2.1920310216783));
#16357=IFCCARTESIANPOINT((38.8136813596682,19.2,2.86402655078499));
#16358=IFCCARTESIANPOINT((40.,19.2,3.1));
#16359=IFCCARTESIANPOINT((41.1863186403318,20.,2.86402655078499));
#16360=IFCCARTESIANPOINT((40.,20.,3.1));
#16361=IFCCARTESIANPOINT((42.1920310216783,20.,2.1920310216783));
#16362=IFCCARTESIANPOINT((42.864026550785,20.,1.18631864033178));
#16363=IFCCARTESIANPOINT((43.1,20.,-4.98518021399757E-16));
#16364=IFCCARTESIANPOINT((42.864026550785,20.,-1.18631864033178));
#16365=IFCCARTESIANPOINT((42.1920310216783,20.,-2.1920310216783));
#16366=IFCCARTESIANPOINT((41.1863186403318,20.,-2.86402655078499));
#16367=IFCCARTESIANPOINT((40.,20.,-3.1));
#16368=IFCCARTESIANPOINT((38.8136813596682,20.,-2.86402655078499));
#16369=IFCCARTESIANPOINT((37.8079689783217,20.,-2.1920310216783));
#16370=IFCCARTESIANPOINT((37.135973449215,20.,-1.18631864033178));
#16371=IFCCARTESIANPOINT((36.9,20.,-5.69460761603519E-16));
#16372=IFCCARTESIANPOINT((37.135973449215,20.,1.18631864033178));
#16373=IFCCARTESIANPOINT((37.8079689783217,20.,2.1920310216783));
#16374=IFCCARTESIANPOINT((38.8136813596682,20.,2.86402655078499));
#16375=IFCCARTESIANPOINT((32.9184402376762,19.2,2.21731087802709));
#16376=IFCCARTESIANPOINT((32.,19.2,2.4));
#16377=IFCCARTESIANPOINT((33.6970562748477,19.2,1.69705627484771));
#16378=IFCCARTESIANPOINT((34.2173108780271,19.2,0.918440237676215));
#16379=IFCCARTESIANPOINT((34.4,19.2,-3.85949435922393E-16));
#16380=IFCCARTESIANPOINT((34.2173108780271,19.2,-0.918440237676215));
#16381=IFCCARTESIANPOINT((33.6970562748477,19.2,-1.69705627484771));
#16382=IFCCARTESIANPOINT((32.9184402376762,19.2,-2.21731087802709));
#16383=IFCCARTESIANPOINT((32.,19.2,-2.4));
#16384=IFCCARTESIANPOINT((31.0815597623238,19.2,-2.21731087802709));
#16385=IFCCARTESIANPOINT((30.3029437251523,19.2,-1.69705627484771));
#16386=IFCCARTESIANPOINT((29.7826891219729,19.2,-0.918440237676215));
#16387=IFCCARTESIANPOINT((29.6,19.2,-4.40872847693047E-16));
#16388=IFCCARTESIANPOINT((29.7826891219729,19.2,0.918440237676216));
#16389=IFCCARTESIANPOINT((30.3029437251523,19.2,1.69705627484771));
#16390=IFCCARTESIANPOINT((31.0815597623238,19.2,2.21731087802709));
#16391=IFCCARTESIANPOINT((33.1863186403318,19.2,-2.86402655078499));
#16392=IFCCARTESIANPOINT((32.,19.2,-3.1));
#16393=IFCCARTESIANPOINT((33.1863186403318,19.2,2.86402655078499));
#16394=IFCCARTESIANPOINT((34.1920310216783,19.2,2.1920310216783));
#16395=IFCCARTESIANPOINT((35.1,19.2,-4.98518021399757E-16));
#16396=IFCCARTESIANPOINT((34.864026550785,19.2,-1.18631864033178));
#16397=IFCCARTESIANPOINT((30.8136813596682,19.2,-2.86402655078499));
#16398=IFCCARTESIANPOINT((29.8079689783217,19.2,-2.1920310216783));
#16399=IFCCARTESIANPOINT((29.135973449215,19.2,-1.18631864033178));
#16400=IFCCARTESIANPOINT((34.864026550785,19.2,1.18631864033178));
#16401=IFCCARTESIANPOINT((34.1920310216783,19.2,-2.1920310216783));
#16402=IFCCARTESIANPOINT((28.9,19.2,-5.69460761603519E-16));
#16403=IFCCARTESIANPOINT((29.135973449215,19.2,1.18631864033178));
#16404=IFCCARTESIANPOINT((29.8079689783217,19.2,2.1920310216783));
#16405=IFCCARTESIANPOINT((30.8136813596682,19.2,2.86402655078499));
#16406=IFCCARTESIANPOINT((32.,19.2,3.1));
#16407=IFCCARTESIANPOINT((33.1863186403318,20.,2.86402655078499));
#16408=IFCCARTESIANPOINT((32.,20.,3.1));
#16409=IFCCARTESIANPOINT((34.1920310216783,20.,2.1920310216783));
#16410=IFCCARTESIANPOINT((34.864026550785,20.,1.18631864033178));
#16411=IFCCARTESIANPOINT((35.1,20.,-4.98518021399757E-16));
#16412=IFCCARTESIANPOINT((34.864026550785,20.,-1.18631864033178));
#16413=IFCCARTESIANPOINT((34.1920310216783,20.,-2.1920310216783));
#16414=IFCCARTESIANPOINT((33.1863186403318,20.,-2.86402655078499));
#16415=IFCCARTESIANPOINT((32.,20.,-3.1));
#16416=IFCCARTESIANPOINT((30.8136813596682,20.,-2.86402655078499));
#16417=IFCCARTESIANPOINT((29.8079689783217,20.,-2.1920310216783));
#16418=IFCCARTESIANPOINT((29.135973449215,20.,-1.18631864033178));
#16419=IFCCARTESIANPOINT((28.9,20.,-5.69460761603519E-16));
#16420=IFCCARTESIANPOINT((29.135973449215,20.,1.18631864033178));
#16421=IFCCARTESIANPOINT((29.8079689783217,20.,2.1920310216783));
#16422=IFCCARTESIANPOINT((30.8136813596682,20.,2.86402655078499));
#16423=IFCCARTESIANPOINT((-2.1920310216783,12.,2.1920310216783));
#16424=IFCCARTESIANPOINT((-20.,12.,3.6));
#16425=IFCCARTESIANPOINT((-16.,12.,3.1));
#16426=IFCCARTESIANPOINT((2.1920310216783,12.,2.1920310216783));
#16427=IFCCARTESIANPOINT((14.8136813596682,12.,2.86402655078499));
#16428=IFCCARTESIANPOINT((16.,12.,3.1));
#16429=IFCCARTESIANPOINT((13.135973449215,12.,1.18631864033178));
#16430=IFCCARTESIANPOINT((13.8079689783217,12.,2.1920310216783));
#16431=IFCCARTESIANPOINT((12.9,12.,4.8806072498423E-16));
#16432=IFCCARTESIANPOINT((2.86402655078499,12.,1.18631864033178));
#16433=IFCCARTESIANPOINT((3.1,12.,1.0842021724855E-16));
#16434=IFCCARTESIANPOINT((7.59281015471359E-16,12.,3.1));
#16435=IFCCARTESIANPOINT((1.18631864033178,12.,2.86402655078499));
#16436=IFCCARTESIANPOINT((-1.18631864033178,12.,2.86402655078499));
#16437=IFCCARTESIANPOINT((-17.1863186403318,12.,2.86402655078499));
#16438=IFCCARTESIANPOINT((17.1863186403318,12.,2.86402655078499));
#16439=IFCCARTESIANPOINT((3.1,12.,-3.6));
#16440=IFCCARTESIANPOINT((12.9,12.,-3.6));
#16441=IFCCARTESIANPOINT((-2.86402655078499,12.,1.18631864033178));
#16442=IFCCARTESIANPOINT((-18.864026550785,12.,1.18631864033178));
#16443=IFCCARTESIANPOINT((-18.1920310216783,12.,2.1920310216783));
#16444=IFCCARTESIANPOINT((18.864026550785,12.,1.18631864033178));
#16445=IFCCARTESIANPOINT((19.1,12.,1.0842021724855E-16));
#16446=IFCCARTESIANPOINT((-3.1,12.,4.8806072498423E-16));
#16447=IFCCARTESIANPOINT((-13.135973449215,12.,1.18631864033178));
#16448=IFCCARTESIANPOINT((-12.9,12.,1.0842021724855E-16));
#16449=IFCCARTESIANPOINT((-14.8136813596682,12.,2.86402655078499));
#16450=IFCCARTESIANPOINT((18.1920310216783,12.,2.1920310216783));
#16451=IFCCARTESIANPOINT((-12.9,12.,-3.6));
#16452=IFCCARTESIANPOINT((-3.1,12.,-3.6));
#16453=IFCCARTESIANPOINT((-13.8079689783217,12.,2.1920310216783));
#16454=IFCCARTESIANPOINT((-20.,12.,-3.6));
#16455=IFCCARTESIANPOINT((-19.1,12.,-3.6));
#16456=IFCCARTESIANPOINT((-19.1,12.,4.8806072498423E-16));
#16457=IFCCARTESIANPOINT((19.1,12.,-3.6));
#16458=IFCCARTESIANPOINT((-13.135973449215,12.8,1.18631864033178));
#16459=IFCCARTESIANPOINT((-12.9,12.8,-2.78770062589473E-16));
#16460=IFCCARTESIANPOINT((-13.8079689783217,12.8,2.1920310216783));
#16461=IFCCARTESIANPOINT((-14.8136813596682,12.8,2.86402655078499));
#16462=IFCCARTESIANPOINT((-16.,12.8,3.1));
#16463=IFCCARTESIANPOINT((-17.1863186403318,12.8,2.86402655078499));
#16464=IFCCARTESIANPOINT((-18.1920310216783,12.8,2.1920310216783));
#16465=IFCCARTESIANPOINT((-18.864026550785,12.8,1.18631864033178));
#16466=IFCCARTESIANPOINT((-19.1,12.8,4.8806072498423E-16));
#16467=IFCCARTESIANPOINT((2.86402655078499,12.8,1.18631864033178));
#16468=IFCCARTESIANPOINT((3.1,12.8,-2.78770062589473E-16));
#16469=IFCCARTESIANPOINT((2.1920310216783,12.8,2.1920310216783));
#16470=IFCCARTESIANPOINT((1.18631864033178,12.8,2.86402655078499));
#16471=IFCCARTESIANPOINT((7.59281015471359E-16,12.8,3.1));
#16472=IFCCARTESIANPOINT((-1.18631864033178,12.8,2.86402655078499));
#16473=IFCCARTESIANPOINT((-2.1920310216783,12.8,2.1920310216783));
#16474=IFCCARTESIANPOINT((-2.86402655078499,12.8,1.18631864033178));
#16475=IFCCARTESIANPOINT((-3.1,12.8,4.8806072498423E-16));
#16476=IFCCARTESIANPOINT((18.864026550785,12.8,1.18631864033178));
#16477=IFCCARTESIANPOINT((19.1,12.8,-2.78770062589473E-16));
#16478=IFCCARTESIANPOINT((18.1920310216783,12.8,2.1920310216783));
#16479=IFCCARTESIANPOINT((17.1863186403318,12.8,2.86402655078499));
#16480=IFCCARTESIANPOINT((16.,12.8,3.1));
#16481=IFCCARTESIANPOINT((14.8136813596682,12.8,2.86402655078499));
#16482=IFCCARTESIANPOINT((13.8079689783217,12.8,2.1920310216783));
#16483=IFCCARTESIANPOINT((13.135973449215,12.8,1.18631864033178));
#16484=IFCCARTESIANPOINT((12.9,12.8,4.8806072498423E-16));
#16485=IFCCARTESIANPOINT((3.1,12.4,-3.6));
#16486=IFCCARTESIANPOINT((12.9,12.4,-3.6));
#16487=IFCCARTESIANPOINT((3.1,12.8,-4.));
#16488=IFCCARTESIANPOINT((3.1,12.4,-4.));
#16489=IFCCARTESIANPOINT((12.9,12.4,-4.));
#16490=IFCCARTESIANPOINT((12.9,12.8,-4.));
#16491=IFCCARTESIANPOINT((8.,12.4,-4.));
#16492=IFCCARTESIANPOINT((-19.1,12.4,-3.6));
#16493=IFCCARTESIANPOINT((-19.1,12.4,-4.));
#16494=IFCCARTESIANPOINT((-19.1,12.8,-4.));
#16495=IFCCARTESIANPOINT((-12.9,12.8,-4.));
#16496=IFCCARTESIANPOINT((-12.9,12.4,-4.));
#16497=IFCCARTESIANPOINT((-12.9,12.4,-3.6));
#16498=IFCCARTESIANPOINT((-3.10000000000001,12.4,-3.6));
#16499=IFCCARTESIANPOINT((-3.10000000000001,12.4,-4.));
#16500=IFCCARTESIANPOINT((-3.1,12.8,-4.));
#16501=IFCCARTESIANPOINT((-7.99999999999999,12.4,-4.));
#16502=IFCCARTESIANPOINT((19.1,12.8,-4.));
#16503=IFCCARTESIANPOINT((19.1,12.4,-4.));
#16504=IFCCARTESIANPOINT((19.1,12.4,-3.6));
#16505=IFCCARTESIANPOINT((-16.9184402376762,12.8,2.21731087802709));
#16506=IFCCARTESIANPOINT((-16.,12.8,2.4));
#16507=IFCCARTESIANPOINT((-15.0815597623238,12.8,2.21731087802709));
#16508=IFCCARTESIANPOINT((-14.3029437251523,12.8,-1.69705627484772));
#16509=IFCCARTESIANPOINT((-15.0815597623238,12.8,-2.21731087802709));
#16510=IFCCARTESIANPOINT((-13.6,12.8,-3.85949435922393E-16));
#16511=IFCCARTESIANPOINT((-13.7826891219729,12.8,-0.918440237676217));
#16512=IFCCARTESIANPOINT((-14.3029437251523,12.8,1.69705627484772));
#16513=IFCCARTESIANPOINT((-13.7826891219729,12.8,0.918440237676217));
#16514=IFCCARTESIANPOINT((-17.6970562748477,12.8,1.69705627484772));
#16515=IFCCARTESIANPOINT((-18.4,12.8,-4.40872847693048E-16));
#16516=IFCCARTESIANPOINT((-18.2173108780271,12.8,0.918440237676217));
#16517=IFCCARTESIANPOINT((-16.9184402376762,12.8,-2.21731087802709));
#16518=IFCCARTESIANPOINT((-17.6970562748477,12.8,-1.69705627484772));
#16519=IFCCARTESIANPOINT((-18.2173108780271,12.8,-0.918440237676216));
#16520=IFCCARTESIANPOINT((-16.,12.8,-4.));
#16521=IFCCARTESIANPOINT((-16.,12.8,-2.4));
#16522=IFCCARTESIANPOINT((-2.21731087802709,12.8,0.918440237676217));
#16523=IFCCARTESIANPOINT((-1.69705627484772,12.8,1.69705627484772));
#16524=IFCCARTESIANPOINT((1.69705627484772,12.8,-1.69705627484772));
#16525=IFCCARTESIANPOINT((0.918440237676216,12.8,-2.21731087802709));
#16526=IFCCARTESIANPOINT((-2.4,12.8,-4.40872847693048E-16));
#16527=IFCCARTESIANPOINT((2.21731087802709,12.8,-0.918440237676217));
#16528=IFCCARTESIANPOINT((2.21731087802709,12.8,0.918440237676216));
#16529=IFCCARTESIANPOINT((2.4,12.8,-3.85949435922393E-16));
#16530=IFCCARTESIANPOINT((0.918440237676217,12.8,2.21731087802709));
#16531=IFCCARTESIANPOINT((1.69705627484772,12.8,1.69705627484772));
#16532=IFCCARTESIANPOINT((-0.918440237676216,12.8,2.21731087802709));
#16533=IFCCARTESIANPOINT((0.,12.8,2.4));
#16534=IFCCARTESIANPOINT((-2.21731087802709,12.8,-0.918440237676216));
#16535=IFCCARTESIANPOINT((-1.69705627484772,12.8,-1.69705627484772));
#16536=IFCCARTESIANPOINT((-0.918440237676216,12.8,-2.21731087802709));
#16537=IFCCARTESIANPOINT((3.46944695195361E-15,12.8,-4.));
#16538=IFCCARTESIANPOINT((2.93915231795365E-16,12.8,-2.4));
#16539=IFCCARTESIANPOINT((15.0815597623238,12.8,2.21731087802709));
#16540=IFCCARTESIANPOINT((16.,12.8,2.4));
#16541=IFCCARTESIANPOINT((16.9184402376762,12.8,2.21731087802709));
#16542=IFCCARTESIANPOINT((13.7826891219729,12.8,0.918440237676217));
#16543=IFCCARTESIANPOINT((14.3029437251523,12.8,1.69705627484772));
#16544=IFCCARTESIANPOINT((13.7826891219729,12.8,-0.918440237676216));
#16545=IFCCARTESIANPOINT((13.6,12.8,-4.40872847693048E-16));
#16546=IFCCARTESIANPOINT((17.6970562748477,12.8,1.69705627484772));
#16547=IFCCARTESIANPOINT((18.2173108780271,12.8,0.918440237676216));
#16548=IFCCARTESIANPOINT((18.4,12.8,-3.85949435922393E-16));
#16549=IFCCARTESIANPOINT((15.0815597623238,12.8,-2.21731087802709));
#16550=IFCCARTESIANPOINT((14.3029437251523,12.8,-1.69705627484772));
#16551=IFCCARTESIANPOINT((18.2173108780271,12.8,-0.918440237676216));
#16552=IFCCARTESIANPOINT((17.6970562748477,12.8,-1.69705627484772));
#16553=IFCCARTESIANPOINT((16.,12.8,-2.4));
#16554=IFCCARTESIANPOINT((16.9184402376762,12.8,-2.21731087802709));
#16555=IFCCARTESIANPOINT((-24.,12.4,-3.6));
#16556=IFCCARTESIANPOINT((-24.,12.4,-4.));
#16557=IFCCARTESIANPOINT((24.,12.4,-4.));
#16558=IFCCARTESIANPOINT((24.,12.4,-3.6));
#16559=IFCCARTESIANPOINT((-15.0815597623238,19.2,2.21731087802709));
#16560=IFCCARTESIANPOINT((-16.,19.2,2.4));
#16561=IFCCARTESIANPOINT((-14.3029437251523,19.2,1.69705627484772));
#16562=IFCCARTESIANPOINT((-13.7826891219729,19.2,0.918440237676217));
#16563=IFCCARTESIANPOINT((-13.6,19.2,-3.85949435922393E-16));
#16564=IFCCARTESIANPOINT((-13.7826891219729,19.2,-0.918440237676217));
#16565=IFCCARTESIANPOINT((-14.3029437251523,19.2,-1.69705627484772));
#16566=IFCCARTESIANPOINT((-15.0815597623238,19.2,-2.21731087802709));
#16567=IFCCARTESIANPOINT((-16.,19.2,-2.4));
#16568=IFCCARTESIANPOINT((-16.9184402376762,19.2,-2.21731087802709));
#16569=IFCCARTESIANPOINT((-17.6970562748477,19.2,-1.69705627484772));
#16570=IFCCARTESIANPOINT((-18.2173108780271,19.2,-0.918440237676216));
#16571=IFCCARTESIANPOINT((-18.4,19.2,-4.40872847693048E-16));
#16572=IFCCARTESIANPOINT((-18.2173108780271,19.2,0.918440237676217));
#16573=IFCCARTESIANPOINT((-17.6970562748477,19.2,1.69705627484772));
#16574=IFCCARTESIANPOINT((-16.9184402376762,19.2,2.21731087802709));
#16575=IFCCARTESIANPOINT((-14.8136813596682,19.2,-2.86402655078499));
#16576=IFCCARTESIANPOINT((-16.,19.2,-3.1));
#16577=IFCCARTESIANPOINT((-17.1863186403318,19.2,-2.86402655078499));
#16578=IFCCARTESIANPOINT((-18.1920310216783,19.2,-2.1920310216783));
#16579=IFCCARTESIANPOINT((-18.864026550785,19.2,-1.18631864033178));
#16580=IFCCARTESIANPOINT((-14.8136813596682,19.2,2.86402655078499));
#16581=IFCCARTESIANPOINT((-13.8079689783217,19.2,2.1920310216783));
#16582=IFCCARTESIANPOINT((-13.135973449215,19.2,1.18631864033178));
#16583=IFCCARTESIANPOINT((-12.9,19.2,-4.98518021399758E-16));
#16584=IFCCARTESIANPOINT((-13.135973449215,19.2,-1.18631864033178));
#16585=IFCCARTESIANPOINT((-13.8079689783217,19.2,-2.1920310216783));
#16586=IFCCARTESIANPOINT((-18.864026550785,19.2,1.18631864033178));
#16587=IFCCARTESIANPOINT((-18.1920310216783,19.2,2.1920310216783));
#16588=IFCCARTESIANPOINT((-19.1,19.2,-5.69460761603519E-16));
#16589=IFCCARTESIANPOINT((-17.1863186403318,19.2,2.86402655078499));
#16590=IFCCARTESIANPOINT((-16.,19.2,3.1));
#16591=IFCCARTESIANPOINT((-14.8136813596682,20.,2.86402655078499));
#16592=IFCCARTESIANPOINT((-16.,20.,3.1));
#16593=IFCCARTESIANPOINT((-13.8079689783217,20.,2.1920310216783));
#16594=IFCCARTESIANPOINT((-13.135973449215,20.,1.18631864033178));
#16595=IFCCARTESIANPOINT((-12.9,20.,-4.98518021399758E-16));
#16596=IFCCARTESIANPOINT((-13.135973449215,20.,-1.18631864033178));
#16597=IFCCARTESIANPOINT((-13.8079689783217,20.,-2.1920310216783));
#16598=IFCCARTESIANPOINT((-14.8136813596682,20.,-2.86402655078499));
#16599=IFCCARTESIANPOINT((-16.,20.,-3.1));
#16600=IFCCARTESIANPOINT((-17.1863186403318,20.,-2.86402655078499));
#16601=IFCCARTESIANPOINT((-18.1920310216783,20.,-2.1920310216783));
#16602=IFCCARTESIANPOINT((-18.864026550785,20.,-1.18631864033178));
#16603=IFCCARTESIANPOINT((-19.1,20.,-5.69460761603519E-16));
#16604=IFCCARTESIANPOINT((-18.864026550785,20.,1.18631864033178));
#16605=IFCCARTESIANPOINT((-18.1920310216783,20.,2.1920310216783));
#16606=IFCCARTESIANPOINT((-17.1863186403318,20.,2.86402655078499));
#16607=IFCCARTESIANPOINT((0.918440237676217,19.2,2.21731087802709));
#16608=IFCCARTESIANPOINT((0.,19.2,2.4));
#16609=IFCCARTESIANPOINT((1.69705627484772,19.2,1.69705627484772));
#16610=IFCCARTESIANPOINT((2.21731087802709,19.2,0.918440237676216));
#16611=IFCCARTESIANPOINT((2.4,19.2,-3.85949435922393E-16));
#16612=IFCCARTESIANPOINT((2.21731087802709,19.2,-0.918440237676217));
#16613=IFCCARTESIANPOINT((1.69705627484772,19.2,-1.69705627484772));
#16614=IFCCARTESIANPOINT((0.918440237676216,19.2,-2.21731087802709));
#16615=IFCCARTESIANPOINT((2.93915231795365E-16,19.2,-2.4));
#16616=IFCCARTESIANPOINT((-0.918440237676216,19.2,-2.21731087802709));
#16617=IFCCARTESIANPOINT((-1.69705627484772,19.2,-1.69705627484772));
#16618=IFCCARTESIANPOINT((-2.21731087802709,19.2,-0.918440237676216));
#16619=IFCCARTESIANPOINT((-2.4,19.2,-4.40872847693048E-16));
#16620=IFCCARTESIANPOINT((-2.21731087802709,19.2,0.918440237676217));
#16621=IFCCARTESIANPOINT((-1.69705627484772,19.2,1.69705627484772));
#16622=IFCCARTESIANPOINT((-0.918440237676216,19.2,2.21731087802709));
#16623=IFCCARTESIANPOINT((3.1,19.2,-4.98518021399758E-16));
#16624=IFCCARTESIANPOINT((2.86402655078499,19.2,-1.18631864033178));
#16625=IFCCARTESIANPOINT((2.1920310216783,19.2,-2.1920310216783));
#16626=IFCCARTESIANPOINT((1.18631864033178,19.2,-2.86402655078499));
#16627=IFCCARTESIANPOINT((3.7964050773568E-16,19.2,-3.1));
#16628=IFCCARTESIANPOINT((-1.18631864033178,19.2,-2.86402655078499));
#16629=IFCCARTESIANPOINT((-2.86402655078499,19.2,-1.18631864033178));
#16630=IFCCARTESIANPOINT((-3.1,19.2,-5.69460761603519E-16));
#16631=IFCCARTESIANPOINT((-2.86402655078499,19.2,1.18631864033178));
#16632=IFCCARTESIANPOINT((-2.1920310216783,19.2,2.1920310216783));
#16633=IFCCARTESIANPOINT((2.1920310216783,19.2,2.1920310216783));
#16634=IFCCARTESIANPOINT((2.86402655078499,19.2,1.18631864033178));
#16635=IFCCARTESIANPOINT((1.18631864033178,19.2,2.86402655078499));
#16636=IFCCARTESIANPOINT((-2.1920310216783,19.2,-2.1920310216783));
#16637=IFCCARTESIANPOINT((-1.18631864033178,19.2,2.86402655078499));
#16638=IFCCARTESIANPOINT((0.,19.2,3.1));
#16639=IFCCARTESIANPOINT((1.18631864033178,20.,2.86402655078499));
#16640=IFCCARTESIANPOINT((0.,20.,3.1));
#16641=IFCCARTESIANPOINT((2.1920310216783,20.,2.1920310216783));
#16642=IFCCARTESIANPOINT((2.86402655078499,20.,1.18631864033178));
#16643=IFCCARTESIANPOINT((3.1,20.,-4.98518021399758E-16));
#16644=IFCCARTESIANPOINT((2.86402655078499,20.,-1.18631864033178));
#16645=IFCCARTESIANPOINT((2.1920310216783,20.,-2.1920310216783));
#16646=IFCCARTESIANPOINT((1.18631864033178,20.,-2.86402655078499));
#16647=IFCCARTESIANPOINT((3.7964050773568E-16,20.,-3.1));
#16648=IFCCARTESIANPOINT((-1.18631864033178,20.,-2.86402655078499));
#16649=IFCCARTESIANPOINT((-2.1920310216783,20.,-2.1920310216783));
#16650=IFCCARTESIANPOINT((-2.86402655078499,20.,-1.18631864033178));
#16651=IFCCARTESIANPOINT((-3.1,20.,-5.69460761603519E-16));
#16652=IFCCARTESIANPOINT((-2.86402655078499,20.,1.18631864033178));
#16653=IFCCARTESIANPOINT((-2.1920310216783,20.,2.1920310216783));
#16654=IFCCARTESIANPOINT((-1.18631864033178,20.,2.86402655078499));
#16655=IFCCARTESIANPOINT((16.9184402376762,19.2,2.21731087802709));
#16656=IFCCARTESIANPOINT((16.,19.2,2.4));
#16657=IFCCARTESIANPOINT((17.6970562748477,19.2,1.69705627484772));
#16658=IFCCARTESIANPOINT((18.2173108780271,19.2,0.918440237676216));
#16659=IFCCARTESIANPOINT((18.4,19.2,-3.85949435922393E-16));
#16660=IFCCARTESIANPOINT((18.2173108780271,19.2,-0.918440237676216));
#16661=IFCCARTESIANPOINT((17.6970562748477,19.2,-1.69705627484772));
#16662=IFCCARTESIANPOINT((16.9184402376762,19.2,-2.21731087802709));
#16663=IFCCARTESIANPOINT((16.,19.2,-2.4));
#16664=IFCCARTESIANPOINT((15.0815597623238,19.2,-2.21731087802709));
#16665=IFCCARTESIANPOINT((14.3029437251523,19.2,-1.69705627484772));
#16666=IFCCARTESIANPOINT((13.7826891219729,19.2,-0.918440237676216));
#16667=IFCCARTESIANPOINT((13.6,19.2,-4.40872847693048E-16));
#16668=IFCCARTESIANPOINT((13.7826891219729,19.2,0.918440237676217));
#16669=IFCCARTESIANPOINT((14.3029437251523,19.2,1.69705627484772));
#16670=IFCCARTESIANPOINT((15.0815597623238,19.2,2.21731087802709));
#16671=IFCCARTESIANPOINT((18.1920310216783,19.2,-2.1920310216783));
#16672=IFCCARTESIANPOINT((17.1863186403318,19.2,-2.86402655078499));
#16673=IFCCARTESIANPOINT((16.,19.2,-3.1));
#16674=IFCCARTESIANPOINT((14.8136813596682,19.2,-2.86402655078499));
#16675=IFCCARTESIANPOINT((12.9,19.2,-5.69460761603519E-16));
#16676=IFCCARTESIANPOINT((13.135973449215,19.2,1.18631864033178));
#16677=IFCCARTESIANPOINT((13.8079689783217,19.2,2.1920310216783));
#16678=IFCCARTESIANPOINT((14.8136813596682,19.2,2.86402655078499));
#16679=IFCCARTESIANPOINT((17.1863186403318,19.2,2.86402655078499));
#16680=IFCCARTESIANPOINT((18.1920310216783,19.2,2.1920310216783));
#16681=IFCCARTESIANPOINT((13.8079689783217,19.2,-2.1920310216783));
#16682=IFCCARTESIANPOINT((13.135973449215,19.2,-1.18631864033178));
#16683=IFCCARTESIANPOINT((18.864026550785,19.2,1.18631864033178));
#16684=IFCCARTESIANPOINT((19.1,19.2,-4.98518021399758E-16));
#16685=IFCCARTESIANPOINT((18.864026550785,19.2,-1.18631864033178));
#16686=IFCCARTESIANPOINT((16.,19.2,3.1));
#16687=IFCCARTESIANPOINT((17.1863186403318,20.,2.86402655078499));
#16688=IFCCARTESIANPOINT((16.,20.,3.1));
#16689=IFCCARTESIANPOINT((18.1920310216783,20.,2.1920310216783));
#16690=IFCCARTESIANPOINT((18.864026550785,20.,1.18631864033178));
#16691=IFCCARTESIANPOINT((19.1,20.,-4.98518021399758E-16));
#16692=IFCCARTESIANPOINT((18.864026550785,20.,-1.18631864033178));
#16693=IFCCARTESIANPOINT((18.1920310216783,20.,-2.1920310216783));
#16694=IFCCARTESIANPOINT((17.1863186403318,20.,-2.86402655078499));
#16695=IFCCARTESIANPOINT((16.,20.,-3.1));
#16696=IFCCARTESIANPOINT((14.8136813596682,20.,-2.86402655078499));
#16697=IFCCARTESIANPOINT((13.8079689783217,20.,-2.1920310216783));
#16698=IFCCARTESIANPOINT((13.135973449215,20.,-1.18631864033178));
#16699=IFCCARTESIANPOINT((12.9,20.,-5.69460761603519E-16));
#16700=IFCCARTESIANPOINT((13.135973449215,20.,1.18631864033178));
#16701=IFCCARTESIANPOINT((13.8079689783217,20.,2.1920310216783));
#16702=IFCCARTESIANPOINT((14.8136813596682,20.,2.86402655078499));
#16703=IFCCARTESIANPOINT((26.5455844122716,18.5455844122716,-4.));
#16704=IFCCARTESIANPOINT((26.5455844122716,18.5455844122716,-3.6));
#16705=IFCCARTESIANPOINT((26.7091753675097,18.3707317073171,-3.6));
#16706=IFCCARTESIANPOINT((27.3259663170406,17.3776603565143,-4.));
#16707=IFCCARTESIANPOINT((26.5455844122716,13.4544155877284,-4.));
#16708=IFCCARTESIANPOINT((27.3259663170406,14.6223396434857,-4.));
#16709=IFCCARTESIANPOINT((26.7091753675097,13.6292682926829,-3.6));
#16710=IFCCARTESIANPOINT((27.3259663170406,14.6223396434857,-0.5));
#16711=IFCCARTESIANPOINT((26.7091753675097,13.6292682926829,-0.5));
#16712=IFCCARTESIANPOINT((25.3776603565143,12.6740336829594,-4.));
#16713=IFCCARTESIANPOINT((25.3776603565143,12.6740336829594,-3.6));
#16714=IFCCARTESIANPOINT((26.5455844122716,13.4544155877284,-3.6));
#16715=IFCCARTESIANPOINT((26.7091753675097,18.3707317073171,-0.5));
#16716=IFCCARTESIANPOINT((27.3259663170406,17.3776603565143,-0.5));
#16717=IFCCARTESIANPOINT((25.3776603565143,19.3259663170406,-4.));
#16718=IFCCARTESIANPOINT((25.3776603565143,19.3259663170406,-3.6));
#16719=IFCCARTESIANPOINT((24.,19.6,-4.));
#16720=IFCCARTESIANPOINT((24.,19.6,-3.6));
#16721=IFCCARTESIANPOINT((27.6,16.,-4.));
#16722=IFCCARTESIANPOINT((27.6,16.,-0.5));
#16723=IFCCARTESIANPOINT((-24.,19.6,-3.6));
#16724=IFCCARTESIANPOINT((0.,19.6,-3.6));
#16725=IFCCARTESIANPOINT((-7.99999999999999,19.6,-4.));
#16726=IFCCARTESIANPOINT((-16.,19.6,-4.));
#16727=IFCCARTESIANPOINT((8.,19.6,-4.));
#16728=IFCCARTESIANPOINT((3.46944695195361E-15,19.6,-4.));
#16729=IFCCARTESIANPOINT((-24.,19.6,-4.));
#16730=IFCCARTESIANPOINT((26.6136174530545,18.5345481701756,-3.6));
#16731=IFCCARTESIANPOINT((26.6136174530545,18.5345481701756,-0.5));
#16732=IFCCARTESIANPOINT((26.5859413840746,18.7221679551779,-3.6));
#16733=IFCCARTESIANPOINT((26.5859413840746,18.7221679551779,-0.5));
#16734=IFCCARTESIANPOINT((26.6301288777036,18.9065984676353,-3.6));
#16735=IFCCARTESIANPOINT((26.6301288777036,18.9065984676353,-0.5));
#16736=IFCCARTESIANPOINT((26.7398227413574,19.0613059490162,-3.6));
#16737=IFCCARTESIANPOINT((26.7398227413574,19.0613059490162,-0.5));
#16738=IFCCARTESIANPOINT((26.8992414730936,19.1640328514815,-3.6));
#16739=IFCCARTESIANPOINT((26.8992414730936,19.1640328514815,-0.5));
#16740=IFCCARTESIANPOINT((27.0854497241083,19.2,-3.6));
#16741=IFCCARTESIANPOINT((27.0854497241083,19.2,-0.5));
#16742=IFCCARTESIANPOINT((26.8992414730936,12.8359671485185,-3.6));
#16743=IFCCARTESIANPOINT((26.8992414730936,12.8359671485185,-0.5));
#16744=IFCCARTESIANPOINT((27.0854497241083,12.8,-0.5));
#16745=IFCCARTESIANPOINT((27.0854497241083,12.8,-3.6));
#16746=IFCCARTESIANPOINT((26.7398227413574,12.9386940509838,-3.6));
#16747=IFCCARTESIANPOINT((26.7398227413574,12.9386940509838,-0.5));
#16748=IFCCARTESIANPOINT((26.6301288777036,13.0934015323647,-3.6));
#16749=IFCCARTESIANPOINT((26.6301288777036,13.0934015323647,-0.5));
#16750=IFCCARTESIANPOINT((26.5859413840746,13.2778320448221,-3.6));
#16751=IFCCARTESIANPOINT((26.5859413840746,13.2778320448221,-0.5));
#16752=IFCCARTESIANPOINT((26.6136174530546,13.4654518298244,-3.6));
#16753=IFCCARTESIANPOINT((26.6136174530546,13.4654518298244,-0.5));
#16754=IFCCARTESIANPOINT((28.4348913060048,19.2,-0.5));
#16755=IFCCARTESIANPOINT((28.4348913060048,12.8,-0.5));
#16756=IFCCARTESIANPOINT((29.6377976377964,19.2,-2.71661554144123));
#16757=IFCCARTESIANPOINT((28.835888718159,19.2,-1.7170905031845));
#16758=IFCCARTESIANPOINT((30.7390114887891,19.2,-3.37192941423663));
#16759=IFCCARTESIANPOINT((32.,19.2,-3.6));
#16760=IFCCARTESIANPOINT((28.835888718159,12.8,-1.7170905031845));
#16761=IFCCARTESIANPOINT((29.6377976377964,12.8,-2.71661554144123));
#16762=IFCCARTESIANPOINT((30.7390114887891,12.8,-3.37192941423663));
#16763=IFCCARTESIANPOINT((32.,12.8,-3.6));
#16764=IFCCARTESIANPOINT((-26.5455844122716,18.5455844122716,-4.));
#16765=IFCCARTESIANPOINT((-27.3259663170406,17.3776603565143,-4.));
#16766=IFCCARTESIANPOINT((-26.7091753675097,18.3707317073171,-3.6));
#16767=IFCCARTESIANPOINT((-27.3259663170406,17.3776603565143,-0.5));
#16768=IFCCARTESIANPOINT((-26.7091753675097,18.3707317073171,-0.5));
#16769=IFCCARTESIANPOINT((-26.5455844122716,13.4544155877284,-4.));
#16770=IFCCARTESIANPOINT((-26.5455844122716,13.4544155877284,-3.6));
#16771=IFCCARTESIANPOINT((-26.7091753675097,13.6292682926829,-3.6));
#16772=IFCCARTESIANPOINT((-27.3259663170406,14.6223396434857,-4.));
#16773=IFCCARTESIANPOINT((-26.7091753675097,13.6292682926829,-0.5));
#16774=IFCCARTESIANPOINT((-27.3259663170406,14.6223396434857,-0.5));
#16775=IFCCARTESIANPOINT((-25.3776603565143,12.6740336829594,-4.));
#16776=IFCCARTESIANPOINT((-25.3776603565143,12.6740336829594,-3.6));
#16777=IFCCARTESIANPOINT((-25.3776603565143,19.3259663170406,-4.));
#16778=IFCCARTESIANPOINT((-25.3776603565143,19.3259663170406,-3.6));
#16779=IFCCARTESIANPOINT((-26.5455844122716,18.5455844122716,-3.6));
#16780=IFCCARTESIANPOINT((-27.6,16.,-4.));
#16781=IFCCARTESIANPOINT((-27.6,16.,-0.5));
#16782=IFCCARTESIANPOINT((-26.8992414730936,19.1640328514815,-3.6));
#16783=IFCCARTESIANPOINT((-26.8992414730936,19.1640328514815,-0.5));
#16784=IFCCARTESIANPOINT((-27.0854497241083,19.2,-0.5));
#16785=IFCCARTESIANPOINT((-27.0854497241083,19.2,-3.6));
#16786=IFCCARTESIANPOINT((-26.7398227413574,19.0613059490162,-3.6));
#16787=IFCCARTESIANPOINT((-26.7398227413574,19.0613059490162,-0.5));
#16788=IFCCARTESIANPOINT((-26.6301288777035,18.9065984676353,-3.6));
#16789=IFCCARTESIANPOINT((-26.6301288777035,18.9065984676353,-0.5));
#16790=IFCCARTESIANPOINT((-26.5859413840746,18.7221679551779,-3.6));
#16791=IFCCARTESIANPOINT((-26.5859413840746,18.7221679551779,-0.5));
#16792=IFCCARTESIANPOINT((-26.6136174530545,18.5345481701756,-3.6));
#16793=IFCCARTESIANPOINT((-26.6136174530545,18.5345481701756,-0.5));
#16794=IFCCARTESIANPOINT((-26.6136174530545,13.4654518298244,-3.6));
#16795=IFCCARTESIANPOINT((-26.6136174530545,13.4654518298244,-0.5));
#16796=IFCCARTESIANPOINT((-26.5859413840746,13.2778320448221,-3.6));
#16797=IFCCARTESIANPOINT((-26.5859413840746,13.2778320448221,-0.5));
#16798=IFCCARTESIANPOINT((-26.6301288777036,13.0934015323647,-3.6));
#16799=IFCCARTESIANPOINT((-26.6301288777036,13.0934015323647,-0.5));
#16800=IFCCARTESIANPOINT((-26.7398227413574,12.9386940509838,-3.6));
#16801=IFCCARTESIANPOINT((-26.7398227413574,12.9386940509838,-0.5));
#16802=IFCCARTESIANPOINT((-26.8992414730936,12.8359671485185,-3.6));
#16803=IFCCARTESIANPOINT((-26.8992414730936,12.8359671485185,-0.5));
#16804=IFCCARTESIANPOINT((-27.0854497241083,12.8,-3.6));
#16805=IFCCARTESIANPOINT((-27.0854497241083,12.8,-0.5));
#16806=IFCCARTESIANPOINT((-28.4348913060048,12.8,-0.5));
#16807=IFCCARTESIANPOINT((-28.4348913060048,19.2,-0.5));
#16808=IFCCARTESIANPOINT((-29.6377976377964,19.2,-2.71661554144122));
#16809=IFCCARTESIANPOINT((-30.7390114887891,19.2,-3.37192941423663));
#16810=IFCCARTESIANPOINT((-28.835888718159,19.2,-1.7170905031845));
#16811=IFCCARTESIANPOINT((-32.,19.2,-3.6));
#16812=IFCCARTESIANPOINT((-29.6377976377964,12.8,-2.71661554144122));
#16813=IFCCARTESIANPOINT((-28.835888718159,12.8,-1.7170905031845));
#16814=IFCCARTESIANPOINT((-30.7390114887891,12.8,-3.37192941423663));
#16815=IFCCARTESIANPOINT((-32.,12.8,-3.6));
#16816=IFCCARTESIANPOINT((-20.,1.18631864033178,2.86402655078499));
#16817=IFCCARTESIANPOINT((-20.,2.1920310216783,2.1920310216783));
#16818=IFCCARTESIANPOINT((-20.,8.,3.1));
#16819=IFCCARTESIANPOINT((-20.,-1.18631864033178,2.86402655078499));
#16820=IFCCARTESIANPOINT((-20.,-12.,3.6));
#16821=IFCCARTESIANPOINT((-20.,-8.,3.1));
#16822=IFCCARTESIANPOINT((-20.,-2.1920310216783,2.1920310216783));
#16823=IFCCARTESIANPOINT((-20.,-6.81368135966822,2.86402655078499));
#16824=IFCCARTESIANPOINT((-20.,9.18631864033178,2.86402655078499));
#16825=IFCCARTESIANPOINT((-20.,0.,3.6));
#16826=IFCCARTESIANPOINT((-20.,-3.72879556157584E-15,3.1));
#16827=IFCCARTESIANPOINT((-20.,-2.86402655078499,1.18631864033177));
#16828=IFCCARTESIANPOINT((-20.,-10.1920310216783,2.1920310216783));
#16829=IFCCARTESIANPOINT((-20.,-9.18631864033178,2.86402655078499));
#16830=IFCCARTESIANPOINT((-20.,5.13597344921501,1.18631864033178));
#16831=IFCCARTESIANPOINT((-20.,5.8079689783217,2.1920310216783));
#16832=IFCCARTESIANPOINT((-20.,4.9,-5.09242848744184E-15));
#16833=IFCCARTESIANPOINT((-20.,2.86402655078499,1.18631864033178));
#16834=IFCCARTESIANPOINT((-20.,3.1,-2.33907538637144E-15));
#16835=IFCCARTESIANPOINT((-20.,10.864026550785,1.18631864033177));
#16836=IFCCARTESIANPOINT((-20.,11.1,-2.33907538637144E-15));
#16837=IFCCARTESIANPOINT((-20.,6.81368135966822,2.86402655078499));
#16838=IFCCARTESIANPOINT((-20.,10.1920310216783,2.1920310216783));
#16839=IFCCARTESIANPOINT((-20.,-3.1,-5.09242848744184E-15));
#16840=IFCCARTESIANPOINT((-20.,-5.13597344921501,1.18631864033177));
#16841=IFCCARTESIANPOINT((-20.,-4.9,-2.33907538637144E-15));
#16842=IFCCARTESIANPOINT((-20.,3.1,-3.6));
#16843=IFCCARTESIANPOINT((-20.,4.9,-3.6));
#16844=IFCCARTESIANPOINT((-20.,-5.8079689783217,2.19203102167829));
#16845=IFCCARTESIANPOINT((-20.,11.1,-3.6));
#16846=IFCCARTESIANPOINT((-20.,-12.,-3.6));
#16847=IFCCARTESIANPOINT((-20.,-11.1,-3.6));
#16848=IFCCARTESIANPOINT((-20.,-11.1,-5.09242848744184E-15));
#16849=IFCCARTESIANPOINT((-20.,-4.9,-3.6));
#16850=IFCCARTESIANPOINT((-20.,-3.1,-3.6));
#16851=IFCCARTESIANPOINT((-20.,-10.864026550785,1.18631864033178));
#16852=IFCCARTESIANPOINT((-20.8,4.9,-3.6));
#16853=IFCCARTESIANPOINT((-20.8,4.9,-5.09242848744184E-15));
#16854=IFCCARTESIANPOINT((-20.8,11.1,-2.33907538637144E-15));
#16855=IFCCARTESIANPOINT((-20.8,11.1,-3.6));
#16856=IFCCARTESIANPOINT((-20.8,10.864026550785,1.18631864033177));
#16857=IFCCARTESIANPOINT((-20.8,10.1920310216783,2.1920310216783));
#16858=IFCCARTESIANPOINT((-20.8,9.18631864033178,2.86402655078499));
#16859=IFCCARTESIANPOINT((-20.8,8.,3.1));
#16860=IFCCARTESIANPOINT((-20.8,6.81368135966822,2.86402655078499));
#16861=IFCCARTESIANPOINT((-20.8,5.8079689783217,2.1920310216783));
#16862=IFCCARTESIANPOINT((-20.8,5.13597344921501,1.18631864033178));
#16863=IFCCARTESIANPOINT((-20.8,8.91844023767621,2.21731087802709));
#16864=IFCCARTESIANPOINT((-20.8,9.69705627484771,1.69705627484772));
#16865=IFCCARTESIANPOINT((-20.8,8.,2.4));
#16866=IFCCARTESIANPOINT((-20.8,7.08155976232378,2.21731087802709));
#16867=IFCCARTESIANPOINT((-20.8,6.30294372515228,1.69705627484771));
#16868=IFCCARTESIANPOINT((-20.8,5.6,1.46957615897682E-16));
#16869=IFCCARTESIANPOINT((-20.8,5.78268912197291,0.918440237676216));
#16870=IFCCARTESIANPOINT((-20.8,6.30294372515228,-1.69705627484771));
#16871=IFCCARTESIANPOINT((-20.8,5.78268912197291,-0.918440237676216));
#16872=IFCCARTESIANPOINT((-20.8,10.2173108780271,0.918440237676216));
#16873=IFCCARTESIANPOINT((-20.8,10.4,-4.40872847693047E-16));
#16874=IFCCARTESIANPOINT((-20.8,7.08155976232378,-2.21731087802709));
#16875=IFCCARTESIANPOINT((-20.8,10.2173108780271,-0.918440237676215));
#16876=IFCCARTESIANPOINT((-20.8,9.69705627484771,-1.69705627484771));
#16877=IFCCARTESIANPOINT((-20.8,8.,-2.4));
#16878=IFCCARTESIANPOINT((-20.8,8.91844023767622,-2.21731087802709));
#16879=IFCCARTESIANPOINT((-20.8,-3.1,-3.6));
#16880=IFCCARTESIANPOINT((-20.8,-3.1,-5.09242848744184E-15));
#16881=IFCCARTESIANPOINT((-20.8,3.1,-2.33907538637144E-15));
#16882=IFCCARTESIANPOINT((-20.8,3.1,-3.6));
#16883=IFCCARTESIANPOINT((-20.8,2.86402655078499,1.18631864033178));
#16884=IFCCARTESIANPOINT((-20.8,2.1920310216783,2.1920310216783));
#16885=IFCCARTESIANPOINT((-20.8,1.18631864033178,2.86402655078499));
#16886=IFCCARTESIANPOINT((-20.8,-3.72879556157584E-15,3.1));
#16887=IFCCARTESIANPOINT((-20.8,-1.18631864033178,2.86402655078499));
#16888=IFCCARTESIANPOINT((-20.8,-2.1920310216783,2.1920310216783));
#16889=IFCCARTESIANPOINT((-20.8,-2.86402655078499,1.18631864033177));
#16890=IFCCARTESIANPOINT((-20.8,2.4,-1.42059028701093E-15));
#16891=IFCCARTESIANPOINT((-20.8,2.21731087802709,-0.918440237676216));
#16892=IFCCARTESIANPOINT((-20.8,2.21731087802709,0.918440237676216));
#16893=IFCCARTESIANPOINT((-20.8,0.918440237676214,2.21731087802709));
#16894=IFCCARTESIANPOINT((-20.8,1.69705627484771,1.69705627484771));
#16895=IFCCARTESIANPOINT((-20.8,-0.918440237676218,2.21731087802709));
#16896=IFCCARTESIANPOINT((-20.8,-1.73472347597681E-15,2.4));
#16897=IFCCARTESIANPOINT((-20.8,1.69705627484771,-1.69705627484772));
#16898=IFCCARTESIANPOINT((-20.8,0.918440237676214,-2.21731087802709));
#16899=IFCCARTESIANPOINT((-20.8,-1.69705627484772,1.69705627484771));
#16900=IFCCARTESIANPOINT((-20.8,-2.4,-8.327598234202E-16));
#16901=IFCCARTESIANPOINT((-20.8,-2.21731087802709,0.918440237676215));
#16902=IFCCARTESIANPOINT((-20.8,-1.69705627484772,-1.69705627484772));
#16903=IFCCARTESIANPOINT((-20.8,-2.21731087802709,-0.918440237676217));
#16904=IFCCARTESIANPOINT((-20.8,0.,-3.6));
#16905=IFCCARTESIANPOINT((-20.8,-2.02863870777217E-15,-2.4));
#16906=IFCCARTESIANPOINT((-20.8,-0.918440237676217,-2.21731087802709));
#16907=IFCCARTESIANPOINT((-20.8,-11.1,-3.6));
#16908=IFCCARTESIANPOINT((-20.8,-11.1,-5.09242848744184E-15));
#16909=IFCCARTESIANPOINT((-20.8,-4.9,-2.33907538637144E-15));
#16910=IFCCARTESIANPOINT((-20.8,-4.9,-3.6));
#16911=IFCCARTESIANPOINT((-20.8,-5.13597344921501,1.18631864033177));
#16912=IFCCARTESIANPOINT((-20.8,-5.8079689783217,2.19203102167829));
#16913=IFCCARTESIANPOINT((-20.8,-6.81368135966822,2.86402655078499));
#16914=IFCCARTESIANPOINT((-20.8,-8.,3.1));
#16915=IFCCARTESIANPOINT((-20.8,-9.18631864033178,2.86402655078499));
#16916=IFCCARTESIANPOINT((-20.8,-10.1920310216783,2.1920310216783));
#16917=IFCCARTESIANPOINT((-20.8,-10.864026550785,1.18631864033178));
#16918=IFCCARTESIANPOINT((-20.8,-5.6,-2.40030772632881E-15));
#16919=IFCCARTESIANPOINT((-20.8,-5.78268912197291,-0.918440237676217));
#16920=IFCCARTESIANPOINT((-20.8,-6.30294372515229,-1.69705627484772));
#16921=IFCCARTESIANPOINT((-20.8,-6.30294372515229,1.69705627484771));
#16922=IFCCARTESIANPOINT((-20.8,-5.78268912197291,0.918440237676215));
#16923=IFCCARTESIANPOINT((-20.8,-8.,2.4));
#16924=IFCCARTESIANPOINT((-20.8,-7.08155976232379,2.21731087802709));
#16925=IFCCARTESIANPOINT((-20.8,-8.91844023767622,2.21731087802709));
#16926=IFCCARTESIANPOINT((-20.8,-7.08155976232379,-2.21731087802709));
#16927=IFCCARTESIANPOINT((-20.8,-9.69705627484772,1.69705627484771));
#16928=IFCCARTESIANPOINT((-20.8,-9.69705627484772,-1.69705627484772));
#16929=IFCCARTESIANPOINT((-20.8,-10.2173108780271,-0.918440237676218));
#16930=IFCCARTESIANPOINT((-20.8,-10.4,-1.81247726273808E-15));
#16931=IFCCARTESIANPOINT((-20.8,-10.2173108780271,0.918440237676214));
#16932=IFCCARTESIANPOINT((-20.8,-8.91844023767622,-2.21731087802709));
#16933=IFCCARTESIANPOINT((-20.8,-8.,-2.4));
#16934=IFCCARTESIANPOINT((-27.2,7.08155976232378,2.21731087802709));
#16935=IFCCARTESIANPOINT((-27.2,8.,2.4));
#16936=IFCCARTESIANPOINT((-27.2,6.30294372515228,1.69705627484771));
#16937=IFCCARTESIANPOINT((-27.2,5.78268912197291,0.918440237676216));
#16938=IFCCARTESIANPOINT((-27.2,5.6,1.46957615897682E-16));
#16939=IFCCARTESIANPOINT((-27.2,5.78268912197291,-0.918440237676216));
#16940=IFCCARTESIANPOINT((-27.2,6.30294372515228,-1.69705627484771));
#16941=IFCCARTESIANPOINT((-27.2,7.08155976232378,-2.21731087802709));
#16942=IFCCARTESIANPOINT((-27.2,8.,-2.4));
#16943=IFCCARTESIANPOINT((-27.2,8.91844023767622,-2.21731087802709));
#16944=IFCCARTESIANPOINT((-27.2,9.69705627484771,-1.69705627484771));
#16945=IFCCARTESIANPOINT((-27.2,10.2173108780271,-0.918440237676215));
#16946=IFCCARTESIANPOINT((-27.2,10.4,-4.40872847693047E-16));
#16947=IFCCARTESIANPOINT((-27.2,10.2173108780271,0.918440237676216));
#16948=IFCCARTESIANPOINT((-27.2,9.69705627484771,1.69705627484772));
#16949=IFCCARTESIANPOINT((-27.2,8.91844023767621,2.21731087802709));
#16950=IFCCARTESIANPOINT((-27.2,8.,-3.1));
#16951=IFCCARTESIANPOINT((-27.2,6.81368135966822,-2.86402655078499));
#16952=IFCCARTESIANPOINT((-27.2,5.8079689783217,-2.1920310216783));
#16953=IFCCARTESIANPOINT((-27.2,5.13597344921501,-1.18631864033178));
#16954=IFCCARTESIANPOINT((-27.2,4.9,1.8982025386784E-16));
#16955=IFCCARTESIANPOINT((-27.2,5.13597344921501,1.18631864033178));
#16956=IFCCARTESIANPOINT((-27.2,5.8079689783217,2.1920310216783));
#16957=IFCCARTESIANPOINT((-27.2,10.1920310216783,2.1920310216783));
#16958=IFCCARTESIANPOINT((-27.2,10.864026550785,1.18631864033178));
#16959=IFCCARTESIANPOINT((-27.2,10.1920310216783,-2.1920310216783));
#16960=IFCCARTESIANPOINT((-27.2,9.18631864033178,-2.86402655078499));
#16961=IFCCARTESIANPOINT((-27.2,6.81368135966822,2.86402655078499));
#16962=IFCCARTESIANPOINT((-27.2,9.18631864033178,2.86402655078499));
#16963=IFCCARTESIANPOINT((-27.2,11.1,-5.69460761603519E-16));
#16964=IFCCARTESIANPOINT((-27.2,10.864026550785,-1.18631864033178));
#16965=IFCCARTESIANPOINT((-27.2,8.,3.1));
#16966=IFCCARTESIANPOINT((-28.,6.81368135966822,2.86402655078499));
#16967=IFCCARTESIANPOINT((-28.,8.,3.1));
#16968=IFCCARTESIANPOINT((-28.,5.8079689783217,2.1920310216783));
#16969=IFCCARTESIANPOINT((-28.,5.13597344921501,1.18631864033178));
#16970=IFCCARTESIANPOINT((-28.,4.9,1.8982025386784E-16));
#16971=IFCCARTESIANPOINT((-28.,5.13597344921501,-1.18631864033178));
#16972=IFCCARTESIANPOINT((-28.,5.8079689783217,-2.1920310216783));
#16973=IFCCARTESIANPOINT((-28.,6.81368135966822,-2.86402655078499));
#16974=IFCCARTESIANPOINT((-28.,8.,-3.1));
#16975=IFCCARTESIANPOINT((-28.,9.18631864033178,-2.86402655078499));
#16976=IFCCARTESIANPOINT((-28.,10.1920310216783,-2.1920310216783));
#16977=IFCCARTESIANPOINT((-28.,10.864026550785,-1.18631864033178));
#16978=IFCCARTESIANPOINT((-28.,11.1,-5.69460761603519E-16));
#16979=IFCCARTESIANPOINT((-28.,10.864026550785,1.18631864033178));
#16980=IFCCARTESIANPOINT((-28.,10.1920310216783,2.1920310216783));
#16981=IFCCARTESIANPOINT((-28.,9.18631864033178,2.86402655078499));
#16982=IFCCARTESIANPOINT((-27.2,-8.91844023767622,2.21731087802709));
#16983=IFCCARTESIANPOINT((-27.2,-8.,2.4));
#16984=IFCCARTESIANPOINT((-27.2,-9.69705627484772,1.69705627484771));
#16985=IFCCARTESIANPOINT((-27.2,-10.2173108780271,0.918440237676214));
#16986=IFCCARTESIANPOINT((-27.2,-10.4,-1.81247726273808E-15));
#16987=IFCCARTESIANPOINT((-27.2,-10.2173108780271,-0.918440237676218));
#16988=IFCCARTESIANPOINT((-27.2,-9.69705627484772,-1.69705627484772));
#16989=IFCCARTESIANPOINT((-27.2,-8.91844023767622,-2.21731087802709));
#16990=IFCCARTESIANPOINT((-27.2,-8.,-2.4));
#16991=IFCCARTESIANPOINT((-27.2,-7.08155976232379,-2.21731087802709));
#16992=IFCCARTESIANPOINT((-27.2,-6.30294372515229,-1.69705627484772));
#16993=IFCCARTESIANPOINT((-27.2,-5.78268912197291,-0.918440237676217));
#16994=IFCCARTESIANPOINT((-27.2,-5.6,-2.40030772632881E-15));
#16995=IFCCARTESIANPOINT((-27.2,-5.78268912197291,0.918440237676215));
#16996=IFCCARTESIANPOINT((-27.2,-6.30294372515229,1.69705627484771));
#16997=IFCCARTESIANPOINT((-27.2,-7.08155976232379,2.21731087802709));
#16998=IFCCARTESIANPOINT((-27.2,-5.13597344921501,1.18631864033178));
#16999=IFCCARTESIANPOINT((-27.2,-4.9,-2.52889564023928E-15));
#17000=IFCCARTESIANPOINT((-27.2,-5.13597344921501,-1.18631864033178));
#17001=IFCCARTESIANPOINT((-27.2,-5.8079689783217,-2.1920310216783));
#17002=IFCCARTESIANPOINT((-27.2,-6.81368135966822,2.86402655078499));
#17003=IFCCARTESIANPOINT((-27.2,-5.8079689783217,2.1920310216783));
#17004=IFCCARTESIANPOINT((-27.2,-6.81368135966822,-2.86402655078499));
#17005=IFCCARTESIANPOINT((-27.2,-8.,-3.1));
#17006=IFCCARTESIANPOINT((-27.2,-9.18631864033178,-2.86402655078499));
#17007=IFCCARTESIANPOINT((-27.2,-10.864026550785,-1.18631864033178));
#17008=IFCCARTESIANPOINT((-27.2,-11.1,-1.76961462476793E-15));
#17009=IFCCARTESIANPOINT((-27.2,-10.1920310216783,-2.1920310216783));
#17010=IFCCARTESIANPOINT((-27.2,-10.864026550785,1.18631864033178));
#17011=IFCCARTESIANPOINT((-27.2,-10.1920310216783,2.1920310216783));
#17012=IFCCARTESIANPOINT((-27.2,-9.18631864033178,2.86402655078499));
#17013=IFCCARTESIANPOINT((-27.2,-8.,3.1));
#17014=IFCCARTESIANPOINT((-28.,-9.18631864033178,2.86402655078499));
#17015=IFCCARTESIANPOINT((-28.,-8.,3.1));
#17016=IFCCARTESIANPOINT((-28.,-10.1920310216783,2.1920310216783));
#17017=IFCCARTESIANPOINT((-28.,-10.864026550785,1.18631864033178));
#17018=IFCCARTESIANPOINT((-28.,-11.1,-1.76961462476793E-15));
#17019=IFCCARTESIANPOINT((-28.,-10.864026550785,-1.18631864033178));
#17020=IFCCARTESIANPOINT((-28.,-10.1920310216783,-2.1920310216783));
#17021=IFCCARTESIANPOINT((-28.,-9.18631864033178,-2.86402655078499));
#17022=IFCCARTESIANPOINT((-28.,-8.,-3.1));
#17023=IFCCARTESIANPOINT((-28.,-6.81368135966822,-2.86402655078499));
#17024=IFCCARTESIANPOINT((-28.,-5.8079689783217,-2.1920310216783));
#17025=IFCCARTESIANPOINT((-28.,-5.13597344921501,-1.18631864033178));
#17026=IFCCARTESIANPOINT((-28.,-4.9,-2.52889564023928E-15));
#17027=IFCCARTESIANPOINT((-28.,-5.13597344921501,1.18631864033178));
#17028=IFCCARTESIANPOINT((-28.,-5.8079689783217,2.1920310216783));
#17029=IFCCARTESIANPOINT((-28.,-6.81368135966822,2.86402655078499));
#17030=IFCCARTESIANPOINT((-27.2,-0.918440237676218,2.21731087802709));
#17031=IFCCARTESIANPOINT((-27.2,-1.73472347597681E-15,2.4));
#17032=IFCCARTESIANPOINT((-27.2,-1.69705627484772,1.69705627484771));
#17033=IFCCARTESIANPOINT((-27.2,-2.21731087802709,0.918440237676215));
#17034=IFCCARTESIANPOINT((-27.2,-2.4,-8.327598234202E-16));
#17035=IFCCARTESIANPOINT((-27.2,-2.21731087802709,-0.918440237676217));
#17036=IFCCARTESIANPOINT((-27.2,-1.69705627484772,-1.69705627484772));
#17037=IFCCARTESIANPOINT((-27.2,-0.918440237676217,-2.21731087802709));
#17038=IFCCARTESIANPOINT((-27.2,-2.02863870777217E-15,-2.4));
#17039=IFCCARTESIANPOINT((-27.2,0.918440237676214,-2.21731087802709));
#17040=IFCCARTESIANPOINT((-27.2,1.69705627484771,-1.69705627484772));
#17041=IFCCARTESIANPOINT((-27.2,2.21731087802709,-0.918440237676216));
#17042=IFCCARTESIANPOINT((-27.2,2.4,-1.42059028701093E-15));
#17043=IFCCARTESIANPOINT((-27.2,2.21731087802709,0.918440237676216));
#17044=IFCCARTESIANPOINT((-27.2,1.69705627484771,1.69705627484771));
#17045=IFCCARTESIANPOINT((-27.2,0.918440237676214,2.21731087802709));
#17046=IFCCARTESIANPOINT((-27.2,3.1,-1.5491782009214E-15));
#17047=IFCCARTESIANPOINT((-27.2,2.86402655078499,-1.18631864033178));
#17048=IFCCARTESIANPOINT((-27.2,2.1920310216783,2.1920310216783));
#17049=IFCCARTESIANPOINT((-27.2,2.86402655078499,1.18631864033178));
#17050=IFCCARTESIANPOINT((-27.2,2.1920310216783,-2.1920310216783));
#17051=IFCCARTESIANPOINT((-27.2,-2.11436398371249E-15,-3.1));
#17052=IFCCARTESIANPOINT((-27.2,-1.18631864033178,-2.86402655078499));
#17053=IFCCARTESIANPOINT((-27.2,1.18631864033178,-2.86402655078499));
#17054=IFCCARTESIANPOINT((-27.2,1.18631864033178,2.86402655078499));
#17055=IFCCARTESIANPOINT((-27.2,-2.1920310216783,-2.1920310216783));
#17056=IFCCARTESIANPOINT((-27.2,-2.86402655078499,1.18631864033178));
#17057=IFCCARTESIANPOINT((-27.2,-2.1920310216783,2.1920310216783));
#17058=IFCCARTESIANPOINT((-27.2,-2.86402655078499,-1.18631864033178));
#17059=IFCCARTESIANPOINT((-27.2,-3.1,-7.89897185450043E-16));
#17060=IFCCARTESIANPOINT((-27.2,-1.18631864033178,2.86402655078499));
#17061=IFCCARTESIANPOINT((-27.2,-1.73472347597681E-15,3.1));
#17062=IFCCARTESIANPOINT((-28.,-1.18631864033178,2.86402655078499));
#17063=IFCCARTESIANPOINT((-28.,-1.73472347597681E-15,3.1));
#17064=IFCCARTESIANPOINT((-28.,-2.1920310216783,2.1920310216783));
#17065=IFCCARTESIANPOINT((-28.,-2.86402655078499,1.18631864033178));
#17066=IFCCARTESIANPOINT((-28.,-3.1,-7.89897185450043E-16));
#17067=IFCCARTESIANPOINT((-28.,-2.86402655078499,-1.18631864033178));
#17068=IFCCARTESIANPOINT((-28.,-2.1920310216783,-2.1920310216783));
#17069=IFCCARTESIANPOINT((-28.,-1.18631864033178,-2.86402655078499));
#17070=IFCCARTESIANPOINT((-28.,-2.11436398371249E-15,-3.1));
#17071=IFCCARTESIANPOINT((-28.,1.18631864033178,-2.86402655078499));
#17072=IFCCARTESIANPOINT((-28.,2.1920310216783,-2.1920310216783));
#17073=IFCCARTESIANPOINT((-28.,2.86402655078499,-1.18631864033178));
#17074=IFCCARTESIANPOINT((-28.,3.1,-1.5491782009214E-15));
#17075=IFCCARTESIANPOINT((-28.,2.86402655078499,1.18631864033178));
#17076=IFCCARTESIANPOINT((-28.,2.1920310216783,2.1920310216783));
#17077=IFCCARTESIANPOINT((-28.,1.18631864033178,2.86402655078499));
#17078=IFCCARTESIANPOINT((-2.1920310216783,-12.,2.1920310216783));
#17079=IFCCARTESIANPOINT((-14.8136813596682,-12.,2.86402655078499));
#17080=IFCCARTESIANPOINT((-16.,-12.,3.1));
#17081=IFCCARTESIANPOINT((-13.135973449215,-12.,1.18631864033178));
#17082=IFCCARTESIANPOINT((-13.8079689783217,-12.,2.1920310216783));
#17083=IFCCARTESIANPOINT((-18.864026550785,-12.,1.18631864033178));
#17084=IFCCARTESIANPOINT((-19.1,-12.,4.8806072498423E-16));
#17085=IFCCARTESIANPOINT((-17.1863186403318,-12.,2.86402655078499));
#17086=IFCCARTESIANPOINT((-3.1,-12.,4.8806072498423E-16));
#17087=IFCCARTESIANPOINT((-3.1,-12.,-3.6));
#17088=IFCCARTESIANPOINT((-12.9,-12.,-3.6));
#17089=IFCCARTESIANPOINT((-12.9,-12.,-2.78770062589473E-16));
#17090=IFCCARTESIANPOINT((12.9,-12.,4.8806072498423E-16));
#17091=IFCCARTESIANPOINT((12.9,-12.,-3.6));
#17092=IFCCARTESIANPOINT((3.1,-12.,-3.6));
#17093=IFCCARTESIANPOINT((3.1,-12.,-2.78770062589473E-16));
#17094=IFCCARTESIANPOINT((-18.1920310216783,-12.,2.1920310216783));
#17095=IFCCARTESIANPOINT((-2.86402655078499,-12.,1.18631864033178));
#17096=IFCCARTESIANPOINT((14.8136813596682,-12.,2.86402655078499));
#17097=IFCCARTESIANPOINT((-7.59281015471359E-16,-12.,3.1));
#17098=IFCCARTESIANPOINT((2.86402655078499,-12.,1.18631864033178));
#17099=IFCCARTESIANPOINT((13.135973449215,-12.,1.18631864033178));
#17100=IFCCARTESIANPOINT((-1.18631864033178,-12.,2.86402655078499));
#17101=IFCCARTESIANPOINT((2.1920310216783,-12.,2.1920310216783));
#17102=IFCCARTESIANPOINT((1.18631864033178,-12.,2.86402655078499));
#17103=IFCCARTESIANPOINT((13.8079689783217,-12.,2.1920310216783));
#17104=IFCCARTESIANPOINT((16.,-12.,3.1));
#17105=IFCCARTESIANPOINT((17.1863186403318,-12.,2.86402655078499));
#17106=IFCCARTESIANPOINT((18.864026550785,-12.,1.18631864033178));
#17107=IFCCARTESIANPOINT((18.1920310216783,-12.,2.1920310216783));
#17108=IFCCARTESIANPOINT((19.1,-12.,-3.6));
#17109=IFCCARTESIANPOINT((19.1,-12.,-2.78770062589473E-16));
#17110=IFCCARTESIANPOINT((-19.1,-12.,-3.6));
#17111=IFCCARTESIANPOINT((13.135973449215,-12.8,1.18631864033178));
#17112=IFCCARTESIANPOINT((12.9,-12.8,4.8806072498423E-16));
#17113=IFCCARTESIANPOINT((13.8079689783217,-12.8,2.1920310216783));
#17114=IFCCARTESIANPOINT((14.8136813596682,-12.8,2.86402655078499));
#17115=IFCCARTESIANPOINT((16.,-12.8,3.1));
#17116=IFCCARTESIANPOINT((17.1863186403318,-12.8,2.86402655078499));
#17117=IFCCARTESIANPOINT((18.1920310216783,-12.8,2.1920310216783));
#17118=IFCCARTESIANPOINT((18.864026550785,-12.8,1.18631864033178));
#17119=IFCCARTESIANPOINT((19.1,-12.8,-2.78770062589473E-16));
#17120=IFCCARTESIANPOINT((3.1,-12.4,-3.6));
#17121=IFCCARTESIANPOINT((12.9,-12.4,-3.6));
#17122=IFCCARTESIANPOINT((12.9,-12.8,-4.));
#17123=IFCCARTESIANPOINT((12.9,-12.4,-4.));
#17124=IFCCARTESIANPOINT((8.,-12.4,-4.));
#17125=IFCCARTESIANPOINT((3.1,-12.4,-4.));
#17126=IFCCARTESIANPOINT((19.1,-12.4,-3.6));
#17127=IFCCARTESIANPOINT((19.1,-12.4,-4.));
#17128=IFCCARTESIANPOINT((19.1,-12.8,-4.));
#17129=IFCCARTESIANPOINT((3.1,-12.8,-2.78770062589473E-16));
#17130=IFCCARTESIANPOINT((3.1,-12.8,-4.));
#17131=IFCCARTESIANPOINT((-2.86402655078499,-12.8,1.18631864033178));
#17132=IFCCARTESIANPOINT((-3.1,-12.8,4.8806072498423E-16));
#17133=IFCCARTESIANPOINT((-2.1920310216783,-12.8,2.1920310216783));
#17134=IFCCARTESIANPOINT((-1.18631864033178,-12.8,2.86402655078499));
#17135=IFCCARTESIANPOINT((-7.59281015471359E-16,-12.8,3.1));
#17136=IFCCARTESIANPOINT((1.18631864033178,-12.8,2.86402655078499));
#17137=IFCCARTESIANPOINT((2.1920310216783,-12.8,2.1920310216783));
#17138=IFCCARTESIANPOINT((2.86402655078499,-12.8,1.18631864033178));
#17139=IFCCARTESIANPOINT((-3.1,-12.8,-4.));
#17140=IFCCARTESIANPOINT((-3.1,-12.4,-4.));
#17141=IFCCARTESIANPOINT((-3.1,-12.4,-3.6));
#17142=IFCCARTESIANPOINT((-12.9,-12.4,-3.6));
#17143=IFCCARTESIANPOINT((-7.99999999999999,-12.4,-4.));
#17144=IFCCARTESIANPOINT((-12.9,-12.4,-4.));
#17145=IFCCARTESIANPOINT((-12.9,-12.8,-2.78770062589473E-16));
#17146=IFCCARTESIANPOINT((-12.9,-12.8,-4.));
#17147=IFCCARTESIANPOINT((-18.864026550785,-12.8,1.18631864033178));
#17148=IFCCARTESIANPOINT((-19.1,-12.8,4.8806072498423E-16));
#17149=IFCCARTESIANPOINT((-18.1920310216783,-12.8,2.1920310216783));
#17150=IFCCARTESIANPOINT((-17.1863186403318,-12.8,2.86402655078499));
#17151=IFCCARTESIANPOINT((-16.,-12.8,3.1));
#17152=IFCCARTESIANPOINT((-14.8136813596682,-12.8,2.86402655078499));
#17153=IFCCARTESIANPOINT((-13.8079689783217,-12.8,2.1920310216783));
#17154=IFCCARTESIANPOINT((-13.135973449215,-12.8,1.18631864033178));
#17155=IFCCARTESIANPOINT((-19.1,-12.8,-4.));
#17156=IFCCARTESIANPOINT((-19.1,-12.4,-4.));
#17157=IFCCARTESIANPOINT((-19.1,-12.4,-3.6));
#17158=IFCCARTESIANPOINT((-16.,-12.8,-4.));
#17159=IFCCARTESIANPOINT((-16.9184402376762,-12.8,-2.21731087802709));
#17160=IFCCARTESIANPOINT((-16.,-12.8,-2.4));
#17161=IFCCARTESIANPOINT((-13.7826891219729,-12.8,0.918440237676217));
#17162=IFCCARTESIANPOINT((-14.3029437251523,-12.8,1.69705627484772));
#17163=IFCCARTESIANPOINT((-13.7826891219729,-12.8,-0.918440237676216));
#17164=IFCCARTESIANPOINT((-13.6,-12.8,-4.40872847693048E-16));
#17165=IFCCARTESIANPOINT((-17.6970562748477,-12.8,-1.69705627484772));
#17166=IFCCARTESIANPOINT((-15.0815597623238,-12.8,-2.21731087802709));
#17167=IFCCARTESIANPOINT((-14.3029437251523,-12.8,-1.69705627484772));
#17168=IFCCARTESIANPOINT((-18.2173108780271,-12.8,-0.918440237676217));
#17169=IFCCARTESIANPOINT((-15.0815597623238,-12.8,2.21731087802709));
#17170=IFCCARTESIANPOINT((-17.6970562748477,-12.8,1.69705627484772));
#17171=IFCCARTESIANPOINT((-18.2173108780271,-12.8,0.918440237676217));
#17172=IFCCARTESIANPOINT((-18.4,-12.8,1.46957615897683E-16));
#17173=IFCCARTESIANPOINT((-16.,-12.8,2.4));
#17174=IFCCARTESIANPOINT((-16.9184402376762,-12.8,2.21731087802709));
#17175=IFCCARTESIANPOINT((16.,-12.8,-2.4));
#17176=IFCCARTESIANPOINT((16.9184402376762,-12.8,-2.21731087802709));
#17177=IFCCARTESIANPOINT((15.0815597623238,-12.8,-2.21731087802709));
#17178=IFCCARTESIANPOINT((14.3029437251523,-12.8,-1.69705627484772));
#17179=IFCCARTESIANPOINT((13.7826891219729,-12.8,-0.918440237676216));
#17180=IFCCARTESIANPOINT((14.3029437251523,-12.8,1.69705627484772));
#17181=IFCCARTESIANPOINT((13.7826891219729,-12.8,0.918440237676217));
#17182=IFCCARTESIANPOINT((16.,-12.8,2.4));
#17183=IFCCARTESIANPOINT((15.0815597623238,-12.8,2.21731087802709));
#17184=IFCCARTESIANPOINT((13.6,-12.8,1.46957615897683E-16));
#17185=IFCCARTESIANPOINT((17.6970562748477,-12.8,1.69705627484772));
#17186=IFCCARTESIANPOINT((16.9184402376762,-12.8,2.21731087802709));
#17187=IFCCARTESIANPOINT((18.4,-12.8,-4.40872847693048E-16));
#17188=IFCCARTESIANPOINT((18.2173108780271,-12.8,0.918440237676217));
#17189=IFCCARTESIANPOINT((17.6970562748477,-12.8,-1.69705627484772));
#17190=IFCCARTESIANPOINT((18.2173108780271,-12.8,-0.918440237676218));
#17191=IFCCARTESIANPOINT((2.21731087802709,-12.8,0.918440237676217));
#17192=IFCCARTESIANPOINT((1.69705627484772,-12.8,1.69705627484772));
#17193=IFCCARTESIANPOINT((3.46944695195361E-15,-12.8,-4.));
#17194=IFCCARTESIANPOINT((-0.918440237676216,-12.8,-2.21731087802709));
#17195=IFCCARTESIANPOINT((-2.93915231795365E-16,-12.8,-2.4));
#17196=IFCCARTESIANPOINT((2.4,-12.8,-4.40872847693048E-16));
#17197=IFCCARTESIANPOINT((-1.69705627484772,-12.8,-1.69705627484772));
#17198=IFCCARTESIANPOINT((2.21731087802709,-12.8,-0.918440237676216));
#17199=IFCCARTESIANPOINT((-2.21731087802709,-12.8,-0.918440237676216));
#17200=IFCCARTESIANPOINT((1.69705627484772,-12.8,-1.69705627484772));
#17201=IFCCARTESIANPOINT((-2.4,-12.8,1.46957615897683E-16));
#17202=IFCCARTESIANPOINT((0.918440237676216,-12.8,-2.21731087802709));
#17203=IFCCARTESIANPOINT((-2.21731087802709,-12.8,0.918440237676217));
#17204=IFCCARTESIANPOINT((-0.918440237676216,-12.8,2.21731087802709));
#17205=IFCCARTESIANPOINT((-1.69705627484772,-12.8,1.69705627484772));
#17206=IFCCARTESIANPOINT((0.918440237676216,-12.8,2.21731087802709));
#17207=IFCCARTESIANPOINT((0.,-12.8,2.4));
#17208=IFCCARTESIANPOINT((-24.,-12.4,-4.));
#17209=IFCCARTESIANPOINT((-24.,-12.4,-3.6));
#17210=IFCCARTESIANPOINT((24.,-12.4,-3.6));
#17211=IFCCARTESIANPOINT((24.,-12.4,-4.));
#17212=IFCCARTESIANPOINT((-16.9184402376762,-19.2,2.21731087802709));
#17213=IFCCARTESIANPOINT((-16.,-19.2,2.4));
#17214=IFCCARTESIANPOINT((-17.6970562748477,-19.2,1.69705627484772));
#17215=IFCCARTESIANPOINT((-18.2173108780271,-19.2,0.918440237676217));
#17216=IFCCARTESIANPOINT((-18.4,-19.2,1.46957615897683E-16));
#17217=IFCCARTESIANPOINT((-18.2173108780271,-19.2,-0.918440237676217));
#17218=IFCCARTESIANPOINT((-17.6970562748477,-19.2,-1.69705627484772));
#17219=IFCCARTESIANPOINT((-16.9184402376762,-19.2,-2.21731087802709));
#17220=IFCCARTESIANPOINT((-16.,-19.2,-2.4));
#17221=IFCCARTESIANPOINT((-15.0815597623238,-19.2,-2.21731087802709));
#17222=IFCCARTESIANPOINT((-14.3029437251523,-19.2,-1.69705627484772));
#17223=IFCCARTESIANPOINT((-13.7826891219729,-19.2,-0.918440237676216));
#17224=IFCCARTESIANPOINT((-13.6,-19.2,-4.40872847693048E-16));
#17225=IFCCARTESIANPOINT((-13.7826891219729,-19.2,0.918440237676217));
#17226=IFCCARTESIANPOINT((-14.3029437251523,-19.2,1.69705627484772));
#17227=IFCCARTESIANPOINT((-15.0815597623238,-19.2,2.21731087802709));
#17228=IFCCARTESIANPOINT((-12.9,-19.2,-5.69460761603519E-16));
#17229=IFCCARTESIANPOINT((-13.135973449215,-19.2,1.18631864033178));
#17230=IFCCARTESIANPOINT((-13.8079689783217,-19.2,2.1920310216783));
#17231=IFCCARTESIANPOINT((-16.,-19.2,3.1));
#17232=IFCCARTESIANPOINT((-17.1863186403318,-19.2,2.86402655078499));
#17233=IFCCARTESIANPOINT((-13.8079689783217,-19.2,-2.1920310216783));
#17234=IFCCARTESIANPOINT((-13.135973449215,-19.2,-1.18631864033178));
#17235=IFCCARTESIANPOINT((-14.8136813596682,-19.2,2.86402655078499));
#17236=IFCCARTESIANPOINT((-18.1920310216783,-19.2,2.1920310216783));
#17237=IFCCARTESIANPOINT((-14.8136813596682,-19.2,-2.86402655078499));
#17238=IFCCARTESIANPOINT((-18.864026550785,-19.2,1.18631864033178));
#17239=IFCCARTESIANPOINT((-19.1,-19.2,1.8982025386784E-16));
#17240=IFCCARTESIANPOINT((-18.864026550785,-19.2,-1.18631864033178));
#17241=IFCCARTESIANPOINT((-18.1920310216783,-19.2,-2.1920310216783));
#17242=IFCCARTESIANPOINT((-17.1863186403318,-19.2,-2.86402655078499));
#17243=IFCCARTESIANPOINT((-16.,-19.2,-3.1));
#17244=IFCCARTESIANPOINT((-17.1863186403318,-20.,2.86402655078499));
#17245=IFCCARTESIANPOINT((-16.,-20.,3.1));
#17246=IFCCARTESIANPOINT((-18.1920310216783,-20.,2.1920310216783));
#17247=IFCCARTESIANPOINT((-18.864026550785,-20.,1.18631864033178));
#17248=IFCCARTESIANPOINT((-19.1,-20.,1.8982025386784E-16));
#17249=IFCCARTESIANPOINT((-18.864026550785,-20.,-1.18631864033178));
#17250=IFCCARTESIANPOINT((-18.1920310216783,-20.,-2.1920310216783));
#17251=IFCCARTESIANPOINT((-17.1863186403318,-20.,-2.86402655078499));
#17252=IFCCARTESIANPOINT((-16.,-20.,-3.1));
#17253=IFCCARTESIANPOINT((-14.8136813596682,-20.,-2.86402655078499));
#17254=IFCCARTESIANPOINT((-13.8079689783217,-20.,-2.1920310216783));
#17255=IFCCARTESIANPOINT((-13.135973449215,-20.,-1.18631864033178));
#17256=IFCCARTESIANPOINT((-12.9,-20.,-5.69460761603519E-16));
#17257=IFCCARTESIANPOINT((-13.135973449215,-20.,1.18631864033178));
#17258=IFCCARTESIANPOINT((-13.8079689783217,-20.,2.1920310216783));
#17259=IFCCARTESIANPOINT((-14.8136813596682,-20.,2.86402655078499));
#17260=IFCCARTESIANPOINT((15.0815597623238,-19.2,2.21731087802709));
#17261=IFCCARTESIANPOINT((16.,-19.2,2.4));
#17262=IFCCARTESIANPOINT((14.3029437251523,-19.2,1.69705627484772));
#17263=IFCCARTESIANPOINT((13.7826891219729,-19.2,0.918440237676217));
#17264=IFCCARTESIANPOINT((13.6,-19.2,1.46957615897683E-16));
#17265=IFCCARTESIANPOINT((13.7826891219729,-19.2,-0.918440237676216));
#17266=IFCCARTESIANPOINT((14.3029437251523,-19.2,-1.69705627484772));
#17267=IFCCARTESIANPOINT((15.0815597623238,-19.2,-2.21731087802709));
#17268=IFCCARTESIANPOINT((16.,-19.2,-2.4));
#17269=IFCCARTESIANPOINT((16.9184402376762,-19.2,-2.21731087802709));
#17270=IFCCARTESIANPOINT((17.6970562748477,-19.2,-1.69705627484772));
#17271=IFCCARTESIANPOINT((18.2173108780271,-19.2,-0.918440237676218));
#17272=IFCCARTESIANPOINT((18.4,-19.2,-4.40872847693048E-16));
#17273=IFCCARTESIANPOINT((18.2173108780271,-19.2,0.918440237676217));
#17274=IFCCARTESIANPOINT((17.6970562748477,-19.2,1.69705627484772));
#17275=IFCCARTESIANPOINT((16.9184402376762,-19.2,2.21731087802709));
#17276=IFCCARTESIANPOINT((17.1863186403318,-19.2,2.86402655078499));
#17277=IFCCARTESIANPOINT((16.,-19.2,3.1));
#17278=IFCCARTESIANPOINT((14.8136813596682,-19.2,2.86402655078499));
#17279=IFCCARTESIANPOINT((13.8079689783217,-19.2,2.1920310216783));
#17280=IFCCARTESIANPOINT((13.135973449215,-19.2,1.18631864033178));
#17281=IFCCARTESIANPOINT((12.9,-19.2,1.8982025386784E-16));
#17282=IFCCARTESIANPOINT((13.135973449215,-19.2,-1.18631864033178));
#17283=IFCCARTESIANPOINT((13.8079689783217,-19.2,-2.1920310216783));
#17284=IFCCARTESIANPOINT((14.8136813596682,-19.2,-2.86402655078499));
#17285=IFCCARTESIANPOINT((16.,-19.2,-3.1));
#17286=IFCCARTESIANPOINT((17.1863186403318,-19.2,-2.86402655078499));
#17287=IFCCARTESIANPOINT((18.1920310216783,-19.2,-2.1920310216783));
#17288=IFCCARTESIANPOINT((18.864026550785,-19.2,-1.18631864033178));
#17289=IFCCARTESIANPOINT((19.1,-19.2,-5.69460761603519E-16));
#17290=IFCCARTESIANPOINT((18.864026550785,-19.2,1.18631864033178));
#17291=IFCCARTESIANPOINT((18.1920310216783,-19.2,2.1920310216783));
#17292=IFCCARTESIANPOINT((14.8136813596682,-20.,2.86402655078499));
#17293=IFCCARTESIANPOINT((16.,-20.,3.1));
#17294=IFCCARTESIANPOINT((13.8079689783217,-20.,2.1920310216783));
#17295=IFCCARTESIANPOINT((13.135973449215,-20.,1.18631864033178));
#17296=IFCCARTESIANPOINT((12.9,-20.,1.8982025386784E-16));
#17297=IFCCARTESIANPOINT((13.135973449215,-20.,-1.18631864033178));
#17298=IFCCARTESIANPOINT((13.8079689783217,-20.,-2.1920310216783));
#17299=IFCCARTESIANPOINT((14.8136813596682,-20.,-2.86402655078499));
#17300=IFCCARTESIANPOINT((16.,-20.,-3.1));
#17301=IFCCARTESIANPOINT((17.1863186403318,-20.,-2.86402655078499));
#17302=IFCCARTESIANPOINT((18.1920310216783,-20.,-2.1920310216783));
#17303=IFCCARTESIANPOINT((18.864026550785,-20.,-1.18631864033178));
#17304=IFCCARTESIANPOINT((19.1,-20.,-5.69460761603519E-16));
#17305=IFCCARTESIANPOINT((18.864026550785,-20.,1.18631864033178));
#17306=IFCCARTESIANPOINT((18.1920310216783,-20.,2.1920310216783));
#17307=IFCCARTESIANPOINT((17.1863186403318,-20.,2.86402655078499));
#17308=IFCCARTESIANPOINT((-0.918440237676216,-19.2,2.21731087802709));
#17309=IFCCARTESIANPOINT((0.,-19.2,2.4));
#17310=IFCCARTESIANPOINT((-1.69705627484772,-19.2,1.69705627484772));
#17311=IFCCARTESIANPOINT((-2.21731087802709,-19.2,0.918440237676217));
#17312=IFCCARTESIANPOINT((-2.4,-19.2,1.46957615897683E-16));
#17313=IFCCARTESIANPOINT((-2.21731087802709,-19.2,-0.918440237676216));
#17314=IFCCARTESIANPOINT((-1.69705627484772,-19.2,-1.69705627484772));
#17315=IFCCARTESIANPOINT((-0.918440237676216,-19.2,-2.21731087802709));
#17316=IFCCARTESIANPOINT((-2.93915231795365E-16,-19.2,-2.4));
#17317=IFCCARTESIANPOINT((0.918440237676216,-19.2,-2.21731087802709));
#17318=IFCCARTESIANPOINT((1.69705627484772,-19.2,-1.69705627484772));
#17319=IFCCARTESIANPOINT((2.21731087802709,-19.2,-0.918440237676216));
#17320=IFCCARTESIANPOINT((2.4,-19.2,-4.40872847693048E-16));
#17321=IFCCARTESIANPOINT((2.21731087802709,-19.2,0.918440237676217));
#17322=IFCCARTESIANPOINT((1.69705627484772,-19.2,1.69705627484772));
#17323=IFCCARTESIANPOINT((0.918440237676216,-19.2,2.21731087802709));
#17324=IFCCARTESIANPOINT((2.1920310216783,-19.2,-2.1920310216783));
#17325=IFCCARTESIANPOINT((2.86402655078499,-19.2,-1.18631864033178));
#17326=IFCCARTESIANPOINT((3.1,-19.2,-5.69460761603519E-16));
#17327=IFCCARTESIANPOINT((2.86402655078499,-19.2,1.18631864033178));
#17328=IFCCARTESIANPOINT((2.1920310216783,-19.2,2.1920310216783));
#17329=IFCCARTESIANPOINT((0.,-19.2,3.1));
#17330=IFCCARTESIANPOINT((-1.18631864033178,-19.2,2.86402655078499));
#17331=IFCCARTESIANPOINT((1.18631864033178,-19.2,2.86402655078499));
#17332=IFCCARTESIANPOINT((-2.1920310216783,-19.2,2.1920310216783));
#17333=IFCCARTESIANPOINT((1.18631864033178,-19.2,-2.86402655078499));
#17334=IFCCARTESIANPOINT((-2.86402655078499,-19.2,1.18631864033178));
#17335=IFCCARTESIANPOINT((-3.1,-19.2,1.8982025386784E-16));
#17336=IFCCARTESIANPOINT((-2.86402655078499,-19.2,-1.18631864033178));
#17337=IFCCARTESIANPOINT((-2.1920310216783,-19.2,-2.1920310216783));
#17338=IFCCARTESIANPOINT((-1.18631864033178,-19.2,-2.86402655078499));
#17339=IFCCARTESIANPOINT((-3.7964050773568E-16,-19.2,-3.1));
#17340=IFCCARTESIANPOINT((-1.18631864033178,-20.,2.86402655078499));
#17341=IFCCARTESIANPOINT((0.,-20.,3.1));
#17342=IFCCARTESIANPOINT((-2.1920310216783,-20.,2.1920310216783));
#17343=IFCCARTESIANPOINT((-2.86402655078499,-20.,1.18631864033178));
#17344=IFCCARTESIANPOINT((-3.1,-20.,1.8982025386784E-16));
#17345=IFCCARTESIANPOINT((-2.86402655078499,-20.,-1.18631864033178));
#17346=IFCCARTESIANPOINT((-2.1920310216783,-20.,-2.1920310216783));
#17347=IFCCARTESIANPOINT((-1.18631864033178,-20.,-2.86402655078499));
#17348=IFCCARTESIANPOINT((-3.7964050773568E-16,-20.,-3.1));
#17349=IFCCARTESIANPOINT((1.18631864033178,-20.,-2.86402655078499));
#17350=IFCCARTESIANPOINT((2.1920310216783,-20.,-2.1920310216783));
#17351=IFCCARTESIANPOINT((2.86402655078499,-20.,-1.18631864033178));
#17352=IFCCARTESIANPOINT((3.1,-20.,-5.69460761603519E-16));
#17353=IFCCARTESIANPOINT((2.86402655078499,-20.,1.18631864033178));
#17354=IFCCARTESIANPOINT((2.1920310216783,-20.,2.1920310216783));
#17355=IFCCARTESIANPOINT((1.18631864033178,-20.,2.86402655078499));
#17356=IFCCARTESIANPOINT((-26.5455844122716,-18.5455844122716,-4.));
#17357=IFCCARTESIANPOINT((-26.5455844122716,-18.5455844122716,-3.6));
#17358=IFCCARTESIANPOINT((-26.7091753675097,-18.3707317073171,-3.6));
#17359=IFCCARTESIANPOINT((-27.3259663170406,-17.3776603565143,-4.));
#17360=IFCCARTESIANPOINT((-26.5455844122716,-13.4544155877284,-4.));
#17361=IFCCARTESIANPOINT((-27.3259663170406,-14.6223396434857,-4.));
#17362=IFCCARTESIANPOINT((-26.7091753675097,-13.6292682926829,-3.6));
#17363=IFCCARTESIANPOINT((-27.3259663170406,-14.6223396434857,-0.5));
#17364=IFCCARTESIANPOINT((-26.7091753675097,-13.6292682926829,-0.5));
#17365=IFCCARTESIANPOINT((-25.3776603565143,-12.6740336829594,-4.));
#17366=IFCCARTESIANPOINT((-25.3776603565143,-12.6740336829594,-3.6));
#17367=IFCCARTESIANPOINT((-26.5455844122716,-13.4544155877284,-3.6));
#17368=IFCCARTESIANPOINT((-26.7091753675097,-18.3707317073171,-0.5));
#17369=IFCCARTESIANPOINT((-27.3259663170406,-17.3776603565143,-0.5));
#17370=IFCCARTESIANPOINT((-25.3776603565143,-19.3259663170406,-4.));
#17371=IFCCARTESIANPOINT((-25.3776603565143,-19.3259663170406,-3.6));
#17372=IFCCARTESIANPOINT((-24.,-19.6,-4.));
#17373=IFCCARTESIANPOINT((-24.,-19.6,-3.6));
#17374=IFCCARTESIANPOINT((-27.6,-16.,-4.));
#17375=IFCCARTESIANPOINT((-27.6,-16.,-0.5));
#17376=IFCCARTESIANPOINT((0.,-19.6,-3.6));
#17377=IFCCARTESIANPOINT((-16.,-19.6,-4.));
#17378=IFCCARTESIANPOINT((-7.99999999999999,-19.6,-4.));
#17379=IFCCARTESIANPOINT((3.46944695195361E-15,-19.6,-4.));
#17380=IFCCARTESIANPOINT((8.,-19.6,-4.));
#17381=IFCCARTESIANPOINT((24.,-19.6,-4.));
#17382=IFCCARTESIANPOINT((24.,-19.6,-3.6));
#17383=IFCCARTESIANPOINT((-26.6136174530545,-18.5345481701756,-3.6));
#17384=IFCCARTESIANPOINT((-26.6136174530545,-18.5345481701756,-0.5));
#17385=IFCCARTESIANPOINT((-26.5859413840746,-18.7221679551779,-3.6));
#17386=IFCCARTESIANPOINT((-26.5859413840746,-18.7221679551779,-0.5));
#17387=IFCCARTESIANPOINT((-26.6301288777036,-18.9065984676353,-3.6));
#17388=IFCCARTESIANPOINT((-26.6301288777036,-18.9065984676353,-0.5));
#17389=IFCCARTESIANPOINT((-26.7398227413574,-19.0613059490162,-3.6));
#17390=IFCCARTESIANPOINT((-26.7398227413574,-19.0613059490162,-0.5));
#17391=IFCCARTESIANPOINT((-26.8992414730936,-19.1640328514815,-3.6));
#17392=IFCCARTESIANPOINT((-26.8992414730936,-19.1640328514815,-0.5));
#17393=IFCCARTESIANPOINT((-27.0854497241083,-19.2,-3.6));
#17394=IFCCARTESIANPOINT((-27.0854497241083,-19.2,-0.5));
#17395=IFCCARTESIANPOINT((-26.8992414730936,-12.8359671485185,-3.6));
#17396=IFCCARTESIANPOINT((-26.8992414730936,-12.8359671485185,-0.5));
#17397=IFCCARTESIANPOINT((-27.0854497241083,-12.8,-0.5));
#17398=IFCCARTESIANPOINT((-27.0854497241083,-12.8,-3.6));
#17399=IFCCARTESIANPOINT((-26.7398227413574,-12.9386940509838,-3.6));
#17400=IFCCARTESIANPOINT((-26.7398227413574,-12.9386940509838,-0.5));
#17401=IFCCARTESIANPOINT((-26.6301288777036,-13.0934015323647,-3.6));
#17402=IFCCARTESIANPOINT((-26.6301288777036,-13.0934015323647,-0.5));
#17403=IFCCARTESIANPOINT((-26.5859413840746,-13.2778320448221,-3.6));
#17404=IFCCARTESIANPOINT((-26.5859413840746,-13.2778320448221,-0.5));
#17405=IFCCARTESIANPOINT((-26.6136174530545,-13.4654518298244,-3.6));
#17406=IFCCARTESIANPOINT((-26.6136174530545,-13.4654518298244,-0.5));
#17407=IFCCARTESIANPOINT((-28.4348913060048,-19.2,-0.5));
#17408=IFCCARTESIANPOINT((-28.4348913060048,-12.8,-0.5));
#17409=IFCCARTESIANPOINT((-29.6377976377964,-19.2,-2.71661554144122));
#17410=IFCCARTESIANPOINT((-28.835888718159,-19.2,-1.7170905031845));
#17411=IFCCARTESIANPOINT((-30.7390114887891,-19.2,-3.37192941423663));
#17412=IFCCARTESIANPOINT((-32.,-19.2,-3.6));
#17413=IFCCARTESIANPOINT((-29.6377976377964,-12.8,-2.71661554144122));
#17414=IFCCARTESIANPOINT((-30.7390114887891,-12.8,-3.37192941423663));
#17415=IFCCARTESIANPOINT((-28.835888718159,-12.8,-1.7170905031845));
#17416=IFCCARTESIANPOINT((-32.,-12.8,-3.6));
#17417=IFCCARTESIANPOINT((26.5455844122716,-18.5455844122716,-4.));
#17418=IFCCARTESIANPOINT((27.3259663170406,-17.3776603565143,-4.));
#17419=IFCCARTESIANPOINT((26.7091753675097,-18.3707317073171,-3.6));
#17420=IFCCARTESIANPOINT((27.3259663170406,-17.3776603565143,-0.5));
#17421=IFCCARTESIANPOINT((26.7091753675097,-18.3707317073171,-0.5));
#17422=IFCCARTESIANPOINT((26.5455844122716,-13.4544155877284,-4.));
#17423=IFCCARTESIANPOINT((26.5455844122716,-13.4544155877284,-3.6));
#17424=IFCCARTESIANPOINT((26.7091753675097,-13.6292682926829,-3.6));
#17425=IFCCARTESIANPOINT((27.3259663170406,-14.6223396434857,-4.));
#17426=IFCCARTESIANPOINT((26.7091753675097,-13.6292682926829,-0.5));
#17427=IFCCARTESIANPOINT((27.3259663170406,-14.6223396434857,-0.5));
#17428=IFCCARTESIANPOINT((25.3776603565143,-12.6740336829594,-4.));
#17429=IFCCARTESIANPOINT((25.3776603565143,-12.6740336829594,-3.6));
#17430=IFCCARTESIANPOINT((25.3776603565143,-19.3259663170406,-4.));
#17431=IFCCARTESIANPOINT((25.3776603565143,-19.3259663170406,-3.6));
#17432=IFCCARTESIANPOINT((26.5455844122716,-18.5455844122716,-3.6));
#17433=IFCCARTESIANPOINT((27.6,-16.,-4.));
#17434=IFCCARTESIANPOINT((27.6,-16.,-0.5));
#17435=IFCCARTESIANPOINT((26.8992414730936,-19.1640328514815,-3.6));
#17436=IFCCARTESIANPOINT((26.8992414730936,-19.1640328514815,-0.5));
#17437=IFCCARTESIANPOINT((27.0854497241083,-19.2,-0.5));
#17438=IFCCARTESIANPOINT((27.0854497241083,-19.2,-3.6));
#17439=IFCCARTESIANPOINT((26.7398227413574,-19.0613059490162,-3.6));
#17440=IFCCARTESIANPOINT((26.7398227413574,-19.0613059490162,-0.5));
#17441=IFCCARTESIANPOINT((26.6301288777036,-18.9065984676353,-3.6));
#17442=IFCCARTESIANPOINT((26.6301288777036,-18.9065984676353,-0.5));
#17443=IFCCARTESIANPOINT((26.5859413840746,-18.7221679551779,-3.6));
#17444=IFCCARTESIANPOINT((26.5859413840746,-18.7221679551779,-0.5));
#17445=IFCCARTESIANPOINT((26.6136174530545,-18.5345481701756,-3.6));
#17446=IFCCARTESIANPOINT((26.6136174530545,-18.5345481701756,-0.5));
#17447=IFCCARTESIANPOINT((26.6136174530545,-13.4654518298244,-3.6));
#17448=IFCCARTESIANPOINT((26.6136174530545,-13.4654518298244,-0.5));
#17449=IFCCARTESIANPOINT((26.5859413840746,-13.2778320448221,-3.6));
#17450=IFCCARTESIANPOINT((26.5859413840746,-13.2778320448221,-0.5));
#17451=IFCCARTESIANPOINT((26.6301288777036,-13.0934015323647,-3.6));
#17452=IFCCARTESIANPOINT((26.6301288777036,-13.0934015323647,-0.5));
#17453=IFCCARTESIANPOINT((26.7398227413574,-12.9386940509838,-3.6));
#17454=IFCCARTESIANPOINT((26.7398227413574,-12.9386940509838,-0.5));
#17455=IFCCARTESIANPOINT((26.8992414730936,-12.8359671485185,-3.6));
#17456=IFCCARTESIANPOINT((26.8992414730936,-12.8359671485185,-0.5));
#17457=IFCCARTESIANPOINT((27.0854497241083,-12.8,-3.6));
#17458=IFCCARTESIANPOINT((27.0854497241083,-12.8,-0.5));
#17459=IFCCARTESIANPOINT((28.4348913060048,-12.8,-0.5));
#17460=IFCCARTESIANPOINT((28.4348913060048,-19.2,-0.5));
#17461=IFCCARTESIANPOINT((28.835888718159,-19.2,-1.7170905031845));
#17462=IFCCARTESIANPOINT((29.6377976377964,-19.2,-2.71661554144122));
#17463=IFCCARTESIANPOINT((30.7390114887891,-19.2,-3.37192941423663));
#17464=IFCCARTESIANPOINT((32.,-19.2,-3.6));
#17465=IFCCARTESIANPOINT((29.6377976377964,-12.8,-2.71661554144122));
#17466=IFCCARTESIANPOINT((28.835888718159,-12.8,-1.7170905031845));
#17467=IFCCARTESIANPOINT((30.7390114887891,-12.8,-3.37192941423663));
#17468=IFCCARTESIANPOINT((32.,-12.8,-3.6));
#17469=IFCCARTESIANPOINT((-28.,0.,3.6));
#17470=IFCCARTESIANPOINT((-28.,12.,3.6));
#17471=IFCCARTESIANPOINT((-28.,12.,2.95));
#17472=IFCCARTESIANPOINT((-28.,-12.,3.6));
#17473=IFCCARTESIANPOINT((-28.,-4.,3.6));
#17474=IFCCARTESIANPOINT((-28.,-4.,2.95));
#17475=IFCCARTESIANPOINT((-28.,3.21747949367828,-2.76776143868648));
#17476=IFCCARTESIANPOINT((-28.,3.39411254969543,-2.8));
#17477=IFCCARTESIANPOINT((-28.,4.60588745030457,-2.8));
#17478=IFCCARTESIANPOINT((-28.,5.04761355460396,-2.53426064283291));
#17479=IFCCARTESIANPOINT((-28.,5.10188867290571,-2.36310932718839));
#17480=IFCCARTESIANPOINT((-28.,4.78252050632172,-2.76776143868648));
#17481=IFCCARTESIANPOINT((-28.,4.93637597991324,-2.67520305408818));
#17482=IFCCARTESIANPOINT((-28.,-2.95238644539604,-2.53426064283291));
#17483=IFCCARTESIANPOINT((-28.,-2.89811132709428,-2.36310932718839));
#17484=IFCCARTESIANPOINT((-28.,-4.,-3.6));
#17485=IFCCARTESIANPOINT((-28.,-4.,-2.8));
#17486=IFCCARTESIANPOINT((-28.,-3.39411254969543,-2.8));
#17487=IFCCARTESIANPOINT((-28.,-3.06362402008675,-2.67520305408818));
#17488=IFCCARTESIANPOINT((-28.,-3.21747949367828,-2.76776143868648));
#17489=IFCCARTESIANPOINT((-28.,2.95238644539604,2.53426064283291));
#17490=IFCCARTESIANPOINT((-28.,2.89811132709428,2.36310932718839));
#17491=IFCCARTESIANPOINT((-28.,2.89811132709428,-2.36310932718839));
#17492=IFCCARTESIANPOINT((-28.,2.95238644539604,-2.53426064283291));
#17493=IFCCARTESIANPOINT((-28.,0.,-3.6));
#17494=IFCCARTESIANPOINT((-28.,4.60588745030457,2.8));
#17495=IFCCARTESIANPOINT((-28.,3.39411254969543,2.8));
#17496=IFCCARTESIANPOINT((-28.,3.06362402008675,2.67520305408818));
#17497=IFCCARTESIANPOINT((-28.,2.90779767209816,2.18381979588779));
#17498=IFCCARTESIANPOINT((-28.,3.06362402008675,-2.67520305408818));
#17499=IFCCARTESIANPOINT((-28.,2.98019638509842,-2.01951219512195));
#17500=IFCCARTESIANPOINT((-28.,2.90779767209816,-2.18381979588779));
#17501=IFCCARTESIANPOINT((-28.,5.01980361490157,2.01951219512195));
#17502=IFCCARTESIANPOINT((-28.,5.09220232790184,2.18381979588779));
#17503=IFCCARTESIANPOINT((-28.,3.21747949367828,2.76776143868648));
#17504=IFCCARTESIANPOINT((-28.,3.52929341679988,-0.709991533845998));
#17505=IFCCARTESIANPOINT((-28.,12.,-3.6));
#17506=IFCCARTESIANPOINT((-28.,4.47070658320011,-0.709991533846));
#17507=IFCCARTESIANPOINT((-28.,4.47070658320011,0.709991533845995));
#17508=IFCCARTESIANPOINT((-28.,2.98019638509842,2.01951219512195));
#17509=IFCCARTESIANPOINT((-28.,3.52929341679989,0.709991533845996));
#17510=IFCCARTESIANPOINT((-28.,5.04761355460395,2.53426064283291));
#17511=IFCCARTESIANPOINT((-28.,4.93637597991324,2.67520305408818));
#17512=IFCCARTESIANPOINT((-28.,5.10188867290571,2.36310932718839));
#17513=IFCCARTESIANPOINT((-28.,4.78252050632171,2.76776143868648));
#17514=IFCCARTESIANPOINT((-28.,-2.90779767209816,2.18381979588779));
#17515=IFCCARTESIANPOINT((-28.,-2.89811132709428,2.36310932718839));
#17516=IFCCARTESIANPOINT((-28.,5.09220232790184,-2.18381979588779));
#17517=IFCCARTESIANPOINT((-28.,-2.95238644539604,2.53426064283291));
#17518=IFCCARTESIANPOINT((-28.,-3.06362402008675,2.67520305408818));
#17519=IFCCARTESIANPOINT((-28.,-2.98019638509842,2.01951219512195));
#17520=IFCCARTESIANPOINT((-28.,-3.21747949367828,2.76776143868648));
#17521=IFCCARTESIANPOINT((-28.,-3.39411254969543,2.8));
#17522=IFCCARTESIANPOINT((-28.,-2.90779767209816,-2.18381979588779));
#17523=IFCCARTESIANPOINT((-28.,-3.52929341679988,-0.709991533845999));
#17524=IFCCARTESIANPOINT((-28.,-3.52929341679989,0.709991533845995));
#17525=IFCCARTESIANPOINT((-28.,5.01980361490157,-2.01951219512195));
#17526=IFCCARTESIANPOINT((-28.,-4.,2.8));
#17527=IFCCARTESIANPOINT((-28.,-2.98019638509842,-2.01951219512195));
#17528=IFCCARTESIANPOINT((-28.,-4.78252050632172,-2.76776143868648));
#17529=IFCCARTESIANPOINT((-28.,-4.60588745030457,-2.8));
#17530=IFCCARTESIANPOINT((-28.,-4.93637597991325,-2.67520305408818));
#17531=IFCCARTESIANPOINT((-28.,-5.04761355460396,2.53426064283291));
#17532=IFCCARTESIANPOINT((-28.,-5.10188867290572,2.36310932718839));
#17533=IFCCARTESIANPOINT((-28.,-5.04761355460396,-2.53426064283291));
#17534=IFCCARTESIANPOINT((-28.,-5.09220232790184,-2.18381979588779));
#17535=IFCCARTESIANPOINT((-28.,-5.10188867290572,-2.36310932718839));
#17536=IFCCARTESIANPOINT((-28.,-4.93637597991325,2.67520305408818));
#17537=IFCCARTESIANPOINT((-28.,-4.60588745030458,2.8));
#17538=IFCCARTESIANPOINT((-28.,-4.78252050632172,2.76776143868648));
#17539=IFCCARTESIANPOINT((-28.,-5.09220232790184,2.18381979588779));
#17540=IFCCARTESIANPOINT((-28.,-5.01980361490158,-2.01951219512195));
#17541=IFCCARTESIANPOINT((-28.,-12.,-3.6));
#17542=IFCCARTESIANPOINT((-28.,-5.01980361490158,2.01951219512195));
#17543=IFCCARTESIANPOINT((-28.,-4.47070658320012,0.709991533845997));
#17544=IFCCARTESIANPOINT((-28.,-4.47070658320012,-0.709991533845996));
#17545=IFCCARTESIANPOINT((-28.,-12.,2.95));
#17546=IFCCARTESIANPOINT((-24.9,-5.09220232790184,2.18381979588779));
#17547=IFCCARTESIANPOINT((-24.9,-5.01980361490158,2.01951219512195));
#17548=IFCCARTESIANPOINT((-24.9,-5.10188867290572,2.36310932718839));
#17549=IFCCARTESIANPOINT((-24.9,-5.04761355460396,2.53426064283291));
#17550=IFCCARTESIANPOINT((-24.9,-4.93637597991325,2.67520305408818));
#17551=IFCCARTESIANPOINT((-24.9,-4.78252050632172,2.76776143868648));
#17552=IFCCARTESIANPOINT((-24.9,-4.60588745030458,2.8));
#17553=IFCCARTESIANPOINT((-24.9,-2.98019638509842,-2.01951219512195));
#17554=IFCCARTESIANPOINT((-24.9,-4.78252050632172,-2.76776143868648));
#17555=IFCCARTESIANPOINT((-24.9,-4.93637597991325,-2.67520305408818));
#17556=IFCCARTESIANPOINT((-24.9,-5.04761355460396,-2.53426064283291));
#17557=IFCCARTESIANPOINT((-24.9,-5.10188867290572,-2.36310932718839));
#17558=IFCCARTESIANPOINT((-24.9,-5.09220232790184,-2.18381979588779));
#17559=IFCCARTESIANPOINT((-24.9,-5.01980361490158,-2.01951219512195));
#17560=IFCCARTESIANPOINT((-24.9,-2.98019638509842,2.01951219512195));
#17561=IFCCARTESIANPOINT((-24.9,-3.52929341679989,0.709991533845995));
#17562=IFCCARTESIANPOINT((-24.9,-4.47070658320012,0.709991533845997));
#17563=IFCCARTESIANPOINT((-24.9,-4.47070658320012,-0.709991533845996));
#17564=IFCCARTESIANPOINT((-24.9,-3.52929341679988,-0.709991533845999));
#17565=IFCCARTESIANPOINT((-24.9,-3.39411254969543,2.8));
#17566=IFCCARTESIANPOINT((-24.9,-3.21747949367828,2.76776143868648));
#17567=IFCCARTESIANPOINT((-24.9,-3.06362402008675,2.67520305408818));
#17568=IFCCARTESIANPOINT((-24.9,-2.95238644539604,2.53426064283291));
#17569=IFCCARTESIANPOINT((-24.9,-2.89811132709428,2.36310932718839));
#17570=IFCCARTESIANPOINT((-24.9,-2.90779767209816,2.18381979588779));
#17571=IFCCARTESIANPOINT((-24.9,-2.90779767209816,-2.18381979588779));
#17572=IFCCARTESIANPOINT((-24.9,-2.89811132709428,-2.36310932718839));
#17573=IFCCARTESIANPOINT((-24.9,-2.95238644539604,-2.53426064283291));
#17574=IFCCARTESIANPOINT((-24.9,-3.06362402008675,-2.67520305408818));
#17575=IFCCARTESIANPOINT((-24.9,-3.21747949367828,-2.76776143868648));
#17576=IFCCARTESIANPOINT((-24.9,-3.39411254969543,-2.8));
#17577=IFCCARTESIANPOINT((-24.9,-4.60588745030457,-2.8));
#17578=IFCCARTESIANPOINT((-24.9,4.78252050632171,2.76776143868648));
#17579=IFCCARTESIANPOINT((-24.9,4.60588745030457,2.8));
#17580=IFCCARTESIANPOINT((-24.9,4.93637597991324,2.67520305408818));
#17581=IFCCARTESIANPOINT((-24.9,5.04761355460395,2.53426064283291));
#17582=IFCCARTESIANPOINT((-24.9,5.10188867290571,2.36310932718839));
#17583=IFCCARTESIANPOINT((-24.9,5.09220232790184,2.18381979588779));
#17584=IFCCARTESIANPOINT((-24.9,5.01980361490157,2.01951219512195));
#17585=IFCCARTESIANPOINT((-24.9,2.98019638509842,-2.01951219512195));
#17586=IFCCARTESIANPOINT((-24.9,3.52929341679988,-0.709991533845998));
#17587=IFCCARTESIANPOINT((-24.9,4.47070658320011,-0.709991533846));
#17588=IFCCARTESIANPOINT((-24.9,5.01980361490157,-2.01951219512195));
#17589=IFCCARTESIANPOINT((-24.9,2.98019638509842,2.01951219512195));
#17590=IFCCARTESIANPOINT((-24.9,4.78252050632172,-2.76776143868648));
#17591=IFCCARTESIANPOINT((-24.9,4.60588745030457,-2.8));
#17592=IFCCARTESIANPOINT((-24.9,3.39411254969543,-2.8));
#17593=IFCCARTESIANPOINT((-24.9,3.21747949367828,-2.76776143868648));
#17594=IFCCARTESIANPOINT((-24.9,3.06362402008675,-2.67520305408818));
#17595=IFCCARTESIANPOINT((-24.9,2.95238644539604,-2.53426064283291));
#17596=IFCCARTESIANPOINT((-24.9,2.89811132709428,-2.36310932718839));
#17597=IFCCARTESIANPOINT((-24.9,2.90779767209816,-2.18381979588779));
#17598=IFCCARTESIANPOINT((-24.9,4.47070658320011,0.709991533845995));
#17599=IFCCARTESIANPOINT((-24.9,3.52929341679989,0.709991533845996));
#17600=IFCCARTESIANPOINT((-24.9,5.09220232790184,-2.18381979588779));
#17601=IFCCARTESIANPOINT((-24.9,5.10188867290571,-2.36310932718839));
#17602=IFCCARTESIANPOINT((-24.9,5.04761355460396,-2.53426064283291));
#17603=IFCCARTESIANPOINT((-24.9,4.93637597991324,-2.67520305408818));
#17604=IFCCARTESIANPOINT((-24.9,2.90779767209816,2.18381979588779));
#17605=IFCCARTESIANPOINT((-24.9,2.89811132709428,2.36310932718839));
#17606=IFCCARTESIANPOINT((-24.9,2.95238644539604,2.53426064283291));
#17607=IFCCARTESIANPOINT((-24.9,3.06362402008675,2.67520305408818));
#17608=IFCCARTESIANPOINT((-24.9,3.21747949367828,2.76776143868648));
#17609=IFCCARTESIANPOINT((-24.9,3.39411254969543,2.8));
#17610=IFCCARTESIANPOINT((-30.8136813596682,12.,-2.86402655078499));
#17611=IFCCARTESIANPOINT((-32.,12.,-3.1));
#17612=IFCCARTESIANPOINT((-29.8079689783217,12.,2.1920310216783));
#17613=IFCCARTESIANPOINT((-29.135973449215,12.,1.18631864033178));
#17614=IFCCARTESIANPOINT((-29.8079689783217,12.,-2.1920310216783));
#17615=IFCCARTESIANPOINT((-28.9,12.,4.98518021399757E-16));
#17616=IFCCARTESIANPOINT((-29.135973449215,12.,-1.18631864033178));
#17617=IFCCARTESIANPOINT((-29.6,12.,3.6));
#17618=IFCCARTESIANPOINT((-30.8136813596682,12.,2.86402655078499));
#17619=IFCCARTESIANPOINT((-40.,12.,3.6));
#17620=IFCCARTESIANPOINT((-40.,12.,3.10000000000001));
#17621=IFCCARTESIANPOINT((-32.,12.,3.10000000000001));
#17622=IFCCARTESIANPOINT((-40.,12.,-3.1));
#17623=IFCCARTESIANPOINT((-40.,12.,-3.6));
#17624=IFCCARTESIANPOINT((-40.,12.8,3.10000000000001));
#17625=IFCCARTESIANPOINT((-32.,12.8,3.10000000000001));
#17626=IFCCARTESIANPOINT((-40.,12.2,3.6));
#17627=IFCCARTESIANPOINT((-40.,12.8,3.6));
#17628=IFCCARTESIANPOINT((-40.,12.8,-3.1));
#17629=IFCCARTESIANPOINT((-40.,12.8,-3.6));
#17630=IFCCARTESIANPOINT((-32.,12.8,-3.1));
#17631=IFCCARTESIANPOINT((-30.8136813596682,12.8,-2.86402655078499));
#17632=IFCCARTESIANPOINT((-29.8079689783217,12.8,-2.1920310216783));
#17633=IFCCARTESIANPOINT((-29.135973449215,12.8,-1.18631864033178));
#17634=IFCCARTESIANPOINT((-28.9,12.8,4.98518021399757E-16));
#17635=IFCCARTESIANPOINT((-29.135973449215,12.8,1.18631864033178));
#17636=IFCCARTESIANPOINT((-29.8079689783217,12.8,2.1920310216783));
#17637=IFCCARTESIANPOINT((-30.8136813596682,12.8,2.86402655078499));
#17638=IFCCARTESIANPOINT((-34.4,12.8,4.40872847693047E-16));
#17639=IFCCARTESIANPOINT((-34.2173108780271,12.8,0.918440237676215));
#17640=IFCCARTESIANPOINT((-37.7826891219729,12.8,0.918440237676215));
#17641=IFCCARTESIANPOINT((-37.6,12.8,3.85949435922393E-16));
#17642=IFCCARTESIANPOINT((-31.0815597623238,12.8,2.21731087802709));
#17643=IFCCARTESIANPOINT((-30.3029437251523,12.8,1.69705627484771));
#17644=IFCCARTESIANPOINT((-34.2173108780271,12.8,-0.918440237676216));
#17645=IFCCARTESIANPOINT((-38.3029437251523,12.8,-1.69705627484771));
#17646=IFCCARTESIANPOINT((-39.0815597623238,12.8,-2.21731087802709));
#17647=IFCCARTESIANPOINT((-38.3029437251523,12.8,1.69705627484771));
#17648=IFCCARTESIANPOINT((-29.7826891219729,12.8,-0.918440237676215));
#17649=IFCCARTESIANPOINT((-30.3029437251523,12.8,-1.69705627484771));
#17650=IFCCARTESIANPOINT((-32.,12.8,2.4));
#17651=IFCCARTESIANPOINT((-33.6970562748477,12.8,1.69705627484771));
#17652=IFCCARTESIANPOINT((-32.9184402376762,12.8,2.21731087802709));
#17653=IFCCARTESIANPOINT((-37.7826891219729,12.8,-0.918440237676215));
#17654=IFCCARTESIANPOINT((-31.0815597623238,12.8,-2.21731087802709));
#17655=IFCCARTESIANPOINT((-29.7826891219729,12.8,0.918440237676215));
#17656=IFCCARTESIANPOINT((-29.6,12.8,3.85949435922393E-16));
#17657=IFCCARTESIANPOINT((-42.5455844122716,12.8,2.54558441227157));
#17658=IFCCARTESIANPOINT((-43.3259663170406,12.8,1.37766035651433));
#17659=IFCCARTESIANPOINT((-42.2173108780271,12.8,0.918440237676215));
#17660=IFCCARTESIANPOINT((-41.6970562748477,12.8,1.69705627484771));
#17661=IFCCARTESIANPOINT((-43.6,12.8,2.8258245797105E-15));
#17662=IFCCARTESIANPOINT((-43.3259663170406,12.8,-1.37766035651432));
#17663=IFCCARTESIANPOINT((-42.2173108780271,12.8,-0.918440237676216));
#17664=IFCCARTESIANPOINT((-42.4,12.8,4.40872847693047E-16));
#17665=IFCCARTESIANPOINT((-40.,12.8,-2.4));
#17666=IFCCARTESIANPOINT((-40.,12.8,2.4));
#17667=IFCCARTESIANPOINT((-39.0815597623238,12.8,2.21731087802709));
#17668=IFCCARTESIANPOINT((-40.9184402376762,12.8,2.21731087802709));
#17669=IFCCARTESIANPOINT((-41.3776603565143,12.8,-3.32596631704063));
#17670=IFCCARTESIANPOINT((-32.9184402376762,12.8,-2.21731087802709));
#17671=IFCCARTESIANPOINT((-33.6970562748477,12.8,-1.69705627484771));
#17672=IFCCARTESIANPOINT((-42.5455844122716,12.8,-2.54558441227157));
#17673=IFCCARTESIANPOINT((-41.6970562748477,12.8,-1.69705627484771));
#17674=IFCCARTESIANPOINT((-40.9184402376762,12.8,-2.21731087802709));
#17675=IFCCARTESIANPOINT((-32.,12.8,-2.4));
#17676=IFCCARTESIANPOINT((-41.3776603565143,12.8,3.32596631704064));
#17677=IFCCARTESIANPOINT((-41.3776603565143,20.,3.32596631704064));
#17678=IFCCARTESIANPOINT((-40.,20.,3.6));
#17679=IFCCARTESIANPOINT((-42.5455844122716,20.,2.54558441227157));
#17680=IFCCARTESIANPOINT((-43.3259663170406,20.,1.37766035651433));
#17681=IFCCARTESIANPOINT((-43.6,20.,2.8258245797105E-15));
#17682=IFCCARTESIANPOINT((-43.3259663170406,20.,-1.37766035651432));
#17683=IFCCARTESIANPOINT((-42.5455844122716,20.,-2.54558441227157));
#17684=IFCCARTESIANPOINT((-41.3776603565143,20.,-3.32596631704063));
#17685=IFCCARTESIANPOINT((-40.,20.,-3.6));
#17686=IFCCARTESIANPOINT((-39.0815597623238,19.2,-2.21731087802709));
#17687=IFCCARTESIANPOINT((-40.,19.2,-2.4));
#17688=IFCCARTESIANPOINT((-38.3029437251523,19.2,-1.69705627484771));
#17689=IFCCARTESIANPOINT((-37.7826891219729,19.2,-0.918440237676215));
#17690=IFCCARTESIANPOINT((-37.6,19.2,3.85949435922393E-16));
#17691=IFCCARTESIANPOINT((-37.7826891219729,19.2,0.918440237676215));
#17692=IFCCARTESIANPOINT((-38.3029437251523,19.2,1.69705627484771));
#17693=IFCCARTESIANPOINT((-39.0815597623238,19.2,2.21731087802709));
#17694=IFCCARTESIANPOINT((-40.,19.2,2.4));
#17695=IFCCARTESIANPOINT((-40.9184402376762,19.2,2.21731087802709));
#17696=IFCCARTESIANPOINT((-41.6970562748477,19.2,1.69705627484771));
#17697=IFCCARTESIANPOINT((-42.2173108780271,19.2,0.918440237676215));
#17698=IFCCARTESIANPOINT((-42.4,19.2,4.40872847693047E-16));
#17699=IFCCARTESIANPOINT((-42.2173108780271,19.2,-0.918440237676216));
#17700=IFCCARTESIANPOINT((-41.6970562748477,19.2,-1.69705627484771));
#17701=IFCCARTESIANPOINT((-40.9184402376762,19.2,-2.21731087802709));
#17702=IFCCARTESIANPOINT((-36.9,19.2,4.98518021399757E-16));
#17703=IFCCARTESIANPOINT((-37.135973449215,19.2,-1.18631864033178));
#17704=IFCCARTESIANPOINT((-37.135973449215,19.2,1.18631864033178));
#17705=IFCCARTESIANPOINT((-37.8079689783217,19.2,-2.1920310216783));
#17706=IFCCARTESIANPOINT((-43.1,19.2,5.69460761603519E-16));
#17707=IFCCARTESIANPOINT((-42.864026550785,19.2,1.18631864033178));
#17708=IFCCARTESIANPOINT((-38.8136813596682,19.2,-2.86402655078499));
#17709=IFCCARTESIANPOINT((-42.1920310216783,19.2,2.1920310216783));
#17710=IFCCARTESIANPOINT((-40.,19.2,-3.1));
#17711=IFCCARTESIANPOINT((-41.1863186403318,19.2,-2.86402655078499));
#17712=IFCCARTESIANPOINT((-42.1920310216783,19.2,-2.1920310216783));
#17713=IFCCARTESIANPOINT((-42.864026550785,19.2,-1.18631864033178));
#17714=IFCCARTESIANPOINT((-41.1863186403318,19.2,2.86402655078499));
#17715=IFCCARTESIANPOINT((-40.,19.2,3.1));
#17716=IFCCARTESIANPOINT((-38.8136813596682,19.2,2.86402655078499));
#17717=IFCCARTESIANPOINT((-37.8079689783217,19.2,2.1920310216783));
#17718=IFCCARTESIANPOINT((-38.8136813596682,20.,-2.86402655078499));
#17719=IFCCARTESIANPOINT((-40.,20.,-3.1));
#17720=IFCCARTESIANPOINT((-37.8079689783217,20.,-2.1920310216783));
#17721=IFCCARTESIANPOINT((-37.135973449215,20.,-1.18631864033178));
#17722=IFCCARTESIANPOINT((-36.9,20.,4.98518021399757E-16));
#17723=IFCCARTESIANPOINT((-37.135973449215,20.,1.18631864033178));
#17724=IFCCARTESIANPOINT((-37.8079689783217,20.,2.1920310216783));
#17725=IFCCARTESIANPOINT((-38.8136813596682,20.,2.86402655078499));
#17726=IFCCARTESIANPOINT((-40.,20.,3.1));
#17727=IFCCARTESIANPOINT((-41.1863186403318,20.,2.86402655078499));
#17728=IFCCARTESIANPOINT((-42.1920310216783,20.,2.1920310216783));
#17729=IFCCARTESIANPOINT((-42.864026550785,20.,1.18631864033178));
#17730=IFCCARTESIANPOINT((-43.1,20.,5.69460761603519E-16));
#17731=IFCCARTESIANPOINT((-42.864026550785,20.,-1.18631864033178));
#17732=IFCCARTESIANPOINT((-42.1920310216783,20.,-2.1920310216783));
#17733=IFCCARTESIANPOINT((-41.1863186403318,20.,-2.86402655078499));
#17734=IFCCARTESIANPOINT((-31.0815597623238,19.2,-2.21731087802709));
#17735=IFCCARTESIANPOINT((-32.,19.2,-2.4));
#17736=IFCCARTESIANPOINT((-30.3029437251523,19.2,-1.69705627484771));
#17737=IFCCARTESIANPOINT((-29.7826891219729,19.2,-0.918440237676215));
#17738=IFCCARTESIANPOINT((-29.6,19.2,3.85949435922393E-16));
#17739=IFCCARTESIANPOINT((-29.7826891219729,19.2,0.918440237676215));
#17740=IFCCARTESIANPOINT((-30.3029437251523,19.2,1.69705627484771));
#17741=IFCCARTESIANPOINT((-31.0815597623238,19.2,2.21731087802709));
#17742=IFCCARTESIANPOINT((-32.,19.2,2.4));
#17743=IFCCARTESIANPOINT((-32.9184402376762,19.2,2.21731087802709));
#17744=IFCCARTESIANPOINT((-33.6970562748477,19.2,1.69705627484771));
#17745=IFCCARTESIANPOINT((-34.2173108780271,19.2,0.918440237676215));
#17746=IFCCARTESIANPOINT((-34.4,19.2,4.40872847693047E-16));
#17747=IFCCARTESIANPOINT((-34.2173108780271,19.2,-0.918440237676216));
#17748=IFCCARTESIANPOINT((-33.6970562748477,19.2,-1.69705627484771));
#17749=IFCCARTESIANPOINT((-32.9184402376762,19.2,-2.21731087802709));
#17750=IFCCARTESIANPOINT((-29.8079689783217,19.2,2.1920310216783));
#17751=IFCCARTESIANPOINT((-29.135973449215,19.2,1.18631864033178));
#17752=IFCCARTESIANPOINT((-29.8079689783217,19.2,-2.1920310216783));
#17753=IFCCARTESIANPOINT((-30.8136813596682,19.2,-2.86402655078499));
#17754=IFCCARTESIANPOINT((-32.,19.2,-3.1));
#17755=IFCCARTESIANPOINT((-33.1863186403318,19.2,-2.86402655078499));
#17756=IFCCARTESIANPOINT((-30.8136813596682,19.2,2.86402655078499));
#17757=IFCCARTESIANPOINT((-28.9,19.2,4.98518021399757E-16));
#17758=IFCCARTESIANPOINT((-29.135973449215,19.2,-1.18631864033178));
#17759=IFCCARTESIANPOINT((-34.1920310216783,19.2,-2.1920310216783));
#17760=IFCCARTESIANPOINT((-34.864026550785,19.2,-1.18631864033178));
#17761=IFCCARTESIANPOINT((-35.1,19.2,5.69460761603519E-16));
#17762=IFCCARTESIANPOINT((-34.864026550785,19.2,1.18631864033178));
#17763=IFCCARTESIANPOINT((-34.1920310216783,19.2,2.1920310216783));
#17764=IFCCARTESIANPOINT((-33.1863186403318,19.2,2.86402655078499));
#17765=IFCCARTESIANPOINT((-32.,19.2,3.1));
#17766=IFCCARTESIANPOINT((-30.8136813596682,20.,-2.86402655078499));
#17767=IFCCARTESIANPOINT((-32.,20.,-3.1));
#17768=IFCCARTESIANPOINT((-29.8079689783217,20.,-2.1920310216783));
#17769=IFCCARTESIANPOINT((-29.135973449215,20.,-1.18631864033178));
#17770=IFCCARTESIANPOINT((-28.9,20.,4.98518021399757E-16));
#17771=IFCCARTESIANPOINT((-29.135973449215,20.,1.18631864033178));
#17772=IFCCARTESIANPOINT((-29.8079689783217,20.,2.1920310216783));
#17773=IFCCARTESIANPOINT((-30.8136813596682,20.,2.86402655078499));
#17774=IFCCARTESIANPOINT((-32.,20.,3.1));
#17775=IFCCARTESIANPOINT((-33.1863186403318,20.,2.86402655078499));
#17776=IFCCARTESIANPOINT((-34.1920310216783,20.,2.1920310216783));
#17777=IFCCARTESIANPOINT((-34.864026550785,20.,1.18631864033178));
#17778=IFCCARTESIANPOINT((-35.1,20.,5.69460761603519E-16));
#17779=IFCCARTESIANPOINT((-34.864026550785,20.,-1.18631864033178));
#17780=IFCCARTESIANPOINT((-34.1920310216783,20.,-2.1920310216783));
#17781=IFCCARTESIANPOINT((-33.1863186403318,20.,-2.86402655078499));
#17782=IFCCARTESIANPOINT((-40.,-12.,-3.6));
#17783=IFCCARTESIANPOINT((-40.,-12.,-3.1));
#17784=IFCCARTESIANPOINT((-32.,-12.,-3.1));
#17785=IFCCARTESIANPOINT((-29.6,-12.,3.6));
#17786=IFCCARTESIANPOINT((-30.8136813596682,-12.,2.86402655078499));
#17787=IFCCARTESIANPOINT((-32.,-12.,3.10000000000001));
#17788=IFCCARTESIANPOINT((-30.8136813596682,-12.,-2.86402655078499));
#17789=IFCCARTESIANPOINT((-29.8079689783217,-12.,2.1920310216783));
#17790=IFCCARTESIANPOINT((-28.9,-12.,-1.56649680440303E-15));
#17791=IFCCARTESIANPOINT((-29.135973449215,-12.,1.18631864033178));
#17792=IFCCARTESIANPOINT((-29.8079689783217,-12.,-2.1920310216783));
#17793=IFCCARTESIANPOINT((-29.135973449215,-12.,-1.18631864033178));
#17794=IFCCARTESIANPOINT((-40.,-12.,3.10000000000001));
#17795=IFCCARTESIANPOINT((-40.,-12.,3.6));
#17796=IFCCARTESIANPOINT((-40.,-12.8,-3.6));
#17797=IFCCARTESIANPOINT((-40.,-12.8,-3.1));
#17798=IFCCARTESIANPOINT((-40.,-12.8,3.1));
#17799=IFCCARTESIANPOINT((-40.,-12.8,3.6));
#17800=IFCCARTESIANPOINT((-40.,-12.2,3.6));
#17801=IFCCARTESIANPOINT((-32.,-12.8,3.10000000000001));
#17802=IFCCARTESIANPOINT((-32.,-12.8,-3.1));
#17803=IFCCARTESIANPOINT((-30.8136813596682,-12.8,-2.86402655078499));
#17804=IFCCARTESIANPOINT((-29.8079689783217,-12.8,-2.1920310216783));
#17805=IFCCARTESIANPOINT((-29.135973449215,-12.8,-1.18631864033178));
#17806=IFCCARTESIANPOINT((-28.9,-12.8,-1.56649680440303E-15));
#17807=IFCCARTESIANPOINT((-29.135973449215,-12.8,1.18631864033178));
#17808=IFCCARTESIANPOINT((-29.8079689783217,-12.8,2.1920310216783));
#17809=IFCCARTESIANPOINT((-30.8136813596682,-12.8,2.86402655078499));
#17810=IFCCARTESIANPOINT((-37.6,-12.8,3.85949435922393E-16));
#17811=IFCCARTESIANPOINT((-37.7826891219729,-12.8,0.918440237676215));
#17812=IFCCARTESIANPOINT((-34.2173108780271,-12.8,0.918440237676215));
#17813=IFCCARTESIANPOINT((-34.4,-12.8,4.40872847693047E-16));
#17814=IFCCARTESIANPOINT((-33.6970562748477,-12.8,1.69705627484771));
#17815=IFCCARTESIANPOINT((-34.2173108780271,-12.8,-0.918440237676216));
#17816=IFCCARTESIANPOINT((-37.7826891219729,-12.8,-0.918440237676215));
#17817=IFCCARTESIANPOINT((-38.3029437251523,-12.8,-1.69705627484771));
#17818=IFCCARTESIANPOINT((-39.0815597623238,-12.8,-2.21731087802709));
#17819=IFCCARTESIANPOINT((-40.,-12.8,-2.4));
#17820=IFCCARTESIANPOINT((-41.6970562748477,-12.8,-1.69705627484771));
#17821=IFCCARTESIANPOINT((-40.9184402376762,-12.8,-2.21731087802709));
#17822=IFCCARTESIANPOINT((-33.6970562748477,-12.8,-1.69705627484771));
#17823=IFCCARTESIANPOINT((-32.9184402376762,-12.8,-2.21731087802709));
#17824=IFCCARTESIANPOINT((-29.7826891219729,-12.8,0.918440237676215));
#17825=IFCCARTESIANPOINT((-30.3029437251523,-12.8,1.69705627484771));
#17826=IFCCARTESIANPOINT((-31.0815597623238,-12.8,-2.21731087802709));
#17827=IFCCARTESIANPOINT((-30.3029437251523,-12.8,-1.69705627484771));
#17828=IFCCARTESIANPOINT((-32.,-12.8,-2.4));
#17829=IFCCARTESIANPOINT((-38.3029437251523,-12.8,1.69705627484771));
#17830=IFCCARTESIANPOINT((-32.,-12.8,2.4));
#17831=IFCCARTESIANPOINT((-32.9184402376762,-12.8,2.21731087802709));
#17832=IFCCARTESIANPOINT((-43.6,-12.8,1.05433277446306E-14));
#17833=IFCCARTESIANPOINT((-43.3259663170406,-12.8,1.37766035651433));
#17834=IFCCARTESIANPOINT((-42.2173108780271,-12.8,0.918440237676215));
#17835=IFCCARTESIANPOINT((-42.4,-12.8,4.40872847693047E-16));
#17836=IFCCARTESIANPOINT((-31.0815597623238,-12.8,2.21731087802709));
#17837=IFCCARTESIANPOINT((-29.7826891219729,-12.8,-0.918440237676215));
#17838=IFCCARTESIANPOINT((-29.6,-12.8,3.85949435922393E-16));
#17839=IFCCARTESIANPOINT((-42.5455844122716,-12.8,-2.54558441227156));
#17840=IFCCARTESIANPOINT((-43.3259663170406,-12.8,-1.37766035651431));
#17841=IFCCARTESIANPOINT((-42.2173108780271,-12.8,-0.918440237676216));
#17842=IFCCARTESIANPOINT((-42.5455844122716,-12.8,2.54558441227158));
#17843=IFCCARTESIANPOINT((-41.6970562748477,-12.8,1.69705627484771));
#17844=IFCCARTESIANPOINT((-41.3776603565143,-12.8,3.32596631704064));
#17845=IFCCARTESIANPOINT((-40.,-12.8,2.4));
#17846=IFCCARTESIANPOINT((-40.9184402376762,-12.8,2.21731087802709));
#17847=IFCCARTESIANPOINT((-39.0815597623238,-12.8,2.21731087802709));
#17848=IFCCARTESIANPOINT((-41.3776603565143,-12.8,-3.32596631704063));
#17849=IFCCARTESIANPOINT((-41.3776603565143,-20.,3.32596631704064));
#17850=IFCCARTESIANPOINT((-40.,-20.,3.6));
#17851=IFCCARTESIANPOINT((-40.,-19.8,3.6));
#17852=IFCCARTESIANPOINT((-41.3776603565143,-20.,-3.32596631704063));
#17853=IFCCARTESIANPOINT((-40.,-20.,-3.6));
#17854=IFCCARTESIANPOINT((-42.5455844122716,-20.,-2.54558441227156));
#17855=IFCCARTESIANPOINT((-43.3259663170406,-20.,-1.37766035651431));
#17856=IFCCARTESIANPOINT((-43.6,-20.,1.05433277446306E-14));
#17857=IFCCARTESIANPOINT((-43.3259663170406,-20.,1.37766035651433));
#17858=IFCCARTESIANPOINT((-42.5455844122716,-20.,2.54558441227158));
#17859=IFCCARTESIANPOINT((-39.0815597623238,-19.2,-2.21731087802709));
#17860=IFCCARTESIANPOINT((-40.,-19.2,-2.4));
#17861=IFCCARTESIANPOINT((-38.3029437251523,-19.2,-1.69705627484771));
#17862=IFCCARTESIANPOINT((-37.7826891219729,-19.2,-0.918440237676215));
#17863=IFCCARTESIANPOINT((-37.6,-19.2,3.85949435922393E-16));
#17864=IFCCARTESIANPOINT((-37.7826891219729,-19.2,0.918440237676215));
#17865=IFCCARTESIANPOINT((-38.3029437251523,-19.2,1.69705627484771));
#17866=IFCCARTESIANPOINT((-39.0815597623238,-19.2,2.21731087802709));
#17867=IFCCARTESIANPOINT((-40.,-19.2,2.4));
#17868=IFCCARTESIANPOINT((-40.9184402376762,-19.2,2.21731087802709));
#17869=IFCCARTESIANPOINT((-41.6970562748477,-19.2,1.69705627484771));
#17870=IFCCARTESIANPOINT((-42.2173108780271,-19.2,0.918440237676215));
#17871=IFCCARTESIANPOINT((-42.4,-19.2,4.40872847693047E-16));
#17872=IFCCARTESIANPOINT((-42.2173108780271,-19.2,-0.918440237676216));
#17873=IFCCARTESIANPOINT((-41.6970562748477,-19.2,-1.69705627484771));
#17874=IFCCARTESIANPOINT((-40.9184402376762,-19.2,-2.21731087802709));
#17875=IFCCARTESIANPOINT((-38.8136813596682,-19.2,2.86402655078499));
#17876=IFCCARTESIANPOINT((-40.,-19.2,3.1));
#17877=IFCCARTESIANPOINT((-41.1863186403318,-19.2,2.86402655078499));
#17878=IFCCARTESIANPOINT((-42.1920310216783,-19.2,2.1920310216783));
#17879=IFCCARTESIANPOINT((-43.1,-19.2,5.69460761603519E-16));
#17880=IFCCARTESIANPOINT((-42.864026550785,-19.2,-1.18631864033178));
#17881=IFCCARTESIANPOINT((-42.864026550785,-19.2,1.18631864033178));
#17882=IFCCARTESIANPOINT((-38.8136813596682,-19.2,-2.86402655078499));
#17883=IFCCARTESIANPOINT((-37.8079689783217,-19.2,-2.1920310216783));
#17884=IFCCARTESIANPOINT((-36.9,-19.2,4.98518021399757E-16));
#17885=IFCCARTESIANPOINT((-37.135973449215,-19.2,1.18631864033178));
#17886=IFCCARTESIANPOINT((-37.135973449215,-19.2,-1.18631864033178));
#17887=IFCCARTESIANPOINT((-37.8079689783217,-19.2,2.1920310216783));
#17888=IFCCARTESIANPOINT((-42.1920310216783,-19.2,-2.1920310216783));
#17889=IFCCARTESIANPOINT((-41.1863186403318,-19.2,-2.86402655078499));
#17890=IFCCARTESIANPOINT((-40.,-19.2,-3.1));
#17891=IFCCARTESIANPOINT((-38.8136813596682,-20.,-2.86402655078499));
#17892=IFCCARTESIANPOINT((-40.,-20.,-3.1));
#17893=IFCCARTESIANPOINT((-37.8079689783217,-20.,-2.1920310216783));
#17894=IFCCARTESIANPOINT((-37.135973449215,-20.,-1.18631864033178));
#17895=IFCCARTESIANPOINT((-36.9,-20.,4.98518021399757E-16));
#17896=IFCCARTESIANPOINT((-37.135973449215,-20.,1.18631864033178));
#17897=IFCCARTESIANPOINT((-37.8079689783217,-20.,2.1920310216783));
#17898=IFCCARTESIANPOINT((-38.8136813596682,-20.,2.86402655078499));
#17899=IFCCARTESIANPOINT((-40.,-20.,3.1));
#17900=IFCCARTESIANPOINT((-41.1863186403318,-20.,2.86402655078499));
#17901=IFCCARTESIANPOINT((-42.1920310216783,-20.,2.1920310216783));
#17902=IFCCARTESIANPOINT((-42.864026550785,-20.,1.18631864033178));
#17903=IFCCARTESIANPOINT((-43.1,-20.,5.69460761603519E-16));
#17904=IFCCARTESIANPOINT((-42.864026550785,-20.,-1.18631864033178));
#17905=IFCCARTESIANPOINT((-42.1920310216783,-20.,-2.1920310216783));
#17906=IFCCARTESIANPOINT((-41.1863186403318,-20.,-2.86402655078499));
#17907=IFCCARTESIANPOINT((-31.0815597623238,-19.2,-2.21731087802709));
#17908=IFCCARTESIANPOINT((-32.,-19.2,-2.4));
#17909=IFCCARTESIANPOINT((-30.3029437251523,-19.2,-1.69705627484771));
#17910=IFCCARTESIANPOINT((-29.7826891219729,-19.2,-0.918440237676215));
#17911=IFCCARTESIANPOINT((-29.6,-19.2,3.85949435922393E-16));
#17912=IFCCARTESIANPOINT((-29.7826891219729,-19.2,0.918440237676215));
#17913=IFCCARTESIANPOINT((-30.3029437251523,-19.2,1.69705627484771));
#17914=IFCCARTESIANPOINT((-31.0815597623238,-19.2,2.21731087802709));
#17915=IFCCARTESIANPOINT((-32.,-19.2,2.4));
#17916=IFCCARTESIANPOINT((-32.9184402376762,-19.2,2.21731087802709));
#17917=IFCCARTESIANPOINT((-33.6970562748477,-19.2,1.69705627484771));
#17918=IFCCARTESIANPOINT((-34.2173108780271,-19.2,0.918440237676215));
#17919=IFCCARTESIANPOINT((-34.4,-19.2,4.40872847693047E-16));
#17920=IFCCARTESIANPOINT((-34.2173108780271,-19.2,-0.918440237676216));
#17921=IFCCARTESIANPOINT((-33.6970562748477,-19.2,-1.69705627484771));
#17922=IFCCARTESIANPOINT((-32.9184402376762,-19.2,-2.21731087802709));
#17923=IFCCARTESIANPOINT((-29.8079689783217,-19.2,2.1920310216783));
#17924=IFCCARTESIANPOINT((-30.8136813596682,-19.2,2.86402655078499));
#17925=IFCCARTESIANPOINT((-32.,-19.2,3.1));
#17926=IFCCARTESIANPOINT((-33.1863186403318,-19.2,2.86402655078499));
#17927=IFCCARTESIANPOINT((-34.1920310216783,-19.2,2.1920310216783));
#17928=IFCCARTESIANPOINT((-35.1,-19.2,5.69460761603519E-16));
#17929=IFCCARTESIANPOINT((-34.864026550785,-19.2,-1.18631864033178));
#17930=IFCCARTESIANPOINT((-34.864026550785,-19.2,1.18631864033178));
#17931=IFCCARTESIANPOINT((-29.8079689783217,-19.2,-2.1920310216783));
#17932=IFCCARTESIANPOINT((-29.135973449215,-19.2,-1.18631864033178));
#17933=IFCCARTESIANPOINT((-30.8136813596682,-19.2,-2.86402655078499));
#17934=IFCCARTESIANPOINT((-28.9,-19.2,4.98518021399757E-16));
#17935=IFCCARTESIANPOINT((-29.135973449215,-19.2,1.18631864033178));
#17936=IFCCARTESIANPOINT((-34.1920310216783,-19.2,-2.1920310216783));
#17937=IFCCARTESIANPOINT((-33.1863186403318,-19.2,-2.86402655078499));
#17938=IFCCARTESIANPOINT((-32.,-19.2,-3.1));
#17939=IFCCARTESIANPOINT((-30.8136813596682,-20.,-2.86402655078499));
#17940=IFCCARTESIANPOINT((-32.,-20.,-3.1));
#17941=IFCCARTESIANPOINT((-29.8079689783217,-20.,-2.1920310216783));
#17942=IFCCARTESIANPOINT((-29.135973449215,-20.,-1.18631864033178));
#17943=IFCCARTESIANPOINT((-28.9,-20.,4.98518021399757E-16));
#17944=IFCCARTESIANPOINT((-29.135973449215,-20.,1.18631864033178));
#17945=IFCCARTESIANPOINT((-29.8079689783217,-20.,2.1920310216783));
#17946=IFCCARTESIANPOINT((-30.8136813596682,-20.,2.86402655078499));
#17947=IFCCARTESIANPOINT((-32.,-20.,3.1));
#17948=IFCCARTESIANPOINT((-33.1863186403318,-20.,2.86402655078499));
#17949=IFCCARTESIANPOINT((-34.1920310216783,-20.,2.1920310216783));
#17950=IFCCARTESIANPOINT((-34.864026550785,-20.,1.18631864033178));
#17951=IFCCARTESIANPOINT((-35.1,-20.,5.69460761603519E-16));
#17952=IFCCARTESIANPOINT((-34.864026550785,-20.,-1.18631864033178));
#17953=IFCCARTESIANPOINT((-34.1920310216783,-20.,-2.1920310216783));
#17954=IFCCARTESIANPOINT((-33.1863186403318,-20.,-2.86402655078499));
#17955=IFCCARTESIANPOINT((27.2,12.,-3.6));
#17956=IFCCARTESIANPOINT((31.8970562748477,20.,-3.6));
#17957=IFCCARTESIANPOINT((36.,20.,-3.6));
#17958=IFCCARTESIANPOINT((21.6,12.,-3.6));
#17959=IFCCARTESIANPOINT((0.,20.,-3.6));
#17960=IFCCARTESIANPOINT((7.99999999999999,20.,-3.6));
#17961=IFCCARTESIANPOINT((24.,20.,-3.6));
#17962=IFCCARTESIANPOINT((27.2,8.,-3.6));
#17963=IFCCARTESIANPOINT((21.6,8.,-3.6));
#17964=IFCCARTESIANPOINT((24.,-20.,-3.6));
#17965=IFCCARTESIANPOINT((8.,-20.,-3.6));
#17966=IFCCARTESIANPOINT((0.,-20.,-3.6));
#17967=IFCCARTESIANPOINT((36.,-20.,-3.6));
#17968=IFCCARTESIANPOINT((31.8970562748477,-20.,-3.6));
#17969=IFCCARTESIANPOINT((27.2,-8.,-3.6));
#17970=IFCCARTESIANPOINT((21.6,-8.,-3.6));
#17971=IFCCARTESIANPOINT((27.2,-12.,-3.6));
#17972=IFCCARTESIANPOINT((21.6,-12.,-3.6));
#17973=IFCCARTESIANPOINT((-27.2,-12.,-3.6));
#17974=IFCCARTESIANPOINT((-21.6,-12.,-3.6));
#17975=IFCCARTESIANPOINT((-31.8970562748477,-20.,-3.6));
#17976=IFCCARTESIANPOINT((-36.,-20.,-3.6));
#17977=IFCCARTESIANPOINT((-7.99999999999999,-20.,-3.6));
#17978=IFCCARTESIANPOINT((-24.,-20.,-3.6));
#17979=IFCCARTESIANPOINT((-27.2,-8.,-3.6));
#17980=IFCCARTESIANPOINT((-21.6,-8.,-3.6));
#17981=IFCCARTESIANPOINT((-27.2,12.,-3.6));
#17982=IFCCARTESIANPOINT((-21.6,12.,-3.6));
#17983=IFCCARTESIANPOINT((-27.2,8.,-3.6));
#17984=IFCCARTESIANPOINT((-21.6,8.,-3.6));
#17985=IFCCARTESIANPOINT((-24.,20.,-3.6));
#17986=IFCCARTESIANPOINT((-8.,20.,-3.6));
#17987=IFCCARTESIANPOINT((-36.,20.,-3.6));
#17988=IFCCARTESIANPOINT((-31.8970562748477,20.,-3.6));
#17989=IFCCARTESIANPOINT((-27.2,-10.2045407685049,-2.84604989415154));
#17990=IFCCARTESIANPOINT((-27.2,-11.0068995501573,-1.97953406014234));
#17991=IFCCARTESIANPOINT((-27.2,-9.16495072450607,-3.40630148540507));
#17992=IFCCARTESIANPOINT((-27.2,-11.4856850115867,-0.899999999999999));
#17993=IFCCARTESIANPOINT((-27.2,-12.,-0.899999999999999));
#17994=IFCCARTESIANPOINT((-21.6,-10.2045407685049,-2.84604989415154));
#17995=IFCCARTESIANPOINT((-21.6,-9.16495072450607,-3.40630148540507));
#17996=IFCCARTESIANPOINT((-21.6,-12.,-0.899999999999999));
#17997=IFCCARTESIANPOINT((-21.6,-11.4856850115867,-0.899999999999999));
#17998=IFCCARTESIANPOINT((-21.6,-11.0068995501573,-1.97953406014234));
#17999=IFCCARTESIANPOINT((-21.6,12.,-0.899999999999999));
#18000=IFCCARTESIANPOINT((-27.2,12.,-0.899999999999999));
#18001=IFCCARTESIANPOINT((-21.6,11.4856850115867,-0.899999999999999));
#18002=IFCCARTESIANPOINT((-27.2,11.4856850115867,-0.899999999999999));
#18003=IFCCARTESIANPOINT((-27.2,9.16495072450608,-3.40630148540507));
#18004=IFCCARTESIANPOINT((-21.6,9.16495072450608,-3.40630148540507));
#18005=IFCCARTESIANPOINT((-27.2,10.2045407685049,-2.84604989415154));
#18006=IFCCARTESIANPOINT((-21.6,10.2045407685049,-2.84604989415154));
#18007=IFCCARTESIANPOINT((-27.2,11.0068995501573,-1.97953406014234));
#18008=IFCCARTESIANPOINT((-21.6,11.0068995501573,-1.97953406014234));
#18009=IFCCARTESIANPOINT((21.6,-12.,-0.899999999999999));
#18010=IFCCARTESIANPOINT((27.2,-12.,-0.899999999999999));
#18011=IFCCARTESIANPOINT((21.6,-11.4856850115867,-0.899999999999999));
#18012=IFCCARTESIANPOINT((27.2,-11.4856850115867,-0.899999999999999));
#18013=IFCCARTESIANPOINT((27.2,-9.16495072450608,-3.40630148540507));
#18014=IFCCARTESIANPOINT((21.6,-9.16495072450608,-3.40630148540507));
#18015=IFCCARTESIANPOINT((27.2,-10.2045407685049,-2.84604989415154));
#18016=IFCCARTESIANPOINT((21.6,-10.2045407685049,-2.84604989415154));
#18017=IFCCARTESIANPOINT((27.2,-11.0068995501573,-1.97953406014234));
#18018=IFCCARTESIANPOINT((21.6,-11.0068995501573,-1.97953406014234));
#18019=IFCCARTESIANPOINT((27.2,9.16495072450608,-3.40630148540507));
#18020=IFCCARTESIANPOINT((27.2,10.2045407685049,-2.84604989415154));
#18021=IFCCARTESIANPOINT((27.2,11.0068995501573,-1.97953406014234));
#18022=IFCCARTESIANPOINT((27.2,11.4856850115867,-0.899999999999999));
#18023=IFCCARTESIANPOINT((27.2,12.,-0.899999999999999));
#18024=IFCCARTESIANPOINT((21.6,11.0068995501573,-1.97953406014234));
#18025=IFCCARTESIANPOINT((21.6,10.2045407685049,-2.84604989415154));
#18026=IFCCARTESIANPOINT((21.6,9.16495072450608,-3.40630148540507));
#18027=IFCCARTESIANPOINT((21.6,12.,-0.899999999999999));
#18028=IFCCARTESIANPOINT((21.6,11.4856850115867,-0.899999999999999));
#18029=IFCCARTESIANPOINT((-24.,20.,-2.95));
#18030=IFCCARTESIANPOINT((-24.,20.,3.6));
#18031=IFCCARTESIANPOINT((-36.,20.,3.6));
#18032=IFCCARTESIANPOINT((-35.2174794936783,20.,2.76776143868648));
#18033=IFCCARTESIANPOINT((-35.3941125496954,20.,2.8));
#18034=IFCCARTESIANPOINT((-35.0636240200867,20.,2.67520305408818));
#18035=IFCCARTESIANPOINT((-34.952386445396,20.,2.53426064283291));
#18036=IFCCARTESIANPOINT((-34.9077976720981,20.,2.18381979588779));
#18037=IFCCARTESIANPOINT((-34.8981113270943,20.,2.36310932718839));
#18038=IFCCARTESIANPOINT((-34.952386445396,20.,-2.53426064283291));
#18039=IFCCARTESIANPOINT((-34.8981113270943,20.,-2.36310932718839));
#18040=IFCCARTESIANPOINT((-35.2174794936783,20.,-2.76776143868648));
#18041=IFCCARTESIANPOINT((-35.0636240200867,20.,-2.67520305408818));
#18042=IFCCARTESIANPOINT((-34.9077976720981,20.,-2.18381979588779));
#18043=IFCCARTESIANPOINT((-34.9801963850984,20.,2.01951219512195));
#18044=IFCCARTESIANPOINT((-36.,20.,-2.95));
#18045=IFCCARTESIANPOINT((-36.,20.,-2.8));
#18046=IFCCARTESIANPOINT((-35.3941125496954,20.,-2.8));
#18047=IFCCARTESIANPOINT((-34.9801963850984,20.,-2.01951219512195));
#18048=IFCCARTESIANPOINT((-35.5292934167999,20.,-0.709991533845999));
#18049=IFCCARTESIANPOINT((-35.5292934167999,20.,0.709991533845998));
#18050=IFCCARTESIANPOINT((-36.,20.,2.8));
#18051=IFCCARTESIANPOINT((-31.8970562748477,20.,3.6));
#18052=IFCCARTESIANPOINT((-37.047613554604,20.,2.53426064283291));
#18053=IFCCARTESIANPOINT((-37.1018886729057,20.,2.36310932718838));
#18054=IFCCARTESIANPOINT((-36.9363759799132,20.,2.67520305408818));
#18055=IFCCARTESIANPOINT((-37.1018886729057,20.,-2.36310932718839));
#18056=IFCCARTESIANPOINT((-37.047613554604,20.,-2.53426064283291));
#18057=IFCCARTESIANPOINT((-36.7825205063217,20.,2.76776143868648));
#18058=IFCCARTESIANPOINT((-36.6058874503046,20.,2.8));
#18059=IFCCARTESIANPOINT((-36.9363759799132,20.,-2.67520305408818));
#18060=IFCCARTESIANPOINT((-36.4707065832001,20.,-0.709991533845996));
#18061=IFCCARTESIANPOINT((-37.0198036149016,20.,-2.01951219512195));
#18062=IFCCARTESIANPOINT((-37.0922023279018,20.,-2.18381979588779));
#18063=IFCCARTESIANPOINT((-37.0922023279018,20.,2.18381979588779));
#18064=IFCCARTESIANPOINT((-37.0198036149016,20.,2.01951219512195));
#18065=IFCCARTESIANPOINT((-36.4707065832001,20.,0.709991533845997));
#18066=IFCCARTESIANPOINT((-36.7825205063217,20.,-2.76776143868648));
#18067=IFCCARTESIANPOINT((-36.6058874503046,20.,-2.8));
#18068=IFCCARTESIANPOINT((7.99999999999999,20.,-2.95));
#18069=IFCCARTESIANPOINT((8.,20.,3.6));
#18070=IFCCARTESIANPOINT((24.,20.,3.6));
#18071=IFCCARTESIANPOINT((24.,20.,-2.95));
#18072=IFCCARTESIANPOINT((-8.,20.,-2.95));
#18073=IFCCARTESIANPOINT((-8.,20.,3.6));
#18074=IFCCARTESIANPOINT((36.,20.,-2.95));
#18075=IFCCARTESIANPOINT((31.8970562748477,20.,3.6));
#18076=IFCCARTESIANPOINT((36.,20.,3.6));
#18077=IFCCARTESIANPOINT((36.7825205063217,20.,2.76776143868648));
#18078=IFCCARTESIANPOINT((36.6058874503046,20.,2.8));
#18079=IFCCARTESIANPOINT((37.047613554604,20.,2.53426064283291));
#18080=IFCCARTESIANPOINT((36.9363759799132,20.,2.67520305408818));
#18081=IFCCARTESIANPOINT((37.0922023279018,20.,2.18381979588779));
#18082=IFCCARTESIANPOINT((37.1018886729057,20.,2.36310932718838));
#18083=IFCCARTESIANPOINT((37.047613554604,20.,-2.53426064283291));
#18084=IFCCARTESIANPOINT((37.1018886729057,20.,-2.36310932718838));
#18085=IFCCARTESIANPOINT((36.7825205063217,20.,-2.76776143868648));
#18086=IFCCARTESIANPOINT((36.9363759799132,20.,-2.67520305408818));
#18087=IFCCARTESIANPOINT((37.0198036149016,20.,2.01951219512195));
#18088=IFCCARTESIANPOINT((36.,20.,-2.8));
#18089=IFCCARTESIANPOINT((36.6058874503046,20.,-2.8));
#18090=IFCCARTESIANPOINT((37.0922023279018,20.,-2.18381979588779));
#18091=IFCCARTESIANPOINT((36.,20.,2.8));
#18092=IFCCARTESIANPOINT((37.0198036149016,20.,-2.01951219512195));
#18093=IFCCARTESIANPOINT((36.4707065832001,20.,-0.709991533845999));
#18094=IFCCARTESIANPOINT((36.4707065832001,20.,0.709991533845998));
#18095=IFCCARTESIANPOINT((35.3941125496954,20.,2.8));
#18096=IFCCARTESIANPOINT((35.2174794936783,20.,2.76776143868648));
#18097=IFCCARTESIANPOINT((34.952386445396,20.,-2.53426064283291));
#18098=IFCCARTESIANPOINT((35.0636240200867,20.,-2.67520305408818));
#18099=IFCCARTESIANPOINT((34.9077976720981,20.,-2.18381979588779));
#18100=IFCCARTESIANPOINT((34.8981113270943,20.,-2.36310932718839));
#18101=IFCCARTESIANPOINT((34.952386445396,20.,2.53426064283291));
#18102=IFCCARTESIANPOINT((34.8981113270943,20.,2.36310932718838));
#18103=IFCCARTESIANPOINT((35.0636240200867,20.,2.67520305408818));
#18104=IFCCARTESIANPOINT((34.9077976720981,20.,2.18381979588779));
#18105=IFCCARTESIANPOINT((35.5292934167999,20.,-0.709991533845996));
#18106=IFCCARTESIANPOINT((34.9801963850984,20.,-2.01951219512195));
#18107=IFCCARTESIANPOINT((35.2174794936783,20.,-2.76776143868648));
#18108=IFCCARTESIANPOINT((35.3941125496954,20.,-2.8));
#18109=IFCCARTESIANPOINT((34.9801963850984,20.,2.01951219512195));
#18110=IFCCARTESIANPOINT((35.5292934167999,20.,0.709991533845997));
#18111=IFCCARTESIANPOINT((37.0922023279018,16.9,-2.18381979588779));
#18112=IFCCARTESIANPOINT((37.0198036149016,16.9,-2.01951219512195));
#18113=IFCCARTESIANPOINT((37.1018886729057,16.9,-2.36310932718838));
#18114=IFCCARTESIANPOINT((37.047613554604,16.9,-2.53426064283291));
#18115=IFCCARTESIANPOINT((36.9363759799132,16.9,-2.67520305408818));
#18116=IFCCARTESIANPOINT((36.7825205063217,16.9,-2.76776143868648));
#18117=IFCCARTESIANPOINT((36.6058874503046,16.9,-2.8));
#18118=IFCCARTESIANPOINT((37.0198036149016,16.9,2.01951219512195));
#18119=IFCCARTESIANPOINT((36.4707065832001,16.9,0.709991533845998));
#18120=IFCCARTESIANPOINT((35.5292934167999,16.9,0.709991533845997));
#18121=IFCCARTESIANPOINT((34.9801963850984,16.9,2.01951219512195));
#18122=IFCCARTESIANPOINT((35.2174794936783,16.9,-2.76776143868648));
#18123=IFCCARTESIANPOINT((35.0636240200867,16.9,-2.67520305408818));
#18124=IFCCARTESIANPOINT((34.952386445396,16.9,-2.53426064283291));
#18125=IFCCARTESIANPOINT((34.8981113270943,16.9,-2.36310932718839));
#18126=IFCCARTESIANPOINT((34.9077976720981,16.9,-2.18381979588779));
#18127=IFCCARTESIANPOINT((34.9801963850984,16.9,-2.01951219512195));
#18128=IFCCARTESIANPOINT((35.2174794936783,16.9,2.76776143868648));
#18129=IFCCARTESIANPOINT((35.3941125496954,16.9,2.8));
#18130=IFCCARTESIANPOINT((36.6058874503046,16.9,2.8));
#18131=IFCCARTESIANPOINT((36.7825205063217,16.9,2.76776143868648));
#18132=IFCCARTESIANPOINT((36.9363759799132,16.9,2.67520305408818));
#18133=IFCCARTESIANPOINT((37.047613554604,16.9,2.53426064283291));
#18134=IFCCARTESIANPOINT((37.1018886729057,16.9,2.36310932718838));
#18135=IFCCARTESIANPOINT((37.0922023279018,16.9,2.18381979588779));
#18136=IFCCARTESIANPOINT((35.5292934167999,16.9,-0.709991533845996));
#18137=IFCCARTESIANPOINT((36.4707065832001,16.9,-0.709991533845999));
#18138=IFCCARTESIANPOINT((34.9077976720981,16.9,2.18381979588779));
#18139=IFCCARTESIANPOINT((34.8981113270943,16.9,2.36310932718838));
#18140=IFCCARTESIANPOINT((34.952386445396,16.9,2.53426064283291));
#18141=IFCCARTESIANPOINT((35.0636240200867,16.9,2.67520305408818));
#18142=IFCCARTESIANPOINT((35.3941125496954,16.9,-2.8));
#18143=IFCCARTESIANPOINT((-36.7825205063217,16.9,-2.76776143868648));
#18144=IFCCARTESIANPOINT((-36.6058874503046,16.9,-2.8));
#18145=IFCCARTESIANPOINT((-36.9363759799132,16.9,-2.67520305408818));
#18146=IFCCARTESIANPOINT((-37.047613554604,16.9,-2.53426064283291));
#18147=IFCCARTESIANPOINT((-37.1018886729057,16.9,-2.36310932718839));
#18148=IFCCARTESIANPOINT((-37.0922023279018,16.9,-2.18381979588779));
#18149=IFCCARTESIANPOINT((-37.0198036149016,16.9,-2.01951219512195));
#18150=IFCCARTESIANPOINT((-37.0198036149016,16.9,2.01951219512195));
#18151=IFCCARTESIANPOINT((-35.2174794936783,16.9,2.76776143868648));
#18152=IFCCARTESIANPOINT((-35.0636240200867,16.9,2.67520305408818));
#18153=IFCCARTESIANPOINT((-34.952386445396,16.9,2.53426064283291));
#18154=IFCCARTESIANPOINT((-34.8981113270943,16.9,2.36310932718839));
#18155=IFCCARTESIANPOINT((-34.9077976720981,16.9,2.18381979588779));
#18156=IFCCARTESIANPOINT((-34.9801963850984,16.9,2.01951219512195));
#18157=IFCCARTESIANPOINT((-36.4707065832001,16.9,-0.709991533845996));
#18158=IFCCARTESIANPOINT((-35.5292934167999,16.9,-0.709991533845999));
#18159=IFCCARTESIANPOINT((-34.9801963850984,16.9,-2.01951219512195));
#18160=IFCCARTESIANPOINT((-35.5292934167999,16.9,0.709991533845998));
#18161=IFCCARTESIANPOINT((-36.4707065832001,16.9,0.709991533845997));
#18162=IFCCARTESIANPOINT((-35.2174794936783,16.9,-2.76776143868648));
#18163=IFCCARTESIANPOINT((-35.3941125496954,16.9,-2.8));
#18164=IFCCARTESIANPOINT((-37.0922023279018,16.9,2.18381979588779));
#18165=IFCCARTESIANPOINT((-37.1018886729057,16.9,2.36310932718838));
#18166=IFCCARTESIANPOINT((-37.047613554604,16.9,2.53426064283291));
#18167=IFCCARTESIANPOINT((-36.9363759799132,16.9,2.67520305408818));
#18168=IFCCARTESIANPOINT((-36.7825205063217,16.9,2.76776143868648));
#18169=IFCCARTESIANPOINT((-36.6058874503046,16.9,2.8));
#18170=IFCCARTESIANPOINT((-35.3941125496954,16.9,2.8));
#18171=IFCCARTESIANPOINT((-34.9077976720981,16.9,-2.18381979588779));
#18172=IFCCARTESIANPOINT((-34.8981113270943,16.9,-2.36310932718839));
#18173=IFCCARTESIANPOINT((-34.952386445396,16.9,-2.53426064283291));
#18174=IFCCARTESIANPOINT((-35.0636240200867,16.9,-2.67520305408818));
#18175=IFCCARTESIANPOINT((-36.,-20.,3.6));
#18176=IFCCARTESIANPOINT((-36.,-20.,2.8));
#18177=IFCCARTESIANPOINT((-35.3941125496954,-20.,2.8));
#18178=IFCCARTESIANPOINT((-35.2174794936783,-20.,2.76776143868648));
#18179=IFCCARTESIANPOINT((-34.952386445396,-20.,-2.53426064283291));
#18180=IFCCARTESIANPOINT((-35.0636240200867,-20.,-2.67520305408818));
#18181=IFCCARTESIANPOINT((-34.9077976720981,-20.,-2.18381979588779));
#18182=IFCCARTESIANPOINT((-34.8981113270943,-20.,-2.36310932718839));
#18183=IFCCARTESIANPOINT((-34.952386445396,-20.,2.53426064283291));
#18184=IFCCARTESIANPOINT((-34.8981113270943,-20.,2.36310932718838));
#18185=IFCCARTESIANPOINT((-35.0636240200867,-20.,2.67520305408818));
#18186=IFCCARTESIANPOINT((-34.9077976720981,-20.,2.18381979588779));
#18187=IFCCARTESIANPOINT((-35.5292934167999,-20.,-0.709991533845996));
#18188=IFCCARTESIANPOINT((-34.9801963850984,-20.,-2.01951219512195));
#18189=IFCCARTESIANPOINT((-36.,-20.,-2.95));
#18190=IFCCARTESIANPOINT((-35.2174794936783,-20.,-2.76776143868648));
#18191=IFCCARTESIANPOINT((-35.3941125496954,-20.,-2.8));
#18192=IFCCARTESIANPOINT((-34.9801963850984,-20.,2.01951219512195));
#18193=IFCCARTESIANPOINT((-35.5292934167999,-20.,0.709991533845997));
#18194=IFCCARTESIANPOINT((-36.,-20.,-2.8));
#18195=IFCCARTESIANPOINT((-24.,-20.,3.6));
#18196=IFCCARTESIANPOINT((-24.,-20.,-2.95));
#18197=IFCCARTESIANPOINT((-31.8970562748477,-20.,3.6));
#18198=IFCCARTESIANPOINT((-36.7825205063217,-20.,2.76776143868648));
#18199=IFCCARTESIANPOINT((-36.6058874503046,-20.,2.8));
#18200=IFCCARTESIANPOINT((-37.047613554604,-20.,2.53426064283291));
#18201=IFCCARTESIANPOINT((-36.9363759799132,-20.,2.67520305408818));
#18202=IFCCARTESIANPOINT((-37.0922023279018,-20.,2.18381979588779));
#18203=IFCCARTESIANPOINT((-37.1018886729057,-20.,2.36310932718838));
#18204=IFCCARTESIANPOINT((-37.047613554604,-20.,-2.53426064283291));
#18205=IFCCARTESIANPOINT((-37.1018886729057,-20.,-2.36310932718838));
#18206=IFCCARTESIANPOINT((-36.7825205063217,-20.,-2.76776143868648));
#18207=IFCCARTESIANPOINT((-36.9363759799132,-20.,-2.67520305408818));
#18208=IFCCARTESIANPOINT((-37.0198036149016,-20.,2.01951219512195));
#18209=IFCCARTESIANPOINT((-36.6058874503046,-20.,-2.8));
#18210=IFCCARTESIANPOINT((-37.0922023279018,-20.,-2.18381979588779));
#18211=IFCCARTESIANPOINT((-37.0198036149016,-20.,-2.01951219512195));
#18212=IFCCARTESIANPOINT((-36.4707065832001,-20.,-0.709991533845999));
#18213=IFCCARTESIANPOINT((-36.4707065832001,-20.,0.709991533845998));
#18214=IFCCARTESIANPOINT((-8.,-20.,-2.95));
#18215=IFCCARTESIANPOINT((-8.,-20.,3.6));
#18216=IFCCARTESIANPOINT((8.,-20.,-2.95));
#18217=IFCCARTESIANPOINT((8.,-20.,3.6));
#18218=IFCCARTESIANPOINT((24.,-20.,-2.95));
#18219=IFCCARTESIANPOINT((24.,-20.,3.6));
#18220=IFCCARTESIANPOINT((36.,-20.,3.6));
#18221=IFCCARTESIANPOINT((35.2174794936783,-20.,2.76776143868648));
#18222=IFCCARTESIANPOINT((35.3941125496954,-20.,2.8));
#18223=IFCCARTESIANPOINT((35.0636240200867,-20.,2.67520305408818));
#18224=IFCCARTESIANPOINT((34.952386445396,-20.,2.53426064283291));
#18225=IFCCARTESIANPOINT((34.9077976720981,-20.,2.18381979588779));
#18226=IFCCARTESIANPOINT((34.8981113270943,-20.,2.36310932718839));
#18227=IFCCARTESIANPOINT((34.9801963850984,-20.,2.01951219512195));
#18228=IFCCARTESIANPOINT((36.,-20.,-2.95));
#18229=IFCCARTESIANPOINT((36.,-20.,-2.8));
#18230=IFCCARTESIANPOINT((35.3941125496954,-20.,-2.8));
#18231=IFCCARTESIANPOINT((34.952386445396,-20.,-2.53426064283291));
#18232=IFCCARTESIANPOINT((34.8981113270943,-20.,-2.36310932718839));
#18233=IFCCARTESIANPOINT((35.2174794936783,-20.,-2.76776143868648));
#18234=IFCCARTESIANPOINT((35.0636240200867,-20.,-2.67520305408818));
#18235=IFCCARTESIANPOINT((34.9077976720981,-20.,-2.18381979588779));
#18236=IFCCARTESIANPOINT((35.5292934167999,-20.,0.709991533845998));
#18237=IFCCARTESIANPOINT((31.8970562748477,-20.,3.6));
#18238=IFCCARTESIANPOINT((36.,-20.,2.8));
#18239=IFCCARTESIANPOINT((34.9801963850984,-20.,-2.01951219512195));
#18240=IFCCARTESIANPOINT((35.5292934167999,-20.,-0.709991533845999));
#18241=IFCCARTESIANPOINT((37.047613554604,-20.,2.53426064283291));
#18242=IFCCARTESIANPOINT((37.1018886729057,-20.,2.36310932718838));
#18243=IFCCARTESIANPOINT((36.9363759799132,-20.,2.67520305408818));
#18244=IFCCARTESIANPOINT((37.1018886729057,-20.,-2.36310932718839));
#18245=IFCCARTESIANPOINT((37.047613554604,-20.,-2.53426064283291));
#18246=IFCCARTESIANPOINT((36.7825205063217,-20.,2.76776143868648));
#18247=IFCCARTESIANPOINT((36.6058874503046,-20.,2.8));
#18248=IFCCARTESIANPOINT((36.9363759799132,-20.,-2.67520305408818));
#18249=IFCCARTESIANPOINT((36.4707065832001,-20.,-0.709991533845996));
#18250=IFCCARTESIANPOINT((37.0198036149016,-20.,-2.01951219512195));
#18251=IFCCARTESIANPOINT((37.0922023279018,-20.,-2.18381979588779));
#18252=IFCCARTESIANPOINT((37.0922023279018,-20.,2.18381979588779));
#18253=IFCCARTESIANPOINT((37.0198036149016,-20.,2.01951219512195));
#18254=IFCCARTESIANPOINT((36.4707065832001,-20.,0.709991533845997));
#18255=IFCCARTESIANPOINT((36.7825205063217,-20.,-2.76776143868648));
#18256=IFCCARTESIANPOINT((36.6058874503046,-20.,-2.8));
#18257=IFCCARTESIANPOINT((36.7825205063217,-16.9,-2.76776143868648));
#18258=IFCCARTESIANPOINT((36.6058874503046,-16.9,-2.8));
#18259=IFCCARTESIANPOINT((36.9363759799132,-16.9,-2.67520305408818));
#18260=IFCCARTESIANPOINT((37.047613554604,-16.9,-2.53426064283291));
#18261=IFCCARTESIANPOINT((37.1018886729057,-16.9,-2.36310932718839));
#18262=IFCCARTESIANPOINT((37.0922023279018,-16.9,-2.18381979588779));
#18263=IFCCARTESIANPOINT((37.0198036149016,-16.9,-2.01951219512195));
#18264=IFCCARTESIANPOINT((37.0198036149016,-16.9,2.01951219512195));
#18265=IFCCARTESIANPOINT((35.2174794936783,-16.9,2.76776143868648));
#18266=IFCCARTESIANPOINT((35.0636240200867,-16.9,2.67520305408818));
#18267=IFCCARTESIANPOINT((34.952386445396,-16.9,2.53426064283291));
#18268=IFCCARTESIANPOINT((34.8981113270943,-16.9,2.36310932718839));
#18269=IFCCARTESIANPOINT((34.9077976720981,-16.9,2.18381979588779));
#18270=IFCCARTESIANPOINT((34.9801963850984,-16.9,2.01951219512195));
#18271=IFCCARTESIANPOINT((36.4707065832001,-16.9,-0.709991533845996));
#18272=IFCCARTESIANPOINT((35.5292934167999,-16.9,-0.709991533845999));
#18273=IFCCARTESIANPOINT((34.9801963850984,-16.9,-2.01951219512195));
#18274=IFCCARTESIANPOINT((35.5292934167999,-16.9,0.709991533845998));
#18275=IFCCARTESIANPOINT((36.4707065832001,-16.9,0.709991533845997));
#18276=IFCCARTESIANPOINT((35.2174794936783,-16.9,-2.76776143868648));
#18277=IFCCARTESIANPOINT((35.3941125496954,-16.9,-2.8));
#18278=IFCCARTESIANPOINT((37.0922023279018,-16.9,2.18381979588779));
#18279=IFCCARTESIANPOINT((37.1018886729057,-16.9,2.36310932718838));
#18280=IFCCARTESIANPOINT((37.047613554604,-16.9,2.53426064283291));
#18281=IFCCARTESIANPOINT((36.9363759799132,-16.9,2.67520305408818));
#18282=IFCCARTESIANPOINT((36.7825205063217,-16.9,2.76776143868648));
#18283=IFCCARTESIANPOINT((36.6058874503046,-16.9,2.8));
#18284=IFCCARTESIANPOINT((35.3941125496954,-16.9,2.8));
#18285=IFCCARTESIANPOINT((34.9077976720981,-16.9,-2.18381979588779));
#18286=IFCCARTESIANPOINT((34.8981113270943,-16.9,-2.36310932718839));
#18287=IFCCARTESIANPOINT((34.952386445396,-16.9,-2.53426064283291));
#18288=IFCCARTESIANPOINT((35.0636240200867,-16.9,-2.67520305408818));
#18289=IFCCARTESIANPOINT((-37.0922023279018,-16.9,-2.18381979588779));
#18290=IFCCARTESIANPOINT((-37.0198036149016,-16.9,-2.01951219512195));
#18291=IFCCARTESIANPOINT((-37.1018886729057,-16.9,-2.36310932718838));
#18292=IFCCARTESIANPOINT((-37.047613554604,-16.9,-2.53426064283291));
#18293=IFCCARTESIANPOINT((-36.9363759799132,-16.9,-2.67520305408818));
#18294=IFCCARTESIANPOINT((-36.7825205063217,-16.9,-2.76776143868648));
#18295=IFCCARTESIANPOINT((-36.6058874503046,-16.9,-2.8));
#18296=IFCCARTESIANPOINT((-37.0198036149016,-16.9,2.01951219512195));
#18297=IFCCARTESIANPOINT((-36.4707065832001,-16.9,0.709991533845998));
#18298=IFCCARTESIANPOINT((-35.5292934167999,-16.9,0.709991533845997));
#18299=IFCCARTESIANPOINT((-34.9801963850984,-16.9,2.01951219512195));
#18300=IFCCARTESIANPOINT((-35.2174794936783,-16.9,-2.76776143868648));
#18301=IFCCARTESIANPOINT((-35.0636240200867,-16.9,-2.67520305408818));
#18302=IFCCARTESIANPOINT((-34.952386445396,-16.9,-2.53426064283291));
#18303=IFCCARTESIANPOINT((-34.8981113270943,-16.9,-2.36310932718839));
#18304=IFCCARTESIANPOINT((-34.9077976720981,-16.9,-2.18381979588779));
#18305=IFCCARTESIANPOINT((-34.9801963850984,-16.9,-2.01951219512195));
#18306=IFCCARTESIANPOINT((-35.2174794936783,-16.9,2.76776143868648));
#18307=IFCCARTESIANPOINT((-35.3941125496954,-16.9,2.8));
#18308=IFCCARTESIANPOINT((-36.6058874503046,-16.9,2.8));
#18309=IFCCARTESIANPOINT((-36.7825205063217,-16.9,2.76776143868648));
#18310=IFCCARTESIANPOINT((-36.9363759799132,-16.9,2.67520305408818));
#18311=IFCCARTESIANPOINT((-37.047613554604,-16.9,2.53426064283291));
#18312=IFCCARTESIANPOINT((-37.1018886729057,-16.9,2.36310932718838));
#18313=IFCCARTESIANPOINT((-37.0922023279018,-16.9,2.18381979588779));
#18314=IFCCARTESIANPOINT((-35.5292934167999,-16.9,-0.709991533845996));
#18315=IFCCARTESIANPOINT((-36.4707065832001,-16.9,-0.709991533845999));
#18316=IFCCARTESIANPOINT((-34.9077976720981,-16.9,2.18381979588779));
#18317=IFCCARTESIANPOINT((-34.8981113270943,-16.9,2.36310932718838));
#18318=IFCCARTESIANPOINT((-34.952386445396,-16.9,2.53426064283291));
#18319=IFCCARTESIANPOINT((-35.0636240200867,-16.9,2.67520305408818));
#18320=IFCCARTESIANPOINT((-35.3941125496954,-16.9,-2.8));
#18321=IFCCARTESIANPOINT((-7.99999999999999,-19.15,-4.));
#18322=IFCCARTESIANPOINT((-5.10075852690643,-19.1640328514815,-4.));
#18323=IFCCARTESIANPOINT((-4.91455027589173,-19.2,-4.));
#18324=IFCCARTESIANPOINT((3.46944695195361E-15,-19.2,-4.));
#18325=IFCCARTESIANPOINT((4.91455027589173,-19.2,-4.));
#18326=IFCCARTESIANPOINT((-16.,-19.2,-4.));
#18327=IFCCARTESIANPOINT((-11.0854497241083,-19.2,-4.));
#18328=IFCCARTESIANPOINT((11.0854497241083,-19.2,-4.));
#18329=IFCCARTESIANPOINT((20.9145502758917,-19.2,-4.));
#18330=IFCCARTESIANPOINT((8.,-19.15,-4.));
#18331=IFCCARTESIANPOINT((10.8992414730936,-19.1640328514815,-4.));
#18332=IFCCARTESIANPOINT((-24.2572751379459,-19.15,-4.));
#18333=IFCCARTESIANPOINT((-21.1007585269064,-19.1640328514815,-4.));
#18334=IFCCARTESIANPOINT((-20.9145502758917,-19.2,-4.));
#18335=IFCCARTESIANPOINT((-26.864026550785,-14.8136813596682,-4.));
#18336=IFCCARTESIANPOINT((-27.1,-16.,-4.));
#18337=IFCCARTESIANPOINT((-26.864026550785,-17.1863186403318,-4.));
#18338=IFCCARTESIANPOINT((-26.1920310216783,-13.8079689783217,-4.));
#18339=IFCCARTESIANPOINT((-26.1920310216783,-18.1920310216783,-4.));
#18340=IFCCARTESIANPOINT((-24.,-12.9,-4.));
#18341=IFCCARTESIANPOINT((-25.1863186403318,-13.135973449215,-4.));
#18342=IFCCARTESIANPOINT((-25.1863186403318,-18.864026550785,-4.));
#18343=IFCCARTESIANPOINT((-21.8079689783217,-13.8079689783217,-4.));
#18344=IFCCARTESIANPOINT((-20.7945190364672,-13.8410151148586,-4.));
#18345=IFCCARTESIANPOINT((-20.8566161682122,-13.9995047396189,-4.));
#18346=IFCCARTESIANPOINT((-20.6828515116096,-13.7125418537503,-4.));
#18347=IFCCARTESIANPOINT((-20.366819575083,-13.6,-4.));
#18348=IFCCARTESIANPOINT((-20.5345558664381,-13.6289750149276,-4.));
#18349=IFCCARTESIANPOINT((-21.135973449215,-14.8136813596682,-4.));
#18350=IFCCARTESIANPOINT((-20.8619458455675,-14.169641771058,-4.));
#18351=IFCCARTESIANPOINT((-20.8098903586095,-14.3317073170732,-4.));
#18352=IFCCARTESIANPOINT((-22.8136813596682,-18.864026550785,-4.));
#18353=IFCCARTESIANPOINT((-21.3698711222965,-18.9065984676353,-4.));
#18354=IFCCARTESIANPOINT((-21.2601772586426,-19.0613059490162,-4.));
#18355=IFCCARTESIANPOINT((-21.8079689783217,-18.1920310216783,-4.));
#18356=IFCCARTESIANPOINT((-21.3863825469455,-18.5345481701756,-4.));
#18357=IFCCARTESIANPOINT((-21.4140586159254,-18.7221679551779,-4.));
#18358=IFCCARTESIANPOINT((-22.8136813596682,-13.135973449215,-4.));
#18359=IFCCARTESIANPOINT((-21.135973449215,-17.1863186403318,-4.));
#18360=IFCCARTESIANPOINT((-20.710964309147,-17.4636407429061,-4.));
#18361=IFCCARTESIANPOINT((-21.2908246324903,-18.3707317073171,-4.));
#18362=IFCCARTESIANPOINT((-20.425252399077,-16.425651958406,-4.));
#18363=IFCCARTESIANPOINT((-20.8999999999999,-16.,-4.));
#18364=IFCCARTESIANPOINT((-24.,-19.1,-4.));
#18365=IFCCARTESIANPOINT((-20.4592409828594,-15.3495958313958,-4.));
#18366=IFCCARTESIANPOINT((-10.1920310216783,-13.8079689783217,-4.));
#18367=IFCCARTESIANPOINT((-11.2054809635328,-13.8410151148586,-4.));
#18368=IFCCARTESIANPOINT((-11.3171484883904,-13.7125418537503,-4.));
#18369=IFCCARTESIANPOINT((-11.1380541544325,-14.169641771058,-4.));
#18370=IFCCARTESIANPOINT((-11.1433838317878,-13.9995047396189,-4.));
#18371=IFCCARTESIANPOINT((-10.1920310216783,-18.1920310216783,-4.));
#18372=IFCCARTESIANPOINT((-10.6136174530545,-18.5345481701756,-4.));
#18373=IFCCARTESIANPOINT((-10.7091753675097,-18.3707317073171,-4.));
#18374=IFCCARTESIANPOINT((-11.574747600923,-16.4256519584061,-4.));
#18375=IFCCARTESIANPOINT((-11.5407590171405,-15.3495958313958,-4.));
#18376=IFCCARTESIANPOINT((-11.1901096413905,-14.3317073170732,-4.));
#18377=IFCCARTESIANPOINT((-10.864026550785,-14.8136813596682,-4.));
#18378=IFCCARTESIANPOINT((-11.1,-16.,-4.));
#18379=IFCCARTESIANPOINT((-9.18631864033179,-18.864026550785,-4.));
#18380=IFCCARTESIANPOINT((-10.6301288777035,-18.9065984676353,-4.));
#18381=IFCCARTESIANPOINT((-10.5859413840746,-18.7221679551779,-4.));
#18382=IFCCARTESIANPOINT((-10.8992414730936,-19.1640328514815,-4.));
#18383=IFCCARTESIANPOINT((-10.7398227413573,-19.0613059490162,-4.));
#18384=IFCCARTESIANPOINT((-10.864026550785,-17.1863186403318,-4.));
#18385=IFCCARTESIANPOINT((-11.289035690853,-17.4636407429061,-4.));
#18386=IFCCARTESIANPOINT((-8.,-12.9,-4.));
#18387=IFCCARTESIANPOINT((-9.18631864033179,-13.135973449215,-4.));
#18388=IFCCARTESIANPOINT((-11.4654441335619,-13.6289750149276,-4.));
#18389=IFCCARTESIANPOINT((-11.633180424917,-13.6,-4.));
#18390=IFCCARTESIANPOINT((-16.,-13.6,-4.));
#18391=IFCCARTESIANPOINT((-5.80796897832167,-13.8079689783217,-4.));
#18392=IFCCARTESIANPOINT((-4.79451903646717,-13.8410151148586,-4.));
#18393=IFCCARTESIANPOINT((-4.85661616821219,-13.9995047396189,-4.));
#18394=IFCCARTESIANPOINT((-4.68285151160959,-13.7125418537503,-4.));
#18395=IFCCARTESIANPOINT((-4.36681957508302,-13.6,-4.));
#18396=IFCCARTESIANPOINT((-4.53455586643814,-13.6289750149276,-4.));
#18397=IFCCARTESIANPOINT((-5.13597344921497,-14.8136813596682,-4.));
#18398=IFCCARTESIANPOINT((-4.86194584556753,-14.169641771058,-4.));
#18399=IFCCARTESIANPOINT((-4.80989035860949,-14.3317073170732,-4.));
#18400=IFCCARTESIANPOINT((-6.8136813596682,-18.864026550785,-4.));
#18401=IFCCARTESIANPOINT((-5.36987112229647,-18.9065984676353,-4.));
#18402=IFCCARTESIANPOINT((-5.26017725864266,-19.0613059490162,-4.));
#18403=IFCCARTESIANPOINT((-5.80796897832167,-18.1920310216783,-4.));
#18404=IFCCARTESIANPOINT((-5.3863825469455,-18.5345481701756,-4.));
#18405=IFCCARTESIANPOINT((-5.41405861592543,-18.7221679551779,-4.));
#18406=IFCCARTESIANPOINT((-4.45924098285945,-15.3495958313958,-4.));
#18407=IFCCARTESIANPOINT((-4.42525239907697,-16.425651958406,-4.));
#18408=IFCCARTESIANPOINT((-4.89999999999992,-16.,-4.));
#18409=IFCCARTESIANPOINT((-5.13597344921497,-17.1863186403318,-4.));
#18410=IFCCARTESIANPOINT((-4.71096430914697,-17.4636407429061,-4.));
#18411=IFCCARTESIANPOINT((-5.2908246324903,-18.3707317073171,-4.));
#18412=IFCCARTESIANPOINT((-6.8136813596682,-13.135973449215,-4.));
#18413=IFCCARTESIANPOINT((-8.,-19.1,-4.));
#18414=IFCCARTESIANPOINT((6.81368135966821,-18.864026550785,-4.));
#18415=IFCCARTESIANPOINT((5.10075852690643,-19.1640328514815,-4.));
#18416=IFCCARTESIANPOINT((5.26017725864266,-19.0613059490162,-4.));
#18417=IFCCARTESIANPOINT((5.36987112229647,-18.9065984676353,-4.));
#18418=IFCCARTESIANPOINT((5.41405861592543,-18.7221679551779,-4.));
#18419=IFCCARTESIANPOINT((5.80796897832168,-18.1920310216783,-4.));
#18420=IFCCARTESIANPOINT((5.3863825469455,-18.5345481701756,-4.));
#18421=IFCCARTESIANPOINT((5.2908246324903,-18.3707317073171,-4.));
#18422=IFCCARTESIANPOINT((4.71096430914698,-17.4636407429061,-4.));
#18423=IFCCARTESIANPOINT((5.13597344921498,-17.1863186403318,-4.));
#18424=IFCCARTESIANPOINT((5.80796897832168,-13.8079689783217,-4.));
#18425=IFCCARTESIANPOINT((5.13597344921498,-14.8136813596682,-4.));
#18426=IFCCARTESIANPOINT((4.80989035860949,-14.3317073170732,-4.));
#18427=IFCCARTESIANPOINT((4.86194584556754,-14.169641771058,-4.));
#18428=IFCCARTESIANPOINT((4.42525239907697,-16.425651958406,-4.));
#18429=IFCCARTESIANPOINT((4.45924098285945,-15.3495958313958,-4.));
#18430=IFCCARTESIANPOINT((4.89999999999996,-16.,-4.));
#18431=IFCCARTESIANPOINT((4.79451903646718,-13.8410151148586,-4.));
#18432=IFCCARTESIANPOINT((4.68285151160959,-13.7125418537503,-4.));
#18433=IFCCARTESIANPOINT((4.8566161682122,-13.9995047396189,-4.));
#18434=IFCCARTESIANPOINT((8.,-12.9,-4.));
#18435=IFCCARTESIANPOINT((6.81368135966821,-13.135973449215,-4.));
#18436=IFCCARTESIANPOINT((4.53455586643815,-13.6289750149276,-4.));
#18437=IFCCARTESIANPOINT((4.36681957508303,-13.6,-4.));
#18438=IFCCARTESIANPOINT((3.46944695195361E-15,-13.6,-4.));
#18439=IFCCARTESIANPOINT((25.1863186403318,-13.135973449215,-4.));
#18440=IFCCARTESIANPOINT((24.,-12.9,-4.));
#18441=IFCCARTESIANPOINT((26.864026550785,-14.8136813596682,-4.));
#18442=IFCCARTESIANPOINT((26.1920310216783,-13.8079689783217,-4.));
#18443=IFCCARTESIANPOINT((10.1920310216783,-13.8079689783217,-4.));
#18444=IFCCARTESIANPOINT((11.2054809635328,-13.8410151148586,-4.));
#18445=IFCCARTESIANPOINT((11.1433838317878,-13.9995047396189,-4.));
#18446=IFCCARTESIANPOINT((26.864026550785,-17.1863186403318,-4.));
#18447=IFCCARTESIANPOINT((27.1000000000001,-16.,-4.));
#18448=IFCCARTESIANPOINT((21.8079689783217,-13.8079689783217,-4.));
#18449=IFCCARTESIANPOINT((20.5345558664381,-13.6289750149276,-4.));
#18450=IFCCARTESIANPOINT((20.366819575083,-13.6,-4.));
#18451=IFCCARTESIANPOINT((20.8619458455675,-14.169641771058,-4.));
#18452=IFCCARTESIANPOINT((20.8566161682122,-13.9995047396189,-4.));
#18453=IFCCARTESIANPOINT((11.3171484883904,-13.7125418537503,-4.));
#18454=IFCCARTESIANPOINT((11.633180424917,-13.6,-4.));
#18455=IFCCARTESIANPOINT((11.4654441335619,-13.6289750149276,-4.));
#18456=IFCCARTESIANPOINT((10.864026550785,-14.8136813596682,-4.));
#18457=IFCCARTESIANPOINT((11.1380541544325,-14.169641771058,-4.));
#18458=IFCCARTESIANPOINT((11.1901096413905,-14.3317073170732,-4.));
#18459=IFCCARTESIANPOINT((25.1863186403318,-18.864026550785,-4.));
#18460=IFCCARTESIANPOINT((26.1920310216783,-18.1920310216783,-4.));
#18461=IFCCARTESIANPOINT((21.1007585269064,-19.1640328514815,-4.));
#18462=IFCCARTESIANPOINT((22.8136813596682,-18.864026550785,-4.));
#18463=IFCCARTESIANPOINT((24.,-19.1,-4.));
#18464=IFCCARTESIANPOINT((21.3698711222965,-18.9065984676353,-4.));
#18465=IFCCARTESIANPOINT((21.4140586159254,-18.7221679551779,-4.));
#18466=IFCCARTESIANPOINT((21.2601772586427,-19.0613059490162,-4.));
#18467=IFCCARTESIANPOINT((20.6828515116096,-13.7125418537503,-4.));
#18468=IFCCARTESIANPOINT((20.7945190364672,-13.8410151148586,-4.));
#18469=IFCCARTESIANPOINT((21.8079689783217,-18.1920310216783,-4.));
#18470=IFCCARTESIANPOINT((21.3863825469455,-18.5345481701756,-4.));
#18471=IFCCARTESIANPOINT((21.2908246324903,-18.3707317073171,-4.));
#18472=IFCCARTESIANPOINT((11.5407590171406,-15.3495958313958,-4.));
#18473=IFCCARTESIANPOINT((11.574747600923,-16.425651958406,-4.));
#18474=IFCCARTESIANPOINT((11.1000000000001,-16.,-4.));
#18475=IFCCARTESIANPOINT((9.1863186403318,-18.864026550785,-4.));
#18476=IFCCARTESIANPOINT((10.6301288777035,-18.9065984676353,-4.));
#18477=IFCCARTESIANPOINT((10.7398227413573,-19.0613059490162,-4.));
#18478=IFCCARTESIANPOINT((10.1920310216783,-18.1920310216783,-4.));
#18479=IFCCARTESIANPOINT((10.6136174530545,-18.5345481701756,-4.));
#18480=IFCCARTESIANPOINT((10.5859413840746,-18.7221679551779,-4.));
#18481=IFCCARTESIANPOINT((20.710964309147,-17.4636407429061,-4.));
#18482=IFCCARTESIANPOINT((21.135973449215,-17.1863186403318,-4.));
#18483=IFCCARTESIANPOINT((21.135973449215,-14.8136813596682,-4.));
#18484=IFCCARTESIANPOINT((20.8098903586095,-14.3317073170732,-4.));
#18485=IFCCARTESIANPOINT((9.1863186403318,-13.135973449215,-4.));
#18486=IFCCARTESIANPOINT((11.289035690853,-17.4636407429061,-4.));
#18487=IFCCARTESIANPOINT((10.864026550785,-17.1863186403318,-4.));
#18488=IFCCARTESIANPOINT((10.7091753675097,-18.3707317073171,-4.));
#18489=IFCCARTESIANPOINT((22.8136813596682,-13.135973449215,-4.));
#18490=IFCCARTESIANPOINT((20.425252399077,-16.425651958406,-4.));
#18491=IFCCARTESIANPOINT((20.4592409828594,-15.3495958313958,-4.));
#18492=IFCCARTESIANPOINT((20.9,-16.,-4.));
#18493=IFCCARTESIANPOINT((8.,-19.1,-4.));
#18494=IFCCARTESIANPOINT((4.45924098285945,-15.3495958313958,-0.9));
#18495=IFCCARTESIANPOINT((4.80989035860949,-14.3317073170732,-0.9));
#18496=IFCCARTESIANPOINT((4.42525239907697,-16.425651958406,-0.9));
#18497=IFCCARTESIANPOINT((4.71096430914698,-17.4636407429061,-0.9));
#18498=IFCCARTESIANPOINT((5.2908246324903,-18.3707317073171,-0.9));
#18499=IFCCARTESIANPOINT((5.3863825469455,-18.5345481701756,-0.9));
#18500=IFCCARTESIANPOINT((5.41405861592543,-18.7221679551779,-0.9));
#18501=IFCCARTESIANPOINT((5.36987112229647,-18.9065984676353,-0.9));
#18502=IFCCARTESIANPOINT((5.26017725864266,-19.0613059490162,-0.9));
#18503=IFCCARTESIANPOINT((5.10075852690643,-19.1640328514815,-0.9));
#18504=IFCCARTESIANPOINT((4.91455027589173,-19.2,-0.9));
#18505=IFCCARTESIANPOINT((4.53455586643815,-13.6289750149276,-0.9));
#18506=IFCCARTESIANPOINT((4.36681957508303,-13.6,-0.9));
#18507=IFCCARTESIANPOINT((4.68285151160959,-13.7125418537503,-0.9));
#18508=IFCCARTESIANPOINT((4.79451903646718,-13.8410151148586,-0.9));
#18509=IFCCARTESIANPOINT((4.8566161682122,-13.9995047396189,-0.9));
#18510=IFCCARTESIANPOINT((4.86194584556754,-14.169641771058,-0.9));
#18511=IFCCARTESIANPOINT((3.48568501158668,-19.2,-0.9));
#18512=IFCCARTESIANPOINT((3.48568501158668,-13.6,-0.9));
#18513=IFCCARTESIANPOINT((-1.92721382003114,-13.6,-3.04069842172501));
#18514=IFCCARTESIANPOINT((-2.91041506894229,-13.6,-2.11884027866039));
#18515=IFCCARTESIANPOINT((-0.67388929576656,-13.6,-3.53636440671083));
#18516=IFCCARTESIANPOINT((2.9104150689423,-13.6,-2.11884027866039));
#18517=IFCCARTESIANPOINT((1.92721382003114,-13.6,-3.04069842172501));
#18518=IFCCARTESIANPOINT((0.673889295766562,-13.6,-3.53636440671083));
#18519=IFCCARTESIANPOINT((-3.48568501158667,-13.6,-0.9));
#18520=IFCCARTESIANPOINT((-4.36681957508302,-13.6,-0.9));
#18521=IFCCARTESIANPOINT((0.673889295766562,-19.2,-3.53636440671083));
#18522=IFCCARTESIANPOINT((1.92721382003114,-19.2,-3.04069842172501));
#18523=IFCCARTESIANPOINT((-1.92721382003114,-19.2,-3.04069842172501));
#18524=IFCCARTESIANPOINT((-0.67388929576656,-19.2,-3.53636440671083));
#18525=IFCCARTESIANPOINT((-4.91455027589173,-19.2,-0.9));
#18526=IFCCARTESIANPOINT((-3.48568501158667,-19.2,-0.9));
#18527=IFCCARTESIANPOINT((-2.91041506894229,-19.2,-2.11884027866039));
#18528=IFCCARTESIANPOINT((2.9104150689423,-19.2,-2.11884027866039));
#18529=IFCCARTESIANPOINT((-4.42525239907697,-16.425651958406,-0.9));
#18530=IFCCARTESIANPOINT((-4.45924098285945,-15.3495958313958,-0.9));
#18531=IFCCARTESIANPOINT((-4.71096430914697,-17.4636407429061,-0.9));
#18532=IFCCARTESIANPOINT((-5.10075852690643,-19.1640328514815,-0.9));
#18533=IFCCARTESIANPOINT((-5.26017725864266,-19.0613059490162,-0.9));
#18534=IFCCARTESIANPOINT((-5.36987112229647,-18.9065984676353,-0.9));
#18535=IFCCARTESIANPOINT((-5.41405861592543,-18.7221679551779,-0.9));
#18536=IFCCARTESIANPOINT((-5.3863825469455,-18.5345481701756,-0.9));
#18537=IFCCARTESIANPOINT((-5.2908246324903,-18.3707317073171,-0.9));
#18538=IFCCARTESIANPOINT((-4.80989035860949,-14.3317073170732,-0.9));
#18539=IFCCARTESIANPOINT((-4.86194584556753,-14.169641771058,-0.9));
#18540=IFCCARTESIANPOINT((-4.85661616821219,-13.9995047396189,-0.9));
#18541=IFCCARTESIANPOINT((-4.79451903646717,-13.8410151148586,-0.9));
#18542=IFCCARTESIANPOINT((-4.68285151160959,-13.7125418537503,-0.9));
#18543=IFCCARTESIANPOINT((-4.53455586643814,-13.6289750149276,-0.9));
#18544=IFCCARTESIANPOINT((11.289035690853,-17.4636407429061,-0.9));
#18545=IFCCARTESIANPOINT((10.7091753675097,-18.3707317073171,-0.9));
#18546=IFCCARTESIANPOINT((11.574747600923,-16.425651958406,-0.9));
#18547=IFCCARTESIANPOINT((11.5407590171406,-15.3495958313958,-0.9));
#18548=IFCCARTESIANPOINT((11.1901096413905,-14.3317073170732,-0.9));
#18549=IFCCARTESIANPOINT((10.8992414730936,-19.1640328514815,-0.9));
#18550=IFCCARTESIANPOINT((11.0854497241083,-19.2,-0.9));
#18551=IFCCARTESIANPOINT((10.7398227413573,-19.0613059490162,-0.9));
#18552=IFCCARTESIANPOINT((10.6301288777035,-18.9065984676353,-0.9));
#18553=IFCCARTESIANPOINT((10.5859413840746,-18.7221679551779,-0.9));
#18554=IFCCARTESIANPOINT((10.6136174530545,-18.5345481701756,-0.9));
#18555=IFCCARTESIANPOINT((11.1380541544325,-14.169641771058,-0.9));
#18556=IFCCARTESIANPOINT((11.1433838317878,-13.9995047396189,-0.9));
#18557=IFCCARTESIANPOINT((11.2054809635328,-13.8410151148586,-0.9));
#18558=IFCCARTESIANPOINT((11.3171484883904,-13.7125418537503,-0.9));
#18559=IFCCARTESIANPOINT((11.4654441335619,-13.6289750149276,-0.9));
#18560=IFCCARTESIANPOINT((11.633180424917,-13.6,-0.9));
#18561=IFCCARTESIANPOINT((12.5143149884133,-13.6,-0.9));
#18562=IFCCARTESIANPOINT((12.5143149884133,-19.2,-0.9));
#18563=IFCCARTESIANPOINT((14.0727861799689,-13.6,-3.04069842172501));
#18564=IFCCARTESIANPOINT((13.0895849310577,-13.6,-2.11884027866039));
#18565=IFCCARTESIANPOINT((17.9272138200311,-13.6,-3.04069842172501));
#18566=IFCCARTESIANPOINT((16.6738892957666,-13.6,-3.53636440671083));
#18567=IFCCARTESIANPOINT((15.3261107042334,-13.6,-3.53636440671083));
#18568=IFCCARTESIANPOINT((18.9104150689423,-13.6,-2.11884027866039));
#18569=IFCCARTESIANPOINT((20.366819575083,-13.6,-0.9));
#18570=IFCCARTESIANPOINT((19.4856850115867,-13.6,-0.9));
#18571=IFCCARTESIANPOINT((15.3261107042334,-19.2,-3.53636440671083));
#18572=IFCCARTESIANPOINT((16.6738892957666,-19.2,-3.53636440671083));
#18573=IFCCARTESIANPOINT((13.0895849310577,-19.2,-2.11884027866039));
#18574=IFCCARTESIANPOINT((17.9272138200311,-19.2,-3.04069842172501));
#18575=IFCCARTESIANPOINT((14.0727861799689,-19.2,-3.04069842172501));
#18576=IFCCARTESIANPOINT((18.9104150689423,-19.2,-2.11884027866039));
#18577=IFCCARTESIANPOINT((19.4856850115867,-19.2,-0.9));
#18578=IFCCARTESIANPOINT((20.9145502758917,-19.2,-0.9));
#18579=IFCCARTESIANPOINT((20.4592409828594,-15.3495958313958,-0.9));
#18580=IFCCARTESIANPOINT((20.425252399077,-16.425651958406,-0.9));
#18581=IFCCARTESIANPOINT((20.5345558664381,-13.6289750149276,-0.9));
#18582=IFCCARTESIANPOINT((20.6828515116096,-13.7125418537503,-0.9));
#18583=IFCCARTESIANPOINT((20.7945190364672,-13.8410151148586,-0.9));
#18584=IFCCARTESIANPOINT((20.8566161682122,-13.9995047396189,-0.9));
#18585=IFCCARTESIANPOINT((20.8619458455675,-14.169641771058,-0.9));
#18586=IFCCARTESIANPOINT((20.8098903586095,-14.3317073170732,-0.9));
#18587=IFCCARTESIANPOINT((20.710964309147,-17.4636407429061,-0.9));
#18588=IFCCARTESIANPOINT((21.2908246324903,-18.3707317073171,-0.9));
#18589=IFCCARTESIANPOINT((21.3863825469455,-18.5345481701756,-0.9));
#18590=IFCCARTESIANPOINT((21.4140586159254,-18.7221679551779,-0.9));
#18591=IFCCARTESIANPOINT((21.3698711222965,-18.9065984676353,-0.9));
#18592=IFCCARTESIANPOINT((21.2601772586427,-19.0613059490162,-0.9));
#18593=IFCCARTESIANPOINT((21.1007585269064,-19.1640328514815,-0.9));
#18594=IFCCARTESIANPOINT((-20.710964309147,-17.4636407429061,-0.9));
#18595=IFCCARTESIANPOINT((-21.2908246324903,-18.3707317073171,-0.9));
#18596=IFCCARTESIANPOINT((-20.425252399077,-16.425651958406,-0.9));
#18597=IFCCARTESIANPOINT((-20.4592409828594,-15.3495958313958,-0.9));
#18598=IFCCARTESIANPOINT((-20.8098903586095,-14.3317073170732,-0.9));
#18599=IFCCARTESIANPOINT((-21.1007585269064,-19.1640328514815,-0.9));
#18600=IFCCARTESIANPOINT((-20.9145502758917,-19.2,-0.9));
#18601=IFCCARTESIANPOINT((-21.2601772586426,-19.0613059490162,-0.9));
#18602=IFCCARTESIANPOINT((-21.3698711222965,-18.9065984676353,-0.9));
#18603=IFCCARTESIANPOINT((-21.4140586159254,-18.7221679551779,-0.9));
#18604=IFCCARTESIANPOINT((-21.3863825469455,-18.5345481701756,-0.9));
#18605=IFCCARTESIANPOINT((-20.8619458455675,-14.169641771058,-0.9));
#18606=IFCCARTESIANPOINT((-20.8566161682122,-13.9995047396189,-0.9));
#18607=IFCCARTESIANPOINT((-20.7945190364672,-13.8410151148586,-0.9));
#18608=IFCCARTESIANPOINT((-20.6828515116096,-13.7125418537503,-0.9));
#18609=IFCCARTESIANPOINT((-20.5345558664381,-13.6289750149276,-0.9));
#18610=IFCCARTESIANPOINT((-20.366819575083,-13.6,-0.9));
#18611=IFCCARTESIANPOINT((-19.4856850115867,-19.2,-0.9));
#18612=IFCCARTESIANPOINT((-19.4856850115867,-13.6,-0.9));
#18613=IFCCARTESIANPOINT((-15.3261107042334,-19.2,-3.53636440671083));
#18614=IFCCARTESIANPOINT((-14.0727861799689,-19.2,-3.04069842172501));
#18615=IFCCARTESIANPOINT((-18.9104150689423,-19.2,-2.11884027866039));
#18616=IFCCARTESIANPOINT((-17.9272138200311,-19.2,-3.04069842172501));
#18617=IFCCARTESIANPOINT((-16.6738892957666,-19.2,-3.53636440671083));
#18618=IFCCARTESIANPOINT((-13.0895849310577,-19.2,-2.11884027866039));
#18619=IFCCARTESIANPOINT((-12.5143149884133,-19.2,-0.9));
#18620=IFCCARTESIANPOINT((-11.0854497241083,-19.2,-0.9));
#18621=IFCCARTESIANPOINT((-17.9272138200311,-13.6,-3.04069842172501));
#18622=IFCCARTESIANPOINT((-18.9104150689423,-13.6,-2.11884027866039));
#18623=IFCCARTESIANPOINT((-16.6738892957666,-13.6,-3.53636440671083));
#18624=IFCCARTESIANPOINT((-15.3261107042334,-13.6,-3.53636440671083));
#18625=IFCCARTESIANPOINT((-14.0727861799689,-13.6,-3.04069842172501));
#18626=IFCCARTESIANPOINT((-13.0895849310577,-13.6,-2.11884027866039));
#18627=IFCCARTESIANPOINT((-11.633180424917,-13.6,-0.9));
#18628=IFCCARTESIANPOINT((-12.5143149884133,-13.6,-0.9));
#18629=IFCCARTESIANPOINT((-11.574747600923,-16.4256519584061,-0.9));
#18630=IFCCARTESIANPOINT((-11.289035690853,-17.4636407429061,-0.9));
#18631=IFCCARTESIANPOINT((-11.4654441335619,-13.6289750149276,-0.9));
#18632=IFCCARTESIANPOINT((-11.3171484883904,-13.7125418537503,-0.9));
#18633=IFCCARTESIANPOINT((-11.2054809635328,-13.8410151148586,-0.9));
#18634=IFCCARTESIANPOINT((-11.1433838317878,-13.9995047396189,-0.9));
#18635=IFCCARTESIANPOINT((-11.1380541544325,-14.169641771058,-0.9));
#18636=IFCCARTESIANPOINT((-11.1901096413905,-14.3317073170732,-0.9));
#18637=IFCCARTESIANPOINT((-11.5407590171405,-15.3495958313958,-0.9));
#18638=IFCCARTESIANPOINT((-10.7091753675097,-18.3707317073171,-0.9));
#18639=IFCCARTESIANPOINT((-10.6136174530545,-18.5345481701756,-0.9));
#18640=IFCCARTESIANPOINT((-10.5859413840746,-18.7221679551779,-0.9));
#18641=IFCCARTESIANPOINT((-10.6301288777035,-18.9065984676353,-0.9));
#18642=IFCCARTESIANPOINT((-10.7398227413573,-19.0613059490162,-0.9));
#18643=IFCCARTESIANPOINT((-10.8992414730936,-19.1640328514815,-0.9));
#18644=IFCCARTESIANPOINT((-21.135973449215,-14.8136813596682,-3.2));
#18645=IFCCARTESIANPOINT((-20.9,-16.,-3.2));
#18646=IFCCARTESIANPOINT((-21.8079689783217,-13.8079689783217,-3.2));
#18647=IFCCARTESIANPOINT((-22.8136813596682,-13.135973449215,-3.2));
#18648=IFCCARTESIANPOINT((-24.,-12.9,-3.2));
#18649=IFCCARTESIANPOINT((-25.1863186403318,-13.135973449215,-3.2));
#18650=IFCCARTESIANPOINT((-26.1920310216783,-13.8079689783217,-3.2));
#18651=IFCCARTESIANPOINT((-26.864026550785,-14.8136813596682,-3.2));
#18652=IFCCARTESIANPOINT((-27.1,-16.,-3.2));
#18653=IFCCARTESIANPOINT((-26.864026550785,-17.1863186403318,-3.2));
#18654=IFCCARTESIANPOINT((-26.1920310216783,-18.1920310216783,-3.2));
#18655=IFCCARTESIANPOINT((-25.1863186403318,-18.864026550785,-3.2));
#18656=IFCCARTESIANPOINT((-24.,-19.1,-3.2));
#18657=IFCCARTESIANPOINT((-22.8136813596682,-18.864026550785,-3.2));
#18658=IFCCARTESIANPOINT((-21.8079689783217,-18.1920310216783,-3.2));
#18659=IFCCARTESIANPOINT((-21.135973449215,-17.1863186403318,-3.2));
#18660=IFCCARTESIANPOINT((-5.13597344921497,-14.8136813596682,-3.2));
#18661=IFCCARTESIANPOINT((-4.89999999999999,-16.,-3.2));
#18662=IFCCARTESIANPOINT((-5.80796897832167,-13.8079689783217,-3.2));
#18663=IFCCARTESIANPOINT((-6.8136813596682,-13.135973449215,-3.2));
#18664=IFCCARTESIANPOINT((-8.,-12.9,-3.2));
#18665=IFCCARTESIANPOINT((-9.18631864033179,-13.135973449215,-3.2));
#18666=IFCCARTESIANPOINT((-10.1920310216783,-13.8079689783217,-3.2));
#18667=IFCCARTESIANPOINT((-10.864026550785,-14.8136813596682,-3.2));
#18668=IFCCARTESIANPOINT((-11.1,-16.,-3.2));
#18669=IFCCARTESIANPOINT((-10.864026550785,-17.1863186403318,-3.2));
#18670=IFCCARTESIANPOINT((-10.1920310216783,-18.1920310216783,-3.2));
#18671=IFCCARTESIANPOINT((-9.18631864033179,-18.864026550785,-3.2));
#18672=IFCCARTESIANPOINT((-8.,-19.1,-3.2));
#18673=IFCCARTESIANPOINT((-6.8136813596682,-18.864026550785,-3.2));
#18674=IFCCARTESIANPOINT((-5.80796897832167,-18.1920310216783,-3.2));
#18675=IFCCARTESIANPOINT((-5.13597344921497,-17.1863186403318,-3.2));
#18676=IFCCARTESIANPOINT((10.864026550785,-14.8136813596682,-3.2));
#18677=IFCCARTESIANPOINT((11.1,-16.,-3.2));
#18678=IFCCARTESIANPOINT((10.1920310216783,-13.8079689783217,-3.2));
#18679=IFCCARTESIANPOINT((9.1863186403318,-13.135973449215,-3.2));
#18680=IFCCARTESIANPOINT((8.,-12.9,-3.2));
#18681=IFCCARTESIANPOINT((6.81368135966821,-13.135973449215,-3.2));
#18682=IFCCARTESIANPOINT((5.80796897832168,-13.8079689783217,-3.2));
#18683=IFCCARTESIANPOINT((5.13597344921498,-14.8136813596682,-3.2));
#18684=IFCCARTESIANPOINT((4.89999999999996,-16.,-3.2));
#18685=IFCCARTESIANPOINT((5.13597344921498,-17.1863186403318,-3.2));
#18686=IFCCARTESIANPOINT((5.80796897832168,-18.1920310216783,-3.2));
#18687=IFCCARTESIANPOINT((6.81368135966821,-18.864026550785,-3.2));
#18688=IFCCARTESIANPOINT((8.,-19.1,-3.2));
#18689=IFCCARTESIANPOINT((9.1863186403318,-18.864026550785,-3.2));
#18690=IFCCARTESIANPOINT((10.1920310216783,-18.1920310216783,-3.2));
#18691=IFCCARTESIANPOINT((10.864026550785,-17.1863186403318,-3.2));
#18692=IFCCARTESIANPOINT((26.864026550785,-14.8136813596682,-3.2));
#18693=IFCCARTESIANPOINT((27.1,-16.,-3.2));
#18694=IFCCARTESIANPOINT((26.1920310216783,-13.8079689783217,-3.2));
#18695=IFCCARTESIANPOINT((25.1863186403318,-13.135973449215,-3.2));
#18696=IFCCARTESIANPOINT((24.,-12.9,-3.2));
#18697=IFCCARTESIANPOINT((22.8136813596682,-13.135973449215,-3.2));
#18698=IFCCARTESIANPOINT((21.8079689783217,-13.8079689783217,-3.2));
#18699=IFCCARTESIANPOINT((21.135973449215,-14.8136813596682,-3.2));
#18700=IFCCARTESIANPOINT((20.9,-16.,-3.2));
#18701=IFCCARTESIANPOINT((21.135973449215,-17.1863186403318,-3.2));
#18702=IFCCARTESIANPOINT((21.8079689783217,-18.1920310216783,-3.2));
#18703=IFCCARTESIANPOINT((22.8136813596682,-18.864026550785,-3.2));
#18704=IFCCARTESIANPOINT((24.,-19.1,-3.2));
#18705=IFCCARTESIANPOINT((25.1863186403318,-18.864026550785,-3.2));
#18706=IFCCARTESIANPOINT((26.1920310216783,-18.1920310216783,-3.2));
#18707=IFCCARTESIANPOINT((26.864026550785,-17.1863186403318,-3.2));
#18708=IFCCARTESIANPOINT((-24.,-13.6,-3.2));
#18709=IFCCARTESIANPOINT((-24.9184402376762,-13.7826891219729,-3.2));
#18710=IFCCARTESIANPOINT((-22.3029437251523,-14.3029437251523,-3.2));
#18711=IFCCARTESIANPOINT((-23.0815597623238,-13.7826891219729,-3.2));
#18712=IFCCARTESIANPOINT((-22.3029437251523,-17.6970562748477,-3.2));
#18713=IFCCARTESIANPOINT((-21.7826891219729,-16.9184402376762,-3.2));
#18714=IFCCARTESIANPOINT((-25.6970562748477,-14.3029437251523,-3.2));
#18715=IFCCARTESIANPOINT((-26.2173108780271,-15.0815597623238,-3.2));
#18716=IFCCARTESIANPOINT((-23.0815597623238,-18.2173108780271,-3.2));
#18717=IFCCARTESIANPOINT((-24.9184402376762,-18.2173108780271,-3.2));
#18718=IFCCARTESIANPOINT((-24.,-18.4,-3.2));
#18719=IFCCARTESIANPOINT((-26.4,-16.,-3.2));
#18720=IFCCARTESIANPOINT((-26.2173108780271,-16.9184402376762,-3.2));
#18721=IFCCARTESIANPOINT((-21.6,-16.,-3.2));
#18722=IFCCARTESIANPOINT((-21.7826891219729,-15.0815597623238,-3.2));
#18723=IFCCARTESIANPOINT((-25.6970562748477,-17.6970562748477,-3.2));
#18724=IFCCARTESIANPOINT((-8.,-13.6,-3.2));
#18725=IFCCARTESIANPOINT((-8.91844023767622,-13.7826891219729,-3.2));
#18726=IFCCARTESIANPOINT((-6.30294372515228,-14.3029437251523,-3.2));
#18727=IFCCARTESIANPOINT((-7.08155976232378,-13.7826891219729,-3.2));
#18728=IFCCARTESIANPOINT((-5.59999999999999,-16.,-3.2));
#18729=IFCCARTESIANPOINT((-5.7826891219729,-15.0815597623238,-3.2));
#18730=IFCCARTESIANPOINT((-6.30294372515228,-17.6970562748477,-3.2));
#18731=IFCCARTESIANPOINT((-5.7826891219729,-16.9184402376762,-3.2));
#18732=IFCCARTESIANPOINT((-9.69705627484772,-14.3029437251523,-3.2));
#18733=IFCCARTESIANPOINT((-10.2173108780271,-15.0815597623238,-3.2));
#18734=IFCCARTESIANPOINT((-7.08155976232378,-18.2173108780271,-3.2));
#18735=IFCCARTESIANPOINT((-8.91844023767622,-18.2173108780271,-3.2));
#18736=IFCCARTESIANPOINT((-8.,-18.4,-3.2));
#18737=IFCCARTESIANPOINT((-10.2173108780271,-16.9184402376762,-3.2));
#18738=IFCCARTESIANPOINT((-9.69705627484772,-17.6970562748477,-3.2));
#18739=IFCCARTESIANPOINT((-10.4,-16.,-3.2));
#18740=IFCCARTESIANPOINT((8.,-13.6,-3.2));
#18741=IFCCARTESIANPOINT((7.08155976232378,-13.7826891219729,-3.2));
#18742=IFCCARTESIANPOINT((9.69705627484772,-14.3029437251523,-3.2));
#18743=IFCCARTESIANPOINT((8.91844023767622,-13.7826891219729,-3.2));
#18744=IFCCARTESIANPOINT((6.30294372515228,-14.3029437251523,-3.2));
#18745=IFCCARTESIANPOINT((5.78268912197291,-15.0815597623238,-3.2));
#18746=IFCCARTESIANPOINT((10.4,-16.,-3.2));
#18747=IFCCARTESIANPOINT((10.2173108780271,-15.0815597623238,-3.2));
#18748=IFCCARTESIANPOINT((9.69705627484772,-17.6970562748477,-3.2));
#18749=IFCCARTESIANPOINT((10.2173108780271,-16.9184402376762,-3.2));
#18750=IFCCARTESIANPOINT((7.08155976232379,-18.2173108780271,-3.2));
#18751=IFCCARTESIANPOINT((8.,-18.4,-3.2));
#18752=IFCCARTESIANPOINT((6.30294372515228,-17.6970562748477,-3.2));
#18753=IFCCARTESIANPOINT((5.6,-16.,-3.2));
#18754=IFCCARTESIANPOINT((5.78268912197291,-16.9184402376762,-3.2));
#18755=IFCCARTESIANPOINT((8.91844023767622,-18.2173108780271,-3.2));
#18756=IFCCARTESIANPOINT((24.,-13.6,-3.2));
#18757=IFCCARTESIANPOINT((23.0815597623238,-13.7826891219729,-3.2));
#18758=IFCCARTESIANPOINT((25.6970562748477,-14.3029437251523,-3.2));
#18759=IFCCARTESIANPOINT((24.9184402376762,-13.7826891219729,-3.2));
#18760=IFCCARTESIANPOINT((25.6970562748477,-17.6970562748477,-3.2));
#18761=IFCCARTESIANPOINT((26.2173108780271,-16.9184402376762,-3.2));
#18762=IFCCARTESIANPOINT((22.3029437251523,-14.3029437251523,-3.2));
#18763=IFCCARTESIANPOINT((21.7826891219729,-15.0815597623238,-3.2));
#18764=IFCCARTESIANPOINT((24.9184402376762,-18.2173108780271,-3.2));
#18765=IFCCARTESIANPOINT((23.0815597623238,-18.2173108780271,-3.2));
#18766=IFCCARTESIANPOINT((24.,-18.4,-3.2));
#18767=IFCCARTESIANPOINT((21.6,-16.,-3.2));
#18768=IFCCARTESIANPOINT((21.7826891219729,-16.9184402376762,-3.2));
#18769=IFCCARTESIANPOINT((26.4,-16.,-3.2));
#18770=IFCCARTESIANPOINT((26.2173108780271,-15.0815597623238,-3.2));
#18771=IFCCARTESIANPOINT((22.3029437251523,-17.6970562748477,-3.2));
#18772=IFCCARTESIANPOINT((-21.7826891219729,-15.0815597623238,3.2));
#18773=IFCCARTESIANPOINT((-21.6,-16.,3.2));
#18774=IFCCARTESIANPOINT((-22.3029437251523,-14.3029437251523,3.2));
#18775=IFCCARTESIANPOINT((-23.0815597623238,-13.7826891219729,3.2));
#18776=IFCCARTESIANPOINT((-24.,-13.6,3.2));
#18777=IFCCARTESIANPOINT((-24.9184402376762,-13.7826891219729,3.2));
#18778=IFCCARTESIANPOINT((-25.6970562748477,-14.3029437251523,3.2));
#18779=IFCCARTESIANPOINT((-26.2173108780271,-15.0815597623238,3.2));
#18780=IFCCARTESIANPOINT((-26.4,-16.,3.2));
#18781=IFCCARTESIANPOINT((-26.2173108780271,-16.9184402376762,3.2));
#18782=IFCCARTESIANPOINT((-25.6970562748477,-17.6970562748477,3.2));
#18783=IFCCARTESIANPOINT((-24.9184402376762,-18.2173108780271,3.2));
#18784=IFCCARTESIANPOINT((-24.,-18.4,3.2));
#18785=IFCCARTESIANPOINT((-23.0815597623238,-18.2173108780271,3.2));
#18786=IFCCARTESIANPOINT((-22.3029437251523,-17.6970562748477,3.2));
#18787=IFCCARTESIANPOINT((-21.7826891219729,-16.9184402376762,3.2));
#18788=IFCCARTESIANPOINT((-22.8136813596682,-13.135973449215,3.2));
#18789=IFCCARTESIANPOINT((-24.,-12.9,3.2));
#18790=IFCCARTESIANPOINT((-25.1863186403318,-13.135973449215,3.2));
#18791=IFCCARTESIANPOINT((-26.1920310216783,-13.8079689783217,3.2));
#18792=IFCCARTESIANPOINT((-26.864026550785,-17.1863186403318,3.2));
#18793=IFCCARTESIANPOINT((-26.1920310216783,-18.1920310216783,3.2));
#18794=IFCCARTESIANPOINT((-21.135973449215,-14.8136813596682,3.2));
#18795=IFCCARTESIANPOINT((-21.8079689783217,-13.8079689783217,3.2));
#18796=IFCCARTESIANPOINT((-25.1863186403318,-18.864026550785,3.2));
#18797=IFCCARTESIANPOINT((-24.,-19.1,3.2));
#18798=IFCCARTESIANPOINT((-22.8136813596682,-18.864026550785,3.2));
#18799=IFCCARTESIANPOINT((-21.135973449215,-17.1863186403318,3.2));
#18800=IFCCARTESIANPOINT((-20.9,-16.,3.2));
#18801=IFCCARTESIANPOINT((-26.864026550785,-14.8136813596682,3.2));
#18802=IFCCARTESIANPOINT((-27.1,-16.,3.2));
#18803=IFCCARTESIANPOINT((-21.8079689783217,-18.1920310216783,3.2));
#18804=IFCCARTESIANPOINT((-21.135973449215,-14.8136813596682,4.));
#18805=IFCCARTESIANPOINT((-20.9,-16.,4.));
#18806=IFCCARTESIANPOINT((-21.8079689783217,-13.8079689783217,4.));
#18807=IFCCARTESIANPOINT((-22.8136813596682,-13.135973449215,4.));
#18808=IFCCARTESIANPOINT((-24.,-12.9,4.));
#18809=IFCCARTESIANPOINT((-25.1863186403318,-13.135973449215,4.));
#18810=IFCCARTESIANPOINT((-26.1920310216783,-13.8079689783217,4.));
#18811=IFCCARTESIANPOINT((-26.864026550785,-14.8136813596682,4.));
#18812=IFCCARTESIANPOINT((-27.1,-16.,4.));
#18813=IFCCARTESIANPOINT((-26.864026550785,-17.1863186403318,4.));
#18814=IFCCARTESIANPOINT((-26.1920310216783,-18.1920310216783,4.));
#18815=IFCCARTESIANPOINT((-25.1863186403318,-18.864026550785,4.));
#18816=IFCCARTESIANPOINT((-24.,-19.1,4.));
#18817=IFCCARTESIANPOINT((-22.8136813596682,-18.864026550785,4.));
#18818=IFCCARTESIANPOINT((-21.8079689783217,-18.1920310216783,4.));
#18819=IFCCARTESIANPOINT((-21.135973449215,-17.1863186403318,4.));
#18820=IFCCARTESIANPOINT((-5.7826891219729,-15.0815597623238,3.2));
#18821=IFCCARTESIANPOINT((-5.59999999999999,-16.,3.2));
#18822=IFCCARTESIANPOINT((-6.30294372515228,-14.3029437251523,3.2));
#18823=IFCCARTESIANPOINT((-7.08155976232378,-13.7826891219729,3.2));
#18824=IFCCARTESIANPOINT((-8.,-13.6,3.2));
#18825=IFCCARTESIANPOINT((-8.91844023767622,-13.7826891219729,3.2));
#18826=IFCCARTESIANPOINT((-9.69705627484772,-14.3029437251523,3.2));
#18827=IFCCARTESIANPOINT((-10.2173108780271,-15.0815597623238,3.2));
#18828=IFCCARTESIANPOINT((-10.4,-16.,3.2));
#18829=IFCCARTESIANPOINT((-10.2173108780271,-16.9184402376762,3.2));
#18830=IFCCARTESIANPOINT((-9.69705627484772,-17.6970562748477,3.2));
#18831=IFCCARTESIANPOINT((-8.91844023767622,-18.2173108780271,3.2));
#18832=IFCCARTESIANPOINT((-8.,-18.4,3.2));
#18833=IFCCARTESIANPOINT((-7.08155976232378,-18.2173108780271,3.2));
#18834=IFCCARTESIANPOINT((-6.30294372515228,-17.6970562748477,3.2));
#18835=IFCCARTESIANPOINT((-5.7826891219729,-16.9184402376762,3.2));
#18836=IFCCARTESIANPOINT((-6.81368135966822,-13.135973449215,3.2));
#18837=IFCCARTESIANPOINT((-8.,-12.9,3.2));
#18838=IFCCARTESIANPOINT((-9.18631864033178,-13.135973449215,3.2));
#18839=IFCCARTESIANPOINT((-10.1920310216783,-13.8079689783217,3.2));
#18840=IFCCARTESIANPOINT((-10.1920310216783,-18.1920310216783,3.2));
#18841=IFCCARTESIANPOINT((-9.18631864033178,-18.864026550785,3.2));
#18842=IFCCARTESIANPOINT((-5.135973449215,-14.8136813596682,3.2));
#18843=IFCCARTESIANPOINT((-5.8079689783217,-13.8079689783217,3.2));
#18844=IFCCARTESIANPOINT((-10.864026550785,-14.8136813596682,3.2));
#18845=IFCCARTESIANPOINT((-11.1,-16.,3.2));
#18846=IFCCARTESIANPOINT((-10.864026550785,-17.1863186403318,3.2));
#18847=IFCCARTESIANPOINT((-5.135973449215,-17.1863186403318,3.2));
#18848=IFCCARTESIANPOINT((-4.89999999999999,-16.,3.2));
#18849=IFCCARTESIANPOINT((-8.,-19.1,3.2));
#18850=IFCCARTESIANPOINT((-6.81368135966822,-18.864026550785,3.2));
#18851=IFCCARTESIANPOINT((-5.8079689783217,-18.1920310216783,3.2));
#18852=IFCCARTESIANPOINT((-5.135973449215,-14.8136813596682,4.));
#18853=IFCCARTESIANPOINT((-4.9,-16.,4.));
#18854=IFCCARTESIANPOINT((-5.8079689783217,-13.8079689783217,4.));
#18855=IFCCARTESIANPOINT((-6.81368135966822,-13.135973449215,4.));
#18856=IFCCARTESIANPOINT((-8.,-12.9,4.));
#18857=IFCCARTESIANPOINT((-9.18631864033178,-13.135973449215,4.));
#18858=IFCCARTESIANPOINT((-10.1920310216783,-13.8079689783217,4.));
#18859=IFCCARTESIANPOINT((-10.864026550785,-14.8136813596682,4.));
#18860=IFCCARTESIANPOINT((-11.1,-16.,4.));
#18861=IFCCARTESIANPOINT((-10.864026550785,-17.1863186403318,4.));
#18862=IFCCARTESIANPOINT((-10.1920310216783,-18.1920310216783,4.));
#18863=IFCCARTESIANPOINT((-9.18631864033178,-18.864026550785,4.));
#18864=IFCCARTESIANPOINT((-8.,-19.1,4.));
#18865=IFCCARTESIANPOINT((-6.81368135966822,-18.864026550785,4.));
#18866=IFCCARTESIANPOINT((-5.8079689783217,-18.1920310216783,4.));
#18867=IFCCARTESIANPOINT((-5.135973449215,-17.1863186403318,4.));
#18868=IFCCARTESIANPOINT((10.2173108780271,-15.0815597623238,3.2));
#18869=IFCCARTESIANPOINT((10.4,-16.,3.2));
#18870=IFCCARTESIANPOINT((9.69705627484772,-14.3029437251523,3.2));
#18871=IFCCARTESIANPOINT((8.91844023767622,-13.7826891219729,3.2));
#18872=IFCCARTESIANPOINT((8.,-13.6,3.2));
#18873=IFCCARTESIANPOINT((7.08155976232378,-13.7826891219729,3.2));
#18874=IFCCARTESIANPOINT((6.30294372515228,-14.3029437251523,3.2));
#18875=IFCCARTESIANPOINT((5.78268912197291,-15.0815597623238,3.2));
#18876=IFCCARTESIANPOINT((5.6,-16.,3.2));
#18877=IFCCARTESIANPOINT((5.78268912197291,-16.9184402376762,3.2));
#18878=IFCCARTESIANPOINT((6.30294372515228,-17.6970562748477,3.2));
#18879=IFCCARTESIANPOINT((7.08155976232379,-18.2173108780271,3.2));
#18880=IFCCARTESIANPOINT((8.,-18.4,3.2));
#18881=IFCCARTESIANPOINT((8.91844023767622,-18.2173108780271,3.2));
#18882=IFCCARTESIANPOINT((9.69705627484772,-17.6970562748477,3.2));
#18883=IFCCARTESIANPOINT((10.2173108780271,-16.9184402376762,3.2));
#18884=IFCCARTESIANPOINT((9.18631864033178,-13.135973449215,3.2));
#18885=IFCCARTESIANPOINT((8.,-12.9,3.2));
#18886=IFCCARTESIANPOINT((6.81368135966822,-13.135973449215,3.2));
#18887=IFCCARTESIANPOINT((5.8079689783217,-13.8079689783217,3.2));
#18888=IFCCARTESIANPOINT((10.864026550785,-14.8136813596682,3.2));
#18889=IFCCARTESIANPOINT((10.1920310216783,-13.8079689783217,3.2));
#18890=IFCCARTESIANPOINT((5.13597344921501,-14.8136813596682,3.2));
#18891=IFCCARTESIANPOINT((4.9,-16.,3.2));
#18892=IFCCARTESIANPOINT((5.13597344921501,-17.1863186403318,3.2));
#18893=IFCCARTESIANPOINT((5.8079689783217,-18.1920310216783,3.2));
#18894=IFCCARTESIANPOINT((6.81368135966822,-18.864026550785,3.2));
#18895=IFCCARTESIANPOINT((8.,-19.1,3.2));
#18896=IFCCARTESIANPOINT((9.18631864033178,-18.864026550785,3.2));
#18897=IFCCARTESIANPOINT((10.864026550785,-17.1863186403318,3.2));
#18898=IFCCARTESIANPOINT((11.1,-16.,3.2));
#18899=IFCCARTESIANPOINT((10.1920310216783,-18.1920310216783,3.2));
#18900=IFCCARTESIANPOINT((10.864026550785,-14.8136813596682,4.));
#18901=IFCCARTESIANPOINT((11.1,-16.,4.));
#18902=IFCCARTESIANPOINT((10.1920310216783,-13.8079689783217,4.));
#18903=IFCCARTESIANPOINT((9.18631864033178,-13.135973449215,4.));
#18904=IFCCARTESIANPOINT((8.,-12.9,4.));
#18905=IFCCARTESIANPOINT((6.81368135966822,-13.135973449215,4.));
#18906=IFCCARTESIANPOINT((5.8079689783217,-13.8079689783217,4.));
#18907=IFCCARTESIANPOINT((5.13597344921501,-14.8136813596682,4.));
#18908=IFCCARTESIANPOINT((4.9,-16.,4.));
#18909=IFCCARTESIANPOINT((5.13597344921501,-17.1863186403318,4.));
#18910=IFCCARTESIANPOINT((5.8079689783217,-18.1920310216783,4.));
#18911=IFCCARTESIANPOINT((6.81368135966822,-18.864026550785,4.));
#18912=IFCCARTESIANPOINT((8.,-19.1,4.));
#18913=IFCCARTESIANPOINT((9.18631864033178,-18.864026550785,4.));
#18914=IFCCARTESIANPOINT((10.1920310216783,-18.1920310216783,4.));
#18915=IFCCARTESIANPOINT((10.864026550785,-17.1863186403318,4.));
#18916=IFCCARTESIANPOINT((26.2173108780271,-15.0815597623238,3.2));
#18917=IFCCARTESIANPOINT((26.4,-16.,3.2));
#18918=IFCCARTESIANPOINT((25.6970562748477,-14.3029437251523,3.2));
#18919=IFCCARTESIANPOINT((24.9184402376762,-13.7826891219729,3.2));
#18920=IFCCARTESIANPOINT((24.,-13.6,3.2));
#18921=IFCCARTESIANPOINT((23.0815597623238,-13.7826891219729,3.2));
#18922=IFCCARTESIANPOINT((22.3029437251523,-14.3029437251523,3.2));
#18923=IFCCARTESIANPOINT((21.7826891219729,-15.0815597623238,3.2));
#18924=IFCCARTESIANPOINT((21.6,-16.,3.2));
#18925=IFCCARTESIANPOINT((21.7826891219729,-16.9184402376762,3.2));
#18926=IFCCARTESIANPOINT((22.3029437251523,-17.6970562748477,3.2));
#18927=IFCCARTESIANPOINT((23.0815597623238,-18.2173108780271,3.2));
#18928=IFCCARTESIANPOINT((24.,-18.4,3.2));
#18929=IFCCARTESIANPOINT((24.9184402376762,-18.2173108780271,3.2));
#18930=IFCCARTESIANPOINT((25.6970562748477,-17.6970562748477,3.2));
#18931=IFCCARTESIANPOINT((26.2173108780271,-16.9184402376762,3.2));
#18932=IFCCARTESIANPOINT((25.1863186403318,-13.135973449215,3.2));
#18933=IFCCARTESIANPOINT((24.,-12.9,3.2));
#18934=IFCCARTESIANPOINT((22.8136813596682,-13.135973449215,3.2));
#18935=IFCCARTESIANPOINT((21.8079689783217,-13.8079689783217,3.2));
#18936=IFCCARTESIANPOINT((21.135973449215,-17.1863186403318,3.2));
#18937=IFCCARTESIANPOINT((21.8079689783217,-18.1920310216783,3.2));
#18938=IFCCARTESIANPOINT((26.864026550785,-14.8136813596682,3.2));
#18939=IFCCARTESIANPOINT((26.1920310216783,-13.8079689783217,3.2));
#18940=IFCCARTESIANPOINT((22.8136813596682,-18.864026550785,3.2));
#18941=IFCCARTESIANPOINT((24.,-19.1,3.2));
#18942=IFCCARTESIANPOINT((25.1863186403318,-18.864026550785,3.2));
#18943=IFCCARTESIANPOINT((26.864026550785,-17.1863186403318,3.2));
#18944=IFCCARTESIANPOINT((27.1,-16.,3.2));
#18945=IFCCARTESIANPOINT((21.135973449215,-14.8136813596682,3.2));
#18946=IFCCARTESIANPOINT((20.9,-16.,3.2));
#18947=IFCCARTESIANPOINT((26.1920310216783,-18.1920310216783,3.2));
#18948=IFCCARTESIANPOINT((26.864026550785,-14.8136813596682,4.));
#18949=IFCCARTESIANPOINT((27.1,-16.,4.));
#18950=IFCCARTESIANPOINT((26.1920310216783,-13.8079689783217,4.));
#18951=IFCCARTESIANPOINT((25.1863186403318,-13.135973449215,4.));
#18952=IFCCARTESIANPOINT((24.,-12.9,4.));
#18953=IFCCARTESIANPOINT((22.8136813596682,-13.135973449215,4.));
#18954=IFCCARTESIANPOINT((21.8079689783217,-13.8079689783217,4.));
#18955=IFCCARTESIANPOINT((21.135973449215,-14.8136813596682,4.));
#18956=IFCCARTESIANPOINT((20.9,-16.,4.));
#18957=IFCCARTESIANPOINT((21.135973449215,-17.1863186403318,4.));
#18958=IFCCARTESIANPOINT((21.8079689783217,-18.1920310216783,4.));
#18959=IFCCARTESIANPOINT((22.8136813596682,-18.864026550785,4.));
#18960=IFCCARTESIANPOINT((24.,-19.1,4.));
#18961=IFCCARTESIANPOINT((25.1863186403318,-18.864026550785,4.));
#18962=IFCCARTESIANPOINT((26.1920310216783,-18.1920310216783,4.));
#18963=IFCCARTESIANPOINT((26.864026550785,-17.1863186403318,4.));
#18964=IFCCARTESIANPOINT((-7.99999999999999,19.15,-4.));
#18965=IFCCARTESIANPOINT((-10.8992414730936,19.1640328514815,-4.));
#18966=IFCCARTESIANPOINT((-11.0854497241083,19.2,-4.));
#18967=IFCCARTESIANPOINT((-21.8079689783217,13.8079689783217,-4.));
#18968=IFCCARTESIANPOINT((-21.135973449215,14.8136813596682,-4.));
#18969=IFCCARTESIANPOINT((-20.8098903586095,14.3317073170732,-4.));
#18970=IFCCARTESIANPOINT((-20.8619458455675,14.169641771058,-4.));
#18971=IFCCARTESIANPOINT((-21.8079689783217,18.1920310216783,-4.));
#18972=IFCCARTESIANPOINT((-21.3863825469455,18.5345481701756,-4.));
#18973=IFCCARTESIANPOINT((-21.2908246324903,18.3707317073171,-4.));
#18974=IFCCARTESIANPOINT((-20.425252399077,16.4256519584061,-4.));
#18975=IFCCARTESIANPOINT((-20.4592409828594,15.3495958313958,-4.));
#18976=IFCCARTESIANPOINT((-20.8999999999999,16.,-4.));
#18977=IFCCARTESIANPOINT((-20.7945190364672,13.8410151148586,-4.));
#18978=IFCCARTESIANPOINT((-20.6828515116096,13.7125418537503,-4.));
#18979=IFCCARTESIANPOINT((-20.8566161682122,13.9995047396189,-4.));
#18980=IFCCARTESIANPOINT((-22.8136813596682,18.864026550785,-4.));
#18981=IFCCARTESIANPOINT((-21.3698711222965,18.9065984676353,-4.));
#18982=IFCCARTESIANPOINT((-21.4140586159254,18.7221679551779,-4.));
#18983=IFCCARTESIANPOINT((-21.1007585269064,19.1640328514815,-4.));
#18984=IFCCARTESIANPOINT((-21.2601772586426,19.0613059490162,-4.));
#18985=IFCCARTESIANPOINT((-21.135973449215,17.1863186403318,-4.));
#18986=IFCCARTESIANPOINT((-20.710964309147,17.4636407429061,-4.));
#18987=IFCCARTESIANPOINT((-24.,19.1,-4.));
#18988=IFCCARTESIANPOINT((-22.8136813596682,13.135973449215,-4.));
#18989=IFCCARTESIANPOINT((-20.5345558664381,13.6289750149276,-4.));
#18990=IFCCARTESIANPOINT((-20.366819575083,13.6,-4.));
#18991=IFCCARTESIANPOINT((-24.,12.9,-4.));
#18992=IFCCARTESIANPOINT((-16.,13.6,-4.));
#18993=IFCCARTESIANPOINT((-26.1920310216783,13.8079689783217,-4.));
#18994=IFCCARTESIANPOINT((-25.1863186403318,13.135973449215,-4.));
#18995=IFCCARTESIANPOINT((-27.1,16.,-4.));
#18996=IFCCARTESIANPOINT((-26.864026550785,14.8136813596682,-4.));
#18997=IFCCARTESIANPOINT((-25.1863186403318,18.864026550785,-4.));
#18998=IFCCARTESIANPOINT((-26.1920310216783,18.1920310216783,-4.));
#18999=IFCCARTESIANPOINT((-26.864026550785,17.1863186403318,-4.));
#19000=IFCCARTESIANPOINT((-24.2572751379459,19.15,-4.));
#19001=IFCCARTESIANPOINT((-16.,19.2,-4.));
#19002=IFCCARTESIANPOINT((-20.9145502758917,19.2,-4.));
#19003=IFCCARTESIANPOINT((21.1007585269064,19.1640328514815,-4.));
#19004=IFCCARTESIANPOINT((20.9145502758917,19.2,-4.));
#19005=IFCCARTESIANPOINT((11.0854497241083,19.2,-4.));
#19006=IFCCARTESIANPOINT((22.8136813596682,18.864026550785,-4.));
#19007=IFCCARTESIANPOINT((21.3698711222965,18.9065984676353,-4.));
#19008=IFCCARTESIANPOINT((21.2601772586427,19.0613059490162,-4.));
#19009=IFCCARTESIANPOINT((21.8079689783217,18.1920310216783,-4.));
#19010=IFCCARTESIANPOINT((21.3863825469455,18.5345481701756,-4.));
#19011=IFCCARTESIANPOINT((21.4140586159254,18.7221679551779,-4.));
#19012=IFCCARTESIANPOINT((20.9,16.,-4.));
#19013=IFCCARTESIANPOINT((20.8619458455675,14.169641771058,-4.));
#19014=IFCCARTESIANPOINT((20.8098903586095,14.3317073170732,-4.));
#19015=IFCCARTESIANPOINT((21.135973449215,17.1863186403318,-4.));
#19016=IFCCARTESIANPOINT((20.710964309147,17.4636407429061,-4.));
#19017=IFCCARTESIANPOINT((21.2908246324903,18.3707317073171,-4.));
#19018=IFCCARTESIANPOINT((20.425252399077,16.425651958406,-4.));
#19019=IFCCARTESIANPOINT((24.,19.1,-4.));
#19020=IFCCARTESIANPOINT((10.1920310216783,13.8079689783217,-4.));
#19021=IFCCARTESIANPOINT((11.2054809635328,13.8410151148586,-4.));
#19022=IFCCARTESIANPOINT((11.3171484883904,13.7125418537503,-4.));
#19023=IFCCARTESIANPOINT((25.1863186403318,18.864026550785,-4.));
#19024=IFCCARTESIANPOINT((11.1433838317878,13.9995047396189,-4.));
#19025=IFCCARTESIANPOINT((26.864026550785,17.1863186403318,-4.));
#19026=IFCCARTESIANPOINT((26.1920310216783,18.1920310216783,-4.));
#19027=IFCCARTESIANPOINT((9.1863186403318,18.864026550785,-4.));
#19028=IFCCARTESIANPOINT((10.6301288777035,18.9065984676353,-4.));
#19029=IFCCARTESIANPOINT((10.5859413840746,18.7221679551779,-4.));
#19030=IFCCARTESIANPOINT((10.8992414730936,19.1640328514815,-4.));
#19031=IFCCARTESIANPOINT((10.7398227413573,19.0613059490162,-4.));
#19032=IFCCARTESIANPOINT((10.1920310216783,18.1920310216783,-4.));
#19033=IFCCARTESIANPOINT((10.6136174530545,18.5345481701756,-4.));
#19034=IFCCARTESIANPOINT((10.7091753675097,18.3707317073171,-4.));
#19035=IFCCARTESIANPOINT((11.1380541544325,14.169641771058,-4.));
#19036=IFCCARTESIANPOINT((11.1901096413905,14.3317073170732,-4.));
#19037=IFCCARTESIANPOINT((10.864026550785,14.8136813596682,-4.));
#19038=IFCCARTESIANPOINT((26.864026550785,14.8136813596682,-4.));
#19039=IFCCARTESIANPOINT((27.1000000000001,16.,-4.));
#19040=IFCCARTESIANPOINT((11.289035690853,17.4636407429061,-4.));
#19041=IFCCARTESIANPOINT((11.574747600923,16.425651958406,-4.));
#19042=IFCCARTESIANPOINT((11.1000000000001,16.,-4.));
#19043=IFCCARTESIANPOINT((10.864026550785,17.1863186403318,-4.));
#19044=IFCCARTESIANPOINT((11.5407590171406,15.3495958313958,-4.));
#19045=IFCCARTESIANPOINT((25.1863186403318,13.135973449215,-4.));
#19046=IFCCARTESIANPOINT((26.1920310216783,13.8079689783217,-4.));
#19047=IFCCARTESIANPOINT((21.8079689783217,13.8079689783217,-4.));
#19048=IFCCARTESIANPOINT((20.7945190364672,13.8410151148586,-4.));
#19049=IFCCARTESIANPOINT((20.8566161682122,13.9995047396189,-4.));
#19050=IFCCARTESIANPOINT((9.1863186403318,13.135973449215,-4.));
#19051=IFCCARTESIANPOINT((22.8136813596682,13.135973449215,-4.));
#19052=IFCCARTESIANPOINT((24.,12.9,-4.));
#19053=IFCCARTESIANPOINT((20.6828515116096,13.7125418537503,-4.));
#19054=IFCCARTESIANPOINT((20.366819575083,13.6,-4.));
#19055=IFCCARTESIANPOINT((20.5345558664381,13.6289750149276,-4.));
#19056=IFCCARTESIANPOINT((8.,12.9,-4.));
#19057=IFCCARTESIANPOINT((11.4654441335619,13.6289750149276,-4.));
#19058=IFCCARTESIANPOINT((21.135973449215,14.8136813596682,-4.));
#19059=IFCCARTESIANPOINT((11.633180424917,13.6,-4.));
#19060=IFCCARTESIANPOINT((20.4592409828594,15.3495958313958,-4.));
#19061=IFCCARTESIANPOINT((-10.1920310216783,13.8079689783217,-4.));
#19062=IFCCARTESIANPOINT((-11.2054809635328,13.8410151148586,-4.));
#19063=IFCCARTESIANPOINT((-11.1433838317878,13.9995047396189,-4.));
#19064=IFCCARTESIANPOINT((-11.4654441335619,13.6289750149276,-4.));
#19065=IFCCARTESIANPOINT((-11.3171484883904,13.7125418537503,-4.));
#19066=IFCCARTESIANPOINT((-10.864026550785,14.8136813596682,-4.));
#19067=IFCCARTESIANPOINT((-11.1380541544325,14.169641771058,-4.));
#19068=IFCCARTESIANPOINT((-11.1901096413905,14.3317073170732,-4.));
#19069=IFCCARTESIANPOINT((-9.18631864033179,18.864026550785,-4.));
#19070=IFCCARTESIANPOINT((-10.5859413840746,18.7221679551779,-4.));
#19071=IFCCARTESIANPOINT((-10.6301288777035,18.9065984676353,-4.));
#19072=IFCCARTESIANPOINT((-11.633180424917,13.6,-4.));
#19073=IFCCARTESIANPOINT((-10.7398227413573,19.0613059490162,-4.));
#19074=IFCCARTESIANPOINT((-9.18631864033179,13.135973449215,-4.));
#19075=IFCCARTESIANPOINT((-11.5407590171405,15.3495958313958,-4.));
#19076=IFCCARTESIANPOINT((-11.574747600923,16.425651958406,-4.));
#19077=IFCCARTESIANPOINT((-11.1,16.,-4.));
#19078=IFCCARTESIANPOINT((-10.1920310216783,18.1920310216783,-4.));
#19079=IFCCARTESIANPOINT((-10.864026550785,17.1863186403318,-4.));
#19080=IFCCARTESIANPOINT((-11.289035690853,17.4636407429061,-4.));
#19081=IFCCARTESIANPOINT((-10.7091753675097,18.3707317073171,-4.));
#19082=IFCCARTESIANPOINT((-10.6136174530545,18.5345481701756,-4.));
#19083=IFCCARTESIANPOINT((-8.,19.1,-4.));
#19084=IFCCARTESIANPOINT((-8.,12.9,-4.));
#19085=IFCCARTESIANPOINT((8.,19.15,-4.));
#19086=IFCCARTESIANPOINT((5.10075852690643,19.1640328514815,-4.));
#19087=IFCCARTESIANPOINT((4.91455027589173,19.2,-4.));
#19088=IFCCARTESIANPOINT((3.46944695195361E-15,19.2,-4.));
#19089=IFCCARTESIANPOINT((-4.91455027589173,19.2,-4.));
#19090=IFCCARTESIANPOINT((-5.80796897832167,18.1920310216783,-4.));
#19091=IFCCARTESIANPOINT((-5.3863825469455,18.5345481701756,-4.));
#19092=IFCCARTESIANPOINT((-5.2908246324903,18.3707317073171,-4.));
#19093=IFCCARTESIANPOINT((-5.80796897832167,13.8079689783217,-4.));
#19094=IFCCARTESIANPOINT((-4.79451903646717,13.8410151148586,-4.));
#19095=IFCCARTESIANPOINT((-4.68285151160959,13.7125418537503,-4.));
#19096=IFCCARTESIANPOINT((-4.86194584556753,14.169641771058,-4.));
#19097=IFCCARTESIANPOINT((-4.85661616821219,13.9995047396189,-4.));
#19098=IFCCARTESIANPOINT((-4.71096430914697,17.4636407429061,-4.));
#19099=IFCCARTESIANPOINT((-4.42525239907697,16.425651958406,-4.));
#19100=IFCCARTESIANPOINT((-4.89999999999992,16.,-4.));
#19101=IFCCARTESIANPOINT((-5.13597344921497,17.1863186403318,-4.));
#19102=IFCCARTESIANPOINT((-6.8136813596682,18.864026550785,-4.));
#19103=IFCCARTESIANPOINT((-5.36987112229647,18.9065984676353,-4.));
#19104=IFCCARTESIANPOINT((-5.41405861592543,18.7221679551779,-4.));
#19105=IFCCARTESIANPOINT((-5.10075852690643,19.1640328514815,-4.));
#19106=IFCCARTESIANPOINT((-5.26017725864266,19.0613059490162,-4.));
#19107=IFCCARTESIANPOINT((-4.45924098285945,15.3495958313958,-4.));
#19108=IFCCARTESIANPOINT((-4.80989035860949,14.3317073170732,-4.));
#19109=IFCCARTESIANPOINT((-5.13597344921497,14.8136813596682,-4.));
#19110=IFCCARTESIANPOINT((-6.8136813596682,13.135973449215,-4.));
#19111=IFCCARTESIANPOINT((-4.53455586643814,13.6289750149276,-4.));
#19112=IFCCARTESIANPOINT((-4.36681957508302,13.6,-4.));
#19113=IFCCARTESIANPOINT((3.46944695195361E-15,13.6,-4.));
#19114=IFCCARTESIANPOINT((5.80796897832168,13.8079689783217,-4.));
#19115=IFCCARTESIANPOINT((4.53455586643815,13.6289750149276,-4.));
#19116=IFCCARTESIANPOINT((4.68285151160959,13.7125418537503,-4.));
#19117=IFCCARTESIANPOINT((4.36681957508303,13.6,-4.));
#19118=IFCCARTESIANPOINT((4.79451903646718,13.8410151148586,-4.));
#19119=IFCCARTESIANPOINT((4.8566161682122,13.9995047396189,-4.));
#19120=IFCCARTESIANPOINT((6.81368135966821,18.864026550785,-4.));
#19121=IFCCARTESIANPOINT((5.41405861592543,18.7221679551779,-4.));
#19122=IFCCARTESIANPOINT((5.36987112229647,18.9065984676353,-4.));
#19123=IFCCARTESIANPOINT((5.13597344921498,14.8136813596682,-4.));
#19124=IFCCARTESIANPOINT((4.86194584556754,14.169641771058,-4.));
#19125=IFCCARTESIANPOINT((4.89999999999996,16.,-4.));
#19126=IFCCARTESIANPOINT((4.80989035860949,14.3317073170732,-4.));
#19127=IFCCARTESIANPOINT((5.26017725864266,19.0613059490162,-4.));
#19128=IFCCARTESIANPOINT((4.42525239907697,16.425651958406,-4.));
#19129=IFCCARTESIANPOINT((4.71096430914698,17.4636407429061,-4.));
#19130=IFCCARTESIANPOINT((5.13597344921498,17.1863186403318,-4.));
#19131=IFCCARTESIANPOINT((5.80796897832168,18.1920310216783,-4.));
#19132=IFCCARTESIANPOINT((5.2908246324903,18.3707317073171,-4.));
#19133=IFCCARTESIANPOINT((5.3863825469455,18.5345481701756,-4.));
#19134=IFCCARTESIANPOINT((4.45924098285945,15.3495958313958,-4.));
#19135=IFCCARTESIANPOINT((8.,19.1,-4.));
#19136=IFCCARTESIANPOINT((6.81368135966821,13.135973449215,-4.));
#19137=IFCCARTESIANPOINT((20.8619458455675,14.169641771058,-0.9));
#19138=IFCCARTESIANPOINT((20.8098903586095,14.3317073170732,-0.9));
#19139=IFCCARTESIANPOINT((20.8566161682122,13.9995047396189,-0.9));
#19140=IFCCARTESIANPOINT((20.7945190364672,13.8410151148586,-0.9));
#19141=IFCCARTESIANPOINT((20.6828515116096,13.7125418537503,-0.9));
#19142=IFCCARTESIANPOINT((20.5345558664381,13.6289750149276,-0.9));
#19143=IFCCARTESIANPOINT((20.366819575083,13.6,-0.9));
#19144=IFCCARTESIANPOINT((21.1007585269064,19.1640328514815,-0.9));
#19145=IFCCARTESIANPOINT((20.9145502758917,19.2,-0.9));
#19146=IFCCARTESIANPOINT((21.2601772586427,19.0613059490162,-0.9));
#19147=IFCCARTESIANPOINT((21.3698711222965,18.9065984676353,-0.9));
#19148=IFCCARTESIANPOINT((21.4140586159254,18.7221679551779,-0.9));
#19149=IFCCARTESIANPOINT((21.3863825469455,18.5345481701756,-0.9));
#19150=IFCCARTESIANPOINT((21.2908246324903,18.3707317073171,-0.9));
#19151=IFCCARTESIANPOINT((20.710964309147,17.4636407429061,-0.9));
#19152=IFCCARTESIANPOINT((20.425252399077,16.425651958406,-0.9));
#19153=IFCCARTESIANPOINT((20.4592409828594,15.3495958313958,-0.9));
#19154=IFCCARTESIANPOINT((19.4856850115867,13.6,-0.9));
#19155=IFCCARTESIANPOINT((19.4856850115867,19.2,-0.9));
#19156=IFCCARTESIANPOINT((16.6738892957666,13.6,-3.53636440671083));
#19157=IFCCARTESIANPOINT((17.9272138200311,13.6,-3.04069842172501));
#19158=IFCCARTESIANPOINT((15.3261107042334,13.6,-3.53636440671083));
#19159=IFCCARTESIANPOINT((18.9104150689423,13.6,-2.11884027866039));
#19160=IFCCARTESIANPOINT((13.0895849310577,13.6,-2.11884027866039));
#19161=IFCCARTESIANPOINT((14.0727861799689,13.6,-3.04069842172501));
#19162=IFCCARTESIANPOINT((11.633180424917,13.6,-0.9));
#19163=IFCCARTESIANPOINT((12.5143149884133,13.6,-0.9));
#19164=IFCCARTESIANPOINT((17.9272138200311,19.2,-3.04069842172501));
#19165=IFCCARTESIANPOINT((16.6738892957666,19.2,-3.53636440671083));
#19166=IFCCARTESIANPOINT((18.9104150689423,19.2,-2.11884027866039));
#19167=IFCCARTESIANPOINT((15.3261107042334,19.2,-3.53636440671083));
#19168=IFCCARTESIANPOINT((14.0727861799689,19.2,-3.04069842172501));
#19169=IFCCARTESIANPOINT((13.0895849310577,19.2,-2.11884027866039));
#19170=IFCCARTESIANPOINT((12.5143149884133,19.2,-0.9));
#19171=IFCCARTESIANPOINT((11.0854497241083,19.2,-0.9));
#19172=IFCCARTESIANPOINT((11.5407590171406,15.3495958313958,-0.9));
#19173=IFCCARTESIANPOINT((11.574747600923,16.425651958406,-0.9));
#19174=IFCCARTESIANPOINT((11.4654441335619,13.6289750149276,-0.9));
#19175=IFCCARTESIANPOINT((11.3171484883904,13.7125418537503,-0.9));
#19176=IFCCARTESIANPOINT((11.2054809635328,13.8410151148586,-0.9));
#19177=IFCCARTESIANPOINT((11.1433838317878,13.9995047396189,-0.9));
#19178=IFCCARTESIANPOINT((11.1380541544325,14.169641771058,-0.9));
#19179=IFCCARTESIANPOINT((11.1901096413905,14.3317073170732,-0.9));
#19180=IFCCARTESIANPOINT((11.289035690853,17.4636407429061,-0.9));
#19181=IFCCARTESIANPOINT((10.7091753675097,18.3707317073171,-0.9));
#19182=IFCCARTESIANPOINT((10.6136174530545,18.5345481701756,-0.9));
#19183=IFCCARTESIANPOINT((10.5859413840746,18.7221679551779,-0.9));
#19184=IFCCARTESIANPOINT((10.6301288777035,18.9065984676353,-0.9));
#19185=IFCCARTESIANPOINT((10.7398227413573,19.0613059490162,-0.9));
#19186=IFCCARTESIANPOINT((10.8992414730936,19.1640328514815,-0.9));
#19187=IFCCARTESIANPOINT((-4.53455586643814,13.6289750149276,-0.9));
#19188=IFCCARTESIANPOINT((-4.36681957508302,13.6,-0.9));
#19189=IFCCARTESIANPOINT((-4.68285151160959,13.7125418537503,-0.9));
#19190=IFCCARTESIANPOINT((-4.79451903646717,13.8410151148586,-0.9));
#19191=IFCCARTESIANPOINT((-4.85661616821219,13.9995047396189,-0.9));
#19192=IFCCARTESIANPOINT((-4.86194584556753,14.169641771058,-0.9));
#19193=IFCCARTESIANPOINT((-4.80989035860949,14.3317073170732,-0.9));
#19194=IFCCARTESIANPOINT((-5.3863825469455,18.5345481701756,-0.9));
#19195=IFCCARTESIANPOINT((-5.2908246324903,18.3707317073171,-0.9));
#19196=IFCCARTESIANPOINT((-5.41405861592543,18.7221679551779,-0.9));
#19197=IFCCARTESIANPOINT((-5.36987112229647,18.9065984676353,-0.9));
#19198=IFCCARTESIANPOINT((-5.26017725864266,19.0613059490162,-0.9));
#19199=IFCCARTESIANPOINT((-5.10075852690643,19.1640328514815,-0.9));
#19200=IFCCARTESIANPOINT((-4.91455027589173,19.2,-0.9));
#19201=IFCCARTESIANPOINT((-4.45924098285945,15.3495958313958,-0.9));
#19202=IFCCARTESIANPOINT((-4.42525239907697,16.425651958406,-0.9));
#19203=IFCCARTESIANPOINT((-4.71096430914697,17.4636407429061,-0.9));
#19204=IFCCARTESIANPOINT((-3.48568501158667,19.2,-0.9));
#19205=IFCCARTESIANPOINT((-3.48568501158667,13.6,-0.9));
#19206=IFCCARTESIANPOINT((1.92721382003115,13.6,-3.04069842172501));
#19207=IFCCARTESIANPOINT((2.9104150689423,13.6,-2.11884027866039));
#19208=IFCCARTESIANPOINT((-0.673889295766555,13.6,-3.53636440671083));
#19209=IFCCARTESIANPOINT((0.673889295766564,13.6,-3.53636440671083));
#19210=IFCCARTESIANPOINT((-2.91041506894229,13.6,-2.11884027866039));
#19211=IFCCARTESIANPOINT((-1.92721382003114,13.6,-3.04069842172501));
#19212=IFCCARTESIANPOINT((3.48568501158668,13.6,-0.9));
#19213=IFCCARTESIANPOINT((4.36681957508303,13.6,-0.9));
#19214=IFCCARTESIANPOINT((-1.92721382003114,19.2,-3.04069842172501));
#19215=IFCCARTESIANPOINT((-2.91041506894229,19.2,-2.11884027866039));
#19216=IFCCARTESIANPOINT((1.92721382003115,19.2,-3.04069842172501));
#19217=IFCCARTESIANPOINT((0.673889295766564,19.2,-3.53636440671083));
#19218=IFCCARTESIANPOINT((-0.673889295766555,19.2,-3.53636440671083));
#19219=IFCCARTESIANPOINT((2.9104150689423,19.2,-2.11884027866039));
#19220=IFCCARTESIANPOINT((4.91455027589173,19.2,-0.9));
#19221=IFCCARTESIANPOINT((3.48568501158668,19.2,-0.9));
#19222=IFCCARTESIANPOINT((4.71096430914698,17.4636407429061,-0.9));
#19223=IFCCARTESIANPOINT((4.42525239907697,16.425651958406,-0.9));
#19224=IFCCARTESIANPOINT((4.45924098285945,15.3495958313958,-0.9));
#19225=IFCCARTESIANPOINT((5.10075852690643,19.1640328514815,-0.9));
#19226=IFCCARTESIANPOINT((5.26017725864266,19.0613059490162,-0.9));
#19227=IFCCARTESIANPOINT((5.36987112229647,18.9065984676353,-0.9));
#19228=IFCCARTESIANPOINT((5.41405861592543,18.7221679551779,-0.9));
#19229=IFCCARTESIANPOINT((5.3863825469455,18.5345481701756,-0.9));
#19230=IFCCARTESIANPOINT((5.2908246324903,18.3707317073171,-0.9));
#19231=IFCCARTESIANPOINT((4.80989035860949,14.3317073170732,-0.9));
#19232=IFCCARTESIANPOINT((4.86194584556754,14.169641771058,-0.9));
#19233=IFCCARTESIANPOINT((4.8566161682122,13.9995047396189,-0.9));
#19234=IFCCARTESIANPOINT((4.79451903646718,13.8410151148586,-0.9));
#19235=IFCCARTESIANPOINT((4.68285151160959,13.7125418537503,-0.9));
#19236=IFCCARTESIANPOINT((4.53455586643815,13.6289750149276,-0.9));
#19237=IFCCARTESIANPOINT((-11.1380541544325,14.169641771058,-0.9));
#19238=IFCCARTESIANPOINT((-11.1901096413905,14.3317073170732,-0.9));
#19239=IFCCARTESIANPOINT((-11.1433838317878,13.9995047396189,-0.9));
#19240=IFCCARTESIANPOINT((-11.2054809635328,13.8410151148586,-0.9));
#19241=IFCCARTESIANPOINT((-11.3171484883904,13.7125418537503,-0.9));
#19242=IFCCARTESIANPOINT((-11.4654441335619,13.6289750149276,-0.9));
#19243=IFCCARTESIANPOINT((-11.633180424917,13.6,-0.9));
#19244=IFCCARTESIANPOINT((-10.8992414730936,19.1640328514815,-0.9));
#19245=IFCCARTESIANPOINT((-11.0854497241083,19.2,-0.9));
#19246=IFCCARTESIANPOINT((-10.7398227413573,19.0613059490162,-0.9));
#19247=IFCCARTESIANPOINT((-10.6301288777035,18.9065984676353,-0.9));
#19248=IFCCARTESIANPOINT((-10.5859413840746,18.7221679551779,-0.9));
#19249=IFCCARTESIANPOINT((-10.6136174530545,18.5345481701756,-0.9));
#19250=IFCCARTESIANPOINT((-10.7091753675097,18.3707317073171,-0.9));
#19251=IFCCARTESIANPOINT((-11.289035690853,17.4636407429061,-0.9));
#19252=IFCCARTESIANPOINT((-11.574747600923,16.425651958406,-0.9));
#19253=IFCCARTESIANPOINT((-11.5407590171405,15.3495958313958,-0.9));
#19254=IFCCARTESIANPOINT((-12.5143149884133,13.6,-0.9));
#19255=IFCCARTESIANPOINT((-12.5143149884133,19.2,-0.9));
#19256=IFCCARTESIANPOINT((-14.0727861799689,19.2,-3.04069842172501));
#19257=IFCCARTESIANPOINT((-15.3261107042334,19.2,-3.53636440671083));
#19258=IFCCARTESIANPOINT((-13.0895849310577,19.2,-2.11884027866039));
#19259=IFCCARTESIANPOINT((-16.6738892957666,19.2,-3.53636440671083));
#19260=IFCCARTESIANPOINT((-17.9272138200311,19.2,-3.04069842172501));
#19261=IFCCARTESIANPOINT((-18.9104150689423,19.2,-2.11884027866039));
#19262=IFCCARTESIANPOINT((-19.4856850115867,19.2,-0.9));
#19263=IFCCARTESIANPOINT((-20.9145502758917,19.2,-0.9));
#19264=IFCCARTESIANPOINT((-15.3261107042334,13.6,-3.53636440671083));
#19265=IFCCARTESIANPOINT((-14.0727861799689,13.6,-3.04069842172501));
#19266=IFCCARTESIANPOINT((-16.6738892957666,13.6,-3.53636440671083));
#19267=IFCCARTESIANPOINT((-13.0895849310577,13.6,-2.11884027866039));
#19268=IFCCARTESIANPOINT((-18.9104150689423,13.6,-2.11884027866039));
#19269=IFCCARTESIANPOINT((-17.9272138200311,13.6,-3.04069842172501));
#19270=IFCCARTESIANPOINT((-20.366819575083,13.6,-0.9));
#19271=IFCCARTESIANPOINT((-19.4856850115867,13.6,-0.9));
#19272=IFCCARTESIANPOINT((-20.4592409828594,15.3495958313958,-0.9));
#19273=IFCCARTESIANPOINT((-20.425252399077,16.4256519584061,-0.9));
#19274=IFCCARTESIANPOINT((-20.5345558664381,13.6289750149276,-0.9));
#19275=IFCCARTESIANPOINT((-20.6828515116096,13.7125418537503,-0.9));
#19276=IFCCARTESIANPOINT((-20.7945190364672,13.8410151148586,-0.9));
#19277=IFCCARTESIANPOINT((-20.8566161682122,13.9995047396189,-0.9));
#19278=IFCCARTESIANPOINT((-20.8619458455675,14.169641771058,-0.9));
#19279=IFCCARTESIANPOINT((-20.8098903586095,14.3317073170732,-0.9));
#19280=IFCCARTESIANPOINT((-20.710964309147,17.4636407429061,-0.9));
#19281=IFCCARTESIANPOINT((-21.2908246324903,18.3707317073171,-0.9));
#19282=IFCCARTESIANPOINT((-21.3863825469455,18.5345481701756,-0.9));
#19283=IFCCARTESIANPOINT((-21.4140586159254,18.7221679551779,-0.9));
#19284=IFCCARTESIANPOINT((-21.3698711222965,18.9065984676353,-0.9));
#19285=IFCCARTESIANPOINT((-21.2601772586426,19.0613059490162,-0.9));
#19286=IFCCARTESIANPOINT((-21.1007585269064,19.1640328514815,-0.9));
#19287=IFCCARTESIANPOINT((-21.135973449215,17.1863186403318,-3.2));
#19288=IFCCARTESIANPOINT((-20.9,16.,-3.2));
#19289=IFCCARTESIANPOINT((-21.8079689783217,18.1920310216783,-3.2));
#19290=IFCCARTESIANPOINT((-22.8136813596682,18.864026550785,-3.2));
#19291=IFCCARTESIANPOINT((-24.,19.1,-3.2));
#19292=IFCCARTESIANPOINT((-25.1863186403318,18.864026550785,-3.2));
#19293=IFCCARTESIANPOINT((-26.1920310216783,18.1920310216783,-3.2));
#19294=IFCCARTESIANPOINT((-26.864026550785,17.1863186403318,-3.2));
#19295=IFCCARTESIANPOINT((-27.1,16.,-3.2));
#19296=IFCCARTESIANPOINT((-26.864026550785,14.8136813596682,-3.2));
#19297=IFCCARTESIANPOINT((-26.1920310216783,13.8079689783217,-3.2));
#19298=IFCCARTESIANPOINT((-25.1863186403318,13.135973449215,-3.2));
#19299=IFCCARTESIANPOINT((-24.,12.9,-3.2));
#19300=IFCCARTESIANPOINT((-22.8136813596682,13.135973449215,-3.2));
#19301=IFCCARTESIANPOINT((-21.8079689783217,13.8079689783217,-3.2));
#19302=IFCCARTESIANPOINT((-21.135973449215,14.8136813596682,-3.2));
#19303=IFCCARTESIANPOINT((-5.13597344921497,17.1863186403318,-3.2));
#19304=IFCCARTESIANPOINT((-4.89999999999999,16.,-3.2));
#19305=IFCCARTESIANPOINT((-5.80796897832167,18.1920310216783,-3.2));
#19306=IFCCARTESIANPOINT((-6.8136813596682,18.864026550785,-3.2));
#19307=IFCCARTESIANPOINT((-8.,19.1,-3.2));
#19308=IFCCARTESIANPOINT((-9.18631864033179,18.864026550785,-3.2));
#19309=IFCCARTESIANPOINT((-10.1920310216783,18.1920310216783,-3.2));
#19310=IFCCARTESIANPOINT((-10.864026550785,17.1863186403318,-3.2));
#19311=IFCCARTESIANPOINT((-11.1,16.,-3.2));
#19312=IFCCARTESIANPOINT((-10.864026550785,14.8136813596682,-3.2));
#19313=IFCCARTESIANPOINT((-10.1920310216783,13.8079689783217,-3.2));
#19314=IFCCARTESIANPOINT((-9.18631864033179,13.135973449215,-3.2));
#19315=IFCCARTESIANPOINT((-8.,12.9,-3.2));
#19316=IFCCARTESIANPOINT((-6.8136813596682,13.135973449215,-3.2));
#19317=IFCCARTESIANPOINT((-5.80796897832167,13.8079689783217,-3.2));
#19318=IFCCARTESIANPOINT((-5.13597344921497,14.8136813596682,-3.2));
#19319=IFCCARTESIANPOINT((10.864026550785,17.1863186403318,-3.2));
#19320=IFCCARTESIANPOINT((11.1,16.,-3.2));
#19321=IFCCARTESIANPOINT((10.1920310216783,18.1920310216783,-3.2));
#19322=IFCCARTESIANPOINT((9.1863186403318,18.864026550785,-3.2));
#19323=IFCCARTESIANPOINT((8.,19.1,-3.2));
#19324=IFCCARTESIANPOINT((6.81368135966821,18.864026550785,-3.2));
#19325=IFCCARTESIANPOINT((5.80796897832168,18.1920310216783,-3.2));
#19326=IFCCARTESIANPOINT((5.13597344921498,17.1863186403318,-3.2));
#19327=IFCCARTESIANPOINT((4.89999999999996,16.,-3.2));
#19328=IFCCARTESIANPOINT((5.13597344921498,14.8136813596682,-3.2));
#19329=IFCCARTESIANPOINT((5.80796897832168,13.8079689783217,-3.2));
#19330=IFCCARTESIANPOINT((6.81368135966821,13.135973449215,-3.2));
#19331=IFCCARTESIANPOINT((8.,12.9,-3.2));
#19332=IFCCARTESIANPOINT((9.1863186403318,13.135973449215,-3.2));
#19333=IFCCARTESIANPOINT((10.1920310216783,13.8079689783217,-3.2));
#19334=IFCCARTESIANPOINT((10.864026550785,14.8136813596682,-3.2));
#19335=IFCCARTESIANPOINT((26.864026550785,17.1863186403318,-3.2));
#19336=IFCCARTESIANPOINT((27.1,16.,-3.2));
#19337=IFCCARTESIANPOINT((26.1920310216783,18.1920310216783,-3.2));
#19338=IFCCARTESIANPOINT((25.1863186403318,18.864026550785,-3.2));
#19339=IFCCARTESIANPOINT((24.,19.1,-3.2));
#19340=IFCCARTESIANPOINT((22.8136813596682,18.864026550785,-3.2));
#19341=IFCCARTESIANPOINT((21.8079689783217,18.1920310216783,-3.2));
#19342=IFCCARTESIANPOINT((21.135973449215,17.1863186403318,-3.2));
#19343=IFCCARTESIANPOINT((20.9,16.,-3.2));
#19344=IFCCARTESIANPOINT((21.135973449215,14.8136813596682,-3.2));
#19345=IFCCARTESIANPOINT((21.8079689783217,13.8079689783217,-3.2));
#19346=IFCCARTESIANPOINT((22.8136813596682,13.135973449215,-3.2));
#19347=IFCCARTESIANPOINT((24.,12.9,-3.2));
#19348=IFCCARTESIANPOINT((25.1863186403318,13.135973449215,-3.2));
#19349=IFCCARTESIANPOINT((26.1920310216783,13.8079689783217,-3.2));
#19350=IFCCARTESIANPOINT((26.864026550785,14.8136813596682,-3.2));
#19351=IFCCARTESIANPOINT((-22.3029437251523,14.3029437251523,-3.2));
#19352=IFCCARTESIANPOINT((-21.7826891219729,15.0815597623238,-3.2));
#19353=IFCCARTESIANPOINT((-25.6970562748477,17.6970562748477,-3.2));
#19354=IFCCARTESIANPOINT((-26.2173108780271,16.9184402376762,-3.2));
#19355=IFCCARTESIANPOINT((-23.0815597623238,13.7826891219729,-3.2));
#19356=IFCCARTESIANPOINT((-24.9184402376762,18.2173108780271,-3.2));
#19357=IFCCARTESIANPOINT((-23.0815597623238,18.2173108780271,-3.2));
#19358=IFCCARTESIANPOINT((-24.,18.4,-3.2));
#19359=IFCCARTESIANPOINT((-21.6,16.,-3.2));
#19360=IFCCARTESIANPOINT((-21.7826891219729,16.9184402376762,-3.2));
#19361=IFCCARTESIANPOINT((-24.,13.6,-3.2));
#19362=IFCCARTESIANPOINT((-25.6970562748477,14.3029437251523,-3.2));
#19363=IFCCARTESIANPOINT((-24.9184402376762,13.7826891219729,-3.2));
#19364=IFCCARTESIANPOINT((-22.3029437251523,17.6970562748477,-3.2));
#19365=IFCCARTESIANPOINT((-26.4,16.,-3.2));
#19366=IFCCARTESIANPOINT((-26.2173108780271,15.0815597623238,-3.2));
#19367=IFCCARTESIANPOINT((-5.59999999999999,16.,-3.2));
#19368=IFCCARTESIANPOINT((-5.7826891219729,16.9184402376762,-3.2));
#19369=IFCCARTESIANPOINT((-5.7826891219729,15.0815597623238,-3.2));
#19370=IFCCARTESIANPOINT((-7.08155976232378,13.7826891219729,-3.2));
#19371=IFCCARTESIANPOINT((-6.30294372515228,14.3029437251523,-3.2));
#19372=IFCCARTESIANPOINT((-8.91844023767622,13.7826891219729,-3.2));
#19373=IFCCARTESIANPOINT((-8.,13.6,-3.2));
#19374=IFCCARTESIANPOINT((-9.69705627484772,17.6970562748477,-3.2));
#19375=IFCCARTESIANPOINT((-10.2173108780271,16.9184402376762,-3.2));
#19376=IFCCARTESIANPOINT((-6.30294372515228,17.6970562748477,-3.2));
#19377=IFCCARTESIANPOINT((-10.2173108780271,15.0815597623238,-3.2));
#19378=IFCCARTESIANPOINT((-9.69705627484772,14.3029437251523,-3.2));
#19379=IFCCARTESIANPOINT((-8.91844023767622,18.2173108780271,-3.2));
#19380=IFCCARTESIANPOINT((-7.08155976232378,18.2173108780271,-3.2));
#19381=IFCCARTESIANPOINT((-8.,18.4,-3.2));
#19382=IFCCARTESIANPOINT((-10.4,16.,-3.2));
#19383=IFCCARTESIANPOINT((10.4,16.,-3.2));
#19384=IFCCARTESIANPOINT((10.2173108780271,16.9184402376762,-3.2));
#19385=IFCCARTESIANPOINT((8.91844023767622,13.7826891219729,-3.2));
#19386=IFCCARTESIANPOINT((9.69705627484772,14.3029437251523,-3.2));
#19387=IFCCARTESIANPOINT((10.2173108780271,15.0815597623238,-3.2));
#19388=IFCCARTESIANPOINT((8.,13.6,-3.2));
#19389=IFCCARTESIANPOINT((6.30294372515228,14.3029437251523,-3.2));
#19390=IFCCARTESIANPOINT((7.08155976232379,13.7826891219729,-3.2));
#19391=IFCCARTESIANPOINT((6.30294372515228,17.6970562748477,-3.2));
#19392=IFCCARTESIANPOINT((5.78268912197291,16.9184402376762,-3.2));
#19393=IFCCARTESIANPOINT((9.69705627484772,17.6970562748477,-3.2));
#19394=IFCCARTESIANPOINT((7.08155976232378,18.2173108780271,-3.2));
#19395=IFCCARTESIANPOINT((8.91844023767622,18.2173108780271,-3.2));
#19396=IFCCARTESIANPOINT((8.,18.4,-3.2));
#19397=IFCCARTESIANPOINT((5.6,16.,-3.2));
#19398=IFCCARTESIANPOINT((5.78268912197291,15.0815597623238,-3.2));
#19399=IFCCARTESIANPOINT((25.6970562748477,14.3029437251523,-3.2));
#19400=IFCCARTESIANPOINT((26.2173108780271,15.0815597623238,-3.2));
#19401=IFCCARTESIANPOINT((22.3029437251523,17.6970562748477,-3.2));
#19402=IFCCARTESIANPOINT((21.7826891219729,16.9184402376762,-3.2));
#19403=IFCCARTESIANPOINT((24.9184402376762,13.7826891219729,-3.2));
#19404=IFCCARTESIANPOINT((23.0815597623238,18.2173108780271,-3.2));
#19405=IFCCARTESIANPOINT((24.9184402376762,18.2173108780271,-3.2));
#19406=IFCCARTESIANPOINT((24.,18.4,-3.2));
#19407=IFCCARTESIANPOINT((26.4,16.,-3.2));
#19408=IFCCARTESIANPOINT((26.2173108780271,16.9184402376762,-3.2));
#19409=IFCCARTESIANPOINT((24.,13.6,-3.2));
#19410=IFCCARTESIANPOINT((22.3029437251523,14.3029437251523,-3.2));
#19411=IFCCARTESIANPOINT((23.0815597623238,13.7826891219729,-3.2));
#19412=IFCCARTESIANPOINT((25.6970562748477,17.6970562748477,-3.2));
#19413=IFCCARTESIANPOINT((21.6,16.,-3.2));
#19414=IFCCARTESIANPOINT((21.7826891219729,15.0815597623238,-3.2));
#19415=IFCCARTESIANPOINT((-21.7826891219729,16.9184402376762,3.2));
#19416=IFCCARTESIANPOINT((-21.6,16.,3.2));
#19417=IFCCARTESIANPOINT((-22.3029437251523,17.6970562748477,3.2));
#19418=IFCCARTESIANPOINT((-23.0815597623238,18.2173108780271,3.2));
#19419=IFCCARTESIANPOINT((-24.,18.4,3.2));
#19420=IFCCARTESIANPOINT((-24.9184402376762,18.2173108780271,3.2));
#19421=IFCCARTESIANPOINT((-25.6970562748477,17.6970562748477,3.2));
#19422=IFCCARTESIANPOINT((-26.2173108780271,16.9184402376762,3.2));
#19423=IFCCARTESIANPOINT((-26.4,16.,3.2));
#19424=IFCCARTESIANPOINT((-26.2173108780271,15.0815597623238,3.2));
#19425=IFCCARTESIANPOINT((-25.6970562748477,14.3029437251523,3.2));
#19426=IFCCARTESIANPOINT((-24.9184402376762,13.7826891219729,3.2));
#19427=IFCCARTESIANPOINT((-24.,13.6,3.2));
#19428=IFCCARTESIANPOINT((-23.0815597623238,13.7826891219729,3.2));
#19429=IFCCARTESIANPOINT((-22.3029437251523,14.3029437251523,3.2));
#19430=IFCCARTESIANPOINT((-21.7826891219729,15.0815597623238,3.2));
#19431=IFCCARTESIANPOINT((-5.7826891219729,16.9184402376762,3.2));
#19432=IFCCARTESIANPOINT((-5.59999999999999,16.,3.2));
#19433=IFCCARTESIANPOINT((-6.30294372515228,17.6970562748477,3.2));
#19434=IFCCARTESIANPOINT((-7.08155976232378,18.2173108780271,3.2));
#19435=IFCCARTESIANPOINT((-8.,18.4,3.2));
#19436=IFCCARTESIANPOINT((-8.91844023767622,18.2173108780271,3.2));
#19437=IFCCARTESIANPOINT((-9.69705627484772,17.6970562748477,3.2));
#19438=IFCCARTESIANPOINT((-10.2173108780271,16.9184402376762,3.2));
#19439=IFCCARTESIANPOINT((-10.4,16.,3.2));
#19440=IFCCARTESIANPOINT((-10.2173108780271,15.0815597623238,3.2));
#19441=IFCCARTESIANPOINT((-9.69705627484772,14.3029437251523,3.2));
#19442=IFCCARTESIANPOINT((-8.91844023767622,13.7826891219729,3.2));
#19443=IFCCARTESIANPOINT((-8.,13.6,3.2));
#19444=IFCCARTESIANPOINT((-7.08155976232378,13.7826891219729,3.2));
#19445=IFCCARTESIANPOINT((-6.30294372515228,14.3029437251523,3.2));
#19446=IFCCARTESIANPOINT((-5.7826891219729,15.0815597623238,3.2));
#19447=IFCCARTESIANPOINT((10.2173108780271,16.9184402376762,3.2));
#19448=IFCCARTESIANPOINT((10.4,16.,3.2));
#19449=IFCCARTESIANPOINT((9.69705627484772,17.6970562748477,3.2));
#19450=IFCCARTESIANPOINT((8.91844023767622,18.2173108780271,3.2));
#19451=IFCCARTESIANPOINT((8.,18.4,3.2));
#19452=IFCCARTESIANPOINT((7.08155976232378,18.2173108780271,3.2));
#19453=IFCCARTESIANPOINT((6.30294372515228,17.6970562748477,3.2));
#19454=IFCCARTESIANPOINT((5.78268912197291,16.9184402376762,3.2));
#19455=IFCCARTESIANPOINT((5.6,16.,3.2));
#19456=IFCCARTESIANPOINT((5.78268912197291,15.0815597623238,3.2));
#19457=IFCCARTESIANPOINT((6.30294372515228,14.3029437251523,3.2));
#19458=IFCCARTESIANPOINT((7.08155976232379,13.7826891219729,3.2));
#19459=IFCCARTESIANPOINT((8.,13.6,3.2));
#19460=IFCCARTESIANPOINT((8.91844023767622,13.7826891219729,3.2));
#19461=IFCCARTESIANPOINT((9.69705627484772,14.3029437251523,3.2));
#19462=IFCCARTESIANPOINT((10.2173108780271,15.0815597623238,3.2));
#19463=IFCCARTESIANPOINT((26.2173108780271,16.9184402376762,3.2));
#19464=IFCCARTESIANPOINT((26.4,16.,3.2));
#19465=IFCCARTESIANPOINT((25.6970562748477,17.6970562748477,3.2));
#19466=IFCCARTESIANPOINT((24.9184402376762,18.2173108780271,3.2));
#19467=IFCCARTESIANPOINT((24.,18.4,3.2));
#19468=IFCCARTESIANPOINT((23.0815597623238,18.2173108780271,3.2));
#19469=IFCCARTESIANPOINT((22.3029437251523,17.6970562748477,3.2));
#19470=IFCCARTESIANPOINT((21.7826891219729,16.9184402376762,3.2));
#19471=IFCCARTESIANPOINT((21.6,16.,3.2));
#19472=IFCCARTESIANPOINT((21.7826891219729,15.0815597623238,3.2));
#19473=IFCCARTESIANPOINT((22.3029437251523,14.3029437251523,3.2));
#19474=IFCCARTESIANPOINT((23.0815597623238,13.7826891219729,3.2));
#19475=IFCCARTESIANPOINT((24.,13.6,3.2));
#19476=IFCCARTESIANPOINT((24.9184402376762,13.7826891219729,3.2));
#19477=IFCCARTESIANPOINT((25.6970562748477,14.3029437251523,3.2));
#19478=IFCCARTESIANPOINT((26.2173108780271,15.0815597623238,3.2));
#19479=IFCCARTESIANPOINT((26.1920310216783,13.8079689783217,3.2));
#19480=IFCCARTESIANPOINT((26.864026550785,14.8136813596682,3.2));
#19481=IFCCARTESIANPOINT((26.864026550785,17.1863186403318,3.2));
#19482=IFCCARTESIANPOINT((26.1920310216783,18.1920310216783,3.2));
#19483=IFCCARTESIANPOINT((27.1,16.,3.2));
#19484=IFCCARTESIANPOINT((25.1863186403318,18.864026550785,3.2));
#19485=IFCCARTESIANPOINT((24.,19.1,3.2));
#19486=IFCCARTESIANPOINT((22.8136813596682,18.864026550785,3.2));
#19487=IFCCARTESIANPOINT((21.135973449215,17.1863186403318,3.2));
#19488=IFCCARTESIANPOINT((20.9,16.,3.2));
#19489=IFCCARTESIANPOINT((22.8136813596682,13.135973449215,3.2));
#19490=IFCCARTESIANPOINT((24.,12.9,3.2));
#19491=IFCCARTESIANPOINT((25.1863186403318,13.135973449215,3.2));
#19492=IFCCARTESIANPOINT((21.8079689783217,18.1920310216783,3.2));
#19493=IFCCARTESIANPOINT((21.135973449215,14.8136813596682,3.2));
#19494=IFCCARTESIANPOINT((21.8079689783217,13.8079689783217,3.2));
#19495=IFCCARTESIANPOINT((26.864026550785,17.1863186403318,4.));
#19496=IFCCARTESIANPOINT((27.1,16.,4.));
#19497=IFCCARTESIANPOINT((26.1920310216783,18.1920310216783,4.));
#19498=IFCCARTESIANPOINT((25.1863186403318,18.864026550785,4.));
#19499=IFCCARTESIANPOINT((24.,19.1,4.));
#19500=IFCCARTESIANPOINT((22.8136813596682,18.864026550785,4.));
#19501=IFCCARTESIANPOINT((21.8079689783217,18.1920310216783,4.));
#19502=IFCCARTESIANPOINT((21.135973449215,17.1863186403318,4.));
#19503=IFCCARTESIANPOINT((20.9,16.,4.));
#19504=IFCCARTESIANPOINT((21.135973449215,14.8136813596682,4.));
#19505=IFCCARTESIANPOINT((21.8079689783217,13.8079689783217,4.));
#19506=IFCCARTESIANPOINT((22.8136813596682,13.135973449215,4.));
#19507=IFCCARTESIANPOINT((24.,12.9,4.));
#19508=IFCCARTESIANPOINT((25.1863186403318,13.135973449215,4.));
#19509=IFCCARTESIANPOINT((26.1920310216783,13.8079689783217,4.));
#19510=IFCCARTESIANPOINT((26.864026550785,14.8136813596682,4.));
#19511=IFCCARTESIANPOINT((5.13597344921501,17.1863186403318,3.2));
#19512=IFCCARTESIANPOINT((4.9,16.,3.2));
#19513=IFCCARTESIANPOINT((5.13597344921501,14.8136813596682,3.2));
#19514=IFCCARTESIANPOINT((5.8079689783217,13.8079689783217,3.2));
#19515=IFCCARTESIANPOINT((10.1920310216783,13.8079689783217,3.2));
#19516=IFCCARTESIANPOINT((10.864026550785,14.8136813596682,3.2));
#19517=IFCCARTESIANPOINT((6.81368135966822,13.135973449215,3.2));
#19518=IFCCARTESIANPOINT((8.,12.9,3.2));
#19519=IFCCARTESIANPOINT((9.18631864033178,13.135973449215,3.2));
#19520=IFCCARTESIANPOINT((10.864026550785,17.1863186403318,3.2));
#19521=IFCCARTESIANPOINT((10.1920310216783,18.1920310216783,3.2));
#19522=IFCCARTESIANPOINT((5.8079689783217,18.1920310216783,3.2));
#19523=IFCCARTESIANPOINT((9.18631864033178,18.864026550785,3.2));
#19524=IFCCARTESIANPOINT((8.,19.1,3.2));
#19525=IFCCARTESIANPOINT((6.81368135966822,18.864026550785,3.2));
#19526=IFCCARTESIANPOINT((11.1,16.,3.2));
#19527=IFCCARTESIANPOINT((10.864026550785,17.1863186403318,4.));
#19528=IFCCARTESIANPOINT((11.1,16.,4.));
#19529=IFCCARTESIANPOINT((10.1920310216783,18.1920310216783,4.));
#19530=IFCCARTESIANPOINT((9.18631864033178,18.864026550785,4.));
#19531=IFCCARTESIANPOINT((8.,19.1,4.));
#19532=IFCCARTESIANPOINT((6.81368135966822,18.864026550785,4.));
#19533=IFCCARTESIANPOINT((5.8079689783217,18.1920310216783,4.));
#19534=IFCCARTESIANPOINT((5.13597344921501,17.1863186403318,4.));
#19535=IFCCARTESIANPOINT((4.9,16.,4.));
#19536=IFCCARTESIANPOINT((5.13597344921501,14.8136813596682,4.));
#19537=IFCCARTESIANPOINT((5.8079689783217,13.8079689783217,4.));
#19538=IFCCARTESIANPOINT((6.81368135966822,13.135973449215,4.));
#19539=IFCCARTESIANPOINT((8.,12.9,4.));
#19540=IFCCARTESIANPOINT((9.18631864033178,13.135973449215,4.));
#19541=IFCCARTESIANPOINT((10.1920310216783,13.8079689783217,4.));
#19542=IFCCARTESIANPOINT((10.864026550785,14.8136813596682,4.));
#19543=IFCCARTESIANPOINT((-10.1920310216783,13.8079689783217,3.2));
#19544=IFCCARTESIANPOINT((-9.18631864033178,13.135973449215,3.2));
#19545=IFCCARTESIANPOINT((-10.864026550785,17.1863186403318,3.2));
#19546=IFCCARTESIANPOINT((-11.1,16.,3.2));
#19547=IFCCARTESIANPOINT((-10.864026550785,14.8136813596682,3.2));
#19548=IFCCARTESIANPOINT((-8.,12.9,3.2));
#19549=IFCCARTESIANPOINT((-6.81368135966822,13.135973449215,3.2));
#19550=IFCCARTESIANPOINT((-5.8079689783217,13.8079689783217,3.2));
#19551=IFCCARTESIANPOINT((-5.135973449215,14.8136813596682,3.2));
#19552=IFCCARTESIANPOINT((-5.135973449215,17.1863186403318,3.2));
#19553=IFCCARTESIANPOINT((-5.8079689783217,18.1920310216783,3.2));
#19554=IFCCARTESIANPOINT((-10.1920310216783,18.1920310216783,3.2));
#19555=IFCCARTESIANPOINT((-6.81368135966822,18.864026550785,3.2));
#19556=IFCCARTESIANPOINT((-8.,19.1,3.2));
#19557=IFCCARTESIANPOINT((-9.18631864033178,18.864026550785,3.2));
#19558=IFCCARTESIANPOINT((-4.89999999999999,16.,3.2));
#19559=IFCCARTESIANPOINT((-5.135973449215,17.1863186403318,4.));
#19560=IFCCARTESIANPOINT((-4.9,16.,4.));
#19561=IFCCARTESIANPOINT((-5.8079689783217,18.1920310216783,4.));
#19562=IFCCARTESIANPOINT((-6.81368135966822,18.864026550785,4.));
#19563=IFCCARTESIANPOINT((-8.,19.1,4.));
#19564=IFCCARTESIANPOINT((-9.18631864033178,18.864026550785,4.));
#19565=IFCCARTESIANPOINT((-10.1920310216783,18.1920310216783,4.));
#19566=IFCCARTESIANPOINT((-10.864026550785,17.1863186403318,4.));
#19567=IFCCARTESIANPOINT((-11.1,16.,4.));
#19568=IFCCARTESIANPOINT((-10.864026550785,14.8136813596682,4.));
#19569=IFCCARTESIANPOINT((-10.1920310216783,13.8079689783217,4.));
#19570=IFCCARTESIANPOINT((-9.18631864033178,13.135973449215,4.));
#19571=IFCCARTESIANPOINT((-8.,12.9,4.));
#19572=IFCCARTESIANPOINT((-6.81368135966822,13.135973449215,4.));
#19573=IFCCARTESIANPOINT((-5.8079689783217,13.8079689783217,4.));
#19574=IFCCARTESIANPOINT((-5.135973449215,14.8136813596682,4.));
#19575=IFCCARTESIANPOINT((-21.8079689783217,13.8079689783217,3.2));
#19576=IFCCARTESIANPOINT((-21.135973449215,14.8136813596682,3.2));
#19577=IFCCARTESIANPOINT((-21.135973449215,17.1863186403318,3.2));
#19578=IFCCARTESIANPOINT((-21.8079689783217,18.1920310216783,3.2));
#19579=IFCCARTESIANPOINT((-20.9,16.,3.2));
#19580=IFCCARTESIANPOINT((-22.8136813596682,18.864026550785,3.2));
#19581=IFCCARTESIANPOINT((-24.,19.1,3.2));
#19582=IFCCARTESIANPOINT((-25.1863186403318,18.864026550785,3.2));
#19583=IFCCARTESIANPOINT((-26.864026550785,17.1863186403318,3.2));
#19584=IFCCARTESIANPOINT((-27.1,16.,3.2));
#19585=IFCCARTESIANPOINT((-25.1863186403318,13.135973449215,3.2));
#19586=IFCCARTESIANPOINT((-24.,12.9,3.2));
#19587=IFCCARTESIANPOINT((-22.8136813596682,13.135973449215,3.2));
#19588=IFCCARTESIANPOINT((-26.1920310216783,18.1920310216783,3.2));
#19589=IFCCARTESIANPOINT((-26.864026550785,14.8136813596682,3.2));
#19590=IFCCARTESIANPOINT((-26.1920310216783,13.8079689783217,3.2));
#19591=IFCCARTESIANPOINT((-21.135973449215,17.1863186403318,4.));
#19592=IFCCARTESIANPOINT((-20.9,16.,4.));
#19593=IFCCARTESIANPOINT((-21.8079689783217,18.1920310216783,4.));
#19594=IFCCARTESIANPOINT((-22.8136813596682,18.864026550785,4.));
#19595=IFCCARTESIANPOINT((-24.,19.1,4.));
#19596=IFCCARTESIANPOINT((-25.1863186403318,18.864026550785,4.));
#19597=IFCCARTESIANPOINT((-26.1920310216783,18.1920310216783,4.));
#19598=IFCCARTESIANPOINT((-26.864026550785,17.1863186403318,4.));
#19599=IFCCARTESIANPOINT((-27.1,16.,4.));
#19600=IFCCARTESIANPOINT((-26.864026550785,14.8136813596682,4.));
#19601=IFCCARTESIANPOINT((-26.1920310216783,13.8079689783217,4.));
#19602=IFCCARTESIANPOINT((-25.1863186403318,13.135973449215,4.));
#19603=IFCCARTESIANPOINT((-24.,12.9,4.));
#19604=IFCCARTESIANPOINT((-22.8136813596682,13.135973449215,4.));
#19605=IFCCARTESIANPOINT((-21.8079689783217,13.8079689783217,4.));
#19606=IFCCARTESIANPOINT((-21.135973449215,14.8136813596682,4.));
#19607=IFCCARTESIANPOINT((-8.,19.6,4.));
#19608=IFCCARTESIANPOINT((-16.,19.6,4.));
#19609=IFCCARTESIANPOINT((-16.,19.2,4.));
#19610=IFCCARTESIANPOINT((-11.0854497241083,19.2,4.));
#19611=IFCCARTESIANPOINT((-8.,12.4,4.));
#19612=IFCCARTESIANPOINT((-8.,12.85,4.));
#19613=IFCCARTESIANPOINT((-10.8992414730936,12.8359671485185,4.));
#19614=IFCCARTESIANPOINT((-11.0854497241083,12.8,4.));
#19615=IFCCARTESIANPOINT((-24.,19.6,4.));
#19616=IFCCARTESIANPOINT((-24.2572751379459,19.15,4.));
#19617=IFCCARTESIANPOINT((-21.1007585269064,19.1640328514815,4.));
#19618=IFCCARTESIANPOINT((-20.9145502758917,19.2,4.));
#19619=IFCCARTESIANPOINT((-24.,12.4,4.));
#19620=IFCCARTESIANPOINT((-16.,12.4,4.));
#19621=IFCCARTESIANPOINT((-16.,12.8,4.));
#19622=IFCCARTESIANPOINT((-20.9145502758917,12.8,4.));
#19623=IFCCARTESIANPOINT((-10.6301288777036,13.0934015323647,4.));
#19624=IFCCARTESIANPOINT((-10.7398227413574,12.9386940509838,4.));
#19625=IFCCARTESIANPOINT((-11.6,16.,4.));
#19626=IFCCARTESIANPOINT((-11.3699429760038,14.733712379243,4.));
#19627=IFCCARTESIANPOINT((-10.7091753675097,13.6292682926829,4.));
#19628=IFCCARTESIANPOINT((-10.5859413840746,13.2778320448221,4.));
#19629=IFCCARTESIANPOINT((-10.6301288777035,18.9065984676354,4.));
#19630=IFCCARTESIANPOINT((-10.5859413840746,18.722167955178,4.));
#19631=IFCCARTESIANPOINT((-10.8992414730936,19.1640328514815,4.));
#19632=IFCCARTESIANPOINT((-10.7398227413573,19.0613059490162,4.));
#19633=IFCCARTESIANPOINT((-10.6136174530545,18.5345481701756,4.));
#19634=IFCCARTESIANPOINT((-10.7091753675097,18.3707317073171,4.));
#19635=IFCCARTESIANPOINT((-10.6136174530545,13.4654518298244,4.));
#19636=IFCCARTESIANPOINT((-11.3699429760038,17.2662876207571,4.));
#19637=IFCCARTESIANPOINT((-27.3259663170406,14.6223396434857,4.));
#19638=IFCCARTESIANPOINT((-26.5455844122716,13.4544155877284,4.));
#19639=IFCCARTESIANPOINT((-27.6,16.,4.));
#19640=IFCCARTESIANPOINT((-25.3776603565143,19.3259663170406,4.));
#19641=IFCCARTESIANPOINT((-26.5455844122716,18.5455844122716,4.));
#19642=IFCCARTESIANPOINT((-27.3259663170406,17.3776603565143,4.));
#19643=IFCCARTESIANPOINT((-25.3776603565143,12.6740336829594,4.));
#19644=IFCCARTESIANPOINT((-24.2572751379459,12.85,4.));
#19645=IFCCARTESIANPOINT((-21.1007585269064,12.8359671485185,4.));
#19646=IFCCARTESIANPOINT((-21.2601772586426,12.9386940509838,4.));
#19647=IFCCARTESIANPOINT((-21.4140586159254,18.722167955178,4.));
#19648=IFCCARTESIANPOINT((-21.3698711222965,18.9065984676354,4.));
#19649=IFCCARTESIANPOINT((-21.3698711222964,13.0934015323647,4.));
#19650=IFCCARTESIANPOINT((-21.2601772586426,19.0613059490162,4.));
#19651=IFCCARTESIANPOINT((-21.4140586159254,13.2778320448221,4.));
#19652=IFCCARTESIANPOINT((-21.3863825469454,13.4654518298244,4.));
#19653=IFCCARTESIANPOINT((-21.2908246324902,13.6292682926829,4.));
#19654=IFCCARTESIANPOINT((-20.6300570239962,17.2662876207571,4.));
#19655=IFCCARTESIANPOINT((-21.2908246324903,18.3707317073171,4.));
#19656=IFCCARTESIANPOINT((-21.3863825469455,18.5345481701756,4.));
#19657=IFCCARTESIANPOINT((-20.6300570239962,14.733712379243,4.));
#19658=IFCCARTESIANPOINT((-20.4,16.,4.));
#19659=IFCCARTESIANPOINT((8.00000000000001,19.6,4.));
#19660=IFCCARTESIANPOINT((3.46944695195361E-15,19.6,4.));
#19661=IFCCARTESIANPOINT((3.46944695195361E-15,19.2,4.));
#19662=IFCCARTESIANPOINT((4.91455027589172,19.2,4.));
#19663=IFCCARTESIANPOINT((5.36987112229647,18.9065984676354,4.));
#19664=IFCCARTESIANPOINT((5.41405861592543,18.722167955178,4.));
#19665=IFCCARTESIANPOINT((5.10075852690642,19.1640328514815,4.));
#19666=IFCCARTESIANPOINT((5.26017725864266,19.0613059490162,4.));
#19667=IFCCARTESIANPOINT((5.36987112229643,13.0934015323647,4.));
#19668=IFCCARTESIANPOINT((5.26017725864262,12.9386940509838,4.));
#19669=IFCCARTESIANPOINT((5.41405861592539,13.2778320448221,4.));
#19670=IFCCARTESIANPOINT((5.38638254694549,18.5345481701756,4.));
#19671=IFCCARTESIANPOINT((5.29082463249029,18.3707317073171,4.));
#19672=IFCCARTESIANPOINT((4.63005702399617,14.733712379243,4.));
#19673=IFCCARTESIANPOINT((5.29082463249026,13.6292682926829,4.));
#19674=IFCCARTESIANPOINT((5.38638254694545,13.4654518298244,4.));
#19675=IFCCARTESIANPOINT((4.63005702399619,17.2662876207571,4.));
#19676=IFCCARTESIANPOINT((4.4,16.,4.));
#19677=IFCCARTESIANPOINT((5.10075852690638,12.8359671485185,4.));
#19678=IFCCARTESIANPOINT((8.00000000000001,12.85,4.));
#19679=IFCCARTESIANPOINT((8.00000000000001,12.4,4.));
#19680=IFCCARTESIANPOINT((4.91455027589168,12.8,4.));
#19681=IFCCARTESIANPOINT((3.46944695195361E-15,12.4,4.));
#19682=IFCCARTESIANPOINT((3.46944695195361E-15,12.8,4.));
#19683=IFCCARTESIANPOINT((-4.91455027589169,12.8,4.));
#19684=IFCCARTESIANPOINT((-5.10075852690639,12.8359671485185,4.));
#19685=IFCCARTESIANPOINT((-5.26017725864262,12.9386940509838,4.));
#19686=IFCCARTESIANPOINT((-5.36987112229643,13.0934015323647,4.));
#19687=IFCCARTESIANPOINT((-5.41405861592539,13.2778320448221,4.));
#19688=IFCCARTESIANPOINT((-5.38638254694546,13.4654518298244,4.));
#19689=IFCCARTESIANPOINT((-5.29082463249026,13.6292682926829,4.));
#19690=IFCCARTESIANPOINT((-5.36987112229646,18.9065984676354,4.));
#19691=IFCCARTESIANPOINT((-5.26017725864265,19.0613059490162,4.));
#19692=IFCCARTESIANPOINT((-5.38638254694548,18.5345481701756,4.));
#19693=IFCCARTESIANPOINT((-5.41405861592542,18.722167955178,4.));
#19694=IFCCARTESIANPOINT((-4.63005702399617,14.733712379243,4.));
#19695=IFCCARTESIANPOINT((-4.63005702399618,17.266287620757,4.));
#19696=IFCCARTESIANPOINT((-5.29082463249029,18.3707317073171,4.));
#19697=IFCCARTESIANPOINT((-4.4,16.,4.));
#19698=IFCCARTESIANPOINT((-5.10075852690642,19.1640328514815,4.));
#19699=IFCCARTESIANPOINT((-8.,19.15,4.));
#19700=IFCCARTESIANPOINT((-4.91455027589171,19.2,4.));
#19701=IFCCARTESIANPOINT((10.7398227413574,12.9386940509838,4.));
#19702=IFCCARTESIANPOINT((10.6301288777036,13.0934015323647,4.));
#19703=IFCCARTESIANPOINT((11.3699429760038,17.266287620757,4.));
#19704=IFCCARTESIANPOINT((10.7091753675097,18.3707317073171,4.));
#19705=IFCCARTESIANPOINT((10.8992414730936,12.8359671485185,4.));
#19706=IFCCARTESIANPOINT((10.6136174530545,18.5345481701756,4.));
#19707=IFCCARTESIANPOINT((10.5859413840746,18.722167955178,4.));
#19708=IFCCARTESIANPOINT((10.6301288777035,18.9065984676354,4.));
#19709=IFCCARTESIANPOINT((10.5859413840746,13.2778320448221,4.));
#19710=IFCCARTESIANPOINT((10.6136174530546,13.4654518298244,4.));
#19711=IFCCARTESIANPOINT((10.7091753675097,13.6292682926829,4.));
#19712=IFCCARTESIANPOINT((11.6,16.,4.));
#19713=IFCCARTESIANPOINT((11.3699429760038,14.733712379243,4.));
#19714=IFCCARTESIANPOINT((10.7398227413574,19.0613059490162,4.));
#19715=IFCCARTESIANPOINT((10.8992414730936,19.1640328514815,4.));
#19716=IFCCARTESIANPOINT((8.00000000000001,19.15,4.));
#19717=IFCCARTESIANPOINT((11.0854497241083,19.2,4.));
#19718=IFCCARTESIANPOINT((20.9145502758917,19.2,4.));
#19719=IFCCARTESIANPOINT((24.,19.6,4.));
#19720=IFCCARTESIANPOINT((21.3698711222965,18.9065984676353,4.));
#19721=IFCCARTESIANPOINT((21.4140586159254,18.722167955178,4.));
#19722=IFCCARTESIANPOINT((20.6300570239962,14.733712379243,4.));
#19723=IFCCARTESIANPOINT((21.2908246324903,13.6292682926829,4.));
#19724=IFCCARTESIANPOINT((21.3698711222964,13.0934015323647,4.));
#19725=IFCCARTESIANPOINT((21.2601772586426,12.9386940509838,4.));
#19726=IFCCARTESIANPOINT((21.3863825469455,13.4654518298244,4.));
#19727=IFCCARTESIANPOINT((21.4140586159254,13.2778320448221,4.));
#19728=IFCCARTESIANPOINT((21.2601772586426,19.0613059490162,4.));
#19729=IFCCARTESIANPOINT((21.1007585269064,12.8359671485185,4.));
#19730=IFCCARTESIANPOINT((25.3776603565143,12.6740336829594,4.));
#19731=IFCCARTESIANPOINT((21.1007585269064,19.1640328514815,4.));
#19732=IFCCARTESIANPOINT((21.3863825469455,18.5345481701756,4.));
#19733=IFCCARTESIANPOINT((21.2908246324903,18.3707317073171,4.));
#19734=IFCCARTESIANPOINT((20.4,16.,4.));
#19735=IFCCARTESIANPOINT((26.5455844122716,13.4544155877284,4.));
#19736=IFCCARTESIANPOINT((27.3259663170406,17.3776603565143,4.));
#19737=IFCCARTESIANPOINT((26.5455844122716,18.5455844122716,4.));
#19738=IFCCARTESIANPOINT((25.3776603565143,19.3259663170406,4.));
#19739=IFCCARTESIANPOINT((20.6300570239962,17.266287620757,4.));
#19740=IFCCARTESIANPOINT((27.3259663170406,14.6223396434857,4.));
#19741=IFCCARTESIANPOINT((27.6,16.,4.));
#19742=IFCCARTESIANPOINT((24.,12.4,4.));
#19743=IFCCARTESIANPOINT((20.9145502758917,12.8,4.));
#19744=IFCCARTESIANPOINT((11.0854497241083,12.8,4.));
#19745=IFCCARTESIANPOINT((20.8,19.6,3.6));
#19746=IFCCARTESIANPOINT((-20.8,19.6,3.6));
#19747=IFCCARTESIANPOINT((24.,19.6,3.6));
#19748=IFCCARTESIANPOINT((-24.,19.6,3.6));
#19749=IFCCARTESIANPOINT((-20.8,12.4,3.6));
#19750=IFCCARTESIANPOINT((20.8,12.4,3.6));
#19751=IFCCARTESIANPOINT((-24.,12.4,3.6));
#19752=IFCCARTESIANPOINT((24.,12.4,3.6));
#19753=IFCCARTESIANPOINT((-5.38638254694546,13.4654518298244,0.9));
#19754=IFCCARTESIANPOINT((-5.29082463249026,13.6292682926829,0.9));
#19755=IFCCARTESIANPOINT((-5.41405861592539,13.2778320448221,0.9));
#19756=IFCCARTESIANPOINT((-5.36987112229643,13.0934015323647,0.9));
#19757=IFCCARTESIANPOINT((-5.26017725864262,12.9386940509838,0.9));
#19758=IFCCARTESIANPOINT((-5.10075852690639,12.8359671485185,0.9));
#19759=IFCCARTESIANPOINT((-4.91455027589169,12.8,0.9));
#19760=IFCCARTESIANPOINT((-4.63005702399618,17.266287620757,0.9));
#19761=IFCCARTESIANPOINT((-5.29082463249029,18.3707317073171,0.9));
#19762=IFCCARTESIANPOINT((-4.4,16.,0.9));
#19763=IFCCARTESIANPOINT((-4.63005702399617,14.733712379243,0.9));
#19764=IFCCARTESIANPOINT((-5.10075852690642,19.1640328514815,0.9));
#19765=IFCCARTESIANPOINT((-4.91455027589171,19.2,0.9));
#19766=IFCCARTESIANPOINT((-5.26017725864265,19.0613059490162,0.9));
#19767=IFCCARTESIANPOINT((-5.36987112229646,18.9065984676354,0.9));
#19768=IFCCARTESIANPOINT((-5.41405861592542,18.722167955178,0.9));
#19769=IFCCARTESIANPOINT((-5.38638254694548,18.5345481701756,0.9));
#19770=IFCCARTESIANPOINT((-3.48568501158667,12.8,0.9));
#19771=IFCCARTESIANPOINT((-3.48568501158667,19.2,0.9));
#19772=IFCCARTESIANPOINT((0.673889295766562,19.2,3.53636440671083));
#19773=IFCCARTESIANPOINT((1.92721382003114,19.2,3.04069842172501));
#19774=IFCCARTESIANPOINT((-2.91041506894229,19.2,2.11884027866039));
#19775=IFCCARTESIANPOINT((-1.92721382003114,19.2,3.04069842172501));
#19776=IFCCARTESIANPOINT((2.9104150689423,19.2,2.11884027866039));
#19777=IFCCARTESIANPOINT((-0.67388929576656,19.2,3.53636440671083));
#19778=IFCCARTESIANPOINT((3.48568501158668,19.2,0.9));
#19779=IFCCARTESIANPOINT((4.91455027589172,19.2,0.9));
#19780=IFCCARTESIANPOINT((-0.67388929576656,12.8,3.53636440671083));
#19781=IFCCARTESIANPOINT((-1.92721382003114,12.8,3.04069842172501));
#19782=IFCCARTESIANPOINT((2.9104150689423,12.8,2.11884027866039));
#19783=IFCCARTESIANPOINT((1.92721382003114,12.8,3.04069842172501));
#19784=IFCCARTESIANPOINT((0.673889295766562,12.8,3.53636440671083));
#19785=IFCCARTESIANPOINT((4.91455027589168,12.8,0.9));
#19786=IFCCARTESIANPOINT((3.48568501158668,12.8,0.9));
#19787=IFCCARTESIANPOINT((-2.91041506894229,12.8,2.11884027866039));
#19788=IFCCARTESIANPOINT((4.4,16.,0.9));
#19789=IFCCARTESIANPOINT((4.63005702399619,17.2662876207571,0.9));
#19790=IFCCARTESIANPOINT((5.10075852690638,12.8359671485185,0.9));
#19791=IFCCARTESIANPOINT((5.26017725864262,12.9386940509838,0.9));
#19792=IFCCARTESIANPOINT((5.36987112229643,13.0934015323647,0.9));
#19793=IFCCARTESIANPOINT((5.41405861592539,13.2778320448221,0.9));
#19794=IFCCARTESIANPOINT((5.38638254694545,13.4654518298244,0.9));
#19795=IFCCARTESIANPOINT((5.29082463249026,13.6292682926829,0.9));
#19796=IFCCARTESIANPOINT((4.63005702399617,14.733712379243,0.9));
#19797=IFCCARTESIANPOINT((5.29082463249029,18.3707317073171,0.9));
#19798=IFCCARTESIANPOINT((5.38638254694549,18.5345481701756,0.9));
#19799=IFCCARTESIANPOINT((5.41405861592543,18.722167955178,0.9));
#19800=IFCCARTESIANPOINT((5.36987112229647,18.9065984676354,0.9));
#19801=IFCCARTESIANPOINT((5.26017725864266,19.0613059490162,0.9));
#19802=IFCCARTESIANPOINT((5.10075852690642,19.1640328514815,0.9));
#19803=IFCCARTESIANPOINT((-21.3863825469454,13.4654518298244,0.9));
#19804=IFCCARTESIANPOINT((-21.2908246324902,13.6292682926829,0.9));
#19805=IFCCARTESIANPOINT((-21.4140586159254,13.2778320448221,0.9));
#19806=IFCCARTESIANPOINT((-21.3698711222964,13.0934015323647,0.9));
#19807=IFCCARTESIANPOINT((-21.2601772586426,12.9386940509838,0.9));
#19808=IFCCARTESIANPOINT((-21.1007585269064,12.8359671485185,0.9));
#19809=IFCCARTESIANPOINT((-20.9145502758917,12.8,0.9));
#19810=IFCCARTESIANPOINT((-21.1007585269064,19.1640328514815,0.9));
#19811=IFCCARTESIANPOINT((-20.9145502758917,19.2,0.9));
#19812=IFCCARTESIANPOINT((-21.2601772586426,19.0613059490162,0.9));
#19813=IFCCARTESIANPOINT((-21.3698711222965,18.9065984676354,0.9));
#19814=IFCCARTESIANPOINT((-21.4140586159254,18.722167955178,0.9));
#19815=IFCCARTESIANPOINT((-21.3863825469455,18.5345481701756,0.9));
#19816=IFCCARTESIANPOINT((-21.2908246324903,18.3707317073171,0.9));
#19817=IFCCARTESIANPOINT((-20.6300570239962,17.2662876207571,0.9));
#19818=IFCCARTESIANPOINT((-20.4,16.,0.9));
#19819=IFCCARTESIANPOINT((-20.6300570239962,14.733712379243,0.9));
#19820=IFCCARTESIANPOINT((-19.4856850115867,19.2,0.9));
#19821=IFCCARTESIANPOINT((-19.4856850115867,12.8,0.9));
#19822=IFCCARTESIANPOINT((-15.3261107042334,19.2,3.53636440671083));
#19823=IFCCARTESIANPOINT((-14.0727861799689,19.2,3.04069842172501));
#19824=IFCCARTESIANPOINT((-18.9104150689423,19.2,2.11884027866039));
#19825=IFCCARTESIANPOINT((-17.9272138200311,19.2,3.04069842172501));
#19826=IFCCARTESIANPOINT((-16.6738892957666,19.2,3.53636440671083));
#19827=IFCCARTESIANPOINT((-13.0895849310577,19.2,2.11884027866039));
#19828=IFCCARTESIANPOINT((-12.5143149884133,19.2,0.9));
#19829=IFCCARTESIANPOINT((-11.0854497241083,19.2,0.9));
#19830=IFCCARTESIANPOINT((-17.9272138200311,12.8,3.04069842172501));
#19831=IFCCARTESIANPOINT((-18.9104150689423,12.8,2.11884027866039));
#19832=IFCCARTESIANPOINT((-16.6738892957666,12.8,3.53636440671083));
#19833=IFCCARTESIANPOINT((-15.3261107042334,12.8,3.53636440671083));
#19834=IFCCARTESIANPOINT((-14.0727861799689,12.8,3.04069842172501));
#19835=IFCCARTESIANPOINT((-13.0895849310577,12.8,2.11884027866039));
#19836=IFCCARTESIANPOINT((-11.0854497241083,12.8,0.9));
#19837=IFCCARTESIANPOINT((-12.5143149884133,12.8,0.9));
#19838=IFCCARTESIANPOINT((-11.3699429760038,14.733712379243,0.9));
#19839=IFCCARTESIANPOINT((-11.6,16.,0.9));
#19840=IFCCARTESIANPOINT((-10.8992414730936,12.8359671485185,0.9));
#19841=IFCCARTESIANPOINT((-10.7398227413574,12.9386940509838,0.9));
#19842=IFCCARTESIANPOINT((-10.6301288777036,13.0934015323647,0.9));
#19843=IFCCARTESIANPOINT((-10.5859413840746,13.2778320448221,0.9));
#19844=IFCCARTESIANPOINT((-10.6136174530545,13.4654518298244,0.9));
#19845=IFCCARTESIANPOINT((-10.7091753675097,13.6292682926829,0.9));
#19846=IFCCARTESIANPOINT((-11.3699429760038,17.2662876207571,0.9));
#19847=IFCCARTESIANPOINT((-10.7091753675097,18.3707317073171,0.9));
#19848=IFCCARTESIANPOINT((-10.6136174530545,18.5345481701756,0.9));
#19849=IFCCARTESIANPOINT((-10.5859413840746,18.722167955178,0.9));
#19850=IFCCARTESIANPOINT((-10.6301288777035,18.9065984676354,0.9));
#19851=IFCCARTESIANPOINT((-10.7398227413573,19.0613059490162,0.9));
#19852=IFCCARTESIANPOINT((-10.8992414730936,19.1640328514815,0.9));
#19853=IFCCARTESIANPOINT((10.6136174530546,13.4654518298244,0.9));
#19854=IFCCARTESIANPOINT((10.7091753675097,13.6292682926829,0.9));
#19855=IFCCARTESIANPOINT((10.5859413840746,13.2778320448221,0.9));
#19856=IFCCARTESIANPOINT((10.6301288777036,13.0934015323647,0.9));
#19857=IFCCARTESIANPOINT((10.7398227413574,12.9386940509838,0.9));
#19858=IFCCARTESIANPOINT((10.8992414730936,12.8359671485185,0.9));
#19859=IFCCARTESIANPOINT((11.0854497241083,12.8,0.9));
#19860=IFCCARTESIANPOINT((10.8992414730936,19.1640328514815,0.9));
#19861=IFCCARTESIANPOINT((11.0854497241083,19.2,0.9));
#19862=IFCCARTESIANPOINT((10.7398227413574,19.0613059490162,0.9));
#19863=IFCCARTESIANPOINT((10.6301288777035,18.9065984676354,0.9));
#19864=IFCCARTESIANPOINT((10.5859413840746,18.722167955178,0.9));
#19865=IFCCARTESIANPOINT((10.6136174530545,18.5345481701756,0.9));
#19866=IFCCARTESIANPOINT((10.7091753675097,18.3707317073171,0.9));
#19867=IFCCARTESIANPOINT((11.3699429760038,17.266287620757,0.9));
#19868=IFCCARTESIANPOINT((11.6,16.,0.9));
#19869=IFCCARTESIANPOINT((11.3699429760038,14.733712379243,0.9));
#19870=IFCCARTESIANPOINT((12.5143149884133,12.8,0.9));
#19871=IFCCARTESIANPOINT((12.5143149884133,19.2,0.9));
#19872=IFCCARTESIANPOINT((15.3261107042334,19.2,3.53636440671083));
#19873=IFCCARTESIANPOINT((16.6738892957666,19.2,3.53636440671083));
#19874=IFCCARTESIANPOINT((13.0895849310577,19.2,2.11884027866039));
#19875=IFCCARTESIANPOINT((17.9272138200311,19.2,3.04069842172501));
#19876=IFCCARTESIANPOINT((14.0727861799689,19.2,3.04069842172501));
#19877=IFCCARTESIANPOINT((18.9104150689423,19.2,2.11884027866039));
#19878=IFCCARTESIANPOINT((19.4856850115867,19.2,0.9));
#19879=IFCCARTESIANPOINT((20.9145502758917,19.2,0.9));
#19880=IFCCARTESIANPOINT((17.9272138200311,12.8,3.04069842172501));
#19881=IFCCARTESIANPOINT((16.6738892957666,12.8,3.53636440671083));
#19882=IFCCARTESIANPOINT((14.0727861799689,12.8,3.04069842172501));
#19883=IFCCARTESIANPOINT((13.0895849310577,12.8,2.11884027866039));
#19884=IFCCARTESIANPOINT((18.9104150689423,12.8,2.11884027866039));
#19885=IFCCARTESIANPOINT((15.3261107042334,12.8,3.53636440671083));
#19886=IFCCARTESIANPOINT((20.9145502758917,12.8,0.9));
#19887=IFCCARTESIANPOINT((19.4856850115867,12.8,0.9));
#19888=IFCCARTESIANPOINT((20.6300570239962,14.733712379243,0.9));
#19889=IFCCARTESIANPOINT((20.4,16.,0.9));
#19890=IFCCARTESIANPOINT((21.1007585269064,12.8359671485185,0.9));
#19891=IFCCARTESIANPOINT((21.2601772586426,12.9386940509838,0.9));
#19892=IFCCARTESIANPOINT((21.3698711222964,13.0934015323647,0.9));
#19893=IFCCARTESIANPOINT((21.4140586159254,13.2778320448221,0.9));
#19894=IFCCARTESIANPOINT((21.3863825469455,13.4654518298244,0.9));
#19895=IFCCARTESIANPOINT((21.2908246324903,13.6292682926829,0.9));
#19896=IFCCARTESIANPOINT((20.6300570239962,17.266287620757,0.9));
#19897=IFCCARTESIANPOINT((21.2908246324903,18.3707317073171,0.9));
#19898=IFCCARTESIANPOINT((21.3863825469455,18.5345481701756,0.9));
#19899=IFCCARTESIANPOINT((21.4140586159254,18.722167955178,0.9));
#19900=IFCCARTESIANPOINT((21.3698711222965,18.9065984676353,0.9));
#19901=IFCCARTESIANPOINT((21.2601772586426,19.0613059490162,0.9));
#19902=IFCCARTESIANPOINT((21.1007585269064,19.1640328514815,0.9));
#19903=IFCCARTESIANPOINT((-26.5455844122716,18.5455844122716,3.6));
#19904=IFCCARTESIANPOINT((-26.7091753675097,18.3707317073171,3.6));
#19905=IFCCARTESIANPOINT((-26.7091753675097,13.6292682926829,3.6));
#19906=IFCCARTESIANPOINT((-27.3259663170406,14.6223396434857,0.5));
#19907=IFCCARTESIANPOINT((-26.7091753675097,13.6292682926829,0.5));
#19908=IFCCARTESIANPOINT((-25.3776603565143,12.6740336829594,3.6));
#19909=IFCCARTESIANPOINT((-26.5455844122716,13.4544155877284,3.6));
#19910=IFCCARTESIANPOINT((-26.7091753675097,18.3707317073171,0.5));
#19911=IFCCARTESIANPOINT((-27.3259663170406,17.3776603565143,0.5));
#19912=IFCCARTESIANPOINT((-25.3776603565143,19.3259663170406,3.6));
#19913=IFCCARTESIANPOINT((-27.6,16.,0.5));
#19914=IFCCARTESIANPOINT((-26.8992414730936,19.1640328514815,0.5));
#19915=IFCCARTESIANPOINT((-26.8992414730936,19.1640328514815,3.6));
#19916=IFCCARTESIANPOINT((-27.0854497241083,19.2,3.6));
#19917=IFCCARTESIANPOINT((-27.0854497241083,19.2,0.5));
#19918=IFCCARTESIANPOINT((-26.7398227413574,19.0613059490162,0.5));
#19919=IFCCARTESIANPOINT((-26.7398227413574,19.0613059490162,3.6));
#19920=IFCCARTESIANPOINT((-26.6301288777035,18.9065984676353,0.5));
#19921=IFCCARTESIANPOINT((-26.6301288777035,18.9065984676353,3.6));
#19922=IFCCARTESIANPOINT((-26.5859413840746,18.7221679551779,0.5));
#19923=IFCCARTESIANPOINT((-26.5859413840746,18.7221679551779,3.6));
#19924=IFCCARTESIANPOINT((-26.6136174530545,18.5345481701756,0.5));
#19925=IFCCARTESIANPOINT((-26.6136174530545,18.5345481701756,3.6));
#19926=IFCCARTESIANPOINT((-26.6136174530545,13.4654518298244,0.5));
#19927=IFCCARTESIANPOINT((-26.6136174530545,13.4654518298244,3.6));
#19928=IFCCARTESIANPOINT((-26.5859413840746,13.2778320448221,0.5));
#19929=IFCCARTESIANPOINT((-26.5859413840746,13.2778320448221,3.6));
#19930=IFCCARTESIANPOINT((-26.6301288777036,13.0934015323647,0.5));
#19931=IFCCARTESIANPOINT((-26.6301288777036,13.0934015323647,3.6));
#19932=IFCCARTESIANPOINT((-26.7398227413574,12.9386940509838,0.5));
#19933=IFCCARTESIANPOINT((-26.7398227413574,12.9386940509838,3.6));
#19934=IFCCARTESIANPOINT((-26.8992414730936,12.8359671485185,0.5));
#19935=IFCCARTESIANPOINT((-26.8992414730936,12.8359671485185,3.6));
#19936=IFCCARTESIANPOINT((-27.0854497241083,12.8,0.5));
#19937=IFCCARTESIANPOINT((-27.0854497241083,12.8,3.6));
#19938=IFCCARTESIANPOINT((-28.4348913060048,19.2,0.5));
#19939=IFCCARTESIANPOINT((-28.4348913060048,12.8,0.5));
#19940=IFCCARTESIANPOINT((-29.6377976377964,19.2,2.71661554144122));
#19941=IFCCARTESIANPOINT((-28.835888718159,19.2,1.7170905031845));
#19942=IFCCARTESIANPOINT((-29.6,19.2,3.6));
#19943=IFCCARTESIANPOINT((-30.7390114887891,19.2,3.37192941423663));
#19944=IFCCARTESIANPOINT((-32.,19.2,3.6));
#19945=IFCCARTESIANPOINT((-29.6,12.8,3.6));
#19946=IFCCARTESIANPOINT((-29.6377976377964,12.8,2.71661554144122));
#19947=IFCCARTESIANPOINT((-30.7390114887891,12.8,3.37192941423663));
#19948=IFCCARTESIANPOINT((-28.835888718159,12.8,1.7170905031845));
#19949=IFCCARTESIANPOINT((-32.,12.8,3.6));
#19950=IFCCARTESIANPOINT((26.7091753675097,18.3707317073171,3.6));
#19951=IFCCARTESIANPOINT((27.3259663170406,17.3776603565143,0.5));
#19952=IFCCARTESIANPOINT((26.7091753675097,18.3707317073171,0.5));
#19953=IFCCARTESIANPOINT((26.5455844122716,13.4544155877284,3.6));
#19954=IFCCARTESIANPOINT((26.7091753675097,13.6292682926829,3.6));
#19955=IFCCARTESIANPOINT((26.7091753675097,13.6292682926829,0.5));
#19956=IFCCARTESIANPOINT((27.3259663170406,14.6223396434857,0.5));
#19957=IFCCARTESIANPOINT((25.3776603565143,12.6740336829594,3.6));
#19958=IFCCARTESIANPOINT((25.3776603565143,19.3259663170406,3.6));
#19959=IFCCARTESIANPOINT((26.5455844122716,18.5455844122716,3.6));
#19960=IFCCARTESIANPOINT((27.6,16.,0.5));
#19961=IFCCARTESIANPOINT((26.6136174530545,18.5345481701756,0.5));
#19962=IFCCARTESIANPOINT((26.6136174530545,18.5345481701756,3.6));
#19963=IFCCARTESIANPOINT((26.5859413840746,18.7221679551779,0.5));
#19964=IFCCARTESIANPOINT((26.5859413840746,18.7221679551779,3.6));
#19965=IFCCARTESIANPOINT((26.6301288777036,18.9065984676353,0.5));
#19966=IFCCARTESIANPOINT((26.6301288777036,18.9065984676353,3.6));
#19967=IFCCARTESIANPOINT((26.7398227413574,19.0613059490162,0.5));
#19968=IFCCARTESIANPOINT((26.7398227413574,19.0613059490162,3.6));
#19969=IFCCARTESIANPOINT((26.8992414730936,19.1640328514815,0.5));
#19970=IFCCARTESIANPOINT((26.8992414730936,19.1640328514815,3.6));
#19971=IFCCARTESIANPOINT((27.0854497241083,19.2,0.5));
#19972=IFCCARTESIANPOINT((27.0854497241083,19.2,3.6));
#19973=IFCCARTESIANPOINT((26.8992414730936,12.8359671485185,0.5));
#19974=IFCCARTESIANPOINT((26.8992414730936,12.8359671485185,3.6));
#19975=IFCCARTESIANPOINT((27.0854497241083,12.8,3.6));
#19976=IFCCARTESIANPOINT((27.0854497241083,12.8,0.5));
#19977=IFCCARTESIANPOINT((26.7398227413574,12.9386940509838,0.5));
#19978=IFCCARTESIANPOINT((26.7398227413574,12.9386940509838,3.6));
#19979=IFCCARTESIANPOINT((26.6301288777036,13.0934015323647,0.5));
#19980=IFCCARTESIANPOINT((26.6301288777036,13.0934015323647,3.6));
#19981=IFCCARTESIANPOINT((26.5859413840746,13.2778320448221,0.5));
#19982=IFCCARTESIANPOINT((26.5859413840746,13.2778320448221,3.6));
#19983=IFCCARTESIANPOINT((26.6136174530546,13.4654518298244,0.5));
#19984=IFCCARTESIANPOINT((26.6136174530546,13.4654518298244,3.6));
#19985=IFCCARTESIANPOINT((28.4348913060048,12.8,0.5));
#19986=IFCCARTESIANPOINT((28.4348913060048,19.2,0.5));
#19987=IFCCARTESIANPOINT((28.835888718159,19.2,1.7170905031845));
#19988=IFCCARTESIANPOINT((29.6377976377964,19.2,2.71661554144122));
#19989=IFCCARTESIANPOINT((30.7390114887891,19.2,3.37192941423663));
#19990=IFCCARTESIANPOINT((29.6,19.2,3.6));
#19991=IFCCARTESIANPOINT((32.,19.2,3.6));
#19992=IFCCARTESIANPOINT((29.6377976377964,12.8,2.71661554144122));
#19993=IFCCARTESIANPOINT((28.835888718159,12.8,1.7170905031845));
#19994=IFCCARTESIANPOINT((29.6,12.8,3.6));
#19995=IFCCARTESIANPOINT((30.7390114887891,12.8,3.37192941423663));
#19996=IFCCARTESIANPOINT((32.,12.8,3.6));
#19997=IFCCARTESIANPOINT((-8.00000000000001,-12.4,4.));
#19998=IFCCARTESIANPOINT((-16.,-12.4,4.));
#19999=IFCCARTESIANPOINT((-16.,-12.8,4.));
#20000=IFCCARTESIANPOINT((-11.0854497241083,-12.8,4.));
#20001=IFCCARTESIANPOINT((-8.00000000000001,-19.6,4.));
#20002=IFCCARTESIANPOINT((-8.00000000000001,-19.15,4.));
#20003=IFCCARTESIANPOINT((-10.8992414730936,-19.1640328514815,4.));
#20004=IFCCARTESIANPOINT((-11.0854497241083,-19.2,4.));
#20005=IFCCARTESIANPOINT((8.,-19.6,4.));
#20006=IFCCARTESIANPOINT((8.,-19.15,4.));
#20007=IFCCARTESIANPOINT((5.10075852690638,-19.1640328514815,4.));
#20008=IFCCARTESIANPOINT((4.91455027589168,-19.2,4.));
#20009=IFCCARTESIANPOINT((3.46944695195361E-15,-19.6,4.));
#20010=IFCCARTESIANPOINT((3.46944695195361E-15,-19.2,4.));
#20011=IFCCARTESIANPOINT((-4.91455027589169,-19.2,4.));
#20012=IFCCARTESIANPOINT((-8.00000000000001,-12.85,4.));
#20013=IFCCARTESIANPOINT((-5.10075852690642,-12.8359671485185,4.));
#20014=IFCCARTESIANPOINT((-4.91455027589172,-12.8,4.));
#20015=IFCCARTESIANPOINT((8.,-12.4,4.));
#20016=IFCCARTESIANPOINT((3.46944695195361E-15,-12.4,4.));
#20017=IFCCARTESIANPOINT((3.46944695195361E-15,-12.8,4.));
#20018=IFCCARTESIANPOINT((4.91455027589171,-12.8,4.));
#20019=IFCCARTESIANPOINT((-21.1007585269064,-19.1640328514815,4.));
#20020=IFCCARTESIANPOINT((-21.2601772586426,-19.0613059490162,4.));
#20021=IFCCARTESIANPOINT((-20.6300570239962,-14.733712379243,4.));
#20022=IFCCARTESIANPOINT((-21.2908246324903,-13.6292682926829,4.));
#20023=IFCCARTESIANPOINT((-21.3698711222964,-18.9065984676353,4.));
#20024=IFCCARTESIANPOINT((-21.3863825469455,-13.4654518298244,4.));
#20025=IFCCARTESIANPOINT((-21.3698711222965,-13.0934015323647,4.));
#20026=IFCCARTESIANPOINT((-21.2601772586426,-12.9386940509838,4.));
#20027=IFCCARTESIANPOINT((-21.4140586159254,-18.7221679551779,4.));
#20028=IFCCARTESIANPOINT((-21.3863825469454,-18.5345481701756,4.));
#20029=IFCCARTESIANPOINT((-21.2908246324903,-18.3707317073171,4.));
#20030=IFCCARTESIANPOINT((-20.4,-16.,4.));
#20031=IFCCARTESIANPOINT((-21.4140586159254,-13.2778320448221,4.));
#20032=IFCCARTESIANPOINT((-20.6300570239962,-17.266287620757,4.));
#20033=IFCCARTESIANPOINT((-21.1007585269064,-12.8359671485185,4.));
#20034=IFCCARTESIANPOINT((-24.2572751379459,-12.85,4.));
#20035=IFCCARTESIANPOINT((-10.6301288777036,-18.9065984676353,4.));
#20036=IFCCARTESIANPOINT((-10.7398227413574,-19.0613059490162,4.));
#20037=IFCCARTESIANPOINT((-10.6301288777035,-13.0934015323647,4.));
#20038=IFCCARTESIANPOINT((-10.5859413840746,-13.2778320448221,4.));
#20039=IFCCARTESIANPOINT((-10.8992414730936,-12.8359671485185,4.));
#20040=IFCCARTESIANPOINT((-10.7398227413574,-12.9386940509838,4.));
#20041=IFCCARTESIANPOINT((-10.5859413840746,-18.7221679551779,4.));
#20042=IFCCARTESIANPOINT((-10.6136174530545,-13.4654518298244,4.));
#20043=IFCCARTESIANPOINT((-10.7091753675097,-13.6292682926829,4.));
#20044=IFCCARTESIANPOINT((-11.3699429760038,-17.266287620757,4.));
#20045=IFCCARTESIANPOINT((-10.7091753675097,-18.3707317073171,4.));
#20046=IFCCARTESIANPOINT((-10.6136174530546,-18.5345481701756,4.));
#20047=IFCCARTESIANPOINT((-11.3699429760038,-14.733712379243,4.));
#20048=IFCCARTESIANPOINT((-11.6,-16.,4.));
#20049=IFCCARTESIANPOINT((-5.1007585269064,-19.1640328514815,4.));
#20050=IFCCARTESIANPOINT((-5.26017725864263,-19.0613059490162,4.));
#20051=IFCCARTESIANPOINT((-5.36987112229644,-18.9065984676353,4.));
#20052=IFCCARTESIANPOINT((-5.41405861592543,-13.2778320448221,4.));
#20053=IFCCARTESIANPOINT((-5.36987112229646,-13.0934015323647,4.));
#20054=IFCCARTESIANPOINT((-5.4140586159254,-18.7221679551779,4.));
#20055=IFCCARTESIANPOINT((-5.38638254694546,-18.5345481701756,4.));
#20056=IFCCARTESIANPOINT((-5.29082463249027,-18.3707317073171,4.));
#20057=IFCCARTESIANPOINT((-5.26017725864266,-12.9386940509838,4.));
#20058=IFCCARTESIANPOINT((-4.63005702399618,-17.266287620757,4.));
#20059=IFCCARTESIANPOINT((-4.63005702399619,-14.733712379243,4.));
#20060=IFCCARTESIANPOINT((-5.29082463249029,-13.6292682926829,4.));
#20061=IFCCARTESIANPOINT((-5.38638254694549,-13.4654518298244,4.));
#20062=IFCCARTESIANPOINT((-4.40000000000001,-16.,4.));
#20063=IFCCARTESIANPOINT((5.36987112229646,-13.0934015323647,4.));
#20064=IFCCARTESIANPOINT((5.41405861592542,-13.2778320448221,4.));
#20065=IFCCARTESIANPOINT((5.10075852690642,-12.8359671485185,4.));
#20066=IFCCARTESIANPOINT((5.26017725864265,-12.9386940509838,4.));
#20067=IFCCARTESIANPOINT((5.41405861592538,-18.722167955178,4.));
#20068=IFCCARTESIANPOINT((5.36987112229642,-18.9065984676353,4.));
#20069=IFCCARTESIANPOINT((5.38638254694548,-13.4654518298244,4.));
#20070=IFCCARTESIANPOINT((5.29082463249029,-13.6292682926829,4.));
#20071=IFCCARTESIANPOINT((5.38638254694545,-18.5345481701756,4.));
#20072=IFCCARTESIANPOINT((4.63005702399618,-14.733712379243,4.));
#20073=IFCCARTESIANPOINT((4.63005702399616,-17.266287620757,4.));
#20074=IFCCARTESIANPOINT((5.29082463249025,-18.3707317073171,4.));
#20075=IFCCARTESIANPOINT((5.26017725864261,-19.0613059490162,4.));
#20076=IFCCARTESIANPOINT((4.4,-16.,4.));
#20077=IFCCARTESIANPOINT((10.7398227413574,-19.0613059490162,4.));
#20078=IFCCARTESIANPOINT((10.6301288777036,-18.9065984676353,4.));
#20079=IFCCARTESIANPOINT((10.8992414730936,-19.1640328514815,4.));
#20080=IFCCARTESIANPOINT((10.6136174530545,-18.5345481701756,4.));
#20081=IFCCARTESIANPOINT((10.7091753675097,-18.3707317073171,4.));
#20082=IFCCARTESIANPOINT((11.6,-16.,4.));
#20083=IFCCARTESIANPOINT((11.3699429760038,-14.733712379243,4.));
#20084=IFCCARTESIANPOINT((10.5859413840746,-18.722167955178,4.));
#20085=IFCCARTESIANPOINT((11.3699429760038,-17.266287620757,4.));
#20086=IFCCARTESIANPOINT((10.7091753675097,-13.6292682926829,4.));
#20087=IFCCARTESIANPOINT((10.6301288777035,-13.0934015323647,4.));
#20088=IFCCARTESIANPOINT((10.7398227413573,-12.9386940509838,4.));
#20089=IFCCARTESIANPOINT((10.6136174530545,-13.4654518298244,4.));
#20090=IFCCARTESIANPOINT((10.5859413840746,-13.2778320448221,4.));
#20091=IFCCARTESIANPOINT((10.8992414730936,-12.8359671485185,4.));
#20092=IFCCARTESIANPOINT((8.,-12.85,4.));
#20093=IFCCARTESIANPOINT((24.,-19.6,4.));
#20094=IFCCARTESIANPOINT((25.3776603565143,-19.3259663170406,4.));
#20095=IFCCARTESIANPOINT((21.1007585269064,-19.1640328514815,4.));
#20096=IFCCARTESIANPOINT((20.9145502758917,-19.2,4.));
#20097=IFCCARTESIANPOINT((11.0854497241083,-19.2,4.));
#20098=IFCCARTESIANPOINT((21.3698711222964,-18.9065984676353,4.));
#20099=IFCCARTESIANPOINT((21.2601772586426,-19.0613059490162,4.));
#20100=IFCCARTESIANPOINT((21.3863825469454,-18.5345481701756,4.));
#20101=IFCCARTESIANPOINT((21.4140586159254,-18.722167955178,4.));
#20102=IFCCARTESIANPOINT((21.3863825469455,-13.4654518298244,4.));
#20103=IFCCARTESIANPOINT((21.2908246324903,-13.6292682926829,4.));
#20104=IFCCARTESIANPOINT((20.4,-16.,4.));
#20105=IFCCARTESIANPOINT((20.6300570239962,-17.266287620757,4.));
#20106=IFCCARTESIANPOINT((21.2908246324903,-18.3707317073171,4.));
#20107=IFCCARTESIANPOINT((21.3698711222964,-13.0934015323647,4.));
#20108=IFCCARTESIANPOINT((21.4140586159254,-13.2778320448221,4.));
#20109=IFCCARTESIANPOINT((21.1007585269064,-12.8359671485185,4.));
#20110=IFCCARTESIANPOINT((21.2601772586426,-12.9386940509838,4.));
#20111=IFCCARTESIANPOINT((20.6300570239962,-14.733712379243,4.));
#20112=IFCCARTESIANPOINT((26.5455844122716,-18.5455844122716,4.));
#20113=IFCCARTESIANPOINT((27.3259663170406,-17.3776603565143,4.));
#20114=IFCCARTESIANPOINT((25.3776603565143,-12.6740336829594,4.));
#20115=IFCCARTESIANPOINT((27.6,-16.,4.));
#20116=IFCCARTESIANPOINT((27.3259663170406,-14.6223396434857,4.));
#20117=IFCCARTESIANPOINT((26.5455844122716,-13.4544155877284,4.));
#20118=IFCCARTESIANPOINT((11.0854497241083,-12.8,4.));
#20119=IFCCARTESIANPOINT((20.9145502758917,-12.8,4.));
#20120=IFCCARTESIANPOINT((24.,-12.4,4.));
#20121=IFCCARTESIANPOINT((-24.,-12.4,4.));
#20122=IFCCARTESIANPOINT((-20.9145502758917,-12.8,4.));
#20123=IFCCARTESIANPOINT((-26.5455844122716,-13.4544155877284,4.));
#20124=IFCCARTESIANPOINT((-27.3259663170406,-14.6223396434857,4.));
#20125=IFCCARTESIANPOINT((-26.5455844122716,-18.5455844122716,4.));
#20126=IFCCARTESIANPOINT((-25.3776603565143,-19.3259663170406,4.));
#20127=IFCCARTESIANPOINT((-27.6,-16.,4.));
#20128=IFCCARTESIANPOINT((-24.2572751379459,-19.15,4.));
#20129=IFCCARTESIANPOINT((-25.3776603565143,-12.6740336829594,4.));
#20130=IFCCARTESIANPOINT((-27.3259663170406,-17.3776603565143,4.));
#20131=IFCCARTESIANPOINT((-24.,-19.6,4.));
#20132=IFCCARTESIANPOINT((-16.,-19.6,4.));
#20133=IFCCARTESIANPOINT((-16.,-19.2,4.));
#20134=IFCCARTESIANPOINT((-20.9145502758917,-19.2,4.));
#20135=IFCCARTESIANPOINT((20.8,-12.4,3.6));
#20136=IFCCARTESIANPOINT((-20.8,-12.4,3.6));
#20137=IFCCARTESIANPOINT((24.,-12.4,3.6));
#20138=IFCCARTESIANPOINT((-24.,-12.4,3.6));
#20139=IFCCARTESIANPOINT((-20.8,-19.6,3.6));
#20140=IFCCARTESIANPOINT((20.8,-19.6,3.6));
#20141=IFCCARTESIANPOINT((-24.,-19.6,3.6));
#20142=IFCCARTESIANPOINT((24.,-19.6,3.6));
#20143=IFCCARTESIANPOINT((-10.6136174530545,-13.4654518298244,0.9));
#20144=IFCCARTESIANPOINT((-10.7091753675097,-13.6292682926829,0.9));
#20145=IFCCARTESIANPOINT((-10.5859413840746,-13.2778320448221,0.9));
#20146=IFCCARTESIANPOINT((-10.6301288777035,-13.0934015323647,0.9));
#20147=IFCCARTESIANPOINT((-10.7398227413574,-12.9386940509838,0.9));
#20148=IFCCARTESIANPOINT((-10.8992414730936,-12.8359671485185,0.9));
#20149=IFCCARTESIANPOINT((-11.0854497241083,-12.8,0.9));
#20150=IFCCARTESIANPOINT((-11.3699429760038,-17.266287620757,0.9));
#20151=IFCCARTESIANPOINT((-10.7091753675097,-18.3707317073171,0.9));
#20152=IFCCARTESIANPOINT((-11.6,-16.,0.9));
#20153=IFCCARTESIANPOINT((-11.3699429760038,-14.733712379243,0.9));
#20154=IFCCARTESIANPOINT((-10.8992414730936,-19.1640328514815,0.9));
#20155=IFCCARTESIANPOINT((-11.0854497241083,-19.2,0.9));
#20156=IFCCARTESIANPOINT((-10.7398227413574,-19.0613059490162,0.9));
#20157=IFCCARTESIANPOINT((-10.6301288777036,-18.9065984676353,0.9));
#20158=IFCCARTESIANPOINT((-10.5859413840746,-18.7221679551779,0.9));
#20159=IFCCARTESIANPOINT((-10.6136174530546,-18.5345481701756,0.9));
#20160=IFCCARTESIANPOINT((-12.5143149884133,-12.8,0.9));
#20161=IFCCARTESIANPOINT((-12.5143149884133,-19.2,0.9));
#20162=IFCCARTESIANPOINT((-14.0727861799689,-19.2,3.04069842172501));
#20163=IFCCARTESIANPOINT((-15.3261107042334,-19.2,3.53636440671083));
#20164=IFCCARTESIANPOINT((-13.0895849310577,-19.2,2.11884027866039));
#20165=IFCCARTESIANPOINT((-16.6738892957666,-19.2,3.53636440671083));
#20166=IFCCARTESIANPOINT((-17.9272138200311,-19.2,3.04069842172501));
#20167=IFCCARTESIANPOINT((-18.9104150689423,-19.2,2.11884027866039));
#20168=IFCCARTESIANPOINT((-19.4856850115867,-19.2,0.9));
#20169=IFCCARTESIANPOINT((-20.9145502758917,-19.2,0.9));
#20170=IFCCARTESIANPOINT((-14.0727861799689,-12.8,3.04069842172501));
#20171=IFCCARTESIANPOINT((-13.0895849310577,-12.8,2.11884027866039));
#20172=IFCCARTESIANPOINT((-15.3261107042334,-12.8,3.53636440671083));
#20173=IFCCARTESIANPOINT((-18.9104150689423,-12.8,2.11884027866039));
#20174=IFCCARTESIANPOINT((-17.9272138200311,-12.8,3.04069842172501));
#20175=IFCCARTESIANPOINT((-16.6738892957666,-12.8,3.53636440671083));
#20176=IFCCARTESIANPOINT((-20.9145502758917,-12.8,0.9));
#20177=IFCCARTESIANPOINT((-19.4856850115867,-12.8,0.9));
#20178=IFCCARTESIANPOINT((-20.4,-16.,0.9));
#20179=IFCCARTESIANPOINT((-20.6300570239962,-17.266287620757,0.9));
#20180=IFCCARTESIANPOINT((-20.6300570239962,-14.733712379243,0.9));
#20181=IFCCARTESIANPOINT((-21.1007585269064,-12.8359671485185,0.9));
#20182=IFCCARTESIANPOINT((-21.2601772586426,-12.9386940509838,0.9));
#20183=IFCCARTESIANPOINT((-21.3698711222965,-13.0934015323647,0.9));
#20184=IFCCARTESIANPOINT((-21.4140586159254,-13.2778320448221,0.9));
#20185=IFCCARTESIANPOINT((-21.3863825469455,-13.4654518298244,0.9));
#20186=IFCCARTESIANPOINT((-21.2908246324903,-13.6292682926829,0.9));
#20187=IFCCARTESIANPOINT((-21.2908246324903,-18.3707317073171,0.9));
#20188=IFCCARTESIANPOINT((-21.3863825469454,-18.5345481701756,0.9));
#20189=IFCCARTESIANPOINT((-21.4140586159254,-18.7221679551779,0.9));
#20190=IFCCARTESIANPOINT((-21.3698711222964,-18.9065984676353,0.9));
#20191=IFCCARTESIANPOINT((-21.2601772586426,-19.0613059490162,0.9));
#20192=IFCCARTESIANPOINT((-21.1007585269064,-19.1640328514815,0.9));
#20193=IFCCARTESIANPOINT((10.6136174530545,-18.5345481701756,0.9));
#20194=IFCCARTESIANPOINT((10.7091753675097,-18.3707317073171,0.9));
#20195=IFCCARTESIANPOINT((10.5859413840746,-18.722167955178,0.9));
#20196=IFCCARTESIANPOINT((10.6301288777036,-18.9065984676353,0.9));
#20197=IFCCARTESIANPOINT((10.7398227413574,-19.0613059490162,0.9));
#20198=IFCCARTESIANPOINT((10.8992414730936,-19.1640328514815,0.9));
#20199=IFCCARTESIANPOINT((11.0854497241083,-19.2,0.9));
#20200=IFCCARTESIANPOINT((11.3699429760038,-14.733712379243,0.9));
#20201=IFCCARTESIANPOINT((10.7091753675097,-13.6292682926829,0.9));
#20202=IFCCARTESIANPOINT((11.6,-16.,0.9));
#20203=IFCCARTESIANPOINT((11.3699429760038,-17.266287620757,0.9));
#20204=IFCCARTESIANPOINT((10.8992414730936,-12.8359671485185,0.9));
#20205=IFCCARTESIANPOINT((11.0854497241083,-12.8,0.9));
#20206=IFCCARTESIANPOINT((10.7398227413573,-12.9386940509838,0.9));
#20207=IFCCARTESIANPOINT((10.6301288777035,-13.0934015323647,0.9));
#20208=IFCCARTESIANPOINT((10.5859413840746,-13.2778320448221,0.9));
#20209=IFCCARTESIANPOINT((10.6136174530545,-13.4654518298244,0.9));
#20210=IFCCARTESIANPOINT((12.5143149884133,-19.2,0.9));
#20211=IFCCARTESIANPOINT((12.5143149884133,-12.8,0.9));
#20212=IFCCARTESIANPOINT((17.9272138200311,-19.2,3.04069842172501));
#20213=IFCCARTESIANPOINT((16.6738892957666,-19.2,3.53636440671083));
#20214=IFCCARTESIANPOINT((18.9104150689423,-19.2,2.11884027866039));
#20215=IFCCARTESIANPOINT((15.3261107042334,-19.2,3.53636440671083));
#20216=IFCCARTESIANPOINT((14.0727861799689,-19.2,3.04069842172501));
#20217=IFCCARTESIANPOINT((20.9145502758917,-19.2,0.9));
#20218=IFCCARTESIANPOINT((19.4856850115867,-19.2,0.9));
#20219=IFCCARTESIANPOINT((13.0895849310577,-19.2,2.11884027866039));
#20220=IFCCARTESIANPOINT((16.6738892957666,-12.8,3.53636440671083));
#20221=IFCCARTESIANPOINT((17.9272138200311,-12.8,3.04069842172501));
#20222=IFCCARTESIANPOINT((15.3261107042334,-12.8,3.53636440671083));
#20223=IFCCARTESIANPOINT((13.0895849310577,-12.8,2.11884027866039));
#20224=IFCCARTESIANPOINT((14.0727861799689,-12.8,3.04069842172501));
#20225=IFCCARTESIANPOINT((18.9104150689423,-12.8,2.11884027866039));
#20226=IFCCARTESIANPOINT((19.4856850115867,-12.8,0.9));
#20227=IFCCARTESIANPOINT((20.9145502758917,-12.8,0.9));
#20228=IFCCARTESIANPOINT((20.4,-16.,0.9));
#20229=IFCCARTESIANPOINT((20.6300570239962,-14.733712379243,0.9));
#20230=IFCCARTESIANPOINT((20.6300570239962,-17.266287620757,0.9));
#20231=IFCCARTESIANPOINT((21.1007585269064,-19.1640328514815,0.9));
#20232=IFCCARTESIANPOINT((21.2601772586426,-19.0613059490162,0.9));
#20233=IFCCARTESIANPOINT((21.3698711222964,-18.9065984676353,0.9));
#20234=IFCCARTESIANPOINT((21.4140586159254,-18.722167955178,0.9));
#20235=IFCCARTESIANPOINT((21.3863825469454,-18.5345481701756,0.9));
#20236=IFCCARTESIANPOINT((21.2908246324903,-18.3707317073171,0.9));
#20237=IFCCARTESIANPOINT((21.2908246324903,-13.6292682926829,0.9));
#20238=IFCCARTESIANPOINT((21.3863825469455,-13.4654518298244,0.9));
#20239=IFCCARTESIANPOINT((21.4140586159254,-13.2778320448221,0.9));
#20240=IFCCARTESIANPOINT((21.3698711222964,-13.0934015323647,0.9));
#20241=IFCCARTESIANPOINT((21.2601772586426,-12.9386940509838,0.9));
#20242=IFCCARTESIANPOINT((21.1007585269064,-12.8359671485185,0.9));
#20243=IFCCARTESIANPOINT((4.63005702399616,-17.266287620757,0.9));
#20244=IFCCARTESIANPOINT((5.29082463249025,-18.3707317073171,0.9));
#20245=IFCCARTESIANPOINT((4.4,-16.,0.9));
#20246=IFCCARTESIANPOINT((4.63005702399618,-14.733712379243,0.9));
#20247=IFCCARTESIANPOINT((5.29082463249029,-13.6292682926829,0.9));
#20248=IFCCARTESIANPOINT((5.10075852690638,-19.1640328514815,0.9));
#20249=IFCCARTESIANPOINT((4.91455027589168,-19.2,0.9));
#20250=IFCCARTESIANPOINT((5.26017725864261,-19.0613059490162,0.9));
#20251=IFCCARTESIANPOINT((5.36987112229642,-18.9065984676353,0.9));
#20252=IFCCARTESIANPOINT((5.41405861592538,-18.722167955178,0.9));
#20253=IFCCARTESIANPOINT((5.38638254694545,-18.5345481701756,0.9));
#20254=IFCCARTESIANPOINT((5.38638254694548,-13.4654518298244,0.9));
#20255=IFCCARTESIANPOINT((5.41405861592542,-13.2778320448221,0.9));
#20256=IFCCARTESIANPOINT((5.36987112229646,-13.0934015323647,0.9));
#20257=IFCCARTESIANPOINT((5.26017725864265,-12.9386940509838,0.9));
#20258=IFCCARTESIANPOINT((5.10075852690642,-12.8359671485185,0.9));
#20259=IFCCARTESIANPOINT((4.91455027589171,-12.8,0.9));
#20260=IFCCARTESIANPOINT((3.48568501158668,-12.8,0.9));
#20261=IFCCARTESIANPOINT((3.48568501158668,-19.2,0.9));
#20262=IFCCARTESIANPOINT((1.92721382003115,-19.2,3.04069842172501));
#20263=IFCCARTESIANPOINT((0.673889295766564,-19.2,3.53636440671083));
#20264=IFCCARTESIANPOINT((-0.673889295766555,-19.2,3.53636440671083));
#20265=IFCCARTESIANPOINT((-1.92721382003114,-19.2,3.04069842172501));
#20266=IFCCARTESIANPOINT((2.9104150689423,-19.2,2.11884027866039));
#20267=IFCCARTESIANPOINT((-2.91041506894229,-19.2,2.11884027866039));
#20268=IFCCARTESIANPOINT((-3.48568501158667,-19.2,0.9));
#20269=IFCCARTESIANPOINT((-4.91455027589169,-19.2,0.9));
#20270=IFCCARTESIANPOINT((0.673889295766564,-12.8,3.53636440671083));
#20271=IFCCARTESIANPOINT((1.92721382003115,-12.8,3.04069842172501));
#20272=IFCCARTESIANPOINT((-0.673889295766555,-12.8,3.53636440671083));
#20273=IFCCARTESIANPOINT((2.9104150689423,-12.8,2.11884027866039));
#20274=IFCCARTESIANPOINT((-2.91041506894229,-12.8,2.11884027866039));
#20275=IFCCARTESIANPOINT((-1.92721382003114,-12.8,3.04069842172501));
#20276=IFCCARTESIANPOINT((-4.91455027589172,-12.8,0.9));
#20277=IFCCARTESIANPOINT((-3.48568501158667,-12.8,0.9));
#20278=IFCCARTESIANPOINT((-4.40000000000001,-16.,0.9));
#20279=IFCCARTESIANPOINT((-4.63005702399618,-17.266287620757,0.9));
#20280=IFCCARTESIANPOINT((-5.10075852690642,-12.8359671485185,0.9));
#20281=IFCCARTESIANPOINT((-5.26017725864266,-12.9386940509838,0.9));
#20282=IFCCARTESIANPOINT((-5.36987112229646,-13.0934015323647,0.9));
#20283=IFCCARTESIANPOINT((-5.41405861592543,-13.2778320448221,0.9));
#20284=IFCCARTESIANPOINT((-5.38638254694549,-13.4654518298244,0.9));
#20285=IFCCARTESIANPOINT((-5.29082463249029,-13.6292682926829,0.9));
#20286=IFCCARTESIANPOINT((-4.63005702399619,-14.733712379243,0.9));
#20287=IFCCARTESIANPOINT((-5.29082463249027,-18.3707317073171,0.9));
#20288=IFCCARTESIANPOINT((-5.38638254694546,-18.5345481701756,0.9));
#20289=IFCCARTESIANPOINT((-5.4140586159254,-18.7221679551779,0.9));
#20290=IFCCARTESIANPOINT((-5.36987112229644,-18.9065984676353,0.9));
#20291=IFCCARTESIANPOINT((-5.26017725864263,-19.0613059490162,0.9));
#20292=IFCCARTESIANPOINT((-5.1007585269064,-19.1640328514815,0.9));
#20293=IFCCARTESIANPOINT((26.5455844122716,-18.5455844122716,3.6));
#20294=IFCCARTESIANPOINT((26.7091753675097,-18.3707317073171,3.6));
#20295=IFCCARTESIANPOINT((26.7091753675097,-13.6292682926829,3.6));
#20296=IFCCARTESIANPOINT((27.3259663170406,-14.6223396434857,0.5));
#20297=IFCCARTESIANPOINT((26.7091753675097,-13.6292682926829,0.5));
#20298=IFCCARTESIANPOINT((25.3776603565143,-12.6740336829594,3.6));
#20299=IFCCARTESIANPOINT((26.5455844122716,-13.4544155877284,3.6));
#20300=IFCCARTESIANPOINT((26.7091753675097,-18.3707317073171,0.5));
#20301=IFCCARTESIANPOINT((27.3259663170406,-17.3776603565143,0.5));
#20302=IFCCARTESIANPOINT((25.3776603565143,-19.3259663170406,3.6));
#20303=IFCCARTESIANPOINT((27.6,-16.,0.5));
#20304=IFCCARTESIANPOINT((26.8992414730936,-19.1640328514815,0.5));
#20305=IFCCARTESIANPOINT((26.8992414730936,-19.1640328514815,3.6));
#20306=IFCCARTESIANPOINT((27.0854497241083,-19.2,3.6));
#20307=IFCCARTESIANPOINT((27.0854497241083,-19.2,0.5));
#20308=IFCCARTESIANPOINT((26.7398227413574,-19.0613059490162,0.5));
#20309=IFCCARTESIANPOINT((26.7398227413574,-19.0613059490162,3.6));
#20310=IFCCARTESIANPOINT((26.6301288777036,-18.9065984676353,0.5));
#20311=IFCCARTESIANPOINT((26.6301288777036,-18.9065984676353,3.6));
#20312=IFCCARTESIANPOINT((26.5859413840746,-18.7221679551779,0.5));
#20313=IFCCARTESIANPOINT((26.5859413840746,-18.7221679551779,3.6));
#20314=IFCCARTESIANPOINT((26.6136174530545,-18.5345481701756,0.5));
#20315=IFCCARTESIANPOINT((26.6136174530545,-18.5345481701756,3.6));
#20316=IFCCARTESIANPOINT((26.6136174530545,-13.4654518298244,0.5));
#20317=IFCCARTESIANPOINT((26.6136174530545,-13.4654518298244,3.6));
#20318=IFCCARTESIANPOINT((26.5859413840746,-13.2778320448221,0.5));
#20319=IFCCARTESIANPOINT((26.5859413840746,-13.2778320448221,3.6));
#20320=IFCCARTESIANPOINT((26.6301288777036,-13.0934015323647,0.5));
#20321=IFCCARTESIANPOINT((26.6301288777036,-13.0934015323647,3.6));
#20322=IFCCARTESIANPOINT((26.7398227413574,-12.9386940509838,0.5));
#20323=IFCCARTESIANPOINT((26.7398227413574,-12.9386940509838,3.6));
#20324=IFCCARTESIANPOINT((26.8992414730936,-12.8359671485185,0.5));
#20325=IFCCARTESIANPOINT((26.8992414730936,-12.8359671485185,3.6));
#20326=IFCCARTESIANPOINT((27.0854497241083,-12.8,0.5));
#20327=IFCCARTESIANPOINT((27.0854497241083,-12.8,3.6));
#20328=IFCCARTESIANPOINT((28.4348913060048,-19.2,0.5));
#20329=IFCCARTESIANPOINT((28.4348913060048,-12.8,0.5));
#20330=IFCCARTESIANPOINT((29.6377976377964,-19.2,2.71661554144123));
#20331=IFCCARTESIANPOINT((28.835888718159,-19.2,1.7170905031845));
#20332=IFCCARTESIANPOINT((29.6,-19.2,3.6));
#20333=IFCCARTESIANPOINT((30.7390114887891,-19.2,3.37192941423663));
#20334=IFCCARTESIANPOINT((32.,-19.2,3.6));
#20335=IFCCARTESIANPOINT((28.835888718159,-12.8,1.7170905031845));
#20336=IFCCARTESIANPOINT((29.6377976377964,-12.8,2.71661554144123));
#20337=IFCCARTESIANPOINT((30.7390114887891,-12.8,3.37192941423663));
#20338=IFCCARTESIANPOINT((29.6,-12.8,3.6));
#20339=IFCCARTESIANPOINT((32.,-12.8,3.6));
#20340=IFCCARTESIANPOINT((-26.7091753675097,-18.3707317073171,3.6));
#20341=IFCCARTESIANPOINT((-27.3259663170406,-17.3776603565143,0.5));
#20342=IFCCARTESIANPOINT((-26.7091753675097,-18.3707317073171,0.5));
#20343=IFCCARTESIANPOINT((-26.5455844122716,-13.4544155877284,3.6));
#20344=IFCCARTESIANPOINT((-26.7091753675097,-13.6292682926829,3.6));
#20345=IFCCARTESIANPOINT((-26.7091753675097,-13.6292682926829,0.5));
#20346=IFCCARTESIANPOINT((-27.3259663170406,-14.6223396434857,0.5));
#20347=IFCCARTESIANPOINT((-25.3776603565143,-12.6740336829594,3.6));
#20348=IFCCARTESIANPOINT((-25.3776603565143,-19.3259663170406,3.6));
#20349=IFCCARTESIANPOINT((-26.5455844122716,-18.5455844122716,3.6));
#20350=IFCCARTESIANPOINT((-27.6,-16.,0.5));
#20351=IFCCARTESIANPOINT((-26.6136174530545,-18.5345481701756,0.5));
#20352=IFCCARTESIANPOINT((-26.6136174530545,-18.5345481701756,3.6));
#20353=IFCCARTESIANPOINT((-26.5859413840746,-18.7221679551779,0.5));
#20354=IFCCARTESIANPOINT((-26.5859413840746,-18.7221679551779,3.6));
#20355=IFCCARTESIANPOINT((-26.6301288777036,-18.9065984676353,0.5));
#20356=IFCCARTESIANPOINT((-26.6301288777036,-18.9065984676353,3.6));
#20357=IFCCARTESIANPOINT((-26.7398227413574,-19.0613059490162,0.5));
#20358=IFCCARTESIANPOINT((-26.7398227413574,-19.0613059490162,3.6));
#20359=IFCCARTESIANPOINT((-26.8992414730936,-19.1640328514815,0.5));
#20360=IFCCARTESIANPOINT((-26.8992414730936,-19.1640328514815,3.6));
#20361=IFCCARTESIANPOINT((-27.0854497241083,-19.2,0.5));
#20362=IFCCARTESIANPOINT((-27.0854497241083,-19.2,3.6));
#20363=IFCCARTESIANPOINT((-26.8992414730936,-12.8359671485185,0.5));
#20364=IFCCARTESIANPOINT((-26.8992414730936,-12.8359671485185,3.6));
#20365=IFCCARTESIANPOINT((-27.0854497241083,-12.8,3.6));
#20366=IFCCARTESIANPOINT((-27.0854497241083,-12.8,0.5));
#20367=IFCCARTESIANPOINT((-26.7398227413574,-12.9386940509838,0.5));
#20368=IFCCARTESIANPOINT((-26.7398227413574,-12.9386940509838,3.6));
#20369=IFCCARTESIANPOINT((-26.6301288777036,-13.0934015323647,0.5));
#20370=IFCCARTESIANPOINT((-26.6301288777036,-13.0934015323647,3.6));
#20371=IFCCARTESIANPOINT((-26.5859413840746,-13.2778320448221,0.5));
#20372=IFCCARTESIANPOINT((-26.5859413840746,-13.2778320448221,3.6));
#20373=IFCCARTESIANPOINT((-26.6136174530545,-13.4654518298244,0.5));
#20374=IFCCARTESIANPOINT((-26.6136174530545,-13.4654518298244,3.6));
#20375=IFCCARTESIANPOINT((-28.4348913060048,-12.8,0.5));
#20376=IFCCARTESIANPOINT((-28.4348913060048,-19.2,0.5));
#20377=IFCCARTESIANPOINT((-29.6,-19.2,3.6));
#20378=IFCCARTESIANPOINT((-29.6377976377964,-19.2,2.71661554144122));
#20379=IFCCARTESIANPOINT((-30.7390114887891,-19.2,3.37192941423663));
#20380=IFCCARTESIANPOINT((-28.835888718159,-19.2,1.7170905031845));
#20381=IFCCARTESIANPOINT((-32.,-19.2,3.6));
#20382=IFCCARTESIANPOINT((-29.6377976377964,-12.8,2.71661554144122));
#20383=IFCCARTESIANPOINT((-28.835888718159,-12.8,1.7170905031845));
#20384=IFCCARTESIANPOINT((-29.6,-12.8,3.6));
#20385=IFCCARTESIANPOINT((-30.7390114887891,-12.8,3.37192941423663));
#20386=IFCCARTESIANPOINT((-32.,-12.8,3.6));
#20387=IFCCARTESIANPOINT((20.8,-19.8,3.6));
#20388=IFCCARTESIANPOINT((-20.8,-19.8,3.6));
#20389=IFCCARTESIANPOINT((29.6,-19.8,3.6));
#20390=IFCCARTESIANPOINT((-29.6,12.2,3.6));
#20391=IFCCARTESIANPOINT((-20.8,12.2,3.6));
#20392=IFCCARTESIANPOINT((-27.2,12.,3.6));
#20393=IFCCARTESIANPOINT((-21.6,12.,3.6));
#20394=IFCCARTESIANPOINT((-27.2,8.,3.6));
#20395=IFCCARTESIANPOINT((-20.8,0.,3.6));
#20396=IFCCARTESIANPOINT((-21.6,8.,3.6));
#20397=IFCCARTESIANPOINT((-29.6,-12.2,3.6));
#20398=IFCCARTESIANPOINT((-27.2,-12.,3.6));
#20399=IFCCARTESIANPOINT((-27.2,-8.,3.6));
#20400=IFCCARTESIANPOINT((-20.8,-12.2,3.6));
#20401=IFCCARTESIANPOINT((-21.6,-12.,3.6));
#20402=IFCCARTESIANPOINT((-21.6,-8.,3.6));
#20403=IFCCARTESIANPOINT((20.8,0.,3.6));
#20404=IFCCARTESIANPOINT((20.8,-12.2,3.6));
#20405=IFCCARTESIANPOINT((21.6,-12.,3.6));
#20406=IFCCARTESIANPOINT((21.6,-8.,3.6));
#20407=IFCCARTESIANPOINT((29.6,-12.2,3.6));
#20408=IFCCARTESIANPOINT((27.2,-12.,3.6));
#20409=IFCCARTESIANPOINT((27.2,-8.,3.6));
#20410=IFCCARTESIANPOINT((29.6,12.2,3.6));
#20411=IFCCARTESIANPOINT((27.2,12.,3.6));
#20412=IFCCARTESIANPOINT((27.2,8.,3.6));
#20413=IFCCARTESIANPOINT((20.8,12.2,3.6));
#20414=IFCCARTESIANPOINT((21.6,12.,3.6));
#20415=IFCCARTESIANPOINT((21.6,8.,3.6));
#20416=IFCCARTESIANPOINT((-29.6,-19.8,3.6));
#20417=IFCCARTESIANPOINT((-27.2,-10.2045407685049,2.84604989415154));
#20418=IFCCARTESIANPOINT((-27.2,-9.16495072450608,3.40630148540507));
#20419=IFCCARTESIANPOINT((-27.2,-12.,0.899999999999999));
#20420=IFCCARTESIANPOINT((-27.2,-11.4856850115867,0.899999999999999));
#20421=IFCCARTESIANPOINT((-27.2,-11.0068995501573,1.97953406014234));
#20422=IFCCARTESIANPOINT((-21.6,-10.2045407685049,2.84604989415154));
#20423=IFCCARTESIANPOINT((-21.6,-11.0068995501573,1.97953406014234));
#20424=IFCCARTESIANPOINT((-21.6,-9.16495072450608,3.40630148540507));
#20425=IFCCARTESIANPOINT((-21.6,-11.4856850115867,0.899999999999999));
#20426=IFCCARTESIANPOINT((-21.6,-12.,0.899999999999999));
#20427=IFCCARTESIANPOINT((-27.2,9.16495072450608,3.40630148540507));
#20428=IFCCARTESIANPOINT((-27.2,10.2045407685049,2.84604989415154));
#20429=IFCCARTESIANPOINT((-27.2,11.0068995501573,1.97953406014234));
#20430=IFCCARTESIANPOINT((-27.2,11.4856850115867,0.899999999999999));
#20431=IFCCARTESIANPOINT((-27.2,12.,0.899999999999999));
#20432=IFCCARTESIANPOINT((-21.6,11.0068995501573,1.97953406014234));
#20433=IFCCARTESIANPOINT((-21.6,10.2045407685049,2.84604989415154));
#20434=IFCCARTESIANPOINT((-21.6,9.16495072450608,3.40630148540507));
#20435=IFCCARTESIANPOINT((-21.6,12.,0.899999999999999));
#20436=IFCCARTESIANPOINT((-21.6,11.4856850115867,0.899999999999999));
#20437=IFCCARTESIANPOINT((27.2,-10.2045407685049,2.84604989415154));
#20438=IFCCARTESIANPOINT((27.2,-11.0068995501573,1.97953406014234));
#20439=IFCCARTESIANPOINT((27.2,-9.16495072450607,3.40630148540507));
#20440=IFCCARTESIANPOINT((27.2,-11.4856850115867,0.899999999999999));
#20441=IFCCARTESIANPOINT((27.2,-12.,0.899999999999999));
#20442=IFCCARTESIANPOINT((21.6,-10.2045407685049,2.84604989415154));
#20443=IFCCARTESIANPOINT((21.6,-9.16495072450607,3.40630148540507));
#20444=IFCCARTESIANPOINT((21.6,-12.,0.899999999999999));
#20445=IFCCARTESIANPOINT((21.6,-11.4856850115867,0.899999999999999));
#20446=IFCCARTESIANPOINT((21.6,-11.0068995501573,1.97953406014234));
#20447=IFCCARTESIANPOINT((21.6,12.,0.899999999999999));
#20448=IFCCARTESIANPOINT((27.2,12.,0.899999999999999));
#20449=IFCCARTESIANPOINT((21.6,11.4856850115867,0.899999999999999));
#20450=IFCCARTESIANPOINT((27.2,11.4856850115867,0.899999999999999));
#20451=IFCCARTESIANPOINT((27.2,9.16495072450608,3.40630148540507));
#20452=IFCCARTESIANPOINT((21.6,9.16495072450608,3.40630148540507));
#20453=IFCCARTESIANPOINT((27.2,10.2045407685049,2.84604989415154));
#20454=IFCCARTESIANPOINT((21.6,10.2045407685049,2.84604989415154));
#20455=IFCCARTESIANPOINT((27.2,11.0068995501573,1.97953406014234));
#20456=IFCCARTESIANPOINT((21.6,11.0068995501573,1.97953406014234));
#20457=IFCCARTESIANPOINT((0.,0.,0.));
#20458=IFCCARTESIANPOINT((0.,0.,0.));
#20459=IFCGEOMETRICREPRESENTATIONCONTEXT($,'Model',3,0.005,#15666,$);
#20460=IFCSIUNIT(*,.LENGTHUNIT.,.MILLI.,.METRE.);
#20461=IFCSIUNIT(*,.AREAUNIT.,$,.SQUARE_METRE.);
#20462=IFCSIUNIT(*,.VOLUMEUNIT.,$,.CUBIC_METRE.);
#20463=IFCSIUNIT(*,.PLANEANGLEUNIT.,$,.RADIAN.);
#20464=IFCOWNERHISTORY(#20466,#20465,$,.NOCHANGE.,0,$,$,0);
#20465=IFCAPPLICATION(#20467,' ',' ',' ');
#20466=IFCPERSONANDORGANIZATION(#20468,#20467,$);
#20467=IFCORGANIZATION($,' ',$,$,$);
#20468=IFCPERSON(' ',' ',' ',$,$,$,$,$);
ENDSEC;
END-ISO-10303-21;
