ISO-10303-21;
HEADER;
/* Generated by software containing ST-Developer
 * from STEP Tools, Inc. (www.steptools.com) 
 */
/* OPTION: strings as raw bytes, not using required /X/ escapes */

FILE_DESCRIPTION(
/* description */ ('Unknown'),
/* implementation_level */ '2;1');

FILE_NAME(
/* name */ 'Gray_4528038_AVV',
/* time_stamp */ '2025-07-21T23:59:53+02:00',
/* author */ ('Unknown'),
/* organization */ ('Unknown'),
/* preprocessor_version */ 'ST-DEVELOPER v19.4',
/* originating_system */ 'Unknown',
/* authorisation */ 'OpenTools');

FILE_SCHEMA (('IFC2X3'));
ENDSEC;

DATA;
#10=IFCPROPERTYSINGLEVALUE('ProjectName',$,IFCTEXT(''),$);
#11=IFCPROPERTYSINGLEVALUE('PartNumber',$,IFCTEXT(''),$);
#12=IFCRELDEFINESBYPROPERTIES('3cRq1JQpSwDOm5lsE5cG83',#5066,$,$,(#14),
#13);
#13=IFCPROPERTYSET('1jOd4kXgWorA4TVRi95rqH',#5066,
'empty property set name',$,(#10,#11));
#14=IFCBUILDINGELEMENTPROXY('2GP_XOK7Wq1Pa1NGQTVWHM',#5066,
'Gray_4528038_AVV',' ','Gray_4528038_AVV',#19,#15,' ',.ELEMENT.);
#15=IFCPRODUCTDEFINITIONSHAPE(' ',' ',(#25));
#16=IFCRELCONTAINEDINSPATIALSTRUCTURE('3HZhfx2I0vj9Cvp1GHER_f',#5066,
' ',' ',(#14),#20);
#17=IFCRELAGGREGATES('1jF0XzMGqvEA6wZwPLSawz',#5066,$,$,#3897,(#20));
#18=IFCLOCALPLACEMENT($,#3900);
#19=IFCLOCALPLACEMENT(#18,#3901);
#20=IFCBUILDING('3G2N19bOG__grq1LV0cQPU',#5066,'Default Building',$,$,#18,
$,$,.ELEMENT.,0.,0.,$);
#21=IFCCARTESIANTRANSFORMATIONOPERATOR3D($,$,#5059,1.,$);
#22=IFCMAPPEDITEM(#23,#21);
#23=IFCREPRESENTATIONMAP(#3900,#24);
#24=IFCSHAPEREPRESENTATION(#3899,'Body','Brep',(#3896));
#25=IFCSHAPEREPRESENTATION(#3899,'Body','MappedRepresentation',(#22));
#26=IFCPOLYLOOP((#3907,#3908,#3909,#3910));
#27=IFCPOLYLOOP((#3911,#3912,#3908,#3907));
#28=IFCPOLYLOOP((#3913,#3914,#3912,#3911));
#29=IFCPOLYLOOP((#3915,#3916,#3914,#3913));
#30=IFCPOLYLOOP((#3917,#3918,#3916,#3915));
#31=IFCPOLYLOOP((#3919,#3920,#3918,#3917));
#32=IFCPOLYLOOP((#3921,#3922,#3920,#3919));
#33=IFCPOLYLOOP((#3923,#3924,#3922,#3921));
#34=IFCPOLYLOOP((#3925,#3926,#3924,#3923));
#35=IFCPOLYLOOP((#3927,#3928,#3926,#3925));
#36=IFCPOLYLOOP((#3929,#3930,#3928,#3927));
#37=IFCPOLYLOOP((#3931,#3932,#3930,#3929));
#38=IFCPOLYLOOP((#3933,#3934,#3932,#3931));
#39=IFCPOLYLOOP((#3935,#3936,#3934,#3933));
#40=IFCPOLYLOOP((#3937,#3938,#3936,#3935));
#41=IFCPOLYLOOP((#3910,#3909,#3938,#3937));
#42=IFCPOLYLOOP((#3908,#3912,#3939,#3940));
#43=IFCPOLYLOOP((#3912,#3914,#3941,#3939));
#44=IFCPOLYLOOP((#3928,#3930,#3942,#3943));
#45=IFCPOLYLOOP((#3936,#3938,#3944,#3945));
#46=IFCPOLYLOOP((#3940,#3946,#3909,#3908));
#47=IFCPOLYLOOP((#3943,#3947,#3926,#3928));
#48=IFCPOLYLOOP((#3932,#3934,#3948,#3949));
#49=IFCPOLYLOOP((#3946,#3944,#3938,#3909));
#50=IFCPOLYLOOP((#3916,#3918,#3950,#3951));
#51=IFCPOLYLOOP((#3949,#3942,#3930,#3932));
#52=IFCPOLYLOOP((#3951,#3941,#3914,#3916));
#53=IFCPOLYLOOP((#3920,#3922,#3952,#3953));
#54=IFCPOLYLOOP((#3945,#3948,#3934,#3936));
#55=IFCPOLYLOOP((#3922,#3924,#3954,#3952));
#56=IFCPOLYLOOP((#3953,#3950,#3918,#3920));
#57=IFCPOLYLOOP((#3947,#3954,#3924,#3926));
#58=IFCPOLYLOOP((#3955,#3942,#3949,#3956));
#59=IFCPOLYLOOP((#3957,#3943,#3942,#3955));
#60=IFCPOLYLOOP((#3958,#3947,#3943,#3957));
#61=IFCPOLYLOOP((#3959,#3954,#3947,#3958));
#62=IFCPOLYLOOP((#3960,#3952,#3954,#3959));
#63=IFCPOLYLOOP((#3961,#3953,#3952,#3960));
#64=IFCPOLYLOOP((#3962,#3950,#3953,#3961));
#65=IFCPOLYLOOP((#3963,#3951,#3950,#3962));
#66=IFCPOLYLOOP((#3964,#3941,#3951,#3963));
#67=IFCPOLYLOOP((#3965,#3939,#3941,#3964));
#68=IFCPOLYLOOP((#3966,#3940,#3939,#3965));
#69=IFCPOLYLOOP((#3967,#3946,#3940,#3966));
#70=IFCPOLYLOOP((#3968,#3944,#3946,#3967));
#71=IFCPOLYLOOP((#3969,#3945,#3944,#3968));
#72=IFCPOLYLOOP((#3970,#3948,#3945,#3969));
#73=IFCPOLYLOOP((#3956,#3949,#3948,#3970));
#74=IFCPOLYLOOP((#3971,#3907,#3910));
#75=IFCPOLYLOOP((#3910,#3972,#3971));
#76=IFCPOLYLOOP((#3971,#3911,#3907));
#77=IFCPOLYLOOP((#3972,#3937,#3935));
#78=IFCPOLYLOOP((#3971,#3913,#3911));
#79=IFCPOLYLOOP((#3913,#3971,#3973));
#80=IFCPOLYLOOP((#3974,#3975,#3976,#3977));
#81=IFCPOLYLOOP((#3978,#3979,#3923));
#82=IFCPOLYLOOP((#3972,#3933,#3931));
#83=IFCPOLYLOOP((#3910,#3937,#3972));
#84=IFCPOLYLOOP((#3973,#3980,#3913));
#85=IFCPOLYLOOP((#3975,#3981,#3982,#3976));
#86=IFCPOLYLOOP((#3983,#3984,#3985,#3986));
#87=IFCPOLYLOOP((#3917,#3915,#3987,#3988));
#88=IFCPOLYLOOP((#3978,#3919,#3917,#3989));
#89=IFCPOLYLOOP((#3923,#3921,#3978));
#90=IFCPOLYLOOP((#3979,#3927,#3925));
#91=IFCPOLYLOOP((#3931,#3929,#3979,#3972));
#92=IFCPOLYLOOP((#3980,#3987,#3915,#3913));
#93=IFCPOLYLOOP((#3986,#3982,#3981,#3983));
#94=IFCPOLYLOOP((#3988,#3990,#3917));
#95=IFCPOLYLOOP((#3921,#3919,#3978));
#96=IFCPOLYLOOP((#3929,#3927,#3979));
#97=IFCPOLYLOOP((#3977,#3971,#3972,#3974));
#98=IFCPOLYLOOP((#3989,#3991,#3978));
#99=IFCPOLYLOOP((#3935,#3933,#3972));
#100=IFCPOLYLOOP((#3992,#3993,#3994,#3995));
#101=IFCPOLYLOOP((#3996,#3978,#3991,#3997));
#102=IFCPOLYLOOP((#3925,#3923,#3979));
#103=IFCPOLYLOOP((#3997,#3994,#3993,#3996));
#104=IFCPOLYLOOP((#3995,#3985,#3984,#3992));
#105=IFCPOLYLOOP((#3990,#3989,#3917));
#106=IFCPOLYLOOP((#3998,#3975,#3974,#3999));
#107=IFCPOLYLOOP((#4000,#3981,#3975,#3998));
#108=IFCPOLYLOOP((#4001,#3983,#3981,#4000));
#109=IFCPOLYLOOP((#4002,#3984,#3983,#4001));
#110=IFCPOLYLOOP((#4003,#3992,#3984,#4002));
#111=IFCPOLYLOOP((#4004,#3993,#3992,#4003));
#112=IFCPOLYLOOP((#4005,#3996,#3993,#4004));
#113=IFCPOLYLOOP((#4006,#3978,#3996,#4005));
#114=IFCPOLYLOOP((#3972,#4007,#4008));
#115=IFCPOLYLOOP((#3972,#3979,#4009,#4007));
#116=IFCPOLYLOOP((#3979,#4010,#4009));
#117=IFCPOLYLOOP((#3979,#4011,#4010));
#118=IFCPOLYLOOP((#4008,#4012,#3972));
#119=IFCPOLYLOOP((#3976,#4013,#4014,#3977));
#120=IFCPOLYLOOP((#3982,#4015,#4013,#3976));
#121=IFCPOLYLOOP((#3986,#4016,#4015,#3982));
#122=IFCPOLYLOOP((#3985,#4017,#4016,#3986));
#123=IFCPOLYLOOP((#3995,#4018,#4017,#3985));
#124=IFCPOLYLOOP((#3994,#4019,#4018,#3995));
#125=IFCPOLYLOOP((#3997,#4020,#4019,#3994));
#126=IFCPOLYLOOP((#3991,#4021,#4020,#3997));
#127=IFCPOLYLOOP((#3989,#4022,#4021,#3991));
#128=IFCPOLYLOOP((#3990,#4023,#4022,#3989));
#129=IFCPOLYLOOP((#3988,#4024,#4023,#3990));
#130=IFCPOLYLOOP((#3987,#4025,#4024,#3988));
#131=IFCPOLYLOOP((#3980,#4026,#4025,#3987));
#132=IFCPOLYLOOP((#3973,#4027,#4026,#3980));
#133=IFCPOLYLOOP((#3971,#4028,#4027,#3973));
#134=IFCPOLYLOOP((#3977,#4014,#4028,#3971));
#135=IFCPOLYLOOP((#4015,#4016,#4029,#4030));
#136=IFCPOLYLOOP((#4023,#4024,#4031,#4032));
#137=IFCPOLYLOOP((#4030,#4033,#4013,#4015));
#138=IFCPOLYLOOP((#4032,#4034,#4022,#4023));
#139=IFCPOLYLOOP((#4025,#4026,#4035,#4036));
#140=IFCPOLYLOOP((#4027,#4028,#4037,#4038));
#141=IFCPOLYLOOP((#4033,#4039,#4014,#4013));
#142=IFCPOLYLOOP((#4019,#4020,#4040,#4041));
#143=IFCPOLYLOOP((#4036,#4031,#4024,#4025));
#144=IFCPOLYLOOP((#4039,#4037,#4028,#4014));
#145=IFCPOLYLOOP((#4017,#4018,#4042,#4043));
#146=IFCPOLYLOOP((#4020,#4021,#4044,#4040));
#147=IFCPOLYLOOP((#4038,#4035,#4026,#4027));
#148=IFCPOLYLOOP((#4041,#4042,#4018,#4019));
#149=IFCPOLYLOOP((#4043,#4029,#4016,#4017));
#150=IFCPOLYLOOP((#4034,#4044,#4021,#4022));
#151=IFCPOLYLOOP((#4045,#4031,#4036,#4046));
#152=IFCPOLYLOOP((#4047,#4032,#4031,#4045));
#153=IFCPOLYLOOP((#4048,#4034,#4032,#4047));
#154=IFCPOLYLOOP((#4049,#4044,#4034,#4048));
#155=IFCPOLYLOOP((#4050,#4040,#4044,#4049));
#156=IFCPOLYLOOP((#4051,#4041,#4040,#4050));
#157=IFCPOLYLOOP((#4052,#4042,#4041,#4051));
#158=IFCPOLYLOOP((#4053,#4043,#4042,#4052));
#159=IFCPOLYLOOP((#4054,#4029,#4043,#4053));
#160=IFCPOLYLOOP((#4055,#4030,#4029,#4054));
#161=IFCPOLYLOOP((#4056,#4033,#4030,#4055));
#162=IFCPOLYLOOP((#4057,#4039,#4033,#4056));
#163=IFCPOLYLOOP((#4058,#4037,#4039,#4057));
#164=IFCPOLYLOOP((#4059,#4038,#4037,#4058));
#165=IFCPOLYLOOP((#4060,#4035,#4038,#4059));
#166=IFCPOLYLOOP((#4046,#4036,#4035,#4060));
#167=IFCPOLYLOOP((#4061,#4062,#3999));
#168=IFCPOLYLOOP((#4012,#4063,#4061));
#169=IFCPOLYLOOP((#4061,#3972,#4012));
#170=IFCPOLYLOOP((#3999,#3974,#3972,#4061));
#171=IFCPOLYLOOP((#4011,#3979,#4064));
#172=IFCPOLYLOOP((#4064,#3979,#3978,#4006));
#173=IFCPOLYLOOP((#4006,#4065,#4064));
#174=IFCPOLYLOOP((#4064,#4066,#4011));
#175=IFCPOLYLOOP((#4067,#4065,#4006,#4068));
#176=IFCPOLYLOOP((#4069,#3999,#4062,#4070));
#177=IFCPOLYLOOP((#4064,#4065,#4067,#4071));
#178=IFCPOLYLOOP((#4071,#4072,#4064));
#179=IFCPOLYLOOP((#4061,#4073,#4074));
#180=IFCPOLYLOOP((#4061,#4075,#4076));
#181=IFCPOLYLOOP((#4064,#4077,#4078));
#182=IFCPOLYLOOP((#4072,#4079,#4064));
#183=IFCPOLYLOOP((#4076,#4073,#4061));
#184=IFCPOLYLOOP((#4079,#4077,#4064));
#185=IFCPOLYLOOP((#4078,#4075,#4061,#4064));
#186=IFCPOLYLOOP((#4074,#4070,#4062,#4061));
#187=IFCPOLYLOOP((#4069,#4057,#4056));
#188=IFCPOLYLOOP((#4069,#4058,#4057));
#189=IFCPOLYLOOP((#3964,#4060,#4059));
#190=IFCPOLYLOOP((#4069,#3966,#3965));
#191=IFCPOLYLOOP((#4059,#4058,#4069,#3964));
#192=IFCPOLYLOOP((#3963,#4045,#4046));
#193=IFCPOLYLOOP((#4069,#4080,#3967,#3966));
#194=IFCPOLYLOOP((#4068,#3961,#3960));
#195=IFCPOLYLOOP((#4046,#4060,#3964,#3963));
#196=IFCPOLYLOOP((#3963,#4048,#4047));
#197=IFCPOLYLOOP((#4080,#4081,#3968,#3967));
#198=IFCPOLYLOOP((#4082,#4083,#3970,#3969));
#199=IFCPOLYLOOP((#3960,#3959,#4084,#4068));
#200=IFCPOLYLOOP((#4047,#4045,#3963));
#201=IFCPOLYLOOP((#3969,#3968,#4081,#4082));
#202=IFCPOLYLOOP((#4085,#4086,#3958,#3957));
#203=IFCPOLYLOOP((#4068,#3962,#3961));
#204=IFCPOLYLOOP((#4068,#4049,#4048));
#205=IFCPOLYLOOP((#4068,#4051,#4050));
#206=IFCPOLYLOOP((#3965,#3964,#4069));
#207=IFCPOLYLOOP((#4087,#4088,#3955,#3956));
#208=IFCPOLYLOOP((#3959,#3958,#4086,#4084));
#209=IFCPOLYLOOP((#4050,#4049,#4068));
#210=IFCPOLYLOOP((#4004,#4003,#4052,#4051));
#211=IFCPOLYLOOP((#3956,#3970,#4083,#4087));
#212=IFCPOLYLOOP((#4048,#3963,#3962,#4068));
#213=IFCPOLYLOOP((#4003,#4002,#4053,#4052));
#214=IFCPOLYLOOP((#3957,#3955,#4088,#4085));
#215=IFCPOLYLOOP((#4000,#3998,#3999,#4069,#4055));
#216=IFCPOLYLOOP((#4056,#4055,#4069));
#217=IFCPOLYLOOP((#4055,#4054,#4001,#4000));
#218=IFCPOLYLOOP((#4054,#4053,#4002,#4001));
#219=IFCPOLYLOOP((#4051,#4068,#4006,#4005,#4004));
#220=IFCPOLYLOOP((#4067,#4068,#4084,#4071));
#221=IFCPOLYLOOP((#4074,#4080,#4069,#4070));
#222=IFCPOLYLOOP((#4073,#4081,#4080,#4074));
#223=IFCPOLYLOOP((#4076,#4082,#4081,#4073));
#224=IFCPOLYLOOP((#4075,#4083,#4082,#4076));
#225=IFCPOLYLOOP((#4078,#4087,#4083,#4075));
#226=IFCPOLYLOOP((#4077,#4088,#4087,#4078));
#227=IFCPOLYLOOP((#4079,#4085,#4088,#4077));
#228=IFCPOLYLOOP((#4072,#4086,#4085,#4079));
#229=IFCPOLYLOOP((#4071,#4084,#4086,#4072));
#230=IFCPOLYLOOP((#4089,#4090,#4091,#4092));
#231=IFCPOLYLOOP((#4093,#4094,#4095,#4096));
#232=IFCPOLYLOOP((#4097,#4098,#4099));
#233=IFCPOLYLOOP((#4089,#4100,#4101));
#234=IFCPOLYLOOP((#4102,#4103,#4104));
#235=IFCPOLYLOOP((#4105,#4106,#4107));
#236=IFCPOLYLOOP((#4108,#4106,#4105,#4066));
#237=IFCPOLYLOOP((#4096,#4109,#4063,#4110,#4093));
#238=IFCPOLYLOOP((#4097,#4111,#4112,#4098));
#239=IFCPOLYLOOP((#4089,#4113,#4100));
#240=IFCPOLYLOOP((#4102,#4105,#4114,#4103));
#241=IFCPOLYLOOP((#4066,#4064,#4108));
#242=IFCPOLYLOOP((#4099,#4095,#4094,#4097));
#243=IFCPOLYLOOP((#4089,#4104,#4113));
#244=IFCPOLYLOOP((#4107,#4114,#4105));
#245=IFCPOLYLOOP((#4101,#4112,#4111,#4115,#4089));
#246=IFCPOLYLOOP((#4064,#4061,#4116,#4108));
#247=IFCPOLYLOOP((#4116,#4061,#4063));
#248=IFCPOLYLOOP((#4109,#4116,#4063));
#249=IFCPOLYLOOP((#4092,#4102,#4104,#4089));
#250=IFCPOLYLOOP((#4092,#4117,#4118,#4119,#4102));
#251=IFCPOLYLOOP((#4105,#4120,#4121,#4122,#4066));
#252=IFCPOLYLOOP((#4123,#4102,#4119,#4124));
#253=IFCPOLYLOOP((#4124,#4125,#4123));
#254=IFCPOLYLOOP((#4126,#4120,#4105,#4127));
#255=IFCPOLYLOOP((#4127,#4128,#4126));
#256=IFCPOLYLOOP((#4102,#4123,#4125));
#257=IFCPOLYLOOP((#4125,#4128,#4102));
#258=IFCPOLYLOOP((#4125,#4129,#4130,#4128));
#259=IFCPOLYLOOP((#4128,#4127,#4105,#4102));
#260=IFCPOLYLOOP((#4109,#4131,#4132,#4116));
#261=IFCPOLYLOOP((#4096,#4133,#4131,#4109));
#262=IFCPOLYLOOP((#4095,#4134,#4133,#4096));
#263=IFCPOLYLOOP((#4099,#4135,#4134,#4095));
#264=IFCPOLYLOOP((#4098,#4136,#4135,#4099));
#265=IFCPOLYLOOP((#4112,#4137,#4136,#4098));
#266=IFCPOLYLOOP((#4101,#4138,#4137,#4112));
#267=IFCPOLYLOOP((#4100,#4139,#4138,#4101));
#268=IFCPOLYLOOP((#4113,#4140,#4139,#4100));
#269=IFCPOLYLOOP((#4104,#4141,#4140,#4113));
#270=IFCPOLYLOOP((#4103,#4142,#4141,#4104));
#271=IFCPOLYLOOP((#4114,#4143,#4142,#4103));
#272=IFCPOLYLOOP((#4107,#4144,#4143,#4114));
#273=IFCPOLYLOOP((#4106,#4145,#4144,#4107));
#274=IFCPOLYLOOP((#4108,#4146,#4145,#4106));
#275=IFCPOLYLOOP((#4116,#4132,#4146,#4108));
#276=IFCPOLYLOOP((#4138,#4139,#4147,#4148));
#277=IFCPOLYLOOP((#4136,#4137,#4149,#4150));
#278=IFCPOLYLOOP((#4139,#4140,#4151,#4147));
#279=IFCPOLYLOOP((#4131,#4133,#4152,#4153));
#280=IFCPOLYLOOP((#4134,#4135,#4154,#4155));
#281=IFCPOLYLOOP((#4148,#4149,#4137,#4138));
#282=IFCPOLYLOOP((#4142,#4143,#4156,#4157));
#283=IFCPOLYLOOP((#4155,#4152,#4133,#4134));
#284=IFCPOLYLOOP((#4140,#4141,#4158,#4151));
#285=IFCPOLYLOOP((#4143,#4144,#4159,#4156));
#286=IFCPOLYLOOP((#4145,#4146,#4160,#4161));
#287=IFCPOLYLOOP((#4150,#4154,#4135,#4136));
#288=IFCPOLYLOOP((#4161,#4159,#4144,#4145));
#289=IFCPOLYLOOP((#4157,#4158,#4141,#4142));
#290=IFCPOLYLOOP((#4146,#4132,#4162,#4160));
#291=IFCPOLYLOOP((#4153,#4162,#4132,#4131));
#292=IFCPOLYLOOP((#4153,#4163,#4164,#4162));
#293=IFCPOLYLOOP((#4152,#4165,#4163,#4153));
#294=IFCPOLYLOOP((#4155,#4166,#4165,#4152));
#295=IFCPOLYLOOP((#4154,#4167,#4166,#4155));
#296=IFCPOLYLOOP((#4150,#4168,#4167,#4154));
#297=IFCPOLYLOOP((#4149,#4169,#4168,#4150));
#298=IFCPOLYLOOP((#4148,#4170,#4169,#4149));
#299=IFCPOLYLOOP((#4147,#4171,#4170,#4148));
#300=IFCPOLYLOOP((#4151,#4172,#4171,#4147));
#301=IFCPOLYLOOP((#4158,#4173,#4172,#4151));
#302=IFCPOLYLOOP((#4157,#4174,#4173,#4158));
#303=IFCPOLYLOOP((#4156,#4175,#4174,#4157));
#304=IFCPOLYLOOP((#4159,#4176,#4175,#4156));
#305=IFCPOLYLOOP((#4161,#4177,#4176,#4159));
#306=IFCPOLYLOOP((#4160,#4178,#4177,#4161));
#307=IFCPOLYLOOP((#4162,#4164,#4178,#4160));
#308=IFCPOLYLOOP((#4179,#4180,#4176,#4177));
#309=IFCPOLYLOOP((#4181,#4182,#4169,#4170));
#310=IFCPOLYLOOP((#4180,#4183,#4175,#4176));
#311=IFCPOLYLOOP((#4182,#4184,#4168,#4169));
#312=IFCPOLYLOOP((#4183,#4185,#4174,#4175));
#313=IFCPOLYLOOP((#4184,#4186,#4167,#4168));
#314=IFCPOLYLOOP((#4187,#4188,#4165,#4166));
#315=IFCPOLYLOOP((#4189,#4190,#4178,#4164));
#316=IFCPOLYLOOP((#4185,#4191,#4173,#4174));
#317=IFCPOLYLOOP((#4166,#4167,#4186,#4187));
#318=IFCPOLYLOOP((#4164,#4163,#4192,#4189));
#319=IFCPOLYLOOP((#4191,#4193,#4172,#4173));
#320=IFCPOLYLOOP((#4163,#4165,#4188,#4192));
#321=IFCPOLYLOOP((#4193,#4194,#4171,#4172));
#322=IFCPOLYLOOP((#4177,#4178,#4190,#4179));
#323=IFCPOLYLOOP((#4170,#4171,#4194,#4181));
#324=IFCPOLYLOOP((#4192,#4195,#4196,#4189));
#325=IFCPOLYLOOP((#4188,#4197,#4195,#4192));
#326=IFCPOLYLOOP((#4187,#4198,#4197,#4188));
#327=IFCPOLYLOOP((#4186,#4199,#4198,#4187));
#328=IFCPOLYLOOP((#4184,#4200,#4199,#4186));
#329=IFCPOLYLOOP((#4182,#4201,#4200,#4184));
#330=IFCPOLYLOOP((#4181,#4202,#4201,#4182));
#331=IFCPOLYLOOP((#4194,#4203,#4202,#4181));
#332=IFCPOLYLOOP((#4193,#4204,#4203,#4194));
#333=IFCPOLYLOOP((#4191,#4205,#4204,#4193));
#334=IFCPOLYLOOP((#4185,#4206,#4205,#4191));
#335=IFCPOLYLOOP((#4183,#4207,#4206,#4185));
#336=IFCPOLYLOOP((#4180,#4208,#4207,#4183));
#337=IFCPOLYLOOP((#4179,#4209,#4208,#4180));
#338=IFCPOLYLOOP((#4190,#4210,#4209,#4179));
#339=IFCPOLYLOOP((#4189,#4196,#4210,#4190));
#340=IFCPOLYLOOP((#4211,#4212,#4210,#4196));
#341=IFCPOLYLOOP((#4212,#4213,#4209,#4210));
#342=IFCPOLYLOOP((#4130,#4207,#4208));
#343=IFCPOLYLOOP((#4208,#4209,#4213,#4130));
#344=IFCPOLYLOOP((#4214,#4215,#4201,#4202));
#345=IFCPOLYLOOP((#4130,#4129,#4206,#4207));
#346=IFCPOLYLOOP((#4215,#4216,#4200,#4201));
#347=IFCPOLYLOOP((#4217,#4218,#4219,#4198,#4199));
#348=IFCPOLYLOOP((#4129,#4220,#4205,#4206));
#349=IFCPOLYLOOP((#4199,#4200,#4216,#4217));
#350=IFCPOLYLOOP((#4221,#4222,#4195,#4197));
#351=IFCPOLYLOOP((#4220,#4223,#4204,#4205));
#352=IFCPOLYLOOP((#4197,#4198,#4219,#4221));
#353=IFCPOLYLOOP((#4223,#4224,#4203,#4204));
#354=IFCPOLYLOOP((#4196,#4195,#4222,#4211));
#355=IFCPOLYLOOP((#4202,#4203,#4224,#4214));
#356=IFCPOLYLOOP((#4213,#4225,#4226,#4130));
#357=IFCPOLYLOOP((#4227,#4226,#4225));
#358=IFCPOLYLOOP((#4129,#4228,#4229,#4220));
#359=IFCPOLYLOOP((#4229,#4228,#4230));
#360=IFCPOLYLOOP((#4231,#4229,#4230));
#361=IFCPOLYLOOP((#4231,#4223,#4220,#4229));
#362=IFCPOLYLOOP((#4232,#4233,#4227));
#363=IFCPOLYLOOP((#4227,#4225,#4232));
#364=IFCPOLYLOOP((#4225,#4213,#4212,#4232));
#365=IFCPOLYLOOP((#4230,#4234,#4231));
#366=IFCPOLYLOOP((#4235,#4224,#4223,#4231));
#367=IFCPOLYLOOP((#4236,#4214,#4224,#4235));
#368=IFCPOLYLOOP((#4237,#4215,#4214,#4236));
#369=IFCPOLYLOOP((#4238,#4216,#4215,#4237));
#370=IFCPOLYLOOP((#4239,#4217,#4216,#4238));
#371=IFCPOLYLOOP((#4240,#4218,#4217,#4239));
#372=IFCPOLYLOOP((#4241,#4219,#4218,#4240));
#373=IFCPOLYLOOP((#4242,#4221,#4219,#4241));
#374=IFCPOLYLOOP((#4243,#4222,#4221,#4242));
#375=IFCPOLYLOOP((#4244,#4211,#4222,#4243));
#376=IFCPOLYLOOP((#4232,#4212,#4211,#4244));
#377=IFCPOLYLOOP((#4245,#4246,#4235,#4231));
#378=IFCPOLYLOOP((#4246,#4247,#4236,#4235));
#379=IFCPOLYLOOP((#4248,#4249,#4238,#4237));
#380=IFCPOLYLOOP((#4237,#4236,#4247,#4248));
#381=IFCPOLYLOOP((#4249,#4250,#4239,#4238));
#382=IFCPOLYLOOP((#4251,#4252,#4241,#4240));
#383=IFCPOLYLOOP((#4240,#4239,#4250,#4251));
#384=IFCPOLYLOOP((#4253,#4254,#4243,#4242));
#385=IFCPOLYLOOP((#4242,#4241,#4252,#4253));
#386=IFCPOLYLOOP((#4254,#4255,#4244,#4243));
#387=IFCPOLYLOOP((#4256,#4257,#4233,#4232));
#388=IFCPOLYLOOP((#4232,#4244,#4255,#4256));
#389=IFCPOLYLOOP((#4231,#4234,#4258,#4245));
#390=IFCPOLYLOOP((#4091,#4259,#4260));
#391=IFCPOLYLOOP((#4261,#4092,#4091));
#392=IFCPOLYLOOP((#4091,#4262,#4261));
#393=IFCPOLYLOOP((#4260,#4263,#4262,#4091));
#394=IFCPOLYLOOP((#4264,#4265,#4266));
#395=IFCPOLYLOOP((#4266,#4267,#4264));
#396=IFCPOLYLOOP((#4267,#4268,#4262,#4264));
#397=IFCPOLYLOOP((#4268,#4269,#4262));
#398=IFCPOLYLOOP((#4269,#4261,#4262));
#399=IFCPOLYLOOP((#4265,#4264,#4090));
#400=IFCPOLYLOOP((#4090,#4264,#4270,#4271));
#401=IFCPOLYLOOP((#4271,#4272,#4090));
#402=IFCPOLYLOOP((#4090,#4089,#4265));
#403=IFCPOLYLOOP((#4273,#4274,#4263,#4260));
#404=IFCPOLYLOOP((#4275,#4276,#4274,#4273));
#405=IFCPOLYLOOP((#4277,#4278,#4276,#4275));
#406=IFCPOLYLOOP((#4279,#4280,#4278,#4277));
#407=IFCPOLYLOOP((#4281,#4282,#4280,#4279));
#408=IFCPOLYLOOP((#4283,#4284,#4282,#4281));
#409=IFCPOLYLOOP((#4285,#4286,#4284,#4283));
#410=IFCPOLYLOOP((#4271,#4270,#4286,#4285));
#411=IFCPOLYLOOP((#4287,#4260,#4259,#4288));
#412=IFCPOLYLOOP((#4289,#4272,#4271,#4290));
#413=IFCPOLYLOOP((#4090,#4291,#4292));
#414=IFCPOLYLOOP((#4090,#4272,#4289,#4293));
#415=IFCPOLYLOOP((#4091,#4294,#4295));
#416=IFCPOLYLOOP((#4091,#4296,#4297));
#417=IFCPOLYLOOP((#4090,#4298,#4291));
#418=IFCPOLYLOOP((#4293,#4299,#4090));
#419=IFCPOLYLOOP((#4297,#4294,#4091));
#420=IFCPOLYLOOP((#4299,#4298,#4090));
#421=IFCPOLYLOOP((#4292,#4296,#4091,#4090));
#422=IFCPOLYLOOP((#4295,#4288,#4259,#4091));
#423=IFCPOLYLOOP((#4289,#4290,#4300,#4293));
#424=IFCPOLYLOOP((#4294,#4301,#4302,#4295));
#425=IFCPOLYLOOP((#4297,#4303,#4301,#4294));
#426=IFCPOLYLOOP((#4296,#4304,#4303,#4297));
#427=IFCPOLYLOOP((#4292,#4305,#4304,#4296));
#428=IFCPOLYLOOP((#4291,#4306,#4305,#4292));
#429=IFCPOLYLOOP((#4298,#4307,#4306,#4291));
#430=IFCPOLYLOOP((#4299,#4308,#4307,#4298));
#431=IFCPOLYLOOP((#4293,#4300,#4308,#4299));
#432=IFCPOLYLOOP((#4295,#4302,#4287,#4288));
#433=IFCPOLYLOOP((#4300,#4309,#4310));
#434=IFCPOLYLOOP((#4311,#4312,#4313));
#435=IFCPOLYLOOP((#4277,#4287,#4314,#4315));
#436=IFCPOLYLOOP((#4307,#4308,#4316,#4317));
#437=IFCPOLYLOOP((#4313,#4309,#4300,#4311));
#438=IFCPOLYLOOP((#4290,#4318,#4319));
#439=IFCPOLYLOOP((#4287,#4320,#4314));
#440=IFCPOLYLOOP((#4310,#4316,#4308,#4300));
#441=IFCPOLYLOOP((#4321,#4322,#4323));
#442=IFCPOLYLOOP((#4300,#4324,#4325));
#443=IFCPOLYLOOP((#4290,#4326,#4318));
#444=IFCPOLYLOOP((#4283,#4281,#4327,#4326));
#445=IFCPOLYLOOP((#4279,#4277,#4328,#4329));
#446=IFCPOLYLOOP((#4287,#4330,#4320));
#447=IFCPOLYLOOP((#4323,#4312,#4311,#4321));
#448=IFCPOLYLOOP((#4319,#4324,#4300,#4290));
#449=IFCPOLYLOOP((#4302,#4331,#4332));
#450=IFCPOLYLOOP((#4329,#4327,#4281,#4279));
#451=IFCPOLYLOOP((#4287,#4333,#4330));
#452=IFCPOLYLOOP((#4325,#4311,#4300));
#453=IFCPOLYLOOP((#4302,#4334,#4333));
#454=IFCPOLYLOOP((#4302,#4301,#4335,#4331));
#455=IFCPOLYLOOP((#4303,#4304,#4336,#4337));
#456=IFCPOLYLOOP((#4315,#4328,#4277));
#457=IFCPOLYLOOP((#4317,#4338,#4306,#4307));
#458=IFCPOLYLOOP((#4321,#4332,#4339));
#459=IFCPOLYLOOP((#4332,#4321,#4334,#4302));
#460=IFCPOLYLOOP((#4304,#4305,#4340,#4336));
#461=IFCPOLYLOOP((#4277,#4275,#4273,#4260,#4287));
#462=IFCPOLYLOOP((#4339,#4322,#4321));
#463=IFCPOLYLOOP((#4337,#4335,#4301,#4303));
#464=IFCPOLYLOOP((#4338,#4340,#4305,#4306));
#465=IFCPOLYLOOP((#4326,#4290,#4271,#4285,#4283));
#466=IFCPOLYLOOP((#4333,#4287,#4302));
#467=IFCPOLYLOOP((#4311,#4341,#4342,#4321));
#468=IFCPOLYLOOP((#4325,#4343,#4341,#4311));
#469=IFCPOLYLOOP((#4324,#4344,#4343,#4325));
#470=IFCPOLYLOOP((#4319,#4345,#4344,#4324));
#471=IFCPOLYLOOP((#4318,#4346,#4345,#4319));
#472=IFCPOLYLOOP((#4326,#4347,#4346,#4318));
#473=IFCPOLYLOOP((#4327,#4348,#4347,#4326));
#474=IFCPOLYLOOP((#4329,#4349,#4348,#4327));
#475=IFCPOLYLOOP((#4328,#4350,#4349,#4329));
#476=IFCPOLYLOOP((#4315,#4351,#4350,#4328));
#477=IFCPOLYLOOP((#4314,#4352,#4351,#4315));
#478=IFCPOLYLOOP((#4320,#4353,#4352,#4314));
#479=IFCPOLYLOOP((#4330,#4354,#4353,#4320));
#480=IFCPOLYLOOP((#4333,#4355,#4354,#4330));
#481=IFCPOLYLOOP((#4334,#4356,#4355,#4333));
#482=IFCPOLYLOOP((#4321,#4342,#4356,#4334));
#483=IFCPOLYLOOP((#4338,#4357,#4358,#4340));
#484=IFCPOLYLOOP((#4317,#4359,#4357,#4338));
#485=IFCPOLYLOOP((#4316,#4360,#4359,#4317));
#486=IFCPOLYLOOP((#4310,#4361,#4360,#4316));
#487=IFCPOLYLOOP((#4309,#4362,#4361,#4310));
#488=IFCPOLYLOOP((#4313,#4363,#4362,#4309));
#489=IFCPOLYLOOP((#4312,#4364,#4363,#4313));
#490=IFCPOLYLOOP((#4323,#4365,#4364,#4312));
#491=IFCPOLYLOOP((#4322,#4366,#4365,#4323));
#492=IFCPOLYLOOP((#4339,#4367,#4366,#4322));
#493=IFCPOLYLOOP((#4332,#4368,#4367,#4339));
#494=IFCPOLYLOOP((#4331,#4369,#4368,#4332));
#495=IFCPOLYLOOP((#4335,#4370,#4369,#4331));
#496=IFCPOLYLOOP((#4337,#4371,#4370,#4335));
#497=IFCPOLYLOOP((#4336,#4372,#4371,#4337));
#498=IFCPOLYLOOP((#4340,#4358,#4372,#4336));
#499=IFCPOLYLOOP((#4373,#4374,#4366,#4367));
#500=IFCPOLYLOOP((#4367,#4368,#4375,#4373));
#501=IFCPOLYLOOP((#4376,#4377,#4370,#4371));
#502=IFCPOLYLOOP((#4368,#4369,#4378,#4375));
#503=IFCPOLYLOOP((#4379,#4380,#4357,#4359));
#504=IFCPOLYLOOP((#4381,#4382,#4372,#4358));
#505=IFCPOLYLOOP((#4369,#4370,#4377,#4378));
#506=IFCPOLYLOOP((#4383,#4384,#4362,#4363));
#507=IFCPOLYLOOP((#4359,#4360,#4385,#4379));
#508=IFCPOLYLOOP((#4371,#4372,#4382,#4376));
#509=IFCPOLYLOOP((#4386,#4387,#4364,#4365));
#510=IFCPOLYLOOP((#4384,#4388,#4361,#4362));
#511=IFCPOLYLOOP((#4358,#4357,#4380,#4381));
#512=IFCPOLYLOOP((#4363,#4364,#4387,#4383));
#513=IFCPOLYLOOP((#4365,#4366,#4374,#4386));
#514=IFCPOLYLOOP((#4360,#4361,#4388,#4385));
#515=IFCPOLYLOOP((#4389,#4385,#4388,#4390));
#516=IFCPOLYLOOP((#4391,#4379,#4385,#4389));
#517=IFCPOLYLOOP((#4392,#4380,#4379,#4391));
#518=IFCPOLYLOOP((#4393,#4381,#4380,#4392));
#519=IFCPOLYLOOP((#4394,#4382,#4381,#4393));
#520=IFCPOLYLOOP((#4395,#4376,#4382,#4394));
#521=IFCPOLYLOOP((#4396,#4377,#4376,#4395));
#522=IFCPOLYLOOP((#4397,#4378,#4377,#4396));
#523=IFCPOLYLOOP((#4398,#4375,#4378,#4397));
#524=IFCPOLYLOOP((#4399,#4373,#4375,#4398));
#525=IFCPOLYLOOP((#4400,#4374,#4373,#4399));
#526=IFCPOLYLOOP((#4401,#4386,#4374,#4400));
#527=IFCPOLYLOOP((#4402,#4387,#4386,#4401));
#528=IFCPOLYLOOP((#4403,#4383,#4387,#4402));
#529=IFCPOLYLOOP((#4404,#4384,#4383,#4403));
#530=IFCPOLYLOOP((#4390,#4388,#4384,#4404));
#531=IFCPOLYLOOP((#4400,#4405,#4406));
#532=IFCPOLYLOOP((#4400,#4407,#4405));
#533=IFCPOLYLOOP((#4264,#4391,#4389));
#534=IFCPOLYLOOP((#4262,#4396,#4395));
#535=IFCPOLYLOOP((#4263,#4398,#4397));
#536=IFCPOLYLOOP((#4406,#4408,#4401,#4400));
#537=IFCPOLYLOOP((#4270,#4403,#4402,#4409));
#538=IFCPOLYLOOP((#4264,#4392,#4391));
#539=IFCPOLYLOOP((#4262,#4394,#4393));
#540=IFCPOLYLOOP((#4262,#4397,#4396));
#541=IFCPOLYLOOP((#4263,#4399,#4398));
#542=IFCPOLYLOOP((#4399,#4263,#4410,#4407));
#543=IFCPOLYLOOP((#4274,#4276,#4411,#4412));
#544=IFCPOLYLOOP((#4402,#4401,#4408,#4413));
#545=IFCPOLYLOOP((#4270,#4404,#4403));
#546=IFCPOLYLOOP((#4270,#4264,#4390));
#547=IFCPOLYLOOP((#4393,#4392,#4264,#4262));
#548=IFCPOLYLOOP((#4397,#4262,#4263));
#549=IFCPOLYLOOP((#4412,#4410,#4263,#4274));
#550=IFCPOLYLOOP((#4278,#4280,#4414,#4415));
#551=IFCPOLYLOOP((#4413,#4416,#4402));
#552=IFCPOLYLOOP((#4390,#4404,#4270));
#553=IFCPOLYLOOP((#4395,#4394,#4262));
#554=IFCPOLYLOOP((#4415,#4411,#4276,#4278));
#555=IFCPOLYLOOP((#4282,#4284,#4417,#4418));
#556=IFCPOLYLOOP((#4409,#4419,#4270));
#557=IFCPOLYLOOP((#4400,#4399,#4407));
#558=IFCPOLYLOOP((#4284,#4286,#4420,#4417));
#559=IFCPOLYLOOP((#4389,#4390,#4264));
#560=IFCPOLYLOOP((#4286,#4270,#4419,#4420));
#561=IFCPOLYLOOP((#4418,#4414,#4280,#4282));
#562=IFCPOLYLOOP((#4416,#4409,#4402));
#563=IFCPOLYLOOP((#4409,#4421,#4422,#4419));
#564=IFCPOLYLOOP((#4416,#4423,#4421,#4409));
#565=IFCPOLYLOOP((#4413,#4424,#4423,#4416));
#566=IFCPOLYLOOP((#4408,#4425,#4424,#4413));
#567=IFCPOLYLOOP((#4406,#4426,#4425,#4408));
#568=IFCPOLYLOOP((#4405,#4427,#4426,#4406));
#569=IFCPOLYLOOP((#4407,#4428,#4427,#4405));
#570=IFCPOLYLOOP((#4410,#4429,#4428,#4407));
#571=IFCPOLYLOOP((#4412,#4430,#4429,#4410));
#572=IFCPOLYLOOP((#4411,#4431,#4430,#4412));
#573=IFCPOLYLOOP((#4415,#4432,#4431,#4411));
#574=IFCPOLYLOOP((#4414,#4433,#4432,#4415));
#575=IFCPOLYLOOP((#4418,#4434,#4433,#4414));
#576=IFCPOLYLOOP((#4417,#4435,#4434,#4418));
#577=IFCPOLYLOOP((#4420,#4436,#4435,#4417));
#578=IFCPOLYLOOP((#4419,#4422,#4436,#4420));
#579=IFCPOLYLOOP((#4431,#4432,#4350,#4351));
#580=IFCPOLYLOOP((#4351,#4352,#4430,#4431));
#581=IFCPOLYLOOP((#4427,#4428,#4354,#4355));
#582=IFCPOLYLOOP((#4352,#4353,#4429,#4430));
#583=IFCPOLYLOOP((#4423,#4424,#4341,#4343));
#584=IFCPOLYLOOP((#4425,#4426,#4356,#4342));
#585=IFCPOLYLOOP((#4353,#4354,#4428,#4429));
#586=IFCPOLYLOOP((#4435,#4436,#4346,#4347));
#587=IFCPOLYLOOP((#4343,#4344,#4421,#4423));
#588=IFCPOLYLOOP((#4355,#4356,#4426,#4427));
#589=IFCPOLYLOOP((#4433,#4434,#4348,#4349));
#590=IFCPOLYLOOP((#4436,#4422,#4345,#4346));
#591=IFCPOLYLOOP((#4342,#4341,#4424,#4425));
#592=IFCPOLYLOOP((#4347,#4348,#4434,#4435));
#593=IFCPOLYLOOP((#4349,#4350,#4432,#4433));
#594=IFCPOLYLOOP((#4344,#4345,#4422,#4421));
#595=IFCPOLYLOOP((#4254,#4253,#4012));
#596=IFCPOLYLOOP((#4012,#4008,#4254));
#597=IFCPOLYLOOP((#4253,#4110,#4063,#4012));
#598=IFCPOLYLOOP((#4254,#4009,#4010));
#599=IFCPOLYLOOP((#4254,#4007,#4009));
#600=IFCPOLYLOOP((#4122,#4437,#4438));
#601=IFCPOLYLOOP((#4121,#4439,#4440));
#602=IFCPOLYLOOP((#4440,#4122,#4121));
#603=IFCPOLYLOOP((#4440,#4441,#4122));
#604=IFCPOLYLOOP((#4441,#4437,#4122));
#605=IFCPOLYLOOP((#4438,#4442,#4122));
#606=IFCPOLYLOOP((#4066,#4122,#4443));
#607=IFCPOLYLOOP((#4443,#4011,#4066));
#608=IFCPOLYLOOP((#4010,#4011,#4444));
#609=IFCPOLYLOOP((#4444,#4255,#4010));
#610=IFCPOLYLOOP((#4444,#4445,#4255));
#611=IFCPOLYLOOP((#4445,#4256,#4255));
#612=IFCPOLYLOOP((#4257,#4256,#4446));
#613=IFCPOLYLOOP((#4256,#4447,#4446));
#614=IFCPOLYLOOP((#4256,#4448,#4447));
#615=IFCPOLYLOOP((#4256,#4445,#4449));
#616=IFCPOLYLOOP((#4449,#4450,#4256));
#617=IFCPOLYLOOP((#4450,#4448,#4256));
#618=IFCPOLYLOOP((#4245,#4451,#4452));
#619=IFCPOLYLOOP((#4258,#4453,#4454));
#620=IFCPOLYLOOP((#4454,#4245,#4258));
#621=IFCPOLYLOOP((#4454,#4455,#4245));
#622=IFCPOLYLOOP((#4455,#4451,#4245));
#623=IFCPOLYLOOP((#4452,#4456,#4245));
#624=IFCPOLYLOOP((#4118,#4117,#4457));
#625=IFCPOLYLOOP((#4117,#4458,#4457));
#626=IFCPOLYLOOP((#4117,#4459,#4458));
#627=IFCPOLYLOOP((#4117,#4460,#4461));
#628=IFCPOLYLOOP((#4461,#4462,#4117));
#629=IFCPOLYLOOP((#4462,#4459,#4117));
#630=IFCPOLYLOOP((#4269,#4246,#4463));
#631=IFCPOLYLOOP((#4246,#4245,#4463));
#632=IFCPOLYLOOP((#4261,#4464,#4460));
#633=IFCPOLYLOOP((#4261,#4463,#4464));
#634=IFCPOLYLOOP((#4460,#4117,#4092,#4261));
#635=IFCPOLYLOOP((#4247,#4246,#4269));
#636=IFCPOLYLOOP((#4269,#4268,#4247));
#637=IFCPOLYLOOP((#4247,#4266,#4265));
#638=IFCPOLYLOOP((#4247,#4267,#4266));
#639=IFCPOLYLOOP((#4265,#4248,#4247));
#640=IFCPOLYLOOP((#4265,#4089,#4115,#4248));
#641=IFCPOLYLOOP((#4268,#4267,#4247));
#642=IFCPOLYLOOP((#4463,#4261,#4269));
#643=IFCPOLYLOOP((#4457,#4465,#4118));
#644=IFCPOLYLOOP((#4456,#4463,#4245));
#645=IFCPOLYLOOP((#4446,#4466,#4257));
#646=IFCPOLYLOOP((#4443,#4444,#4011));
#647=IFCPOLYLOOP((#4442,#4443,#4122));
#648=IFCPOLYLOOP((#4010,#4255,#4254));
#649=IFCPOLYLOOP((#4008,#4007,#4254));
#650=IFCPOLYLOOP((#4252,#4093,#4110,#4253));
#651=IFCPOLYLOOP((#4251,#4094,#4093,#4252));
#652=IFCPOLYLOOP((#4250,#4097,#4094,#4251));
#653=IFCPOLYLOOP((#4249,#4111,#4097,#4250));
#654=IFCPOLYLOOP((#4248,#4115,#4111,#4249));
#655=IFCPOLYLOOP((#4443,#4467,#4468,#4444));
#656=IFCPOLYLOOP((#4467,#4443,#4442));
#657=IFCPOLYLOOP((#4442,#4469,#4467));
#658=IFCPOLYLOOP((#4470,#4469,#4438));
#659=IFCPOLYLOOP((#4438,#4437,#4470));
#660=IFCPOLYLOOP((#4471,#4440,#4439));
#661=IFCPOLYLOOP((#4471,#4470,#4441));
#662=IFCPOLYLOOP((#4441,#4440,#4471));
#663=IFCPOLYLOOP((#4439,#4472,#4471));
#664=IFCPOLYLOOP((#4437,#4441,#4470));
#665=IFCPOLYLOOP((#4442,#4438,#4469));
#666=IFCPOLYLOOP((#4473,#4474,#4471,#4472));
#667=IFCPOLYLOOP((#4475,#4476,#4474,#4473));
#668=IFCPOLYLOOP((#4477,#4478,#4476,#4475));
#669=IFCPOLYLOOP((#4479,#4480,#4478,#4477));
#670=IFCPOLYLOOP((#4481,#4482,#4480,#4479));
#671=IFCPOLYLOOP((#4483,#4446,#4447));
#672=IFCPOLYLOOP((#4483,#4484,#4466));
#673=IFCPOLYLOOP((#4466,#4446,#4483));
#674=IFCPOLYLOOP((#4485,#4448,#4450));
#675=IFCPOLYLOOP((#4485,#4447,#4448));
#676=IFCPOLYLOOP((#4486,#4449,#4445));
#677=IFCPOLYLOOP((#4445,#4468,#4486));
#678=IFCPOLYLOOP((#4486,#4450,#4449));
#679=IFCPOLYLOOP((#4445,#4444,#4468));
#680=IFCPOLYLOOP((#4450,#4486,#4485));
#681=IFCPOLYLOOP((#4447,#4485,#4483));
#682=IFCPOLYLOOP((#4487,#4488,#4489,#4490));
#683=IFCPOLYLOOP((#4491,#4492,#4488,#4487));
#684=IFCPOLYLOOP((#4493,#4494,#4492,#4491));
#685=IFCPOLYLOOP((#4495,#4496,#4494,#4493));
#686=IFCPOLYLOOP((#4484,#4483,#4496,#4495));
#687=IFCPOLYLOOP((#4490,#4489,#4482,#4481));
#688=IFCPOLYLOOP((#4463,#4497,#4498,#4464));
#689=IFCPOLYLOOP((#4497,#4463,#4456));
#690=IFCPOLYLOOP((#4456,#4499,#4497));
#691=IFCPOLYLOOP((#4500,#4499,#4452));
#692=IFCPOLYLOOP((#4452,#4451,#4500));
#693=IFCPOLYLOOP((#4501,#4454,#4453));
#694=IFCPOLYLOOP((#4501,#4500,#4455));
#695=IFCPOLYLOOP((#4455,#4454,#4501));
#696=IFCPOLYLOOP((#4453,#4502,#4501));
#697=IFCPOLYLOOP((#4451,#4455,#4500));
#698=IFCPOLYLOOP((#4456,#4452,#4499));
#699=IFCPOLYLOOP((#4503,#4504,#4501,#4502));
#700=IFCPOLYLOOP((#4505,#4506,#4504,#4503));
#701=IFCPOLYLOOP((#4507,#4508,#4506,#4505));
#702=IFCPOLYLOOP((#4509,#4510,#4508,#4507));
#703=IFCPOLYLOOP((#4511,#4512,#4510,#4509));
#704=IFCPOLYLOOP((#4513,#4457,#4458));
#705=IFCPOLYLOOP((#4513,#4514,#4465));
#706=IFCPOLYLOOP((#4465,#4457,#4513));
#707=IFCPOLYLOOP((#4515,#4459,#4462));
#708=IFCPOLYLOOP((#4515,#4458,#4459));
#709=IFCPOLYLOOP((#4516,#4461,#4460));
#710=IFCPOLYLOOP((#4460,#4498,#4516));
#711=IFCPOLYLOOP((#4516,#4462,#4461));
#712=IFCPOLYLOOP((#4460,#4464,#4498));
#713=IFCPOLYLOOP((#4462,#4516,#4515));
#714=IFCPOLYLOOP((#4458,#4515,#4513));
#715=IFCPOLYLOOP((#4517,#4518,#4519,#4520));
#716=IFCPOLYLOOP((#4521,#4522,#4518,#4517));
#717=IFCPOLYLOOP((#4523,#4524,#4522,#4521));
#718=IFCPOLYLOOP((#4525,#4526,#4524,#4523));
#719=IFCPOLYLOOP((#4514,#4513,#4526,#4525));
#720=IFCPOLYLOOP((#4520,#4519,#4512,#4511));
#721=IFCPOLYLOOP((#4527,#4481,#4528,#4529));
#722=IFCPOLYLOOP((#4481,#4530,#4531,#4532));
#723=IFCPOLYLOOP((#4532,#4528,#4481));
#724=IFCPOLYLOOP((#4533,#4534,#4535));
#725=IFCPOLYLOOP((#4533,#4536,#4537));
#726=IFCPOLYLOOP((#4538,#4539,#4540,#4541));
#727=IFCPOLYLOOP((#4529,#4536,#4527));
#728=IFCPOLYLOOP((#4537,#4534,#4533));
#729=IFCPOLYLOOP((#4542,#4535,#4543));
#730=IFCPOLYLOOP((#4130,#4540,#4544,#4545));
#731=IFCPOLYLOOP((#4541,#4546,#4547,#4538));
#732=IFCPOLYLOOP((#4484,#4495,#4548,#4549));
#733=IFCPOLYLOOP((#4487,#4490,#4550,#4551));
#734=IFCPOLYLOOP((#4481,#4479,#4552,#4530));
#735=IFCPOLYLOOP((#4543,#4553,#4546,#4554,#4542));
#736=IFCPOLYLOOP((#4540,#4555,#4544));
#737=IFCPOLYLOOP((#4539,#4556,#4540));
#738=IFCPOLYLOOP((#4549,#4557,#4466,#4484));
#739=IFCPOLYLOOP((#4551,#4558,#4491,#4487));
#740=IFCPOLYLOOP((#4536,#4533,#4527));
#741=IFCPOLYLOOP((#4546,#4541,#4554));
#742=IFCPOLYLOOP((#4556,#4555,#4540));
#743=IFCPOLYLOOP((#4128,#4559,#4560));
#744=IFCPOLYLOOP((#4561,#4562,#4563,#4564,#4565));
#745=IFCPOLYLOOP((#4566,#4567,#4568));
#746=IFCPOLYLOOP((#4566,#4130,#4569,#4570));
#747=IFCPOLYLOOP((#4130,#4571,#4572));
#748=IFCPOLYLOOP((#4495,#4493,#4573,#4548));
#749=IFCPOLYLOOP((#4527,#4550,#4490,#4481));
#750=IFCPOLYLOOP((#4545,#4571,#4130));
#751=IFCPOLYLOOP((#4130,#4226,#4574,#4575));
#752=IFCPOLYLOOP((#4128,#4130,#4566,#4559));
#753=IFCPOLYLOOP((#4568,#4564,#4563,#4566));
#754=IFCPOLYLOOP((#4572,#4569,#4130));
#755=IFCPOLYLOOP((#4531,#4576,#4577,#4578));
#756=IFCPOLYLOOP((#4558,#4573,#4493,#4491));
#757=IFCPOLYLOOP((#4575,#4540,#4130));
#758=IFCPOLYLOOP((#4560,#4439,#4128));
#759=IFCPOLYLOOP((#4570,#4567,#4566));
#760=IFCPOLYLOOP((#4578,#4579,#4531));
#761=IFCPOLYLOOP((#4580,#4581,#4582,#4583,#4584,#4585,#4586,#4587,#4588,
#4589,#4590));
#762=IFCPOLYLOOP((#4535,#4542,#4533));
#763=IFCPOLYLOOP((#4473,#4472,#4439,#4591,#4592));
#764=IFCPOLYLOOP((#4565,#4593,#4594,#4595,#4596,#4597,#4598,#4599,#4600,
#4601,#4561));
#765=IFCPOLYLOOP((#4590,#4577,#4576,#4602,#4580));
#766=IFCPOLYLOOP((#4479,#4477,#4475,#4603,#4604,#4605,#4606,#4607,#4608,
#4552));
#767=IFCPOLYLOOP((#4560,#4609,#4610,#4611,#4612,#4613,#4591,#4439));
#768=IFCPOLYLOOP((#4579,#4614,#4531));
#769=IFCPOLYLOOP((#4592,#4603,#4475,#4473));
#770=IFCPOLYLOOP((#4439,#4121,#4120,#4126));
#771=IFCPOLYLOOP((#4557,#4615,#4466));
#772=IFCPOLYLOOP((#4615,#4574,#4226,#4227));
#773=IFCPOLYLOOP((#4614,#4532,#4531));
#774=IFCPOLYLOOP((#4233,#4257,#4466,#4615));
#775=IFCPOLYLOOP((#4227,#4233,#4615));
#776=IFCPOLYLOOP((#4126,#4128,#4439));
#777=IFCPOLYLOOP((#4616,#4552,#4608,#4617));
#778=IFCPOLYLOOP((#4530,#4618,#4619,#4531));
#779=IFCPOLYLOOP((#4552,#4616,#4618,#4530));
#780=IFCPOLYLOOP((#4531,#4619,#4620,#4576));
#781=IFCPOLYLOOP((#4581,#4621,#4622,#4582));
#782=IFCPOLYLOOP((#4580,#4623,#4621,#4581));
#783=IFCPOLYLOOP((#4602,#4624,#4623,#4580));
#784=IFCPOLYLOOP((#4576,#4620,#4624,#4602));
#785=IFCPOLYLOOP((#4582,#4622,#4625,#4583));
#786=IFCPOLYLOOP((#4588,#4626,#4627,#4589));
#787=IFCPOLYLOOP((#4587,#4628,#4626,#4588));
#788=IFCPOLYLOOP((#4586,#4629,#4628,#4587));
#789=IFCPOLYLOOP((#4585,#4630,#4629,#4586));
#790=IFCPOLYLOOP((#4584,#4631,#4630,#4585));
#791=IFCPOLYLOOP((#4583,#4625,#4631,#4584));
#792=IFCPOLYLOOP((#4589,#4627,#4632,#4590));
#793=IFCPOLYLOOP((#4532,#4633,#4634,#4528));
#794=IFCPOLYLOOP((#4614,#4635,#4633,#4532));
#795=IFCPOLYLOOP((#4579,#4636,#4635,#4614));
#796=IFCPOLYLOOP((#4578,#4637,#4636,#4579));
#797=IFCPOLYLOOP((#4577,#4638,#4637,#4578));
#798=IFCPOLYLOOP((#4590,#4632,#4638,#4577));
#799=IFCPOLYLOOP((#4639,#4529,#4528,#4634));
#800=IFCPOLYLOOP((#4543,#4640,#4641,#4553));
#801=IFCPOLYLOOP((#4535,#4642,#4640,#4543));
#802=IFCPOLYLOOP((#4534,#4643,#4642,#4535));
#803=IFCPOLYLOOP((#4537,#4644,#4643,#4534));
#804=IFCPOLYLOOP((#4536,#4645,#4644,#4537));
#805=IFCPOLYLOOP((#4529,#4639,#4645,#4536));
#806=IFCPOLYLOOP((#4547,#4646,#4647,#4538));
#807=IFCPOLYLOOP((#4546,#4648,#4646,#4547));
#808=IFCPOLYLOOP((#4553,#4641,#4648,#4546));
#809=IFCPOLYLOOP((#4545,#4649,#4650,#4571));
#810=IFCPOLYLOOP((#4544,#4651,#4649,#4545));
#811=IFCPOLYLOOP((#4555,#4652,#4651,#4544));
#812=IFCPOLYLOOP((#4556,#4653,#4652,#4555));
#813=IFCPOLYLOOP((#4539,#4654,#4653,#4556));
#814=IFCPOLYLOOP((#4538,#4647,#4654,#4539));
#815=IFCPOLYLOOP((#4655,#4572,#4571,#4650));
#816=IFCPOLYLOOP((#4564,#4656,#4657,#4565));
#817=IFCPOLYLOOP((#4568,#4658,#4656,#4564));
#818=IFCPOLYLOOP((#4567,#4659,#4658,#4568));
#819=IFCPOLYLOOP((#4570,#4660,#4659,#4567));
#820=IFCPOLYLOOP((#4569,#4661,#4660,#4570));
#821=IFCPOLYLOOP((#4572,#4655,#4661,#4569));
#822=IFCPOLYLOOP((#4565,#4657,#4662,#4593));
#823=IFCPOLYLOOP((#4598,#4663,#4664,#4599));
#824=IFCPOLYLOOP((#4597,#4665,#4663,#4598));
#825=IFCPOLYLOOP((#4596,#4666,#4665,#4597));
#826=IFCPOLYLOOP((#4595,#4667,#4666,#4596));
#827=IFCPOLYLOOP((#4594,#4668,#4667,#4595));
#828=IFCPOLYLOOP((#4593,#4662,#4668,#4594));
#829=IFCPOLYLOOP((#4599,#4664,#4669,#4600));
#830=IFCPOLYLOOP((#4562,#4670,#4671,#4563));
#831=IFCPOLYLOOP((#4561,#4672,#4670,#4562));
#832=IFCPOLYLOOP((#4601,#4673,#4672,#4561));
#833=IFCPOLYLOOP((#4600,#4669,#4673,#4601));
#834=IFCPOLYLOOP((#4674,#4566,#4563,#4671));
#835=IFCPOLYLOOP((#4559,#4675,#4676,#4560));
#836=IFCPOLYLOOP((#4566,#4674,#4675,#4559));
#837=IFCPOLYLOOP((#4560,#4676,#4677,#4609));
#838=IFCPOLYLOOP((#4612,#4678,#4679,#4613));
#839=IFCPOLYLOOP((#4611,#4680,#4678,#4612));
#840=IFCPOLYLOOP((#4610,#4681,#4680,#4611));
#841=IFCPOLYLOOP((#4609,#4677,#4681,#4610));
#842=IFCPOLYLOOP((#4682,#4591,#4613,#4679));
#843=IFCPOLYLOOP((#4592,#4683,#4684,#4603));
#844=IFCPOLYLOOP((#4591,#4682,#4683,#4592));
#845=IFCPOLYLOOP((#4603,#4684,#4685,#4604));
#846=IFCPOLYLOOP((#4607,#4686,#4617,#4608));
#847=IFCPOLYLOOP((#4606,#4687,#4686,#4607));
#848=IFCPOLYLOOP((#4605,#4688,#4687,#4606));
#849=IFCPOLYLOOP((#4604,#4685,#4688,#4605));
#850=IFCPOLYLOOP((#4689,#4467,#4655,#4650));
#851=IFCPOLYLOOP((#4467,#4675,#4674,#4661));
#852=IFCPOLYLOOP((#4661,#4655,#4467));
#853=IFCPOLYLOOP((#4650,#4649,#4689));
#854=IFCPOLYLOOP((#4690,#4652,#4653));
#855=IFCPOLYLOOP((#4690,#4649,#4651));
#856=IFCPOLYLOOP((#4691,#4643,#4644));
#857=IFCPOLYLOOP((#4691,#4640,#4642));
#858=IFCPOLYLOOP((#4496,#4483,#4692,#4693));
#859=IFCPOLYLOOP((#4468,#4467,#4689,#4694));
#860=IFCPOLYLOOP((#4467,#4469,#4676,#4675));
#861=IFCPOLYLOOP((#4651,#4652,#4690));
#862=IFCPOLYLOOP((#4695,#4653,#4654));
#863=IFCPOLYLOOP((#4642,#4643,#4691));
#864=IFCPOLYLOOP((#4641,#4640,#4691,#4696));
#865=IFCPOLYLOOP((#4483,#4485,#4697,#4692));
#866=IFCPOLYLOOP((#4694,#4698,#4486,#4468));
#867=IFCPOLYLOOP((#4653,#4695,#4690));
#868=IFCPOLYLOOP((#4646,#4696,#4699));
#869=IFCPOLYLOOP((#4696,#4646,#4648,#4641));
#870=IFCPOLYLOOP((#4700,#4691,#4645));
#871=IFCPOLYLOOP((#4698,#4697,#4485,#4486));
#872=IFCPOLYLOOP((#4654,#4647,#4646,#4699,#4695));
#873=IFCPOLYLOOP((#4645,#4639,#4700));
#874=IFCPOLYLOOP((#4674,#4671,#4656,#4658));
#875=IFCPOLYLOOP((#4672,#4673,#4669,#4664,#4663,#4665,#4666,#4667,#4668,
#4662,#4657));
#876=IFCPOLYLOOP((#4492,#4494,#4701,#4702));
#877=IFCPOLYLOOP((#4649,#4690,#4689));
#878=IFCPOLYLOOP((#4639,#4489,#4703,#4700));
#879=IFCPOLYLOOP((#4674,#4659,#4660));
#880=IFCPOLYLOOP((#4657,#4656,#4671,#4670,#4672));
#881=IFCPOLYLOOP((#4702,#4704,#4488,#4492));
#882=IFCPOLYLOOP((#4644,#4645,#4691));
#883=IFCPOLYLOOP((#4658,#4659,#4674));
#884=IFCPOLYLOOP((#4693,#4701,#4494,#4496));
#885=IFCPOLYLOOP((#4474,#4476,#4684,#4683));
#886=IFCPOLYLOOP((#4704,#4703,#4489,#4488));
#887=IFCPOLYLOOP((#4683,#4682,#4471,#4474));
#888=IFCPOLYLOOP((#4482,#4634,#4633));
#889=IFCPOLYLOOP((#4619,#4636,#4637));
#890=IFCPOLYLOOP((#4682,#4679,#4678,#4680,#4681,#4677,#4676,#4469,#4470,
#4471));
#891=IFCPOLYLOOP((#4482,#4489,#4639,#4634));
#892=IFCPOLYLOOP((#4619,#4635,#4636));
#893=IFCPOLYLOOP((#4476,#4478,#4480,#4616,#4617,#4686,#4687,#4688,#4685,
#4684));
#894=IFCPOLYLOOP((#4633,#4619,#4618,#4482));
#895=IFCPOLYLOOP((#4623,#4624,#4620,#4638,#4632));
#896=IFCPOLYLOOP((#4619,#4633,#4635));
#897=IFCPOLYLOOP((#4618,#4616,#4480,#4482));
#898=IFCPOLYLOOP((#4637,#4638,#4620,#4619));
#899=IFCPOLYLOOP((#4632,#4627,#4626,#4628,#4629,#4630,#4631,#4625,#4622,
#4621,#4623));
#900=IFCPOLYLOOP((#4660,#4661,#4674));
#901=IFCPOLYLOOP((#4615,#4705,#4706,#4574));
#902=IFCPOLYLOOP((#4557,#4707,#4705,#4615));
#903=IFCPOLYLOOP((#4549,#4708,#4707,#4557));
#904=IFCPOLYLOOP((#4548,#4709,#4708,#4549));
#905=IFCPOLYLOOP((#4573,#4710,#4709,#4548));
#906=IFCPOLYLOOP((#4558,#4711,#4710,#4573));
#907=IFCPOLYLOOP((#4551,#4712,#4711,#4558));
#908=IFCPOLYLOOP((#4550,#4713,#4712,#4551));
#909=IFCPOLYLOOP((#4527,#4714,#4713,#4550));
#910=IFCPOLYLOOP((#4533,#4715,#4714,#4527));
#911=IFCPOLYLOOP((#4542,#4716,#4715,#4533));
#912=IFCPOLYLOOP((#4554,#4717,#4716,#4542));
#913=IFCPOLYLOOP((#4541,#4718,#4717,#4554));
#914=IFCPOLYLOOP((#4540,#4719,#4718,#4541));
#915=IFCPOLYLOOP((#4575,#4720,#4719,#4540));
#916=IFCPOLYLOOP((#4574,#4706,#4720,#4575));
#917=IFCPOLYLOOP((#4708,#4709,#4721,#4722));
#918=IFCPOLYLOOP((#4722,#4723,#4707,#4708));
#919=IFCPOLYLOOP((#4710,#4711,#4724,#4725));
#920=IFCPOLYLOOP((#4725,#4721,#4709,#4710));
#921=IFCPOLYLOOP((#4723,#4726,#4705,#4707));
#922=IFCPOLYLOOP((#4715,#4716,#4727,#4728));
#923=IFCPOLYLOOP((#4717,#4718,#4729,#4730));
#924=IFCPOLYLOOP((#4719,#4720,#4731,#4732));
#925=IFCPOLYLOOP((#4711,#4712,#4733,#4724));
#926=IFCPOLYLOOP((#4713,#4714,#4734,#4735));
#927=IFCPOLYLOOP((#4730,#4727,#4716,#4717));
#928=IFCPOLYLOOP((#4720,#4706,#4736,#4731));
#929=IFCPOLYLOOP((#4735,#4733,#4712,#4713));
#930=IFCPOLYLOOP((#4732,#4729,#4718,#4719));
#931=IFCPOLYLOOP((#4728,#4734,#4714,#4715));
#932=IFCPOLYLOOP((#4726,#4736,#4706,#4705));
#933=IFCPOLYLOOP((#4737,#4698,#4694,#4738));
#934=IFCPOLYLOOP((#4739,#4697,#4698,#4737));
#935=IFCPOLYLOOP((#4740,#4692,#4697,#4739));
#936=IFCPOLYLOOP((#4741,#4693,#4692,#4740));
#937=IFCPOLYLOOP((#4742,#4701,#4693,#4741));
#938=IFCPOLYLOOP((#4743,#4702,#4701,#4742));
#939=IFCPOLYLOOP((#4744,#4704,#4702,#4743));
#940=IFCPOLYLOOP((#4745,#4703,#4704,#4744));
#941=IFCPOLYLOOP((#4746,#4700,#4703,#4745));
#942=IFCPOLYLOOP((#4747,#4691,#4700,#4746));
#943=IFCPOLYLOOP((#4748,#4696,#4691,#4747));
#944=IFCPOLYLOOP((#4749,#4699,#4696,#4748));
#945=IFCPOLYLOOP((#4750,#4695,#4699,#4749));
#946=IFCPOLYLOOP((#4751,#4690,#4695,#4750));
#947=IFCPOLYLOOP((#4752,#4689,#4690,#4751));
#948=IFCPOLYLOOP((#4738,#4694,#4689,#4752));
#949=IFCPOLYLOOP((#4726,#4753,#4754,#4736));
#950=IFCPOLYLOOP((#4723,#4755,#4753,#4726));
#951=IFCPOLYLOOP((#4722,#4756,#4755,#4723));
#952=IFCPOLYLOOP((#4721,#4757,#4756,#4722));
#953=IFCPOLYLOOP((#4725,#4758,#4757,#4721));
#954=IFCPOLYLOOP((#4724,#4759,#4758,#4725));
#955=IFCPOLYLOOP((#4733,#4760,#4759,#4724));
#956=IFCPOLYLOOP((#4735,#4761,#4760,#4733));
#957=IFCPOLYLOOP((#4734,#4762,#4761,#4735));
#958=IFCPOLYLOOP((#4728,#4763,#4762,#4734));
#959=IFCPOLYLOOP((#4727,#4764,#4763,#4728));
#960=IFCPOLYLOOP((#4730,#4765,#4764,#4727));
#961=IFCPOLYLOOP((#4729,#4766,#4765,#4730));
#962=IFCPOLYLOOP((#4732,#4767,#4766,#4729));
#963=IFCPOLYLOOP((#4731,#4768,#4767,#4732));
#964=IFCPOLYLOOP((#4736,#4754,#4768,#4731));
#965=IFCPOLYLOOP((#4742,#4741,#4757,#4758));
#966=IFCPOLYLOOP((#4740,#4739,#4755,#4756));
#967=IFCPOLYLOOP((#4756,#4757,#4741,#4740));
#968=IFCPOLYLOOP((#4744,#4743,#4759,#4760));
#969=IFCPOLYLOOP((#4739,#4737,#4753,#4755));
#970=IFCPOLYLOOP((#4738,#4752,#4768,#4754));
#971=IFCPOLYLOOP((#4751,#4750,#4766,#4767));
#972=IFCPOLYLOOP((#4758,#4759,#4743,#4742));
#973=IFCPOLYLOOP((#4767,#4768,#4752,#4751));
#974=IFCPOLYLOOP((#4754,#4753,#4737,#4738));
#975=IFCPOLYLOOP((#4749,#4748,#4764,#4765));
#976=IFCPOLYLOOP((#4765,#4766,#4750,#4749));
#977=IFCPOLYLOOP((#4747,#4746,#4762,#4763));
#978=IFCPOLYLOOP((#4763,#4764,#4748,#4747));
#979=IFCPOLYLOOP((#4746,#4745,#4761,#4762));
#980=IFCPOLYLOOP((#4760,#4761,#4745,#4744));
#981=IFCPOLYLOOP((#4769,#4770,#4771,#4772,#4773,#4774,#4775));
#982=IFCPOLYLOOP((#4521,#4776,#4777));
#983=IFCPOLYLOOP((#4778,#4465,#4779,#4769));
#984=IFCPOLYLOOP((#4465,#4514,#4780,#4781));
#985=IFCPOLYLOOP((#4777,#4782,#4783,#4784,#4785,#4786,#4787,#4521));
#986=IFCPOLYLOOP((#4775,#4778,#4769));
#987=IFCPOLYLOOP((#4781,#4788,#4465));
#988=IFCPOLYLOOP((#4523,#4521,#4789,#4790));
#989=IFCPOLYLOOP((#4787,#4791,#4521));
#990=IFCPOLYLOOP((#4521,#4792,#4793));
#991=IFCPOLYLOOP((#4465,#4794,#4795));
#992=IFCPOLYLOOP((#4788,#4779,#4465));
#993=IFCPOLYLOOP((#4791,#4789,#4521));
#994=IFCPOLYLOOP((#4521,#4796,#4792));
#995=IFCPOLYLOOP((#4125,#4797,#4798));
#996=IFCPOLYLOOP((#4778,#4794,#4465));
#997=IFCPOLYLOOP((#4793,#4776,#4521));
#998=IFCPOLYLOOP((#4799,#4800,#4801));
#999=IFCPOLYLOOP((#4795,#4797,#4125,#4465));
#1000=IFCPOLYLOOP((#4790,#4802,#4523));
#1001=IFCPOLYLOOP((#4801,#4803,#4799));
#1002=IFCPOLYLOOP((#4514,#4525,#4804,#4780));
#1003=IFCPOLYLOOP((#4521,#4805,#4796));
#1004=IFCPOLYLOOP((#4799,#4806,#4805));
#1005=IFCPOLYLOOP((#4799,#4807,#4808,#4800));
#1006=IFCPOLYLOOP((#4809,#4810,#4811,#4812,#4813,#4814,#4815,#4816,#4817,
#4818,#4819));
#1007=IFCPOLYLOOP((#4802,#4804,#4525,#4523));
#1008=IFCPOLYLOOP((#4803,#4806,#4799));
#1009=IFCPOLYLOOP((#4820,#4821,#4822));
#1010=IFCPOLYLOOP((#4805,#4521,#4799));
#1011=IFCPOLYLOOP((#4820,#4823,#4821));
#1012=IFCPOLYLOOP((#4820,#4824,#4825));
#1013=IFCPOLYLOOP((#4521,#4517,#4520,#4826,#4799));
#1014=IFCPOLYLOOP((#4825,#4823,#4820));
#1015=IFCPOLYLOOP((#4798,#4820,#4827));
#1016=IFCPOLYLOOP((#4820,#4798,#4824));
#1017=IFCPOLYLOOP((#4520,#4511,#4828,#4829));
#1018=IFCPOLYLOOP((#4129,#4830,#4831));
#1019=IFCPOLYLOOP((#4832,#4833,#4834,#4808,#4807,#4835));
#1020=IFCPOLYLOOP((#4819,#4820,#4822,#4836,#4837,#4809));
#1021=IFCPOLYLOOP((#4829,#4838,#4520));
#1022=IFCPOLYLOOP((#4839,#4840,#4841));
#1023=IFCPOLYLOOP((#4129,#4125,#4842,#4830));
#1024=IFCPOLYLOOP((#4125,#4843,#4844));
#1025=IFCPOLYLOOP((#4798,#4827,#4843,#4125));
#1026=IFCPOLYLOOP((#4838,#4845,#4520));
#1027=IFCPOLYLOOP((#4846,#4234,#4230));
#1028=IFCPOLYLOOP((#4839,#4847,#4840));
#1029=IFCPOLYLOOP((#4844,#4842,#4125));
#1030=IFCPOLYLOOP((#4845,#4826,#4520));
#1031=IFCPOLYLOOP((#4230,#4228,#4848,#4846));
#1032=IFCPOLYLOOP((#4129,#4839,#4849));
#1033=IFCPOLYLOOP((#4839,#4129,#4850,#4847));
#1034=IFCPOLYLOOP((#4835,#4851,#4852,#4853,#4854,#4855,#4856,#4857,#4858,
#4859,#4832));
#1035=IFCPOLYLOOP((#4860,#4861,#4862));
#1036=IFCPOLYLOOP((#4863,#4861,#4860,#4864));
#1037=IFCPOLYLOOP((#4849,#4848,#4228,#4129));
#1038=IFCPOLYLOOP((#4831,#4850,#4129));
#1039=IFCPOLYLOOP((#4860,#4865,#4866));
#1040=IFCPOLYLOOP((#4864,#4867,#4868,#4863));
#1041=IFCPOLYLOOP((#4841,#4869,#4839));
#1042=IFCPOLYLOOP((#4869,#4841,#4870));
#1043=IFCPOLYLOOP((#4867,#4864,#4871));
#1044=IFCPOLYLOOP((#4862,#4865,#4860));
#1045=IFCPOLYLOOP((#4870,#4871,#4869));
#1046=IFCPOLYLOOP((#4866,#4872,#4860));
#1047=IFCPOLYLOOP((#4873,#4860,#4872));
#1048=IFCPOLYLOOP((#4502,#4453,#4874,#4875));
#1049=IFCPOLYLOOP((#4871,#4870,#4876,#4867));
#1050=IFCPOLYLOOP((#4846,#4453,#4258,#4234));
#1051=IFCPOLYLOOP((#4828,#4511,#4877,#4873));
#1052=IFCPOLYLOOP((#4509,#4507,#4878,#4879));
#1053=IFCPOLYLOOP((#4875,#4880,#4503,#4502));
#1054=IFCPOLYLOOP((#4872,#4828,#4873));
#1055=IFCPOLYLOOP((#4465,#4125,#4124));
#1056=IFCPOLYLOOP((#4507,#4505,#4881,#4878));
#1057=IFCPOLYLOOP((#4453,#4846,#4874));
#1058=IFCPOLYLOOP((#4124,#4119,#4118,#4465));
#1059=IFCPOLYLOOP((#4880,#4881,#4505,#4503));
#1060=IFCPOLYLOOP((#4879,#4877,#4511,#4509));
#1061=IFCPOLYLOOP((#4882,#4812,#4811,#4883));
#1062=IFCPOLYLOOP((#4817,#4884,#4885,#4818));
#1063=IFCPOLYLOOP((#4816,#4886,#4884,#4817));
#1064=IFCPOLYLOOP((#4815,#4887,#4886,#4816));
#1065=IFCPOLYLOOP((#4814,#4888,#4887,#4815));
#1066=IFCPOLYLOOP((#4813,#4889,#4888,#4814));
#1067=IFCPOLYLOOP((#4812,#4882,#4889,#4813));
#1068=IFCPOLYLOOP((#4818,#4885,#4890,#4819));
#1069=IFCPOLYLOOP((#4842,#4891,#4892,#4830));
#1070=IFCPOLYLOOP((#4844,#4893,#4891,#4842));
#1071=IFCPOLYLOOP((#4843,#4894,#4893,#4844));
#1072=IFCPOLYLOOP((#4827,#4895,#4894,#4843));
#1073=IFCPOLYLOOP((#4820,#4896,#4895,#4827));
#1074=IFCPOLYLOOP((#4819,#4890,#4896,#4820));
#1075=IFCPOLYLOOP((#4897,#4831,#4830,#4892));
#1076=IFCPOLYLOOP((#4870,#4898,#4899,#4876));
#1077=IFCPOLYLOOP((#4841,#4900,#4898,#4870));
#1078=IFCPOLYLOOP((#4840,#4901,#4900,#4841));
#1079=IFCPOLYLOOP((#4847,#4902,#4901,#4840));
#1080=IFCPOLYLOOP((#4850,#4903,#4902,#4847));
#1081=IFCPOLYLOOP((#4831,#4897,#4903,#4850));
#1082=IFCPOLYLOOP((#4868,#4904,#4905,#4863));
#1083=IFCPOLYLOOP((#4867,#4906,#4904,#4868));
#1084=IFCPOLYLOOP((#4876,#4899,#4906,#4867));
#1085=IFCPOLYLOOP((#4872,#4907,#4908,#4828));
#1086=IFCPOLYLOOP((#4866,#4909,#4907,#4872));
#1087=IFCPOLYLOOP((#4865,#4910,#4909,#4866));
#1088=IFCPOLYLOOP((#4862,#4911,#4910,#4865));
#1089=IFCPOLYLOOP((#4861,#4912,#4911,#4862));
#1090=IFCPOLYLOOP((#4863,#4905,#4912,#4861));
#1091=IFCPOLYLOOP((#4828,#4908,#4913,#4829));
#1092=IFCPOLYLOOP((#4807,#4914,#4915,#4835));
#1093=IFCPOLYLOOP((#4799,#4916,#4914,#4807));
#1094=IFCPOLYLOOP((#4826,#4917,#4916,#4799));
#1095=IFCPOLYLOOP((#4845,#4918,#4917,#4826));
#1096=IFCPOLYLOOP((#4838,#4919,#4918,#4845));
#1097=IFCPOLYLOOP((#4829,#4913,#4919,#4838));
#1098=IFCPOLYLOOP((#4835,#4915,#4920,#4851));
#1099=IFCPOLYLOOP((#4856,#4921,#4922,#4857));
#1100=IFCPOLYLOOP((#4855,#4923,#4921,#4856));
#1101=IFCPOLYLOOP((#4854,#4924,#4923,#4855));
#1102=IFCPOLYLOOP((#4853,#4925,#4924,#4854));
#1103=IFCPOLYLOOP((#4852,#4926,#4925,#4853));
#1104=IFCPOLYLOOP((#4851,#4920,#4926,#4852));
#1105=IFCPOLYLOOP((#4927,#4858,#4857,#4922));
#1106=IFCPOLYLOOP((#4833,#4928,#4929,#4834));
#1107=IFCPOLYLOOP((#4832,#4930,#4928,#4833));
#1108=IFCPOLYLOOP((#4859,#4931,#4930,#4832));
#1109=IFCPOLYLOOP((#4858,#4927,#4931,#4859));
#1110=IFCPOLYLOOP((#4932,#4808,#4834,#4929));
#1111=IFCPOLYLOOP((#4803,#4933,#4934,#4806));
#1112=IFCPOLYLOOP((#4801,#4935,#4933,#4803));
#1113=IFCPOLYLOOP((#4800,#4936,#4935,#4801));
#1114=IFCPOLYLOOP((#4808,#4932,#4936,#4800));
#1115=IFCPOLYLOOP((#4805,#4937,#4938,#4796));
#1116=IFCPOLYLOOP((#4806,#4934,#4937,#4805));
#1117=IFCPOLYLOOP((#4776,#4939,#4940,#4777));
#1118=IFCPOLYLOOP((#4793,#4941,#4939,#4776));
#1119=IFCPOLYLOOP((#4792,#4942,#4941,#4793));
#1120=IFCPOLYLOOP((#4796,#4938,#4942,#4792));
#1121=IFCPOLYLOOP((#4777,#4940,#4943,#4782));
#1122=IFCPOLYLOOP((#4785,#4944,#4945,#4786));
#1123=IFCPOLYLOOP((#4784,#4946,#4944,#4785));
#1124=IFCPOLYLOOP((#4783,#4947,#4946,#4784));
#1125=IFCPOLYLOOP((#4782,#4943,#4947,#4783));
#1126=IFCPOLYLOOP((#4948,#4787,#4786,#4945));
#1127=IFCPOLYLOOP((#4790,#4949,#4950,#4802));
#1128=IFCPOLYLOOP((#4789,#4951,#4949,#4790));
#1129=IFCPOLYLOOP((#4791,#4952,#4951,#4789));
#1130=IFCPOLYLOOP((#4787,#4948,#4952,#4791));
#1131=IFCPOLYLOOP((#4804,#4953,#4954,#4780));
#1132=IFCPOLYLOOP((#4802,#4950,#4953,#4804));
#1133=IFCPOLYLOOP((#4779,#4955,#4956,#4769));
#1134=IFCPOLYLOOP((#4788,#4957,#4955,#4779));
#1135=IFCPOLYLOOP((#4781,#4958,#4957,#4788));
#1136=IFCPOLYLOOP((#4780,#4954,#4958,#4781));
#1137=IFCPOLYLOOP((#4769,#4956,#4959,#4770));
#1138=IFCPOLYLOOP((#4773,#4960,#4961,#4774));
#1139=IFCPOLYLOOP((#4772,#4962,#4960,#4773));
#1140=IFCPOLYLOOP((#4771,#4963,#4962,#4772));
#1141=IFCPOLYLOOP((#4770,#4959,#4963,#4771));
#1142=IFCPOLYLOOP((#4964,#4775,#4774,#4961));
#1143=IFCPOLYLOOP((#4795,#4965,#4966,#4797));
#1144=IFCPOLYLOOP((#4794,#4967,#4965,#4795));
#1145=IFCPOLYLOOP((#4778,#4968,#4967,#4794));
#1146=IFCPOLYLOOP((#4775,#4964,#4968,#4778));
#1147=IFCPOLYLOOP((#4798,#4969,#4970,#4824));
#1148=IFCPOLYLOOP((#4797,#4966,#4969,#4798));
#1149=IFCPOLYLOOP((#4821,#4971,#4972,#4822));
#1150=IFCPOLYLOOP((#4823,#4973,#4971,#4821));
#1151=IFCPOLYLOOP((#4825,#4974,#4973,#4823));
#1152=IFCPOLYLOOP((#4824,#4970,#4974,#4825));
#1153=IFCPOLYLOOP((#4822,#4972,#4975,#4836));
#1154=IFCPOLYLOOP((#4810,#4976,#4883,#4811));
#1155=IFCPOLYLOOP((#4809,#4977,#4976,#4810));
#1156=IFCPOLYLOOP((#4837,#4978,#4977,#4809));
#1157=IFCPOLYLOOP((#4836,#4975,#4978,#4837));
#1158=IFCPOLYLOOP((#4515,#4964,#4961,#4960,#4962,#4963,#4959,#4956));
#1159=IFCPOLYLOOP((#4522,#4948,#4945,#4944,#4946,#4947,#4943,#4940));
#1160=IFCPOLYLOOP((#4515,#4968,#4964));
#1161=IFCPOLYLOOP((#4522,#4952,#4948));
#1162=IFCPOLYLOOP((#4515,#4955,#4957));
#1163=IFCPOLYLOOP((#4515,#4967,#4968));
#1164=IFCPOLYLOOP((#4522,#4941,#4942));
#1165=IFCPOLYLOOP((#4522,#4951,#4952));
#1166=IFCPOLYLOOP((#4524,#4950,#4949));
#1167=IFCPOLYLOOP((#4956,#4955,#4515));
#1168=IFCPOLYLOOP((#4522,#4939,#4941));
#1169=IFCPOLYLOOP((#4949,#4951,#4522,#4524));
#1170=IFCPOLYLOOP((#4957,#4958,#4513,#4515));
#1171=IFCPOLYLOOP((#4515,#4966,#4965));
#1172=IFCPOLYLOOP((#4916,#4522,#4937));
#1173=IFCPOLYLOOP((#4940,#4939,#4522));
#1174=IFCPOLYLOOP((#4965,#4967,#4515));
#1175=IFCPOLYLOOP((#4522,#4938,#4937));
#1176=IFCPOLYLOOP((#4524,#4526,#4953,#4950));
#1177=IFCPOLYLOOP((#4958,#4954,#4513));
#1178=IFCPOLYLOOP((#4895,#4973,#4974));
#1179=IFCPOLYLOOP((#4895,#4896,#4972,#4971));
#1180=IFCPOLYLOOP((#4942,#4938,#4522));
#1181=IFCPOLYLOOP((#4515,#4969,#4966));
#1182=IFCPOLYLOOP((#4895,#4970,#4969));
#1183=IFCPOLYLOOP((#4971,#4973,#4895));
#1184=IFCPOLYLOOP((#4954,#4953,#4526,#4513));
#1185=IFCPOLYLOOP((#4974,#4970,#4895));
#1186=IFCPOLYLOOP((#4979,#4519,#4913,#4908));
#1187=IFCPOLYLOOP((#4977,#4978,#4975,#4972,#4896,#4890));
#1188=IFCPOLYLOOP((#4969,#4515,#4895));
#1189=IFCPOLYLOOP((#4930,#4931,#4927,#4922,#4921,#4923,#4924,#4925,#4926,
#4920,#4915));
#1190=IFCPOLYLOOP((#4914,#4934,#4933));
#1191=IFCPOLYLOOP((#4519,#4919,#4913));
#1192=IFCPOLYLOOP((#4937,#4914,#4916));
#1193=IFCPOLYLOOP((#4914,#4936,#4932));
#1194=IFCPOLYLOOP((#4933,#4935,#4914));
#1195=IFCPOLYLOOP((#4908,#4907,#4979));
#1196=IFCPOLYLOOP((#4890,#4885,#4884,#4886,#4887,#4888,#4889,#4882,#4883,
#4976,#4977));
#1197=IFCPOLYLOOP((#4935,#4936,#4914));
#1198=IFCPOLYLOOP((#4519,#4918,#4919));
#1199=IFCPOLYLOOP((#4515,#4516,#4498,#4894,#4895));
#1200=IFCPOLYLOOP((#4914,#4937,#4934));
#1201=IFCPOLYLOOP((#4519,#4917,#4918));
#1202=IFCPOLYLOOP((#4915,#4914,#4932,#4929,#4928,#4930));
#1203=IFCPOLYLOOP((#4498,#4891,#4893));
#1204=IFCPOLYLOOP((#4498,#4497,#4897,#4892));
#1205=IFCPOLYLOOP((#4508,#4510,#4980,#4981));
#1206=IFCPOLYLOOP((#4512,#4519,#4979,#4982));
#1207=IFCPOLYLOOP((#4916,#4917,#4519,#4518,#4522));
#1208=IFCPOLYLOOP((#4892,#4891,#4498));
#1209=IFCPOLYLOOP((#4983,#4910,#4911));
#1210=IFCPOLYLOOP((#4982,#4980,#4510,#4512));
#1211=IFCPOLYLOOP((#4893,#4894,#4498));
#1212=IFCPOLYLOOP((#4983,#4909,#4910));
#1213=IFCPOLYLOOP((#4501,#4504,#4984,#4985));
#1214=IFCPOLYLOOP((#4907,#4983,#4979));
#1215=IFCPOLYLOOP((#4983,#4907,#4909));
#1216=IFCPOLYLOOP((#4986,#4911,#4912));
#1217=IFCPOLYLOOP((#4497,#4987,#4988));
#1218=IFCPOLYLOOP((#4504,#4506,#4989,#4984));
#1219=IFCPOLYLOOP((#4911,#4986,#4983));
#1220=IFCPOLYLOOP((#4904,#4906,#4990,#4991));
#1221=IFCPOLYLOOP((#4899,#4988,#4992));
#1222=IFCPOLYLOOP((#4988,#4898,#4900));
#1223=IFCPOLYLOOP((#4981,#4989,#4506,#4508));
#1224=IFCPOLYLOOP((#4992,#4990,#4906,#4899));
#1225=IFCPOLYLOOP((#4497,#4902,#4903));
#1226=IFCPOLYLOOP((#4988,#4900,#4901,#4497));
#1227=IFCPOLYLOOP((#4499,#4500,#4993,#4994));
#1228=IFCPOLYLOOP((#4912,#4905,#4904,#4991,#4986));
#1229=IFCPOLYLOOP((#4901,#4902,#4497));
#1230=IFCPOLYLOOP((#4985,#4993,#4500,#4501));
#1231=IFCPOLYLOOP((#4988,#4899,#4898));
#1232=IFCPOLYLOOP((#4903,#4897,#4497));
#1233=IFCPOLYLOOP((#4994,#4987,#4497,#4499));
#1234=IFCPOLYLOOP((#4995,#4846,#4848,#4996));
#1235=IFCPOLYLOOP((#4997,#4874,#4846,#4995));
#1236=IFCPOLYLOOP((#4998,#4875,#4874,#4997));
#1237=IFCPOLYLOOP((#4999,#4880,#4875,#4998));
#1238=IFCPOLYLOOP((#5000,#4881,#4880,#4999));
#1239=IFCPOLYLOOP((#5001,#4878,#4881,#5000));
#1240=IFCPOLYLOOP((#5002,#4879,#4878,#5001));
#1241=IFCPOLYLOOP((#5003,#4877,#4879,#5002));
#1242=IFCPOLYLOOP((#5004,#4873,#4877,#5003));
#1243=IFCPOLYLOOP((#5005,#4860,#4873,#5004));
#1244=IFCPOLYLOOP((#5006,#4864,#4860,#5005));
#1245=IFCPOLYLOOP((#5007,#4871,#4864,#5006));
#1246=IFCPOLYLOOP((#5008,#4869,#4871,#5007));
#1247=IFCPOLYLOOP((#5009,#4839,#4869,#5008));
#1248=IFCPOLYLOOP((#5010,#4849,#4839,#5009));
#1249=IFCPOLYLOOP((#4996,#4848,#4849,#5010));
#1250=IFCPOLYLOOP((#5000,#4999,#5011,#5012));
#1251=IFCPOLYLOOP((#4998,#4997,#5013,#5014));
#1252=IFCPOLYLOOP((#5014,#5011,#4999,#4998));
#1253=IFCPOLYLOOP((#5002,#5001,#5015,#5016));
#1254=IFCPOLYLOOP((#4997,#4995,#5017,#5013));
#1255=IFCPOLYLOOP((#4996,#5010,#5018,#5019));
#1256=IFCPOLYLOOP((#5009,#5008,#5020,#5021));
#1257=IFCPOLYLOOP((#5012,#5015,#5001,#5000));
#1258=IFCPOLYLOOP((#5021,#5018,#5010,#5009));
#1259=IFCPOLYLOOP((#5019,#5017,#4995,#4996));
#1260=IFCPOLYLOOP((#5007,#5006,#5022,#5023));
#1261=IFCPOLYLOOP((#5023,#5020,#5008,#5007));
#1262=IFCPOLYLOOP((#5005,#5004,#5024,#5025));
#1263=IFCPOLYLOOP((#5025,#5022,#5006,#5005));
#1264=IFCPOLYLOOP((#5004,#5003,#5026,#5024));
#1265=IFCPOLYLOOP((#5016,#5026,#5003,#5002));
#1266=IFCPOLYLOOP((#4994,#5027,#5028,#4987));
#1267=IFCPOLYLOOP((#4993,#5029,#5027,#4994));
#1268=IFCPOLYLOOP((#4985,#5030,#5029,#4993));
#1269=IFCPOLYLOOP((#4984,#5031,#5030,#4985));
#1270=IFCPOLYLOOP((#4989,#5032,#5031,#4984));
#1271=IFCPOLYLOOP((#4981,#5033,#5032,#4989));
#1272=IFCPOLYLOOP((#4980,#5034,#5033,#4981));
#1273=IFCPOLYLOOP((#4982,#5035,#5034,#4980));
#1274=IFCPOLYLOOP((#4979,#5036,#5035,#4982));
#1275=IFCPOLYLOOP((#4983,#5037,#5036,#4979));
#1276=IFCPOLYLOOP((#4986,#5038,#5037,#4983));
#1277=IFCPOLYLOOP((#4991,#5039,#5038,#4986));
#1278=IFCPOLYLOOP((#4990,#5040,#5039,#4991));
#1279=IFCPOLYLOOP((#4992,#5041,#5040,#4990));
#1280=IFCPOLYLOOP((#4988,#5042,#5041,#4992));
#1281=IFCPOLYLOOP((#4987,#5028,#5042,#4988));
#1282=IFCPOLYLOOP((#5043,#5017,#5019,#5044));
#1283=IFCPOLYLOOP((#5045,#5013,#5017,#5043));
#1284=IFCPOLYLOOP((#5046,#5014,#5013,#5045));
#1285=IFCPOLYLOOP((#5047,#5011,#5014,#5046));
#1286=IFCPOLYLOOP((#5048,#5012,#5011,#5047));
#1287=IFCPOLYLOOP((#5049,#5015,#5012,#5048));
#1288=IFCPOLYLOOP((#5050,#5016,#5015,#5049));
#1289=IFCPOLYLOOP((#5051,#5026,#5016,#5050));
#1290=IFCPOLYLOOP((#5052,#5024,#5026,#5051));
#1291=IFCPOLYLOOP((#5053,#5025,#5024,#5052));
#1292=IFCPOLYLOOP((#5054,#5022,#5025,#5053));
#1293=IFCPOLYLOOP((#5055,#5023,#5022,#5054));
#1294=IFCPOLYLOOP((#5056,#5020,#5023,#5055));
#1295=IFCPOLYLOOP((#5057,#5021,#5020,#5056));
#1296=IFCPOLYLOOP((#5058,#5018,#5021,#5057));
#1297=IFCPOLYLOOP((#5044,#5019,#5018,#5058));
#1298=IFCPOLYLOOP((#5030,#5031,#5047,#5046));
#1299=IFCPOLYLOOP((#5046,#5045,#5029,#5030));
#1300=IFCPOLYLOOP((#5032,#5033,#5049,#5048));
#1301=IFCPOLYLOOP((#5048,#5047,#5031,#5032));
#1302=IFCPOLYLOOP((#5040,#5041,#5057,#5056));
#1303=IFCPOLYLOOP((#5045,#5043,#5027,#5029));
#1304=IFCPOLYLOOP((#5037,#5038,#5054,#5053));
#1305=IFCPOLYLOOP((#5041,#5042,#5058,#5057));
#1306=IFCPOLYLOOP((#5033,#5034,#5050,#5049));
#1307=IFCPOLYLOOP((#5035,#5036,#5052,#5051));
#1308=IFCPOLYLOOP((#5038,#5039,#5055,#5054));
#1309=IFCPOLYLOOP((#5042,#5028,#5044,#5058));
#1310=IFCPOLYLOOP((#5051,#5050,#5034,#5035));
#1311=IFCPOLYLOOP((#5056,#5055,#5039,#5040));
#1312=IFCPOLYLOOP((#5053,#5052,#5036,#5037));
#1313=IFCPOLYLOOP((#5043,#5044,#5028,#5027));
#1314=IFCFACEOUTERBOUND(#26,.T.);
#1315=IFCFACEOUTERBOUND(#27,.T.);
#1316=IFCFACEOUTERBOUND(#28,.T.);
#1317=IFCFACEOUTERBOUND(#29,.T.);
#1318=IFCFACEOUTERBOUND(#30,.T.);
#1319=IFCFACEOUTERBOUND(#31,.T.);
#1320=IFCFACEOUTERBOUND(#32,.T.);
#1321=IFCFACEOUTERBOUND(#33,.T.);
#1322=IFCFACEOUTERBOUND(#34,.T.);
#1323=IFCFACEOUTERBOUND(#35,.T.);
#1324=IFCFACEOUTERBOUND(#36,.T.);
#1325=IFCFACEOUTERBOUND(#37,.T.);
#1326=IFCFACEOUTERBOUND(#38,.T.);
#1327=IFCFACEOUTERBOUND(#39,.T.);
#1328=IFCFACEOUTERBOUND(#40,.T.);
#1329=IFCFACEOUTERBOUND(#41,.T.);
#1330=IFCFACEOUTERBOUND(#42,.T.);
#1331=IFCFACEOUTERBOUND(#43,.T.);
#1332=IFCFACEOUTERBOUND(#44,.T.);
#1333=IFCFACEOUTERBOUND(#45,.T.);
#1334=IFCFACEOUTERBOUND(#46,.T.);
#1335=IFCFACEOUTERBOUND(#47,.T.);
#1336=IFCFACEOUTERBOUND(#48,.T.);
#1337=IFCFACEOUTERBOUND(#49,.T.);
#1338=IFCFACEOUTERBOUND(#50,.T.);
#1339=IFCFACEOUTERBOUND(#51,.T.);
#1340=IFCFACEOUTERBOUND(#52,.T.);
#1341=IFCFACEOUTERBOUND(#53,.T.);
#1342=IFCFACEOUTERBOUND(#54,.T.);
#1343=IFCFACEOUTERBOUND(#55,.T.);
#1344=IFCFACEOUTERBOUND(#56,.T.);
#1345=IFCFACEOUTERBOUND(#57,.T.);
#1346=IFCFACEOUTERBOUND(#58,.T.);
#1347=IFCFACEOUTERBOUND(#59,.T.);
#1348=IFCFACEOUTERBOUND(#60,.T.);
#1349=IFCFACEOUTERBOUND(#61,.T.);
#1350=IFCFACEOUTERBOUND(#62,.T.);
#1351=IFCFACEOUTERBOUND(#63,.T.);
#1352=IFCFACEOUTERBOUND(#64,.T.);
#1353=IFCFACEOUTERBOUND(#65,.T.);
#1354=IFCFACEOUTERBOUND(#66,.T.);
#1355=IFCFACEOUTERBOUND(#67,.T.);
#1356=IFCFACEOUTERBOUND(#68,.T.);
#1357=IFCFACEOUTERBOUND(#69,.T.);
#1358=IFCFACEOUTERBOUND(#70,.T.);
#1359=IFCFACEOUTERBOUND(#71,.T.);
#1360=IFCFACEOUTERBOUND(#72,.T.);
#1361=IFCFACEOUTERBOUND(#73,.T.);
#1362=IFCFACEOUTERBOUND(#74,.T.);
#1363=IFCFACEOUTERBOUND(#75,.T.);
#1364=IFCFACEOUTERBOUND(#76,.T.);
#1365=IFCFACEOUTERBOUND(#77,.T.);
#1366=IFCFACEOUTERBOUND(#78,.T.);
#1367=IFCFACEOUTERBOUND(#79,.T.);
#1368=IFCFACEOUTERBOUND(#80,.T.);
#1369=IFCFACEOUTERBOUND(#81,.T.);
#1370=IFCFACEOUTERBOUND(#82,.T.);
#1371=IFCFACEOUTERBOUND(#83,.T.);
#1372=IFCFACEOUTERBOUND(#84,.T.);
#1373=IFCFACEOUTERBOUND(#85,.T.);
#1374=IFCFACEOUTERBOUND(#86,.T.);
#1375=IFCFACEOUTERBOUND(#87,.T.);
#1376=IFCFACEOUTERBOUND(#88,.T.);
#1377=IFCFACEOUTERBOUND(#89,.T.);
#1378=IFCFACEOUTERBOUND(#90,.T.);
#1379=IFCFACEOUTERBOUND(#91,.T.);
#1380=IFCFACEOUTERBOUND(#92,.T.);
#1381=IFCFACEOUTERBOUND(#93,.T.);
#1382=IFCFACEOUTERBOUND(#94,.T.);
#1383=IFCFACEOUTERBOUND(#95,.T.);
#1384=IFCFACEOUTERBOUND(#96,.T.);
#1385=IFCFACEOUTERBOUND(#97,.T.);
#1386=IFCFACEOUTERBOUND(#98,.T.);
#1387=IFCFACEOUTERBOUND(#99,.T.);
#1388=IFCFACEOUTERBOUND(#100,.T.);
#1389=IFCFACEOUTERBOUND(#101,.T.);
#1390=IFCFACEOUTERBOUND(#102,.T.);
#1391=IFCFACEOUTERBOUND(#103,.T.);
#1392=IFCFACEOUTERBOUND(#104,.T.);
#1393=IFCFACEOUTERBOUND(#105,.T.);
#1394=IFCFACEOUTERBOUND(#106,.T.);
#1395=IFCFACEOUTERBOUND(#107,.T.);
#1396=IFCFACEOUTERBOUND(#108,.T.);
#1397=IFCFACEOUTERBOUND(#109,.T.);
#1398=IFCFACEOUTERBOUND(#110,.T.);
#1399=IFCFACEOUTERBOUND(#111,.T.);
#1400=IFCFACEOUTERBOUND(#112,.T.);
#1401=IFCFACEOUTERBOUND(#113,.T.);
#1402=IFCFACEOUTERBOUND(#114,.T.);
#1403=IFCFACEOUTERBOUND(#115,.T.);
#1404=IFCFACEOUTERBOUND(#116,.T.);
#1405=IFCFACEOUTERBOUND(#117,.T.);
#1406=IFCFACEOUTERBOUND(#118,.T.);
#1407=IFCFACEOUTERBOUND(#119,.T.);
#1408=IFCFACEOUTERBOUND(#120,.T.);
#1409=IFCFACEOUTERBOUND(#121,.T.);
#1410=IFCFACEOUTERBOUND(#122,.T.);
#1411=IFCFACEOUTERBOUND(#123,.T.);
#1412=IFCFACEOUTERBOUND(#124,.T.);
#1413=IFCFACEOUTERBOUND(#125,.T.);
#1414=IFCFACEOUTERBOUND(#126,.T.);
#1415=IFCFACEOUTERBOUND(#127,.T.);
#1416=IFCFACEOUTERBOUND(#128,.T.);
#1417=IFCFACEOUTERBOUND(#129,.T.);
#1418=IFCFACEOUTERBOUND(#130,.T.);
#1419=IFCFACEOUTERBOUND(#131,.T.);
#1420=IFCFACEOUTERBOUND(#132,.T.);
#1421=IFCFACEOUTERBOUND(#133,.T.);
#1422=IFCFACEOUTERBOUND(#134,.T.);
#1423=IFCFACEOUTERBOUND(#135,.T.);
#1424=IFCFACEOUTERBOUND(#136,.T.);
#1425=IFCFACEOUTERBOUND(#137,.T.);
#1426=IFCFACEOUTERBOUND(#138,.T.);
#1427=IFCFACEOUTERBOUND(#139,.T.);
#1428=IFCFACEOUTERBOUND(#140,.T.);
#1429=IFCFACEOUTERBOUND(#141,.T.);
#1430=IFCFACEOUTERBOUND(#142,.T.);
#1431=IFCFACEOUTERBOUND(#143,.T.);
#1432=IFCFACEOUTERBOUND(#144,.T.);
#1433=IFCFACEOUTERBOUND(#145,.T.);
#1434=IFCFACEOUTERBOUND(#146,.T.);
#1435=IFCFACEOUTERBOUND(#147,.T.);
#1436=IFCFACEOUTERBOUND(#148,.T.);
#1437=IFCFACEOUTERBOUND(#149,.T.);
#1438=IFCFACEOUTERBOUND(#150,.T.);
#1439=IFCFACEOUTERBOUND(#151,.T.);
#1440=IFCFACEOUTERBOUND(#152,.T.);
#1441=IFCFACEOUTERBOUND(#153,.T.);
#1442=IFCFACEOUTERBOUND(#154,.T.);
#1443=IFCFACEOUTERBOUND(#155,.T.);
#1444=IFCFACEOUTERBOUND(#156,.T.);
#1445=IFCFACEOUTERBOUND(#157,.T.);
#1446=IFCFACEOUTERBOUND(#158,.T.);
#1447=IFCFACEOUTERBOUND(#159,.T.);
#1448=IFCFACEOUTERBOUND(#160,.T.);
#1449=IFCFACEOUTERBOUND(#161,.T.);
#1450=IFCFACEOUTERBOUND(#162,.T.);
#1451=IFCFACEOUTERBOUND(#163,.T.);
#1452=IFCFACEOUTERBOUND(#164,.T.);
#1453=IFCFACEOUTERBOUND(#165,.T.);
#1454=IFCFACEOUTERBOUND(#166,.T.);
#1455=IFCFACEOUTERBOUND(#167,.T.);
#1456=IFCFACEOUTERBOUND(#168,.T.);
#1457=IFCFACEOUTERBOUND(#169,.T.);
#1458=IFCFACEOUTERBOUND(#170,.T.);
#1459=IFCFACEOUTERBOUND(#171,.T.);
#1460=IFCFACEOUTERBOUND(#172,.T.);
#1461=IFCFACEOUTERBOUND(#173,.T.);
#1462=IFCFACEOUTERBOUND(#174,.T.);
#1463=IFCFACEOUTERBOUND(#175,.T.);
#1464=IFCFACEOUTERBOUND(#176,.T.);
#1465=IFCFACEOUTERBOUND(#177,.T.);
#1466=IFCFACEOUTERBOUND(#178,.T.);
#1467=IFCFACEOUTERBOUND(#179,.T.);
#1468=IFCFACEOUTERBOUND(#180,.T.);
#1469=IFCFACEOUTERBOUND(#181,.T.);
#1470=IFCFACEOUTERBOUND(#182,.T.);
#1471=IFCFACEOUTERBOUND(#183,.T.);
#1472=IFCFACEOUTERBOUND(#184,.T.);
#1473=IFCFACEOUTERBOUND(#185,.T.);
#1474=IFCFACEOUTERBOUND(#186,.T.);
#1475=IFCFACEOUTERBOUND(#187,.T.);
#1476=IFCFACEOUTERBOUND(#188,.T.);
#1477=IFCFACEOUTERBOUND(#189,.T.);
#1478=IFCFACEOUTERBOUND(#190,.T.);
#1479=IFCFACEOUTERBOUND(#191,.T.);
#1480=IFCFACEOUTERBOUND(#192,.T.);
#1481=IFCFACEOUTERBOUND(#193,.T.);
#1482=IFCFACEOUTERBOUND(#194,.T.);
#1483=IFCFACEOUTERBOUND(#195,.T.);
#1484=IFCFACEOUTERBOUND(#196,.T.);
#1485=IFCFACEOUTERBOUND(#197,.T.);
#1486=IFCFACEOUTERBOUND(#198,.T.);
#1487=IFCFACEOUTERBOUND(#199,.T.);
#1488=IFCFACEOUTERBOUND(#200,.T.);
#1489=IFCFACEOUTERBOUND(#201,.T.);
#1490=IFCFACEOUTERBOUND(#202,.T.);
#1491=IFCFACEOUTERBOUND(#203,.T.);
#1492=IFCFACEOUTERBOUND(#204,.T.);
#1493=IFCFACEOUTERBOUND(#205,.T.);
#1494=IFCFACEOUTERBOUND(#206,.T.);
#1495=IFCFACEOUTERBOUND(#207,.T.);
#1496=IFCFACEOUTERBOUND(#208,.T.);
#1497=IFCFACEOUTERBOUND(#209,.T.);
#1498=IFCFACEOUTERBOUND(#210,.T.);
#1499=IFCFACEOUTERBOUND(#211,.T.);
#1500=IFCFACEOUTERBOUND(#212,.T.);
#1501=IFCFACEOUTERBOUND(#213,.T.);
#1502=IFCFACEOUTERBOUND(#214,.T.);
#1503=IFCFACEOUTERBOUND(#215,.T.);
#1504=IFCFACEOUTERBOUND(#216,.T.);
#1505=IFCFACEOUTERBOUND(#217,.T.);
#1506=IFCFACEOUTERBOUND(#218,.T.);
#1507=IFCFACEOUTERBOUND(#219,.T.);
#1508=IFCFACEOUTERBOUND(#220,.T.);
#1509=IFCFACEOUTERBOUND(#221,.T.);
#1510=IFCFACEOUTERBOUND(#222,.T.);
#1511=IFCFACEOUTERBOUND(#223,.T.);
#1512=IFCFACEOUTERBOUND(#224,.T.);
#1513=IFCFACEOUTERBOUND(#225,.T.);
#1514=IFCFACEOUTERBOUND(#226,.T.);
#1515=IFCFACEOUTERBOUND(#227,.T.);
#1516=IFCFACEOUTERBOUND(#228,.T.);
#1517=IFCFACEOUTERBOUND(#229,.T.);
#1518=IFCFACEOUTERBOUND(#230,.T.);
#1519=IFCFACEOUTERBOUND(#231,.T.);
#1520=IFCFACEOUTERBOUND(#232,.T.);
#1521=IFCFACEOUTERBOUND(#233,.T.);
#1522=IFCFACEOUTERBOUND(#234,.T.);
#1523=IFCFACEOUTERBOUND(#235,.T.);
#1524=IFCFACEOUTERBOUND(#236,.T.);
#1525=IFCFACEOUTERBOUND(#237,.T.);
#1526=IFCFACEOUTERBOUND(#238,.T.);
#1527=IFCFACEOUTERBOUND(#239,.T.);
#1528=IFCFACEOUTERBOUND(#240,.T.);
#1529=IFCFACEOUTERBOUND(#241,.T.);
#1530=IFCFACEOUTERBOUND(#242,.T.);
#1531=IFCFACEOUTERBOUND(#243,.T.);
#1532=IFCFACEOUTERBOUND(#244,.T.);
#1533=IFCFACEOUTERBOUND(#245,.T.);
#1534=IFCFACEOUTERBOUND(#246,.T.);
#1535=IFCFACEOUTERBOUND(#247,.T.);
#1536=IFCFACEOUTERBOUND(#248,.T.);
#1537=IFCFACEOUTERBOUND(#249,.T.);
#1538=IFCFACEOUTERBOUND(#250,.T.);
#1539=IFCFACEOUTERBOUND(#251,.T.);
#1540=IFCFACEOUTERBOUND(#252,.T.);
#1541=IFCFACEOUTERBOUND(#253,.T.);
#1542=IFCFACEOUTERBOUND(#254,.T.);
#1543=IFCFACEOUTERBOUND(#255,.T.);
#1544=IFCFACEOUTERBOUND(#256,.T.);
#1545=IFCFACEOUTERBOUND(#257,.T.);
#1546=IFCFACEOUTERBOUND(#258,.T.);
#1547=IFCFACEOUTERBOUND(#259,.T.);
#1548=IFCFACEOUTERBOUND(#260,.T.);
#1549=IFCFACEOUTERBOUND(#261,.T.);
#1550=IFCFACEOUTERBOUND(#262,.T.);
#1551=IFCFACEOUTERBOUND(#263,.T.);
#1552=IFCFACEOUTERBOUND(#264,.T.);
#1553=IFCFACEOUTERBOUND(#265,.T.);
#1554=IFCFACEOUTERBOUND(#266,.T.);
#1555=IFCFACEOUTERBOUND(#267,.T.);
#1556=IFCFACEOUTERBOUND(#268,.T.);
#1557=IFCFACEOUTERBOUND(#269,.T.);
#1558=IFCFACEOUTERBOUND(#270,.T.);
#1559=IFCFACEOUTERBOUND(#271,.T.);
#1560=IFCFACEOUTERBOUND(#272,.T.);
#1561=IFCFACEOUTERBOUND(#273,.T.);
#1562=IFCFACEOUTERBOUND(#274,.T.);
#1563=IFCFACEOUTERBOUND(#275,.T.);
#1564=IFCFACEOUTERBOUND(#276,.T.);
#1565=IFCFACEOUTERBOUND(#277,.T.);
#1566=IFCFACEOUTERBOUND(#278,.T.);
#1567=IFCFACEOUTERBOUND(#279,.T.);
#1568=IFCFACEOUTERBOUND(#280,.T.);
#1569=IFCFACEOUTERBOUND(#281,.T.);
#1570=IFCFACEOUTERBOUND(#282,.T.);
#1571=IFCFACEOUTERBOUND(#283,.T.);
#1572=IFCFACEOUTERBOUND(#284,.T.);
#1573=IFCFACEOUTERBOUND(#285,.T.);
#1574=IFCFACEOUTERBOUND(#286,.T.);
#1575=IFCFACEOUTERBOUND(#287,.T.);
#1576=IFCFACEOUTERBOUND(#288,.T.);
#1577=IFCFACEOUTERBOUND(#289,.T.);
#1578=IFCFACEOUTERBOUND(#290,.T.);
#1579=IFCFACEOUTERBOUND(#291,.T.);
#1580=IFCFACEOUTERBOUND(#292,.T.);
#1581=IFCFACEOUTERBOUND(#293,.T.);
#1582=IFCFACEOUTERBOUND(#294,.T.);
#1583=IFCFACEOUTERBOUND(#295,.T.);
#1584=IFCFACEOUTERBOUND(#296,.T.);
#1585=IFCFACEOUTERBOUND(#297,.T.);
#1586=IFCFACEOUTERBOUND(#298,.T.);
#1587=IFCFACEOUTERBOUND(#299,.T.);
#1588=IFCFACEOUTERBOUND(#300,.T.);
#1589=IFCFACEOUTERBOUND(#301,.T.);
#1590=IFCFACEOUTERBOUND(#302,.T.);
#1591=IFCFACEOUTERBOUND(#303,.T.);
#1592=IFCFACEOUTERBOUND(#304,.T.);
#1593=IFCFACEOUTERBOUND(#305,.T.);
#1594=IFCFACEOUTERBOUND(#306,.T.);
#1595=IFCFACEOUTERBOUND(#307,.T.);
#1596=IFCFACEOUTERBOUND(#308,.T.);
#1597=IFCFACEOUTERBOUND(#309,.T.);
#1598=IFCFACEOUTERBOUND(#310,.T.);
#1599=IFCFACEOUTERBOUND(#311,.T.);
#1600=IFCFACEOUTERBOUND(#312,.T.);
#1601=IFCFACEOUTERBOUND(#313,.T.);
#1602=IFCFACEOUTERBOUND(#314,.T.);
#1603=IFCFACEOUTERBOUND(#315,.T.);
#1604=IFCFACEOUTERBOUND(#316,.T.);
#1605=IFCFACEOUTERBOUND(#317,.T.);
#1606=IFCFACEOUTERBOUND(#318,.T.);
#1607=IFCFACEOUTERBOUND(#319,.T.);
#1608=IFCFACEOUTERBOUND(#320,.T.);
#1609=IFCFACEOUTERBOUND(#321,.T.);
#1610=IFCFACEOUTERBOUND(#322,.T.);
#1611=IFCFACEOUTERBOUND(#323,.T.);
#1612=IFCFACEOUTERBOUND(#324,.T.);
#1613=IFCFACEOUTERBOUND(#325,.T.);
#1614=IFCFACEOUTERBOUND(#326,.T.);
#1615=IFCFACEOUTERBOUND(#327,.T.);
#1616=IFCFACEOUTERBOUND(#328,.T.);
#1617=IFCFACEOUTERBOUND(#329,.T.);
#1618=IFCFACEOUTERBOUND(#330,.T.);
#1619=IFCFACEOUTERBOUND(#331,.T.);
#1620=IFCFACEOUTERBOUND(#332,.T.);
#1621=IFCFACEOUTERBOUND(#333,.T.);
#1622=IFCFACEOUTERBOUND(#334,.T.);
#1623=IFCFACEOUTERBOUND(#335,.T.);
#1624=IFCFACEOUTERBOUND(#336,.T.);
#1625=IFCFACEOUTERBOUND(#337,.T.);
#1626=IFCFACEOUTERBOUND(#338,.T.);
#1627=IFCFACEOUTERBOUND(#339,.T.);
#1628=IFCFACEOUTERBOUND(#340,.T.);
#1629=IFCFACEOUTERBOUND(#341,.T.);
#1630=IFCFACEOUTERBOUND(#342,.T.);
#1631=IFCFACEOUTERBOUND(#343,.T.);
#1632=IFCFACEOUTERBOUND(#344,.T.);
#1633=IFCFACEOUTERBOUND(#345,.T.);
#1634=IFCFACEOUTERBOUND(#346,.T.);
#1635=IFCFACEOUTERBOUND(#347,.T.);
#1636=IFCFACEOUTERBOUND(#348,.T.);
#1637=IFCFACEOUTERBOUND(#349,.T.);
#1638=IFCFACEOUTERBOUND(#350,.T.);
#1639=IFCFACEOUTERBOUND(#351,.T.);
#1640=IFCFACEOUTERBOUND(#352,.T.);
#1641=IFCFACEOUTERBOUND(#353,.T.);
#1642=IFCFACEOUTERBOUND(#354,.T.);
#1643=IFCFACEOUTERBOUND(#355,.T.);
#1644=IFCFACEOUTERBOUND(#356,.T.);
#1645=IFCFACEOUTERBOUND(#357,.T.);
#1646=IFCFACEOUTERBOUND(#358,.T.);
#1647=IFCFACEOUTERBOUND(#359,.T.);
#1648=IFCFACEOUTERBOUND(#360,.T.);
#1649=IFCFACEOUTERBOUND(#361,.T.);
#1650=IFCFACEOUTERBOUND(#362,.T.);
#1651=IFCFACEOUTERBOUND(#363,.T.);
#1652=IFCFACEOUTERBOUND(#364,.T.);
#1653=IFCFACEOUTERBOUND(#365,.T.);
#1654=IFCFACEOUTERBOUND(#366,.T.);
#1655=IFCFACEOUTERBOUND(#367,.T.);
#1656=IFCFACEOUTERBOUND(#368,.T.);
#1657=IFCFACEOUTERBOUND(#369,.T.);
#1658=IFCFACEOUTERBOUND(#370,.T.);
#1659=IFCFACEOUTERBOUND(#371,.T.);
#1660=IFCFACEOUTERBOUND(#372,.T.);
#1661=IFCFACEOUTERBOUND(#373,.T.);
#1662=IFCFACEOUTERBOUND(#374,.T.);
#1663=IFCFACEOUTERBOUND(#375,.T.);
#1664=IFCFACEOUTERBOUND(#376,.T.);
#1665=IFCFACEOUTERBOUND(#377,.T.);
#1666=IFCFACEOUTERBOUND(#378,.T.);
#1667=IFCFACEOUTERBOUND(#379,.T.);
#1668=IFCFACEOUTERBOUND(#380,.T.);
#1669=IFCFACEOUTERBOUND(#381,.T.);
#1670=IFCFACEOUTERBOUND(#382,.T.);
#1671=IFCFACEOUTERBOUND(#383,.T.);
#1672=IFCFACEOUTERBOUND(#384,.T.);
#1673=IFCFACEOUTERBOUND(#385,.T.);
#1674=IFCFACEOUTERBOUND(#386,.T.);
#1675=IFCFACEOUTERBOUND(#387,.T.);
#1676=IFCFACEOUTERBOUND(#388,.T.);
#1677=IFCFACEOUTERBOUND(#389,.T.);
#1678=IFCFACEOUTERBOUND(#390,.T.);
#1679=IFCFACEOUTERBOUND(#391,.T.);
#1680=IFCFACEOUTERBOUND(#392,.T.);
#1681=IFCFACEOUTERBOUND(#393,.T.);
#1682=IFCFACEOUTERBOUND(#394,.T.);
#1683=IFCFACEOUTERBOUND(#395,.T.);
#1684=IFCFACEOUTERBOUND(#396,.T.);
#1685=IFCFACEOUTERBOUND(#397,.T.);
#1686=IFCFACEOUTERBOUND(#398,.T.);
#1687=IFCFACEOUTERBOUND(#399,.T.);
#1688=IFCFACEOUTERBOUND(#400,.T.);
#1689=IFCFACEOUTERBOUND(#401,.T.);
#1690=IFCFACEOUTERBOUND(#402,.T.);
#1691=IFCFACEOUTERBOUND(#403,.T.);
#1692=IFCFACEOUTERBOUND(#404,.T.);
#1693=IFCFACEOUTERBOUND(#405,.T.);
#1694=IFCFACEOUTERBOUND(#406,.T.);
#1695=IFCFACEOUTERBOUND(#407,.T.);
#1696=IFCFACEOUTERBOUND(#408,.T.);
#1697=IFCFACEOUTERBOUND(#409,.T.);
#1698=IFCFACEOUTERBOUND(#410,.T.);
#1699=IFCFACEOUTERBOUND(#411,.T.);
#1700=IFCFACEOUTERBOUND(#412,.T.);
#1701=IFCFACEOUTERBOUND(#413,.T.);
#1702=IFCFACEOUTERBOUND(#414,.T.);
#1703=IFCFACEOUTERBOUND(#415,.T.);
#1704=IFCFACEOUTERBOUND(#416,.T.);
#1705=IFCFACEOUTERBOUND(#417,.T.);
#1706=IFCFACEOUTERBOUND(#418,.T.);
#1707=IFCFACEOUTERBOUND(#419,.T.);
#1708=IFCFACEOUTERBOUND(#420,.T.);
#1709=IFCFACEOUTERBOUND(#421,.T.);
#1710=IFCFACEOUTERBOUND(#422,.T.);
#1711=IFCFACEOUTERBOUND(#423,.T.);
#1712=IFCFACEOUTERBOUND(#424,.T.);
#1713=IFCFACEOUTERBOUND(#425,.T.);
#1714=IFCFACEOUTERBOUND(#426,.T.);
#1715=IFCFACEOUTERBOUND(#427,.T.);
#1716=IFCFACEOUTERBOUND(#428,.T.);
#1717=IFCFACEOUTERBOUND(#429,.T.);
#1718=IFCFACEOUTERBOUND(#430,.T.);
#1719=IFCFACEOUTERBOUND(#431,.T.);
#1720=IFCFACEOUTERBOUND(#432,.T.);
#1721=IFCFACEOUTERBOUND(#433,.T.);
#1722=IFCFACEOUTERBOUND(#434,.T.);
#1723=IFCFACEOUTERBOUND(#435,.T.);
#1724=IFCFACEOUTERBOUND(#436,.T.);
#1725=IFCFACEOUTERBOUND(#437,.T.);
#1726=IFCFACEOUTERBOUND(#438,.T.);
#1727=IFCFACEOUTERBOUND(#439,.T.);
#1728=IFCFACEOUTERBOUND(#440,.T.);
#1729=IFCFACEOUTERBOUND(#441,.T.);
#1730=IFCFACEOUTERBOUND(#442,.T.);
#1731=IFCFACEOUTERBOUND(#443,.T.);
#1732=IFCFACEOUTERBOUND(#444,.T.);
#1733=IFCFACEOUTERBOUND(#445,.T.);
#1734=IFCFACEOUTERBOUND(#446,.T.);
#1735=IFCFACEOUTERBOUND(#447,.T.);
#1736=IFCFACEOUTERBOUND(#448,.T.);
#1737=IFCFACEOUTERBOUND(#449,.T.);
#1738=IFCFACEOUTERBOUND(#450,.T.);
#1739=IFCFACEOUTERBOUND(#451,.T.);
#1740=IFCFACEOUTERBOUND(#452,.T.);
#1741=IFCFACEOUTERBOUND(#453,.T.);
#1742=IFCFACEOUTERBOUND(#454,.T.);
#1743=IFCFACEOUTERBOUND(#455,.T.);
#1744=IFCFACEOUTERBOUND(#456,.T.);
#1745=IFCFACEOUTERBOUND(#457,.T.);
#1746=IFCFACEOUTERBOUND(#458,.T.);
#1747=IFCFACEOUTERBOUND(#459,.T.);
#1748=IFCFACEOUTERBOUND(#460,.T.);
#1749=IFCFACEOUTERBOUND(#461,.T.);
#1750=IFCFACEOUTERBOUND(#462,.T.);
#1751=IFCFACEOUTERBOUND(#463,.T.);
#1752=IFCFACEOUTERBOUND(#464,.T.);
#1753=IFCFACEOUTERBOUND(#465,.T.);
#1754=IFCFACEOUTERBOUND(#466,.T.);
#1755=IFCFACEOUTERBOUND(#467,.T.);
#1756=IFCFACEOUTERBOUND(#468,.T.);
#1757=IFCFACEOUTERBOUND(#469,.T.);
#1758=IFCFACEOUTERBOUND(#470,.T.);
#1759=IFCFACEOUTERBOUND(#471,.T.);
#1760=IFCFACEOUTERBOUND(#472,.T.);
#1761=IFCFACEOUTERBOUND(#473,.T.);
#1762=IFCFACEOUTERBOUND(#474,.T.);
#1763=IFCFACEOUTERBOUND(#475,.T.);
#1764=IFCFACEOUTERBOUND(#476,.T.);
#1765=IFCFACEOUTERBOUND(#477,.T.);
#1766=IFCFACEOUTERBOUND(#478,.T.);
#1767=IFCFACEOUTERBOUND(#479,.T.);
#1768=IFCFACEOUTERBOUND(#480,.T.);
#1769=IFCFACEOUTERBOUND(#481,.T.);
#1770=IFCFACEOUTERBOUND(#482,.T.);
#1771=IFCFACEOUTERBOUND(#483,.T.);
#1772=IFCFACEOUTERBOUND(#484,.T.);
#1773=IFCFACEOUTERBOUND(#485,.T.);
#1774=IFCFACEOUTERBOUND(#486,.T.);
#1775=IFCFACEOUTERBOUND(#487,.T.);
#1776=IFCFACEOUTERBOUND(#488,.T.);
#1777=IFCFACEOUTERBOUND(#489,.T.);
#1778=IFCFACEOUTERBOUND(#490,.T.);
#1779=IFCFACEOUTERBOUND(#491,.T.);
#1780=IFCFACEOUTERBOUND(#492,.T.);
#1781=IFCFACEOUTERBOUND(#493,.T.);
#1782=IFCFACEOUTERBOUND(#494,.T.);
#1783=IFCFACEOUTERBOUND(#495,.T.);
#1784=IFCFACEOUTERBOUND(#496,.T.);
#1785=IFCFACEOUTERBOUND(#497,.T.);
#1786=IFCFACEOUTERBOUND(#498,.T.);
#1787=IFCFACEOUTERBOUND(#499,.T.);
#1788=IFCFACEOUTERBOUND(#500,.T.);
#1789=IFCFACEOUTERBOUND(#501,.T.);
#1790=IFCFACEOUTERBOUND(#502,.T.);
#1791=IFCFACEOUTERBOUND(#503,.T.);
#1792=IFCFACEOUTERBOUND(#504,.T.);
#1793=IFCFACEOUTERBOUND(#505,.T.);
#1794=IFCFACEOUTERBOUND(#506,.T.);
#1795=IFCFACEOUTERBOUND(#507,.T.);
#1796=IFCFACEOUTERBOUND(#508,.T.);
#1797=IFCFACEOUTERBOUND(#509,.T.);
#1798=IFCFACEOUTERBOUND(#510,.T.);
#1799=IFCFACEOUTERBOUND(#511,.T.);
#1800=IFCFACEOUTERBOUND(#512,.T.);
#1801=IFCFACEOUTERBOUND(#513,.T.);
#1802=IFCFACEOUTERBOUND(#514,.T.);
#1803=IFCFACEOUTERBOUND(#515,.T.);
#1804=IFCFACEOUTERBOUND(#516,.T.);
#1805=IFCFACEOUTERBOUND(#517,.T.);
#1806=IFCFACEOUTERBOUND(#518,.T.);
#1807=IFCFACEOUTERBOUND(#519,.T.);
#1808=IFCFACEOUTERBOUND(#520,.T.);
#1809=IFCFACEOUTERBOUND(#521,.T.);
#1810=IFCFACEOUTERBOUND(#522,.T.);
#1811=IFCFACEOUTERBOUND(#523,.T.);
#1812=IFCFACEOUTERBOUND(#524,.T.);
#1813=IFCFACEOUTERBOUND(#525,.T.);
#1814=IFCFACEOUTERBOUND(#526,.T.);
#1815=IFCFACEOUTERBOUND(#527,.T.);
#1816=IFCFACEOUTERBOUND(#528,.T.);
#1817=IFCFACEOUTERBOUND(#529,.T.);
#1818=IFCFACEOUTERBOUND(#530,.T.);
#1819=IFCFACEOUTERBOUND(#531,.T.);
#1820=IFCFACEOUTERBOUND(#532,.T.);
#1821=IFCFACEOUTERBOUND(#533,.T.);
#1822=IFCFACEOUTERBOUND(#534,.T.);
#1823=IFCFACEOUTERBOUND(#535,.T.);
#1824=IFCFACEOUTERBOUND(#536,.T.);
#1825=IFCFACEOUTERBOUND(#537,.T.);
#1826=IFCFACEOUTERBOUND(#538,.T.);
#1827=IFCFACEOUTERBOUND(#539,.T.);
#1828=IFCFACEOUTERBOUND(#540,.T.);
#1829=IFCFACEOUTERBOUND(#541,.T.);
#1830=IFCFACEOUTERBOUND(#542,.T.);
#1831=IFCFACEOUTERBOUND(#543,.T.);
#1832=IFCFACEOUTERBOUND(#544,.T.);
#1833=IFCFACEOUTERBOUND(#545,.T.);
#1834=IFCFACEOUTERBOUND(#546,.T.);
#1835=IFCFACEOUTERBOUND(#547,.T.);
#1836=IFCFACEOUTERBOUND(#548,.T.);
#1837=IFCFACEOUTERBOUND(#549,.T.);
#1838=IFCFACEOUTERBOUND(#550,.T.);
#1839=IFCFACEOUTERBOUND(#551,.T.);
#1840=IFCFACEOUTERBOUND(#552,.T.);
#1841=IFCFACEOUTERBOUND(#553,.T.);
#1842=IFCFACEOUTERBOUND(#554,.T.);
#1843=IFCFACEOUTERBOUND(#555,.T.);
#1844=IFCFACEOUTERBOUND(#556,.T.);
#1845=IFCFACEOUTERBOUND(#557,.T.);
#1846=IFCFACEOUTERBOUND(#558,.T.);
#1847=IFCFACEOUTERBOUND(#559,.T.);
#1848=IFCFACEOUTERBOUND(#560,.T.);
#1849=IFCFACEOUTERBOUND(#561,.T.);
#1850=IFCFACEOUTERBOUND(#562,.T.);
#1851=IFCFACEOUTERBOUND(#563,.T.);
#1852=IFCFACEOUTERBOUND(#564,.T.);
#1853=IFCFACEOUTERBOUND(#565,.T.);
#1854=IFCFACEOUTERBOUND(#566,.T.);
#1855=IFCFACEOUTERBOUND(#567,.T.);
#1856=IFCFACEOUTERBOUND(#568,.T.);
#1857=IFCFACEOUTERBOUND(#569,.T.);
#1858=IFCFACEOUTERBOUND(#570,.T.);
#1859=IFCFACEOUTERBOUND(#571,.T.);
#1860=IFCFACEOUTERBOUND(#572,.T.);
#1861=IFCFACEOUTERBOUND(#573,.T.);
#1862=IFCFACEOUTERBOUND(#574,.T.);
#1863=IFCFACEOUTERBOUND(#575,.T.);
#1864=IFCFACEOUTERBOUND(#576,.T.);
#1865=IFCFACEOUTERBOUND(#577,.T.);
#1866=IFCFACEOUTERBOUND(#578,.T.);
#1867=IFCFACEOUTERBOUND(#579,.T.);
#1868=IFCFACEOUTERBOUND(#580,.T.);
#1869=IFCFACEOUTERBOUND(#581,.T.);
#1870=IFCFACEOUTERBOUND(#582,.T.);
#1871=IFCFACEOUTERBOUND(#583,.T.);
#1872=IFCFACEOUTERBOUND(#584,.T.);
#1873=IFCFACEOUTERBOUND(#585,.T.);
#1874=IFCFACEOUTERBOUND(#586,.T.);
#1875=IFCFACEOUTERBOUND(#587,.T.);
#1876=IFCFACEOUTERBOUND(#588,.T.);
#1877=IFCFACEOUTERBOUND(#589,.T.);
#1878=IFCFACEOUTERBOUND(#590,.T.);
#1879=IFCFACEOUTERBOUND(#591,.T.);
#1880=IFCFACEOUTERBOUND(#592,.T.);
#1881=IFCFACEOUTERBOUND(#593,.T.);
#1882=IFCFACEOUTERBOUND(#594,.T.);
#1883=IFCFACEOUTERBOUND(#595,.T.);
#1884=IFCFACEOUTERBOUND(#596,.T.);
#1885=IFCFACEOUTERBOUND(#597,.T.);
#1886=IFCFACEOUTERBOUND(#598,.T.);
#1887=IFCFACEOUTERBOUND(#599,.T.);
#1888=IFCFACEOUTERBOUND(#600,.T.);
#1889=IFCFACEOUTERBOUND(#601,.T.);
#1890=IFCFACEOUTERBOUND(#602,.T.);
#1891=IFCFACEOUTERBOUND(#603,.T.);
#1892=IFCFACEOUTERBOUND(#604,.T.);
#1893=IFCFACEOUTERBOUND(#605,.T.);
#1894=IFCFACEOUTERBOUND(#606,.T.);
#1895=IFCFACEOUTERBOUND(#607,.T.);
#1896=IFCFACEOUTERBOUND(#608,.T.);
#1897=IFCFACEOUTERBOUND(#609,.T.);
#1898=IFCFACEOUTERBOUND(#610,.T.);
#1899=IFCFACEOUTERBOUND(#611,.T.);
#1900=IFCFACEOUTERBOUND(#612,.T.);
#1901=IFCFACEOUTERBOUND(#613,.T.);
#1902=IFCFACEOUTERBOUND(#614,.T.);
#1903=IFCFACEOUTERBOUND(#615,.T.);
#1904=IFCFACEOUTERBOUND(#616,.T.);
#1905=IFCFACEOUTERBOUND(#617,.T.);
#1906=IFCFACEOUTERBOUND(#618,.T.);
#1907=IFCFACEOUTERBOUND(#619,.T.);
#1908=IFCFACEOUTERBOUND(#620,.T.);
#1909=IFCFACEOUTERBOUND(#621,.T.);
#1910=IFCFACEOUTERBOUND(#622,.T.);
#1911=IFCFACEOUTERBOUND(#623,.T.);
#1912=IFCFACEOUTERBOUND(#624,.T.);
#1913=IFCFACEOUTERBOUND(#625,.T.);
#1914=IFCFACEOUTERBOUND(#626,.T.);
#1915=IFCFACEOUTERBOUND(#627,.T.);
#1916=IFCFACEOUTERBOUND(#628,.T.);
#1917=IFCFACEOUTERBOUND(#629,.T.);
#1918=IFCFACEOUTERBOUND(#630,.T.);
#1919=IFCFACEOUTERBOUND(#631,.T.);
#1920=IFCFACEOUTERBOUND(#632,.T.);
#1921=IFCFACEOUTERBOUND(#633,.T.);
#1922=IFCFACEOUTERBOUND(#634,.T.);
#1923=IFCFACEOUTERBOUND(#635,.T.);
#1924=IFCFACEOUTERBOUND(#636,.T.);
#1925=IFCFACEOUTERBOUND(#637,.T.);
#1926=IFCFACEOUTERBOUND(#638,.T.);
#1927=IFCFACEOUTERBOUND(#639,.T.);
#1928=IFCFACEOUTERBOUND(#640,.T.);
#1929=IFCFACEOUTERBOUND(#641,.T.);
#1930=IFCFACEOUTERBOUND(#642,.T.);
#1931=IFCFACEOUTERBOUND(#643,.T.);
#1932=IFCFACEOUTERBOUND(#644,.T.);
#1933=IFCFACEOUTERBOUND(#645,.T.);
#1934=IFCFACEOUTERBOUND(#646,.T.);
#1935=IFCFACEOUTERBOUND(#647,.T.);
#1936=IFCFACEOUTERBOUND(#648,.T.);
#1937=IFCFACEOUTERBOUND(#649,.T.);
#1938=IFCFACEOUTERBOUND(#650,.T.);
#1939=IFCFACEOUTERBOUND(#651,.T.);
#1940=IFCFACEOUTERBOUND(#652,.T.);
#1941=IFCFACEOUTERBOUND(#653,.T.);
#1942=IFCFACEOUTERBOUND(#654,.T.);
#1943=IFCFACEOUTERBOUND(#655,.T.);
#1944=IFCFACEOUTERBOUND(#656,.T.);
#1945=IFCFACEOUTERBOUND(#657,.T.);
#1946=IFCFACEOUTERBOUND(#658,.T.);
#1947=IFCFACEOUTERBOUND(#659,.T.);
#1948=IFCFACEOUTERBOUND(#660,.T.);
#1949=IFCFACEOUTERBOUND(#661,.T.);
#1950=IFCFACEOUTERBOUND(#662,.T.);
#1951=IFCFACEOUTERBOUND(#663,.T.);
#1952=IFCFACEOUTERBOUND(#664,.T.);
#1953=IFCFACEOUTERBOUND(#665,.T.);
#1954=IFCFACEOUTERBOUND(#666,.T.);
#1955=IFCFACEOUTERBOUND(#667,.T.);
#1956=IFCFACEOUTERBOUND(#668,.T.);
#1957=IFCFACEOUTERBOUND(#669,.T.);
#1958=IFCFACEOUTERBOUND(#670,.T.);
#1959=IFCFACEOUTERBOUND(#671,.T.);
#1960=IFCFACEOUTERBOUND(#672,.T.);
#1961=IFCFACEOUTERBOUND(#673,.T.);
#1962=IFCFACEOUTERBOUND(#674,.T.);
#1963=IFCFACEOUTERBOUND(#675,.T.);
#1964=IFCFACEOUTERBOUND(#676,.T.);
#1965=IFCFACEOUTERBOUND(#677,.T.);
#1966=IFCFACEOUTERBOUND(#678,.T.);
#1967=IFCFACEOUTERBOUND(#679,.T.);
#1968=IFCFACEOUTERBOUND(#680,.T.);
#1969=IFCFACEOUTERBOUND(#681,.T.);
#1970=IFCFACEOUTERBOUND(#682,.T.);
#1971=IFCFACEOUTERBOUND(#683,.T.);
#1972=IFCFACEOUTERBOUND(#684,.T.);
#1973=IFCFACEOUTERBOUND(#685,.T.);
#1974=IFCFACEOUTERBOUND(#686,.T.);
#1975=IFCFACEOUTERBOUND(#687,.T.);
#1976=IFCFACEOUTERBOUND(#688,.T.);
#1977=IFCFACEOUTERBOUND(#689,.T.);
#1978=IFCFACEOUTERBOUND(#690,.T.);
#1979=IFCFACEOUTERBOUND(#691,.T.);
#1980=IFCFACEOUTERBOUND(#692,.T.);
#1981=IFCFACEOUTERBOUND(#693,.T.);
#1982=IFCFACEOUTERBOUND(#694,.T.);
#1983=IFCFACEOUTERBOUND(#695,.T.);
#1984=IFCFACEOUTERBOUND(#696,.T.);
#1985=IFCFACEOUTERBOUND(#697,.T.);
#1986=IFCFACEOUTERBOUND(#698,.T.);
#1987=IFCFACEOUTERBOUND(#699,.T.);
#1988=IFCFACEOUTERBOUND(#700,.T.);
#1989=IFCFACEOUTERBOUND(#701,.T.);
#1990=IFCFACEOUTERBOUND(#702,.T.);
#1991=IFCFACEOUTERBOUND(#703,.T.);
#1992=IFCFACEOUTERBOUND(#704,.T.);
#1993=IFCFACEOUTERBOUND(#705,.T.);
#1994=IFCFACEOUTERBOUND(#706,.T.);
#1995=IFCFACEOUTERBOUND(#707,.T.);
#1996=IFCFACEOUTERBOUND(#708,.T.);
#1997=IFCFACEOUTERBOUND(#709,.T.);
#1998=IFCFACEOUTERBOUND(#710,.T.);
#1999=IFCFACEOUTERBOUND(#711,.T.);
#2000=IFCFACEOUTERBOUND(#712,.T.);
#2001=IFCFACEOUTERBOUND(#713,.T.);
#2002=IFCFACEOUTERBOUND(#714,.T.);
#2003=IFCFACEOUTERBOUND(#715,.T.);
#2004=IFCFACEOUTERBOUND(#716,.T.);
#2005=IFCFACEOUTERBOUND(#717,.T.);
#2006=IFCFACEOUTERBOUND(#718,.T.);
#2007=IFCFACEOUTERBOUND(#719,.T.);
#2008=IFCFACEOUTERBOUND(#720,.T.);
#2009=IFCFACEOUTERBOUND(#721,.T.);
#2010=IFCFACEOUTERBOUND(#722,.T.);
#2011=IFCFACEOUTERBOUND(#723,.T.);
#2012=IFCFACEOUTERBOUND(#724,.T.);
#2013=IFCFACEOUTERBOUND(#725,.T.);
#2014=IFCFACEOUTERBOUND(#726,.T.);
#2015=IFCFACEOUTERBOUND(#727,.T.);
#2016=IFCFACEOUTERBOUND(#728,.T.);
#2017=IFCFACEOUTERBOUND(#729,.T.);
#2018=IFCFACEOUTERBOUND(#730,.T.);
#2019=IFCFACEOUTERBOUND(#731,.T.);
#2020=IFCFACEOUTERBOUND(#732,.T.);
#2021=IFCFACEOUTERBOUND(#733,.T.);
#2022=IFCFACEOUTERBOUND(#734,.T.);
#2023=IFCFACEOUTERBOUND(#735,.T.);
#2024=IFCFACEOUTERBOUND(#736,.T.);
#2025=IFCFACEOUTERBOUND(#737,.T.);
#2026=IFCFACEOUTERBOUND(#738,.T.);
#2027=IFCFACEOUTERBOUND(#739,.T.);
#2028=IFCFACEOUTERBOUND(#740,.T.);
#2029=IFCFACEOUTERBOUND(#741,.T.);
#2030=IFCFACEOUTERBOUND(#742,.T.);
#2031=IFCFACEOUTERBOUND(#743,.T.);
#2032=IFCFACEOUTERBOUND(#744,.T.);
#2033=IFCFACEOUTERBOUND(#745,.T.);
#2034=IFCFACEOUTERBOUND(#746,.T.);
#2035=IFCFACEOUTERBOUND(#747,.T.);
#2036=IFCFACEOUTERBOUND(#748,.T.);
#2037=IFCFACEOUTERBOUND(#749,.T.);
#2038=IFCFACEOUTERBOUND(#750,.T.);
#2039=IFCFACEOUTERBOUND(#751,.T.);
#2040=IFCFACEOUTERBOUND(#752,.T.);
#2041=IFCFACEOUTERBOUND(#753,.T.);
#2042=IFCFACEOUTERBOUND(#754,.T.);
#2043=IFCFACEOUTERBOUND(#755,.T.);
#2044=IFCFACEOUTERBOUND(#756,.T.);
#2045=IFCFACEOUTERBOUND(#757,.T.);
#2046=IFCFACEOUTERBOUND(#758,.T.);
#2047=IFCFACEOUTERBOUND(#759,.T.);
#2048=IFCFACEOUTERBOUND(#760,.T.);
#2049=IFCFACEOUTERBOUND(#761,.T.);
#2050=IFCFACEOUTERBOUND(#762,.T.);
#2051=IFCFACEOUTERBOUND(#763,.T.);
#2052=IFCFACEOUTERBOUND(#764,.T.);
#2053=IFCFACEOUTERBOUND(#765,.T.);
#2054=IFCFACEOUTERBOUND(#766,.T.);
#2055=IFCFACEOUTERBOUND(#767,.T.);
#2056=IFCFACEOUTERBOUND(#768,.T.);
#2057=IFCFACEOUTERBOUND(#769,.T.);
#2058=IFCFACEOUTERBOUND(#770,.T.);
#2059=IFCFACEOUTERBOUND(#771,.T.);
#2060=IFCFACEOUTERBOUND(#772,.T.);
#2061=IFCFACEOUTERBOUND(#773,.T.);
#2062=IFCFACEOUTERBOUND(#774,.T.);
#2063=IFCFACEOUTERBOUND(#775,.T.);
#2064=IFCFACEOUTERBOUND(#776,.T.);
#2065=IFCFACEOUTERBOUND(#777,.T.);
#2066=IFCFACEOUTERBOUND(#778,.T.);
#2067=IFCFACEOUTERBOUND(#779,.T.);
#2068=IFCFACEOUTERBOUND(#780,.T.);
#2069=IFCFACEOUTERBOUND(#781,.T.);
#2070=IFCFACEOUTERBOUND(#782,.T.);
#2071=IFCFACEOUTERBOUND(#783,.T.);
#2072=IFCFACEOUTERBOUND(#784,.T.);
#2073=IFCFACEOUTERBOUND(#785,.T.);
#2074=IFCFACEOUTERBOUND(#786,.T.);
#2075=IFCFACEOUTERBOUND(#787,.T.);
#2076=IFCFACEOUTERBOUND(#788,.T.);
#2077=IFCFACEOUTERBOUND(#789,.T.);
#2078=IFCFACEOUTERBOUND(#790,.T.);
#2079=IFCFACEOUTERBOUND(#791,.T.);
#2080=IFCFACEOUTERBOUND(#792,.T.);
#2081=IFCFACEOUTERBOUND(#793,.T.);
#2082=IFCFACEOUTERBOUND(#794,.T.);
#2083=IFCFACEOUTERBOUND(#795,.T.);
#2084=IFCFACEOUTERBOUND(#796,.T.);
#2085=IFCFACEOUTERBOUND(#797,.T.);
#2086=IFCFACEOUTERBOUND(#798,.T.);
#2087=IFCFACEOUTERBOUND(#799,.T.);
#2088=IFCFACEOUTERBOUND(#800,.T.);
#2089=IFCFACEOUTERBOUND(#801,.T.);
#2090=IFCFACEOUTERBOUND(#802,.T.);
#2091=IFCFACEOUTERBOUND(#803,.T.);
#2092=IFCFACEOUTERBOUND(#804,.T.);
#2093=IFCFACEOUTERBOUND(#805,.T.);
#2094=IFCFACEOUTERBOUND(#806,.T.);
#2095=IFCFACEOUTERBOUND(#807,.T.);
#2096=IFCFACEOUTERBOUND(#808,.T.);
#2097=IFCFACEOUTERBOUND(#809,.T.);
#2098=IFCFACEOUTERBOUND(#810,.T.);
#2099=IFCFACEOUTERBOUND(#811,.T.);
#2100=IFCFACEOUTERBOUND(#812,.T.);
#2101=IFCFACEOUTERBOUND(#813,.T.);
#2102=IFCFACEOUTERBOUND(#814,.T.);
#2103=IFCFACEOUTERBOUND(#815,.T.);
#2104=IFCFACEOUTERBOUND(#816,.T.);
#2105=IFCFACEOUTERBOUND(#817,.T.);
#2106=IFCFACEOUTERBOUND(#818,.T.);
#2107=IFCFACEOUTERBOUND(#819,.T.);
#2108=IFCFACEOUTERBOUND(#820,.T.);
#2109=IFCFACEOUTERBOUND(#821,.T.);
#2110=IFCFACEOUTERBOUND(#822,.T.);
#2111=IFCFACEOUTERBOUND(#823,.T.);
#2112=IFCFACEOUTERBOUND(#824,.T.);
#2113=IFCFACEOUTERBOUND(#825,.T.);
#2114=IFCFACEOUTERBOUND(#826,.T.);
#2115=IFCFACEOUTERBOUND(#827,.T.);
#2116=IFCFACEOUTERBOUND(#828,.T.);
#2117=IFCFACEOUTERBOUND(#829,.T.);
#2118=IFCFACEOUTERBOUND(#830,.T.);
#2119=IFCFACEOUTERBOUND(#831,.T.);
#2120=IFCFACEOUTERBOUND(#832,.T.);
#2121=IFCFACEOUTERBOUND(#833,.T.);
#2122=IFCFACEOUTERBOUND(#834,.T.);
#2123=IFCFACEOUTERBOUND(#835,.T.);
#2124=IFCFACEOUTERBOUND(#836,.T.);
#2125=IFCFACEOUTERBOUND(#837,.T.);
#2126=IFCFACEOUTERBOUND(#838,.T.);
#2127=IFCFACEOUTERBOUND(#839,.T.);
#2128=IFCFACEOUTERBOUND(#840,.T.);
#2129=IFCFACEOUTERBOUND(#841,.T.);
#2130=IFCFACEOUTERBOUND(#842,.T.);
#2131=IFCFACEOUTERBOUND(#843,.T.);
#2132=IFCFACEOUTERBOUND(#844,.T.);
#2133=IFCFACEOUTERBOUND(#845,.T.);
#2134=IFCFACEOUTERBOUND(#846,.T.);
#2135=IFCFACEOUTERBOUND(#847,.T.);
#2136=IFCFACEOUTERBOUND(#848,.T.);
#2137=IFCFACEOUTERBOUND(#849,.T.);
#2138=IFCFACEOUTERBOUND(#850,.T.);
#2139=IFCFACEOUTERBOUND(#851,.T.);
#2140=IFCFACEOUTERBOUND(#852,.T.);
#2141=IFCFACEOUTERBOUND(#853,.T.);
#2142=IFCFACEOUTERBOUND(#854,.T.);
#2143=IFCFACEOUTERBOUND(#855,.T.);
#2144=IFCFACEOUTERBOUND(#856,.T.);
#2145=IFCFACEOUTERBOUND(#857,.T.);
#2146=IFCFACEOUTERBOUND(#858,.T.);
#2147=IFCFACEOUTERBOUND(#859,.T.);
#2148=IFCFACEOUTERBOUND(#860,.T.);
#2149=IFCFACEOUTERBOUND(#861,.T.);
#2150=IFCFACEOUTERBOUND(#862,.T.);
#2151=IFCFACEOUTERBOUND(#863,.T.);
#2152=IFCFACEOUTERBOUND(#864,.T.);
#2153=IFCFACEOUTERBOUND(#865,.T.);
#2154=IFCFACEOUTERBOUND(#866,.T.);
#2155=IFCFACEOUTERBOUND(#867,.T.);
#2156=IFCFACEOUTERBOUND(#868,.T.);
#2157=IFCFACEOUTERBOUND(#869,.T.);
#2158=IFCFACEOUTERBOUND(#870,.T.);
#2159=IFCFACEOUTERBOUND(#871,.T.);
#2160=IFCFACEOUTERBOUND(#872,.T.);
#2161=IFCFACEOUTERBOUND(#873,.T.);
#2162=IFCFACEOUTERBOUND(#874,.T.);
#2163=IFCFACEOUTERBOUND(#875,.T.);
#2164=IFCFACEOUTERBOUND(#876,.T.);
#2165=IFCFACEOUTERBOUND(#877,.T.);
#2166=IFCFACEOUTERBOUND(#878,.T.);
#2167=IFCFACEOUTERBOUND(#879,.T.);
#2168=IFCFACEOUTERBOUND(#880,.T.);
#2169=IFCFACEOUTERBOUND(#881,.T.);
#2170=IFCFACEOUTERBOUND(#882,.T.);
#2171=IFCFACEOUTERBOUND(#883,.T.);
#2172=IFCFACEOUTERBOUND(#884,.T.);
#2173=IFCFACEOUTERBOUND(#885,.T.);
#2174=IFCFACEOUTERBOUND(#886,.T.);
#2175=IFCFACEOUTERBOUND(#887,.T.);
#2176=IFCFACEOUTERBOUND(#888,.T.);
#2177=IFCFACEOUTERBOUND(#889,.T.);
#2178=IFCFACEOUTERBOUND(#890,.T.);
#2179=IFCFACEOUTERBOUND(#891,.T.);
#2180=IFCFACEOUTERBOUND(#892,.T.);
#2181=IFCFACEOUTERBOUND(#893,.T.);
#2182=IFCFACEOUTERBOUND(#894,.T.);
#2183=IFCFACEOUTERBOUND(#895,.T.);
#2184=IFCFACEOUTERBOUND(#896,.T.);
#2185=IFCFACEOUTERBOUND(#897,.T.);
#2186=IFCFACEOUTERBOUND(#898,.T.);
#2187=IFCFACEOUTERBOUND(#899,.T.);
#2188=IFCFACEOUTERBOUND(#900,.T.);
#2189=IFCFACEOUTERBOUND(#901,.T.);
#2190=IFCFACEOUTERBOUND(#902,.T.);
#2191=IFCFACEOUTERBOUND(#903,.T.);
#2192=IFCFACEOUTERBOUND(#904,.T.);
#2193=IFCFACEOUTERBOUND(#905,.T.);
#2194=IFCFACEOUTERBOUND(#906,.T.);
#2195=IFCFACEOUTERBOUND(#907,.T.);
#2196=IFCFACEOUTERBOUND(#908,.T.);
#2197=IFCFACEOUTERBOUND(#909,.T.);
#2198=IFCFACEOUTERBOUND(#910,.T.);
#2199=IFCFACEOUTERBOUND(#911,.T.);
#2200=IFCFACEOUTERBOUND(#912,.T.);
#2201=IFCFACEOUTERBOUND(#913,.T.);
#2202=IFCFACEOUTERBOUND(#914,.T.);
#2203=IFCFACEOUTERBOUND(#915,.T.);
#2204=IFCFACEOUTERBOUND(#916,.T.);
#2205=IFCFACEOUTERBOUND(#917,.T.);
#2206=IFCFACEOUTERBOUND(#918,.T.);
#2207=IFCFACEOUTERBOUND(#919,.T.);
#2208=IFCFACEOUTERBOUND(#920,.T.);
#2209=IFCFACEOUTERBOUND(#921,.T.);
#2210=IFCFACEOUTERBOUND(#922,.T.);
#2211=IFCFACEOUTERBOUND(#923,.T.);
#2212=IFCFACEOUTERBOUND(#924,.T.);
#2213=IFCFACEOUTERBOUND(#925,.T.);
#2214=IFCFACEOUTERBOUND(#926,.T.);
#2215=IFCFACEOUTERBOUND(#927,.T.);
#2216=IFCFACEOUTERBOUND(#928,.T.);
#2217=IFCFACEOUTERBOUND(#929,.T.);
#2218=IFCFACEOUTERBOUND(#930,.T.);
#2219=IFCFACEOUTERBOUND(#931,.T.);
#2220=IFCFACEOUTERBOUND(#932,.T.);
#2221=IFCFACEOUTERBOUND(#933,.T.);
#2222=IFCFACEOUTERBOUND(#934,.T.);
#2223=IFCFACEOUTERBOUND(#935,.T.);
#2224=IFCFACEOUTERBOUND(#936,.T.);
#2225=IFCFACEOUTERBOUND(#937,.T.);
#2226=IFCFACEOUTERBOUND(#938,.T.);
#2227=IFCFACEOUTERBOUND(#939,.T.);
#2228=IFCFACEOUTERBOUND(#940,.T.);
#2229=IFCFACEOUTERBOUND(#941,.T.);
#2230=IFCFACEOUTERBOUND(#942,.T.);
#2231=IFCFACEOUTERBOUND(#943,.T.);
#2232=IFCFACEOUTERBOUND(#944,.T.);
#2233=IFCFACEOUTERBOUND(#945,.T.);
#2234=IFCFACEOUTERBOUND(#946,.T.);
#2235=IFCFACEOUTERBOUND(#947,.T.);
#2236=IFCFACEOUTERBOUND(#948,.T.);
#2237=IFCFACEOUTERBOUND(#949,.T.);
#2238=IFCFACEOUTERBOUND(#950,.T.);
#2239=IFCFACEOUTERBOUND(#951,.T.);
#2240=IFCFACEOUTERBOUND(#952,.T.);
#2241=IFCFACEOUTERBOUND(#953,.T.);
#2242=IFCFACEOUTERBOUND(#954,.T.);
#2243=IFCFACEOUTERBOUND(#955,.T.);
#2244=IFCFACEOUTERBOUND(#956,.T.);
#2245=IFCFACEOUTERBOUND(#957,.T.);
#2246=IFCFACEOUTERBOUND(#958,.T.);
#2247=IFCFACEOUTERBOUND(#959,.T.);
#2248=IFCFACEOUTERBOUND(#960,.T.);
#2249=IFCFACEOUTERBOUND(#961,.T.);
#2250=IFCFACEOUTERBOUND(#962,.T.);
#2251=IFCFACEOUTERBOUND(#963,.T.);
#2252=IFCFACEOUTERBOUND(#964,.T.);
#2253=IFCFACEOUTERBOUND(#965,.T.);
#2254=IFCFACEOUTERBOUND(#966,.T.);
#2255=IFCFACEOUTERBOUND(#967,.T.);
#2256=IFCFACEOUTERBOUND(#968,.T.);
#2257=IFCFACEOUTERBOUND(#969,.T.);
#2258=IFCFACEOUTERBOUND(#970,.T.);
#2259=IFCFACEOUTERBOUND(#971,.T.);
#2260=IFCFACEOUTERBOUND(#972,.T.);
#2261=IFCFACEOUTERBOUND(#973,.T.);
#2262=IFCFACEOUTERBOUND(#974,.T.);
#2263=IFCFACEOUTERBOUND(#975,.T.);
#2264=IFCFACEOUTERBOUND(#976,.T.);
#2265=IFCFACEOUTERBOUND(#977,.T.);
#2266=IFCFACEOUTERBOUND(#978,.T.);
#2267=IFCFACEOUTERBOUND(#979,.T.);
#2268=IFCFACEOUTERBOUND(#980,.T.);
#2269=IFCFACEOUTERBOUND(#981,.T.);
#2270=IFCFACEOUTERBOUND(#982,.T.);
#2271=IFCFACEOUTERBOUND(#983,.T.);
#2272=IFCFACEOUTERBOUND(#984,.T.);
#2273=IFCFACEOUTERBOUND(#985,.T.);
#2274=IFCFACEOUTERBOUND(#986,.T.);
#2275=IFCFACEOUTERBOUND(#987,.T.);
#2276=IFCFACEOUTERBOUND(#988,.T.);
#2277=IFCFACEOUTERBOUND(#989,.T.);
#2278=IFCFACEOUTERBOUND(#990,.T.);
#2279=IFCFACEOUTERBOUND(#991,.T.);
#2280=IFCFACEOUTERBOUND(#992,.T.);
#2281=IFCFACEOUTERBOUND(#993,.T.);
#2282=IFCFACEOUTERBOUND(#994,.T.);
#2283=IFCFACEOUTERBOUND(#995,.T.);
#2284=IFCFACEOUTERBOUND(#996,.T.);
#2285=IFCFACEOUTERBOUND(#997,.T.);
#2286=IFCFACEOUTERBOUND(#998,.T.);
#2287=IFCFACEOUTERBOUND(#999,.T.);
#2288=IFCFACEOUTERBOUND(#1000,.T.);
#2289=IFCFACEOUTERBOUND(#1001,.T.);
#2290=IFCFACEOUTERBOUND(#1002,.T.);
#2291=IFCFACEOUTERBOUND(#1003,.T.);
#2292=IFCFACEOUTERBOUND(#1004,.T.);
#2293=IFCFACEOUTERBOUND(#1005,.T.);
#2294=IFCFACEOUTERBOUND(#1006,.T.);
#2295=IFCFACEOUTERBOUND(#1007,.T.);
#2296=IFCFACEOUTERBOUND(#1008,.T.);
#2297=IFCFACEOUTERBOUND(#1009,.T.);
#2298=IFCFACEOUTERBOUND(#1010,.T.);
#2299=IFCFACEOUTERBOUND(#1011,.T.);
#2300=IFCFACEOUTERBOUND(#1012,.T.);
#2301=IFCFACEOUTERBOUND(#1013,.T.);
#2302=IFCFACEOUTERBOUND(#1014,.T.);
#2303=IFCFACEOUTERBOUND(#1015,.T.);
#2304=IFCFACEOUTERBOUND(#1016,.T.);
#2305=IFCFACEOUTERBOUND(#1017,.T.);
#2306=IFCFACEOUTERBOUND(#1018,.T.);
#2307=IFCFACEOUTERBOUND(#1019,.T.);
#2308=IFCFACEOUTERBOUND(#1020,.T.);
#2309=IFCFACEOUTERBOUND(#1021,.T.);
#2310=IFCFACEOUTERBOUND(#1022,.T.);
#2311=IFCFACEOUTERBOUND(#1023,.T.);
#2312=IFCFACEOUTERBOUND(#1024,.T.);
#2313=IFCFACEOUTERBOUND(#1025,.T.);
#2314=IFCFACEOUTERBOUND(#1026,.T.);
#2315=IFCFACEOUTERBOUND(#1027,.T.);
#2316=IFCFACEOUTERBOUND(#1028,.T.);
#2317=IFCFACEOUTERBOUND(#1029,.T.);
#2318=IFCFACEOUTERBOUND(#1030,.T.);
#2319=IFCFACEOUTERBOUND(#1031,.T.);
#2320=IFCFACEOUTERBOUND(#1032,.T.);
#2321=IFCFACEOUTERBOUND(#1033,.T.);
#2322=IFCFACEOUTERBOUND(#1034,.T.);
#2323=IFCFACEOUTERBOUND(#1035,.T.);
#2324=IFCFACEOUTERBOUND(#1036,.T.);
#2325=IFCFACEOUTERBOUND(#1037,.T.);
#2326=IFCFACEOUTERBOUND(#1038,.T.);
#2327=IFCFACEOUTERBOUND(#1039,.T.);
#2328=IFCFACEOUTERBOUND(#1040,.T.);
#2329=IFCFACEOUTERBOUND(#1041,.T.);
#2330=IFCFACEOUTERBOUND(#1042,.T.);
#2331=IFCFACEOUTERBOUND(#1043,.T.);
#2332=IFCFACEOUTERBOUND(#1044,.T.);
#2333=IFCFACEOUTERBOUND(#1045,.T.);
#2334=IFCFACEOUTERBOUND(#1046,.T.);
#2335=IFCFACEOUTERBOUND(#1047,.T.);
#2336=IFCFACEOUTERBOUND(#1048,.T.);
#2337=IFCFACEOUTERBOUND(#1049,.T.);
#2338=IFCFACEOUTERBOUND(#1050,.T.);
#2339=IFCFACEOUTERBOUND(#1051,.T.);
#2340=IFCFACEOUTERBOUND(#1052,.T.);
#2341=IFCFACEOUTERBOUND(#1053,.T.);
#2342=IFCFACEOUTERBOUND(#1054,.T.);
#2343=IFCFACEOUTERBOUND(#1055,.T.);
#2344=IFCFACEOUTERBOUND(#1056,.T.);
#2345=IFCFACEOUTERBOUND(#1057,.T.);
#2346=IFCFACEOUTERBOUND(#1058,.T.);
#2347=IFCFACEOUTERBOUND(#1059,.T.);
#2348=IFCFACEOUTERBOUND(#1060,.T.);
#2349=IFCFACEOUTERBOUND(#1061,.T.);
#2350=IFCFACEOUTERBOUND(#1062,.T.);
#2351=IFCFACEOUTERBOUND(#1063,.T.);
#2352=IFCFACEOUTERBOUND(#1064,.T.);
#2353=IFCFACEOUTERBOUND(#1065,.T.);
#2354=IFCFACEOUTERBOUND(#1066,.T.);
#2355=IFCFACEOUTERBOUND(#1067,.T.);
#2356=IFCFACEOUTERBOUND(#1068,.T.);
#2357=IFCFACEOUTERBOUND(#1069,.T.);
#2358=IFCFACEOUTERBOUND(#1070,.T.);
#2359=IFCFACEOUTERBOUND(#1071,.T.);
#2360=IFCFACEOUTERBOUND(#1072,.T.);
#2361=IFCFACEOUTERBOUND(#1073,.T.);
#2362=IFCFACEOUTERBOUND(#1074,.T.);
#2363=IFCFACEOUTERBOUND(#1075,.T.);
#2364=IFCFACEOUTERBOUND(#1076,.T.);
#2365=IFCFACEOUTERBOUND(#1077,.T.);
#2366=IFCFACEOUTERBOUND(#1078,.T.);
#2367=IFCFACEOUTERBOUND(#1079,.T.);
#2368=IFCFACEOUTERBOUND(#1080,.T.);
#2369=IFCFACEOUTERBOUND(#1081,.T.);
#2370=IFCFACEOUTERBOUND(#1082,.T.);
#2371=IFCFACEOUTERBOUND(#1083,.T.);
#2372=IFCFACEOUTERBOUND(#1084,.T.);
#2373=IFCFACEOUTERBOUND(#1085,.T.);
#2374=IFCFACEOUTERBOUND(#1086,.T.);
#2375=IFCFACEOUTERBOUND(#1087,.T.);
#2376=IFCFACEOUTERBOUND(#1088,.T.);
#2377=IFCFACEOUTERBOUND(#1089,.T.);
#2378=IFCFACEOUTERBOUND(#1090,.T.);
#2379=IFCFACEOUTERBOUND(#1091,.T.);
#2380=IFCFACEOUTERBOUND(#1092,.T.);
#2381=IFCFACEOUTERBOUND(#1093,.T.);
#2382=IFCFACEOUTERBOUND(#1094,.T.);
#2383=IFCFACEOUTERBOUND(#1095,.T.);
#2384=IFCFACEOUTERBOUND(#1096,.T.);
#2385=IFCFACEOUTERBOUND(#1097,.T.);
#2386=IFCFACEOUTERBOUND(#1098,.T.);
#2387=IFCFACEOUTERBOUND(#1099,.T.);
#2388=IFCFACEOUTERBOUND(#1100,.T.);
#2389=IFCFACEOUTERBOUND(#1101,.T.);
#2390=IFCFACEOUTERBOUND(#1102,.T.);
#2391=IFCFACEOUTERBOUND(#1103,.T.);
#2392=IFCFACEOUTERBOUND(#1104,.T.);
#2393=IFCFACEOUTERBOUND(#1105,.T.);
#2394=IFCFACEOUTERBOUND(#1106,.T.);
#2395=IFCFACEOUTERBOUND(#1107,.T.);
#2396=IFCFACEOUTERBOUND(#1108,.T.);
#2397=IFCFACEOUTERBOUND(#1109,.T.);
#2398=IFCFACEOUTERBOUND(#1110,.T.);
#2399=IFCFACEOUTERBOUND(#1111,.T.);
#2400=IFCFACEOUTERBOUND(#1112,.T.);
#2401=IFCFACEOUTERBOUND(#1113,.T.);
#2402=IFCFACEOUTERBOUND(#1114,.T.);
#2403=IFCFACEOUTERBOUND(#1115,.T.);
#2404=IFCFACEOUTERBOUND(#1116,.T.);
#2405=IFCFACEOUTERBOUND(#1117,.T.);
#2406=IFCFACEOUTERBOUND(#1118,.T.);
#2407=IFCFACEOUTERBOUND(#1119,.T.);
#2408=IFCFACEOUTERBOUND(#1120,.T.);
#2409=IFCFACEOUTERBOUND(#1121,.T.);
#2410=IFCFACEOUTERBOUND(#1122,.T.);
#2411=IFCFACEOUTERBOUND(#1123,.T.);
#2412=IFCFACEOUTERBOUND(#1124,.T.);
#2413=IFCFACEOUTERBOUND(#1125,.T.);
#2414=IFCFACEOUTERBOUND(#1126,.T.);
#2415=IFCFACEOUTERBOUND(#1127,.T.);
#2416=IFCFACEOUTERBOUND(#1128,.T.);
#2417=IFCFACEOUTERBOUND(#1129,.T.);
#2418=IFCFACEOUTERBOUND(#1130,.T.);
#2419=IFCFACEOUTERBOUND(#1131,.T.);
#2420=IFCFACEOUTERBOUND(#1132,.T.);
#2421=IFCFACEOUTERBOUND(#1133,.T.);
#2422=IFCFACEOUTERBOUND(#1134,.T.);
#2423=IFCFACEOUTERBOUND(#1135,.T.);
#2424=IFCFACEOUTERBOUND(#1136,.T.);
#2425=IFCFACEOUTERBOUND(#1137,.T.);
#2426=IFCFACEOUTERBOUND(#1138,.T.);
#2427=IFCFACEOUTERBOUND(#1139,.T.);
#2428=IFCFACEOUTERBOUND(#1140,.T.);
#2429=IFCFACEOUTERBOUND(#1141,.T.);
#2430=IFCFACEOUTERBOUND(#1142,.T.);
#2431=IFCFACEOUTERBOUND(#1143,.T.);
#2432=IFCFACEOUTERBOUND(#1144,.T.);
#2433=IFCFACEOUTERBOUND(#1145,.T.);
#2434=IFCFACEOUTERBOUND(#1146,.T.);
#2435=IFCFACEOUTERBOUND(#1147,.T.);
#2436=IFCFACEOUTERBOUND(#1148,.T.);
#2437=IFCFACEOUTERBOUND(#1149,.T.);
#2438=IFCFACEOUTERBOUND(#1150,.T.);
#2439=IFCFACEOUTERBOUND(#1151,.T.);
#2440=IFCFACEOUTERBOUND(#1152,.T.);
#2441=IFCFACEOUTERBOUND(#1153,.T.);
#2442=IFCFACEOUTERBOUND(#1154,.T.);
#2443=IFCFACEOUTERBOUND(#1155,.T.);
#2444=IFCFACEOUTERBOUND(#1156,.T.);
#2445=IFCFACEOUTERBOUND(#1157,.T.);
#2446=IFCFACEOUTERBOUND(#1158,.T.);
#2447=IFCFACEOUTERBOUND(#1159,.T.);
#2448=IFCFACEOUTERBOUND(#1160,.T.);
#2449=IFCFACEOUTERBOUND(#1161,.T.);
#2450=IFCFACEOUTERBOUND(#1162,.T.);
#2451=IFCFACEOUTERBOUND(#1163,.T.);
#2452=IFCFACEOUTERBOUND(#1164,.T.);
#2453=IFCFACEOUTERBOUND(#1165,.T.);
#2454=IFCFACEOUTERBOUND(#1166,.T.);
#2455=IFCFACEOUTERBOUND(#1167,.T.);
#2456=IFCFACEOUTERBOUND(#1168,.T.);
#2457=IFCFACEOUTERBOUND(#1169,.T.);
#2458=IFCFACEOUTERBOUND(#1170,.T.);
#2459=IFCFACEOUTERBOUND(#1171,.T.);
#2460=IFCFACEOUTERBOUND(#1172,.T.);
#2461=IFCFACEOUTERBOUND(#1173,.T.);
#2462=IFCFACEOUTERBOUND(#1174,.T.);
#2463=IFCFACEOUTERBOUND(#1175,.T.);
#2464=IFCFACEOUTERBOUND(#1176,.T.);
#2465=IFCFACEOUTERBOUND(#1177,.T.);
#2466=IFCFACEOUTERBOUND(#1178,.T.);
#2467=IFCFACEOUTERBOUND(#1179,.T.);
#2468=IFCFACEOUTERBOUND(#1180,.T.);
#2469=IFCFACEOUTERBOUND(#1181,.T.);
#2470=IFCFACEOUTERBOUND(#1182,.T.);
#2471=IFCFACEOUTERBOUND(#1183,.T.);
#2472=IFCFACEOUTERBOUND(#1184,.T.);
#2473=IFCFACEOUTERBOUND(#1185,.T.);
#2474=IFCFACEOUTERBOUND(#1186,.T.);
#2475=IFCFACEOUTERBOUND(#1187,.T.);
#2476=IFCFACEOUTERBOUND(#1188,.T.);
#2477=IFCFACEOUTERBOUND(#1189,.T.);
#2478=IFCFACEOUTERBOUND(#1190,.T.);
#2479=IFCFACEOUTERBOUND(#1191,.T.);
#2480=IFCFACEOUTERBOUND(#1192,.T.);
#2481=IFCFACEOUTERBOUND(#1193,.T.);
#2482=IFCFACEOUTERBOUND(#1194,.T.);
#2483=IFCFACEOUTERBOUND(#1195,.T.);
#2484=IFCFACEOUTERBOUND(#1196,.T.);
#2485=IFCFACEOUTERBOUND(#1197,.T.);
#2486=IFCFACEOUTERBOUND(#1198,.T.);
#2487=IFCFACEOUTERBOUND(#1199,.T.);
#2488=IFCFACEOUTERBOUND(#1200,.T.);
#2489=IFCFACEOUTERBOUND(#1201,.T.);
#2490=IFCFACEOUTERBOUND(#1202,.T.);
#2491=IFCFACEOUTERBOUND(#1203,.T.);
#2492=IFCFACEOUTERBOUND(#1204,.T.);
#2493=IFCFACEOUTERBOUND(#1205,.T.);
#2494=IFCFACEOUTERBOUND(#1206,.T.);
#2495=IFCFACEOUTERBOUND(#1207,.T.);
#2496=IFCFACEOUTERBOUND(#1208,.T.);
#2497=IFCFACEOUTERBOUND(#1209,.T.);
#2498=IFCFACEOUTERBOUND(#1210,.T.);
#2499=IFCFACEOUTERBOUND(#1211,.T.);
#2500=IFCFACEOUTERBOUND(#1212,.T.);
#2501=IFCFACEOUTERBOUND(#1213,.T.);
#2502=IFCFACEOUTERBOUND(#1214,.T.);
#2503=IFCFACEOUTERBOUND(#1215,.T.);
#2504=IFCFACEOUTERBOUND(#1216,.T.);
#2505=IFCFACEOUTERBOUND(#1217,.T.);
#2506=IFCFACEOUTERBOUND(#1218,.T.);
#2507=IFCFACEOUTERBOUND(#1219,.T.);
#2508=IFCFACEOUTERBOUND(#1220,.T.);
#2509=IFCFACEOUTERBOUND(#1221,.T.);
#2510=IFCFACEOUTERBOUND(#1222,.T.);
#2511=IFCFACEOUTERBOUND(#1223,.T.);
#2512=IFCFACEOUTERBOUND(#1224,.T.);
#2513=IFCFACEOUTERBOUND(#1225,.T.);
#2514=IFCFACEOUTERBOUND(#1226,.T.);
#2515=IFCFACEOUTERBOUND(#1227,.T.);
#2516=IFCFACEOUTERBOUND(#1228,.T.);
#2517=IFCFACEOUTERBOUND(#1229,.T.);
#2518=IFCFACEOUTERBOUND(#1230,.T.);
#2519=IFCFACEOUTERBOUND(#1231,.T.);
#2520=IFCFACEOUTERBOUND(#1232,.T.);
#2521=IFCFACEOUTERBOUND(#1233,.T.);
#2522=IFCFACEOUTERBOUND(#1234,.T.);
#2523=IFCFACEOUTERBOUND(#1235,.T.);
#2524=IFCFACEOUTERBOUND(#1236,.T.);
#2525=IFCFACEOUTERBOUND(#1237,.T.);
#2526=IFCFACEOUTERBOUND(#1238,.T.);
#2527=IFCFACEOUTERBOUND(#1239,.T.);
#2528=IFCFACEOUTERBOUND(#1240,.T.);
#2529=IFCFACEOUTERBOUND(#1241,.T.);
#2530=IFCFACEOUTERBOUND(#1242,.T.);
#2531=IFCFACEOUTERBOUND(#1243,.T.);
#2532=IFCFACEOUTERBOUND(#1244,.T.);
#2533=IFCFACEOUTERBOUND(#1245,.T.);
#2534=IFCFACEOUTERBOUND(#1246,.T.);
#2535=IFCFACEOUTERBOUND(#1247,.T.);
#2536=IFCFACEOUTERBOUND(#1248,.T.);
#2537=IFCFACEOUTERBOUND(#1249,.T.);
#2538=IFCFACEOUTERBOUND(#1250,.T.);
#2539=IFCFACEOUTERBOUND(#1251,.T.);
#2540=IFCFACEOUTERBOUND(#1252,.T.);
#2541=IFCFACEOUTERBOUND(#1253,.T.);
#2542=IFCFACEOUTERBOUND(#1254,.T.);
#2543=IFCFACEOUTERBOUND(#1255,.T.);
#2544=IFCFACEOUTERBOUND(#1256,.T.);
#2545=IFCFACEOUTERBOUND(#1257,.T.);
#2546=IFCFACEOUTERBOUND(#1258,.T.);
#2547=IFCFACEOUTERBOUND(#1259,.T.);
#2548=IFCFACEOUTERBOUND(#1260,.T.);
#2549=IFCFACEOUTERBOUND(#1261,.T.);
#2550=IFCFACEOUTERBOUND(#1262,.T.);
#2551=IFCFACEOUTERBOUND(#1263,.T.);
#2552=IFCFACEOUTERBOUND(#1264,.T.);
#2553=IFCFACEOUTERBOUND(#1265,.T.);
#2554=IFCFACEOUTERBOUND(#1266,.T.);
#2555=IFCFACEOUTERBOUND(#1267,.T.);
#2556=IFCFACEOUTERBOUND(#1268,.T.);
#2557=IFCFACEOUTERBOUND(#1269,.T.);
#2558=IFCFACEOUTERBOUND(#1270,.T.);
#2559=IFCFACEOUTERBOUND(#1271,.T.);
#2560=IFCFACEOUTERBOUND(#1272,.T.);
#2561=IFCFACEOUTERBOUND(#1273,.T.);
#2562=IFCFACEOUTERBOUND(#1274,.T.);
#2563=IFCFACEOUTERBOUND(#1275,.T.);
#2564=IFCFACEOUTERBOUND(#1276,.T.);
#2565=IFCFACEOUTERBOUND(#1277,.T.);
#2566=IFCFACEOUTERBOUND(#1278,.T.);
#2567=IFCFACEOUTERBOUND(#1279,.T.);
#2568=IFCFACEOUTERBOUND(#1280,.T.);
#2569=IFCFACEOUTERBOUND(#1281,.T.);
#2570=IFCFACEOUTERBOUND(#1282,.T.);
#2571=IFCFACEOUTERBOUND(#1283,.T.);
#2572=IFCFACEOUTERBOUND(#1284,.T.);
#2573=IFCFACEOUTERBOUND(#1285,.T.);
#2574=IFCFACEOUTERBOUND(#1286,.T.);
#2575=IFCFACEOUTERBOUND(#1287,.T.);
#2576=IFCFACEOUTERBOUND(#1288,.T.);
#2577=IFCFACEOUTERBOUND(#1289,.T.);
#2578=IFCFACEOUTERBOUND(#1290,.T.);
#2579=IFCFACEOUTERBOUND(#1291,.T.);
#2580=IFCFACEOUTERBOUND(#1292,.T.);
#2581=IFCFACEOUTERBOUND(#1293,.T.);
#2582=IFCFACEOUTERBOUND(#1294,.T.);
#2583=IFCFACEOUTERBOUND(#1295,.T.);
#2584=IFCFACEOUTERBOUND(#1296,.T.);
#2585=IFCFACEOUTERBOUND(#1297,.T.);
#2586=IFCFACEOUTERBOUND(#1298,.T.);
#2587=IFCFACEOUTERBOUND(#1299,.T.);
#2588=IFCFACEOUTERBOUND(#1300,.T.);
#2589=IFCFACEOUTERBOUND(#1301,.T.);
#2590=IFCFACEOUTERBOUND(#1302,.T.);
#2591=IFCFACEOUTERBOUND(#1303,.T.);
#2592=IFCFACEOUTERBOUND(#1304,.T.);
#2593=IFCFACEOUTERBOUND(#1305,.T.);
#2594=IFCFACEOUTERBOUND(#1306,.T.);
#2595=IFCFACEOUTERBOUND(#1307,.T.);
#2596=IFCFACEOUTERBOUND(#1308,.T.);
#2597=IFCFACEOUTERBOUND(#1309,.T.);
#2598=IFCFACEOUTERBOUND(#1310,.T.);
#2599=IFCFACEOUTERBOUND(#1311,.T.);
#2600=IFCFACEOUTERBOUND(#1312,.T.);
#2601=IFCFACEOUTERBOUND(#1313,.T.);
#2602=IFCFACE((#1314));
#2603=IFCFACE((#1315));
#2604=IFCFACE((#1316));
#2605=IFCFACE((#1317));
#2606=IFCFACE((#1318));
#2607=IFCFACE((#1319));
#2608=IFCFACE((#1320));
#2609=IFCFACE((#1321));
#2610=IFCFACE((#1322));
#2611=IFCFACE((#1323));
#2612=IFCFACE((#1324));
#2613=IFCFACE((#1325));
#2614=IFCFACE((#1326));
#2615=IFCFACE((#1327));
#2616=IFCFACE((#1328));
#2617=IFCFACE((#1329));
#2618=IFCFACE((#1330));
#2619=IFCFACE((#1331));
#2620=IFCFACE((#1332));
#2621=IFCFACE((#1333));
#2622=IFCFACE((#1334));
#2623=IFCFACE((#1335));
#2624=IFCFACE((#1336));
#2625=IFCFACE((#1337));
#2626=IFCFACE((#1338));
#2627=IFCFACE((#1339));
#2628=IFCFACE((#1340));
#2629=IFCFACE((#1341));
#2630=IFCFACE((#1342));
#2631=IFCFACE((#1343));
#2632=IFCFACE((#1344));
#2633=IFCFACE((#1345));
#2634=IFCFACE((#1346));
#2635=IFCFACE((#1347));
#2636=IFCFACE((#1348));
#2637=IFCFACE((#1349));
#2638=IFCFACE((#1350));
#2639=IFCFACE((#1351));
#2640=IFCFACE((#1352));
#2641=IFCFACE((#1353));
#2642=IFCFACE((#1354));
#2643=IFCFACE((#1355));
#2644=IFCFACE((#1356));
#2645=IFCFACE((#1357));
#2646=IFCFACE((#1358));
#2647=IFCFACE((#1359));
#2648=IFCFACE((#1360));
#2649=IFCFACE((#1361));
#2650=IFCFACE((#1362));
#2651=IFCFACE((#1363));
#2652=IFCFACE((#1364));
#2653=IFCFACE((#1365));
#2654=IFCFACE((#1366));
#2655=IFCFACE((#1367));
#2656=IFCFACE((#1368));
#2657=IFCFACE((#1369));
#2658=IFCFACE((#1370));
#2659=IFCFACE((#1371));
#2660=IFCFACE((#1372));
#2661=IFCFACE((#1373));
#2662=IFCFACE((#1374));
#2663=IFCFACE((#1375));
#2664=IFCFACE((#1376));
#2665=IFCFACE((#1377));
#2666=IFCFACE((#1378));
#2667=IFCFACE((#1379));
#2668=IFCFACE((#1380));
#2669=IFCFACE((#1381));
#2670=IFCFACE((#1382));
#2671=IFCFACE((#1383));
#2672=IFCFACE((#1384));
#2673=IFCFACE((#1385));
#2674=IFCFACE((#1386));
#2675=IFCFACE((#1387));
#2676=IFCFACE((#1388));
#2677=IFCFACE((#1389));
#2678=IFCFACE((#1390));
#2679=IFCFACE((#1391));
#2680=IFCFACE((#1392));
#2681=IFCFACE((#1393));
#2682=IFCFACE((#1394));
#2683=IFCFACE((#1395));
#2684=IFCFACE((#1396));
#2685=IFCFACE((#1397));
#2686=IFCFACE((#1398));
#2687=IFCFACE((#1399));
#2688=IFCFACE((#1400));
#2689=IFCFACE((#1401));
#2690=IFCFACE((#1402));
#2691=IFCFACE((#1403));
#2692=IFCFACE((#1404));
#2693=IFCFACE((#1405));
#2694=IFCFACE((#1406));
#2695=IFCFACE((#1407));
#2696=IFCFACE((#1408));
#2697=IFCFACE((#1409));
#2698=IFCFACE((#1410));
#2699=IFCFACE((#1411));
#2700=IFCFACE((#1412));
#2701=IFCFACE((#1413));
#2702=IFCFACE((#1414));
#2703=IFCFACE((#1415));
#2704=IFCFACE((#1416));
#2705=IFCFACE((#1417));
#2706=IFCFACE((#1418));
#2707=IFCFACE((#1419));
#2708=IFCFACE((#1420));
#2709=IFCFACE((#1421));
#2710=IFCFACE((#1422));
#2711=IFCFACE((#1423));
#2712=IFCFACE((#1424));
#2713=IFCFACE((#1425));
#2714=IFCFACE((#1426));
#2715=IFCFACE((#1427));
#2716=IFCFACE((#1428));
#2717=IFCFACE((#1429));
#2718=IFCFACE((#1430));
#2719=IFCFACE((#1431));
#2720=IFCFACE((#1432));
#2721=IFCFACE((#1433));
#2722=IFCFACE((#1434));
#2723=IFCFACE((#1435));
#2724=IFCFACE((#1436));
#2725=IFCFACE((#1437));
#2726=IFCFACE((#1438));
#2727=IFCFACE((#1439));
#2728=IFCFACE((#1440));
#2729=IFCFACE((#1441));
#2730=IFCFACE((#1442));
#2731=IFCFACE((#1443));
#2732=IFCFACE((#1444));
#2733=IFCFACE((#1445));
#2734=IFCFACE((#1446));
#2735=IFCFACE((#1447));
#2736=IFCFACE((#1448));
#2737=IFCFACE((#1449));
#2738=IFCFACE((#1450));
#2739=IFCFACE((#1451));
#2740=IFCFACE((#1452));
#2741=IFCFACE((#1453));
#2742=IFCFACE((#1454));
#2743=IFCFACE((#1455));
#2744=IFCFACE((#1456));
#2745=IFCFACE((#1457));
#2746=IFCFACE((#1458));
#2747=IFCFACE((#1459));
#2748=IFCFACE((#1460));
#2749=IFCFACE((#1461));
#2750=IFCFACE((#1462));
#2751=IFCFACE((#1463));
#2752=IFCFACE((#1464));
#2753=IFCFACE((#1465));
#2754=IFCFACE((#1466));
#2755=IFCFACE((#1467));
#2756=IFCFACE((#1468));
#2757=IFCFACE((#1469));
#2758=IFCFACE((#1470));
#2759=IFCFACE((#1471));
#2760=IFCFACE((#1472));
#2761=IFCFACE((#1473));
#2762=IFCFACE((#1474));
#2763=IFCFACE((#1475));
#2764=IFCFACE((#1476));
#2765=IFCFACE((#1477));
#2766=IFCFACE((#1478));
#2767=IFCFACE((#1479));
#2768=IFCFACE((#1480));
#2769=IFCFACE((#1481));
#2770=IFCFACE((#1482));
#2771=IFCFACE((#1483));
#2772=IFCFACE((#1484));
#2773=IFCFACE((#1485));
#2774=IFCFACE((#1486));
#2775=IFCFACE((#1487));
#2776=IFCFACE((#1488));
#2777=IFCFACE((#1489));
#2778=IFCFACE((#1490));
#2779=IFCFACE((#1491));
#2780=IFCFACE((#1492));
#2781=IFCFACE((#1493));
#2782=IFCFACE((#1494));
#2783=IFCFACE((#1495));
#2784=IFCFACE((#1496));
#2785=IFCFACE((#1497));
#2786=IFCFACE((#1498));
#2787=IFCFACE((#1499));
#2788=IFCFACE((#1500));
#2789=IFCFACE((#1501));
#2790=IFCFACE((#1502));
#2791=IFCFACE((#1503));
#2792=IFCFACE((#1504));
#2793=IFCFACE((#1505));
#2794=IFCFACE((#1506));
#2795=IFCFACE((#1507));
#2796=IFCFACE((#1508));
#2797=IFCFACE((#1509));
#2798=IFCFACE((#1510));
#2799=IFCFACE((#1511));
#2800=IFCFACE((#1512));
#2801=IFCFACE((#1513));
#2802=IFCFACE((#1514));
#2803=IFCFACE((#1515));
#2804=IFCFACE((#1516));
#2805=IFCFACE((#1517));
#2806=IFCFACE((#1518));
#2807=IFCFACE((#1519));
#2808=IFCFACE((#1520));
#2809=IFCFACE((#1521));
#2810=IFCFACE((#1522));
#2811=IFCFACE((#1523));
#2812=IFCFACE((#1524));
#2813=IFCFACE((#1525));
#2814=IFCFACE((#1526));
#2815=IFCFACE((#1527));
#2816=IFCFACE((#1528));
#2817=IFCFACE((#1529));
#2818=IFCFACE((#1530));
#2819=IFCFACE((#1531));
#2820=IFCFACE((#1532));
#2821=IFCFACE((#1533));
#2822=IFCFACE((#1534));
#2823=IFCFACE((#1535));
#2824=IFCFACE((#1536));
#2825=IFCFACE((#1537));
#2826=IFCFACE((#1538));
#2827=IFCFACE((#1539));
#2828=IFCFACE((#1540));
#2829=IFCFACE((#1541));
#2830=IFCFACE((#1542));
#2831=IFCFACE((#1543));
#2832=IFCFACE((#1544));
#2833=IFCFACE((#1545));
#2834=IFCFACE((#1546));
#2835=IFCFACE((#1547));
#2836=IFCFACE((#1548));
#2837=IFCFACE((#1549));
#2838=IFCFACE((#1550));
#2839=IFCFACE((#1551));
#2840=IFCFACE((#1552));
#2841=IFCFACE((#1553));
#2842=IFCFACE((#1554));
#2843=IFCFACE((#1555));
#2844=IFCFACE((#1556));
#2845=IFCFACE((#1557));
#2846=IFCFACE((#1558));
#2847=IFCFACE((#1559));
#2848=IFCFACE((#1560));
#2849=IFCFACE((#1561));
#2850=IFCFACE((#1562));
#2851=IFCFACE((#1563));
#2852=IFCFACE((#1564));
#2853=IFCFACE((#1565));
#2854=IFCFACE((#1566));
#2855=IFCFACE((#1567));
#2856=IFCFACE((#1568));
#2857=IFCFACE((#1569));
#2858=IFCFACE((#1570));
#2859=IFCFACE((#1571));
#2860=IFCFACE((#1572));
#2861=IFCFACE((#1573));
#2862=IFCFACE((#1574));
#2863=IFCFACE((#1575));
#2864=IFCFACE((#1576));
#2865=IFCFACE((#1577));
#2866=IFCFACE((#1578));
#2867=IFCFACE((#1579));
#2868=IFCFACE((#1580));
#2869=IFCFACE((#1581));
#2870=IFCFACE((#1582));
#2871=IFCFACE((#1583));
#2872=IFCFACE((#1584));
#2873=IFCFACE((#1585));
#2874=IFCFACE((#1586));
#2875=IFCFACE((#1587));
#2876=IFCFACE((#1588));
#2877=IFCFACE((#1589));
#2878=IFCFACE((#1590));
#2879=IFCFACE((#1591));
#2880=IFCFACE((#1592));
#2881=IFCFACE((#1593));
#2882=IFCFACE((#1594));
#2883=IFCFACE((#1595));
#2884=IFCFACE((#1596));
#2885=IFCFACE((#1597));
#2886=IFCFACE((#1598));
#2887=IFCFACE((#1599));
#2888=IFCFACE((#1600));
#2889=IFCFACE((#1601));
#2890=IFCFACE((#1602));
#2891=IFCFACE((#1603));
#2892=IFCFACE((#1604));
#2893=IFCFACE((#1605));
#2894=IFCFACE((#1606));
#2895=IFCFACE((#1607));
#2896=IFCFACE((#1608));
#2897=IFCFACE((#1609));
#2898=IFCFACE((#1610));
#2899=IFCFACE((#1611));
#2900=IFCFACE((#1612));
#2901=IFCFACE((#1613));
#2902=IFCFACE((#1614));
#2903=IFCFACE((#1615));
#2904=IFCFACE((#1616));
#2905=IFCFACE((#1617));
#2906=IFCFACE((#1618));
#2907=IFCFACE((#1619));
#2908=IFCFACE((#1620));
#2909=IFCFACE((#1621));
#2910=IFCFACE((#1622));
#2911=IFCFACE((#1623));
#2912=IFCFACE((#1624));
#2913=IFCFACE((#1625));
#2914=IFCFACE((#1626));
#2915=IFCFACE((#1627));
#2916=IFCFACE((#1628));
#2917=IFCFACE((#1629));
#2918=IFCFACE((#1630));
#2919=IFCFACE((#1631));
#2920=IFCFACE((#1632));
#2921=IFCFACE((#1633));
#2922=IFCFACE((#1634));
#2923=IFCFACE((#1635));
#2924=IFCFACE((#1636));
#2925=IFCFACE((#1637));
#2926=IFCFACE((#1638));
#2927=IFCFACE((#1639));
#2928=IFCFACE((#1640));
#2929=IFCFACE((#1641));
#2930=IFCFACE((#1642));
#2931=IFCFACE((#1643));
#2932=IFCFACE((#1644));
#2933=IFCFACE((#1645));
#2934=IFCFACE((#1646));
#2935=IFCFACE((#1647));
#2936=IFCFACE((#1648));
#2937=IFCFACE((#1649));
#2938=IFCFACE((#1650));
#2939=IFCFACE((#1651));
#2940=IFCFACE((#1652));
#2941=IFCFACE((#1653));
#2942=IFCFACE((#1654));
#2943=IFCFACE((#1655));
#2944=IFCFACE((#1656));
#2945=IFCFACE((#1657));
#2946=IFCFACE((#1658));
#2947=IFCFACE((#1659));
#2948=IFCFACE((#1660));
#2949=IFCFACE((#1661));
#2950=IFCFACE((#1662));
#2951=IFCFACE((#1663));
#2952=IFCFACE((#1664));
#2953=IFCFACE((#1665));
#2954=IFCFACE((#1666));
#2955=IFCFACE((#1667));
#2956=IFCFACE((#1668));
#2957=IFCFACE((#1669));
#2958=IFCFACE((#1670));
#2959=IFCFACE((#1671));
#2960=IFCFACE((#1672));
#2961=IFCFACE((#1673));
#2962=IFCFACE((#1674));
#2963=IFCFACE((#1675));
#2964=IFCFACE((#1676));
#2965=IFCFACE((#1677));
#2966=IFCFACE((#1678));
#2967=IFCFACE((#1679));
#2968=IFCFACE((#1680));
#2969=IFCFACE((#1681));
#2970=IFCFACE((#1682));
#2971=IFCFACE((#1683));
#2972=IFCFACE((#1684));
#2973=IFCFACE((#1685));
#2974=IFCFACE((#1686));
#2975=IFCFACE((#1687));
#2976=IFCFACE((#1688));
#2977=IFCFACE((#1689));
#2978=IFCFACE((#1690));
#2979=IFCFACE((#1691));
#2980=IFCFACE((#1692));
#2981=IFCFACE((#1693));
#2982=IFCFACE((#1694));
#2983=IFCFACE((#1695));
#2984=IFCFACE((#1696));
#2985=IFCFACE((#1697));
#2986=IFCFACE((#1698));
#2987=IFCFACE((#1699));
#2988=IFCFACE((#1700));
#2989=IFCFACE((#1701));
#2990=IFCFACE((#1702));
#2991=IFCFACE((#1703));
#2992=IFCFACE((#1704));
#2993=IFCFACE((#1705));
#2994=IFCFACE((#1706));
#2995=IFCFACE((#1707));
#2996=IFCFACE((#1708));
#2997=IFCFACE((#1709));
#2998=IFCFACE((#1710));
#2999=IFCFACE((#1711));
#3000=IFCFACE((#1712));
#3001=IFCFACE((#1713));
#3002=IFCFACE((#1714));
#3003=IFCFACE((#1715));
#3004=IFCFACE((#1716));
#3005=IFCFACE((#1717));
#3006=IFCFACE((#1718));
#3007=IFCFACE((#1719));
#3008=IFCFACE((#1720));
#3009=IFCFACE((#1721));
#3010=IFCFACE((#1722));
#3011=IFCFACE((#1723));
#3012=IFCFACE((#1724));
#3013=IFCFACE((#1725));
#3014=IFCFACE((#1726));
#3015=IFCFACE((#1727));
#3016=IFCFACE((#1728));
#3017=IFCFACE((#1729));
#3018=IFCFACE((#1730));
#3019=IFCFACE((#1731));
#3020=IFCFACE((#1732));
#3021=IFCFACE((#1733));
#3022=IFCFACE((#1734));
#3023=IFCFACE((#1735));
#3024=IFCFACE((#1736));
#3025=IFCFACE((#1737));
#3026=IFCFACE((#1738));
#3027=IFCFACE((#1739));
#3028=IFCFACE((#1740));
#3029=IFCFACE((#1741));
#3030=IFCFACE((#1742));
#3031=IFCFACE((#1743));
#3032=IFCFACE((#1744));
#3033=IFCFACE((#1745));
#3034=IFCFACE((#1746));
#3035=IFCFACE((#1747));
#3036=IFCFACE((#1748));
#3037=IFCFACE((#1749));
#3038=IFCFACE((#1750));
#3039=IFCFACE((#1751));
#3040=IFCFACE((#1752));
#3041=IFCFACE((#1753));
#3042=IFCFACE((#1754));
#3043=IFCFACE((#1755));
#3044=IFCFACE((#1756));
#3045=IFCFACE((#1757));
#3046=IFCFACE((#1758));
#3047=IFCFACE((#1759));
#3048=IFCFACE((#1760));
#3049=IFCFACE((#1761));
#3050=IFCFACE((#1762));
#3051=IFCFACE((#1763));
#3052=IFCFACE((#1764));
#3053=IFCFACE((#1765));
#3054=IFCFACE((#1766));
#3055=IFCFACE((#1767));
#3056=IFCFACE((#1768));
#3057=IFCFACE((#1769));
#3058=IFCFACE((#1770));
#3059=IFCFACE((#1771));
#3060=IFCFACE((#1772));
#3061=IFCFACE((#1773));
#3062=IFCFACE((#1774));
#3063=IFCFACE((#1775));
#3064=IFCFACE((#1776));
#3065=IFCFACE((#1777));
#3066=IFCFACE((#1778));
#3067=IFCFACE((#1779));
#3068=IFCFACE((#1780));
#3069=IFCFACE((#1781));
#3070=IFCFACE((#1782));
#3071=IFCFACE((#1783));
#3072=IFCFACE((#1784));
#3073=IFCFACE((#1785));
#3074=IFCFACE((#1786));
#3075=IFCFACE((#1787));
#3076=IFCFACE((#1788));
#3077=IFCFACE((#1789));
#3078=IFCFACE((#1790));
#3079=IFCFACE((#1791));
#3080=IFCFACE((#1792));
#3081=IFCFACE((#1793));
#3082=IFCFACE((#1794));
#3083=IFCFACE((#1795));
#3084=IFCFACE((#1796));
#3085=IFCFACE((#1797));
#3086=IFCFACE((#1798));
#3087=IFCFACE((#1799));
#3088=IFCFACE((#1800));
#3089=IFCFACE((#1801));
#3090=IFCFACE((#1802));
#3091=IFCFACE((#1803));
#3092=IFCFACE((#1804));
#3093=IFCFACE((#1805));
#3094=IFCFACE((#1806));
#3095=IFCFACE((#1807));
#3096=IFCFACE((#1808));
#3097=IFCFACE((#1809));
#3098=IFCFACE((#1810));
#3099=IFCFACE((#1811));
#3100=IFCFACE((#1812));
#3101=IFCFACE((#1813));
#3102=IFCFACE((#1814));
#3103=IFCFACE((#1815));
#3104=IFCFACE((#1816));
#3105=IFCFACE((#1817));
#3106=IFCFACE((#1818));
#3107=IFCFACE((#1819));
#3108=IFCFACE((#1820));
#3109=IFCFACE((#1821));
#3110=IFCFACE((#1822));
#3111=IFCFACE((#1823));
#3112=IFCFACE((#1824));
#3113=IFCFACE((#1825));
#3114=IFCFACE((#1826));
#3115=IFCFACE((#1827));
#3116=IFCFACE((#1828));
#3117=IFCFACE((#1829));
#3118=IFCFACE((#1830));
#3119=IFCFACE((#1831));
#3120=IFCFACE((#1832));
#3121=IFCFACE((#1833));
#3122=IFCFACE((#1834));
#3123=IFCFACE((#1835));
#3124=IFCFACE((#1836));
#3125=IFCFACE((#1837));
#3126=IFCFACE((#1838));
#3127=IFCFACE((#1839));
#3128=IFCFACE((#1840));
#3129=IFCFACE((#1841));
#3130=IFCFACE((#1842));
#3131=IFCFACE((#1843));
#3132=IFCFACE((#1844));
#3133=IFCFACE((#1845));
#3134=IFCFACE((#1846));
#3135=IFCFACE((#1847));
#3136=IFCFACE((#1848));
#3137=IFCFACE((#1849));
#3138=IFCFACE((#1850));
#3139=IFCFACE((#1851));
#3140=IFCFACE((#1852));
#3141=IFCFACE((#1853));
#3142=IFCFACE((#1854));
#3143=IFCFACE((#1855));
#3144=IFCFACE((#1856));
#3145=IFCFACE((#1857));
#3146=IFCFACE((#1858));
#3147=IFCFACE((#1859));
#3148=IFCFACE((#1860));
#3149=IFCFACE((#1861));
#3150=IFCFACE((#1862));
#3151=IFCFACE((#1863));
#3152=IFCFACE((#1864));
#3153=IFCFACE((#1865));
#3154=IFCFACE((#1866));
#3155=IFCFACE((#1867));
#3156=IFCFACE((#1868));
#3157=IFCFACE((#1869));
#3158=IFCFACE((#1870));
#3159=IFCFACE((#1871));
#3160=IFCFACE((#1872));
#3161=IFCFACE((#1873));
#3162=IFCFACE((#1874));
#3163=IFCFACE((#1875));
#3164=IFCFACE((#1876));
#3165=IFCFACE((#1877));
#3166=IFCFACE((#1878));
#3167=IFCFACE((#1879));
#3168=IFCFACE((#1880));
#3169=IFCFACE((#1881));
#3170=IFCFACE((#1882));
#3171=IFCFACE((#1883));
#3172=IFCFACE((#1884));
#3173=IFCFACE((#1885));
#3174=IFCFACE((#1886));
#3175=IFCFACE((#1887));
#3176=IFCFACE((#1888));
#3177=IFCFACE((#1889));
#3178=IFCFACE((#1890));
#3179=IFCFACE((#1891));
#3180=IFCFACE((#1892));
#3181=IFCFACE((#1893));
#3182=IFCFACE((#1894));
#3183=IFCFACE((#1895));
#3184=IFCFACE((#1896));
#3185=IFCFACE((#1897));
#3186=IFCFACE((#1898));
#3187=IFCFACE((#1899));
#3188=IFCFACE((#1900));
#3189=IFCFACE((#1901));
#3190=IFCFACE((#1902));
#3191=IFCFACE((#1903));
#3192=IFCFACE((#1904));
#3193=IFCFACE((#1905));
#3194=IFCFACE((#1906));
#3195=IFCFACE((#1907));
#3196=IFCFACE((#1908));
#3197=IFCFACE((#1909));
#3198=IFCFACE((#1910));
#3199=IFCFACE((#1911));
#3200=IFCFACE((#1912));
#3201=IFCFACE((#1913));
#3202=IFCFACE((#1914));
#3203=IFCFACE((#1915));
#3204=IFCFACE((#1916));
#3205=IFCFACE((#1917));
#3206=IFCFACE((#1918));
#3207=IFCFACE((#1919));
#3208=IFCFACE((#1920));
#3209=IFCFACE((#1921));
#3210=IFCFACE((#1922));
#3211=IFCFACE((#1923));
#3212=IFCFACE((#1924));
#3213=IFCFACE((#1925));
#3214=IFCFACE((#1926));
#3215=IFCFACE((#1927));
#3216=IFCFACE((#1928));
#3217=IFCFACE((#1929));
#3218=IFCFACE((#1930));
#3219=IFCFACE((#1931));
#3220=IFCFACE((#1932));
#3221=IFCFACE((#1933));
#3222=IFCFACE((#1934));
#3223=IFCFACE((#1935));
#3224=IFCFACE((#1936));
#3225=IFCFACE((#1937));
#3226=IFCFACE((#1938));
#3227=IFCFACE((#1939));
#3228=IFCFACE((#1940));
#3229=IFCFACE((#1941));
#3230=IFCFACE((#1942));
#3231=IFCFACE((#1943));
#3232=IFCFACE((#1944));
#3233=IFCFACE((#1945));
#3234=IFCFACE((#1946));
#3235=IFCFACE((#1947));
#3236=IFCFACE((#1948));
#3237=IFCFACE((#1949));
#3238=IFCFACE((#1950));
#3239=IFCFACE((#1951));
#3240=IFCFACE((#1952));
#3241=IFCFACE((#1953));
#3242=IFCFACE((#1954));
#3243=IFCFACE((#1955));
#3244=IFCFACE((#1956));
#3245=IFCFACE((#1957));
#3246=IFCFACE((#1958));
#3247=IFCFACE((#1959));
#3248=IFCFACE((#1960));
#3249=IFCFACE((#1961));
#3250=IFCFACE((#1962));
#3251=IFCFACE((#1963));
#3252=IFCFACE((#1964));
#3253=IFCFACE((#1965));
#3254=IFCFACE((#1966));
#3255=IFCFACE((#1967));
#3256=IFCFACE((#1968));
#3257=IFCFACE((#1969));
#3258=IFCFACE((#1970));
#3259=IFCFACE((#1971));
#3260=IFCFACE((#1972));
#3261=IFCFACE((#1973));
#3262=IFCFACE((#1974));
#3263=IFCFACE((#1975));
#3264=IFCFACE((#1976));
#3265=IFCFACE((#1977));
#3266=IFCFACE((#1978));
#3267=IFCFACE((#1979));
#3268=IFCFACE((#1980));
#3269=IFCFACE((#1981));
#3270=IFCFACE((#1982));
#3271=IFCFACE((#1983));
#3272=IFCFACE((#1984));
#3273=IFCFACE((#1985));
#3274=IFCFACE((#1986));
#3275=IFCFACE((#1987));
#3276=IFCFACE((#1988));
#3277=IFCFACE((#1989));
#3278=IFCFACE((#1990));
#3279=IFCFACE((#1991));
#3280=IFCFACE((#1992));
#3281=IFCFACE((#1993));
#3282=IFCFACE((#1994));
#3283=IFCFACE((#1995));
#3284=IFCFACE((#1996));
#3285=IFCFACE((#1997));
#3286=IFCFACE((#1998));
#3287=IFCFACE((#1999));
#3288=IFCFACE((#2000));
#3289=IFCFACE((#2001));
#3290=IFCFACE((#2002));
#3291=IFCFACE((#2003));
#3292=IFCFACE((#2004));
#3293=IFCFACE((#2005));
#3294=IFCFACE((#2006));
#3295=IFCFACE((#2007));
#3296=IFCFACE((#2008));
#3297=IFCFACE((#2009));
#3298=IFCFACE((#2010));
#3299=IFCFACE((#2011));
#3300=IFCFACE((#2012));
#3301=IFCFACE((#2013));
#3302=IFCFACE((#2014));
#3303=IFCFACE((#2015));
#3304=IFCFACE((#2016));
#3305=IFCFACE((#2017));
#3306=IFCFACE((#2018));
#3307=IFCFACE((#2019));
#3308=IFCFACE((#2020));
#3309=IFCFACE((#2021));
#3310=IFCFACE((#2022));
#3311=IFCFACE((#2023));
#3312=IFCFACE((#2024));
#3313=IFCFACE((#2025));
#3314=IFCFACE((#2026));
#3315=IFCFACE((#2027));
#3316=IFCFACE((#2028));
#3317=IFCFACE((#2029));
#3318=IFCFACE((#2030));
#3319=IFCFACE((#2031));
#3320=IFCFACE((#2032));
#3321=IFCFACE((#2033));
#3322=IFCFACE((#2034));
#3323=IFCFACE((#2035));
#3324=IFCFACE((#2036));
#3325=IFCFACE((#2037));
#3326=IFCFACE((#2038));
#3327=IFCFACE((#2039));
#3328=IFCFACE((#2040));
#3329=IFCFACE((#2041));
#3330=IFCFACE((#2042));
#3331=IFCFACE((#2043));
#3332=IFCFACE((#2044));
#3333=IFCFACE((#2045));
#3334=IFCFACE((#2046));
#3335=IFCFACE((#2047));
#3336=IFCFACE((#2048));
#3337=IFCFACE((#2049));
#3338=IFCFACE((#2050));
#3339=IFCFACE((#2051));
#3340=IFCFACE((#2052));
#3341=IFCFACE((#2053));
#3342=IFCFACE((#2054));
#3343=IFCFACE((#2055));
#3344=IFCFACE((#2056));
#3345=IFCFACE((#2057));
#3346=IFCFACE((#2058));
#3347=IFCFACE((#2059));
#3348=IFCFACE((#2060));
#3349=IFCFACE((#2061));
#3350=IFCFACE((#2062));
#3351=IFCFACE((#2063));
#3352=IFCFACE((#2064));
#3353=IFCFACE((#2065));
#3354=IFCFACE((#2066));
#3355=IFCFACE((#2067));
#3356=IFCFACE((#2068));
#3357=IFCFACE((#2069));
#3358=IFCFACE((#2070));
#3359=IFCFACE((#2071));
#3360=IFCFACE((#2072));
#3361=IFCFACE((#2073));
#3362=IFCFACE((#2074));
#3363=IFCFACE((#2075));
#3364=IFCFACE((#2076));
#3365=IFCFACE((#2077));
#3366=IFCFACE((#2078));
#3367=IFCFACE((#2079));
#3368=IFCFACE((#2080));
#3369=IFCFACE((#2081));
#3370=IFCFACE((#2082));
#3371=IFCFACE((#2083));
#3372=IFCFACE((#2084));
#3373=IFCFACE((#2085));
#3374=IFCFACE((#2086));
#3375=IFCFACE((#2087));
#3376=IFCFACE((#2088));
#3377=IFCFACE((#2089));
#3378=IFCFACE((#2090));
#3379=IFCFACE((#2091));
#3380=IFCFACE((#2092));
#3381=IFCFACE((#2093));
#3382=IFCFACE((#2094));
#3383=IFCFACE((#2095));
#3384=IFCFACE((#2096));
#3385=IFCFACE((#2097));
#3386=IFCFACE((#2098));
#3387=IFCFACE((#2099));
#3388=IFCFACE((#2100));
#3389=IFCFACE((#2101));
#3390=IFCFACE((#2102));
#3391=IFCFACE((#2103));
#3392=IFCFACE((#2104));
#3393=IFCFACE((#2105));
#3394=IFCFACE((#2106));
#3395=IFCFACE((#2107));
#3396=IFCFACE((#2108));
#3397=IFCFACE((#2109));
#3398=IFCFACE((#2110));
#3399=IFCFACE((#2111));
#3400=IFCFACE((#2112));
#3401=IFCFACE((#2113));
#3402=IFCFACE((#2114));
#3403=IFCFACE((#2115));
#3404=IFCFACE((#2116));
#3405=IFCFACE((#2117));
#3406=IFCFACE((#2118));
#3407=IFCFACE((#2119));
#3408=IFCFACE((#2120));
#3409=IFCFACE((#2121));
#3410=IFCFACE((#2122));
#3411=IFCFACE((#2123));
#3412=IFCFACE((#2124));
#3413=IFCFACE((#2125));
#3414=IFCFACE((#2126));
#3415=IFCFACE((#2127));
#3416=IFCFACE((#2128));
#3417=IFCFACE((#2129));
#3418=IFCFACE((#2130));
#3419=IFCFACE((#2131));
#3420=IFCFACE((#2132));
#3421=IFCFACE((#2133));
#3422=IFCFACE((#2134));
#3423=IFCFACE((#2135));
#3424=IFCFACE((#2136));
#3425=IFCFACE((#2137));
#3426=IFCFACE((#2138));
#3427=IFCFACE((#2139));
#3428=IFCFACE((#2140));
#3429=IFCFACE((#2141));
#3430=IFCFACE((#2142));
#3431=IFCFACE((#2143));
#3432=IFCFACE((#2144));
#3433=IFCFACE((#2145));
#3434=IFCFACE((#2146));
#3435=IFCFACE((#2147));
#3436=IFCFACE((#2148));
#3437=IFCFACE((#2149));
#3438=IFCFACE((#2150));
#3439=IFCFACE((#2151));
#3440=IFCFACE((#2152));
#3441=IFCFACE((#2153));
#3442=IFCFACE((#2154));
#3443=IFCFACE((#2155));
#3444=IFCFACE((#2156));
#3445=IFCFACE((#2157));
#3446=IFCFACE((#2158));
#3447=IFCFACE((#2159));
#3448=IFCFACE((#2160));
#3449=IFCFACE((#2161));
#3450=IFCFACE((#2162));
#3451=IFCFACE((#2163));
#3452=IFCFACE((#2164));
#3453=IFCFACE((#2165));
#3454=IFCFACE((#2166));
#3455=IFCFACE((#2167));
#3456=IFCFACE((#2168));
#3457=IFCFACE((#2169));
#3458=IFCFACE((#2170));
#3459=IFCFACE((#2171));
#3460=IFCFACE((#2172));
#3461=IFCFACE((#2173));
#3462=IFCFACE((#2174));
#3463=IFCFACE((#2175));
#3464=IFCFACE((#2176));
#3465=IFCFACE((#2177));
#3466=IFCFACE((#2178));
#3467=IFCFACE((#2179));
#3468=IFCFACE((#2180));
#3469=IFCFACE((#2181));
#3470=IFCFACE((#2182));
#3471=IFCFACE((#2183));
#3472=IFCFACE((#2184));
#3473=IFCFACE((#2185));
#3474=IFCFACE((#2186));
#3475=IFCFACE((#2187));
#3476=IFCFACE((#2188));
#3477=IFCFACE((#2189));
#3478=IFCFACE((#2190));
#3479=IFCFACE((#2191));
#3480=IFCFACE((#2192));
#3481=IFCFACE((#2193));
#3482=IFCFACE((#2194));
#3483=IFCFACE((#2195));
#3484=IFCFACE((#2196));
#3485=IFCFACE((#2197));
#3486=IFCFACE((#2198));
#3487=IFCFACE((#2199));
#3488=IFCFACE((#2200));
#3489=IFCFACE((#2201));
#3490=IFCFACE((#2202));
#3491=IFCFACE((#2203));
#3492=IFCFACE((#2204));
#3493=IFCFACE((#2205));
#3494=IFCFACE((#2206));
#3495=IFCFACE((#2207));
#3496=IFCFACE((#2208));
#3497=IFCFACE((#2209));
#3498=IFCFACE((#2210));
#3499=IFCFACE((#2211));
#3500=IFCFACE((#2212));
#3501=IFCFACE((#2213));
#3502=IFCFACE((#2214));
#3503=IFCFACE((#2215));
#3504=IFCFACE((#2216));
#3505=IFCFACE((#2217));
#3506=IFCFACE((#2218));
#3507=IFCFACE((#2219));
#3508=IFCFACE((#2220));
#3509=IFCFACE((#2221));
#3510=IFCFACE((#2222));
#3511=IFCFACE((#2223));
#3512=IFCFACE((#2224));
#3513=IFCFACE((#2225));
#3514=IFCFACE((#2226));
#3515=IFCFACE((#2227));
#3516=IFCFACE((#2228));
#3517=IFCFACE((#2229));
#3518=IFCFACE((#2230));
#3519=IFCFACE((#2231));
#3520=IFCFACE((#2232));
#3521=IFCFACE((#2233));
#3522=IFCFACE((#2234));
#3523=IFCFACE((#2235));
#3524=IFCFACE((#2236));
#3525=IFCFACE((#2237));
#3526=IFCFACE((#2238));
#3527=IFCFACE((#2239));
#3528=IFCFACE((#2240));
#3529=IFCFACE((#2241));
#3530=IFCFACE((#2242));
#3531=IFCFACE((#2243));
#3532=IFCFACE((#2244));
#3533=IFCFACE((#2245));
#3534=IFCFACE((#2246));
#3535=IFCFACE((#2247));
#3536=IFCFACE((#2248));
#3537=IFCFACE((#2249));
#3538=IFCFACE((#2250));
#3539=IFCFACE((#2251));
#3540=IFCFACE((#2252));
#3541=IFCFACE((#2253));
#3542=IFCFACE((#2254));
#3543=IFCFACE((#2255));
#3544=IFCFACE((#2256));
#3545=IFCFACE((#2257));
#3546=IFCFACE((#2258));
#3547=IFCFACE((#2259));
#3548=IFCFACE((#2260));
#3549=IFCFACE((#2261));
#3550=IFCFACE((#2262));
#3551=IFCFACE((#2263));
#3552=IFCFACE((#2264));
#3553=IFCFACE((#2265));
#3554=IFCFACE((#2266));
#3555=IFCFACE((#2267));
#3556=IFCFACE((#2268));
#3557=IFCFACE((#2269));
#3558=IFCFACE((#2270));
#3559=IFCFACE((#2271));
#3560=IFCFACE((#2272));
#3561=IFCFACE((#2273));
#3562=IFCFACE((#2274));
#3563=IFCFACE((#2275));
#3564=IFCFACE((#2276));
#3565=IFCFACE((#2277));
#3566=IFCFACE((#2278));
#3567=IFCFACE((#2279));
#3568=IFCFACE((#2280));
#3569=IFCFACE((#2281));
#3570=IFCFACE((#2282));
#3571=IFCFACE((#2283));
#3572=IFCFACE((#2284));
#3573=IFCFACE((#2285));
#3574=IFCFACE((#2286));
#3575=IFCFACE((#2287));
#3576=IFCFACE((#2288));
#3577=IFCFACE((#2289));
#3578=IFCFACE((#2290));
#3579=IFCFACE((#2291));
#3580=IFCFACE((#2292));
#3581=IFCFACE((#2293));
#3582=IFCFACE((#2294));
#3583=IFCFACE((#2295));
#3584=IFCFACE((#2296));
#3585=IFCFACE((#2297));
#3586=IFCFACE((#2298));
#3587=IFCFACE((#2299));
#3588=IFCFACE((#2300));
#3589=IFCFACE((#2301));
#3590=IFCFACE((#2302));
#3591=IFCFACE((#2303));
#3592=IFCFACE((#2304));
#3593=IFCFACE((#2305));
#3594=IFCFACE((#2306));
#3595=IFCFACE((#2307));
#3596=IFCFACE((#2308));
#3597=IFCFACE((#2309));
#3598=IFCFACE((#2310));
#3599=IFCFACE((#2311));
#3600=IFCFACE((#2312));
#3601=IFCFACE((#2313));
#3602=IFCFACE((#2314));
#3603=IFCFACE((#2315));
#3604=IFCFACE((#2316));
#3605=IFCFACE((#2317));
#3606=IFCFACE((#2318));
#3607=IFCFACE((#2319));
#3608=IFCFACE((#2320));
#3609=IFCFACE((#2321));
#3610=IFCFACE((#2322));
#3611=IFCFACE((#2323));
#3612=IFCFACE((#2324));
#3613=IFCFACE((#2325));
#3614=IFCFACE((#2326));
#3615=IFCFACE((#2327));
#3616=IFCFACE((#2328));
#3617=IFCFACE((#2329));
#3618=IFCFACE((#2330));
#3619=IFCFACE((#2331));
#3620=IFCFACE((#2332));
#3621=IFCFACE((#2333));
#3622=IFCFACE((#2334));
#3623=IFCFACE((#2335));
#3624=IFCFACE((#2336));
#3625=IFCFACE((#2337));
#3626=IFCFACE((#2338));
#3627=IFCFACE((#2339));
#3628=IFCFACE((#2340));
#3629=IFCFACE((#2341));
#3630=IFCFACE((#2342));
#3631=IFCFACE((#2343));
#3632=IFCFACE((#2344));
#3633=IFCFACE((#2345));
#3634=IFCFACE((#2346));
#3635=IFCFACE((#2347));
#3636=IFCFACE((#2348));
#3637=IFCFACE((#2349));
#3638=IFCFACE((#2350));
#3639=IFCFACE((#2351));
#3640=IFCFACE((#2352));
#3641=IFCFACE((#2353));
#3642=IFCFACE((#2354));
#3643=IFCFACE((#2355));
#3644=IFCFACE((#2356));
#3645=IFCFACE((#2357));
#3646=IFCFACE((#2358));
#3647=IFCFACE((#2359));
#3648=IFCFACE((#2360));
#3649=IFCFACE((#2361));
#3650=IFCFACE((#2362));
#3651=IFCFACE((#2363));
#3652=IFCFACE((#2364));
#3653=IFCFACE((#2365));
#3654=IFCFACE((#2366));
#3655=IFCFACE((#2367));
#3656=IFCFACE((#2368));
#3657=IFCFACE((#2369));
#3658=IFCFACE((#2370));
#3659=IFCFACE((#2371));
#3660=IFCFACE((#2372));
#3661=IFCFACE((#2373));
#3662=IFCFACE((#2374));
#3663=IFCFACE((#2375));
#3664=IFCFACE((#2376));
#3665=IFCFACE((#2377));
#3666=IFCFACE((#2378));
#3667=IFCFACE((#2379));
#3668=IFCFACE((#2380));
#3669=IFCFACE((#2381));
#3670=IFCFACE((#2382));
#3671=IFCFACE((#2383));
#3672=IFCFACE((#2384));
#3673=IFCFACE((#2385));
#3674=IFCFACE((#2386));
#3675=IFCFACE((#2387));
#3676=IFCFACE((#2388));
#3677=IFCFACE((#2389));
#3678=IFCFACE((#2390));
#3679=IFCFACE((#2391));
#3680=IFCFACE((#2392));
#3681=IFCFACE((#2393));
#3682=IFCFACE((#2394));
#3683=IFCFACE((#2395));
#3684=IFCFACE((#2396));
#3685=IFCFACE((#2397));
#3686=IFCFACE((#2398));
#3687=IFCFACE((#2399));
#3688=IFCFACE((#2400));
#3689=IFCFACE((#2401));
#3690=IFCFACE((#2402));
#3691=IFCFACE((#2403));
#3692=IFCFACE((#2404));
#3693=IFCFACE((#2405));
#3694=IFCFACE((#2406));
#3695=IFCFACE((#2407));
#3696=IFCFACE((#2408));
#3697=IFCFACE((#2409));
#3698=IFCFACE((#2410));
#3699=IFCFACE((#2411));
#3700=IFCFACE((#2412));
#3701=IFCFACE((#2413));
#3702=IFCFACE((#2414));
#3703=IFCFACE((#2415));
#3704=IFCFACE((#2416));
#3705=IFCFACE((#2417));
#3706=IFCFACE((#2418));
#3707=IFCFACE((#2419));
#3708=IFCFACE((#2420));
#3709=IFCFACE((#2421));
#3710=IFCFACE((#2422));
#3711=IFCFACE((#2423));
#3712=IFCFACE((#2424));
#3713=IFCFACE((#2425));
#3714=IFCFACE((#2426));
#3715=IFCFACE((#2427));
#3716=IFCFACE((#2428));
#3717=IFCFACE((#2429));
#3718=IFCFACE((#2430));
#3719=IFCFACE((#2431));
#3720=IFCFACE((#2432));
#3721=IFCFACE((#2433));
#3722=IFCFACE((#2434));
#3723=IFCFACE((#2435));
#3724=IFCFACE((#2436));
#3725=IFCFACE((#2437));
#3726=IFCFACE((#2438));
#3727=IFCFACE((#2439));
#3728=IFCFACE((#2440));
#3729=IFCFACE((#2441));
#3730=IFCFACE((#2442));
#3731=IFCFACE((#2443));
#3732=IFCFACE((#2444));
#3733=IFCFACE((#2445));
#3734=IFCFACE((#2446));
#3735=IFCFACE((#2447));
#3736=IFCFACE((#2448));
#3737=IFCFACE((#2449));
#3738=IFCFACE((#2450));
#3739=IFCFACE((#2451));
#3740=IFCFACE((#2452));
#3741=IFCFACE((#2453));
#3742=IFCFACE((#2454));
#3743=IFCFACE((#2455));
#3744=IFCFACE((#2456));
#3745=IFCFACE((#2457));
#3746=IFCFACE((#2458));
#3747=IFCFACE((#2459));
#3748=IFCFACE((#2460));
#3749=IFCFACE((#2461));
#3750=IFCFACE((#2462));
#3751=IFCFACE((#2463));
#3752=IFCFACE((#2464));
#3753=IFCFACE((#2465));
#3754=IFCFACE((#2466));
#3755=IFCFACE((#2467));
#3756=IFCFACE((#2468));
#3757=IFCFACE((#2469));
#3758=IFCFACE((#2470));
#3759=IFCFACE((#2471));
#3760=IFCFACE((#2472));
#3761=IFCFACE((#2473));
#3762=IFCFACE((#2474));
#3763=IFCFACE((#2475));
#3764=IFCFACE((#2476));
#3765=IFCFACE((#2477));
#3766=IFCFACE((#2478));
#3767=IFCFACE((#2479));
#3768=IFCFACE((#2480));
#3769=IFCFACE((#2481));
#3770=IFCFACE((#2482));
#3771=IFCFACE((#2483));
#3772=IFCFACE((#2484));
#3773=IFCFACE((#2485));
#3774=IFCFACE((#2486));
#3775=IFCFACE((#2487));
#3776=IFCFACE((#2488));
#3777=IFCFACE((#2489));
#3778=IFCFACE((#2490));
#3779=IFCFACE((#2491));
#3780=IFCFACE((#2492));
#3781=IFCFACE((#2493));
#3782=IFCFACE((#2494));
#3783=IFCFACE((#2495));
#3784=IFCFACE((#2496));
#3785=IFCFACE((#2497));
#3786=IFCFACE((#2498));
#3787=IFCFACE((#2499));
#3788=IFCFACE((#2500));
#3789=IFCFACE((#2501));
#3790=IFCFACE((#2502));
#3791=IFCFACE((#2503));
#3792=IFCFACE((#2504));
#3793=IFCFACE((#2505));
#3794=IFCFACE((#2506));
#3795=IFCFACE((#2507));
#3796=IFCFACE((#2508));
#3797=IFCFACE((#2509));
#3798=IFCFACE((#2510));
#3799=IFCFACE((#2511));
#3800=IFCFACE((#2512));
#3801=IFCFACE((#2513));
#3802=IFCFACE((#2514));
#3803=IFCFACE((#2515));
#3804=IFCFACE((#2516));
#3805=IFCFACE((#2517));
#3806=IFCFACE((#2518));
#3807=IFCFACE((#2519));
#3808=IFCFACE((#2520));
#3809=IFCFACE((#2521));
#3810=IFCFACE((#2522));
#3811=IFCFACE((#2523));
#3812=IFCFACE((#2524));
#3813=IFCFACE((#2525));
#3814=IFCFACE((#2526));
#3815=IFCFACE((#2527));
#3816=IFCFACE((#2528));
#3817=IFCFACE((#2529));
#3818=IFCFACE((#2530));
#3819=IFCFACE((#2531));
#3820=IFCFACE((#2532));
#3821=IFCFACE((#2533));
#3822=IFCFACE((#2534));
#3823=IFCFACE((#2535));
#3824=IFCFACE((#2536));
#3825=IFCFACE((#2537));
#3826=IFCFACE((#2538));
#3827=IFCFACE((#2539));
#3828=IFCFACE((#2540));
#3829=IFCFACE((#2541));
#3830=IFCFACE((#2542));
#3831=IFCFACE((#2543));
#3832=IFCFACE((#2544));
#3833=IFCFACE((#2545));
#3834=IFCFACE((#2546));
#3835=IFCFACE((#2547));
#3836=IFCFACE((#2548));
#3837=IFCFACE((#2549));
#3838=IFCFACE((#2550));
#3839=IFCFACE((#2551));
#3840=IFCFACE((#2552));
#3841=IFCFACE((#2553));
#3842=IFCFACE((#2554));
#3843=IFCFACE((#2555));
#3844=IFCFACE((#2556));
#3845=IFCFACE((#2557));
#3846=IFCFACE((#2558));
#3847=IFCFACE((#2559));
#3848=IFCFACE((#2560));
#3849=IFCFACE((#2561));
#3850=IFCFACE((#2562));
#3851=IFCFACE((#2563));
#3852=IFCFACE((#2564));
#3853=IFCFACE((#2565));
#3854=IFCFACE((#2566));
#3855=IFCFACE((#2567));
#3856=IFCFACE((#2568));
#3857=IFCFACE((#2569));
#3858=IFCFACE((#2570));
#3859=IFCFACE((#2571));
#3860=IFCFACE((#2572));
#3861=IFCFACE((#2573));
#3862=IFCFACE((#2574));
#3863=IFCFACE((#2575));
#3864=IFCFACE((#2576));
#3865=IFCFACE((#2577));
#3866=IFCFACE((#2578));
#3867=IFCFACE((#2579));
#3868=IFCFACE((#2580));
#3869=IFCFACE((#2581));
#3870=IFCFACE((#2582));
#3871=IFCFACE((#2583));
#3872=IFCFACE((#2584));
#3873=IFCFACE((#2585));
#3874=IFCFACE((#2586));
#3875=IFCFACE((#2587));
#3876=IFCFACE((#2588));
#3877=IFCFACE((#2589));
#3878=IFCFACE((#2590));
#3879=IFCFACE((#2591));
#3880=IFCFACE((#2592));
#3881=IFCFACE((#2593));
#3882=IFCFACE((#2594));
#3883=IFCFACE((#2595));
#3884=IFCFACE((#2596));
#3885=IFCFACE((#2597));
#3886=IFCFACE((#2598));
#3887=IFCFACE((#2599));
#3888=IFCFACE((#2600));
#3889=IFCFACE((#2601));
#3890=IFCCLOSEDSHELL((#2602,#2603,#2604,#2605,#2606,#2607,#2608,#2609,#2610,
#2611,#2612,#2613,#2614,#2615,#2616,#2617,#2618,#2619,#2620,#2621,#2622,
#2623,#2624,#2625,#2626,#2627,#2628,#2629,#2630,#2631,#2632,#2633,#2634,
#2635,#2636,#2637,#2638,#2639,#2640,#2641,#2642,#2643,#2644,#2645,#2646,
#2647,#2648,#2649,#2650,#2651,#2652,#2653,#2654,#2655,#2656,#2657,#2658,
#2659,#2660,#2661,#2662,#2663,#2664,#2665,#2666,#2667,#2668,#2669,#2670,
#2671,#2672,#2673,#2674,#2675,#2676,#2677,#2678,#2679,#2680,#2681,#2682,
#2683,#2684,#2685,#2686,#2687,#2688,#2689,#2690,#2691,#2692,#2693,#2694,
#2695,#2696,#2697,#2698,#2699,#2700,#2701,#2702,#2703,#2704,#2705,#2706,
#2707,#2708,#2709,#2710,#2711,#2712,#2713,#2714,#2715,#2716,#2717,#2718,
#2719,#2720,#2721,#2722,#2723,#2724,#2725,#2726,#2727,#2728,#2729,#2730,
#2731,#2732,#2733,#2734,#2735,#2736,#2737,#2738,#2739,#2740,#2741,#2742,
#2743,#2744,#2745,#2746,#2747,#2748,#2749,#2750,#2751,#2752,#2753,#2754,
#2755,#2756,#2757,#2758,#2759,#2760,#2761,#2762,#2763,#2764,#2765,#2766,
#2767,#2768,#2769,#2770,#2771,#2772,#2773,#2774,#2775,#2776,#2777,#2778,
#2779,#2780,#2781,#2782,#2783,#2784,#2785,#2786,#2787,#2788,#2789,#2790,
#2791,#2792,#2793,#2794,#2795,#2796,#2797,#2798,#2799,#2800,#2801,#2802,
#2803,#2804,#2805,#2806,#2807,#2808,#2809,#2810,#2811,#2812,#2813,#2814,
#2815,#2816,#2817,#2818,#2819,#2820,#2821,#2822,#2823,#2824,#2825,#2826,
#2827,#2828,#2829,#2830,#2831,#2832,#2833,#2834,#2835,#2836,#2837,#2838,
#2839,#2840,#2841,#2842,#2843,#2844,#2845,#2846,#2847,#2848,#2849,#2850,
#2851,#2852,#2853,#2854,#2855,#2856,#2857,#2858,#2859,#2860,#2861,#2862,
#2863,#2864,#2865,#2866,#2867,#2868,#2869,#2870,#2871,#2872,#2873,#2874,
#2875,#2876,#2877,#2878,#2879,#2880,#2881,#2882,#2883,#2884,#2885,#2886,
#2887,#2888,#2889,#2890,#2891,#2892,#2893,#2894,#2895,#2896,#2897,#2898,
#2899,#2900,#2901,#2902,#2903,#2904,#2905,#2906,#2907,#2908,#2909,#2910,
#2911,#2912,#2913,#2914,#2915,#2916,#2917,#2918,#2919,#2920,#2921,#2922,
#2923,#2924,#2925,#2926,#2927,#2928,#2929,#2930,#2931,#2932,#2933,#2934,
#2935,#2936,#2937,#2938,#2939,#2940,#2941,#2942,#2943,#2944,#2945,#2946,
#2947,#2948,#2949,#2950,#2951,#2952,#2953,#2954,#2955,#2956,#2957,#2958,
#2959,#2960,#2961,#2962,#2963,#2964,#2965,#2966,#2967,#2968,#2969,#2970,
#2971,#2972,#2973,#2974,#2975,#2976,#2977,#2978,#2979,#2980,#2981,#2982,
#2983,#2984,#2985,#2986,#2987,#2988,#2989,#2990,#2991,#2992,#2993,#2994,
#2995,#2996,#2997,#2998,#2999,#3000,#3001,#3002,#3003,#3004,#3005,#3006,
#3007,#3008,#3009,#3010,#3011,#3012,#3013,#3014,#3015,#3016,#3017,#3018,
#3019,#3020,#3021,#3022,#3023,#3024,#3025,#3026,#3027,#3028,#3029,#3030,
#3031,#3032,#3033,#3034,#3035,#3036,#3037,#3038,#3039,#3040,#3041,#3042,
#3043,#3044,#3045,#3046,#3047,#3048,#3049,#3050,#3051,#3052,#3053,#3054,
#3055,#3056,#3057,#3058,#3059,#3060,#3061,#3062,#3063,#3064,#3065,#3066,
#3067,#3068,#3069,#3070,#3071,#3072,#3073,#3074,#3075,#3076,#3077,#3078,
#3079,#3080,#3081,#3082,#3083,#3084,#3085,#3086,#3087,#3088,#3089,#3090,
#3091,#3092,#3093,#3094,#3095,#3096,#3097,#3098,#3099,#3100,#3101,#3102,
#3103,#3104,#3105,#3106,#3107,#3108,#3109,#3110,#3111,#3112,#3113,#3114,
#3115,#3116,#3117,#3118,#3119,#3120,#3121,#3122,#3123,#3124,#3125,#3126,
#3127,#3128,#3129,#3130,#3131,#3132,#3133,#3134,#3135,#3136,#3137,#3138,
#3139,#3140,#3141,#3142,#3143,#3144,#3145,#3146,#3147,#3148,#3149,#3150,
#3151,#3152,#3153,#3154,#3155,#3156,#3157,#3158,#3159,#3160,#3161,#3162,
#3163,#3164,#3165,#3166,#3167,#3168,#3169,#3170,#3171,#3172,#3173,#3174,
#3175,#3176,#3177,#3178,#3179,#3180,#3181,#3182,#3183,#3184,#3185,#3186,
#3187,#3188,#3189,#3190,#3191,#3192,#3193,#3194,#3195,#3196,#3197,#3198,
#3199,#3200,#3201,#3202,#3203,#3204,#3205,#3206,#3207,#3208,#3209,#3210,
#3211,#3212,#3213,#3214,#3215,#3216,#3217,#3218,#3219,#3220,#3221,#3222,
#3223,#3224,#3225,#3226,#3227,#3228,#3229,#3230,#3231,#3232,#3233,#3234,
#3235,#3236,#3237,#3238,#3239,#3240,#3241,#3242,#3243,#3244,#3245,#3246,
#3247,#3248,#3249,#3250,#3251,#3252,#3253,#3254,#3255,#3256,#3257,#3258,
#3259,#3260,#3261,#3262,#3263,#3264,#3265,#3266,#3267,#3268,#3269,#3270,
#3271,#3272,#3273,#3274,#3275,#3276,#3277,#3278,#3279,#3280,#3281,#3282,
#3283,#3284,#3285,#3286,#3287,#3288,#3289,#3290,#3291,#3292,#3293,#3294,
#3295,#3296,#3297,#3298,#3299,#3300,#3301,#3302,#3303,#3304,#3305,#3306,
#3307,#3308,#3309,#3310,#3311,#3312,#3313,#3314,#3315,#3316,#3317,#3318,
#3319,#3320,#3321,#3322,#3323,#3324,#3325,#3326,#3327,#3328,#3329,#3330,
#3331,#3332,#3333,#3334,#3335,#3336,#3337,#3338,#3339,#3340,#3341,#3342,
#3343,#3344,#3345,#3346,#3347,#3348,#3349,#3350,#3351,#3352,#3353,#3354,
#3355,#3356,#3357,#3358,#3359,#3360,#3361,#3362,#3363,#3364,#3365,#3366,
#3367,#3368,#3369,#3370,#3371,#3372,#3373,#3374,#3375,#3376,#3377,#3378,
#3379,#3380,#3381,#3382,#3383,#3384,#3385,#3386,#3387,#3388,#3389,#3390,
#3391,#3392,#3393,#3394,#3395,#3396,#3397,#3398,#3399,#3400,#3401,#3402,
#3403,#3404,#3405,#3406,#3407,#3408,#3409,#3410,#3411,#3412,#3413,#3414,
#3415,#3416,#3417,#3418,#3419,#3420,#3421,#3422,#3423,#3424,#3425,#3426,
#3427,#3428,#3429,#3430,#3431,#3432,#3433,#3434,#3435,#3436,#3437,#3438,
#3439,#3440,#3441,#3442,#3443,#3444,#3445,#3446,#3447,#3448,#3449,#3450,
#3451,#3452,#3453,#3454,#3455,#3456,#3457,#3458,#3459,#3460,#3461,#3462,
#3463,#3464,#3465,#3466,#3467,#3468,#3469,#3470,#3471,#3472,#3473,#3474,
#3475,#3476,#3477,#3478,#3479,#3480,#3481,#3482,#3483,#3484,#3485,#3486,
#3487,#3488,#3489,#3490,#3491,#3492,#3493,#3494,#3495,#3496,#3497,#3498,
#3499,#3500,#3501,#3502,#3503,#3504,#3505,#3506,#3507,#3508,#3509,#3510,
#3511,#3512,#3513,#3514,#3515,#3516,#3517,#3518,#3519,#3520,#3521,#3522,
#3523,#3524,#3525,#3526,#3527,#3528,#3529,#3530,#3531,#3532,#3533,#3534,
#3535,#3536,#3537,#3538,#3539,#3540,#3541,#3542,#3543,#3544,#3545,#3546,
#3547,#3548,#3549,#3550,#3551,#3552,#3553,#3554,#3555,#3556,#3557,#3558,
#3559,#3560,#3561,#3562,#3563,#3564,#3565,#3566,#3567,#3568,#3569,#3570,
#3571,#3572,#3573,#3574,#3575,#3576,#3577,#3578,#3579,#3580,#3581,#3582,
#3583,#3584,#3585,#3586,#3587,#3588,#3589,#3590,#3591,#3592,#3593,#3594,
#3595,#3596,#3597,#3598,#3599,#3600,#3601,#3602,#3603,#3604,#3605,#3606,
#3607,#3608,#3609,#3610,#3611,#3612,#3613,#3614,#3615,#3616,#3617,#3618,
#3619,#3620,#3621,#3622,#3623,#3624,#3625,#3626,#3627,#3628,#3629,#3630,
#3631,#3632,#3633,#3634,#3635,#3636,#3637,#3638,#3639,#3640,#3641,#3642,
#3643,#3644,#3645,#3646,#3647,#3648,#3649,#3650,#3651,#3652,#3653,#3654,
#3655,#3656,#3657,#3658,#3659,#3660,#3661,#3662,#3663,#3664,#3665,#3666,
#3667,#3668,#3669,#3670,#3671,#3672,#3673,#3674,#3675,#3676,#3677,#3678,
#3679,#3680,#3681,#3682,#3683,#3684,#3685,#3686,#3687,#3688,#3689,#3690,
#3691,#3692,#3693,#3694,#3695,#3696,#3697,#3698,#3699,#3700,#3701,#3702,
#3703,#3704,#3705,#3706,#3707,#3708,#3709,#3710,#3711,#3712,#3713,#3714,
#3715,#3716,#3717,#3718,#3719,#3720,#3721,#3722,#3723,#3724,#3725,#3726,
#3727,#3728,#3729,#3730,#3731,#3732,#3733,#3734,#3735,#3736,#3737,#3738,
#3739,#3740,#3741,#3742,#3743,#3744,#3745,#3746,#3747,#3748,#3749,#3750,
#3751,#3752,#3753,#3754,#3755,#3756,#3757,#3758,#3759,#3760,#3761,#3762,
#3763,#3764,#3765,#3766,#3767,#3768,#3769,#3770,#3771,#3772,#3773,#3774,
#3775,#3776,#3777,#3778,#3779,#3780,#3781,#3782,#3783,#3784,#3785,#3786,
#3787,#3788,#3789,#3790,#3791,#3792,#3793,#3794,#3795,#3796,#3797,#3798,
#3799,#3800,#3801,#3802,#3803,#3804,#3805,#3806,#3807,#3808,#3809,#3810,
#3811,#3812,#3813,#3814,#3815,#3816,#3817,#3818,#3819,#3820,#3821,#3822,
#3823,#3824,#3825,#3826,#3827,#3828,#3829,#3830,#3831,#3832,#3833,#3834,
#3835,#3836,#3837,#3838,#3839,#3840,#3841,#3842,#3843,#3844,#3845,#3846,
#3847,#3848,#3849,#3850,#3851,#3852,#3853,#3854,#3855,#3856,#3857,#3858,
#3859,#3860,#3861,#3862,#3863,#3864,#3865,#3866,#3867,#3868,#3869,#3870,
#3871,#3872,#3873,#3874,#3875,#3876,#3877,#3878,#3879,#3880,#3881,#3882,
#3883,#3884,#3885,#3886,#3887,#3888,#3889));
#3891=IFCSTYLEDITEM(#3896,(#3892),'');
#3892=IFCPRESENTATIONSTYLEASSIGNMENT((#3893));
#3893=IFCSURFACESTYLE('',.BOTH.,(#3894));
#3894=IFCSURFACESTYLERENDERING(#3895,0.,$,$,$,$,$,$,.NOTDEFINED.);
#3895=IFCCOLOURRGB('',0.5,0.5,0.5);
#3896=IFCFACETEDBREP(#3890);
#3897=IFCPROJECT('07hUkdHgGydfWsFJH56q5B',#5066,'Gray_4528038_AVV',' ',
' ',' ',' ',(#5061),#3898);
#3898=IFCUNITASSIGNMENT((#5062,#5063,#5064,#5065));
#3899=IFCGEOMETRICREPRESENTATIONSUBCONTEXT('Body','Model',*,*,*,*,#5061,
1.,.MODEL_VIEW.,$);
#3900=IFCAXIS2PLACEMENT3D(#3906,#3902,#3903);
#3901=IFCAXIS2PLACEMENT3D(#5060,#3904,#3905);
#3902=IFCDIRECTION((0.,0.,1.));
#3903=IFCDIRECTION((1.,0.,0.));
#3904=IFCDIRECTION((0.,0.,1.));
#3905=IFCDIRECTION((1.,0.,0.));
#3906=IFCCARTESIANPOINT((0.,0.,0.));
#3907=IFCCARTESIANPOINT((-21.1863186403318,-12.,2.86402655078499));
#3908=IFCCARTESIANPOINT((-21.1863186403318,-11.2,2.86402655078499));
#3909=IFCCARTESIANPOINT((-20.,-11.2,3.1));
#3910=IFCCARTESIANPOINT((-20.,-12.,3.1));
#3911=IFCCARTESIANPOINT((-22.1920310216783,-12.,2.1920310216783));
#3912=IFCCARTESIANPOINT((-22.1920310216783,-11.2,2.1920310216783));
#3913=IFCCARTESIANPOINT((-22.864026550785,-12.,1.18631864033178));
#3914=IFCCARTESIANPOINT((-22.864026550785,-11.2,1.18631864033178));
#3915=IFCCARTESIANPOINT((-23.1,-12.,1.8982025386784E-16));
#3916=IFCCARTESIANPOINT((-23.1,-11.2,1.8982025386784E-16));
#3917=IFCCARTESIANPOINT((-22.864026550785,-12.,-1.18631864033178));
#3918=IFCCARTESIANPOINT((-22.864026550785,-11.2,-1.18631864033178));
#3919=IFCCARTESIANPOINT((-22.1920310216783,-12.,-2.1920310216783));
#3920=IFCCARTESIANPOINT((-22.1920310216783,-11.2,-2.1920310216783));
#3921=IFCCARTESIANPOINT((-21.1863186403318,-12.,-2.86402655078499));
#3922=IFCCARTESIANPOINT((-21.1863186403318,-11.2,-2.86402655078499));
#3923=IFCCARTESIANPOINT((-20.,-12.,-3.1));
#3924=IFCCARTESIANPOINT((-20.,-11.2,-3.1));
#3925=IFCCARTESIANPOINT((-18.8136813596682,-12.,-2.86402655078499));
#3926=IFCCARTESIANPOINT((-18.8136813596682,-11.2,-2.86402655078499));
#3927=IFCCARTESIANPOINT((-17.8079689783217,-12.,-2.1920310216783));
#3928=IFCCARTESIANPOINT((-17.8079689783217,-11.2,-2.1920310216783));
#3929=IFCCARTESIANPOINT((-17.135973449215,-12.,-1.18631864033178));
#3930=IFCCARTESIANPOINT((-17.135973449215,-11.2,-1.18631864033178));
#3931=IFCCARTESIANPOINT((-16.9,-12.,-5.69460761603519E-16));
#3932=IFCCARTESIANPOINT((-16.9,-11.2,-5.69460761603519E-16));
#3933=IFCCARTESIANPOINT((-17.135973449215,-12.,1.18631864033178));
#3934=IFCCARTESIANPOINT((-17.135973449215,-11.2,1.18631864033178));
#3935=IFCCARTESIANPOINT((-17.8079689783217,-12.,2.1920310216783));
#3936=IFCCARTESIANPOINT((-17.8079689783217,-11.2,2.1920310216783));
#3937=IFCCARTESIANPOINT((-18.8136813596682,-12.,2.86402655078499));
#3938=IFCCARTESIANPOINT((-18.8136813596682,-11.2,2.86402655078499));
#3939=IFCCARTESIANPOINT((-21.6970562748477,-11.2,1.69705627484771));
#3940=IFCCARTESIANPOINT((-20.9184402376762,-11.2,2.21731087802709));
#3941=IFCCARTESIANPOINT((-22.2173108780271,-11.2,0.918440237676214));
#3942=IFCCARTESIANPOINT((-17.7826891219729,-11.2,-0.918440237676215));
#3943=IFCCARTESIANPOINT((-18.3029437251523,-11.2,-1.69705627484771));
#3944=IFCCARTESIANPOINT((-19.0815597623238,-11.2,2.21731087802709));
#3945=IFCCARTESIANPOINT((-18.3029437251523,-11.2,1.69705627484771));
#3946=IFCCARTESIANPOINT((-20.,-11.2,2.4));
#3947=IFCCARTESIANPOINT((-19.0815597623238,-11.2,-2.21731087802709));
#3948=IFCCARTESIANPOINT((-17.7826891219729,-11.2,0.918440237676215));
#3949=IFCCARTESIANPOINT((-17.6,-11.2,0.));
#3950=IFCCARTESIANPOINT((-22.2173108780271,-11.2,-0.918440237676215));
#3951=IFCCARTESIANPOINT((-22.4,-11.2,-2.93915231795365E-16));
#3952=IFCCARTESIANPOINT((-20.9184402376762,-11.2,-2.21731087802709));
#3953=IFCCARTESIANPOINT((-21.6970562748477,-11.2,-1.69705627484771));
#3954=IFCCARTESIANPOINT((-20.,-11.2,-2.4));
#3955=IFCCARTESIANPOINT((-17.7826891219729,-8.79999999999999,-0.918440237676215));
#3956=IFCCARTESIANPOINT((-17.6,-8.79999999999999,0.));
#3957=IFCCARTESIANPOINT((-18.3029437251523,-8.79999999999999,-1.69705627484771));
#3958=IFCCARTESIANPOINT((-19.0815597623238,-8.79999999999999,-2.21731087802709));
#3959=IFCCARTESIANPOINT((-20.,-8.79999999999999,-2.4));
#3960=IFCCARTESIANPOINT((-20.9184402376762,-8.79999999999999,-2.21731087802709));
#3961=IFCCARTESIANPOINT((-21.6970562748477,-8.79999999999999,-1.69705627484771));
#3962=IFCCARTESIANPOINT((-22.2173108780271,-8.79999999999999,-0.918440237676215));
#3963=IFCCARTESIANPOINT((-22.4,-8.79999999999999,-2.93915231795365E-16));
#3964=IFCCARTESIANPOINT((-22.2173108780271,-8.79999999999999,0.918440237676214));
#3965=IFCCARTESIANPOINT((-21.6970562748477,-8.79999999999999,1.69705627484771));
#3966=IFCCARTESIANPOINT((-20.9184402376762,-8.79999999999999,2.21731087802709));
#3967=IFCCARTESIANPOINT((-20.,-8.79999999999999,2.4));
#3968=IFCCARTESIANPOINT((-19.0815597623238,-8.79999999999999,2.21731087802709));
#3969=IFCCARTESIANPOINT((-18.3029437251523,-8.79999999999999,1.69705627484771));
#3970=IFCCARTESIANPOINT((-17.7826891219729,-8.79999999999999,0.918440237676215));
#3971=IFCCARTESIANPOINT((-26.8136813596682,-12.,2.86402655078499));
#3972=IFCCARTESIANPOINT((-16.,-12.,3.6));
#3973=IFCCARTESIANPOINT((-25.8079689783217,-12.,2.1920310216783));
#3974=IFCCARTESIANPOINT((-28.,-12.,3.6));
#3975=IFCCARTESIANPOINT((-29.3776603565143,-12.,3.32596631704063));
#3976=IFCCARTESIANPOINT((-29.1863186403318,-12.,2.86402655078499));
#3977=IFCCARTESIANPOINT((-28.,-12.,3.1));
#3978=IFCCARTESIANPOINT((-28.,-12.,-3.6));
#3979=IFCCARTESIANPOINT((-16.,-12.,-3.6));
#3980=IFCCARTESIANPOINT((-25.135973449215,-12.,1.18631864033178));
#3981=IFCCARTESIANPOINT((-30.5455844122716,-12.,2.54558441227157));
#3982=IFCCARTESIANPOINT((-30.1920310216783,-12.,2.1920310216783));
#3983=IFCCARTESIANPOINT((-31.3259663170406,-12.,1.37766035651432));
#3984=IFCCARTESIANPOINT((-31.6,-12.,-4.40872847693047E-16));
#3985=IFCCARTESIANPOINT((-31.1,-12.,1.8982025386784E-16));
#3986=IFCCARTESIANPOINT((-30.864026550785,-12.,1.18631864033178));
#3987=IFCCARTESIANPOINT((-24.9,-12.,-5.69460761603519E-16));
#3988=IFCCARTESIANPOINT((-25.135973449215,-12.,-1.18631864033178));
#3989=IFCCARTESIANPOINT((-26.8136813596682,-12.,-2.86402655078499));
#3990=IFCCARTESIANPOINT((-25.8079689783217,-12.,-2.1920310216783));
#3991=IFCCARTESIANPOINT((-28.,-12.,-3.1));
#3992=IFCCARTESIANPOINT((-31.3259663170406,-12.,-1.37766035651432));
#3993=IFCCARTESIANPOINT((-30.5455844122716,-12.,-2.54558441227157));
#3994=IFCCARTESIANPOINT((-30.1920310216783,-12.,-2.1920310216783));
#3995=IFCCARTESIANPOINT((-30.864026550785,-12.,-1.18631864033178));
#3996=IFCCARTESIANPOINT((-29.3776603565143,-12.,-3.32596631704063));
#3997=IFCCARTESIANPOINT((-29.1863186403318,-12.,-2.86402655078499));
#3998=IFCCARTESIANPOINT((-29.3776603565143,-8.8,3.32596631704063));
#3999=IFCCARTESIANPOINT((-28.,-8.8,3.6));
#4000=IFCCARTESIANPOINT((-30.5455844122716,-8.8,2.54558441227157));
#4001=IFCCARTESIANPOINT((-31.3259663170406,-8.8,1.37766035651432));
#4002=IFCCARTESIANPOINT((-31.6,-8.8,-4.40872847693047E-16));
#4003=IFCCARTESIANPOINT((-31.3259663170406,-8.8,-1.37766035651432));
#4004=IFCCARTESIANPOINT((-30.5455844122716,-8.8,-2.54558441227157));
#4005=IFCCARTESIANPOINT((-29.3776603565143,-8.8,-3.32596631704063));
#4006=IFCCARTESIANPOINT((-28.,-8.8,-3.6));
#4007=IFCCARTESIANPOINT((-11.4804315980247,-7.48043159802469,1.34281164251497));
#4008=IFCCARTESIANPOINT((-11.1761585434431,-7.17615854344313,2.5025484129919));
#4009=IFCCARTESIANPOINT((-11.5982586384776,-7.59825863847761,-0.162682705904337));
#4010=IFCCARTESIANPOINT((-11.4161022650764,-7.41610226507636,-1.66175425196665));
#4011=IFCCARTESIANPOINT((-10.6932802122726,-6.69328021227261,-3.6));
#4012=IFCCARTESIANPOINT((-10.6932802122726,-6.69328021227261,3.6));
#4013=IFCCARTESIANPOINT((-29.1863186403318,-11.2,2.86402655078499));
#4014=IFCCARTESIANPOINT((-28.,-11.2,3.1));
#4015=IFCCARTESIANPOINT((-30.1920310216783,-11.2,2.1920310216783));
#4016=IFCCARTESIANPOINT((-30.864026550785,-11.2,1.18631864033178));
#4017=IFCCARTESIANPOINT((-31.1,-11.2,1.8982025386784E-16));
#4018=IFCCARTESIANPOINT((-30.864026550785,-11.2,-1.18631864033178));
#4019=IFCCARTESIANPOINT((-30.1920310216783,-11.2,-2.1920310216783));
#4020=IFCCARTESIANPOINT((-29.1863186403318,-11.2,-2.86402655078499));
#4021=IFCCARTESIANPOINT((-28.,-11.2,-3.1));
#4022=IFCCARTESIANPOINT((-26.8136813596682,-11.2,-2.86402655078499));
#4023=IFCCARTESIANPOINT((-25.8079689783217,-11.2,-2.1920310216783));
#4024=IFCCARTESIANPOINT((-25.135973449215,-11.2,-1.18631864033178));
#4025=IFCCARTESIANPOINT((-24.9,-11.2,-5.69460761603519E-16));
#4026=IFCCARTESIANPOINT((-25.135973449215,-11.2,1.18631864033178));
#4027=IFCCARTESIANPOINT((-25.8079689783217,-11.2,2.1920310216783));
#4028=IFCCARTESIANPOINT((-26.8136813596682,-11.2,2.86402655078499));
#4029=IFCCARTESIANPOINT((-30.2173108780271,-11.2,0.918440237676216));
#4030=IFCCARTESIANPOINT((-29.6970562748477,-11.2,1.69705627484771));
#4031=IFCCARTESIANPOINT((-25.7826891219729,-11.2,-0.918440237676215));
#4032=IFCCARTESIANPOINT((-26.3029437251523,-11.2,-1.69705627484771));
#4033=IFCCARTESIANPOINT((-28.9184402376762,-11.2,2.21731087802709));
#4034=IFCCARTESIANPOINT((-27.0815597623238,-11.2,-2.21731087802709));
#4035=IFCCARTESIANPOINT((-25.7826891219729,-11.2,0.918440237676215));
#4036=IFCCARTESIANPOINT((-25.6,-11.2,0.));
#4037=IFCCARTESIANPOINT((-27.0815597623238,-11.2,2.21731087802709));
#4038=IFCCARTESIANPOINT((-26.3029437251523,-11.2,1.69705627484771));
#4039=IFCCARTESIANPOINT((-28.,-11.2,2.4));
#4040=IFCCARTESIANPOINT((-28.9184402376762,-11.2,-2.21731087802709));
#4041=IFCCARTESIANPOINT((-29.6970562748477,-11.2,-1.69705627484771));
#4042=IFCCARTESIANPOINT((-30.2173108780271,-11.2,-0.918440237676215));
#4043=IFCCARTESIANPOINT((-30.4,-11.2,-2.93915231795365E-16));
#4044=IFCCARTESIANPOINT((-28.,-11.2,-2.4));
#4045=IFCCARTESIANPOINT((-25.7826891219729,-8.79999999999999,-0.918440237676215));
#4046=IFCCARTESIANPOINT((-25.6,-8.79999999999999,0.));
#4047=IFCCARTESIANPOINT((-26.3029437251523,-8.8,-1.69705627484771));
#4048=IFCCARTESIANPOINT((-27.0815597623238,-8.8,-2.21731087802709));
#4049=IFCCARTESIANPOINT((-28.,-8.8,-2.4));
#4050=IFCCARTESIANPOINT((-28.9184402376762,-8.8,-2.21731087802709));
#4051=IFCCARTESIANPOINT((-29.6970562748477,-8.8,-1.69705627484771));
#4052=IFCCARTESIANPOINT((-30.2173108780271,-8.8,-0.918440237676215));
#4053=IFCCARTESIANPOINT((-30.4,-8.8,-2.93915231795365E-16));
#4054=IFCCARTESIANPOINT((-30.2173108780271,-8.8,0.918440237676216));
#4055=IFCCARTESIANPOINT((-29.6970562748477,-8.8,1.69705627484771));
#4056=IFCCARTESIANPOINT((-28.9184402376762,-8.8,2.21731087802709));
#4057=IFCCARTESIANPOINT((-28.,-8.8,2.4));
#4058=IFCCARTESIANPOINT((-27.0815597623238,-8.8,2.21731087802709));
#4059=IFCCARTESIANPOINT((-26.3029437251523,-8.8,1.69705627484771));
#4060=IFCCARTESIANPOINT((-25.7826891219729,-8.79999999999999,0.918440237676215));
#4061=IFCCARTESIANPOINT((-16.,-8.,3.6));
#4062=IFCCARTESIANPOINT((-28.,-8.,3.6));
#4063=IFCCARTESIANPOINT((-16.,-6.6932802122726,3.6));
#4064=IFCCARTESIANPOINT((-16.,-8.,-3.6));
#4065=IFCCARTESIANPOINT((-28.,-8.,-3.6));
#4066=IFCCARTESIANPOINT((-16.,-6.6932802122726,-3.6));
#4067=IFCCARTESIANPOINT((-28.,-8.,-3.1));
#4068=IFCCARTESIANPOINT((-28.,-8.8,-3.1));
#4069=IFCCARTESIANPOINT((-28.,-8.8,3.1));
#4070=IFCCARTESIANPOINT((-28.,-8.,3.1));
#4071=IFCCARTESIANPOINT((-20.,-8.,-3.1));
#4072=IFCCARTESIANPOINT((-18.8136813596682,-8.,-2.86402655078499));
#4073=IFCCARTESIANPOINT((-18.8136813596682,-8.,2.86402655078499));
#4074=IFCCARTESIANPOINT((-20.,-8.,3.1));
#4075=IFCCARTESIANPOINT((-17.135973449215,-8.,1.18631864033178));
#4076=IFCCARTESIANPOINT((-17.8079689783217,-8.,2.1920310216783));
#4077=IFCCARTESIANPOINT((-17.135973449215,-8.,-1.18631864033178));
#4078=IFCCARTESIANPOINT((-16.9,-8.,8.6770123271991E-16));
#4079=IFCCARTESIANPOINT((-17.8079689783217,-8.,-2.1920310216783));
#4080=IFCCARTESIANPOINT((-20.,-8.8,3.1));
#4081=IFCCARTESIANPOINT((-18.8136813596682,-8.8,2.86402655078499));
#4082=IFCCARTESIANPOINT((-17.8079689783217,-8.8,2.1920310216783));
#4083=IFCCARTESIANPOINT((-17.135973449215,-8.8,1.18631864033178));
#4084=IFCCARTESIANPOINT((-20.,-8.8,-3.1));
#4085=IFCCARTESIANPOINT((-17.8079689783217,-8.8,-2.1920310216783));
#4086=IFCCARTESIANPOINT((-18.8136813596682,-8.8,-2.86402655078499));
#4087=IFCCARTESIANPOINT((-16.9,-8.8,8.6770123271991E-16));
#4088=IFCCARTESIANPOINT((-17.135973449215,-8.8,-1.18631864033178));
#4089=IFCCARTESIANPOINT((-16.,6.6932802122726,3.6));
#4090=IFCCARTESIANPOINT((-16.,8.,3.6));
#4091=IFCCARTESIANPOINT((-16.,8.,-3.6));
#4092=IFCCARTESIANPOINT((-16.,6.6932802122726,-3.6));
#4093=IFCCARTESIANPOINT((-16.,-4.27292569604011,6.2850700868105));
#4094=IFCCARTESIANPOINT((-16.,-1.50262723898508,7.44997391811945));
#4095=IFCCARTESIANPOINT((-16.,-1.18631864033178,2.86402655078499));
#4096=IFCCARTESIANPOINT((-16.,-2.1920310216783,2.1920310216783));
#4097=IFCCARTESIANPOINT((-16.,1.50262723898508,7.44997391811945));
#4098=IFCCARTESIANPOINT((-16.,1.18631864033178,2.86402655078499));
#4099=IFCCARTESIANPOINT((-16.,1.36587975938816E-15,3.1));
#4100=IFCCARTESIANPOINT((-16.,3.1,3.7964050773568E-16));
#4101=IFCCARTESIANPOINT((-16.,2.86402655078499,1.18631864033178));
#4102=IFCCARTESIANPOINT((-16.,4.07921561087423,-4.4));
#4103=IFCCARTESIANPOINT((-16.,1.18631864033178,-2.86402655078499));
#4104=IFCCARTESIANPOINT((-16.,2.1920310216783,-2.1920310216783));
#4105=IFCCARTESIANPOINT((-16.,-4.07921561087422,-4.4));
#4106=IFCCARTESIANPOINT((-16.,-2.1920310216783,-2.1920310216783));
#4107=IFCCARTESIANPOINT((-16.,-1.18631864033178,-2.86402655078499));
#4108=IFCCARTESIANPOINT((-16.,-2.86402655078499,-1.18631864033178));
#4109=IFCCARTESIANPOINT((-16.,-2.86402655078499,1.18631864033178));
#4110=IFCCARTESIANPOINT((-16.,-6.37509463090856,4.13741083855118));
#4111=IFCCARTESIANPOINT((-16.,4.27292569604011,6.2850700868105));
#4112=IFCCARTESIANPOINT((-16.,2.1920310216783,2.1920310216783));
#4113=IFCCARTESIANPOINT((-16.,2.86402655078499,-1.18631864033178));
#4114=IFCCARTESIANPOINT((-16.,1.43682249959192E-15,-3.1));
#4115=IFCCARTESIANPOINT((-16.,6.37509463090856,4.13741083855118));
#4116=IFCCARTESIANPOINT((-16.,-3.1,0.));
#4117=IFCCARTESIANPOINT((-16.,6.19216539028752,-4.40648247237243));
#4118=IFCCARTESIANPOINT((-16.,4.,-6.4621977685614));
#4119=IFCCARTESIANPOINT((-16.,4.,-4.47213595499958));
#4120=IFCCARTESIANPOINT((-16.,-4.,-4.47213595499958));
#4121=IFCCARTESIANPOINT((-16.,-4.,-6.4621977685614));
#4122=IFCCARTESIANPOINT((-16.,-6.19216539028752,-4.40648247237243));
#4123=IFCCARTESIANPOINT((-12.,4.07921561087423,-4.4));
#4124=IFCCARTESIANPOINT((-12.7170601648351,4.,-4.47213595499958));
#4125=IFCCARTESIANPOINT((-12.,4.,-4.4));
#4126=IFCCARTESIANPOINT((-12.7170601648351,-4.,-4.47213595499958));
#4127=IFCCARTESIANPOINT((-12.,-4.07921561087422,-4.4));
#4128=IFCCARTESIANPOINT((-12.,-4.,-4.4));
#4129=IFCCARTESIANPOINT((-8.,4.,-4.4));
#4130=IFCCARTESIANPOINT((-8.,-4.,-4.4));
#4131=IFCCARTESIANPOINT((-15.2,-2.86402655078499,1.18631864033178));
#4132=IFCCARTESIANPOINT((-15.2,-3.1,0.));
#4133=IFCCARTESIANPOINT((-15.2,-2.1920310216783,2.1920310216783));
#4134=IFCCARTESIANPOINT((-15.2,-1.18631864033178,2.86402655078499));
#4135=IFCCARTESIANPOINT((-15.2,1.37739940747082E-15,3.1));
#4136=IFCCARTESIANPOINT((-15.2,1.18631864033178,2.86402655078499));
#4137=IFCCARTESIANPOINT((-15.2,2.1920310216783,2.1920310216783));
#4138=IFCCARTESIANPOINT((-15.2,2.86402655078499,1.18631864033178));
#4139=IFCCARTESIANPOINT((-15.2,3.1,3.7964050773568E-16));
#4140=IFCCARTESIANPOINT((-15.2,2.86402655078499,-1.18631864033178));
#4141=IFCCARTESIANPOINT((-15.2,2.1920310216783,-2.1920310216783));
#4142=IFCCARTESIANPOINT((-15.2,1.18631864033178,-2.86402655078499));
#4143=IFCCARTESIANPOINT((-15.2,1.44834214767458E-15,-3.1));
#4144=IFCCARTESIANPOINT((-15.2,-1.18631864033178,-2.86402655078499));
#4145=IFCCARTESIANPOINT((-15.2,-2.1920310216783,-2.1920310216783));
#4146=IFCCARTESIANPOINT((-15.2,-2.86402655078499,-1.18631864033178));
#4147=IFCCARTESIANPOINT((-15.2,2.4,2.93915231795365E-16));
#4148=IFCCARTESIANPOINT((-15.2,2.21731087802709,0.918440237676215));
#4149=IFCCARTESIANPOINT((-15.2,1.69705627484771,1.69705627484771));
#4150=IFCCARTESIANPOINT((-15.2,0.918440237676217,2.21731087802709));
#4151=IFCCARTESIANPOINT((-15.2,2.21731087802709,-0.918440237676215));
#4152=IFCCARTESIANPOINT((-15.2,-1.69705627484771,1.69705627484771));
#4153=IFCCARTESIANPOINT((-15.2,-2.21731087802709,0.918440237676216));
#4154=IFCCARTESIANPOINT((-15.2,1.26483082199345E-15,2.4));
#4155=IFCCARTESIANPOINT((-15.2,-0.918440237676215,2.21731087802709));
#4156=IFCCARTESIANPOINT((-15.2,1.31975423376411E-15,-2.4));
#4157=IFCCARTESIANPOINT((-15.2,0.918440237676216,-2.21731087802709));
#4158=IFCCARTESIANPOINT((-15.2,1.69705627484772,-1.69705627484771));
#4159=IFCCARTESIANPOINT((-15.2,-0.918440237676215,-2.21731087802709));
#4160=IFCCARTESIANPOINT((-15.2,-2.21731087802709,-0.918440237676215));
#4161=IFCCARTESIANPOINT((-15.2,-1.69705627484771,-1.69705627484771));
#4162=IFCCARTESIANPOINT((-15.2,-2.4,0.));
#4163=IFCCARTESIANPOINT((-8.8,-2.21731087802709,0.918440237676216));
#4164=IFCCARTESIANPOINT((-8.8,-2.4,0.));
#4165=IFCCARTESIANPOINT((-8.8,-1.69705627484771,1.69705627484771));
#4166=IFCCARTESIANPOINT((-8.8,-0.918440237676215,2.21731087802709));
#4167=IFCCARTESIANPOINT((-8.8,1.35698800665472E-15,2.4));
#4168=IFCCARTESIANPOINT((-8.8,0.918440237676217,2.21731087802709));
#4169=IFCCARTESIANPOINT((-8.8,1.69705627484771,1.69705627484771));
#4170=IFCCARTESIANPOINT((-8.8,2.21731087802709,0.918440237676215));
#4171=IFCCARTESIANPOINT((-8.8,2.4,2.93915231795365E-16));
#4172=IFCCARTESIANPOINT((-8.8,2.21731087802709,-0.918440237676215));
#4173=IFCCARTESIANPOINT((-8.8,1.69705627484772,-1.69705627484771));
#4174=IFCCARTESIANPOINT((-8.8,0.918440237676216,-2.21731087802709));
#4175=IFCCARTESIANPOINT((-8.8,1.41191141842538E-15,-2.4));
#4176=IFCCARTESIANPOINT((-8.8,-0.918440237676215,-2.21731087802709));
#4177=IFCCARTESIANPOINT((-8.8,-1.69705627484771,-1.69705627484771));
#4178=IFCCARTESIANPOINT((-8.8,-2.21731087802709,-0.918440237676215));
#4179=IFCCARTESIANPOINT((-8.8,-2.1920310216783,-2.1920310216783));
#4180=IFCCARTESIANPOINT((-8.8,-1.18631864033178,-2.86402655078499));
#4181=IFCCARTESIANPOINT((-8.8,2.86402655078499,1.18631864033178));
#4182=IFCCARTESIANPOINT((-8.8,2.1920310216783,2.1920310216783));
#4183=IFCCARTESIANPOINT((-8.8,1.54049933233585E-15,-3.1));
#4184=IFCCARTESIANPOINT((-8.8,1.18631864033178,2.86402655078499));
#4185=IFCCARTESIANPOINT((-8.8,1.18631864033178,-2.86402655078499));
#4186=IFCCARTESIANPOINT((-8.8,1.46955659213209E-15,3.1));
#4187=IFCCARTESIANPOINT((-8.8,-1.18631864033178,2.86402655078499));
#4188=IFCCARTESIANPOINT((-8.8,-2.1920310216783,2.1920310216783));
#4189=IFCCARTESIANPOINT((-8.8,-3.1,0.));
#4190=IFCCARTESIANPOINT((-8.8,-2.86402655078499,-1.18631864033178));
#4191=IFCCARTESIANPOINT((-8.8,2.1920310216783,-2.1920310216783));
#4192=IFCCARTESIANPOINT((-8.8,-2.86402655078499,1.18631864033178));
#4193=IFCCARTESIANPOINT((-8.8,2.86402655078499,-1.18631864033178));
#4194=IFCCARTESIANPOINT((-8.8,3.1,3.7964050773568E-16));
#4195=IFCCARTESIANPOINT((-8.,-2.86402655078499,1.18631864033178));
#4196=IFCCARTESIANPOINT((-8.,-3.1,0.));
#4197=IFCCARTESIANPOINT((-8.,-2.1920310216783,2.1920310216783));
#4198=IFCCARTESIANPOINT((-8.,-1.18631864033178,2.86402655078499));
#4199=IFCCARTESIANPOINT((-8.,1.48107624021475E-15,3.1));
#4200=IFCCARTESIANPOINT((-8.,1.18631864033178,2.86402655078499));
#4201=IFCCARTESIANPOINT((-8.,2.1920310216783,2.1920310216783));
#4202=IFCCARTESIANPOINT((-8.,2.86402655078499,1.18631864033178));
#4203=IFCCARTESIANPOINT((-8.,3.1,3.7964050773568E-16));
#4204=IFCCARTESIANPOINT((-8.,2.86402655078499,-1.18631864033178));
#4205=IFCCARTESIANPOINT((-8.,2.1920310216783,-2.1920310216783));
#4206=IFCCARTESIANPOINT((-8.,1.18631864033178,-2.86402655078499));
#4207=IFCCARTESIANPOINT((-8.,1.55201898041851E-15,-3.1));
#4208=IFCCARTESIANPOINT((-8.,-1.18631864033178,-2.86402655078499));
#4209=IFCCARTESIANPOINT((-8.,-2.1920310216783,-2.1920310216783));
#4210=IFCCARTESIANPOINT((-8.,-2.86402655078499,-1.18631864033178));
#4211=IFCCARTESIANPOINT((-8.,-5.97064687902189,-0.592769639932851));
#4212=IFCCARTESIANPOINT((-8.,-5.34937571574066,-2.71738467130514));
#4213=IFCCARTESIANPOINT((-8.,-4.07921561087422,-4.4));
#4214=IFCCARTESIANPOINT((-8.,5.77925215290756,1.61252738057788));
#4215=IFCCARTESIANPOINT((-8.,4.80124231019914,3.5983429907047));
#4216=IFCCARTESIANPOINT((-8.,3.16973445776404,5.09438744769804));
#4217=IFCCARTESIANPOINT((-8.,1.10679344164323,5.89703385419615));
#4218=IFCCARTESIANPOINT((-8.,-1.10679344164323,5.89703385419615));
#4219=IFCCARTESIANPOINT((-8.,-3.16973445776404,5.09438744769804));
#4220=IFCCARTESIANPOINT((-8.,4.07921561087423,-4.4));
#4221=IFCCARTESIANPOINT((-8.,-4.80124231019914,3.5983429907047));
#4222=IFCCARTESIANPOINT((-8.,-5.77925215290756,1.61252738057788));
#4223=IFCCARTESIANPOINT((-8.,5.34937571574066,-2.71738467130514));
#4224=IFCCARTESIANPOINT((-8.,5.97064687902189,-0.592769639932852));
#4225=IFCCARTESIANPOINT((-4.,-4.07921561087423,-4.4));
#4226=IFCCARTESIANPOINT((-4.,-4.,-4.4));
#4227=IFCCARTESIANPOINT((-3.28293983516493,-4.,-4.47213595499958));
#4228=IFCCARTESIANPOINT((-4.,4.,-4.4));
#4229=IFCCARTESIANPOINT((-4.,4.07921561087423,-4.4));
#4230=IFCCARTESIANPOINT((-3.28293983516494,4.,-4.47213595499958));
#4231=IFCCARTESIANPOINT((0.,5.34937571574066,-2.71738467130514));
#4232=IFCCARTESIANPOINT((0.,-5.34937571574066,-2.71738467130514));
#4233=IFCCARTESIANPOINT((-2.44921270764475E-16,-4.,-4.47213595499958));
#4234=IFCCARTESIANPOINT((2.44921270764476E-16,4.,-4.47213595499958));
#4235=IFCCARTESIANPOINT((0.,5.97064687902189,-0.592769639932852));
#4236=IFCCARTESIANPOINT((0.,5.77925215290756,1.61252738057788));
#4237=IFCCARTESIANPOINT((0.,4.80124231019914,3.5983429907047));
#4238=IFCCARTESIANPOINT((0.,3.16973445776404,5.09438744769804));
#4239=IFCCARTESIANPOINT((0.,1.10679344164323,5.89703385419615));
#4240=IFCCARTESIANPOINT((0.,-1.10679344164323,5.89703385419615));
#4241=IFCCARTESIANPOINT((0.,-3.16973445776404,5.09438744769804));
#4242=IFCCARTESIANPOINT((0.,-4.80124231019914,3.5983429907047));
#4243=IFCCARTESIANPOINT((0.,-5.77925215290756,1.61252738057788));
#4244=IFCCARTESIANPOINT((0.,-5.97064687902189,-0.592769639932851));
#4245=IFCCARTESIANPOINT((0.,6.19216539028752,-4.40648247237243));
#4246=IFCCARTESIANPOINT((0.,7.41610226507636,-1.66175425196666));
#4247=IFCCARTESIANPOINT((0.,7.48043159802469,1.34281164251497));
#4248=IFCCARTESIANPOINT((0.,6.37509463090856,4.13741083855118));
#4249=IFCCARTESIANPOINT((0.,4.27292569604011,6.2850700868105));
#4250=IFCCARTESIANPOINT((0.,1.50262723898508,7.44997391811945));
#4251=IFCCARTESIANPOINT((0.,-1.50262723898508,7.44997391811945));
#4252=IFCCARTESIANPOINT((0.,-4.27292569604011,6.2850700868105));
#4253=IFCCARTESIANPOINT((0.,-6.37509463090856,4.13741083855118));
#4254=IFCCARTESIANPOINT((0.,-7.48043159802469,1.34281164251497));
#4255=IFCCARTESIANPOINT((0.,-7.41610226507636,-1.66175425196666));
#4256=IFCCARTESIANPOINT((0.,-6.19216539028752,-4.40648247237243));
#4257=IFCCARTESIANPOINT((-2.44921270764475E-16,-4.,-6.4621977685614));
#4258=IFCCARTESIANPOINT((2.44921270764476E-16,4.,-6.4621977685614));
#4259=IFCCARTESIANPOINT((-28.,8.,-3.6));
#4260=IFCCARTESIANPOINT((-28.,8.8,-3.6));
#4261=IFCCARTESIANPOINT((-10.6932802122726,6.6932802122726,-3.6));
#4262=IFCCARTESIANPOINT((-16.,12.,-3.6));
#4263=IFCCARTESIANPOINT((-28.,12.,-3.6));
#4264=IFCCARTESIANPOINT((-16.,12.,3.6));
#4265=IFCCARTESIANPOINT((-10.6932802122726,6.6932802122726,3.6));
#4266=IFCCARTESIANPOINT((-11.1761585434431,7.17615854344313,2.50254841299189));
#4267=IFCCARTESIANPOINT((-11.4804315980247,7.48043159802469,1.34281164251497));
#4268=IFCCARTESIANPOINT((-11.5982586384776,7.59825863847761,-0.162682705904339));
#4269=IFCCARTESIANPOINT((-11.4161022650764,7.41610226507636,-1.66175425196666));
#4270=IFCCARTESIANPOINT((-28.,12.,3.6));
#4271=IFCCARTESIANPOINT((-28.,8.8,3.6));
#4272=IFCCARTESIANPOINT((-28.,8.,3.6));
#4273=IFCCARTESIANPOINT((-29.3776603565143,8.8,-3.32596631704063));
#4274=IFCCARTESIANPOINT((-29.3776603565143,12.,-3.32596631704063));
#4275=IFCCARTESIANPOINT((-30.5455844122716,8.8,-2.54558441227157));
#4276=IFCCARTESIANPOINT((-30.5455844122716,12.,-2.54558441227157));
#4277=IFCCARTESIANPOINT((-31.3259663170406,8.8,-1.37766035651432));
#4278=IFCCARTESIANPOINT((-31.3259663170406,12.,-1.37766035651432));
#4279=IFCCARTESIANPOINT((-31.6,8.8,4.40872847693047E-16));
#4280=IFCCARTESIANPOINT((-31.6,12.,4.40872847693047E-16));
#4281=IFCCARTESIANPOINT((-31.3259663170406,8.8,1.37766035651432));
#4282=IFCCARTESIANPOINT((-31.3259663170406,12.,1.37766035651432));
#4283=IFCCARTESIANPOINT((-30.5455844122716,8.8,2.54558441227157));
#4284=IFCCARTESIANPOINT((-30.5455844122716,12.,2.54558441227157));
#4285=IFCCARTESIANPOINT((-29.3776603565143,8.8,3.32596631704063));
#4286=IFCCARTESIANPOINT((-29.3776603565143,12.,3.32596631704063));
#4287=IFCCARTESIANPOINT((-28.,8.8,-3.1));
#4288=IFCCARTESIANPOINT((-28.,8.,-3.1));
#4289=IFCCARTESIANPOINT((-28.,8.,3.1));
#4290=IFCCARTESIANPOINT((-28.,8.8,3.1));
#4291=IFCCARTESIANPOINT((-17.135973449215,8.,1.18631864033178));
#4292=IFCCARTESIANPOINT((-16.9,8.,-6.50860798222809E-16));
#4293=IFCCARTESIANPOINT((-20.,8.,3.1));
#4294=IFCCARTESIANPOINT((-18.8136813596682,8.,-2.86402655078499));
#4295=IFCCARTESIANPOINT((-20.,8.,-3.1));
#4296=IFCCARTESIANPOINT((-17.135973449215,8.,-1.18631864033178));
#4297=IFCCARTESIANPOINT((-17.8079689783217,8.,-2.1920310216783));
#4298=IFCCARTESIANPOINT((-17.8079689783217,8.,2.1920310216783));
#4299=IFCCARTESIANPOINT((-18.8136813596682,8.,2.86402655078499));
#4300=IFCCARTESIANPOINT((-20.,8.8,3.1));
#4301=IFCCARTESIANPOINT((-18.8136813596682,8.8,-2.86402655078499));
#4302=IFCCARTESIANPOINT((-20.,8.8,-3.1));
#4303=IFCCARTESIANPOINT((-17.8079689783217,8.8,-2.1920310216783));
#4304=IFCCARTESIANPOINT((-17.135973449215,8.8,-1.18631864033178));
#4305=IFCCARTESIANPOINT((-16.9,8.8,-6.50860798222809E-16));
#4306=IFCCARTESIANPOINT((-17.135973449215,8.8,1.18631864033178));
#4307=IFCCARTESIANPOINT((-17.8079689783217,8.8,2.1920310216783));
#4308=IFCCARTESIANPOINT((-18.8136813596682,8.8,2.86402655078499));
#4309=IFCCARTESIANPOINT((-20.9184402376762,8.79999999999999,2.21731087802709));
#4310=IFCCARTESIANPOINT((-20.,8.79999999999999,2.4));
#4311=IFCCARTESIANPOINT((-25.7826891219729,8.79999999999999,0.918440237676215));
#4312=IFCCARTESIANPOINT((-22.2173108780271,8.79999999999999,0.918440237676215));
#4313=IFCCARTESIANPOINT((-21.6970562748477,8.79999999999999,1.69705627484771));
#4314=IFCCARTESIANPOINT((-28.9184402376762,8.8,-2.21731087802709));
#4315=IFCCARTESIANPOINT((-29.6970562748477,8.8,-1.69705627484771));
#4316=IFCCARTESIANPOINT((-19.0815597623238,8.79999999999999,2.21731087802709));
#4317=IFCCARTESIANPOINT((-18.3029437251523,8.79999999999999,1.69705627484771));
#4318=IFCCARTESIANPOINT((-28.9184402376762,8.8,2.21731087802709));
#4319=IFCCARTESIANPOINT((-28.,8.8,2.4));
#4320=IFCCARTESIANPOINT((-28.,8.8,-2.4));
#4321=IFCCARTESIANPOINT((-25.6,8.79999999999999,0.));
#4322=IFCCARTESIANPOINT((-22.2173108780271,8.79999999999999,-0.918440237676215));
#4323=IFCCARTESIANPOINT((-22.4,8.79999999999999,2.93915231795365E-16));
#4324=IFCCARTESIANPOINT((-27.0815597623238,8.8,2.21731087802709));
#4325=IFCCARTESIANPOINT((-26.3029437251523,8.8,1.69705627484771));
#4326=IFCCARTESIANPOINT((-29.6970562748477,8.8,1.69705627484771));
#4327=IFCCARTESIANPOINT((-30.2173108780271,8.8,0.918440237676215));
#4328=IFCCARTESIANPOINT((-30.2173108780271,8.8,-0.918440237676215));
#4329=IFCCARTESIANPOINT((-30.4,8.8,2.93915231795365E-16));
#4330=IFCCARTESIANPOINT((-27.0815597623238,8.8,-2.21731087802709));
#4331=IFCCARTESIANPOINT((-20.,8.79999999999999,-2.4));
#4332=IFCCARTESIANPOINT((-20.9184402376762,8.79999999999999,-2.21731087802709));
#4333=IFCCARTESIANPOINT((-26.3029437251523,8.8,-1.69705627484771));
#4334=IFCCARTESIANPOINT((-25.7826891219729,8.79999999999999,-0.918440237676215));
#4335=IFCCARTESIANPOINT((-19.0815597623238,8.79999999999999,-2.21731087802709));
#4336=IFCCARTESIANPOINT((-17.7826891219729,8.79999999999999,-0.918440237676215));
#4337=IFCCARTESIANPOINT((-18.3029437251523,8.79999999999999,-1.69705627484771));
#4338=IFCCARTESIANPOINT((-17.7826891219729,8.79999999999999,0.918440237676215));
#4339=IFCCARTESIANPOINT((-21.6970562748477,8.79999999999999,-1.69705627484771));
#4340=IFCCARTESIANPOINT((-17.6,8.79999999999999,0.));
#4341=IFCCARTESIANPOINT((-25.7826891219729,11.2,0.918440237676215));
#4342=IFCCARTESIANPOINT((-25.6,11.2,-5.87830463590729E-16));
#4343=IFCCARTESIANPOINT((-26.3029437251523,11.2,1.69705627484771));
#4344=IFCCARTESIANPOINT((-27.0815597623238,11.2,2.21731087802709));
#4345=IFCCARTESIANPOINT((-28.,11.2,2.4));
#4346=IFCCARTESIANPOINT((-28.9184402376762,11.2,2.21731087802709));
#4347=IFCCARTESIANPOINT((-29.6970562748477,11.2,1.69705627484771));
#4348=IFCCARTESIANPOINT((-30.2173108780271,11.2,0.918440237676215));
#4349=IFCCARTESIANPOINT((-30.4,11.2,2.93915231795365E-16));
#4350=IFCCARTESIANPOINT((-30.2173108780271,11.2,-0.918440237676215));
#4351=IFCCARTESIANPOINT((-29.6970562748477,11.2,-1.69705627484771));
#4352=IFCCARTESIANPOINT((-28.9184402376762,11.2,-2.21731087802709));
#4353=IFCCARTESIANPOINT((-28.,11.2,-2.4));
#4354=IFCCARTESIANPOINT((-27.0815597623238,11.2,-2.21731087802709));
#4355=IFCCARTESIANPOINT((-26.3029437251523,11.2,-1.69705627484771));
#4356=IFCCARTESIANPOINT((-25.7826891219729,11.2,-0.918440237676215));
#4357=IFCCARTESIANPOINT((-17.7826891219729,11.2,0.918440237676215));
#4358=IFCCARTESIANPOINT((-17.6,11.2,-5.87830463590729E-16));
#4359=IFCCARTESIANPOINT((-18.3029437251523,11.2,1.69705627484771));
#4360=IFCCARTESIANPOINT((-19.0815597623238,11.2,2.21731087802709));
#4361=IFCCARTESIANPOINT((-20.,11.2,2.4));
#4362=IFCCARTESIANPOINT((-20.9184402376762,11.2,2.21731087802709));
#4363=IFCCARTESIANPOINT((-21.6970562748477,11.2,1.69705627484771));
#4364=IFCCARTESIANPOINT((-22.2173108780271,11.2,0.918440237676215));
#4365=IFCCARTESIANPOINT((-22.4,11.2,2.93915231795365E-16));
#4366=IFCCARTESIANPOINT((-22.2173108780271,11.2,-0.918440237676215));
#4367=IFCCARTESIANPOINT((-21.6970562748477,11.2,-1.69705627484771));
#4368=IFCCARTESIANPOINT((-20.9184402376762,11.2,-2.21731087802709));
#4369=IFCCARTESIANPOINT((-20.,11.2,-2.4));
#4370=IFCCARTESIANPOINT((-19.0815597623238,11.2,-2.21731087802709));
#4371=IFCCARTESIANPOINT((-18.3029437251523,11.2,-1.69705627484771));
#4372=IFCCARTESIANPOINT((-17.7826891219729,11.2,-0.918440237676215));
#4373=IFCCARTESIANPOINT((-22.1920310216783,11.2,-2.1920310216783));
#4374=IFCCARTESIANPOINT((-22.864026550785,11.2,-1.18631864033178));
#4375=IFCCARTESIANPOINT((-21.1863186403318,11.2,-2.86402655078499));
#4376=IFCCARTESIANPOINT((-17.8079689783217,11.2,-2.1920310216783));
#4377=IFCCARTESIANPOINT((-18.8136813596682,11.2,-2.86402655078499));
#4378=IFCCARTESIANPOINT((-20.,11.2,-3.1));
#4379=IFCCARTESIANPOINT((-17.8079689783217,11.2,2.1920310216783));
#4380=IFCCARTESIANPOINT((-17.135973449215,11.2,1.18631864033178));
#4381=IFCCARTESIANPOINT((-16.9,11.2,-4.98518021399757E-16));
#4382=IFCCARTESIANPOINT((-17.135973449215,11.2,-1.18631864033178));
#4383=IFCCARTESIANPOINT((-22.1920310216783,11.2,2.1920310216783));
#4384=IFCCARTESIANPOINT((-21.1863186403318,11.2,2.86402655078499));
#4385=IFCCARTESIANPOINT((-18.8136813596682,11.2,2.86402655078499));
#4386=IFCCARTESIANPOINT((-23.1,11.2,-5.69460761603519E-16));
#4387=IFCCARTESIANPOINT((-22.864026550785,11.2,1.18631864033178));
#4388=IFCCARTESIANPOINT((-20.,11.2,3.1));
#4389=IFCCARTESIANPOINT((-18.8136813596682,12.,2.86402655078499));
#4390=IFCCARTESIANPOINT((-20.,12.,3.1));
#4391=IFCCARTESIANPOINT((-17.8079689783217,12.,2.1920310216783));
#4392=IFCCARTESIANPOINT((-17.135973449215,12.,1.18631864033178));
#4393=IFCCARTESIANPOINT((-16.9,12.,-4.98518021399757E-16));
#4394=IFCCARTESIANPOINT((-17.135973449215,12.,-1.18631864033178));
#4395=IFCCARTESIANPOINT((-17.8079689783217,12.,-2.1920310216783));
#4396=IFCCARTESIANPOINT((-18.8136813596682,12.,-2.86402655078499));
#4397=IFCCARTESIANPOINT((-20.,12.,-3.1));
#4398=IFCCARTESIANPOINT((-21.1863186403318,12.,-2.86402655078499));
#4399=IFCCARTESIANPOINT((-22.1920310216783,12.,-2.1920310216783));
#4400=IFCCARTESIANPOINT((-22.864026550785,12.,-1.18631864033178));
#4401=IFCCARTESIANPOINT((-23.1,12.,-5.69460761603519E-16));
#4402=IFCCARTESIANPOINT((-22.864026550785,12.,1.18631864033178));
#4403=IFCCARTESIANPOINT((-22.1920310216783,12.,2.1920310216783));
#4404=IFCCARTESIANPOINT((-21.1863186403318,12.,2.86402655078499));
#4405=IFCCARTESIANPOINT((-25.8079689783217,12.,-2.1920310216783));
#4406=IFCCARTESIANPOINT((-25.135973449215,12.,-1.18631864033178));
#4407=IFCCARTESIANPOINT((-26.8136813596682,12.,-2.86402655078499));
#4408=IFCCARTESIANPOINT((-24.9,12.,-4.98518021399757E-16));
#4409=IFCCARTESIANPOINT((-26.8136813596682,12.,2.86402655078499));
#4410=IFCCARTESIANPOINT((-28.,12.,-3.1));
#4411=IFCCARTESIANPOINT((-30.1920310216783,12.,-2.1920310216783));
#4412=IFCCARTESIANPOINT((-29.1863186403318,12.,-2.86402655078499));
#4413=IFCCARTESIANPOINT((-25.135973449215,12.,1.18631864033178));
#4414=IFCCARTESIANPOINT((-31.1,12.,-5.69460761603519E-16));
#4415=IFCCARTESIANPOINT((-30.864026550785,12.,-1.18631864033178));
#4416=IFCCARTESIANPOINT((-25.8079689783217,12.,2.1920310216783));
#4417=IFCCARTESIANPOINT((-30.1920310216783,12.,2.1920310216783));
#4418=IFCCARTESIANPOINT((-30.864026550785,12.,1.18631864033178));
#4419=IFCCARTESIANPOINT((-28.,12.,3.1));
#4420=IFCCARTESIANPOINT((-29.1863186403318,12.,2.86402655078499));
#4421=IFCCARTESIANPOINT((-26.8136813596682,11.2,2.86402655078499));
#4422=IFCCARTESIANPOINT((-28.,11.2,3.1));
#4423=IFCCARTESIANPOINT((-25.8079689783217,11.2,2.1920310216783));
#4424=IFCCARTESIANPOINT((-25.135973449215,11.2,1.18631864033178));
#4425=IFCCARTESIANPOINT((-24.9,11.2,-4.98518021399757E-16));
#4426=IFCCARTESIANPOINT((-25.135973449215,11.2,-1.18631864033178));
#4427=IFCCARTESIANPOINT((-25.8079689783217,11.2,-2.1920310216783));
#4428=IFCCARTESIANPOINT((-26.8136813596682,11.2,-2.86402655078499));
#4429=IFCCARTESIANPOINT((-28.,11.2,-3.1));
#4430=IFCCARTESIANPOINT((-29.1863186403318,11.2,-2.86402655078499));
#4431=IFCCARTESIANPOINT((-30.1920310216783,11.2,-2.1920310216783));
#4432=IFCCARTESIANPOINT((-30.864026550785,11.2,-1.18631864033178));
#4433=IFCCARTESIANPOINT((-31.1,11.2,-5.69460761603519E-16));
#4434=IFCCARTESIANPOINT((-30.864026550785,11.2,1.18631864033178));
#4435=IFCCARTESIANPOINT((-30.1920310216783,11.2,2.1920310216783));
#4436=IFCCARTESIANPOINT((-29.1863186403318,11.2,2.86402655078499));
#4437=IFCCARTESIANPOINT((-14.0244749488445,-5.70330927738973,-5.02317263155869));
#4438=IFCCARTESIANPOINT((-13.3776603565143,-5.99277974987913,-4.67403368295936));
#4439=IFCCARTESIANPOINT((-15.2550213973156,-4.,-6.4621977685614));
#4440=IFCCARTESIANPOINT((-14.97575808468,-4.69807171236493,-5.97395364775092));
#4441=IFCCARTESIANPOINT((-14.5455844122716,-5.29238609668127,-5.45441558772842));
#4442=IFCCARTESIANPOINT((-12.812248545569,-6.12980363007886,-4.49282844727818));
#4443=IFCCARTESIANPOINT((-12.,-6.19677335393187,-4.39999999999999));
#4444=IFCCARTESIANPOINT((-4.,-6.19677335393187,-4.4));
#4445=IFCCARTESIANPOINT((-3.78405607525684,-6.19216539028752,-4.40648247237243));
#4446=IFCCARTESIANPOINT((-1.0255888637432,-4.70058442774933,-5.97197672781806));
#4447=IFCCARTESIANPOINT((-1.45441558772842,-5.29238609668127,-5.45441558772842));
#4448=IFCCARTESIANPOINT((-1.97470530684678,-5.7028180758097,-5.0237302867708));
#4449=IFCCARTESIANPOINT((-3.1876296373933,-6.12978295012099,-4.49285666190298));
#4450=IFCCARTESIANPOINT((-2.62233964348568,-5.99277974987913,-4.67403368295936));
#4451=IFCCARTESIANPOINT((-1.97552505115552,5.70330927738973,-5.02317263155869));
#4452=IFCCARTESIANPOINT((-2.62233964348568,5.99277974987913,-4.67403368295936));
#4453=IFCCARTESIANPOINT((-0.744978602684388,4.,-6.4621977685614));
#4454=IFCCARTESIANPOINT((-1.02424191532003,4.69807171236493,-5.97395364775092));
#4455=IFCCARTESIANPOINT((-1.45441558772843,5.29238609668127,-5.45441558772843));
#4456=IFCCARTESIANPOINT((-3.18775145443105,6.12980363007885,-4.49282844727818));
#4457=IFCCARTESIANPOINT((-14.9744111362568,4.70058442774933,-5.97197672781806));
#4458=IFCCARTESIANPOINT((-14.5455844122716,5.29238609668128,-5.45441558772842));
#4459=IFCCARTESIANPOINT((-14.0252946931532,5.7028180758097,-5.02373028677079));
#4460=IFCCARTESIANPOINT((-12.2159439247432,6.19216539028752,-4.40648247237243));
#4461=IFCCARTESIANPOINT((-12.8123703626067,6.12978295012099,-4.49285666190298));
#4462=IFCCARTESIANPOINT((-13.3776603565143,5.99277974987913,-4.67403368295936));
#4463=IFCCARTESIANPOINT((-4.,6.19677335393187,-4.4));
#4464=IFCCARTESIANPOINT((-12.,6.19677335393187,-4.4));
#4465=IFCCARTESIANPOINT((-15.2550213973156,4.,-6.4621977685614));
#4466=IFCCARTESIANPOINT((-0.744978602684388,-4.,-6.4621977685614));
#4467=IFCCARTESIANPOINT((-12.,-8.,-4.39999999999999));
#4468=IFCCARTESIANPOINT((-4.,-8.,-4.39999999999999));
#4469=IFCCARTESIANPOINT((-13.3776603565143,-8.,-4.67403368295936));
#4470=IFCCARTESIANPOINT((-14.5455844122716,-8.,-5.45441558772843));
#4471=IFCCARTESIANPOINT((-15.3259663170406,-8.,-6.62233964348567));
#4472=IFCCARTESIANPOINT((-15.3259663170406,-4.,-6.62233964348568));
#4473=IFCCARTESIANPOINT((-15.6,-4.,-7.99999999999999));
#4474=IFCCARTESIANPOINT((-15.6,-8.,-7.99999999999999));
#4475=IFCCARTESIANPOINT((-15.3259663170406,-4.,-9.37766035651432));
#4476=IFCCARTESIANPOINT((-15.3259663170406,-8.,-9.37766035651432));
#4477=IFCCARTESIANPOINT((-14.5455844122716,-4.,-10.5455844122716));
#4478=IFCCARTESIANPOINT((-14.5455844122716,-8.,-10.5455844122716));
#4479=IFCCARTESIANPOINT((-13.3776603565143,-4.,-11.3259663170406));
#4480=IFCCARTESIANPOINT((-13.3776603565143,-8.,-11.3259663170406));
#4481=IFCCARTESIANPOINT((-12.,-4.,-11.6));
#4482=IFCCARTESIANPOINT((-12.,-8.,-11.6));
#4483=IFCCARTESIANPOINT((-0.674033682959368,-8.,-6.62233964348567));
#4484=IFCCARTESIANPOINT((-0.674033682959368,-4.,-6.62233964348567));
#4485=IFCCARTESIANPOINT((-1.45441558772843,-8.,-5.45441558772843));
#4486=IFCCARTESIANPOINT((-2.62233964348568,-8.,-4.67403368295936));
#4487=IFCCARTESIANPOINT((-2.62233964348568,-4.,-11.3259663170406));
#4488=IFCCARTESIANPOINT((-2.62233964348568,-8.,-11.3259663170406));
#4489=IFCCARTESIANPOINT((-4.,-8.,-11.6));
#4490=IFCCARTESIANPOINT((-4.,-4.,-11.6));
#4491=IFCCARTESIANPOINT((-1.45441558772843,-4.,-10.5455844122716));
#4492=IFCCARTESIANPOINT((-1.45441558772843,-8.,-10.5455844122716));
#4493=IFCCARTESIANPOINT((-0.674033682959369,-4.,-9.37766035651432));
#4494=IFCCARTESIANPOINT((-0.674033682959369,-8.,-9.37766035651432));
#4495=IFCCARTESIANPOINT((-0.400000000000001,-4.,-8.));
#4496=IFCCARTESIANPOINT((-0.400000000000001,-8.,-7.99999999999999));
#4497=IFCCARTESIANPOINT((-4.,8.,-4.4));
#4498=IFCCARTESIANPOINT((-12.,8.,-4.39999999999999));
#4499=IFCCARTESIANPOINT((-2.62233964348568,8.,-4.67403368295936));
#4500=IFCCARTESIANPOINT((-1.45441558772843,8.,-5.45441558772842));
#4501=IFCCARTESIANPOINT((-0.674033682959369,8.,-6.62233964348567));
#4502=IFCCARTESIANPOINT((-0.674033682959369,4.,-6.62233964348567));
#4503=IFCCARTESIANPOINT((-0.400000000000001,4.,-8.));
#4504=IFCCARTESIANPOINT((-0.400000000000001,8.,-7.99999999999999));
#4505=IFCCARTESIANPOINT((-0.674033682959368,4.,-9.37766035651432));
#4506=IFCCARTESIANPOINT((-0.674033682959368,8.,-9.37766035651432));
#4507=IFCCARTESIANPOINT((-1.45441558772843,4.,-10.5455844122716));
#4508=IFCCARTESIANPOINT((-1.45441558772843,8.,-10.5455844122716));
#4509=IFCCARTESIANPOINT((-2.62233964348568,4.,-11.3259663170406));
#4510=IFCCARTESIANPOINT((-2.62233964348568,8.,-11.3259663170406));
#4511=IFCCARTESIANPOINT((-4.,4.,-11.6));
#4512=IFCCARTESIANPOINT((-4.,8.,-11.6));
#4513=IFCCARTESIANPOINT((-15.3259663170406,8.,-6.62233964348567));
#4514=IFCCARTESIANPOINT((-15.3259663170406,4.,-6.62233964348567));
#4515=IFCCARTESIANPOINT((-14.5455844122716,8.,-5.45441558772842));
#4516=IFCCARTESIANPOINT((-13.3776603565143,8.,-4.67403368295936));
#4517=IFCCARTESIANPOINT((-13.3776603565143,4.,-11.3259663170406));
#4518=IFCCARTESIANPOINT((-13.3776603565143,8.,-11.3259663170406));
#4519=IFCCARTESIANPOINT((-12.,8.,-11.6));
#4520=IFCCARTESIANPOINT((-12.,4.,-11.6));
#4521=IFCCARTESIANPOINT((-14.5455844122716,4.,-10.5455844122716));
#4522=IFCCARTESIANPOINT((-14.5455844122716,8.,-10.5455844122716));
#4523=IFCCARTESIANPOINT((-15.3259663170406,4.,-9.37766035651431));
#4524=IFCCARTESIANPOINT((-15.3259663170406,8.,-9.37766035651431));
#4525=IFCCARTESIANPOINT((-15.6,4.,-7.99999999999999));
#4526=IFCCARTESIANPOINT((-15.6,8.,-7.99999999999999));
#4527=IFCCARTESIANPOINT((-5.18631864033178,-4.,-10.864026550785));
#4528=IFCCARTESIANPOINT((-8.60588745030458,-4.,-10.8));
#4529=IFCCARTESIANPOINT((-7.39411254969543,-4.,-10.8));
#4530=IFCCARTESIANPOINT((-12.,-4.,-10.4));
#4531=IFCCARTESIANPOINT((-11.1,-4.,-10.2248595461287));
#4532=IFCCARTESIANPOINT((-8.78252050632172,-4.,-10.7677614386865));
#4533=IFCCARTESIANPOINT((-6.1920310216783,-4.,-10.1920310216783));
#4534=IFCCARTESIANPOINT((-6.95238644539604,-4.,-10.5342606428329));
#4535=IFCCARTESIANPOINT((-6.89811132709429,-4.,-10.3631093271884));
#4536=IFCCARTESIANPOINT((-7.21747949367828,-4.,-10.7677614386865));
#4537=IFCCARTESIANPOINT((-7.06362402008675,-4.,-10.6752030540882));
#4538=IFCCARTESIANPOINT((-6.98019638509843,-4.,-5.98048780487805));
#4539=IFCCARTESIANPOINT((-6.90779767209816,-4.,-5.81618020411221));
#4540=IFCCARTESIANPOINT((-6.1920310216783,-4.,-5.8079689783217));
#4541=IFCCARTESIANPOINT((-6.86402655078499,-4.,-6.81368135966822));
#4542=IFCCARTESIANPOINT((-6.86402655078499,-4.,-9.18631864033178));
#4543=IFCCARTESIANPOINT((-6.90779767209816,-4.,-10.1838197958878));
#4544=IFCCARTESIANPOINT((-7.06362402008675,-4.,-5.32479694591182));
#4545=IFCCARTESIANPOINT((-7.21747949367828,-4.,-5.23223856131352));
#4546=IFCCARTESIANPOINT((-7.52929341679989,-4.,-8.709991533846));
#4547=IFCCARTESIANPOINT((-7.52929341679989,-4.,-7.290008466154));
#4548=IFCCARTESIANPOINT((-0.9,-4.,-8.));
#4549=IFCCARTESIANPOINT((-1.13597344921501,-4.,-6.81368135966822));
#4550=IFCCARTESIANPOINT((-4.,-4.,-11.1));
#4551=IFCCARTESIANPOINT((-2.81368135966822,-4.,-10.864026550785));
#4552=IFCCARTESIANPOINT((-12.9,-4.,-10.2248595461287));
#4553=IFCCARTESIANPOINT((-6.98019638509843,-4.,-10.0195121951219));
#4554=IFCCARTESIANPOINT((-7.1,-4.,-8.));
#4555=IFCCARTESIANPOINT((-6.95238644539604,-4.,-5.46573935716709));
#4556=IFCCARTESIANPOINT((-6.89811132709429,-4.,-5.63689067281161));
#4557=IFCCARTESIANPOINT((-1.8079689783217,-4.,-5.8079689783217));
#4558=IFCCARTESIANPOINT((-1.8079689783217,-4.,-10.1920310216783));
#4559=IFCCARTESIANPOINT((-12.,-4.,-5.6));
#4560=IFCCARTESIANPOINT((-12.9,-4.,-5.77514045387129));
#4561=IFCCARTESIANPOINT((-10.9535533905933,-4.,-6.95355339059327));
#4562=IFCCARTESIANPOINT((-11.0619397662556,-4.,-6.79134171618254));
#4563=IFCCARTESIANPOINT((-11.1,-4.,-6.6));
#4564=IFCCARTESIANPOINT((-9.09220232790184,-4.,-5.81618020411221));
#4565=IFCCARTESIANPOINT((-9.01980361490157,-4.,-5.98048780487805));
#4566=IFCCARTESIANPOINT((-11.1,-4.,-5.7751404538713));
#4567=IFCCARTESIANPOINT((-9.04761355460396,-4.,-5.46573935716709));
#4568=IFCCARTESIANPOINT((-9.10188867290571,-4.,-5.63689067281161));
#4569=IFCCARTESIANPOINT((-8.78252050632172,-4.,-5.23223856131352));
#4570=IFCCARTESIANPOINT((-8.93637597991325,-4.,-5.32479694591182));
#4571=IFCCARTESIANPOINT((-7.39411254969543,-4.,-5.19999999999999));
#4572=IFCCARTESIANPOINT((-8.60588745030457,-4.,-5.19999999999999));
#4573=IFCCARTESIANPOINT((-1.13597344921501,-4.,-9.18631864033178));
#4574=IFCCARTESIANPOINT((-4.,-4.,-4.9));
#4575=IFCCARTESIANPOINT((-5.18631864033178,-4.,-5.13597344921501));
#4576=IFCCARTESIANPOINT((-11.1,-4.,-9.39999999999999));
#4577=IFCCARTESIANPOINT((-9.09220232790184,-4.,-10.1838197958878));
#4578=IFCCARTESIANPOINT((-9.10188867290572,-4.,-10.3631093271884));
#4579=IFCCARTESIANPOINT((-9.04761355460396,-4.,-10.5342606428329));
#4580=IFCCARTESIANPOINT((-10.9535533905933,-4.,-9.04644660940672));
#4581=IFCCARTESIANPOINT((-10.7913417161825,-4.,-8.93806023374435));
#4582=IFCCARTESIANPOINT((-10.6,-4.,-8.89999999999999));
#4583=IFCCARTESIANPOINT((-9.23413666281213,-4.,-8.89999999999999));
#4584=IFCCARTESIANPOINT((-9.06744272271922,-4.,-8.92860512270889));
#4585=IFCCARTESIANPOINT((-8.91982198507105,-4.,-9.0111474786548));
#4586=IFCCARTESIANPOINT((-8.80816528712683,-4.,-9.13818253095567));
#4587=IFCCARTESIANPOINT((-8.74524844307044,-4.,-9.29517486657392));
#4588=IFCCARTESIANPOINT((-8.73827042908061,-4.,-9.46416134541069));
#4589=IFCCARTESIANPOINT((-8.78802967294312,-4.,-9.6258064516129));
#4590=IFCCARTESIANPOINT((-9.01980361490158,-4.,-10.0195121951219));
#4591=IFCCARTESIANPOINT((-14.2248595461287,-4.,-7.1));
#4592=IFCCARTESIANPOINT((-14.4,-4.,-8.));
#4593=IFCCARTESIANPOINT((-8.78802967294312,-4.,-6.37419354838709));
#4594=IFCCARTESIANPOINT((-8.73827042908061,-4.,-6.5358386545893));
#4595=IFCCARTESIANPOINT((-8.74524844307044,-4.,-6.70482513342606));
#4596=IFCCARTESIANPOINT((-8.80816528712683,-4.,-6.86181746904432));
#4597=IFCCARTESIANPOINT((-8.91982198507105,-4.,-6.98885252134519));
#4598=IFCCARTESIANPOINT((-9.06744272271922,-4.,-7.07139487729111));
#4599=IFCCARTESIANPOINT((-9.23413666281213,-4.,-7.1));
#4600=IFCCARTESIANPOINT((-10.6,-4.,-7.1));
#4601=IFCCARTESIANPOINT((-10.7913417161825,-4.,-7.06193976625564));
#4602=IFCCARTESIANPOINT((-11.0619397662556,-4.,-9.20865828381745));
#4603=IFCCARTESIANPOINT((-14.2248595461287,-4.,-8.9));
#4604=IFCCARTESIANPOINT((-13.4,-4.,-8.89999999999999));
#4605=IFCCARTESIANPOINT((-13.2086582838175,-4.,-8.93806023374435));
#4606=IFCCARTESIANPOINT((-13.0464466094067,-4.,-9.04644660940672));
#4607=IFCCARTESIANPOINT((-12.9380602337444,-4.,-9.20865828381745));
#4608=IFCCARTESIANPOINT((-12.9,-4.,-9.39999999999999));
#4609=IFCCARTESIANPOINT((-12.9,-4.,-6.59999999999999));
#4610=IFCCARTESIANPOINT((-12.9380602337444,-4.,-6.79134171618254));
#4611=IFCCARTESIANPOINT((-13.0464466094067,-4.,-6.95355339059327));
#4612=IFCCARTESIANPOINT((-13.2086582838175,-4.,-7.06193976625564));
#4613=IFCCARTESIANPOINT((-13.4,-4.,-7.1));
#4614=IFCCARTESIANPOINT((-8.93637597991325,-4.,-10.6752030540882));
#4615=IFCCARTESIANPOINT((-2.81368135966822,-4.,-5.13597344921501));
#4616=IFCCARTESIANPOINT((-12.9,-8.,-10.2248595461287));
#4617=IFCCARTESIANPOINT((-12.9,-8.,-9.39999999999999));
#4618=IFCCARTESIANPOINT((-12.,-8.,-10.4));
#4619=IFCCARTESIANPOINT((-11.1,-8.,-10.2248595461287));
#4620=IFCCARTESIANPOINT((-11.1,-8.,-9.39999999999999));
#4621=IFCCARTESIANPOINT((-10.7913417161825,-8.,-8.93806023374435));
#4622=IFCCARTESIANPOINT((-10.6,-8.,-8.89999999999999));
#4623=IFCCARTESIANPOINT((-10.9535533905933,-8.,-9.04644660940672));
#4624=IFCCARTESIANPOINT((-11.0619397662556,-8.,-9.20865828381745));
#4625=IFCCARTESIANPOINT((-9.23413666281213,-8.,-8.89999999999999));
#4626=IFCCARTESIANPOINT((-8.73827042908061,-8.,-9.46416134541069));
#4627=IFCCARTESIANPOINT((-8.78802967294312,-8.,-9.6258064516129));
#4628=IFCCARTESIANPOINT((-8.74524844307044,-8.,-9.29517486657392));
#4629=IFCCARTESIANPOINT((-8.80816528712683,-8.,-9.13818253095567));
#4630=IFCCARTESIANPOINT((-8.91982198507105,-8.,-9.0111474786548));
#4631=IFCCARTESIANPOINT((-9.06744272271922,-8.,-8.92860512270888));
#4632=IFCCARTESIANPOINT((-9.01980361490158,-8.,-10.0195121951219));
#4633=IFCCARTESIANPOINT((-8.78252050632172,-8.,-10.7677614386865));
#4634=IFCCARTESIANPOINT((-8.60588745030458,-8.,-10.8));
#4635=IFCCARTESIANPOINT((-8.93637597991325,-8.,-10.6752030540882));
#4636=IFCCARTESIANPOINT((-9.04761355460396,-8.,-10.5342606428329));
#4637=IFCCARTESIANPOINT((-9.10188867290572,-8.,-10.3631093271884));
#4638=IFCCARTESIANPOINT((-9.09220232790184,-8.,-10.1838197958878));
#4639=IFCCARTESIANPOINT((-7.39411254969543,-8.,-10.8));
#4640=IFCCARTESIANPOINT((-6.90779767209816,-8.,-10.1838197958878));
#4641=IFCCARTESIANPOINT((-6.98019638509843,-8.,-10.0195121951219));
#4642=IFCCARTESIANPOINT((-6.89811132709429,-8.,-10.3631093271884));
#4643=IFCCARTESIANPOINT((-6.95238644539604,-8.,-10.5342606428329));
#4644=IFCCARTESIANPOINT((-7.06362402008675,-8.,-10.6752030540882));
#4645=IFCCARTESIANPOINT((-7.21747949367828,-8.,-10.7677614386865));
#4646=IFCCARTESIANPOINT((-7.52929341679989,-8.,-7.290008466154));
#4647=IFCCARTESIANPOINT((-6.98019638509843,-8.,-5.98048780487804));
#4648=IFCCARTESIANPOINT((-7.52929341679989,-8.,-8.70999153384599));
#4649=IFCCARTESIANPOINT((-7.21747949367828,-8.,-5.23223856131352));
#4650=IFCCARTESIANPOINT((-7.39411254969543,-8.,-5.19999999999999));
#4651=IFCCARTESIANPOINT((-7.06362402008675,-8.,-5.32479694591182));
#4652=IFCCARTESIANPOINT((-6.95238644539604,-8.,-5.46573935716709));
#4653=IFCCARTESIANPOINT((-6.89811132709429,-8.,-5.63689067281161));
#4654=IFCCARTESIANPOINT((-6.90779767209816,-8.,-5.8161802041122));
#4655=IFCCARTESIANPOINT((-8.60588745030457,-8.,-5.19999999999999));
#4656=IFCCARTESIANPOINT((-9.09220232790184,-8.,-5.8161802041122));
#4657=IFCCARTESIANPOINT((-9.01980361490157,-8.,-5.98048780487804));
#4658=IFCCARTESIANPOINT((-9.10188867290571,-8.,-5.63689067281161));
#4659=IFCCARTESIANPOINT((-9.04761355460396,-8.,-5.46573935716709));
#4660=IFCCARTESIANPOINT((-8.93637597991325,-8.,-5.32479694591182));
#4661=IFCCARTESIANPOINT((-8.78252050632172,-8.,-5.23223856131352));
#4662=IFCCARTESIANPOINT((-8.78802967294312,-8.,-6.37419354838709));
#4663=IFCCARTESIANPOINT((-9.06744272271922,-8.,-7.0713948772911));
#4664=IFCCARTESIANPOINT((-9.23413666281213,-8.,-7.09999999999999));
#4665=IFCCARTESIANPOINT((-8.91982198507105,-8.,-6.98885252134519));
#4666=IFCCARTESIANPOINT((-8.80816528712683,-8.,-6.86181746904432));
#4667=IFCCARTESIANPOINT((-8.74524844307044,-8.,-6.70482513342606));
#4668=IFCCARTESIANPOINT((-8.73827042908061,-8.,-6.5358386545893));
#4669=IFCCARTESIANPOINT((-10.6,-8.,-7.09999999999999));
#4670=IFCCARTESIANPOINT((-11.0619397662556,-8.,-6.79134171618254));
#4671=IFCCARTESIANPOINT((-11.1,-8.,-6.59999999999999));
#4672=IFCCARTESIANPOINT((-10.9535533905933,-8.,-6.95355339059327));
#4673=IFCCARTESIANPOINT((-10.7913417161825,-8.,-7.06193976625564));
#4674=IFCCARTESIANPOINT((-11.1,-8.,-5.7751404538713));
#4675=IFCCARTESIANPOINT((-12.,-8.,-5.59999999999999));
#4676=IFCCARTESIANPOINT((-12.9,-8.,-5.77514045387129));
#4677=IFCCARTESIANPOINT((-12.9,-8.,-6.59999999999999));
#4678=IFCCARTESIANPOINT((-13.2086582838175,-8.,-7.06193976625564));
#4679=IFCCARTESIANPOINT((-13.4,-8.,-7.09999999999999));
#4680=IFCCARTESIANPOINT((-13.0464466094067,-8.,-6.95355339059327));
#4681=IFCCARTESIANPOINT((-12.9380602337444,-8.,-6.79134171618254));
#4682=IFCCARTESIANPOINT((-14.2248595461287,-8.,-7.1));
#4683=IFCCARTESIANPOINT((-14.4,-8.,-8.));
#4684=IFCCARTESIANPOINT((-14.2248595461287,-8.,-8.9));
#4685=IFCCARTESIANPOINT((-13.4,-8.,-8.89999999999999));
#4686=IFCCARTESIANPOINT((-12.9380602337444,-8.,-9.20865828381745));
#4687=IFCCARTESIANPOINT((-13.0464466094067,-8.,-9.04644660940672));
#4688=IFCCARTESIANPOINT((-13.2086582838175,-8.,-8.93806023374435));
#4689=IFCCARTESIANPOINT((-5.18631864033178,-8.,-5.13597344921501));
#4690=IFCCARTESIANPOINT((-6.1920310216783,-8.,-5.8079689783217));
#4691=IFCCARTESIANPOINT((-6.1920310216783,-8.,-10.1920310216783));
#4692=IFCCARTESIANPOINT((-1.13597344921501,-8.,-6.81368135966822));
#4693=IFCCARTESIANPOINT((-0.899999999999999,-8.,-8.));
#4694=IFCCARTESIANPOINT((-4.,-8.,-4.9));
#4695=IFCCARTESIANPOINT((-6.86402655078499,-8.,-6.81368135966822));
#4696=IFCCARTESIANPOINT((-6.86402655078499,-8.,-9.18631864033178));
#4697=IFCCARTESIANPOINT((-1.8079689783217,-8.,-5.8079689783217));
#4698=IFCCARTESIANPOINT((-2.81368135966822,-8.,-5.13597344921501));
#4699=IFCCARTESIANPOINT((-7.1,-8.,-8.));
#4700=IFCCARTESIANPOINT((-5.18631864033178,-8.,-10.864026550785));
#4701=IFCCARTESIANPOINT((-1.13597344921501,-8.,-9.18631864033178));
#4702=IFCCARTESIANPOINT((-1.8079689783217,-8.,-10.1920310216783));
#4703=IFCCARTESIANPOINT((-4.,-8.,-11.1));
#4704=IFCCARTESIANPOINT((-2.81368135966822,-8.,-10.864026550785));
#4705=IFCCARTESIANPOINT((-2.81368135966822,-4.8,-5.13597344921501));
#4706=IFCCARTESIANPOINT((-4.,-4.8,-4.9));
#4707=IFCCARTESIANPOINT((-1.8079689783217,-4.8,-5.8079689783217));
#4708=IFCCARTESIANPOINT((-1.13597344921501,-4.8,-6.81368135966822));
#4709=IFCCARTESIANPOINT((-0.9,-4.8,-8.));
#4710=IFCCARTESIANPOINT((-1.13597344921501,-4.8,-9.18631864033178));
#4711=IFCCARTESIANPOINT((-1.8079689783217,-4.8,-10.1920310216783));
#4712=IFCCARTESIANPOINT((-2.81368135966822,-4.8,-10.864026550785));
#4713=IFCCARTESIANPOINT((-4.,-4.8,-11.1));
#4714=IFCCARTESIANPOINT((-5.18631864033178,-4.8,-10.864026550785));
#4715=IFCCARTESIANPOINT((-6.1920310216783,-4.8,-10.1920310216783));
#4716=IFCCARTESIANPOINT((-6.86402655078499,-4.8,-9.18631864033178));
#4717=IFCCARTESIANPOINT((-7.1,-4.8,-8.));
#4718=IFCCARTESIANPOINT((-6.86402655078499,-4.8,-6.81368135966822));
#4719=IFCCARTESIANPOINT((-6.1920310216783,-4.8,-5.8079689783217));
#4720=IFCCARTESIANPOINT((-5.18631864033178,-4.8,-5.13597344921501));
#4721=IFCCARTESIANPOINT((-1.6,-4.8,-8.));
#4722=IFCCARTESIANPOINT((-1.78268912197291,-4.8,-7.08155976232378));
#4723=IFCCARTESIANPOINT((-2.30294372515229,-4.8,-6.30294372515229));
#4724=IFCCARTESIANPOINT((-2.30294372515229,-4.8,-9.69705627484771));
#4725=IFCCARTESIANPOINT((-1.78268912197291,-4.8,-8.91844023767622));
#4726=IFCCARTESIANPOINT((-3.08155976232378,-4.8,-5.78268912197291));
#4727=IFCCARTESIANPOINT((-6.21731087802709,-4.8,-8.91844023767622));
#4728=IFCCARTESIANPOINT((-5.69705627484772,-4.8,-9.69705627484771));
#4729=IFCCARTESIANPOINT((-6.21731087802709,-4.8,-7.08155976232378));
#4730=IFCCARTESIANPOINT((-6.4,-4.8,-8.));
#4731=IFCCARTESIANPOINT((-4.91844023767622,-4.8,-5.78268912197291));
#4732=IFCCARTESIANPOINT((-5.69705627484772,-4.8,-6.30294372515229));
#4733=IFCCARTESIANPOINT((-3.08155976232379,-4.8,-10.2173108780271));
#4734=IFCCARTESIANPOINT((-4.91844023767622,-4.8,-10.2173108780271));
#4735=IFCCARTESIANPOINT((-4.,-4.8,-10.4));
#4736=IFCCARTESIANPOINT((-4.,-4.8,-5.6));
#4737=IFCCARTESIANPOINT((-2.81368135966822,-7.2,-5.13597344921501));
#4738=IFCCARTESIANPOINT((-4.,-7.2,-4.9));
#4739=IFCCARTESIANPOINT((-1.8079689783217,-7.2,-5.8079689783217));
#4740=IFCCARTESIANPOINT((-1.13597344921501,-7.2,-6.81368135966822));
#4741=IFCCARTESIANPOINT((-0.899999999999999,-7.2,-8.));
#4742=IFCCARTESIANPOINT((-1.13597344921501,-7.2,-9.18631864033178));
#4743=IFCCARTESIANPOINT((-1.8079689783217,-7.2,-10.1920310216783));
#4744=IFCCARTESIANPOINT((-2.81368135966822,-7.2,-10.864026550785));
#4745=IFCCARTESIANPOINT((-4.,-7.2,-11.1));
#4746=IFCCARTESIANPOINT((-5.18631864033178,-7.2,-10.864026550785));
#4747=IFCCARTESIANPOINT((-6.1920310216783,-7.2,-10.1920310216783));
#4748=IFCCARTESIANPOINT((-6.86402655078499,-7.2,-9.18631864033178));
#4749=IFCCARTESIANPOINT((-7.1,-7.2,-8.));
#4750=IFCCARTESIANPOINT((-6.86402655078499,-7.2,-6.81368135966822));
#4751=IFCCARTESIANPOINT((-6.1920310216783,-7.2,-5.8079689783217));
#4752=IFCCARTESIANPOINT((-5.18631864033178,-7.2,-5.13597344921501));
#4753=IFCCARTESIANPOINT((-3.08155976232378,-7.2,-5.78268912197291));
#4754=IFCCARTESIANPOINT((-4.,-7.2,-5.6));
#4755=IFCCARTESIANPOINT((-2.30294372515229,-7.2,-6.30294372515229));
#4756=IFCCARTESIANPOINT((-1.78268912197291,-7.2,-7.08155976232378));
#4757=IFCCARTESIANPOINT((-1.6,-7.2,-8.));
#4758=IFCCARTESIANPOINT((-1.78268912197291,-7.2,-8.91844023767622));
#4759=IFCCARTESIANPOINT((-2.30294372515229,-7.2,-9.69705627484771));
#4760=IFCCARTESIANPOINT((-3.08155976232379,-7.2,-10.2173108780271));
#4761=IFCCARTESIANPOINT((-4.,-7.2,-10.4));
#4762=IFCCARTESIANPOINT((-4.91844023767622,-7.2,-10.2173108780271));
#4763=IFCCARTESIANPOINT((-5.69705627484772,-7.2,-9.69705627484771));
#4764=IFCCARTESIANPOINT((-6.21731087802709,-7.2,-8.91844023767622));
#4765=IFCCARTESIANPOINT((-6.4,-7.2,-8.));
#4766=IFCCARTESIANPOINT((-6.21731087802709,-7.2,-7.08155976232378));
#4767=IFCCARTESIANPOINT((-5.69705627484772,-7.2,-6.30294372515229));
#4768=IFCCARTESIANPOINT((-4.91844023767622,-7.2,-5.78268912197291));
#4769=IFCCARTESIANPOINT((-14.1563858652848,4.,-7.1));
#4770=IFCCARTESIANPOINT((-13.4,4.,-7.1));
#4771=IFCCARTESIANPOINT((-13.2086582838175,4.,-7.06193976625564));
#4772=IFCCARTESIANPOINT((-13.0464466094067,4.,-6.95355339059327));
#4773=IFCCARTESIANPOINT((-12.9380602337444,4.,-6.79134171618254));
#4774=IFCCARTESIANPOINT((-12.9,4.,-6.59999999999999));
#4775=IFCCARTESIANPOINT((-12.9,4.,-5.84361413471521));
#4776=IFCCARTESIANPOINT((-12.8954180818573,4.,-10.1863089275391));
#4777=IFCCARTESIANPOINT((-12.9,4.,-10.1563858652848));
#4778=IFCCARTESIANPOINT((-12.8954180818573,4.,-5.81369107246092));
#4779=IFCCARTESIANPOINT((-14.1863089275391,4.,-7.1045819181427));
#4780=IFCCARTESIANPOINT((-14.2501417724711,4.,-7.16521739130434));
#4781=IFCCARTESIANPOINT((-14.2354379318962,4.,-7.13875646348825));
#4782=IFCCARTESIANPOINT((-12.9,4.,-9.39999999999999));
#4783=IFCCARTESIANPOINT((-12.9380602337444,4.,-9.20865828381745));
#4784=IFCCARTESIANPOINT((-13.0464466094067,4.,-9.04644660940672));
#4785=IFCCARTESIANPOINT((-13.2086582838175,4.,-8.93806023374435));
#4786=IFCCARTESIANPOINT((-13.4,4.,-8.89999999999999));
#4787=IFCCARTESIANPOINT((-14.1563858652848,4.,-8.89999999999999));
#4788=IFCCARTESIANPOINT((-14.2134898893568,4.,-7.11790779309348));
#4789=IFCCARTESIANPOINT((-14.2134898893568,4.,-8.88209220690651));
#4790=IFCCARTESIANPOINT((-14.2354379318962,4.,-8.86124353651174));
#4791=IFCCARTESIANPOINT((-14.1863089275391,4.,-8.89541808185729));
#4792=IFCCARTESIANPOINT((-12.8612435365117,4.,-10.2354379318962));
#4793=IFCCARTESIANPOINT((-12.8820922069065,4.,-10.2134898893568));
#4794=IFCCARTESIANPOINT((-12.8820922069065,4.,-5.7865101106432));
#4795=IFCCARTESIANPOINT((-12.8612435365117,4.,-5.76456206810381));
#4796=IFCCARTESIANPOINT((-12.8347826086957,4.,-10.2501417724711));
#4797=IFCCARTESIANPOINT((-12.8347826086957,4.,-5.74985822752892));
#4798=IFCCARTESIANPOINT((-12.,4.,-5.6));
#4799=IFCCARTESIANPOINT((-9.10188867290572,4.,-10.3631093271884));
#4800=IFCCARTESIANPOINT((-11.1045819181427,4.,-10.1863089275391));
#4801=IFCCARTESIANPOINT((-11.1179077930935,4.,-10.2134898893568));
#4802=IFCCARTESIANPOINT((-14.2501417724711,4.,-8.83478260869565));
#4803=IFCCARTESIANPOINT((-11.1387564634883,4.,-10.2354379318962));
#4804=IFCCARTESIANPOINT((-14.4,4.,-7.99999999999999));
#4805=IFCCARTESIANPOINT((-12.,4.,-10.4));
#4806=IFCCARTESIANPOINT((-11.1652173913043,4.,-10.2501417724711));
#4807=IFCCARTESIANPOINT((-9.09220232790184,4.,-10.1838197958878));
#4808=IFCCARTESIANPOINT((-11.1,4.,-10.1563858652848));
#4809=IFCCARTESIANPOINT((-10.9535533905933,4.,-6.95355339059327));
#4810=IFCCARTESIANPOINT((-10.7913417161825,4.,-7.06193976625564));
#4811=IFCCARTESIANPOINT((-10.6,4.,-7.1));
#4812=IFCCARTESIANPOINT((-9.23413666281214,4.,-7.1));
#4813=IFCCARTESIANPOINT((-9.06744272271923,4.,-7.07139487729109));
#4814=IFCCARTESIANPOINT((-8.91982198507106,4.,-6.98885252134518));
#4815=IFCCARTESIANPOINT((-8.80816528712684,4.,-6.8618174690443));
#4816=IFCCARTESIANPOINT((-8.74524844307044,4.,-6.70482513342605));
#4817=IFCCARTESIANPOINT((-8.73827042908062,4.,-6.53583865458928));
#4818=IFCCARTESIANPOINT((-8.78802967294313,4.,-6.37419354838707));
#4819=IFCCARTESIANPOINT((-9.01980361490158,4.,-5.98048780487804));
#4820=IFCCARTESIANPOINT((-9.09220232790184,4.,-5.8161802041122));
#4821=IFCCARTESIANPOINT((-11.1045819181427,4.,-5.81369107246092));
#4822=IFCCARTESIANPOINT((-11.1,4.,-5.84361413471521));
#4823=IFCCARTESIANPOINT((-11.1179077930935,4.,-5.7865101106432));
#4824=IFCCARTESIANPOINT((-11.1652173913043,4.,-5.74985822752892));
#4825=IFCCARTESIANPOINT((-11.1387564634883,4.,-5.76456206810381));
#4826=IFCCARTESIANPOINT((-9.04761355460396,4.,-10.5342606428329));
#4827=IFCCARTESIANPOINT((-9.10188867290572,4.,-5.63689067281161));
#4828=IFCCARTESIANPOINT((-7.39411254969544,4.,-10.8));
#4829=IFCCARTESIANPOINT((-8.60588745030458,4.,-10.8));
#4830=IFCCARTESIANPOINT((-8.60588745030458,4.,-5.19999999999999));
#4831=IFCCARTESIANPOINT((-7.39411254969543,4.,-5.19999999999999));
#4832=IFCCARTESIANPOINT((-10.9535533905933,4.,-9.04644660940671));
#4833=IFCCARTESIANPOINT((-11.0619397662556,4.,-9.20865828381745));
#4834=IFCCARTESIANPOINT((-11.1,4.,-9.39999999999999));
#4835=IFCCARTESIANPOINT((-9.01980361490158,4.,-10.0195121951219));
#4836=IFCCARTESIANPOINT((-11.1,4.,-6.6));
#4837=IFCCARTESIANPOINT((-11.0619397662556,4.,-6.79134171618254));
#4838=IFCCARTESIANPOINT((-8.78252050632172,4.,-10.7677614386865));
#4839=IFCCARTESIANPOINT((-6.1920310216783,4.,-5.8079689783217));
#4840=IFCCARTESIANPOINT((-6.95238644539604,4.,-5.46573935716708));
#4841=IFCCARTESIANPOINT((-6.89811132709428,4.,-5.63689067281161));
#4842=IFCCARTESIANPOINT((-8.78252050632172,4.,-5.23223856131351));
#4843=IFCCARTESIANPOINT((-9.04761355460396,4.,-5.46573935716708));
#4844=IFCCARTESIANPOINT((-8.93637597991325,4.,-5.32479694591181));
#4845=IFCCARTESIANPOINT((-8.93637597991325,4.,-10.6752030540882));
#4846=IFCCARTESIANPOINT((-2.81368135966822,4.,-5.13597344921501));
#4847=IFCCARTESIANPOINT((-7.06362402008675,4.,-5.32479694591182));
#4848=IFCCARTESIANPOINT((-4.,4.,-4.9));
#4849=IFCCARTESIANPOINT((-5.18631864033178,4.,-5.13597344921501));
#4850=IFCCARTESIANPOINT((-7.21747949367828,4.,-5.23223856131351));
#4851=IFCCARTESIANPOINT((-8.78802967294312,4.,-9.62580645161289));
#4852=IFCCARTESIANPOINT((-8.73827042908061,4.,-9.46416134541069));
#4853=IFCCARTESIANPOINT((-8.74524844307043,4.,-9.29517486657392));
#4854=IFCCARTESIANPOINT((-8.80816528712683,4.,-9.13818253095567));
#4855=IFCCARTESIANPOINT((-8.91982198507105,4.,-9.01114747865479));
#4856=IFCCARTESIANPOINT((-9.06744272271922,4.,-8.92860512270888));
#4857=IFCCARTESIANPOINT((-9.23413666281213,4.,-8.89999999999999));
#4858=IFCCARTESIANPOINT((-10.6,4.,-8.89999999999999));
#4859=IFCCARTESIANPOINT((-10.7913417161825,4.,-8.93806023374435));
#4860=IFCCARTESIANPOINT((-6.1920310216783,4.,-10.1920310216783));
#4861=IFCCARTESIANPOINT((-6.90779767209817,4.,-10.1838197958878));
#4862=IFCCARTESIANPOINT((-6.89811132709429,4.,-10.3631093271884));
#4863=IFCCARTESIANPOINT((-6.98019638509843,4.,-10.0195121951219));
#4864=IFCCARTESIANPOINT((-6.86402655078499,4.,-9.18631864033178));
#4865=IFCCARTESIANPOINT((-6.95238644539605,4.,-10.5342606428329));
#4866=IFCCARTESIANPOINT((-7.06362402008676,4.,-10.6752030540882));
#4867=IFCCARTESIANPOINT((-7.52929341679988,4.,-7.29000846615399));
#4868=IFCCARTESIANPOINT((-7.52929341679989,4.,-8.70999153384598));
#4869=IFCCARTESIANPOINT((-6.86402655078499,4.,-6.81368135966822));
#4870=IFCCARTESIANPOINT((-6.90779767209816,4.,-5.8161802041122));
#4871=IFCCARTESIANPOINT((-7.1,4.,-8.));
#4872=IFCCARTESIANPOINT((-7.21747949367829,4.,-10.7677614386865));
#4873=IFCCARTESIANPOINT((-5.18631864033178,4.,-10.864026550785));
#4874=IFCCARTESIANPOINT((-1.8079689783217,4.,-5.8079689783217));
#4875=IFCCARTESIANPOINT((-1.13597344921501,4.,-6.81368135966822));
#4876=IFCCARTESIANPOINT((-6.98019638509842,4.,-5.98048780487804));
#4877=IFCCARTESIANPOINT((-4.,4.,-11.1));
#4878=IFCCARTESIANPOINT((-1.8079689783217,4.,-10.1920310216783));
#4879=IFCCARTESIANPOINT((-2.81368135966822,4.,-10.864026550785));
#4880=IFCCARTESIANPOINT((-0.9,4.,-8.));
#4881=IFCCARTESIANPOINT((-1.13597344921501,4.,-9.18631864033178));
#4882=IFCCARTESIANPOINT((-9.23413666281214,8.,-7.09999999999999));
#4883=IFCCARTESIANPOINT((-10.6,8.,-7.09999999999999));
#4884=IFCCARTESIANPOINT((-8.73827042908062,8.,-6.53583865458928));
#4885=IFCCARTESIANPOINT((-8.78802967294313,8.,-6.37419354838708));
#4886=IFCCARTESIANPOINT((-8.74524844307044,8.,-6.70482513342605));
#4887=IFCCARTESIANPOINT((-8.80816528712684,8.,-6.8618174690443));
#4888=IFCCARTESIANPOINT((-8.91982198507106,8.,-6.98885252134518));
#4889=IFCCARTESIANPOINT((-9.06744272271923,8.,-7.07139487729109));
#4890=IFCCARTESIANPOINT((-9.01980361490158,8.,-5.98048780487804));
#4891=IFCCARTESIANPOINT((-8.78252050632172,8.,-5.23223856131352));
#4892=IFCCARTESIANPOINT((-8.60588745030458,8.,-5.19999999999999));
#4893=IFCCARTESIANPOINT((-8.93637597991325,8.,-5.32479694591182));
#4894=IFCCARTESIANPOINT((-9.04761355460396,8.,-5.46573935716709));
#4895=IFCCARTESIANPOINT((-9.10188867290572,8.,-5.63689067281161));
#4896=IFCCARTESIANPOINT((-9.09220232790184,8.,-5.8161802041122));
#4897=IFCCARTESIANPOINT((-7.39411254969543,8.,-5.19999999999999));
#4898=IFCCARTESIANPOINT((-6.90779767209816,8.,-5.8161802041122));
#4899=IFCCARTESIANPOINT((-6.98019638509842,8.,-5.98048780487804));
#4900=IFCCARTESIANPOINT((-6.89811132709428,8.,-5.63689067281161));
#4901=IFCCARTESIANPOINT((-6.95238644539604,8.,-5.46573935716709));
#4902=IFCCARTESIANPOINT((-7.06362402008675,8.,-5.32479694591182));
#4903=IFCCARTESIANPOINT((-7.21747949367828,8.,-5.23223856131352));
#4904=IFCCARTESIANPOINT((-7.52929341679989,8.,-8.70999153384598));
#4905=IFCCARTESIANPOINT((-6.98019638509843,8.,-10.0195121951219));
#4906=IFCCARTESIANPOINT((-7.52929341679988,8.,-7.29000846615399));
#4907=IFCCARTESIANPOINT((-7.21747949367829,8.,-10.7677614386865));
#4908=IFCCARTESIANPOINT((-7.39411254969544,8.,-10.8));
#4909=IFCCARTESIANPOINT((-7.06362402008676,8.,-10.6752030540882));
#4910=IFCCARTESIANPOINT((-6.95238644539605,8.,-10.5342606428329));
#4911=IFCCARTESIANPOINT((-6.89811132709429,8.,-10.3631093271884));
#4912=IFCCARTESIANPOINT((-6.90779767209817,8.,-10.1838197958878));
#4913=IFCCARTESIANPOINT((-8.60588745030458,8.,-10.8));
#4914=IFCCARTESIANPOINT((-9.09220232790184,8.,-10.1838197958878));
#4915=IFCCARTESIANPOINT((-9.01980361490158,8.,-10.0195121951219));
#4916=IFCCARTESIANPOINT((-9.10188867290572,8.,-10.3631093271884));
#4917=IFCCARTESIANPOINT((-9.04761355460396,8.,-10.5342606428329));
#4918=IFCCARTESIANPOINT((-8.93637597991325,8.,-10.6752030540882));
#4919=IFCCARTESIANPOINT((-8.78252050632172,8.,-10.7677614386865));
#4920=IFCCARTESIANPOINT((-8.78802967294312,8.,-9.62580645161289));
#4921=IFCCARTESIANPOINT((-9.06744272271922,8.,-8.92860512270888));
#4922=IFCCARTESIANPOINT((-9.23413666281213,8.,-8.89999999999999));
#4923=IFCCARTESIANPOINT((-8.91982198507105,8.,-9.01114747865479));
#4924=IFCCARTESIANPOINT((-8.80816528712683,8.,-9.13818253095567));
#4925=IFCCARTESIANPOINT((-8.74524844307043,8.,-9.29517486657392));
#4926=IFCCARTESIANPOINT((-8.73827042908061,8.,-9.46416134541069));
#4927=IFCCARTESIANPOINT((-10.6,8.,-8.89999999999999));
#4928=IFCCARTESIANPOINT((-11.0619397662556,8.,-9.20865828381744));
#4929=IFCCARTESIANPOINT((-11.1,8.,-9.39999999999999));
#4930=IFCCARTESIANPOINT((-10.9535533905933,8.,-9.04644660940671));
#4931=IFCCARTESIANPOINT((-10.7913417161825,8.,-8.93806023374434));
#4932=IFCCARTESIANPOINT((-11.1,8.,-10.1563858652848));
#4933=IFCCARTESIANPOINT((-11.1387564634883,8.,-10.2354379318962));
#4934=IFCCARTESIANPOINT((-11.1652173913043,8.,-10.2501417724711));
#4935=IFCCARTESIANPOINT((-11.1179077930935,8.,-10.2134898893568));
#4936=IFCCARTESIANPOINT((-11.1045819181427,8.,-10.1863089275391));
#4937=IFCCARTESIANPOINT((-12.,8.,-10.4));
#4938=IFCCARTESIANPOINT((-12.8347826086957,8.,-10.2501417724711));
#4939=IFCCARTESIANPOINT((-12.8954180818573,8.,-10.1863089275391));
#4940=IFCCARTESIANPOINT((-12.9,8.,-10.1563858652848));
#4941=IFCCARTESIANPOINT((-12.8820922069065,8.,-10.2134898893568));
#4942=IFCCARTESIANPOINT((-12.8612435365117,8.,-10.2354379318962));
#4943=IFCCARTESIANPOINT((-12.9,8.,-9.39999999999999));
#4944=IFCCARTESIANPOINT((-13.2086582838175,8.,-8.93806023374435));
#4945=IFCCARTESIANPOINT((-13.4,8.,-8.89999999999999));
#4946=IFCCARTESIANPOINT((-13.0464466094067,8.,-9.04644660940672));
#4947=IFCCARTESIANPOINT((-12.9380602337444,8.,-9.20865828381745));
#4948=IFCCARTESIANPOINT((-14.1563858652848,8.,-8.89999999999999));
#4949=IFCCARTESIANPOINT((-14.2354379318962,8.,-8.86124353651174));
#4950=IFCCARTESIANPOINT((-14.2501417724711,8.,-8.83478260869564));
#4951=IFCCARTESIANPOINT((-14.2134898893568,8.,-8.88209220690651));
#4952=IFCCARTESIANPOINT((-14.1863089275391,8.,-8.89541808185729));
#4953=IFCCARTESIANPOINT((-14.4,8.,-7.99999999999999));
#4954=IFCCARTESIANPOINT((-14.2501417724711,8.,-7.16521739130434));
#4955=IFCCARTESIANPOINT((-14.1863089275391,8.,-7.1045819181427));
#4956=IFCCARTESIANPOINT((-14.1563858652848,8.,-7.09999999999999));
#4957=IFCCARTESIANPOINT((-14.2134898893568,8.,-7.11790779309348));
#4958=IFCCARTESIANPOINT((-14.2354379318962,8.,-7.13875646348824));
#4959=IFCCARTESIANPOINT((-13.4,8.,-7.09999999999999));
#4960=IFCCARTESIANPOINT((-12.9380602337444,8.,-6.79134171618254));
#4961=IFCCARTESIANPOINT((-12.9,8.,-6.59999999999999));
#4962=IFCCARTESIANPOINT((-13.0464466094067,8.,-6.95355339059327));
#4963=IFCCARTESIANPOINT((-13.2086582838175,8.,-7.06193976625564));
#4964=IFCCARTESIANPOINT((-12.9,8.,-5.84361413471521));
#4965=IFCCARTESIANPOINT((-12.8612435365117,8.,-5.76456206810381));
#4966=IFCCARTESIANPOINT((-12.8347826086957,8.,-5.74985822752892));
#4967=IFCCARTESIANPOINT((-12.8820922069065,8.,-5.7865101106432));
#4968=IFCCARTESIANPOINT((-12.8954180818573,8.,-5.81369107246092));
#4969=IFCCARTESIANPOINT((-12.,8.,-5.6));
#4970=IFCCARTESIANPOINT((-11.1652173913043,8.,-5.74985822752892));
#4971=IFCCARTESIANPOINT((-11.1045819181427,8.,-5.81369107246092));
#4972=IFCCARTESIANPOINT((-11.1,8.,-5.84361413471521));
#4973=IFCCARTESIANPOINT((-11.1179077930935,8.,-5.7865101106432));
#4974=IFCCARTESIANPOINT((-11.1387564634883,8.,-5.76456206810381));
#4975=IFCCARTESIANPOINT((-11.1,8.,-6.59999999999999));
#4976=IFCCARTESIANPOINT((-10.7913417161825,8.,-7.06193976625564));
#4977=IFCCARTESIANPOINT((-10.9535533905933,8.,-6.95355339059327));
#4978=IFCCARTESIANPOINT((-11.0619397662556,8.,-6.79134171618254));
#4979=IFCCARTESIANPOINT((-5.18631864033178,8.,-10.864026550785));
#4980=IFCCARTESIANPOINT((-2.81368135966822,8.,-10.864026550785));
#4981=IFCCARTESIANPOINT((-1.8079689783217,8.,-10.1920310216783));
#4982=IFCCARTESIANPOINT((-4.,8.,-11.1));
#4983=IFCCARTESIANPOINT((-6.1920310216783,8.,-10.1920310216783));
#4984=IFCCARTESIANPOINT((-0.899999999999999,8.,-8.));
#4985=IFCCARTESIANPOINT((-1.13597344921501,8.,-6.81368135966822));
#4986=IFCCARTESIANPOINT((-6.86402655078499,8.,-9.18631864033178));
#4987=IFCCARTESIANPOINT((-4.,8.,-4.9));
#4988=IFCCARTESIANPOINT((-5.18631864033178,8.,-5.13597344921501));
#4989=IFCCARTESIANPOINT((-1.13597344921501,8.,-9.18631864033178));
#4990=IFCCARTESIANPOINT((-6.86402655078499,8.,-6.81368135966822));
#4991=IFCCARTESIANPOINT((-7.1,8.,-8.));
#4992=IFCCARTESIANPOINT((-6.1920310216783,8.,-5.8079689783217));
#4993=IFCCARTESIANPOINT((-1.8079689783217,8.,-5.8079689783217));
#4994=IFCCARTESIANPOINT((-2.81368135966822,8.,-5.13597344921501));
#4995=IFCCARTESIANPOINT((-2.81368135966822,4.8,-5.13597344921501));
#4996=IFCCARTESIANPOINT((-4.,4.8,-4.9));
#4997=IFCCARTESIANPOINT((-1.8079689783217,4.8,-5.8079689783217));
#4998=IFCCARTESIANPOINT((-1.13597344921501,4.8,-6.81368135966822));
#4999=IFCCARTESIANPOINT((-0.9,4.8,-8.));
#5000=IFCCARTESIANPOINT((-1.13597344921501,4.8,-9.18631864033178));
#5001=IFCCARTESIANPOINT((-1.8079689783217,4.8,-10.1920310216783));
#5002=IFCCARTESIANPOINT((-2.81368135966822,4.8,-10.864026550785));
#5003=IFCCARTESIANPOINT((-4.,4.8,-11.1));
#5004=IFCCARTESIANPOINT((-5.18631864033178,4.8,-10.864026550785));
#5005=IFCCARTESIANPOINT((-6.1920310216783,4.8,-10.1920310216783));
#5006=IFCCARTESIANPOINT((-6.86402655078499,4.8,-9.18631864033178));
#5007=IFCCARTESIANPOINT((-7.1,4.8,-8.));
#5008=IFCCARTESIANPOINT((-6.86402655078499,4.8,-6.81368135966822));
#5009=IFCCARTESIANPOINT((-6.1920310216783,4.8,-5.8079689783217));
#5010=IFCCARTESIANPOINT((-5.18631864033178,4.8,-5.13597344921501));
#5011=IFCCARTESIANPOINT((-1.6,4.8,-8.));
#5012=IFCCARTESIANPOINT((-1.78268912197291,4.8,-8.91844023767622));
#5013=IFCCARTESIANPOINT((-2.30294372515229,4.8,-6.30294372515229));
#5014=IFCCARTESIANPOINT((-1.78268912197291,4.8,-7.08155976232378));
#5015=IFCCARTESIANPOINT((-2.30294372515229,4.8,-9.69705627484771));
#5016=IFCCARTESIANPOINT((-3.08155976232379,4.8,-10.2173108780271));
#5017=IFCCARTESIANPOINT((-3.08155976232378,4.8,-5.78268912197291));
#5018=IFCCARTESIANPOINT((-4.91844023767622,4.8,-5.78268912197291));
#5019=IFCCARTESIANPOINT((-4.,4.8,-5.6));
#5020=IFCCARTESIANPOINT((-6.21731087802709,4.8,-7.08155976232378));
#5021=IFCCARTESIANPOINT((-5.69705627484772,4.8,-6.30294372515229));
#5022=IFCCARTESIANPOINT((-6.21731087802709,4.8,-8.91844023767622));
#5023=IFCCARTESIANPOINT((-6.4,4.8,-8.));
#5024=IFCCARTESIANPOINT((-4.91844023767622,4.8,-10.2173108780271));
#5025=IFCCARTESIANPOINT((-5.69705627484772,4.8,-9.69705627484771));
#5026=IFCCARTESIANPOINT((-4.,4.8,-10.4));
#5027=IFCCARTESIANPOINT((-2.81368135966822,7.2,-5.13597344921501));
#5028=IFCCARTESIANPOINT((-4.,7.2,-4.9));
#5029=IFCCARTESIANPOINT((-1.8079689783217,7.2,-5.8079689783217));
#5030=IFCCARTESIANPOINT((-1.13597344921501,7.2,-6.81368135966822));
#5031=IFCCARTESIANPOINT((-0.899999999999999,7.2,-8.));
#5032=IFCCARTESIANPOINT((-1.13597344921501,7.2,-9.18631864033178));
#5033=IFCCARTESIANPOINT((-1.8079689783217,7.2,-10.1920310216783));
#5034=IFCCARTESIANPOINT((-2.81368135966822,7.2,-10.864026550785));
#5035=IFCCARTESIANPOINT((-4.,7.2,-11.1));
#5036=IFCCARTESIANPOINT((-5.18631864033178,7.2,-10.864026550785));
#5037=IFCCARTESIANPOINT((-6.1920310216783,7.2,-10.1920310216783));
#5038=IFCCARTESIANPOINT((-6.86402655078499,7.2,-9.18631864033178));
#5039=IFCCARTESIANPOINT((-7.1,7.2,-8.));
#5040=IFCCARTESIANPOINT((-6.86402655078499,7.2,-6.81368135966822));
#5041=IFCCARTESIANPOINT((-6.1920310216783,7.2,-5.8079689783217));
#5042=IFCCARTESIANPOINT((-5.18631864033178,7.2,-5.13597344921501));
#5043=IFCCARTESIANPOINT((-3.08155976232378,7.2,-5.78268912197291));
#5044=IFCCARTESIANPOINT((-4.,7.2,-5.6));
#5045=IFCCARTESIANPOINT((-2.30294372515229,7.2,-6.30294372515229));
#5046=IFCCARTESIANPOINT((-1.78268912197291,7.2,-7.08155976232378));
#5047=IFCCARTESIANPOINT((-1.6,7.2,-8.));
#5048=IFCCARTESIANPOINT((-1.78268912197291,7.2,-8.91844023767622));
#5049=IFCCARTESIANPOINT((-2.30294372515229,7.2,-9.69705627484771));
#5050=IFCCARTESIANPOINT((-3.08155976232379,7.2,-10.2173108780271));
#5051=IFCCARTESIANPOINT((-4.,7.2,-10.4));
#5052=IFCCARTESIANPOINT((-4.91844023767622,7.2,-10.2173108780271));
#5053=IFCCARTESIANPOINT((-5.69705627484772,7.2,-9.69705627484771));
#5054=IFCCARTESIANPOINT((-6.21731087802709,7.2,-8.91844023767622));
#5055=IFCCARTESIANPOINT((-6.4,7.2,-8.));
#5056=IFCCARTESIANPOINT((-6.21731087802709,7.2,-7.08155976232378));
#5057=IFCCARTESIANPOINT((-5.69705627484772,7.2,-6.30294372515229));
#5058=IFCCARTESIANPOINT((-4.91844023767622,7.2,-5.78268912197291));
#5059=IFCCARTESIANPOINT((0.,0.,0.));
#5060=IFCCARTESIANPOINT((0.,0.,0.));
#5061=IFCGEOMETRICREPRESENTATIONCONTEXT($,'Model',3,0.005,#3900,$);
#5062=IFCSIUNIT(*,.LENGTHUNIT.,.MILLI.,.METRE.);
#5063=IFCSIUNIT(*,.AREAUNIT.,$,.SQUARE_METRE.);
#5064=IFCSIUNIT(*,.VOLUMEUNIT.,$,.CUBIC_METRE.);
#5065=IFCSIUNIT(*,.PLANEANGLEUNIT.,$,.RADIAN.);
#5066=IFCOWNERHISTORY(#5068,#5067,$,.NOCHANGE.,0,$,$,0);
#5067=IFCAPPLICATION(#5069,' ',' ',' ');
#5068=IFCPERSONANDORGANIZATION(#5070,#5069,$);
#5069=IFCORGANIZATION($,' ',$,$,$);
#5070=IFCPERSON(' ',' ',' ',$,$,$,$,$);
ENDSEC;
END-ISO-10303-21;
