ISO-10303-21;
HEADER;
/* Generated by software containing ST-Developer
 * from STEP Tools, Inc. (www.steptools.com) 
 */
/* OPTION: strings as raw bytes, not using required /X/ escapes */

FILE_DESCRIPTION(
/* description */ ('Unknown'),
/* implementation_level */ '2;1');

FILE_NAME(
/* name */ 'Ye_389424_MCM',
/* time_stamp */ '2025-07-22T00:06:07+02:00',
/* author */ ('Unknown'),
/* organization */ ('Unknown'),
/* preprocessor_version */ 'ST-DEVELOPER v19.4',
/* originating_system */ 'Unknown',
/* authorisation */ 'OpenTools');

FILE_SCHEMA (('IFC2X3'));
ENDSEC;

DATA;
#10=IFCPROPERTYSINGLEVALUE('ProjectName',$,IFCTEXT(''),$);
#11=IFCPROPERTYSINGLEVALUE('PartNumber',$,IFCTEXT(''),$);
#12=IFCRELDEFINESBYPROPERTIES('3cRq1JQpSwDOm5lsE5cG83',#5584,$,$,(#14),
#13);
#13=IFCPROPERTYSET('1jOd4kXgWorA4TVRi95rqH',#5584,
'empty property set name',$,(#10,#11));
#14=IFCBUILDINGELEMENTPROXY('2GP_XOK7Wq1Pa1NGQTVWHM',#5584,
'Ye_389424_MCM',' ','Ye_389424_MCM',#19,#15,' ',.ELEMENT.);
#15=IFCPRODUCTDEFINITIONSHAPE(' ',' ',(#25));
#16=IFCRELCONTAINEDINSPATIALSTRUCTURE('3HZhfx2I0vj9Cvp1GHER_f',#5584,
' ',' ',(#14),#20);
#17=IFCRELAGGREGATES('1jF0XzMGqvEA6wZwPLSawz',#5584,$,$,#4350,(#20));
#18=IFCLOCALPLACEMENT($,#4353);
#19=IFCLOCALPLACEMENT(#18,#4354);
#20=IFCBUILDING('3G2N19bOG__grq1LV0cQPU',#5584,'Default Building',$,$,#18,
$,$,.ELEMENT.,0.,0.,$);
#21=IFCCARTESIANTRANSFORMATIONOPERATOR3D($,$,#5577,1.,$);
#22=IFCMAPPEDITEM(#23,#21);
#23=IFCREPRESENTATIONMAP(#4353,#24);
#24=IFCSHAPEREPRESENTATION(#4352,'Body','Brep',(#4349));
#25=IFCSHAPEREPRESENTATION(#4352,'Body','MappedRepresentation',(#22));
#26=IFCPOLYLOOP((#4360,#4361,#4362,#4363,#4364,#4365,#4366,#4367,#4368,
#4369,#4370,#4371,#4372,#4373,#4374,#4375));
#27=IFCPOLYLOOP((#4368,#4367,#4376));
#28=IFCPOLYLOOP((#4367,#4377,#4376));
#29=IFCPOLYLOOP((#4371,#4370,#4378));
#30=IFCPOLYLOOP((#4378,#4379,#4371));
#31=IFCPOLYLOOP((#4371,#4380,#4381));
#32=IFCPOLYLOOP((#4371,#4382,#4380));
#33=IFCPOLYLOOP((#4374,#4383,#4384));
#34=IFCPOLYLOOP((#4384,#4375,#4374));
#35=IFCPOLYLOOP((#4360,#4375,#4385));
#36=IFCPOLYLOOP((#4385,#4386,#4360));
#37=IFCPOLYLOOP((#4363,#4362,#4387));
#38=IFCPOLYLOOP((#4387,#4388,#4363));
#39=IFCPOLYLOOP((#4363,#4389,#4390));
#40=IFCPOLYLOOP((#4363,#4391,#4389));
#41=IFCPOLYLOOP((#4366,#4392,#4377));
#42=IFCPOLYLOOP((#4366,#4393,#4392));
#43=IFCPOLYLOOP((#4377,#4367,#4366));
#44=IFCPOLYLOOP((#4393,#4366,#4365,#4394));
#45=IFCPOLYLOOP((#4394,#4365,#4364,#4390));
#46=IFCPOLYLOOP((#4390,#4364,#4363));
#47=IFCPOLYLOOP((#4388,#4391,#4363));
#48=IFCPOLYLOOP((#4387,#4362,#4361,#4395));
#49=IFCPOLYLOOP((#4395,#4361,#4360,#4396));
#50=IFCPOLYLOOP((#4386,#4396,#4360));
#51=IFCPOLYLOOP((#4384,#4385,#4375));
#52=IFCPOLYLOOP((#4383,#4374,#4373,#4397));
#53=IFCPOLYLOOP((#4397,#4373,#4372,#4381));
#54=IFCPOLYLOOP((#4381,#4372,#4371));
#55=IFCPOLYLOOP((#4379,#4382,#4371));
#56=IFCPOLYLOOP((#4378,#4370,#4369,#4398));
#57=IFCPOLYLOOP((#4398,#4369,#4368,#4399));
#58=IFCPOLYLOOP((#4376,#4399,#4368));
#59=IFCPOLYLOOP((#4400,#4382,#4379));
#60=IFCPOLYLOOP((#4401,#4380,#4382));
#61=IFCPOLYLOOP((#4401,#4402,#4380));
#62=IFCPOLYLOOP((#4382,#4400,#4401));
#63=IFCPOLYLOOP((#4403,#4387,#4395));
#64=IFCPOLYLOOP((#4403,#4391,#4388));
#65=IFCPOLYLOOP((#4404,#4389,#4391));
#66=IFCPOLYLOOP((#4404,#4390,#4389));
#67=IFCPOLYLOOP((#4391,#4403,#4404));
#68=IFCPOLYLOOP((#4388,#4387,#4403));
#69=IFCPOLYLOOP((#4404,#4405,#4394));
#70=IFCPOLYLOOP((#4394,#4390,#4404));
#71=IFCPOLYLOOP((#4406,#4407,#4386));
#72=IFCPOLYLOOP((#4386,#4385,#4406));
#73=IFCPOLYLOOP((#4407,#4396,#4386));
#74=IFCPOLYLOOP((#4407,#4395,#4396));
#75=IFCPOLYLOOP((#4402,#4397,#4381));
#76=IFCPOLYLOOP((#4406,#4384,#4383));
#77=IFCPOLYLOOP((#4383,#4402,#4406));
#78=IFCPOLYLOOP((#4383,#4397,#4402));
#79=IFCPOLYLOOP((#4408,#4409,#4399));
#80=IFCPOLYLOOP((#4409,#4398,#4399));
#81=IFCPOLYLOOP((#4409,#4379,#4378));
#82=IFCPOLYLOOP((#4378,#4398,#4409));
#83=IFCPOLYLOOP((#4408,#4377,#4392));
#84=IFCPOLYLOOP((#4408,#4376,#4377));
#85=IFCPOLYLOOP((#4392,#4405,#4408));
#86=IFCPOLYLOOP((#4392,#4393,#4405));
#87=IFCPOLYLOOP((#4393,#4394,#4405));
#88=IFCPOLYLOOP((#4399,#4376,#4408));
#89=IFCPOLYLOOP((#4381,#4380,#4402));
#90=IFCPOLYLOOP((#4385,#4384,#4406));
#91=IFCPOLYLOOP((#4395,#4407,#4403));
#92=IFCPOLYLOOP((#4410,#4411,#4412,#4413));
#93=IFCPOLYLOOP((#4404,#4403,#4411,#4410));
#94=IFCPOLYLOOP((#4379,#4409,#4400));
#95=IFCPOLYLOOP((#4414,#4415,#4401,#4400));
#96=IFCPOLYLOOP((#4416,#4417,#4415,#4414));
#97=IFCPOLYLOOP((#4412,#4418,#4419,#4413));
#98=IFCPOLYLOOP((#4420,#4417,#4416,#4421));
#99=IFCPOLYLOOP((#4422,#4423,#4419,#4418));
#100=IFCPOLYLOOP((#4422,#4424,#4425,#4423));
#101=IFCPOLYLOOP((#4426,#4427,#4420,#4421));
#102=IFCPOLYLOOP((#4428,#4427,#4426,#4429));
#103=IFCPOLYLOOP((#4430,#4431,#4432));
#104=IFCPOLYLOOP((#4433,#4434,#4431));
#105=IFCPOLYLOOP((#4433,#4435,#4434));
#106=IFCPOLYLOOP((#4431,#4430,#4433));
#107=IFCPOLYLOOP((#4436,#4437,#4438));
#108=IFCPOLYLOOP((#4436,#4439,#4440));
#109=IFCPOLYLOOP((#4441,#4442,#4439));
#110=IFCPOLYLOOP((#4441,#4443,#4442));
#111=IFCPOLYLOOP((#4439,#4436,#4441));
#112=IFCPOLYLOOP((#4440,#4437,#4436));
#113=IFCPOLYLOOP((#4441,#4444,#4445));
#114=IFCPOLYLOOP((#4445,#4443,#4441));
#115=IFCPOLYLOOP((#4446,#4447,#4448));
#116=IFCPOLYLOOP((#4448,#4449,#4446));
#117=IFCPOLYLOOP((#4447,#4450,#4448));
#118=IFCPOLYLOOP((#4447,#4438,#4450));
#119=IFCPOLYLOOP((#4435,#4451,#4452));
#120=IFCPOLYLOOP((#4446,#4453,#4454));
#121=IFCPOLYLOOP((#4454,#4435,#4446));
#122=IFCPOLYLOOP((#4454,#4451,#4435));
#123=IFCPOLYLOOP((#4455,#4456,#4457));
#124=IFCPOLYLOOP((#4456,#4458,#4457));
#125=IFCPOLYLOOP((#4456,#4432,#4459));
#126=IFCPOLYLOOP((#4459,#4458,#4456));
#127=IFCPOLYLOOP((#4455,#4460,#4461));
#128=IFCPOLYLOOP((#4455,#4462,#4460));
#129=IFCPOLYLOOP((#4461,#4444,#4455));
#130=IFCPOLYLOOP((#4461,#4463,#4444));
#131=IFCPOLYLOOP((#4463,#4445,#4444));
#132=IFCPOLYLOOP((#4457,#4462,#4455));
#133=IFCPOLYLOOP((#4452,#4434,#4435));
#134=IFCPOLYLOOP((#4449,#4453,#4446));
#135=IFCPOLYLOOP((#4438,#4447,#4436));
#136=IFCPOLYLOOP((#4464,#4465,#4428,#4429));
#137=IFCPOLYLOOP((#4441,#4436,#4465,#4464));
#138=IFCPOLYLOOP((#4432,#4456,#4430));
#139=IFCPOLYLOOP((#4466,#4467,#4433,#4430));
#140=IFCPOLYLOOP((#4468,#4469,#4467,#4466));
#141=IFCPOLYLOOP((#4470,#4469,#4468,#4471));
#142=IFCPOLYLOOP((#4472,#4470,#4471,#4473));
#143=IFCPOLYLOOP((#4472,#4473,#4474,#4475));
#144=IFCPOLYLOOP((#4476,#4477,#4462));
#145=IFCPOLYLOOP((#4477,#4460,#4462));
#146=IFCPOLYLOOP((#4478,#4479,#4459));
#147=IFCPOLYLOOP((#4459,#4432,#4478));
#148=IFCPOLYLOOP((#4478,#4434,#4452));
#149=IFCPOLYLOOP((#4478,#4431,#4434));
#150=IFCPOLYLOOP((#4480,#4454,#4453));
#151=IFCPOLYLOOP((#4453,#4481,#4480));
#152=IFCPOLYLOOP((#4482,#4481,#4449));
#153=IFCPOLYLOOP((#4449,#4448,#4482));
#154=IFCPOLYLOOP((#4483,#4484,#4437));
#155=IFCPOLYLOOP((#4437,#4440,#4483));
#156=IFCPOLYLOOP((#4483,#4442,#4443));
#157=IFCPOLYLOOP((#4483,#4439,#4442));
#158=IFCPOLYLOOP((#4485,#4461,#4460));
#159=IFCPOLYLOOP((#4485,#4463,#4461));
#160=IFCPOLYLOOP((#4460,#4477,#4485));
#161=IFCPOLYLOOP((#4463,#4485,#4486,#4445));
#162=IFCPOLYLOOP((#4445,#4486,#4487,#4443));
#163=IFCPOLYLOOP((#4443,#4487,#4483));
#164=IFCPOLYLOOP((#4440,#4439,#4483));
#165=IFCPOLYLOOP((#4437,#4484,#4488,#4438));
#166=IFCPOLYLOOP((#4438,#4488,#4482,#4450));
#167=IFCPOLYLOOP((#4448,#4450,#4482));
#168=IFCPOLYLOOP((#4453,#4449,#4481));
#169=IFCPOLYLOOP((#4454,#4480,#4489,#4451));
#170=IFCPOLYLOOP((#4451,#4489,#4490,#4452));
#171=IFCPOLYLOOP((#4452,#4490,#4478));
#172=IFCPOLYLOOP((#4432,#4431,#4478));
#173=IFCPOLYLOOP((#4459,#4479,#4491,#4458));
#174=IFCPOLYLOOP((#4458,#4491,#4476,#4457));
#175=IFCPOLYLOOP((#4462,#4457,#4476));
#176=IFCPOLYLOOP((#4482,#4488,#4484,#4483,#4487,#4486,#4485,#4477,#4476,
#4491,#4479,#4478,#4490,#4489,#4480,#4481));
#177=IFCPOLYLOOP((#4492,#4493,#4494));
#178=IFCPOLYLOOP((#4494,#4495,#4492));
#179=IFCPOLYLOOP((#4493,#4496,#4497));
#180=IFCPOLYLOOP((#4497,#4494,#4493));
#181=IFCPOLYLOOP((#4498,#4499,#4500));
#182=IFCPOLYLOOP((#4498,#4501,#4502));
#183=IFCPOLYLOOP((#4503,#4504,#4501));
#184=IFCPOLYLOOP((#4503,#4505,#4504));
#185=IFCPOLYLOOP((#4501,#4498,#4503));
#186=IFCPOLYLOOP((#4502,#4499,#4498));
#187=IFCPOLYLOOP((#4503,#4506,#4507));
#188=IFCPOLYLOOP((#4507,#4505,#4503));
#189=IFCPOLYLOOP((#4508,#4509,#4510));
#190=IFCPOLYLOOP((#4510,#4511,#4508));
#191=IFCPOLYLOOP((#4509,#4512,#4510));
#192=IFCPOLYLOOP((#4509,#4500,#4512));
#193=IFCPOLYLOOP((#4496,#4513,#4514));
#194=IFCPOLYLOOP((#4508,#4515,#4516));
#195=IFCPOLYLOOP((#4516,#4496,#4508));
#196=IFCPOLYLOOP((#4516,#4513,#4496));
#197=IFCPOLYLOOP((#4517,#4518,#4519));
#198=IFCPOLYLOOP((#4518,#4520,#4519));
#199=IFCPOLYLOOP((#4518,#4495,#4521));
#200=IFCPOLYLOOP((#4521,#4520,#4518));
#201=IFCPOLYLOOP((#4517,#4522,#4523));
#202=IFCPOLYLOOP((#4517,#4524,#4522));
#203=IFCPOLYLOOP((#4523,#4506,#4517));
#204=IFCPOLYLOOP((#4523,#4525,#4506));
#205=IFCPOLYLOOP((#4525,#4507,#4506));
#206=IFCPOLYLOOP((#4519,#4524,#4517));
#207=IFCPOLYLOOP((#4514,#4497,#4496));
#208=IFCPOLYLOOP((#4511,#4515,#4508));
#209=IFCPOLYLOOP((#4500,#4509,#4498));
#210=IFCPOLYLOOP((#4526,#4527,#4475,#4474));
#211=IFCPOLYLOOP((#4503,#4498,#4527,#4526));
#212=IFCPOLYLOOP((#4495,#4518,#4492));
#213=IFCPOLYLOOP((#4528,#4529,#4493,#4492));
#214=IFCPOLYLOOP((#4530,#4531,#4529,#4528));
#215=IFCPOLYLOOP((#4531,#4530,#4532,#4533));
#216=IFCPOLYLOOP((#4532,#4534,#4535,#4533));
#217=IFCPOLYLOOP((#4536,#4535,#4534,#4537));
#218=IFCPOLYLOOP((#4538,#4539,#4524));
#219=IFCPOLYLOOP((#4539,#4522,#4524));
#220=IFCPOLYLOOP((#4540,#4541,#4521));
#221=IFCPOLYLOOP((#4521,#4495,#4540));
#222=IFCPOLYLOOP((#4540,#4497,#4514));
#223=IFCPOLYLOOP((#4540,#4494,#4497));
#224=IFCPOLYLOOP((#4542,#4516,#4515));
#225=IFCPOLYLOOP((#4515,#4543,#4542));
#226=IFCPOLYLOOP((#4544,#4543,#4511));
#227=IFCPOLYLOOP((#4511,#4510,#4544));
#228=IFCPOLYLOOP((#4545,#4546,#4499));
#229=IFCPOLYLOOP((#4499,#4502,#4545));
#230=IFCPOLYLOOP((#4545,#4504,#4505));
#231=IFCPOLYLOOP((#4545,#4501,#4504));
#232=IFCPOLYLOOP((#4547,#4523,#4522));
#233=IFCPOLYLOOP((#4547,#4525,#4523));
#234=IFCPOLYLOOP((#4522,#4539,#4547));
#235=IFCPOLYLOOP((#4525,#4547,#4548,#4507));
#236=IFCPOLYLOOP((#4507,#4548,#4549,#4505));
#237=IFCPOLYLOOP((#4505,#4549,#4545));
#238=IFCPOLYLOOP((#4502,#4501,#4545));
#239=IFCPOLYLOOP((#4499,#4546,#4550,#4500));
#240=IFCPOLYLOOP((#4500,#4550,#4544,#4512));
#241=IFCPOLYLOOP((#4510,#4512,#4544));
#242=IFCPOLYLOOP((#4515,#4511,#4543));
#243=IFCPOLYLOOP((#4516,#4542,#4551,#4513));
#244=IFCPOLYLOOP((#4513,#4551,#4552,#4514));
#245=IFCPOLYLOOP((#4514,#4552,#4540));
#246=IFCPOLYLOOP((#4495,#4494,#4540));
#247=IFCPOLYLOOP((#4521,#4541,#4553,#4520));
#248=IFCPOLYLOOP((#4520,#4553,#4538,#4519));
#249=IFCPOLYLOOP((#4524,#4519,#4538));
#250=IFCPOLYLOOP((#4544,#4550,#4546,#4545,#4549,#4548,#4547,#4539,#4538,
#4553,#4541,#4540,#4552,#4551,#4542,#4543));
#251=IFCPOLYLOOP((#4554,#4555,#4556));
#252=IFCPOLYLOOP((#4557,#4558,#4555));
#253=IFCPOLYLOOP((#4557,#4559,#4558));
#254=IFCPOLYLOOP((#4555,#4554,#4557));
#255=IFCPOLYLOOP((#4560,#4561,#4562));
#256=IFCPOLYLOOP((#4560,#4563,#4564));
#257=IFCPOLYLOOP((#4565,#4566,#4563));
#258=IFCPOLYLOOP((#4565,#4567,#4566));
#259=IFCPOLYLOOP((#4563,#4560,#4565));
#260=IFCPOLYLOOP((#4564,#4561,#4560));
#261=IFCPOLYLOOP((#4565,#4568,#4569));
#262=IFCPOLYLOOP((#4569,#4567,#4565));
#263=IFCPOLYLOOP((#4570,#4571,#4572));
#264=IFCPOLYLOOP((#4572,#4573,#4570));
#265=IFCPOLYLOOP((#4571,#4574,#4572));
#266=IFCPOLYLOOP((#4571,#4562,#4574));
#267=IFCPOLYLOOP((#4559,#4575,#4576));
#268=IFCPOLYLOOP((#4570,#4577,#4578));
#269=IFCPOLYLOOP((#4578,#4559,#4570));
#270=IFCPOLYLOOP((#4578,#4575,#4559));
#271=IFCPOLYLOOP((#4579,#4580,#4581));
#272=IFCPOLYLOOP((#4580,#4582,#4581));
#273=IFCPOLYLOOP((#4580,#4556,#4583));
#274=IFCPOLYLOOP((#4583,#4582,#4580));
#275=IFCPOLYLOOP((#4579,#4584,#4585));
#276=IFCPOLYLOOP((#4579,#4586,#4584));
#277=IFCPOLYLOOP((#4585,#4568,#4579));
#278=IFCPOLYLOOP((#4585,#4587,#4568));
#279=IFCPOLYLOOP((#4587,#4569,#4568));
#280=IFCPOLYLOOP((#4581,#4586,#4579));
#281=IFCPOLYLOOP((#4576,#4558,#4559));
#282=IFCPOLYLOOP((#4573,#4577,#4570));
#283=IFCPOLYLOOP((#4562,#4571,#4560));
#284=IFCPOLYLOOP((#4588,#4589,#4590,#4591));
#285=IFCPOLYLOOP((#4565,#4560,#4589,#4588));
#286=IFCPOLYLOOP((#4556,#4580,#4554));
#287=IFCPOLYLOOP((#4592,#4593,#4557,#4554));
#288=IFCPOLYLOOP((#4425,#4424,#4593,#4592));
#289=IFCPOLYLOOP((#4590,#4594,#4595,#4591));
#290=IFCPOLYLOOP((#4595,#4594,#4596,#4597));
#291=IFCPOLYLOOP((#4596,#4598,#4599,#4597));
#292=IFCPOLYLOOP((#4600,#4601,#4586));
#293=IFCPOLYLOOP((#4601,#4584,#4586));
#294=IFCPOLYLOOP((#4602,#4603,#4583));
#295=IFCPOLYLOOP((#4583,#4556,#4602));
#296=IFCPOLYLOOP((#4602,#4558,#4576));
#297=IFCPOLYLOOP((#4602,#4555,#4558));
#298=IFCPOLYLOOP((#4604,#4578,#4577));
#299=IFCPOLYLOOP((#4577,#4605,#4604));
#300=IFCPOLYLOOP((#4606,#4605,#4573));
#301=IFCPOLYLOOP((#4573,#4572,#4606));
#302=IFCPOLYLOOP((#4607,#4608,#4561));
#303=IFCPOLYLOOP((#4561,#4564,#4607));
#304=IFCPOLYLOOP((#4607,#4566,#4567));
#305=IFCPOLYLOOP((#4607,#4563,#4566));
#306=IFCPOLYLOOP((#4609,#4585,#4584));
#307=IFCPOLYLOOP((#4609,#4587,#4585));
#308=IFCPOLYLOOP((#4584,#4601,#4609));
#309=IFCPOLYLOOP((#4587,#4609,#4610,#4569));
#310=IFCPOLYLOOP((#4569,#4610,#4611,#4567));
#311=IFCPOLYLOOP((#4567,#4611,#4607));
#312=IFCPOLYLOOP((#4564,#4563,#4607));
#313=IFCPOLYLOOP((#4561,#4608,#4612,#4562));
#314=IFCPOLYLOOP((#4562,#4612,#4606,#4574));
#315=IFCPOLYLOOP((#4572,#4574,#4606));
#316=IFCPOLYLOOP((#4577,#4573,#4605));
#317=IFCPOLYLOOP((#4578,#4604,#4613,#4575));
#318=IFCPOLYLOOP((#4575,#4613,#4614,#4576));
#319=IFCPOLYLOOP((#4576,#4614,#4602));
#320=IFCPOLYLOOP((#4556,#4555,#4602));
#321=IFCPOLYLOOP((#4583,#4603,#4615,#4582));
#322=IFCPOLYLOOP((#4582,#4615,#4600,#4581));
#323=IFCPOLYLOOP((#4586,#4581,#4600));
#324=IFCPOLYLOOP((#4606,#4612,#4608,#4607,#4611,#4610,#4609,#4601,#4600,
#4615,#4603,#4602,#4614,#4613,#4604,#4605));
#325=IFCPOLYLOOP((#4616,#4617,#4618));
#326=IFCPOLYLOOP((#4619,#4620,#4617));
#327=IFCPOLYLOOP((#4619,#4621,#4620));
#328=IFCPOLYLOOP((#4617,#4616,#4619));
#329=IFCPOLYLOOP((#4622,#4623,#4624));
#330=IFCPOLYLOOP((#4622,#4625,#4626));
#331=IFCPOLYLOOP((#4627,#4628,#4625));
#332=IFCPOLYLOOP((#4627,#4629,#4628));
#333=IFCPOLYLOOP((#4625,#4622,#4627));
#334=IFCPOLYLOOP((#4626,#4623,#4622));
#335=IFCPOLYLOOP((#4627,#4630,#4631));
#336=IFCPOLYLOOP((#4631,#4629,#4627));
#337=IFCPOLYLOOP((#4632,#4633,#4634));
#338=IFCPOLYLOOP((#4634,#4635,#4632));
#339=IFCPOLYLOOP((#4633,#4636,#4634));
#340=IFCPOLYLOOP((#4633,#4624,#4636));
#341=IFCPOLYLOOP((#4621,#4637,#4638));
#342=IFCPOLYLOOP((#4632,#4639,#4640));
#343=IFCPOLYLOOP((#4640,#4621,#4632));
#344=IFCPOLYLOOP((#4640,#4637,#4621));
#345=IFCPOLYLOOP((#4641,#4642,#4643));
#346=IFCPOLYLOOP((#4642,#4644,#4643));
#347=IFCPOLYLOOP((#4642,#4618,#4645));
#348=IFCPOLYLOOP((#4645,#4644,#4642));
#349=IFCPOLYLOOP((#4641,#4646,#4647));
#350=IFCPOLYLOOP((#4641,#4648,#4646));
#351=IFCPOLYLOOP((#4647,#4630,#4641));
#352=IFCPOLYLOOP((#4647,#4649,#4630));
#353=IFCPOLYLOOP((#4649,#4631,#4630));
#354=IFCPOLYLOOP((#4643,#4648,#4641));
#355=IFCPOLYLOOP((#4638,#4620,#4621));
#356=IFCPOLYLOOP((#4635,#4639,#4632));
#357=IFCPOLYLOOP((#4624,#4633,#4622));
#358=IFCPOLYLOOP((#4650,#4651,#4652,#4653));
#359=IFCPOLYLOOP((#4627,#4622,#4651,#4650));
#360=IFCPOLYLOOP((#4618,#4642,#4616));
#361=IFCPOLYLOOP((#4654,#4655,#4619,#4616));
#362=IFCPOLYLOOP((#4599,#4598,#4655,#4654));
#363=IFCPOLYLOOP((#4652,#4656,#4657,#4653));
#364=IFCPOLYLOOP((#4642,#4537,#4579));
#365=IFCPOLYLOOP((#4464,#4421,#4416));
#366=IFCPOLYLOOP((#4408,#4537,#4455));
#367=IFCPOLYLOOP((#4537,#4580,#4579));
#368=IFCPOLYLOOP((#4444,#4441,#4414,#4400));
#369=IFCPOLYLOOP((#4414,#4441,#4464));
#370=IFCPOLYLOOP((#4413,#4419,#4423,#4425));
#371=IFCPOLYLOOP((#4455,#4444,#4408));
#372=IFCPOLYLOOP((#4658,#4641,#4630));
#373=IFCPOLYLOOP((#4579,#4616,#4642));
#374=IFCPOLYLOOP((#4416,#4414,#4464));
#375=IFCPOLYLOOP((#4425,#4592,#4410,#4413));
#376=IFCPOLYLOOP((#4580,#4405,#4404));
#377=IFCPOLYLOOP((#4408,#4580,#4537));
#378=IFCPOLYLOOP((#4659,#4658,#4650,#4653));
#379=IFCPOLYLOOP((#4642,#4641,#4658,#4537));
#380=IFCPOLYLOOP((#4616,#4579,#4568));
#381=IFCPOLYLOOP((#4421,#4464,#4429));
#382=IFCPOLYLOOP((#4400,#4409,#4444));
#383=IFCPOLYLOOP((#4404,#4410,#4554,#4580));
#384=IFCPOLYLOOP((#4537,#4456,#4455));
#385=IFCPOLYLOOP((#4658,#4627,#4650));
#386=IFCPOLYLOOP((#4568,#4654,#4616));
#387=IFCPOLYLOOP((#4409,#4408,#4444));
#388=IFCPOLYLOOP((#4408,#4405,#4580));
#389=IFCPOLYLOOP((#4430,#4537,#4517,#4506));
#390=IFCPOLYLOOP((#4630,#4627,#4658));
#391=IFCPOLYLOOP((#4592,#4554,#4410));
#392=IFCPOLYLOOP((#4506,#4466,#4430));
#393=IFCPOLYLOOP((#4537,#4492,#4518));
#394=IFCPOLYLOOP((#4599,#4654,#4588,#4591));
#395=IFCPOLYLOOP((#4429,#4426,#4421));
#396=IFCPOLYLOOP((#4518,#4517,#4537));
#397=IFCPOLYLOOP((#4654,#4565,#4588));
#398=IFCPOLYLOOP((#4430,#4456,#4537));
#399=IFCPOLYLOOP((#4654,#4568,#4565));
#400=IFCPOLYLOOP((#4534,#4532,#4530));
#401=IFCPOLYLOOP((#4591,#4595,#4597,#4599));
#402=IFCPOLYLOOP((#4530,#4528,#4537,#4534));
#403=IFCPOLYLOOP((#4468,#4466,#4526,#4474));
#404=IFCPOLYLOOP((#4466,#4506,#4503));
#405=IFCPOLYLOOP((#4528,#4492,#4537));
#406=IFCPOLYLOOP((#4503,#4526,#4466));
#407=IFCPOLYLOOP((#4474,#4473,#4471,#4468));
#408=IFCPOLYLOOP((#4653,#4657,#4659));
#409=IFCPOLYLOOP((#4535,#4536,#4529,#4531));
#410=IFCPOLYLOOP((#4536,#4493,#4529));
#411=IFCPOLYLOOP((#4536,#4496,#4493));
#412=IFCPOLYLOOP((#4435,#4433,#4527,#4498));
#413=IFCPOLYLOOP((#4536,#4508,#4496));
#414=IFCPOLYLOOP((#4498,#4509,#4435));
#415=IFCPOLYLOOP((#4469,#4470,#4472,#4475));
#416=IFCPOLYLOOP((#4402,#4447,#4446));
#417=IFCPOLYLOOP((#4509,#4508,#4536,#4435));
#418=IFCPOLYLOOP((#4527,#4433,#4467));
#419=IFCPOLYLOOP((#4446,#4536,#4402));
#420=IFCPOLYLOOP((#4402,#4401,#4465,#4436));
#421=IFCPOLYLOOP((#4475,#4527,#4467,#4469));
#422=IFCPOLYLOOP((#4436,#4447,#4402));
#423=IFCPOLYLOOP((#4428,#4465,#4415,#4417));
#424=IFCPOLYLOOP((#4590,#4589,#4655,#4598));
#425=IFCPOLYLOOP((#4446,#4435,#4536));
#426=IFCPOLYLOOP((#4465,#4401,#4415));
#427=IFCPOLYLOOP((#4559,#4407,#4406));
#428=IFCPOLYLOOP((#4589,#4619,#4655));
#429=IFCPOLYLOOP((#4417,#4420,#4427,#4428));
#430=IFCPOLYLOOP((#4406,#4536,#4559));
#431=IFCPOLYLOOP((#4403,#4559,#4557));
#432=IFCPOLYLOOP((#4598,#4596,#4594,#4590));
#433=IFCPOLYLOOP((#4660,#4622,#4633));
#434=IFCPOLYLOOP((#4406,#4402,#4536));
#435=IFCPOLYLOOP((#4557,#4593,#4411,#4403));
#436=IFCPOLYLOOP((#4536,#4660,#4570));
#437=IFCPOLYLOOP((#4660,#4560,#4571));
#438=IFCPOLYLOOP((#4560,#4621,#4619));
#439=IFCPOLYLOOP((#4633,#4632,#4660));
#440=IFCPOLYLOOP((#4403,#4407,#4559));
#441=IFCPOLYLOOP((#4571,#4570,#4660));
#442=IFCPOLYLOOP((#4632,#4621,#4560,#4660));
#443=IFCPOLYLOOP((#4424,#4422,#4418,#4412));
#444=IFCPOLYLOOP((#4570,#4559,#4536));
#445=IFCPOLYLOOP((#4660,#4651,#4622));
#446=IFCPOLYLOOP((#4661,#4656,#4652));
#447=IFCPOLYLOOP((#4531,#4533,#4535));
#448=IFCPOLYLOOP((#4652,#4651,#4660,#4661));
#449=IFCPOLYLOOP((#4589,#4560,#4619));
#450=IFCPOLYLOOP((#4412,#4411,#4593,#4424));
#451=IFCPOLYLOOP((#4658,#4659,#4661,#4660));
#452=IFCPOLYLOOP((#4657,#4656,#4661,#4659));
#453=IFCPOLYLOOP((#4662,#4663,#4648));
#454=IFCPOLYLOOP((#4663,#4646,#4648));
#455=IFCPOLYLOOP((#4664,#4665,#4645));
#456=IFCPOLYLOOP((#4645,#4618,#4664));
#457=IFCPOLYLOOP((#4664,#4620,#4638));
#458=IFCPOLYLOOP((#4664,#4617,#4620));
#459=IFCPOLYLOOP((#4666,#4640,#4639));
#460=IFCPOLYLOOP((#4639,#4667,#4666));
#461=IFCPOLYLOOP((#4668,#4667,#4635));
#462=IFCPOLYLOOP((#4635,#4634,#4668));
#463=IFCPOLYLOOP((#4669,#4670,#4623));
#464=IFCPOLYLOOP((#4623,#4626,#4669));
#465=IFCPOLYLOOP((#4669,#4628,#4629));
#466=IFCPOLYLOOP((#4669,#4625,#4628));
#467=IFCPOLYLOOP((#4671,#4647,#4646));
#468=IFCPOLYLOOP((#4671,#4649,#4647));
#469=IFCPOLYLOOP((#4646,#4663,#4671));
#470=IFCPOLYLOOP((#4649,#4671,#4672,#4631));
#471=IFCPOLYLOOP((#4631,#4672,#4673,#4629));
#472=IFCPOLYLOOP((#4629,#4673,#4669));
#473=IFCPOLYLOOP((#4626,#4625,#4669));
#474=IFCPOLYLOOP((#4623,#4670,#4674,#4624));
#475=IFCPOLYLOOP((#4624,#4674,#4668,#4636));
#476=IFCPOLYLOOP((#4634,#4636,#4668));
#477=IFCPOLYLOOP((#4639,#4635,#4667));
#478=IFCPOLYLOOP((#4640,#4666,#4675,#4637));
#479=IFCPOLYLOOP((#4637,#4675,#4676,#4638));
#480=IFCPOLYLOOP((#4638,#4676,#4664));
#481=IFCPOLYLOOP((#4618,#4617,#4664));
#482=IFCPOLYLOOP((#4645,#4665,#4677,#4644));
#483=IFCPOLYLOOP((#4644,#4677,#4662,#4643));
#484=IFCPOLYLOOP((#4648,#4643,#4662));
#485=IFCPOLYLOOP((#4668,#4674,#4670,#4669,#4673,#4672,#4671,#4663,#4662,
#4677,#4665,#4664,#4676,#4675,#4666,#4667));
#486=IFCPOLYLOOP((#4537,#4658,#4678,#4679));
#487=IFCPOLYLOOP((#4536,#4680,#4681));
#488=IFCPOLYLOOP((#4679,#4682,#4537));
#489=IFCPOLYLOOP((#4681,#4683,#4660,#4536));
#490=IFCPOLYLOOP((#4536,#4537,#4682,#4680));
#491=IFCPOLYLOOP((#4658,#4660,#4683,#4678));
#492=IFCPOLYLOOP((#4684,#4685,#4686));
#493=IFCPOLYLOOP((#4687,#4688,#4682,#4684));
#494=IFCPOLYLOOP((#4686,#4687,#4684));
#495=IFCPOLYLOOP((#4688,#4680,#4682));
#496=IFCPOLYLOOP((#4689,#4690,#4691));
#497=IFCPOLYLOOP((#4692,#4693,#4689));
#498=IFCPOLYLOOP((#4678,#4683,#4692));
#499=IFCPOLYLOOP((#4691,#4678,#4692,#4689));
#500=IFCPOLYLOOP((#4684,#4694,#4695));
#501=IFCPOLYLOOP((#4684,#4696,#4697,#4694));
#502=IFCPOLYLOOP((#4698,#4699,#4700));
#503=IFCPOLYLOOP((#4700,#4696,#4698));
#504=IFCPOLYLOOP((#4696,#4684,#4701));
#505=IFCPOLYLOOP((#4702,#4703,#4704,#4705));
#506=IFCPOLYLOOP((#4701,#4698,#4696));
#507=IFCPOLYLOOP((#4706,#4704,#4703,#4707));
#508=IFCPOLYLOOP((#4699,#4708,#4709));
#509=IFCPOLYLOOP((#4708,#4699,#4702));
#510=IFCPOLYLOOP((#4696,#4710,#4711));
#511=IFCPOLYLOOP((#4700,#4712,#4696));
#512=IFCPOLYLOOP((#4707,#4713,#4706));
#513=IFCPOLYLOOP((#4679,#4696,#4714,#4715));
#514=IFCPOLYLOOP((#4705,#4708,#4702));
#515=IFCPOLYLOOP((#4712,#4710,#4696));
#516=IFCPOLYLOOP((#4716,#4717,#4706));
#517=IFCPOLYLOOP((#4716,#4679,#4718,#4719));
#518=IFCPOLYLOOP((#4715,#4720,#4679));
#519=IFCPOLYLOOP((#4711,#4714,#4696));
#520=IFCPOLYLOOP((#4684,#4721,#4722));
#521=IFCPOLYLOOP((#4719,#4717,#4716));
#522=IFCPOLYLOOP((#4720,#4723,#4679));
#523=IFCPOLYLOOP((#4722,#4701,#4684));
#524=IFCPOLYLOOP((#4682,#4724,#4725));
#525=IFCPOLYLOOP((#4682,#4726,#4727));
#526=IFCPOLYLOOP((#4713,#4716,#4706));
#527=IFCPOLYLOOP((#4709,#4700,#4699));
#528=IFCPOLYLOOP((#4684,#4728,#4729));
#529=IFCPOLYLOOP((#4727,#4724,#4682));
#530=IFCPOLYLOOP((#4723,#4718,#4679));
#531=IFCPOLYLOOP((#4725,#4728,#4684,#4682));
#532=IFCPOLYLOOP((#4729,#4721,#4684));
#533=IFCPOLYLOOP((#4696,#4730,#4731));
#534=IFCPOLYLOOP((#4696,#4691,#4732,#4730));
#535=IFCPOLYLOOP((#4691,#4690,#4732));
#536=IFCPOLYLOOP((#4733,#4734,#4735));
#537=IFCPOLYLOOP((#4736,#4696,#4737));
#538=IFCPOLYLOOP((#4735,#4738,#4739,#4733));
#539=IFCPOLYLOOP((#4740,#4737,#4741));
#540=IFCPOLYLOOP((#4742,#4739,#4738,#4743));
#541=IFCPOLYLOOP((#4737,#4740,#4736));
#542=IFCPOLYLOOP((#4741,#4734,#4740));
#543=IFCPOLYLOOP((#4744,#4696,#4745));
#544=IFCPOLYLOOP((#4746,#4745,#4747));
#545=IFCPOLYLOOP((#4743,#4748,#4742));
#546=IFCPOLYLOOP((#4733,#4740,#4734));
#547=IFCPOLYLOOP((#4696,#4749,#4750));
#548=IFCPOLYLOOP((#4696,#4751,#4752));
#549=IFCPOLYLOOP((#4679,#4753,#4754));
#550=IFCPOLYLOOP((#4691,#4755,#4756));
#551=IFCPOLYLOOP((#4745,#4757,#4744));
#552=IFCPOLYLOOP((#4747,#4758,#4746));
#553=IFCPOLYLOOP((#4736,#4745,#4696));
#554=IFCPOLYLOOP((#4752,#4749,#4696));
#555=IFCPOLYLOOP((#4679,#4759,#4753));
#556=IFCPOLYLOOP((#4691,#4744,#4755));
#557=IFCPOLYLOOP((#4746,#4757,#4745));
#558=IFCPOLYLOOP((#4750,#4737,#4696));
#559=IFCPOLYLOOP((#4679,#4760,#4759));
#560=IFCPOLYLOOP((#4679,#4761,#4742,#4762));
#561=IFCPOLYLOOP((#4763,#4678,#4764,#4765));
#562=IFCPOLYLOOP((#4766,#4767,#4768,#4769));
#563=IFCPOLYLOOP((#4678,#4770,#4771));
#564=IFCPOLYLOOP((#4744,#4691,#4696));
#565=IFCPOLYLOOP((#4754,#4751,#4696,#4679));
#566=IFCPOLYLOOP((#4679,#4772,#4761));
#567=IFCPOLYLOOP((#4765,#4767,#4763));
#568=IFCPOLYLOOP((#4767,#4773,#4768));
#569=IFCPOLYLOOP((#4771,#4774,#4678));
#570=IFCPOLYLOOP((#4691,#4775,#4776));
#571=IFCPOLYLOOP((#4748,#4762,#4742));
#572=IFCPOLYLOOP((#4679,#4777,#4772));
#573=IFCPOLYLOOP((#4763,#4778,#4678));
#574=IFCPOLYLOOP((#4767,#4765,#4773));
#575=IFCPOLYLOOP((#4776,#4770,#4678,#4691));
#576=IFCPOLYLOOP((#4762,#4760,#4679));
#577=IFCPOLYLOOP((#4769,#4758,#4779,#4766));
#578=IFCPOLYLOOP((#4758,#4747,#4780));
#579=IFCPOLYLOOP((#4756,#4775,#4691));
#580=IFCPOLYLOOP((#4780,#4779,#4758));
#581=IFCPOLYLOOP((#4778,#4777,#4679,#4678));
#582=IFCPOLYLOOP((#4774,#4764,#4678));
#583=IFCPOLYLOOP((#4731,#4697,#4696));
#584=IFCPOLYLOOP((#4716,#4726,#4682,#4679));
#585=IFCPOLYLOOP((#4695,#4685,#4684));
#586=IFCPOLYLOOP((#4774,#4781,#4782,#4764));
#587=IFCPOLYLOOP((#4771,#4783,#4781,#4774));
#588=IFCPOLYLOOP((#4770,#4784,#4783,#4771));
#589=IFCPOLYLOOP((#4776,#4785,#4784,#4770));
#590=IFCPOLYLOOP((#4775,#4786,#4785,#4776));
#591=IFCPOLYLOOP((#4756,#4787,#4786,#4775));
#592=IFCPOLYLOOP((#4755,#4788,#4787,#4756));
#593=IFCPOLYLOOP((#4744,#4789,#4788,#4755));
#594=IFCPOLYLOOP((#4757,#4790,#4789,#4744));
#595=IFCPOLYLOOP((#4746,#4791,#4790,#4757));
#596=IFCPOLYLOOP((#4758,#4792,#4791,#4746));
#597=IFCPOLYLOOP((#4769,#4793,#4792,#4758));
#598=IFCPOLYLOOP((#4768,#4794,#4793,#4769));
#599=IFCPOLYLOOP((#4773,#4795,#4794,#4768));
#600=IFCPOLYLOOP((#4765,#4796,#4795,#4773));
#601=IFCPOLYLOOP((#4764,#4782,#4796,#4765));
#602=IFCPOLYLOOP((#4793,#4794,#4797,#4798));
#603=IFCPOLYLOOP((#4798,#4799,#4792,#4793));
#604=IFCPOLYLOOP((#4785,#4786,#4800,#4801));
#605=IFCPOLYLOOP((#4799,#4802,#4791,#4792));
#606=IFCPOLYLOOP((#4781,#4783,#4803,#4804));
#607=IFCPOLYLOOP((#4801,#4805,#4784,#4785));
#608=IFCPOLYLOOP((#4788,#4789,#4806,#4807));
#609=IFCPOLYLOOP((#4802,#4808,#4790,#4791));
#610=IFCPOLYLOOP((#4805,#4803,#4783,#4784));
#611=IFCPOLYLOOP((#4807,#4809,#4787,#4788));
#612=IFCPOLYLOOP((#4794,#4795,#4810,#4797));
#613=IFCPOLYLOOP((#4796,#4782,#4811,#4812));
#614=IFCPOLYLOOP((#4809,#4800,#4786,#4787));
#615=IFCPOLYLOOP((#4812,#4810,#4795,#4796));
#616=IFCPOLYLOOP((#4808,#4806,#4789,#4790));
#617=IFCPOLYLOOP((#4804,#4811,#4782,#4781));
#618=IFCPOLYLOOP((#4778,#4813,#4814,#4777));
#619=IFCPOLYLOOP((#4763,#4815,#4813,#4778));
#620=IFCPOLYLOOP((#4767,#4816,#4815,#4763));
#621=IFCPOLYLOOP((#4766,#4817,#4816,#4767));
#622=IFCPOLYLOOP((#4779,#4818,#4817,#4766));
#623=IFCPOLYLOOP((#4780,#4819,#4818,#4779));
#624=IFCPOLYLOOP((#4747,#4820,#4819,#4780));
#625=IFCPOLYLOOP((#4745,#4821,#4820,#4747));
#626=IFCPOLYLOOP((#4736,#4822,#4821,#4745));
#627=IFCPOLYLOOP((#4740,#4823,#4822,#4736));
#628=IFCPOLYLOOP((#4733,#4824,#4823,#4740));
#629=IFCPOLYLOOP((#4739,#4825,#4824,#4733));
#630=IFCPOLYLOOP((#4742,#4826,#4825,#4739));
#631=IFCPOLYLOOP((#4761,#4827,#4826,#4742));
#632=IFCPOLYLOOP((#4772,#4828,#4827,#4761));
#633=IFCPOLYLOOP((#4777,#4814,#4828,#4772));
#634=IFCPOLYLOOP((#4817,#4818,#4829,#4830));
#635=IFCPOLYLOOP((#4813,#4815,#4831,#4832));
#636=IFCPOLYLOOP((#4830,#4833,#4816,#4817));
#637=IFCPOLYLOOP((#4820,#4821,#4834,#4835));
#638=IFCPOLYLOOP((#4822,#4823,#4836,#4837));
#639=IFCPOLYLOOP((#4833,#4831,#4815,#4816));
#640=IFCPOLYLOOP((#4835,#4838,#4819,#4820));
#641=IFCPOLYLOOP((#4823,#4824,#4839,#4836));
#642=IFCPOLYLOOP((#4825,#4826,#4840,#4841));
#643=IFCPOLYLOOP((#4838,#4829,#4818,#4819));
#644=IFCPOLYLOOP((#4841,#4839,#4824,#4825));
#645=IFCPOLYLOOP((#4827,#4828,#4842,#4843));
#646=IFCPOLYLOOP((#4837,#4834,#4821,#4822));
#647=IFCPOLYLOOP((#4828,#4814,#4844,#4842));
#648=IFCPOLYLOOP((#4843,#4840,#4826,#4827));
#649=IFCPOLYLOOP((#4832,#4844,#4814,#4813));
#650=IFCPOLYLOOP((#4762,#4845,#4846,#4760));
#651=IFCPOLYLOOP((#4748,#4847,#4845,#4762));
#652=IFCPOLYLOOP((#4743,#4848,#4847,#4748));
#653=IFCPOLYLOOP((#4738,#4849,#4848,#4743));
#654=IFCPOLYLOOP((#4735,#4850,#4849,#4738));
#655=IFCPOLYLOOP((#4734,#4851,#4850,#4735));
#656=IFCPOLYLOOP((#4741,#4852,#4851,#4734));
#657=IFCPOLYLOOP((#4737,#4853,#4852,#4741));
#658=IFCPOLYLOOP((#4750,#4854,#4853,#4737));
#659=IFCPOLYLOOP((#4749,#4855,#4854,#4750));
#660=IFCPOLYLOOP((#4752,#4856,#4855,#4749));
#661=IFCPOLYLOOP((#4751,#4857,#4856,#4752));
#662=IFCPOLYLOOP((#4754,#4858,#4857,#4751));
#663=IFCPOLYLOOP((#4753,#4859,#4858,#4754));
#664=IFCPOLYLOOP((#4759,#4860,#4859,#4753));
#665=IFCPOLYLOOP((#4760,#4846,#4860,#4759));
#666=IFCPOLYLOOP((#4852,#4853,#4861,#4862));
#667=IFCPOLYLOOP((#4854,#4855,#4863,#4864));
#668=IFCPOLYLOOP((#4847,#4848,#4865,#4866));
#669=IFCPOLYLOOP((#4862,#4867,#4851,#4852));
#670=IFCPOLYLOOP((#4855,#4856,#4868,#4863));
#671=IFCPOLYLOOP((#4866,#4869,#4845,#4847));
#672=IFCPOLYLOOP((#4849,#4850,#4870,#4871));
#673=IFCPOLYLOOP((#4864,#4861,#4853,#4854));
#674=IFCPOLYLOOP((#4857,#4858,#4872,#4873));
#675=IFCPOLYLOOP((#4871,#4865,#4848,#4849));
#676=IFCPOLYLOOP((#4873,#4868,#4856,#4857));
#677=IFCPOLYLOOP((#4859,#4860,#4874,#4875));
#678=IFCPOLYLOOP((#4867,#4870,#4850,#4851));
#679=IFCPOLYLOOP((#4860,#4846,#4876,#4874));
#680=IFCPOLYLOOP((#4875,#4872,#4858,#4859));
#681=IFCPOLYLOOP((#4869,#4876,#4846,#4845));
#682=IFCPOLYLOOP((#4723,#4877,#4878,#4718));
#683=IFCPOLYLOOP((#4720,#4879,#4877,#4723));
#684=IFCPOLYLOOP((#4715,#4880,#4879,#4720));
#685=IFCPOLYLOOP((#4714,#4881,#4880,#4715));
#686=IFCPOLYLOOP((#4711,#4882,#4881,#4714));
#687=IFCPOLYLOOP((#4710,#4883,#4882,#4711));
#688=IFCPOLYLOOP((#4712,#4884,#4883,#4710));
#689=IFCPOLYLOOP((#4700,#4885,#4884,#4712));
#690=IFCPOLYLOOP((#4709,#4886,#4885,#4700));
#691=IFCPOLYLOOP((#4708,#4887,#4886,#4709));
#692=IFCPOLYLOOP((#4705,#4888,#4887,#4708));
#693=IFCPOLYLOOP((#4704,#4889,#4888,#4705));
#694=IFCPOLYLOOP((#4706,#4890,#4889,#4704));
#695=IFCPOLYLOOP((#4717,#4891,#4890,#4706));
#696=IFCPOLYLOOP((#4719,#4892,#4891,#4717));
#697=IFCPOLYLOOP((#4718,#4878,#4892,#4719));
#698=IFCPOLYLOOP((#4884,#4885,#4893,#4894));
#699=IFCPOLYLOOP((#4887,#4888,#4895,#4896));
#700=IFCPOLYLOOP((#4892,#4878,#4897,#4898));
#701=IFCPOLYLOOP((#4879,#4880,#4899,#4900));
#702=IFCPOLYLOOP((#4894,#4901,#4883,#4884));
#703=IFCPOLYLOOP((#4896,#4902,#4886,#4887));
#704=IFCPOLYLOOP((#4889,#4890,#4903,#4904));
#705=IFCPOLYLOOP((#4898,#4905,#4891,#4892));
#706=IFCPOLYLOOP((#4900,#4906,#4877,#4879));
#707=IFCPOLYLOOP((#4881,#4882,#4907,#4908));
#708=IFCPOLYLOOP((#4902,#4893,#4885,#4886));
#709=IFCPOLYLOOP((#4905,#4903,#4890,#4891));
#710=IFCPOLYLOOP((#4908,#4899,#4880,#4881));
#711=IFCPOLYLOOP((#4904,#4895,#4888,#4889));
#712=IFCPOLYLOOP((#4901,#4907,#4882,#4883));
#713=IFCPOLYLOOP((#4906,#4897,#4878,#4877));
#714=IFCPOLYLOOP((#4716,#4909,#4910,#4726));
#715=IFCPOLYLOOP((#4713,#4911,#4909,#4716));
#716=IFCPOLYLOOP((#4707,#4912,#4911,#4713));
#717=IFCPOLYLOOP((#4703,#4913,#4912,#4707));
#718=IFCPOLYLOOP((#4702,#4914,#4913,#4703));
#719=IFCPOLYLOOP((#4699,#4915,#4914,#4702));
#720=IFCPOLYLOOP((#4698,#4916,#4915,#4699));
#721=IFCPOLYLOOP((#4701,#4917,#4916,#4698));
#722=IFCPOLYLOOP((#4722,#4918,#4917,#4701));
#723=IFCPOLYLOOP((#4721,#4919,#4918,#4722));
#724=IFCPOLYLOOP((#4729,#4920,#4919,#4721));
#725=IFCPOLYLOOP((#4728,#4921,#4920,#4729));
#726=IFCPOLYLOOP((#4725,#4922,#4921,#4728));
#727=IFCPOLYLOOP((#4724,#4923,#4922,#4725));
#728=IFCPOLYLOOP((#4727,#4924,#4923,#4724));
#729=IFCPOLYLOOP((#4726,#4910,#4924,#4727));
#730=IFCPOLYLOOP((#4916,#4917,#4925,#4926));
#731=IFCPOLYLOOP((#4918,#4919,#4927,#4928));
#732=IFCPOLYLOOP((#4921,#4922,#4929,#4930));
#733=IFCPOLYLOOP((#4909,#4911,#4931,#4932));
#734=IFCPOLYLOOP((#4926,#4933,#4915,#4916));
#735=IFCPOLYLOOP((#4919,#4920,#4934,#4927));
#736=IFCPOLYLOOP((#4922,#4923,#4935,#4929));
#737=IFCPOLYLOOP((#4924,#4910,#4936,#4937));
#738=IFCPOLYLOOP((#4911,#4912,#4938,#4931));
#739=IFCPOLYLOOP((#4913,#4914,#4939,#4940));
#740=IFCPOLYLOOP((#4928,#4925,#4917,#4918));
#741=IFCPOLYLOOP((#4937,#4935,#4923,#4924));
#742=IFCPOLYLOOP((#4940,#4938,#4912,#4913));
#743=IFCPOLYLOOP((#4930,#4934,#4920,#4921));
#744=IFCPOLYLOOP((#4933,#4939,#4914,#4915));
#745=IFCPOLYLOOP((#4932,#4936,#4910,#4909));
#746=IFCPOLYLOOP((#4932,#4941,#4942,#4936));
#747=IFCPOLYLOOP((#4931,#4943,#4941,#4932));
#748=IFCPOLYLOOP((#4938,#4944,#4943,#4931));
#749=IFCPOLYLOOP((#4940,#4945,#4944,#4938));
#750=IFCPOLYLOOP((#4939,#4946,#4945,#4940));
#751=IFCPOLYLOOP((#4933,#4947,#4946,#4939));
#752=IFCPOLYLOOP((#4926,#4948,#4947,#4933));
#753=IFCPOLYLOOP((#4925,#4949,#4948,#4926));
#754=IFCPOLYLOOP((#4928,#4950,#4949,#4925));
#755=IFCPOLYLOOP((#4927,#4951,#4950,#4928));
#756=IFCPOLYLOOP((#4934,#4952,#4951,#4927));
#757=IFCPOLYLOOP((#4930,#4953,#4952,#4934));
#758=IFCPOLYLOOP((#4929,#4954,#4953,#4930));
#759=IFCPOLYLOOP((#4935,#4955,#4954,#4929));
#760=IFCPOLYLOOP((#4937,#4956,#4955,#4935));
#761=IFCPOLYLOOP((#4936,#4942,#4956,#4937));
#762=IFCPOLYLOOP((#4957,#4958,#4944,#4945));
#763=IFCPOLYLOOP((#4959,#4960,#4942,#4941));
#764=IFCPOLYLOOP((#4961,#4962,#4955,#4956));
#765=IFCPOLYLOOP((#4958,#4963,#4943,#4944));
#766=IFCPOLYLOOP((#4956,#4942,#4960,#4961));
#767=IFCPOLYLOOP((#4964,#4965,#4952,#4953));
#768=IFCPOLYLOOP((#4941,#4943,#4963,#4959));
#769=IFCPOLYLOOP((#4953,#4954,#4966,#4964));
#770=IFCPOLYLOOP((#4967,#4968,#4949,#4950));
#771=IFCPOLYLOOP((#4969,#4970,#4947,#4948));
#772=IFCPOLYLOOP((#4954,#4955,#4962,#4966));
#773=IFCPOLYLOOP((#4950,#4951,#4971,#4967));
#774=IFCPOLYLOOP((#4970,#4972,#4946,#4947));
#775=IFCPOLYLOOP((#4951,#4952,#4965,#4971));
#776=IFCPOLYLOOP((#4945,#4946,#4972,#4957));
#777=IFCPOLYLOOP((#4948,#4949,#4968,#4969));
#778=IFCPOLYLOOP((#4973,#4969,#4968,#4974));
#779=IFCPOLYLOOP((#4975,#4970,#4969,#4973));
#780=IFCPOLYLOOP((#4976,#4972,#4970,#4975));
#781=IFCPOLYLOOP((#4977,#4957,#4972,#4976));
#782=IFCPOLYLOOP((#4978,#4958,#4957,#4977));
#783=IFCPOLYLOOP((#4979,#4963,#4958,#4978));
#784=IFCPOLYLOOP((#4980,#4959,#4963,#4979));
#785=IFCPOLYLOOP((#4981,#4960,#4959,#4980));
#786=IFCPOLYLOOP((#4982,#4961,#4960,#4981));
#787=IFCPOLYLOOP((#4983,#4962,#4961,#4982));
#788=IFCPOLYLOOP((#4984,#4966,#4962,#4983));
#789=IFCPOLYLOOP((#4985,#4964,#4966,#4984));
#790=IFCPOLYLOOP((#4986,#4965,#4964,#4985));
#791=IFCPOLYLOOP((#4987,#4971,#4965,#4986));
#792=IFCPOLYLOOP((#4988,#4967,#4971,#4987));
#793=IFCPOLYLOOP((#4974,#4968,#4967,#4988));
#794=IFCPOLYLOOP((#4906,#4989,#4990,#4897));
#795=IFCPOLYLOOP((#4900,#4991,#4989,#4906));
#796=IFCPOLYLOOP((#4899,#4992,#4991,#4900));
#797=IFCPOLYLOOP((#4908,#4993,#4992,#4899));
#798=IFCPOLYLOOP((#4907,#4994,#4993,#4908));
#799=IFCPOLYLOOP((#4901,#4995,#4994,#4907));
#800=IFCPOLYLOOP((#4894,#4996,#4995,#4901));
#801=IFCPOLYLOOP((#4893,#4997,#4996,#4894));
#802=IFCPOLYLOOP((#4902,#4998,#4997,#4893));
#803=IFCPOLYLOOP((#4896,#4999,#4998,#4902));
#804=IFCPOLYLOOP((#4895,#5000,#4999,#4896));
#805=IFCPOLYLOOP((#4904,#5001,#5000,#4895));
#806=IFCPOLYLOOP((#4903,#5002,#5001,#4904));
#807=IFCPOLYLOOP((#4905,#5003,#5002,#4903));
#808=IFCPOLYLOOP((#4898,#5004,#5003,#4905));
#809=IFCPOLYLOOP((#4897,#4990,#5004,#4898));
#810=IFCPOLYLOOP((#5005,#5006,#4989,#4991));
#811=IFCPOLYLOOP((#5006,#5007,#4990,#4989));
#812=IFCPOLYLOOP((#5008,#5009,#5003,#5004));
#813=IFCPOLYLOOP((#5004,#4990,#5007,#5008));
#814=IFCPOLYLOOP((#5009,#5010,#5002,#5003));
#815=IFCPOLYLOOP((#5011,#5012,#5000,#5001));
#816=IFCPOLYLOOP((#5013,#5014,#4992,#4993));
#817=IFCPOLYLOOP((#5001,#5002,#5010,#5011));
#818=IFCPOLYLOOP((#5015,#5016,#4998,#4999));
#819=IFCPOLYLOOP((#5017,#5018,#4995,#4996));
#820=IFCPOLYLOOP((#4991,#4992,#5014,#5005));
#821=IFCPOLYLOOP((#5016,#5019,#4997,#4998));
#822=IFCPOLYLOOP((#5018,#5020,#4994,#4995));
#823=IFCPOLYLOOP((#4999,#5000,#5012,#5015));
#824=IFCPOLYLOOP((#4993,#4994,#5020,#5013));
#825=IFCPOLYLOOP((#4996,#4997,#5019,#5017));
#826=IFCPOLYLOOP((#5021,#5017,#5019,#5022));
#827=IFCPOLYLOOP((#5023,#5018,#5017,#5021));
#828=IFCPOLYLOOP((#5024,#5020,#5018,#5023));
#829=IFCPOLYLOOP((#5025,#5013,#5020,#5024));
#830=IFCPOLYLOOP((#5026,#5014,#5013,#5025));
#831=IFCPOLYLOOP((#5027,#5005,#5014,#5026));
#832=IFCPOLYLOOP((#5028,#5006,#5005,#5027));
#833=IFCPOLYLOOP((#5029,#5007,#5006,#5028));
#834=IFCPOLYLOOP((#5030,#5008,#5007,#5029));
#835=IFCPOLYLOOP((#5031,#5009,#5008,#5030));
#836=IFCPOLYLOOP((#5032,#5010,#5009,#5031));
#837=IFCPOLYLOOP((#5033,#5011,#5010,#5032));
#838=IFCPOLYLOOP((#5034,#5012,#5011,#5033));
#839=IFCPOLYLOOP((#5035,#5015,#5012,#5034));
#840=IFCPOLYLOOP((#5036,#5016,#5015,#5035));
#841=IFCPOLYLOOP((#5022,#5019,#5016,#5036));
#842=IFCPOLYLOOP((#4869,#5037,#5038,#4876));
#843=IFCPOLYLOOP((#4866,#5039,#5037,#4869));
#844=IFCPOLYLOOP((#4865,#5040,#5039,#4866));
#845=IFCPOLYLOOP((#4871,#5041,#5040,#4865));
#846=IFCPOLYLOOP((#4870,#5042,#5041,#4871));
#847=IFCPOLYLOOP((#4867,#5043,#5042,#4870));
#848=IFCPOLYLOOP((#4862,#5044,#5043,#4867));
#849=IFCPOLYLOOP((#4861,#5045,#5044,#4862));
#850=IFCPOLYLOOP((#4864,#5046,#5045,#4861));
#851=IFCPOLYLOOP((#4863,#5047,#5046,#4864));
#852=IFCPOLYLOOP((#4868,#5048,#5047,#4863));
#853=IFCPOLYLOOP((#4873,#5049,#5048,#4868));
#854=IFCPOLYLOOP((#4872,#5050,#5049,#4873));
#855=IFCPOLYLOOP((#4875,#5051,#5050,#4872));
#856=IFCPOLYLOOP((#4874,#5052,#5051,#4875));
#857=IFCPOLYLOOP((#4876,#5038,#5052,#4874));
#858=IFCPOLYLOOP((#5053,#5054,#5037,#5039));
#859=IFCPOLYLOOP((#5054,#5055,#5038,#5037));
#860=IFCPOLYLOOP((#5055,#5056,#5052,#5038));
#861=IFCPOLYLOOP((#5057,#5058,#5050,#5051));
#862=IFCPOLYLOOP((#5059,#5060,#5043,#5044));
#863=IFCPOLYLOOP((#5061,#5062,#5040,#5041));
#864=IFCPOLYLOOP((#5051,#5052,#5056,#5057));
#865=IFCPOLYLOOP((#5063,#5064,#5045,#5046));
#866=IFCPOLYLOOP((#5060,#5065,#5042,#5043));
#867=IFCPOLYLOOP((#5039,#5040,#5062,#5053));
#868=IFCPOLYLOOP((#5066,#5067,#5048,#5049));
#869=IFCPOLYLOOP((#5046,#5047,#5068,#5063));
#870=IFCPOLYLOOP((#5041,#5042,#5065,#5061));
#871=IFCPOLYLOOP((#5047,#5048,#5067,#5068));
#872=IFCPOLYLOOP((#5049,#5050,#5058,#5066));
#873=IFCPOLYLOOP((#5044,#5045,#5064,#5059));
#874=IFCPOLYLOOP((#5069,#5059,#5064,#5070));
#875=IFCPOLYLOOP((#5071,#5060,#5059,#5069));
#876=IFCPOLYLOOP((#5072,#5065,#5060,#5071));
#877=IFCPOLYLOOP((#5073,#5061,#5065,#5072));
#878=IFCPOLYLOOP((#5074,#5062,#5061,#5073));
#879=IFCPOLYLOOP((#5075,#5053,#5062,#5074));
#880=IFCPOLYLOOP((#5076,#5054,#5053,#5075));
#881=IFCPOLYLOOP((#5077,#5055,#5054,#5076));
#882=IFCPOLYLOOP((#5078,#5056,#5055,#5077));
#883=IFCPOLYLOOP((#5079,#5057,#5056,#5078));
#884=IFCPOLYLOOP((#5080,#5058,#5057,#5079));
#885=IFCPOLYLOOP((#5081,#5066,#5058,#5080));
#886=IFCPOLYLOOP((#5082,#5067,#5066,#5081));
#887=IFCPOLYLOOP((#5083,#5068,#5067,#5082));
#888=IFCPOLYLOOP((#5084,#5063,#5068,#5083));
#889=IFCPOLYLOOP((#5070,#5064,#5063,#5084));
#890=IFCPOLYLOOP((#4832,#5085,#5086,#4844));
#891=IFCPOLYLOOP((#4831,#5087,#5085,#4832));
#892=IFCPOLYLOOP((#4833,#5088,#5087,#4831));
#893=IFCPOLYLOOP((#4830,#5089,#5088,#4833));
#894=IFCPOLYLOOP((#4829,#5090,#5089,#4830));
#895=IFCPOLYLOOP((#4838,#5091,#5090,#4829));
#896=IFCPOLYLOOP((#4835,#5092,#5091,#4838));
#897=IFCPOLYLOOP((#4834,#5093,#5092,#4835));
#898=IFCPOLYLOOP((#4837,#5094,#5093,#4834));
#899=IFCPOLYLOOP((#4836,#5095,#5094,#4837));
#900=IFCPOLYLOOP((#4839,#5096,#5095,#4836));
#901=IFCPOLYLOOP((#4841,#5097,#5096,#4839));
#902=IFCPOLYLOOP((#4840,#5098,#5097,#4841));
#903=IFCPOLYLOOP((#4843,#5099,#5098,#4840));
#904=IFCPOLYLOOP((#4842,#5100,#5099,#4843));
#905=IFCPOLYLOOP((#4844,#5086,#5100,#4842));
#906=IFCPOLYLOOP((#5101,#5102,#5091,#5092));
#907=IFCPOLYLOOP((#5103,#5104,#5088,#5089));
#908=IFCPOLYLOOP((#5102,#5105,#5090,#5091));
#909=IFCPOLYLOOP((#5104,#5106,#5087,#5088));
#910=IFCPOLYLOOP((#5107,#5108,#5086,#5085));
#911=IFCPOLYLOOP((#5089,#5090,#5105,#5103));
#912=IFCPOLYLOOP((#5108,#5109,#5100,#5086));
#913=IFCPOLYLOOP((#5110,#5111,#5093,#5094));
#914=IFCPOLYLOOP((#5085,#5087,#5106,#5107));
#915=IFCPOLYLOOP((#5112,#5113,#5098,#5099));
#916=IFCPOLYLOOP((#5114,#5115,#5096,#5097));
#917=IFCPOLYLOOP((#5094,#5095,#5116,#5110));
#918=IFCPOLYLOOP((#5099,#5100,#5109,#5112));
#919=IFCPOLYLOOP((#5095,#5096,#5115,#5116));
#920=IFCPOLYLOOP((#5097,#5098,#5113,#5114));
#921=IFCPOLYLOOP((#5092,#5093,#5111,#5101));
#922=IFCPOLYLOOP((#5117,#5101,#5111,#5118));
#923=IFCPOLYLOOP((#5119,#5102,#5101,#5117));
#924=IFCPOLYLOOP((#5120,#5105,#5102,#5119));
#925=IFCPOLYLOOP((#5121,#5103,#5105,#5120));
#926=IFCPOLYLOOP((#5122,#5104,#5103,#5121));
#927=IFCPOLYLOOP((#5123,#5106,#5104,#5122));
#928=IFCPOLYLOOP((#5124,#5107,#5106,#5123));
#929=IFCPOLYLOOP((#5125,#5108,#5107,#5124));
#930=IFCPOLYLOOP((#5126,#5109,#5108,#5125));
#931=IFCPOLYLOOP((#5127,#5112,#5109,#5126));
#932=IFCPOLYLOOP((#5128,#5113,#5112,#5127));
#933=IFCPOLYLOOP((#5129,#5114,#5113,#5128));
#934=IFCPOLYLOOP((#5130,#5115,#5114,#5129));
#935=IFCPOLYLOOP((#5131,#5116,#5115,#5130));
#936=IFCPOLYLOOP((#5132,#5110,#5116,#5131));
#937=IFCPOLYLOOP((#5118,#5111,#5110,#5132));
#938=IFCPOLYLOOP((#5034,#5033,#4977,#4976));
#939=IFCPOLYLOOP((#5133,#5027,#5026));
#940=IFCPOLYLOOP((#4978,#4977,#5033,#5032));
#941=IFCPOLYLOOP((#4976,#4975,#5034));
#942=IFCPOLYLOOP((#4973,#5134,#5022));
#943=IFCPOLYLOOP((#5134,#5025,#5024));
#944=IFCPOLYLOOP((#5133,#5028,#5027));
#945=IFCPOLYLOOP((#5133,#4979,#5030,#5029));
#946=IFCPOLYLOOP((#5031,#4979,#4978));
#947=IFCPOLYLOOP((#5133,#4688,#4981));
#948=IFCPOLYLOOP((#4973,#5035,#5034));
#949=IFCPOLYLOOP((#5022,#5036,#4973));
#950=IFCPOLYLOOP((#5024,#5023,#5134));
#951=IFCPOLYLOOP((#5029,#5028,#5133));
#952=IFCPOLYLOOP((#5032,#5031,#4978));
#953=IFCPOLYLOOP((#4981,#4980,#5133));
#954=IFCPOLYLOOP((#4688,#4983,#4982));
#955=IFCPOLYLOOP((#5036,#5035,#4973));
#956=IFCPOLYLOOP((#5023,#5021,#5134));
#957=IFCPOLYLOOP((#5031,#5030,#4979));
#958=IFCPOLYLOOP((#4982,#4981,#4688));
#959=IFCPOLYLOOP((#4688,#4687,#4985,#4984));
#960=IFCPOLYLOOP((#4687,#5135,#4987,#4986));
#961=IFCPOLYLOOP((#5135,#5136,#4974,#4988));
#962=IFCPOLYLOOP((#4975,#4973,#5034));
#963=IFCPOLYLOOP((#5026,#5025,#5134,#5133));
#964=IFCPOLYLOOP((#4984,#4983,#4688));
#965=IFCPOLYLOOP((#4988,#4987,#5135));
#966=IFCPOLYLOOP((#5021,#5022,#5134));
#967=IFCPOLYLOOP((#4986,#4985,#4687));
#968=IFCPOLYLOOP((#4980,#4979,#5133));
#969=IFCPOLYLOOP((#4692,#5123,#5137));
#970=IFCPOLYLOOP((#5123,#5138,#5137));
#971=IFCPOLYLOOP((#5137,#5139,#4692));
#972=IFCPOLYLOOP((#5140,#5123,#5122));
#973=IFCPOLYLOOP((#5127,#5133,#5077,#5076));
#974=IFCPOLYLOOP((#5123,#5141,#5138));
#975=IFCPOLYLOOP((#5122,#5121,#5142,#5140));
#976=IFCPOLYLOOP((#4692,#5133,#5125));
#977=IFCPOLYLOOP((#5076,#5128,#5127));
#978=IFCPOLYLOOP((#4692,#5143,#5144));
#979=IFCPOLYLOOP((#5140,#5141,#5123));
#980=IFCPOLYLOOP((#5133,#5126,#5125));
#981=IFCPOLYLOOP((#5133,#5078,#5077));
#982=IFCPOLYLOOP((#5133,#5134,#5081,#5080));
#983=IFCPOLYLOOP((#5130,#5129,#5073,#5072));
#984=IFCPOLYLOOP((#5145,#5142,#5121,#5120));
#985=IFCPOLYLOOP((#5119,#5146,#5147));
#986=IFCPOLYLOOP((#4692,#5139,#5143));
#987=IFCPOLYLOOP((#4692,#5124,#5123));
#988=IFCPOLYLOOP((#5127,#5126,#5133));
#989=IFCPOLYLOOP((#5080,#5079,#5133));
#990=IFCPOLYLOOP((#5071,#5131,#5130));
#991=IFCPOLYLOOP((#5147,#5145,#5119));
#992=IFCPOLYLOOP((#4693,#5148,#5149));
#993=IFCPOLYLOOP((#5079,#5078,#5133));
#994=IFCPOLYLOOP((#5128,#5075,#5074));
#995=IFCPOLYLOOP((#5071,#5132,#5131));
#996=IFCPOLYLOOP((#5120,#5119,#5145));
#997=IFCPOLYLOOP((#5149,#5150,#4693));
#998=IFCPOLYLOOP((#5125,#5124,#4692));
#999=IFCPOLYLOOP((#5128,#5076,#5075));
#1000=IFCPOLYLOOP((#5072,#5071,#5130));
#1001=IFCPOLYLOOP((#5119,#5117,#5146));
#1002=IFCPOLYLOOP((#5150,#5151,#4693));
#1003=IFCPOLYLOOP((#5074,#5073,#5129,#5128));
#1004=IFCPOLYLOOP((#5152,#5069,#5070));
#1005=IFCPOLYLOOP((#5069,#5152,#5118,#5132));
#1006=IFCPOLYLOOP((#5152,#5153,#5154,#5146));
#1007=IFCPOLYLOOP((#5144,#5148,#4693,#4692));
#1008=IFCPOLYLOOP((#5134,#5083,#5082));
#1009=IFCPOLYLOOP((#5071,#5069,#5132));
#1010=IFCPOLYLOOP((#5151,#5154,#5153,#4693));
#1011=IFCPOLYLOOP((#5134,#5084,#5083));
#1012=IFCPOLYLOOP((#5117,#5118,#5152,#5146));
#1013=IFCPOLYLOOP((#5134,#5070,#5084));
#1014=IFCPOLYLOOP((#5082,#5081,#5134));
#1015=IFCPOLYLOOP((#5070,#5134,#5152));
#1016=IFCPOLYLOOP((#4692,#4683,#4681,#5133));
#1017=IFCPOLYLOOP((#4973,#4974,#5136,#5134));
#1018=IFCPOLYLOOP((#5133,#4681,#4680,#4688));
#1019=IFCPOLYLOOP((#5151,#5155,#5156,#5154));
#1020=IFCPOLYLOOP((#5150,#5157,#5155,#5151));
#1021=IFCPOLYLOOP((#5149,#5158,#5157,#5150));
#1022=IFCPOLYLOOP((#5148,#5159,#5158,#5149));
#1023=IFCPOLYLOOP((#5144,#5160,#5159,#5148));
#1024=IFCPOLYLOOP((#5143,#5161,#5160,#5144));
#1025=IFCPOLYLOOP((#5139,#5162,#5161,#5143));
#1026=IFCPOLYLOOP((#5137,#5163,#5162,#5139));
#1027=IFCPOLYLOOP((#5138,#5164,#5163,#5137));
#1028=IFCPOLYLOOP((#5141,#5165,#5164,#5138));
#1029=IFCPOLYLOOP((#5140,#5166,#5165,#5141));
#1030=IFCPOLYLOOP((#5142,#5167,#5166,#5140));
#1031=IFCPOLYLOOP((#5145,#5168,#5167,#5142));
#1032=IFCPOLYLOOP((#5147,#5169,#5168,#5145));
#1033=IFCPOLYLOOP((#5146,#5170,#5169,#5147));
#1034=IFCPOLYLOOP((#5154,#5156,#5170,#5146));
#1035=IFCPOLYLOOP((#5167,#5168,#5171,#5172));
#1036=IFCPOLYLOOP((#5155,#5157,#5173,#5174));
#1037=IFCPOLYLOOP((#5159,#5160,#5175,#5176));
#1038=IFCPOLYLOOP((#5168,#5169,#5177,#5171));
#1039=IFCPOLYLOOP((#5157,#5158,#5178,#5173));
#1040=IFCPOLYLOOP((#5160,#5161,#5179,#5175));
#1041=IFCPOLYLOOP((#5162,#5163,#5180,#5181));
#1042=IFCPOLYLOOP((#5164,#5165,#5182,#5183));
#1043=IFCPOLYLOOP((#5169,#5170,#5184,#5177));
#1044=IFCPOLYLOOP((#5176,#5178,#5158,#5159));
#1045=IFCPOLYLOOP((#5183,#5180,#5163,#5164));
#1046=IFCPOLYLOOP((#5172,#5185,#5166,#5167));
#1047=IFCPOLYLOOP((#5181,#5179,#5161,#5162));
#1048=IFCPOLYLOOP((#5170,#5156,#5186,#5184));
#1049=IFCPOLYLOOP((#5185,#5182,#5165,#5166));
#1050=IFCPOLYLOOP((#5174,#5186,#5156,#5155));
#1051=IFCPOLYLOOP((#4804,#5181,#5180,#4811));
#1052=IFCPOLYLOOP((#4803,#5179,#5181,#4804));
#1053=IFCPOLYLOOP((#4805,#5175,#5179,#4803));
#1054=IFCPOLYLOOP((#4801,#5176,#5175,#4805));
#1055=IFCPOLYLOOP((#4800,#5178,#5176,#4801));
#1056=IFCPOLYLOOP((#4809,#5173,#5178,#4800));
#1057=IFCPOLYLOOP((#4807,#5174,#5173,#4809));
#1058=IFCPOLYLOOP((#4806,#5186,#5174,#4807));
#1059=IFCPOLYLOOP((#4808,#5184,#5186,#4806));
#1060=IFCPOLYLOOP((#4802,#5177,#5184,#4808));
#1061=IFCPOLYLOOP((#4799,#5171,#5177,#4802));
#1062=IFCPOLYLOOP((#4798,#5172,#5171,#4799));
#1063=IFCPOLYLOOP((#4797,#5185,#5172,#4798));
#1064=IFCPOLYLOOP((#4810,#5182,#5185,#4797));
#1065=IFCPOLYLOOP((#4812,#5183,#5182,#4810));
#1066=IFCPOLYLOOP((#4811,#5180,#5183,#4812));
#1067=IFCPOLYLOOP((#5187,#5188,#5189));
#1068=IFCPOLYLOOP((#5190,#5191,#5192));
#1069=IFCPOLYLOOP((#5189,#5193,#5190,#5187));
#1070=IFCPOLYLOOP((#5187,#5194,#5195));
#1071=IFCPOLYLOOP((#4695,#5196,#5197));
#1072=IFCPOLYLOOP((#5193,#5191,#5190));
#1073=IFCPOLYLOOP((#5195,#5198,#5187));
#1074=IFCPOLYLOOP((#4695,#5199,#5196));
#1075=IFCPOLYLOOP((#4694,#5200,#5201));
#1076=IFCPOLYLOOP((#4694,#5190,#5202,#5203));
#1077=IFCPOLYLOOP((#5198,#5188,#5187));
#1078=IFCPOLYLOOP((#4695,#5204,#5199));
#1079=IFCPOLYLOOP((#5203,#5200,#4694));
#1080=IFCPOLYLOOP((#5197,#5194,#5187,#4695));
#1081=IFCPOLYLOOP((#5192,#5202,#5190));
#1082=IFCPOLYLOOP((#5205,#5206,#5207));
#1083=IFCPOLYLOOP((#5190,#5208,#5209));
#1084=IFCPOLYLOOP((#5190,#5210,#5211));
#1085=IFCPOLYLOOP((#5209,#5206,#5205,#5190));
#1086=IFCPOLYLOOP((#5211,#5212,#5190));
#1087=IFCPOLYLOOP((#4694,#5213,#5214));
#1088=IFCPOLYLOOP((#4694,#5215,#5216));
#1089=IFCPOLYLOOP((#5212,#5208,#5190));
#1090=IFCPOLYLOOP((#5216,#5213,#4694));
#1091=IFCPOLYLOOP((#4697,#5217,#5218));
#1092=IFCPOLYLOOP((#5205,#5219,#5220));
#1093=IFCPOLYLOOP((#5214,#5210,#5190,#4694));
#1094=IFCPOLYLOOP((#5218,#5221,#4697));
#1095=IFCPOLYLOOP((#5207,#5219,#5205));
#1096=IFCPOLYLOOP((#5220,#5217,#4697,#5205));
#1097=IFCPOLYLOOP((#5222,#5223,#5224));
#1098=IFCPOLYLOOP((#5222,#5205,#5225,#5226));
#1099=IFCPOLYLOOP((#5222,#5227,#5228));
#1100=IFCPOLYLOOP((#5226,#5223,#5222));
#1101=IFCPOLYLOOP((#4731,#5229,#5230));
#1102=IFCPOLYLOOP((#5224,#5227,#5222));
#1103=IFCPOLYLOOP((#5205,#5231,#5232));
#1104=IFCPOLYLOOP((#5205,#4697,#5233,#5234));
#1105=IFCPOLYLOOP((#4697,#5235,#5236));
#1106=IFCPOLYLOOP((#5230,#5237,#4731));
#1107=IFCPOLYLOOP((#5232,#5225,#5205));
#1108=IFCPOLYLOOP((#5236,#5233,#4697));
#1109=IFCPOLYLOOP((#5228,#5229,#4731,#5222));
#1110=IFCPOLYLOOP((#4697,#4731,#5238,#5235));
#1111=IFCPOLYLOOP((#5234,#5231,#5205));
#1112=IFCPOLYLOOP((#5239,#5240,#5241));
#1113=IFCPOLYLOOP((#5239,#5222,#5242,#5243));
#1114=IFCPOLYLOOP((#5239,#5244,#5245));
#1115=IFCPOLYLOOP((#5243,#5240,#5239));
#1116=IFCPOLYLOOP((#4730,#5246,#5247));
#1117=IFCPOLYLOOP((#5241,#5244,#5239));
#1118=IFCPOLYLOOP((#5222,#5248,#5249));
#1119=IFCPOLYLOOP((#5222,#4731,#5250,#5251));
#1120=IFCPOLYLOOP((#4731,#5252,#5253));
#1121=IFCPOLYLOOP((#5247,#5254,#4730));
#1122=IFCPOLYLOOP((#5249,#5242,#5222));
#1123=IFCPOLYLOOP((#5253,#5250,#4731));
#1124=IFCPOLYLOOP((#5245,#5246,#4730,#5239));
#1125=IFCPOLYLOOP((#4731,#4730,#5255,#5252));
#1126=IFCPOLYLOOP((#5251,#5248,#5222));
#1127=IFCPOLYLOOP((#4732,#5256,#5257));
#1128=IFCPOLYLOOP((#5258,#5259,#5260));
#1129=IFCPOLYLOOP((#5239,#5261,#5262));
#1130=IFCPOLYLOOP((#5239,#4730,#5263,#5264));
#1131=IFCPOLYLOOP((#4732,#5265,#5256));
#1132=IFCPOLYLOOP((#5258,#5266,#5259));
#1133=IFCPOLYLOOP((#5262,#5267,#5258,#5239));
#1134=IFCPOLYLOOP((#4730,#5268,#5263));
#1135=IFCPOLYLOOP((#5260,#5265,#4732,#5258));
#1136=IFCPOLYLOOP((#5267,#5269,#5258));
#1137=IFCPOLYLOOP((#5264,#5270,#5239));
#1138=IFCPOLYLOOP((#4730,#4732,#5271,#5272));
#1139=IFCPOLYLOOP((#5269,#5266,#5258));
#1140=IFCPOLYLOOP((#5272,#5268,#4730));
#1141=IFCPOLYLOOP((#5270,#5261,#5239));
#1142=IFCPOLYLOOP((#4690,#5273,#5274));
#1143=IFCPOLYLOOP((#4689,#5275,#5276));
#1144=IFCPOLYLOOP((#5258,#5277,#5278));
#1145=IFCPOLYLOOP((#5258,#4732,#5279,#5280));
#1146=IFCPOLYLOOP((#4690,#5281,#5273));
#1147=IFCPOLYLOOP((#4689,#5282,#5275));
#1148=IFCPOLYLOOP((#5278,#5283,#5258));
#1149=IFCPOLYLOOP((#4732,#5284,#5279));
#1150=IFCPOLYLOOP((#5276,#5281,#4690,#4689));
#1151=IFCPOLYLOOP((#5283,#5285,#4689,#5258));
#1152=IFCPOLYLOOP((#5280,#5286,#5258));
#1153=IFCPOLYLOOP((#4732,#5287,#5288));
#1154=IFCPOLYLOOP((#5285,#5282,#4689));
#1155=IFCPOLYLOOP((#5288,#5284,#4732));
#1156=IFCPOLYLOOP((#5286,#5277,#5258));
#1157=IFCPOLYLOOP((#5274,#5287,#4732,#4690));
#1158=IFCPOLYLOOP((#4689,#4693,#5153,#5258));
#1159=IFCPOLYLOOP((#5257,#5271,#4732));
#1160=IFCPOLYLOOP((#5258,#5153,#5152,#5239));
#1161=IFCPOLYLOOP((#5254,#5255,#4730));
#1162=IFCPOLYLOOP((#5239,#5152,#5134,#5222));
#1163=IFCPOLYLOOP((#5237,#5238,#4731));
#1164=IFCPOLYLOOP((#5222,#5134,#5205));
#1165=IFCPOLYLOOP((#5221,#5215,#4694,#4697));
#1166=IFCPOLYLOOP((#5205,#5134,#5136,#5190));
#1167=IFCPOLYLOOP((#5201,#5204,#4695,#4694));
#1168=IFCPOLYLOOP((#5190,#5136,#5135,#5187));
#1169=IFCPOLYLOOP((#4695,#5187,#4686,#4685));
#1170=IFCPOLYLOOP((#5187,#5135,#4687,#4686));
#1171=IFCPOLYLOOP((#5225,#5289,#5290,#5226));
#1172=IFCPOLYLOOP((#5232,#5291,#5289,#5225));
#1173=IFCPOLYLOOP((#5231,#5292,#5291,#5232));
#1174=IFCPOLYLOOP((#5234,#5293,#5292,#5231));
#1175=IFCPOLYLOOP((#5233,#5294,#5293,#5234));
#1176=IFCPOLYLOOP((#5236,#5295,#5294,#5233));
#1177=IFCPOLYLOOP((#5235,#5296,#5295,#5236));
#1178=IFCPOLYLOOP((#5238,#5297,#5296,#5235));
#1179=IFCPOLYLOOP((#5237,#5298,#5297,#5238));
#1180=IFCPOLYLOOP((#5230,#5299,#5298,#5237));
#1181=IFCPOLYLOOP((#5229,#5300,#5299,#5230));
#1182=IFCPOLYLOOP((#5228,#5301,#5300,#5229));
#1183=IFCPOLYLOOP((#5227,#5302,#5301,#5228));
#1184=IFCPOLYLOOP((#5224,#5303,#5302,#5227));
#1185=IFCPOLYLOOP((#5223,#5304,#5303,#5224));
#1186=IFCPOLYLOOP((#5226,#5290,#5304,#5223));
#1187=IFCPOLYLOOP((#5290,#5289,#5305,#5306));
#1188=IFCPOLYLOOP((#5292,#5293,#5307,#5308));
#1189=IFCPOLYLOOP((#5300,#5301,#5309,#5310));
#1190=IFCPOLYLOOP((#5306,#5311,#5304,#5290));
#1191=IFCPOLYLOOP((#5308,#5312,#5291,#5292));
#1192=IFCPOLYLOOP((#5310,#5313,#5299,#5300));
#1193=IFCPOLYLOOP((#5302,#5303,#5314,#5315));
#1194=IFCPOLYLOOP((#5312,#5305,#5289,#5291));
#1195=IFCPOLYLOOP((#5295,#5296,#5316,#5317));
#1196=IFCPOLYLOOP((#5313,#5318,#5298,#5299));
#1197=IFCPOLYLOOP((#5311,#5314,#5303,#5304));
#1198=IFCPOLYLOOP((#5317,#5319,#5294,#5295));
#1199=IFCPOLYLOOP((#5315,#5309,#5301,#5302));
#1200=IFCPOLYLOOP((#5296,#5297,#5320,#5316));
#1201=IFCPOLYLOOP((#5319,#5307,#5293,#5294));
#1202=IFCPOLYLOOP((#5318,#5320,#5297,#5298));
#1203=IFCPOLYLOOP((#5318,#5321,#5322,#5320));
#1204=IFCPOLYLOOP((#5313,#5323,#5321,#5318));
#1205=IFCPOLYLOOP((#5310,#5324,#5323,#5313));
#1206=IFCPOLYLOOP((#5309,#5325,#5324,#5310));
#1207=IFCPOLYLOOP((#5315,#5326,#5325,#5309));
#1208=IFCPOLYLOOP((#5314,#5327,#5326,#5315));
#1209=IFCPOLYLOOP((#5311,#5328,#5327,#5314));
#1210=IFCPOLYLOOP((#5306,#5329,#5328,#5311));
#1211=IFCPOLYLOOP((#5305,#5330,#5329,#5306));
#1212=IFCPOLYLOOP((#5312,#5331,#5330,#5305));
#1213=IFCPOLYLOOP((#5308,#5332,#5331,#5312));
#1214=IFCPOLYLOOP((#5307,#5333,#5332,#5308));
#1215=IFCPOLYLOOP((#5319,#5334,#5333,#5307));
#1216=IFCPOLYLOOP((#5317,#5335,#5334,#5319));
#1217=IFCPOLYLOOP((#5316,#5336,#5335,#5317));
#1218=IFCPOLYLOOP((#5320,#5322,#5336,#5316));
#1219=IFCPOLYLOOP((#5326,#5327,#5328,#5329,#5330,#5331,#5332,#5333,#5334,
#5335,#5336,#5322,#5321,#5323,#5324,#5325));
#1220=IFCPOLYLOOP((#5262,#5337,#5338,#5267));
#1221=IFCPOLYLOOP((#5261,#5339,#5337,#5262));
#1222=IFCPOLYLOOP((#5270,#5340,#5339,#5261));
#1223=IFCPOLYLOOP((#5264,#5341,#5340,#5270));
#1224=IFCPOLYLOOP((#5263,#5342,#5341,#5264));
#1225=IFCPOLYLOOP((#5268,#5343,#5342,#5263));
#1226=IFCPOLYLOOP((#5272,#5344,#5343,#5268));
#1227=IFCPOLYLOOP((#5271,#5345,#5344,#5272));
#1228=IFCPOLYLOOP((#5257,#5346,#5345,#5271));
#1229=IFCPOLYLOOP((#5256,#5347,#5346,#5257));
#1230=IFCPOLYLOOP((#5265,#5348,#5347,#5256));
#1231=IFCPOLYLOOP((#5260,#5349,#5348,#5265));
#1232=IFCPOLYLOOP((#5259,#5350,#5349,#5260));
#1233=IFCPOLYLOOP((#5266,#5351,#5350,#5259));
#1234=IFCPOLYLOOP((#5269,#5352,#5351,#5266));
#1235=IFCPOLYLOOP((#5267,#5338,#5352,#5269));
#1236=IFCPOLYLOOP((#5338,#5337,#5353,#5354));
#1237=IFCPOLYLOOP((#5354,#5355,#5352,#5338));
#1238=IFCPOLYLOOP((#5346,#5347,#5356,#5357));
#1239=IFCPOLYLOOP((#5355,#5358,#5351,#5352));
#1240=IFCPOLYLOOP((#5339,#5340,#5359,#5360));
#1241=IFCPOLYLOOP((#5347,#5348,#5361,#5356));
#1242=IFCPOLYLOOP((#5349,#5350,#5362,#5363));
#1243=IFCPOLYLOOP((#5360,#5353,#5337,#5339));
#1244=IFCPOLYLOOP((#5341,#5342,#5364,#5365));
#1245=IFCPOLYLOOP((#5363,#5361,#5348,#5349));
#1246=IFCPOLYLOOP((#5365,#5359,#5340,#5341));
#1247=IFCPOLYLOOP((#5343,#5344,#5366,#5367));
#1248=IFCPOLYLOOP((#5358,#5362,#5350,#5351));
#1249=IFCPOLYLOOP((#5344,#5345,#5368,#5366));
#1250=IFCPOLYLOOP((#5367,#5364,#5342,#5343));
#1251=IFCPOLYLOOP((#5357,#5368,#5345,#5346));
#1252=IFCPOLYLOOP((#5357,#5369,#5370,#5368));
#1253=IFCPOLYLOOP((#5356,#5371,#5369,#5357));
#1254=IFCPOLYLOOP((#5361,#5372,#5371,#5356));
#1255=IFCPOLYLOOP((#5363,#5373,#5372,#5361));
#1256=IFCPOLYLOOP((#5362,#5374,#5373,#5363));
#1257=IFCPOLYLOOP((#5358,#5375,#5374,#5362));
#1258=IFCPOLYLOOP((#5355,#5376,#5375,#5358));
#1259=IFCPOLYLOOP((#5354,#5377,#5376,#5355));
#1260=IFCPOLYLOOP((#5353,#5378,#5377,#5354));
#1261=IFCPOLYLOOP((#5360,#5379,#5378,#5353));
#1262=IFCPOLYLOOP((#5359,#5380,#5379,#5360));
#1263=IFCPOLYLOOP((#5365,#5381,#5380,#5359));
#1264=IFCPOLYLOOP((#5364,#5382,#5381,#5365));
#1265=IFCPOLYLOOP((#5367,#5383,#5382,#5364));
#1266=IFCPOLYLOOP((#5366,#5384,#5383,#5367));
#1267=IFCPOLYLOOP((#5368,#5370,#5384,#5366));
#1268=IFCPOLYLOOP((#5374,#5375,#5376,#5377,#5378,#5379,#5380,#5381,#5382,
#5383,#5384,#5370,#5369,#5371,#5372,#5373));
#1269=IFCPOLYLOOP((#5278,#5385,#5386,#5283));
#1270=IFCPOLYLOOP((#5277,#5387,#5385,#5278));
#1271=IFCPOLYLOOP((#5286,#5388,#5387,#5277));
#1272=IFCPOLYLOOP((#5280,#5389,#5388,#5286));
#1273=IFCPOLYLOOP((#5279,#5390,#5389,#5280));
#1274=IFCPOLYLOOP((#5284,#5391,#5390,#5279));
#1275=IFCPOLYLOOP((#5288,#5392,#5391,#5284));
#1276=IFCPOLYLOOP((#5287,#5393,#5392,#5288));
#1277=IFCPOLYLOOP((#5274,#5394,#5393,#5287));
#1278=IFCPOLYLOOP((#5273,#5395,#5394,#5274));
#1279=IFCPOLYLOOP((#5281,#5396,#5395,#5273));
#1280=IFCPOLYLOOP((#5276,#5397,#5396,#5281));
#1281=IFCPOLYLOOP((#5275,#5398,#5397,#5276));
#1282=IFCPOLYLOOP((#5282,#5399,#5398,#5275));
#1283=IFCPOLYLOOP((#5285,#5400,#5399,#5282));
#1284=IFCPOLYLOOP((#5283,#5386,#5400,#5285));
#1285=IFCPOLYLOOP((#5386,#5385,#5401,#5402));
#1286=IFCPOLYLOOP((#5402,#5403,#5400,#5386));
#1287=IFCPOLYLOOP((#5394,#5395,#5404,#5405));
#1288=IFCPOLYLOOP((#5403,#5406,#5399,#5400));
#1289=IFCPOLYLOOP((#5387,#5388,#5407,#5408));
#1290=IFCPOLYLOOP((#5395,#5396,#5409,#5404));
#1291=IFCPOLYLOOP((#5397,#5398,#5410,#5411));
#1292=IFCPOLYLOOP((#5408,#5401,#5385,#5387));
#1293=IFCPOLYLOOP((#5389,#5390,#5412,#5413));
#1294=IFCPOLYLOOP((#5411,#5409,#5396,#5397));
#1295=IFCPOLYLOOP((#5413,#5407,#5388,#5389));
#1296=IFCPOLYLOOP((#5391,#5392,#5414,#5415));
#1297=IFCPOLYLOOP((#5406,#5410,#5398,#5399));
#1298=IFCPOLYLOOP((#5392,#5393,#5416,#5414));
#1299=IFCPOLYLOOP((#5415,#5412,#5390,#5391));
#1300=IFCPOLYLOOP((#5405,#5416,#5393,#5394));
#1301=IFCPOLYLOOP((#5405,#5417,#5418,#5416));
#1302=IFCPOLYLOOP((#5404,#5419,#5417,#5405));
#1303=IFCPOLYLOOP((#5409,#5420,#5419,#5404));
#1304=IFCPOLYLOOP((#5411,#5421,#5420,#5409));
#1305=IFCPOLYLOOP((#5410,#5422,#5421,#5411));
#1306=IFCPOLYLOOP((#5406,#5423,#5422,#5410));
#1307=IFCPOLYLOOP((#5403,#5424,#5423,#5406));
#1308=IFCPOLYLOOP((#5402,#5425,#5424,#5403));
#1309=IFCPOLYLOOP((#5401,#5426,#5425,#5402));
#1310=IFCPOLYLOOP((#5408,#5427,#5426,#5401));
#1311=IFCPOLYLOOP((#5407,#5428,#5427,#5408));
#1312=IFCPOLYLOOP((#5413,#5429,#5428,#5407));
#1313=IFCPOLYLOOP((#5412,#5430,#5429,#5413));
#1314=IFCPOLYLOOP((#5415,#5431,#5430,#5412));
#1315=IFCPOLYLOOP((#5414,#5432,#5431,#5415));
#1316=IFCPOLYLOOP((#5416,#5418,#5432,#5414));
#1317=IFCPOLYLOOP((#5422,#5423,#5424,#5425,#5426,#5427,#5428,#5429,#5430,
#5431,#5432,#5418,#5417,#5419,#5420,#5421));
#1318=IFCPOLYLOOP((#5188,#5433,#5434,#5189));
#1319=IFCPOLYLOOP((#5198,#5435,#5433,#5188));
#1320=IFCPOLYLOOP((#5195,#5436,#5435,#5198));
#1321=IFCPOLYLOOP((#5194,#5437,#5436,#5195));
#1322=IFCPOLYLOOP((#5197,#5438,#5437,#5194));
#1323=IFCPOLYLOOP((#5196,#5439,#5438,#5197));
#1324=IFCPOLYLOOP((#5199,#5440,#5439,#5196));
#1325=IFCPOLYLOOP((#5204,#5441,#5440,#5199));
#1326=IFCPOLYLOOP((#5201,#5442,#5441,#5204));
#1327=IFCPOLYLOOP((#5200,#5443,#5442,#5201));
#1328=IFCPOLYLOOP((#5203,#5444,#5443,#5200));
#1329=IFCPOLYLOOP((#5202,#5445,#5444,#5203));
#1330=IFCPOLYLOOP((#5192,#5446,#5445,#5202));
#1331=IFCPOLYLOOP((#5191,#5447,#5446,#5192));
#1332=IFCPOLYLOOP((#5193,#5448,#5447,#5191));
#1333=IFCPOLYLOOP((#5189,#5434,#5448,#5193));
#1334=IFCPOLYLOOP((#5448,#5434,#5449,#5450));
#1335=IFCPOLYLOOP((#5443,#5444,#5451,#5452));
#1336=IFCPOLYLOOP((#5445,#5446,#5453,#5454));
#1337=IFCPOLYLOOP((#5434,#5433,#5455,#5449));
#1338=IFCPOLYLOOP((#5437,#5438,#5456,#5457));
#1339=IFCPOLYLOOP((#5452,#5458,#5442,#5443));
#1340=IFCPOLYLOOP((#5446,#5447,#5459,#5453));
#1341=IFCPOLYLOOP((#5433,#5435,#5460,#5455));
#1342=IFCPOLYLOOP((#5457,#5461,#5436,#5437));
#1343=IFCPOLYLOOP((#5454,#5451,#5444,#5445));
#1344=IFCPOLYLOOP((#5461,#5460,#5435,#5436));
#1345=IFCPOLYLOOP((#5439,#5440,#5462,#5463));
#1346=IFCPOLYLOOP((#5450,#5459,#5447,#5448));
#1347=IFCPOLYLOOP((#5440,#5441,#5464,#5462));
#1348=IFCPOLYLOOP((#5463,#5456,#5438,#5439));
#1349=IFCPOLYLOOP((#5458,#5464,#5441,#5442));
#1350=IFCPOLYLOOP((#5458,#5465,#5466,#5464));
#1351=IFCPOLYLOOP((#5452,#5467,#5465,#5458));
#1352=IFCPOLYLOOP((#5451,#5468,#5467,#5452));
#1353=IFCPOLYLOOP((#5454,#5469,#5468,#5451));
#1354=IFCPOLYLOOP((#5453,#5470,#5469,#5454));
#1355=IFCPOLYLOOP((#5459,#5471,#5470,#5453));
#1356=IFCPOLYLOOP((#5450,#5472,#5471,#5459));
#1357=IFCPOLYLOOP((#5449,#5473,#5472,#5450));
#1358=IFCPOLYLOOP((#5455,#5474,#5473,#5449));
#1359=IFCPOLYLOOP((#5460,#5475,#5474,#5455));
#1360=IFCPOLYLOOP((#5461,#5476,#5475,#5460));
#1361=IFCPOLYLOOP((#5457,#5477,#5476,#5461));
#1362=IFCPOLYLOOP((#5456,#5478,#5477,#5457));
#1363=IFCPOLYLOOP((#5463,#5479,#5478,#5456));
#1364=IFCPOLYLOOP((#5462,#5480,#5479,#5463));
#1365=IFCPOLYLOOP((#5464,#5466,#5480,#5462));
#1366=IFCPOLYLOOP((#5470,#5471,#5472,#5473,#5474,#5475,#5476,#5477,#5478,
#5479,#5480,#5466,#5465,#5467,#5468,#5469));
#1367=IFCPOLYLOOP((#5242,#5481,#5482,#5243));
#1368=IFCPOLYLOOP((#5249,#5483,#5481,#5242));
#1369=IFCPOLYLOOP((#5248,#5484,#5483,#5249));
#1370=IFCPOLYLOOP((#5251,#5485,#5484,#5248));
#1371=IFCPOLYLOOP((#5250,#5486,#5485,#5251));
#1372=IFCPOLYLOOP((#5253,#5487,#5486,#5250));
#1373=IFCPOLYLOOP((#5252,#5488,#5487,#5253));
#1374=IFCPOLYLOOP((#5255,#5489,#5488,#5252));
#1375=IFCPOLYLOOP((#5254,#5490,#5489,#5255));
#1376=IFCPOLYLOOP((#5247,#5491,#5490,#5254));
#1377=IFCPOLYLOOP((#5246,#5492,#5491,#5247));
#1378=IFCPOLYLOOP((#5245,#5493,#5492,#5246));
#1379=IFCPOLYLOOP((#5244,#5494,#5493,#5245));
#1380=IFCPOLYLOOP((#5241,#5495,#5494,#5244));
#1381=IFCPOLYLOOP((#5240,#5496,#5495,#5241));
#1382=IFCPOLYLOOP((#5243,#5482,#5496,#5240));
#1383=IFCPOLYLOOP((#5482,#5481,#5497,#5498));
#1384=IFCPOLYLOOP((#5484,#5485,#5499,#5500));
#1385=IFCPOLYLOOP((#5492,#5493,#5501,#5502));
#1386=IFCPOLYLOOP((#5498,#5503,#5496,#5482));
#1387=IFCPOLYLOOP((#5500,#5504,#5483,#5484));
#1388=IFCPOLYLOOP((#5502,#5505,#5491,#5492));
#1389=IFCPOLYLOOP((#5494,#5495,#5506,#5507));
#1390=IFCPOLYLOOP((#5504,#5497,#5481,#5483));
#1391=IFCPOLYLOOP((#5487,#5488,#5508,#5509));
#1392=IFCPOLYLOOP((#5505,#5510,#5490,#5491));
#1393=IFCPOLYLOOP((#5503,#5506,#5495,#5496));
#1394=IFCPOLYLOOP((#5509,#5511,#5486,#5487));
#1395=IFCPOLYLOOP((#5507,#5501,#5493,#5494));
#1396=IFCPOLYLOOP((#5488,#5489,#5512,#5508));
#1397=IFCPOLYLOOP((#5511,#5499,#5485,#5486));
#1398=IFCPOLYLOOP((#5510,#5512,#5489,#5490));
#1399=IFCPOLYLOOP((#5510,#5513,#5514,#5512));
#1400=IFCPOLYLOOP((#5505,#5515,#5513,#5510));
#1401=IFCPOLYLOOP((#5502,#5516,#5515,#5505));
#1402=IFCPOLYLOOP((#5501,#5517,#5516,#5502));
#1403=IFCPOLYLOOP((#5507,#5518,#5517,#5501));
#1404=IFCPOLYLOOP((#5506,#5519,#5518,#5507));
#1405=IFCPOLYLOOP((#5503,#5520,#5519,#5506));
#1406=IFCPOLYLOOP((#5498,#5521,#5520,#5503));
#1407=IFCPOLYLOOP((#5497,#5522,#5521,#5498));
#1408=IFCPOLYLOOP((#5504,#5523,#5522,#5497));
#1409=IFCPOLYLOOP((#5500,#5524,#5523,#5504));
#1410=IFCPOLYLOOP((#5499,#5525,#5524,#5500));
#1411=IFCPOLYLOOP((#5511,#5526,#5525,#5499));
#1412=IFCPOLYLOOP((#5509,#5527,#5526,#5511));
#1413=IFCPOLYLOOP((#5508,#5528,#5527,#5509));
#1414=IFCPOLYLOOP((#5512,#5514,#5528,#5508));
#1415=IFCPOLYLOOP((#5518,#5519,#5520,#5521,#5522,#5523,#5524,#5525,#5526,
#5527,#5528,#5514,#5513,#5515,#5516,#5517));
#1416=IFCPOLYLOOP((#5208,#5529,#5530,#5209));
#1417=IFCPOLYLOOP((#5212,#5531,#5529,#5208));
#1418=IFCPOLYLOOP((#5211,#5532,#5531,#5212));
#1419=IFCPOLYLOOP((#5210,#5533,#5532,#5211));
#1420=IFCPOLYLOOP((#5214,#5534,#5533,#5210));
#1421=IFCPOLYLOOP((#5213,#5535,#5534,#5214));
#1422=IFCPOLYLOOP((#5216,#5536,#5535,#5213));
#1423=IFCPOLYLOOP((#5215,#5537,#5536,#5216));
#1424=IFCPOLYLOOP((#5221,#5538,#5537,#5215));
#1425=IFCPOLYLOOP((#5218,#5539,#5538,#5221));
#1426=IFCPOLYLOOP((#5217,#5540,#5539,#5218));
#1427=IFCPOLYLOOP((#5220,#5541,#5540,#5217));
#1428=IFCPOLYLOOP((#5219,#5542,#5541,#5220));
#1429=IFCPOLYLOOP((#5207,#5543,#5542,#5219));
#1430=IFCPOLYLOOP((#5206,#5544,#5543,#5207));
#1431=IFCPOLYLOOP((#5209,#5530,#5544,#5206));
#1432=IFCPOLYLOOP((#5544,#5530,#5545,#5546));
#1433=IFCPOLYLOOP((#5530,#5529,#5547,#5545));
#1434=IFCPOLYLOOP((#5531,#5532,#5548,#5549));
#1435=IFCPOLYLOOP((#5549,#5547,#5529,#5531));
#1436=IFCPOLYLOOP((#5534,#5535,#5550,#5551));
#1437=IFCPOLYLOOP((#5536,#5537,#5552,#5553));
#1438=IFCPOLYLOOP((#5540,#5541,#5554,#5555));
#1439=IFCPOLYLOOP((#5532,#5533,#5556,#5548));
#1440=IFCPOLYLOOP((#5553,#5550,#5535,#5536));
#1441=IFCPOLYLOOP((#5555,#5557,#5539,#5540));
#1442=IFCPOLYLOOP((#5542,#5543,#5558,#5559));
#1443=IFCPOLYLOOP((#5551,#5556,#5533,#5534));
#1444=IFCPOLYLOOP((#5557,#5560,#5538,#5539));
#1445=IFCPOLYLOOP((#5546,#5558,#5543,#5544));
#1446=IFCPOLYLOOP((#5559,#5554,#5541,#5542));
#1447=IFCPOLYLOOP((#5560,#5552,#5537,#5538));
#1448=IFCPOLYLOOP((#5560,#5561,#5562,#5552));
#1449=IFCPOLYLOOP((#5557,#5563,#5561,#5560));
#1450=IFCPOLYLOOP((#5555,#5564,#5563,#5557));
#1451=IFCPOLYLOOP((#5554,#5565,#5564,#5555));
#1452=IFCPOLYLOOP((#5559,#5566,#5565,#5554));
#1453=IFCPOLYLOOP((#5558,#5567,#5566,#5559));
#1454=IFCPOLYLOOP((#5546,#5568,#5567,#5558));
#1455=IFCPOLYLOOP((#5545,#5569,#5568,#5546));
#1456=IFCPOLYLOOP((#5547,#5570,#5569,#5545));
#1457=IFCPOLYLOOP((#5549,#5571,#5570,#5547));
#1458=IFCPOLYLOOP((#5548,#5572,#5571,#5549));
#1459=IFCPOLYLOOP((#5556,#5573,#5572,#5548));
#1460=IFCPOLYLOOP((#5551,#5574,#5573,#5556));
#1461=IFCPOLYLOOP((#5550,#5575,#5574,#5551));
#1462=IFCPOLYLOOP((#5553,#5576,#5575,#5550));
#1463=IFCPOLYLOOP((#5552,#5562,#5576,#5553));
#1464=IFCPOLYLOOP((#5566,#5567,#5568,#5569,#5570,#5571,#5572,#5573,#5574,
#5575,#5576,#5562,#5561,#5563,#5564,#5565));
#1465=IFCFACEOUTERBOUND(#26,.T.);
#1466=IFCFACEOUTERBOUND(#27,.T.);
#1467=IFCFACEOUTERBOUND(#28,.T.);
#1468=IFCFACEOUTERBOUND(#29,.T.);
#1469=IFCFACEOUTERBOUND(#30,.T.);
#1470=IFCFACEOUTERBOUND(#31,.T.);
#1471=IFCFACEOUTERBOUND(#32,.T.);
#1472=IFCFACEOUTERBOUND(#33,.T.);
#1473=IFCFACEOUTERBOUND(#34,.T.);
#1474=IFCFACEOUTERBOUND(#35,.T.);
#1475=IFCFACEOUTERBOUND(#36,.T.);
#1476=IFCFACEOUTERBOUND(#37,.T.);
#1477=IFCFACEOUTERBOUND(#38,.T.);
#1478=IFCFACEOUTERBOUND(#39,.T.);
#1479=IFCFACEOUTERBOUND(#40,.T.);
#1480=IFCFACEOUTERBOUND(#41,.T.);
#1481=IFCFACEOUTERBOUND(#42,.T.);
#1482=IFCFACEOUTERBOUND(#43,.T.);
#1483=IFCFACEOUTERBOUND(#44,.T.);
#1484=IFCFACEOUTERBOUND(#45,.T.);
#1485=IFCFACEOUTERBOUND(#46,.T.);
#1486=IFCFACEOUTERBOUND(#47,.T.);
#1487=IFCFACEOUTERBOUND(#48,.T.);
#1488=IFCFACEOUTERBOUND(#49,.T.);
#1489=IFCFACEOUTERBOUND(#50,.T.);
#1490=IFCFACEOUTERBOUND(#51,.T.);
#1491=IFCFACEOUTERBOUND(#52,.T.);
#1492=IFCFACEOUTERBOUND(#53,.T.);
#1493=IFCFACEOUTERBOUND(#54,.T.);
#1494=IFCFACEOUTERBOUND(#55,.T.);
#1495=IFCFACEOUTERBOUND(#56,.T.);
#1496=IFCFACEOUTERBOUND(#57,.T.);
#1497=IFCFACEOUTERBOUND(#58,.T.);
#1498=IFCFACEOUTERBOUND(#59,.T.);
#1499=IFCFACEOUTERBOUND(#60,.T.);
#1500=IFCFACEOUTERBOUND(#61,.T.);
#1501=IFCFACEOUTERBOUND(#62,.T.);
#1502=IFCFACEOUTERBOUND(#63,.T.);
#1503=IFCFACEOUTERBOUND(#64,.T.);
#1504=IFCFACEOUTERBOUND(#65,.T.);
#1505=IFCFACEOUTERBOUND(#66,.T.);
#1506=IFCFACEOUTERBOUND(#67,.T.);
#1507=IFCFACEOUTERBOUND(#68,.T.);
#1508=IFCFACEOUTERBOUND(#69,.T.);
#1509=IFCFACEOUTERBOUND(#70,.T.);
#1510=IFCFACEOUTERBOUND(#71,.T.);
#1511=IFCFACEOUTERBOUND(#72,.T.);
#1512=IFCFACEOUTERBOUND(#73,.T.);
#1513=IFCFACEOUTERBOUND(#74,.T.);
#1514=IFCFACEOUTERBOUND(#75,.T.);
#1515=IFCFACEOUTERBOUND(#76,.T.);
#1516=IFCFACEOUTERBOUND(#77,.T.);
#1517=IFCFACEOUTERBOUND(#78,.T.);
#1518=IFCFACEOUTERBOUND(#79,.T.);
#1519=IFCFACEOUTERBOUND(#80,.T.);
#1520=IFCFACEOUTERBOUND(#81,.T.);
#1521=IFCFACEOUTERBOUND(#82,.T.);
#1522=IFCFACEOUTERBOUND(#83,.T.);
#1523=IFCFACEOUTERBOUND(#84,.T.);
#1524=IFCFACEOUTERBOUND(#85,.T.);
#1525=IFCFACEOUTERBOUND(#86,.T.);
#1526=IFCFACEOUTERBOUND(#87,.T.);
#1527=IFCFACEOUTERBOUND(#88,.T.);
#1528=IFCFACEOUTERBOUND(#89,.T.);
#1529=IFCFACEOUTERBOUND(#90,.T.);
#1530=IFCFACEOUTERBOUND(#91,.T.);
#1531=IFCFACEOUTERBOUND(#92,.T.);
#1532=IFCFACEOUTERBOUND(#93,.T.);
#1533=IFCFACEOUTERBOUND(#94,.T.);
#1534=IFCFACEOUTERBOUND(#95,.T.);
#1535=IFCFACEOUTERBOUND(#96,.T.);
#1536=IFCFACEOUTERBOUND(#97,.T.);
#1537=IFCFACEOUTERBOUND(#98,.T.);
#1538=IFCFACEOUTERBOUND(#99,.T.);
#1539=IFCFACEOUTERBOUND(#100,.T.);
#1540=IFCFACEOUTERBOUND(#101,.T.);
#1541=IFCFACEOUTERBOUND(#102,.T.);
#1542=IFCFACEOUTERBOUND(#103,.T.);
#1543=IFCFACEOUTERBOUND(#104,.T.);
#1544=IFCFACEOUTERBOUND(#105,.T.);
#1545=IFCFACEOUTERBOUND(#106,.T.);
#1546=IFCFACEOUTERBOUND(#107,.T.);
#1547=IFCFACEOUTERBOUND(#108,.T.);
#1548=IFCFACEOUTERBOUND(#109,.T.);
#1549=IFCFACEOUTERBOUND(#110,.T.);
#1550=IFCFACEOUTERBOUND(#111,.T.);
#1551=IFCFACEOUTERBOUND(#112,.T.);
#1552=IFCFACEOUTERBOUND(#113,.T.);
#1553=IFCFACEOUTERBOUND(#114,.T.);
#1554=IFCFACEOUTERBOUND(#115,.T.);
#1555=IFCFACEOUTERBOUND(#116,.T.);
#1556=IFCFACEOUTERBOUND(#117,.T.);
#1557=IFCFACEOUTERBOUND(#118,.T.);
#1558=IFCFACEOUTERBOUND(#119,.T.);
#1559=IFCFACEOUTERBOUND(#120,.T.);
#1560=IFCFACEOUTERBOUND(#121,.T.);
#1561=IFCFACEOUTERBOUND(#122,.T.);
#1562=IFCFACEOUTERBOUND(#123,.T.);
#1563=IFCFACEOUTERBOUND(#124,.T.);
#1564=IFCFACEOUTERBOUND(#125,.T.);
#1565=IFCFACEOUTERBOUND(#126,.T.);
#1566=IFCFACEOUTERBOUND(#127,.T.);
#1567=IFCFACEOUTERBOUND(#128,.T.);
#1568=IFCFACEOUTERBOUND(#129,.T.);
#1569=IFCFACEOUTERBOUND(#130,.T.);
#1570=IFCFACEOUTERBOUND(#131,.T.);
#1571=IFCFACEOUTERBOUND(#132,.T.);
#1572=IFCFACEOUTERBOUND(#133,.T.);
#1573=IFCFACEOUTERBOUND(#134,.T.);
#1574=IFCFACEOUTERBOUND(#135,.T.);
#1575=IFCFACEOUTERBOUND(#136,.T.);
#1576=IFCFACEOUTERBOUND(#137,.T.);
#1577=IFCFACEOUTERBOUND(#138,.T.);
#1578=IFCFACEOUTERBOUND(#139,.T.);
#1579=IFCFACEOUTERBOUND(#140,.T.);
#1580=IFCFACEOUTERBOUND(#141,.T.);
#1581=IFCFACEOUTERBOUND(#142,.T.);
#1582=IFCFACEOUTERBOUND(#143,.T.);
#1583=IFCFACEOUTERBOUND(#144,.T.);
#1584=IFCFACEOUTERBOUND(#145,.T.);
#1585=IFCFACEOUTERBOUND(#146,.T.);
#1586=IFCFACEOUTERBOUND(#147,.T.);
#1587=IFCFACEOUTERBOUND(#148,.T.);
#1588=IFCFACEOUTERBOUND(#149,.T.);
#1589=IFCFACEOUTERBOUND(#150,.T.);
#1590=IFCFACEOUTERBOUND(#151,.T.);
#1591=IFCFACEOUTERBOUND(#152,.T.);
#1592=IFCFACEOUTERBOUND(#153,.T.);
#1593=IFCFACEOUTERBOUND(#154,.T.);
#1594=IFCFACEOUTERBOUND(#155,.T.);
#1595=IFCFACEOUTERBOUND(#156,.T.);
#1596=IFCFACEOUTERBOUND(#157,.T.);
#1597=IFCFACEOUTERBOUND(#158,.T.);
#1598=IFCFACEOUTERBOUND(#159,.T.);
#1599=IFCFACEOUTERBOUND(#160,.T.);
#1600=IFCFACEOUTERBOUND(#161,.T.);
#1601=IFCFACEOUTERBOUND(#162,.T.);
#1602=IFCFACEOUTERBOUND(#163,.T.);
#1603=IFCFACEOUTERBOUND(#164,.T.);
#1604=IFCFACEOUTERBOUND(#165,.T.);
#1605=IFCFACEOUTERBOUND(#166,.T.);
#1606=IFCFACEOUTERBOUND(#167,.T.);
#1607=IFCFACEOUTERBOUND(#168,.T.);
#1608=IFCFACEOUTERBOUND(#169,.T.);
#1609=IFCFACEOUTERBOUND(#170,.T.);
#1610=IFCFACEOUTERBOUND(#171,.T.);
#1611=IFCFACEOUTERBOUND(#172,.T.);
#1612=IFCFACEOUTERBOUND(#173,.T.);
#1613=IFCFACEOUTERBOUND(#174,.T.);
#1614=IFCFACEOUTERBOUND(#175,.T.);
#1615=IFCFACEOUTERBOUND(#176,.T.);
#1616=IFCFACEOUTERBOUND(#177,.T.);
#1617=IFCFACEOUTERBOUND(#178,.T.);
#1618=IFCFACEOUTERBOUND(#179,.T.);
#1619=IFCFACEOUTERBOUND(#180,.T.);
#1620=IFCFACEOUTERBOUND(#181,.T.);
#1621=IFCFACEOUTERBOUND(#182,.T.);
#1622=IFCFACEOUTERBOUND(#183,.T.);
#1623=IFCFACEOUTERBOUND(#184,.T.);
#1624=IFCFACEOUTERBOUND(#185,.T.);
#1625=IFCFACEOUTERBOUND(#186,.T.);
#1626=IFCFACEOUTERBOUND(#187,.T.);
#1627=IFCFACEOUTERBOUND(#188,.T.);
#1628=IFCFACEOUTERBOUND(#189,.T.);
#1629=IFCFACEOUTERBOUND(#190,.T.);
#1630=IFCFACEOUTERBOUND(#191,.T.);
#1631=IFCFACEOUTERBOUND(#192,.T.);
#1632=IFCFACEOUTERBOUND(#193,.T.);
#1633=IFCFACEOUTERBOUND(#194,.T.);
#1634=IFCFACEOUTERBOUND(#195,.T.);
#1635=IFCFACEOUTERBOUND(#196,.T.);
#1636=IFCFACEOUTERBOUND(#197,.T.);
#1637=IFCFACEOUTERBOUND(#198,.T.);
#1638=IFCFACEOUTERBOUND(#199,.T.);
#1639=IFCFACEOUTERBOUND(#200,.T.);
#1640=IFCFACEOUTERBOUND(#201,.T.);
#1641=IFCFACEOUTERBOUND(#202,.T.);
#1642=IFCFACEOUTERBOUND(#203,.T.);
#1643=IFCFACEOUTERBOUND(#204,.T.);
#1644=IFCFACEOUTERBOUND(#205,.T.);
#1645=IFCFACEOUTERBOUND(#206,.T.);
#1646=IFCFACEOUTERBOUND(#207,.T.);
#1647=IFCFACEOUTERBOUND(#208,.T.);
#1648=IFCFACEOUTERBOUND(#209,.T.);
#1649=IFCFACEOUTERBOUND(#210,.T.);
#1650=IFCFACEOUTERBOUND(#211,.T.);
#1651=IFCFACEOUTERBOUND(#212,.T.);
#1652=IFCFACEOUTERBOUND(#213,.T.);
#1653=IFCFACEOUTERBOUND(#214,.T.);
#1654=IFCFACEOUTERBOUND(#215,.T.);
#1655=IFCFACEOUTERBOUND(#216,.T.);
#1656=IFCFACEOUTERBOUND(#217,.T.);
#1657=IFCFACEOUTERBOUND(#218,.T.);
#1658=IFCFACEOUTERBOUND(#219,.T.);
#1659=IFCFACEOUTERBOUND(#220,.T.);
#1660=IFCFACEOUTERBOUND(#221,.T.);
#1661=IFCFACEOUTERBOUND(#222,.T.);
#1662=IFCFACEOUTERBOUND(#223,.T.);
#1663=IFCFACEOUTERBOUND(#224,.T.);
#1664=IFCFACEOUTERBOUND(#225,.T.);
#1665=IFCFACEOUTERBOUND(#226,.T.);
#1666=IFCFACEOUTERBOUND(#227,.T.);
#1667=IFCFACEOUTERBOUND(#228,.T.);
#1668=IFCFACEOUTERBOUND(#229,.T.);
#1669=IFCFACEOUTERBOUND(#230,.T.);
#1670=IFCFACEOUTERBOUND(#231,.T.);
#1671=IFCFACEOUTERBOUND(#232,.T.);
#1672=IFCFACEOUTERBOUND(#233,.T.);
#1673=IFCFACEOUTERBOUND(#234,.T.);
#1674=IFCFACEOUTERBOUND(#235,.T.);
#1675=IFCFACEOUTERBOUND(#236,.T.);
#1676=IFCFACEOUTERBOUND(#237,.T.);
#1677=IFCFACEOUTERBOUND(#238,.T.);
#1678=IFCFACEOUTERBOUND(#239,.T.);
#1679=IFCFACEOUTERBOUND(#240,.T.);
#1680=IFCFACEOUTERBOUND(#241,.T.);
#1681=IFCFACEOUTERBOUND(#242,.T.);
#1682=IFCFACEOUTERBOUND(#243,.T.);
#1683=IFCFACEOUTERBOUND(#244,.T.);
#1684=IFCFACEOUTERBOUND(#245,.T.);
#1685=IFCFACEOUTERBOUND(#246,.T.);
#1686=IFCFACEOUTERBOUND(#247,.T.);
#1687=IFCFACEOUTERBOUND(#248,.T.);
#1688=IFCFACEOUTERBOUND(#249,.T.);
#1689=IFCFACEOUTERBOUND(#250,.T.);
#1690=IFCFACEOUTERBOUND(#251,.T.);
#1691=IFCFACEOUTERBOUND(#252,.T.);
#1692=IFCFACEOUTERBOUND(#253,.T.);
#1693=IFCFACEOUTERBOUND(#254,.T.);
#1694=IFCFACEOUTERBOUND(#255,.T.);
#1695=IFCFACEOUTERBOUND(#256,.T.);
#1696=IFCFACEOUTERBOUND(#257,.T.);
#1697=IFCFACEOUTERBOUND(#258,.T.);
#1698=IFCFACEOUTERBOUND(#259,.T.);
#1699=IFCFACEOUTERBOUND(#260,.T.);
#1700=IFCFACEOUTERBOUND(#261,.T.);
#1701=IFCFACEOUTERBOUND(#262,.T.);
#1702=IFCFACEOUTERBOUND(#263,.T.);
#1703=IFCFACEOUTERBOUND(#264,.T.);
#1704=IFCFACEOUTERBOUND(#265,.T.);
#1705=IFCFACEOUTERBOUND(#266,.T.);
#1706=IFCFACEOUTERBOUND(#267,.T.);
#1707=IFCFACEOUTERBOUND(#268,.T.);
#1708=IFCFACEOUTERBOUND(#269,.T.);
#1709=IFCFACEOUTERBOUND(#270,.T.);
#1710=IFCFACEOUTERBOUND(#271,.T.);
#1711=IFCFACEOUTERBOUND(#272,.T.);
#1712=IFCFACEOUTERBOUND(#273,.T.);
#1713=IFCFACEOUTERBOUND(#274,.T.);
#1714=IFCFACEOUTERBOUND(#275,.T.);
#1715=IFCFACEOUTERBOUND(#276,.T.);
#1716=IFCFACEOUTERBOUND(#277,.T.);
#1717=IFCFACEOUTERBOUND(#278,.T.);
#1718=IFCFACEOUTERBOUND(#279,.T.);
#1719=IFCFACEOUTERBOUND(#280,.T.);
#1720=IFCFACEOUTERBOUND(#281,.T.);
#1721=IFCFACEOUTERBOUND(#282,.T.);
#1722=IFCFACEOUTERBOUND(#283,.T.);
#1723=IFCFACEOUTERBOUND(#284,.T.);
#1724=IFCFACEOUTERBOUND(#285,.T.);
#1725=IFCFACEOUTERBOUND(#286,.T.);
#1726=IFCFACEOUTERBOUND(#287,.T.);
#1727=IFCFACEOUTERBOUND(#288,.T.);
#1728=IFCFACEOUTERBOUND(#289,.T.);
#1729=IFCFACEOUTERBOUND(#290,.T.);
#1730=IFCFACEOUTERBOUND(#291,.T.);
#1731=IFCFACEOUTERBOUND(#292,.T.);
#1732=IFCFACEOUTERBOUND(#293,.T.);
#1733=IFCFACEOUTERBOUND(#294,.T.);
#1734=IFCFACEOUTERBOUND(#295,.T.);
#1735=IFCFACEOUTERBOUND(#296,.T.);
#1736=IFCFACEOUTERBOUND(#297,.T.);
#1737=IFCFACEOUTERBOUND(#298,.T.);
#1738=IFCFACEOUTERBOUND(#299,.T.);
#1739=IFCFACEOUTERBOUND(#300,.T.);
#1740=IFCFACEOUTERBOUND(#301,.T.);
#1741=IFCFACEOUTERBOUND(#302,.T.);
#1742=IFCFACEOUTERBOUND(#303,.T.);
#1743=IFCFACEOUTERBOUND(#304,.T.);
#1744=IFCFACEOUTERBOUND(#305,.T.);
#1745=IFCFACEOUTERBOUND(#306,.T.);
#1746=IFCFACEOUTERBOUND(#307,.T.);
#1747=IFCFACEOUTERBOUND(#308,.T.);
#1748=IFCFACEOUTERBOUND(#309,.T.);
#1749=IFCFACEOUTERBOUND(#310,.T.);
#1750=IFCFACEOUTERBOUND(#311,.T.);
#1751=IFCFACEOUTERBOUND(#312,.T.);
#1752=IFCFACEOUTERBOUND(#313,.T.);
#1753=IFCFACEOUTERBOUND(#314,.T.);
#1754=IFCFACEOUTERBOUND(#315,.T.);
#1755=IFCFACEOUTERBOUND(#316,.T.);
#1756=IFCFACEOUTERBOUND(#317,.T.);
#1757=IFCFACEOUTERBOUND(#318,.T.);
#1758=IFCFACEOUTERBOUND(#319,.T.);
#1759=IFCFACEOUTERBOUND(#320,.T.);
#1760=IFCFACEOUTERBOUND(#321,.T.);
#1761=IFCFACEOUTERBOUND(#322,.T.);
#1762=IFCFACEOUTERBOUND(#323,.T.);
#1763=IFCFACEOUTERBOUND(#324,.T.);
#1764=IFCFACEOUTERBOUND(#325,.T.);
#1765=IFCFACEOUTERBOUND(#326,.T.);
#1766=IFCFACEOUTERBOUND(#327,.T.);
#1767=IFCFACEOUTERBOUND(#328,.T.);
#1768=IFCFACEOUTERBOUND(#329,.T.);
#1769=IFCFACEOUTERBOUND(#330,.T.);
#1770=IFCFACEOUTERBOUND(#331,.T.);
#1771=IFCFACEOUTERBOUND(#332,.T.);
#1772=IFCFACEOUTERBOUND(#333,.T.);
#1773=IFCFACEOUTERBOUND(#334,.T.);
#1774=IFCFACEOUTERBOUND(#335,.T.);
#1775=IFCFACEOUTERBOUND(#336,.T.);
#1776=IFCFACEOUTERBOUND(#337,.T.);
#1777=IFCFACEOUTERBOUND(#338,.T.);
#1778=IFCFACEOUTERBOUND(#339,.T.);
#1779=IFCFACEOUTERBOUND(#340,.T.);
#1780=IFCFACEOUTERBOUND(#341,.T.);
#1781=IFCFACEOUTERBOUND(#342,.T.);
#1782=IFCFACEOUTERBOUND(#343,.T.);
#1783=IFCFACEOUTERBOUND(#344,.T.);
#1784=IFCFACEOUTERBOUND(#345,.T.);
#1785=IFCFACEOUTERBOUND(#346,.T.);
#1786=IFCFACEOUTERBOUND(#347,.T.);
#1787=IFCFACEOUTERBOUND(#348,.T.);
#1788=IFCFACEOUTERBOUND(#349,.T.);
#1789=IFCFACEOUTERBOUND(#350,.T.);
#1790=IFCFACEOUTERBOUND(#351,.T.);
#1791=IFCFACEOUTERBOUND(#352,.T.);
#1792=IFCFACEOUTERBOUND(#353,.T.);
#1793=IFCFACEOUTERBOUND(#354,.T.);
#1794=IFCFACEOUTERBOUND(#355,.T.);
#1795=IFCFACEOUTERBOUND(#356,.T.);
#1796=IFCFACEOUTERBOUND(#357,.T.);
#1797=IFCFACEOUTERBOUND(#358,.T.);
#1798=IFCFACEOUTERBOUND(#359,.T.);
#1799=IFCFACEOUTERBOUND(#360,.T.);
#1800=IFCFACEOUTERBOUND(#361,.T.);
#1801=IFCFACEOUTERBOUND(#362,.T.);
#1802=IFCFACEOUTERBOUND(#363,.T.);
#1803=IFCFACEOUTERBOUND(#364,.T.);
#1804=IFCFACEOUTERBOUND(#365,.T.);
#1805=IFCFACEOUTERBOUND(#366,.T.);
#1806=IFCFACEOUTERBOUND(#367,.T.);
#1807=IFCFACEOUTERBOUND(#368,.T.);
#1808=IFCFACEOUTERBOUND(#369,.T.);
#1809=IFCFACEOUTERBOUND(#370,.T.);
#1810=IFCFACEOUTERBOUND(#371,.T.);
#1811=IFCFACEOUTERBOUND(#372,.T.);
#1812=IFCFACEOUTERBOUND(#373,.T.);
#1813=IFCFACEOUTERBOUND(#374,.T.);
#1814=IFCFACEOUTERBOUND(#375,.T.);
#1815=IFCFACEOUTERBOUND(#376,.T.);
#1816=IFCFACEOUTERBOUND(#377,.T.);
#1817=IFCFACEOUTERBOUND(#378,.T.);
#1818=IFCFACEOUTERBOUND(#379,.T.);
#1819=IFCFACEOUTERBOUND(#380,.T.);
#1820=IFCFACEOUTERBOUND(#381,.T.);
#1821=IFCFACEOUTERBOUND(#382,.T.);
#1822=IFCFACEOUTERBOUND(#383,.T.);
#1823=IFCFACEOUTERBOUND(#384,.T.);
#1824=IFCFACEOUTERBOUND(#385,.T.);
#1825=IFCFACEOUTERBOUND(#386,.T.);
#1826=IFCFACEOUTERBOUND(#387,.T.);
#1827=IFCFACEOUTERBOUND(#388,.T.);
#1828=IFCFACEOUTERBOUND(#389,.T.);
#1829=IFCFACEOUTERBOUND(#390,.T.);
#1830=IFCFACEOUTERBOUND(#391,.T.);
#1831=IFCFACEOUTERBOUND(#392,.T.);
#1832=IFCFACEOUTERBOUND(#393,.T.);
#1833=IFCFACEOUTERBOUND(#394,.T.);
#1834=IFCFACEOUTERBOUND(#395,.T.);
#1835=IFCFACEOUTERBOUND(#396,.T.);
#1836=IFCFACEOUTERBOUND(#397,.T.);
#1837=IFCFACEOUTERBOUND(#398,.T.);
#1838=IFCFACEOUTERBOUND(#399,.T.);
#1839=IFCFACEOUTERBOUND(#400,.T.);
#1840=IFCFACEOUTERBOUND(#401,.T.);
#1841=IFCFACEOUTERBOUND(#402,.T.);
#1842=IFCFACEOUTERBOUND(#403,.T.);
#1843=IFCFACEOUTERBOUND(#404,.T.);
#1844=IFCFACEOUTERBOUND(#405,.T.);
#1845=IFCFACEOUTERBOUND(#406,.T.);
#1846=IFCFACEOUTERBOUND(#407,.T.);
#1847=IFCFACEOUTERBOUND(#408,.T.);
#1848=IFCFACEOUTERBOUND(#409,.T.);
#1849=IFCFACEOUTERBOUND(#410,.T.);
#1850=IFCFACEOUTERBOUND(#411,.T.);
#1851=IFCFACEOUTERBOUND(#412,.T.);
#1852=IFCFACEOUTERBOUND(#413,.T.);
#1853=IFCFACEOUTERBOUND(#414,.T.);
#1854=IFCFACEOUTERBOUND(#415,.T.);
#1855=IFCFACEOUTERBOUND(#416,.T.);
#1856=IFCFACEOUTERBOUND(#417,.T.);
#1857=IFCFACEOUTERBOUND(#418,.T.);
#1858=IFCFACEOUTERBOUND(#419,.T.);
#1859=IFCFACEOUTERBOUND(#420,.T.);
#1860=IFCFACEOUTERBOUND(#421,.T.);
#1861=IFCFACEOUTERBOUND(#422,.T.);
#1862=IFCFACEOUTERBOUND(#423,.T.);
#1863=IFCFACEOUTERBOUND(#424,.T.);
#1864=IFCFACEOUTERBOUND(#425,.T.);
#1865=IFCFACEOUTERBOUND(#426,.T.);
#1866=IFCFACEOUTERBOUND(#427,.T.);
#1867=IFCFACEOUTERBOUND(#428,.T.);
#1868=IFCFACEOUTERBOUND(#429,.T.);
#1869=IFCFACEOUTERBOUND(#430,.T.);
#1870=IFCFACEOUTERBOUND(#431,.T.);
#1871=IFCFACEOUTERBOUND(#432,.T.);
#1872=IFCFACEOUTERBOUND(#433,.T.);
#1873=IFCFACEOUTERBOUND(#434,.T.);
#1874=IFCFACEOUTERBOUND(#435,.T.);
#1875=IFCFACEOUTERBOUND(#436,.T.);
#1876=IFCFACEOUTERBOUND(#437,.T.);
#1877=IFCFACEOUTERBOUND(#438,.T.);
#1878=IFCFACEOUTERBOUND(#439,.T.);
#1879=IFCFACEOUTERBOUND(#440,.T.);
#1880=IFCFACEOUTERBOUND(#441,.T.);
#1881=IFCFACEOUTERBOUND(#442,.T.);
#1882=IFCFACEOUTERBOUND(#443,.T.);
#1883=IFCFACEOUTERBOUND(#444,.T.);
#1884=IFCFACEOUTERBOUND(#445,.T.);
#1885=IFCFACEOUTERBOUND(#446,.T.);
#1886=IFCFACEOUTERBOUND(#447,.T.);
#1887=IFCFACEOUTERBOUND(#448,.T.);
#1888=IFCFACEOUTERBOUND(#449,.T.);
#1889=IFCFACEOUTERBOUND(#450,.T.);
#1890=IFCFACEOUTERBOUND(#451,.T.);
#1891=IFCFACEOUTERBOUND(#452,.T.);
#1892=IFCFACEOUTERBOUND(#453,.T.);
#1893=IFCFACEOUTERBOUND(#454,.T.);
#1894=IFCFACEOUTERBOUND(#455,.T.);
#1895=IFCFACEOUTERBOUND(#456,.T.);
#1896=IFCFACEOUTERBOUND(#457,.T.);
#1897=IFCFACEOUTERBOUND(#458,.T.);
#1898=IFCFACEOUTERBOUND(#459,.T.);
#1899=IFCFACEOUTERBOUND(#460,.T.);
#1900=IFCFACEOUTERBOUND(#461,.T.);
#1901=IFCFACEOUTERBOUND(#462,.T.);
#1902=IFCFACEOUTERBOUND(#463,.T.);
#1903=IFCFACEOUTERBOUND(#464,.T.);
#1904=IFCFACEOUTERBOUND(#465,.T.);
#1905=IFCFACEOUTERBOUND(#466,.T.);
#1906=IFCFACEOUTERBOUND(#467,.T.);
#1907=IFCFACEOUTERBOUND(#468,.T.);
#1908=IFCFACEOUTERBOUND(#469,.T.);
#1909=IFCFACEOUTERBOUND(#470,.T.);
#1910=IFCFACEOUTERBOUND(#471,.T.);
#1911=IFCFACEOUTERBOUND(#472,.T.);
#1912=IFCFACEOUTERBOUND(#473,.T.);
#1913=IFCFACEOUTERBOUND(#474,.T.);
#1914=IFCFACEOUTERBOUND(#475,.T.);
#1915=IFCFACEOUTERBOUND(#476,.T.);
#1916=IFCFACEOUTERBOUND(#477,.T.);
#1917=IFCFACEOUTERBOUND(#478,.T.);
#1918=IFCFACEOUTERBOUND(#479,.T.);
#1919=IFCFACEOUTERBOUND(#480,.T.);
#1920=IFCFACEOUTERBOUND(#481,.T.);
#1921=IFCFACEOUTERBOUND(#482,.T.);
#1922=IFCFACEOUTERBOUND(#483,.T.);
#1923=IFCFACEOUTERBOUND(#484,.T.);
#1924=IFCFACEOUTERBOUND(#485,.T.);
#1925=IFCFACEOUTERBOUND(#486,.T.);
#1926=IFCFACEOUTERBOUND(#487,.T.);
#1927=IFCFACEOUTERBOUND(#488,.T.);
#1928=IFCFACEOUTERBOUND(#489,.T.);
#1929=IFCFACEOUTERBOUND(#490,.T.);
#1930=IFCFACEOUTERBOUND(#491,.T.);
#1931=IFCFACEOUTERBOUND(#492,.T.);
#1932=IFCFACEOUTERBOUND(#493,.T.);
#1933=IFCFACEOUTERBOUND(#494,.T.);
#1934=IFCFACEOUTERBOUND(#495,.T.);
#1935=IFCFACEOUTERBOUND(#496,.T.);
#1936=IFCFACEOUTERBOUND(#497,.T.);
#1937=IFCFACEOUTERBOUND(#498,.T.);
#1938=IFCFACEOUTERBOUND(#499,.T.);
#1939=IFCFACEOUTERBOUND(#500,.T.);
#1940=IFCFACEOUTERBOUND(#501,.T.);
#1941=IFCFACEOUTERBOUND(#502,.T.);
#1942=IFCFACEOUTERBOUND(#503,.T.);
#1943=IFCFACEOUTERBOUND(#504,.T.);
#1944=IFCFACEOUTERBOUND(#505,.T.);
#1945=IFCFACEOUTERBOUND(#506,.T.);
#1946=IFCFACEOUTERBOUND(#507,.T.);
#1947=IFCFACEOUTERBOUND(#508,.T.);
#1948=IFCFACEOUTERBOUND(#509,.T.);
#1949=IFCFACEOUTERBOUND(#510,.T.);
#1950=IFCFACEOUTERBOUND(#511,.T.);
#1951=IFCFACEOUTERBOUND(#512,.T.);
#1952=IFCFACEOUTERBOUND(#513,.T.);
#1953=IFCFACEOUTERBOUND(#514,.T.);
#1954=IFCFACEOUTERBOUND(#515,.T.);
#1955=IFCFACEOUTERBOUND(#516,.T.);
#1956=IFCFACEOUTERBOUND(#517,.T.);
#1957=IFCFACEOUTERBOUND(#518,.T.);
#1958=IFCFACEOUTERBOUND(#519,.T.);
#1959=IFCFACEOUTERBOUND(#520,.T.);
#1960=IFCFACEOUTERBOUND(#521,.T.);
#1961=IFCFACEOUTERBOUND(#522,.T.);
#1962=IFCFACEOUTERBOUND(#523,.T.);
#1963=IFCFACEOUTERBOUND(#524,.T.);
#1964=IFCFACEOUTERBOUND(#525,.T.);
#1965=IFCFACEOUTERBOUND(#526,.T.);
#1966=IFCFACEOUTERBOUND(#527,.T.);
#1967=IFCFACEOUTERBOUND(#528,.T.);
#1968=IFCFACEOUTERBOUND(#529,.T.);
#1969=IFCFACEOUTERBOUND(#530,.T.);
#1970=IFCFACEOUTERBOUND(#531,.T.);
#1971=IFCFACEOUTERBOUND(#532,.T.);
#1972=IFCFACEOUTERBOUND(#533,.T.);
#1973=IFCFACEOUTERBOUND(#534,.T.);
#1974=IFCFACEOUTERBOUND(#535,.T.);
#1975=IFCFACEOUTERBOUND(#536,.T.);
#1976=IFCFACEOUTERBOUND(#537,.T.);
#1977=IFCFACEOUTERBOUND(#538,.T.);
#1978=IFCFACEOUTERBOUND(#539,.T.);
#1979=IFCFACEOUTERBOUND(#540,.T.);
#1980=IFCFACEOUTERBOUND(#541,.T.);
#1981=IFCFACEOUTERBOUND(#542,.T.);
#1982=IFCFACEOUTERBOUND(#543,.T.);
#1983=IFCFACEOUTERBOUND(#544,.T.);
#1984=IFCFACEOUTERBOUND(#545,.T.);
#1985=IFCFACEOUTERBOUND(#546,.T.);
#1986=IFCFACEOUTERBOUND(#547,.T.);
#1987=IFCFACEOUTERBOUND(#548,.T.);
#1988=IFCFACEOUTERBOUND(#549,.T.);
#1989=IFCFACEOUTERBOUND(#550,.T.);
#1990=IFCFACEOUTERBOUND(#551,.T.);
#1991=IFCFACEOUTERBOUND(#552,.T.);
#1992=IFCFACEOUTERBOUND(#553,.T.);
#1993=IFCFACEOUTERBOUND(#554,.T.);
#1994=IFCFACEOUTERBOUND(#555,.T.);
#1995=IFCFACEOUTERBOUND(#556,.T.);
#1996=IFCFACEOUTERBOUND(#557,.T.);
#1997=IFCFACEOUTERBOUND(#558,.T.);
#1998=IFCFACEOUTERBOUND(#559,.T.);
#1999=IFCFACEOUTERBOUND(#560,.T.);
#2000=IFCFACEOUTERBOUND(#561,.T.);
#2001=IFCFACEOUTERBOUND(#562,.T.);
#2002=IFCFACEOUTERBOUND(#563,.T.);
#2003=IFCFACEOUTERBOUND(#564,.T.);
#2004=IFCFACEOUTERBOUND(#565,.T.);
#2005=IFCFACEOUTERBOUND(#566,.T.);
#2006=IFCFACEOUTERBOUND(#567,.T.);
#2007=IFCFACEOUTERBOUND(#568,.T.);
#2008=IFCFACEOUTERBOUND(#569,.T.);
#2009=IFCFACEOUTERBOUND(#570,.T.);
#2010=IFCFACEOUTERBOUND(#571,.T.);
#2011=IFCFACEOUTERBOUND(#572,.T.);
#2012=IFCFACEOUTERBOUND(#573,.T.);
#2013=IFCFACEOUTERBOUND(#574,.T.);
#2014=IFCFACEOUTERBOUND(#575,.T.);
#2015=IFCFACEOUTERBOUND(#576,.T.);
#2016=IFCFACEOUTERBOUND(#577,.T.);
#2017=IFCFACEOUTERBOUND(#578,.T.);
#2018=IFCFACEOUTERBOUND(#579,.T.);
#2019=IFCFACEOUTERBOUND(#580,.T.);
#2020=IFCFACEOUTERBOUND(#581,.T.);
#2021=IFCFACEOUTERBOUND(#582,.T.);
#2022=IFCFACEOUTERBOUND(#583,.T.);
#2023=IFCFACEOUTERBOUND(#584,.T.);
#2024=IFCFACEOUTERBOUND(#585,.T.);
#2025=IFCFACEOUTERBOUND(#586,.T.);
#2026=IFCFACEOUTERBOUND(#587,.T.);
#2027=IFCFACEOUTERBOUND(#588,.T.);
#2028=IFCFACEOUTERBOUND(#589,.T.);
#2029=IFCFACEOUTERBOUND(#590,.T.);
#2030=IFCFACEOUTERBOUND(#591,.T.);
#2031=IFCFACEOUTERBOUND(#592,.T.);
#2032=IFCFACEOUTERBOUND(#593,.T.);
#2033=IFCFACEOUTERBOUND(#594,.T.);
#2034=IFCFACEOUTERBOUND(#595,.T.);
#2035=IFCFACEOUTERBOUND(#596,.T.);
#2036=IFCFACEOUTERBOUND(#597,.T.);
#2037=IFCFACEOUTERBOUND(#598,.T.);
#2038=IFCFACEOUTERBOUND(#599,.T.);
#2039=IFCFACEOUTERBOUND(#600,.T.);
#2040=IFCFACEOUTERBOUND(#601,.T.);
#2041=IFCFACEOUTERBOUND(#602,.T.);
#2042=IFCFACEOUTERBOUND(#603,.T.);
#2043=IFCFACEOUTERBOUND(#604,.T.);
#2044=IFCFACEOUTERBOUND(#605,.T.);
#2045=IFCFACEOUTERBOUND(#606,.T.);
#2046=IFCFACEOUTERBOUND(#607,.T.);
#2047=IFCFACEOUTERBOUND(#608,.T.);
#2048=IFCFACEOUTERBOUND(#609,.T.);
#2049=IFCFACEOUTERBOUND(#610,.T.);
#2050=IFCFACEOUTERBOUND(#611,.T.);
#2051=IFCFACEOUTERBOUND(#612,.T.);
#2052=IFCFACEOUTERBOUND(#613,.T.);
#2053=IFCFACEOUTERBOUND(#614,.T.);
#2054=IFCFACEOUTERBOUND(#615,.T.);
#2055=IFCFACEOUTERBOUND(#616,.T.);
#2056=IFCFACEOUTERBOUND(#617,.T.);
#2057=IFCFACEOUTERBOUND(#618,.T.);
#2058=IFCFACEOUTERBOUND(#619,.T.);
#2059=IFCFACEOUTERBOUND(#620,.T.);
#2060=IFCFACEOUTERBOUND(#621,.T.);
#2061=IFCFACEOUTERBOUND(#622,.T.);
#2062=IFCFACEOUTERBOUND(#623,.T.);
#2063=IFCFACEOUTERBOUND(#624,.T.);
#2064=IFCFACEOUTERBOUND(#625,.T.);
#2065=IFCFACEOUTERBOUND(#626,.T.);
#2066=IFCFACEOUTERBOUND(#627,.T.);
#2067=IFCFACEOUTERBOUND(#628,.T.);
#2068=IFCFACEOUTERBOUND(#629,.T.);
#2069=IFCFACEOUTERBOUND(#630,.T.);
#2070=IFCFACEOUTERBOUND(#631,.T.);
#2071=IFCFACEOUTERBOUND(#632,.T.);
#2072=IFCFACEOUTERBOUND(#633,.T.);
#2073=IFCFACEOUTERBOUND(#634,.T.);
#2074=IFCFACEOUTERBOUND(#635,.T.);
#2075=IFCFACEOUTERBOUND(#636,.T.);
#2076=IFCFACEOUTERBOUND(#637,.T.);
#2077=IFCFACEOUTERBOUND(#638,.T.);
#2078=IFCFACEOUTERBOUND(#639,.T.);
#2079=IFCFACEOUTERBOUND(#640,.T.);
#2080=IFCFACEOUTERBOUND(#641,.T.);
#2081=IFCFACEOUTERBOUND(#642,.T.);
#2082=IFCFACEOUTERBOUND(#643,.T.);
#2083=IFCFACEOUTERBOUND(#644,.T.);
#2084=IFCFACEOUTERBOUND(#645,.T.);
#2085=IFCFACEOUTERBOUND(#646,.T.);
#2086=IFCFACEOUTERBOUND(#647,.T.);
#2087=IFCFACEOUTERBOUND(#648,.T.);
#2088=IFCFACEOUTERBOUND(#649,.T.);
#2089=IFCFACEOUTERBOUND(#650,.T.);
#2090=IFCFACEOUTERBOUND(#651,.T.);
#2091=IFCFACEOUTERBOUND(#652,.T.);
#2092=IFCFACEOUTERBOUND(#653,.T.);
#2093=IFCFACEOUTERBOUND(#654,.T.);
#2094=IFCFACEOUTERBOUND(#655,.T.);
#2095=IFCFACEOUTERBOUND(#656,.T.);
#2096=IFCFACEOUTERBOUND(#657,.T.);
#2097=IFCFACEOUTERBOUND(#658,.T.);
#2098=IFCFACEOUTERBOUND(#659,.T.);
#2099=IFCFACEOUTERBOUND(#660,.T.);
#2100=IFCFACEOUTERBOUND(#661,.T.);
#2101=IFCFACEOUTERBOUND(#662,.T.);
#2102=IFCFACEOUTERBOUND(#663,.T.);
#2103=IFCFACEOUTERBOUND(#664,.T.);
#2104=IFCFACEOUTERBOUND(#665,.T.);
#2105=IFCFACEOUTERBOUND(#666,.T.);
#2106=IFCFACEOUTERBOUND(#667,.T.);
#2107=IFCFACEOUTERBOUND(#668,.T.);
#2108=IFCFACEOUTERBOUND(#669,.T.);
#2109=IFCFACEOUTERBOUND(#670,.T.);
#2110=IFCFACEOUTERBOUND(#671,.T.);
#2111=IFCFACEOUTERBOUND(#672,.T.);
#2112=IFCFACEOUTERBOUND(#673,.T.);
#2113=IFCFACEOUTERBOUND(#674,.T.);
#2114=IFCFACEOUTERBOUND(#675,.T.);
#2115=IFCFACEOUTERBOUND(#676,.T.);
#2116=IFCFACEOUTERBOUND(#677,.T.);
#2117=IFCFACEOUTERBOUND(#678,.T.);
#2118=IFCFACEOUTERBOUND(#679,.T.);
#2119=IFCFACEOUTERBOUND(#680,.T.);
#2120=IFCFACEOUTERBOUND(#681,.T.);
#2121=IFCFACEOUTERBOUND(#682,.T.);
#2122=IFCFACEOUTERBOUND(#683,.T.);
#2123=IFCFACEOUTERBOUND(#684,.T.);
#2124=IFCFACEOUTERBOUND(#685,.T.);
#2125=IFCFACEOUTERBOUND(#686,.T.);
#2126=IFCFACEOUTERBOUND(#687,.T.);
#2127=IFCFACEOUTERBOUND(#688,.T.);
#2128=IFCFACEOUTERBOUND(#689,.T.);
#2129=IFCFACEOUTERBOUND(#690,.T.);
#2130=IFCFACEOUTERBOUND(#691,.T.);
#2131=IFCFACEOUTERBOUND(#692,.T.);
#2132=IFCFACEOUTERBOUND(#693,.T.);
#2133=IFCFACEOUTERBOUND(#694,.T.);
#2134=IFCFACEOUTERBOUND(#695,.T.);
#2135=IFCFACEOUTERBOUND(#696,.T.);
#2136=IFCFACEOUTERBOUND(#697,.T.);
#2137=IFCFACEOUTERBOUND(#698,.T.);
#2138=IFCFACEOUTERBOUND(#699,.T.);
#2139=IFCFACEOUTERBOUND(#700,.T.);
#2140=IFCFACEOUTERBOUND(#701,.T.);
#2141=IFCFACEOUTERBOUND(#702,.T.);
#2142=IFCFACEOUTERBOUND(#703,.T.);
#2143=IFCFACEOUTERBOUND(#704,.T.);
#2144=IFCFACEOUTERBOUND(#705,.T.);
#2145=IFCFACEOUTERBOUND(#706,.T.);
#2146=IFCFACEOUTERBOUND(#707,.T.);
#2147=IFCFACEOUTERBOUND(#708,.T.);
#2148=IFCFACEOUTERBOUND(#709,.T.);
#2149=IFCFACEOUTERBOUND(#710,.T.);
#2150=IFCFACEOUTERBOUND(#711,.T.);
#2151=IFCFACEOUTERBOUND(#712,.T.);
#2152=IFCFACEOUTERBOUND(#713,.T.);
#2153=IFCFACEOUTERBOUND(#714,.T.);
#2154=IFCFACEOUTERBOUND(#715,.T.);
#2155=IFCFACEOUTERBOUND(#716,.T.);
#2156=IFCFACEOUTERBOUND(#717,.T.);
#2157=IFCFACEOUTERBOUND(#718,.T.);
#2158=IFCFACEOUTERBOUND(#719,.T.);
#2159=IFCFACEOUTERBOUND(#720,.T.);
#2160=IFCFACEOUTERBOUND(#721,.T.);
#2161=IFCFACEOUTERBOUND(#722,.T.);
#2162=IFCFACEOUTERBOUND(#723,.T.);
#2163=IFCFACEOUTERBOUND(#724,.T.);
#2164=IFCFACEOUTERBOUND(#725,.T.);
#2165=IFCFACEOUTERBOUND(#726,.T.);
#2166=IFCFACEOUTERBOUND(#727,.T.);
#2167=IFCFACEOUTERBOUND(#728,.T.);
#2168=IFCFACEOUTERBOUND(#729,.T.);
#2169=IFCFACEOUTERBOUND(#730,.T.);
#2170=IFCFACEOUTERBOUND(#731,.T.);
#2171=IFCFACEOUTERBOUND(#732,.T.);
#2172=IFCFACEOUTERBOUND(#733,.T.);
#2173=IFCFACEOUTERBOUND(#734,.T.);
#2174=IFCFACEOUTERBOUND(#735,.T.);
#2175=IFCFACEOUTERBOUND(#736,.T.);
#2176=IFCFACEOUTERBOUND(#737,.T.);
#2177=IFCFACEOUTERBOUND(#738,.T.);
#2178=IFCFACEOUTERBOUND(#739,.T.);
#2179=IFCFACEOUTERBOUND(#740,.T.);
#2180=IFCFACEOUTERBOUND(#741,.T.);
#2181=IFCFACEOUTERBOUND(#742,.T.);
#2182=IFCFACEOUTERBOUND(#743,.T.);
#2183=IFCFACEOUTERBOUND(#744,.T.);
#2184=IFCFACEOUTERBOUND(#745,.T.);
#2185=IFCFACEOUTERBOUND(#746,.T.);
#2186=IFCFACEOUTERBOUND(#747,.T.);
#2187=IFCFACEOUTERBOUND(#748,.T.);
#2188=IFCFACEOUTERBOUND(#749,.T.);
#2189=IFCFACEOUTERBOUND(#750,.T.);
#2190=IFCFACEOUTERBOUND(#751,.T.);
#2191=IFCFACEOUTERBOUND(#752,.T.);
#2192=IFCFACEOUTERBOUND(#753,.T.);
#2193=IFCFACEOUTERBOUND(#754,.T.);
#2194=IFCFACEOUTERBOUND(#755,.T.);
#2195=IFCFACEOUTERBOUND(#756,.T.);
#2196=IFCFACEOUTERBOUND(#757,.T.);
#2197=IFCFACEOUTERBOUND(#758,.T.);
#2198=IFCFACEOUTERBOUND(#759,.T.);
#2199=IFCFACEOUTERBOUND(#760,.T.);
#2200=IFCFACEOUTERBOUND(#761,.T.);
#2201=IFCFACEOUTERBOUND(#762,.T.);
#2202=IFCFACEOUTERBOUND(#763,.T.);
#2203=IFCFACEOUTERBOUND(#764,.T.);
#2204=IFCFACEOUTERBOUND(#765,.T.);
#2205=IFCFACEOUTERBOUND(#766,.T.);
#2206=IFCFACEOUTERBOUND(#767,.T.);
#2207=IFCFACEOUTERBOUND(#768,.T.);
#2208=IFCFACEOUTERBOUND(#769,.T.);
#2209=IFCFACEOUTERBOUND(#770,.T.);
#2210=IFCFACEOUTERBOUND(#771,.T.);
#2211=IFCFACEOUTERBOUND(#772,.T.);
#2212=IFCFACEOUTERBOUND(#773,.T.);
#2213=IFCFACEOUTERBOUND(#774,.T.);
#2214=IFCFACEOUTERBOUND(#775,.T.);
#2215=IFCFACEOUTERBOUND(#776,.T.);
#2216=IFCFACEOUTERBOUND(#777,.T.);
#2217=IFCFACEOUTERBOUND(#778,.T.);
#2218=IFCFACEOUTERBOUND(#779,.T.);
#2219=IFCFACEOUTERBOUND(#780,.T.);
#2220=IFCFACEOUTERBOUND(#781,.T.);
#2221=IFCFACEOUTERBOUND(#782,.T.);
#2222=IFCFACEOUTERBOUND(#783,.T.);
#2223=IFCFACEOUTERBOUND(#784,.T.);
#2224=IFCFACEOUTERBOUND(#785,.T.);
#2225=IFCFACEOUTERBOUND(#786,.T.);
#2226=IFCFACEOUTERBOUND(#787,.T.);
#2227=IFCFACEOUTERBOUND(#788,.T.);
#2228=IFCFACEOUTERBOUND(#789,.T.);
#2229=IFCFACEOUTERBOUND(#790,.T.);
#2230=IFCFACEOUTERBOUND(#791,.T.);
#2231=IFCFACEOUTERBOUND(#792,.T.);
#2232=IFCFACEOUTERBOUND(#793,.T.);
#2233=IFCFACEOUTERBOUND(#794,.T.);
#2234=IFCFACEOUTERBOUND(#795,.T.);
#2235=IFCFACEOUTERBOUND(#796,.T.);
#2236=IFCFACEOUTERBOUND(#797,.T.);
#2237=IFCFACEOUTERBOUND(#798,.T.);
#2238=IFCFACEOUTERBOUND(#799,.T.);
#2239=IFCFACEOUTERBOUND(#800,.T.);
#2240=IFCFACEOUTERBOUND(#801,.T.);
#2241=IFCFACEOUTERBOUND(#802,.T.);
#2242=IFCFACEOUTERBOUND(#803,.T.);
#2243=IFCFACEOUTERBOUND(#804,.T.);
#2244=IFCFACEOUTERBOUND(#805,.T.);
#2245=IFCFACEOUTERBOUND(#806,.T.);
#2246=IFCFACEOUTERBOUND(#807,.T.);
#2247=IFCFACEOUTERBOUND(#808,.T.);
#2248=IFCFACEOUTERBOUND(#809,.T.);
#2249=IFCFACEOUTERBOUND(#810,.T.);
#2250=IFCFACEOUTERBOUND(#811,.T.);
#2251=IFCFACEOUTERBOUND(#812,.T.);
#2252=IFCFACEOUTERBOUND(#813,.T.);
#2253=IFCFACEOUTERBOUND(#814,.T.);
#2254=IFCFACEOUTERBOUND(#815,.T.);
#2255=IFCFACEOUTERBOUND(#816,.T.);
#2256=IFCFACEOUTERBOUND(#817,.T.);
#2257=IFCFACEOUTERBOUND(#818,.T.);
#2258=IFCFACEOUTERBOUND(#819,.T.);
#2259=IFCFACEOUTERBOUND(#820,.T.);
#2260=IFCFACEOUTERBOUND(#821,.T.);
#2261=IFCFACEOUTERBOUND(#822,.T.);
#2262=IFCFACEOUTERBOUND(#823,.T.);
#2263=IFCFACEOUTERBOUND(#824,.T.);
#2264=IFCFACEOUTERBOUND(#825,.T.);
#2265=IFCFACEOUTERBOUND(#826,.T.);
#2266=IFCFACEOUTERBOUND(#827,.T.);
#2267=IFCFACEOUTERBOUND(#828,.T.);
#2268=IFCFACEOUTERBOUND(#829,.T.);
#2269=IFCFACEOUTERBOUND(#830,.T.);
#2270=IFCFACEOUTERBOUND(#831,.T.);
#2271=IFCFACEOUTERBOUND(#832,.T.);
#2272=IFCFACEOUTERBOUND(#833,.T.);
#2273=IFCFACEOUTERBOUND(#834,.T.);
#2274=IFCFACEOUTERBOUND(#835,.T.);
#2275=IFCFACEOUTERBOUND(#836,.T.);
#2276=IFCFACEOUTERBOUND(#837,.T.);
#2277=IFCFACEOUTERBOUND(#838,.T.);
#2278=IFCFACEOUTERBOUND(#839,.T.);
#2279=IFCFACEOUTERBOUND(#840,.T.);
#2280=IFCFACEOUTERBOUND(#841,.T.);
#2281=IFCFACEOUTERBOUND(#842,.T.);
#2282=IFCFACEOUTERBOUND(#843,.T.);
#2283=IFCFACEOUTERBOUND(#844,.T.);
#2284=IFCFACEOUTERBOUND(#845,.T.);
#2285=IFCFACEOUTERBOUND(#846,.T.);
#2286=IFCFACEOUTERBOUND(#847,.T.);
#2287=IFCFACEOUTERBOUND(#848,.T.);
#2288=IFCFACEOUTERBOUND(#849,.T.);
#2289=IFCFACEOUTERBOUND(#850,.T.);
#2290=IFCFACEOUTERBOUND(#851,.T.);
#2291=IFCFACEOUTERBOUND(#852,.T.);
#2292=IFCFACEOUTERBOUND(#853,.T.);
#2293=IFCFACEOUTERBOUND(#854,.T.);
#2294=IFCFACEOUTERBOUND(#855,.T.);
#2295=IFCFACEOUTERBOUND(#856,.T.);
#2296=IFCFACEOUTERBOUND(#857,.T.);
#2297=IFCFACEOUTERBOUND(#858,.T.);
#2298=IFCFACEOUTERBOUND(#859,.T.);
#2299=IFCFACEOUTERBOUND(#860,.T.);
#2300=IFCFACEOUTERBOUND(#861,.T.);
#2301=IFCFACEOUTERBOUND(#862,.T.);
#2302=IFCFACEOUTERBOUND(#863,.T.);
#2303=IFCFACEOUTERBOUND(#864,.T.);
#2304=IFCFACEOUTERBOUND(#865,.T.);
#2305=IFCFACEOUTERBOUND(#866,.T.);
#2306=IFCFACEOUTERBOUND(#867,.T.);
#2307=IFCFACEOUTERBOUND(#868,.T.);
#2308=IFCFACEOUTERBOUND(#869,.T.);
#2309=IFCFACEOUTERBOUND(#870,.T.);
#2310=IFCFACEOUTERBOUND(#871,.T.);
#2311=IFCFACEOUTERBOUND(#872,.T.);
#2312=IFCFACEOUTERBOUND(#873,.T.);
#2313=IFCFACEOUTERBOUND(#874,.T.);
#2314=IFCFACEOUTERBOUND(#875,.T.);
#2315=IFCFACEOUTERBOUND(#876,.T.);
#2316=IFCFACEOUTERBOUND(#877,.T.);
#2317=IFCFACEOUTERBOUND(#878,.T.);
#2318=IFCFACEOUTERBOUND(#879,.T.);
#2319=IFCFACEOUTERBOUND(#880,.T.);
#2320=IFCFACEOUTERBOUND(#881,.T.);
#2321=IFCFACEOUTERBOUND(#882,.T.);
#2322=IFCFACEOUTERBOUND(#883,.T.);
#2323=IFCFACEOUTERBOUND(#884,.T.);
#2324=IFCFACEOUTERBOUND(#885,.T.);
#2325=IFCFACEOUTERBOUND(#886,.T.);
#2326=IFCFACEOUTERBOUND(#887,.T.);
#2327=IFCFACEOUTERBOUND(#888,.T.);
#2328=IFCFACEOUTERBOUND(#889,.T.);
#2329=IFCFACEOUTERBOUND(#890,.T.);
#2330=IFCFACEOUTERBOUND(#891,.T.);
#2331=IFCFACEOUTERBOUND(#892,.T.);
#2332=IFCFACEOUTERBOUND(#893,.T.);
#2333=IFCFACEOUTERBOUND(#894,.T.);
#2334=IFCFACEOUTERBOUND(#895,.T.);
#2335=IFCFACEOUTERBOUND(#896,.T.);
#2336=IFCFACEOUTERBOUND(#897,.T.);
#2337=IFCFACEOUTERBOUND(#898,.T.);
#2338=IFCFACEOUTERBOUND(#899,.T.);
#2339=IFCFACEOUTERBOUND(#900,.T.);
#2340=IFCFACEOUTERBOUND(#901,.T.);
#2341=IFCFACEOUTERBOUND(#902,.T.);
#2342=IFCFACEOUTERBOUND(#903,.T.);
#2343=IFCFACEOUTERBOUND(#904,.T.);
#2344=IFCFACEOUTERBOUND(#905,.T.);
#2345=IFCFACEOUTERBOUND(#906,.T.);
#2346=IFCFACEOUTERBOUND(#907,.T.);
#2347=IFCFACEOUTERBOUND(#908,.T.);
#2348=IFCFACEOUTERBOUND(#909,.T.);
#2349=IFCFACEOUTERBOUND(#910,.T.);
#2350=IFCFACEOUTERBOUND(#911,.T.);
#2351=IFCFACEOUTERBOUND(#912,.T.);
#2352=IFCFACEOUTERBOUND(#913,.T.);
#2353=IFCFACEOUTERBOUND(#914,.T.);
#2354=IFCFACEOUTERBOUND(#915,.T.);
#2355=IFCFACEOUTERBOUND(#916,.T.);
#2356=IFCFACEOUTERBOUND(#917,.T.);
#2357=IFCFACEOUTERBOUND(#918,.T.);
#2358=IFCFACEOUTERBOUND(#919,.T.);
#2359=IFCFACEOUTERBOUND(#920,.T.);
#2360=IFCFACEOUTERBOUND(#921,.T.);
#2361=IFCFACEOUTERBOUND(#922,.T.);
#2362=IFCFACEOUTERBOUND(#923,.T.);
#2363=IFCFACEOUTERBOUND(#924,.T.);
#2364=IFCFACEOUTERBOUND(#925,.T.);
#2365=IFCFACEOUTERBOUND(#926,.T.);
#2366=IFCFACEOUTERBOUND(#927,.T.);
#2367=IFCFACEOUTERBOUND(#928,.T.);
#2368=IFCFACEOUTERBOUND(#929,.T.);
#2369=IFCFACEOUTERBOUND(#930,.T.);
#2370=IFCFACEOUTERBOUND(#931,.T.);
#2371=IFCFACEOUTERBOUND(#932,.T.);
#2372=IFCFACEOUTERBOUND(#933,.T.);
#2373=IFCFACEOUTERBOUND(#934,.T.);
#2374=IFCFACEOUTERBOUND(#935,.T.);
#2375=IFCFACEOUTERBOUND(#936,.T.);
#2376=IFCFACEOUTERBOUND(#937,.T.);
#2377=IFCFACEOUTERBOUND(#938,.T.);
#2378=IFCFACEOUTERBOUND(#939,.T.);
#2379=IFCFACEOUTERBOUND(#940,.T.);
#2380=IFCFACEOUTERBOUND(#941,.T.);
#2381=IFCFACEOUTERBOUND(#942,.T.);
#2382=IFCFACEOUTERBOUND(#943,.T.);
#2383=IFCFACEOUTERBOUND(#944,.T.);
#2384=IFCFACEOUTERBOUND(#945,.T.);
#2385=IFCFACEOUTERBOUND(#946,.T.);
#2386=IFCFACEOUTERBOUND(#947,.T.);
#2387=IFCFACEOUTERBOUND(#948,.T.);
#2388=IFCFACEOUTERBOUND(#949,.T.);
#2389=IFCFACEOUTERBOUND(#950,.T.);
#2390=IFCFACEOUTERBOUND(#951,.T.);
#2391=IFCFACEOUTERBOUND(#952,.T.);
#2392=IFCFACEOUTERBOUND(#953,.T.);
#2393=IFCFACEOUTERBOUND(#954,.T.);
#2394=IFCFACEOUTERBOUND(#955,.T.);
#2395=IFCFACEOUTERBOUND(#956,.T.);
#2396=IFCFACEOUTERBOUND(#957,.T.);
#2397=IFCFACEOUTERBOUND(#958,.T.);
#2398=IFCFACEOUTERBOUND(#959,.T.);
#2399=IFCFACEOUTERBOUND(#960,.T.);
#2400=IFCFACEOUTERBOUND(#961,.T.);
#2401=IFCFACEOUTERBOUND(#962,.T.);
#2402=IFCFACEOUTERBOUND(#963,.T.);
#2403=IFCFACEOUTERBOUND(#964,.T.);
#2404=IFCFACEOUTERBOUND(#965,.T.);
#2405=IFCFACEOUTERBOUND(#966,.T.);
#2406=IFCFACEOUTERBOUND(#967,.T.);
#2407=IFCFACEOUTERBOUND(#968,.T.);
#2408=IFCFACEOUTERBOUND(#969,.T.);
#2409=IFCFACEOUTERBOUND(#970,.T.);
#2410=IFCFACEOUTERBOUND(#971,.T.);
#2411=IFCFACEOUTERBOUND(#972,.T.);
#2412=IFCFACEOUTERBOUND(#973,.T.);
#2413=IFCFACEOUTERBOUND(#974,.T.);
#2414=IFCFACEOUTERBOUND(#975,.T.);
#2415=IFCFACEOUTERBOUND(#976,.T.);
#2416=IFCFACEOUTERBOUND(#977,.T.);
#2417=IFCFACEOUTERBOUND(#978,.T.);
#2418=IFCFACEOUTERBOUND(#979,.T.);
#2419=IFCFACEOUTERBOUND(#980,.T.);
#2420=IFCFACEOUTERBOUND(#981,.T.);
#2421=IFCFACEOUTERBOUND(#982,.T.);
#2422=IFCFACEOUTERBOUND(#983,.T.);
#2423=IFCFACEOUTERBOUND(#984,.T.);
#2424=IFCFACEOUTERBOUND(#985,.T.);
#2425=IFCFACEOUTERBOUND(#986,.T.);
#2426=IFCFACEOUTERBOUND(#987,.T.);
#2427=IFCFACEOUTERBOUND(#988,.T.);
#2428=IFCFACEOUTERBOUND(#989,.T.);
#2429=IFCFACEOUTERBOUND(#990,.T.);
#2430=IFCFACEOUTERBOUND(#991,.T.);
#2431=IFCFACEOUTERBOUND(#992,.T.);
#2432=IFCFACEOUTERBOUND(#993,.T.);
#2433=IFCFACEOUTERBOUND(#994,.T.);
#2434=IFCFACEOUTERBOUND(#995,.T.);
#2435=IFCFACEOUTERBOUND(#996,.T.);
#2436=IFCFACEOUTERBOUND(#997,.T.);
#2437=IFCFACEOUTERBOUND(#998,.T.);
#2438=IFCFACEOUTERBOUND(#999,.T.);
#2439=IFCFACEOUTERBOUND(#1000,.T.);
#2440=IFCFACEOUTERBOUND(#1001,.T.);
#2441=IFCFACEOUTERBOUND(#1002,.T.);
#2442=IFCFACEOUTERBOUND(#1003,.T.);
#2443=IFCFACEOUTERBOUND(#1004,.T.);
#2444=IFCFACEOUTERBOUND(#1005,.T.);
#2445=IFCFACEOUTERBOUND(#1006,.T.);
#2446=IFCFACEOUTERBOUND(#1007,.T.);
#2447=IFCFACEOUTERBOUND(#1008,.T.);
#2448=IFCFACEOUTERBOUND(#1009,.T.);
#2449=IFCFACEOUTERBOUND(#1010,.T.);
#2450=IFCFACEOUTERBOUND(#1011,.T.);
#2451=IFCFACEOUTERBOUND(#1012,.T.);
#2452=IFCFACEOUTERBOUND(#1013,.T.);
#2453=IFCFACEOUTERBOUND(#1014,.T.);
#2454=IFCFACEOUTERBOUND(#1015,.T.);
#2455=IFCFACEOUTERBOUND(#1016,.T.);
#2456=IFCFACEOUTERBOUND(#1017,.T.);
#2457=IFCFACEOUTERBOUND(#1018,.T.);
#2458=IFCFACEOUTERBOUND(#1019,.T.);
#2459=IFCFACEOUTERBOUND(#1020,.T.);
#2460=IFCFACEOUTERBOUND(#1021,.T.);
#2461=IFCFACEOUTERBOUND(#1022,.T.);
#2462=IFCFACEOUTERBOUND(#1023,.T.);
#2463=IFCFACEOUTERBOUND(#1024,.T.);
#2464=IFCFACEOUTERBOUND(#1025,.T.);
#2465=IFCFACEOUTERBOUND(#1026,.T.);
#2466=IFCFACEOUTERBOUND(#1027,.T.);
#2467=IFCFACEOUTERBOUND(#1028,.T.);
#2468=IFCFACEOUTERBOUND(#1029,.T.);
#2469=IFCFACEOUTERBOUND(#1030,.T.);
#2470=IFCFACEOUTERBOUND(#1031,.T.);
#2471=IFCFACEOUTERBOUND(#1032,.T.);
#2472=IFCFACEOUTERBOUND(#1033,.T.);
#2473=IFCFACEOUTERBOUND(#1034,.T.);
#2474=IFCFACEOUTERBOUND(#1035,.T.);
#2475=IFCFACEOUTERBOUND(#1036,.T.);
#2476=IFCFACEOUTERBOUND(#1037,.T.);
#2477=IFCFACEOUTERBOUND(#1038,.T.);
#2478=IFCFACEOUTERBOUND(#1039,.T.);
#2479=IFCFACEOUTERBOUND(#1040,.T.);
#2480=IFCFACEOUTERBOUND(#1041,.T.);
#2481=IFCFACEOUTERBOUND(#1042,.T.);
#2482=IFCFACEOUTERBOUND(#1043,.T.);
#2483=IFCFACEOUTERBOUND(#1044,.T.);
#2484=IFCFACEOUTERBOUND(#1045,.T.);
#2485=IFCFACEOUTERBOUND(#1046,.T.);
#2486=IFCFACEOUTERBOUND(#1047,.T.);
#2487=IFCFACEOUTERBOUND(#1048,.T.);
#2488=IFCFACEOUTERBOUND(#1049,.T.);
#2489=IFCFACEOUTERBOUND(#1050,.T.);
#2490=IFCFACEOUTERBOUND(#1051,.T.);
#2491=IFCFACEOUTERBOUND(#1052,.T.);
#2492=IFCFACEOUTERBOUND(#1053,.T.);
#2493=IFCFACEOUTERBOUND(#1054,.T.);
#2494=IFCFACEOUTERBOUND(#1055,.T.);
#2495=IFCFACEOUTERBOUND(#1056,.T.);
#2496=IFCFACEOUTERBOUND(#1057,.T.);
#2497=IFCFACEOUTERBOUND(#1058,.T.);
#2498=IFCFACEOUTERBOUND(#1059,.T.);
#2499=IFCFACEOUTERBOUND(#1060,.T.);
#2500=IFCFACEOUTERBOUND(#1061,.T.);
#2501=IFCFACEOUTERBOUND(#1062,.T.);
#2502=IFCFACEOUTERBOUND(#1063,.T.);
#2503=IFCFACEOUTERBOUND(#1064,.T.);
#2504=IFCFACEOUTERBOUND(#1065,.T.);
#2505=IFCFACEOUTERBOUND(#1066,.T.);
#2506=IFCFACEOUTERBOUND(#1067,.T.);
#2507=IFCFACEOUTERBOUND(#1068,.T.);
#2508=IFCFACEOUTERBOUND(#1069,.T.);
#2509=IFCFACEOUTERBOUND(#1070,.T.);
#2510=IFCFACEOUTERBOUND(#1071,.T.);
#2511=IFCFACEOUTERBOUND(#1072,.T.);
#2512=IFCFACEOUTERBOUND(#1073,.T.);
#2513=IFCFACEOUTERBOUND(#1074,.T.);
#2514=IFCFACEOUTERBOUND(#1075,.T.);
#2515=IFCFACEOUTERBOUND(#1076,.T.);
#2516=IFCFACEOUTERBOUND(#1077,.T.);
#2517=IFCFACEOUTERBOUND(#1078,.T.);
#2518=IFCFACEOUTERBOUND(#1079,.T.);
#2519=IFCFACEOUTERBOUND(#1080,.T.);
#2520=IFCFACEOUTERBOUND(#1081,.T.);
#2521=IFCFACEOUTERBOUND(#1082,.T.);
#2522=IFCFACEOUTERBOUND(#1083,.T.);
#2523=IFCFACEOUTERBOUND(#1084,.T.);
#2524=IFCFACEOUTERBOUND(#1085,.T.);
#2525=IFCFACEOUTERBOUND(#1086,.T.);
#2526=IFCFACEOUTERBOUND(#1087,.T.);
#2527=IFCFACEOUTERBOUND(#1088,.T.);
#2528=IFCFACEOUTERBOUND(#1089,.T.);
#2529=IFCFACEOUTERBOUND(#1090,.T.);
#2530=IFCFACEOUTERBOUND(#1091,.T.);
#2531=IFCFACEOUTERBOUND(#1092,.T.);
#2532=IFCFACEOUTERBOUND(#1093,.T.);
#2533=IFCFACEOUTERBOUND(#1094,.T.);
#2534=IFCFACEOUTERBOUND(#1095,.T.);
#2535=IFCFACEOUTERBOUND(#1096,.T.);
#2536=IFCFACEOUTERBOUND(#1097,.T.);
#2537=IFCFACEOUTERBOUND(#1098,.T.);
#2538=IFCFACEOUTERBOUND(#1099,.T.);
#2539=IFCFACEOUTERBOUND(#1100,.T.);
#2540=IFCFACEOUTERBOUND(#1101,.T.);
#2541=IFCFACEOUTERBOUND(#1102,.T.);
#2542=IFCFACEOUTERBOUND(#1103,.T.);
#2543=IFCFACEOUTERBOUND(#1104,.T.);
#2544=IFCFACEOUTERBOUND(#1105,.T.);
#2545=IFCFACEOUTERBOUND(#1106,.T.);
#2546=IFCFACEOUTERBOUND(#1107,.T.);
#2547=IFCFACEOUTERBOUND(#1108,.T.);
#2548=IFCFACEOUTERBOUND(#1109,.T.);
#2549=IFCFACEOUTERBOUND(#1110,.T.);
#2550=IFCFACEOUTERBOUND(#1111,.T.);
#2551=IFCFACEOUTERBOUND(#1112,.T.);
#2552=IFCFACEOUTERBOUND(#1113,.T.);
#2553=IFCFACEOUTERBOUND(#1114,.T.);
#2554=IFCFACEOUTERBOUND(#1115,.T.);
#2555=IFCFACEOUTERBOUND(#1116,.T.);
#2556=IFCFACEOUTERBOUND(#1117,.T.);
#2557=IFCFACEOUTERBOUND(#1118,.T.);
#2558=IFCFACEOUTERBOUND(#1119,.T.);
#2559=IFCFACEOUTERBOUND(#1120,.T.);
#2560=IFCFACEOUTERBOUND(#1121,.T.);
#2561=IFCFACEOUTERBOUND(#1122,.T.);
#2562=IFCFACEOUTERBOUND(#1123,.T.);
#2563=IFCFACEOUTERBOUND(#1124,.T.);
#2564=IFCFACEOUTERBOUND(#1125,.T.);
#2565=IFCFACEOUTERBOUND(#1126,.T.);
#2566=IFCFACEOUTERBOUND(#1127,.T.);
#2567=IFCFACEOUTERBOUND(#1128,.T.);
#2568=IFCFACEOUTERBOUND(#1129,.T.);
#2569=IFCFACEOUTERBOUND(#1130,.T.);
#2570=IFCFACEOUTERBOUND(#1131,.T.);
#2571=IFCFACEOUTERBOUND(#1132,.T.);
#2572=IFCFACEOUTERBOUND(#1133,.T.);
#2573=IFCFACEOUTERBOUND(#1134,.T.);
#2574=IFCFACEOUTERBOUND(#1135,.T.);
#2575=IFCFACEOUTERBOUND(#1136,.T.);
#2576=IFCFACEOUTERBOUND(#1137,.T.);
#2577=IFCFACEOUTERBOUND(#1138,.T.);
#2578=IFCFACEOUTERBOUND(#1139,.T.);
#2579=IFCFACEOUTERBOUND(#1140,.T.);
#2580=IFCFACEOUTERBOUND(#1141,.T.);
#2581=IFCFACEOUTERBOUND(#1142,.T.);
#2582=IFCFACEOUTERBOUND(#1143,.T.);
#2583=IFCFACEOUTERBOUND(#1144,.T.);
#2584=IFCFACEOUTERBOUND(#1145,.T.);
#2585=IFCFACEOUTERBOUND(#1146,.T.);
#2586=IFCFACEOUTERBOUND(#1147,.T.);
#2587=IFCFACEOUTERBOUND(#1148,.T.);
#2588=IFCFACEOUTERBOUND(#1149,.T.);
#2589=IFCFACEOUTERBOUND(#1150,.T.);
#2590=IFCFACEOUTERBOUND(#1151,.T.);
#2591=IFCFACEOUTERBOUND(#1152,.T.);
#2592=IFCFACEOUTERBOUND(#1153,.T.);
#2593=IFCFACEOUTERBOUND(#1154,.T.);
#2594=IFCFACEOUTERBOUND(#1155,.T.);
#2595=IFCFACEOUTERBOUND(#1156,.T.);
#2596=IFCFACEOUTERBOUND(#1157,.T.);
#2597=IFCFACEOUTERBOUND(#1158,.T.);
#2598=IFCFACEOUTERBOUND(#1159,.T.);
#2599=IFCFACEOUTERBOUND(#1160,.T.);
#2600=IFCFACEOUTERBOUND(#1161,.T.);
#2601=IFCFACEOUTERBOUND(#1162,.T.);
#2602=IFCFACEOUTERBOUND(#1163,.T.);
#2603=IFCFACEOUTERBOUND(#1164,.T.);
#2604=IFCFACEOUTERBOUND(#1165,.T.);
#2605=IFCFACEOUTERBOUND(#1166,.T.);
#2606=IFCFACEOUTERBOUND(#1167,.T.);
#2607=IFCFACEOUTERBOUND(#1168,.T.);
#2608=IFCFACEOUTERBOUND(#1169,.T.);
#2609=IFCFACEOUTERBOUND(#1170,.T.);
#2610=IFCFACEOUTERBOUND(#1171,.T.);
#2611=IFCFACEOUTERBOUND(#1172,.T.);
#2612=IFCFACEOUTERBOUND(#1173,.T.);
#2613=IFCFACEOUTERBOUND(#1174,.T.);
#2614=IFCFACEOUTERBOUND(#1175,.T.);
#2615=IFCFACEOUTERBOUND(#1176,.T.);
#2616=IFCFACEOUTERBOUND(#1177,.T.);
#2617=IFCFACEOUTERBOUND(#1178,.T.);
#2618=IFCFACEOUTERBOUND(#1179,.T.);
#2619=IFCFACEOUTERBOUND(#1180,.T.);
#2620=IFCFACEOUTERBOUND(#1181,.T.);
#2621=IFCFACEOUTERBOUND(#1182,.T.);
#2622=IFCFACEOUTERBOUND(#1183,.T.);
#2623=IFCFACEOUTERBOUND(#1184,.T.);
#2624=IFCFACEOUTERBOUND(#1185,.T.);
#2625=IFCFACEOUTERBOUND(#1186,.T.);
#2626=IFCFACEOUTERBOUND(#1187,.T.);
#2627=IFCFACEOUTERBOUND(#1188,.T.);
#2628=IFCFACEOUTERBOUND(#1189,.T.);
#2629=IFCFACEOUTERBOUND(#1190,.T.);
#2630=IFCFACEOUTERBOUND(#1191,.T.);
#2631=IFCFACEOUTERBOUND(#1192,.T.);
#2632=IFCFACEOUTERBOUND(#1193,.T.);
#2633=IFCFACEOUTERBOUND(#1194,.T.);
#2634=IFCFACEOUTERBOUND(#1195,.T.);
#2635=IFCFACEOUTERBOUND(#1196,.T.);
#2636=IFCFACEOUTERBOUND(#1197,.T.);
#2637=IFCFACEOUTERBOUND(#1198,.T.);
#2638=IFCFACEOUTERBOUND(#1199,.T.);
#2639=IFCFACEOUTERBOUND(#1200,.T.);
#2640=IFCFACEOUTERBOUND(#1201,.T.);
#2641=IFCFACEOUTERBOUND(#1202,.T.);
#2642=IFCFACEOUTERBOUND(#1203,.T.);
#2643=IFCFACEOUTERBOUND(#1204,.T.);
#2644=IFCFACEOUTERBOUND(#1205,.T.);
#2645=IFCFACEOUTERBOUND(#1206,.T.);
#2646=IFCFACEOUTERBOUND(#1207,.T.);
#2647=IFCFACEOUTERBOUND(#1208,.T.);
#2648=IFCFACEOUTERBOUND(#1209,.T.);
#2649=IFCFACEOUTERBOUND(#1210,.T.);
#2650=IFCFACEOUTERBOUND(#1211,.T.);
#2651=IFCFACEOUTERBOUND(#1212,.T.);
#2652=IFCFACEOUTERBOUND(#1213,.T.);
#2653=IFCFACEOUTERBOUND(#1214,.T.);
#2654=IFCFACEOUTERBOUND(#1215,.T.);
#2655=IFCFACEOUTERBOUND(#1216,.T.);
#2656=IFCFACEOUTERBOUND(#1217,.T.);
#2657=IFCFACEOUTERBOUND(#1218,.T.);
#2658=IFCFACEOUTERBOUND(#1219,.T.);
#2659=IFCFACEOUTERBOUND(#1220,.T.);
#2660=IFCFACEOUTERBOUND(#1221,.T.);
#2661=IFCFACEOUTERBOUND(#1222,.T.);
#2662=IFCFACEOUTERBOUND(#1223,.T.);
#2663=IFCFACEOUTERBOUND(#1224,.T.);
#2664=IFCFACEOUTERBOUND(#1225,.T.);
#2665=IFCFACEOUTERBOUND(#1226,.T.);
#2666=IFCFACEOUTERBOUND(#1227,.T.);
#2667=IFCFACEOUTERBOUND(#1228,.T.);
#2668=IFCFACEOUTERBOUND(#1229,.T.);
#2669=IFCFACEOUTERBOUND(#1230,.T.);
#2670=IFCFACEOUTERBOUND(#1231,.T.);
#2671=IFCFACEOUTERBOUND(#1232,.T.);
#2672=IFCFACEOUTERBOUND(#1233,.T.);
#2673=IFCFACEOUTERBOUND(#1234,.T.);
#2674=IFCFACEOUTERBOUND(#1235,.T.);
#2675=IFCFACEOUTERBOUND(#1236,.T.);
#2676=IFCFACEOUTERBOUND(#1237,.T.);
#2677=IFCFACEOUTERBOUND(#1238,.T.);
#2678=IFCFACEOUTERBOUND(#1239,.T.);
#2679=IFCFACEOUTERBOUND(#1240,.T.);
#2680=IFCFACEOUTERBOUND(#1241,.T.);
#2681=IFCFACEOUTERBOUND(#1242,.T.);
#2682=IFCFACEOUTERBOUND(#1243,.T.);
#2683=IFCFACEOUTERBOUND(#1244,.T.);
#2684=IFCFACEOUTERBOUND(#1245,.T.);
#2685=IFCFACEOUTERBOUND(#1246,.T.);
#2686=IFCFACEOUTERBOUND(#1247,.T.);
#2687=IFCFACEOUTERBOUND(#1248,.T.);
#2688=IFCFACEOUTERBOUND(#1249,.T.);
#2689=IFCFACEOUTERBOUND(#1250,.T.);
#2690=IFCFACEOUTERBOUND(#1251,.T.);
#2691=IFCFACEOUTERBOUND(#1252,.T.);
#2692=IFCFACEOUTERBOUND(#1253,.T.);
#2693=IFCFACEOUTERBOUND(#1254,.T.);
#2694=IFCFACEOUTERBOUND(#1255,.T.);
#2695=IFCFACEOUTERBOUND(#1256,.T.);
#2696=IFCFACEOUTERBOUND(#1257,.T.);
#2697=IFCFACEOUTERBOUND(#1258,.T.);
#2698=IFCFACEOUTERBOUND(#1259,.T.);
#2699=IFCFACEOUTERBOUND(#1260,.T.);
#2700=IFCFACEOUTERBOUND(#1261,.T.);
#2701=IFCFACEOUTERBOUND(#1262,.T.);
#2702=IFCFACEOUTERBOUND(#1263,.T.);
#2703=IFCFACEOUTERBOUND(#1264,.T.);
#2704=IFCFACEOUTERBOUND(#1265,.T.);
#2705=IFCFACEOUTERBOUND(#1266,.T.);
#2706=IFCFACEOUTERBOUND(#1267,.T.);
#2707=IFCFACEOUTERBOUND(#1268,.T.);
#2708=IFCFACEOUTERBOUND(#1269,.T.);
#2709=IFCFACEOUTERBOUND(#1270,.T.);
#2710=IFCFACEOUTERBOUND(#1271,.T.);
#2711=IFCFACEOUTERBOUND(#1272,.T.);
#2712=IFCFACEOUTERBOUND(#1273,.T.);
#2713=IFCFACEOUTERBOUND(#1274,.T.);
#2714=IFCFACEOUTERBOUND(#1275,.T.);
#2715=IFCFACEOUTERBOUND(#1276,.T.);
#2716=IFCFACEOUTERBOUND(#1277,.T.);
#2717=IFCFACEOUTERBOUND(#1278,.T.);
#2718=IFCFACEOUTERBOUND(#1279,.T.);
#2719=IFCFACEOUTERBOUND(#1280,.T.);
#2720=IFCFACEOUTERBOUND(#1281,.T.);
#2721=IFCFACEOUTERBOUND(#1282,.T.);
#2722=IFCFACEOUTERBOUND(#1283,.T.);
#2723=IFCFACEOUTERBOUND(#1284,.T.);
#2724=IFCFACEOUTERBOUND(#1285,.T.);
#2725=IFCFACEOUTERBOUND(#1286,.T.);
#2726=IFCFACEOUTERBOUND(#1287,.T.);
#2727=IFCFACEOUTERBOUND(#1288,.T.);
#2728=IFCFACEOUTERBOUND(#1289,.T.);
#2729=IFCFACEOUTERBOUND(#1290,.T.);
#2730=IFCFACEOUTERBOUND(#1291,.T.);
#2731=IFCFACEOUTERBOUND(#1292,.T.);
#2732=IFCFACEOUTERBOUND(#1293,.T.);
#2733=IFCFACEOUTERBOUND(#1294,.T.);
#2734=IFCFACEOUTERBOUND(#1295,.T.);
#2735=IFCFACEOUTERBOUND(#1296,.T.);
#2736=IFCFACEOUTERBOUND(#1297,.T.);
#2737=IFCFACEOUTERBOUND(#1298,.T.);
#2738=IFCFACEOUTERBOUND(#1299,.T.);
#2739=IFCFACEOUTERBOUND(#1300,.T.);
#2740=IFCFACEOUTERBOUND(#1301,.T.);
#2741=IFCFACEOUTERBOUND(#1302,.T.);
#2742=IFCFACEOUTERBOUND(#1303,.T.);
#2743=IFCFACEOUTERBOUND(#1304,.T.);
#2744=IFCFACEOUTERBOUND(#1305,.T.);
#2745=IFCFACEOUTERBOUND(#1306,.T.);
#2746=IFCFACEOUTERBOUND(#1307,.T.);
#2747=IFCFACEOUTERBOUND(#1308,.T.);
#2748=IFCFACEOUTERBOUND(#1309,.T.);
#2749=IFCFACEOUTERBOUND(#1310,.T.);
#2750=IFCFACEOUTERBOUND(#1311,.T.);
#2751=IFCFACEOUTERBOUND(#1312,.T.);
#2752=IFCFACEOUTERBOUND(#1313,.T.);
#2753=IFCFACEOUTERBOUND(#1314,.T.);
#2754=IFCFACEOUTERBOUND(#1315,.T.);
#2755=IFCFACEOUTERBOUND(#1316,.T.);
#2756=IFCFACEOUTERBOUND(#1317,.T.);
#2757=IFCFACEOUTERBOUND(#1318,.T.);
#2758=IFCFACEOUTERBOUND(#1319,.T.);
#2759=IFCFACEOUTERBOUND(#1320,.T.);
#2760=IFCFACEOUTERBOUND(#1321,.T.);
#2761=IFCFACEOUTERBOUND(#1322,.T.);
#2762=IFCFACEOUTERBOUND(#1323,.T.);
#2763=IFCFACEOUTERBOUND(#1324,.T.);
#2764=IFCFACEOUTERBOUND(#1325,.T.);
#2765=IFCFACEOUTERBOUND(#1326,.T.);
#2766=IFCFACEOUTERBOUND(#1327,.T.);
#2767=IFCFACEOUTERBOUND(#1328,.T.);
#2768=IFCFACEOUTERBOUND(#1329,.T.);
#2769=IFCFACEOUTERBOUND(#1330,.T.);
#2770=IFCFACEOUTERBOUND(#1331,.T.);
#2771=IFCFACEOUTERBOUND(#1332,.T.);
#2772=IFCFACEOUTERBOUND(#1333,.T.);
#2773=IFCFACEOUTERBOUND(#1334,.T.);
#2774=IFCFACEOUTERBOUND(#1335,.T.);
#2775=IFCFACEOUTERBOUND(#1336,.T.);
#2776=IFCFACEOUTERBOUND(#1337,.T.);
#2777=IFCFACEOUTERBOUND(#1338,.T.);
#2778=IFCFACEOUTERBOUND(#1339,.T.);
#2779=IFCFACEOUTERBOUND(#1340,.T.);
#2780=IFCFACEOUTERBOUND(#1341,.T.);
#2781=IFCFACEOUTERBOUND(#1342,.T.);
#2782=IFCFACEOUTERBOUND(#1343,.T.);
#2783=IFCFACEOUTERBOUND(#1344,.T.);
#2784=IFCFACEOUTERBOUND(#1345,.T.);
#2785=IFCFACEOUTERBOUND(#1346,.T.);
#2786=IFCFACEOUTERBOUND(#1347,.T.);
#2787=IFCFACEOUTERBOUND(#1348,.T.);
#2788=IFCFACEOUTERBOUND(#1349,.T.);
#2789=IFCFACEOUTERBOUND(#1350,.T.);
#2790=IFCFACEOUTERBOUND(#1351,.T.);
#2791=IFCFACEOUTERBOUND(#1352,.T.);
#2792=IFCFACEOUTERBOUND(#1353,.T.);
#2793=IFCFACEOUTERBOUND(#1354,.T.);
#2794=IFCFACEOUTERBOUND(#1355,.T.);
#2795=IFCFACEOUTERBOUND(#1356,.T.);
#2796=IFCFACEOUTERBOUND(#1357,.T.);
#2797=IFCFACEOUTERBOUND(#1358,.T.);
#2798=IFCFACEOUTERBOUND(#1359,.T.);
#2799=IFCFACEOUTERBOUND(#1360,.T.);
#2800=IFCFACEOUTERBOUND(#1361,.T.);
#2801=IFCFACEOUTERBOUND(#1362,.T.);
#2802=IFCFACEOUTERBOUND(#1363,.T.);
#2803=IFCFACEOUTERBOUND(#1364,.T.);
#2804=IFCFACEOUTERBOUND(#1365,.T.);
#2805=IFCFACEOUTERBOUND(#1366,.T.);
#2806=IFCFACEOUTERBOUND(#1367,.T.);
#2807=IFCFACEOUTERBOUND(#1368,.T.);
#2808=IFCFACEOUTERBOUND(#1369,.T.);
#2809=IFCFACEOUTERBOUND(#1370,.T.);
#2810=IFCFACEOUTERBOUND(#1371,.T.);
#2811=IFCFACEOUTERBOUND(#1372,.T.);
#2812=IFCFACEOUTERBOUND(#1373,.T.);
#2813=IFCFACEOUTERBOUND(#1374,.T.);
#2814=IFCFACEOUTERBOUND(#1375,.T.);
#2815=IFCFACEOUTERBOUND(#1376,.T.);
#2816=IFCFACEOUTERBOUND(#1377,.T.);
#2817=IFCFACEOUTERBOUND(#1378,.T.);
#2818=IFCFACEOUTERBOUND(#1379,.T.);
#2819=IFCFACEOUTERBOUND(#1380,.T.);
#2820=IFCFACEOUTERBOUND(#1381,.T.);
#2821=IFCFACEOUTERBOUND(#1382,.T.);
#2822=IFCFACEOUTERBOUND(#1383,.T.);
#2823=IFCFACEOUTERBOUND(#1384,.T.);
#2824=IFCFACEOUTERBOUND(#1385,.T.);
#2825=IFCFACEOUTERBOUND(#1386,.T.);
#2826=IFCFACEOUTERBOUND(#1387,.T.);
#2827=IFCFACEOUTERBOUND(#1388,.T.);
#2828=IFCFACEOUTERBOUND(#1389,.T.);
#2829=IFCFACEOUTERBOUND(#1390,.T.);
#2830=IFCFACEOUTERBOUND(#1391,.T.);
#2831=IFCFACEOUTERBOUND(#1392,.T.);
#2832=IFCFACEOUTERBOUND(#1393,.T.);
#2833=IFCFACEOUTERBOUND(#1394,.T.);
#2834=IFCFACEOUTERBOUND(#1395,.T.);
#2835=IFCFACEOUTERBOUND(#1396,.T.);
#2836=IFCFACEOUTERBOUND(#1397,.T.);
#2837=IFCFACEOUTERBOUND(#1398,.T.);
#2838=IFCFACEOUTERBOUND(#1399,.T.);
#2839=IFCFACEOUTERBOUND(#1400,.T.);
#2840=IFCFACEOUTERBOUND(#1401,.T.);
#2841=IFCFACEOUTERBOUND(#1402,.T.);
#2842=IFCFACEOUTERBOUND(#1403,.T.);
#2843=IFCFACEOUTERBOUND(#1404,.T.);
#2844=IFCFACEOUTERBOUND(#1405,.T.);
#2845=IFCFACEOUTERBOUND(#1406,.T.);
#2846=IFCFACEOUTERBOUND(#1407,.T.);
#2847=IFCFACEOUTERBOUND(#1408,.T.);
#2848=IFCFACEOUTERBOUND(#1409,.T.);
#2849=IFCFACEOUTERBOUND(#1410,.T.);
#2850=IFCFACEOUTERBOUND(#1411,.T.);
#2851=IFCFACEOUTERBOUND(#1412,.T.);
#2852=IFCFACEOUTERBOUND(#1413,.T.);
#2853=IFCFACEOUTERBOUND(#1414,.T.);
#2854=IFCFACEOUTERBOUND(#1415,.T.);
#2855=IFCFACEOUTERBOUND(#1416,.T.);
#2856=IFCFACEOUTERBOUND(#1417,.T.);
#2857=IFCFACEOUTERBOUND(#1418,.T.);
#2858=IFCFACEOUTERBOUND(#1419,.T.);
#2859=IFCFACEOUTERBOUND(#1420,.T.);
#2860=IFCFACEOUTERBOUND(#1421,.T.);
#2861=IFCFACEOUTERBOUND(#1422,.T.);
#2862=IFCFACEOUTERBOUND(#1423,.T.);
#2863=IFCFACEOUTERBOUND(#1424,.T.);
#2864=IFCFACEOUTERBOUND(#1425,.T.);
#2865=IFCFACEOUTERBOUND(#1426,.T.);
#2866=IFCFACEOUTERBOUND(#1427,.T.);
#2867=IFCFACEOUTERBOUND(#1428,.T.);
#2868=IFCFACEOUTERBOUND(#1429,.T.);
#2869=IFCFACEOUTERBOUND(#1430,.T.);
#2870=IFCFACEOUTERBOUND(#1431,.T.);
#2871=IFCFACEOUTERBOUND(#1432,.T.);
#2872=IFCFACEOUTERBOUND(#1433,.T.);
#2873=IFCFACEOUTERBOUND(#1434,.T.);
#2874=IFCFACEOUTERBOUND(#1435,.T.);
#2875=IFCFACEOUTERBOUND(#1436,.T.);
#2876=IFCFACEOUTERBOUND(#1437,.T.);
#2877=IFCFACEOUTERBOUND(#1438,.T.);
#2878=IFCFACEOUTERBOUND(#1439,.T.);
#2879=IFCFACEOUTERBOUND(#1440,.T.);
#2880=IFCFACEOUTERBOUND(#1441,.T.);
#2881=IFCFACEOUTERBOUND(#1442,.T.);
#2882=IFCFACEOUTERBOUND(#1443,.T.);
#2883=IFCFACEOUTERBOUND(#1444,.T.);
#2884=IFCFACEOUTERBOUND(#1445,.T.);
#2885=IFCFACEOUTERBOUND(#1446,.T.);
#2886=IFCFACEOUTERBOUND(#1447,.T.);
#2887=IFCFACEOUTERBOUND(#1448,.T.);
#2888=IFCFACEOUTERBOUND(#1449,.T.);
#2889=IFCFACEOUTERBOUND(#1450,.T.);
#2890=IFCFACEOUTERBOUND(#1451,.T.);
#2891=IFCFACEOUTERBOUND(#1452,.T.);
#2892=IFCFACEOUTERBOUND(#1453,.T.);
#2893=IFCFACEOUTERBOUND(#1454,.T.);
#2894=IFCFACEOUTERBOUND(#1455,.T.);
#2895=IFCFACEOUTERBOUND(#1456,.T.);
#2896=IFCFACEOUTERBOUND(#1457,.T.);
#2897=IFCFACEOUTERBOUND(#1458,.T.);
#2898=IFCFACEOUTERBOUND(#1459,.T.);
#2899=IFCFACEOUTERBOUND(#1460,.T.);
#2900=IFCFACEOUTERBOUND(#1461,.T.);
#2901=IFCFACEOUTERBOUND(#1462,.T.);
#2902=IFCFACEOUTERBOUND(#1463,.T.);
#2903=IFCFACEOUTERBOUND(#1464,.T.);
#2904=IFCFACE((#1465));
#2905=IFCFACE((#1466));
#2906=IFCFACE((#1467));
#2907=IFCFACE((#1468));
#2908=IFCFACE((#1469));
#2909=IFCFACE((#1470));
#2910=IFCFACE((#1471));
#2911=IFCFACE((#1472));
#2912=IFCFACE((#1473));
#2913=IFCFACE((#1474));
#2914=IFCFACE((#1475));
#2915=IFCFACE((#1476));
#2916=IFCFACE((#1477));
#2917=IFCFACE((#1478));
#2918=IFCFACE((#1479));
#2919=IFCFACE((#1480));
#2920=IFCFACE((#1481));
#2921=IFCFACE((#1482));
#2922=IFCFACE((#1483));
#2923=IFCFACE((#1484));
#2924=IFCFACE((#1485));
#2925=IFCFACE((#1486));
#2926=IFCFACE((#1487));
#2927=IFCFACE((#1488));
#2928=IFCFACE((#1489));
#2929=IFCFACE((#1490));
#2930=IFCFACE((#1491));
#2931=IFCFACE((#1492));
#2932=IFCFACE((#1493));
#2933=IFCFACE((#1494));
#2934=IFCFACE((#1495));
#2935=IFCFACE((#1496));
#2936=IFCFACE((#1497));
#2937=IFCFACE((#1498));
#2938=IFCFACE((#1499));
#2939=IFCFACE((#1500));
#2940=IFCFACE((#1501));
#2941=IFCFACE((#1502));
#2942=IFCFACE((#1503));
#2943=IFCFACE((#1504));
#2944=IFCFACE((#1505));
#2945=IFCFACE((#1506));
#2946=IFCFACE((#1507));
#2947=IFCFACE((#1508));
#2948=IFCFACE((#1509));
#2949=IFCFACE((#1510));
#2950=IFCFACE((#1511));
#2951=IFCFACE((#1512));
#2952=IFCFACE((#1513));
#2953=IFCFACE((#1514));
#2954=IFCFACE((#1515));
#2955=IFCFACE((#1516));
#2956=IFCFACE((#1517));
#2957=IFCFACE((#1518));
#2958=IFCFACE((#1519));
#2959=IFCFACE((#1520));
#2960=IFCFACE((#1521));
#2961=IFCFACE((#1522));
#2962=IFCFACE((#1523));
#2963=IFCFACE((#1524));
#2964=IFCFACE((#1525));
#2965=IFCFACE((#1526));
#2966=IFCFACE((#1527));
#2967=IFCFACE((#1528));
#2968=IFCFACE((#1529));
#2969=IFCFACE((#1530));
#2970=IFCFACE((#1531));
#2971=IFCFACE((#1532));
#2972=IFCFACE((#1533));
#2973=IFCFACE((#1534));
#2974=IFCFACE((#1535));
#2975=IFCFACE((#1536));
#2976=IFCFACE((#1537));
#2977=IFCFACE((#1538));
#2978=IFCFACE((#1539));
#2979=IFCFACE((#1540));
#2980=IFCFACE((#1541));
#2981=IFCFACE((#1542));
#2982=IFCFACE((#1543));
#2983=IFCFACE((#1544));
#2984=IFCFACE((#1545));
#2985=IFCFACE((#1546));
#2986=IFCFACE((#1547));
#2987=IFCFACE((#1548));
#2988=IFCFACE((#1549));
#2989=IFCFACE((#1550));
#2990=IFCFACE((#1551));
#2991=IFCFACE((#1552));
#2992=IFCFACE((#1553));
#2993=IFCFACE((#1554));
#2994=IFCFACE((#1555));
#2995=IFCFACE((#1556));
#2996=IFCFACE((#1557));
#2997=IFCFACE((#1558));
#2998=IFCFACE((#1559));
#2999=IFCFACE((#1560));
#3000=IFCFACE((#1561));
#3001=IFCFACE((#1562));
#3002=IFCFACE((#1563));
#3003=IFCFACE((#1564));
#3004=IFCFACE((#1565));
#3005=IFCFACE((#1566));
#3006=IFCFACE((#1567));
#3007=IFCFACE((#1568));
#3008=IFCFACE((#1569));
#3009=IFCFACE((#1570));
#3010=IFCFACE((#1571));
#3011=IFCFACE((#1572));
#3012=IFCFACE((#1573));
#3013=IFCFACE((#1574));
#3014=IFCFACE((#1575));
#3015=IFCFACE((#1576));
#3016=IFCFACE((#1577));
#3017=IFCFACE((#1578));
#3018=IFCFACE((#1579));
#3019=IFCFACE((#1580));
#3020=IFCFACE((#1581));
#3021=IFCFACE((#1582));
#3022=IFCFACE((#1583));
#3023=IFCFACE((#1584));
#3024=IFCFACE((#1585));
#3025=IFCFACE((#1586));
#3026=IFCFACE((#1587));
#3027=IFCFACE((#1588));
#3028=IFCFACE((#1589));
#3029=IFCFACE((#1590));
#3030=IFCFACE((#1591));
#3031=IFCFACE((#1592));
#3032=IFCFACE((#1593));
#3033=IFCFACE((#1594));
#3034=IFCFACE((#1595));
#3035=IFCFACE((#1596));
#3036=IFCFACE((#1597));
#3037=IFCFACE((#1598));
#3038=IFCFACE((#1599));
#3039=IFCFACE((#1600));
#3040=IFCFACE((#1601));
#3041=IFCFACE((#1602));
#3042=IFCFACE((#1603));
#3043=IFCFACE((#1604));
#3044=IFCFACE((#1605));
#3045=IFCFACE((#1606));
#3046=IFCFACE((#1607));
#3047=IFCFACE((#1608));
#3048=IFCFACE((#1609));
#3049=IFCFACE((#1610));
#3050=IFCFACE((#1611));
#3051=IFCFACE((#1612));
#3052=IFCFACE((#1613));
#3053=IFCFACE((#1614));
#3054=IFCFACE((#1615));
#3055=IFCFACE((#1616));
#3056=IFCFACE((#1617));
#3057=IFCFACE((#1618));
#3058=IFCFACE((#1619));
#3059=IFCFACE((#1620));
#3060=IFCFACE((#1621));
#3061=IFCFACE((#1622));
#3062=IFCFACE((#1623));
#3063=IFCFACE((#1624));
#3064=IFCFACE((#1625));
#3065=IFCFACE((#1626));
#3066=IFCFACE((#1627));
#3067=IFCFACE((#1628));
#3068=IFCFACE((#1629));
#3069=IFCFACE((#1630));
#3070=IFCFACE((#1631));
#3071=IFCFACE((#1632));
#3072=IFCFACE((#1633));
#3073=IFCFACE((#1634));
#3074=IFCFACE((#1635));
#3075=IFCFACE((#1636));
#3076=IFCFACE((#1637));
#3077=IFCFACE((#1638));
#3078=IFCFACE((#1639));
#3079=IFCFACE((#1640));
#3080=IFCFACE((#1641));
#3081=IFCFACE((#1642));
#3082=IFCFACE((#1643));
#3083=IFCFACE((#1644));
#3084=IFCFACE((#1645));
#3085=IFCFACE((#1646));
#3086=IFCFACE((#1647));
#3087=IFCFACE((#1648));
#3088=IFCFACE((#1649));
#3089=IFCFACE((#1650));
#3090=IFCFACE((#1651));
#3091=IFCFACE((#1652));
#3092=IFCFACE((#1653));
#3093=IFCFACE((#1654));
#3094=IFCFACE((#1655));
#3095=IFCFACE((#1656));
#3096=IFCFACE((#1657));
#3097=IFCFACE((#1658));
#3098=IFCFACE((#1659));
#3099=IFCFACE((#1660));
#3100=IFCFACE((#1661));
#3101=IFCFACE((#1662));
#3102=IFCFACE((#1663));
#3103=IFCFACE((#1664));
#3104=IFCFACE((#1665));
#3105=IFCFACE((#1666));
#3106=IFCFACE((#1667));
#3107=IFCFACE((#1668));
#3108=IFCFACE((#1669));
#3109=IFCFACE((#1670));
#3110=IFCFACE((#1671));
#3111=IFCFACE((#1672));
#3112=IFCFACE((#1673));
#3113=IFCFACE((#1674));
#3114=IFCFACE((#1675));
#3115=IFCFACE((#1676));
#3116=IFCFACE((#1677));
#3117=IFCFACE((#1678));
#3118=IFCFACE((#1679));
#3119=IFCFACE((#1680));
#3120=IFCFACE((#1681));
#3121=IFCFACE((#1682));
#3122=IFCFACE((#1683));
#3123=IFCFACE((#1684));
#3124=IFCFACE((#1685));
#3125=IFCFACE((#1686));
#3126=IFCFACE((#1687));
#3127=IFCFACE((#1688));
#3128=IFCFACE((#1689));
#3129=IFCFACE((#1690));
#3130=IFCFACE((#1691));
#3131=IFCFACE((#1692));
#3132=IFCFACE((#1693));
#3133=IFCFACE((#1694));
#3134=IFCFACE((#1695));
#3135=IFCFACE((#1696));
#3136=IFCFACE((#1697));
#3137=IFCFACE((#1698));
#3138=IFCFACE((#1699));
#3139=IFCFACE((#1700));
#3140=IFCFACE((#1701));
#3141=IFCFACE((#1702));
#3142=IFCFACE((#1703));
#3143=IFCFACE((#1704));
#3144=IFCFACE((#1705));
#3145=IFCFACE((#1706));
#3146=IFCFACE((#1707));
#3147=IFCFACE((#1708));
#3148=IFCFACE((#1709));
#3149=IFCFACE((#1710));
#3150=IFCFACE((#1711));
#3151=IFCFACE((#1712));
#3152=IFCFACE((#1713));
#3153=IFCFACE((#1714));
#3154=IFCFACE((#1715));
#3155=IFCFACE((#1716));
#3156=IFCFACE((#1717));
#3157=IFCFACE((#1718));
#3158=IFCFACE((#1719));
#3159=IFCFACE((#1720));
#3160=IFCFACE((#1721));
#3161=IFCFACE((#1722));
#3162=IFCFACE((#1723));
#3163=IFCFACE((#1724));
#3164=IFCFACE((#1725));
#3165=IFCFACE((#1726));
#3166=IFCFACE((#1727));
#3167=IFCFACE((#1728));
#3168=IFCFACE((#1729));
#3169=IFCFACE((#1730));
#3170=IFCFACE((#1731));
#3171=IFCFACE((#1732));
#3172=IFCFACE((#1733));
#3173=IFCFACE((#1734));
#3174=IFCFACE((#1735));
#3175=IFCFACE((#1736));
#3176=IFCFACE((#1737));
#3177=IFCFACE((#1738));
#3178=IFCFACE((#1739));
#3179=IFCFACE((#1740));
#3180=IFCFACE((#1741));
#3181=IFCFACE((#1742));
#3182=IFCFACE((#1743));
#3183=IFCFACE((#1744));
#3184=IFCFACE((#1745));
#3185=IFCFACE((#1746));
#3186=IFCFACE((#1747));
#3187=IFCFACE((#1748));
#3188=IFCFACE((#1749));
#3189=IFCFACE((#1750));
#3190=IFCFACE((#1751));
#3191=IFCFACE((#1752));
#3192=IFCFACE((#1753));
#3193=IFCFACE((#1754));
#3194=IFCFACE((#1755));
#3195=IFCFACE((#1756));
#3196=IFCFACE((#1757));
#3197=IFCFACE((#1758));
#3198=IFCFACE((#1759));
#3199=IFCFACE((#1760));
#3200=IFCFACE((#1761));
#3201=IFCFACE((#1762));
#3202=IFCFACE((#1763));
#3203=IFCFACE((#1764));
#3204=IFCFACE((#1765));
#3205=IFCFACE((#1766));
#3206=IFCFACE((#1767));
#3207=IFCFACE((#1768));
#3208=IFCFACE((#1769));
#3209=IFCFACE((#1770));
#3210=IFCFACE((#1771));
#3211=IFCFACE((#1772));
#3212=IFCFACE((#1773));
#3213=IFCFACE((#1774));
#3214=IFCFACE((#1775));
#3215=IFCFACE((#1776));
#3216=IFCFACE((#1777));
#3217=IFCFACE((#1778));
#3218=IFCFACE((#1779));
#3219=IFCFACE((#1780));
#3220=IFCFACE((#1781));
#3221=IFCFACE((#1782));
#3222=IFCFACE((#1783));
#3223=IFCFACE((#1784));
#3224=IFCFACE((#1785));
#3225=IFCFACE((#1786));
#3226=IFCFACE((#1787));
#3227=IFCFACE((#1788));
#3228=IFCFACE((#1789));
#3229=IFCFACE((#1790));
#3230=IFCFACE((#1791));
#3231=IFCFACE((#1792));
#3232=IFCFACE((#1793));
#3233=IFCFACE((#1794));
#3234=IFCFACE((#1795));
#3235=IFCFACE((#1796));
#3236=IFCFACE((#1797));
#3237=IFCFACE((#1798));
#3238=IFCFACE((#1799));
#3239=IFCFACE((#1800));
#3240=IFCFACE((#1801));
#3241=IFCFACE((#1802));
#3242=IFCFACE((#1803));
#3243=IFCFACE((#1804));
#3244=IFCFACE((#1805));
#3245=IFCFACE((#1806));
#3246=IFCFACE((#1807));
#3247=IFCFACE((#1808));
#3248=IFCFACE((#1809));
#3249=IFCFACE((#1810));
#3250=IFCFACE((#1811));
#3251=IFCFACE((#1812));
#3252=IFCFACE((#1813));
#3253=IFCFACE((#1814));
#3254=IFCFACE((#1815));
#3255=IFCFACE((#1816));
#3256=IFCFACE((#1817));
#3257=IFCFACE((#1818));
#3258=IFCFACE((#1819));
#3259=IFCFACE((#1820));
#3260=IFCFACE((#1821));
#3261=IFCFACE((#1822));
#3262=IFCFACE((#1823));
#3263=IFCFACE((#1824));
#3264=IFCFACE((#1825));
#3265=IFCFACE((#1826));
#3266=IFCFACE((#1827));
#3267=IFCFACE((#1828));
#3268=IFCFACE((#1829));
#3269=IFCFACE((#1830));
#3270=IFCFACE((#1831));
#3271=IFCFACE((#1832));
#3272=IFCFACE((#1833));
#3273=IFCFACE((#1834));
#3274=IFCFACE((#1835));
#3275=IFCFACE((#1836));
#3276=IFCFACE((#1837));
#3277=IFCFACE((#1838));
#3278=IFCFACE((#1839));
#3279=IFCFACE((#1840));
#3280=IFCFACE((#1841));
#3281=IFCFACE((#1842));
#3282=IFCFACE((#1843));
#3283=IFCFACE((#1844));
#3284=IFCFACE((#1845));
#3285=IFCFACE((#1846));
#3286=IFCFACE((#1847));
#3287=IFCFACE((#1848));
#3288=IFCFACE((#1849));
#3289=IFCFACE((#1850));
#3290=IFCFACE((#1851));
#3291=IFCFACE((#1852));
#3292=IFCFACE((#1853));
#3293=IFCFACE((#1854));
#3294=IFCFACE((#1855));
#3295=IFCFACE((#1856));
#3296=IFCFACE((#1857));
#3297=IFCFACE((#1858));
#3298=IFCFACE((#1859));
#3299=IFCFACE((#1860));
#3300=IFCFACE((#1861));
#3301=IFCFACE((#1862));
#3302=IFCFACE((#1863));
#3303=IFCFACE((#1864));
#3304=IFCFACE((#1865));
#3305=IFCFACE((#1866));
#3306=IFCFACE((#1867));
#3307=IFCFACE((#1868));
#3308=IFCFACE((#1869));
#3309=IFCFACE((#1870));
#3310=IFCFACE((#1871));
#3311=IFCFACE((#1872));
#3312=IFCFACE((#1873));
#3313=IFCFACE((#1874));
#3314=IFCFACE((#1875));
#3315=IFCFACE((#1876));
#3316=IFCFACE((#1877));
#3317=IFCFACE((#1878));
#3318=IFCFACE((#1879));
#3319=IFCFACE((#1880));
#3320=IFCFACE((#1881));
#3321=IFCFACE((#1882));
#3322=IFCFACE((#1883));
#3323=IFCFACE((#1884));
#3324=IFCFACE((#1885));
#3325=IFCFACE((#1886));
#3326=IFCFACE((#1887));
#3327=IFCFACE((#1888));
#3328=IFCFACE((#1889));
#3329=IFCFACE((#1890));
#3330=IFCFACE((#1891));
#3331=IFCFACE((#1892));
#3332=IFCFACE((#1893));
#3333=IFCFACE((#1894));
#3334=IFCFACE((#1895));
#3335=IFCFACE((#1896));
#3336=IFCFACE((#1897));
#3337=IFCFACE((#1898));
#3338=IFCFACE((#1899));
#3339=IFCFACE((#1900));
#3340=IFCFACE((#1901));
#3341=IFCFACE((#1902));
#3342=IFCFACE((#1903));
#3343=IFCFACE((#1904));
#3344=IFCFACE((#1905));
#3345=IFCFACE((#1906));
#3346=IFCFACE((#1907));
#3347=IFCFACE((#1908));
#3348=IFCFACE((#1909));
#3349=IFCFACE((#1910));
#3350=IFCFACE((#1911));
#3351=IFCFACE((#1912));
#3352=IFCFACE((#1913));
#3353=IFCFACE((#1914));
#3354=IFCFACE((#1915));
#3355=IFCFACE((#1916));
#3356=IFCFACE((#1917));
#3357=IFCFACE((#1918));
#3358=IFCFACE((#1919));
#3359=IFCFACE((#1920));
#3360=IFCFACE((#1921));
#3361=IFCFACE((#1922));
#3362=IFCFACE((#1923));
#3363=IFCFACE((#1924));
#3364=IFCFACE((#1925));
#3365=IFCFACE((#1926));
#3366=IFCFACE((#1927));
#3367=IFCFACE((#1928));
#3368=IFCFACE((#1929));
#3369=IFCFACE((#1930));
#3370=IFCFACE((#1931));
#3371=IFCFACE((#1932));
#3372=IFCFACE((#1933));
#3373=IFCFACE((#1934));
#3374=IFCFACE((#1935));
#3375=IFCFACE((#1936));
#3376=IFCFACE((#1937));
#3377=IFCFACE((#1938));
#3378=IFCFACE((#1939));
#3379=IFCFACE((#1940));
#3380=IFCFACE((#1941));
#3381=IFCFACE((#1942));
#3382=IFCFACE((#1943));
#3383=IFCFACE((#1944));
#3384=IFCFACE((#1945));
#3385=IFCFACE((#1946));
#3386=IFCFACE((#1947));
#3387=IFCFACE((#1948));
#3388=IFCFACE((#1949));
#3389=IFCFACE((#1950));
#3390=IFCFACE((#1951));
#3391=IFCFACE((#1952));
#3392=IFCFACE((#1953));
#3393=IFCFACE((#1954));
#3394=IFCFACE((#1955));
#3395=IFCFACE((#1956));
#3396=IFCFACE((#1957));
#3397=IFCFACE((#1958));
#3398=IFCFACE((#1959));
#3399=IFCFACE((#1960));
#3400=IFCFACE((#1961));
#3401=IFCFACE((#1962));
#3402=IFCFACE((#1963));
#3403=IFCFACE((#1964));
#3404=IFCFACE((#1965));
#3405=IFCFACE((#1966));
#3406=IFCFACE((#1967));
#3407=IFCFACE((#1968));
#3408=IFCFACE((#1969));
#3409=IFCFACE((#1970));
#3410=IFCFACE((#1971));
#3411=IFCFACE((#1972));
#3412=IFCFACE((#1973));
#3413=IFCFACE((#1974));
#3414=IFCFACE((#1975));
#3415=IFCFACE((#1976));
#3416=IFCFACE((#1977));
#3417=IFCFACE((#1978));
#3418=IFCFACE((#1979));
#3419=IFCFACE((#1980));
#3420=IFCFACE((#1981));
#3421=IFCFACE((#1982));
#3422=IFCFACE((#1983));
#3423=IFCFACE((#1984));
#3424=IFCFACE((#1985));
#3425=IFCFACE((#1986));
#3426=IFCFACE((#1987));
#3427=IFCFACE((#1988));
#3428=IFCFACE((#1989));
#3429=IFCFACE((#1990));
#3430=IFCFACE((#1991));
#3431=IFCFACE((#1992));
#3432=IFCFACE((#1993));
#3433=IFCFACE((#1994));
#3434=IFCFACE((#1995));
#3435=IFCFACE((#1996));
#3436=IFCFACE((#1997));
#3437=IFCFACE((#1998));
#3438=IFCFACE((#1999));
#3439=IFCFACE((#2000));
#3440=IFCFACE((#2001));
#3441=IFCFACE((#2002));
#3442=IFCFACE((#2003));
#3443=IFCFACE((#2004));
#3444=IFCFACE((#2005));
#3445=IFCFACE((#2006));
#3446=IFCFACE((#2007));
#3447=IFCFACE((#2008));
#3448=IFCFACE((#2009));
#3449=IFCFACE((#2010));
#3450=IFCFACE((#2011));
#3451=IFCFACE((#2012));
#3452=IFCFACE((#2013));
#3453=IFCFACE((#2014));
#3454=IFCFACE((#2015));
#3455=IFCFACE((#2016));
#3456=IFCFACE((#2017));
#3457=IFCFACE((#2018));
#3458=IFCFACE((#2019));
#3459=IFCFACE((#2020));
#3460=IFCFACE((#2021));
#3461=IFCFACE((#2022));
#3462=IFCFACE((#2023));
#3463=IFCFACE((#2024));
#3464=IFCFACE((#2025));
#3465=IFCFACE((#2026));
#3466=IFCFACE((#2027));
#3467=IFCFACE((#2028));
#3468=IFCFACE((#2029));
#3469=IFCFACE((#2030));
#3470=IFCFACE((#2031));
#3471=IFCFACE((#2032));
#3472=IFCFACE((#2033));
#3473=IFCFACE((#2034));
#3474=IFCFACE((#2035));
#3475=IFCFACE((#2036));
#3476=IFCFACE((#2037));
#3477=IFCFACE((#2038));
#3478=IFCFACE((#2039));
#3479=IFCFACE((#2040));
#3480=IFCFACE((#2041));
#3481=IFCFACE((#2042));
#3482=IFCFACE((#2043));
#3483=IFCFACE((#2044));
#3484=IFCFACE((#2045));
#3485=IFCFACE((#2046));
#3486=IFCFACE((#2047));
#3487=IFCFACE((#2048));
#3488=IFCFACE((#2049));
#3489=IFCFACE((#2050));
#3490=IFCFACE((#2051));
#3491=IFCFACE((#2052));
#3492=IFCFACE((#2053));
#3493=IFCFACE((#2054));
#3494=IFCFACE((#2055));
#3495=IFCFACE((#2056));
#3496=IFCFACE((#2057));
#3497=IFCFACE((#2058));
#3498=IFCFACE((#2059));
#3499=IFCFACE((#2060));
#3500=IFCFACE((#2061));
#3501=IFCFACE((#2062));
#3502=IFCFACE((#2063));
#3503=IFCFACE((#2064));
#3504=IFCFACE((#2065));
#3505=IFCFACE((#2066));
#3506=IFCFACE((#2067));
#3507=IFCFACE((#2068));
#3508=IFCFACE((#2069));
#3509=IFCFACE((#2070));
#3510=IFCFACE((#2071));
#3511=IFCFACE((#2072));
#3512=IFCFACE((#2073));
#3513=IFCFACE((#2074));
#3514=IFCFACE((#2075));
#3515=IFCFACE((#2076));
#3516=IFCFACE((#2077));
#3517=IFCFACE((#2078));
#3518=IFCFACE((#2079));
#3519=IFCFACE((#2080));
#3520=IFCFACE((#2081));
#3521=IFCFACE((#2082));
#3522=IFCFACE((#2083));
#3523=IFCFACE((#2084));
#3524=IFCFACE((#2085));
#3525=IFCFACE((#2086));
#3526=IFCFACE((#2087));
#3527=IFCFACE((#2088));
#3528=IFCFACE((#2089));
#3529=IFCFACE((#2090));
#3530=IFCFACE((#2091));
#3531=IFCFACE((#2092));
#3532=IFCFACE((#2093));
#3533=IFCFACE((#2094));
#3534=IFCFACE((#2095));
#3535=IFCFACE((#2096));
#3536=IFCFACE((#2097));
#3537=IFCFACE((#2098));
#3538=IFCFACE((#2099));
#3539=IFCFACE((#2100));
#3540=IFCFACE((#2101));
#3541=IFCFACE((#2102));
#3542=IFCFACE((#2103));
#3543=IFCFACE((#2104));
#3544=IFCFACE((#2105));
#3545=IFCFACE((#2106));
#3546=IFCFACE((#2107));
#3547=IFCFACE((#2108));
#3548=IFCFACE((#2109));
#3549=IFCFACE((#2110));
#3550=IFCFACE((#2111));
#3551=IFCFACE((#2112));
#3552=IFCFACE((#2113));
#3553=IFCFACE((#2114));
#3554=IFCFACE((#2115));
#3555=IFCFACE((#2116));
#3556=IFCFACE((#2117));
#3557=IFCFACE((#2118));
#3558=IFCFACE((#2119));
#3559=IFCFACE((#2120));
#3560=IFCFACE((#2121));
#3561=IFCFACE((#2122));
#3562=IFCFACE((#2123));
#3563=IFCFACE((#2124));
#3564=IFCFACE((#2125));
#3565=IFCFACE((#2126));
#3566=IFCFACE((#2127));
#3567=IFCFACE((#2128));
#3568=IFCFACE((#2129));
#3569=IFCFACE((#2130));
#3570=IFCFACE((#2131));
#3571=IFCFACE((#2132));
#3572=IFCFACE((#2133));
#3573=IFCFACE((#2134));
#3574=IFCFACE((#2135));
#3575=IFCFACE((#2136));
#3576=IFCFACE((#2137));
#3577=IFCFACE((#2138));
#3578=IFCFACE((#2139));
#3579=IFCFACE((#2140));
#3580=IFCFACE((#2141));
#3581=IFCFACE((#2142));
#3582=IFCFACE((#2143));
#3583=IFCFACE((#2144));
#3584=IFCFACE((#2145));
#3585=IFCFACE((#2146));
#3586=IFCFACE((#2147));
#3587=IFCFACE((#2148));
#3588=IFCFACE((#2149));
#3589=IFCFACE((#2150));
#3590=IFCFACE((#2151));
#3591=IFCFACE((#2152));
#3592=IFCFACE((#2153));
#3593=IFCFACE((#2154));
#3594=IFCFACE((#2155));
#3595=IFCFACE((#2156));
#3596=IFCFACE((#2157));
#3597=IFCFACE((#2158));
#3598=IFCFACE((#2159));
#3599=IFCFACE((#2160));
#3600=IFCFACE((#2161));
#3601=IFCFACE((#2162));
#3602=IFCFACE((#2163));
#3603=IFCFACE((#2164));
#3604=IFCFACE((#2165));
#3605=IFCFACE((#2166));
#3606=IFCFACE((#2167));
#3607=IFCFACE((#2168));
#3608=IFCFACE((#2169));
#3609=IFCFACE((#2170));
#3610=IFCFACE((#2171));
#3611=IFCFACE((#2172));
#3612=IFCFACE((#2173));
#3613=IFCFACE((#2174));
#3614=IFCFACE((#2175));
#3615=IFCFACE((#2176));
#3616=IFCFACE((#2177));
#3617=IFCFACE((#2178));
#3618=IFCFACE((#2179));
#3619=IFCFACE((#2180));
#3620=IFCFACE((#2181));
#3621=IFCFACE((#2182));
#3622=IFCFACE((#2183));
#3623=IFCFACE((#2184));
#3624=IFCFACE((#2185));
#3625=IFCFACE((#2186));
#3626=IFCFACE((#2187));
#3627=IFCFACE((#2188));
#3628=IFCFACE((#2189));
#3629=IFCFACE((#2190));
#3630=IFCFACE((#2191));
#3631=IFCFACE((#2192));
#3632=IFCFACE((#2193));
#3633=IFCFACE((#2194));
#3634=IFCFACE((#2195));
#3635=IFCFACE((#2196));
#3636=IFCFACE((#2197));
#3637=IFCFACE((#2198));
#3638=IFCFACE((#2199));
#3639=IFCFACE((#2200));
#3640=IFCFACE((#2201));
#3641=IFCFACE((#2202));
#3642=IFCFACE((#2203));
#3643=IFCFACE((#2204));
#3644=IFCFACE((#2205));
#3645=IFCFACE((#2206));
#3646=IFCFACE((#2207));
#3647=IFCFACE((#2208));
#3648=IFCFACE((#2209));
#3649=IFCFACE((#2210));
#3650=IFCFACE((#2211));
#3651=IFCFACE((#2212));
#3652=IFCFACE((#2213));
#3653=IFCFACE((#2214));
#3654=IFCFACE((#2215));
#3655=IFCFACE((#2216));
#3656=IFCFACE((#2217));
#3657=IFCFACE((#2218));
#3658=IFCFACE((#2219));
#3659=IFCFACE((#2220));
#3660=IFCFACE((#2221));
#3661=IFCFACE((#2222));
#3662=IFCFACE((#2223));
#3663=IFCFACE((#2224));
#3664=IFCFACE((#2225));
#3665=IFCFACE((#2226));
#3666=IFCFACE((#2227));
#3667=IFCFACE((#2228));
#3668=IFCFACE((#2229));
#3669=IFCFACE((#2230));
#3670=IFCFACE((#2231));
#3671=IFCFACE((#2232));
#3672=IFCFACE((#2233));
#3673=IFCFACE((#2234));
#3674=IFCFACE((#2235));
#3675=IFCFACE((#2236));
#3676=IFCFACE((#2237));
#3677=IFCFACE((#2238));
#3678=IFCFACE((#2239));
#3679=IFCFACE((#2240));
#3680=IFCFACE((#2241));
#3681=IFCFACE((#2242));
#3682=IFCFACE((#2243));
#3683=IFCFACE((#2244));
#3684=IFCFACE((#2245));
#3685=IFCFACE((#2246));
#3686=IFCFACE((#2247));
#3687=IFCFACE((#2248));
#3688=IFCFACE((#2249));
#3689=IFCFACE((#2250));
#3690=IFCFACE((#2251));
#3691=IFCFACE((#2252));
#3692=IFCFACE((#2253));
#3693=IFCFACE((#2254));
#3694=IFCFACE((#2255));
#3695=IFCFACE((#2256));
#3696=IFCFACE((#2257));
#3697=IFCFACE((#2258));
#3698=IFCFACE((#2259));
#3699=IFCFACE((#2260));
#3700=IFCFACE((#2261));
#3701=IFCFACE((#2262));
#3702=IFCFACE((#2263));
#3703=IFCFACE((#2264));
#3704=IFCFACE((#2265));
#3705=IFCFACE((#2266));
#3706=IFCFACE((#2267));
#3707=IFCFACE((#2268));
#3708=IFCFACE((#2269));
#3709=IFCFACE((#2270));
#3710=IFCFACE((#2271));
#3711=IFCFACE((#2272));
#3712=IFCFACE((#2273));
#3713=IFCFACE((#2274));
#3714=IFCFACE((#2275));
#3715=IFCFACE((#2276));
#3716=IFCFACE((#2277));
#3717=IFCFACE((#2278));
#3718=IFCFACE((#2279));
#3719=IFCFACE((#2280));
#3720=IFCFACE((#2281));
#3721=IFCFACE((#2282));
#3722=IFCFACE((#2283));
#3723=IFCFACE((#2284));
#3724=IFCFACE((#2285));
#3725=IFCFACE((#2286));
#3726=IFCFACE((#2287));
#3727=IFCFACE((#2288));
#3728=IFCFACE((#2289));
#3729=IFCFACE((#2290));
#3730=IFCFACE((#2291));
#3731=IFCFACE((#2292));
#3732=IFCFACE((#2293));
#3733=IFCFACE((#2294));
#3734=IFCFACE((#2295));
#3735=IFCFACE((#2296));
#3736=IFCFACE((#2297));
#3737=IFCFACE((#2298));
#3738=IFCFACE((#2299));
#3739=IFCFACE((#2300));
#3740=IFCFACE((#2301));
#3741=IFCFACE((#2302));
#3742=IFCFACE((#2303));
#3743=IFCFACE((#2304));
#3744=IFCFACE((#2305));
#3745=IFCFACE((#2306));
#3746=IFCFACE((#2307));
#3747=IFCFACE((#2308));
#3748=IFCFACE((#2309));
#3749=IFCFACE((#2310));
#3750=IFCFACE((#2311));
#3751=IFCFACE((#2312));
#3752=IFCFACE((#2313));
#3753=IFCFACE((#2314));
#3754=IFCFACE((#2315));
#3755=IFCFACE((#2316));
#3756=IFCFACE((#2317));
#3757=IFCFACE((#2318));
#3758=IFCFACE((#2319));
#3759=IFCFACE((#2320));
#3760=IFCFACE((#2321));
#3761=IFCFACE((#2322));
#3762=IFCFACE((#2323));
#3763=IFCFACE((#2324));
#3764=IFCFACE((#2325));
#3765=IFCFACE((#2326));
#3766=IFCFACE((#2327));
#3767=IFCFACE((#2328));
#3768=IFCFACE((#2329));
#3769=IFCFACE((#2330));
#3770=IFCFACE((#2331));
#3771=IFCFACE((#2332));
#3772=IFCFACE((#2333));
#3773=IFCFACE((#2334));
#3774=IFCFACE((#2335));
#3775=IFCFACE((#2336));
#3776=IFCFACE((#2337));
#3777=IFCFACE((#2338));
#3778=IFCFACE((#2339));
#3779=IFCFACE((#2340));
#3780=IFCFACE((#2341));
#3781=IFCFACE((#2342));
#3782=IFCFACE((#2343));
#3783=IFCFACE((#2344));
#3784=IFCFACE((#2345));
#3785=IFCFACE((#2346));
#3786=IFCFACE((#2347));
#3787=IFCFACE((#2348));
#3788=IFCFACE((#2349));
#3789=IFCFACE((#2350));
#3790=IFCFACE((#2351));
#3791=IFCFACE((#2352));
#3792=IFCFACE((#2353));
#3793=IFCFACE((#2354));
#3794=IFCFACE((#2355));
#3795=IFCFACE((#2356));
#3796=IFCFACE((#2357));
#3797=IFCFACE((#2358));
#3798=IFCFACE((#2359));
#3799=IFCFACE((#2360));
#3800=IFCFACE((#2361));
#3801=IFCFACE((#2362));
#3802=IFCFACE((#2363));
#3803=IFCFACE((#2364));
#3804=IFCFACE((#2365));
#3805=IFCFACE((#2366));
#3806=IFCFACE((#2367));
#3807=IFCFACE((#2368));
#3808=IFCFACE((#2369));
#3809=IFCFACE((#2370));
#3810=IFCFACE((#2371));
#3811=IFCFACE((#2372));
#3812=IFCFACE((#2373));
#3813=IFCFACE((#2374));
#3814=IFCFACE((#2375));
#3815=IFCFACE((#2376));
#3816=IFCFACE((#2377));
#3817=IFCFACE((#2378));
#3818=IFCFACE((#2379));
#3819=IFCFACE((#2380));
#3820=IFCFACE((#2381));
#3821=IFCFACE((#2382));
#3822=IFCFACE((#2383));
#3823=IFCFACE((#2384));
#3824=IFCFACE((#2385));
#3825=IFCFACE((#2386));
#3826=IFCFACE((#2387));
#3827=IFCFACE((#2388));
#3828=IFCFACE((#2389));
#3829=IFCFACE((#2390));
#3830=IFCFACE((#2391));
#3831=IFCFACE((#2392));
#3832=IFCFACE((#2393));
#3833=IFCFACE((#2394));
#3834=IFCFACE((#2395));
#3835=IFCFACE((#2396));
#3836=IFCFACE((#2397));
#3837=IFCFACE((#2398));
#3838=IFCFACE((#2399));
#3839=IFCFACE((#2400));
#3840=IFCFACE((#2401));
#3841=IFCFACE((#2402));
#3842=IFCFACE((#2403));
#3843=IFCFACE((#2404));
#3844=IFCFACE((#2405));
#3845=IFCFACE((#2406));
#3846=IFCFACE((#2407));
#3847=IFCFACE((#2408));
#3848=IFCFACE((#2409));
#3849=IFCFACE((#2410));
#3850=IFCFACE((#2411));
#3851=IFCFACE((#2412));
#3852=IFCFACE((#2413));
#3853=IFCFACE((#2414));
#3854=IFCFACE((#2415));
#3855=IFCFACE((#2416));
#3856=IFCFACE((#2417));
#3857=IFCFACE((#2418));
#3858=IFCFACE((#2419));
#3859=IFCFACE((#2420));
#3860=IFCFACE((#2421));
#3861=IFCFACE((#2422));
#3862=IFCFACE((#2423));
#3863=IFCFACE((#2424));
#3864=IFCFACE((#2425));
#3865=IFCFACE((#2426));
#3866=IFCFACE((#2427));
#3867=IFCFACE((#2428));
#3868=IFCFACE((#2429));
#3869=IFCFACE((#2430));
#3870=IFCFACE((#2431));
#3871=IFCFACE((#2432));
#3872=IFCFACE((#2433));
#3873=IFCFACE((#2434));
#3874=IFCFACE((#2435));
#3875=IFCFACE((#2436));
#3876=IFCFACE((#2437));
#3877=IFCFACE((#2438));
#3878=IFCFACE((#2439));
#3879=IFCFACE((#2440));
#3880=IFCFACE((#2441));
#3881=IFCFACE((#2442));
#3882=IFCFACE((#2443));
#3883=IFCFACE((#2444));
#3884=IFCFACE((#2445));
#3885=IFCFACE((#2446));
#3886=IFCFACE((#2447));
#3887=IFCFACE((#2448));
#3888=IFCFACE((#2449));
#3889=IFCFACE((#2450));
#3890=IFCFACE((#2451));
#3891=IFCFACE((#2452));
#3892=IFCFACE((#2453));
#3893=IFCFACE((#2454));
#3894=IFCFACE((#2455));
#3895=IFCFACE((#2456));
#3896=IFCFACE((#2457));
#3897=IFCFACE((#2458));
#3898=IFCFACE((#2459));
#3899=IFCFACE((#2460));
#3900=IFCFACE((#2461));
#3901=IFCFACE((#2462));
#3902=IFCFACE((#2463));
#3903=IFCFACE((#2464));
#3904=IFCFACE((#2465));
#3905=IFCFACE((#2466));
#3906=IFCFACE((#2467));
#3907=IFCFACE((#2468));
#3908=IFCFACE((#2469));
#3909=IFCFACE((#2470));
#3910=IFCFACE((#2471));
#3911=IFCFACE((#2472));
#3912=IFCFACE((#2473));
#3913=IFCFACE((#2474));
#3914=IFCFACE((#2475));
#3915=IFCFACE((#2476));
#3916=IFCFACE((#2477));
#3917=IFCFACE((#2478));
#3918=IFCFACE((#2479));
#3919=IFCFACE((#2480));
#3920=IFCFACE((#2481));
#3921=IFCFACE((#2482));
#3922=IFCFACE((#2483));
#3923=IFCFACE((#2484));
#3924=IFCFACE((#2485));
#3925=IFCFACE((#2486));
#3926=IFCFACE((#2487));
#3927=IFCFACE((#2488));
#3928=IFCFACE((#2489));
#3929=IFCFACE((#2490));
#3930=IFCFACE((#2491));
#3931=IFCFACE((#2492));
#3932=IFCFACE((#2493));
#3933=IFCFACE((#2494));
#3934=IFCFACE((#2495));
#3935=IFCFACE((#2496));
#3936=IFCFACE((#2497));
#3937=IFCFACE((#2498));
#3938=IFCFACE((#2499));
#3939=IFCFACE((#2500));
#3940=IFCFACE((#2501));
#3941=IFCFACE((#2502));
#3942=IFCFACE((#2503));
#3943=IFCFACE((#2504));
#3944=IFCFACE((#2505));
#3945=IFCFACE((#2506));
#3946=IFCFACE((#2507));
#3947=IFCFACE((#2508));
#3948=IFCFACE((#2509));
#3949=IFCFACE((#2510));
#3950=IFCFACE((#2511));
#3951=IFCFACE((#2512));
#3952=IFCFACE((#2513));
#3953=IFCFACE((#2514));
#3954=IFCFACE((#2515));
#3955=IFCFACE((#2516));
#3956=IFCFACE((#2517));
#3957=IFCFACE((#2518));
#3958=IFCFACE((#2519));
#3959=IFCFACE((#2520));
#3960=IFCFACE((#2521));
#3961=IFCFACE((#2522));
#3962=IFCFACE((#2523));
#3963=IFCFACE((#2524));
#3964=IFCFACE((#2525));
#3965=IFCFACE((#2526));
#3966=IFCFACE((#2527));
#3967=IFCFACE((#2528));
#3968=IFCFACE((#2529));
#3969=IFCFACE((#2530));
#3970=IFCFACE((#2531));
#3971=IFCFACE((#2532));
#3972=IFCFACE((#2533));
#3973=IFCFACE((#2534));
#3974=IFCFACE((#2535));
#3975=IFCFACE((#2536));
#3976=IFCFACE((#2537));
#3977=IFCFACE((#2538));
#3978=IFCFACE((#2539));
#3979=IFCFACE((#2540));
#3980=IFCFACE((#2541));
#3981=IFCFACE((#2542));
#3982=IFCFACE((#2543));
#3983=IFCFACE((#2544));
#3984=IFCFACE((#2545));
#3985=IFCFACE((#2546));
#3986=IFCFACE((#2547));
#3987=IFCFACE((#2548));
#3988=IFCFACE((#2549));
#3989=IFCFACE((#2550));
#3990=IFCFACE((#2551));
#3991=IFCFACE((#2552));
#3992=IFCFACE((#2553));
#3993=IFCFACE((#2554));
#3994=IFCFACE((#2555));
#3995=IFCFACE((#2556));
#3996=IFCFACE((#2557));
#3997=IFCFACE((#2558));
#3998=IFCFACE((#2559));
#3999=IFCFACE((#2560));
#4000=IFCFACE((#2561));
#4001=IFCFACE((#2562));
#4002=IFCFACE((#2563));
#4003=IFCFACE((#2564));
#4004=IFCFACE((#2565));
#4005=IFCFACE((#2566));
#4006=IFCFACE((#2567));
#4007=IFCFACE((#2568));
#4008=IFCFACE((#2569));
#4009=IFCFACE((#2570));
#4010=IFCFACE((#2571));
#4011=IFCFACE((#2572));
#4012=IFCFACE((#2573));
#4013=IFCFACE((#2574));
#4014=IFCFACE((#2575));
#4015=IFCFACE((#2576));
#4016=IFCFACE((#2577));
#4017=IFCFACE((#2578));
#4018=IFCFACE((#2579));
#4019=IFCFACE((#2580));
#4020=IFCFACE((#2581));
#4021=IFCFACE((#2582));
#4022=IFCFACE((#2583));
#4023=IFCFACE((#2584));
#4024=IFCFACE((#2585));
#4025=IFCFACE((#2586));
#4026=IFCFACE((#2587));
#4027=IFCFACE((#2588));
#4028=IFCFACE((#2589));
#4029=IFCFACE((#2590));
#4030=IFCFACE((#2591));
#4031=IFCFACE((#2592));
#4032=IFCFACE((#2593));
#4033=IFCFACE((#2594));
#4034=IFCFACE((#2595));
#4035=IFCFACE((#2596));
#4036=IFCFACE((#2597));
#4037=IFCFACE((#2598));
#4038=IFCFACE((#2599));
#4039=IFCFACE((#2600));
#4040=IFCFACE((#2601));
#4041=IFCFACE((#2602));
#4042=IFCFACE((#2603));
#4043=IFCFACE((#2604));
#4044=IFCFACE((#2605));
#4045=IFCFACE((#2606));
#4046=IFCFACE((#2607));
#4047=IFCFACE((#2608));
#4048=IFCFACE((#2609));
#4049=IFCFACE((#2610));
#4050=IFCFACE((#2611));
#4051=IFCFACE((#2612));
#4052=IFCFACE((#2613));
#4053=IFCFACE((#2614));
#4054=IFCFACE((#2615));
#4055=IFCFACE((#2616));
#4056=IFCFACE((#2617));
#4057=IFCFACE((#2618));
#4058=IFCFACE((#2619));
#4059=IFCFACE((#2620));
#4060=IFCFACE((#2621));
#4061=IFCFACE((#2622));
#4062=IFCFACE((#2623));
#4063=IFCFACE((#2624));
#4064=IFCFACE((#2625));
#4065=IFCFACE((#2626));
#4066=IFCFACE((#2627));
#4067=IFCFACE((#2628));
#4068=IFCFACE((#2629));
#4069=IFCFACE((#2630));
#4070=IFCFACE((#2631));
#4071=IFCFACE((#2632));
#4072=IFCFACE((#2633));
#4073=IFCFACE((#2634));
#4074=IFCFACE((#2635));
#4075=IFCFACE((#2636));
#4076=IFCFACE((#2637));
#4077=IFCFACE((#2638));
#4078=IFCFACE((#2639));
#4079=IFCFACE((#2640));
#4080=IFCFACE((#2641));
#4081=IFCFACE((#2642));
#4082=IFCFACE((#2643));
#4083=IFCFACE((#2644));
#4084=IFCFACE((#2645));
#4085=IFCFACE((#2646));
#4086=IFCFACE((#2647));
#4087=IFCFACE((#2648));
#4088=IFCFACE((#2649));
#4089=IFCFACE((#2650));
#4090=IFCFACE((#2651));
#4091=IFCFACE((#2652));
#4092=IFCFACE((#2653));
#4093=IFCFACE((#2654));
#4094=IFCFACE((#2655));
#4095=IFCFACE((#2656));
#4096=IFCFACE((#2657));
#4097=IFCFACE((#2658));
#4098=IFCFACE((#2659));
#4099=IFCFACE((#2660));
#4100=IFCFACE((#2661));
#4101=IFCFACE((#2662));
#4102=IFCFACE((#2663));
#4103=IFCFACE((#2664));
#4104=IFCFACE((#2665));
#4105=IFCFACE((#2666));
#4106=IFCFACE((#2667));
#4107=IFCFACE((#2668));
#4108=IFCFACE((#2669));
#4109=IFCFACE((#2670));
#4110=IFCFACE((#2671));
#4111=IFCFACE((#2672));
#4112=IFCFACE((#2673));
#4113=IFCFACE((#2674));
#4114=IFCFACE((#2675));
#4115=IFCFACE((#2676));
#4116=IFCFACE((#2677));
#4117=IFCFACE((#2678));
#4118=IFCFACE((#2679));
#4119=IFCFACE((#2680));
#4120=IFCFACE((#2681));
#4121=IFCFACE((#2682));
#4122=IFCFACE((#2683));
#4123=IFCFACE((#2684));
#4124=IFCFACE((#2685));
#4125=IFCFACE((#2686));
#4126=IFCFACE((#2687));
#4127=IFCFACE((#2688));
#4128=IFCFACE((#2689));
#4129=IFCFACE((#2690));
#4130=IFCFACE((#2691));
#4131=IFCFACE((#2692));
#4132=IFCFACE((#2693));
#4133=IFCFACE((#2694));
#4134=IFCFACE((#2695));
#4135=IFCFACE((#2696));
#4136=IFCFACE((#2697));
#4137=IFCFACE((#2698));
#4138=IFCFACE((#2699));
#4139=IFCFACE((#2700));
#4140=IFCFACE((#2701));
#4141=IFCFACE((#2702));
#4142=IFCFACE((#2703));
#4143=IFCFACE((#2704));
#4144=IFCFACE((#2705));
#4145=IFCFACE((#2706));
#4146=IFCFACE((#2707));
#4147=IFCFACE((#2708));
#4148=IFCFACE((#2709));
#4149=IFCFACE((#2710));
#4150=IFCFACE((#2711));
#4151=IFCFACE((#2712));
#4152=IFCFACE((#2713));
#4153=IFCFACE((#2714));
#4154=IFCFACE((#2715));
#4155=IFCFACE((#2716));
#4156=IFCFACE((#2717));
#4157=IFCFACE((#2718));
#4158=IFCFACE((#2719));
#4159=IFCFACE((#2720));
#4160=IFCFACE((#2721));
#4161=IFCFACE((#2722));
#4162=IFCFACE((#2723));
#4163=IFCFACE((#2724));
#4164=IFCFACE((#2725));
#4165=IFCFACE((#2726));
#4166=IFCFACE((#2727));
#4167=IFCFACE((#2728));
#4168=IFCFACE((#2729));
#4169=IFCFACE((#2730));
#4170=IFCFACE((#2731));
#4171=IFCFACE((#2732));
#4172=IFCFACE((#2733));
#4173=IFCFACE((#2734));
#4174=IFCFACE((#2735));
#4175=IFCFACE((#2736));
#4176=IFCFACE((#2737));
#4177=IFCFACE((#2738));
#4178=IFCFACE((#2739));
#4179=IFCFACE((#2740));
#4180=IFCFACE((#2741));
#4181=IFCFACE((#2742));
#4182=IFCFACE((#2743));
#4183=IFCFACE((#2744));
#4184=IFCFACE((#2745));
#4185=IFCFACE((#2746));
#4186=IFCFACE((#2747));
#4187=IFCFACE((#2748));
#4188=IFCFACE((#2749));
#4189=IFCFACE((#2750));
#4190=IFCFACE((#2751));
#4191=IFCFACE((#2752));
#4192=IFCFACE((#2753));
#4193=IFCFACE((#2754));
#4194=IFCFACE((#2755));
#4195=IFCFACE((#2756));
#4196=IFCFACE((#2757));
#4197=IFCFACE((#2758));
#4198=IFCFACE((#2759));
#4199=IFCFACE((#2760));
#4200=IFCFACE((#2761));
#4201=IFCFACE((#2762));
#4202=IFCFACE((#2763));
#4203=IFCFACE((#2764));
#4204=IFCFACE((#2765));
#4205=IFCFACE((#2766));
#4206=IFCFACE((#2767));
#4207=IFCFACE((#2768));
#4208=IFCFACE((#2769));
#4209=IFCFACE((#2770));
#4210=IFCFACE((#2771));
#4211=IFCFACE((#2772));
#4212=IFCFACE((#2773));
#4213=IFCFACE((#2774));
#4214=IFCFACE((#2775));
#4215=IFCFACE((#2776));
#4216=IFCFACE((#2777));
#4217=IFCFACE((#2778));
#4218=IFCFACE((#2779));
#4219=IFCFACE((#2780));
#4220=IFCFACE((#2781));
#4221=IFCFACE((#2782));
#4222=IFCFACE((#2783));
#4223=IFCFACE((#2784));
#4224=IFCFACE((#2785));
#4225=IFCFACE((#2786));
#4226=IFCFACE((#2787));
#4227=IFCFACE((#2788));
#4228=IFCFACE((#2789));
#4229=IFCFACE((#2790));
#4230=IFCFACE((#2791));
#4231=IFCFACE((#2792));
#4232=IFCFACE((#2793));
#4233=IFCFACE((#2794));
#4234=IFCFACE((#2795));
#4235=IFCFACE((#2796));
#4236=IFCFACE((#2797));
#4237=IFCFACE((#2798));
#4238=IFCFACE((#2799));
#4239=IFCFACE((#2800));
#4240=IFCFACE((#2801));
#4241=IFCFACE((#2802));
#4242=IFCFACE((#2803));
#4243=IFCFACE((#2804));
#4244=IFCFACE((#2805));
#4245=IFCFACE((#2806));
#4246=IFCFACE((#2807));
#4247=IFCFACE((#2808));
#4248=IFCFACE((#2809));
#4249=IFCFACE((#2810));
#4250=IFCFACE((#2811));
#4251=IFCFACE((#2812));
#4252=IFCFACE((#2813));
#4253=IFCFACE((#2814));
#4254=IFCFACE((#2815));
#4255=IFCFACE((#2816));
#4256=IFCFACE((#2817));
#4257=IFCFACE((#2818));
#4258=IFCFACE((#2819));
#4259=IFCFACE((#2820));
#4260=IFCFACE((#2821));
#4261=IFCFACE((#2822));
#4262=IFCFACE((#2823));
#4263=IFCFACE((#2824));
#4264=IFCFACE((#2825));
#4265=IFCFACE((#2826));
#4266=IFCFACE((#2827));
#4267=IFCFACE((#2828));
#4268=IFCFACE((#2829));
#4269=IFCFACE((#2830));
#4270=IFCFACE((#2831));
#4271=IFCFACE((#2832));
#4272=IFCFACE((#2833));
#4273=IFCFACE((#2834));
#4274=IFCFACE((#2835));
#4275=IFCFACE((#2836));
#4276=IFCFACE((#2837));
#4277=IFCFACE((#2838));
#4278=IFCFACE((#2839));
#4279=IFCFACE((#2840));
#4280=IFCFACE((#2841));
#4281=IFCFACE((#2842));
#4282=IFCFACE((#2843));
#4283=IFCFACE((#2844));
#4284=IFCFACE((#2845));
#4285=IFCFACE((#2846));
#4286=IFCFACE((#2847));
#4287=IFCFACE((#2848));
#4288=IFCFACE((#2849));
#4289=IFCFACE((#2850));
#4290=IFCFACE((#2851));
#4291=IFCFACE((#2852));
#4292=IFCFACE((#2853));
#4293=IFCFACE((#2854));
#4294=IFCFACE((#2855));
#4295=IFCFACE((#2856));
#4296=IFCFACE((#2857));
#4297=IFCFACE((#2858));
#4298=IFCFACE((#2859));
#4299=IFCFACE((#2860));
#4300=IFCFACE((#2861));
#4301=IFCFACE((#2862));
#4302=IFCFACE((#2863));
#4303=IFCFACE((#2864));
#4304=IFCFACE((#2865));
#4305=IFCFACE((#2866));
#4306=IFCFACE((#2867));
#4307=IFCFACE((#2868));
#4308=IFCFACE((#2869));
#4309=IFCFACE((#2870));
#4310=IFCFACE((#2871));
#4311=IFCFACE((#2872));
#4312=IFCFACE((#2873));
#4313=IFCFACE((#2874));
#4314=IFCFACE((#2875));
#4315=IFCFACE((#2876));
#4316=IFCFACE((#2877));
#4317=IFCFACE((#2878));
#4318=IFCFACE((#2879));
#4319=IFCFACE((#2880));
#4320=IFCFACE((#2881));
#4321=IFCFACE((#2882));
#4322=IFCFACE((#2883));
#4323=IFCFACE((#2884));
#4324=IFCFACE((#2885));
#4325=IFCFACE((#2886));
#4326=IFCFACE((#2887));
#4327=IFCFACE((#2888));
#4328=IFCFACE((#2889));
#4329=IFCFACE((#2890));
#4330=IFCFACE((#2891));
#4331=IFCFACE((#2892));
#4332=IFCFACE((#2893));
#4333=IFCFACE((#2894));
#4334=IFCFACE((#2895));
#4335=IFCFACE((#2896));
#4336=IFCFACE((#2897));
#4337=IFCFACE((#2898));
#4338=IFCFACE((#2899));
#4339=IFCFACE((#2900));
#4340=IFCFACE((#2901));
#4341=IFCFACE((#2902));
#4342=IFCFACE((#2903));
#4343=IFCCLOSEDSHELL((#2904,#2905,#2906,#2907,#2908,#2909,#2910,#2911,#2912,
#2913,#2914,#2915,#2916,#2917,#2918,#2919,#2920,#2921,#2922,#2923,#2924,
#2925,#2926,#2927,#2928,#2929,#2930,#2931,#2932,#2933,#2934,#2935,#2936,
#2937,#2938,#2939,#2940,#2941,#2942,#2943,#2944,#2945,#2946,#2947,#2948,
#2949,#2950,#2951,#2952,#2953,#2954,#2955,#2956,#2957,#2958,#2959,#2960,
#2961,#2962,#2963,#2964,#2965,#2966,#2967,#2968,#2969,#2970,#2971,#2972,
#2973,#2974,#2975,#2976,#2977,#2978,#2979,#2980,#2981,#2982,#2983,#2984,
#2985,#2986,#2987,#2988,#2989,#2990,#2991,#2992,#2993,#2994,#2995,#2996,
#2997,#2998,#2999,#3000,#3001,#3002,#3003,#3004,#3005,#3006,#3007,#3008,
#3009,#3010,#3011,#3012,#3013,#3014,#3015,#3016,#3017,#3018,#3019,#3020,
#3021,#3022,#3023,#3024,#3025,#3026,#3027,#3028,#3029,#3030,#3031,#3032,
#3033,#3034,#3035,#3036,#3037,#3038,#3039,#3040,#3041,#3042,#3043,#3044,
#3045,#3046,#3047,#3048,#3049,#3050,#3051,#3052,#3053,#3054,#3055,#3056,
#3057,#3058,#3059,#3060,#3061,#3062,#3063,#3064,#3065,#3066,#3067,#3068,
#3069,#3070,#3071,#3072,#3073,#3074,#3075,#3076,#3077,#3078,#3079,#3080,
#3081,#3082,#3083,#3084,#3085,#3086,#3087,#3088,#3089,#3090,#3091,#3092,
#3093,#3094,#3095,#3096,#3097,#3098,#3099,#3100,#3101,#3102,#3103,#3104,
#3105,#3106,#3107,#3108,#3109,#3110,#3111,#3112,#3113,#3114,#3115,#3116,
#3117,#3118,#3119,#3120,#3121,#3122,#3123,#3124,#3125,#3126,#3127,#3128,
#3129,#3130,#3131,#3132,#3133,#3134,#3135,#3136,#3137,#3138,#3139,#3140,
#3141,#3142,#3143,#3144,#3145,#3146,#3147,#3148,#3149,#3150,#3151,#3152,
#3153,#3154,#3155,#3156,#3157,#3158,#3159,#3160,#3161,#3162,#3163,#3164,
#3165,#3166,#3167,#3168,#3169,#3170,#3171,#3172,#3173,#3174,#3175,#3176,
#3177,#3178,#3179,#3180,#3181,#3182,#3183,#3184,#3185,#3186,#3187,#3188,
#3189,#3190,#3191,#3192,#3193,#3194,#3195,#3196,#3197,#3198,#3199,#3200,
#3201,#3202,#3203,#3204,#3205,#3206,#3207,#3208,#3209,#3210,#3211,#3212,
#3213,#3214,#3215,#3216,#3217,#3218,#3219,#3220,#3221,#3222,#3223,#3224,
#3225,#3226,#3227,#3228,#3229,#3230,#3231,#3232,#3233,#3234,#3235,#3236,
#3237,#3238,#3239,#3240,#3241,#3242,#3243,#3244,#3245,#3246,#3247,#3248,
#3249,#3250,#3251,#3252,#3253,#3254,#3255,#3256,#3257,#3258,#3259,#3260,
#3261,#3262,#3263,#3264,#3265,#3266,#3267,#3268,#3269,#3270,#3271,#3272,
#3273,#3274,#3275,#3276,#3277,#3278,#3279,#3280,#3281,#3282,#3283,#3284,
#3285,#3286,#3287,#3288,#3289,#3290,#3291,#3292,#3293,#3294,#3295,#3296,
#3297,#3298,#3299,#3300,#3301,#3302,#3303,#3304,#3305,#3306,#3307,#3308,
#3309,#3310,#3311,#3312,#3313,#3314,#3315,#3316,#3317,#3318,#3319,#3320,
#3321,#3322,#3323,#3324,#3325,#3326,#3327,#3328,#3329,#3330,#3331,#3332,
#3333,#3334,#3335,#3336,#3337,#3338,#3339,#3340,#3341,#3342,#3343,#3344,
#3345,#3346,#3347,#3348,#3349,#3350,#3351,#3352,#3353,#3354,#3355,#3356,
#3357,#3358,#3359,#3360,#3361,#3362,#3363,#3364,#3365,#3366,#3367,#3368,
#3369,#3370,#3371,#3372,#3373,#3374,#3375,#3376,#3377,#3378,#3379,#3380,
#3381,#3382,#3383,#3384,#3385,#3386,#3387,#3388,#3389,#3390,#3391,#3392,
#3393,#3394,#3395,#3396,#3397,#3398,#3399,#3400,#3401,#3402,#3403,#3404,
#3405,#3406,#3407,#3408,#3409,#3410,#3411,#3412,#3413,#3414,#3415,#3416,
#3417,#3418,#3419,#3420,#3421,#3422,#3423,#3424,#3425,#3426,#3427,#3428,
#3429,#3430,#3431,#3432,#3433,#3434,#3435,#3436,#3437,#3438,#3439,#3440,
#3441,#3442,#3443,#3444,#3445,#3446,#3447,#3448,#3449,#3450,#3451,#3452,
#3453,#3454,#3455,#3456,#3457,#3458,#3459,#3460,#3461,#3462,#3463,#3464,
#3465,#3466,#3467,#3468,#3469,#3470,#3471,#3472,#3473,#3474,#3475,#3476,
#3477,#3478,#3479,#3480,#3481,#3482,#3483,#3484,#3485,#3486,#3487,#3488,
#3489,#3490,#3491,#3492,#3493,#3494,#3495,#3496,#3497,#3498,#3499,#3500,
#3501,#3502,#3503,#3504,#3505,#3506,#3507,#3508,#3509,#3510,#3511,#3512,
#3513,#3514,#3515,#3516,#3517,#3518,#3519,#3520,#3521,#3522,#3523,#3524,
#3525,#3526,#3527,#3528,#3529,#3530,#3531,#3532,#3533,#3534,#3535,#3536,
#3537,#3538,#3539,#3540,#3541,#3542,#3543,#3544,#3545,#3546,#3547,#3548,
#3549,#3550,#3551,#3552,#3553,#3554,#3555,#3556,#3557,#3558,#3559,#3560,
#3561,#3562,#3563,#3564,#3565,#3566,#3567,#3568,#3569,#3570,#3571,#3572,
#3573,#3574,#3575,#3576,#3577,#3578,#3579,#3580,#3581,#3582,#3583,#3584,
#3585,#3586,#3587,#3588,#3589,#3590,#3591,#3592,#3593,#3594,#3595,#3596,
#3597,#3598,#3599,#3600,#3601,#3602,#3603,#3604,#3605,#3606,#3607,#3608,
#3609,#3610,#3611,#3612,#3613,#3614,#3615,#3616,#3617,#3618,#3619,#3620,
#3621,#3622,#3623,#3624,#3625,#3626,#3627,#3628,#3629,#3630,#3631,#3632,
#3633,#3634,#3635,#3636,#3637,#3638,#3639,#3640,#3641,#3642,#3643,#3644,
#3645,#3646,#3647,#3648,#3649,#3650,#3651,#3652,#3653,#3654,#3655,#3656,
#3657,#3658,#3659,#3660,#3661,#3662,#3663,#3664,#3665,#3666,#3667,#3668,
#3669,#3670,#3671,#3672,#3673,#3674,#3675,#3676,#3677,#3678,#3679,#3680,
#3681,#3682,#3683,#3684,#3685,#3686,#3687,#3688,#3689,#3690,#3691,#3692,
#3693,#3694,#3695,#3696,#3697,#3698,#3699,#3700,#3701,#3702,#3703,#3704,
#3705,#3706,#3707,#3708,#3709,#3710,#3711,#3712,#3713,#3714,#3715,#3716,
#3717,#3718,#3719,#3720,#3721,#3722,#3723,#3724,#3725,#3726,#3727,#3728,
#3729,#3730,#3731,#3732,#3733,#3734,#3735,#3736,#3737,#3738,#3739,#3740,
#3741,#3742,#3743,#3744,#3745,#3746,#3747,#3748,#3749,#3750,#3751,#3752,
#3753,#3754,#3755,#3756,#3757,#3758,#3759,#3760,#3761,#3762,#3763,#3764,
#3765,#3766,#3767,#3768,#3769,#3770,#3771,#3772,#3773,#3774,#3775,#3776,
#3777,#3778,#3779,#3780,#3781,#3782,#3783,#3784,#3785,#3786,#3787,#3788,
#3789,#3790,#3791,#3792,#3793,#3794,#3795,#3796,#3797,#3798,#3799,#3800,
#3801,#3802,#3803,#3804,#3805,#3806,#3807,#3808,#3809,#3810,#3811,#3812,
#3813,#3814,#3815,#3816,#3817,#3818,#3819,#3820,#3821,#3822,#3823,#3824,
#3825,#3826,#3827,#3828,#3829,#3830,#3831,#3832,#3833,#3834,#3835,#3836,
#3837,#3838,#3839,#3840,#3841,#3842,#3843,#3844,#3845,#3846,#3847,#3848,
#3849,#3850,#3851,#3852,#3853,#3854,#3855,#3856,#3857,#3858,#3859,#3860,
#3861,#3862,#3863,#3864,#3865,#3866,#3867,#3868,#3869,#3870,#3871,#3872,
#3873,#3874,#3875,#3876,#3877,#3878,#3879,#3880,#3881,#3882,#3883,#3884,
#3885,#3886,#3887,#3888,#3889,#3890,#3891,#3892,#3893,#3894,#3895,#3896,
#3897,#3898,#3899,#3900,#3901,#3902,#3903,#3904,#3905,#3906,#3907,#3908,
#3909,#3910,#3911,#3912,#3913,#3914,#3915,#3916,#3917,#3918,#3919,#3920,
#3921,#3922,#3923,#3924,#3925,#3926,#3927,#3928,#3929,#3930,#3931,#3932,
#3933,#3934,#3935,#3936,#3937,#3938,#3939,#3940,#3941,#3942,#3943,#3944,
#3945,#3946,#3947,#3948,#3949,#3950,#3951,#3952,#3953,#3954,#3955,#3956,
#3957,#3958,#3959,#3960,#3961,#3962,#3963,#3964,#3965,#3966,#3967,#3968,
#3969,#3970,#3971,#3972,#3973,#3974,#3975,#3976,#3977,#3978,#3979,#3980,
#3981,#3982,#3983,#3984,#3985,#3986,#3987,#3988,#3989,#3990,#3991,#3992,
#3993,#3994,#3995,#3996,#3997,#3998,#3999,#4000,#4001,#4002,#4003,#4004,
#4005,#4006,#4007,#4008,#4009,#4010,#4011,#4012,#4013,#4014,#4015,#4016,
#4017,#4018,#4019,#4020,#4021,#4022,#4023,#4024,#4025,#4026,#4027,#4028,
#4029,#4030,#4031,#4032,#4033,#4034,#4035,#4036,#4037,#4038,#4039,#4040,
#4041,#4042,#4043,#4044,#4045,#4046,#4047,#4048,#4049,#4050,#4051,#4052,
#4053,#4054,#4055,#4056,#4057,#4058,#4059,#4060,#4061,#4062,#4063,#4064,
#4065,#4066,#4067,#4068,#4069,#4070,#4071,#4072,#4073,#4074,#4075,#4076,
#4077,#4078,#4079,#4080,#4081,#4082,#4083,#4084,#4085,#4086,#4087,#4088,
#4089,#4090,#4091,#4092,#4093,#4094,#4095,#4096,#4097,#4098,#4099,#4100,
#4101,#4102,#4103,#4104,#4105,#4106,#4107,#4108,#4109,#4110,#4111,#4112,
#4113,#4114,#4115,#4116,#4117,#4118,#4119,#4120,#4121,#4122,#4123,#4124,
#4125,#4126,#4127,#4128,#4129,#4130,#4131,#4132,#4133,#4134,#4135,#4136,
#4137,#4138,#4139,#4140,#4141,#4142,#4143,#4144,#4145,#4146,#4147,#4148,
#4149,#4150,#4151,#4152,#4153,#4154,#4155,#4156,#4157,#4158,#4159,#4160,
#4161,#4162,#4163,#4164,#4165,#4166,#4167,#4168,#4169,#4170,#4171,#4172,
#4173,#4174,#4175,#4176,#4177,#4178,#4179,#4180,#4181,#4182,#4183,#4184,
#4185,#4186,#4187,#4188,#4189,#4190,#4191,#4192,#4193,#4194,#4195,#4196,
#4197,#4198,#4199,#4200,#4201,#4202,#4203,#4204,#4205,#4206,#4207,#4208,
#4209,#4210,#4211,#4212,#4213,#4214,#4215,#4216,#4217,#4218,#4219,#4220,
#4221,#4222,#4223,#4224,#4225,#4226,#4227,#4228,#4229,#4230,#4231,#4232,
#4233,#4234,#4235,#4236,#4237,#4238,#4239,#4240,#4241,#4242,#4243,#4244,
#4245,#4246,#4247,#4248,#4249,#4250,#4251,#4252,#4253,#4254,#4255,#4256,
#4257,#4258,#4259,#4260,#4261,#4262,#4263,#4264,#4265,#4266,#4267,#4268,
#4269,#4270,#4271,#4272,#4273,#4274,#4275,#4276,#4277,#4278,#4279,#4280,
#4281,#4282,#4283,#4284,#4285,#4286,#4287,#4288,#4289,#4290,#4291,#4292,
#4293,#4294,#4295,#4296,#4297,#4298,#4299,#4300,#4301,#4302,#4303,#4304,
#4305,#4306,#4307,#4308,#4309,#4310,#4311,#4312,#4313,#4314,#4315,#4316,
#4317,#4318,#4319,#4320,#4321,#4322,#4323,#4324,#4325,#4326,#4327,#4328,
#4329,#4330,#4331,#4332,#4333,#4334,#4335,#4336,#4337,#4338,#4339,#4340,
#4341,#4342));
#4344=IFCSTYLEDITEM(#4349,(#4345),'');
#4345=IFCPRESENTATIONSTYLEASSIGNMENT((#4346));
#4346=IFCSURFACESTYLE('',.BOTH.,(#4347));
#4347=IFCSURFACESTYLERENDERING(#4348,0.,$,$,$,$,$,$,.NOTDEFINED.);
#4348=IFCCOLOURRGB('',0.800000011920929,0.760330617427826,0.);
#4349=IFCFACETEDBREP(#4343);
#4350=IFCPROJECT('07hUkdHgGydfWsFJH56q5B',#5584,'Ye_389424_MCM',' ',' ',
' ',' ',(#5579),#4351);
#4351=IFCUNITASSIGNMENT((#5580,#5581,#5582,#5583));
#4352=IFCGEOMETRICREPRESENTATIONSUBCONTEXT('Body','Model',*,*,*,*,#5579,
1.,.MODEL_VIEW.,$);
#4353=IFCAXIS2PLACEMENT3D(#4359,#4355,#4356);
#4354=IFCAXIS2PLACEMENT3D(#5578,#4357,#4358);
#4355=IFCDIRECTION((0.,0.,1.));
#4356=IFCDIRECTION((1.,0.,0.));
#4357=IFCDIRECTION((0.,0.,1.));
#4358=IFCDIRECTION((1.,0.,0.));
#4359=IFCCARTESIANPOINT((0.,0.,0.));
#4360=IFCCARTESIANPOINT((2.52179274798194,24.7122934917841,-1.73472347597681E-15));
#4361=IFCCARTESIANPOINT((2.86862915010152,25.2313708498985,-1.73472347597681E-15));
#4362=IFCCARTESIANPOINT((3.38770650821585,25.5782072520181,-1.73472347597681E-15));
#4363=IFCCARTESIANPOINT((4.,25.7,-1.73472347597681E-15));
#4364=IFCCARTESIANPOINT((4.61229349178414,25.5782072520181,-1.73472347597681E-15));
#4365=IFCCARTESIANPOINT((5.13137084989847,25.2313708498985,-1.73472347597681E-15));
#4366=IFCCARTESIANPOINT((5.47820725201806,24.7122934917841,-1.73472347597681E-15));
#4367=IFCCARTESIANPOINT((5.6,24.1,-1.73472347597681E-15));
#4368=IFCCARTESIANPOINT((5.47820725201806,23.4877065082159,-1.73472347597681E-15));
#4369=IFCCARTESIANPOINT((5.13137084989847,22.9686291501015,-1.73472347597681E-15));
#4370=IFCCARTESIANPOINT((4.61229349178414,22.6217927479819,-1.73472347597681E-15));
#4371=IFCCARTESIANPOINT((4.,22.5,-1.73472347597681E-15));
#4372=IFCCARTESIANPOINT((3.38770650821585,22.6217927479819,-1.73472347597681E-15));
#4373=IFCCARTESIANPOINT((2.86862915010152,22.9686291501015,-1.73472347597681E-15));
#4374=IFCCARTESIANPOINT((2.52179274798194,23.4877065082159,-1.73472347597681E-15));
#4375=IFCCARTESIANPOINT((2.4,24.1,-1.73472347597681E-15));
#4376=IFCCARTESIANPOINT((5.58745078663876,23.9,2.20000000000003));
#4377=IFCCARTESIANPOINT((5.6,24.1,2.20555984887774));
#4378=IFCCARTESIANPOINT((4.61229349178414,22.6217927479819,2.43456002565961));
#4379=IFCCARTESIANPOINT((4.26643535704392,22.5223396434858,2.47403368295935));
#4380=IFCCARTESIANPOINT((3.73356464295608,22.5223396434857,2.47403368295939));
#4381=IFCCARTESIANPOINT((3.38770650821585,22.6217927479819,2.43456002565961));
#4382=IFCCARTESIANPOINT((4.,22.5,2.48337520964463));
#4383=IFCCARTESIANPOINT((2.52179274798194,23.4877065082159,2.22368708351293));
#4384=IFCCARTESIANPOINT((2.41254921336124,23.9,2.20000000000003));
#4385=IFCCARTESIANPOINT((2.40000012198795,24.1006247891208,2.20559466754374));
#4386=IFCCARTESIANPOINT((2.43104520234086,24.4136572060425,2.23683339223656));
#4387=IFCCARTESIANPOINT((3.38770650821585,25.5782072520181,2.61509491204624));
#4388=IFCCARTESIANPOINT((3.68594605460617,25.6688754314421,2.66454473671839));
#4389=IFCCARTESIANPOINT((4.31284386944509,25.6691171764246,2.66468113007953));
#4390=IFCCARTESIANPOINT((4.61229349178414,25.5782072520181,2.61509491204623));
#4391=IFCCARTESIANPOINT((4.,25.7,2.68230854637605));
#4392=IFCCARTESIANPOINT((5.56902658556048,24.4132978994574,2.23678161398822));
#4393=IFCCARTESIANPOINT((5.47820725201806,24.7122934917841,2.29283885696638));
#4394=IFCCARTESIANPOINT((5.13137084989847,25.2313708498985,2.45523518613933));
#4395=IFCCARTESIANPOINT((2.86862915010152,25.2313708498985,2.45523518613933));
#4396=IFCCARTESIANPOINT((2.52179274798194,24.7122934917841,2.29283885696638));
#4397=IFCCARTESIANPOINT((2.86862915010152,22.9686291501015,2.32256583959391));
#4398=IFCCARTESIANPOINT((5.13137084989864,22.9686291501013,2.32256583959397));
#4399=IFCCARTESIANPOINT((5.47820725201806,23.4877065082159,2.22368708351293));
#4400=IFCCARTESIANPOINT((6.4,21.3544155877284,3.25441558772845));
#4401=IFCCARTESIANPOINT((1.6,21.3544155877284,3.25441558772845));
#4402=IFCCARTESIANPOINT((1.6,22.5223396434857,2.47403368295939));
#4403=IFCCARTESIANPOINT((1.6,26.4455844122715,3.25441558772845));
#4404=IFCCARTESIANPOINT((6.4,26.4455844122715,3.25441558772845));
#4405=IFCCARTESIANPOINT((6.4,25.2776603565143,2.47403368295939));
#4406=IFCCARTESIANPOINT((1.6,23.9,2.20000000000003));
#4407=IFCCARTESIANPOINT((1.6,25.2776603565143,2.47403368295939));
#4408=IFCCARTESIANPOINT((6.4,23.9,2.20000000000003));
#4409=IFCCARTESIANPOINT((6.4,22.5223396434857,2.47403368295939));
#4410=IFCCARTESIANPOINT((6.4,27.2259663170406,4.42233964348569));
#4411=IFCCARTESIANPOINT((1.6,27.2259663170406,4.42233964348569));
#4412=IFCCARTESIANPOINT((1.6,27.5,5.8));
#4413=IFCCARTESIANPOINT((6.4,27.5,5.8));
#4414=IFCCARTESIANPOINT((6.4,20.5740336829594,4.42233964348569));
#4415=IFCCARTESIANPOINT((1.6,20.5740336829594,4.42233964348569));
#4416=IFCCARTESIANPOINT((6.39999999999999,20.3,5.8));
#4417=IFCCARTESIANPOINT((1.6,20.3,5.8));
#4418=IFCCARTESIANPOINT((1.6,27.5,8.6));
#4419=IFCCARTESIANPOINT((6.4,27.5,8.6));
#4420=IFCCARTESIANPOINT((1.6,20.3,8.6));
#4421=IFCCARTESIANPOINT((6.4,20.3,8.6));
#4422=IFCCARTESIANPOINT((1.6,28.3,8.6));
#4423=IFCCARTESIANPOINT((6.4,28.3,8.6));
#4424=IFCCARTESIANPOINT((1.6,28.3,5.8));
#4425=IFCCARTESIANPOINT((6.4,28.3,5.8));
#4426=IFCCARTESIANPOINT((6.4,19.5,8.6));
#4427=IFCCARTESIANPOINT((1.6,19.5,8.6));
#4428=IFCCARTESIANPOINT((1.6,19.5,5.8));
#4429=IFCCARTESIANPOINT((6.4,19.5,5.8));
#4430=IFCCARTESIANPOINT((6.4,13.3544155877285,3.25441558772845));
#4431=IFCCARTESIANPOINT((4.,14.5,2.48337520964463));
#4432=IFCCARTESIANPOINT((4.26643535704395,14.5223396434858,2.47403368295935));
#4433=IFCCARTESIANPOINT((1.6,13.3544155877285,3.25441558772845));
#4434=IFCCARTESIANPOINT((3.73356464295604,14.5223396434857,2.47403368295939));
#4435=IFCCARTESIANPOINT((1.6,14.5223396434857,2.47403368295939));
#4436=IFCCARTESIANPOINT((1.6,18.4455844122716,3.25441558772845));
#4437=IFCCARTESIANPOINT((3.38770650821585,17.5782072520181,2.61509491204623));
#4438=IFCCARTESIANPOINT((2.86862915010152,17.2313708498985,2.45523518613933));
#4439=IFCCARTESIANPOINT((4.,17.7,2.68230854637605));
#4440=IFCCARTESIANPOINT((3.68594605460617,17.6688754314421,2.66454473671838));
#4441=IFCCARTESIANPOINT((6.4,18.4455844122716,3.25441558772845));
#4442=IFCCARTESIANPOINT((4.31284386944509,17.6691171764246,2.66468113007953));
#4443=IFCCARTESIANPOINT((4.61229349178414,17.5782072520181,2.61509491204623));
#4444=IFCCARTESIANPOINT((6.4,17.2776603565143,2.47403368295939));
#4445=IFCCARTESIANPOINT((5.13137084989847,17.2313708498985,2.45523518613933));
#4446=IFCCARTESIANPOINT((1.6,15.9,2.20000000000003));
#4447=IFCCARTESIANPOINT((1.6,17.2776603565143,2.47403368295939));
#4448=IFCCARTESIANPOINT((2.43104520234086,16.4136572060425,2.23683339223656));
#4449=IFCCARTESIANPOINT((2.40000012198795,16.1006247891208,2.20559466754374));
#4450=IFCCARTESIANPOINT((2.52179274798194,16.7122934917841,2.29283885696637));
#4451=IFCCARTESIANPOINT((2.86862915010152,14.9686291501015,2.32256583959391));
#4452=IFCCARTESIANPOINT((3.38770650821585,14.6217927479819,2.43456002565961));
#4453=IFCCARTESIANPOINT((2.41254921336124,15.9,2.20000000000003));
#4454=IFCCARTESIANPOINT((2.52179274798194,15.4877065082159,2.22368708351293));
#4455=IFCCARTESIANPOINT((6.4,15.9,2.20000000000003));
#4456=IFCCARTESIANPOINT((6.4,14.5223396434857,2.47403368295939));
#4457=IFCCARTESIANPOINT((5.47820725201806,15.4877065082159,2.22368708351293));
#4458=IFCCARTESIANPOINT((5.13137084989864,14.9686291501013,2.32256583959397));
#4459=IFCCARTESIANPOINT((4.61229349178414,14.6217927479819,2.43456002565961));
#4460=IFCCARTESIANPOINT((5.6,16.1,2.20555984887774));
#4461=IFCCARTESIANPOINT((5.56902658556048,16.4132978994574,2.23678161398822));
#4462=IFCCARTESIANPOINT((5.58745078663876,15.9,2.20000000000003));
#4463=IFCCARTESIANPOINT((5.47820725201806,16.7122934917841,2.29283885696637));
#4464=IFCCARTESIANPOINT((6.4,19.2259663170406,4.42233964348569));
#4465=IFCCARTESIANPOINT((1.6,19.2259663170406,4.42233964348569));
#4466=IFCCARTESIANPOINT((6.4,12.5740336829594,4.42233964348569));
#4467=IFCCARTESIANPOINT((1.6,12.5740336829594,4.42233964348569));
#4468=IFCCARTESIANPOINT((6.4,12.3,5.8));
#4469=IFCCARTESIANPOINT((1.6,12.3,5.8));
#4470=IFCCARTESIANPOINT((1.6,12.3,8.6));
#4471=IFCCARTESIANPOINT((6.4,12.3,8.6));
#4472=IFCCARTESIANPOINT((1.6,11.5,8.6));
#4473=IFCCARTESIANPOINT((6.39999999999999,11.5,8.6));
#4474=IFCCARTESIANPOINT((6.39999999999999,11.5,5.8));
#4475=IFCCARTESIANPOINT((1.6,11.5,5.8));
#4476=IFCCARTESIANPOINT((5.47820725201806,15.4877065082159,-1.73472347597681E-15));
#4477=IFCCARTESIANPOINT((5.6,16.1,-1.73472347597681E-15));
#4478=IFCCARTESIANPOINT((4.,14.5,-1.73472347597681E-15));
#4479=IFCCARTESIANPOINT((4.61229349178414,14.6217927479819,-1.73472347597681E-15));
#4480=IFCCARTESIANPOINT((2.52179274798194,15.4877065082159,-1.73472347597681E-15));
#4481=IFCCARTESIANPOINT((2.4,16.1,-1.73472347597681E-15));
#4482=IFCCARTESIANPOINT((2.52179274798194,16.7122934917841,-1.73472347597681E-15));
#4483=IFCCARTESIANPOINT((4.,17.7,-1.73472347597681E-15));
#4484=IFCCARTESIANPOINT((3.38770650821585,17.5782072520181,-1.73472347597681E-15));
#4485=IFCCARTESIANPOINT((5.47820725201806,16.7122934917841,-1.73472347597681E-15));
#4486=IFCCARTESIANPOINT((5.13137084989847,17.2313708498985,-1.73472347597681E-15));
#4487=IFCCARTESIANPOINT((4.61229349178414,17.5782072520181,-1.73472347597681E-15));
#4488=IFCCARTESIANPOINT((2.86862915010152,17.2313708498985,-1.73472347597681E-15));
#4489=IFCCARTESIANPOINT((2.86862915010152,14.9686291501015,-1.73472347597681E-15));
#4490=IFCCARTESIANPOINT((3.38770650821585,14.6217927479819,-1.73472347597681E-15));
#4491=IFCCARTESIANPOINT((5.13137084989847,14.9686291501015,-1.73472347597681E-15));
#4492=IFCCARTESIANPOINT((6.39999999999999,5.35441558772844,3.25441558772844));
#4493=IFCCARTESIANPOINT((1.6,5.35441558772844,3.25441558772844));
#4494=IFCCARTESIANPOINT((4.,6.50307921974523,2.48207710552335));
#4495=IFCCARTESIANPOINT((4.24751240786429,6.52233964348568,2.47403368295937));
#4496=IFCCARTESIANPOINT((1.6,6.52233964348568,2.47403368295938));
#4497=IFCCARTESIANPOINT((3.75248759213571,6.52233964348568,2.47403368295937));
#4498=IFCCARTESIANPOINT((1.6,10.4455844122716,3.25441558772843));
#4499=IFCCARTESIANPOINT((3.38770650821585,9.58128647176329,2.6167193337901));
#4500=IFCCARTESIANPOINT((2.86862915010152,9.23445006964371,2.45646250034071));
#4501=IFCCARTESIANPOINT((4.,9.70307921974524,2.68408836336412));
#4502=IFCCARTESIANPOINT((3.68490219870262,9.67174533323706,2.66616553178815));
#4503=IFCCARTESIANPOINT((6.39999999999999,10.4455844122716,3.25441558772843));
#4504=IFCCARTESIANPOINT((4.31362063851791,9.67204132734873,2.6663328935306));
#4505=IFCCARTESIANPOINT((4.61229349178414,9.58128647176329,2.61671933379011));
#4506=IFCCARTESIANPOINT((6.39999999999999,9.27766035651433,2.47403368295937));
#4507=IFCCARTESIANPOINT((5.13137084989847,9.23445006964371,2.45646250034071));
#4508=IFCCARTESIANPOINT((1.6,7.90000000000001,2.20000000000001));
#4509=IFCCARTESIANPOINT((1.6,9.27766035651433,2.47403368295937));
#4510=IFCCARTESIANPOINT((2.43119350341183,8.41747733720581,2.23738618350536));
#4511=IFCCARTESIANPOINT((2.4,8.10307921974523,2.20573250431919));
#4512=IFCCARTESIANPOINT((2.52179274798194,8.71537271152938,2.29355345951301));
#4513=IFCCARTESIANPOINT((2.86862915010152,6.97170836984676,2.32174258436967));
#4514=IFCCARTESIANPOINT((3.38770650821585,6.62487196772718,2.43339213728239));
#4515=IFCCARTESIANPOINT((2.41294019315349,7.90000000000001,2.20000000000001));
#4516=IFCCARTESIANPOINT((2.52179274798194,7.49078572796109,2.22333344026039));
#4517=IFCCARTESIANPOINT((6.39999999999999,7.90000000000001,2.20000000000001));
#4518=IFCCARTESIANPOINT((6.39999999999999,6.52233964348568,2.47403368295938));
#4519=IFCCARTESIANPOINT((5.47820725201805,7.49078572796109,2.22333344026039));
#4520=IFCCARTESIANPOINT((5.13137084989847,6.97170836984676,2.32174258436967));
#4521=IFCCARTESIANPOINT((4.61229349178414,6.62487196772718,2.4333921372824));
#4522=IFCCARTESIANPOINT((5.6,8.10307921974523,2.20573250431919));
#4523=IFCCARTESIANPOINT((5.56858936449123,8.41855886347044,2.23754344516088));
#4524=IFCCARTESIANPOINT((5.5870598068465,7.90000000000001,2.20000000000001));
#4525=IFCCARTESIANPOINT((5.47820725201806,8.71537271152938,2.29355345951301));
#4526=IFCCARTESIANPOINT((6.39999999999999,11.2259663170406,4.42233964348568));
#4527=IFCCARTESIANPOINT((1.6,11.2259663170406,4.42233964348568));
#4528=IFCCARTESIANPOINT((6.39999999999999,4.57403368295938,4.42233964348568));
#4529=IFCCARTESIANPOINT((1.6,4.57403368295938,4.42233964348568));
#4530=IFCCARTESIANPOINT((6.39999999999999,4.30000000000001,5.8));
#4531=IFCCARTESIANPOINT((1.6,4.30000000000001,5.8));
#4532=IFCCARTESIANPOINT((6.39999999999999,4.30000000000001,8.6));
#4533=IFCCARTESIANPOINT((1.6,4.30000000000001,8.6));
#4534=IFCCARTESIANPOINT((6.39999999999999,1.6,8.6));
#4535=IFCCARTESIANPOINT((1.6,1.6,8.6));
#4536=IFCCARTESIANPOINT((1.6,1.6,0.));
#4537=IFCCARTESIANPOINT((6.39999999999999,1.6,0.));
#4538=IFCCARTESIANPOINT((5.47820725201805,7.49078572796109,-1.73472347597681E-15));
#4539=IFCCARTESIANPOINT((5.6,8.10307921974523,-1.73472347597681E-15));
#4540=IFCCARTESIANPOINT((4.,6.50307921974523,-1.73472347597681E-15));
#4541=IFCCARTESIANPOINT((4.61229349178414,6.62487196772718,-1.73472347597681E-15));
#4542=IFCCARTESIANPOINT((2.52179274798194,7.49078572796109,-1.73472347597681E-15));
#4543=IFCCARTESIANPOINT((2.4,8.10307921974523,-1.73472347597681E-15));
#4544=IFCCARTESIANPOINT((2.52179274798194,8.71537271152938,-1.73472347597681E-15));
#4545=IFCCARTESIANPOINT((4.,9.70307921974524,-1.73472347597681E-15));
#4546=IFCCARTESIANPOINT((3.38770650821585,9.58128647176329,-1.73472347597681E-15));
#4547=IFCCARTESIANPOINT((5.47820725201805,8.71537271152938,-1.73472347597681E-15));
#4548=IFCCARTESIANPOINT((5.13137084989847,9.23445006964371,-1.73472347597681E-15));
#4549=IFCCARTESIANPOINT((4.61229349178414,9.58128647176329,-1.73472347597681E-15));
#4550=IFCCARTESIANPOINT((2.86862915010152,9.23445006964371,-1.73472347597681E-15));
#4551=IFCCARTESIANPOINT((2.86862915010152,6.97170836984676,-1.73472347597681E-15));
#4552=IFCCARTESIANPOINT((3.38770650821585,6.62487196772718,-1.73472347597681E-15));
#4553=IFCCARTESIANPOINT((5.13137084989847,6.97170836984676,-1.73472347597681E-15));
#4554=IFCCARTESIANPOINT((6.4,29.3544155877284,3.25441558772845));
#4555=IFCCARTESIANPOINT((4.,30.5,2.48337520964463));
#4556=IFCCARTESIANPOINT((4.26643535704392,30.5223396434858,2.47403368295936));
#4557=IFCCARTESIANPOINT((1.6,29.3544155877284,3.25441558772845));
#4558=IFCCARTESIANPOINT((3.73356464295608,30.5223396434857,2.4740336829594));
#4559=IFCCARTESIANPOINT((1.6,30.5223396434857,2.4740336829594));
#4560=IFCCARTESIANPOINT((1.6,34.4455844122715,3.25441558772845));
#4561=IFCCARTESIANPOINT((3.38770650821585,33.5782072520181,2.61509491204624));
#4562=IFCCARTESIANPOINT((2.86862915010152,33.2313708498985,2.45523518613934));
#4563=IFCCARTESIANPOINT((4.,33.7,2.68230854637606));
#4564=IFCCARTESIANPOINT((3.68594605460618,33.6688754314421,2.66454473671839));
#4565=IFCCARTESIANPOINT((6.4,34.4455844122715,3.25441558772845));
#4566=IFCCARTESIANPOINT((4.31284386944509,33.6691171764246,2.66468113007954));
#4567=IFCCARTESIANPOINT((4.61229349178414,33.5782072520181,2.61509491204624));
#4568=IFCCARTESIANPOINT((6.4,33.2776603565143,2.47403368295939));
#4569=IFCCARTESIANPOINT((5.13137084989847,33.2313708498985,2.45523518613934));
#4570=IFCCARTESIANPOINT((1.6,31.9,2.20000000000003));
#4571=IFCCARTESIANPOINT((1.6,33.2776603565143,2.47403368295939));
#4572=IFCCARTESIANPOINT((2.43104520234086,32.4136572060425,2.23683339223656));
#4573=IFCCARTESIANPOINT((2.40000012198795,32.1006247891208,2.20559466754374));
#4574=IFCCARTESIANPOINT((2.52179274798194,32.7122934917841,2.29283885696638));
#4575=IFCCARTESIANPOINT((2.86862915010152,30.9686291501015,2.32256583959392));
#4576=IFCCARTESIANPOINT((3.38770650821585,30.6217927479819,2.43456002565961));
#4577=IFCCARTESIANPOINT((2.41254921336124,31.9,2.20000000000003));
#4578=IFCCARTESIANPOINT((2.52179274798194,31.4877065082159,2.22368708351294));
#4579=IFCCARTESIANPOINT((6.4,31.9,2.20000000000003));
#4580=IFCCARTESIANPOINT((6.4,30.5223396434857,2.4740336829594));
#4581=IFCCARTESIANPOINT((5.47820725201806,31.4877065082159,2.22368708351294));
#4582=IFCCARTESIANPOINT((5.13137084989864,30.9686291501013,2.32256583959397));
#4583=IFCCARTESIANPOINT((4.61229349178414,30.6217927479819,2.43456002565961));
#4584=IFCCARTESIANPOINT((5.6,32.1,2.20555984887775));
#4585=IFCCARTESIANPOINT((5.56902658556048,32.4132978994574,2.23678161398822));
#4586=IFCCARTESIANPOINT((5.58745078663876,31.9,2.20000000000003));
#4587=IFCCARTESIANPOINT((5.47820725201806,32.7122934917841,2.29283885696638));
#4588=IFCCARTESIANPOINT((6.4,35.2259663170406,4.42233964348569));
#4589=IFCCARTESIANPOINT((1.6,35.2259663170406,4.42233964348569));
#4590=IFCCARTESIANPOINT((1.6,35.5,5.8));
#4591=IFCCARTESIANPOINT((6.4,35.5,5.8));
#4592=IFCCARTESIANPOINT((6.4,28.5740336829594,4.42233964348569));
#4593=IFCCARTESIANPOINT((1.6,28.5740336829594,4.42233964348569));
#4594=IFCCARTESIANPOINT((1.6,35.5,8.6));
#4595=IFCCARTESIANPOINT((6.4,35.5,8.6));
#4596=IFCCARTESIANPOINT((1.6,36.3,8.6));
#4597=IFCCARTESIANPOINT((6.4,36.3,8.6));
#4598=IFCCARTESIANPOINT((1.6,36.3,5.8));
#4599=IFCCARTESIANPOINT((6.4,36.3,5.8));
#4600=IFCCARTESIANPOINT((5.47820725201806,31.4877065082159,-1.73472347597681E-15));
#4601=IFCCARTESIANPOINT((5.6,32.1,-1.73472347597681E-15));
#4602=IFCCARTESIANPOINT((4.,30.5,-1.73472347597681E-15));
#4603=IFCCARTESIANPOINT((4.61229349178414,30.6217927479819,-1.73472347597681E-15));
#4604=IFCCARTESIANPOINT((2.52179274798194,31.4877065082159,-1.73472347597681E-15));
#4605=IFCCARTESIANPOINT((2.4,32.1,-1.73472347597681E-15));
#4606=IFCCARTESIANPOINT((2.52179274798194,32.7122934917841,-1.73472347597681E-15));
#4607=IFCCARTESIANPOINT((4.,33.7,-1.73472347597681E-15));
#4608=IFCCARTESIANPOINT((3.38770650821586,33.5782072520181,-1.73472347597681E-15));
#4609=IFCCARTESIANPOINT((5.47820725201806,32.7122934917841,-1.73472347597681E-15));
#4610=IFCCARTESIANPOINT((5.13137084989847,33.2313708498985,-1.73472347597681E-15));
#4611=IFCCARTESIANPOINT((4.61229349178414,33.5782072520181,-1.73472347597681E-15));
#4612=IFCCARTESIANPOINT((2.86862915010152,33.2313708498985,-1.73472347597681E-15));
#4613=IFCCARTESIANPOINT((2.86862915010152,30.9686291501015,-1.73472347597681E-15));
#4614=IFCCARTESIANPOINT((3.38770650821585,30.6217927479819,-1.73472347597681E-15));
#4615=IFCCARTESIANPOINT((5.13137084989847,30.9686291501015,-1.73472347597681E-15));
#4616=IFCCARTESIANPOINT((6.4,37.3544155877284,3.25441558772842));
#4617=IFCCARTESIANPOINT((4.,38.5,2.48337520964459));
#4618=IFCCARTESIANPOINT((4.26643535704386,38.5223396434858,2.47403368295932));
#4619=IFCCARTESIANPOINT((1.6,37.3544155877284,3.25441558772842));
#4620=IFCCARTESIANPOINT((3.73356464295614,38.5223396434857,2.47403368295936));
#4621=IFCCARTESIANPOINT((1.6,38.5223396434857,2.47403368295936));
#4622=IFCCARTESIANPOINT((1.6,42.4455844122716,3.25441558772842));
#4623=IFCCARTESIANPOINT((3.38770650821585,41.5782072520181,2.61509491204619));
#4624=IFCCARTESIANPOINT((2.86862915010152,41.2313708498985,2.45523518613929));
#4625=IFCCARTESIANPOINT((4.,41.7,2.68230854637601));
#4626=IFCCARTESIANPOINT((3.68594605460618,41.6688754314421,2.66454473671834));
#4627=IFCCARTESIANPOINT((6.4,42.4455844122716,3.25441558772842));
#4628=IFCCARTESIANPOINT((4.31284386944509,41.6691171764246,2.66468113007949));
#4629=IFCCARTESIANPOINT((4.61229349178414,41.5782072520181,2.61509491204619));
#4630=IFCCARTESIANPOINT((6.4,41.2776603565143,2.47403368295936));
#4631=IFCCARTESIANPOINT((5.13137084989847,41.2313708498985,2.45523518613929));
#4632=IFCCARTESIANPOINT((1.6,39.9,2.19999999999999));
#4633=IFCCARTESIANPOINT((1.6,41.2776603565143,2.47403368295936));
#4634=IFCCARTESIANPOINT((2.43104520234086,40.4136572060425,2.23683339223652));
#4635=IFCCARTESIANPOINT((2.40000012198795,40.1006247891208,2.2055946675437));
#4636=IFCCARTESIANPOINT((2.52179274798194,40.7122934917841,2.29283885696634));
#4637=IFCCARTESIANPOINT((2.86862915010152,38.9686291501015,2.32256583959387));
#4638=IFCCARTESIANPOINT((3.38770650821586,38.6217927479819,2.43456002565957));
#4639=IFCCARTESIANPOINT((2.41254921336124,39.9,2.19999999999999));
#4640=IFCCARTESIANPOINT((2.52179274798194,39.4877065082159,2.22368708351289));
#4641=IFCCARTESIANPOINT((6.4,39.9,2.19999999999999));
#4642=IFCCARTESIANPOINT((6.4,38.5223396434857,2.47403368295936));
#4643=IFCCARTESIANPOINT((5.47820725201806,39.4877065082159,2.22368708351289));
#4644=IFCCARTESIANPOINT((5.13137084989864,38.9686291501013,2.32256583959393));
#4645=IFCCARTESIANPOINT((4.61229349178414,38.6217927479819,2.43456002565957));
#4646=IFCCARTESIANPOINT((5.6,40.1,2.2055598488777));
#4647=IFCCARTESIANPOINT((5.56902658556048,40.4132978994574,2.23678161398818));
#4648=IFCCARTESIANPOINT((5.58745078663876,39.9,2.19999999999999));
#4649=IFCCARTESIANPOINT((5.47820725201806,40.7122934917841,2.29283885696633));
#4650=IFCCARTESIANPOINT((6.4,43.2259663170406,4.42233964348567));
#4651=IFCCARTESIANPOINT((1.6,43.2259663170406,4.42233964348567));
#4652=IFCCARTESIANPOINT((1.6,43.5,5.8));
#4653=IFCCARTESIANPOINT((6.4,43.5,5.8));
#4654=IFCCARTESIANPOINT((6.4,36.5740336829594,4.42233964348567));
#4655=IFCCARTESIANPOINT((1.6,36.5740336829594,4.42233964348567));
#4656=IFCCARTESIANPOINT((1.6,43.5,8.6));
#4657=IFCCARTESIANPOINT((6.4,43.5,8.6));
#4658=IFCCARTESIANPOINT((6.4,46.4,0.));
#4659=IFCCARTESIANPOINT((6.4,46.4,8.6));
#4660=IFCCARTESIANPOINT((1.6,46.4,0.));
#4661=IFCCARTESIANPOINT((1.6,46.4,8.6));
#4662=IFCCARTESIANPOINT((5.47820725201806,39.4877065082159,-1.73472347597681E-15));
#4663=IFCCARTESIANPOINT((5.6,40.1,-1.73472347597681E-15));
#4664=IFCCARTESIANPOINT((4.,38.5,-1.73472347597681E-15));
#4665=IFCCARTESIANPOINT((4.61229349178414,38.6217927479819,-1.73472347597681E-15));
#4666=IFCCARTESIANPOINT((2.52179274798194,39.4877065082159,-1.73472347597681E-15));
#4667=IFCCARTESIANPOINT((2.4,40.1,-1.73472347597681E-15));
#4668=IFCCARTESIANPOINT((2.52179274798194,40.7122934917841,-1.73472347597681E-15));
#4669=IFCCARTESIANPOINT((4.,41.7,-1.73472347597681E-15));
#4670=IFCCARTESIANPOINT((3.38770650821586,41.5782072520181,-1.73472347597681E-15));
#4671=IFCCARTESIANPOINT((5.47820725201806,40.7122934917841,-1.73472347597681E-15));
#4672=IFCCARTESIANPOINT((5.13137084989847,41.2313708498985,-1.73472347597681E-15));
#4673=IFCCARTESIANPOINT((4.61229349178414,41.5782072520181,-1.73472347597681E-15));
#4674=IFCCARTESIANPOINT((2.86862915010152,41.2313708498985,-1.73472347597681E-15));
#4675=IFCCARTESIANPOINT((2.86862915010152,38.9686291501015,-1.73472347597681E-15));
#4676=IFCCARTESIANPOINT((3.38770650821586,38.6217927479819,-1.73472347597681E-15));
#4677=IFCCARTESIANPOINT((5.13137084989847,38.9686291501015,-1.73472347597681E-15));
#4678=IFCCARTESIANPOINT((8.,48.,0.));
#4679=IFCCARTESIANPOINT((8.,19.9,0.));
#4680=IFCCARTESIANPOINT((0.,0.,0.));
#4681=IFCCARTESIANPOINT((0.,19.9,0.));
#4682=IFCCARTESIANPOINT((8.,0.,0.));
#4683=IFCCARTESIANPOINT((0.,48.,0.));
#4684=IFCCARTESIANPOINT((8.,0.,9.25));
#4685=IFCCARTESIANPOINT((8.,0.,9.6));
#4686=IFCCARTESIANPOINT((0.799999999999999,0.,9.6));
#4687=IFCCARTESIANPOINT((-1.73472347597681E-15,0.,9.6));
#4688=IFCCARTESIANPOINT((-1.65327317884892E-16,0.,1.35));
#4689=IFCCARTESIANPOINT((0.799999999999999,48.,9.6));
#4690=IFCCARTESIANPOINT((8.,48.,9.6));
#4691=IFCCARTESIANPOINT((8.,48.,9.25));
#4692=IFCCARTESIANPOINT((-1.65327317884892E-16,48.,1.35));
#4693=IFCCARTESIANPOINT((-1.73472347597681E-15,48.,9.6));
#4694=IFCCARTESIANPOINT((8.,8.,9.6));
#4695=IFCCARTESIANPOINT((8.,0.799999999999995,9.6));
#4696=IFCCARTESIANPOINT((8.,19.9,9.25));
#4697=IFCCARTESIANPOINT((8.,16.,9.6));
#4698=IFCCARTESIANPOINT((8.,9.08631864033178,8.66402655078498));
#4699=IFCCARTESIANPOINT((8.,10.0920310216783,7.99203102167829));
#4700=IFCCARTESIANPOINT((8.,15.9,8.9));
#4701=IFCCARTESIANPOINT((8.,7.9,8.9));
#4702=IFCCARTESIANPOINT((8.,10.764026550785,6.98631864033177));
#4703=IFCCARTESIANPOINT((8.,11.,5.79999999999999));
#4704=IFCCARTESIANPOINT((8.,12.8,5.79999999999999));
#4705=IFCCARTESIANPOINT((8.,13.035973449215,6.98631864033177));
#4706=IFCCARTESIANPOINT((8.,13.035973449215,4.61368135966821));
#4707=IFCCARTESIANPOINT((8.,10.764026550785,4.61368135966821));
#4708=IFCCARTESIANPOINT((8.,13.7079689783217,7.99203102167829));
#4709=IFCCARTESIANPOINT((8.,14.7136813596682,8.66402655078498));
#4710=IFCCARTESIANPOINT((8.,18.0920310216783,7.99203102167829));
#4711=IFCCARTESIANPOINT((8.,18.764026550785,6.98631864033177));
#4712=IFCCARTESIANPOINT((8.,17.0863186403318,8.66402655078498));
#4713=IFCCARTESIANPOINT((8.,10.0920310216783,3.6079689783217));
#4714=IFCCARTESIANPOINT((8.,19.,5.79999999999999));
#4715=IFCCARTESIANPOINT((8.,18.764026550785,4.61368135966821));
#4716=IFCCARTESIANPOINT((8.,9.08631864033178,2.935973449215));
#4717=IFCCARTESIANPOINT((8.,13.7079689783217,3.6079689783217));
#4718=IFCCARTESIANPOINT((8.,15.9,2.69999999999999));
#4719=IFCCARTESIANPOINT((8.,14.7136813596682,2.935973449215));
#4720=IFCCARTESIANPOINT((8.,18.0920310216783,3.6079689783217));
#4721=IFCCARTESIANPOINT((8.,5.7079689783217,7.99203102167829));
#4722=IFCCARTESIANPOINT((8.,6.71368135966822,8.66402655078498));
#4723=IFCCARTESIANPOINT((8.,17.0863186403318,2.935973449215));
#4724=IFCCARTESIANPOINT((8.,5.7079689783217,3.6079689783217));
#4725=IFCCARTESIANPOINT((8.,5.03597344921501,4.61368135966821));
#4726=IFCCARTESIANPOINT((8.,7.9,2.69999999999999));
#4727=IFCCARTESIANPOINT((8.,6.71368135966822,2.935973449215));
#4728=IFCCARTESIANPOINT((8.,4.8,5.79999999999999));
#4729=IFCCARTESIANPOINT((8.,5.03597344921501,6.98631864033177));
#4730=IFCCARTESIANPOINT((8.,32.,9.6));
#4731=IFCCARTESIANPOINT((8.,24.,9.6));
#4732=IFCCARTESIANPOINT((8.,40.,9.6));
#4733=IFCCARTESIANPOINT((8.,29.035973449215,6.98631864033177));
#4734=IFCCARTESIANPOINT((8.,26.0920310216783,7.99203102167829));
#4735=IFCCARTESIANPOINT((8.,26.764026550785,6.98631864033177));
#4736=IFCCARTESIANPOINT((8.,30.7136813596682,8.66402655078498));
#4737=IFCCARTESIANPOINT((8.,23.9,8.9));
#4738=IFCCARTESIANPOINT((8.,27.,5.79999999999999));
#4739=IFCCARTESIANPOINT((8.,28.8,5.79999999999999));
#4740=IFCCARTESIANPOINT((8.,29.7079689783217,7.99203102167829));
#4741=IFCCARTESIANPOINT((8.,25.0863186403318,8.66402655078498));
#4742=IFCCARTESIANPOINT((8.,29.035973449215,4.61368135966821));
#4743=IFCCARTESIANPOINT((8.,26.764026550785,4.61368135966821));
#4744=IFCCARTESIANPOINT((8.,39.9,8.9));
#4745=IFCCARTESIANPOINT((8.,31.9,8.9));
#4746=IFCCARTESIANPOINT((8.,37.7079689783217,7.99203102167829));
#4747=IFCCARTESIANPOINT((8.,33.0863186403318,8.66402655078498));
#4748=IFCCARTESIANPOINT((8.,26.0920310216783,3.6079689783217));
#4749=IFCCARTESIANPOINT((8.,21.7079689783217,7.99203102167829));
#4750=IFCCARTESIANPOINT((8.,22.7136813596682,8.66402655078498));
#4751=IFCCARTESIANPOINT((8.,20.8,5.79999999999999));
#4752=IFCCARTESIANPOINT((8.,21.035973449215,6.98631864033177));
#4753=IFCCARTESIANPOINT((8.,21.7079689783217,3.6079689783217));
#4754=IFCCARTESIANPOINT((8.,21.035973449215,4.61368135966821));
#4755=IFCCARTESIANPOINT((8.,41.0863186403318,8.66402655078498));
#4756=IFCCARTESIANPOINT((8.,42.0920310216783,7.99203102167829));
#4757=IFCCARTESIANPOINT((8.,38.7136813596682,8.66402655078498));
#4758=IFCCARTESIANPOINT((8.,37.035973449215,6.98631864033177));
#4759=IFCCARTESIANPOINT((8.,22.7136813596682,2.935973449215));
#4760=IFCCARTESIANPOINT((8.,23.9,2.69999999999999));
#4761=IFCCARTESIANPOINT((8.,29.7079689783217,3.60796897832169));
#4762=IFCCARTESIANPOINT((8.,25.0863186403318,2.935973449215));
#4763=IFCCARTESIANPOINT((8.,34.0920310216783,3.60796897832169));
#4764=IFCCARTESIANPOINT((8.,39.9,2.69999999999999));
#4765=IFCCARTESIANPOINT((8.,38.7136813596682,2.93597344921501));
#4766=IFCCARTESIANPOINT((8.,35.,5.79999999999999));
#4767=IFCCARTESIANPOINT((8.,34.764026550785,4.61368135966822));
#4768=IFCCARTESIANPOINT((8.,37.035973449215,4.61368135966821));
#4769=IFCCARTESIANPOINT((8.,36.8,5.79999999999999));
#4770=IFCCARTESIANPOINT((8.,42.764026550785,4.61368135966822));
#4771=IFCCARTESIANPOINT((8.,42.0920310216783,3.60796897832169));
#4772=IFCCARTESIANPOINT((8.,30.7136813596682,2.935973449215));
#4773=IFCCARTESIANPOINT((8.,37.7079689783217,3.60796897832169));
#4774=IFCCARTESIANPOINT((8.,41.0863186403318,2.935973449215));
#4775=IFCCARTESIANPOINT((8.,42.764026550785,6.98631864033177));
#4776=IFCCARTESIANPOINT((8.,43.,5.79999999999999));
#4777=IFCCARTESIANPOINT((8.,31.9,2.69999999999999));
#4778=IFCCARTESIANPOINT((8.,33.0863186403318,2.935973449215));
#4779=IFCCARTESIANPOINT((8.,34.764026550785,6.98631864033177));
#4780=IFCCARTESIANPOINT((8.,34.0920310216783,7.99203102167829));
#4781=IFCCARTESIANPOINT((7.2,41.0863186403318,2.935973449215));
#4782=IFCCARTESIANPOINT((7.2,39.9,2.69999999999999));
#4783=IFCCARTESIANPOINT((7.2,42.0920310216783,3.60796897832169));
#4784=IFCCARTESIANPOINT((7.2,42.764026550785,4.61368135966822));
#4785=IFCCARTESIANPOINT((7.2,43.,5.79999999999999));
#4786=IFCCARTESIANPOINT((7.2,42.764026550785,6.98631864033177));
#4787=IFCCARTESIANPOINT((7.2,42.0920310216783,7.99203102167829));
#4788=IFCCARTESIANPOINT((7.2,41.0863186403318,8.66402655078498));
#4789=IFCCARTESIANPOINT((7.2,39.9,8.9));
#4790=IFCCARTESIANPOINT((7.2,38.7136813596682,8.66402655078498));
#4791=IFCCARTESIANPOINT((7.2,37.7079689783217,7.99203102167829));
#4792=IFCCARTESIANPOINT((7.2,37.035973449215,6.98631864033177));
#4793=IFCCARTESIANPOINT((7.2,36.8,5.79999999999999));
#4794=IFCCARTESIANPOINT((7.2,37.035973449215,4.61368135966821));
#4795=IFCCARTESIANPOINT((7.2,37.7079689783217,3.60796897832169));
#4796=IFCCARTESIANPOINT((7.2,38.7136813596682,2.93597344921501));
#4797=IFCCARTESIANPOINT((7.2,37.6826891219729,4.88155976232378));
#4798=IFCCARTESIANPOINT((7.2,37.5,5.79999999999999));
#4799=IFCCARTESIANPOINT((7.2,37.6826891219729,6.71844023767621));
#4800=IFCCARTESIANPOINT((7.2,42.1173108780271,6.71844023767621));
#4801=IFCCARTESIANPOINT((7.2,42.3,5.79999999999999));
#4802=IFCCARTESIANPOINT((7.2,38.2029437251523,7.49705627484771));
#4803=IFCCARTESIANPOINT((7.2,41.5970562748477,4.10294372515228));
#4804=IFCCARTESIANPOINT((7.2,40.8184402376762,3.58268912197291));
#4805=IFCCARTESIANPOINT((7.2,42.1173108780271,4.88155976232378));
#4806=IFCCARTESIANPOINT((7.2,39.9,8.19999999999999));
#4807=IFCCARTESIANPOINT((7.2,40.8184402376762,8.01731087802708));
#4808=IFCCARTESIANPOINT((7.2,38.9815597623238,8.01731087802708));
#4809=IFCCARTESIANPOINT((7.2,41.5970562748477,7.49705627484771));
#4810=IFCCARTESIANPOINT((7.2,38.2029437251523,4.10294372515228));
#4811=IFCCARTESIANPOINT((7.2,39.9,3.39999999999999));
#4812=IFCCARTESIANPOINT((7.2,38.9815597623238,3.5826891219729));
#4813=IFCCARTESIANPOINT((7.2,33.0863186403318,2.935973449215));
#4814=IFCCARTESIANPOINT((7.2,31.9,2.69999999999999));
#4815=IFCCARTESIANPOINT((7.2,34.0920310216783,3.60796897832169));
#4816=IFCCARTESIANPOINT((7.2,34.764026550785,4.61368135966822));
#4817=IFCCARTESIANPOINT((7.2,35.,5.79999999999999));
#4818=IFCCARTESIANPOINT((7.2,34.764026550785,6.98631864033177));
#4819=IFCCARTESIANPOINT((7.2,34.0920310216783,7.99203102167829));
#4820=IFCCARTESIANPOINT((7.2,33.0863186403318,8.66402655078498));
#4821=IFCCARTESIANPOINT((7.2,31.9,8.9));
#4822=IFCCARTESIANPOINT((7.2,30.7136813596682,8.66402655078498));
#4823=IFCCARTESIANPOINT((7.2,29.7079689783217,7.99203102167829));
#4824=IFCCARTESIANPOINT((7.2,29.035973449215,6.98631864033177));
#4825=IFCCARTESIANPOINT((7.2,28.8,5.79999999999999));
#4826=IFCCARTESIANPOINT((7.2,29.035973449215,4.61368135966821));
#4827=IFCCARTESIANPOINT((7.2,29.7079689783217,3.60796897832169));
#4828=IFCCARTESIANPOINT((7.2,30.7136813596682,2.935973449215));
#4829=IFCCARTESIANPOINT((7.2,34.1173108780271,6.71844023767621));
#4830=IFCCARTESIANPOINT((7.2,34.3,5.79999999999999));
#4831=IFCCARTESIANPOINT((7.2,33.5970562748477,4.10294372515228));
#4832=IFCCARTESIANPOINT((7.2,32.8184402376762,3.58268912197291));
#4833=IFCCARTESIANPOINT((7.2,34.1173108780271,4.88155976232378));
#4834=IFCCARTESIANPOINT((7.2,31.9,8.19999999999999));
#4835=IFCCARTESIANPOINT((7.2,32.8184402376762,8.01731087802708));
#4836=IFCCARTESIANPOINT((7.2,30.2029437251523,7.49705627484771));
#4837=IFCCARTESIANPOINT((7.2,30.9815597623238,8.01731087802708));
#4838=IFCCARTESIANPOINT((7.2,33.5970562748477,7.49705627484771));
#4839=IFCCARTESIANPOINT((7.2,29.6826891219729,6.71844023767621));
#4840=IFCCARTESIANPOINT((7.2,29.6826891219729,4.88155976232378));
#4841=IFCCARTESIANPOINT((7.2,29.5,5.79999999999999));
#4842=IFCCARTESIANPOINT((7.2,30.9815597623238,3.58268912197291));
#4843=IFCCARTESIANPOINT((7.2,30.2029437251523,4.10294372515228));
#4844=IFCCARTESIANPOINT((7.2,31.9,3.39999999999999));
#4845=IFCCARTESIANPOINT((7.2,25.0863186403318,2.935973449215));
#4846=IFCCARTESIANPOINT((7.2,23.9,2.69999999999999));
#4847=IFCCARTESIANPOINT((7.2,26.0920310216783,3.6079689783217));
#4848=IFCCARTESIANPOINT((7.2,26.764026550785,4.61368135966821));
#4849=IFCCARTESIANPOINT((7.2,27.,5.79999999999999));
#4850=IFCCARTESIANPOINT((7.2,26.764026550785,6.98631864033177));
#4851=IFCCARTESIANPOINT((7.2,26.0920310216783,7.99203102167829));
#4852=IFCCARTESIANPOINT((7.2,25.0863186403318,8.66402655078498));
#4853=IFCCARTESIANPOINT((7.2,23.9,8.9));
#4854=IFCCARTESIANPOINT((7.2,22.7136813596682,8.66402655078498));
#4855=IFCCARTESIANPOINT((7.2,21.7079689783217,7.99203102167829));
#4856=IFCCARTESIANPOINT((7.2,21.035973449215,6.98631864033177));
#4857=IFCCARTESIANPOINT((7.2,20.8,5.79999999999999));
#4858=IFCCARTESIANPOINT((7.2,21.035973449215,4.61368135966821));
#4859=IFCCARTESIANPOINT((7.2,21.7079689783217,3.6079689783217));
#4860=IFCCARTESIANPOINT((7.2,22.7136813596682,2.935973449215));
#4861=IFCCARTESIANPOINT((7.2,23.9,8.19999999999999));
#4862=IFCCARTESIANPOINT((7.2,24.8184402376762,8.01731087802708));
#4863=IFCCARTESIANPOINT((7.2,22.2029437251523,7.49705627484771));
#4864=IFCCARTESIANPOINT((7.2,22.9815597623238,8.01731087802708));
#4865=IFCCARTESIANPOINT((7.2,26.1173108780271,4.88155976232378));
#4866=IFCCARTESIANPOINT((7.2,25.5970562748477,4.10294372515228));
#4867=IFCCARTESIANPOINT((7.2,25.5970562748477,7.49705627484771));
#4868=IFCCARTESIANPOINT((7.2,21.6826891219729,6.71844023767621));
#4869=IFCCARTESIANPOINT((7.2,24.8184402376762,3.58268912197291));
#4870=IFCCARTESIANPOINT((7.2,26.1173108780271,6.71844023767621));
#4871=IFCCARTESIANPOINT((7.2,26.3,5.79999999999999));
#4872=IFCCARTESIANPOINT((7.2,21.6826891219729,4.88155976232378));
#4873=IFCCARTESIANPOINT((7.2,21.5,5.79999999999999));
#4874=IFCCARTESIANPOINT((7.2,22.9815597623238,3.58268912197291));
#4875=IFCCARTESIANPOINT((7.2,22.2029437251523,4.10294372515228));
#4876=IFCCARTESIANPOINT((7.2,23.9,3.39999999999999));
#4877=IFCCARTESIANPOINT((7.2,17.0863186403318,2.935973449215));
#4878=IFCCARTESIANPOINT((7.2,15.9,2.69999999999999));
#4879=IFCCARTESIANPOINT((7.2,18.0920310216783,3.6079689783217));
#4880=IFCCARTESIANPOINT((7.2,18.764026550785,4.61368135966821));
#4881=IFCCARTESIANPOINT((7.2,19.,5.79999999999999));
#4882=IFCCARTESIANPOINT((7.2,18.764026550785,6.98631864033177));
#4883=IFCCARTESIANPOINT((7.2,18.0920310216783,7.99203102167829));
#4884=IFCCARTESIANPOINT((7.2,17.0863186403318,8.66402655078498));
#4885=IFCCARTESIANPOINT((7.2,15.9,8.9));
#4886=IFCCARTESIANPOINT((7.2,14.7136813596682,8.66402655078498));
#4887=IFCCARTESIANPOINT((7.2,13.7079689783217,7.99203102167829));
#4888=IFCCARTESIANPOINT((7.2,13.035973449215,6.98631864033177));
#4889=IFCCARTESIANPOINT((7.2,12.8,5.79999999999999));
#4890=IFCCARTESIANPOINT((7.2,13.035973449215,4.61368135966821));
#4891=IFCCARTESIANPOINT((7.2,13.7079689783217,3.6079689783217));
#4892=IFCCARTESIANPOINT((7.2,14.7136813596682,2.935973449215));
#4893=IFCCARTESIANPOINT((7.2,15.9,8.19999999999999));
#4894=IFCCARTESIANPOINT((7.2,16.8184402376762,8.01731087802708));
#4895=IFCCARTESIANPOINT((7.2,13.6826891219729,6.71844023767621));
#4896=IFCCARTESIANPOINT((7.2,14.2029437251523,7.49705627484771));
#4897=IFCCARTESIANPOINT((7.2,15.9,3.39999999999999));
#4898=IFCCARTESIANPOINT((7.2,14.9815597623238,3.58268912197291));
#4899=IFCCARTESIANPOINT((7.2,18.1173108780271,4.88155976232378));
#4900=IFCCARTESIANPOINT((7.2,17.5970562748477,4.10294372515228));
#4901=IFCCARTESIANPOINT((7.2,17.5970562748477,7.49705627484771));
#4902=IFCCARTESIANPOINT((7.2,14.9815597623238,8.01731087802708));
#4903=IFCCARTESIANPOINT((7.2,13.6826891219729,4.88155976232378));
#4904=IFCCARTESIANPOINT((7.2,13.5,5.79999999999999));
#4905=IFCCARTESIANPOINT((7.2,14.2029437251523,4.10294372515228));
#4906=IFCCARTESIANPOINT((7.2,16.8184402376762,3.58268912197291));
#4907=IFCCARTESIANPOINT((7.2,18.1173108780271,6.71844023767621));
#4908=IFCCARTESIANPOINT((7.2,18.3,5.79999999999999));
#4909=IFCCARTESIANPOINT((7.2,9.08631864033178,2.935973449215));
#4910=IFCCARTESIANPOINT((7.2,7.9,2.69999999999999));
#4911=IFCCARTESIANPOINT((7.2,10.0920310216783,3.6079689783217));
#4912=IFCCARTESIANPOINT((7.2,10.764026550785,4.61368135966821));
#4913=IFCCARTESIANPOINT((7.2,11.,5.79999999999999));
#4914=IFCCARTESIANPOINT((7.2,10.764026550785,6.98631864033177));
#4915=IFCCARTESIANPOINT((7.2,10.0920310216783,7.99203102167829));
#4916=IFCCARTESIANPOINT((7.2,9.08631864033178,8.66402655078498));
#4917=IFCCARTESIANPOINT((7.2,7.9,8.9));
#4918=IFCCARTESIANPOINT((7.2,6.71368135966822,8.66402655078498));
#4919=IFCCARTESIANPOINT((7.2,5.7079689783217,7.99203102167829));
#4920=IFCCARTESIANPOINT((7.2,5.03597344921501,6.98631864033177));
#4921=IFCCARTESIANPOINT((7.2,4.8,5.79999999999999));
#4922=IFCCARTESIANPOINT((7.2,5.03597344921501,4.61368135966821));
#4923=IFCCARTESIANPOINT((7.2,5.7079689783217,3.6079689783217));
#4924=IFCCARTESIANPOINT((7.2,6.71368135966822,2.935973449215));
#4925=IFCCARTESIANPOINT((7.2,7.9,8.19999999999999));
#4926=IFCCARTESIANPOINT((7.2,8.81844023767622,8.01731087802708));
#4927=IFCCARTESIANPOINT((7.2,6.20294372515229,7.49705627484771));
#4928=IFCCARTESIANPOINT((7.2,6.98155976232379,8.01731087802708));
#4929=IFCCARTESIANPOINT((7.2,5.68268912197291,4.88155976232378));
#4930=IFCCARTESIANPOINT((7.2,5.5,5.79999999999999));
#4931=IFCCARTESIANPOINT((7.2,9.59705627484771,4.10294372515228));
#4932=IFCCARTESIANPOINT((7.2,8.81844023767622,3.58268912197291));
#4933=IFCCARTESIANPOINT((7.2,9.59705627484771,7.49705627484771));
#4934=IFCCARTESIANPOINT((7.2,5.68268912197291,6.71844023767621));
#4935=IFCCARTESIANPOINT((7.2,6.20294372515229,4.10294372515228));
#4936=IFCCARTESIANPOINT((7.2,7.9,3.39999999999999));
#4937=IFCCARTESIANPOINT((7.2,6.98155976232379,3.58268912197291));
#4938=IFCCARTESIANPOINT((7.2,10.1173108780271,4.88155976232378));
#4939=IFCCARTESIANPOINT((7.2,10.1173108780271,6.71844023767621));
#4940=IFCCARTESIANPOINT((7.2,10.3,5.79999999999999));
#4941=IFCCARTESIANPOINT((0.799999999999999,8.81844023767622,3.58268912197291));
#4942=IFCCARTESIANPOINT((0.799999999999999,7.9,3.39999999999999));
#4943=IFCCARTESIANPOINT((0.799999999999999,9.59705627484771,4.10294372515228));
#4944=IFCCARTESIANPOINT((0.799999999999999,10.1173108780271,4.88155976232378));
#4945=IFCCARTESIANPOINT((0.799999999999999,10.3,5.79999999999999));
#4946=IFCCARTESIANPOINT((0.799999999999999,10.1173108780271,6.71844023767621));
#4947=IFCCARTESIANPOINT((0.799999999999999,9.59705627484771,7.49705627484771));
#4948=IFCCARTESIANPOINT((0.799999999999999,8.81844023767622,8.01731087802708));
#4949=IFCCARTESIANPOINT((0.799999999999999,7.9,8.19999999999999));
#4950=IFCCARTESIANPOINT((0.799999999999999,6.98155976232379,8.01731087802708));
#4951=IFCCARTESIANPOINT((0.799999999999999,6.20294372515229,7.49705627484771));
#4952=IFCCARTESIANPOINT((0.799999999999999,5.68268912197291,6.71844023767621));
#4953=IFCCARTESIANPOINT((0.799999999999999,5.5,5.79999999999999));
#4954=IFCCARTESIANPOINT((0.799999999999999,5.68268912197291,4.88155976232378));
#4955=IFCCARTESIANPOINT((0.799999999999999,6.20294372515229,4.10294372515228));
#4956=IFCCARTESIANPOINT((0.799999999999999,6.98155976232379,3.58268912197291));
#4957=IFCCARTESIANPOINT((0.799999999999999,11.,5.79999999999999));
#4958=IFCCARTESIANPOINT((0.799999999999999,10.764026550785,4.61368135966821));
#4959=IFCCARTESIANPOINT((0.8,9.08631864033178,2.935973449215));
#4960=IFCCARTESIANPOINT((0.8,7.9,2.69999999999999));
#4961=IFCCARTESIANPOINT((0.8,6.71368135966822,2.935973449215));
#4962=IFCCARTESIANPOINT((0.799999999999999,5.7079689783217,3.6079689783217));
#4963=IFCCARTESIANPOINT((0.799999999999999,10.0920310216783,3.60796897832169));
#4964=IFCCARTESIANPOINT((0.799999999999999,4.8,5.79999999999999));
#4965=IFCCARTESIANPOINT((0.799999999999999,5.03597344921501,6.98631864033177));
#4966=IFCCARTESIANPOINT((0.799999999999999,5.03597344921501,4.61368135966821));
#4967=IFCCARTESIANPOINT((0.799999999999999,6.71368135966822,8.66402655078498));
#4968=IFCCARTESIANPOINT((0.799999999999999,7.9,8.89999999999999));
#4969=IFCCARTESIANPOINT((0.799999999999999,9.08631864033178,8.66402655078498));
#4970=IFCCARTESIANPOINT((0.799999999999999,10.0920310216783,7.99203102167829));
#4971=IFCCARTESIANPOINT((0.799999999999999,5.7079689783217,7.99203102167829));
#4972=IFCCARTESIANPOINT((0.799999999999999,10.764026550785,6.98631864033177));
#4973=IFCCARTESIANPOINT((-1.10968361554904E-15,9.08631864033178,8.66402655078498));
#4974=IFCCARTESIANPOINT((-1.13858202847553E-15,7.9,8.89999999999999));
#4975=IFCCARTESIANPOINT((-1.02738789817286E-15,10.0920310216783,7.99203102167829));
#4976=IFCCARTESIANPOINT((-9.04223653304968E-16,10.764026550785,6.98631864033177));
#4977=IFCCARTESIANPOINT((-7.58941520739853E-16,11.,5.79999999999999));
#4978=IFCCARTESIANPOINT((-6.13659388174738E-16,10.764026550785,4.61368135966821));
#4979=IFCCARTESIANPOINT((-4.9049514330685E-16,10.0920310216783,3.60796897832169));
#4980=IFCCARTESIANPOINT((-4.08199425930666E-16,9.08631864033178,2.935973449215));
#4981=IFCCARTESIANPOINT((-3.79301013004173E-16,7.9,2.69999999999999));
#4982=IFCCARTESIANPOINT((-4.08199425930666E-16,6.71368135966822,2.935973449215));
#4983=IFCCARTESIANPOINT((-4.9049514330685E-16,5.7079689783217,3.6079689783217));
#4984=IFCCARTESIANPOINT((-6.13659388174738E-16,5.03597344921501,4.61368135966821));
#4985=IFCCARTESIANPOINT((-7.10295143505464E-16,4.8,5.79999999999999));
#4986=IFCCARTESIANPOINT((-9.04223653304969E-16,5.03597344921501,6.98631864033177));
#4987=IFCCARTESIANPOINT((-1.02738789817286E-15,5.7079689783217,7.99203102167829));
#4988=IFCCARTESIANPOINT((-1.10968361554904E-15,6.71368135966822,8.66402655078498));
#4989=IFCCARTESIANPOINT((0.799999999999999,16.8184402376762,3.58268912197291));
#4990=IFCCARTESIANPOINT((0.799999999999999,15.9,3.39999999999999));
#4991=IFCCARTESIANPOINT((0.799999999999999,17.5970562748477,4.10294372515228));
#4992=IFCCARTESIANPOINT((0.799999999999999,18.1173108780271,4.88155976232378));
#4993=IFCCARTESIANPOINT((0.799999999999999,18.3,5.79999999999999));
#4994=IFCCARTESIANPOINT((0.799999999999999,18.1173108780271,6.71844023767621));
#4995=IFCCARTESIANPOINT((0.799999999999999,17.5970562748477,7.49705627484771));
#4996=IFCCARTESIANPOINT((0.799999999999999,16.8184402376762,8.01731087802708));
#4997=IFCCARTESIANPOINT((0.799999999999999,15.9,8.19999999999999));
#4998=IFCCARTESIANPOINT((0.799999999999999,14.9815597623238,8.01731087802708));
#4999=IFCCARTESIANPOINT((0.799999999999999,14.2029437251523,7.49705627484771));
#5000=IFCCARTESIANPOINT((0.799999999999999,13.6826891219729,6.71844023767621));
#5001=IFCCARTESIANPOINT((0.799999999999999,13.5,5.79999999999999));
#5002=IFCCARTESIANPOINT((0.799999999999999,13.6826891219729,4.88155976232378));
#5003=IFCCARTESIANPOINT((0.799999999999999,14.2029437251523,4.10294372515228));
#5004=IFCCARTESIANPOINT((0.799999999999999,14.9815597623238,3.58268912197291));
#5005=IFCCARTESIANPOINT((0.799999999999999,18.0920310216783,3.6079689783217));
#5006=IFCCARTESIANPOINT((0.8,17.0863186403318,2.935973449215));
#5007=IFCCARTESIANPOINT((0.8,15.9,2.69999999999999));
#5008=IFCCARTESIANPOINT((0.8,14.7136813596682,2.935973449215));
#5009=IFCCARTESIANPOINT((0.799999999999999,13.7079689783217,3.6079689783217));
#5010=IFCCARTESIANPOINT((0.799999999999999,13.035973449215,4.61368135966821));
#5011=IFCCARTESIANPOINT((0.799999999999999,12.8,5.79999999999999));
#5012=IFCCARTESIANPOINT((0.799999999999999,13.035973449215,6.98631864033177));
#5013=IFCCARTESIANPOINT((0.799999999999999,19.,5.79999999999999));
#5014=IFCCARTESIANPOINT((0.799999999999999,18.764026550785,4.61368135966821));
#5015=IFCCARTESIANPOINT((0.799999999999999,13.7079689783217,7.99203102167829));
#5016=IFCCARTESIANPOINT((0.799999999999999,14.7136813596682,8.66402655078498));
#5017=IFCCARTESIANPOINT((0.799999999999999,17.0863186403318,8.66402655078498));
#5018=IFCCARTESIANPOINT((0.799999999999999,18.0920310216783,7.99203102167829));
#5019=IFCCARTESIANPOINT((0.799999999999999,15.9,8.89999999999999));
#5020=IFCCARTESIANPOINT((0.799999999999999,18.764026550785,6.98631864033177));
#5021=IFCCARTESIANPOINT((-1.10968361554904E-15,17.0863186403318,8.66402655078498));
#5022=IFCCARTESIANPOINT((-1.13858202847553E-15,15.9,8.89999999999999));
#5023=IFCCARTESIANPOINT((-1.02738789817286E-15,18.0920310216783,7.99203102167829));
#5024=IFCCARTESIANPOINT((-9.04223653304968E-16,18.764026550785,6.98631864033177));
#5025=IFCCARTESIANPOINT((-7.58941520739853E-16,19.,5.79999999999999));
#5026=IFCCARTESIANPOINT((-6.13659388174738E-16,18.764026550785,4.61368135966821));
#5027=IFCCARTESIANPOINT((-4.9049514330685E-16,18.0920310216783,3.6079689783217));
#5028=IFCCARTESIANPOINT((-4.08199425930666E-16,17.0863186403318,2.935973449215));
#5029=IFCCARTESIANPOINT((-3.79301013004173E-16,15.9,2.69999999999999));
#5030=IFCCARTESIANPOINT((-4.08199425930666E-16,14.7136813596682,2.935973449215));
#5031=IFCCARTESIANPOINT((-4.9049514330685E-16,13.7079689783217,3.6079689783217));
#5032=IFCCARTESIANPOINT((-6.13659388174738E-16,13.035973449215,4.61368135966821));
#5033=IFCCARTESIANPOINT((-7.10295143505464E-16,12.8,5.79999999999999));
#5034=IFCCARTESIANPOINT((-9.04223653304969E-16,13.035973449215,6.98631864033177));
#5035=IFCCARTESIANPOINT((-1.02738789817286E-15,13.7079689783217,7.99203102167829));
#5036=IFCCARTESIANPOINT((-1.10968361554904E-15,14.7136813596682,8.66402655078498));
#5037=IFCCARTESIANPOINT((0.799999999999999,24.8184402376762,3.58268912197291));
#5038=IFCCARTESIANPOINT((0.799999999999999,23.9,3.39999999999999));
#5039=IFCCARTESIANPOINT((0.799999999999999,25.5970562748477,4.10294372515228));
#5040=IFCCARTESIANPOINT((0.799999999999999,26.1173108780271,4.88155976232378));
#5041=IFCCARTESIANPOINT((0.799999999999999,26.3,5.79999999999999));
#5042=IFCCARTESIANPOINT((0.799999999999999,26.1173108780271,6.71844023767621));
#5043=IFCCARTESIANPOINT((0.799999999999999,25.5970562748477,7.49705627484771));
#5044=IFCCARTESIANPOINT((0.799999999999999,24.8184402376762,8.01731087802708));
#5045=IFCCARTESIANPOINT((0.799999999999999,23.9,8.19999999999999));
#5046=IFCCARTESIANPOINT((0.799999999999999,22.9815597623238,8.01731087802708));
#5047=IFCCARTESIANPOINT((0.799999999999999,22.2029437251523,7.49705627484771));
#5048=IFCCARTESIANPOINT((0.799999999999999,21.6826891219729,6.71844023767621));
#5049=IFCCARTESIANPOINT((0.799999999999999,21.5,5.79999999999999));
#5050=IFCCARTESIANPOINT((0.799999999999999,21.6826891219729,4.88155976232378));
#5051=IFCCARTESIANPOINT((0.799999999999999,22.2029437251523,4.10294372515228));
#5052=IFCCARTESIANPOINT((0.799999999999999,22.9815597623238,3.58268912197291));
#5053=IFCCARTESIANPOINT((0.799999999999999,26.0920310216783,3.6079689783217));
#5054=IFCCARTESIANPOINT((0.8,25.0863186403318,2.935973449215));
#5055=IFCCARTESIANPOINT((0.8,23.9,2.69999999999999));
#5056=IFCCARTESIANPOINT((0.8,22.7136813596682,2.935973449215));
#5057=IFCCARTESIANPOINT((0.799999999999999,21.7079689783217,3.6079689783217));
#5058=IFCCARTESIANPOINT((0.799999999999999,21.035973449215,4.61368135966821));
#5059=IFCCARTESIANPOINT((0.799999999999999,25.0863186403318,8.66402655078498));
#5060=IFCCARTESIANPOINT((0.799999999999999,26.0920310216783,7.99203102167829));
#5061=IFCCARTESIANPOINT((0.799999999999999,27.,5.79999999999999));
#5062=IFCCARTESIANPOINT((0.799999999999999,26.764026550785,4.61368135966821));
#5063=IFCCARTESIANPOINT((0.799999999999999,22.7136813596682,8.66402655078498));
#5064=IFCCARTESIANPOINT((0.799999999999999,23.9,8.89999999999999));
#5065=IFCCARTESIANPOINT((0.799999999999999,26.764026550785,6.98631864033177));
#5066=IFCCARTESIANPOINT((0.799999999999999,20.8,5.79999999999999));
#5067=IFCCARTESIANPOINT((0.799999999999999,21.035973449215,6.98631864033177));
#5068=IFCCARTESIANPOINT((0.799999999999999,21.7079689783217,7.99203102167829));
#5069=IFCCARTESIANPOINT((-1.10968361554904E-15,25.0863186403318,8.66402655078498));
#5070=IFCCARTESIANPOINT((-1.13858202847553E-15,23.9,8.89999999999999));
#5071=IFCCARTESIANPOINT((-1.02738789817286E-15,26.0920310216783,7.99203102167829));
#5072=IFCCARTESIANPOINT((-9.04223653304968E-16,26.764026550785,6.98631864033177));
#5073=IFCCARTESIANPOINT((-7.58941520739853E-16,27.,5.79999999999999));
#5074=IFCCARTESIANPOINT((-6.13659388174738E-16,26.764026550785,4.61368135966821));
#5075=IFCCARTESIANPOINT((-4.9049514330685E-16,26.0920310216783,3.6079689783217));
#5076=IFCCARTESIANPOINT((-4.08199425930666E-16,25.0863186403318,2.935973449215));
#5077=IFCCARTESIANPOINT((-3.79301013004173E-16,23.9,2.69999999999999));
#5078=IFCCARTESIANPOINT((-4.08199425930666E-16,22.7136813596682,2.935973449215));
#5079=IFCCARTESIANPOINT((-4.9049514330685E-16,21.7079689783217,3.6079689783217));
#5080=IFCCARTESIANPOINT((-6.13659388174738E-16,21.035973449215,4.61368135966821));
#5081=IFCCARTESIANPOINT((-7.10295143505464E-16,20.8,5.79999999999999));
#5082=IFCCARTESIANPOINT((-9.04223653304969E-16,21.035973449215,6.98631864033177));
#5083=IFCCARTESIANPOINT((-1.02738789817286E-15,21.7079689783217,7.99203102167829));
#5084=IFCCARTESIANPOINT((-1.10968361554904E-15,22.7136813596682,8.66402655078498));
#5085=IFCCARTESIANPOINT((0.799999999999999,32.8184402376762,3.58268912197291));
#5086=IFCCARTESIANPOINT((0.799999999999999,31.9,3.39999999999999));
#5087=IFCCARTESIANPOINT((0.799999999999999,33.5970562748477,4.10294372515228));
#5088=IFCCARTESIANPOINT((0.799999999999999,34.1173108780271,4.88155976232378));
#5089=IFCCARTESIANPOINT((0.799999999999999,34.3,5.79999999999999));
#5090=IFCCARTESIANPOINT((0.799999999999999,34.1173108780271,6.71844023767621));
#5091=IFCCARTESIANPOINT((0.799999999999999,33.5970562748477,7.49705627484771));
#5092=IFCCARTESIANPOINT((0.799999999999999,32.8184402376762,8.01731087802708));
#5093=IFCCARTESIANPOINT((0.799999999999999,31.9,8.19999999999999));
#5094=IFCCARTESIANPOINT((0.799999999999999,30.9815597623238,8.01731087802708));
#5095=IFCCARTESIANPOINT((0.799999999999999,30.2029437251523,7.49705627484771));
#5096=IFCCARTESIANPOINT((0.799999999999999,29.6826891219729,6.71844023767621));
#5097=IFCCARTESIANPOINT((0.799999999999999,29.5,5.79999999999999));
#5098=IFCCARTESIANPOINT((0.799999999999999,29.6826891219729,4.88155976232378));
#5099=IFCCARTESIANPOINT((0.799999999999999,30.2029437251523,4.10294372515228));
#5100=IFCCARTESIANPOINT((0.799999999999999,30.9815597623238,3.58268912197291));
#5101=IFCCARTESIANPOINT((0.799999999999999,33.0863186403318,8.66402655078498));
#5102=IFCCARTESIANPOINT((0.799999999999999,34.0920310216783,7.99203102167829));
#5103=IFCCARTESIANPOINT((0.799999999999999,35.,5.79999999999999));
#5104=IFCCARTESIANPOINT((0.799999999999999,34.764026550785,4.61368135966821));
#5105=IFCCARTESIANPOINT((0.799999999999999,34.764026550785,6.98631864033177));
#5106=IFCCARTESIANPOINT((0.799999999999999,34.0920310216783,3.6079689783217));
#5107=IFCCARTESIANPOINT((0.8,33.0863186403318,2.93597344921501));
#5108=IFCCARTESIANPOINT((0.8,31.9,2.69999999999999));
#5109=IFCCARTESIANPOINT((0.8,30.7136813596682,2.93597344921501));
#5110=IFCCARTESIANPOINT((0.799999999999999,30.7136813596682,8.66402655078498));
#5111=IFCCARTESIANPOINT((0.799999999999999,31.9,8.89999999999999));
#5112=IFCCARTESIANPOINT((0.799999999999999,29.7079689783217,3.60796897832169));
#5113=IFCCARTESIANPOINT((0.799999999999999,29.035973449215,4.61368135966822));
#5114=IFCCARTESIANPOINT((0.799999999999999,28.8,5.79999999999999));
#5115=IFCCARTESIANPOINT((0.799999999999999,29.035973449215,6.98631864033177));
#5116=IFCCARTESIANPOINT((0.799999999999999,29.7079689783217,7.99203102167829));
#5117=IFCCARTESIANPOINT((-1.10968361554904E-15,33.0863186403318,8.66402655078498));
#5118=IFCCARTESIANPOINT((-1.13858202847553E-15,31.9,8.89999999999999));
#5119=IFCCARTESIANPOINT((-1.02738789817286E-15,34.0920310216783,7.99203102167829));
#5120=IFCCARTESIANPOINT((-9.04223653304969E-16,34.764026550785,6.98631864033177));
#5121=IFCCARTESIANPOINT((-7.58941520739853E-16,35.,5.79999999999999));
#5122=IFCCARTESIANPOINT((-6.13659388174738E-16,34.764026550785,4.61368135966821));
#5123=IFCCARTESIANPOINT((-4.9049514330685E-16,34.0920310216783,3.6079689783217));
#5124=IFCCARTESIANPOINT((-4.08199425930666E-16,33.0863186403318,2.93597344921501));
#5125=IFCCARTESIANPOINT((-3.79301013004174E-16,31.9,2.69999999999999));
#5126=IFCCARTESIANPOINT((-4.08199425930666E-16,30.7136813596682,2.93597344921501));
#5127=IFCCARTESIANPOINT((-4.9049514330685E-16,29.7079689783217,3.60796897832169));
#5128=IFCCARTESIANPOINT((-6.13659388174738E-16,29.035973449215,4.61368135966822));
#5129=IFCCARTESIANPOINT((-7.10295143505464E-16,28.8,5.79999999999999));
#5130=IFCCARTESIANPOINT((-9.04223653304969E-16,29.035973449215,6.98631864033177));
#5131=IFCCARTESIANPOINT((-1.02738789817286E-15,29.7079689783217,7.99203102167829));
#5132=IFCCARTESIANPOINT((-1.10968361554904E-15,30.7136813596682,8.66402655078498));
#5133=IFCCARTESIANPOINT((-1.65327317884892E-16,19.9,1.35));
#5134=IFCCARTESIANPOINT((-1.17566092718146E-15,19.9,9.6));
#5135=IFCCARTESIANPOINT((-1.73472347597681E-15,0.799999999999995,9.6));
#5136=IFCCARTESIANPOINT((-1.73472347597681E-15,8.,9.6));
#5137=IFCCARTESIANPOINT((-3.79301013004174E-16,39.9,2.69999999999999));
#5138=IFCCARTESIANPOINT((-4.08199425930666E-16,38.7136813596682,2.93597344921501));
#5139=IFCCARTESIANPOINT((-4.08199425930666E-16,41.0863186403318,2.93597344921501));
#5140=IFCCARTESIANPOINT((-6.13659388174738E-16,37.035973449215,4.61368135966821));
#5141=IFCCARTESIANPOINT((-4.9049514330685E-16,37.7079689783217,3.60796897832169));
#5142=IFCCARTESIANPOINT((-7.10295143505464E-16,36.8,5.79999999999999));
#5143=IFCCARTESIANPOINT((-4.9049514330685E-16,42.0920310216783,3.6079689783217));
#5144=IFCCARTESIANPOINT((-6.13659388174738E-16,42.764026550785,4.61368135966821));
#5145=IFCCARTESIANPOINT((-9.04223653304969E-16,37.035973449215,6.98631864033177));
#5146=IFCCARTESIANPOINT((-1.10968361554904E-15,38.7136813596682,8.66402655078498));
#5147=IFCCARTESIANPOINT((-1.02738789817286E-15,37.7079689783217,7.99203102167829));
#5148=IFCCARTESIANPOINT((-7.58941520739853E-16,43.,5.79999999999999));
#5149=IFCCARTESIANPOINT((-9.04223653304969E-16,42.764026550785,6.98631864033177));
#5150=IFCCARTESIANPOINT((-1.02738789817286E-15,42.0920310216783,7.99203102167829));
#5151=IFCCARTESIANPOINT((-1.10968361554904E-15,41.0863186403318,8.66402655078498));
#5152=IFCCARTESIANPOINT((-1.73472347597681E-15,32.,9.6));
#5153=IFCCARTESIANPOINT((-1.73472347597681E-15,40.,9.6));
#5154=IFCCARTESIANPOINT((-1.13858202847553E-15,39.9,8.89999999999999));
#5155=IFCCARTESIANPOINT((0.799999999999999,41.0863186403318,8.66402655078498));
#5156=IFCCARTESIANPOINT((0.799999999999999,39.9,8.89999999999999));
#5157=IFCCARTESIANPOINT((0.799999999999999,42.0920310216783,7.99203102167829));
#5158=IFCCARTESIANPOINT((0.799999999999999,42.764026550785,6.98631864033177));
#5159=IFCCARTESIANPOINT((0.799999999999999,43.,5.79999999999999));
#5160=IFCCARTESIANPOINT((0.799999999999999,42.764026550785,4.61368135966821));
#5161=IFCCARTESIANPOINT((0.799999999999999,42.0920310216783,3.6079689783217));
#5162=IFCCARTESIANPOINT((0.8,41.0863186403318,2.93597344921501));
#5163=IFCCARTESIANPOINT((0.8,39.9,2.69999999999999));
#5164=IFCCARTESIANPOINT((0.8,38.7136813596682,2.93597344921501));
#5165=IFCCARTESIANPOINT((0.799999999999999,37.7079689783217,3.60796897832169));
#5166=IFCCARTESIANPOINT((0.799999999999999,37.035973449215,4.61368135966821));
#5167=IFCCARTESIANPOINT((0.799999999999999,36.8,5.79999999999999));
#5168=IFCCARTESIANPOINT((0.799999999999999,37.035973449215,6.98631864033177));
#5169=IFCCARTESIANPOINT((0.799999999999999,37.7079689783217,7.99203102167829));
#5170=IFCCARTESIANPOINT((0.799999999999999,38.7136813596682,8.66402655078498));
#5171=IFCCARTESIANPOINT((0.799999999999999,37.6826891219729,6.71844023767621));
#5172=IFCCARTESIANPOINT((0.799999999999999,37.5,5.79999999999999));
#5173=IFCCARTESIANPOINT((0.799999999999999,41.5970562748477,7.49705627484771));
#5174=IFCCARTESIANPOINT((0.799999999999999,40.8184402376762,8.01731087802708));
#5175=IFCCARTESIANPOINT((0.799999999999999,42.1173108780271,4.88155976232378));
#5176=IFCCARTESIANPOINT((0.799999999999999,42.3,5.79999999999999));
#5177=IFCCARTESIANPOINT((0.799999999999999,38.2029437251523,7.49705627484771));
#5178=IFCCARTESIANPOINT((0.799999999999999,42.1173108780271,6.71844023767621));
#5179=IFCCARTESIANPOINT((0.799999999999999,41.5970562748477,4.10294372515228));
#5180=IFCCARTESIANPOINT((0.799999999999999,39.9,3.39999999999999));
#5181=IFCCARTESIANPOINT((0.799999999999999,40.8184402376762,3.58268912197291));
#5182=IFCCARTESIANPOINT((0.799999999999999,38.2029437251523,4.10294372515228));
#5183=IFCCARTESIANPOINT((0.799999999999999,38.9815597623238,3.5826891219729));
#5184=IFCCARTESIANPOINT((0.799999999999999,38.9815597623238,8.01731087802708));
#5185=IFCCARTESIANPOINT((0.799999999999999,37.6826891219729,4.88155976232378));
#5186=IFCCARTESIANPOINT((0.799999999999999,39.9,8.19999999999999));
#5187=IFCCARTESIANPOINT((0.799999999999999,0.799999999999995,9.6));
#5188=IFCCARTESIANPOINT((1.78268912197291,3.08155976232378,9.6));
#5189=IFCCARTESIANPOINT((1.6,4.,9.6));
#5190=IFCCARTESIANPOINT((0.799999999999999,8.,9.6));
#5191=IFCCARTESIANPOINT((2.30294372515228,5.69705627484771,9.6));
#5192=IFCCARTESIANPOINT((3.08155976232378,6.21731087802709,9.6));
#5193=IFCCARTESIANPOINT((1.78268912197291,4.91844023767622,9.6));
#5194=IFCCARTESIANPOINT((4.,1.6,9.6));
#5195=IFCCARTESIANPOINT((3.08155976232378,1.78268912197291,9.6));
#5196=IFCCARTESIANPOINT((5.69705627484771,2.30294372515229,9.6));
#5197=IFCCARTESIANPOINT((4.91844023767622,1.78268912197291,9.6));
#5198=IFCCARTESIANPOINT((2.30294372515228,2.30294372515229,9.6));
#5199=IFCCARTESIANPOINT((6.21731087802709,3.08155976232378,9.6));
#5200=IFCCARTESIANPOINT((5.69705627484771,5.69705627484771,9.6));
#5201=IFCCARTESIANPOINT((6.21731087802709,4.91844023767622,9.6));
#5202=IFCCARTESIANPOINT((4.,6.4,9.6));
#5203=IFCCARTESIANPOINT((4.91844023767621,6.21731087802709,9.6));
#5204=IFCCARTESIANPOINT((6.4,4.,9.6));
#5205=IFCCARTESIANPOINT((0.799999999999999,16.,9.6));
#5206=IFCCARTESIANPOINT((1.78268912197291,12.9184402376762,9.6));
#5207=IFCCARTESIANPOINT((2.30294372515228,13.6970562748477,9.6));
#5208=IFCCARTESIANPOINT((1.78268912197291,11.0815597623238,9.6));
#5209=IFCCARTESIANPOINT((1.6,12.,9.6));
#5210=IFCCARTESIANPOINT((4.,9.6,9.6));
#5211=IFCCARTESIANPOINT((3.08155976232378,9.78268912197291,9.6));
#5212=IFCCARTESIANPOINT((2.30294372515228,10.3029437251523,9.6));
#5213=IFCCARTESIANPOINT((5.69705627484771,10.3029437251523,9.6));
#5214=IFCCARTESIANPOINT((4.91844023767621,9.78268912197291,9.6));
#5215=IFCCARTESIANPOINT((6.4,12.,9.6));
#5216=IFCCARTESIANPOINT((6.21731087802709,11.0815597623238,9.6));
#5217=IFCCARTESIANPOINT((4.91844023767621,14.2173108780271,9.6));
#5218=IFCCARTESIANPOINT((5.69705627484771,13.6970562748477,9.6));
#5219=IFCCARTESIANPOINT((3.08155976232378,14.2173108780271,9.6));
#5220=IFCCARTESIANPOINT((4.,14.4,9.6));
#5221=IFCCARTESIANPOINT((6.21731087802709,12.9184402376762,9.6));
#5222=IFCCARTESIANPOINT((0.799999999999999,24.,9.6));
#5223=IFCCARTESIANPOINT((1.78268912197291,20.9184402376762,9.6));
#5224=IFCCARTESIANPOINT((2.30294372515228,21.6970562748477,9.6));
#5225=IFCCARTESIANPOINT((1.78268912197291,19.0815597623238,9.6));
#5226=IFCCARTESIANPOINT((1.6,20.,9.6));
#5227=IFCCARTESIANPOINT((3.08155976232378,22.2173108780271,9.6));
#5228=IFCCARTESIANPOINT((4.,22.4,9.6));
#5229=IFCCARTESIANPOINT((4.91844023767621,22.2173108780271,9.6));
#5230=IFCCARTESIANPOINT((5.69705627484771,21.6970562748477,9.6));
#5231=IFCCARTESIANPOINT((3.08155976232378,17.7826891219729,9.6));
#5232=IFCCARTESIANPOINT((2.30294372515228,18.3029437251523,9.6));
#5233=IFCCARTESIANPOINT((4.91844023767621,17.7826891219729,9.6));
#5234=IFCCARTESIANPOINT((4.,17.6,9.6));
#5235=IFCCARTESIANPOINT((6.21731087802709,19.0815597623238,9.6));
#5236=IFCCARTESIANPOINT((5.69705627484771,18.3029437251523,9.6));
#5237=IFCCARTESIANPOINT((6.21731087802709,20.9184402376762,9.6));
#5238=IFCCARTESIANPOINT((6.4,20.,9.6));
#5239=IFCCARTESIANPOINT((0.799999999999999,32.,9.6));
#5240=IFCCARTESIANPOINT((1.78268912197291,28.9184402376762,9.6));
#5241=IFCCARTESIANPOINT((2.30294372515228,29.6970562748477,9.6));
#5242=IFCCARTESIANPOINT((1.78268912197291,27.0815597623238,9.6));
#5243=IFCCARTESIANPOINT((1.6,28.,9.6));
#5244=IFCCARTESIANPOINT((3.08155976232378,30.2173108780271,9.6));
#5245=IFCCARTESIANPOINT((4.,30.4,9.6));
#5246=IFCCARTESIANPOINT((4.91844023767621,30.2173108780271,9.6));
#5247=IFCCARTESIANPOINT((5.69705627484771,29.6970562748477,9.6));
#5248=IFCCARTESIANPOINT((3.08155976232378,25.7826891219729,9.6));
#5249=IFCCARTESIANPOINT((2.30294372515228,26.3029437251523,9.6));
#5250=IFCCARTESIANPOINT((4.91844023767621,25.7826891219729,9.6));
#5251=IFCCARTESIANPOINT((4.,25.6,9.6));
#5252=IFCCARTESIANPOINT((6.21731087802709,27.0815597623238,9.6));
#5253=IFCCARTESIANPOINT((5.69705627484771,26.3029437251523,9.6));
#5254=IFCCARTESIANPOINT((6.21731087802709,28.9184402376762,9.6));
#5255=IFCCARTESIANPOINT((6.4,28.,9.6));
#5256=IFCCARTESIANPOINT((5.69705627484771,37.6970562748477,9.6));
#5257=IFCCARTESIANPOINT((6.21731087802709,36.9184402376762,9.6));
#5258=IFCCARTESIANPOINT((0.799999999999999,40.,9.6));
#5259=IFCCARTESIANPOINT((3.08155976232378,38.2173108780271,9.6));
#5260=IFCCARTESIANPOINT((4.,38.4,9.6));
#5261=IFCCARTESIANPOINT((2.30294372515229,34.3029437251523,9.6));
#5262=IFCCARTESIANPOINT((1.78268912197291,35.0815597623238,9.6));
#5263=IFCCARTESIANPOINT((4.91844023767621,33.7826891219729,9.6));
#5264=IFCCARTESIANPOINT((4.,33.6,9.6));
#5265=IFCCARTESIANPOINT((4.91844023767621,38.2173108780271,9.6));
#5266=IFCCARTESIANPOINT((2.30294372515229,37.6970562748477,9.6));
#5267=IFCCARTESIANPOINT((1.6,36.,9.6));
#5268=IFCCARTESIANPOINT((5.69705627484771,34.3029437251523,9.6));
#5269=IFCCARTESIANPOINT((1.78268912197291,36.9184402376762,9.6));
#5270=IFCCARTESIANPOINT((3.08155976232378,33.7826891219729,9.6));
#5271=IFCCARTESIANPOINT((6.4,36.,9.6));
#5272=IFCCARTESIANPOINT((6.21731087802709,35.0815597623238,9.6));
#5273=IFCCARTESIANPOINT((5.69705627484771,45.6970562748477,9.6));
#5274=IFCCARTESIANPOINT((6.21731087802709,44.9184402376762,9.6));
#5275=IFCCARTESIANPOINT((3.08155976232378,46.2173108780271,9.6));
#5276=IFCCARTESIANPOINT((4.,46.4,9.6));
#5277=IFCCARTESIANPOINT((2.30294372515229,42.3029437251523,9.6));
#5278=IFCCARTESIANPOINT((1.78268912197291,43.0815597623238,9.6));
#5279=IFCCARTESIANPOINT((4.91844023767621,41.7826891219729,9.6));
#5280=IFCCARTESIANPOINT((4.,41.6,9.6));
#5281=IFCCARTESIANPOINT((4.91844023767621,46.2173108780271,9.6));
#5282=IFCCARTESIANPOINT((2.30294372515229,45.6970562748477,9.6));
#5283=IFCCARTESIANPOINT((1.6,44.,9.6));
#5284=IFCCARTESIANPOINT((5.69705627484771,42.3029437251523,9.6));
#5285=IFCCARTESIANPOINT((1.78268912197291,44.9184402376762,9.6));
#5286=IFCCARTESIANPOINT((3.08155976232378,41.7826891219729,9.6));
#5287=IFCCARTESIANPOINT((6.4,44.,9.6));
#5288=IFCCARTESIANPOINT((6.21731087802709,43.0815597623238,9.6));
#5289=IFCCARTESIANPOINT((1.78268912197291,19.0815597623238,11.2));
#5290=IFCCARTESIANPOINT((1.6,20.,11.2));
#5291=IFCCARTESIANPOINT((2.30294372515228,18.3029437251523,11.2));
#5292=IFCCARTESIANPOINT((3.08155976232378,17.7826891219729,11.2));
#5293=IFCCARTESIANPOINT((4.,17.6,11.2));
#5294=IFCCARTESIANPOINT((4.91844023767621,17.7826891219729,11.2));
#5295=IFCCARTESIANPOINT((5.69705627484771,18.3029437251523,11.2));
#5296=IFCCARTESIANPOINT((6.21731087802709,19.0815597623238,11.2));
#5297=IFCCARTESIANPOINT((6.4,20.,11.2));
#5298=IFCCARTESIANPOINT((6.21731087802709,20.9184402376762,11.2));
#5299=IFCCARTESIANPOINT((5.69705627484771,21.6970562748477,11.2));
#5300=IFCCARTESIANPOINT((4.91844023767621,22.2173108780271,11.2));
#5301=IFCCARTESIANPOINT((4.,22.4,11.2));
#5302=IFCCARTESIANPOINT((3.08155976232378,22.2173108780271,11.2));
#5303=IFCCARTESIANPOINT((2.30294372515228,21.6970562748477,11.2));
#5304=IFCCARTESIANPOINT((1.78268912197291,20.9184402376762,11.2));
#5305=IFCCARTESIANPOINT((2.52179274798194,19.3877065082159,11.2));
#5306=IFCCARTESIANPOINT((2.4,20.,11.2));
#5307=IFCCARTESIANPOINT((4.,18.4,11.2));
#5308=IFCCARTESIANPOINT((3.38770650821585,18.5217927479819,11.2));
#5309=IFCCARTESIANPOINT((4.,21.6,11.2));
#5310=IFCCARTESIANPOINT((4.61229349178414,21.4782072520181,11.2));
#5311=IFCCARTESIANPOINT((2.52179274798194,20.6122934917841,11.2));
#5312=IFCCARTESIANPOINT((2.86862915010152,18.8686291501015,11.2));
#5313=IFCCARTESIANPOINT((5.13137084989847,21.1313708498985,11.2));
#5314=IFCCARTESIANPOINT((2.86862915010152,21.1313708498985,11.2));
#5315=IFCCARTESIANPOINT((3.38770650821585,21.4782072520181,11.2));
#5316=IFCCARTESIANPOINT((5.47820725201806,19.3877065082159,11.2));
#5317=IFCCARTESIANPOINT((5.13137084989847,18.8686291501015,11.2));
#5318=IFCCARTESIANPOINT((5.47820725201806,20.6122934917841,11.2));
#5319=IFCCARTESIANPOINT((4.61229349178414,18.5217927479819,11.2));
#5320=IFCCARTESIANPOINT((5.6,20.,11.2));
#5321=IFCCARTESIANPOINT((5.47820725201806,20.6122934917841,9.6));
#5322=IFCCARTESIANPOINT((5.6,20.,9.6));
#5323=IFCCARTESIANPOINT((5.13137084989847,21.1313708498985,9.6));
#5324=IFCCARTESIANPOINT((4.61229349178414,21.4782072520181,9.6));
#5325=IFCCARTESIANPOINT((4.,21.6,9.6));
#5326=IFCCARTESIANPOINT((3.38770650821585,21.4782072520181,9.6));
#5327=IFCCARTESIANPOINT((2.86862915010152,21.1313708498985,9.6));
#5328=IFCCARTESIANPOINT((2.52179274798194,20.6122934917841,9.6));
#5329=IFCCARTESIANPOINT((2.4,20.,9.6));
#5330=IFCCARTESIANPOINT((2.52179274798194,19.3877065082159,9.6));
#5331=IFCCARTESIANPOINT((2.86862915010152,18.8686291501015,9.6));
#5332=IFCCARTESIANPOINT((3.38770650821585,18.5217927479819,9.6));
#5333=IFCCARTESIANPOINT((4.,18.4,9.6));
#5334=IFCCARTESIANPOINT((4.61229349178414,18.5217927479819,9.6));
#5335=IFCCARTESIANPOINT((5.13137084989847,18.8686291501015,9.6));
#5336=IFCCARTESIANPOINT((5.47820725201806,19.3877065082159,9.6));
#5337=IFCCARTESIANPOINT((1.78268912197291,35.0815597623238,11.2));
#5338=IFCCARTESIANPOINT((1.6,36.,11.2));
#5339=IFCCARTESIANPOINT((2.30294372515229,34.3029437251523,11.2));
#5340=IFCCARTESIANPOINT((3.08155976232378,33.7826891219729,11.2));
#5341=IFCCARTESIANPOINT((4.,33.6,11.2));
#5342=IFCCARTESIANPOINT((4.91844023767621,33.7826891219729,11.2));
#5343=IFCCARTESIANPOINT((5.69705627484771,34.3029437251523,11.2));
#5344=IFCCARTESIANPOINT((6.21731087802709,35.0815597623238,11.2));
#5345=IFCCARTESIANPOINT((6.4,36.,11.2));
#5346=IFCCARTESIANPOINT((6.21731087802709,36.9184402376762,11.2));
#5347=IFCCARTESIANPOINT((5.69705627484771,37.6970562748477,11.2));
#5348=IFCCARTESIANPOINT((4.91844023767621,38.2173108780271,11.2));
#5349=IFCCARTESIANPOINT((4.,38.4,11.2));
#5350=IFCCARTESIANPOINT((3.08155976232378,38.2173108780271,11.2));
#5351=IFCCARTESIANPOINT((2.30294372515229,37.6970562748477,11.2));
#5352=IFCCARTESIANPOINT((1.78268912197291,36.9184402376762,11.2));
#5353=IFCCARTESIANPOINT((2.52179274798194,35.3877065082159,11.2));
#5354=IFCCARTESIANPOINT((2.4,36.,11.2));
#5355=IFCCARTESIANPOINT((2.52179274798194,36.6122934917841,11.2));
#5356=IFCCARTESIANPOINT((5.13137084989847,37.1313708498985,11.2));
#5357=IFCCARTESIANPOINT((5.47820725201806,36.6122934917841,11.2));
#5358=IFCCARTESIANPOINT((2.86862915010152,37.1313708498985,11.2));
#5359=IFCCARTESIANPOINT((3.38770650821586,34.5217927479819,11.2));
#5360=IFCCARTESIANPOINT((2.86862915010152,34.8686291501015,11.2));
#5361=IFCCARTESIANPOINT((4.61229349178414,37.4782072520181,11.2));
#5362=IFCCARTESIANPOINT((3.38770650821586,37.4782072520181,11.2));
#5363=IFCCARTESIANPOINT((4.,37.6,11.2));
#5364=IFCCARTESIANPOINT((4.61229349178414,34.5217927479819,11.2));
#5365=IFCCARTESIANPOINT((4.,34.4,11.2));
#5366=IFCCARTESIANPOINT((5.47820725201806,35.3877065082159,11.2));
#5367=IFCCARTESIANPOINT((5.13137084989847,34.8686291501015,11.2));
#5368=IFCCARTESIANPOINT((5.6,36.,11.2));
#5369=IFCCARTESIANPOINT((5.47820725201806,36.6122934917841,9.6));
#5370=IFCCARTESIANPOINT((5.6,36.,9.6));
#5371=IFCCARTESIANPOINT((5.13137084989847,37.1313708498985,9.6));
#5372=IFCCARTESIANPOINT((4.61229349178414,37.4782072520181,9.6));
#5373=IFCCARTESIANPOINT((4.,37.6,9.6));
#5374=IFCCARTESIANPOINT((3.38770650821586,37.4782072520181,9.6));
#5375=IFCCARTESIANPOINT((2.86862915010152,37.1313708498985,9.6));
#5376=IFCCARTESIANPOINT((2.52179274798194,36.6122934917841,9.6));
#5377=IFCCARTESIANPOINT((2.4,36.,9.6));
#5378=IFCCARTESIANPOINT((2.52179274798194,35.3877065082159,9.6));
#5379=IFCCARTESIANPOINT((2.86862915010152,34.8686291501015,9.6));
#5380=IFCCARTESIANPOINT((3.38770650821586,34.5217927479819,9.6));
#5381=IFCCARTESIANPOINT((4.,34.4,9.6));
#5382=IFCCARTESIANPOINT((4.61229349178414,34.5217927479819,9.6));
#5383=IFCCARTESIANPOINT((5.13137084989847,34.8686291501015,9.6));
#5384=IFCCARTESIANPOINT((5.47820725201806,35.3877065082159,9.6));
#5385=IFCCARTESIANPOINT((1.78268912197291,43.0815597623238,11.2));
#5386=IFCCARTESIANPOINT((1.6,44.,11.2));
#5387=IFCCARTESIANPOINT((2.30294372515229,42.3029437251523,11.2));
#5388=IFCCARTESIANPOINT((3.08155976232378,41.7826891219729,11.2));
#5389=IFCCARTESIANPOINT((4.,41.6,11.2));
#5390=IFCCARTESIANPOINT((4.91844023767621,41.7826891219729,11.2));
#5391=IFCCARTESIANPOINT((5.69705627484771,42.3029437251523,11.2));
#5392=IFCCARTESIANPOINT((6.21731087802709,43.0815597623238,11.2));
#5393=IFCCARTESIANPOINT((6.4,44.,11.2));
#5394=IFCCARTESIANPOINT((6.21731087802709,44.9184402376762,11.2));
#5395=IFCCARTESIANPOINT((5.69705627484771,45.6970562748477,11.2));
#5396=IFCCARTESIANPOINT((4.91844023767621,46.2173108780271,11.2));
#5397=IFCCARTESIANPOINT((4.,46.4,11.2));
#5398=IFCCARTESIANPOINT((3.08155976232378,46.2173108780271,11.2));
#5399=IFCCARTESIANPOINT((2.30294372515229,45.6970562748477,11.2));
#5400=IFCCARTESIANPOINT((1.78268912197291,44.9184402376762,11.2));
#5401=IFCCARTESIANPOINT((2.52179274798194,43.3877065082159,11.2));
#5402=IFCCARTESIANPOINT((2.4,44.,11.2));
#5403=IFCCARTESIANPOINT((2.52179274798194,44.6122934917841,11.2));
#5404=IFCCARTESIANPOINT((5.13137084989847,45.1313708498985,11.2));
#5405=IFCCARTESIANPOINT((5.47820725201806,44.6122934917841,11.2));
#5406=IFCCARTESIANPOINT((2.86862915010152,45.1313708498985,11.2));
#5407=IFCCARTESIANPOINT((3.38770650821586,42.5217927479819,11.2));
#5408=IFCCARTESIANPOINT((2.86862915010152,42.8686291501015,11.2));
#5409=IFCCARTESIANPOINT((4.61229349178414,45.4782072520181,11.2));
#5410=IFCCARTESIANPOINT((3.38770650821586,45.4782072520181,11.2));
#5411=IFCCARTESIANPOINT((4.,45.6,11.2));
#5412=IFCCARTESIANPOINT((4.61229349178414,42.5217927479819,11.2));
#5413=IFCCARTESIANPOINT((4.,42.4,11.2));
#5414=IFCCARTESIANPOINT((5.47820725201806,43.3877065082159,11.2));
#5415=IFCCARTESIANPOINT((5.13137084989847,42.8686291501015,11.2));
#5416=IFCCARTESIANPOINT((5.6,44.,11.2));
#5417=IFCCARTESIANPOINT((5.47820725201806,44.6122934917841,9.6));
#5418=IFCCARTESIANPOINT((5.6,44.,9.6));
#5419=IFCCARTESIANPOINT((5.13137084989847,45.1313708498985,9.6));
#5420=IFCCARTESIANPOINT((4.61229349178414,45.4782072520181,9.6));
#5421=IFCCARTESIANPOINT((4.,45.6,9.6));
#5422=IFCCARTESIANPOINT((3.38770650821586,45.4782072520181,9.6));
#5423=IFCCARTESIANPOINT((2.86862915010152,45.1313708498985,9.6));
#5424=IFCCARTESIANPOINT((2.52179274798194,44.6122934917841,9.6));
#5425=IFCCARTESIANPOINT((2.4,44.,9.6));
#5426=IFCCARTESIANPOINT((2.52179274798194,43.3877065082159,9.6));
#5427=IFCCARTESIANPOINT((2.86862915010152,42.8686291501015,9.6));
#5428=IFCCARTESIANPOINT((3.38770650821586,42.5217927479819,9.6));
#5429=IFCCARTESIANPOINT((4.,42.4,9.6));
#5430=IFCCARTESIANPOINT((4.61229349178414,42.5217927479819,9.6));
#5431=IFCCARTESIANPOINT((5.13137084989847,42.8686291501015,9.6));
#5432=IFCCARTESIANPOINT((5.47820725201806,43.3877065082159,9.6));
#5433=IFCCARTESIANPOINT((1.78268912197291,3.08155976232378,11.2));
#5434=IFCCARTESIANPOINT((1.6,4.,11.2));
#5435=IFCCARTESIANPOINT((2.30294372515228,2.30294372515229,11.2));
#5436=IFCCARTESIANPOINT((3.08155976232378,1.78268912197291,11.2));
#5437=IFCCARTESIANPOINT((4.,1.6,11.2));
#5438=IFCCARTESIANPOINT((4.91844023767622,1.78268912197291,11.2));
#5439=IFCCARTESIANPOINT((5.69705627484771,2.30294372515229,11.2));
#5440=IFCCARTESIANPOINT((6.21731087802709,3.08155976232378,11.2));
#5441=IFCCARTESIANPOINT((6.4,4.,11.2));
#5442=IFCCARTESIANPOINT((6.21731087802709,4.91844023767622,11.2));
#5443=IFCCARTESIANPOINT((5.69705627484771,5.69705627484771,11.2));
#5444=IFCCARTESIANPOINT((4.91844023767621,6.21731087802709,11.2));
#5445=IFCCARTESIANPOINT((4.,6.4,11.2));
#5446=IFCCARTESIANPOINT((3.08155976232378,6.21731087802709,11.2));
#5447=IFCCARTESIANPOINT((2.30294372515228,5.69705627484771,11.2));
#5448=IFCCARTESIANPOINT((1.78268912197291,4.91844023767622,11.2));
#5449=IFCCARTESIANPOINT((2.4,4.,11.2));
#5450=IFCCARTESIANPOINT((2.52179274798194,4.61229349178414,11.2));
#5451=IFCCARTESIANPOINT((4.61229349178414,5.47820725201806,11.2));
#5452=IFCCARTESIANPOINT((5.13137084989847,5.13137084989848,11.2));
#5453=IFCCARTESIANPOINT((3.38770650821585,5.47820725201806,11.2));
#5454=IFCCARTESIANPOINT((4.,5.6,11.2));
#5455=IFCCARTESIANPOINT((2.52179274798194,3.38770650821586,11.2));
#5456=IFCCARTESIANPOINT((4.61229349178414,2.52179274798194,11.2));
#5457=IFCCARTESIANPOINT((4.,2.4,11.2));
#5458=IFCCARTESIANPOINT((5.47820725201806,4.61229349178414,11.2));
#5459=IFCCARTESIANPOINT((2.86862915010152,5.13137084989848,11.2));
#5460=IFCCARTESIANPOINT((2.86862915010152,2.86862915010152,11.2));
#5461=IFCCARTESIANPOINT((3.38770650821586,2.52179274798194,11.2));
#5462=IFCCARTESIANPOINT((5.47820725201806,3.38770650821586,11.2));
#5463=IFCCARTESIANPOINT((5.13137084989847,2.86862915010152,11.2));
#5464=IFCCARTESIANPOINT((5.6,4.,11.2));
#5465=IFCCARTESIANPOINT((5.47820725201806,4.61229349178414,9.6));
#5466=IFCCARTESIANPOINT((5.6,4.,9.6));
#5467=IFCCARTESIANPOINT((5.13137084989847,5.13137084989848,9.6));
#5468=IFCCARTESIANPOINT((4.61229349178414,5.47820725201806,9.6));
#5469=IFCCARTESIANPOINT((4.,5.6,9.6));
#5470=IFCCARTESIANPOINT((3.38770650821585,5.47820725201806,9.6));
#5471=IFCCARTESIANPOINT((2.86862915010152,5.13137084989848,9.6));
#5472=IFCCARTESIANPOINT((2.52179274798194,4.61229349178414,9.6));
#5473=IFCCARTESIANPOINT((2.4,4.,9.6));
#5474=IFCCARTESIANPOINT((2.52179274798194,3.38770650821586,9.6));
#5475=IFCCARTESIANPOINT((2.86862915010152,2.86862915010152,9.6));
#5476=IFCCARTESIANPOINT((3.38770650821586,2.52179274798194,9.6));
#5477=IFCCARTESIANPOINT((4.,2.4,9.6));
#5478=IFCCARTESIANPOINT((4.61229349178414,2.52179274798194,9.6));
#5479=IFCCARTESIANPOINT((5.13137084989847,2.86862915010152,9.6));
#5480=IFCCARTESIANPOINT((5.47820725201806,3.38770650821586,9.6));
#5481=IFCCARTESIANPOINT((1.78268912197291,27.0815597623238,11.2));
#5482=IFCCARTESIANPOINT((1.6,28.,11.2));
#5483=IFCCARTESIANPOINT((2.30294372515228,26.3029437251523,11.2));
#5484=IFCCARTESIANPOINT((3.08155976232378,25.7826891219729,11.2));
#5485=IFCCARTESIANPOINT((4.,25.6,11.2));
#5486=IFCCARTESIANPOINT((4.91844023767621,25.7826891219729,11.2));
#5487=IFCCARTESIANPOINT((5.69705627484771,26.3029437251523,11.2));
#5488=IFCCARTESIANPOINT((6.21731087802709,27.0815597623238,11.2));
#5489=IFCCARTESIANPOINT((6.4,28.,11.2));
#5490=IFCCARTESIANPOINT((6.21731087802709,28.9184402376762,11.2));
#5491=IFCCARTESIANPOINT((5.69705627484771,29.6970562748477,11.2));
#5492=IFCCARTESIANPOINT((4.91844023767621,30.2173108780271,11.2));
#5493=IFCCARTESIANPOINT((4.,30.4,11.2));
#5494=IFCCARTESIANPOINT((3.08155976232378,30.2173108780271,11.2));
#5495=IFCCARTESIANPOINT((2.30294372515228,29.6970562748477,11.2));
#5496=IFCCARTESIANPOINT((1.78268912197291,28.9184402376762,11.2));
#5497=IFCCARTESIANPOINT((2.52179274798194,27.3877065082159,11.2));
#5498=IFCCARTESIANPOINT((2.4,28.,11.2));
#5499=IFCCARTESIANPOINT((4.,26.4,11.2));
#5500=IFCCARTESIANPOINT((3.38770650821585,26.5217927479819,11.2));
#5501=IFCCARTESIANPOINT((4.,29.6,11.2));
#5502=IFCCARTESIANPOINT((4.61229349178414,29.4782072520181,11.2));
#5503=IFCCARTESIANPOINT((2.52179274798194,28.6122934917841,11.2));
#5504=IFCCARTESIANPOINT((2.86862915010152,26.8686291501015,11.2));
#5505=IFCCARTESIANPOINT((5.13137084989847,29.1313708498985,11.2));
#5506=IFCCARTESIANPOINT((2.86862915010152,29.1313708498985,11.2));
#5507=IFCCARTESIANPOINT((3.38770650821585,29.4782072520181,11.2));
#5508=IFCCARTESIANPOINT((5.47820725201806,27.3877065082159,11.2));
#5509=IFCCARTESIANPOINT((5.13137084989847,26.8686291501015,11.2));
#5510=IFCCARTESIANPOINT((5.47820725201806,28.6122934917841,11.2));
#5511=IFCCARTESIANPOINT((4.61229349178414,26.5217927479819,11.2));
#5512=IFCCARTESIANPOINT((5.6,28.,11.2));
#5513=IFCCARTESIANPOINT((5.47820725201806,28.6122934917841,9.6));
#5514=IFCCARTESIANPOINT((5.6,28.,9.6));
#5515=IFCCARTESIANPOINT((5.13137084989847,29.1313708498985,9.6));
#5516=IFCCARTESIANPOINT((4.61229349178414,29.4782072520181,9.6));
#5517=IFCCARTESIANPOINT((4.,29.6,9.6));
#5518=IFCCARTESIANPOINT((3.38770650821585,29.4782072520181,9.6));
#5519=IFCCARTESIANPOINT((2.86862915010152,29.1313708498985,9.6));
#5520=IFCCARTESIANPOINT((2.52179274798194,28.6122934917841,9.6));
#5521=IFCCARTESIANPOINT((2.4,28.,9.6));
#5522=IFCCARTESIANPOINT((2.52179274798194,27.3877065082159,9.6));
#5523=IFCCARTESIANPOINT((2.86862915010152,26.8686291501015,9.6));
#5524=IFCCARTESIANPOINT((3.38770650821585,26.5217927479819,9.6));
#5525=IFCCARTESIANPOINT((4.,26.4,9.6));
#5526=IFCCARTESIANPOINT((4.61229349178414,26.5217927479819,9.6));
#5527=IFCCARTESIANPOINT((5.13137084989847,26.8686291501015,9.6));
#5528=IFCCARTESIANPOINT((5.47820725201806,27.3877065082159,9.6));
#5529=IFCCARTESIANPOINT((1.78268912197291,11.0815597623238,11.2));
#5530=IFCCARTESIANPOINT((1.6,12.,11.2));
#5531=IFCCARTESIANPOINT((2.30294372515228,10.3029437251523,11.2));
#5532=IFCCARTESIANPOINT((3.08155976232378,9.78268912197291,11.2));
#5533=IFCCARTESIANPOINT((4.,9.6,11.2));
#5534=IFCCARTESIANPOINT((4.91844023767621,9.78268912197291,11.2));
#5535=IFCCARTESIANPOINT((5.69705627484771,10.3029437251523,11.2));
#5536=IFCCARTESIANPOINT((6.21731087802709,11.0815597623238,11.2));
#5537=IFCCARTESIANPOINT((6.4,12.,11.2));
#5538=IFCCARTESIANPOINT((6.21731087802709,12.9184402376762,11.2));
#5539=IFCCARTESIANPOINT((5.69705627484771,13.6970562748477,11.2));
#5540=IFCCARTESIANPOINT((4.91844023767621,14.2173108780271,11.2));
#5541=IFCCARTESIANPOINT((4.,14.4,11.2));
#5542=IFCCARTESIANPOINT((3.08155976232378,14.2173108780271,11.2));
#5543=IFCCARTESIANPOINT((2.30294372515228,13.6970562748477,11.2));
#5544=IFCCARTESIANPOINT((1.78268912197291,12.9184402376762,11.2));
#5545=IFCCARTESIANPOINT((2.4,12.,11.2));
#5546=IFCCARTESIANPOINT((2.52179274798194,12.6122934917841,11.2));
#5547=IFCCARTESIANPOINT((2.52179274798194,11.3877065082159,11.2));
#5548=IFCCARTESIANPOINT((3.38770650821586,10.5217927479819,11.2));
#5549=IFCCARTESIANPOINT((2.86862915010152,10.8686291501015,11.2));
#5550=IFCCARTESIANPOINT((5.13137084989847,10.8686291501015,11.2));
#5551=IFCCARTESIANPOINT((4.61229349178414,10.5217927479819,11.2));
#5552=IFCCARTESIANPOINT((5.6,12.,11.2));
#5553=IFCCARTESIANPOINT((5.47820725201806,11.3877065082159,11.2));
#5554=IFCCARTESIANPOINT((4.,13.6,11.2));
#5555=IFCCARTESIANPOINT((4.61229349178414,13.4782072520181,11.2));
#5556=IFCCARTESIANPOINT((4.,10.4,11.2));
#5557=IFCCARTESIANPOINT((5.13137084989847,13.1313708498985,11.2));
#5558=IFCCARTESIANPOINT((2.86862915010152,13.1313708498985,11.2));
#5559=IFCCARTESIANPOINT((3.38770650821585,13.4782072520181,11.2));
#5560=IFCCARTESIANPOINT((5.47820725201806,12.6122934917841,11.2));
#5561=IFCCARTESIANPOINT((5.47820725201806,12.6122934917841,9.6));
#5562=IFCCARTESIANPOINT((5.6,12.,9.6));
#5563=IFCCARTESIANPOINT((5.13137084989847,13.1313708498985,9.6));
#5564=IFCCARTESIANPOINT((4.61229349178414,13.4782072520181,9.6));
#5565=IFCCARTESIANPOINT((4.,13.6,9.6));
#5566=IFCCARTESIANPOINT((3.38770650821585,13.4782072520181,9.6));
#5567=IFCCARTESIANPOINT((2.86862915010152,13.1313708498985,9.6));
#5568=IFCCARTESIANPOINT((2.52179274798194,12.6122934917841,9.6));
#5569=IFCCARTESIANPOINT((2.4,12.,9.6));
#5570=IFCCARTESIANPOINT((2.52179274798194,11.3877065082159,9.6));
#5571=IFCCARTESIANPOINT((2.86862915010152,10.8686291501015,9.6));
#5572=IFCCARTESIANPOINT((3.38770650821586,10.5217927479819,9.6));
#5573=IFCCARTESIANPOINT((4.,10.4,9.6));
#5574=IFCCARTESIANPOINT((4.61229349178414,10.5217927479819,9.6));
#5575=IFCCARTESIANPOINT((5.13137084989847,10.8686291501015,9.6));
#5576=IFCCARTESIANPOINT((5.47820725201806,11.3877065082159,9.6));
#5577=IFCCARTESIANPOINT((0.,0.,0.));
#5578=IFCCARTESIANPOINT((0.,0.,0.));
#5579=IFCGEOMETRICREPRESENTATIONCONTEXT($,'Model',3,0.005,#4353,$);
#5580=IFCSIUNIT(*,.LENGTHUNIT.,.MILLI.,.METRE.);
#5581=IFCSIUNIT(*,.AREAUNIT.,$,.SQUARE_METRE.);
#5582=IFCSIUNIT(*,.VOLUMEUNIT.,$,.CUBIC_METRE.);
#5583=IFCSIUNIT(*,.PLANEANGLEUNIT.,$,.RADIAN.);
#5584=IFCOWNERHISTORY(#5586,#5585,$,.NOCHANGE.,0,$,$,0);
#5585=IFCAPPLICATION(#5587,' ',' ',' ');
#5586=IFCPERSONANDORGANIZATION(#5588,#5587,$);
#5587=IFCORGANIZATION($,' ',$,$,$);
#5588=IFCPERSON(' ',' ',' ',$,$,$,$,$);
ENDSEC;
END-ISO-10303-21;
